t_log_s,phase,t_since_src2_s,ekf_lat,ekf_lon,ekf_alt,gps_lat,gps_lon,gps_nsats,gps_hdop,gps_spd,of_qual,of_flowX,of_flowY,of_bodyX,of_bodyY,rfnd_dist,ctun_alt,roll,pitch,yaw,xkf4_SV,xkf4_SP,xkf4_SH,xkf4_SM,xkf4_SS,rc7,mode,gpa_hacc,gpa_sacc,xkf3_IVN,xkf3_IVE,xkf4_TS,xkf5_FIX,xkf5_FIY,xkf5_AFI,xkf5_HAGL,xkf5_RI,xkf5_eVel,xkf5_ePos,vibe_x,vibe_y,vibe_z
373.122,before,-25.0,52.1380124,21.1607759,89.79,52.138013,21.160777,25,0.58,0.062,255,0.0,0.0,0.0059,-0.0952,2.958,3.003,0.72,-2.52,235.61,0.01,0.0,0.02,0.01,108415,999,3,0.56,0.13,0.03,0.01,48,-62,76,0,3.03,0.0,0.004,0.0057,19.15,18.7,13.82
373.222,before,-24.9,52.1380124,21.1607759,89.79,52.138013,21.160777,25,0.58,0.062,255,0.0,0.0,0.0369,0.0605,2.968,3.002,0.89,-2.63,235.72,0.01,0.0,0.01,0.03,108415,999,3,0.56,0.13,0.03,0.01,48,-58,38,0,3.03,-0.02,0.0035,0.0066,15.77,15.11,11.35
373.322,before,-24.8,52.1380124,21.1607759,89.78,52.1380129,21.160777,25,0.58,0.014,255,0.0,0.0,-0.0526,-0.0078,2.976,3.0,0.77,-2.45,235.72,0.02,0.0,0.03,0.15,108415,999,3,0.56,0.16,-0.07,0.02,48,9,136,0,3.02,-0.03,0.0057,0.0132,15.37,16.41,11.36
373.422,before,-24.699,52.1380124,21.1607759,89.78,52.1380129,21.160777,25,0.58,0.014,255,0.0,0.1678,0.0035,0.1074,2.964,2.994,0.71,-2.08,235.66,0.02,0.0,0.03,0.1,108415,999,3,0.56,0.16,-0.07,0.02,48,-18,-89,0,3.01,-0.03,0.0037,0.0151,15.31,17.5,12.23
373.522,before,-24.599,52.1380123,21.1607759,89.77,52.1380129,21.160777,25,0.58,0.086,255,0.0,0.1678,-0.0464,0.0208,2.96,2.985,0.5,-1.8,235.52,0.0,0.0,0.04,0.14,108415,999,3,0.56,0.14,0.01,-0.01,48,-16,-120,0,3.0,-0.04,0.0024,0.0187,18.72,18.31,11.3
373.622,before,-24.499,52.1380123,21.1607758,89.76,52.1380129,21.160777,25,0.58,0.086,255,0.0,0.0,0.0309,0.0811,2.962,2.976,0.55,-1.42,235.45,0.0,0.0,0.03,0.14,108415,999,3,0.56,0.14,0.01,-0.01,48,2,-45,0,3.0,-0.05,0.0026,0.0186,19.7,19.5,11.58
373.722,before,-24.399,52.1380122,21.1607758,89.76,52.1380128,21.1607769,25,0.58,0.086,255,0.0,0.1678,0.0011,0.0329,2.954,2.971,0.65,-1.18,235.36,0.02,0.0,0.0,0.1,108415,999,3,0.56,0.1,0.0,0.06,48,-48,-77,0,3.0,-0.04,0.0055,0.0122,17.96,20.49,13.93
373.822,before,-24.3,52.1380121,21.1607757,89.75,52.1380128,21.1607769,25,0.58,0.086,255,0.1678,0.0,0.0215,0.0582,2.968,2.97,0.71,-0.87,235.22,0.02,0.0,0.0,0.0,108415,999,3,0.56,0.1,0.0,0.06,48,-22,-78,0,3.01,-0.04,0.0042,0.0074,18.15,17.84,16.24
373.922,before,-24.199,52.1380121,21.1607757,89.76,52.1380127,21.1607767,25,0.58,0.053,255,0.0,0.0,0.0082,0.0176,2.978,2.971,0.95,-0.6,235.0,0.04,0.0,0.04,0.01,108415,999,3,0.56,0.14,-0.05,0.03,48,-77,82,0,3.01,-0.04,0.0066,0.0103,17.59,16.72,14.49
374.022,before,-24.099,52.1380121,21.1607757,89.76,52.1380127,21.1607767,25,0.58,0.053,255,0.1678,0.0,0.0581,0.0058,2.986,2.974,1.08,-0.68,234.75,0.04,0.0,0.01,0.0,108415,999,3,0.56,0.14,-0.05,0.03,48,-17,14,0,3.02,-0.03,0.0049,0.01,17.9,13.8,13.58
374.122,before,-24.0,52.1380121,21.1607757,89.76,52.1380126,21.1607765,25,0.58,0.04,255,0.0,0.0,-0.034,-0.0349,3.0,2.979,1.14,-0.65,234.5,0.03,0.0,0.0,0.0,108415,999,3,0.56,0.14,-0.07,0.04,48,-43,-40,0,3.03,-0.03,0.0091,0.0156,14.67,17.36,13.22
374.222,before,-23.899,52.1380121,21.1607756,89.77,52.1380126,21.1607765,25,0.58,0.04,255,0.0,0.0,-0.0186,-0.0155,2.992,2.984,1.08,-0.73,234.29,0.03,0.0,0.0,0.01,108415,999,3,0.56,0.14,-0.07,0.04,48,-4,0,0,3.03,-0.03,0.0056,0.0116,12.79,18.95,14.28
374.322,before,-23.799,52.1380121,21.1607756,89.77,52.1380127,21.1607765,25,0.58,0.055,255,-0.1679,0.0,-0.0939,-0.0347,2.982,2.985,0.65,-1.07,234.21,0.04,0.0,0.02,0.01,108415,999,3,0.56,0.16,-0.11,0.01,48,80,90,0,3.03,-0.04,0.0101,0.0146,10.8,18.48,14.7
374.422,before,-23.7,52.1380121,21.1607756,89.77,52.1380127,21.1607765,25,0.58,0.055,255,0.0,0.0,-0.0072,0.0065,3.0,2.989,0.34,-0.95,234.2,0.04,0.0,0.01,0.0,108415,999,3,0.56,0.16,-0.11,0.01,48,56,-30,0,3.04,-0.04,0.0059,0.0128,14.79,21.76,14.06
374.522,before,-23.599,52.1380121,21.1607756,89.78,52.1380127,21.1607765,25,0.58,0.054,255,0.0,0.0,0.055,-0.0039,2.998,2.994,0.55,-1.01,234.21,0.01,0.0,0.02,0.0,108415,999,3,0.56,0.12,0.0,-0.04,48,-59,25,0,3.06,-0.02,0.0042,0.016,22.03,21.75,11.96
374.622,before,-23.499,52.1380122,21.1607757,89.78,52.1380127,21.1607765,25,0.58,0.054,255,0.0,0.0,-0.0265,-0.0177,2.98,3.0,0.67,-0.99,234.24,0.01,0.0,0.0,0.01,108415,999,3,0.56,0.12,0.0,-0.04,48,102,-4,0,3.06,-0.01,0.0034,0.0143,23.3,27.03,16.56
374.722,before,-23.4,52.1380121,21.1607757,89.79,52.1380126,21.1607765,25,0.58,0.05,255,0.0,0.0,0.0393,0.0111,3.0,3.002,0.65,-1.17,234.46,0.03,0.0,0.01,0.01,108415,999,3,0.56,0.17,0.03,0.01,48,26,57,0,3.05,-0.02,0.0041,0.007,26.9,23.85,14.76
374.822,before,-23.3,52.1380121,21.1607757,89.79,52.1380126,21.1607765,25,0.58,0.05,255,0.0,0.0,-0.0229,-0.0284,3.007,3.002,0.68,-1.12,234.82,0.03,0.0,0.01,0.01,108415,999,3,0.56,0.17,0.03,0.01,48,-61,-27,0,3.05,-0.02,0.0041,0.0059,22.35,24.71,15.57
374.922,before,-23.199,52.1380121,21.1607757,89.78,52.1380126,21.1607765,25,0.58,0.006,255,0.0,0.0,0.0485,0.0092,3.008,2.995,0.75,-1.15,235.31,0.03,0.0,0.06,0.01,108415,999,3,0.56,0.16,-0.04,0.07,48,1,30,0,3.03,-0.06,0.0061,0.0187,17.12,31.88,17.8
375.022,before,-23.099,52.1380121,21.1607757,89.77,52.1380126,21.1607765,25,0.58,0.006,255,0.1678,0.0,0.0229,-0.053,3.028,2.988,1.07,-1.32,235.73,0.03,0.0,0.0,0.0,108415,999,3,0.56,0.16,-0.04,0.07,48,-94,25,0,3.03,-0.06,0.0038,0.0101,18.96,30.41,17.79
375.122,before,-23.0,52.1380121,21.1607757,89.77,52.1380127,21.1607766,25,0.58,0.045,255,0.1678,0.0,0.058,0.0151,3.026,2.985,1.31,-1.51,236.03,0.04,0.0,0.02,0.01,108415,999,3,0.56,0.15,-0.06,0.04,48,-40,76,0,3.04,-0.06,0.0061,0.0092,21.21,24.18,16.22
375.222,before,-22.9,52.1380121,21.1607757,89.77,52.1380127,21.1607766,25,0.58,0.045,255,0.0,0.0,-0.0881,-0.0538,3.034,2.982,1.07,-1.51,236.22,0.04,0.0,0.0,0.01,108415,999,3,0.56,0.15,-0.06,0.04,48,29,-19,0,3.04,-0.07,0.0034,0.0053,22.43,23.01,16.49
375.322,before,-22.8,52.1380121,21.1607757,89.76,52.1380126,21.1607767,25,0.58,0.083,255,-0.1679,0.0,-0.0177,0.0691,3.036,2.977,0.77,-1.48,236.36,0.04,0.0,0.01,0.01,108415,999,3,0.56,0.16,0.08,0.0,48,-107,18,0,3.03,-0.09,0.0066,0.0104,20.28,19.53,12.39
375.422,before,-22.699,52.1380121,21.1607757,89.75,52.1380126,21.1607767,25,0.58,0.083,255,0.0,0.0,-0.0621,0.031,3.048,2.968,0.6,-1.16,236.35,0.04,0.0,0.05,0.0,108415,999,3,0.56,0.16,0.08,0.0,48,19,112,0,3.02,-0.1,0.0061,0.0161,19.81,19.74,12.92
375.522,before,-22.599,52.1380121,21.1607757,89.74,52.1380126,21.1607767,25,0.58,0.035,255,0.0,0.0,-0.0209,0.0385,3.042,2.959,0.27,-0.96,236.23,0.03,0.0,0.01,0.0,108415,999,3,0.55,0.12,-0.02,0.06,48,-97,-42,0,3.02,-0.11,0.006,0.0149,19.08,18.68,14.44
375.622,before,-22.499,52.1380121,21.1607756,89.73,52.1380126,21.1607767,25,0.58,0.035,255,0.0,0.0,0.0262,0.0089,3.044,2.949,0.53,-0.82,236.04,0.03,0.0,0.02,0.0,108415,999,3,0.55,0.12,-0.02,0.06,48,-68,-30,0,3.01,-0.11,0.0043,0.0118,18.93,19.39,15.72
375.722,before,-22.4,52.1380121,21.1607756,89.72,52.1380125,21.1607767,25,0.58,0.037,255,0.0,-0.1678,-0.0347,-0.0451,3.028,2.939,0.33,-1.1,235.79,0.02,0.0,0.03,0.0,108415,999,3,0.55,0.14,0.06,-0.04,48,14,25,0,3.0,-0.11,0.0079,0.0143,17.47,26.25,16.52
375.822,before,-22.3,52.1380121,21.1607757,89.71,52.1380125,21.1607767,25,0.58,0.037,255,0.0,0.0,-0.0068,0.048,3.032,2.929,0.38,-0.97,235.47,0.02,0.0,0.01,0.0,108415,999,3,0.55,0.14,0.06,-0.04,48,6,12,0,3.0,-0.12,0.0064,0.0119,20.07,23.41,13.36
375.922,before,-22.199,52.1380121,21.1607757,89.71,52.1380125,21.1607768,25,0.58,0.035,255,0.0,0.0,-0.0421,-0.0694,3.024,2.925,0.02,-1.25,235.1,0.02,0.0,0.01,0.01,108415,999,3,0.55,0.13,0.01,-0.03,48,66,2,0,3.01,-0.1,0.0078,0.0126,21.58,21.98,15.79
376.022,before,-22.099,52.1380121,21.1607757,89.7,52.1380125,21.1607768,25,0.58,0.035,255,0.0,0.0,0.0296,0.0545,3.03,2.92,0.16,-1.09,234.79,0.02,0.0,0.03,0.0,108415,999,3,0.55,0.13,0.01,-0.03,48,-19,6,0,3.0,-0.11,0.006,0.0092,19.8,20.18,13.7
376.122,before,-21.999,52.1380121,21.1607757,89.7,52.1380125,21.1607768,25,0.58,0.015,255,0.0,-0.1678,-0.0718,-0.0488,3.04,2.916,-0.14,-1.28,234.5,0.01,0.0,0.0,0.0,108415,999,3,0.55,0.12,0.03,0.0,48,33,193,0,3.01,-0.1,0.0075,0.0128,17.96,25.96,14.88
376.222,before,-21.9,52.1380121,21.1607758,89.7,52.1380125,21.1607768,25,0.58,0.015,255,0.0,0.0,0.0496,0.0283,3.034,2.914,-0.15,-1.19,234.31,0.01,0.0,0.01,0.01,108415,999,3,0.55,0.12,0.03,0.0,48,26,-7,0,3.01,-0.1,0.0061,0.0149,19.4,20.56,12.55
376.322,before,-21.8,52.1380121,21.1607759,89.7,52.1380124,21.1607769,25,0.58,0.096,255,0.0,0.0,0.064,-0.0197,3.032,2.914,0.29,-1.27,234.08,0.04,0.0,0.01,0.0,108415,999,3,0.55,0.15,0.06,-0.07,48,66,18,0,3.02,-0.1,0.0116,0.0206,19.27,20.22,14.33
376.422,before,-21.699,52.1380121,21.160776,89.7,52.1380124,21.1607769,25,0.58,0.096,255,0.1678,0.0,0.0201,-0.0834,3.052,2.915,0.46,-1.56,233.96,0.04,0.0,0.02,0.0,108415,999,3,0.55,0.15,0.06,-0.07,48,131,-128,0,3.02,-0.1,0.0087,0.0215,18.15,26.34,14.41
376.522,before,-21.599,52.1380121,21.1607761,89.7,52.1380123,21.1607772,25,0.58,0.16,255,0.1679,-0.1679,0.0456,0.0383,3.044,2.912,0.75,-1.74,233.98,0.05,0.0,0.02,0.01,108415,999,3,0.55,0.15,0.09,-0.06,48,-72,43,0,3.01,-0.1,0.0167,0.0232,20.57,21.48,15.37
376.622,before,-21.5,52.138012,21.1607762,89.69,52.1380123,21.1607772,25,0.58,0.16,255,0.0,0.0,-0.0112,0.0013,3.054,2.905,0.74,-1.55,234.05,0.05,0.0,0.02,0.01,108415,999,3,0.55,0.15,0.09,-0.06,48,-5,-33,0,3.0,-0.12,0.0115,0.0171,22.14,23.43,13.57
376.722,before,-21.4,52.138012,21.1607763,89.68,52.1380123,21.1607774,25,0.58,0.039,255,0.0,0.0,0.0076,0.0485,3.056,2.897,0.64,-1.45,234.32,0.01,0.0,0.0,0.01,108415,999,3,0.55,0.14,-0.03,0.02,48,7,-4,0,3.0,-0.13,0.0051,0.0094,19.07,18.4,14.44
376.822,before,-21.299,52.1380119,21.1607764,89.68,52.1380123,21.1607774,25,0.58,0.039,255,0.0,0.0,0.0728,0.0384,3.057,2.891,0.96,-1.2,234.61,0.01,0.0,0.0,0.01,108415,999,3,0.55,0.14,-0.03,0.02,48,-34,-52,0,2.99,-0.13,0.0031,0.007,18.6,16.78,14.44
376.922,before,-21.199,52.1380119,21.1607765,89.67,52.1380123,21.1607774,25,0.58,0.044,255,0.0,0.0,-0.0431,-0.0179,3.06,2.885,0.98,-1.17,234.89,0.02,0.0,0.01,0.01,108415,999,3,0.55,0.12,-0.06,-0.03,48,-75,151,0,3.0,-0.14,0.0041,0.006,24.9,23.13,12.97
377.022,before,-21.1,52.1380119,21.1607765,89.67,52.1380123,21.1607774,25,0.58,0.044,255,0.0,-0.1679,-0.0048,-0.0331,3.054,2.883,0.76,-1.52,235.17,0.02,0.0,0.03,0.0,108415,999,3,0.55,0.12,-0.06,-0.03,48,57,64,0,3.01,-0.13,0.004,0.0156,22.33,20.88,11.3
377.122,before,-21.0,52.1380119,21.1607766,89.66,52.1380123,21.1607775,25,0.58,0.024,255,0.0,0.0,-0.0536,0.0125,3.05,2.88,0.6,-1.39,235.5,0.0,0.0,0.0,0.0,108415,999,3,0.55,0.16,0.0,0.0,48,-1,-28,0,3.0,-0.13,0.0027,0.0108,20.87,19.72,11.79
377.222,before,-20.899,52.1380119,21.1607766,89.66,52.1380123,21.1607775,25,0.58,0.024,255,0.0,0.0,-0.0089,0.0096,3.05,2.877,0.33,-1.55,235.78,0.0,0.0,0.0,0.0,108415,999,3,0.55,0.16,0.0,0.0,48,64,40,0,3.0,-0.12,0.0025,0.0122,20.55,20.8,10.51
377.322,before,-20.799,52.1380119,21.1607766,89.66,52.1380122,21.1607775,25,0.58,0.055,255,0.0,0.0,0.0683,0.0271,3.046,2.876,0.55,-1.37,235.93,0.01,0.0,0.02,0.0,108415,999,3,0.55,0.16,0.03,0.0,48,-31,-39,0,3.01,-0.12,0.0037,0.0174,19.54,18.78,15.65
377.422,before,-20.7,52.1380119,21.1607766,89.66,52.1380122,21.1607775,25,0.58,0.055,255,0.1679,0.0,0.0646,-0.0101,3.054,2.878,1.11,-1.31,235.86,0.01,0.0,0.03,0.0,108415,999,3,0.55,0.16,0.03,0.0,48,38,-16,0,3.02,-0.1,0.0043,0.0225,20.25,20.55,16.22
377.522,before,-20.599,52.1380118,21.1607767,89.66,52.1380121,21.1607776,25,0.58,0.128,255,0.1679,-0.1679,0.0918,-0.0376,3.042,2.877,1.49,-1.6,235.64,0.04,0.0,0.01,0.01,108415,999,3,0.55,0.16,0.09,-0.07,48,-67,69,0,3.01,-0.1,0.0112,0.018,17.73,18.91,14.09
377.622,before,-20.5,52.1380118,21.1607767,89.66,52.1380121,21.1607776,25,0.58,0.128,255,0.0,0.0,-0.0624,0.0502,3.042,2.872,1.61,-1.26,235.21,0.04,0.0,0.01,0.0,108415,999,3,0.55,0.16,0.09,-0.07,48,126,-92,0,3.0,-0.12,0.0075,0.0112,17.19,19.29,12.64
377.722,before,-20.4,52.1380117,21.1607766,89.65,52.138012,21.1607775,25,0.58,0.074,255,0.0,0.0,-0.0402,0.0748,3.04,2.866,1.2,-0.97,234.76,0.02,0.0,0.0,0.01,108415,999,3,0.55,0.1,-0.04,0.06,48,-91,-63,0,3.0,-0.12,0.0034,0.0068,18.1,16.37,10.42
377.822,before,-20.299,52.1380117,21.1607766,89.65,52.138012,21.1607775,25,0.58,0.074,255,0.0,0.1678,-0.069,0.0125,3.034,2.86,1.08,-0.76,234.23,0.02,0.0,0.0,0.0,108415,999,3,0.55,0.1,-0.04,0.06,48,20,-84,0,3.0,-0.12,0.0027,0.0071,18.13,19.28,13.58
377.922,before,-20.199,52.1380117,21.1607766,89.64,52.138012,21.1607774,25,0.58,0.08,255,0.0,0.0,0.0294,0.0529,3.028,2.859,0.95,-0.47,233.71,0.04,0.0,0.0,0.0,108415,999,3,0.55,0.15,-0.1,0.01,48,79,-36,0,3.0,-0.11,0.0084,0.0156,15.17,21.91,11.51
378.022,before,-20.099,52.1380117,21.1607765,89.64,52.138012,21.1607774,25,0.58,0.08,255,0.0,0.0,-0.026,0.0039,3.034,2.854,1.22,-0.25,233.17,0.04,0.0,0.03,0.0,108415,999,3,0.55,0.15,-0.1,0.01,48,-89,107,0,2.99,-0.12,0.0056,0.0074,17.16,21.81,14.64
378.122,before,-20.0,52.1380117,21.1607765,89.63,52.138012,21.1607773,25,0.58,0.075,255,-0.1678,-0.1678,-0.0662,-0.0631,3.038,2.849,0.78,-0.57,232.71,0.03,0.0,0.01,0.01,108415,999,3,0.55,0.14,0.09,0.01,48,75,47,0,2.99,-0.12,0.0057,0.0081,20.91,18.79,15.6
378.222,before,-19.9,52.1380117,21.1607765,89.63,52.138012,21.1607773,25,0.58,0.075,255,0.0,0.0,0.0568,0.0124,3.028,2.847,0.95,-0.48,232.47,0.03,0.0,0.02,0.0,108415,999,3,0.55,0.14,0.09,0.01,48,-11,-9,0,2.99,-0.12,0.0046,0.0114,18.71,22.44,16.6
378.322,before,-19.8,52.1380117,21.1607764,89.63,52.138012,21.1607773,25,0.58,0.042,255,0.0,0.0,-0.0166,-0.0008,3.028,2.847,0.95,-0.59,232.45,0.01,0.0,0.0,0.01,108415,999,3,0.55,0.08,0.0,-0.02,48,-5,37,0,3.0,-0.11,0.0035,0.0116,21.43,25.53,14.3
378.422,before,-19.7,52.1380117,21.1607764,89.63,52.138012,21.1607773,25,0.58,0.042,255,0.1678,0.0,0.0687,0.0166,3.036,2.847,1.18,-0.48,232.54,0.01,0.0,0.0,0.0,108415,999,3,0.55,0.08,0.0,-0.02,48,-18,-15,0,2.99,-0.11,0.0022,0.0072,18.8,21.15,12.41
378.522,before,-19.599,52.1380117,21.1607765,89.63,52.138012,21.1607773,25,0.58,0.045,255,0.0,-0.1678,-0.0334,-0.0665,3.026,2.846,1.18,-0.67,232.68,0.02,0.0,0.0,0.01,108415,999,3,0.55,0.13,0.01,-0.01,48,3,28,0,2.99,-0.11,0.0041,0.0102,15.72,21.09,13.99
378.622,before,-19.5,52.1380117,21.1607765,89.63,52.138012,21.1607773,25,0.58,0.045,255,0.0,0.0,-0.0035,-0.0194,3.016,2.845,1.19,-0.83,232.89,0.02,0.0,0.0,0.0,108415,999,3,0.55,0.13,0.01,-0.01,48,-16,-140,0,2.99,-0.11,0.0028,0.0078,16.12,19.22,15.19
378.722,before,-19.399,52.1380117,21.1607766,89.63,52.138012,21.1607774,25,0.58,0.048,255,0.0,0.0,-0.0088,-0.0181,3.024,2.845,1.05,-1.14,233.07,0.02,0.0,0.0,0.01,108415,999,3,0.55,0.09,0.03,-0.05,48,42,-72,0,3.0,-0.11,0.0061,0.0106,15.93,25.06,16.14
378.822,before,-19.3,52.1380117,21.1607766,89.63,52.138012,21.1607774,25,0.58,0.048,255,-0.1678,0.0,-0.0508,-0.0423,3.02,2.843,0.84,-1.25,233.26,0.02,0.0,0.01,0.01,108415,999,3,0.55,0.09,0.03,-0.05,48,52,39,0,2.99,-0.11,0.0038,0.0061,14.01,25.36,16.48
378.922,before,-19.199,52.1380118,21.1607766,89.62,52.138012,21.1607776,25,0.58,0.094,255,0.0,0.0,-0.0441,-0.0085,3.01,2.839,0.63,-1.31,233.49,0.03,0.0,0.03,0.02,108415,999,3,0.55,0.08,0.0,-0.07,48,51,74,0,2.99,-0.11,0.0073,0.0099,16.62,21.65,16.42
379.022,before,-19.099,52.1380118,21.1607767,89.62,52.138012,21.1607776,25,0.58,0.094,255,0.0,-0.1679,-0.0019,0.0026,3.01,2.834,0.43,-1.43,233.71,0.03,0.0,0.01,0.01,108415,999,3,0.55,0.08,0.0,-0.07,48,-98,-114,0,2.98,-0.12,0.0045,0.0075,17.59,22.37,15.89
379.123,before,-18.999,52.1380118,21.1607768,89.62,52.1380121,21.1607778,25,0.58,0.12,255,0.0,-0.1679,0.0297,-0.0531,3.024,2.83,0.6,-1.53,233.92,0.03,0.0,0.0,0.01,108415,999,3,0.55,0.07,0.0,-0.09,48,-20,-3,0,2.98,-0.12,0.0093,0.0123,19.65,18.98,12.95
379.222,before,-18.899,52.1380119,21.1607769,89.61,52.1380121,21.1607778,25,0.58,0.12,255,0.0,0.0,0.0411,-0.0186,3.014,2.829,0.78,-1.66,234.12,0.03,0.0,0.0,0.0,108415,999,3,0.55,0.07,0.0,-0.09,48,-14,57,0,2.98,-0.11,0.0058,0.0091,19.62,17.24,14.31
379.322,before,-18.799,52.1380119,21.160777,89.61,52.1380123,21.160778,25,0.58,0.111,255,0.0,0.0,0.0295,-0.0072,3.022,2.83,0.92,-1.79,234.28,0.04,0.0,0.0,0.02,108415,999,3,0.55,0.15,-0.06,0.01,48,-20,61,0,2.99,-0.1,0.0057,0.0098,15.6,27.04,16.71
379.422,before,-18.7,52.138012,21.1607771,89.62,52.1380123,21.160778,25,0.58,0.111,255,0.0,0.0,0.0122,-0.04,3.026,2.833,1.08,-1.91,234.38,0.04,0.0,0.02,0.0,108415,999,3,0.55,0.15,-0.06,0.01,48,-39,31,0,3.0,-0.1,0.0047,0.0132,14.34,24.12,14.85
379.522,before,-18.6,52.138012,21.1607772,89.62,52.1380123,21.1607781,25,0.58,0.099,255,0.0,0.0,-0.0073,-0.0021,3.024,2.839,1.16,-2.02,234.37,0.04,0.0,0.01,0.01,108415,999,3,0.55,0.1,0.08,-0.06,48,-22,48,0,3.01,-0.09,0.0083,0.0198,13.11,17.86,10.45
379.622,before,-18.5,52.138012,21.1607772,89.63,52.1380123,21.1607781,25,0.58,0.099,255,0.0,0.0,-0.0327,-0.004,3.026,2.845,0.94,-2.07,234.3,0.04,0.0,0.01,0.0,108415,999,3,0.55,0.1,0.08,-0.06,48,62,35,0,3.02,-0.08,0.0054,0.0162,10.68,19.38,11.57
379.722,before,-18.4,52.1380121,21.1607773,89.63,52.1380124,21.1607782,25,0.58,0.049,255,0.0,0.0,-0.0255,-0.0071,3.024,2.848,0.85,-2.01,234.19,0.01,0.0,0.02,0.0,108415,999,3,0.55,0.16,0.0,0.02,48,17,-7,0,3.01,-0.08,0.0031,0.0077,11.21,22.83,14.22
379.822,before,-18.299,52.1380121,21.1607773,89.63,52.1380124,21.1607782,25,0.58,0.049,255,0.0,0.0,-0.0186,-0.0086,3.03,2.85,0.85,-2.03,234.06,0.01,0.0,0.0,0.01,108415,999,3,0.55,0.16,0.0,0.02,48,-3,11,0,3.01,-0.09,0.002,0.0037,15.02,26.55,17.48
379.922,before,-18.199,52.1380121,21.1607773,89.64,52.1380124,21.1607781,25,0.58,0.045,255,0.0,0.0,0.0273,0.0198,3.016,2.85,0.82,-2.02,233.89,0.03,0.0,0.01,0.03,108415,999,3,0.55,0.14,0.03,0.02,48,-163,21,0,3.02,-0.09,0.0052,0.0083,20.31,23.99,14.98
380.022,before,-18.099,52.1380121,21.1607772,89.63,52.1380124,21.1607781,25,0.58,0.045,255,0.0,0.0,-0.0515,-0.0103,3.022,2.845,0.7,-1.93,233.74,0.03,0.0,0.06,0.01,108415,999,3,0.55,0.14,0.03,0.02,48,-6,-33,0,3.0,-0.09,0.0037,0.0129,22.27,21.81,13.98
380.122,before,-17.999,52.1380121,21.1607772,89.62,52.1380125,21.160778,25,0.58,0.045,255,0.0,0.1679,-0.017,0.0354,3.02,2.839,0.66,-1.79,233.62,0.04,0.0,0.02,0.01,108415,999,3,0.55,0.15,0.01,0.0,48,-122,-7,0,3.0,-0.11,0.0038,0.01,19.07,18.22,15.64
380.222,before,-17.899,52.1380121,21.1607772,89.62,52.1380125,21.160778,25,0.58,0.045,255,0.0,0.0,-0.0214,-0.0029,3.018,2.833,0.49,-1.8,233.55,0.04,0.0,0.02,0.01,108415,999,3,0.55,0.15,0.01,0.0,48,62,-5,0,2.99,-0.11,0.0029,0.0116,16.36,28.81,17.28
380.322,before,-17.8,52.1380121,21.1607772,89.61,52.1380126,21.1607779,25,0.58,0.014,255,0.0,0.0,-0.0036,0.0149,3.024,2.826,0.34,-1.88,233.56,0.02,0.0,0.0,0.01,108415,999,3,0.55,0.14,0.02,-0.01,48,-117,26,0,2.99,-0.12,0.0034,0.0101,14.83,26.56,16.15
380.422,before,-17.7,52.1380121,21.1607771,89.61,52.1380126,21.1607779,25,0.58,0.014,255,0.0,0.1678,-0.0019,-0.0076,3.002,2.822,0.39,-1.75,233.69,0.02,0.0,0.01,0.0,108415,999,3,0.55,0.14,0.02,-0.01,48,-9,-43,0,2.99,-0.11,0.002,0.0038,14.89,18.79,12.06
380.522,before,-17.599,52.1380121,21.1607771,89.61,52.1380126,21.1607778,25,0.58,0.072,255,0.1678,0.0,0.0535,0.0324,3.012,2.822,0.55,-1.65,233.87,0.01,0.0,0.03,0.0,108415,999,3,0.55,0.12,-0.03,0.03,48,0,-12,0,3.0,-0.09,0.0058,0.0114,17.96,15.02,13.68
380.622,before,-17.499,52.1380121,21.1607771,89.61,52.1380126,21.1607778,25,0.58,0.072,255,0.0,0.0,0.0423,-0.0212,3.014,2.828,0.78,-1.63,233.96,0.01,0.0,0.04,0.0,108415,999,3,0.55,0.12,-0.03,0.03,48,133,-17,0,3.01,-0.08,0.0051,0.0175,21.36,23.21,18.59
380.722,before,-17.4,52.1380121,21.160777,89.62,52.1380127,21.1607776,25,0.58,0.044,255,0.0,0.0,0.0387,0.0008,3.014,2.835,1.15,-1.68,233.96,0.02,0.0,0.01,0.01,108415,999,3,0.55,0.15,-0.04,0.0,48,-90,12,0,3.02,-0.07,0.0071,0.0196,22.76,26.01,21.96
380.822,before,-17.3,52.1380122,21.1607769,89.63,52.1380127,21.1607776,25,0.58,0.044,255,0.0,0.0,0.0154,-0.012,3.023,2.841,1.09,-1.82,233.94,0.02,0.0,0.01,0.0,108415,999,3,0.55,0.15,-0.04,0.0,48,38,38,0,3.03,-0.07,0.0055,0.017,20.47,19.73,18.53
380.922,before,-17.199,52.1380122,21.1607769,89.63,52.1380128,21.1607776,25,0.58,0.049,255,0.0,0.0,-0.0543,-0.0653,3.02,2.844,0.89,-2.04,233.97,0.02,0.0,0.02,0.0,108415,999,3,0.55,0.12,0.01,-0.03,48,51,47,0,3.03,-0.07,0.0026,0.0092,19.82,17.07,13.86
381.022,before,-17.099,52.1380122,21.1607769,89.63,52.1380128,21.1607776,25,0.58,0.049,255,0.0,0.0,-0.0538,0.0138,3.016,2.845,0.68,-2.05,234.09,0.02,0.0,0.0,0.01,108415,999,3,0.55,0.12,0.01,-0.03,48,49,45,0,3.03,-0.08,0.0017,0.0049,18.47,15.38,11.3
381.122,before,-17.0,52.1380122,21.1607769,89.63,52.1380128,21.1607777,25,0.58,0.08,255,0.0,0.0,-0.023,0.0366,3.008,2.846,0.43,-1.95,234.18,0.03,0.0,0.0,0.0,108415,999,3,0.55,0.14,-0.09,0.01,48,66,-4,0,3.03,-0.07,0.0086,0.013,17.32,20.25,12.1
381.222,before,-16.9,52.1380122,21.1607769,89.63,52.1380128,21.1607777,25,0.58,0.08,255,0.0,0.0,0.0473,0.025,3.01,2.845,0.49,-1.86,234.26,0.03,0.0,0.0,0.0,108415,999,3,0.55,0.14,-0.09,0.01,48,30,-38,0,3.02,-0.07,0.0061,0.0095,18.45,18.91,13.26
381.322,before,-16.8,52.1380123,21.1607768,89.63,52.1380129,21.1607777,25,0.58,0.061,255,0.0,0.0,-0.0165,-0.0157,3.01,2.842,0.68,-1.68,234.33,0.01,0.0,0.04,0.01,108415,999,3,0.55,0.14,0.04,0.0,48,-70,-75,0,3.01,-0.07,0.0029,0.0122,14.61,19.67,10.93
381.422,before,-16.7,52.1380122,21.1607768,89.62,52.1380129,21.1607777,25,0.58,0.061,255,0.0,0.0,0.0138,0.012,3.01,2.836,0.55,-1.65,234.36,0.01,0.0,0.01,0.0,108415,999,3,0.55,0.14,0.04,0.0,48,43,6,0,3.0,-0.07,0.0029,0.0133,14.51,19.09,13.34
381.522,before,-16.6,52.1380122,21.1607768,89.62,52.1380128,21.1607777,25,0.58,0.006,255,0.0,0.0,-0.0025,0.0161,2.994,2.832,0.63,-1.6,234.36,0.01,0.0,0.02,0.01,108415,999,3,0.55,0.15,-0.01,-0.02,48,-29,-1,0,3.01,-0.07,0.0022,0.005,16.89,16.01,14.13
381.622,before,-16.499,52.1380122,21.1607768,89.62,52.1380128,21.1607777,25,0.58,0.006,255,0.0,0.0,-0.0423,0.0083,3.002,2.831,0.49,-1.59,234.3,0.01,0.0,0.01,0.0,108415,999,3,0.55,0.15,-0.01,-0.02,48,7,-11,0,3.01,-0.07,0.0015,0.0038,15.85,18.19,12.67
381.722,before,-16.4,52.1380122,21.1607768,89.62,52.1380128,21.1607777,25,0.58,0.061,255,0.0,0.0,0.0396,0.0042,3.004,2.831,0.6,-1.41,234.08,0.02,0.0,0.0,0.0,108415,999,3,0.55,0.14,0.02,-0.04,48,-21,-55,0,3.01,-0.07,0.0035,0.0044,15.88,16.69,12.77
381.822,before,-16.299,52.1380122,21.1607768,89.62,52.1380128,21.1607777,25,0.58,0.061,255,0.0,-0.1678,0.0705,-0.0348,3.004,2.832,0.87,-1.62,233.82,0.02,0.0,0.01,0.0,108415,999,3,0.55,0.14,0.02,-0.04,48,-42,49,0,3.01,-0.07,0.0024,0.0053,20.15,22.24,17.32
381.922,before,-16.199,52.1380122,21.1607768,89.62,52.1380128,21.1607777,25,0.58,0.032,255,0.1678,0.0,-0.0151,-0.0334,3.002,2.832,0.99,-1.71,233.52,0.01,0.0,0.0,0.02,108415,999,3,0.55,0.15,-0.04,-0.01,48,132,14,0,3.02,-0.07,0.0039,0.0058,20.1,18.29,15.28
382.022,before,-16.099,52.1380122,21.1607768,89.62,52.1380128,21.1607777,25,0.58,0.032,255,0.0,0.0,-0.0241,-0.057,3.006,2.833,0.96,-1.93,233.17,0.01,0.0,0.02,0.01,108415,999,3,0.55,0.15,-0.04,-0.01,48,-17,35,0,3.03,-0.06,0.0027,0.0069,21.14,16.88,10.78
382.122,before,-15.999,52.1380122,21.1607768,89.62,52.1380128,21.1607778,25,0.58,0.021,255,0.0,0.0,-0.0267,-0.006,3.01,2.837,0.86,-2.06,232.89,0.01,0.0,0.03,0.0,108415,999,3,0.55,0.15,0.0,-0.02,48,29,68,0,3.03,-0.05,0.0028,0.0101,19.18,22.96,14.45
382.222,before,-15.9,52.1380122,21.1607768,89.62,52.1380128,21.1607778,25,0.58,0.021,255,0.0,0.0,0.0483,0.0054,3.014,2.84,0.87,-2.18,232.68,0.01,0.0,0.0,0.0,108415,999,3,0.55,0.15,0.0,-0.02,48,24,29,0,3.03,-0.05,0.0016,0.0053,21.66,23.91,14.69
382.322,before,-15.8,52.1380122,21.1607769,89.62,52.1380127,21.1607777,25,0.58,0.124,255,0.0,0.0,-0.0081,-0.0225,3.016,2.837,1.03,-2.13,232.56,0.04,0.0,0.04,0.02,108415,999,3,0.55,0.15,0.09,0.0,48,87,-39,0,3.01,-0.07,0.0074,0.0157,20.45,18.93,13.08
382.422,before,-15.7,52.1380122,21.1607769,89.61,52.1380127,21.1607777,25,0.58,0.124,255,0.0,0.0,0.0475,0.0574,3.01,2.828,1.2,-1.93,232.58,0.04,0.0,0.04,0.02,108415,999,3,0.55,0.15,0.09,0.0,48,-22,-8,0,3.0,-0.09,0.0064,0.0217,26.26,21.57,15.02
382.522,before,-15.599,52.1380122,21.1607769,89.6,52.1380126,21.1607777,25,0.58,0.046,255,0.0,0.0,-0.0098,0.0166,2.998,2.817,1.18,-1.91,232.71,0.01,0.0,0.03,0.0,108415,999,3,0.55,0.16,0.02,-0.02,48,142,164,0,2.99,-0.1,0.0076,0.0266,23.27,19.47,12.22
382.622,before,-15.499,52.1380121,21.1607769,89.59,52.1380126,21.1607777,25,0.58,0.046,255,0.1678,0.0,-0.0012,0.033,3.008,2.807,1.2,-1.6,232.85,0.01,0.0,0.01,0.01,108415,999,3,0.55,0.16,0.02,-0.02,48,-13,-70,0,2.98,-0.1,0.0056,0.0223,20.84,21.14,12.39
382.722,before,-15.399,52.1380121,21.1607769,89.58,52.1380126,21.1607777,25,0.58,0.024,255,0.0,0.0,-0.0163,0.0067,3.006,2.797,1.13,-1.65,232.95,0.01,0.0,0.03,0.01,108415,999,3,0.55,0.12,0.01,0.03,48,11,32,0,2.98,-0.11,0.0054,0.0213,22.76,18.95,12.01
382.822,before,-15.3,52.1380121,21.1607769,89.58,52.1380126,21.1607777,25,0.58,0.024,255,0.0,0.0,-0.0001,0.018,3.002,2.792,1.12,-1.45,233.01,0.01,0.0,0.04,0.0,108415,999,3,0.55,0.12,0.01,0.03,48,-19,-43,0,2.99,-0.1,0.0029,0.004,23.5,19.42,10.89
382.922,before,-15.199,52.1380121,21.1607768,89.58,52.1380125,21.1607776,25,0.58,0.041,255,0.0,0.0,-0.0135,-0.0208,3.006,2.794,1.02,-1.58,233.11,0.03,0.0,0.02,0.01,108415,999,3,0.55,0.15,-0.03,0.06,48,32,35,0,3.0,-0.09,0.0081,0.0139,22.24,18.31,14.45
383.022,before,-15.1,52.1380121,21.1607768,89.58,52.1380125,21.1607776,25,0.58,0.041,255,0.1678,0.0,0.008,-0.043,3.014,2.797,1.07,-1.73,233.14,0.03,0.0,0.01,0.0,108415,999,3,0.55,0.15,-0.03,0.06,48,-7,22,0,3.0,-0.09,0.0056,0.0081,21.05,16.86,12.97
383.122,before,-15.0,52.1380121,21.1607768,89.59,52.1380125,21.1607775,25,0.58,0.054,255,0.0,0.0,0.0041,0.0364,3.012,2.801,1.11,-1.62,233.2,0.05,0.0,0.01,0.0,108415,999,3,0.55,0.13,0.05,0.0,48,-6,-137,0,3.01,-0.08,0.0065,0.012,21.84,21.58,16.69
383.222,before,-14.899,52.138012,21.1607768,89.59,52.1380125,21.1607775,25,0.58,0.054,255,0.0,0.0,-0.0178,-0.0142,3.014,2.805,1.04,-1.72,233.23,0.05,0.0,0.02,0.0,108415,999,3,0.55,0.13,0.05,0.0,48,0,-27,0,3.02,-0.08,0.0049,0.0135,23.15,24.82,19.49
383.322,before,-14.799,52.138012,21.1607768,89.6,52.1380124,21.1607775,25,0.58,0.028,255,0.1678,0.0,0.0147,-0.0241,3.008,2.812,1.08,-1.76,233.3,0.03,0.0,0.0,0.01,108415,999,3,0.55,0.14,0.03,0.02,48,11,-3,0,3.03,-0.07,0.0074,0.0162,21.72,24.23,20.57
383.422,before,-14.7,52.138012,21.1607768,89.6,52.1380124,21.1607775,25,0.58,0.028,255,0.0,0.0,0.0126,0.0251,3.018,2.818,1.16,-1.76,233.4,0.03,0.0,0.0,0.01,108415,999,3,0.55,0.14,0.03,0.02,48,-18,28,0,3.03,-0.06,0.0049,0.0132,20.09,20.32,16.18
383.522,before,-14.6,52.138012,21.1607768,89.61,52.1380124,21.1607775,25,0.58,0.044,255,0.0,0.0,-0.015,-0.0146,3.008,2.823,1.13,-1.78,233.49,0.01,0.0,0.01,0.0,108415,999,3,0.55,0.12,0.04,-0.01,48,-9,-4,0,3.04,-0.05,0.0058,0.0144,20.33,24.68,17.32
383.622,before,-14.499,52.138012,21.1607768,89.61,52.1380124,21.1607775,25,0.58,0.044,255,0.0,0.0,0.0119,-0.0063,3.01,2.826,1.17,-1.83,233.6,0.01,0.0,0.02,0.0,108415,999,3,0.55,0.12,0.04,-0.01,48,-4,15,0,3.03,-0.05,0.0032,0.0052,20.62,25.51,18.7
383.722,before,-14.4,52.138012,21.1607768,89.61,52.1380124,21.1607776,25,0.58,0.044,255,0.0,0.0,0.0078,0.0098,3.006,2.826,1.21,-1.79,233.67,0.0,0.0,0.01,0.01,108415,999,3,0.55,0.08,0.01,0.0,48,-3,11,0,3.03,-0.06,0.0027,0.0054,21.14,20.05,15.94
383.822,before,-14.299,52.138012,21.1607767,89.61,52.1380124,21.1607776,25,0.58,0.044,255,0.0,0.0,-0.0366,-0.0318,3.022,2.826,1.1,-2.0,233.73,0.0,0.0,0.03,0.01,108415,999,3,0.55,0.08,0.01,0.0,48,12,58,0,3.04,-0.05,0.0014,0.0063,20.19,22.51,14.6
383.922,before,-14.199,52.138012,21.1607767,89.61,52.1380123,21.1607777,25,0.58,0.038,255,0.0,0.0,0.0502,-0.0205,3.01,2.825,1.24,-2.06,233.8,0.02,0.0,0.0,0.0,108415,999,3,0.55,0.13,0.02,0.0,48,-10,5,0,3.03,-0.06,0.0027,0.0041,19.48,19.72,12.76
384.022,before,-14.099,52.138012,21.1607767,89.61,52.1380123,21.1607777,25,0.58,0.038,255,0.0,0.0,0.0034,-0.0405,3.014,2.824,1.3,-2.33,233.9,0.02,0.0,0.01,0.0,108415,999,3,0.55,0.13,0.02,0.0,48,2,60,0,3.04,-0.06,0.0012,0.0033,21.82,19.41,15.96
384.122,before,-13.999,52.138012,21.1607768,89.61,52.1380123,21.1607778,25,0.58,0.062,255,0.0,0.0,-0.0448,0.0099,3.016,2.824,1.28,-2.3,233.93,0.04,0.0,0.0,0.0,108415,999,3,0.55,0.11,0.07,-0.07,48,-12,1,0,3.04,-0.05,0.0084,0.0129,21.16,22.16,17.0
384.222,before,-13.899,52.138012,21.1607768,89.61,52.1380123,21.1607778,25,0.58,0.062,255,0.0,0.0,0.0242,0.0043,3.01,2.826,1.1,-2.37,233.9,0.04,0.0,0.01,0.01,108415,999,3,0.55,0.11,0.07,-0.07,48,68,12,0,3.05,-0.05,0.0054,0.0111,18.89,19.47,14.99
384.322,before,-13.799,52.138012,21.1607768,89.61,52.1380121,21.1607779,25,0.58,0.121,255,0.0,0.0,-0.0598,-0.0249,2.998,2.826,1.04,-2.35,233.8,0.04,0.0,0.03,0.0,108415,999,3,0.55,0.13,0.12,-0.02,48,-207,-14,0,3.04,-0.05,0.0124,0.0181,16.48,18.13,13.97
384.422,before,-13.7,52.138012,21.1607768,89.61,52.1380121,21.1607779,25,0.58,0.121,255,0.0,0.0,0.0308,0.0279,3.002,2.822,1.01,-2.37,233.67,0.04,0.0,0.02,0.0,108415,999,3,0.55,0.13,0.12,-0.02,48,63,36,0,3.03,-0.06,0.0077,0.0138,17.01,19.66,13.58
384.522,before,-13.599,52.1380119,21.1607768,89.6,52.138012,21.1607779,25,0.58,0.041,255,0.0,0.0,0.0139,0.0251,3.004,2.817,1.0,-2.3,233.53,0.03,0.0,0.0,0.0,108415,999,3,0.55,0.16,0.04,0.0,48,178,-18,0,3.02,-0.06,0.0089,0.0172,18.47,21.08,14.9
384.622,before,-13.499,52.1380119,21.1607768,89.6,52.138012,21.1607779,25,0.58,0.041,255,0.0,0.0,-0.0418,-0.022,2.994,2.811,0.92,-2.17,233.36,0.03,0.0,0.02,0.0,108415,999,3,0.55,0.16,0.04,0.0,48,-15,-68,0,3.02,-0.06,0.0055,0.0145,17.73,21.95,15.72
384.722,before,-13.4,52.1380118,21.1607768,89.59,52.138012,21.1607778,25,0.58,0.055,255,0.0,0.1678,-0.0137,0.0638,2.99,2.805,0.76,-2.06,233.27,0.03,0.0,0.0,0.0,108415,999,3,0.55,0.14,0.04,0.02,48,45,5,0,3.01,-0.06,0.0073,0.0158,18.66,21.03,15.25
384.822,before,-13.299,52.1380117,21.1607768,89.58,52.138012,21.1607778,25,0.58,0.055,255,0.0,0.0,0.0202,0.0346,2.99,2.8,0.82,-1.88,233.13,0.03,0.0,0.01,0.0,108415,999,3,0.55,0.14,0.04,0.02,48,-8,-29,0,3.01,-0.06,0.0044,0.0118,21.41,20.28,18.47
384.922,before,-13.199,52.1380117,21.1607768,89.58,52.1380119,21.1607777,25,0.58,0.006,255,0.1678,0.0,0.1177,0.0061,2.984,2.797,1.33,-1.71,232.95,0.0,0.0,0.0,0.01,108415,999,3,0.55,0.16,-0.02,0.0,48,-90,125,0,3.01,-0.06,0.0023,0.0052,18.83,20.78,15.02
385.022,before,-13.099,52.1380117,21.1607768,89.58,52.1380119,21.1607777,25,0.58,0.006,255,0.0,0.0,0.0321,0.0121,2.976,2.794,1.67,-1.67,232.71,0.0,0.0,0.01,0.0,108415,999,3,0.55,0.16,-0.02,0.0,48,-57,-14,0,3.01,-0.06,0.0029,0.0075,19.84,23.0,15.27
385.122,before,-13.0,52.1380117,21.1607767,89.58,52.1380119,21.1607776,25,0.58,0.078,255,0.0,0.0,0.008,0.0115,2.968,2.795,1.9,-1.47,232.48,0.02,0.0,0.03,0.01,108415,999,3,0.55,0.11,-0.04,0.05,48,-57,-62,0,3.02,-0.04,0.0072,0.0086,20.81,19.32,15.12
385.222,before,-12.9,52.1380117,21.1607767,89.58,52.1380119,21.1607776,25,0.58,0.078,255,0.0,0.0,0.0246,-0.0051,2.968,2.798,1.94,-1.55,232.34,0.02,0.0,0.0,0.0,108415,999,3,0.55,0.11,-0.04,0.05,48,0,20,0,3.02,-0.04,0.0058,0.0069,21.02,25.92,17.74
385.322,before,-12.799,52.1380116,21.1607766,89.59,52.1380119,21.1607774,25,0.58,0.073,255,0.0,0.0,-0.0445,-0.0416,2.968,2.8,1.78,-1.67,232.3,0.03,0.0,0.01,0.01,108415,999,3,0.55,0.13,0.08,0.01,48,-12,-32,0,3.02,-0.03,0.0045,0.006,20.99,22.24,16.02
385.422,before,-12.699,52.1380116,21.1607765,89.59,52.1380119,21.1607774,25,0.58,0.073,255,0.0,0.1678,-0.0339,0.0846,2.982,2.801,1.73,-1.33,232.3,0.03,0.0,0.01,0.0,108415,999,3,0.55,0.13,0.08,0.01,48,40,-17,0,3.02,-0.03,0.0025,0.0045,21.78,19.0,12.43
385.522,before,-12.6,52.1380116,21.1607764,89.58,52.1380119,21.1607772,25,0.58,0.083,255,-0.1678,0.0,-0.0506,0.0218,2.994,2.798,1.4,-1.22,232.4,0.01,0.0,0.04,0.0,108415,999,3,0.55,0.13,-0.02,0.0,48,77,-48,0,3.01,-0.05,0.004,0.0139,21.19,19.98,13.78
385.622,before,-12.499,52.1380117,21.1607763,89.58,52.1380119,21.1607772,25,0.58,0.083,255,-0.1679,0.0,-0.04,-0.0063,2.996,2.793,1.18,-1.15,232.59,0.01,0.0,0.03,0.0,108415,999,3,0.55,0.13,-0.02,0.0,48,55,-32,0,3.0,-0.05,0.0045,0.0179,20.28,21.21,11.93
385.722,before,-12.4,52.1380117,21.1607762,89.57,52.1380121,21.160777,25,0.65,0.123,255,0.0,0.0,0.0465,0.0308,3.006,2.787,1.24,-0.99,232.89,0.03,0.0,0.03,0.0,108415,999,3,0.55,0.16,-0.06,0.05,48,36,-11,0,2.99,-0.08,0.0098,0.0217,21.98,23.85,11.6
385.822,before,-12.3,52.1380117,21.1607761,89.57,52.1380121,21.160777,25,0.65,0.123,255,-0.1678,0.0,-0.1014,-0.0624,3.002,2.782,1.04,-1.12,233.21,0.03,0.0,0.0,0.0,108415,999,3,0.55,0.16,-0.06,0.05,48,20,3,0,3.0,-0.08,0.0075,0.016,22.44,19.46,9.98
385.922,before,-12.199,52.1380118,21.160776,89.56,52.1380123,21.1607768,25,0.58,0.144,255,0.0,0.0,-0.0413,0.025,3.006,2.78,0.76,-1.26,233.6,0.03,0.0,0.0,0.0,108415,999,3,0.55,0.16,-0.07,-0.01,48,83,60,0,3.0,-0.08,0.0111,0.0163,18.88,17.81,9.91
386.022,before,-12.099,52.1380119,21.1607759,89.56,52.1380123,21.1607768,25,0.58,0.144,255,-0.1678,0.0,-0.1275,0.0163,3.004,2.777,0.09,-1.17,233.95,0.03,0.0,0.05,0.0,108415,999,3,0.55,0.16,-0.07,-0.01,48,-21,-16,0,2.99,-0.09,0.0084,0.0182,19.16,18.31,11.41
386.122,before,-12.0,52.1380119,21.1607759,89.56,52.1380124,21.1607767,25,0.58,0.036,255,0.0,0.0,0.0458,-0.0013,3.002,2.773,-0.06,-1.05,234.15,0.01,0.0,0.0,0.0,108415,999,3,0.55,0.13,0.03,-0.01,48,-79,-26,0,2.99,-0.09,0.0039,0.0111,17.98,17.19,11.58
386.222,before,-11.899,52.138012,21.1607758,89.55,52.1380124,21.1607767,25,0.58,0.036,255,0.0,-0.1678,-0.0069,-0.0737,3.004,2.769,0.21,-1.31,234.16,0.01,0.0,0.02,0.02,108415,999,3,0.55,0.13,0.03,-0.01,48,-38,36,0,2.99,-0.09,0.0036,0.0121,16.64,22.26,14.07
386.322,before,-11.8,52.1380121,21.1607758,89.55,52.1380126,21.1607766,25,0.58,0.155,255,0.0,0.0,-0.0382,-0.0124,3.0,2.767,-0.04,-1.67,234.17,0.06,0.0,0.0,0.01,108415,999,3,0.55,0.17,-0.08,-0.01,48,64,87,0,3.0,-0.08,0.0092,0.0137,16.92,22.24,13.99
386.422,before,-11.7,52.1380121,21.1607758,89.55,52.1380126,21.1607766,25,0.58,0.155,255,-0.1678,0.0,-0.0238,-0.0108,3.002,2.766,-0.16,-1.62,234.09,0.06,0.0,0.01,0.0,108415,999,3,0.55,0.17,-0.08,-0.01,48,30,0,0,3.0,-0.08,0.0067,0.0109,18.62,20.04,14.86
386.522,before,-11.599,52.1380121,21.1607758,89.55,52.1380127,21.1607766,25,0.58,0.059,255,0.0,0.0,0.0479,0.0517,3.004,2.762,-0.07,-1.43,234.02,0.03,0.0,0.03,0.01,108415,999,3,0.55,0.15,0.08,-0.01,48,21,11,0,2.99,-0.09,0.0035,0.0103,17.85,16.44,13.35
386.622,before,-11.499,52.1380121,21.1607759,89.54,52.1380127,21.1607766,25,0.58,0.059,255,0.0,0.0,0.0492,0.0235,3.006,2.756,0.32,-1.24,233.88,0.03,0.0,0.04,0.02,108415,999,3,0.55,0.15,0.08,-0.01,48,-84,-37,0,2.98,-0.1,0.0035,0.0159,18.48,19.91,12.85
386.722,before,-11.4,52.1380121,21.1607758,89.53,52.1380127,21.1607765,25,0.58,0.077,255,0.1678,0.0,0.115,0.0194,3.004,2.747,0.86,-1.15,233.68,0.04,0.0,0.04,0.0,108415,999,3,0.55,0.15,-0.04,0.08,48,113,-9,0,2.97,-0.11,0.007,0.0181,16.44,21.13,13.79
386.822,before,-11.3,52.1380122,21.1607757,89.52,52.1380127,21.1607765,25,0.58,0.077,255,0.0,0.0,-0.0305,0.0005,3.02,2.738,1.13,-0.99,233.44,0.04,0.0,0.03,0.01,108415,999,3,0.55,0.15,-0.04,0.08,48,50,-38,0,2.96,-0.12,0.0054,0.0191,17.06,18.74,14.91
386.922,before,-11.199,52.1380122,21.1607757,89.51,52.1380127,21.1607765,25,0.58,0.059,255,0.0,0.0,0.0301,-0.0018,3.014,2.73,1.04,-1.15,233.2,0.02,0.0,0.02,0.0,108415,999,3,0.55,0.14,-0.04,-0.03,48,49,56,0,2.96,-0.12,0.0055,0.0154,16.2,16.4,14.47
387.022,before,-11.099,52.1380122,21.1607757,89.51,52.1380127,21.1607765,25,0.58,0.059,255,0.0,0.0,-0.0772,-0.0404,3.02,2.722,0.89,-1.17,233.0,0.02,0.0,0.01,0.01,108415,999,3,0.55,0.14,-0.04,-0.03,48,-5,0,0,2.96,-0.14,0.004,0.0111,18.15,19.23,14.1
387.122,before,-11.0,52.1380122,21.1607757,89.5,52.1380128,21.1607765,25,0.58,0.072,255,0.0,0.0,-0.008,-0.0148,3.01,2.717,0.56,-1.52,232.86,0.02,0.0,0.0,0.01,108415,999,3,0.55,0.14,-0.05,0.02,48,85,89,0,2.96,-0.13,0.0073,0.0109,16.01,18.31,13.71
387.222,before,-10.899,52.1380122,21.1607757,89.5,52.1380128,21.1607765,25,0.58,0.072,255,0.0,0.0,-0.0485,-0.0009,3.014,2.711,0.43,-1.4,232.69,0.02,0.0,0.05,0.01,108415,999,3,0.55,0.14,-0.05,0.02,48,16,-28,0,2.95,-0.14,0.0053,0.0143,15.37,20.43,13.94
387.322,before,-10.8,52.1380123,21.1607757,89.49,52.1380128,21.1607766,25,0.58,0.008,255,0.0,0.0,-0.0249,0.0119,3.01,2.704,0.15,-1.47,232.5,0.02,0.0,0.03,0.02,108415,999,3,0.55,0.14,0.02,0.0,48,61,29,0,2.95,-0.14,0.0015,0.0091,16.75,17.51,14.13
387.422,before,-10.7,52.1380123,21.1607757,89.48,52.1380128,21.1607766,25,0.58,0.008,255,0.0,0.0,0.0242,0.0341,3.016,2.698,0.23,-1.22,232.27,0.02,0.0,0.02,0.02,108415,999,3,0.55,0.14,0.02,0.0,48,-155,-25,0,2.94,-0.15,0.0015,0.0099,21.23,16.14,14.13
387.522,before,-10.599,52.1380122,21.1607758,89.48,52.1380128,21.1607766,25,0.58,0.076,255,0.0,0.0,-0.0116,0.0091,3.008,2.694,0.2,-1.2,232.09,0.02,0.0,0.01,0.0,108415,999,3,0.55,0.13,0.05,-0.03,48,-23,-11,0,2.95,-0.15,0.0052,0.0056,16.94,15.94,15.42
387.622,before,-10.499,52.1380122,21.1607758,89.48,52.1380128,21.1607766,25,0.58,0.076,255,0.0,0.0,0.0592,0.0113,3.018,2.691,0.37,-1.09,231.95,0.02,0.0,0.02,0.0,108415,999,3,0.55,0.13,0.05,-0.03,48,-8,-21,0,2.94,-0.15,0.0039,0.0062,13.26,18.15,15.7
387.722,before,-10.4,52.1380122,21.1607758,89.47,52.1380127,21.1607767,25,0.58,0.034,255,0.0,0.0,0.0059,-0.0454,3.028,2.687,0.56,-1.21,231.86,0.02,0.0,0.02,0.01,108415,999,3,0.55,0.16,-0.06,0.03,48,-64,0,0,2.95,-0.15,0.0028,0.0042,17.0,16.92,13.31
387.822,before,-10.3,52.1380122,21.1607759,89.47,52.1380127,21.1607767,25,0.58,0.034,255,0.0,0.0,0.0779,0.0208,3.038,2.684,0.88,-1.27,231.76,0.02,0.0,0.01,0.0,108415,999,3,0.55,0.16,-0.06,0.03,48,-34,-133,0,2.95,-0.16,0.0019,0.0028,19.25,16.34,10.03
387.922,before,-10.2,52.1380122,21.1607759,89.47,52.1380128,21.1607767,25,0.58,0.065,255,0.0,0.0,-0.0114,-0.0441,3.03,2.684,0.95,-1.46,231.65,0.05,0.0,0.01,0.02,108415,999,3,0.55,0.14,-0.08,-0.03,48,133,13,0,2.96,-0.16,0.0085,0.0118,19.13,20.3,14.61
388.022,before,-10.099,52.1380122,21.1607759,89.47,52.1380128,21.1607767,25,0.58,0.065,255,0.0,0.0,-0.0037,0.0838,3.038,2.683,0.95,-1.15,231.63,0.05,0.0,0.01,0.01,108415,999,3,0.55,0.14,-0.08,-0.03,48,-8,-53,0,2.96,-0.16,0.0058,0.009,17.98,16.17,12.6
388.122,before,-9.999,52.1380122,21.160776,89.47,52.1380128,21.1607769,25,0.58,0.082,255,0.0,0.0,-0.0554,0.0098,3.032,2.681,0.7,-0.99,231.61,0.03,0.0,0.02,0.0,108415,999,3,0.55,0.08,-0.03,-0.07,48,32,-25,0,2.95,-0.17,0.0089,0.0127,18.05,17.84,12.94
388.222,before,-9.899,52.1380122,21.1607761,89.46,52.1380128,21.1607769,25,0.58,0.082,255,0.0,0.0,0.0614,-0.0102,3.044,2.678,0.8,-1.01,231.62,0.03,0.0,0.01,0.02,108415,999,3,0.55,0.08,-0.03,-0.07,48,-14,1,0,2.95,-0.17,0.0061,0.0097,12.74,18.45,15.08
388.322,before,-9.8,52.1380122,21.1607761,89.46,52.1380128,21.160777,25,0.58,0.037,255,0.0,0.0,-0.0695,-0.0333,3.046,2.674,0.8,-1.08,231.64,0.0,0.0,0.01,0.01,108415,999,3,0.55,0.08,0.0,0.0,48,-22,5,0,2.95,-0.17,0.0043,0.0071,14.38,22.08,13.86
388.422,before,-9.7,52.1380122,21.1607762,89.46,52.1380128,21.160777,25,0.58,0.037,255,0.0,0.0,-0.0177,-0.0026,3.046,2.67,0.38,-1.29,231.8,0.0,0.0,0.0,0.0,108415,999,3,0.55,0.08,0.0,0.0,48,82,51,0,2.95,-0.17,0.0027,0.0057,16.88,22.55,13.98
388.522,before,-9.599,52.1380122,21.1607762,89.45,52.1380128,21.1607771,25,0.58,0.049,255,0.0,0.0,0.0441,-0.0049,3.03,2.665,0.57,-1.28,231.92,0.02,0.0,0.02,0.0,108415,999,3,0.55,0.14,0.01,-0.02,48,-166,-2,0,2.94,-0.18,0.0038,0.007,18.15,22.42,15.37
388.622,before,-9.499,52.1380122,21.1607763,89.44,52.1380128,21.1607771,25,0.58,0.049,255,0.0,-0.1678,-0.0168,-0.0852,3.04,2.66,0.45,-1.65,231.97,0.02,0.0,0.03,0.02,108415,999,3,0.55,0.14,0.01,-0.02,48,142,19,0,2.95,-0.17,0.0022,0.0086,21.05,23.0,16.39
388.722,before,-9.399,52.1380122,21.1607763,89.44,52.1380128,21.1607772,25,0.58,0.05,255,0.1678,0.0,0.0099,0.0435,3.034,2.654,0.58,-1.62,232.02,0.01,0.0,0.04,0.0,108415,999,3,0.55,0.13,0.0,0.0,48,-23,60,0,2.94,-0.16,0.0029,0.005,21.15,22.38,15.07
388.822,before,-9.3,52.1380122,21.1607763,89.43,52.1380128,21.1607772,25,0.58,0.05,255,0.0,0.0,-0.0261,0.0416,3.018,2.648,0.44,-1.42,232.04,0.01,0.0,0.01,0.01,108415,999,3,0.55,0.13,0.0,0.0,48,9,-45,0,2.94,-0.18,0.0017,0.0048,18.59,25.25,14.68
388.922,before,-9.199,52.1380122,21.1607763,89.43,52.1380128,21.1607773,25,0.58,0.035,255,0.0,0.0,0.0738,0.0273,3.04,2.644,0.66,-1.2,232.04,0.01,0.0,0.03,0.01,108415,999,3,0.54,0.07,-0.02,-0.01,48,-6,-51,0,2.94,-0.17,0.0019,0.0029,17.29,19.51,12.42
389.022,before,-9.099,52.1380122,21.1607764,89.43,52.1380128,21.1607773,25,0.58,0.035,255,0.0,0.0,-0.0044,-0.0315,3.026,2.64,0.75,-1.21,232.02,0.01,0.0,0.01,0.01,108415,999,3,0.54,0.07,-0.02,-0.01,48,-49,-14,0,2.94,-0.17,0.0012,0.0061,17.36,16.64,11.21
389.122,before,-8.999,52.1380122,21.1607763,89.42,52.1380129,21.1607773,25,0.58,0.028,255,0.0,0.0,0.0375,0.0178,3.038,2.639,0.97,-1.23,232.02,0.02,0.0,0.0,0.01,108415,999,3,0.54,0.16,-0.03,0.02,48,120,22,0,2.95,-0.17,0.0035,0.0107,16.14,16.5,11.35
389.222,before,-8.899,52.1380122,21.1607763,89.42,52.1380129,21.1607773,25,0.58,0.028,255,0.0,0.0,-0.0726,-0.0417,3.034,2.636,0.66,-1.34,231.96,0.02,0.0,0.02,0.01,108415,999,3,0.54,0.16,-0.03,0.02,48,48,2,0,2.94,-0.17,0.0018,0.004,16.73,23.51,13.53
389.322,before,-8.799,52.1380122,21.1607763,89.42,52.1380129,21.1607773,25,0.58,0.026,255,0.0,0.1678,0.0069,0.0703,3.036,2.632,0.54,-1.12,231.85,0.01,0.0,0.01,0.0,108415,999,3,0.54,0.11,0.0,-0.04,48,23,-49,0,2.94,-0.17,0.0021,0.0045,18.25,25.84,16.14
389.422,before,-8.699,52.1380122,21.1607763,89.41,52.1380129,21.1607773,25,0.58,0.026,255,0.0,0.0,-0.0311,-0.0026,3.02,2.625,0.47,-1.05,231.68,0.01,0.0,0.06,0.0,108415,999,3,0.54,0.11,0.0,-0.04,48,8,-9,0,2.92,-0.2,0.0021,0.0097,18.47,27.45,12.71
389.522,before,-8.599,52.1380122,21.1607763,89.4,52.1380128,21.1607773,25,0.58,0.033,255,0.0,0.0,0.0424,0.0393,3.026,2.616,0.53,-0.86,231.57,0.01,0.0,0.01,0.0,108415,999,3,0.54,0.08,0.0,0.03,48,-15,-44,0,2.92,-0.2,0.0022,0.006,18.26,22.92,11.45
389.622,before,-8.499,52.1380122,21.1607763,89.4,52.1380128,21.1607773,25,0.58,0.033,255,0.1678,0.0,-0.0077,-0.0168,3.032,2.612,0.73,-0.8,231.46,0.01,0.0,0.03,0.01,108415,999,3,0.54,0.08,0.0,0.03,48,-36,-24,0,2.93,-0.18,0.0021,0.0081,19.19,17.68,11.88
389.722,before,-8.399,52.1380122,21.1607763,89.4,52.1380128,21.1607772,25,0.58,0.024,255,0.0,0.0,-0.0084,-0.0362,3.022,2.611,0.51,-1.16,231.44,0.02,0.0,0.01,0.01,108415,999,3,0.54,0.14,0.0,0.0,48,45,59,0,2.93,-0.18,0.0028,0.0096,21.59,17.14,11.42
389.822,before,-8.299,52.1380122,21.1607763,89.39,52.1380128,21.1607772,25,0.58,0.024,255,0.0,0.0,-0.0668,-0.0119,3.04,2.609,0.25,-1.13,231.67,0.02,0.0,0.01,0.02,108415,999,3,0.54,0.14,0.0,0.0,48,16,0,0,2.93,-0.18,0.0018,0.0063,22.2,18.37,9.27
389.922,before,-8.199,52.1380122,21.1607763,89.39,52.1380128,21.1607772,25,0.58,0.029,255,0.0,-0.1678,-0.0206,0.024,3.044,2.609,-0.11,-1.13,232.11,0.03,0.0,0.01,0.01,108415,999,3,0.54,0.14,-0.02,-0.04,48,74,29,0,2.94,-0.17,0.0044,0.0149,19.24,21.26,14.33
390.022,before,-8.099,52.1380122,21.1607763,89.39,52.1380128,21.1607772,25,0.58,0.029,255,0.1678,0.0,0.0754,0.0249,3.034,2.608,0.26,-0.98,232.58,0.03,0.0,0.01,0.02,108415,999,3,0.54,0.14,-0.02,-0.04,48,-42,-21,0,2.94,-0.19,0.0027,0.0103,16.36,22.17,15.04
390.122,before,-7.999,52.1380122,21.1607763,89.39,52.1380128,21.1607771,25,0.58,0.039,255,0.0,0.0,0.0068,-0.05,3.022,2.607,0.25,-1.23,233.06,0.02,0.0,0.0,0.0,108415,999,3,0.54,0.15,0.05,0.02,48,0,32,0,2.94,-0.18,0.0042,0.0089,12.9,20.78,11.19
390.223,before,-7.899,52.1380122,21.1607763,89.39,52.1380128,21.1607771,25,0.58,0.039,255,0.0,0.0,-0.0345,0.0354,3.028,2.604,0.22,-1.07,233.61,0.02,0.0,0.0,0.02,108415,999,3,0.54,0.15,0.05,0.02,48,-13,-27,0,2.94,-0.17,0.0032,0.0074,14.36,17.16,10.26
390.322,before,-7.799,52.1380122,21.1607763,89.38,52.1380128,21.1607772,25,0.58,0.078,255,0.0,0.0,0.0254,-0.0197,3.03,2.6,0.12,-1.15,234.15,0.02,0.0,0.03,0.0,108415,999,3,0.54,0.12,0.02,-0.06,48,33,21,0,2.93,-0.17,0.0052,0.0067,15.52,15.8,9.76
390.422,before,-7.699,52.1380122,21.1607763,89.38,52.1380128,21.1607772,25,0.58,0.078,255,0.3357,0.0,0.0927,0.0222,3.02,2.597,0.66,-1.11,234.52,0.02,0.0,0.01,0.01,108415,999,3,0.54,0.12,0.02,-0.06,48,-117,-11,0,2.93,-0.17,0.0037,0.0074,13.29,16.12,10.55
390.522,before,-7.599,52.1380122,21.1607764,89.38,52.1380128,21.1607773,25,0.58,0.029,255,0.0,0.0,-0.046,-0.0144,3.046,2.594,0.54,-1.26,234.76,0.01,0.0,0.0,0.01,108415,999,3,0.54,0.15,0.01,0.0,48,21,45,0,2.93,-0.18,0.0023,0.004,13.3,17.0,11.32
390.622,before,-7.499,52.1380122,21.1607764,89.38,52.1380128,21.1607773,25,0.58,0.029,255,0.0,0.1678,0.0064,0.0421,3.028,2.591,0.4,-0.99,234.96,0.01,0.0,0.01,0.0,108415,999,3,0.54,0.15,0.01,0.0,48,-147,-72,0,2.93,-0.18,0.0018,0.0027,12.75,14.65,10.05
390.723,before,-7.399,52.1380122,21.1607764,89.37,52.1380128,21.1607773,25,0.58,0.045,255,0.0,-0.1678,0.0262,-0.0472,3.04,2.588,0.6,-1.07,235.04,0.02,0.0,0.01,0.0,108415,999,3,0.54,0.14,0.02,0.0,48,-47,12,0,2.92,-0.19,0.0025,0.0024,14.31,13.37,10.88
390.822,before,-7.299,52.1380122,21.1607764,89.37,52.1380128,21.1607773,25,0.58,0.045,255,0.1678,0.0,0.0114,0.051,3.028,2.588,0.69,-1.1,235.16,0.02,0.0,0.02,0.0,108415,999,3,0.54,0.14,0.02,0.0,48,144,43,0,2.93,-0.19,0.0017,0.0092,14.49,15.49,10.87
390.922,before,-7.199,52.1380122,21.1607764,89.38,52.1380129,21.1607774,25,0.58,0.101,255,0.0,0.0,-0.0613,0.0056,3.018,2.59,0.49,-0.9,235.23,0.04,0.0,0.01,0.01,108415,999,3,0.54,0.12,-0.09,-0.04,48,180,-55,0,2.94,-0.17,0.0073,0.0172,12.6,15.3,11.1
391.022,before,-7.099,52.1380122,21.1607764,89.38,52.1380129,21.1607774,25,0.58,0.101,255,0.0,0.0,0.0242,-0.0246,3.045,2.595,0.39,-0.95,235.18,0.04,0.0,0.03,0.01,108415,999,3,0.54,0.12,-0.09,-0.04,48,68,-2,0,2.95,-0.16,0.0053,0.0192,13.48,13.41,11.48
391.122,before,-6.999,52.1380123,21.1607764,89.39,52.138013,21.1607775,25,0.58,0.042,255,0.0,0.0,-0.0256,-0.0464,3.03,2.6,0.52,-1.11,234.96,0.01,0.0,0.0,0.0,108415,999,3,0.54,0.11,0.0,-0.01,48,-54,-139,0,2.96,-0.15,0.0049,0.0182,14.33,13.58,10.04
391.222,before,-6.899,52.1380123,21.1607764,89.39,52.138013,21.1607775,25,0.58,0.042,255,-0.1678,0.0,-0.0635,-0.0155,3.05,2.602,0.14,-1.49,234.72,0.01,0.0,0.02,0.01,108415,999,3,0.54,0.11,0.0,-0.01,48,83,-58,0,2.96,-0.15,0.0025,0.0087,12.9,14.77,11.33
391.322,before,-6.799,52.1380124,21.1607764,89.39,52.1380131,21.1607775,25,0.58,0.014,255,0.0,0.0,0.04,0.0105,3.044,2.605,0.21,-1.43,234.34,0.02,0.0,0.01,0.01,108415,999,3,0.54,0.15,0.03,0.02,48,19,-17,0,2.97,-0.14,0.003,0.0127,15.21,18.27,10.46
391.422,before,-6.699,52.1380124,21.1607764,89.39,52.1380131,21.1607775,25,0.58,0.014,255,0.0,-0.1678,-0.0732,-0.0845,3.048,2.607,0.01,-1.67,233.84,0.02,0.0,0.0,0.0,108415,999,3,0.54,0.15,0.03,0.02,48,46,31,0,2.97,-0.15,0.0026,0.0112,14.0,17.09,10.41
391.522,before,-6.599,52.1380125,21.1607764,89.4,52.1380132,21.1607774,25,0.58,0.071,255,-0.1678,0.0,-0.0414,0.0515,3.068,2.611,-0.3,-1.64,233.37,0.02,0.0,0.05,0.0,108415,999,3,0.54,0.12,0.0,0.03,48,79,-7,0,2.98,-0.14,0.0044,0.0175,14.13,17.38,11.3
391.622,before,-6.499,52.1380125,21.1607764,89.4,52.1380132,21.1607774,25,0.58,0.071,255,0.1678,0.0,0.0219,-0.0461,3.038,2.615,-0.07,-1.6,232.79,0.02,0.0,0.01,0.01,108415,999,3,0.54,0.12,0.0,0.03,48,-51,148,0,2.99,-0.15,0.0035,0.0159,21.93,15.44,10.42
391.723,before,-6.399,52.1380125,21.1607764,89.4,52.1380132,21.1607773,25,0.58,0.038,255,0.0,-0.1678,-0.0425,0.0229,3.036,2.614,-0.21,-1.79,232.37,0.06,0.0,0.01,0.01,108415,999,3,0.54,0.15,0.1,0.0,48,33,-133,0,2.98,-0.14,0.0077,0.0102,18.06,15.09,9.74
391.822,before,-6.299,52.1380125,21.1607764,89.39,52.1380132,21.1607773,25,0.58,0.038,255,0.0,0.0,-0.0623,0.057,3.044,2.608,-0.48,-1.43,232.05,0.06,0.0,0.03,0.01,108415,999,3,0.54,0.15,0.1,0.0,48,45,-60,0,2.97,-0.15,0.006,0.0085,12.77,16.27,9.89
391.922,before,-6.199,52.1380125,21.1607764,89.39,52.1380132,21.1607773,25,0.58,0.013,255,0.0,0.0,0.0242,-0.0025,3.04,2.603,-0.65,-1.35,231.85,0.01,0.0,0.01,0.01,108415,999,3,0.54,0.13,0.01,-0.02,48,-85,-48,0,2.97,-0.14,0.0045,0.0055,11.81,18.08,12.96
392.022,before,-6.099,52.1380125,21.1607763,89.38,52.1380132,21.1607773,25,0.58,0.013,255,0.0,0.0,-0.0606,-0.0125,3.044,2.598,-0.63,-1.27,231.82,0.01,0.0,0.0,0.01,108415,999,3,0.54,0.13,0.01,-0.02,48,-44,130,0,2.97,-0.15,0.0031,0.0047,12.99,20.2,11.25
392.122,before,-5.999,52.1380125,21.1607763,89.38,52.1380133,21.1607772,25,0.58,0.032,255,0.0,0.0,-0.0427,0.012,3.046,2.591,-1.04,-1.39,232.04,0.01,0.0,0.02,0.01,108415,999,3,0.54,0.13,0.0,0.0,48,93,39,0,2.96,-0.17,0.0025,0.0072,12.88,27.33,15.21
392.222,before,-5.899,52.1380124,21.1607763,89.37,52.1380133,21.1607772,25,0.58,0.032,255,0.1678,0.0,0.0623,0.0143,3.044,2.58,-0.86,-1.23,232.4,0.01,0.0,0.05,0.01,108415,999,3,0.54,0.13,0.0,0.0,48,-10,-47,0,2.94,-0.18,0.0033,0.0155,14.47,19.51,15.19
392.322,before,-5.799,52.1380124,21.1607764,89.35,52.1380133,21.1607772,25,0.58,0.132,255,0.0,0.0,0.0099,-0.0322,3.036,2.567,-0.74,-1.29,232.83,0.04,0.0,0.01,0.03,108415,999,3,0.54,0.15,0.07,-0.06,48,-46,-17,0,2.93,-0.18,0.0079,0.0186,12.29,25.74,16.55
392.422,before,-5.699,52.1380124,21.1607764,89.34,52.1380133,21.1607772,25,0.58,0.132,255,0.1678,0.0,0.1181,0.0439,3.022,2.56,-0.21,-1.22,233.12,0.04,0.0,0.04,0.02,108415,999,3,0.54,0.15,0.07,-0.06,48,50,-6,0,2.94,-0.18,0.0045,0.0058,15.11,26.83,15.4
392.522,before,-5.599,52.1380123,21.1607764,89.34,52.1380131,21.1607774,25,0.58,0.112,255,0.1678,0.0,0.0471,-0.0526,3.026,2.552,0.13,-1.3,233.22,0.03,0.0,0.0,0.01,108415,999,3,0.54,0.15,-0.01,-0.08,48,91,3,0,2.93,-0.18,0.0086,0.0124,19.8,21.55,14.19
392.622,before,-5.499,52.1380122,21.1607764,89.33,52.1380131,21.1607774,25,0.58,0.112,255,0.1678,0.0,0.0835,0.0596,3.034,2.545,0.65,-1.17,233.23,0.03,0.0,0.0,0.01,108415,999,3,0.54,0.15,-0.01,-0.08,48,28,-37,0,2.93,-0.18,0.0055,0.0083,16.88,17.92,11.82
392.722,before,-5.399,52.1380121,21.1607765,89.32,52.1380129,21.1607775,25,0.58,0.185,255,0.0,0.0,-0.0091,-0.0329,3.016,2.54,0.77,-1.17,233.04,0.03,0.0,0.01,0.0,108415,999,3,0.54,0.14,0.08,0.0,48,-42,158,0,2.93,-0.18,0.0059,0.0073,11.8,19.93,10.72
392.822,before,-5.299,52.138012,21.1607765,89.32,52.1380129,21.1607775,25,0.58,0.185,255,0.0,0.0,0.0179,0.0547,3.014,2.534,0.77,-1.0,232.79,0.03,0.0,0.03,0.01,108415,999,3,0.54,0.14,0.08,0.0,48,-30,-59,0,2.92,-0.18,0.0037,0.0078,11.6,15.39,11.93
392.922,before,-5.199,52.1380119,21.1607765,89.31,52.1380127,21.1607774,25,0.58,0.074,255,0.1678,0.0,0.0773,0.07,2.996,2.529,1.2,-0.68,232.4,0.03,0.0,0.01,0.0,108415,999,3,0.54,0.1,-0.03,0.0,48,-75,-72,0,2.92,-0.17,0.0016,0.0014,11.82,23.85,13.9
393.022,before,-5.099,52.1380118,21.1607765,89.31,52.1380127,21.1607774,25,0.58,0.074,255,0.0,0.0,-0.0887,-0.0237,3.004,2.527,1.02,-0.57,231.97,0.03,0.0,0.01,0.0,108415,999,3,0.54,0.1,-0.03,0.0,48,108,-94,0,2.92,-0.17,0.0019,0.0039,12.98,23.95,13.91
393.122,before,-4.999,52.1380118,21.1607765,89.31,52.1380127,21.1607772,25,0.58,0.098,255,0.0,0.0,-0.0018,0.1021,3.007,2.529,0.82,-0.29,231.7,0.05,0.01,0.02,0.0,108415,999,3,0.54,0.12,-0.11,0.05,48,-98,155,0,2.94,-0.14,0.0119,0.021,11.53,23.49,14.33
393.222,before,-4.899,52.1380118,21.1607764,89.32,52.1380127,21.1607772,25,0.58,0.098,255,0.0,0.0,-0.0289,-0.0174,3.023,2.531,0.77,-0.11,231.55,0.05,0.01,0.0,0.0,108415,999,3,0.54,0.12,-0.11,0.05,48,0,53,0,2.93,-0.15,0.0083,0.0142,14.38,18.48,11.6
393.322,before,-4.799,52.1380118,21.1607764,89.32,52.1380126,21.1607771,25,0.58,0.121,255,0.0,0.0,-0.0154,-0.0064,3.014,2.533,0.59,-0.19,231.59,0.03,0.0,0.01,0.0,108415,999,3,0.54,0.15,0.07,-0.07,48,37,-3,0,2.94,-0.15,0.0025,0.0095,14.16,16.32,11.58
393.422,before,-4.699,52.1380118,21.1607763,89.32,52.1380126,21.1607771,25,0.58,0.121,255,0.0,0.0,-0.0067,0.0175,3.006,2.535,0.63,-0.12,231.72,0.03,0.0,0.0,0.0,108415,999,3,0.54,0.15,0.07,-0.07,48,-18,-27,0,2.94,-0.15,0.0015,0.0061,13.37,24.51,13.49
393.522,before,-4.599,52.1380118,21.1607763,89.32,52.1380125,21.1607769,25,0.58,0.086,255,0.0,0.0,0.0636,0.0031,3.026,2.534,0.74,-0.13,231.92,0.03,0.0,0.02,0.0,108415,999,3,0.54,0.13,0.03,0.0,48,6,-4,0,2.93,-0.16,0.003,0.0057,17.62,19.53,12.88
393.623,before,-4.499,52.1380118,21.1607763,89.32,52.1380125,21.1607769,25,0.58,0.086,255,0.0,0.0,-0.0679,-0.0129,3.032,2.53,0.74,-0.04,232.16,0.03,0.0,0.0,0.0,108415,999,3,0.54,0.13,0.03,0.0,48,-33,-40,0,2.93,-0.17,0.0022,0.0046,16.55,22.04,12.95
393.722,before,-4.399,52.1380118,21.1607762,89.31,52.1380125,21.1607768,25,0.58,0.05,255,-0.1678,-0.1678,-0.0079,0.0298,2.996,2.527,0.36,-0.18,232.58,0.01,0.01,0.0,0.0,108415,999,3,0.54,0.14,0.03,-0.02,48,93,43,0,2.93,-0.17,0.003,0.0036,15.25,15.96,10.97
393.822,before,-4.299,52.1380117,21.1607762,89.31,52.1380125,21.1607768,25,0.58,0.05,255,0.0,0.0,0.007,0.0169,3.03,2.526,0.41,0.05,233.06,0.01,0.01,0.01,0.0,108415,999,3,0.54,0.14,0.03,-0.02,48,-4,-66,0,2.94,-0.14,0.002,0.0035,13.9,14.41,8.88
393.922,before,-4.199,52.1380117,21.1607762,89.31,52.1380125,21.1607768,25,0.58,0.027,255,-0.1678,0.0,-0.046,0.0065,3.03,2.526,0.2,0.03,233.51,0.01,0.01,0.02,0.01,108415,999,3,0.54,0.12,-0.01,0.0,48,66,6,0,2.94,-0.14,0.0022,0.0064,12.95,14.72,9.04
394.022,before,-4.099,52.1380117,21.1607762,89.31,52.1380125,21.1607768,25,0.58,0.027,255,0.0,0.0,0.0281,-0.0008,3.04,2.526,0.28,0.06,233.74,0.01,0.01,0.0,0.0,108415,999,3,0.54,0.12,-0.01,0.0,48,36,-2,0,2.94,-0.17,0.0018,0.0037,14.08,11.69,8.67
394.122,before,-3.999,52.1380118,21.1607762,89.31,52.1380126,21.1607767,25,0.58,0.064,255,0.0,0.0,-0.0231,-0.0889,3.012,2.529,0.04,-0.33,233.77,0.01,0.01,0.02,0.0,108415,999,3,0.54,0.13,-0.02,0.02,48,49,43,0,2.95,-0.16,0.0055,0.0115,12.12,13.86,11.1
394.222,before,-3.899,52.1380119,21.1607762,89.32,52.1380126,21.1607767,25,0.58,0.064,255,0.0,0.0,-0.0428,-0.0933,3.028,2.532,0.03,-0.73,233.64,0.01,0.01,0.01,0.01,108415,999,3,0.54,0.13,-0.02,0.02,48,-187,65,0,2.96,-0.14,0.0041,0.0098,12.45,17.05,10.21
394.322,before,-3.799,52.1380119,21.1607762,89.32,52.1380127,21.1607767,25,0.58,0.007,255,0.0,0.0,0.0075,-0.0007,3.044,2.539,-0.1,-1.01,233.43,0.02,0.01,0.04,0.01,108415,999,3,0.54,0.14,0.04,0.03,48,-115,-223,0,2.97,-0.13,0.0068,0.0201,15.28,20.8,12.15
394.422,before,-3.699,52.138012,21.1607762,89.33,52.1380127,21.1607767,25,0.58,0.007,255,0.0,0.0,0.009,-0.0546,3.042,2.548,-0.06,-1.17,233.11,0.02,0.01,0.04,0.03,108415,999,3,0.54,0.14,0.04,0.03,48,4,29,0,2.99,-0.14,0.0057,0.0226,19.76,25.16,12.32
394.522,before,-3.599,52.1380121,21.1607762,89.34,52.1380129,21.1607767,25,0.58,0.168,255,0.0,0.0,0.0248,0.0599,3.036,2.555,0.15,-1.02,232.82,0.04,0.01,0.0,0.01,108415,999,3,0.54,0.13,-0.12,0.01,48,-39,-168,0,2.99,-0.13,0.0128,0.024,17.97,20.15,14.73
394.622,before,-3.499,52.1380122,21.1607762,89.35,52.1380129,21.1607767,25,0.58,0.168,255,0.0,0.0,-0.0165,-0.0428,3.048,2.561,0.02,-1.2,232.55,0.04,0.01,0.02,0.01,108415,999,3,0.54,0.13,-0.12,0.01,48,48,58,0,3.0,-0.11,0.0089,0.0207,15.07,24.14,14.29
394.722,before,-3.399,52.1380123,21.1607762,89.35,52.1380132,21.1607768,25,0.58,0.098,255,0.0,0.0,-0.005,-0.0386,3.062,2.565,0.06,-1.33,232.35,0.0,0.01,0.01,0.0,108415,999,3,0.54,0.12,-0.02,0.0,48,-5,40,0,3.01,-0.11,0.0089,0.02,15.27,23.79,13.95
394.822,before,-3.299,52.1380124,21.1607762,89.35,52.1380132,21.1607768,25,0.58,0.098,255,0.0,0.0,-0.0632,0.0171,3.048,2.568,-0.22,-1.42,232.22,0.0,0.01,0.0,0.02,108415,999,3,0.54,0.12,-0.02,0.0,48,51,-119,0,3.01,-0.13,0.0057,0.0133,16.24,22.82,12.63
394.922,before,-3.199,52.1380124,21.1607763,89.35,52.1380133,21.1607769,25,0.58,0.073,255,0.0,0.0,-0.0134,-0.0048,3.066,2.569,-0.34,-1.37,232.05,0.02,0.01,0.0,0.01,108415,999,3,0.54,0.12,0.0,-0.02,48,4,15,0,3.01,-0.13,0.0053,0.0132,13.55,25.54,13.09
395.023,before,-3.099,52.1380125,21.1607764,89.35,52.1380133,21.1607769,25,0.58,0.073,255,0.0,0.0,0.0729,-0.0219,3.06,2.569,-0.22,-1.56,231.88,0.02,0.01,0.0,0.0,108415,999,3,0.54,0.12,0.0,-0.02,48,-26,71,0,3.01,-0.12,0.003,0.007,14.06,22.02,10.5
395.122,before,-2.999,52.1380125,21.1607764,89.35,52.1380134,21.160777,25,0.58,0.064,255,0.1678,0.0,-0.0075,-0.0494,3.057,2.567,0.01,-1.68,231.68,0.0,0.01,0.01,0.01,108415,999,3,0.54,0.1,-0.01,0.0,48,-93,24,0,3.01,-0.13,0.0031,0.0072,16.98,20.2,12.64
395.222,before,-2.899,52.1380126,21.1607765,89.35,52.1380134,21.160777,25,0.58,0.064,255,0.0,0.0,0.0081,0.0479,3.072,2.563,0.07,-1.67,231.46,0.0,0.01,0.0,0.02,108415,999,3,0.54,0.1,-0.01,0.0,48,0,65,0,3.0,-0.14,0.0015,0.0034,15.6,17.97,15.25
395.322,before,-2.799,52.1380126,21.1607765,89.34,52.1380134,21.1607771,25,0.58,0.104,255,0.0,0.0,-0.0944,-0.0587,3.065,2.559,-0.31,-1.75,231.24,0.03,0.0,0.0,0.01,108415,999,3,0.54,0.15,0.1,-0.02,48,9,-17,0,3.0,-0.14,0.0063,0.0066,13.63,17.27,15.73
395.422,before,-2.699,52.1380125,21.1607766,89.34,52.1380134,21.1607771,25,0.58,0.104,255,0.0,0.0,0.0139,0.0863,3.064,2.553,-0.47,-1.61,231.11,0.03,0.0,0.0,0.0,108415,999,3,0.54,0.15,0.1,-0.02,48,47,41,0,3.0,-0.15,0.0049,0.0068,13.26,17.85,13.24
395.522,before,-2.599,52.1380125,21.1607766,89.33,52.1380133,21.1607772,25,0.58,0.038,255,0.0,0.0,0.0648,0.0091,3.048,2.549,-0.13,-1.36,230.92,0.01,0.01,0.01,0.02,108415,999,3,0.54,0.15,0.0,0.05,48,-81,-55,0,3.0,-0.15,0.005,0.0065,16.76,20.79,13.86
395.622,before,-2.499,52.1380125,21.1607767,89.33,52.1380133,21.1607772,25,0.58,0.038,255,0.0,0.0,0.0682,0.0212,3.038,2.546,0.17,-1.26,230.79,0.01,0.01,0.01,0.01,108415,999,3,0.54,0.15,0.0,0.05,48,-57,-12,0,3.0,-0.14,0.0037,0.0055,20.82,14.96,11.12
395.722,before,-2.399,52.1380125,21.1607766,89.33,52.1380134,21.1607772,25,0.58,0.028,255,0.0,0.0,0.0144,-0.0258,3.038,2.545,0.51,-1.26,230.71,0.03,0.01,0.04,0.01,108415,999,3,0.54,0.13,-0.05,0.06,48,-99,-12,0,3.0,-0.13,0.0077,0.0125,25.06,23.89,11.44
395.822,before,-2.299,52.1380125,21.1607766,89.33,52.1380134,21.1607772,25,0.58,0.028,255,0.0,0.0,0.0476,0.0328,3.034,2.545,0.68,-1.33,230.71,0.03,0.01,0.01,0.01,108415,999,3,0.54,0.13,-0.05,0.06,48,-47,24,0,3.0,-0.12,0.0049,0.0096,21.21,27.35,10.99
395.922,before,-2.199,52.1380125,21.1607766,89.33,52.1380133,21.1607772,25,0.58,0.095,255,0.0,0.0,-0.0655,-0.0495,3.032,2.548,0.48,-1.33,230.76,0.02,0.0,0.02,0.01,108415,999,3,0.54,0.14,0.03,0.0,48,203,-9,0,3.01,-0.1,0.0047,0.0148,19.62,18.53,11.43
396.022,before,-2.099,52.1380125,21.1607765,89.34,52.1380133,21.1607772,25,0.58,0.095,255,0.1678,0.0,0.0121,0.0479,3.02,2.553,0.45,-1.3,230.85,0.02,0.0,0.04,0.0,108415,999,3,0.54,0.14,0.03,0.0,48,-32,-22,0,3.02,-0.09,0.0042,0.0185,20.39,19.02,11.06
396.122,before,-2.0,52.1380124,21.1607765,89.34,52.1380131,21.1607773,25,0.58,0.152,255,0.0,0.0,-0.0486,-0.0132,3.008,2.56,0.21,-1.34,231.06,0.03,0.0,0.03,0.0,108415,999,3,0.54,0.15,0.08,-0.06,48,-7,-49,0,3.03,-0.08,0.0079,0.0206,19.55,20.81,13.99
396.222,before,-1.899,52.1380124,21.1607765,89.35,52.1380131,21.1607773,25,0.58,0.152,255,0.0,0.0,-0.016,0.024,3.024,2.564,0.06,-1.17,231.39,0.03,0.0,0.0,0.0,108415,999,3,0.54,0.15,0.08,-0.06,48,14,-33,0,3.03,-0.08,0.0057,0.0132,15.58,27.07,13.9
396.322,before,-1.799,52.1380123,21.1607765,89.35,52.1380131,21.1607773,25,0.58,0.072,255,0.1678,0.1678,0.0244,0.0675,3.016,2.569,0.07,-0.89,231.8,0.04,0.01,0.03,0.01,108415,999,3,0.54,0.12,-0.1,0.03,48,4,128,0,3.03,-0.06,0.0054,0.0137,17.09,21.09,11.64
396.422,before,-1.699,52.1380123,21.1607765,89.36,52.1380131,21.1607773,25,0.58,0.072,255,0.0,0.0,0.0036,-0.0028,3.008,2.576,0.19,-0.78,232.16,0.04,0.01,0.03,0.0,108415,999,3,0.54,0.12,-0.1,0.03,48,-40,111,0,3.04,-0.05,0.004,0.0146,17.0,20.57,13.19
396.522,before,-1.599,52.1380123,21.1607765,89.37,52.1380131,21.1607772,25,0.58,0.151,255,0.1678,0.0,0.0708,0.0141,3.006,2.581,0.36,-0.75,232.44,0.03,0.01,0.0,0.01,108415,999,3,0.54,0.15,0.07,0.0,48,162,-15,0,3.05,-0.05,0.0044,0.0109,20.73,21.29,10.79
396.622,before,-1.499,52.1380122,21.1607765,89.37,52.1380131,21.1607772,25,0.58,0.151,255,0.0,0.0,-0.0327,-0.0418,3.006,2.586,0.44,-0.79,232.59,0.03,0.01,0.02,0.01,108415,999,3,0.54,0.15,0.07,0.0,48,-58,-32,0,3.05,-0.03,0.0034,0.0103,18.65,20.97,12.37
396.722,before,-1.399,52.1380121,21.1607765,89.38,52.1380128,21.1607773,25,0.58,0.156,255,0.0,0.0,0.0145,0.0506,3.004,2.59,0.39,-0.72,232.7,0.05,0.0,0.02,0.01,108415,999,3,0.54,0.12,0.1,-0.01,48,-2,-16,0,3.05,-0.03,0.0098,0.0135,17.44,15.45,10.87
396.822,before,-1.299,52.138012,21.1607765,89.38,52.1380128,21.1607773,25,0.58,0.156,255,0.0,0.0,0.0278,0.03,3.002,2.595,0.54,-0.55,232.73,0.05,0.0,0.02,0.0,108415,999,3,0.54,0.12,0.1,-0.01,48,-43,-43,0,3.06,-0.02,0.007,0.0116,19.45,18.05,14.81
396.922,before,-1.199,52.1380119,21.1607765,89.38,52.1380125,21.1607773,25,0.58,0.135,255,0.3355,0.0,0.0946,0.0315,3.008,2.598,1.0,-0.41,232.68,0.03,0.0,0.0,0.02,108415,999,3,0.54,0.13,0.08,0.02,48,54,127,0,3.05,-0.02,0.0104,0.015,17.62,18.01,14.36
397.022,before,-1.099,52.1380118,21.1607765,89.38,52.1380125,21.1607773,25,0.58,0.135,255,0.0,0.0,0.0339,0.0125,3.02,2.597,1.2,-0.35,232.56,0.03,0.0,0.02,0.01,108415,999,3,0.54,0.13,0.08,0.02,48,-38,-19,0,3.04,-0.04,0.007,0.0147,14.46,17.15,12.81
397.122,before,-0.999,52.1380118,21.1607765,89.38,52.1380124,21.1607772,25,0.58,0.073,255,0.0,0.0,-0.0561,-0.0231,3.007,2.596,1.17,-0.28,232.38,0.03,0.0,0.01,0.0,108415,999,3,0.54,0.12,0.01,-0.03,48,158,-21,0,3.05,-0.04,0.0052,0.0116,13.66,22.85,14.76
397.222,before,-0.899,52.1380117,21.1607765,89.38,52.1380124,21.1607772,25,0.58,0.073,255,0.0,0.0,-0.0371,0.0397,3.018,2.596,0.86,-0.25,232.28,0.03,0.0,0.02,0.01,108415,999,3,0.54,0.12,0.01,-0.03,48,49,34,0,3.05,-0.03,0.0033,0.0078,17.97,19.49,13.75
397.322,before,-0.799,52.1380117,21.1607765,89.38,52.1380123,21.1607773,25,0.58,0.065,255,0.0,0.0,-0.0312,-0.0401,3.004,2.596,0.72,-0.33,232.23,0.01,0.0,0.0,0.01,108415,999,3,0.54,0.16,0.01,-0.02,48,14,-36,0,3.05,-0.04,0.0038,0.0086,19.18,16.6,12.19
397.422,before,-0.699,52.1380117,21.1607765,89.38,52.1380123,21.1607773,25,0.58,0.065,255,0.0,0.0,0.0418,0.0042,2.992,2.597,0.69,-0.34,232.28,0.01,0.0,0.03,0.0,108415,999,3,0.54,0.16,0.01,-0.02,48,39,9,0,3.06,-0.03,0.0026,0.0055,18.16,18.92,15.97
397.522,before,-0.6,52.1380117,21.1607765,89.38,52.1380124,21.1607773,25,0.58,0.151,255,0.1678,0.0,-0.0307,-0.0369,3.004,2.599,0.75,-0.46,232.35,0.05,0.01,0.0,0.01,108415,999,3,0.54,0.12,-0.14,-0.04,48,-45,8,0,3.05,-0.02,0.0131,0.016,18.29,19.88,13.46
397.622,before,-0.499,52.1380118,21.1607765,89.38,52.1380124,21.1607773,25,0.58,0.151,255,0.0,0.0,0.0333,-0.0238,2.984,2.598,0.71,-0.64,232.41,0.05,0.01,0.0,0.01,108415,999,3,0.54,0.12,-0.14,-0.04,48,41,39,0,3.05,-0.02,0.0093,0.0134,17.91,21.32,14.02
397.722,before,-0.399,52.1380118,21.1607766,89.38,52.1380125,21.1607775,25,0.58,0.066,255,0.0,0.0,-0.0396,-0.0658,2.986,2.597,0.69,-0.85,232.44,0.02,0.0,0.0,0.0,108415,999,3,0.54,0.15,0.06,-0.01,48,146,26,0,3.05,-0.03,0.0044,0.0113,19.14,20.92,12.44
397.822,before,-0.3,52.1380118,21.1607767,89.38,52.1380125,21.1607775,25,0.58,0.066,255,0.0,0.0,0.0336,0.0067,2.97,2.596,0.62,-1.19,232.47,0.02,0.0,0.01,0.01,108415,999,3,0.54,0.15,0.06,-0.01,48,41,103,0,3.05,-0.01,0.003,0.0073,19.12,17.42,11.31
397.922,before,-0.199,52.1380118,21.1607767,89.38,52.1380126,21.1607776,25,0.58,0.146,255,0.0,0.0,-0.045,-0.0488,2.99,2.6,0.61,-1.18,232.57,0.05,0.0,0.01,0.0,108415,999,3,0.54,0.15,-0.12,-0.02,48,-11,-13,0,3.06,0.0,0.011,0.0159,19.44,18.03,11.36
398.022,before,-0.099,52.1380119,21.1607768,89.39,52.1380126,21.1607776,25,0.58,0.146,255,0.0,0.0,0.0273,0.0468,2.986,2.605,0.56,-1.27,232.8,0.05,0.0,0.01,0.0,108415,1507,3,0.54,0.15,-0.12,-0.02,48,-158,-118,0,3.07,0.0,0.0075,0.011,15.93,24.42,13.46
398.122,flow_only,0.001,52.138012,21.1607768,89.39,52.1380128,21.1607776,25,0.58,0.096,255,0.0,0.1678,0.029,-0.007,2.978,2.609,0.8,-1.16,233.06,0.03,0.0,0.01,0.0,108415,1507,3,0.54,0.13,-0.05,0.07,48,-57,-6,0,3.06,0.0,0.0106,0.0152,12.96,25.95,13.47
398.222,flow_only,0.101,52.1380121,21.1607767,89.39,52.1380128,21.1607776,25,0.58,0.096,255,0.0,-0.1678,0.0183,-0.0436,2.982,2.61,0.78,-1.42,233.34,0.03,0.0,0.01,0.0,108415,1507,3,0.54,0.13,-0.05,0.07,48,7,35,0,3.06,0.0,0.0069,0.0137,17.38,23.02,12.89
398.322,flow_only,0.2,52.1380121,21.1607767,89.39,52.1380129,21.1607775,25,0.58,0.026,255,0.0,0.0,-0.0492,0.005,2.976,2.61,0.76,-1.39,233.62,0.03,0.0,0.0,0.01,108415,1507,3,0.54,0.16,-0.05,0.07,48,-18,11,0,3.06,-0.01,0.0054,0.0112,17.79,20.67,12.27
398.422,flow_only,0.3,52.1380122,21.1607767,89.39,52.1380129,21.1607775,25,0.58,0.026,255,0.0,0.0,-0.0599,0.0467,2.996,2.608,0.32,-1.28,233.88,0.03,0.0,0.02,0.0,108415,1507,3,0.54,0.16,-0.05,0.07,48,101,16,0,3.05,-0.01,0.005,0.0163,14.17,20.68,12.79
398.522,flow_only,0.401,52.1380122,21.1607766,89.39,52.1380128,21.1607776,25,0.58,0.094,255,0.0,0.1678,0.0281,0.0334,2.982,2.607,0.4,-1.01,233.96,0.03,0.0,0.0,0.01,108415,1507,3,0.54,0.16,-0.05,0.07,48,-143,276,0,3.05,-0.01,0.0142,0.0222,14.8,22.0,11.97
398.622,flow_only,0.501,52.1380122,21.1607765,89.39,52.1380128,21.1607776,25,0.58,0.094,255,-0.1679,0.0,-0.0466,-0.0342,2.984,2.606,0.19,-1.17,233.87,0.03,0.0,0.01,0.01,108415,1507,3,0.54,0.16,-0.05,0.07,48,47,2,0,3.06,0.0,0.0074,0.0125,16.54,18.68,11.93
398.722,flow_only,0.6,52.1380122,21.1607764,89.39,52.1380128,21.1607776,25,0.58,0.027,255,0.0,0.0,-0.0376,0.0458,2.982,2.608,0.03,-0.85,233.69,0.03,0.0,0.01,0.0,108415,1507,3,0.54,0.14,-0.05,0.07,48,33,-72,0,3.06,0.0,0.0066,0.0116,14.37,14.87,10.12
398.822,flow_only,0.701,52.1380122,21.1607763,89.39,52.1380128,21.1607776,25,0.58,0.027,255,0.0,0.0,-0.0101,0.03,2.976,2.609,-0.15,-0.72,233.46,0.03,0.0,0.0,0.0,108415,1507,3,0.54,0.14,-0.05,0.07,48,-96,-26,0,3.06,0.0,0.0084,0.0121,14.9,19.22,12.35
398.922,flow_only,0.801,52.1380122,21.1607762,89.4,52.1380128,21.1607775,25,0.58,0.092,255,0.0,0.0,0.0018,0.0175,2.974,2.613,0.02,-0.55,233.14,0.03,0.0,0.02,0.0,108415,1507,3,0.54,0.13,-0.05,0.07,48,-27,133,0,3.07,0.0,0.01,0.015,15.14,18.22,11.0
399.022,flow_only,0.901,52.1380122,21.1607761,89.4,52.1380128,21.1607775,25,0.58,0.092,255,0.0,0.0,-0.0244,0.024,2.95,2.616,-0.15,-0.59,232.77,0.03,0.0,0.0,0.02,108415,1507,3,0.54,0.13,-0.05,0.07,48,52,25,0,3.07,0.02,0.0058,0.0103,20.53,16.49,10.08
399.122,flow_only,1.0,52.1380122,21.160776,89.4,52.1380129,21.1607775,25,0.58,0.082,255,-0.1678,0.0,-0.0849,-0.012,2.954,2.619,-0.56,-0.55,232.39,0.03,0.0,0.0,0.02,108415,1507,3,0.54,0.16,-0.05,0.07,48,-76,162,0,3.07,0.03,0.0154,0.0234,16.92,16.66,11.74
399.222,flow_only,1.101,52.1380123,21.1607758,89.41,52.1380129,21.1607775,25,0.58,0.082,255,0.0,0.0,0.004,0.0443,2.962,2.622,-0.71,-0.33,232.0,0.03,0.0,0.01,0.01,108415,1507,3,0.54,0.16,-0.05,0.07,48,-129,-72,0,3.08,0.04,0.0202,0.0305,13.85,19.67,12.51
399.322,flow_only,1.201,52.1380123,21.1607756,89.41,52.1380129,21.1607775,25,0.58,0.025,255,0.0,0.0,-0.0336,0.0399,2.958,2.629,-0.76,-0.16,231.63,0.03,0.0,0.04,0.0,108415,1507,3,0.54,0.15,-0.05,0.07,48,-2,130,0,3.09,0.04,0.0156,0.0265,10.68,20.7,12.12
399.422,flow_only,1.3,52.1380124,21.1607755,89.42,52.1380129,21.1607775,25,0.58,0.025,255,0.1678,0.0,0.0808,-0.0106,2.962,2.639,-0.53,-0.17,231.33,0.03,0.0,0.04,0.0,108415,1507,3,0.54,0.15,-0.05,0.07,48,31,-35,0,3.11,0.06,0.0051,0.0164,11.82,23.85,13.46
399.522,flow_only,1.401,52.1380124,21.1607755,89.43,52.138013,21.1607774,25,0.58,0.099,255,0.0,-0.1678,-0.047,-0.0685,2.954,2.646,-0.49,-0.35,231.17,0.03,0.0,0.03,0.02,108415,1507,3,0.54,0.16,-0.05,0.07,48,-57,7,0,3.1,0.05,0.0081,0.0137,13.95,21.11,11.44
399.622,flow_only,1.501,52.1380124,21.1607754,89.44,52.138013,21.1607774,25,0.58,0.099,255,0.0,0.0,0.0139,0.0101,2.956,2.653,-0.55,-0.63,231.22,0.03,0.0,0.04,0.01,108415,1507,3,0.54,0.16,-0.05,0.07,48,30,107,0,3.11,0.07,0.0091,0.0186,16.6,16.68,8.93
399.722,flow_only,1.601,52.1380124,21.1607753,89.45,52.138013,21.1607776,25,0.58,0.092,255,0.0,0.0,-0.0429,-0.0081,2.97,2.661,-0.58,-0.49,231.28,0.03,0.0,0.0,0.0,108415,1507,3,0.54,0.13,-0.05,0.07,48,-31,-49,0,3.12,0.07,0.0044,0.01,18.05,14.4,10.72
399.822,flow_only,1.701,52.1380124,21.1607752,89.45,52.138013,21.1607776,25,0.58,0.092,255,-0.1678,0.0,-0.0292,0.013,2.974,2.666,-0.79,-0.51,231.44,0.03,0.0,0.01,0.02,108415,1507,3,0.54,0.13,-0.05,0.07,48,29,32,0,3.11,0.06,0.0053,0.0107,18.86,18.45,14.17
399.922,flow_only,1.801,52.1380124,21.1607752,89.45,52.138013,21.1607778,25,0.58,0.058,255,0.1678,0.0,0.1041,0.0091,2.976,2.668,-0.45,-0.39,231.61,0.03,0.0,0.0,0.0,108415,1507,3,0.54,0.13,-0.05,0.07,48,-51,-13,0,3.12,0.06,0.0091,0.0166,18.8,18.87,14.83
400.022,flow_only,1.901,52.1380125,21.1607752,89.46,52.138013,21.1607778,25,0.58,0.058,255,0.1677,0.0,-0.0108,-0.0709,2.982,2.67,-0.34,-0.62,231.79,0.03,0.0,0.01,0.02,108415,1507,3,0.54,0.13,-0.05,0.07,48,-25,57,0,3.11,0.06,0.0058,0.0137,19.78,19.73,14.64
400.122,flow_only,2.0,52.1380124,21.1607752,89.45,52.1380129,21.1607779,25,0.58,0.069,255,0.0,0.0,0.0716,0.0225,2.986,2.666,-0.07,-0.74,232.01,0.03,0.0,0.05,0.0,108415,1507,3,0.54,0.07,-0.05,0.07,48,-66,-137,0,3.09,0.03,0.0066,0.0256,16.32,23.64,15.34
400.222,flow_only,2.1,52.1380124,21.1607753,89.44,52.1380129,21.1607779,25,0.58,0.069,255,0.0,0.0,-0.0376,-0.054,2.996,2.657,-0.15,-0.84,232.34,0.03,0.0,0.04,0.01,108415,1507,3,0.54,0.07,-0.05,0.07,48,19,-140,0,3.08,0.0,0.0194,0.046,16.84,23.54,11.07
400.322,flow_only,2.2,52.1380124,21.1607756,89.43,52.138013,21.1607782,25,0.58,0.122,255,0.0,0.0,0.0383,0.0349,2.99,2.647,-0.01,-0.81,232.77,0.03,0.0,0.01,0.0,108415,1507,3,0.54,0.1,-0.05,0.07,48,9,80,0,3.07,-0.01,0.0118,0.0344,17.05,19.62,10.94
400.422,flow_only,2.3,52.1380124,21.1607757,89.43,52.138013,21.1607782,25,0.58,0.122,255,0.1678,-0.1678,-0.0006,-0.0886,2.992,2.64,-0.11,-1.05,233.27,0.03,0.0,0.03,0.01,108415,1507,3,0.54,0.1,-0.05,0.07,48,155,1,0,3.08,-0.01,0.0142,0.0297,16.56,16.36,13.83
400.522,flow_only,2.401,52.1380124,21.160776,89.42,52.138013,21.1607785,25,0.58,0.114,255,0.0,0.0,0.0655,0.0447,2.992,2.638,0.16,-1.11,233.9,0.03,0.0,0.0,0.0,108415,1507,3,0.54,0.14,-0.05,0.07,48,-30,97,0,3.08,0.0,0.0084,0.0189,13.83,19.86,12.69
400.622,flow_only,2.5,52.1380124,21.1607762,89.42,52.138013,21.1607785,25,0.58,0.114,255,0.0,0.0,-0.0322,-0.0802,2.99,2.636,0.11,-1.35,234.48,0.03,0.0,0.0,0.01,108415,1507,3,0.54,0.14,-0.05,0.07,48,-57,17,0,3.08,0.0,0.0104,0.0217,18.0,18.58,13.0
400.722,flow_only,2.6,52.1380124,21.1607763,89.42,52.138013,21.1607789,25,0.58,0.1,255,0.0,0.0,0.0613,0.0648,3.008,2.636,0.29,-1.28,234.97,0.03,0.0,0.0,0.01,108415,1507,3,0.54,0.09,-0.05,0.07,48,-15,67,0,3.08,0.0,0.0069,0.0154,15.04,16.86,11.27
400.822,flow_only,2.701,52.1380124,21.1607767,89.42,52.138013,21.1607789,25,0.58,0.1,255,0.0,-0.1678,0.0074,-0.0317,3.002,2.636,0.41,-1.31,235.22,0.03,0.0,0.03,0.0,108415,1507,3,0.54,0.09,-0.05,0.07,48,111,4,0,3.07,0.0,0.0153,0.034,14.88,17.71,11.44
400.922,flow_only,2.801,52.1380124,21.1607768,89.42,52.138013,21.1607792,25,0.58,0.139,255,0.0,0.0,0.0792,-0.0219,3.0,2.635,0.66,-1.43,235.24,0.03,0.0,0.0,0.01,108415,1507,3,0.54,0.12,-0.05,0.07,48,-36,36,0,3.07,-0.01,0.006,0.016,16.37,17.48,12.25
401.022,flow_only,2.901,52.1380124,21.1607768,89.42,52.138013,21.1607792,25,0.58,0.139,255,0.0,0.0,-0.0214,-0.0387,3.014,2.634,0.89,-1.53,234.91,0.03,0.0,0.01,0.0,108415,1507,3,0.54,0.12,-0.05,0.07,48,78,16,0,3.07,-0.01,0.0067,0.0169,16.33,20.24,13.48
401.122,flow_only,3.0,52.1380124,21.1607768,89.42,52.1380129,21.1607794,25,0.58,0.039,255,0.0,0.0,-0.0374,-0.0243,3.012,2.632,0.56,-1.87,234.37,0.03,0.0,0.0,0.01,108415,1507,3,0.54,0.12,-0.05,0.07,48,67,91,0,3.07,-0.01,0.016,0.0338,14.25,17.37,12.55
401.222,flow_only,3.1,52.1380124,21.1607768,89.41,52.1380129,21.1607794,25,0.58,0.039,255,0.0,0.0,-0.0359,0.0802,3.016,2.627,0.4,-1.44,233.73,0.03,0.0,0.04,0.01,108415,1507,3,0.54,0.12,-0.05,0.07,48,33,-91,0,3.06,-0.04,0.0121,0.0299,16.16,18.77,12.53
401.322,flow_only,3.201,52.1380124,21.1607768,89.4,52.138013,21.1607796,25,0.58,0.079,255,0.0,0.0,-0.0843,-0.0157,3.018,2.618,0.01,-1.31,233.12,0.03,0.0,0.02,0.0,108415,1507,3,0.54,0.12,-0.05,0.07,48,70,143,0,3.05,-0.04,0.0141,0.0352,15.8,20.89,11.28
401.422,flow_only,3.301,52.1380123,21.1607768,89.39,52.138013,21.1607796,25,0.58,0.079,255,-0.1678,0.0,-0.0282,0.0408,3.018,2.609,-0.26,-1.34,232.6,0.03,0.0,0.01,0.0,108415,1507,3,0.54,0.12,-0.05,0.07,48,87,30,0,3.05,-0.05,0.0154,0.0373,17.48,18.33,12.92
401.522,flow_only,3.4,52.1380122,21.1607768,89.39,52.1380131,21.1607796,25,0.58,0.045,255,0.0,0.1678,-0.0054,0.0333,3.014,2.6,-0.36,-1.04,232.11,0.03,0.0,0.0,0.0,108415,1507,3,0.54,0.14,-0.05,0.07,48,19,-68,0,3.04,-0.05,0.0118,0.0278,15.09,17.57,10.28
401.622,flow_only,3.501,52.1380122,21.1607768,89.38,52.1380131,21.1607796,25,0.58,0.045,255,0.0,0.0,0.0103,-0.0248,3.008,2.597,-0.27,-1.05,231.76,0.03,0.0,0.01,0.0,108415,1507,3,0.54,0.14,-0.05,0.07,48,-1,-20,0,3.05,-0.04,0.0048,0.0087,12.58,19.83,10.89
401.722,flow_only,3.6,52.1380122,21.1607768,89.38,52.1380133,21.1607797,25,0.58,0.074,255,0.0,0.0,0.0181,0.0381,3.02,2.595,-0.11,-1.08,231.65,0.03,0.0,0.0,0.0,108415,1507,3,0.54,0.12,-0.05,0.07,48,-23,36,0,3.05,-0.04,0.0038,0.008,15.63,18.25,13.72
401.822,flow_only,3.7,52.1380123,21.1607768,89.38,52.1380133,21.1607797,25,0.58,0.074,255,0.0,0.0,-0.0158,-0.0001,3.016,2.595,-0.14,-0.97,231.67,0.03,0.0,0.0,0.0,108415,1507,3,0.54,0.12,-0.05,0.07,48,0,-42,0,3.05,-0.04,0.0068,0.0139,17.83,16.2,11.46
401.922,flow_only,3.801,52.1380123,21.1607768,89.38,52.1380134,21.1607797,25,0.58,0.051,255,-0.1678,0.0,-0.0134,-0.0332,3.03,2.593,-0.25,-1.06,231.74,0.03,0.0,0.01,0.0,108415,1507,3,0.54,0.17,-0.05,0.07,48,15,5,0,3.05,-0.05,0.004,0.0093,16.6,19.88,14.23
402.022,flow_only,3.901,52.1380123,21.1607768,89.37,52.1380134,21.1607797,25,0.58,0.051,255,0.1678,0.0,0.0321,0.0417,3.02,2.589,-0.08,-1.01,231.99,0.03,0.0,0.02,0.01,108415,1507,3,0.54,0.17,-0.05,0.07,48,-28,-1,0,3.04,-0.07,0.0026,0.0106,17.51,17.14,13.22
402.122,flow_only,4.001,52.1380123,21.1607768,89.37,52.1380135,21.1607797,25,0.58,0.079,255,0.0,0.0,-0.0584,-0.0602,3.014,2.583,-0.26,-1.18,232.31,0.03,0.0,0.02,0.01,100223,1507,3,0.54,0.17,-0.05,0.07,48,20,16,0,3.03,-0.07,0.0113,0.0267,16.43,15.78,12.16
402.222,flow_only,4.1,52.1380122,21.1607769,89.36,52.1380135,21.1607797,25,0.58,0.079,255,0.0,0.0,0.0186,0.0338,3.026,2.58,-0.32,-1.19,232.71,0.03,0.0,0.01,0.01,100223,1507,3,0.54,0.17,-0.05,0.07,48,6,8,0,3.04,-0.07,0.0118,0.026,16.92,18.15,13.88
402.322,flow_only,4.2,52.1380121,21.1607769,89.36,52.1380135,21.1607797,25,0.58,0.065,255,0.1678,0.0,0.0841,-0.0073,3.022,2.577,0.07,-1.1,233.05,0.03,0.0,0.02,0.01,100223,1507,3,0.54,0.12,-0.05,0.07,48,-80,-24,0,3.03,-0.07,0.0043,0.012,17.19,23.25,14.83
402.422,flow_only,4.3,52.1380122,21.1607769,89.36,52.1380135,21.1607797,25,0.58,0.065,255,0.0,-0.1678,0.0039,-0.0384,3.026,2.572,0.21,-1.28,233.29,0.03,0.0,0.02,0.0,100223,1507,3,0.54,0.12,-0.05,0.07,48,-14,39,0,3.02,-0.08,0.0089,0.0217,16.92,20.36,12.6
402.522,flow_only,4.401,52.1380122,21.1607768,89.35,52.1380134,21.1607799,25,0.58,0.091,255,0.0,0.0,0.0178,0.0383,3.014,2.565,0.39,-1.26,233.38,0.03,0.0,0.01,0.0,100223,1507,3,0.54,0.14,-0.05,0.07,48,-4,26,0,3.02,-0.09,0.0072,0.0193,18.94,21.78,14.37
402.622,flow_only,4.5,52.1380122,21.1607768,89.35,52.1380134,21.1607799,25,0.58,0.091,255,-0.1678,0.0,-0.1138,-0.0317,3.04,2.561,-0.01,-1.21,233.36,0.03,0.0,0.01,0.0,100223,1507,3,0.54,0.14,-0.05,0.07,48,11,125,0,3.03,-0.08,0.0112,0.0256,18.45,17.23,11.59
402.722,flow_only,4.601,52.1380122,21.1607766,89.34,52.1380133,21.16078,25,0.58,0.006,255,0.0,0.0,-0.0335,0.0561,3.048,2.558,-0.4,-1.27,233.41,0.03,0.0,0.0,0.0,100223,1507,3,0.54,0.16,-0.05,0.07,48,-52,39,0,3.03,-0.08,0.009,0.0212,16.86,16.55,12.22
402.822,flow_only,4.701,52.1380123,21.1607766,89.34,52.1380133,21.16078,25,0.58,0.006,255,0.0,0.0,-0.0282,0.0465,3.044,2.555,-0.54,-0.86,233.39,0.03,0.0,0.01,0.01,100223,1507,3,0.54,0.16,-0.05,0.07,48,31,76,0,3.02,-0.09,0.0053,0.0131,16.32,13.75,11.4
402.922,flow_only,4.801,52.1380123,21.1607764,89.33,52.1380132,21.1607801,25,0.58,0.063,255,0.0,0.0,-0.029,-0.0056,3.044,2.549,-0.73,-0.9,233.34,0.03,0.0,0.04,0.01,100223,1507,3,0.54,0.17,-0.05,0.07,48,-121,-1,0,3.01,-0.11,0.0125,0.0319,15.1,18.51,13.01
403.022,flow_only,4.901,52.1380124,21.1607762,89.33,52.1380132,21.1607801,25,0.58,0.063,255,0.0,0.0,0.0457,0.0168,3.048,2.541,-0.61,-0.85,233.23,0.03,0.0,0.0,0.0,100223,1507,3,0.54,0.17,-0.05,0.07,48,-155,-8,0,3.01,-0.12,0.0274,0.0632,16.32,18.99,13.55
403.122,flow_only,5.0,52.1380124,21.1607759,89.32,52.1380133,21.1607802,25,0.58,0.075,255,0.0,0.0,0.0156,0.0176,3.044,2.535,-0.35,-0.69,233.12,0.03,0.0,0.01,0.0,100223,1507,3,0.54,0.11,-0.05,0.07,48,-43,-46,0,3.01,-0.12,0.0231,0.0537,16.3,17.7,13.45
403.222,flow_only,5.101,52.1380126,21.1607758,89.32,52.1380133,21.1607802,25,0.58,0.075,255,0.0,0.0,-0.1301,-0.0601,3.052,2.531,-0.87,-1.0,233.01,0.03,0.0,0.0,0.01,100223,1507,3,0.54,0.11,-0.05,0.07,48,107,61,0,3.01,-0.11,0.0065,0.0182,17.73,17.07,11.98
403.322,flow_only,5.201,52.1380126,21.1607757,89.31,52.1380133,21.1607803,25,0.58,0.07,255,0.0,0.0,-0.0735,0.0475,3.04,2.529,-1.42,-0.84,233.02,0.03,0.0,0.01,0.01,100223,1507,3,0.54,0.13,-0.05,0.07,48,-79,-47,0,3.02,-0.1,0.0024,0.0115,16.22,14.44,12.25
403.422,flow_only,5.301,52.1380126,21.1607757,89.31,52.1380133,21.1607803,25,0.58,0.07,255,0.0,0.0,-0.0967,-0.0275,3.026,2.525,-1.92,-0.96,233.03,0.03,0.0,0.04,0.0,100223,1507,3,0.54,0.13,-0.05,0.07,48,-88,44,0,3.01,-0.11,0.0143,0.0346,15.62,20.81,12.83
403.522,flow_only,5.4,52.1380127,21.1607756,89.3,52.1380133,21.1607805,25,0.58,0.069,255,0.0,-0.1678,-0.0252,0.0031,3.018,2.52,-2.28,-0.93,233.06,0.03,0.0,0.0,0.02,100223,1507,3,0.54,0.16,-0.05,0.07,48,-64,10,0,3.01,-0.1,0.0133,0.0321,15.66,15.24,12.62
403.622,flow_only,5.5,52.1380128,21.1607755,89.3,52.1380133,21.1607805,25,0.58,0.069,255,0.0,0.0,-0.1078,-0.0438,3.028,2.515,-2.68,-1.06,233.02,0.03,0.0,0.02,0.0,100223,1507,3,0.54,0.16,-0.05,0.07,48,11,1,0,3.0,-0.1,0.0139,0.0339,14.0,14.63,11.61
403.722,flow_only,5.601,52.1380127,21.1607755,89.29,52.1380131,21.1607807,25,0.58,0.198,255,0.0,0.0,-0.0678,0.0326,3.022,2.509,-3.18,-1.11,232.75,0.03,0.0,0.0,0.0,100223,1507,3,0.54,0.16,-0.05,0.07,48,91,54,0,2.99,-0.1,0.0052,0.0116,18.92,13.56,12.87
403.822,flow_only,5.701,52.1380126,21.1607757,89.29,52.1380131,21.1607807,25,0.58,0.198,255,-0.1678,0.0,-0.1532,-0.0456,3.016,2.503,-3.91,-1.11,231.67,0.03,0.0,0.0,0.01,100223,1507,3,0.54,0.16,-0.05,0.07,48,39,-49,0,2.99,-0.1,0.0153,0.0338,17.9,15.45,10.96
403.922,flow_only,5.8,52.1380124,21.1607762,89.28,52.1380128,21.1607813,25,0.58,0.262,255,0.1678,-0.1678,-0.012,0.0388,3.032,2.499,-4.19,-1.35,229.08,0.03,0.0,0.01,0.0,100223,1507,3,0.54,0.13,-0.05,0.07,48,30,-110,0,3.0,-0.1,0.0216,0.0487,16.31,16.54,11.87
404.022,flow_only,5.901,52.1380124,21.1607766,89.28,52.1380128,21.1607813,25,0.58,0.262,255,0.1678,-0.5033,-0.0579,-0.0599,3.022,2.499,-4.28,-1.79,224.94,0.03,0.0,0.01,0.03,100223,1507,3,0.54,0.13,-0.05,0.07,48,-97,-7,0,3.0,-0.1,0.012,0.0297,13.81,15.41,9.56
404.122,flow_only,6.001,52.1380122,21.1607772,89.28,52.1380125,21.1607819,25,0.58,0.275,255,0.3355,0.0,0.0054,0.0172,3.03,2.498,-4.18,-2.13,219.84,0.03,0.0,0.02,0.05,100223,1507,3,0.54,0.12,-0.05,0.07,48,57,6,0,2.99,-0.11,0.0281,0.0655,10.93,13.7,10.01
404.222,flow_only,6.101,52.1380119,21.160778,89.28,52.1380125,21.1607819,25,0.58,0.275,255,0.3357,0.0,-0.0293,-0.0982,3.036,2.494,-4.01,-2.85,213.96,0.03,0.0,0.01,0.05,100223,1507,3,0.54,0.12,-0.05,0.07,48,-5,26,0,2.99,-0.12,0.0263,0.0622,9.7,11.86,9.88
404.322,flow_only,6.201,52.1380115,21.1607788,89.28,52.1380121,21.1607826,25,0.58,0.385,255,0.3355,0.1678,0.0188,-0.0275,3.042,2.494,-3.6,-3.65,207.59,0.03,0.0,0.05,0.03,100223,1507,3,0.54,0.13,-0.05,0.07,48,-46,41,0,3.01,-0.09,0.0247,0.0599,9.83,9.65,11.31
404.422,flow_only,6.3,52.1380109,21.1607797,89.28,52.1380121,21.1607826,25,0.58,0.385,255,0.3355,0.1677,-0.012,-0.0058,3.052,2.498,-3.21,-4.19,200.9,0.03,0.0,0.01,0.01,100223,1507,3,0.54,0.13,-0.05,0.07,48,-36,-49,0,3.01,-0.1,0.023,0.0564,9.3,9.47,11.96
404.522,flow_only,6.401,52.1380103,21.1607807,89.29,52.1380114,21.1607834,25,0.58,0.581,255,0.1677,0.3355,0.0342,0.0558,3.004,2.503,-2.52,-4.25,193.96,0.03,0.0,0.02,0.03,100223,1507,3,0.54,0.15,-0.05,0.07,48,-114,-14,0,3.02,-0.09,0.0362,0.0868,9.49,11.54,11.4
404.622,flow_only,6.501,52.1380097,21.1607817,89.29,52.1380114,21.1607834,25,0.58,0.581,255,2.0137,-1.5103,-0.007,0.0105,3.022,2.507,-1.97,-4.41,186.83,0.03,0.0,0.0,0.04,100223,1507,3,0.54,0.15,-0.05,0.07,48,-111,-16,0,3.03,-0.07,0.0163,0.0427,11.58,13.29,12.15
404.722,flow_only,6.601,52.1380092,21.1607825,89.3,52.1380105,21.1607844,25,0.58,0.68,255,0.1678,0.1678,0.0314,0.0209,3.02,2.511,-1.07,-4.4,179.55,0.03,0.0,0.0,0.06,100223,1507,3,0.54,0.15,-0.05,0.07,48,-94,-24,0,3.03,-0.07,0.0142,0.0308,13.66,14.88,13.26
404.822,flow_only,6.701,52.1380085,21.1607836,89.3,52.1380105,21.1607844,25,0.58,0.68,255,0.1678,0.1678,-0.0879,-0.01,3.032,2.51,-0.87,-4.7,172.32,0.03,0.0,0.01,0.06,100223,1507,3,0.54,0.15,-0.05,0.07,48,-208,-203,0,3.02,-0.08,0.0104,0.0244,15.49,15.54,12.62
404.922,flow_only,6.801,52.1380078,21.1607846,89.29,52.1380091,21.1607855,25,0.58,0.977,255,0.0,0.5034,-0.1066,0.0175,3.03,2.509,-0.74,-4.53,165.23,0.03,0.0,0.01,0.05,100223,1507,3,0.54,0.16,-0.05,0.07,48,41,190,0,3.03,-0.07,0.0167,0.0378,15.63,15.87,12.12
405.022,flow_only,6.901,52.1380069,21.1607856,89.29,52.1380091,21.1607855,25,0.58,0.977,255,0.0,0.3357,-0.0298,0.0984,3.042,2.508,-0.52,-4.33,158.37,0.03,0.0,0.01,0.05,100223,1507,3,0.54,0.16,-0.05,0.07,48,-71,524,0,3.02,-0.09,0.0384,0.0838,15.09,17.75,13.44
405.122,flow_only,7.0,52.1380059,21.1607866,89.29,52.1380074,21.160787,25,0.58,1.164,255,0.0,0.3355,-0.0742,0.0701,3.024,2.505,-0.38,-4.04,151.79,0.03,0.0,0.0,0.05,100223,1507,3,0.55,0.16,-0.05,0.07,48,-73,-88,0,3.01,-0.09,0.0257,0.0578,15.99,19.58,13.99
405.222,flow_only,7.101,52.1380048,21.1607879,89.29,52.1380074,21.160787,25,0.58,1.164,255,0.0,0.3356,-0.0527,0.2055,3.036,2.502,-0.22,-3.03,145.62,0.03,0.0,0.0,0.06,100223,1507,3,0.55,0.16,-0.05,0.07,48,-53,-227,0,3.01,-0.09,0.0268,0.0586,15.68,18.6,13.93
405.322,flow_only,7.201,52.1380038,21.1607891,89.29,52.1380055,21.1607887,25,0.58,1.144,255,0.0,0.3356,0.0351,0.1733,3.042,2.502,0.04,-2.13,140.05,0.03,0.0,0.01,0.07,100223,1507,3,0.55,0.14,-0.05,0.07,48,-29,469,0,3.02,-0.09,0.0379,0.0819,16.43,18.57,15.17
405.422,flow_only,7.301,52.1380028,21.1607902,89.29,52.1380055,21.1607887,25,0.58,1.144,255,0.1678,0.8391,0.1062,0.1638,3.035,2.502,0.73,-1.15,135.77,0.03,0.0,0.0,0.07,100223,1507,3,0.55,0.14,-0.05,0.07,48,-94,-66,0,3.02,-0.1,0.0156,0.0343,18.79,19.53,14.76
405.522,flow_only,7.4,52.1380018,21.1607911,89.29,52.1380038,21.1607905,25,0.58,1.168,255,0.0,0.1678,-0.0313,0.031,3.026,2.501,0.84,-0.65,133.12,0.03,0.0,0.0,0.06,100223,1507,3,0.55,0.14,-0.05,0.07,48,39,-139,0,3.02,-0.09,0.0252,0.0491,21.2,20.89,12.58
405.622,flow_only,7.5,52.1380009,21.1607921,89.29,52.1380038,21.1607905,25,0.58,1.168,255,-0.1678,0.1678,-0.0985,-0.0452,3.02,2.501,0.4,-0.64,131.87,0.03,0.0,0.03,0.07,100223,1507,3,0.55,0.14,-0.05,0.07,48,0,-64,0,3.04,-0.06,0.0048,0.0173,20.02,21.97,12.71
405.722,flow_only,7.6,52.1380001,21.160793,89.29,52.138002,21.1607925,25,0.58,1.253,255,-0.1678,0.5033,-0.0097,0.0256,3.04,2.502,0.17,-0.78,131.73,0.03,0.0,0.01,0.05,100223,1507,3,0.55,0.13,-0.05,0.07,48,14,-157,0,3.03,-0.07,0.0174,0.0347,18.31,20.54,12.42
405.822,flow_only,7.701,52.1379993,21.160794,89.29,52.138002,21.1607925,25,0.58,1.253,255,0.0,0.3356,0.0371,-0.0395,3.032,2.502,0.31,-0.83,132.17,0.03,0.0,0.01,0.05,100223,1507,3,0.55,0.13,-0.05,0.07,48,97,-79,0,3.04,-0.08,0.0111,0.0236,18.86,18.35,11.81
405.922,flow_only,7.801,52.1379984,21.160795,89.29,52.1380004,21.1607947,25,0.58,1.016,255,-0.1678,0.1678,0.0152,-0.0813,3.038,2.502,0.33,-1.33,132.93,0.03,0.0,0.01,0.04,100223,1507,3,0.55,0.12,-0.05,0.07,48,-92,-134,0,3.03,-0.08,0.0168,0.0335,17.99,18.5,11.87
406.022,flow_only,7.901,52.1379975,21.1607958,89.29,52.1380004,21.1607947,25,0.58,1.016,255,-0.3355,0.671,-0.1225,-0.0213,3.03,2.503,0.07,-1.46,133.88,0.03,0.0,0.04,0.04,100223,1507,3,0.55,0.12,-0.05,0.07,48,77,-15,0,3.05,-0.06,0.0101,0.028,18.16,20.29,11.8
406.122,flow_only,8.001,52.1379968,21.1607967,89.29,52.1379991,21.1607966,25,0.58,0.94,255,-0.1678,0.3356,-0.1301,0.091,3.038,2.506,-0.81,-1.16,134.87,0.03,0.0,0.0,0.04,100223,1507,3,0.55,0.12,-0.05,0.07,48,79,-217,0,3.05,-0.06,0.043,0.0786,18.64,23.23,13.06
406.222,flow_only,8.1,52.1379963,21.1607975,89.3,52.1379991,21.1607966,25,0.58,0.94,255,0.0,0.3355,-0.0389,-0.0127,3.03,2.51,-1.17,-0.94,135.74,0.03,0.0,0.04,0.06,100223,1507,3,0.55,0.12,-0.05,0.07,48,-30,-75,0,3.07,-0.05,0.0471,0.0889,21.38,22.22,12.47
406.322,flow_only,8.201,52.1379956,21.1607983,89.3,52.1379976,21.1607986,25,0.58,1.107,255,0.1678,0.0,0.1375,-0.1354,3.04,2.517,-0.77,-1.41,136.55,0.03,0.0,0.02,0.05,100223,1507,3,0.55,0.13,-0.05,0.07,48,-162,-109,0,3.08,-0.05,0.0348,0.0688,24.27,24.6,10.36
406.422,flow_only,8.301,52.137995,21.160799,89.31,52.1379976,21.1607986,25,0.58,1.107,255,0.0,0.1678,0.0335,-0.1955,3.042,2.524,-0.25,-2.38,137.33,0.03,0.0,0.02,0.07,100223,1507,3,0.55,0.13,-0.05,0.07,48,86,145,0,3.08,-0.04,0.0241,0.0539,23.82,22.99,11.52
406.522,flow_only,8.401,52.1379944,21.1607999,89.32,52.1379961,21.1608006,25,0.58,1.116,255,0.1678,0.5034,0.045,-0.1143,3.042,2.53,-0.1,-3.29,138.15,0.03,0.0,0.01,0.03,100223,1507,3,0.55,0.12,-0.05,0.07,48,-12,-174,0,3.09,-0.04,0.0328,0.0651,22.87,22.04,11.72
406.622,flow_only,8.5,52.1379938,21.1608008,89.32,52.1379961,21.1608006,25,0.58,1.116,255,0.0,0.1678,-0.0272,-0.139,3.05,2.538,-0.2,-3.94,138.9,0.03,0.0,0.05,0.06,100223,1507,3,0.55,0.12,-0.05,0.07,48,35,-65,0,3.11,-0.01,0.0365,0.0728,21.19,22.66,14.36
406.722,flow_only,8.601,52.1379931,21.1608018,89.33,52.1379946,21.160803,25,0.58,1.157,255,0.1678,0.1678,0.059,-0.0274,3.036,2.547,-0.13,-4.3,139.57,0.03,0.0,0.01,0.06,100223,1507,3,0.55,0.13,-0.05,0.07,48,-22,-140,0,3.11,-0.01,0.0277,0.0575,19.05,21.84,15.89
406.822,flow_only,8.701,52.1379925,21.1608027,89.34,52.1379946,21.160803,25,0.58,1.157,255,0.1679,0.5036,0.0414,-0.0445,3.036,2.553,0.33,-4.52,139.99,0.03,0.0,0.01,0.04,100223,1507,3,0.55,0.13,-0.05,0.07,48,-91,-172,0,3.1,-0.01,0.0343,0.0628,16.83,21.95,13.75
406.922,flow_only,8.801,52.1379919,21.1608036,89.34,52.1379931,21.1608054,25,0.58,1.204,255,0.1678,0.1678,0.0799,-0.0451,3.04,2.556,0.6,-4.8,140.14,0.03,0.0,0.0,0.06,100223,1507,3,0.55,0.13,-0.05,0.07,48,-29,16,0,3.1,-0.01,0.0322,0.0596,17.42,23.14,15.37
407.022,flow_only,8.901,52.1379912,21.1608048,89.34,52.1379931,21.1608054,25,0.58,1.204,255,0.0,0.3355,0.0381,-0.0985,3.046,2.555,0.85,-5.24,140.2,0.03,0.0,0.01,0.04,100223,1507,3,0.55,0.13,-0.05,0.07,48,78,-28,0,3.09,-0.02,0.0153,0.0291,19.68,19.35,13.54
407.122,flow_only,9.0,52.1379904,21.1608061,89.34,52.1379914,21.1608082,25,0.58,1.396,255,0.1678,0.3356,0.0846,0.0312,3.06,2.552,1.31,-5.23,140.14,0.03,0.0,0.0,0.05,100223,1507,3,0.55,0.12,-0.05,0.07,48,247,122,0,3.09,-0.02,0.0312,0.0451,19.05,17.33,11.81
407.222,flow_only,9.101,52.1379895,21.1608076,89.33,52.1379914,21.1608082,25,0.58,1.396,255,0.1678,0.5035,0.0647,0.1254,3.06,2.55,1.61,-4.77,139.91,0.03,0.0,0.02,0.06,100223,1507,3,0.55,0.12,-0.05,0.07,48,-71,181,0,3.09,-0.04,0.0182,0.0245,18.2,19.94,10.93
407.322,flow_only,9.201,52.1379886,21.1608088,89.33,52.1379896,21.1608112,25,0.58,1.505,255,0.1677,1.0065,0.0713,0.1274,3.024,2.55,2.19,-4.0,139.41,0.03,0.0,0.01,0.05,100223,1507,3,0.55,0.12,-0.05,0.07,48,-131,-85,0,3.1,-0.03,0.0232,0.0355,16.82,18.91,12.18
407.422,flow_only,9.3,52.1379875,21.1608102,89.33,52.1379896,21.1608112,25,0.58,1.505,255,0.0,0.3355,-0.0615,0.0573,3.028,2.547,1.92,-3.64,138.89,0.03,0.0,0.02,0.05,100223,1507,3,0.55,0.12,-0.05,0.07,48,72,-45,0,3.08,-0.03,0.0241,0.0364,15.83,18.44,12.22
407.522,flow_only,9.401,52.1379865,21.1608117,89.33,52.1379877,21.1608144,25,0.58,1.526,255,-0.1677,0.5032,-0.1442,0.1037,3.013,2.546,1.4,-2.94,138.31,0.03,0.0,0.04,0.06,100223,1507,3,0.55,0.13,-0.05,0.07,48,70,-130,0,3.09,0.0,0.0227,0.0342,13.27,15.57,11.01
407.622,flow_only,9.501,52.1379855,21.1608131,89.33,52.1379877,21.1608144,25,0.58,1.526,255,-0.3355,0.8387,-0.1046,0.1266,3.026,2.547,0.69,-2.3,137.8,0.03,0.0,0.0,0.06,100223,1507,3,0.55,0.13,-0.05,0.07,48,-16,238,0,3.09,0.0,0.011,0.0176,15.0,18.53,11.94
407.722,flow_only,9.601,52.1379845,21.1608145,89.33,52.1379855,21.1608175,25,0.58,1.736,255,0.0,1.0066,-0.0258,0.0448,3.028,2.542,0.48,-1.79,137.36,0.03,0.0,0.06,0.07,100223,1507,3,0.55,0.13,-0.05,0.07,48,62,-100,0,3.06,-0.03,0.0315,0.0539,12.39,17.06,10.92
407.822,flow_only,9.701,52.1379836,21.160816,89.32,52.1379855,21.1608175,25,0.58,1.736,255,0.0,0.5035,0.0058,-0.0032,3.028,2.532,0.32,-1.75,136.97,0.03,0.0,0.02,0.06,100223,1507,3,0.55,0.13,-0.05,0.07,48,66,-50,0,3.05,-0.06,0.0281,0.0529,14.07,16.08,10.26
407.922,flow_only,9.801,52.1379827,21.1608176,89.31,52.1379833,21.1608207,25,0.58,1.556,255,0.0,0.3356,-0.0197,-0.0243,3.018,2.523,0.45,-1.64,136.67,0.03,0.0,0.02,0.05,100223,1507,3,0.55,0.13,-0.05,0.07,48,-9,302,0,3.06,-0.05,0.0195,0.0345,17.97,17.44,10.63
408.022,flow_only,9.901,52.1379818,21.160819,89.3,52.1379833,21.1608207,25,0.58,1.556,255,-0.1679,0.5036,0.023,0.0167,3.014,2.516,0.43,-1.78,136.58,0.03,0.0,0.02,0.05,100223,1507,3,0.55,0.13,-0.05,0.07,48,67,-124,0,3.04,-0.05,0.0296,0.0533,21.06,18.84,11.95
408.122,flow_only,10.001,52.137981,21.1608203,89.29,52.1379811,21.160824,25,0.58,1.747,255,0.1677,0.3354,0.032,-0.0438,3.01,2.509,0.65,-1.83,136.62,0.03,0.0,0.0,0.06,99695,1507,3,0.55,0.13,-0.05,0.07,49,-1,-33,0,3.04,-0.05,0.029,0.0489,17.75,24.18,13.58
408.222,flow_only,10.101,52.13798,21.1608218,89.29,52.1379811,21.160824,25,0.58,1.747,255,0.0,0.6711,0.0718,-0.0201,3.012,2.503,0.94,-2.03,136.77,0.03,0.0,0.0,0.06,99695,1507,3,0.55,0.13,-0.05,0.07,49,14,12,0,3.04,-0.05,0.0146,0.0227,18.65,23.61,14.84
408.322,flow_only,10.201,52.1379789,21.1608232,89.29,52.1379788,21.1608275,25,0.58,1.822,255,0.0,0.5035,-0.006,0.0436,3.006,2.501,1.07,-1.92,136.98,0.03,0.0,0.03,0.06,99695,1507,3,0.55,0.13,-0.05,0.07,49,-5,-210,0,3.05,-0.04,0.0089,0.0134,18.9,23.55,13.02
408.422,flow_only,10.3,52.1379779,21.1608246,89.29,52.1379788,21.1608275,25,0.58,1.822,255,0.0,0.5033,0.0202,0.0598,3.014,2.504,1.24,-1.53,137.21,0.03,0.0,0.01,0.06,99695,1507,3,0.55,0.13,-0.05,0.07,49,2,252,0,3.06,-0.03,0.0046,0.0082,21.75,21.1,10.43
408.522,flow_only,10.401,52.1379769,21.160826,89.29,52.1379764,21.1608309,25,0.58,1.726,255,0.0,0.5033,0.0171,0.0037,3.004,2.507,1.3,-1.55,137.5,0.03,0.0,0.0,0.05,99695,1507,3,0.55,0.13,-0.05,0.07,49,39,-4,0,3.06,-0.03,0.0038,0.008,20.8,18.62,12.25
408.622,flow_only,10.5,52.1379759,21.1608275,89.3,52.1379764,21.1608309,25,0.58,1.726,255,0.0,0.3356,0.0025,-0.0125,3.016,2.511,1.26,-1.62,137.82,0.03,0.0,0.01,0.07,99695,1507,3,0.55,0.13,-0.05,0.07,49,53,7,0,3.07,-0.01,0.0079,0.0151,17.4,23.34,11.07
408.722,flow_only,10.601,52.1379748,21.1608291,89.3,52.1379741,21.1608344,25,0.58,1.815,255,-0.1678,0.3355,-0.038,-0.0017,3.01,2.517,1.17,-1.49,138.12,0.03,0.0,0.02,0.06,99695,1507,3,0.55,0.13,-0.05,0.07,49,26,-243,0,3.08,-0.01,0.0245,0.0417,19.25,16.93,10.53
408.822,flow_only,10.701,52.1379737,21.1608307,89.3,52.1379741,21.1608344,25,0.58,1.815,255,0.0,1.0067,0.0302,0.1201,3.016,2.517,1.2,-1.16,138.33,0.03,0.0,0.05,0.07,99695,1507,3,0.55,0.13,-0.05,0.07,49,-162,416,0,3.06,-0.03,0.0611,0.0989,18.62,15.4,12.21
408.922,flow_only,10.801,52.1379724,21.1608323,89.3,52.1379717,21.1608378,25,0.58,1.775,255,0.0,0.5033,-0.0185,0.0835,3.028,2.514,1.03,-0.58,138.49,0.03,0.0,0.0,0.08,99695,1507,3,0.55,0.12,-0.05,0.07,49,39,-176,0,3.06,-0.04,0.0278,0.0498,18.01,20.8,13.72
409.022,flow_only,10.901,52.1379709,21.1608341,89.3,52.1379717,21.1608378,25,0.58,1.775,255,0.0,0.5032,-0.0225,0.1196,3.02,2.511,1.09,0.03,138.64,0.03,0.0,0.0,0.06,99695,1507,3,0.55,0.12,-0.05,0.07,49,15,-139,0,3.06,-0.05,0.0496,0.0867,17.71,19.89,13.53
409.122,flow_only,11.001,52.1379697,21.1608356,89.29,52.1379691,21.1608412,25,0.58,1.894,255,0.0,0.5033,-0.0022,0.1421,3.016,2.505,0.89,0.7,138.67,0.03,0.0,0.02,0.05,99695,1507,3,0.55,0.13,-0.05,0.07,49,93,-161,0,3.05,-0.06,0.0071,0.0234,19.2,17.65,10.82
409.222,flow_only,11.1,52.1379686,21.1608371,89.28,52.1379691,21.1608412,25,0.58,1.894,255,-0.1678,1.0066,-0.0676,0.0023,3.028,2.496,0.71,1.24,138.62,0.03,0.0,0.03,0.05,99695,1507,3,0.55,0.13,-0.05,0.07,49,-141,481,0,3.03,-0.06,0.0384,0.0708,17.5,15.7,9.32
409.322,flow_only,11.2,52.1379674,21.1608385,89.27,52.1379666,21.1608443,25,0.58,1.65,255,-0.1677,0.5032,0.0213,0.0369,3.03,2.485,0.64,1.21,138.56,0.03,0.0,0.01,0.07,99695,1507,3,0.55,0.13,-0.05,0.07,49,86,-157,0,3.03,-0.08,0.0077,0.0263,16.47,14.03,9.63
409.422,flow_only,11.301,52.1379664,21.1608399,89.27,52.1379666,21.1608443,25,0.58,1.65,255,0.0,0.3355,-0.0529,-0.0665,3.048,2.483,0.41,1.15,138.47,0.03,0.0,0.08,0.06,99695,1507,3,0.55,0.13,-0.05,0.07,49,62,-22,0,3.06,-0.08,0.0046,0.0145,14.46,13.5,10.94
409.522,flow_only,11.4,52.1379652,21.1608413,89.27,52.1379643,21.1608473,25,0.58,1.672,255,-0.1678,0.8388,-0.008,-0.0346,3.028,2.487,0.42,0.93,138.48,0.03,0.0,0.0,0.07,99695,1507,3,0.55,0.12,-0.05,0.07,49,-145,38,0,3.06,-0.04,0.0403,0.0717,14.07,14.22,10.72
409.622,flow_only,11.501,52.1379638,21.1608428,89.28,52.1379643,21.1608473,25,0.58,1.672,255,0.0,0.3355,0.0143,-0.0113,3.022,2.491,0.3,0.53,138.56,0.03,0.0,0.01,0.07,99695,1507,3,0.55,0.12,-0.05,0.07,49,88,-70,0,3.06,-0.04,0.0493,0.0879,14.33,13.06,10.86
409.722,flow_only,11.601,52.1379626,21.1608441,89.28,52.1379621,21.1608505,25,0.58,1.522,255,0.0,0.5033,-0.074,0.0725,3.004,2.492,0.16,0.95,138.65,0.03,0.0,0.01,0.06,99695,1507,3,0.55,0.12,-0.05,0.07,49,38,-248,0,3.06,-0.04,0.0075,0.0109,14.92,12.14,10.47
409.822,flow_only,11.701,52.1379617,21.1608453,89.28,52.1379621,21.1608505,25,0.58,1.522,255,0.0,0.671,0.0186,0.0352,3.0,2.495,-0.04,1.05,138.7,0.03,0.0,0.01,0.07,99695,1507,3,0.55,0.12,-0.05,0.07,49,93,383,0,3.07,-0.03,0.0167,0.0335,18.01,16.53,13.2
409.922,flow_only,11.801,52.1379607,21.1608466,89.28,52.1379599,21.1608535,25,0.58,1.503,255,0.0,0.5033,-0.0523,-0.0888,3.004,2.495,-0.12,0.94,138.74,0.03,0.0,0.02,0.06,99695,1507,3,0.55,0.13,-0.05,0.07,49,47,-113,0,3.06,-0.02,0.0155,0.0234,17.99,16.33,13.27
410.022,flow_only,11.901,52.1379598,21.1608478,89.27,52.1379599,21.1608535,25,0.58,1.503,255,0.0,0.3356,0.0471,-0.0288,3.004,2.489,-0.1,0.53,138.78,0.03,0.0,0.04,0.05,99695,1507,3,0.55,0.13,-0.05,0.07,49,68,15,0,3.04,-0.04,0.013,0.0282,18.31,16.51,11.92
410.122,flow_only,12.001,52.1379589,21.1608491,89.27,52.1379577,21.1608562,25,0.58,1.601,255,0.0,0.5033,-0.0056,-0.1697,2.992,2.48,-0.04,-0.04,138.76,0.03,0.0,0.01,0.06,99695,1507,3,0.55,0.12,-0.05,0.07,49,-22,259,0,3.03,-0.05,0.0131,0.0273,18.84,18.24,11.34
410.222,flow_only,12.101,52.1379579,21.1608503,89.26,52.1379577,21.1608562,25,0.58,1.601,255,0.0,0.3357,0.0374,-0.0178,3.022,2.473,0.13,-0.57,138.78,0.03,0.0,0.01,0.09,99695,1507,3,0.55,0.12,-0.05,0.07,49,18,68,0,3.03,-0.05,0.0178,0.0338,20.0,19.21,9.43
410.322,flow_only,12.201,52.137957,21.1608515,89.25,52.1379556,21.160859,25,0.58,1.405,255,0.0,0.3355,-0.0545,-0.0691,3.016,2.469,-0.05,-0.9,138.83,0.03,0.0,0.02,0.06,99695,1507,3,0.55,0.12,-0.05,0.07,49,198,-66,0,3.04,-0.05,0.0091,0.0156,17.72,17.85,11.59
410.422,flow_only,12.301,52.1379562,21.1608529,89.25,52.1379556,21.160859,25,0.58,1.405,255,0.0,0.3357,0.0147,0.0318,3.002,2.466,-0.12,-0.8,138.94,0.03,0.0,0.0,0.05,99695,1507,3,0.55,0.12,-0.05,0.07,49,32,-100,0,3.04,-0.06,0.0125,0.0221,13.33,17.34,12.08
410.522,flow_only,12.401,52.1379551,21.1608542,89.24,52.1379536,21.1608618,25,0.58,1.49,255,0.0,0.6709,0.0445,-0.012,3.008,2.46,0.1,-0.89,139.05,0.03,0.0,0.05,0.05,99695,1507,3,0.55,0.13,-0.05,0.07,49,-32,-85,0,3.01,-0.08,0.021,0.0428,16.19,17.66,11.03
410.622,flow_only,12.501,52.1379542,21.1608555,89.24,52.1379536,21.1608618,25,0.58,1.49,255,0.0,0.3357,0.0838,0.0359,3.014,2.451,0.48,-0.75,139.1,0.03,0.0,0.01,0.04,99695,1507,3,0.55,0.13,-0.05,0.07,49,111,217,0,3.01,-0.08,0.0251,0.0478,15.65,16.89,10.22
410.722,flow_only,12.601,52.1379532,21.1608569,89.23,52.1379516,21.1608646,25,0.58,1.385,255,0.0,0.3356,-0.03,-0.0244,3.004,2.444,0.57,-0.7,139.12,0.03,0.0,0.0,0.06,99695,1507,3,0.55,0.13,-0.05,0.07,49,-21,367,0,3.01,-0.08,0.0411,0.0742,17.17,17.41,12.41
410.822,flow_only,12.701,52.1379521,21.1608582,89.22,52.1379516,21.1608646,25,0.58,1.385,255,0.1677,0.671,0.0481,0.0343,2.994,2.438,0.71,-0.72,139.15,0.03,0.0,0.0,0.05,99695,1507,3,0.55,0.13,-0.05,0.07,49,-22,-95,0,3.01,-0.07,0.0109,0.0235,18.86,13.66,11.2
410.922,flow_only,12.801,52.1379512,21.1608595,89.22,52.1379496,21.1608675,25,0.58,1.518,255,0.0,0.3355,-0.0682,-0.0423,3.004,2.435,0.47,-0.7,139.18,0.03,0.0,0.0,0.05,99695,1507,3,0.55,0.13,-0.05,0.07,49,67,-107,0,3.01,-0.07,0.017,0.0275,18.97,15.66,9.66
411.022,flow_only,12.901,52.1379503,21.1608607,89.22,52.1379496,21.1608675,25,0.58,1.518,255,0.0,0.3356,0.0386,0.0114,3.008,2.433,0.49,-0.82,139.24,0.03,0.0,0.0,0.06,99695,1507,3,0.55,0.13,-0.05,0.07,49,-104,291,0,3.01,-0.08,0.0138,0.0256,17.77,15.1,8.65
411.122,flow_only,13.0,52.1379494,21.1608618,89.22,52.1379477,21.1608706,25,0.58,1.414,255,0.0,0.5034,-0.0679,-0.1094,2.988,2.432,0.32,-1.11,139.33,0.03,0.0,0.0,0.08,99695,1507,3,0.55,0.13,-0.05,0.07,49,-20,-101,0,3.02,-0.06,0.0215,0.0363,16.23,19.24,10.97
411.222,flow_only,13.1,52.1379487,21.1608629,89.22,52.1379477,21.1608706,25,0.58,1.414,255,0.0,0.3356,-0.0123,-0.0116,2.988,2.434,0.15,-1.39,139.53,0.03,0.0,0.02,0.08,99695,1507,3,0.55,0.13,-0.05,0.07,49,68,-152,0,3.03,-0.03,0.0281,0.0525,16.1,20.69,11.96
411.322,flow_only,13.201,52.1379478,21.1608641,89.22,52.1379459,21.1608736,25,0.58,1.471,255,0.0,0.3355,-0.0377,-0.1035,2.988,2.438,-0.03,-1.79,139.75,0.03,0.0,0.0,0.06,99695,1507,3,0.55,0.13,-0.05,0.07,49,22,101,0,3.03,-0.03,0.0078,0.0118,18.26,17.67,11.93
411.422,flow_only,13.301,52.1379468,21.1608656,89.23,52.1379459,21.1608736,25,0.58,1.471,255,0.0,0.6711,0.032,0.0156,2.986,2.442,-0.06,-1.98,140.07,0.03,0.0,0.01,0.07,99695,1507,3,0.55,0.13,-0.05,0.07,49,-144,-24,0,3.04,-0.03,0.0257,0.0455,14.13,15.08,12.9
411.522,flow_only,13.401,52.1379457,21.1608669,89.23,52.1379439,21.1608766,25,0.58,1.487,255,0.1678,0.3356,0.0507,0.0647,2.996,2.448,0.33,-1.74,140.26,0.03,0.0,0.01,0.05,99695,1507,3,0.55,0.12,-0.05,0.07,49,-88,203,0,3.05,-0.02,0.028,0.0521,14.96,21.49,13.03
411.622,flow_only,13.501,52.1379446,21.1608682,89.24,52.1379439,21.1608766,25,0.58,1.487,255,0.0,0.3356,0.0334,0.0625,3.006,2.453,0.43,-1.43,140.41,0.03,0.0,0.0,0.06,99695,1507,3,0.55,0.12,-0.05,0.07,49,172,328,0,3.05,-0.03,0.0409,0.073,15.34,17.96,11.17
411.722,flow_only,13.6,52.1379435,21.1608697,89.24,52.1379419,21.1608795,25,0.58,1.53,255,0.0,0.5034,-0.0262,0.0688,3.024,2.454,0.53,-0.97,140.51,0.03,0.0,0.03,0.06,99695,1507,3,0.55,0.12,-0.05,0.07,49,116,-219,0,3.04,-0.04,0.0103,0.0176,15.26,18.74,11.63
411.822,flow_only,13.701,52.1379426,21.160871,89.24,52.1379419,21.1608795,25,0.58,1.53,255,0.0,0.3356,0.013,0.0386,3.012,2.452,0.42,-0.77,140.56,0.03,0.0,0.01,0.04,99695,1507,3,0.55,0.12,-0.05,0.07,49,36,-132,0,3.04,-0.04,0.0231,0.0423,14.81,18.65,12.24
411.922,flow_only,13.801,52.1379418,21.1608724,89.24,52.1379398,21.1608826,25,0.58,1.509,255,0.0,0.3356,-0.0347,-0.054,3.01,2.451,0.42,-0.71,140.63,0.03,0.0,0.02,0.06,99695,1507,3,0.55,0.12,-0.05,0.07,49,-21,-155,0,3.05,-0.04,0.0151,0.0278,13.19,19.89,11.65
412.022,flow_only,13.901,52.1379409,21.1608739,89.24,52.1379398,21.1608826,25,0.58,1.509,255,0.0,0.3355,0.0372,-0.0115,3.02,2.45,0.32,-0.98,140.76,0.03,0.0,0.01,0.05,99695,1507,3,0.55,0.12,-0.05,0.07,49,10,-62,0,3.05,-0.04,0.0183,0.0355,15.56,16.79,11.31
412.122,flow_only,14.001,52.13794,21.1608752,89.23,52.1379378,21.1608856,25,0.58,1.501,255,0.1678,0.6712,0.0748,-0.0517,3.028,2.449,0.81,-1.18,140.82,0.03,0.0,0.01,0.05,99695,1507,3,0.55,0.12,-0.05,0.07,49,-67,60,0,3.04,-0.05,0.0072,0.0162,14.64,15.01,8.63
412.222,flow_only,14.1,52.1379392,21.1608765,89.23,52.1379378,21.1608856,25,0.58,1.501,255,0.0,0.5034,0.0588,-0.0407,3.028,2.446,1.02,-1.52,140.82,0.03,0.0,0.0,0.05,99695,1507,3,0.55,0.12,-0.05,0.07,49,-50,-219,0,3.04,-0.06,0.0175,0.0339,15.37,17.16,8.72
412.322,flow_only,14.2,52.1379382,21.1608777,89.23,52.1379358,21.1608885,25,0.58,1.433,255,0.0,0.3355,-0.061,-0.083,3.034,2.444,1.03,-1.77,140.76,0.03,0.0,0.0,0.06,99695,1507,3,0.55,0.11,-0.05,0.07,49,-80,-92,0,3.04,-0.06,0.0161,0.0284,16.12,16.85,11.76
412.423,flow_only,14.301,52.1379373,21.1608792,89.23,52.1379358,21.1608885,25,0.58,1.433,255,0.0,0.1678,-0.0398,0.0116,3.03,2.441,0.64,-2.1,140.76,0.03,0.0,0.0,0.07,99695,1507,3,0.55,0.11,-0.05,0.07,49,83,-18,0,3.04,-0.07,0.0126,0.0215,13.29,14.14,10.29
412.522,flow_only,14.401,52.1379363,21.1608806,89.22,52.1379338,21.1608914,25,0.58,1.48,255,0.0,0.3357,-0.03,0.0283,3.036,2.437,0.44,-1.83,140.73,0.03,0.0,0.01,0.07,99695,1507,3,0.55,0.12,-0.05,0.07,49,23,320,0,3.04,-0.08,0.0241,0.0409,13.3,11.9,8.53
412.622,flow_only,14.5,52.1379352,21.1608821,89.22,52.1379338,21.1608914,25,0.58,1.48,255,0.0,0.3355,0.0136,0.0452,3.022,2.431,0.4,-1.72,140.66,0.03,0.0,0.01,0.06,99695,1507,3,0.55,0.12,-0.05,0.07,49,17,199,0,3.03,-0.09,0.0279,0.051,14.78,13.5,9.1
412.722,flow_only,14.601,52.1379341,21.1608836,89.21,52.1379318,21.1608943,25,0.58,1.512,255,0.0,0.5034,0.0762,0.0853,3.026,2.427,0.78,-1.31,140.41,0.03,0.0,0.01,0.06,99695,1507,3,0.55,0.12,-0.05,0.07,49,-68,-47,0,3.04,-0.06,0.0137,0.0258,13.39,12.27,9.76
412.822,flow_only,14.7,52.137933,21.1608849,89.21,52.1379318,21.1608943,25,0.58,1.512,255,0.0,0.6713,-0.0933,0.0061,3.026,2.425,0.66,-1.03,140.07,0.03,0.0,0.0,0.08,99695,1507,3,0.55,0.12,-0.05,0.07,49,0,-210,0,3.04,-0.06,0.02,0.0319,16.77,16.18,10.36
412.922,flow_only,14.801,52.137932,21.1608862,89.21,52.1379297,21.1608972,25,0.58,1.468,255,0.0,0.3356,-0.0063,0.0178,3.034,2.423,0.45,-1.0,139.72,0.03,0.0,0.01,0.05,99695,1507,3,0.55,0.12,-0.05,0.07,49,54,22,0,3.04,-0.07,0.0041,0.0073,15.98,16.94,10.15
413.022,flow_only,14.901,52.1379309,21.1608876,89.2,52.1379297,21.1608972,25,0.58,1.468,255,-0.1677,0.3355,-0.0859,-0.0577,3.0,2.42,0.16,-1.04,139.37,0.03,0.0,0.0,0.05,99695,1507,3,0.55,0.12,-0.05,0.07,49,57,15,0,3.04,-0.07,0.0148,0.0252,18.33,14.62,9.92
413.122,flow_only,15.001,52.1379299,21.1608891,89.2,52.1379277,21.1609001,25,0.58,1.503,255,0.0,0.6711,0.0064,0.0318,3.014,2.416,-0.04,-1.22,138.97,0.03,0.0,0.01,0.06,99695,1507,3,0.55,0.11,-0.05,0.07,49,-128,401,0,3.04,-0.08,0.0349,0.0625,16.46,14.22,8.56
413.222,flow_only,15.101,52.1379287,21.1608906,89.2,52.1379277,21.1609001,25,0.58,1.503,255,0.0,0.5034,-0.0441,0.0395,3.022,2.412,-0.12,-0.85,138.58,0.03,0.0,0.0,0.06,99695,1507,3,0.55,0.11,-0.05,0.07,49,5,-231,0,3.03,-0.06,0.0037,0.0083,16.32,15.14,9.26
413.322,flow_only,15.201,52.1379276,21.1608922,89.2,52.1379257,21.1609031,25,0.58,1.526,255,-0.1678,0.5033,-0.0279,0.0589,3.02,2.412,-0.36,-0.65,138.2,0.03,0.0,0.04,0.06,99695,1507,3,0.55,0.12,-0.05,0.07,49,71,-12,0,3.05,-0.04,0.0165,0.0332,17.59,18.98,13.08
413.422,flow_only,15.301,52.1379266,21.1608938,89.2,52.1379257,21.1609031,25,0.58,1.526,255,0.0,0.5033,0.0286,0.0637,3.042,2.412,-0.29,-0.18,137.84,0.03,0.0,0.01,0.06,99695,1507,3,0.55,0.12,-0.05,0.07,49,25,-92,0,3.04,-0.06,0.009,0.016,19.25,19.25,12.81
413.522,flow_only,15.4,52.1379257,21.1608952,89.2,52.1379236,21.160906,25,0.58,1.462,255,0.0,0.6712,0.0239,0.007,3.052,2.412,-0.13,-0.07,137.58,0.03,0.0,0.01,0.07,99695,1507,3,0.55,0.11,-0.05,0.07,49,154,167,0,3.05,-0.07,0.0184,0.0343,20.71,20.46,9.67
413.622,flow_only,15.501,52.1379248,21.1608967,89.2,52.1379236,21.160906,25,0.58,1.462,255,0.0,0.3356,0.0918,-0.0452,3.02,2.413,0.23,-0.2,137.43,0.03,0.0,0.0,0.05,99695,1507,3,0.55,0.11,-0.05,0.07,49,-28,194,0,3.05,-0.08,0.0071,0.0163,21.97,20.88,8.53
413.722,flow_only,15.6,52.1379239,21.1608981,89.2,52.1379216,21.160909,25,0.58,1.512,255,0.1678,0.3356,0.0287,-0.0702,3.02,2.416,0.67,-0.53,137.44,0.03,0.0,0.03,0.05,99695,1507,3,0.55,0.12,-0.05,0.07,49,80,-89,0,3.07,-0.03,0.0195,0.0414,22.95,24.99,10.25
413.822,flow_only,15.701,52.1379231,21.1608993,89.2,52.1379216,21.160909,25,0.58,1.512,255,0.0,0.5034,0.1052,-0.0496,3.036,2.419,1.0,-0.92,137.6,0.03,0.0,0.0,0.06,99695,1507,3,0.55,0.12,-0.05,0.07,49,-20,-201,0,3.06,-0.04,0.0463,0.0866,20.54,19.93,12.83
413.922,flow_only,15.801,52.1379224,21.1609004,89.21,52.1379197,21.1609122,25,0.58,1.412,255,0.0,0.3356,0.0079,-0.1581,3.046,2.424,1.28,-1.48,137.87,0.03,0.0,0.04,0.05,99695,1507,3,1.1,0.12,-0.05,0.07,49,-51,-31,0,3.08,-0.04,0.0317,0.0625,20.2,22.54,15.05
414.022,flow_only,15.9,52.1379215,21.1609015,89.21,52.1379197,21.1609122,25,0.58,1.412,255,0.0,0.3356,0.0604,-0.0537,3.024,2.429,1.55,-2.12,138.26,0.03,0.0,0.0,0.06,99695,1507,3,1.1,0.12,-0.05,0.07,49,-32,17,0,3.08,-0.03,0.0202,0.0427,16.99,26.3,15.11
414.122,flow_only,16.001,52.1379206,21.1609027,89.22,52.1379177,21.1609154,25,0.58,1.399,255,0.0,0.1678,-0.0492,-0.0861,3.026,2.433,1.39,-2.49,138.64,0.03,0.0,0.0,0.05,99695,1507,3,1.07,0.12,-0.05,0.07,49,66,458,0,3.08,-0.03,0.0219,0.0367,17.54,22.35,12.06
414.222,flow_only,16.101,52.1379195,21.160904,89.22,52.1379177,21.1609154,25,0.58,1.399,255,0.0,0.3355,-0.0264,0.0268,3.01,2.433,1.31,-2.58,139.05,0.03,0.0,0.0,0.07,99695,1507,3,1.07,0.12,-0.05,0.07,49,-110,-48,0,3.08,-0.03,0.0163,0.0303,17.03,19.77,13.36
414.322,flow_only,16.2,52.1379184,21.1609052,89.22,52.1379156,21.1609188,25,0.58,1.424,255,-0.1678,0.3356,-0.0412,0.0823,3.024,2.433,0.99,-2.37,139.37,0.03,0.0,0.0,0.06,99695,1507,3,1.03,0.12,-0.05,0.07,49,85,11,0,3.07,-0.03,0.0123,0.0244,17.06,20.52,15.84
414.422,flow_only,16.301,52.1379173,21.1609063,89.22,52.1379156,21.1609188,25,0.58,1.424,255,-0.1678,0.6711,-0.1171,0.0425,3.03,2.434,0.5,-1.9,139.62,0.03,0.0,0.02,0.06,99695,1507,3,1.03,0.12,-0.05,0.07,49,-96,261,0,3.08,-0.02,0.0219,0.0433,16.67,20.51,15.65
414.522,flow_only,16.401,52.1379161,21.1609076,89.22,52.1379132,21.1609222,25,0.58,1.568,255,0.0,0.3355,-0.0564,0.0012,3.036,2.438,0.1,-1.9,139.74,0.03,0.0,0.02,0.03,99695,1507,3,0.98,0.13,-0.05,0.07,49,-36,351,0,3.09,-0.01,0.0335,0.0672,13.59,18.51,12.27
414.622,flow_only,16.501,52.137915,21.1609089,89.23,52.1379132,21.1609222,25,0.58,1.568,255,-0.1678,0.5033,-0.0968,0.0727,3.024,2.444,-0.44,-1.65,139.79,0.03,0.0,0.02,0.05,99695,1507,3,0.98,0.13,-0.05,0.07,49,111,-177,0,3.1,-0.02,0.008,0.0213,17.8,19.6,9.9
414.722,flow_only,16.601,52.1379138,21.1609103,89.23,52.1379107,21.1609257,25,0.58,1.581,255,0.0,0.3355,-0.0079,-0.0033,3.006,2.449,-0.58,-1.48,139.69,0.03,0.0,0.0,0.05,99695,1507,3,0.93,0.12,-0.05,0.07,49,53,-46,0,3.1,-0.02,0.0078,0.0175,17.42,15.46,11.0
414.822,flow_only,16.701,52.1379126,21.1609118,89.24,52.1379107,21.1609257,25,0.58,1.581,255,-0.1678,0.5034,0.0099,0.0591,2.992,2.452,-0.52,-1.24,139.55,0.03,0.0,0.0,0.06,99695,1507,3,0.93,0.12,-0.05,0.07,49,-166,-34,0,3.1,0.0,0.0262,0.0521,17.03,22.46,12.49
414.922,flow_only,16.801,52.1379114,21.1609131,89.24,52.1379082,21.1609293,25,0.58,1.649,255,0.0,0.3356,0.047,0.0504,3.04,2.455,-0.4,-1.08,139.26,0.03,0.0,0.03,0.05,99695,1507,3,0.88,0.13,-0.05,0.07,49,-149,-166,0,3.11,0.02,0.0304,0.0566,17.4,22.58,12.99
415.022,flow_only,16.901,52.1379102,21.1609143,89.24,52.1379082,21.1609293,25,0.58,1.649,255,-0.1678,0.3355,-0.0501,0.0282,3.022,2.46,-0.36,-0.61,138.93,0.03,0.0,0.0,0.05,99695,1507,3,0.88,0.13,-0.05,0.07,49,8,232,0,3.11,-0.01,0.0214,0.0427,16.63,16.39,11.0
415.122,flow_only,17.001,52.1379091,21.1609155,89.25,52.1379059,21.1609328,25,0.58,1.529,255,0.0,0.8391,-0.0126,0.0068,3.028,2.461,-0.46,-0.62,138.69,0.03,0.0,0.0,0.04,99695,1507,3,0.83,0.13,-0.05,0.07,49,34,-151,0,3.11,-0.01,0.0336,0.0576,16.15,15.85,10.46
415.222,flow_only,17.101,52.1379081,21.1609166,89.25,52.1379059,21.1609328,25,0.58,1.529,255,0.0,0.3356,-0.0389,-0.0327,2.982,2.461,-0.76,-0.77,138.5,0.03,0.0,0.0,0.05,99695,1507,3,0.83,0.13,-0.05,0.07,49,40,-156,0,3.1,0.0,0.0339,0.0608,15.9,19.92,13.25
415.322,flow_only,17.201,52.1379072,21.1609178,89.24,52.1379038,21.1609361,25,0.58,1.614,255,-0.1678,0.3355,-0.0574,-0.1138,2.972,2.46,-1.0,-1.17,138.36,0.03,0.0,0.01,0.05,99695,1507,3,0.79,0.12,-0.05,0.07,49,-120,395,0,3.1,0.0,0.0081,0.0179,20.16,16.79,9.46
415.422,flow_only,17.301,52.1379062,21.1609192,89.24,52.1379038,21.1609361,25,0.58,1.614,255,0.0,0.6711,0.0307,-0.0154,2.966,2.457,-0.96,-1.58,138.31,0.03,0.0,0.0,0.05,99695,1507,3,0.79,0.12,-0.05,0.07,49,57,-21,0,3.09,0.04,0.0086,0.0177,18.35,17.03,12.67
415.522,flow_only,17.4,52.1379054,21.1609205,89.24,52.1379019,21.1609394,25,0.58,1.405,255,0.0,0.3357,0.0151,-0.0329,2.96,2.454,-0.95,-1.81,138.32,0.03,0.0,0.01,0.06,99695,1507,3,0.75,0.11,-0.05,0.07,49,156,-113,0,3.08,0.03,0.0333,0.0662,14.95,26.71,14.75
415.622,flow_only,17.5,52.1379044,21.160922,89.24,52.1379019,21.1609394,25,0.58,1.405,255,0.1678,0.3356,0.0468,-0.043,2.964,2.455,-0.68,-1.79,138.42,0.03,0.0,0.04,0.04,99695,1507,3,0.75,0.11,-0.05,0.07,49,-45,-166,0,3.1,0.05,0.0096,0.0214,14.35,17.86,12.23
415.722,flow_only,17.601,52.1379033,21.1609237,89.24,52.1379001,21.1609429,25,0.58,1.559,255,0.1679,0.8393,0.0611,0.0418,2.958,2.46,-0.41,-1.91,138.63,0.03,0.0,0.01,0.06,99695,1507,3,0.71,0.11,-0.05,0.07,49,-51,-94,0,3.1,0.05,0.0227,0.0396,15.23,16.47,10.97
415.822,flow_only,17.7,52.1379023,21.1609253,89.25,52.1379001,21.1609429,25,0.58,1.559,255,0.0,0.3356,0.0167,0.069,2.928,2.464,-0.19,-1.58,138.78,0.03,0.0,0.02,0.05,99695,1507,3,0.71,0.11,-0.05,0.07,49,-62,-226,0,3.09,0.04,0.0189,0.0337,16.13,14.12,9.85
415.922,flow_only,17.801,52.1379014,21.1609268,89.25,52.1378981,21.1609468,25,0.58,1.577,255,0.1677,0.3355,0.0476,0.1235,2.926,2.465,-0.0,-0.89,138.95,0.03,0.0,0.0,0.04,99695,1507,3,0.68,0.11,-0.05,0.07,49,125,219,0,3.09,0.04,0.0172,0.033,13.39,14.3,9.67
416.022,flow_only,17.901,52.1379006,21.1609284,89.25,52.1378981,21.1609468,25,0.58,1.577,255,0.1678,0.3355,0.0358,-0.0147,2.934,2.465,0.26,-0.75,139.05,0.03,0.0,0.02,0.05,99695,1507,3,0.68,0.11,-0.05,0.07,49,-88,-36,0,3.08,0.06,0.0265,0.0539,14.86,14.18,10.22
416.122,flow_only,18.001,52.1378998,21.1609299,89.25,52.137896,21.1609505,25,0.58,1.605,255,0.0,0.5033,0.1177,-0.0374,2.92,2.467,0.71,-0.94,139.12,0.03,0.0,0.02,0.06,99695,1507,3,0.66,0.12,-0.05,0.07,49,-100,-114,0,3.09,0.07,0.038,0.0735,15.06,16.11,8.33
416.222,flow_only,18.101,52.137899,21.1609315,89.26,52.137896,21.1609505,25,0.58,1.605,255,0.0,0.3355,0.0464,-0.0735,2.912,2.474,1.18,-1.21,139.24,0.03,0.0,0.04,0.03,99695,1507,3,0.66,0.12,-0.05,0.07,49,-128,-118,0,3.1,0.08,0.01,0.0257,14.69,17.26,7.65
416.322,flow_only,18.201,52.1378981,21.1609331,89.27,52.1378939,21.1609542,25,0.58,1.691,255,0.1677,0.8387,0.086,-0.0299,2.938,2.482,1.56,-1.58,139.36,0.03,0.0,0.01,0.03,99695,1507,3,0.63,0.11,-0.05,0.07,49,97,87,0,3.1,0.09,0.0119,0.0239,14.64,14.35,8.03
416.422,flow_only,18.301,52.1378972,21.1609346,89.27,52.1378939,21.1609542,25,0.58,1.691,255,0.0,0.3355,-0.0324,-0.021,2.93,2.489,1.63,-1.56,139.49,0.03,0.0,0.0,0.05,99695,1507,3,0.63,0.11,-0.05,0.07,49,-109,-172,0,3.1,0.09,0.0172,0.0356,13.98,10.64,6.72
416.522,flow_only,18.401,52.1378962,21.1609362,89.28,52.1378919,21.1609578,25,0.58,1.538,255,0.0,0.3356,0.0392,0.054,2.936,2.497,1.64,-1.58,139.54,0.03,0.0,0.02,0.06,99695,1507,3,0.61,0.12,-0.05,0.07,49,16,32,0,3.11,0.09,0.0116,0.0209,14.8,12.58,6.38
416.622,flow_only,18.501,52.1378951,21.1609377,89.29,52.1378919,21.1609578,25,0.58,1.538,255,0.0,0.8388,-0.0241,0.0306,2.954,2.505,1.69,-1.22,139.58,0.03,0.0,0.0,0.05,99695,1507,3,0.61,0.12,-0.05,0.07,49,-61,422,0,3.11,0.09,0.0315,0.0583,14.56,10.91,7.47
416.722,flow_only,18.601,52.1378939,21.1609395,89.3,52.1378898,21.1609612,25,0.58,1.608,255,0.0,0.5035,0.0042,0.1158,2.95,2.512,1.67,-0.98,139.65,0.03,0.0,0.0,0.06,99695,1507,3,0.59,0.12,-0.05,0.07,49,177,323,0,3.11,0.08,0.0453,0.0809,13.69,10.83,7.47
416.822,flow_only,18.701,52.1378928,21.1609413,89.3,52.1378898,21.1609612,25,0.58,1.608,255,0.0,0.3356,-0.0831,0.0552,2.968,2.517,1.3,-0.48,139.75,0.03,0.0,0.01,0.05,99695,1507,3,0.59,0.12,-0.05,0.07,49,32,-142,0,3.11,0.07,0.0165,0.0329,13.45,18.17,10.26
416.922,flow_only,18.801,52.1378916,21.160943,89.31,52.1378876,21.1609646,25,0.58,1.554,255,0.0,0.5035,0.0078,0.1076,2.956,2.52,1.24,0.03,139.95,0.03,0.0,0.0,0.06,99695,1507,3,0.57,0.11,-0.05,0.07,49,26,-267,0,3.11,0.07,0.0132,0.0292,15.89,18.69,10.49
417.022,flow_only,18.9,52.1378903,21.1609447,89.31,52.1378876,21.1609646,25,0.58,1.554,255,0.0,0.5033,-0.0543,-0.0256,2.974,2.522,1.03,0.11,140.08,0.03,0.0,0.01,0.05,99695,1507,3,0.57,0.11,-0.05,0.07,49,40,-63,0,3.11,0.07,0.0276,0.0565,17.19,16.05,10.35
417.122,flow_only,19.0,52.1378891,21.1609464,89.31,52.1378855,21.160968,25,0.58,1.543,255,0.0,0.5034,0.0176,0.1243,2.968,2.523,0.96,0.48,140.23,0.03,0.0,0.0,0.07,99695,1507,3,0.55,0.11,-0.05,0.07,49,-143,272,0,3.11,0.05,0.0411,0.0827,16.42,15.32,10.17
417.222,flow_only,19.101,52.1378878,21.160948,89.31,52.1378855,21.160968,25,0.58,1.543,255,0.0,0.8391,-0.0456,-0.0242,2.962,2.525,0.83,0.71,140.32,0.03,0.0,0.02,0.06,99695,1507,3,0.55,0.11,-0.05,0.07,49,23,-66,0,3.12,0.05,0.0103,0.0256,15.26,22.34,10.44
417.322,flow_only,19.201,52.1378867,21.1609494,89.31,52.1378833,21.1609711,25,0.58,1.481,255,0.0,0.3355,-0.0016,0.0971,2.968,2.528,0.72,0.94,140.42,0.03,0.0,0.01,0.07,99695,1507,3,0.54,0.12,-0.05,0.07,49,-142,-180,0,3.11,0.06,0.0248,0.0382,17.3,20.6,9.1
417.422,flow_only,19.3,52.1378856,21.1609506,89.31,52.1378833,21.1609711,25,0.58,1.481,255,0.0,0.3357,-0.0044,-0.0669,2.972,2.53,0.75,1.01,140.47,0.03,0.0,0.0,0.07,99695,1507,3,0.54,0.12,-0.05,0.07,49,-150,252,0,3.12,0.07,0.0202,0.0369,16.86,15.48,7.99
417.522,flow_only,19.401,52.1378846,21.1609517,89.32,52.1378811,21.1609739,25,0.58,1.444,255,0.0,0.5032,-0.017,-0.0527,2.99,2.533,0.69,0.6,140.63,0.03,0.0,0.01,0.05,99695,1507,3,0.52,0.12,-0.05,0.07,49,35,-52,0,3.12,0.06,0.0185,0.0314,18.82,16.46,10.6
417.622,flow_only,19.501,52.1378836,21.1609527,89.33,52.1378811,21.1609739,25,0.58,1.444,255,0.0,0.1678,-0.0632,-0.1376,3.0,2.541,0.44,-0.04,140.8,0.03,0.0,0.05,0.04,99695,1507,3,0.52,0.12,-0.05,0.07,49,45,-228,0,3.15,0.07,0.0259,0.0491,15.25,16.16,10.05
417.722,flow_only,19.6,52.1378825,21.1609538,89.34,52.1378791,21.1609764,25,0.58,1.295,255,0.0,0.1678,-0.0568,-0.0761,2.988,2.552,0.03,-0.62,141.03,0.03,0.0,0.0,0.06,99695,1507,3,0.51,0.12,-0.05,0.07,49,-61,19,0,3.15,0.07,0.0196,0.0394,14.74,13.55,10.34
417.822,flow_only,19.701,52.1378815,21.1609547,89.34,52.1378791,21.1609764,25,0.58,1.295,255,0.0,0.1678,-0.0689,-0.0806,2.98,2.558,-0.24,-1.07,141.16,0.03,0.0,0.03,0.03,99695,1507,3,0.51,0.12,-0.05,0.07,49,-104,134,0,3.14,0.06,0.0258,0.0493,15.97,20.26,12.17
417.922,flow_only,19.801,52.1378806,21.1609557,89.34,52.1378771,21.160979,25,0.58,1.359,255,0.0,0.3355,-0.0712,-0.0452,2.995,2.559,-0.72,-1.33,141.18,0.03,0.0,0.0,0.04,99695,1507,3,0.5,0.12,-0.05,0.07,49,125,-40,0,3.14,0.06,0.0217,0.0423,16.72,20.56,14.19
418.022,flow_only,19.901,52.1378796,21.1609567,89.34,52.1378771,21.160979,25,0.58,1.359,255,0.0,0.3356,-0.0653,-0.0825,2.98,2.558,-1.09,-1.78,141.16,0.03,0.0,0.03,0.05,99695,1507,3,0.5,0.12,-0.05,0.07,49,88,-19,0,3.12,0.05,0.0125,0.0302,14.0,17.18,12.34
418.122,flow_only,20.0,52.1378786,21.1609579,89.34,52.1378752,21.1609817,25,0.58,1.289,255,0.0,0.3356,0.0048,-0.0404,2.978,2.555,-1.25,-2.09,141.11,0.03,0.0,0.0,0.05,99695,1507,3,0.49,0.12,-0.05,0.07,49,62,-63,0,3.12,0.05,0.0063,0.02,15.32,20.71,13.9
418.222,flow_only,20.101,52.1378776,21.1609591,89.34,52.1378752,21.1609817,25,0.58,1.289,255,0.0,0.3356,0.0054,-0.0083,2.98,2.554,-1.21,-2.18,140.97,0.03,0.0,0.02,0.05,99695,1507,3,0.49,0.12,-0.05,0.07,49,-4,256,0,3.13,0.06,0.0144,0.0273,18.44,20.28,11.78
418.322,flow_only,20.2,52.1378765,21.1609604,89.34,52.1378734,21.1609844,25,0.58,1.375,255,0.3357,0.6714,0.0827,0.0257,2.964,2.554,-0.82,-2.14,140.68,0.03,0.0,0.01,0.04,99695,1507,3,0.48,0.11,-0.05,0.07,49,81,215,0,3.12,0.06,0.0195,0.0346,17.75,19.0,13.14
418.422,flow_only,20.301,52.1378755,21.1609619,89.34,52.1378734,21.1609844,25,0.58,1.375,255,0.0,0.6713,0.0225,0.038,2.972,2.555,-0.63,-1.9,140.31,0.03,0.0,0.01,0.04,99695,1507,3,0.48,0.11,-0.05,0.07,49,-87,10,0,3.13,0.06,0.0127,0.0257,18.79,18.46,13.24
418.522,flow_only,20.4,52.1378745,21.1609633,89.34,52.1378715,21.1609875,25,0.58,1.4,255,0.1678,0.3355,0.0954,0.0857,2.994,2.555,-0.12,-1.52,139.94,0.03,0.0,0.02,0.04,99695,1507,3,0.47,0.11,-0.05,0.07,49,116,-166,0,3.12,0.06,0.0182,0.0353,18.41,17.27,9.8
418.622,flow_only,20.501,52.1378736,21.1609647,89.34,52.1378715,21.1609875,25,0.58,1.4,255,0.0,0.3355,0.0342,-0.0027,3.008,2.556,0.08,-1.35,139.61,0.03,0.0,0.04,0.05,99695,1507,3,0.47,0.11,-0.05,0.07,49,246,295,0,3.13,0.05,0.0172,0.0287,18.36,16.29,12.11
418.722,flow_only,20.601,52.1378727,21.1609663,89.34,52.1378696,21.1609908,25,0.58,1.447,255,0.0,0.3356,0.0775,0.0639,2.998,2.56,0.56,-1.11,139.33,0.03,0.0,0.0,0.06,99695,1507,3,0.46,0.11,-0.05,0.07,49,80,19,0,3.13,0.04,0.0153,0.0286,16.7,14.21,9.31
418.822,flow_only,20.701,52.1378718,21.1609681,89.35,52.1378696,21.1609908,25,0.58,1.447,255,0.0,0.3355,0.06,-0.0144,2.994,2.565,0.75,-1.06,139.03,0.03,0.0,0.02,0.03,99695,1507,3,0.46,0.11,-0.05,0.07,49,-78,-198,0,3.14,0.05,0.0172,0.0329,16.08,13.92,9.96
418.922,flow_only,20.801,52.1378709,21.1609698,89.36,52.1378677,21.160994,25,0.58,1.372,255,0.1678,0.6713,0.0892,0.0594,3.004,2.572,1.36,-0.91,138.69,0.03,0.0,0.03,0.05,99695,1507,3,0.45,0.1,-0.05,0.07,49,12,-317,0,3.15,0.07,0.0236,0.0483,15.38,15.84,10.85
419.022,flow_only,20.901,52.13787,21.1609714,89.36,52.1378677,21.160994,25,0.58,1.372,255,0.0,0.3356,0.006,-0.0271,2.982,2.579,1.43,-0.8,138.35,0.03,0.0,0.01,0.04,99695,1507,3,0.45,0.1,-0.05,0.07,49,112,151,0,3.16,0.07,0.024,0.0481,16.37,16.4,11.89
419.122,flow_only,21.001,52.1378692,21.1609731,89.37,52.1378658,21.1609973,25,0.58,1.395,255,0.1678,0.6713,0.0911,-0.0122,2.968,2.586,1.86,-0.94,138.03,0.03,0.0,0.0,0.05,99695,1507,3,0.44,0.1,-0.05,0.07,49,-105,-101,0,3.16,0.08,0.0235,0.0492,16.31,22.09,13.64
419.222,flow_only,21.101,52.1378684,21.1609748,89.37,52.1378658,21.1609973,25,0.58,1.395,255,0.0,0.1678,0.069,-0.0372,2.968,2.589,2.14,-1.07,137.79,0.03,0.0,0.0,0.04,99695,1507,3,0.44,0.1,-0.05,0.07,49,-54,-130,0,3.15,0.1,0.0129,0.0291,16.49,25.89,13.79
419.322,flow_only,21.201,52.1378675,21.1609762,89.37,52.137864,21.1610003,25,0.58,1.351,255,0.1678,0.3355,0.007,-0.0044,2.97,2.59,2.44,-1.11,137.61,0.03,0.0,0.0,0.05,99695,1507,3,0.44,0.11,-0.05,0.07,49,76,-128,0,3.15,0.09,0.0382,0.0734,20.11,21.33,11.77
419.422,flow_only,21.301,52.1378668,21.1609775,89.37,52.137864,21.1610003,25,0.58,1.351,255,0.0,0.6712,0.0076,-0.0557,2.97,2.588,2.27,-1.38,137.54,0.03,0.0,0.02,0.06,99695,1507,3,0.44,0.11,-0.05,0.07,49,51,92,0,3.13,0.08,0.0286,0.059,21.35,17.47,13.21
419.522,flow_only,21.401,52.137866,21.1609788,89.37,52.1378621,21.1610033,25,0.58,1.392,255,0.0,0.3354,-0.0597,-0.0905,2.994,2.582,2.2,-1.66,137.62,0.03,0.0,0.02,0.04,99695,1507,3,0.43,0.11,-0.05,0.07,49,-24,-93,0,3.12,0.06,0.0262,0.0558,17.98,23.93,15.06
419.622,flow_only,21.501,52.1378652,21.1609801,89.36,52.1378621,21.1610033,25,0.58,1.392,255,0.0,0.3355,0.0308,-0.0335,3.01,2.576,2.12,-2.14,137.79,0.03,0.0,0.02,0.06,99695,1507,3,0.43,0.11,-0.05,0.07,49,78,126,0,3.11,0.03,0.0169,0.0422,22.5,21.83,12.47
419.722,flow_only,21.601,52.1378644,21.1609812,89.36,52.1378601,21.1610063,25,0.58,1.405,255,-0.1678,0.5033,-0.0282,-0.0915,3.01,2.573,2.06,-2.44,138.05,0.03,0.0,0.01,0.04,99695,1507,3,0.42,0.11,-0.05,0.07,49,-6,-291,0,3.11,0.02,0.0455,0.089,17.62,24.79,12.0
419.822,flow_only,21.7,52.1378637,21.1609822,89.36,52.1378601,21.1610063,25,0.58,1.405,255,-0.1678,0.3357,0.0313,-0.0301,3.0,2.573,2.12,-2.74,138.38,0.03,0.0,0.01,0.05,99695,1507,3,0.42,0.11,-0.05,0.07,49,38,-31,0,3.12,0.02,0.0458,0.0927,17.37,27.73,15.01
419.922,flow_only,21.801,52.1378628,21.1609834,89.36,52.1378581,21.1610091,25,0.58,1.447,255,0.0,0.1678,-0.0425,-0.1263,2.994,2.574,1.94,-3.3,138.74,0.03,0.0,0.0,0.03,99695,1507,3,0.42,0.11,-0.05,0.07,49,24,-85,0,3.12,0.02,0.0199,0.0446,23.36,24.2,12.93
420.022,flow_only,21.901,52.1378619,21.1609847,89.36,52.1378581,21.1610091,25,0.58,1.447,255,0.0,0.3356,-0.0068,0.0394,3.006,2.574,1.92,-3.41,139.17,0.03,0.0,0.01,0.03,99695,1507,3,0.42,0.11,-0.05,0.07,49,30,90,0,3.11,0.03,0.0091,0.0233,18.73,21.76,14.59
420.122,flow_only,22.001,52.1378609,21.160986,89.36,52.1378559,21.1610121,25,0.58,1.683,255,-0.1678,0.3356,-0.035,-0.0007,3.007,2.571,1.61,-3.45,139.5,0.03,0.0,0.01,0.04,99695,1507,3,0.41,0.12,-0.05,0.07,49,87,-169,0,3.11,0.02,0.0207,0.0457,18.68,18.88,12.71
420.222,flow_only,22.101,52.1378601,21.1609874,89.35,52.1378559,21.1610121,25,0.58,1.683,255,0.0,1.0065,0.0002,0.1212,3.025,2.568,1.59,-2.89,139.83,0.03,0.0,0.01,0.06,99695,1507,3,0.41,0.12,-0.05,0.07,49,23,-252,0,3.1,0.01,0.0404,0.0836,17.51,16.09,10.69
420.322,flow_only,22.201,52.1378591,21.1609888,89.35,52.1378534,21.1610153,25,0.58,1.743,255,-0.1678,0.5034,-0.0321,-0.0358,3.038,2.562,1.35,-2.87,140.06,0.03,0.0,0.02,0.05,99695,1507,3,0.4,0.12,-0.05,0.07,49,-83,-46,0,3.09,-0.01,0.0047,0.0195,17.67,20.87,16.27
420.422,flow_only,22.301,52.1378579,21.1609901,89.34,52.1378534,21.1610153,25,0.58,1.743,255,0.0,0.5035,-0.006,0.0545,3.058,2.555,1.33,-2.71,140.32,0.03,0.0,0.02,0.05,99695,1507,3,0.4,0.12,-0.05,0.07,49,30,-71,0,3.08,-0.02,0.0063,0.0206,16.65,19.15,13.9
420.522,flow_only,22.401,52.1378569,21.1609915,89.34,52.1378508,21.1610184,25,0.58,1.722,255,-0.1678,0.8391,-0.0562,0.0378,3.034,2.552,0.97,-2.59,140.48,0.03,0.0,0.02,0.06,99695,1507,3,0.4,0.12,-0.05,0.07,49,-55,123,0,3.1,-0.04,0.0085,0.017,13.47,23.03,12.86
420.623,flow_only,22.501,52.1378557,21.1609928,89.34,52.1378508,21.1610184,25,0.58,1.722,255,0.0,0.5035,0.0118,0.0807,3.026,2.55,0.93,-2.08,140.62,0.03,0.0,0.0,0.04,99695,1507,3,0.4,0.12,-0.05,0.07,49,45,-145,0,3.1,-0.03,0.0235,0.044,17.33,21.68,14.62
420.723,flow_only,22.601,52.1378546,21.160994,89.34,52.1378482,21.1610216,25,0.58,1.857,255,0.0,0.5034,-0.039,-0.0012,3.032,2.552,0.8,-2.01,140.65,0.03,0.0,0.03,0.04,99695,1507,3,0.39,0.11,-0.05,0.07,49,-99,-41,0,3.11,0.0,0.025,0.0477,19.19,22.28,14.81
420.822,flow_only,22.701,52.1378532,21.1609954,89.34,52.1378482,21.1610216,25,0.58,1.857,255,0.0,0.5034,-0.0357,0.0795,3.052,2.555,0.61,-1.68,140.68,0.03,0.0,0.0,0.05,99695,1507,3,0.39,0.11,-0.05,0.07,49,86,421,0,3.11,0.0,0.0387,0.0768,17.68,23.12,15.1
420.922,flow_only,22.801,52.1378519,21.1609969,89.34,52.1378456,21.1610248,25,0.58,1.76,255,0.0,0.5033,-0.0538,0.0647,3.034,2.558,0.35,-1.38,140.63,0.03,0.0,0.01,0.06,99695,1507,3,0.39,0.1,-0.05,0.07,49,84,-131,0,3.12,-0.01,0.0094,0.0217,19.17,22.89,16.99
421.022,flow_only,22.901,52.1378506,21.1609985,89.35,52.1378456,21.1610248,25,0.58,1.76,255,0.0,0.5035,0.0629,0.1019,3.046,2.562,0.34,-0.84,140.57,0.03,0.0,0.01,0.04,99695,1507,3,0.39,0.1,-0.05,0.07,49,88,-338,0,3.12,0.0,0.0055,0.0134,16.67,22.04,14.86
421.122,flow_only,23.001,52.1378495,21.1609999,89.35,52.1378431,21.1610279,25,0.58,1.762,255,0.0,0.5032,0.014,0.072,3.038,2.563,0.67,-0.26,140.49,0.03,0.0,0.0,0.05,99695,1507,3,0.38,0.11,-0.05,0.07,49,110,-175,0,3.12,0.0,0.0266,0.0499,14.43,22.01,13.37
421.222,flow_only,23.101,52.1378485,21.1610013,89.35,52.1378431,21.1610279,25,0.58,1.762,255,0.0,0.3355,-0.0568,-0.0884,3.02,2.568,0.26,-0.53,140.32,0.03,0.0,0.04,0.04,99695,1507,3,0.38,0.11,-0.05,0.07,49,107,322,0,3.14,0.0,0.0156,0.0347,16.03,15.91,13.08
421.322,flow_only,23.201,52.1378474,21.1610029,89.36,52.1378405,21.1610312,25,0.58,1.765,255,0.0,0.8388,0.0404,0.0228,3.012,2.574,0.4,-0.59,140.18,0.03,0.0,0.02,0.06,99695,1507,3,0.38,0.12,-0.05,0.07,49,-169,-16,0,3.14,0.04,0.0059,0.0206,14.94,16.05,9.75
421.422,flow_only,23.301,52.1378462,21.1610044,89.36,52.1378405,21.1610312,25,0.58,1.765,255,0.0,0.5033,-0.0253,-0.048,2.998,2.576,0.36,-0.75,140.03,0.03,0.0,0.01,0.05,99695,1507,3,0.38,0.12,-0.05,0.07,49,44,-36,0,3.13,0.04,0.0153,0.0308,16.74,22.58,12.36
421.522,flow_only,23.401,52.1378451,21.161006,89.36,52.1378379,21.1610342,25,0.58,1.841,255,0.0,0.5033,0.0296,0.0835,3.0,2.577,0.39,-0.52,139.99,0.03,0.0,0.0,0.04,99695,1507,3,0.38,0.12,-0.05,0.07,49,30,-85,0,3.13,0.05,0.0094,0.0201,19.75,20.98,13.35
421.623,flow_only,23.501,52.137844,21.1610076,89.37,52.1378379,21.1610342,25,0.58,1.841,255,0.1678,0.8389,0.0389,0.0046,2.988,2.58,0.69,-0.36,139.92,0.03,0.0,0.02,0.03,99695,1507,3,0.38,0.12,-0.05,0.07,49,134,262,0,3.13,0.05,0.0256,0.0488,21.05,20.48,15.15
421.723,flow_only,23.601,52.1378429,21.1610092,89.37,52.1378353,21.1610374,25,0.58,1.766,255,0.0,0.5033,0.0448,0.0102,2.988,2.583,0.85,-0.28,139.95,0.03,0.0,0.01,0.04,99695,1507,3,0.37,0.12,-0.05,0.07,49,9,-223,0,3.13,0.06,0.0284,0.0554,19.91,17.74,13.58
421.823,flow_only,23.701,52.1378418,21.1610109,89.37,52.1378353,21.1610374,25,0.58,1.766,255,0.0,0.5035,0.0287,0.0142,3.006,2.584,1.17,-0.17,139.91,0.03,0.0,0.01,0.05,99695,1507,3,0.37,0.12,-0.05,0.07,49,115,-75,0,3.13,0.05,0.0265,0.0502,18.67,18.1,11.97
421.922,flow_only,23.801,52.1378408,21.1610125,89.37,52.1378329,21.1610407,25,0.58,1.69,255,0.0,0.3355,0.0242,-0.0522,3.0,2.584,1.18,-0.49,139.88,0.03,0.0,0.0,0.06,99695,1507,3,0.37,0.12,-0.05,0.07,49,8,-180,0,3.12,0.03,0.0118,0.0253,19.1,21.9,14.47
422.022,flow_only,23.901,52.1378398,21.161014,89.37,52.1378329,21.1610407,25,0.58,1.69,255,0.0,0.5033,0.0054,0.0594,2.996,2.582,1.45,-0.17,139.96,0.03,0.0,0.0,0.06,99695,1507,3,0.37,0.12,-0.05,0.07,49,-53,-210,0,3.11,0.03,0.0187,0.035,18.88,24.27,13.83
422.122,flow_only,24.001,52.1378388,21.1610156,89.37,52.1378305,21.161044,25,0.58,1.71,255,-0.1678,0.8388,-0.0227,-0.0284,3.004,2.582,1.26,-0.29,140.07,0.03,0.0,0.01,0.04,99695,1507,3,0.36,0.12,-0.05,0.07,49,51,-27,0,3.12,0.04,0.0125,0.0263,18.41,17.47,12.67
422.222,flow_only,24.101,52.1378378,21.1610171,89.37,52.1378305,21.161044,25,0.58,1.71,255,0.0,0.5034,-0.0091,0.0097,3.007,2.581,1.24,-0.19,140.21,0.03,0.0,0.0,0.04,99695,1507,3,0.36,0.12,-0.05,0.07,49,12,303,0,3.12,0.04,0.0215,0.0403,16.67,17.3,13.07
422.322,flow_only,24.201,52.1378367,21.1610187,89.37,52.137828,21.161047,25,0.58,1.708,255,0.0,0.3355,-0.0194,0.0014,3.013,2.58,1.1,-0.25,140.42,0.03,0.0,0.01,0.05,99695,1507,3,0.36,0.14,-0.05,0.07,49,49,348,0,3.11,0.02,0.0314,0.0589,18.32,21.3,14.85
422.422,flow_only,24.301,52.1378356,21.1610203,89.36,52.137828,21.161047,25,0.58,1.708,255,0.0,0.6711,-0.0204,-0.0155,3.028,2.575,1.08,-0.25,140.56,0.03,0.0,0.03,0.05,99695,1507,3,0.36,0.14,-0.05,0.07,49,10,-210,0,3.09,0.0,0.01,0.0256,17.25,20.51,14.68
422.522,flow_only,24.401,52.1378346,21.1610217,89.35,52.1378255,21.1610498,25,0.58,1.623,255,0.0,0.8389,0.0104,0.0547,2.994,2.57,1.02,-0.08,140.74,0.03,0.0,0.0,0.04,99695,1507,3,0.36,0.13,-0.05,0.07,49,-130,-43,0,3.09,-0.01,0.0088,0.0215,17.64,18.22,12.72
422.622,flow_only,24.501,52.1378335,21.1610232,89.35,52.1378255,21.1610498,25,0.58,1.623,255,0.0,0.3355,0.0129,-0.0601,3.002,2.563,1.15,-0.21,140.89,0.03,0.0,0.01,0.06,99695,1507,3,0.36,0.13,-0.05,0.07,49,-9,-162,0,3.08,-0.01,0.0129,0.0306,18.56,23.76,16.14
422.723,flow_only,24.601,52.1378323,21.1610245,89.34,52.1378231,21.1610526,25,0.58,1.61,255,-0.1678,0.5033,-0.0129,0.0259,3.014,2.557,1.14,-0.15,141.06,0.03,0.0,0.0,0.07,99695,1507,3,0.36,0.14,-0.05,0.07,49,-145,119,0,3.08,0.0,0.0374,0.0749,19.16,20.44,14.94
422.823,flow_only,24.701,52.1378311,21.1610257,89.34,52.1378231,21.1610526,25,0.58,1.61,255,-0.1678,0.5034,-0.0758,-0.0094,3.006,2.556,0.84,-0.27,141.22,0.03,0.0,0.01,0.06,99695,1507,3,0.36,0.14,-0.05,0.07,49,86,-133,0,3.09,0.0,0.0146,0.0245,17.17,17.9,14.52
422.922,flow_only,24.801,52.13783,21.1610269,89.34,52.1378207,21.1610554,25,0.58,1.564,255,0.0,0.5033,0.0002,0.0056,3.02,2.554,0.62,-0.11,141.24,0.03,0.0,0.02,0.06,99695,1507,3,0.35,0.13,-0.05,0.07,49,-77,-13,0,3.08,0.0,0.0168,0.0319,15.82,19.98,13.93
423.022,flow_only,24.901,52.137829,21.161028,89.34,52.1378207,21.1610554,25,0.58,1.564,255,-0.1678,0.8388,-0.042,-0.0417,3.01,2.551,0.49,-0.29,141.17,0.03,0.0,0.0,0.05,99695,1507,3,0.35,0.13,-0.05,0.07,49,-139,363,0,3.08,-0.01,0.0234,0.0489,19.83,21.51,14.95
423.122,flow_only,25.001,52.1378278,21.1610291,89.33,52.1378185,21.1610581,25,0.58,1.501,255,0.0,0.8391,0.0595,-0.0073,3.034,2.548,0.58,-0.44,140.98,0.03,0.0,0.0,0.05,99695,1507,3,0.35,0.14,-0.05,0.07,49,-102,220,0,3.08,-0.01,0.0348,0.0724,20.22,20.27,12.4
423.222,flow_only,25.101,52.1378266,21.1610302,89.33,52.1378185,21.1610581,25,0.58,1.501,255,0.0,0.3355,-0.0433,-0.0252,3.03,2.545,0.66,-0.49,140.69,0.03,0.0,0.01,0.03,99695,1507,3,0.35,0.14,-0.05,0.07,49,-23,-153,0,3.07,-0.01,0.0229,0.045,19.62,19.66,13.26
423.322,flow_only,25.201,52.1378255,21.1610313,89.33,52.1378163,21.1610608,25,0.58,1.574,255,-0.1678,0.3356,-0.0363,-0.0363,3.044,2.541,0.3,-0.82,140.35,0.03,0.0,0.0,0.04,99695,1507,3,0.35,0.13,-0.05,0.07,49,-44,-87,0,3.07,-0.04,0.0159,0.0353,17.33,20.02,12.85
423.422,flow_only,25.301,52.1378242,21.1610324,89.32,52.1378163,21.1610608,25,0.58,1.574,255,-0.1678,0.5033,-0.1009,-0.0506,3.026,2.538,-0.02,-0.96,140.03,0.03,0.0,0.0,0.06,99695,1507,3,0.35,0.13,-0.05,0.07,49,73,-164,0,3.07,-0.04,0.0281,0.0618,13.48,21.39,12.62
423.522,flow_only,25.401,52.1378229,21.1610336,89.32,52.137814,21.1610634,25,0.58,1.54,255,0.0,0.3356,-0.084,0.0758,3.002,2.533,-0.57,-0.94,139.88,0.03,0.0,0.0,0.05,99695,1507,3,0.35,0.13,-0.05,0.07,49,145,-126,0,3.07,-0.03,0.0085,0.0233,15.39,23.75,10.68
423.622,flow_only,25.501,52.1378219,21.1610349,89.31,52.137814,21.1610634,25,0.58,1.54,255,-0.1677,0.671,-0.0753,0.02,2.99,2.53,-1.1,-0.73,139.76,0.03,0.0,0.0,0.06,99695,1507,3,0.35,0.13,-0.05,0.07,49,-30,316,0,3.07,-0.02,0.016,0.0322,16.59,20.28,11.76
423.722,flow_only,25.601,52.1378208,21.1610362,89.31,52.1378119,21.1610661,25,0.58,1.546,255,0.0,0.5035,0.0191,0.0458,3.014,2.527,-1.09,-0.39,139.7,0.03,0.0,0.0,0.05,99695,1507,3,0.35,0.13,-0.05,0.07,49,-156,-57,0,3.07,0.0,0.0172,0.0319,16.41,18.43,10.75
423.823,flow_only,25.701,52.1378197,21.1610375,89.31,52.1378119,21.1610661,25,0.58,1.546,255,0.0,0.3355,0.0501,0.0082,3.028,2.524,-0.91,-0.41,139.56,0.03,0.0,0.01,0.04,99695,1507,3,0.35,0.13,-0.05,0.07,49,6,-136,0,3.06,-0.01,0.0128,0.0292,21.58,22.75,11.52
423.923,flow_only,25.801,52.1378185,21.1610389,89.31,52.1378098,21.1610688,25,0.58,1.49,255,0.0,0.8387,-0.0217,-0.0166,3.006,2.523,-0.77,-0.28,139.26,0.03,0.0,0.02,0.04,99695,1507,3,0.35,0.13,-0.05,0.07,49,171,-30,0,3.07,-0.02,0.0274,0.0522,17.97,21.73,13.32
424.022,flow_only,25.901,52.1378174,21.1610404,89.31,52.1378098,21.1610688,25,0.58,1.49,255,0.0,0.3355,0.0431,0.0666,3.012,2.523,-0.69,-0.25,138.88,0.03,0.0,0.0,0.03,99695,1507,3,0.35,0.13,-0.05,0.07,49,27,36,0,3.07,-0.02,0.0223,0.0429,16.05,16.14,10.76
424.122,flow_only,26.001,52.1378163,21.161042,89.31,52.1378076,21.1610718,25,0.58,1.659,255,0.0,0.3356,0.0093,-0.0122,2.998,2.526,-0.56,-0.1,138.52,0.03,0.0,0.02,0.02,99695,1507,3,0.34,0.15,-0.05,0.07,49,-33,-248,0,3.08,-0.01,0.006,0.0183,15.25,17.48,10.2
424.222,flow_only,26.101,52.1378153,21.1610434,89.32,52.1378076,21.1610718,25,0.58,1.659,255,0.1678,0.3356,0.0384,0.0674,3.0,2.53,-0.33,0.1,138.28,0.03,0.0,0.01,0.05,99695,1507,3,0.34,0.15,-0.05,0.07,49,-27,-154,0,3.09,0.0,0.0086,0.0174,14.75,26.76,14.28
424.322,flow_only,26.201,52.1378144,21.1610447,89.32,52.1378055,21.1610749,25,0.58,1.612,255,0.0,0.3356,0.0148,-0.063,2.995,2.535,-0.29,0.0,138.13,0.03,0.0,0.0,0.04,99695,1507,3,0.34,0.14,-0.05,0.07,49,-11,340,0,3.09,0.0,0.0102,0.0244,18.94,25.08,12.29
424.422,flow_only,26.301,52.1378134,21.1610461,89.32,52.1378055,21.1610749,25,0.58,1.612,255,0.0,0.5033,-0.0103,-0.0484,2.985,2.537,-0.11,-0.19,138.11,0.03,0.0,0.01,0.05,99695,1507,3,0.34,0.14,-0.05,0.07,49,-58,-124,0,3.08,0.0,0.0134,0.0232,17.26,26.8,13.56
424.522,flow_only,26.401,52.1378124,21.1610475,89.32,52.1378034,21.1610782,25,0.58,1.516,255,0.0,0.6711,0.009,-0.0154,2.997,2.539,-0.13,-0.48,138.24,0.03,0.0,0.0,0.05,99695,1507,3,0.34,0.12,-0.05,0.07,49,4,-69,0,3.08,0.01,0.006,0.0139,18.58,24.2,11.45
424.622,flow_only,26.501,52.1378114,21.161049,89.33,52.1378034,21.1610782,25,0.58,1.516,255,0.0,0.3355,-0.0458,-0.0228,2.994,2.544,-0.31,-0.56,138.46,0.03,0.0,0.03,0.05,99695,1507,3,0.34,0.12,-0.05,0.07,49,13,-138,0,3.1,0.02,0.0058,0.0176,18.53,27.22,12.28
424.722,flow_only,26.601,52.1378104,21.1610505,89.33,52.1378015,21.1610815,25,0.58,1.497,255,0.0,0.8387,0.0576,0.0353,2.992,2.549,-0.26,-0.37,138.75,0.03,0.0,0.0,0.05,99695,1507,3,0.34,0.12,-0.05,0.07,49,-16,327,0,3.1,0.02,0.022,0.042,20.41,25.0,12.36
424.823,flow_only,26.701,52.1378095,21.161052,89.34,52.1378015,21.1610815,25,0.58,1.497,255,0.0,0.5033,0.0548,-0.0045,2.994,2.552,0.06,-0.39,139.0,0.03,0.0,0.0,0.05,99695,1507,3,0.34,0.12,-0.05,0.07,49,-91,-136,0,3.09,0.01,0.0091,0.0156,17.73,24.25,12.2
424.923,flow_only,26.801,52.1378085,21.1610535,89.34,52.1377997,21.1610846,25,0.58,1.54,255,0.0,0.3355,0.0921,0.0103,2.976,2.556,0.64,-0.32,139.15,0.03,0.0,0.01,0.05,99695,1507,3,0.34,0.11,-0.05,0.07,49,12,15,0,3.1,0.02,0.0238,0.0442,19.77,23.25,11.84
425.023,flow_only,26.901,52.1378074,21.1610551,89.35,52.1377997,21.1610846,25,0.58,1.54,255,0.1678,0.6711,0.0555,-0.0278,3.024,2.561,0.87,-0.57,139.29,0.03,0.0,0.02,0.04,99695,1507,3,0.34,0.11,-0.05,0.07,49,-55,-249,0,3.11,0.03,0.0096,0.0182,23.61,22.82,14.21
425.122,flow_only,27.001,52.1378066,21.1610565,89.35,52.1377979,21.1610879,25,0.58,1.541,255,0.0,0.3356,-0.0026,0.0572,2.992,2.565,1.11,-0.23,139.4,0.03,0.0,0.0,0.05,99695,1507,3,0.34,0.1,-0.05,0.07,49,50,-324,0,3.11,0.01,0.0262,0.0481,18.63,21.29,14.2
425.222,flow_only,27.101,52.1378057,21.161058,89.35,52.1377979,21.1610879,25,0.58,1.541,255,0.0,0.3356,-0.0061,-0.0377,2.99,2.568,0.91,-0.41,139.49,0.03,0.0,0.0,0.06,99695,1507,3,0.34,0.1,-0.05,0.07,49,10,-135,0,3.11,0.01,0.0119,0.0246,19.09,19.17,12.64
425.322,flow_only,27.201,52.1378049,21.1610594,89.36,52.137796,21.1610912,25,0.58,1.527,255,0.0,0.3356,0.0118,-0.055,2.978,2.57,0.97,-0.61,139.57,0.03,0.0,0.0,0.04,99695,1507,3,0.34,0.1,-0.05,0.07,49,-49,-117,0,3.11,0.03,0.0211,0.041,18.09,20.74,11.82
425.422,flow_only,27.301,52.1378041,21.1610609,89.36,52.137796,21.1610912,25,0.58,1.527,255,0.1678,0.3356,0.0576,-0.0124,2.966,2.571,1.17,-0.85,139.69,0.03,0.0,0.0,0.06,99695,1507,3,0.34,0.1,-0.05,0.07,49,114,286,0,3.11,0.04,0.0164,0.0297,17.66,23.89,13.15
425.522,flow_only,27.401,52.1378033,21.1610623,89.36,52.1377941,21.1610945,25,0.58,1.525,255,0.1677,0.1677,0.0303,-0.0882,2.946,2.571,1.43,-1.21,139.71,0.03,0.0,0.0,0.03,99695,1507,3,0.33,0.1,-0.05,0.07,49,-95,-91,0,3.1,0.05,0.0121,0.0248,16.11,27.12,13.8
425.622,flow_only,27.501,52.1378024,21.1610639,89.36,52.1377941,21.1610945,25,0.58,1.525,255,0.0,0.3356,0.0526,0.0407,2.948,2.571,1.69,-1.19,139.69,0.03,0.0,0.0,0.03,99695,1507,3,0.33,0.1,-0.05,0.07,49,-73,-140,0,3.1,0.06,0.0006,0.0033,18.6,22.92,13.65
425.722,flow_only,27.601,52.1378015,21.1610652,89.35,52.1377922,21.1610979,25,0.58,1.507,255,0.0,0.3355,-0.0291,0.0137,2.964,2.57,1.71,-1.12,139.55,0.03,0.0,0.02,0.06,99695,1507,3,0.33,0.1,-0.05,0.07,49,-37,-145,0,3.09,0.06,0.0257,0.0481,21.18,19.76,14.57
425.822,flow_only,27.701,52.1378006,21.1610664,89.36,52.1377922,21.1610979,25,0.58,1.507,255,0.0,0.8391,-0.0089,-0.0025,2.956,2.572,1.65,-1.0,139.35,0.03,0.0,0.02,0.04,99695,1507,3,0.33,0.1,-0.05,0.07,49,-1,342,0,3.1,0.05,0.0057,0.01,21.71,21.45,13.44
425.923,flow_only,27.801,52.1377996,21.1610678,89.36,52.1377904,21.1611012,25,0.58,1.435,255,0.0,0.3355,-0.047,-0.0693,2.972,2.575,1.48,-1.43,139.11,0.03,0.0,0.0,0.05,99695,1507,3,0.33,0.09,-0.05,0.07,49,-147,-56,0,3.1,0.04,0.0162,0.0288,18.28,18.56,14.89
426.023,flow_only,27.901,52.1377985,21.1610691,89.36,52.1377904,21.1611012,25,0.58,1.435,255,0.0,0.8389,-0.0014,0.0174,2.974,2.58,1.41,-1.47,138.81,0.03,0.0,0.01,0.05,99695,1507,3,0.33,0.09,-0.05,0.07,49,15,12,0,3.11,0.06,0.0222,0.043,17.15,18.93,12.49
426.122,flow_only,28.001,52.1377974,21.1610705,89.37,52.1377884,21.1611042,25,0.58,1.498,255,0.0,0.5033,-0.0658,0.0417,2.992,2.587,1.3,-1.21,138.45,0.03,0.0,0.01,0.05,99695,1507,3,0.33,0.1,-0.05,0.07,49,-12,-187,0,3.12,0.05,0.0055,0.0133,16.85,22.37,12.01
426.222,flow_only,28.101,52.1377963,21.161072,89.38,52.1377884,21.1611042,25,0.58,1.498,255,0.0,0.3355,-0.0662,-0.0126,3.02,2.592,0.79,-1.19,138.13,0.03,0.0,0.0,0.05,99695,1507,3,0.33,0.1,-0.05,0.07,49,103,-200,0,3.12,0.05,0.0077,0.0129,16.62,25.38,13.77
426.322,flow_only,28.201,52.1377952,21.1610736,89.38,52.1377864,21.1611074,25,0.58,1.518,255,0.0,0.8387,0.012,0.0938,2.978,2.595,0.85,-0.88,137.91,0.03,0.0,0.0,0.03,99695,1507,3,0.33,0.09,-0.05,0.07,49,27,147,0,3.12,0.02,0.0195,0.0332,20.85,21.41,13.79
426.422,flow_only,28.301,52.1377943,21.161075,89.38,52.1377864,21.1611074,25,0.58,1.518,255,0.0,0.5035,-0.0612,-0.0189,2.994,2.597,0.55,-0.69,137.77,0.03,0.0,0.0,0.04,99695,1507,3,0.33,0.09,-0.05,0.07,49,33,-231,0,3.12,0.02,0.0256,0.0501,19.56,24.57,13.42
426.522,flow_only,28.401,52.1377934,21.1610763,89.39,52.1377844,21.1611106,25,0.58,1.563,255,0.0,0.3357,0.0392,0.0168,3.017,2.604,0.59,-0.71,137.75,0.03,0.0,0.04,0.02,99695,1507,3,0.32,0.09,-0.05,0.07,49,-131,-123,0,3.14,0.06,0.0345,0.0646,19.9,23.85,12.14
426.622,flow_only,28.501,52.1377924,21.1610774,89.4,52.1377844,21.1611106,25,0.58,1.563,255,0.0,0.3356,0.043,-0.0472,3.022,2.61,0.88,-0.77,137.84,0.03,0.0,0.0,0.04,99695,1507,3,0.32,0.09,-0.05,0.07,49,-26,-166,0,3.14,0.06,0.0228,0.0417,18.14,21.1,11.93
426.722,flow_only,28.6,52.1377913,21.1610786,89.4,52.1377824,21.1611139,25,0.58,1.535,255,0.0,0.3356,-0.0091,-0.0625,3.006,2.618,0.96,-1.17,137.92,0.03,0.0,0.02,0.04,99695,1507,3,0.32,0.09,-0.05,0.07,49,11,269,0,3.15,0.04,0.015,0.0332,19.76,23.67,12.16
426.822,flow_only,28.701,52.1377903,21.1610799,89.41,52.1377824,21.1611139,25,0.58,1.535,255,-0.1678,0.6712,-0.049,-0.0181,3.026,2.622,0.74,-1.37,138.09,0.03,0.0,0.0,0.02,99695,1507,3,0.32,0.09,-0.05,0.07,49,62,-118,0,3.15,0.04,0.0097,0.0208,19.12,21.24,12.58
426.922,flow_only,28.801,52.1377893,21.1610812,89.41,52.1377805,21.1611172,25,0.58,1.568,255,0.0,0.3356,-0.0395,0.0125,3.0,2.623,0.37,-1.32,138.3,0.03,0.0,0.01,0.03,99695,1507,3,0.32,0.08,-0.05,0.07,49,-71,-161,0,3.14,0.04,0.0301,0.0584,19.91,25.95,13.76
427.022,flow_only,28.901,52.1377883,21.1610824,89.41,52.1377805,21.1611172,25,0.58,1.568,255,0.0,0.5032,0.0392,0.004,3.004,2.62,0.58,-1.24,138.5,0.03,0.0,0.01,0.04,99695,1507,3,0.32,0.08,-0.05,0.07,49,-22,-167,0,3.13,0.04,0.0236,0.0435,23.31,23.02,13.98
427.122,flow_only,29.001,52.1377872,21.1610835,89.4,52.1377784,21.1611206,25,0.58,1.728,255,-0.1677,0.671,-0.057,-0.0612,3.026,2.617,0.42,-1.46,138.78,0.03,0.0,0.0,0.02,99695,1507,3,0.32,0.09,-0.05,0.07,49,72,388,0,3.13,0.04,0.0197,0.0389,21.58,23.93,15.0
427.222,flow_only,29.101,52.1377861,21.1610849,89.4,52.1377784,21.1611206,25,0.58,1.728,255,0.0,0.5033,0.0209,0.0117,2.976,2.615,0.35,-1.64,139.11,0.03,0.0,0.0,0.04,99695,1507,3,0.32,0.09,-0.05,0.07,49,86,-117,0,3.13,0.04,0.0053,0.0092,23.12,22.31,12.18
427.322,flow_only,29.2,52.1377849,21.1610864,89.4,52.1377762,21.1611241,25,0.58,1.609,255,0.0,0.5034,-0.0635,0.0066,2.948,2.615,0.23,-1.5,139.51,0.03,0.0,0.0,0.03,99695,1507,3,0.32,0.09,-0.05,0.07,49,-178,-40,0,3.13,0.06,0.0165,0.0341,18.2,23.13,12.22
427.422,flow_only,29.301,52.1377838,21.1610878,89.4,52.1377762,21.1611241,25,0.58,1.609,255,0.0,0.8389,-0.0175,0.0849,2.97,2.611,-0.09,-1.3,139.96,0.03,0.0,0.03,0.04,99695,1507,3,0.32,0.09,-0.05,0.07,49,99,165,0,3.11,0.07,0.0116,0.0231,17.56,25.29,15.41
427.522,flow_only,29.4,52.1377828,21.1610892,89.39,52.137774,21.1611277,25,0.58,1.675,255,0.0,0.5033,-0.0082,0.0306,2.982,2.605,-0.11,-0.89,140.36,0.03,0.0,0.02,0.04,99695,1507,3,0.31,0.09,-0.05,0.07,49,4,-122,0,3.1,0.04,0.0205,0.0444,20.07,22.8,13.91
427.622,flow_only,29.501,52.137782,21.1610906,89.38,52.137774,21.1611277,25,0.58,1.675,255,0.0,0.3355,0.0328,0.0116,2.97,2.597,-0.1,-0.73,140.72,0.03,0.0,0.03,0.04,99695,1507,3,0.31,0.09,-0.05,0.07,49,182,-208,0,3.08,0.01,0.048,0.101,19.46,22.35,15.97
427.722,flow_only,29.601,52.137781,21.1610921,89.37,52.1377719,21.1611314,25,0.58,1.654,255,0.1678,0.5033,0.1325,-0.0652,2.952,2.585,0.51,-0.97,141.02,0.03,0.0,0.04,0.04,99695,1507,3,0.31,0.09,-0.05,0.07,49,-115,-152,0,3.06,0.0,0.0111,0.0383,18.45,16.62,13.46
427.822,flow_only,29.7,52.13778,21.1610936,89.36,52.1377719,21.1611314,25,0.58,1.654,255,0.0,0.3356,-0.004,-0.0903,2.948,2.579,0.71,-1.49,141.21,0.03,0.0,0.02,0.04,99695,1507,3,0.31,0.09,-0.05,0.07,49,101,78,0,3.07,0.02,0.0145,0.0293,16.71,22.34,12.62
427.922,flow_only,29.801,52.137779,21.1610953,89.36,52.1377698,21.1611351,25,0.58,1.715,255,0.0,0.8393,0.0401,0.0675,2.962,2.575,0.86,-1.46,141.42,0.03,0.0,0.01,0.06,99695,1507,3,0.31,0.08,-0.05,0.07,49,117,326,0,3.07,0.03,0.032,0.0568,17.96,20.7,14.64
428.022,flow_only,29.901,52.137778,21.161097,89.36,52.1377698,21.1611351,25,0.58,1.715,255,0.0,0.8388,-0.0194,0.0465,3.002,2.572,0.83,-1.1,141.6,0.03,0.0,0.02,0.04,99695,1507,3,0.31,0.08,-0.05,0.07,49,-19,-103,0,3.06,0.02,0.0125,0.0313,16.87,18.52,15.54
428.122,flow_only,30.001,52.137777,21.1610985,89.36,52.1377676,21.1611391,25,0.58,1.768,255,0.1679,0.5036,0.004,0.0666,2.98,2.572,0.77,-0.73,141.68,0.03,0.0,0.01,0.04,99695,1507,3,0.3,0.08,-0.05,0.07,49,-20,-99,0,3.07,0.0,0.0249,0.0532,15.93,18.79,13.2
428.222,flow_only,30.101,52.137776,21.1611001,89.36,52.1377676,21.1611391,25,0.58,1.768,255,0.0,0.3357,0.1053,-0.0113,3.002,2.574,1.15,-0.67,141.61,0.03,0.0,0.0,0.04,99695,1507,3,0.3,0.08,-0.05,0.07,49,-109,-27,0,3.07,0.0,0.0184,0.0336,14.04,21.55,13.16
428.322,flow_only,30.2,52.1377748,21.1611016,89.36,52.1377655,21.1611431,25,0.58,1.66,255,0.0,0.3357,0.0118,0.029,2.982,2.578,1.54,-0.54,141.5,0.03,0.0,0.01,0.06,99695,1507,3,0.3,0.09,-0.05,0.07,49,-139,-40,0,3.08,0.0,0.0169,0.0304,14.2,19.98,12.26
428.422,flow_only,30.301,52.1377735,21.1611033,89.36,52.1377655,21.1611431,25,0.58,1.66,255,0.0,0.3356,-0.0414,0.0181,2.974,2.58,1.28,-0.57,141.44,0.03,0.0,0.01,0.04,99695,1507,3,0.3,0.09,-0.05,0.07,49,196,-215,0,3.08,0.0,0.0192,0.0378,16.95,19.19,11.6
428.522,flow_only,30.401,52.1377722,21.161105,89.36,52.1377632,21.1611469,25,0.58,1.78,255,0.0,0.5034,-0.0266,0.1452,2.964,2.58,1.18,0.16,141.45,0.03,0.0,0.0,0.05,99695,1507,3,0.3,0.09,-0.05,0.07,49,1,-153,0,3.08,0.02,0.0204,0.0413,17.81,18.2,11.0
428.622,flow_only,30.501,52.137771,21.1611066,89.37,52.1377632,21.1611469,25,0.58,1.78,255,-0.1678,0.5033,-0.0625,0.0332,2.98,2.581,0.83,0.5,141.41,0.03,0.0,0.01,0.04,99695,1507,3,0.3,0.09,-0.05,0.07,49,51,377,0,3.09,0.02,0.0408,0.0796,18.52,19.3,11.09
428.722,flow_only,30.6,52.1377696,21.1611084,89.37,52.137761,21.1611507,25,0.58,1.72,255,0.0,0.5034,0.0154,0.1514,2.952,2.584,0.75,1.09,141.44,0.03,0.0,0.01,0.05,99695,1507,3,0.3,0.09,-0.05,0.07,49,10,382,0,3.09,0.04,0.052,0.1014,16.41,19.64,12.21
428.822,flow_only,30.701,52.1377684,21.1611101,89.37,52.137761,21.1611507,25,0.58,1.72,255,0.0,0.5034,0.0165,0.0637,2.968,2.589,0.89,1.69,141.39,0.03,0.0,0.01,0.06,99695,1507,3,0.3,0.09,-0.05,0.07,49,-30,-176,0,3.1,0.05,0.0081,0.0236,14.92,17.94,12.2
428.922,flow_only,30.801,52.1377673,21.1611116,89.38,52.1377588,21.1611542,25,0.58,1.687,255,0.0,0.839,-0.0223,0.042,2.994,2.592,0.83,1.91,141.28,0.03,0.0,0.01,0.06,99695,1507,3,0.29,0.09,-0.05,0.07,49,6,-218,0,3.09,0.04,0.0198,0.0333,13.95,16.98,10.46
429.022,flow_only,30.9,52.1377662,21.161113,89.38,52.1377588,21.1611542,25,0.58,1.687,255,0.0,0.3357,0.0129,-0.0025,2.968,2.594,0.8,2.06,141.21,0.03,0.0,0.0,0.06,99695,1507,3,0.29,0.09,-0.05,0.07,49,14,-48,0,3.09,0.03,0.0024,0.0069,11.68,12.58,7.84
429.122,flow_only,31.001,52.1377651,21.1611144,89.38,52.1377565,21.1611576,25,0.58,1.708,255,0.0,0.3357,0.0171,-0.0885,2.974,2.595,0.93,1.66,141.03,0.03,0.0,0.01,0.06,99695,1507,3,0.29,0.09,-0.05,0.07,49,-38,251,0,3.09,0.03,0.0228,0.0452,10.81,11.71,7.56
429.222,flow_only,31.101,52.137764,21.1611158,89.38,52.1377565,21.1611576,25,0.58,1.708,255,0.0,0.3356,-0.0425,-0.0584,2.97,2.597,0.82,1.25,140.81,0.03,0.0,0.01,0.05,99695,1507,3,0.29,0.09,-0.05,0.07,49,22,260,0,3.1,0.03,0.0189,0.0376,11.32,15.42,8.22
429.322,flow_only,31.2,52.1377629,21.1611172,89.39,52.1377545,21.161161,25,0.58,1.49,255,0.0,0.3356,-0.0334,-0.0609,2.97,2.602,0.52,0.89,140.57,0.03,0.0,0.01,0.06,99695,1507,3,0.29,0.09,-0.05,0.07,49,66,-100,0,3.1,0.05,0.0063,0.0137,13.26,12.7,9.76
429.422,flow_only,31.301,52.1377619,21.1611185,89.39,52.1377545,21.161161,25,0.58,1.49,255,0.0,0.6715,0.0368,0.0014,2.946,2.604,0.64,0.75,140.3,0.03,0.0,0.01,0.06,99695,1507,3,0.29,0.09,-0.05,0.07,49,-143,78,0,3.09,0.04,0.005,0.009,12.51,11.72,9.93
429.522,flow_only,31.401,52.137761,21.1611197,89.39,52.1377528,21.1611639,25,0.58,1.463,255,-0.1678,0.3357,-0.0799,-0.044,2.96,2.605,0.48,0.7,140.04,0.03,0.0,0.0,0.03,99695,1507,3,0.29,0.09,-0.05,0.07,49,-7,-139,0,3.09,0.05,0.017,0.0304,10.08,25.68,11.62
429.622,flow_only,31.501,52.1377601,21.1611209,89.39,52.1377528,21.1611639,25,0.58,1.463,255,0.0,0.3357,-0.0592,-0.1233,2.966,2.605,-0.03,0.1,139.79,0.03,0.0,0.02,0.05,99695,1507,3,0.29,0.09,-0.05,0.07,49,138,142,0,3.09,0.05,0.0135,0.0279,10.51,23.74,11.37
429.722,flow_only,31.6,52.1377591,21.1611222,89.39,52.137751,21.1611667,25,0.58,1.376,255,-0.1678,0.6712,-0.0203,-0.0446,2.966,2.608,-0.1,-0.21,139.61,0.03,0.0,0.02,0.03,99695,1507,3,0.28,0.09,-0.05,0.07,49,24,-58,0,3.1,0.05,0.005,0.01,13.31,16.89,9.3
429.822,flow_only,31.7,52.1377582,21.1611234,89.4,52.137751,21.1611667,25,0.58,1.376,255,0.0,0.3356,-0.0439,-0.0882,2.968,2.612,-0.35,-0.73,139.45,0.03,0.0,0.0,0.05,99695,1507,3,0.28,0.09,-0.05,0.07,49,-99,-30,0,3.1,0.04,0.0076,0.0153,17.55,19.01,9.51
429.922,flow_only,31.801,52.1377573,21.1611247,89.4,52.1377493,21.1611694,25,0.58,1.368,255,0.0,0.3356,0.0032,0.0359,2.964,2.615,-0.35,-0.68,139.38,0.03,0.0,0.0,0.03,99695,1507,3,0.28,0.09,-0.05,0.07,49,11,395,0,3.1,0.04,0.0252,0.0445,15.31,21.16,10.99
430.022,flow_only,31.901,52.1377563,21.1611261,89.4,52.1377493,21.1611694,25,0.58,1.368,255,0.0,0.6712,0.0105,-0.039,2.926,2.618,-0.31,-0.75,139.21,0.03,0.0,0.01,0.05,99695,1507,3,0.28,0.09,-0.05,0.07,49,-2,46,0,3.1,0.04,0.0101,0.0176,15.44,20.38,9.91
430.122,flow_only,32.001,52.1377552,21.1611276,89.4,52.1377477,21.1611722,25,0.58,1.32,255,0.0,0.3356,0.0037,0.0164,2.946,2.618,-0.26,-0.86,139.06,0.03,0.0,0.01,0.04,99695,1507,3,0.28,0.09,-0.05,0.07,49,2,-100,0,3.09,0.08,0.014,0.0271,14.63,23.03,11.95
430.222,flow_only,32.101,52.1377541,21.161129,89.41,52.1377477,21.1611722,25,0.58,1.32,255,0.0,0.3356,0.0486,0.0632,2.958,2.62,-0.14,-0.5,138.96,0.03,0.0,0.0,0.06,99695,1507,3,0.28,0.09,-0.05,0.07,49,-7,-223,0,3.1,0.08,0.0156,0.0318,16.32,22.82,10.85
430.322,flow_only,32.2,52.137753,21.1611305,89.41,52.137746,21.1611751,25,0.58,1.441,255,0.1678,0.8391,0.0521,0.0422,2.956,2.62,0.25,-0.28,138.8,0.03,0.0,0.02,0.05,99695,1507,3,0.28,0.09,-0.05,0.07,49,-75,336,0,3.09,0.05,0.0385,0.0778,17.31,23.38,12.48
430.422,flow_only,32.301,52.1377518,21.1611319,89.4,52.137746,21.1611751,25,0.58,1.441,255,0.0,0.3356,-0.0238,0.0022,2.954,2.619,0.18,-0.14,138.66,0.03,0.0,0.01,0.03,99695,1507,3,0.28,0.09,-0.05,0.07,49,-17,-198,0,3.08,0.04,0.0128,0.0299,15.44,19.7,11.29
430.522,flow_only,32.401,52.1377509,21.1611332,89.4,52.1377443,21.161178,25,0.58,1.44,255,0.1678,0.3357,0.0451,0.0471,2.962,2.618,0.35,0.02,138.52,0.03,0.0,0.0,0.04,99695,1507,3,0.28,0.09,-0.05,0.07,49,10,-138,0,3.08,0.04,0.017,0.0302,18.43,19.48,11.77
430.622,flow_only,32.5,52.13775,21.1611346,89.4,52.1377443,21.161178,25,0.58,1.44,255,0.0,0.5034,-0.0848,-0.0814,2.97,2.617,0.11,-0.02,138.41,0.03,0.0,0.01,0.04,99695,1507,3,0.28,0.09,-0.05,0.07,49,165,329,0,3.08,0.04,0.0074,0.014,16.71,21.68,11.58
430.722,flow_only,32.6,52.1377491,21.161136,89.4,52.1377425,21.1611808,25,0.58,1.368,255,0.0,0.1678,-0.0062,-0.0434,2.974,2.619,-0.11,-0.52,138.41,0.03,0.0,0.01,0.05,99695,1507,3,0.28,0.09,-0.05,0.07,49,-94,-18,0,3.09,0.03,0.0093,0.0184,16.3,19.73,11.95
430.822,flow_only,32.7,52.1377482,21.1611372,89.41,52.1377425,21.1611808,25,0.58,1.368,255,0.0,0.5034,0.0987,0.0191,2.95,2.623,0.19,-0.42,138.41,0.03,0.0,0.0,0.05,99695,1507,3,0.28,0.09,-0.05,0.07,49,-23,-137,0,3.1,0.04,0.0239,0.0433,19.42,20.24,11.51
430.922,flow_only,32.801,52.1377473,21.1611386,89.41,52.1377408,21.1611837,25,0.58,1.353,255,0.1678,0.6711,0.004,-0.0115,2.948,2.623,0.55,-0.37,138.42,0.03,0.0,0.04,0.04,99695,1507,3,0.27,0.08,-0.05,0.07,49,234,20,0,3.08,0.04,0.0167,0.0293,17.79,22.37,13.13
431.022,flow_only,32.901,52.1377464,21.1611402,89.41,52.1377408,21.1611837,25,0.58,1.353,255,0.0,0.3356,0.0066,0.1055,2.974,2.621,0.46,-0.22,138.55,0.03,0.0,0.0,0.04,99695,1507,3,0.27,0.08,-0.05,0.07,49,7,-125,0,3.08,0.04,0.0217,0.0368,18.94,19.39,11.08
431.122,flow_only,33.0,52.1377456,21.1611417,89.4,52.1377391,21.1611865,25,0.58,1.34,255,0.0,0.5036,0.0606,0.1736,2.962,2.62,0.7,0.74,138.81,0.03,0.0,0.0,0.04,99695,1507,3,0.27,0.09,-0.05,0.07,49,120,183,0,3.08,0.04,0.0228,0.0405,21.63,19.77,13.1
431.222,flow_only,33.101,52.1377448,21.1611431,89.4,52.1377391,21.1611865,25,0.58,1.34,255,0.1678,0.8391,0.0311,0.131,2.96,2.616,0.97,1.57,139.15,0.03,0.0,0.03,0.04,99695,1507,3,0.27,0.09,-0.05,0.07,49,-58,-108,0,3.07,0.01,0.0337,0.068,20.36,19.54,11.95
431.322,flow_only,33.201,52.1377442,21.1611443,89.4,52.1377374,21.1611892,25,0.58,1.351,255,0.1677,0.3355,0.1563,0.0863,2.954,2.616,1.54,2.19,139.48,0.03,0.0,0.03,0.06,99695,1507,3,0.27,0.08,-0.05,0.07,49,60,-34,0,3.08,0.04,0.0441,0.0875,17.04,25.96,13.16
431.422,flow_only,33.301,52.1377435,21.1611454,89.4,52.1377374,21.1611892,25,0.58,1.351,255,0.1678,0.3357,-0.0045,0.0101,2.97,2.618,1.99,2.51,139.86,0.03,0.0,0.0,0.05,99695,1507,3,0.27,0.08,-0.05,0.07,49,-82,18,0,3.08,0.04,0.0077,0.0156,16.59,23.7,12.4
431.522,flow_only,33.4,52.1377427,21.1611465,89.4,52.1377358,21.1611921,25,0.58,1.263,255,-0.1678,0.6712,-0.0516,0.0746,2.964,2.618,1.69,2.51,140.28,0.03,0.0,0.02,0.04,99695,1507,3,0.27,0.08,-0.05,0.07,49,39,-70,0,3.07,0.03,0.0083,0.0197,20.05,18.75,10.54
431.622,flow_only,33.5,52.1377419,21.1611476,89.4,52.1377358,21.1611921,25,0.58,1.263,255,0.0,0.3356,0.0225,0.1714,2.978,2.618,1.66,3.37,140.72,0.03,0.0,0.02,0.04,99695,1507,3,0.27,0.08,-0.05,0.07,49,48,-208,0,3.07,0.02,0.0072,0.017,17.55,17.93,9.85
431.722,flow_only,33.6,52.1377412,21.1611485,89.4,52.1377344,21.1611946,25,0.58,1.185,255,0.0,0.8388,-0.0652,0.1367,2.994,2.614,1.58,4.28,141.05,0.03,0.0,0.03,0.04,99695,1507,3,0.27,0.08,-0.05,0.07,49,-17,-57,0,3.06,0.01,0.014,0.0306,16.5,18.91,10.34
431.822,flow_only,33.7,52.1377405,21.1611494,89.39,52.1377344,21.1611946,25,0.58,1.185,255,0.0,0.5034,-0.0116,0.1064,3.008,2.607,1.29,4.86,141.26,0.03,0.0,0.04,0.06,99695,1507,3,0.27,0.08,-0.05,0.07,49,-75,198,0,3.05,0.01,0.0096,0.0258,16.47,16.46,11.68
431.922,flow_only,33.801,52.1377398,21.1611501,89.39,52.137733,21.1611968,25,0.58,1.006,255,0.0,0.3356,-0.0464,0.1743,2.976,2.602,1.28,5.86,141.45,0.03,0.0,0.0,0.05,99695,1507,3,0.27,0.08,-0.05,0.07,49,-11,-178,0,3.05,0.0,0.0184,0.0369,15.61,16.75,12.29
432.022,flow_only,33.901,52.1377394,21.1611508,89.39,52.137733,21.1611968,25,0.58,1.006,255,-0.1678,0.5033,-0.0651,0.0751,2.99,2.6,0.86,6.46,141.5,0.03,0.0,0.02,0.06,99695,1507,3,0.27,0.08,-0.05,0.07,49,96,-79,0,3.06,0.0,0.0306,0.0626,15.29,25.05,13.18
432.122,flow_only,34.0,52.137739,21.1611513,89.39,52.1377319,21.1611987,25,0.58,0.909,255,0.0,0.3356,0.0106,0.0085,3.006,2.602,0.73,6.75,141.48,0.03,0.0,0.0,0.07,99695,1507,3,0.27,0.08,-0.05,0.07,49,-118,5,0,3.07,0.02,0.0142,0.0261,16.64,18.96,10.58
432.222,flow_only,34.101,52.1377385,21.1611517,89.39,52.1377319,21.1611987,25,0.58,0.909,255,0.0,0.1678,0.07,-0.0028,3.016,2.607,1.07,6.68,141.36,0.03,0.0,0.01,0.07,99695,1507,3,0.27,0.08,-0.05,0.07,49,-52,131,0,3.08,0.02,0.0168,0.0334,19.84,17.28,10.59
432.322,flow_only,34.2,52.1377381,21.1611521,89.4,52.1377309,21.1612001,25,0.58,0.667,255,0.0,0.1678,-0.1014,-0.1246,3.004,2.614,0.86,6.27,141.17,0.03,0.0,0.0,0.07,99695,1507,3,0.27,0.08,-0.05,0.07,49,55,45,0,3.09,0.02,0.012,0.025,20.8,22.24,11.22
432.422,flow_only,34.3,52.1377377,21.1611524,89.4,52.1377309,21.1612001,25,0.58,0.667,255,-0.1678,0.0,-0.0647,-0.0201,3.004,2.617,0.39,5.85,141.08,0.03,0.0,0.03,0.06,99695,1507,3,0.27,0.08,-0.05,0.07,49,108,-84,0,3.07,0.01,0.0038,0.0095,17.27,22.36,13.57
432.522,flow_only,34.401,52.1377375,21.1611527,89.4,52.1377302,21.1612013,25,0.58,0.496,255,0.0,0.0,0.0058,-0.1066,3.01,2.617,0.24,5.5,140.94,0.03,0.0,0.0,0.05,99695,1507,3,0.27,0.08,-0.05,0.07,49,78,37,0,3.08,0.01,0.0069,0.0133,17.73,21.41,11.52
432.622,flow_only,34.5,52.1377373,21.1611529,89.4,52.1377302,21.1612013,25,0.58,0.496,255,-0.1678,0.0,0.0065,-0.1617,3.012,2.619,0.21,4.64,140.75,0.03,0.0,0.01,0.05,99695,1507,3,0.27,0.08,-0.05,0.07,49,24,17,0,3.08,0.01,0.0094,0.0194,17.83,22.58,11.78
432.722,flow_only,34.6,52.137737,21.1611531,89.41,52.1377298,21.1612021,25,0.58,0.331,255,0.0,0.0,0.0248,-0.0469,3.024,2.621,0.41,4.13,140.66,0.03,0.0,0.0,0.05,99695,1507,3,0.26,0.09,-0.05,0.07,49,-23,53,0,3.09,0.01,0.0149,0.0308,18.41,23.65,12.44
432.822,flow_only,34.701,52.1377369,21.1611532,89.41,52.1377298,21.1612021,25,0.58,0.331,255,0.0,-0.1678,-0.0045,-0.1006,3.013,2.624,0.38,3.64,140.53,0.03,0.0,0.02,0.05,99695,1507,3,0.26,0.09,-0.05,0.07,49,21,0,0,3.1,0.01,0.0098,0.0248,19.72,28.06,15.14
432.922,flow_only,34.801,52.1377367,21.1611534,89.41,52.1377296,21.1612026,25,0.58,0.12,255,0.0,0.0,0.0268,-0.0897,3.018,2.628,0.51,3.14,140.35,0.03,0.0,0.0,0.04,99695,1507,3,0.26,0.08,-0.05,0.07,49,-6,30,0,3.1,0.01,0.0121,0.0269,20.24,23.73,13.0
433.022,flow_only,34.901,52.1377366,21.1611535,89.42,52.1377296,21.1612026,25,0.58,0.12,255,0.0,-0.1678,0.0571,-0.0846,3.022,2.632,0.71,2.55,140.16,0.03,0.0,0.02,0.04,99695,1507,3,0.26,0.08,-0.05,0.07,49,143,84,0,3.11,0.01,0.0205,0.0398,21.49,23.59,13.18
433.122,flow_only,35.001,52.1377365,21.1611537,89.42,52.1377296,21.1612028,25,0.58,0.052,255,0.0,-0.1678,-0.0359,-0.0627,3.016,2.637,0.78,2.24,140.07,0.03,0.0,0.02,0.03,99695,1507,3,0.26,0.08,-0.05,0.07,49,141,3,0,3.12,0.01,0.0224,0.0435,19.95,24.93,12.81
433.222,flow_only,35.101,52.1377365,21.1611539,89.43,52.1377296,21.1612028,25,0.58,0.052,255,0.0,0.0,-0.0194,-0.0903,3.006,2.642,0.56,1.57,140.03,0.03,0.0,0.0,0.04,99695,1507,3,0.26,0.08,-0.05,0.07,49,43,124,0,3.11,0.01,0.0205,0.0374,18.52,20.96,11.25
433.322,flow_only,35.2,52.1377364,21.1611541,89.43,52.1377297,21.161203,25,0.58,0.041,255,0.0,0.0,0.0885,-0.0304,3.008,2.646,0.78,1.36,140.05,0.03,0.0,0.01,0.05,99695,1507,3,0.26,0.11,-0.05,0.07,49,-40,-147,0,3.12,0.02,0.0083,0.0218,18.41,21.84,11.18
433.422,flow_only,35.301,52.1377364,21.1611541,89.43,52.1377297,21.161203,25,0.58,0.041,255,0.1677,-0.1677,0.0436,-0.0268,3.01,2.648,1.35,1.23,139.99,0.03,0.0,0.02,0.09,99695,1507,3,0.26,0.11,-0.05,0.07,49,-118,31,0,3.11,0.02,0.0056,0.0135,19.02,19.96,10.38
433.522,flow_only,35.401,52.1377365,21.1611541,89.43,52.1377299,21.1612031,25,0.58,0.056,255,0.0,0.0,-0.0295,-0.0387,2.996,2.647,1.22,0.91,139.97,0.03,0.0,0.0,0.2,99695,1507,3,0.26,0.09,-0.05,0.07,49,156,27,0,3.11,0.02,0.0118,0.0208,19.31,23.89,12.57
433.622,flow_only,35.501,52.1377365,21.1611543,89.43,52.1377299,21.1612031,25,0.58,0.056,255,0.0,0.0,0.0084,0.0449,2.994,2.644,1.15,1.13,140.04,0.03,0.0,0.0,0.16,99695,1507,3,0.26,0.09,-0.05,0.07,49,18,11,0,3.1,0.02,0.0101,0.0151,17.74,22.78,12.2
433.722,flow_only,35.6,52.1377366,21.1611543,89.43,52.13773,21.1612031,25,0.58,0.044,255,0.0,0.0,0.0454,-0.0223,2.994,2.643,1.41,1.1,140.12,0.03,0.0,0.0,0.2,99695,1507,3,0.26,0.08,-0.05,0.07,49,-33,-13,0,3.1,0.03,0.0052,0.0087,18.76,20.5,10.79
433.822,flow_only,35.701,52.1377366,21.1611543,89.43,52.13773,21.1612031,25,0.58,0.044,255,0.0,-0.1678,0.0452,0.0205,2.984,2.645,1.71,1.05,140.2,0.03,0.0,0.02,0.19,99695,1507,3,0.26,0.08,-0.05,0.07,49,-39,29,0,3.11,0.04,0.0055,0.0137,19.4,21.24,12.06
433.922,flow_only,35.801,52.1377366,21.1611543,89.44,52.1377301,21.161203,25,0.58,0.126,255,-0.1678,0.0,-0.0835,-0.0279,2.984,2.65,1.44,1.01,140.33,0.03,0.0,0.02,0.17,99695,1507,3,0.26,0.09,-0.05,0.07,49,190,-25,0,3.12,0.06,0.013,0.0261,19.01,22.24,12.31
434.022,flow_only,35.901,52.1377366,21.1611543,89.44,52.1377301,21.161203,25,0.58,0.126,255,0.0,0.0,-0.0246,0.0519,2.976,2.656,1.14,1.18,140.57,0.03,0.0,0.0,0.04,99695,1507,3,0.26,0.09,-0.05,0.07,49,-96,-20,0,3.12,0.06,0.0066,0.0197,19.8,19.53,12.55
434.122,flow_only,36.001,52.1377366,21.1611542,89.45,52.1377301,21.1612028,25,0.58,0.079,255,0.0,0.0,-0.0383,-0.0047,2.97,2.661,1.06,1.21,140.76,0.03,0.0,0.0,0.05,99695,1507,3,0.26,0.06,-0.05,0.07,49,20,-3,0,3.12,0.06,0.0122,0.0237,19.99,19.55,11.87
434.222,flow_only,36.101,52.1377366,21.161154,89.45,52.1377301,21.1612028,25,0.58,0.079,255,0.0,0.0,0.0166,0.008,2.972,2.668,1.0,1.21,140.89,0.03,0.0,0.03,0.05,99695,1507,3,0.26,0.06,-0.05,0.07,49,40,14,0,3.13,0.08,0.0042,0.0189,19.63,24.99,13.06
434.322,flow_only,36.2,52.1377366,21.161154,89.46,52.1377302,21.1612026,25,0.58,0.125,255,0.0,0.0,-0.0471,-0.0302,2.97,2.676,0.92,1.17,140.97,0.03,0.0,0.01,0.05,99695,1507,3,0.26,0.06,-0.05,0.07,49,8,15,0,3.14,0.08,0.0035,0.0163,19.67,22.04,14.02
434.422,flow_only,36.301,52.1377366,21.1611539,89.47,52.1377302,21.1612026,25,0.58,0.125,255,0.0,-0.1677,-0.0459,-0.02,2.96,2.681,0.58,0.88,141.08,0.03,0.0,0.01,0.04,99695,1507,3,0.26,0.06,-0.05,0.07,49,-86,73,0,3.13,0.08,0.0115,0.0224,19.94,22.61,14.24
434.522,flow_only,36.401,52.1377365,21.1611539,89.47,52.1377304,21.1612023,25,0.58,0.133,255,0.0,0.0,0.0301,0.0295,2.96,2.684,0.59,1.1,141.2,0.03,0.0,0.01,0.06,99695,1507,3,0.26,0.09,-0.05,0.07,49,52,2,0,3.13,0.09,0.0074,0.0155,19.51,25.36,13.97
434.622,flow_only,36.501,52.1377365,21.1611538,89.47,52.1377304,21.1612023,25,0.58,0.133,255,0.0,0.0,0.0071,-0.0266,2.954,2.688,0.71,1.07,141.19,0.03,0.0,0.0,0.05,99695,1507,3,0.26,0.09,-0.05,0.07,49,-6,-26,0,3.13,0.09,0.0108,0.02,20.38,21.11,12.63
434.722,flow_only,36.601,52.1377365,21.1611536,89.48,52.1377306,21.1612021,25,0.58,0.11,255,0.0,0.0,-0.0016,0.0542,2.95,2.693,0.71,1.07,141.17,0.03,0.0,0.01,0.03,99695,1507,3,0.25,0.07,-0.05,0.07,49,33,-133,0,3.13,0.1,0.0108,0.0201,19.86,20.55,12.35
434.822,flow_only,36.701,52.1377365,21.1611534,89.48,52.1377306,21.1612021,25,0.58,0.11,255,-0.1678,0.0,-0.0667,-0.0297,2.958,2.698,0.47,1.15,141.15,0.03,0.0,0.01,0.04,99695,1507,3,0.25,0.07,-0.05,0.07,49,-133,-53,0,3.14,0.1,0.0177,0.032,20.55,24.06,13.48
434.922,flow_only,36.801,52.1377365,21.1611532,89.49,52.1377307,21.1612017,25,0.58,0.132,255,0.0,0.0,0.0038,-0.0143,2.948,2.704,0.31,1.05,141.16,0.03,0.0,0.0,0.04,99695,1507,3,0.25,0.07,-0.05,0.07,49,-91,-128,0,3.14,0.1,0.02,0.0361,20.21,22.2,13.99
435.022,flow_only,36.901,52.1377365,21.1611529,89.5,52.1377307,21.1612017,25,0.58,0.132,255,0.1678,0.0,0.0235,-0.0214,2.946,2.711,0.56,0.97,141.08,0.03,0.0,0.02,0.03,99695,1507,3,0.25,0.07,-0.05,0.07,49,-31,22,0,3.15,0.1,0.0203,0.0393,20.89,24.7,13.53
435.122,flow_only,37.0,52.1377365,21.1611526,89.5,52.1377309,21.1612014,25,0.58,0.112,255,-0.1679,-0.1679,-0.1075,-0.0318,2.94,2.719,0.13,0.64,141.03,0.03,0.0,0.0,0.05,99695,1507,3,0.25,0.09,-0.05,0.07,49,-96,85,0,3.15,0.12,0.023,0.0438,20.96,22.1,12.79
435.222,flow_only,37.101,52.1377365,21.1611523,89.51,52.1377309,21.1612014,25,0.58,0.112,255,0.0,0.0,0.0153,0.0064,2.932,2.724,-0.11,0.66,140.99,0.03,0.0,0.01,0.04,99695,1507,3,0.25,0.09,-0.05,0.07,49,-237,10,0,3.15,0.12,0.0253,0.0492,19.27,19.22,12.18
435.322,flow_only,37.201,52.1377364,21.1611521,89.51,52.1377312,21.1612012,25,0.58,0.075,255,0.0,0.0,-0.0675,-0.0317,2.932,2.729,-0.08,0.58,140.91,0.03,0.0,0.01,0.05,99695,1507,3,0.25,0.09,-0.05,0.07,49,-14,10,0,3.15,0.12,0.0181,0.0379,20.36,19.2,11.98
435.422,flow_only,37.3,52.1377363,21.1611519,89.52,52.1377312,21.1612012,25,0.58,0.075,255,0.0,0.0,-0.114,0.0006,2.932,2.734,-0.73,0.4,140.92,0.03,0.0,0.0,0.03,99695,1507,3,0.25,0.09,-0.05,0.07,49,-31,-97,0,3.15,0.13,0.0086,0.0178,23.44,25.54,14.13
435.522,flow_only,37.4,52.1377363,21.1611517,89.52,52.1377313,21.161201,25,0.58,0.109,255,0.0,0.0,0.0373,0.0363,2.952,2.739,-0.85,0.67,140.91,0.03,0.0,0.0,0.04,99695,1507,3,0.25,0.08,-0.05,0.07,49,-131,-47,0,3.15,0.13,0.0271,0.0473,22.97,23.96,13.54
435.622,flow_only,37.501,52.1377364,21.1611514,89.53,52.1377313,21.161201,25,0.58,0.109,255,0.0,0.0,-0.0018,-0.0369,2.936,2.743,-0.64,0.68,140.82,0.03,0.0,0.0,0.04,99695,1507,3,0.25,0.08,-0.05,0.07,49,-44,-10,0,3.15,0.13,0.0204,0.0374,20.82,23.91,13.92
435.722,flow_only,37.6,52.1377364,21.1611512,89.53,52.1377316,21.1612008,25,0.58,0.12,255,0.0,0.0,-0.0523,-0.0359,2.958,2.746,-0.97,0.26,140.78,0.03,0.0,0.02,0.05,99695,1507,3,0.25,0.09,-0.05,0.07,49,46,66,0,3.14,0.11,0.0091,0.0219,19.87,21.99,15.95
435.822,flow_only,37.701,52.1377365,21.1611512,89.53,52.1377316,21.1612008,25,0.58,0.12,255,0.0,0.0,0.0915,0.0159,2.968,2.75,-0.75,0.35,140.71,0.03,0.0,0.02,0.04,99695,1507,3,0.25,0.09,-0.05,0.07,49,32,7,0,3.15,0.11,0.0065,0.0136,18.81,25.61,14.4
435.922,flow_only,37.801,52.1377365,21.1611511,89.54,52.1377318,21.1612007,25,0.58,0.05,255,0.0,0.0,0.0526,-0.0578,2.96,2.758,-0.31,0.19,140.59,0.03,0.0,0.01,0.03,99695,1507,3,0.25,0.1,-0.05,0.07,49,-124,5,0,3.17,0.11,0.0105,0.0211,18.06,23.51,13.98
436.022,flow_only,37.901,52.1377366,21.1611511,89.55,52.1377318,21.1612007,25,0.58,0.05,255,0.0,-0.1678,0.0587,0.0289,2.97,2.768,0.11,0.04,140.49,0.03,0.0,0.01,0.05,99695,1507,3,0.25,0.1,-0.05,0.07,49,83,-101,0,3.18,0.11,0.0081,0.0183,17.21,21.62,13.29
436.122,flow_only,38.001,52.1377366,21.1611511,89.56,52.137732,21.1612007,25,0.58,0.128,255,0.0,0.0,-0.0085,0.0177,2.97,2.779,0.16,0.22,140.37,0.03,0.0,0.02,0.04,99695,1507,3,0.25,0.1,-0.05,0.07,49,-42,-51,0,3.19,0.13,0.0087,0.0188,18.73,19.61,14.28
436.222,flow_only,38.101,52.1377367,21.1611511,89.57,52.137732,21.1612007,25,0.58,0.128,255,0.1678,0.0,0.0281,0.0025,2.97,2.789,0.23,0.31,140.27,0.03,0.0,0.0,0.04,99695,1507,3,0.25,0.1,-0.05,0.07,49,-44,-20,0,3.19,0.14,0.0089,0.017,18.0,20.52,13.22
436.322,flow_only,38.201,52.1377367,21.1611511,89.58,52.1377322,21.1612009,25,0.58,0.134,255,0.1678,0.0,0.0204,0.0021,2.966,2.795,0.48,0.31,140.12,0.03,0.0,0.01,0.04,99695,1507,3,0.25,0.09,-0.05,0.07,49,-89,3,0,3.19,0.13,0.0131,0.0229,19.6,29.07,14.48
436.422,flow_only,38.301,52.1377368,21.1611511,89.58,52.1377322,21.1612009,25,0.58,0.134,255,0.0,0.0,-0.0437,-0.0094,2.956,2.799,0.23,0.23,139.95,0.03,0.0,0.0,0.03,99695,1507,3,0.25,0.09,-0.05,0.07,49,31,4,0,3.19,0.14,0.0039,0.0092,21.08,31.65,14.22
436.522,flow_only,38.401,52.1377368,21.1611512,89.59,52.1377325,21.1612012,25,0.58,0.138,255,0.1678,0.0,0.0123,0.0772,2.96,2.804,0.22,0.57,139.84,0.03,0.0,0.02,0.03,99695,1507,3,0.25,0.07,-0.05,0.07,49,-29,-72,0,3.2,0.14,0.0067,0.0149,23.28,23.59,13.18
436.623,flow_only,38.501,52.1377368,21.1611513,89.59,52.1377325,21.1612012,25,0.58,0.138,255,0.1678,0.1678,0.0155,0.094,2.944,2.808,0.31,1.0,139.76,0.03,0.0,0.01,0.02,99695,1507,3,0.25,0.07,-0.05,0.07,49,118,-81,0,3.19,0.15,0.0112,0.0235,19.11,22.12,10.8
436.723,flow_only,38.601,52.1377369,21.1611514,89.6,52.1377326,21.1612016,25,0.58,0.131,255,0.3355,0.1677,0.1033,0.1282,2.948,2.813,0.66,1.69,139.63,0.03,0.0,0.02,0.04,99695,1507,3,0.25,0.06,-0.05,0.07,49,-90,-134,0,3.2,0.16,0.0224,0.0415,17.13,22.18,12.13
436.823,flow_only,38.701,52.1377371,21.1611514,89.6,52.1377326,21.1612016,25,0.58,0.131,255,0.0,0.1678,0.0107,0.1115,2.946,2.815,1.08,2.48,139.48,0.03,0.0,0.02,0.06,99695,1507,3,0.25,0.06,-0.05,0.07,49,52,184,0,3.19,0.16,0.0108,0.0246,20.58,23.27,13.09
436.922,flow_only,38.801,52.1377373,21.1611515,89.6,52.1377328,21.161202,25,0.58,0.116,255,0.0,0.1678,-0.0634,0.073,2.95,2.812,0.73,2.87,139.61,0.03,0.0,0.04,0.05,99695,1507,3,0.25,0.09,-0.05,0.07,49,181,-98,0,3.17,0.15,0.0222,0.0517,22.01,21.85,11.42
437.022,flow_only,38.901,52.1377375,21.1611516,89.59,52.1377328,21.161202,25,0.58,0.116,255,0.1678,0.1678,0.0606,0.1653,2.948,2.804,0.81,3.74,140.74,0.03,0.0,0.04,0.05,99695,1507,3,0.25,0.09,-0.05,0.07,49,11,28,0,3.15,0.13,0.019,0.047,20.15,24.16,12.92
437.122,flow_only,39.001,52.1377376,21.1611517,89.58,52.137733,21.1612023,25,0.58,0.143,255,0.0,0.0,-0.0004,0.1108,2.952,2.795,1.25,4.5,143.57,0.03,0.0,0.01,0.05,99695,1507,3,0.25,0.08,-0.05,0.07,49,79,10,0,3.15,0.13,0.0164,0.0411,19.52,21.17,11.86
437.222,flow_only,39.101,52.1377378,21.1611518,89.57,52.137733,21.1612023,25,0.58,0.143,255,0.0,0.0,-0.0005,0.1769,2.952,2.785,1.57,5.09,148.11,0.03,0.0,0.03,0.04,99695,1507,3,0.25,0.08,-0.05,0.07,49,16,-56,0,3.13,0.11,0.0123,0.0374,19.32,23.17,15.24
437.322,flow_only,39.201,52.137738,21.1611517,89.56,52.1377333,21.1612025,25,0.58,0.211,255,-0.5033,0.5033,-0.0047,0.1419,2.962,2.773,2.02,5.83,153.78,0.03,0.0,0.02,0.08,99695,1507,3,0.25,0.09,-0.05,0.07,49,-148,-298,0,3.11,0.1,0.0179,0.0446,19.46,21.74,12.18
437.422,flow_only,39.301,52.137738,21.1611512,89.55,52.1377333,21.1612025,25,0.58,0.211,255,0.8391,0.0,0.0826,0.0522,2.964,2.763,2.94,6.02,160.17,0.03,0.0,0.02,0.08,99695,1507,3,0.25,0.09,-0.05,0.07,49,5,147,0,3.11,0.09,0.0449,0.0909,20.29,21.83,9.33
437.522,flow_only,39.401,52.1377381,21.1611508,89.54,52.1377338,21.1612022,25,0.58,0.393,255,0.1678,0.0,-0.084,0.078,2.966,2.759,3.61,6.01,167.11,0.03,0.0,0.01,0.02,99695,1507,3,0.25,0.09,-0.05,0.07,49,53,14,0,3.11,0.09,0.0309,0.0632,17.31,19.03,13.23
437.622,flow_only,39.501,52.1377382,21.1611505,89.54,52.1377338,21.1612022,25,0.58,0.393,255,0.0,0.0,-0.0384,0.213,2.972,2.759,3.86,6.47,174.42,0.03,0.0,0.0,0.07,99695,1507,3,0.25,0.09,-0.05,0.07,49,-316,618,0,3.12,0.1,0.0709,0.1438,16.07,17.88,15.26
437.723,flow_only,39.601,52.1377382,21.16115,89.54,52.1377347,21.1612017,25,0.58,0.613,255,0.1678,0.0,0.1079,0.1301,2.972,2.76,5.16,6.85,181.89,0.03,0.0,0.01,0.03,99695,1507,3,0.24,0.1,-0.05,0.07,49,-144,-54,0,3.11,0.1,0.0383,0.0767,17.02,20.1,16.11
437.823,flow_only,39.701,52.1377384,21.1611494,89.55,52.1377347,21.1612017,25,0.58,0.613,255,-0.5035,0.0,0.0487,0.1013,2.986,2.764,6.38,6.62,189.46,0.03,0.0,0.02,0.0,99695,1507,3,0.24,0.1,-0.05,0.07,49,93,-113,0,3.13,0.12,0.0279,0.0613,19.58,21.84,14.8
437.922,flow_only,39.801,52.1377387,21.1611487,89.55,52.1377359,21.1612008,25,0.58,0.716,255,-0.5035,0.0,0.0001,0.0366,2.99,2.769,7.3,6.2,196.97,0.03,0.0,0.01,0.01,99695,1507,3,0.24,0.1,-0.05,0.07,49,-40,45,0,3.13,0.11,0.0194,0.0447,24.05,24.98,15.87
438.022,flow_only,39.901,52.1377392,21.1611478,89.56,52.1377359,21.1612008,25,0.58,0.716,255,-0.1678,0.0,-0.0151,-0.039,3.018,2.772,7.95,5.11,204.37,0.03,0.0,0.0,0.02,99695,1507,3,0.24,0.1,-0.05,0.07,49,61,-23,0,3.12,0.1,0.0157,0.0298,23.17,25.55,15.45
438.122,flow_only,40.001,52.13774,21.1611468,89.56,52.1377375,21.1611999,25,0.58,1.022,255,-0.3356,0.0,-0.0515,-0.0693,2.998,2.777,8.39,3.73,211.44,0.03,0.0,0.03,0.02,99695,1507,3,0.24,0.1,-0.05,0.07,49,-225,48,0,3.13,0.1,0.0264,0.0434,21.16,24.42,15.26
438.222,flow_only,40.101,52.1377407,21.1611457,89.57,52.1377375,21.1611999,25,0.58,1.022,255,-0.3357,-0.1678,-0.2038,-0.1104,2.994,2.789,7.74,2.13,218.16,0.03,0.0,0.04,0.0,99695,1507,3,0.24,0.1,-0.05,0.07,49,270,81,0,3.16,0.1,0.0105,0.0332,20.45,26.08,16.43
438.322,flow_only,40.201,52.1377416,21.1611446,89.59,52.1377394,21.1611985,25,0.58,1.236,255,-0.5035,-0.1678,-0.1573,-0.0349,2.98,2.808,6.91,0.99,224.81,0.03,0.0,0.05,0.01,99695,1507,3,0.24,0.1,-0.05,0.07,49,-276,-343,0,3.18,0.14,0.0244,0.0555,21.67,26.86,16.02
438.422,flow_only,40.301,52.1377426,21.1611436,89.61,52.1377394,21.1611985,25,0.58,1.236,255,-1.0066,-0.3355,-0.1625,-0.033,2.98,2.829,5.99,0.06,231.18,0.03,0.0,0.04,0.01,99695,1507,3,0.24,0.1,-0.05,0.07,49,55,157,0,3.21,0.17,0.0092,0.0403,25.77,26.65,18.05
438.522,flow_only,40.401,52.1377439,21.1611425,89.63,52.1377416,21.1611969,25,0.58,1.395,255,-0.8389,-0.3356,-0.0962,-0.0465,2.976,2.849,5.32,-0.76,237.13,0.03,0.0,0.03,0.04,99695,1507,3,0.24,0.1,-0.05,0.07,49,47,-68,0,3.22,0.19,0.0392,0.0879,24.52,27.15,17.48
438.622,flow_only,40.501,52.1377453,21.1611414,89.66,52.1377416,21.1611969,25,0.58,1.395,255,-0.6712,-0.1678,-0.2567,-0.1283,2.946,2.87,3.99,-1.86,242.77,0.03,0.0,0.05,0.03,99695,1507,3,0.24,0.1,-0.05,0.07,49,173,142,0,3.25,0.18,0.0365,0.0864,22.78,26.05,18.15
438.722,flow_only,40.601,52.1377466,21.1611403,89.67,52.1377438,21.1611951,25,0.58,1.404,255,-0.5033,0.0,-0.1997,-0.064,2.964,2.889,2.43,-2.66,248.34,0.03,0.0,0.02,0.06,99695,1507,3,0.24,0.09,-0.05,0.07,49,-632,-113,0,3.26,0.21,0.0613,0.1322,24.21,27.08,16.25
438.823,flow_only,40.701,52.1377481,21.1611391,89.69,52.1377438,21.1611951,25,0.58,1.404,255,-0.5033,0.0,-0.1623,-0.0059,2.93,2.907,1.19,-2.99,253.67,0.03,0.0,0.02,0.06,99695,1507,3,0.24,0.09,-0.05,0.07,49,-334,-49,0,3.26,0.22,0.0743,0.1594,27.45,28.71,19.63
438.923,flow_only,40.801,52.1377496,21.161138,89.71,52.1377461,21.1611933,25,0.58,1.527,255,-0.5034,0.0,-0.1428,-0.0352,2.922,2.922,0.04,-3.2,258.84,0.03,0.0,0.02,0.06,99695,1507,3,0.24,0.13,-0.05,0.07,49,133,-80,0,3.27,0.24,0.0295,0.0752,27.08,28.84,20.41
439.022,flow_only,40.901,52.137751,21.161137,89.72,52.1377461,21.1611933,25,0.58,1.527,255,-0.5034,0.0,-0.1463,-0.0591,2.954,2.938,-1.09,-3.38,263.99,0.03,0.0,0.03,0.03,99695,1507,3,0.24,0.13,-0.05,0.07,49,-417,-101,0,3.29,0.28,0.0524,0.1191,24.98,28.42,18.11
439.122,flow_only,41.001,52.1377525,21.161136,89.74,52.1377483,21.1611914,25,0.58,1.359,255,-0.5032,0.1677,-0.1272,0.0209,2.944,2.956,-2.17,-3.36,269.4,0.03,0.0,0.04,0.06,99695,1507,3,0.24,0.15,-0.05,0.07,49,-420,59,0,3.3,0.29,0.0594,0.1342,27.24,30.11,21.53
439.222,flow_only,41.101,52.1377539,21.161135,89.76,52.1377483,21.1611914,25,0.58,1.359,255,-0.5032,0.1677,-0.149,0.016,2.918,2.973,-3.22,-2.88,274.83,0.03,0.0,0.01,0.04,99695,1507,3,0.24,0.15,-0.05,0.07,49,36,-281,0,3.3,0.28,0.0402,0.0906,30.05,31.43,21.38
439.322,flow_only,41.201,52.1377554,21.1611341,89.78,52.1377504,21.1611895,25,0.58,1.363,255,-0.5032,0.1677,-0.0741,-0.0409,2.925,2.991,-3.99,-2.58,280.39,0.03,0.0,0.03,0.03,99695,1507,3,0.24,0.14,-0.05,0.07,49,-3,-83,0,3.32,0.3,0.0539,0.1194,25.45,28.49,20.44
439.422,flow_only,41.301,52.1377568,21.1611331,89.8,52.1377504,21.1611895,25,0.58,1.363,255,-0.3355,0.1678,0.014,-0.0726,2.935,3.01,-4.35,-2.63,286.27,0.03,0.0,0.02,0.06,99695,1507,3,0.24,0.14,-0.05,0.07,49,24,-5,0,3.33,0.33,0.0463,0.108,26.67,25.97,17.63
439.522,flow_only,41.401,52.137758,21.1611322,89.82,52.1377524,21.1611875,25,0.58,1.343,255,-0.1677,0.1677,-0.0536,-0.0735,2.92,3.031,-4.87,-2.56,292.47,0.03,0.0,0.04,0.05,99695,1507,3,0.24,0.14,-0.05,0.07,49,-22,-50,0,3.34,0.34,0.0227,0.066,26.41,25.02,17.57
439.622,flow_only,41.5,52.137759,21.1611312,89.84,52.1377524,21.1611875,25,0.58,1.343,255,0.0,0.3355,0.1329,-0.054,2.92,3.055,-5.04,-2.24,298.92,0.03,0.0,0.06,0.05,99695,1507,3,0.24,0.14,-0.05,0.07,49,-92,224,0,3.36,0.36,0.0137,0.0524,23.14,28.59,16.78
439.722,flow_only,41.601,52.1377599,21.16113,89.86,52.1377539,21.1611854,25,0.58,1.077,255,0.0,0.3356,0.1707,-0.0751,2.89,3.078,-4.22,-2.12,305.48,0.03,0.0,0.02,0.06,99695,1507,3,0.24,0.12,-0.05,0.07,49,-66,75,0,3.36,0.37,0.0157,0.0424,22.54,27.87,15.22
439.822,flow_only,41.7,52.1377607,21.1611289,89.89,52.1377539,21.1611854,25,0.58,1.077,255,0.0,0.1678,0.0644,-0.0722,2.876,3.1,-4.06,-2.2,312.22,0.03,0.0,0.04,0.07,99695,1507,3,0.24,0.12,-0.05,0.07,49,1,116,0,3.37,0.41,0.0137,0.0289,20.95,23.81,14.45
439.922,flow_only,41.8,52.1377614,21.1611275,89.91,52.1377551,21.1611828,25,0.58,1.133,255,0.0,0.1678,0.2016,-0.0924,2.876,3.124,-3.54,-2.16,318.74,0.03,0.0,0.04,0.07,99695,1507,3,0.24,0.12,-0.05,0.07,49,-120,61,0,3.38,0.42,0.0215,0.0369,19.72,21.63,13.65
440.022,flow_only,41.901,52.1377622,21.161126,89.93,52.1377551,21.1611828,25,0.58,1.133,255,0.0,0.1678,0.1174,-0.1328,2.88,3.148,-2.88,-2.63,324.14,0.03,0.0,0.03,0.08,99695,1507,3,0.24,0.12,-0.05,0.07,49,-26,-213,0,3.39,0.44,0.0311,0.0475,19.21,19.85,13.26
440.122,flow_only,42.0,52.1377629,21.1611245,89.95,52.1377562,21.1611801,25,0.58,1.121,255,0.1678,0.1678,0.0617,0.0143,2.864,3.168,-2.66,-2.76,327.74,0.03,0.0,0.01,0.06,99695,1507,3,0.25,0.1,-0.05,0.07,49,0,-33,0,3.4,0.44,0.0168,0.0213,19.04,18.13,13.92
440.222,flow_only,42.1,52.1377635,21.1611232,89.97,52.1377562,21.1611801,25,0.58,1.121,255,0.1678,0.1678,0.0308,-0.0738,2.868,3.185,-2.55,-2.79,329.74,0.03,0.0,0.0,0.06,99695,1507,3,0.25,0.1,-0.05,0.07,49,-165,-173,0,3.39,0.45,0.0258,0.0448,18.33,18.0,13.86
440.322,flow_only,42.201,52.1377641,21.1611217,89.98,52.1377572,21.1611773,25,0.58,1.119,255,0.1678,0.3356,0.0674,-0.036,2.882,3.195,-2.31,-3.04,330.59,0.03,0.0,0.02,0.04,99695,1507,3,0.25,0.1,-0.05,0.07,49,-4,-62,0,3.37,0.43,0.0142,0.0281,19.45,19.02,14.69
440.422,flow_only,42.3,52.1377648,21.1611201,89.98,52.1377572,21.1611773,25,0.58,1.119,255,0.3356,0.3356,0.0964,-0.0661,2.848,3.198,-1.68,-3.4,330.41,0.03,0.0,0.02,0.05,99695,1507,3,0.25,0.1,-0.05,0.07,49,56,-86,0,3.35,0.39,0.0218,0.0396,19.32,19.25,15.39
440.522,flow_only,42.4,52.1377653,21.1611187,89.98,52.1377583,21.1611746,25,0.58,1.039,255,0.3356,0.3356,0.0675,-0.096,2.846,3.195,-1.36,-4.08,329.59,0.03,0.0,0.05,0.04,99695,1507,3,0.25,0.11,-0.05,0.07,49,-213,-18,0,3.32,0.37,0.0242,0.0573,21.81,18.46,15.37
440.622,flow_only,42.5,52.137766,21.1611174,89.97,52.1377583,21.1611746,25,0.58,1.039,255,0.1678,0.1678,0.0248,0.0168,2.832,3.189,-0.86,-4.15,328.36,0.03,0.0,0.02,0.07,99695,1507,3,0.25,0.11,-0.05,0.07,49,-96,207,0,3.3,0.38,0.0274,0.058,20.85,19.91,15.84
440.722,flow_only,42.6,52.1377667,21.1611161,89.97,52.1377595,21.1611719,25,0.58,1.193,255,0.0,0.1678,-0.1021,-0.0994,2.842,3.185,-1.15,-4.58,326.88,0.03,0.0,0.01,0.1,99695,1507,3,0.25,0.12,-0.05,0.07,49,89,239,0,3.29,0.38,0.0144,0.0439,19.99,19.08,14.49
440.822,flow_only,42.7,52.1377674,21.1611148,89.97,52.1377595,21.1611719,25,0.58,1.193,255,0.1678,0.5033,0.0031,0.0229,2.856,3.182,-1.26,-4.69,325.35,0.03,0.0,0.02,0.08,99695,1507,3,0.25,0.12,-0.05,0.07,49,93,-168,0,3.27,0.35,0.0252,0.0626,20.64,18.37,15.71
440.922,flow_only,42.801,52.137768,21.1611135,89.97,52.1377609,21.1611693,25,0.58,1.128,255,0.1678,0.3356,0.044,0.0372,2.852,3.187,-0.79,-4.48,323.83,0.03,0.0,0.02,0.08,99695,1507,3,0.25,0.11,-0.05,0.07,49,-31,-236,0,3.28,0.36,0.0536,0.0947,21.18,19.53,13.49
441.022,flow_only,42.901,52.1377686,21.1611122,89.98,52.1377609,21.1611693,25,0.58,1.128,255,0.0,0.3357,-0.0379,-0.1148,2.84,3.191,-0.78,-4.83,322.46,0.03,0.0,0.03,0.09,99695,1507,3,0.25,0.11,-0.05,0.07,49,-85,-120,0,3.27,0.34,0.0244,0.0575,21.36,15.31,14.06
441.122,flow_only,43.0,52.1377693,21.1611108,89.98,52.1377622,21.1611665,25,0.58,1.208,255,0.0,0.3356,0.0122,-0.004,2.85,3.194,-0.69,-5.14,321.42,0.03,0.0,0.02,0.06,99695,1507,3,0.26,0.11,-0.05,0.07,49,-74,246,0,3.27,0.33,0.0095,0.0333,20.36,17.24,14.42
441.222,flow_only,43.1,52.1377701,21.1611094,89.98,52.1377622,21.1611665,25,0.58,1.208,255,0.0,0.3356,0.0381,-0.0065,2.856,3.198,-0.42,-5.15,320.61,0.03,0.0,0.01,0.07,99695,1507,3,0.26,0.11,-0.05,0.07,49,-111,-53,0,3.26,0.34,0.0227,0.0514,22.29,20.43,15.71
441.322,flow_only,43.2,52.137771,21.1611081,89.99,52.1377635,21.1611635,25,0.58,1.32,255,0.0,0.1678,-0.0277,-0.0423,2.852,3.2,-0.34,-5.23,320.06,0.03,0.0,0.02,0.07,99695,1507,3,0.26,0.11,-0.05,0.07,49,-116,-71,0,3.26,0.33,0.0272,0.05,20.78,18.8,16.25
441.422,flow_only,43.3,52.1377721,21.1611067,89.99,52.1377635,21.1611635,25,0.58,1.32,255,0.1678,0.6711,-0.0198,0.0988,2.862,3.207,-0.44,-5.07,319.71,0.03,0.0,0.02,0.09,99695,1507,3,0.26,0.11,-0.05,0.07,49,-42,-46,0,3.27,0.34,0.029,0.0471,20.39,18.44,14.65
441.522,flow_only,43.401,52.137773,21.1611054,90.0,52.1377651,21.1611605,25,0.58,1.384,255,0.0,0.5035,-0.0536,0.0911,2.87,3.216,-0.74,-4.4,319.65,0.03,0.0,0.0,0.07,99695,1507,3,0.26,0.11,-0.05,0.07,49,3,-218,0,3.28,0.35,0.0334,0.0532,21.85,19.29,14.12
441.622,flow_only,43.501,52.1377738,21.1611042,90.01,52.1377651,21.1611605,25,0.58,1.384,255,0.0,0.5035,-0.0446,0.0618,2.866,3.228,-1.02,-4.01,319.87,0.03,0.0,0.01,0.09,99695,1507,3,0.26,0.11,-0.05,0.07,49,-6,20,0,3.28,0.33,0.0372,0.0645,19.34,19.1,12.72
441.722,flow_only,43.6,52.1377747,21.1611029,90.03,52.137767,21.1611576,25,0.58,1.459,255,0.1678,0.3357,0.0008,-0.0068,2.848,3.242,-1.07,-3.96,320.13,0.03,0.0,0.01,0.07,99695,1507,3,0.26,0.12,-0.05,0.07,49,-30,410,0,3.29,0.34,0.0167,0.0236,19.44,19.01,12.96
441.822,flow_only,43.7,52.1377757,21.1611013,90.04,52.137767,21.1611576,25,0.58,1.459,255,0.0,0.6713,-0.0691,-0.0873,2.858,3.256,-1.42,-4.26,320.34,0.03,0.0,0.0,0.08,99695,1507,3,0.26,0.12,-0.05,0.07,49,13,98,0,3.3,0.35,0.0159,0.0209,21.4,18.21,13.36
441.922,flow_only,43.801,52.1377767,21.1610998,90.05,52.1377688,21.1611547,25,0.58,1.378,255,0.0,0.3356,0.0689,0.0758,2.876,3.268,-1.29,-4.24,320.6,0.03,0.0,0.0,0.08,99695,1507,3,0.26,0.12,-0.05,0.07,49,-64,-97,0,3.3,0.37,0.023,0.0451,21.88,21.48,17.83
442.022,flow_only,43.901,52.1377776,21.1610984,90.06,52.1377688,21.1611547,25,0.58,1.378,255,0.0,0.3356,-0.0146,-0.0016,2.874,3.275,-1.21,-3.93,321.04,0.03,0.0,0.04,0.08,99695,1507,3,0.26,0.12,-0.05,0.07,49,-59,-172,0,3.28,0.33,0.01,0.0299,23.39,18.95,17.59
442.122,flow_only,44.001,52.1377785,21.1610969,90.06,52.1377706,21.1611516,25,0.58,1.476,255,0.0,0.8388,0.0057,0.0676,2.866,3.273,-1.26,-3.73,321.53,0.03,0.0,0.06,0.08,99695,1507,3,0.27,0.12,-0.05,0.07,49,122,18,0,3.26,0.3,0.0233,0.0581,22.08,21.53,17.08
442.222,flow_only,44.1,52.1377793,21.1610954,90.05,52.1377706,21.1611516,25,0.58,1.476,255,0.1678,0.6712,-0.0056,-0.0099,2.866,3.267,-1.27,-3.6,321.85,0.03,0.0,0.04,0.08,99695,1507,3,0.27,0.12,-0.05,0.07,49,110,-18,0,3.24,0.29,0.0282,0.0669,18.26,17.8,13.5
442.322,flow_only,44.2,52.1377803,21.1610938,90.05,52.1377725,21.1611484,25,0.58,1.491,255,0.1677,0.5032,0.0574,0.0416,2.886,3.261,-1.21,-3.45,322.04,0.03,0.0,0.02,0.07,99695,1507,3,0.27,0.12,-0.05,0.07,49,-36,-304,0,3.23,0.28,0.0168,0.0506,16.74,21.75,12.65
442.422,flow_only,44.3,52.1377814,21.1610922,90.04,52.1377725,21.1611484,25,0.58,1.491,255,0.0,0.5033,0.0372,0.0142,2.868,3.255,-0.77,-3.26,321.96,0.03,0.0,0.04,0.07,99695,1507,3,0.27,0.12,-0.05,0.07,49,-159,-191,0,3.21,0.26,0.0081,0.0407,17.33,19.63,13.81
442.522,flow_only,44.401,52.1377823,21.1610907,90.04,52.1377745,21.1611455,25,0.58,1.506,255,0.0,0.3355,0.0353,0.0117,2.85,3.253,-0.6,-3.29,321.81,0.03,0.0,0.0,0.08,99695,1507,3,0.27,0.12,-0.05,0.07,49,99,226,0,3.22,0.25,0.0168,0.0387,17.99,18.51,14.32
442.622,flow_only,44.5,52.1377833,21.1610891,90.04,52.1377745,21.1611455,25,0.58,1.506,255,0.0,0.3356,-0.0298,-0.0086,2.854,3.258,-0.62,-3.16,321.6,0.03,0.0,0.03,0.07,99695,1507,3,0.27,0.12,-0.05,0.07,49,104,328,0,3.24,0.28,0.0267,0.0426,18.4,19.47,12.08
442.722,flow_only,44.601,52.1377843,21.1610874,90.05,52.1377764,21.1611426,25,0.58,1.463,255,0.0,0.5035,-0.0097,0.0591,2.856,3.268,-0.74,-3.04,321.37,0.03,0.0,0.0,0.07,99695,1507,3,0.27,0.12,-0.05,0.07,49,153,25,0,3.24,0.31,0.0256,0.0441,19.58,18.0,14.11
442.822,flow_only,44.701,52.1377852,21.1610858,90.06,52.1377764,21.1611426,25,0.58,1.463,255,0.1678,1.0068,0.0743,0.0819,2.882,3.276,-0.37,-2.64,321.0,0.03,0.0,0.03,0.08,99695,1507,3,0.27,0.12,-0.05,0.07,49,-114,-198,0,3.23,0.29,0.0226,0.0448,20.93,20.85,16.57
442.922,flow_only,44.801,52.1377863,21.1610842,90.07,52.1377784,21.1611396,25,0.58,1.53,255,0.0,0.5032,-0.0045,-0.0416,2.862,3.282,-0.27,-2.62,320.64,0.03,0.0,0.01,0.07,99695,1507,3,0.27,0.12,-0.05,0.07,49,-48,3,0,3.23,0.28,0.0199,0.0353,18.88,18.61,14.5
443.022,flow_only,44.901,52.1377875,21.1610826,90.08,52.1377784,21.1611396,25,0.58,1.53,255,0.0,0.3354,0.0444,0.0539,2.828,3.292,0.05,-2.46,320.37,0.03,0.0,0.03,0.1,99695,1507,3,0.27,0.12,-0.05,0.07,49,-96,-197,0,3.24,0.3,0.0155,0.0266,19.2,20.17,15.97
443.122,flow_only,45.001,52.1377886,21.1610811,90.09,52.1377803,21.1611367,25,0.58,1.368,255,0.0,0.6709,-0.0875,0.0724,2.848,3.301,-0.16,-2.14,320.21,0.03,0.0,0.05,0.07,99695,1507,3,0.28,0.13,-0.05,0.07,49,26,319,0,3.23,0.28,0.0361,0.0654,20.09,21.08,15.56
443.222,flow_only,45.101,52.1377898,21.1610796,90.09,52.1377803,21.1611367,25,0.58,1.368,255,-0.1678,0.5033,-0.0554,0.0655,2.874,3.306,-0.56,-1.66,320.01,0.03,0.0,0.02,0.07,99695,1507,3,0.28,0.13,-0.05,0.07,49,78,-244,0,3.22,0.29,0.0039,0.0177,17.82,17.75,14.32
443.322,flow_only,45.2,52.137791,21.1610781,90.1,52.1377821,21.161134,25,0.58,1.391,255,0.0,0.3355,-0.0671,0.0187,2.884,3.312,-0.86,-1.45,319.9,0.03,0.0,0.0,0.08,99695,1507,3,0.28,0.12,-0.05,0.07,49,-130,-197,0,3.22,0.28,0.0172,0.0265,18.73,20.57,14.59
443.422,flow_only,45.3,52.137792,21.1610769,90.1,52.1377821,21.161134,25,0.58,1.391,255,0.0,0.3356,0.0283,0.0489,2.87,3.318,-0.9,-1.26,319.78,0.03,0.0,0.0,0.07,99695,1507,3,0.28,0.12,-0.05,0.07,49,50,9,0,3.22,0.26,0.0161,0.0282,20.18,20.31,14.92
443.522,flow_only,45.401,52.1377929,21.1610756,90.11,52.137784,21.1611314,25,0.58,1.397,255,-0.1678,0.6711,-0.0676,-0.0971,2.88,3.322,-1.03,-1.34,319.7,0.03,0.0,0.04,0.07,99695,1507,3,0.28,0.13,-0.05,0.07,49,157,176,0,3.22,0.26,0.0162,0.0351,18.12,19.99,12.63
443.622,flow_only,45.501,52.1377938,21.1610743,90.11,52.137784,21.1611314,25,0.58,1.397,255,0.0,0.3355,0.0977,-0.0895,2.892,3.325,-0.84,-2.01,319.69,0.03,0.0,0.0,0.09,99695,1507,3,0.28,0.13,-0.05,0.07,49,-146,30,0,3.22,0.26,0.011,0.0247,18.88,19.41,13.3
443.722,flow_only,45.601,52.1377947,21.1610732,90.11,52.1377858,21.1611288,25,0.58,1.336,255,0.0,0.3355,0.0236,-0.1082,2.896,3.327,-0.55,-2.49,319.85,0.03,0.0,0.03,0.07,99695,1507,3,0.28,0.12,-0.05,0.07,49,94,-185,0,3.21,0.25,0.0406,0.079,17.64,20.27,12.76
443.822,flow_only,45.7,52.1377955,21.161072,90.11,52.1377858,21.1611288,25,0.58,1.336,255,0.0,0.5033,0.0179,-0.0437,2.896,3.326,-0.44,-2.87,320.19,0.03,0.0,0.02,0.07,99695,1507,3,0.28,0.12,-0.05,0.07,49,-30,-182,0,3.2,0.22,0.0343,0.071,19.61,18.22,14.11
443.922,flow_only,45.801,52.1377963,21.1610708,90.11,52.1377876,21.1611263,25,0.58,1.297,255,0.0,0.3355,0.02,-0.1047,2.898,3.324,-0.54,-3.45,320.47,0.03,0.0,0.03,0.09,99695,1507,3,0.28,0.12,-0.05,0.07,49,39,14,0,3.19,0.21,0.0176,0.045,19.18,18.84,16.24
444.022,flow_only,45.9,52.1377972,21.1610697,90.1,52.1377876,21.1611263,25,0.58,1.297,255,0.1678,0.3356,0.0067,-0.0416,2.894,3.318,-0.35,-3.68,320.7,0.03,0.0,0.05,0.07,99695,1507,3,0.28,0.12,-0.05,0.07,49,-55,-247,0,3.17,0.19,0.0329,0.0719,21.39,20.12,16.13
444.122,flow_only,46.0,52.137798,21.1610686,90.1,52.1377894,21.1611239,25,0.58,1.262,255,0.0,0.3355,-0.0215,0.0299,2.878,3.312,-0.53,-3.8,320.84,0.03,0.0,0.01,0.08,99695,1507,3,0.28,0.12,-0.05,0.07,49,31,110,0,3.17,0.19,0.0177,0.0449,17.18,19.94,11.8
444.222,flow_only,46.1,52.1377989,21.1610674,90.09,52.1377894,21.1611239,25,0.58,1.262,255,0.0,0.3356,-0.0866,-0.0852,2.874,3.31,-0.96,-3.98,320.92,0.03,0.0,0.01,0.09,99695,1507,3,0.28,0.12,-0.05,0.07,49,-66,266,0,3.16,0.21,0.0166,0.0307,17.52,17.8,12.17
444.322,flow_only,46.201,52.1378,21.1610662,90.09,52.1377912,21.1611215,25,0.58,1.306,255,0.0,0.3354,-0.0677,0.0638,2.894,3.308,-1.12,-3.99,320.93,0.03,0.0,0.02,0.07,99695,1507,3,0.29,0.12,-0.05,0.07,49,-102,-193,0,3.16,0.19,0.0096,0.0224,21.98,16.8,15.93
444.422,flow_only,46.301,52.1378008,21.161065,90.09,52.1377912,21.1611215,25,0.58,1.306,255,-0.1678,0.3356,-0.15,0.0183,2.928,3.307,-1.97,-3.86,320.81,0.03,0.0,0.02,0.08,99695,1507,3,0.29,0.12,-0.05,0.07,49,126,-161,0,3.15,0.17,0.0294,0.0617,18.11,16.71,13.86
444.522,flow_only,46.401,52.1378017,21.1610638,90.09,52.1377931,21.1611192,25,0.58,1.37,255,0.0,0.8389,0.0047,-0.0158,2.89,3.307,-2.2,-3.72,320.52,0.03,0.0,0.02,0.08,99695,1507,3,0.29,0.12,-0.05,0.07,49,-75,193,0,3.14,0.15,0.0179,0.0431,17.11,17.32,13.47
444.622,flow_only,46.5,52.1378026,21.1610624,90.09,52.1377931,21.1611192,25,0.58,1.37,255,0.0,0.5035,0.0727,-0.011,2.872,3.306,-1.9,-3.95,320.16,0.03,0.0,0.03,0.08,99695,1507,3,0.29,0.12,-0.05,0.07,49,-13,267,0,3.13,0.16,0.0193,0.037,19.05,19.34,13.45
444.722,flow_only,46.6,52.1378036,21.161061,90.09,52.1377952,21.1611168,25,0.58,1.46,255,0.0,0.3355,0.0702,0.0106,2.882,3.307,-1.38,-3.88,319.69,0.03,0.0,0.01,0.09,99695,1507,3,0.29,0.13,-0.05,0.07,49,72,-152,0,3.14,0.16,0.0138,0.0337,18.8,19.26,14.01
444.822,flow_only,46.701,52.1378046,21.1610596,90.09,52.1377952,21.1611168,25,0.58,1.46,255,0.0,0.8389,0.0429,0.0497,2.878,3.31,-1.13,-3.67,319.32,0.03,0.0,0.0,0.07,99695,1507,3,0.29,0.13,-0.05,0.07,49,-32,-1,0,3.14,0.18,0.0065,0.012,19.03,18.98,15.2
444.922,flow_only,46.8,52.1378058,21.1610581,90.1,52.1377973,21.1611141,25,0.58,1.465,255,0.0,0.5035,0.0663,0.0241,2.882,3.314,-0.67,-3.54,318.94,0.03,0.0,0.02,0.08,99695,1507,3,0.29,0.12,-0.05,0.07,49,-84,-180,0,3.14,0.18,0.0152,0.0256,19.35,17.52,12.29
445.022,flow_only,46.901,52.1378069,21.1610567,90.1,52.1377973,21.1611141,25,0.58,1.465,255,0.0,0.3356,-0.0456,0.0477,2.9,3.317,-0.8,-3.27,318.65,0.03,0.0,0.03,0.08,99695,1507,3,0.29,0.12,-0.05,0.07,49,64,128,0,3.13,0.17,0.0182,0.0359,17.74,18.8,13.88
445.122,flow_only,47.001,52.137808,21.1610553,90.1,52.1377995,21.1611114,25,0.58,1.526,255,0.0,0.8387,0.009,0.0844,2.888,3.319,-0.74,-2.92,318.41,0.03,0.0,0.01,0.1,99695,1507,3,0.29,0.12,-0.05,0.07,49,-19,294,0,3.14,0.17,0.0233,0.0449,19.0,20.74,15.02
445.222,flow_only,47.101,52.1378091,21.1610538,90.11,52.1377995,21.1611114,25,0.58,1.526,255,-0.1678,0.6711,-0.0676,-0.0149,2.878,3.322,-1.11,-2.68,318.35,0.03,0.0,0.01,0.08,99695,1507,3,0.29,0.12,-0.05,0.07,49,108,-198,0,3.14,0.18,0.026,0.0476,19.35,20.82,12.18
445.322,flow_only,47.2,52.13781,21.1610524,90.11,52.1378016,21.1611088,25,0.58,1.459,255,0.0,0.5033,0.0264,0.0372,2.898,3.325,-1.13,-2.59,318.51,0.03,0.0,0.02,0.08,99695,1507,3,0.29,0.12,-0.05,0.07,49,63,51,0,3.14,0.18,0.0184,0.0359,18.72,20.41,12.91
445.422,flow_only,47.301,52.1378109,21.161051,90.11,52.1378016,21.1611088,25,0.58,1.459,255,0.0,0.5035,0.0386,-0.0723,2.924,3.329,-0.91,-2.75,318.75,0.03,0.0,0.0,0.07,99695,1507,3,0.29,0.12,-0.05,0.07,49,-22,328,0,3.14,0.16,0.0094,0.019,20.82,19.59,13.15
445.522,flow_only,47.4,52.1378119,21.1610496,90.12,52.1378036,21.1611061,25,0.58,1.507,255,0.0,0.5033,0.0738,-0.0078,2.904,3.334,-0.78,-2.92,319.04,0.03,0.0,0.01,0.07,99695,1507,3,0.29,0.12,-0.05,0.07,49,0,-251,0,3.14,0.15,0.0239,0.0454,19.32,18.23,12.44
445.622,flow_only,47.5,52.1378127,21.1610484,90.12,52.1378036,21.1611061,25,0.58,1.507,255,0.0,0.3356,0.0474,-0.0496,2.956,3.339,-0.23,-2.98,319.28,0.03,0.0,0.0,0.06,99695,1507,3,0.29,0.12,-0.05,0.07,49,54,-137,0,3.14,0.13,0.0355,0.0688,17.96,18.93,11.88
445.722,flow_only,47.601,52.1378135,21.161047,90.13,52.1378056,21.1611033,25,0.58,1.508,255,0.0,0.1678,-0.074,-0.1326,2.96,3.348,-0.57,-3.67,319.58,0.03,0.0,0.03,0.07,99695,1507,3,0.29,0.11,-0.05,0.07,49,38,-28,0,3.16,0.14,0.0254,0.0526,17.68,18.59,12.64
445.822,flow_only,47.7,52.1378145,21.1610455,90.14,52.1378056,21.1611033,25,0.58,1.508,255,0.0,0.6711,0.0625,-0.0098,2.95,3.357,-0.59,-3.86,319.76,0.03,0.0,0.0,0.07,99695,1507,3,0.29,0.11,-0.05,0.07,49,-132,-91,0,3.17,0.12,0.0043,0.0173,17.02,18.13,11.85
445.922,flow_only,47.801,52.1378155,21.1610443,90.15,52.1378077,21.1611006,25,0.58,1.557,255,0.0,0.3356,0.0574,0.0176,2.94,3.365,-0.13,-3.77,319.88,0.03,0.0,0.01,0.07,99695,1507,3,0.29,0.12,-0.05,0.07,49,-90,-163,0,3.17,0.13,0.0349,0.0583,19.4,19.32,12.86
446.022,flow_only,47.901,52.1378165,21.1610432,90.16,52.1378077,21.1611006,25,0.58,1.557,255,-0.1678,0.3355,-0.0556,-0.0237,2.976,3.37,-0.36,-3.93,320.01,0.03,0.0,0.02,0.09,99695,1507,3,0.29,0.12,-0.05,0.07,49,60,233,0,3.16,0.13,0.0164,0.0264,18.73,17.74,11.94
446.122,flow_only,48.0,52.1378175,21.161042,90.16,52.1378099,21.161098,25,0.58,1.524,255,0.0,0.8391,-0.0419,0.0621,2.976,3.371,-0.59,-3.67,320.16,0.03,0.0,0.02,0.07,99695,1507,3,0.29,0.12,-0.05,0.07,49,51,-32,0,3.16,0.11,0.0208,0.0366,16.95,16.6,11.22
446.222,flow_only,48.101,52.1378185,21.1610408,90.15,52.1378099,21.161098,25,0.58,1.524,255,0.0,0.3356,-0.0554,-0.064,2.968,3.369,-0.9,-3.89,320.21,0.03,0.0,0.03,0.07,99695,1507,3,0.29,0.12,-0.05,0.07,49,60,-92,0,3.15,0.09,0.0204,0.0409,17.49,20.11,12.26
446.322,flow_only,48.201,52.1378195,21.1610395,90.15,52.1378121,21.1610952,25,0.58,1.536,255,-0.1678,0.5033,-0.1059,0.0454,2.938,3.362,-1.42,-3.78,320.2,0.03,0.0,0.04,0.06,99695,1507,3,0.29,0.12,-0.05,0.07,49,105,-207,0,3.13,0.08,0.0215,0.0441,20.96,18.72,15.31
446.422,flow_only,48.301,52.1378205,21.1610379,90.14,52.1378121,21.1610952,25,0.58,1.536,255,0.0,0.3356,0.0606,0.0283,2.942,3.351,-1.39,-3.63,320.01,0.03,0.0,0.04,0.08,99695,1507,3,0.29,0.12,-0.05,0.07,49,-79,465,0,3.11,0.1,0.0292,0.0557,18.06,19.3,13.06
446.522,flow_only,48.401,52.1378217,21.1610364,90.12,52.1378144,21.1610924,25,0.58,1.61,255,0.1678,0.8388,0.0991,0.0502,2.926,3.338,-0.83,-3.39,319.84,0.03,0.0,0.03,0.07,99695,1507,3,0.29,0.12,-0.05,0.07,49,-84,-53,0,3.1,0.08,0.015,0.0349,16.86,19.63,11.7
446.622,flow_only,48.5,52.1378228,21.161035,90.12,52.1378144,21.1610924,25,0.58,1.61,255,0.0,0.3356,0.133,0.0652,2.902,3.33,-0.04,-3.09,319.63,0.03,0.0,0.01,0.06,99695,1507,3,0.29,0.12,-0.05,0.07,49,-122,-61,0,3.1,0.09,0.0192,0.0315,16.78,19.74,12.45
446.722,flow_only,48.601,52.137824,21.1610335,90.11,52.1378166,21.1610895,25,0.58,1.582,255,0.0,0.3355,-0.1132,0.0447,2.918,3.327,-0.09,-2.71,319.57,0.03,0.0,0.0,0.09,99695,1507,3,0.3,0.12,-0.05,0.07,49,88,-271,0,3.1,0.1,0.0044,0.0048,19.18,18.96,11.33
446.822,flow_only,48.701,52.1378252,21.1610318,90.11,52.1378166,21.1610895,25,0.58,1.582,255,-0.1677,0.8387,-0.0509,0.0176,2.92,3.324,-0.59,-2.68,319.59,0.03,0.0,0.05,0.06,99695,1507,3,0.3,0.12,-0.05,0.07,49,125,-47,0,3.08,0.08,0.0275,0.0526,19.52,17.88,11.72
446.922,flow_only,48.801,52.1378264,21.1610302,90.11,52.1378189,21.1610866,25,0.58,1.67,255,0.0,0.5033,0.0339,0.104,2.9,3.321,-0.6,-2.13,319.73,0.03,0.0,0.01,0.07,99695,1507,3,0.3,0.12,-0.05,0.07,49,-147,379,0,3.08,0.08,0.0358,0.0699,20.68,20.04,11.67
447.022,flow_only,48.9,52.1378277,21.1610286,90.1,52.1378189,21.1610866,25,0.58,1.67,255,0.0,0.5033,0.0059,0.0478,2.914,3.319,-0.38,-1.79,319.83,0.03,0.0,0.03,0.07,99695,1507,3,0.3,0.12,-0.05,0.07,49,-44,395,0,3.07,0.08,0.0477,0.0929,19.58,18.47,12.81
447.122,flow_only,49.001,52.137829,21.161027,90.1,52.1378212,21.1610835,25,0.58,1.635,255,0.0,0.5035,0.0067,0.0568,2.952,3.318,-0.44,-1.54,319.81,0.03,0.0,0.0,0.08,99695,1507,3,0.3,0.12,-0.05,0.07,49,34,-89,0,3.08,0.07,0.0167,0.0374,19.82,19.0,13.16
447.222,flow_only,49.101,52.1378302,21.1610255,90.11,52.1378212,21.1610835,25,0.58,1.635,255,0.0,0.5033,-0.0574,0.0624,2.944,3.322,-0.54,-1.1,319.78,0.03,0.0,0.01,0.06,99695,1507,3,0.3,0.12,-0.05,0.07,49,-157,-126,0,3.09,0.07,0.0177,0.028,17.79,18.17,12.1
447.322,flow_only,49.201,52.1378314,21.1610241,90.11,52.1378235,21.1610806,25,0.58,1.63,255,0.0,0.3355,-0.0534,0.0225,2.936,3.327,-0.83,-1.05,319.83,0.03,0.0,0.03,0.07,99695,1507,3,0.3,0.13,-0.05,0.07,49,63,-172,0,3.09,0.04,0.0105,0.0178,18.51,18.75,12.93
447.422,flow_only,49.301,52.1378325,21.1610228,90.11,52.1378235,21.1610806,25,0.58,1.63,255,0.0,0.671,-0.0845,-0.0432,2.95,3.326,-1.24,-1.01,319.88,0.03,0.0,0.06,0.06,99695,1507,3,0.3,0.13,-0.05,0.07,49,75,-32,0,3.07,0.04,0.0104,0.0217,16.82,18.34,11.88
447.522,flow_only,49.401,52.1378335,21.1610215,90.11,52.1378258,21.1610778,25,0.58,1.528,255,0.0,0.8388,-0.0074,0.0037,2.956,3.324,-1.57,-1.24,319.97,0.03,0.0,0.02,0.08,99695,1507,3,0.3,0.13,-0.05,0.07,49,-69,-100,0,3.08,0.06,0.014,0.0236,17.3,18.71,12.84
447.622,flow_only,49.501,52.1378346,21.1610203,90.11,52.1378258,21.1610778,25,0.58,1.528,255,0.0,0.5035,0.0556,-0.0395,2.944,3.327,-1.27,-1.36,320.05,0.03,0.0,0.01,0.07,99695,1507,3,0.3,0.13,-0.05,0.07,49,-10,-174,0,3.08,0.04,0.019,0.0318,16.74,20.03,13.74
447.722,flow_only,49.601,52.1378358,21.1610189,90.11,52.137828,21.1610751,25,0.58,1.58,255,0.0,0.3356,-0.0115,-0.0879,2.976,3.329,-1.31,-1.88,320.13,0.03,0.0,0.0,0.07,99695,1507,3,0.3,0.13,-0.05,0.07,49,167,-92,0,3.09,0.05,0.0095,0.0196,18.73,17.11,12.83
447.822,flow_only,49.701,52.1378368,21.1610176,90.12,52.137828,21.1610751,25,0.58,1.58,255,0.0,0.839,-0.0871,0.0192,2.958,3.334,-1.55,-1.89,320.23,0.03,0.0,0.02,0.08,99695,1507,3,0.3,0.13,-0.05,0.07,49,12,-115,0,3.1,0.05,0.0095,0.0242,18.15,17.35,13.07
447.922,flow_only,49.801,52.1378377,21.1610162,90.13,52.1378303,21.1610723,25,0.58,1.494,255,0.0,0.3356,-0.0236,-0.0058,2.962,3.342,-1.97,-2.04,320.43,0.03,0.0,0.0,0.06,99695,1507,3,0.3,0.13,-0.05,0.07,49,105,255,0,3.11,0.06,0.0198,0.0393,18.05,17.44,11.89
448.022,flow_only,49.901,52.1378387,21.1610148,90.13,52.1378303,21.1610723,25,0.58,1.494,255,0.0,0.5031,0.1118,-0.0161,2.928,3.348,-1.41,-2.04,320.54,0.03,0.0,0.01,0.06,99695,1507,3,0.3,0.13,-0.05,0.07,49,-95,189,0,3.11,0.07,0.0104,0.0232,18.71,19.43,13.86
448.122,flow_only,50.0,52.1378396,21.1610135,90.14,52.1378322,21.1610695,25,0.58,1.388,255,0.0,0.5035,0.0213,-0.0981,2.938,3.352,-1.16,-2.43,320.5,0.03,0.0,0.01,0.06,99695,1507,3,0.3,0.13,-0.05,0.07,49,113,-74,0,3.11,0.08,0.0137,0.0274,19.68,19.58,13.63
448.222,flow_only,50.1,52.1378406,21.161012,90.14,52.1378322,21.1610695,25,0.58,1.388,255,0.1678,0.6713,0.0269,0.0135,2.966,3.351,-1.13,-2.59,320.53,0.03,0.0,0.03,0.08,99695,1507,3,0.3,0.13,-0.05,0.07,49,-9,-96,0,3.09,0.07,0.0073,0.0152,19.1,20.68,15.56
448.322,flow_only,50.2,52.1378415,21.1610106,90.13,52.1378342,21.1610667,25,0.58,1.516,255,0.1678,0.3355,0.059,0.0035,2.974,3.346,-0.86,-2.53,320.57,0.03,0.0,0.04,0.06,99695,1507,3,0.3,0.14,-0.05,0.07,49,91,25,0,3.08,0.05,0.0257,0.0475,17.28,17.8,13.01
448.422,flow_only,50.301,52.1378424,21.1610091,90.12,52.1378342,21.1610667,25,0.58,1.516,255,0.0,0.3356,0.0478,-0.0219,2.968,3.338,-0.71,-2.8,320.56,0.03,0.0,0.04,0.08,99695,1507,3,0.3,0.14,-0.05,0.07,49,-39,-68,0,3.07,0.0,0.0106,0.0269,19.15,19.07,14.44
448.522,flow_only,50.401,52.1378432,21.1610078,90.11,52.1378361,21.161064,25,0.58,1.322,255,0.0,0.3355,-0.0281,0.0198,2.938,3.329,-0.62,-2.61,320.51,0.03,0.0,0.01,0.06,99695,1507,3,0.3,0.14,-0.05,0.07,49,-74,-303,0,3.06,0.0,0.0293,0.0551,18.35,18.49,12.36
448.622,flow_only,50.5,52.1378441,21.1610065,90.11,52.1378361,21.161064,25,0.58,1.322,255,0.0,0.3356,-0.011,-0.0803,2.948,3.322,-0.78,-2.95,320.39,0.03,0.0,0.02,0.09,99695,1507,3,0.3,0.14,-0.05,0.07,49,15,54,0,3.05,0.02,0.0115,0.0273,17.92,17.14,13.27
448.722,flow_only,50.601,52.1378449,21.1610052,90.1,52.137838,21.1610613,25,0.58,1.521,255,0.1677,0.3355,0.0752,-0.0392,2.948,3.317,-0.46,-3.25,320.21,0.03,0.0,0.0,0.07,99695,1507,3,0.3,0.13,-0.05,0.07,49,-36,-49,0,3.06,0.03,0.023,0.0443,19.07,16.34,12.82
448.822,flow_only,50.701,52.1378456,21.161004,90.1,52.137838,21.1610613,25,0.58,1.521,255,0.0,0.6712,-0.0034,-0.0612,2.942,3.318,-0.28,-3.44,320.14,0.03,0.0,0.01,0.06,99695,1507,3,0.3,0.13,-0.05,0.07,49,-74,81,0,3.07,0.03,0.0249,0.0494,16.81,16.65,11.28
448.922,flow_only,50.801,52.1378464,21.1610028,90.11,52.1378399,21.1610585,25,0.58,1.446,255,0.0,0.3357,-0.0693,-0.1119,2.938,3.322,-0.58,-4.05,320.11,0.03,0.0,0.01,0.07,99695,1507,3,0.3,0.14,-0.05,0.07,49,30,159,0,3.07,0.04,0.0089,0.0226,18.2,15.84,11.34
449.022,flow_only,50.901,52.1378473,21.1610016,90.11,52.1378399,21.1610585,25,0.58,1.446,255,0.0,0.3356,0.0601,0.0005,2.95,3.325,-0.61,-4.24,320.16,0.03,0.0,0.02,0.06,99695,1507,3,0.3,0.14,-0.05,0.07,49,46,-56,0,3.07,0.03,0.0094,0.0213,19.19,19.74,13.18
449.122,flow_only,51.0,52.1378483,21.1610003,90.11,52.1378419,21.1610557,25,0.58,1.48,255,0.1678,0.8388,0.0054,-0.0209,2.936,3.326,-0.41,-4.28,320.12,0.03,0.0,0.01,0.07,99695,1507,3,0.3,0.14,-0.05,0.07,49,-54,-144,0,3.07,0.03,0.0084,0.0144,19.71,20.3,14.25
449.222,flow_only,51.101,52.1378494,21.1609988,90.12,52.1378419,21.1610557,25,0.58,1.48,255,0.0,0.3357,-0.0789,0.0023,2.942,3.331,-0.81,-4.56,319.97,0.03,0.0,0.02,0.09,99695,1507,3,0.3,0.14,-0.05,0.07,49,66,-245,0,3.08,0.06,0.0132,0.0285,19.35,20.5,13.95
449.322,flow_only,51.2,52.1378503,21.1609974,90.12,52.1378438,21.1610529,25,0.58,1.5,255,-0.1678,0.5033,0.0011,0.1495,2.94,3.337,-0.97,-3.89,319.65,0.03,0.0,0.01,0.09,99695,1507,3,0.3,0.14,-0.05,0.07,49,42,-111,0,3.08,0.06,0.0254,0.0475,18.49,19.3,13.32
449.422,flow_only,51.3,52.1378512,21.160996,90.13,52.1378438,21.1610529,25,0.58,1.5,255,0.0,0.5033,-0.0086,0.0493,2.96,3.349,-0.8,-3.42,319.16,0.03,0.0,0.06,0.09,99695,1507,3,0.3,0.14,-0.05,0.07,49,-37,264,0,3.11,0.09,0.0109,0.0408,19.01,18.94,11.91
449.522,flow_only,51.401,52.1378522,21.1609945,90.15,52.1378459,21.1610501,25,0.58,1.545,255,0.0,0.6712,-0.0146,-0.0533,2.972,3.365,-0.91,-3.64,318.73,0.03,0.0,0.02,0.09,99695,1507,3,0.31,0.15,-0.05,0.07,49,26,-94,0,3.13,0.1,0.0217,0.0541,18.28,19.34,12.16
449.622,flow_only,51.501,52.1378531,21.1609932,90.17,52.1378459,21.1610501,25,0.58,1.545,255,0.0,0.5033,0.0819,0.0351,2.962,3.381,-0.65,-3.43,318.48,0.03,0.0,0.0,0.08,99695,1507,3,0.31,0.15,-0.05,0.07,49,13,-124,0,3.14,0.08,0.0225,0.0511,19.09,20.54,12.87
449.722,flow_only,51.601,52.137854,21.1609918,90.18,52.137848,21.1610471,25,0.58,1.623,255,0.0,0.3355,0.0702,-0.0484,2.99,3.393,-0.13,-3.58,318.38,0.03,0.0,0.0,0.1,99695,1507,3,0.31,0.15,-0.05,0.07,49,81,360,0,3.14,0.08,0.0091,0.029,19.81,20.68,12.08
449.822,flow_only,51.7,52.137855,21.1609903,90.19,52.137848,21.1610471,25,0.58,1.623,255,0.0,0.3355,-0.0201,-0.0685,3.016,3.4,-0.11,-4.0,318.43,0.03,0.0,0.0,0.07,99695,1507,3,0.31,0.15,-0.05,0.07,49,-34,247,0,3.14,0.06,0.0248,0.046,20.0,20.39,12.2
449.922,flow_only,51.801,52.1378561,21.1609888,90.19,52.1378502,21.1610441,25,0.58,1.69,255,0.0,0.5033,-0.0017,0.0327,2.998,3.409,-0.15,-3.98,318.56,0.03,0.0,0.04,0.07,99695,1507,3,0.31,0.15,-0.05,0.07,49,27,-129,0,3.16,0.06,0.0067,0.031,21.91,20.52,12.84
450.022,flow_only,51.9,52.1378572,21.1609872,90.2,52.1378502,21.1610441,25,0.58,1.69,255,0.0,0.3356,0.0231,0.0714,3.002,3.416,-0.08,-3.68,318.7,0.03,0.0,0.02,0.07,99695,1507,3,0.31,0.15,-0.05,0.07,49,12,-42,0,3.15,0.07,0.02,0.0395,21.91,21.33,13.36
450.122,flow_only,52.0,52.1378585,21.1609854,90.21,52.1378525,21.1610411,25,0.58,1.631,255,0.0,0.8387,-0.0344,0.0085,2.996,3.421,-0.11,-3.42,318.89,0.03,0.0,0.04,0.07,99695,1507,3,0.31,0.15,-0.05,0.07,49,2,-94,0,3.17,0.08,0.0348,0.0719,20.68,22.6,14.78
450.222,flow_only,52.1,52.1378597,21.1609837,90.21,52.1378525,21.1610411,25,0.58,1.631,255,0.0,0.5032,0.0033,0.1387,2.99,3.427,-0.23,-3.01,319.15,0.03,0.0,0.0,0.06,99695,1507,3,0.31,0.15,-0.05,0.07,49,22,-36,0,3.17,0.08,0.0195,0.0457,22.44,21.94,14.38
450.322,flow_only,52.201,52.1378608,21.1609821,90.22,52.1378546,21.161038,25,0.58,1.622,255,0.0,0.5032,0.0188,0.023,2.97,3.431,-0.05,-2.48,319.41,0.03,0.0,0.0,0.06,99695,1507,3,0.31,0.14,-0.05,0.07,49,-32,212,0,3.17,0.09,0.0193,0.0444,23.79,24.96,16.75
450.422,flow_only,52.3,52.1378619,21.1609805,90.22,52.1378546,21.161038,25,0.58,1.622,255,0.0,0.8388,0.0541,0.0172,2.996,3.431,0.07,-2.48,319.67,0.03,0.0,0.03,0.07,99695,1507,3,0.31,0.14,-0.05,0.07,49,7,2,0,3.15,0.1,0.011,0.0256,23.99,25.16,16.29
450.522,flow_only,52.4,52.137863,21.1609791,90.22,52.1378567,21.161035,25,0.58,1.56,255,0.0,0.3355,0.034,0.0016,2.996,3.431,0.51,-2.4,319.87,0.03,0.0,0.01,0.06,99695,1507,3,0.31,0.14,-0.05,0.07,49,-86,-8,0,3.16,0.1,0.0133,0.0265,21.57,21.77,14.62
450.622,flow_only,52.501,52.1378642,21.1609776,90.21,52.1378567,21.161035,25,0.58,1.56,255,-0.1678,0.3356,-0.0847,-0.0356,2.984,3.43,0.19,-2.59,320.05,0.03,0.0,0.02,0.07,99695,1507,3,0.31,0.14,-0.05,0.07,49,87,-143,0,3.14,0.06,0.0193,0.0369,19.63,21.53,14.91
450.722,flow_only,52.6,52.1378653,21.160976,90.21,52.1378588,21.1610321,25,0.58,1.572,255,-0.1678,0.8391,-0.0484,0.0445,2.96,3.425,-0.26,-2.55,320.23,0.03,0.0,0.02,0.06,99695,1507,3,0.31,0.16,-0.05,0.07,49,125,-126,0,3.13,0.05,0.0164,0.0293,21.62,20.81,15.2
450.822,flow_only,52.701,52.1378661,21.1609747,90.21,52.1378588,21.1610321,25,0.58,1.572,255,0.0,0.3355,0.0078,-0.022,2.936,3.422,-0.31,-2.54,320.38,0.03,0.0,0.0,0.05,99695,1507,3,0.31,0.16,-0.05,0.07,49,35,-184,0,3.13,0.08,0.0322,0.0555,23.8,19.91,15.39
450.922,flow_only,52.801,52.1378671,21.1609732,90.21,52.137861,21.1610296,25,0.58,1.473,255,0.0,0.3356,0.0284,-0.0947,2.922,3.42,-0.25,-3.0,320.41,0.03,0.0,0.0,0.08,99695,1507,3,0.31,0.16,-0.05,0.07,49,12,-242,0,3.12,0.09,0.0202,0.036,23.89,20.83,15.5
451.022,flow_only,52.901,52.1378679,21.160972,90.21,52.137861,21.1610296,25,0.58,1.473,255,0.0,0.3355,-0.0247,-0.0722,2.912,3.421,-0.09,-3.39,320.32,0.03,0.0,0.01,0.07,99695,1507,3,0.31,0.16,-0.05,0.07,49,-39,-44,0,3.13,0.1,0.0275,0.05,23.11,20.2,16.07
451.122,flow_only,53.001,52.1378688,21.1609709,90.21,52.1378632,21.1610271,25,0.58,1.633,255,0.0,0.3356,-0.0518,-0.0995,2.926,3.425,-0.44,-4.01,320.15,0.03,0.0,0.02,0.06,99695,1507,3,0.32,0.17,-0.05,0.07,49,-74,163,0,3.13,0.12,0.0106,0.0233,22.79,21.58,16.19
451.222,flow_only,53.101,52.1378697,21.1609698,90.22,52.1378632,21.1610271,25,0.58,1.633,255,-0.1678,0.3355,-0.0428,-0.108,2.908,3.431,-0.59,-4.42,320.04,0.03,0.0,0.0,0.07,99695,1507,3,0.32,0.17,-0.05,0.07,49,58,-68,0,3.13,0.13,0.0129,0.026,23.28,23.39,17.15
451.322,flow_only,53.2,52.1378707,21.1609686,90.22,52.1378655,21.1610245,25,0.58,1.482,255,-0.1678,0.6711,-0.0413,-0.0447,2.916,3.438,-0.89,-4.86,320.02,0.03,0.0,0.0,0.08,99695,1507,3,0.32,0.17,-0.05,0.07,49,-69,-10,0,3.13,0.13,0.0108,0.0224,23.88,22.85,16.95
451.422,flow_only,53.3,52.1378717,21.1609674,90.23,52.1378655,21.1610245,25,0.58,1.482,255,0.0,0.3356,-0.0074,-0.0193,2.9,3.443,-0.87,-5.03,319.9,0.03,0.0,0.02,0.06,99695,1507,3,0.32,0.17,-0.05,0.07,49,27,-91,0,3.12,0.13,0.0113,0.019,22.32,24.85,17.67
451.522,flow_only,53.401,52.1378728,21.1609662,90.23,52.1378677,21.1610222,25,0.58,1.54,255,0.0,0.5035,0.0223,-0.0053,2.898,3.445,-0.9,-5.09,319.82,0.03,0.0,0.02,0.07,99695,1507,3,0.32,0.18,-0.05,0.07,49,48,63,0,3.11,0.12,0.0024,0.009,22.3,21.58,16.17
451.622,flow_only,53.5,52.1378738,21.160965,90.23,52.1378677,21.1610222,25,0.58,1.54,255,-0.1678,0.3356,-0.052,-0.0169,2.896,3.448,-1.05,-5.12,319.8,0.03,0.0,0.01,0.08,99695,1507,3,0.32,0.18,-0.05,0.07,49,-97,376,0,3.12,0.14,0.033,0.0571,22.46,23.19,16.0
451.722,flow_only,53.6,52.137875,21.1609637,90.24,52.13787,21.1610198,25,0.58,1.562,255,-0.1678,0.5033,-0.0082,0.0316,2.91,3.458,-1.14,-4.99,319.89,0.03,0.0,0.03,0.07,99695,1507,3,0.32,0.18,-0.05,0.07,49,77,-120,0,3.14,0.16,0.0131,0.0281,22.26,22.56,17.12
451.822,flow_only,53.701,52.1378761,21.1609623,90.26,52.13787,21.1610198,25,0.58,1.562,255,0.0,0.3355,-0.0301,0.0436,2.918,3.474,-1.22,-4.95,320.06,0.03,0.0,0.04,0.08,99695,1507,3,0.32,0.18,-0.05,0.07,49,21,-146,0,3.15,0.17,0.0158,0.0385,23.28,23.98,16.47
451.922,flow_only,53.801,52.1378772,21.1609608,90.28,52.1378722,21.161017,25,0.58,1.54,255,0.0,0.8391,0.0234,0.0585,2.912,3.492,-1.2,-4.51,320.19,0.03,0.0,0.0,0.08,99695,1507,3,0.32,0.17,-0.05,0.07,49,61,288,0,3.16,0.17,0.0236,0.0479,22.64,21.12,16.52
452.022,flow_only,53.901,52.1378784,21.1609591,90.29,52.1378722,21.161017,25,0.58,1.54,255,0.0,0.3356,0.035,0.0557,2.92,3.505,-1.32,-4.23,320.32,0.03,0.0,0.01,0.07,99695,1507,3,0.32,0.17,-0.05,0.07,49,30,478,0,3.16,0.16,0.0488,0.0896,22.7,23.71,16.57
452.122,flow_only,54.001,52.1378796,21.1609574,90.3,52.1378743,21.1610143,25,0.58,1.54,255,0.1678,0.5035,0.0723,0.0946,2.934,3.518,-0.84,-3.76,320.41,0.03,0.0,0.03,0.08,99695,1507,3,0.33,0.17,-0.05,0.07,49,-86,-58,0,3.18,0.17,0.0247,0.0517,20.59,20.8,15.71
452.222,flow_only,54.1,52.1378809,21.1609557,90.31,52.1378743,21.1610143,25,0.58,1.54,255,0.0,0.5034,0.0548,0.0667,2.932,3.53,-0.61,-3.49,320.57,0.03,0.0,0.0,0.08,99695,1507,3,0.33,0.17,-0.05,0.07,49,-38,-39,0,3.17,0.16,0.0399,0.0777,20.17,20.67,14.57
452.322,flow_only,54.2,52.1378822,21.1609538,90.33,52.1378765,21.1610116,25,0.58,1.544,255,0.0,0.5034,0.0104,0.1347,2.94,3.541,-0.4,-2.77,320.74,0.03,0.0,0.02,0.06,99695,1507,3,0.33,0.17,-0.05,0.07,49,-68,-141,0,3.19,0.17,0.0308,0.0641,20.92,23.05,15.48
452.422,flow_only,54.3,52.1378835,21.1609522,90.34,52.1378765,21.1610116,25,0.58,1.544,255,0.0,0.5034,-0.0045,0.0859,2.934,3.553,-0.48,-2.22,320.84,0.03,0.0,0.0,0.06,99695,1507,3,0.33,0.17,-0.05,0.07,49,9,416,0,3.19,0.17,0.0436,0.0857,23.67,23.85,18.29
452.522,flow_only,54.4,52.1378847,21.1609505,90.35,52.1378787,21.1610087,25,0.58,1.696,255,0.1678,0.5034,0.0494,0.0779,2.94,3.564,-0.23,-1.88,320.83,0.03,0.0,0.01,0.08,99695,1507,3,0.33,0.16,-0.05,0.07,49,102,-213,0,3.2,0.17,0.0056,0.0187,21.57,25.15,17.66
452.622,flow_only,54.5,52.1378857,21.1609489,90.36,52.1378787,21.1610087,25,0.58,1.696,255,0.0,0.3355,-0.0562,-0.0361,2.93,3.574,-0.37,-1.8,320.81,0.03,0.0,0.0,0.05,99695,1507,3,0.33,0.16,-0.05,0.07,49,16,-159,0,3.2,0.18,0.0237,0.0374,21.69,23.94,17.53
452.722,flow_only,54.601,52.1378867,21.1609475,90.37,52.137881,21.1610058,25,0.58,1.627,255,0.0,0.1678,0.0553,-0.0651,2.918,3.583,-0.31,-1.98,320.77,0.03,0.0,0.03,0.08,99695,1507,3,0.33,0.16,-0.05,0.07,49,-34,-104,0,3.22,0.2,0.0099,0.0231,20.92,23.29,16.88
452.822,flow_only,54.701,52.1378877,21.1609461,90.38,52.137881,21.1610058,25,0.58,1.627,255,0.1677,0.6709,0.044,-0.0656,2.93,3.592,0.06,-2.45,320.75,0.03,0.0,0.0,0.08,99695,1507,3,0.33,0.16,-0.05,0.07,49,-81,121,0,3.21,0.21,0.0106,0.0211,19.74,22.68,14.77
452.922,flow_only,54.801,52.1378887,21.1609448,90.38,52.137883,21.1610031,25,0.58,1.225,255,0.0,0.5033,0.0368,-0.0585,2.942,3.599,0.32,-2.76,320.65,0.03,0.0,0.0,0.07,99695,1507,3,0.33,0.16,-0.05,0.07,49,-51,-46,0,3.21,0.21,0.0178,0.0331,20.07,21.02,14.67
453.022,flow_only,54.901,52.1378897,21.1609435,90.39,52.137883,21.1610031,25,0.58,1.225,255,0.0,0.3356,0.0205,-0.0781,2.938,3.604,0.45,-3.26,320.59,0.03,0.0,0.02,0.07,99695,1507,3,0.33,0.16,-0.05,0.07,49,-37,-209,0,3.2,0.18,0.0099,0.0193,21.3,20.37,13.56
453.122,flow_only,55.001,52.1378906,21.1609421,90.39,52.1378848,21.1610007,25,0.58,1.343,255,0.0,0.3355,-0.0238,-0.0199,2.932,3.603,0.49,-3.31,320.56,0.03,0.0,0.03,0.04,99695,1507,3,0.33,0.15,-0.05,0.07,49,-48,-76,0,3.19,0.16,0.0144,0.0309,21.33,21.9,13.93
453.222,flow_only,55.1,52.1378915,21.1609408,90.38,52.1378848,21.1610007,25,0.58,1.343,255,0.0,0.5032,0.0049,-0.0308,2.936,3.597,0.37,-3.58,320.46,0.03,0.0,0.04,0.06,99695,1507,3,0.33,0.15,-0.05,0.07,49,43,284,0,3.17,0.16,0.0067,0.0275,22.95,21.53,14.57
453.322,flow_only,55.2,52.1378924,21.1609396,90.37,52.1378867,21.1609983,25,0.58,1.367,255,-0.1678,0.3355,-0.041,-0.0563,2.918,3.585,0.25,-3.71,320.39,0.03,0.0,0.06,0.04,99695,1507,3,0.33,0.16,-0.05,0.07,49,-10,231,0,3.14,0.12,0.0088,0.0424,22.27,22.5,15.91
453.422,flow_only,55.301,52.1378933,21.1609383,90.35,52.1378867,21.1609983,25,0.58,1.367,255,0.0,0.1678,0.0102,0.0129,2.9,3.569,0.19,-3.91,320.4,0.03,0.0,0.07,0.06,99695,1507,3,0.33,0.16,-0.05,0.07,49,13,-32,0,3.1,0.1,0.0222,0.0666,21.17,22.0,14.95
453.522,flow_only,55.4,52.1378941,21.1609372,90.34,52.1378888,21.1609959,25,0.58,1.411,255,0.0,0.6714,-0.0179,-0.0379,2.916,3.555,0.2,-3.83,320.36,0.03,0.0,0.01,0.05,99695,1507,3,0.33,0.16,-0.05,0.07,49,-17,-138,0,3.1,0.1,0.0478,0.0986,20.39,19.3,13.69
453.622,flow_only,55.5,52.1378949,21.1609361,90.33,52.1378888,21.1609959,25,0.58,1.411,255,0.0,0.3356,0.0262,-0.0677,2.92,3.544,0.14,-4.19,320.29,0.03,0.0,0.04,0.05,99695,1507,3,0.33,0.16,-0.05,0.07,49,25,-37,0,3.08,0.08,0.0181,0.0554,22.31,20.93,15.48
453.722,flow_only,55.6,52.1378957,21.1609349,90.32,52.1378908,21.1609934,25,0.58,1.381,255,0.0,0.3355,0.0077,-0.0681,2.936,3.536,0.51,-4.53,320.21,0.03,0.0,0.0,0.07,99695,1507,3,0.33,0.16,-0.05,0.07,49,69,-53,0,3.08,0.08,0.0211,0.0517,22.44,21.2,17.09
453.822,flow_only,55.701,52.1378966,21.1609337,90.32,52.1378908,21.1609934,25,0.58,1.381,255,0.0,0.1678,-0.0218,-0.0115,2.934,3.532,0.19,-4.88,320.22,0.03,0.0,0.02,0.06,99695,1507,3,0.33,0.16,-0.05,0.07,49,27,-36,0,3.08,0.08,0.0185,0.0459,22.87,20.8,16.52
453.922,flow_only,55.801,52.1378976,21.1609322,90.31,52.1378929,21.1609909,25,0.58,1.529,255,0.0,0.5033,0.0249,-0.0341,2.944,3.527,0.29,-4.88,320.24,0.03,0.0,0.04,0.06,99695,1507,3,0.33,0.16,-0.05,0.07,49,-164,27,0,3.07,0.05,0.0123,0.0343,22.06,20.28,15.19
454.022,flow_only,55.901,52.1378986,21.160931,90.31,52.1378929,21.1609909,25,0.58,1.529,255,0.0,0.5033,-0.0079,0.0708,2.98,3.524,0.26,-4.95,320.41,0.03,0.0,0.0,0.03,99695,1507,3,0.33,0.16,-0.05,0.07,49,-17,-71,0,3.07,0.04,0.0129,0.0327,19.18,18.38,12.66
454.122,flow_only,56.001,52.1378995,21.1609297,90.31,52.1378951,21.1609882,25,0.58,1.533,255,0.1678,1.0067,0.0649,0.0337,2.988,3.524,0.46,-4.45,320.62,0.03,0.0,0.0,0.06,99695,1507,3,0.33,0.16,-0.05,0.07,49,-3,258,0,3.08,0.04,0.0076,0.0171,20.47,20.28,12.73
454.222,flow_only,56.1,52.1379005,21.1609284,90.31,52.1378951,21.1609882,25,0.58,1.533,255,0.0,0.3354,-0.0142,-0.0102,2.994,3.528,0.69,-4.58,320.84,0.03,0.0,0.01,0.07,99695,1507,3,0.33,0.16,-0.05,0.07,49,83,-107,0,3.09,0.02,0.0094,0.0194,21.91,22.38,15.25
454.322,flow_only,56.201,52.1379015,21.160927,90.32,52.1378973,21.1609856,25,0.58,1.434,255,0.0,0.3355,0.0471,0.0451,3.002,3.535,0.74,-4.4,321.04,0.03,0.0,0.0,0.05,99695,1507,3,0.33,0.15,-0.05,0.07,49,10,11,0,3.11,0.02,0.0031,0.01,22.11,23.72,15.77
454.422,flow_only,56.3,52.1379026,21.1609256,90.32,52.1378973,21.1609856,25,0.58,1.434,255,0.0,0.8389,-0.0554,0.0051,2.982,3.54,0.63,-4.29,321.18,0.03,0.0,0.02,0.05,99695,1507,3,0.33,0.15,-0.05,0.07,49,-16,-20,0,3.1,0.02,0.0071,0.0126,22.17,23.35,15.19
454.522,flow_only,56.4,52.1379036,21.1609243,90.33,52.1378993,21.160983,25,0.58,1.425,255,0.0,0.3355,-0.0478,0.0019,2.968,3.542,0.41,-4.2,321.18,0.03,0.0,0.0,0.05,99695,1507,3,0.33,0.16,-0.05,0.07,49,12,-174,0,3.11,0.04,0.0228,0.0422,21.01,18.6,13.63
454.622,flow_only,56.5,52.1379046,21.1609231,90.33,52.1378993,21.160983,25,0.58,1.425,255,0.0,0.3356,0.0297,0.0226,2.998,3.545,0.39,-4.3,321.19,0.03,0.0,0.0,0.06,99695,1507,3,0.33,0.16,-0.05,0.07,49,8,242,0,3.12,0.06,0.0068,0.0146,21.98,20.71,14.44
454.722,flow_only,56.601,52.1379055,21.1609217,90.33,52.1379016,21.1609805,25,0.58,1.46,255,0.0,0.6711,-0.0923,-0.0686,2.992,3.548,0.11,-4.41,321.16,0.03,0.0,0.01,0.04,99695,1507,3,0.33,0.12,-0.05,0.07,49,45,347,0,3.13,0.06,0.0141,0.0267,22.29,23.97,17.0
454.822,flow_only,56.701,52.1379066,21.1609203,90.34,52.1379016,21.1609805,25,0.58,1.46,255,0.0,0.8388,0.0483,0.0305,2.976,3.553,-0.04,-4.44,321.19,0.03,0.0,0.0,0.06,99695,1507,3,0.33,0.12,-0.05,0.07,49,-130,-137,0,3.13,0.05,0.0272,0.0525,21.57,24.88,15.52
454.923,flow_only,56.801,52.1379076,21.1609193,90.35,52.137904,21.1609778,24,0.6,1.546,255,0.0,0.3356,-0.0225,-0.0169,3.006,3.562,0.12,-4.43,321.14,0.03,0.0,0.03,0.09,99695,1507,3,0.32,0.11,-0.05,0.07,49,-17,-142,0,3.15,0.07,0.0483,0.0932,19.96,21.57,13.26
455.023,flow_only,56.901,52.1379086,21.1609183,90.36,52.137904,21.1609778,24,0.6,1.546,255,0.0,0.3354,-0.0099,-0.024,3.016,3.574,-0.05,-4.48,321.09,0.03,0.0,0.03,0.07,99695,1507,3,0.32,0.11,-0.05,0.07,49,-133,-128,0,3.16,0.06,0.0337,0.0704,22.24,22.2,15.95
455.122,flow_only,57.001,52.1379097,21.1609172,90.37,52.1379064,21.1609751,24,0.6,1.588,255,0.0,0.6711,-0.0361,-0.1019,3.006,3.584,-0.17,-4.95,321.03,0.03,0.0,0.0,0.07,99695,1507,3,0.32,0.1,-0.05,0.07,49,16,411,0,3.17,0.08,0.023,0.0477,25.97,23.53,18.52
455.222,flow_only,57.101,52.1379109,21.1609158,90.38,52.1379064,21.1609751,24,0.6,1.588,255,0.0,0.3356,-0.1084,0.0495,3.018,3.59,-0.48,-4.91,321.0,0.03,0.0,0.01,0.09,99695,1507,3,0.32,0.1,-0.05,0.07,49,23,-99,0,3.16,0.06,0.0058,0.018,23.46,23.89,16.13
455.322,flow_only,57.201,52.1379118,21.1609146,90.38,52.1379088,21.1609723,25,0.58,1.612,255,0.0,0.3356,-0.0179,0.0261,3.005,3.596,-0.85,-4.77,321.04,0.03,0.0,0.0,0.06,99695,1507,3,0.31,0.1,-0.05,0.07,49,111,-167,0,3.16,0.06,0.0256,0.0471,21.72,21.96,15.34
455.422,flow_only,57.301,52.1379128,21.1609131,90.39,52.1379088,21.1609723,25,0.58,1.612,255,0.0,0.6712,0.0321,-0.0419,3.01,3.605,-0.74,-4.78,321.2,0.03,0.0,0.03,0.07,99695,1507,3,0.31,0.1,-0.05,0.07,49,-209,-5,0,3.18,0.08,0.0092,0.0276,23.4,23.45,18.52
455.522,flow_only,57.401,52.1379138,21.1609118,90.4,52.1379111,21.1609695,25,0.58,1.612,255,0.0,0.671,0.0288,-0.037,3.008,3.619,-0.57,-5.04,321.43,0.03,0.0,0.04,0.06,99695,1507,3,0.31,0.1,-0.05,0.07,49,-65,-90,0,3.2,0.11,0.012,0.0353,23.7,24.46,19.65
455.622,flow_only,57.501,52.1379148,21.1609104,90.42,52.1379111,21.1609695,25,0.58,1.612,255,0.0,0.3356,-0.0031,-0.0077,3.022,3.634,-0.47,-5.1,321.49,0.03,0.0,0.02,0.08,99695,1507,3,0.31,0.1,-0.05,0.07,49,119,383,0,3.21,0.12,0.0227,0.0509,21.39,25.63,18.56
455.722,flow_only,57.601,52.1379159,21.1609088,90.44,52.1379134,21.1609667,25,0.58,1.577,255,0.0,0.3355,0.0347,-0.0282,3.018,3.654,-0.4,-5.16,321.49,0.03,0.0,0.07,0.06,99695,1507,3,0.31,0.1,-0.05,0.07,49,-20,366,0,3.24,0.11,0.0368,0.0813,20.64,22.66,16.77
455.822,flow_only,57.701,52.137917,21.1609071,90.46,52.1379134,21.1609667,25,0.58,1.577,255,0.3355,0.6711,0.1243,-0.0012,3.02,3.672,0.31,-5.32,321.44,0.03,0.0,0.03,0.06,99695,1507,3,0.31,0.1,-0.05,0.07,49,-2,219,0,3.26,0.15,0.0354,0.0792,21.63,23.35,17.99
455.923,flow_only,57.801,52.1379183,21.1609055,90.48,52.1379157,21.1609638,25,0.58,1.626,255,0.0,0.8387,0.0134,0.066,3.032,3.693,0.43,-5.19,321.32,0.03,0.0,0.08,0.07,99695,1507,3,0.3,0.1,-0.05,0.07,49,138,-155,0,3.28,0.18,0.0168,0.061,23.16,22.18,18.61
456.023,flow_only,57.901,52.1379194,21.1609039,90.5,52.1379157,21.1609638,25,0.58,1.626,255,0.0,0.5033,-0.0736,0.0842,3.034,3.711,0.2,-4.58,321.11,0.03,0.0,0.02,0.07,99695,1507,3,0.3,0.1,-0.05,0.07,49,38,-101,0,3.29,0.18,0.0115,0.0434,27.09,22.6,19.06
456.122,flow_only,58.001,52.1379205,21.1609024,90.51,52.1379179,21.1609609,25,0.58,1.605,255,0.0,0.3355,0.0308,0.03,3.026,3.727,0.09,-4.35,320.82,0.03,0.0,0.03,0.07,99695,1507,3,0.3,0.1,-0.05,0.07,49,63,318,0,3.29,0.18,0.0219,0.0574,27.93,24.41,19.41
456.222,flow_only,58.101,52.1379215,21.1609009,90.52,52.1379179,21.1609609,25,0.58,1.605,255,0.0,0.3355,0.0342,0.0338,2.994,3.736,0.19,-4.31,320.62,0.03,0.0,0.0,0.07,99695,1507,3,0.3,0.1,-0.05,0.07,49,-36,-137,0,3.29,0.17,0.0107,0.028,26.42,25.55,20.09
456.322,flow_only,58.201,52.1379224,21.1608996,90.52,52.1379201,21.1609581,25,0.58,1.456,255,0.0,0.3356,-0.1008,0.0107,2.978,3.735,0.03,-3.99,320.44,0.03,0.0,0.04,0.07,99695,1507,3,0.29,0.1,-0.05,0.07,49,-19,-56,0,3.25,0.18,0.0204,0.0368,27.56,25.52,20.15
456.422,flow_only,58.301,52.1379235,21.1608981,90.52,52.1379201,21.1609581,25,0.58,1.456,255,0.0,0.3356,-0.0228,-0.0839,2.98,3.735,-0.31,-4.32,320.3,0.03,0.0,0.03,0.06,99695,1507,3,0.29,0.1,-0.05,0.07,49,92,-104,0,3.26,0.18,0.0095,0.0182,26.26,27.11,19.04
456.522,flow_only,58.401,52.1379246,21.1608966,90.52,52.1379223,21.1609552,25,0.58,1.54,255,0.0,0.6711,0.0432,-0.0136,2.958,3.738,-0.09,-4.68,320.12,0.03,0.0,0.02,0.06,99695,1507,3,0.29,0.1,-0.05,0.07,49,-26,-45,0,3.25,0.19,0.0148,0.029,25.3,24.97,17.75
456.622,flow_only,58.501,52.1379256,21.1608953,90.52,52.1379223,21.1609552,25,0.58,1.54,255,0.0,0.5031,-0.0032,0.0307,2.93,3.739,-0.1,-4.63,319.94,0.03,0.0,0.01,0.06,99695,1507,3,0.29,0.1,-0.05,0.07,49,11,-122,0,3.24,0.19,0.0193,0.0355,23.88,26.01,17.33
456.722,flow_only,58.601,52.1379266,21.160894,90.53,52.1379246,21.1609523,25,0.58,1.518,255,0.0,0.5035,0.0087,-0.0787,2.872,3.744,-0.15,-4.7,319.87,0.03,0.0,0.02,0.04,99695,1507,3,0.28,0.1,-0.05,0.07,49,23,534,0,3.24,0.23,0.0328,0.0612,27.34,24.65,20.29
456.822,flow_only,58.701,52.1379278,21.1608924,90.54,52.1379246,21.1609523,25,0.58,1.518,255,0.0,0.6711,0.0393,-0.0879,2.878,3.751,0.05,-5.25,319.88,0.03,0.0,0.01,0.07,99695,1507,3,0.28,0.1,-0.05,0.07,49,-35,118,0,3.23,0.25,0.04,0.0764,23.09,26.04,17.75
456.922,flow_only,58.801,52.1379289,21.1608907,90.55,52.1379267,21.1609494,25,0.58,1.49,255,0.1678,0.8388,0.0116,0.0965,2.884,3.765,0.05,-5.26,320.04,0.03,0.0,0.05,0.05,99695,1507,3,0.28,0.09,-0.05,0.07,49,12,-103,0,3.25,0.3,0.0179,0.0406,23.81,27.29,17.87
457.023,flow_only,58.901,52.1379299,21.1608892,90.57,52.1379267,21.1609494,25,0.58,1.49,255,0.0,0.5033,-0.0232,0.0043,2.884,3.785,0.02,-4.84,320.27,0.03,0.0,0.05,0.07,99695,1507,3,0.28,0.09,-0.05,0.07,49,-8,135,0,3.28,0.3,0.0068,0.0284,31.25,27.32,21.61
457.123,flow_only,59.001,52.137931,21.1608877,90.59,52.1379289,21.1609466,25,0.58,1.5,255,0.1678,0.3357,0.0421,0.0187,2.894,3.809,0.23,-4.85,320.45,0.03,0.0,0.04,0.08,99695,1507,3,0.28,0.09,-0.05,0.07,49,-67,40,0,3.29,0.33,0.0361,0.0755,29.76,29.31,21.52
457.222,flow_only,59.101,52.1379323,21.1608859,90.62,52.1379289,21.1609466,25,0.58,1.5,255,0.1678,0.5033,0.0094,0.0079,2.867,3.832,0.29,-4.92,320.52,0.03,0.0,0.02,0.05,99695,1507,3,0.28,0.09,-0.05,0.07,49,-20,384,0,3.3,0.33,0.0517,0.1037,26.67,28.68,20.61
457.322,flow_only,59.201,52.1379335,21.1608843,90.64,52.1379312,21.1609438,25,0.58,1.504,255,0.1678,0.3356,-0.0114,0.0264,2.876,3.854,0.3,-4.95,320.57,0.03,0.0,0.02,0.06,99695,1507,3,0.27,0.09,-0.05,0.07,49,-25,54,0,3.31,0.34,0.0314,0.0662,25.72,25.87,18.96
457.422,flow_only,59.301,52.1379346,21.1608828,90.66,52.1379312,21.1609438,25,0.58,1.504,255,0.0,0.5033,-0.0323,0.0571,2.904,3.873,0.22,-4.55,320.62,0.03,0.0,0.01,0.05,99695,1507,3,0.27,0.09,-0.05,0.07,49,-2,0,0,3.31,0.36,0.0113,0.0286,26.27,24.22,18.51
457.522,flow_only,59.401,52.1379358,21.1608812,90.67,52.1379334,21.160941,25,0.58,1.465,255,0.0,0.3356,-0.0598,0.0189,2.872,3.89,-0.11,-4.42,320.57,0.03,0.0,0.01,0.06,99695,1507,3,0.27,0.09,-0.05,0.07,49,30,-148,0,3.32,0.35,0.0132,0.0306,27.52,26.02,19.47
457.622,flow_only,59.501,52.137937,21.1608797,90.69,52.1379334,21.160941,25,0.58,1.465,255,0.1678,0.6711,0.036,0.0036,2.852,3.905,0.08,-4.39,320.47,0.03,0.0,0.02,0.06,99695,1507,3,0.27,0.09,-0.05,0.07,49,-39,-144,0,3.32,0.35,0.0206,0.0443,28.68,28.31,21.77
457.722,flow_only,59.601,52.1379381,21.1608783,90.7,52.1379354,21.1609383,25,0.58,1.344,255,0.0,0.5033,-0.005,0.0365,2.86,3.916,0.15,-4.2,320.36,0.03,0.0,0.02,0.07,99695,1507,3,0.27,0.08,-0.05,0.07,49,-41,195,0,3.3,0.37,0.0215,0.0451,28.11,27.6,20.78
457.822,flow_only,59.701,52.1379393,21.1608768,90.71,52.1379354,21.1609383,25,0.58,1.344,255,0.0,0.3356,-0.0517,0.0223,2.86,3.925,-0.1,-4.11,320.33,0.03,0.0,0.0,0.07,99695,1507,3,0.27,0.08,-0.05,0.07,49,55,221,0,3.3,0.37,0.0303,0.062,25.6,27.25,19.77
457.922,flow_only,59.801,52.1379404,21.1608753,90.72,52.1379372,21.1609356,25,0.58,1.296,255,0.0,0.5032,-0.0523,-0.0447,2.834,3.933,-0.38,-4.28,320.3,0.03,0.0,0.01,0.07,99695,1507,3,0.26,0.08,-0.05,0.07,49,37,-53,0,3.29,0.35,0.0082,0.0229,29.25,25.98,20.28
458.022,flow_only,59.901,52.1379414,21.1608739,90.72,52.1379372,21.1609356,25,0.58,1.296,255,0.0,0.3354,0.0299,0.0085,2.842,3.938,-0.34,-4.35,320.23,0.03,0.0,0.0,0.07,99695,1507,3,0.26,0.08,-0.05,0.07,49,2,-71,0,3.3,0.35,0.0101,0.0249,29.21,28.95,21.99
458.123,flow_only,60.001,52.1379423,21.1608724,90.72,52.1379389,21.160933,25,0.58,1.279,255,0.0,0.1678,0.031,-0.0327,2.862,3.94,-0.16,-4.51,320.25,0.03,0.0,0.03,0.06,99695,1507,3,0.26,0.08,-0.05,0.07,49,-58,-215,0,3.27,0.35,0.0142,0.0382,24.47,25.35,18.24
458.223,flow_only,60.101,52.1379433,21.1608708,90.72,52.1379389,21.160933,25,0.58,1.279,255,0.0,0.1678,0.0491,-0.0888,2.836,3.935,0.1,-4.83,320.31,0.03,0.0,0.07,0.05,99695,1507,3,0.26,0.08,-0.05,0.07,49,100,-34,0,3.24,0.35,0.0315,0.0759,25.46,24.62,17.46
458.322,flow_only,60.201,52.1379441,21.1608692,90.71,52.1379406,21.1609304,25,0.58,1.236,255,0.0,0.503,0.0235,0.033,2.84,3.929,0.25,-5.03,320.3,0.03,0.0,0.02,0.06,99695,1507,3,0.26,0.09,-0.05,0.07,49,108,1,0,3.23,0.31,0.0291,0.0711,28.35,25.23,19.06
458.422,flow_only,60.301,52.1379449,21.1608679,90.71,52.1379406,21.1609304,25,0.58,1.236,255,0.0,0.3354,0.0105,0.0058,2.798,3.922,0.3,-4.95,320.26,0.03,0.0,0.04,0.05,99695,1507,3,0.26,0.09,-0.05,0.07,49,-24,-113,0,3.21,0.3,0.0301,0.0741,28.14,25.2,20.15
458.522,flow_only,60.401,52.1379456,21.1608668,90.7,52.1379423,21.160928,25,0.58,1.148,255,0.0,0.3356,0.0058,-0.0602,2.82,3.918,0.43,-4.99,320.16,0.03,0.0,0.02,0.05,99695,1507,3,0.26,0.09,-0.05,0.07,49,-34,-86,0,3.2,0.31,0.0431,0.0946,25.66,23.95,17.91
458.622,flow_only,60.501,52.1379464,21.1608656,90.7,52.1379423,21.160928,25,0.58,1.148,255,0.0,0.1678,-0.0038,-0.1161,2.8,3.912,0.26,-5.53,320.1,0.03,0.0,0.06,0.06,99695,1507,3,0.26,0.09,-0.05,0.07,49,38,-153,0,3.18,0.29,0.0274,0.0755,29.27,27.04,20.43
458.722,flow_only,60.601,52.1379473,21.1608643,90.7,52.1379439,21.1609257,25,0.58,1.186,255,0.3355,0.3355,0.0179,-0.0819,2.822,3.913,0.47,-6.08,320.06,0.03,0.0,0.02,0.06,99695,1507,3,0.26,0.09,-0.05,0.07,49,-56,-139,0,3.18,0.3,0.0079,0.034,24.05,26.89,17.49
458.822,flow_only,60.701,52.1379482,21.160863,90.71,52.1379439,21.1609257,25,0.58,1.186,255,0.0,0.3355,-0.0138,-0.001,2.816,3.922,0.47,-6.32,320.15,0.03,0.0,0.01,0.08,99695,1507,3,0.26,0.09,-0.05,0.07,49,-27,-10,0,3.2,0.3,0.0091,0.0265,24.69,25.97,17.65
458.922,flow_only,60.801,52.1379492,21.1608618,90.72,52.1379456,21.1609234,25,0.58,1.191,255,0.0,0.3356,0.0296,-0.0547,2.845,3.932,0.62,-6.51,320.3,0.03,0.0,0.02,0.07,99695,1507,3,0.26,0.09,-0.05,0.07,49,-33,293,0,3.19,0.3,0.013,0.0282,27.64,25.13,20.14
459.022,flow_only,60.901,52.1379502,21.1608605,90.73,52.1379456,21.1609234,25,0.58,1.191,255,0.0,0.5033,-0.0558,-0.0251,2.852,3.945,0.34,-6.84,320.48,0.03,0.0,0.02,0.06,99695,1507,3,0.26,0.09,-0.05,0.07,49,57,160,0,3.21,0.32,0.0167,0.0294,26.96,24.72,19.98
459.123,flow_only,61.001,52.1379513,21.1608592,90.74,52.1379473,21.160921,25,0.58,1.313,255,0.1678,0.6713,0.0731,0.0055,2.832,3.952,0.49,-6.77,320.7,0.03,0.0,0.04,0.07,99695,1507,3,0.25,0.08,-0.05,0.07,49,-18,-130,0,3.2,0.28,0.0154,0.0381,27.99,25.71,21.55
459.223,flow_only,61.101,52.1379523,21.1608581,90.73,52.1379473,21.160921,25,0.58,1.313,255,0.0,0.3355,-0.0502,0.0668,2.844,3.949,0.58,-6.44,320.86,0.03,0.0,0.09,0.06,99695,1507,3,0.25,0.08,-0.05,0.07,49,174,-176,0,3.18,0.28,0.0355,0.0823,26.31,24.5,19.72
459.322,flow_only,61.201,52.1379533,21.1608568,90.72,52.1379491,21.1609185,25,0.58,1.28,255,-0.1678,0.5034,-0.1454,0.0868,2.878,3.94,-0.05,-5.95,320.79,0.03,0.0,0.06,0.05,99695,1507,3,0.25,0.08,-0.05,0.07,49,97,335,0,3.15,0.23,0.0134,0.0535,26.85,25.98,20.81
459.422,flow_only,61.301,52.1379542,21.1608553,90.72,52.1379491,21.1609185,25,0.58,1.28,255,-0.1678,0.8389,-0.1036,0.005,2.87,3.931,-0.84,-5.89,320.5,0.03,0.0,0.04,0.05,99695,1507,3,0.25,0.08,-0.05,0.07,49,12,323,0,3.14,0.23,0.0196,0.0571,23.62,22.25,17.6
459.522,flow_only,61.401,52.1379551,21.1608538,90.7,52.1379511,21.160916,25,0.58,1.399,255,0.0,0.3355,0.0277,0.0542,2.88,3.92,-1.06,-5.7,320.2,0.03,0.0,0.07,0.08,99695,1507,3,0.25,0.08,-0.05,0.07,49,66,-164,0,3.11,0.17,0.0309,0.0798,23.97,22.83,15.74
459.622,flow_only,61.501,52.137956,21.1608526,90.7,52.1379511,21.160916,25,0.58,1.399,255,0.0,0.3355,0.124,0.0473,2.878,3.913,-0.45,-5.31,320.16,0.03,0.0,0.01,0.05,99695,1507,3,0.25,0.08,-0.05,0.07,49,-92,-209,0,3.12,0.17,0.0428,0.0948,24.63,24.7,17.25
459.722,flow_only,61.601,52.1379568,21.1608515,90.69,52.1379532,21.1609134,25,0.58,1.423,255,0.1677,0.3354,0.0638,-0.0222,2.87,3.908,0.15,-5.27,320.24,0.03,0.0,0.02,0.08,99695,1507,3,0.25,0.09,-0.05,0.07,49,-102,-163,0,3.12,0.16,0.0456,0.0991,24.85,25.9,20.02
459.822,flow_only,61.701,52.1379577,21.1608503,90.69,52.1379532,21.1609134,25,0.58,1.423,255,0.0,0.6709,0.0018,-0.0846,2.872,3.91,0.14,-5.61,320.29,0.03,0.0,0.0,0.08,99695,1507,3,0.25,0.09,-0.05,0.07,49,22,-103,0,3.13,0.17,0.0252,0.0573,26.48,25.62,20.0
459.922,flow_only,61.801,52.1379586,21.1608488,90.7,52.1379553,21.1609107,25,0.58,1.417,255,0.0,0.3354,0.0484,-0.0934,2.872,3.913,0.44,-6.15,320.29,0.03,0.0,0.02,0.08,99695,1507,3,0.25,0.08,-0.05,0.07,49,89,-70,0,3.13,0.18,0.0075,0.022,25.47,26.95,20.23
460.022,flow_only,61.901,52.1379596,21.1608474,90.7,52.1379553,21.1609107,25,0.58,1.417,255,0.0,0.5033,0.0335,0.0328,2.892,3.918,0.65,-6.23,320.36,0.03,0.0,0.0,0.07,99695,1507,3,0.25,0.08,-0.05,0.07,49,104,-130,0,3.14,0.19,0.0193,0.0409,24.61,28.38,20.15
460.122,flow_only,62.001,52.1379605,21.1608461,90.7,52.1379573,21.160908,25,0.58,1.47,255,0.1678,0.5033,0.1458,0.0599,2.868,3.914,1.16,-5.94,320.54,0.03,0.0,0.1,0.06,99695,1507,3,0.25,0.07,-0.05,0.07,49,-91,138,0,3.1,0.14,0.0172,0.0489,24.11,26.43,18.3
460.223,flow_only,62.101,52.1379615,21.1608448,90.69,52.1379573,21.160908,25,0.58,1.47,255,0.3355,0.6711,0.005,-0.0109,2.906,3.908,1.45,-5.93,320.75,0.03,0.0,0.04,0.07,99695,1507,3,0.25,0.07,-0.05,0.07,49,-52,198,0,3.1,0.14,0.0147,0.0437,26.41,25.19,19.89
460.323,flow_only,62.201,52.1379625,21.1608436,90.69,52.1379594,21.160905,25,0.58,1.464,255,0.0,0.3355,-0.0883,-0.0196,2.902,3.902,1.17,-5.97,320.92,0.03,0.0,0.05,0.06,99695,1507,3,0.25,0.07,-0.05,0.07,49,50,-160,0,3.09,0.1,0.0341,0.0765,25.28,25.98,19.62
460.422,flow_only,62.301,52.1379634,21.1608424,90.68,52.1379594,21.160905,25,0.58,1.464,255,0.0,0.3355,-0.1072,-0.0063,2.928,3.899,0.74,-6.15,320.9,0.03,0.0,0.0,0.06,99695,1507,3,0.25,0.07,-0.05,0.07,49,58,-117,0,3.1,0.1,0.0316,0.0675,25.76,27.29,18.39
460.522,flow_only,62.401,52.1379643,21.1608413,90.68,52.1379615,21.160902,25,0.58,1.542,255,0.0,0.5033,0.0592,0.072,2.906,3.898,0.72,-5.69,320.98,0.03,0.0,0.04,0.05,99695,1507,3,0.24,0.08,-0.05,0.07,49,-257,138,0,3.09,0.09,0.023,0.054,25.62,24.81,17.72
460.622,flow_only,62.501,52.1379654,21.1608402,90.69,52.1379615,21.160902,25,0.58,1.542,255,0.0,0.5033,-0.0738,-0.1709,2.918,3.901,0.52,-6.34,321.0,0.03,0.0,0.0,0.07,99695,1507,3,0.24,0.08,-0.05,0.07,49,0,374,0,3.1,0.1,0.0131,0.0298,25.55,27.86,19.56
460.722,flow_only,62.601,52.1379665,21.1608388,90.7,52.1379637,21.1608991,25,0.58,1.509,255,0.0,0.3357,-0.0724,-0.0314,2.92,3.91,0.05,-6.89,321.03,0.03,0.0,0.02,0.05,99695,1507,3,0.24,0.08,-0.05,0.07,49,109,326,0,3.12,0.13,0.0274,0.051,27.0,29.28,20.13
460.822,flow_only,62.701,52.1379677,21.1608373,90.71,52.1379637,21.1608991,25,0.58,1.509,255,0.0,0.3357,-0.056,0.0257,2.928,3.924,-0.36,-6.79,321.0,0.03,0.0,0.03,0.06,99695,1507,3,0.24,0.08,-0.05,0.07,49,-85,-184,0,3.15,0.13,0.006,0.0256,26.42,26.8,19.11
460.922,flow_only,62.801,52.1379687,21.1608358,90.73,52.1379659,21.1608961,25,0.58,1.577,255,0.1678,0.8388,-0.0132,0.0643,2.934,3.941,-0.37,-6.39,320.9,0.03,0.0,0.01,0.08,99695,1507,3,0.24,0.08,-0.05,0.07,49,-1,-83,0,3.16,0.16,0.0109,0.0325,29.49,27.45,21.49
461.022,flow_only,62.901,52.1379698,21.1608342,90.74,52.1379659,21.1608961,25,0.58,1.577,255,0.0,0.8388,0.0005,0.0043,2.94,3.959,-0.48,-6.19,320.86,0.03,0.0,0.02,0.07,99695,1507,3,0.24,0.08,-0.05,0.07,49,26,-211,0,3.18,0.17,0.0192,0.0469,28.87,28.44,22.95
461.122,flow_only,63.001,52.1379709,21.1608325,90.76,52.137968,21.160893,25,0.58,1.521,255,0.1678,0.5033,0.0745,0.0307,2.914,3.977,-0.17,-6.22,320.87,0.03,0.0,0.0,0.05,99695,1507,3,0.24,0.08,-0.05,0.07,49,-65,-153,0,3.19,0.18,0.0118,0.0378,27.95,28.64,21.87
461.222,flow_only,63.101,52.1379719,21.1608311,90.77,52.137968,21.160893,25,0.58,1.521,255,0.0,0.5033,-0.0023,0.0674,2.918,3.987,-0.02,-5.93,320.86,0.03,0.0,0.04,0.07,99695,1507,3,0.24,0.08,-0.05,0.07,49,-21,-202,0,3.18,0.17,0.025,0.0467,27.27,28.1,19.19
461.323,flow_only,63.201,52.1379729,21.1608298,90.78,52.1379701,21.16089,25,0.58,1.557,255,0.1678,0.8388,0.0379,0.0142,2.916,3.999,0.04,-5.67,320.86,0.03,0.0,0.04,0.09,99695,1507,3,0.24,0.08,-0.05,0.07,49,-3,321,0,3.2,0.21,0.0091,0.0319,25.85,26.99,18.81
461.423,flow_only,63.301,52.137974,21.1608284,90.8,52.1379701,21.16089,25,0.58,1.557,255,0.1678,0.3356,0.0558,-0.096,2.934,4.014,0.49,-5.95,320.77,0.03,0.0,0.03,0.09,99695,1507,3,0.24,0.08,-0.05,0.07,49,95,232,0,3.22,0.22,0.0145,0.0426,25.45,26.73,20.35
461.522,flow_only,63.401,52.1379752,21.1608268,90.82,52.1379723,21.160887,25,0.58,1.577,255,0.0,0.3357,-0.0217,-0.0277,2.934,4.032,0.54,-6.16,320.63,0.03,0.0,0.03,0.04,99695,1507,3,0.24,0.08,-0.05,0.07,49,-43,-92,0,3.23,0.22,0.0094,0.0414,24.42,25.9,18.3
461.622,flow_only,63.501,52.1379763,21.1608254,90.83,52.1379723,21.160887,25,0.58,1.577,255,0.1678,0.8388,-0.0043,0.0275,2.93,4.045,0.5,-5.99,320.56,0.03,0.0,0.02,0.07,99695,1507,3,0.24,0.08,-0.05,0.07,49,13,331,0,3.23,0.22,0.0187,0.0427,24.87,26.48,18.56
461.722,flow_only,63.601,52.1379775,21.1608238,90.83,52.1379746,21.1608839,25,0.58,1.632,255,0.1678,0.839,-0.0683,0.0461,2.932,4.05,0.36,-5.77,320.49,0.03,0.0,0.04,0.04,99695,1507,3,0.24,0.09,-0.05,0.07,49,-2,315,0,3.21,0.2,0.0241,0.048,27.51,26.41,20.39
461.822,flow_only,63.701,52.1379786,21.1608222,90.83,52.1379746,21.1608839,25,0.58,1.632,255,0.0,0.5034,0.0327,0.0627,2.91,4.049,0.27,-5.66,320.31,0.03,0.0,0.03,0.08,99695,1507,3,0.24,0.09,-0.05,0.07,49,69,12,0,3.19,0.18,0.0141,0.0295,26.36,27.78,20.29
461.922,flow_only,63.801,52.1379797,21.1608208,90.83,52.1379768,21.1608808,25,0.58,1.535,255,0.1677,0.5031,0.0545,0.0433,2.888,4.044,0.53,-5.47,320.15,0.03,0.0,0.03,0.08,99695,1507,3,0.24,0.09,-0.05,0.07,49,-19,-38,0,3.17,0.19,0.0098,0.0211,26.71,28.52,19.69
462.022,flow_only,63.901,52.1379807,21.1608194,90.82,52.1379768,21.1608808,25,0.58,1.535,255,0.1678,0.8388,-0.0281,-0.0027,2.908,4.04,0.54,-5.36,320.0,0.03,0.0,0.0,0.06,99695,1507,3,0.24,0.09,-0.05,0.07,49,-5,-197,0,3.17,0.19,0.0146,0.0269,25.44,28.8,20.36
462.122,flow_only,64.001,52.1379818,21.1608177,90.83,52.1379789,21.1608777,25,0.58,1.549,255,0.0,0.3355,-0.0112,-0.0253,2.908,4.041,0.33,-5.49,319.92,0.03,0.0,0.01,0.05,99695,1507,3,0.24,0.08,-0.05,0.07,49,53,-138,0,3.18,0.19,0.0215,0.0428,28.13,25.93,19.27
462.222,flow_only,64.101,52.1379828,21.1608161,90.83,52.1379789,21.1608777,25,0.58,1.549,255,0.0,0.3355,-0.0435,0.0085,2.906,4.042,0.18,-5.51,319.93,0.03,0.0,0.03,0.05,99695,1507,3,0.24,0.08,-0.05,0.07,49,6,365,0,3.16,0.18,0.028,0.0577,27.03,27.18,19.61
462.323,flow_only,64.201,52.1379839,21.1608144,90.82,52.137981,21.1608747,25,0.58,1.48,255,0.0,0.8388,-0.0034,0.0141,2.894,4.04,0.17,-5.37,319.9,0.03,0.0,0.04,0.05,99695,1507,3,0.24,0.08,-0.05,0.07,49,8,128,0,3.14,0.16,0.0286,0.0605,28.24,26.07,20.05
462.423,flow_only,64.301,52.137985,21.1608128,90.82,52.137981,21.1608747,25,0.58,1.48,255,0.0,0.3355,0.0205,0.0527,2.892,4.034,0.23,-5.17,319.91,0.03,0.0,0.04,0.06,99695,1507,3,0.24,0.08,-0.05,0.07,49,-9,-50,0,3.13,0.14,0.0098,0.0279,28.1,25.6,19.55
462.523,flow_only,64.401,52.137986,21.1608113,90.81,52.1379831,21.1608718,25,0.58,1.498,255,0.0,0.3355,-0.0487,0.0194,2.886,4.027,0.15,-4.86,319.85,0.03,0.0,0.03,0.07,99695,1507,3,0.24,0.08,-0.05,0.07,49,36,-57,0,3.12,0.14,0.024,0.0503,24.43,25.9,18.33
462.622,flow_only,64.501,52.137987,21.1608096,90.81,52.1379831,21.1608718,25,0.58,1.498,255,-0.1678,0.6711,-0.0113,-0.0147,2.9,4.023,-0.06,-4.88,319.75,0.03,0.0,0.01,0.07,99695,1507,3,0.24,0.08,-0.05,0.07,49,68,331,0,3.12,0.14,0.0238,0.0525,28.12,25.95,19.34
462.722,flow_only,64.601,52.137988,21.160808,90.8,52.1379852,21.1608689,25,0.58,1.499,255,0.0,0.6712,0.071,-0.0202,2.878,4.018,0.24,-4.98,319.69,0.03,0.0,0.03,0.04,99695,1507,3,0.23,0.08,-0.05,0.07,49,-22,180,0,3.1,0.13,0.0181,0.0421,25.25,26.31,17.82
462.822,flow_only,64.701,52.1379891,21.1608064,90.8,52.1379852,21.1608689,25,0.58,1.499,255,0.0,0.5033,0.0627,0.0242,2.878,4.013,0.61,-4.91,319.77,0.03,0.0,0.04,0.05,99695,1507,3,0.23,0.08,-0.05,0.07,49,-69,-167,0,3.09,0.12,0.0064,0.0205,26.56,26.83,17.34
462.922,flow_only,64.801,52.13799,21.1608052,90.79,52.1379873,21.160866,25,0.58,1.471,255,0.0,0.5033,0.0321,0.0311,2.856,4.005,0.89,-4.64,319.85,0.03,0.0,0.05,0.06,99695,1507,3,0.23,0.08,-0.05,0.07,49,-53,-208,0,3.07,0.12,0.0341,0.0702,25.92,25.48,19.99
463.022,flow_only,64.901,52.137991,21.1608039,90.77,52.1379873,21.160866,25,0.58,1.471,255,0.0,0.3355,-0.0072,-0.0142,2.88,3.989,0.87,-4.61,319.86,0.03,0.0,0.1,0.03,99695,1507,3,0.23,0.08,-0.05,0.07,49,31,-203,0,3.04,0.09,0.0219,0.0612,25.58,25.85,18.77
463.122,flow_only,65.001,52.1379919,21.1608027,90.76,52.1379894,21.1608633,25,0.58,1.491,255,0.0,0.3354,-0.0181,-0.055,2.864,3.972,0.71,-4.85,319.79,0.03,0.0,0.05,0.06,99695,1507,3,0.23,0.08,-0.05,0.07,49,48,-121,0,3.02,0.09,0.0345,0.0802,25.0,26.55,19.27
463.222,flow_only,65.101,52.1379928,21.1608016,90.74,52.1379894,21.1608633,25,0.58,1.491,255,-0.1678,0.3356,-0.0219,-0.0498,2.884,3.955,0.54,-5.14,319.7,0.03,0.0,0.07,0.03,99695,1507,3,0.23,0.08,-0.05,0.07,49,81,233,0,3.0,0.04,0.017,0.0553,23.26,23.56,16.92
463.322,flow_only,65.201,52.1379937,21.1608005,90.72,52.1379915,21.1608605,25,0.58,1.496,255,0.0,0.8386,-0.0189,-0.0588,2.884,3.939,0.3,-5.51,319.65,0.03,0.0,0.06,0.02,99695,1507,3,0.23,0.08,-0.05,0.07,49,-73,-249,0,2.98,0.02,0.0388,0.09,27.51,26.75,18.29
463.423,flow_only,65.301,52.1379946,21.1607995,90.71,52.1379915,21.1608605,25,0.58,1.496,255,0.0,0.3355,-0.0042,-0.082,2.896,3.926,0.23,-5.87,319.66,0.03,0.0,0.04,0.03,99695,1507,3,0.23,0.08,-0.05,0.07,49,56,-79,0,2.98,0.0,0.0393,0.0879,26.01,25.69,18.32
463.523,flow_only,65.401,52.1379955,21.1607984,90.7,52.1379935,21.1608577,25,0.58,1.521,255,0.0,0.3355,-0.0368,-0.0603,2.882,3.912,0.13,-6.3,319.73,0.03,0.0,0.06,0.08,99695,1507,3,0.23,0.08,-0.05,0.07,49,-99,-100,0,2.96,-0.01,0.0172,0.053,24.88,23.86,16.69
463.622,flow_only,65.501,52.1379965,21.1607973,90.69,52.1379935,21.1608577,25,0.58,1.521,255,0.0,0.6709,-0.0396,-0.0224,2.906,3.9,-0.21,-6.54,319.79,0.03,0.0,0.05,0.05,99695,1507,3,0.23,0.08,-0.05,0.07,49,98,43,0,2.95,-0.02,0.0071,0.0353,25.34,25.72,17.9
463.722,flow_only,65.601,52.1379975,21.1607962,90.67,52.1379957,21.1608549,25,0.58,1.529,255,0.0,0.3356,-0.0223,-0.0112,2.9,3.887,-0.37,-6.63,319.85,0.03,0.0,0.07,0.03,99695,1507,3,0.23,0.08,-0.05,0.07,49,-80,-164,0,2.94,-0.04,0.0263,0.0669,25.2,26.61,18.81
463.822,flow_only,65.701,52.1379986,21.160795,90.66,52.1379957,21.1608549,25,0.58,1.529,255,0.0,0.5033,-0.0525,-0.0055,2.91,3.875,-0.56,-6.65,319.9,0.03,0.0,0.05,0.05,99695,1507,3,0.23,0.08,-0.05,0.07,49,68,-190,0,2.93,-0.05,0.0079,0.0352,24.39,21.61,16.8
463.922,flow_only,65.801,52.1379997,21.1607934,90.65,52.1379978,21.1608521,25,0.58,1.477,255,0.0,0.8385,-0.0371,0.043,2.916,3.866,-0.81,-6.54,319.94,0.03,0.0,0.03,0.06,99695,1507,3,0.23,0.08,-0.05,0.07,49,92,-23,0,2.93,-0.05,0.0204,0.0411,25.52,26.2,17.8
464.022,flow_only,65.901,52.1380008,21.1607919,90.64,52.1379978,21.1608521,25,0.58,1.477,255,0.0,0.5033,-0.0094,0.1473,2.936,3.859,-0.85,-5.92,319.87,0.03,0.0,0.04,0.07,99695,1507,3,0.23,0.08,-0.05,0.07,49,-133,219,0,2.93,-0.06,0.0157,0.0327,30.81,25.61,18.43
464.122,flow_only,66.001,52.1380019,21.1607906,90.64,52.1379999,21.1608492,25,0.58,1.592,255,0.0,0.5032,0.0417,0.1554,2.938,3.855,-0.61,-5.02,319.79,0.03,0.0,0.02,0.07,99695,1507,3,0.23,0.08,-0.05,0.07,49,-14,-211,0,2.94,-0.07,0.0175,0.0342,29.53,23.75,19.93
464.222,flow_only,66.101,52.1380028,21.1607894,90.63,52.1379999,21.1608492,25,0.58,1.592,255,0.0,1.0066,0.0145,0.143,2.972,3.846,-0.44,-4.03,319.71,0.03,0.0,0.08,0.08,99695,1507,3,0.23,0.08,-0.05,0.07,49,152,-224,0,2.92,-0.07,0.0444,0.0855,26.48,26.51,19.92
464.322,flow_only,66.201,52.1380037,21.1607881,90.62,52.1380022,21.1608462,25,0.58,1.634,255,0.0,0.6709,-0.0331,0.1213,2.957,3.834,-0.5,-3.2,319.71,0.03,0.0,0.06,0.06,99695,1507,3,0.23,0.08,-0.05,0.07,49,172,-217,0,2.91,-0.12,0.0297,0.06,23.56,23.2,17.41
464.422,flow_only,66.301,52.1380045,21.1607866,90.61,52.1380022,21.1608462,25,0.58,1.634,255,0.0,0.5033,0.063,0.1656,2.954,3.821,-0.42,-2.29,319.69,0.03,0.0,0.05,0.06,99695,1507,3,0.23,0.08,-0.05,0.07,49,-1,-218,0,2.9,-0.13,0.0245,0.0513,22.8,24.71,16.35
464.523,flow_only,66.401,52.1380054,21.1607854,90.59,52.1380044,21.1608431,25,0.58,1.569,255,0.1677,1.1741,0.0782,0.1155,2.96,3.808,0.01,-1.52,319.68,0.03,0.0,0.04,0.08,99695,1507,3,0.23,0.08,-0.05,0.07,49,97,516,0,2.91,-0.15,0.0216,0.0413,22.82,22.01,15.07
464.623,flow_only,66.501,52.1380062,21.1607839,90.58,52.1380044,21.1608431,25,0.58,1.569,255,0.0,0.5031,0.0106,0.1155,2.938,3.796,0.19,-0.83,319.61,0.03,0.0,0.04,0.03,99695,1507,3,0.23,0.08,-0.05,0.07,49,129,373,0,2.9,-0.14,0.0339,0.068,24.55,23.38,16.25
464.722,flow_only,66.601,52.1380071,21.1607823,90.57,52.1380065,21.1608402,25,0.58,1.532,255,0.0,0.5033,0.0455,0.1571,2.95,3.783,0.38,-0.06,319.55,0.03,0.0,0.06,0.04,99695,1507,3,0.23,0.08,-0.05,0.07,49,-18,-129,0,2.89,-0.13,0.0154,0.0363,22.63,22.88,16.47
464.822,flow_only,66.701,52.1380078,21.1607811,90.55,52.1380065,21.1608402,25,0.58,1.532,255,0.0,0.3355,0.0787,0.2063,2.944,3.767,0.82,1.09,319.63,0.03,0.0,0.05,0.04,99695,1507,3,0.23,0.08,-0.05,0.07,49,-69,-159,0,2.87,-0.15,0.0136,0.0292,25.06,23.26,15.96
464.922,flow_only,66.801,52.1380085,21.1607804,90.54,52.1380084,21.1608374,25,0.58,1.326,255,0.1677,0.8387,0.0138,0.1348,2.97,3.753,1.06,2.06,319.79,0.03,0.0,0.03,0.05,99695,1507,3,0.23,0.12,-0.05,0.07,49,-42,212,0,2.87,-0.16,0.0176,0.0347,23.7,24.46,16.38
465.022,flow_only,66.901,52.1380092,21.1607796,90.53,52.1380084,21.1608374,25,0.58,1.326,255,0.0,0.3355,0.0016,0.0787,2.982,3.741,1.13,2.56,320.04,0.03,0.0,0.03,0.05,99695,1507,3,0.23,0.12,-0.05,0.07,49,5,171,0,2.87,-0.18,0.0145,0.0259,22.38,20.4,15.72
465.122,flow_only,67.001,52.1380098,21.1607789,90.52,52.13801,21.1608349,25,0.58,1.127,255,0.0,0.3356,-0.09,0.071,3.0,3.731,0.85,3.0,320.24,0.03,0.0,0.02,0.01,99695,1507,3,0.23,0.11,-0.05,0.07,49,44,-103,0,2.87,-0.18,0.0149,0.0285,22.32,21.69,15.94
465.222,flow_only,67.101,52.1380102,21.1607784,90.51,52.13801,21.1608349,25,0.58,1.127,255,-0.1677,0.6708,-0.0729,0.0329,3.014,3.721,0.34,3.32,320.37,0.03,0.0,0.03,0.03,99695,1507,3,0.23,0.11,-0.05,0.07,49,-62,-57,0,2.87,-0.2,0.0172,0.0328,25.27,22.4,17.28
465.322,flow_only,67.201,52.1380108,21.1607779,90.5,52.1380115,21.1608331,25,0.58,0.971,255,0.0,0.3355,-0.0893,-0.0497,3.02,3.71,-0.04,3.18,320.5,0.03,0.0,0.05,0.02,99695,1507,3,0.23,0.11,-0.05,0.07,49,-86,-104,0,2.86,-0.22,0.0196,0.0373,22.99,21.52,16.89
465.422,flow_only,67.301,52.1380112,21.1607775,90.48,52.1380115,21.1608331,25,0.58,0.971,255,0.0,0.1677,-0.0577,-0.075,3.036,3.694,-0.4,2.8,320.6,0.03,0.0,0.07,0.05,99695,1507,3,0.23,0.11,-0.05,0.07,49,-72,-198,0,2.84,-0.24,0.0118,0.0256,21.5,20.91,16.94
465.523,flow_only,67.401,52.1380116,21.1607774,90.46,52.1380128,21.1608318,25,0.58,0.761,255,-0.1677,0.0,-0.0661,-0.0722,3.038,3.677,-0.72,2.42,320.62,0.03,0.0,0.04,0.05,99695,1507,3,0.23,0.11,-0.05,0.07,49,-80,34,0,2.84,-0.27,0.0227,0.0453,20.51,20.1,15.4
465.623,flow_only,67.501,52.1380119,21.1607773,90.44,52.1380128,21.1608318,25,0.58,0.761,255,0.0,0.0,-0.0056,-0.1149,3.042,3.657,-0.82,1.88,320.61,0.03,0.0,0.07,0.05,99695,1507,3,0.23,0.11,-0.05,0.07,49,-134,90,0,2.82,-0.27,0.0245,0.0471,19.09,17.92,13.49
465.723,flow_only,67.601,52.1380122,21.1607772,90.42,52.1380137,21.1608308,25,0.58,0.565,255,0.0,0.0,-0.0472,-0.1519,3.042,3.638,-0.97,1.08,320.55,0.03,0.0,0.03,0.06,99695,1507,3,0.23,0.11,-0.05,0.07,49,55,15,0,2.82,-0.3,0.0143,0.0285,19.18,17.61,12.69
465.822,flow_only,67.701,52.1380124,21.1607771,90.4,52.1380137,21.1608308,25,0.58,0.565,255,0.0,0.0,-0.04,-0.1061,3.056,3.616,-1.21,0.35,320.5,0.03,0.0,0.08,0.04,99695,1507,3,0.23,0.11,-0.05,0.07,49,-95,27,0,2.79,-0.3,0.0186,0.0382,18.37,18.03,13.17
465.922,flow_only,67.801,52.1380126,21.160777,90.38,52.1380144,21.16083,25,0.58,0.408,255,0.0,0.0,-0.0186,-0.1114,3.057,3.592,-1.2,-0.22,320.45,0.03,0.0,0.09,0.06,99695,1507,3,0.22,0.11,-0.05,0.07,49,32,19,0,2.76,-0.34,0.019,0.0444,17.91,17.9,13.87
466.022,flow_only,67.901,52.1380128,21.160777,90.35,52.1380144,21.16083,25,0.58,0.408,255,0.0,0.0,-0.0248,-0.0917,3.055,3.564,-1.32,-0.76,320.44,0.03,0.0,0.07,0.07,99695,1507,3,0.22,0.11,-0.05,0.07,49,38,39,0,2.74,-0.4,0.0174,0.0434,19.72,17.63,13.68
466.122,flow_only,68.001,52.1380129,21.160777,90.32,52.1380147,21.1608295,25,0.58,0.16,255,0.0,0.0,-0.0089,-0.0788,3.072,3.536,-1.38,-1.19,320.46,0.03,0.0,0.07,0.06,99695,1507,3,0.22,0.09,-0.05,0.07,49,-143,27,0,2.72,-0.43,0.0146,0.0394,19.17,18.0,14.25
466.222,flow_only,68.101,52.138013,21.160777,90.29,52.1380147,21.1608295,25,0.58,0.16,255,0.0,-0.1678,-0.0049,-0.0976,3.07,3.506,-1.38,-1.64,320.5,0.03,0.0,0.08,0.05,99695,1507,3,0.22,0.09,-0.05,0.07,49,-2,7,0,2.7,-0.46,0.0137,0.0413,16.87,16.26,12.22
466.322,flow_only,68.201,52.138013,21.160777,90.26,52.1380148,21.1608292,25,0.58,0.227,255,0.0,0.0,0.0095,-0.0786,3.084,3.476,-1.37,-2.1,320.48,0.03,0.0,0.06,0.06,99695,1507,3,0.22,0.09,-0.05,0.07,49,11,50,0,2.69,-0.47,0.009,0.0339,17.69,16.83,12.29
466.422,flow_only,68.301,52.1380131,21.1607769,90.23,52.1380148,21.1608292,25,0.58,0.227,255,0.0,0.0,0.0394,-0.0544,3.088,3.447,-1.24,-2.51,320.4,0.03,0.0,0.07,0.07,99695,1507,3,0.22,0.09,-0.05,0.07,49,-13,54,0,2.67,-0.49,0.0154,0.0402,18.27,18.96,13.19
466.522,flow_only,68.401,52.1380131,21.1607768,90.2,52.1380149,21.1608286,25,0.58,0.226,255,0.0,0.0,0.0353,-0.0205,3.104,3.42,-0.99,-2.73,320.29,0.03,0.0,0.04,0.03,99695,1507,3,0.22,0.08,-0.05,0.07,49,114,18,0,2.67,-0.52,0.0162,0.0371,16.76,17.42,12.83
466.623,flow_only,68.501,52.1380132,21.1607767,90.18,52.1380149,21.1608286,25,0.58,0.226,255,0.0,0.0,0.0129,0.0251,3.118,3.396,-0.87,-2.81,320.15,0.03,0.0,0.04,0.1,99695,1507,3,0.22,0.08,-0.05,0.07,49,146,170,0,2.66,-0.53,0.0281,0.0595,18.44,17.58,12.6
466.723,flow_only,68.601,52.1380132,21.1607764,90.16,52.138015,21.1608281,25,0.58,0.197,255,0.0,0.1678,-0.0176,0.0701,3.122,3.372,-1.03,-2.56,320.1,0.03,0.0,0.04,0.06,99695,1507,3,0.22,0.09,-0.05,0.07,49,-10,108,0,2.65,-0.52,0.0272,0.0584,18.45,19.41,12.99
466.822,flow_only,68.701,52.1380133,21.160776,90.14,52.138015,21.1608281,25,0.58,0.197,255,0.0,0.1678,0.0098,0.0898,3.132,3.351,-0.98,-2.09,320.06,0.03,0.0,0.03,0.09,99695,1507,3,0.22,0.09,-0.05,0.07,49,-28,44,0,2.65,-0.56,0.0174,0.0424,17.79,16.57,12.27
466.922,flow_only,68.801,52.1380134,21.1607757,90.12,52.1380151,21.1608275,25,0.58,0.245,255,0.3355,0.0,0.0724,0.0918,3.144,3.333,-0.62,-1.55,320.02,0.03,0.0,0.02,0.1,99695,1507,3,0.22,0.07,-0.05,0.07,49,-56,204,0,2.66,-0.56,0.031,0.0639,17.58,16.98,12.64
467.022,flow_only,68.901,52.1380135,21.1607754,90.1,52.1380151,21.1608275,25,0.58,0.245,255,0.0,0.1678,0.0871,0.0784,3.144,3.315,-0.14,-1.1,319.96,0.03,0.0,0.06,0.06,99695,1507,3,0.22,0.07,-0.05,0.07,49,-93,-137,0,2.64,-0.58,0.0143,0.0325,20.46,18.64,12.12
467.122,flow_only,69.001,52.1380135,21.1607751,90.08,52.1380151,21.1608269,25,0.58,0.174,255,0.1678,0.0,0.0287,0.0459,3.152,3.296,0.05,-0.8,319.89,0.03,0.0,0.02,0.05,99695,1507,3,0.22,0.09,-0.05,0.07,49,99,88,0,2.66,-0.57,0.0115,0.0327,18.68,18.42,13.53
467.222,flow_only,69.101,52.1380135,21.1607749,90.07,52.1380151,21.1608269,25,0.58,0.174,255,0.0,0.0,-0.0177,-0.0194,3.164,3.281,-0.02,-0.84,319.85,0.03,0.0,0.0,0.05,99695,1507,3,0.22,0.09,-0.05,0.07,49,165,-21,0,2.67,-0.57,0.0179,0.047,21.13,19.07,14.87
467.322,flow_only,69.201,52.1380134,21.1607746,90.05,52.1380151,21.1608264,25,0.58,0.217,255,0.0,0.0,-0.0249,-0.0006,3.182,3.269,-0.21,-0.93,319.81,0.03,0.0,0.0,0.03,99695,1507,3,0.22,0.07,-0.05,0.07,49,4,26,0,2.68,-0.57,0.0145,0.0443,21.5,19.47,13.87
467.422,flow_only,69.301,52.1380134,21.1607744,90.04,52.1380151,21.1608264,25,0.58,0.217,255,0.0,0.1678,0.0884,-0.0224,3.174,3.255,0.13,-0.91,319.79,0.03,0.0,0.04,0.04,99695,1507,3,0.22,0.07,-0.05,0.07,49,-70,151,0,2.67,-0.59,0.0198,0.0437,18.39,19.36,14.19
467.522,flow_only,69.401,52.1380134,21.1607742,90.02,52.138015,21.1608259,25,0.58,0.102,255,0.1678,0.0,0.0464,-0.0103,3.196,3.238,0.45,-1.0,319.79,0.03,0.0,0.04,0.04,99695,1507,3,0.22,0.1,-0.05,0.07,49,88,13,0,2.67,-0.59,0.0266,0.0527,19.55,19.63,14.92
467.622,flow_only,69.501,52.1380135,21.160774,90.0,52.138015,21.1608259,25,0.58,0.102,255,0.0,0.0,0.0232,0.0236,3.18,3.218,0.5,-1.0,319.79,0.03,0.0,0.03,0.04,99695,1507,3,0.22,0.1,-0.05,0.07,49,-19,10,0,2.66,-0.61,0.0204,0.0437,21.02,17.67,13.9
467.723,flow_only,69.601,52.1380134,21.1607739,89.98,52.1380149,21.1608257,25,0.58,0.073,255,0.0,0.0,-0.0169,-0.0212,3.205,3.198,0.42,-1.06,319.79,0.03,0.0,0.02,0.04,99695,1507,3,0.22,0.1,-0.05,0.07,49,12,43,0,2.67,-0.61,0.0155,0.0359,18.58,17.19,12.77
467.823,flow_only,69.701,52.1380134,21.1607738,89.96,52.1380149,21.1608257,25,0.58,0.073,255,0.1677,0.0,0.0093,0.0048,3.202,3.178,0.48,-1.06,319.85,0.03,0.0,0.01,0.04,99695,1507,3,0.22,0.1,-0.05,0.07,49,-14,26,0,2.66,-0.61,0.0121,0.0339,18.82,18.31,11.87
467.922,flow_only,69.801,52.1380134,21.1607738,89.94,52.1380147,21.1608257,25,0.58,0.08,255,0.0,0.0,-0.0345,-0.0066,3.21,3.157,0.31,-0.99,320.04,0.03,0.0,0.04,0.04,99695,1507,3,0.22,0.11,-0.05,0.07,49,-3,0,0,2.66,-0.63,0.0085,0.0233,19.61,18.56,12.42
468.022,flow_only,69.901,52.1380134,21.1607737,89.92,52.1380147,21.1608257,25,0.58,0.08,255,0.0,-0.1678,-0.0457,-0.0388,3.218,3.134,0.05,-1.11,320.32,0.03,0.0,0.03,0.03,99695,1507,3,0.22,0.11,-0.05,0.07,49,36,36,0,2.63,-0.63,0.0092,0.0236,22.36,17.91,13.34
468.122,flow_only,70.001,52.1380133,21.1607737,89.9,52.1380145,21.1608257,25,0.58,0.203,255,0.0,0.0,-0.0102,-0.0426,3.218,3.112,-0.01,-1.25,320.57,0.03,0.0,0.01,0.04,99695,1507,3,0.22,0.11,-0.05,0.07,49,23,-116,0,2.64,-0.66,0.007,0.0228,20.17,18.15,14.16
468.222,flow_only,70.101,52.1380132,21.1607738,89.88,52.1380145,21.1608257,25,0.58,0.203,255,0.0,-0.1677,0.0132,-0.061,3.228,3.09,-0.07,-1.54,320.82,0.03,0.0,0.04,0.04,99695,1507,3,0.22,0.11,-0.05,0.07,49,38,-73,0,2.62,-0.68,0.0058,0.0158,17.81,17.25,12.81
468.322,flow_only,70.201,52.1380131,21.1607738,89.85,52.1380142,21.160826,25,0.58,0.192,255,0.0,0.0,0.0346,-0.0198,3.236,3.069,0.21,-1.67,320.96,0.03,0.0,0.0,0.06,99695,1507,3,0.22,0.11,-0.05,0.07,49,118,-91,0,2.63,-0.69,0.0128,0.0301,17.37,17.15,12.32
468.422,flow_only,70.301,52.1380129,21.1607738,89.83,52.1380142,21.160826,25,0.58,0.192,255,0.0,0.0,0.0395,-0.0231,3.25,3.049,0.35,-1.78,320.99,0.03,0.0,0.0,0.05,99695,1507,3,0.22,0.11,-0.05,0.07,49,-20,71,0,2.63,-0.69,0.0158,0.0392,18.54,15.62,12.02
468.522,flow_only,70.401,52.1380128,21.1607738,89.82,52.1380139,21.1608263,25,0.58,0.165,255,0.0,-0.1678,0.0819,-0.0255,3.248,3.031,0.7,-2.02,320.86,0.03,0.0,0.01,0.06,99695,1507,3,0.21,0.08,-0.05,0.07,49,-43,-64,0,2.62,-0.7,0.0063,0.0271,16.8,16.78,11.19
468.622,flow_only,70.501,52.1380127,21.1607739,89.8,52.1380139,21.1608263,25,0.58,0.165,255,0.1677,-0.1677,0.0174,-0.0221,3.244,3.011,0.93,-2.16,320.61,0.03,0.0,0.02,0.05,99695,1507,3,0.21,0.08,-0.05,0.07,49,-19,97,0,2.61,-0.73,0.0081,0.0239,16.9,16.72,11.94
468.723,flow_only,70.601,52.1380126,21.1607741,89.78,52.1380137,21.1608266,25,0.58,0.201,255,0.0,0.0,-0.0342,-0.015,3.234,2.992,0.81,-2.27,320.3,0.03,0.0,0.0,0.04,99695,1507,3,0.21,0.09,-0.05,0.07,49,47,88,0,2.61,-0.72,0.0154,0.0376,16.9,16.36,11.34
468.823,flow_only,70.701,52.1380126,21.1607742,89.76,52.1380137,21.1608266,25,0.58,0.201,255,-0.1677,0.0,-0.0644,-0.0209,3.222,2.974,0.47,-2.38,319.93,0.03,0.0,0.01,0.03,99695,1507,3,0.21,0.09,-0.05,0.07,49,102,-83,0,2.6,-0.73,0.0124,0.0312,16.3,16.77,12.05
468.923,flow_only,70.801,52.1380125,21.1607743,89.74,52.1380134,21.1608271,25,0.58,0.247,255,0.0,-0.1678,-0.0723,-0.0065,3.226,2.955,0.04,-2.45,319.53,0.03,0.0,0.01,0.04,99695,1507,3,0.21,0.09,-0.05,0.07,49,85,82,0,2.59,-0.72,0.0126,0.0312,18.96,18.51,11.87
469.022,flow_only,70.901,52.1380124,21.1607744,89.72,52.1380134,21.1608271,25,0.58,0.247,255,-0.1677,0.0,0.0002,-0.008,3.246,2.936,-0.11,-2.48,319.28,0.03,0.0,0.0,0.06,99695,1507,3,0.21,0.09,-0.05,0.07,49,69,-112,0,2.59,-0.73,0.0109,0.0321,18.8,18.21,13.1
469.122,flow_only,71.001,52.1380124,21.1607744,89.71,52.1380131,21.1608276,25,0.58,0.245,255,0.0,0.0,0.0185,-0.0223,3.248,2.923,0.0,-2.52,319.25,0.03,0.0,0.05,0.06,99695,1507,3,0.21,0.09,-0.05,0.07,49,-14,58,0,2.62,-0.72,0.0119,0.0507,20.19,18.63,12.08
469.222,flow_only,71.101,52.1380123,21.1607746,89.7,52.1380131,21.1608276,25,0.58,0.245,255,0.0,-0.1677,0.0343,0.0022,3.248,2.915,0.17,-2.54,319.36,0.03,0.0,0.0,0.05,99695,1507,3,0.21,0.09,-0.05,0.07,49,-2,-113,0,2.62,-0.72,0.0153,0.0502,18.4,16.34,11.3
469.322,flow_only,71.201,52.1380122,21.1607747,89.69,52.1380129,21.160828,25,0.58,0.19,255,0.0,0.0,0.0002,-0.0334,3.252,2.905,0.27,-2.56,319.54,0.03,0.0,0.0,0.06,99695,1507,3,0.21,0.1,-0.05,0.07,49,156,-128,0,2.63,-0.7,0.0206,0.0532,18.16,18.27,11.77
469.422,flow_only,71.301,52.138012,21.1607748,89.68,52.1380129,21.160828,25,0.58,0.19,255,0.0,-0.1678,0.0156,-0.0441,3.247,2.892,0.33,-2.79,319.69,0.03,0.0,0.03,0.04,99695,1507,3,0.21,0.1,-0.05,0.07,49,12,-79,0,2.61,-0.72,0.0151,0.0366,18.77,17.62,11.42
469.522,flow_only,71.401,52.1380119,21.160775,89.66,52.1380126,21.1608286,25,0.58,0.243,255,0.0,-0.1678,0.0038,-0.024,3.24,2.877,0.4,-2.91,319.88,0.03,0.0,0.0,0.03,99695,1507,3,0.21,0.09,-0.05,0.07,49,3,74,0,2.61,-0.73,0.0109,0.0352,16.1,17.54,11.03
469.622,flow_only,71.501,52.1380118,21.1607752,89.65,52.1380126,21.1608286,25,0.58,0.243,255,0.0,-0.1678,-0.007,-0.0438,3.236,2.863,0.4,-3.06,320.0,0.03,0.0,0.01,0.04,99695,1507,3,0.21,0.09,-0.05,0.07,49,19,-84,0,2.61,-0.72,0.0205,0.047,18.58,19.77,11.79
469.722,flow_only,71.601,52.1380116,21.1607754,89.64,52.1380123,21.1608291,25,0.58,0.228,255,0.0,0.0,-0.0133,-0.0155,3.222,2.851,0.39,-3.17,320.1,0.03,0.0,0.01,0.02,99695,1507,3,0.21,0.07,-0.05,0.07,49,20,60,0,2.62,-0.7,0.0166,0.0442,16.05,19.09,11.65
469.823,flow_only,71.701,52.1380115,21.1607756,89.62,52.1380123,21.1608291,25,0.58,0.228,255,0.0,0.0,-0.0117,-0.0054,3.234,2.839,0.41,-3.24,320.14,0.03,0.0,0.01,0.05,99695,1507,3,0.21,0.07,-0.05,0.07,49,24,52,0,2.62,-0.7,0.0098,0.0403,17.68,15.18,11.82
469.923,flow_only,71.801,52.1380115,21.1607756,89.61,52.1380121,21.1608296,25,0.58,0.2,255,0.0,0.0,-0.0149,-0.0225,3.24,2.828,0.36,-3.22,320.14,0.03,0.0,0.01,0.03,99695,1507,3,0.21,0.06,-0.05,0.07,49,38,34,0,2.63,-0.69,0.0091,0.0401,16.15,16.4,10.71
470.022,flow_only,71.901,52.1380114,21.1607758,89.6,52.1380121,21.1608296,25,0.58,0.2,255,0.0,-0.1678,0.0161,-0.0503,3.25,2.818,0.43,-3.43,320.07,0.03,0.0,0.02,0.03,99695,1507,3,0.21,0.06,-0.05,0.07,49,-140,61,0,2.64,-0.68,0.0109,0.045,16.27,16.65,11.28
470.122,flow_only,72.001,52.1380114,21.1607759,89.6,52.138012,21.1608302,25,0.58,0.16,255,-0.1677,0.0,-0.0442,0.0179,3.254,2.813,0.35,-3.42,320.01,0.03,0.0,0.05,0.04,99695,1507,3,0.21,0.05,-0.05,0.07,49,18,37,0,2.66,-0.68,0.0118,0.0567,18.11,18.34,11.41
470.222,flow_only,72.101,52.1380115,21.1607759,89.59,52.138012,21.1608302,25,0.58,0.16,255,0.0,0.0,-0.0237,0.0396,3.256,2.808,0.19,-3.22,319.99,0.03,0.0,0.0,0.04,99695,1507,3,0.21,0.05,-0.05,0.07,49,83,-23,0,2.65,-0.68,0.0107,0.0449,17.95,17.11,11.11
470.322,flow_only,72.201,52.1380115,21.160776,89.59,52.138012,21.1608307,25,0.58,0.147,255,0.0,0.1677,0.0043,0.0466,3.266,2.802,0.13,-2.91,319.96,0.03,0.0,0.02,0.06,99695,1507,3,0.21,0.05,-0.05,0.07,49,-94,-44,0,2.66,-0.69,0.0143,0.0493,16.88,16.58,11.23
470.422,flow_only,72.301,52.1380116,21.1607762,89.58,52.138012,21.1608307,25,0.58,0.147,255,0.0,0.0,-0.0135,0.0067,3.264,2.795,0.2,-2.83,319.84,0.03,0.0,0.0,0.07,99695,1507,3,0.21,0.05,-0.05,0.07,49,28,-13,0,2.65,-0.69,0.0108,0.0398,17.08,16.7,11.63
470.522,flow_only,72.401,52.1380116,21.1607764,89.57,52.138012,21.1608312,25,0.58,0.134,255,-0.1678,0.0,-0.0261,-0.0026,3.272,2.789,-0.03,-2.85,319.71,0.03,0.0,0.04,0.05,99695,1507,3,0.21,0.07,-0.05,0.07,49,-60,6,0,2.67,-0.68,0.0199,0.0553,20.07,18.51,12.89
470.622,flow_only,72.501,52.1380118,21.1607766,89.57,52.138012,21.1608312,25,0.58,0.134,255,0.0,0.0,-0.0612,0.0212,3.268,2.784,-0.28,-2.72,319.6,0.03,0.0,0.03,0.06,99695,1507,3,0.21,0.07,-0.05,0.07,49,-77,-27,0,2.68,-0.66,0.027,0.066,19.99,17.11,12.61
470.722,flow_only,72.601,52.1380119,21.1607768,89.57,52.1380121,21.1608316,25,0.58,0.147,255,0.0,-0.1677,-0.0617,-0.0394,3.266,2.78,-0.69,-2.84,319.52,0.03,0.0,0.04,0.05,99695,1507,3,0.21,0.08,-0.05,0.07,49,-29,21,0,2.69,-0.66,0.0164,0.0572,19.33,18.35,12.64
470.822,flow_only,72.701,52.138012,21.160777,89.56,52.1380121,21.1608316,25,0.58,0.147,255,-0.1678,0.0,-0.0268,0.0394,3.27,2.778,-0.95,-2.86,319.48,0.03,0.0,0.05,0.05,99695,1507,3,0.21,0.08,-0.05,0.07,49,101,-177,0,2.7,-0.66,0.0184,0.0614,20.1,19.27,12.24
470.923,flow_only,72.801,52.1380121,21.1607772,89.56,52.1380123,21.160832,25,0.58,0.108,255,0.0,0.0,-0.0143,0.0466,3.266,2.773,-0.99,-2.62,319.49,0.03,0.0,0.0,0.06,99695,1507,3,0.21,0.05,-0.05,0.07,49,-134,111,0,2.7,-0.66,0.0238,0.0587,19.31,17.45,11.79
471.023,flow_only,72.901,52.1380122,21.1607774,89.55,52.1380123,21.160832,25,0.58,0.108,255,-0.1678,0.0,-0.0496,0.0401,3.256,2.765,-1.2,-2.4,319.53,0.03,0.0,0.02,0.05,99695,1507,3,0.21,0.05,-0.05,0.07,49,73,-43,0,2.7,-0.65,0.014,0.0446,18.02,18.02,11.75
471.122,flow_only,73.001,52.1380123,21.1607776,89.54,52.1380124,21.1608324,25,0.58,0.118,255,-0.1677,0.0,-0.0718,-0.0222,3.255,2.756,-1.61,-2.49,319.74,0.03,0.0,0.02,0.04,99695,1507,3,0.21,0.08,-0.05,0.07,49,-68,-20,0,2.7,-0.65,0.0211,0.0534,19.88,17.03,11.21
471.222,flow_only,73.101,52.1380124,21.1607778,89.54,52.1380124,21.1608324,25,0.58,0.118,255,0.0,0.0,0.0552,0.0383,3.258,2.75,-1.59,-2.39,320.15,0.03,0.0,0.05,0.03,99695,1507,3,0.21,0.08,-0.05,0.07,49,88,-3,0,2.71,-0.63,0.0137,0.0491,18.69,17.38,12.87
471.322,flow_only,73.201,52.1380124,21.1607779,89.53,52.1380125,21.1608327,25,0.58,0.042,255,0.0,0.0,0.0221,0.0118,3.238,2.747,-1.36,-2.29,320.65,0.03,0.0,0.04,0.05,99695,1507,3,0.21,0.1,-0.05,0.07,49,-23,-30,0,2.71,-0.63,0.0144,0.0494,18.36,20.11,11.8
471.422,flow_only,73.301,52.1380124,21.1607781,89.53,52.1380125,21.1608327,25,0.58,0.042,255,-0.1678,0.0,-0.0238,0.0025,3.246,2.744,-1.52,-2.16,321.03,0.03,0.0,0.02,0.05,99695,1507,3,0.21,0.1,-0.05,0.07,49,53,-32,0,2.7,-0.63,0.0114,0.0396,18.28,20.29,14.7
471.522,flow_only,73.401,52.1380125,21.160778,89.53,52.1380125,21.1608328,25,0.58,0.021,255,0.0,0.0,0.0019,-0.0093,3.222,2.74,-1.59,-2.27,321.32,0.03,0.0,0.04,0.06,99695,1507,3,0.21,0.11,-0.05,0.07,49,23,10,0,2.72,-0.61,0.0088,0.0392,21.56,19.73,15.13
471.622,flow_only,73.501,52.1380125,21.160778,89.52,52.1380125,21.1608328,25,0.58,0.021,255,0.1678,0.0,0.0236,-0.0045,3.224,2.739,-1.53,-2.27,321.46,0.03,0.0,0.05,0.05,99695,1507,3,0.21,0.11,-0.05,0.07,49,-17,-23,0,2.72,-0.61,0.0088,0.045,19.83,20.3,13.75
471.722,flow_only,73.601,52.1380125,21.1607778,89.52,52.1380124,21.1608328,25,0.58,0.064,255,0.1678,0.0,0.0434,0.0279,3.216,2.738,-1.38,-2.24,321.49,0.03,0.0,0.03,0.04,99695,1507,3,0.21,0.1,-0.05,0.07,49,-27,-11,0,2.73,-0.58,0.0103,0.0395,18.35,18.5,13.54
471.822,flow_only,73.701,52.1380124,21.1607777,89.52,52.1380124,21.1608328,25,0.58,0.064,255,0.1678,0.0,0.0094,0.0136,3.206,2.735,-1.24,-2.13,321.38,0.03,0.0,0.03,0.05,99695,1507,3,0.21,0.1,-0.05,0.07,49,-28,-44,0,2.73,-0.56,0.0137,0.0392,16.46,17.11,13.24
471.923,flow_only,73.801,52.1380124,21.1607776,89.52,52.1380124,21.1608327,25,0.58,0.066,255,0.0,0.0,0.0553,0.0058,3.21,2.732,-1.04,-2.11,321.24,0.03,0.0,0.03,0.06,99695,1507,3,0.2,0.08,-0.05,0.07,49,-64,-15,0,2.75,-0.55,0.0097,0.0347,17.78,17.06,12.76
472.023,flow_only,73.901,52.1380124,21.1607775,89.51,52.1380124,21.1608327,25,0.58,0.066,255,0.0,0.0,0.0548,0.0106,3.186,2.727,-0.67,-2.02,321.09,0.03,0.0,0.0,0.04,99695,1507,3,0.2,0.08,-0.05,0.07,49,80,-26,0,2.73,-0.54,0.0081,0.0213,17.45,18.6,12.57
472.123,flow_only,74.001,52.1380124,21.1607774,89.5,52.1380123,21.1608326,25,0.58,0.124,255,0.1677,0.0,0.0009,-0.0105,3.186,2.72,-0.59,-2.03,320.89,0.03,0.0,0.04,0.05,99695,1507,3,0.2,0.08,-0.05,0.07,49,-78,-11,0,2.75,-0.53,0.0113,0.0284,19.99,17.13,13.95
472.222,flow_only,74.101,52.1380124,21.1607774,89.5,52.1380123,21.1608326,25,0.58,0.124,255,0.0,0.0,0.0275,-0.0034,3.16,2.712,-0.56,-2.07,320.63,0.03,0.0,0.0,0.07,99695,1507,3,0.2,0.08,-0.05,0.07,49,-13,-8,0,2.73,-0.52,0.0102,0.0207,19.95,17.32,14.48
472.322,flow_only,74.201,52.1380124,21.1607774,89.49,52.1380121,21.1608324,25,0.58,0.122,255,0.1678,0.0,0.0432,-0.0065,3.164,2.705,-0.45,-2.09,320.37,0.03,0.0,0.05,0.07,99695,1507,3,0.2,0.08,-0.05,0.07,49,-59,-18,0,2.75,-0.5,0.0063,0.0216,19.52,16.79,13.14
472.422,flow_only,74.301,52.1380123,21.1607773,89.49,52.1380121,21.1608324,25,0.58,0.122,255,0.0,0.0,0.0111,-0.0194,3.148,2.701,-0.27,-2.15,320.14,0.03,0.0,0.03,0.06,99695,1507,3,0.2,0.08,-0.05,0.07,49,-87,-18,0,2.75,-0.49,0.0118,0.0291,19.51,17.46,13.55
472.522,flow_only,74.401,52.1380123,21.1607773,89.48,52.138012,21.1608323,25,0.58,0.054,255,0.0,0.0,0.0006,-0.0303,3.15,2.7,-0.36,-2.26,319.89,0.03,0.0,0.03,0.05,99695,1507,3,0.2,0.1,-0.05,0.07,49,161,-2,0,2.76,-0.49,0.005,0.022,20.35,18.97,13.69
472.622,flow_only,74.501,52.1380123,21.1607772,89.49,52.138012,21.1608323,25,0.58,0.054,255,0.1678,0.0,0.019,-0.009,3.136,2.7,-0.29,-2.37,319.68,0.03,0.0,0.04,0.07,99695,1507,3,0.2,0.1,-0.05,0.07,49,-42,14,0,2.77,-0.46,0.0065,0.0256,17.31,18.81,12.31
472.722,flow_only,74.601,52.1380123,21.1607771,89.49,52.138012,21.1608322,25,0.58,0.097,255,0.0,0.0,0.0218,0.0019,3.138,2.701,-0.14,-2.36,319.48,0.03,0.0,0.02,0.05,99695,1507,3,0.2,0.08,-0.05,0.07,49,-62,-17,0,2.77,-0.47,0.0044,0.0216,20.98,18.61,12.53
472.822,flow_only,74.701,52.1380123,21.160777,89.49,52.138012,21.1608322,25,0.58,0.097,255,0.0,0.0,-0.0236,0.01,3.122,2.702,-0.24,-2.32,319.32,0.03,0.0,0.03,0.05,99695,1507,3,0.2,0.08,-0.05,0.07,49,-3,-22,0,2.78,-0.44,0.0057,0.021,19.89,17.89,11.65
472.922,flow_only,74.801,52.1380122,21.1607769,89.49,52.1380118,21.160832,25,0.58,0.099,255,0.0,0.0,-0.0006,0.0225,3.132,2.701,-0.26,-2.2,319.26,0.03,0.0,0.01,0.04,99695,1507,3,0.2,0.09,-0.05,0.07,49,-5,-28,0,2.78,-0.43,0.0065,0.0167,18.35,18.16,13.13
473.023,flow_only,74.901,52.1380122,21.1607769,89.48,52.1380118,21.160832,25,0.58,0.099,255,0.0,0.0,0.0077,0.0147,3.112,2.699,-0.29,-2.11,319.29,0.03,0.0,0.01,0.06,99695,1507,3,0.2,0.09,-0.05,0.07,49,-31,-44,0,2.78,-0.42,0.0071,0.0147,17.26,19.98,11.99
473.123,flow_only,75.001,52.1380122,21.1607769,89.48,52.1380118,21.1608318,25,0.58,0.139,255,0.1678,0.0,0.0118,0.0173,3.112,2.699,-0.12,-2.02,319.29,0.03,0.0,0.05,0.05,99695,1507,3,0.2,0.07,-0.05,0.07,49,-42,-35,0,2.8,-0.4,0.0098,0.0251,16.58,20.68,11.77
473.222,flow_only,75.101,52.1380122,21.1607769,89.49,52.1380118,21.1608318,25,0.58,0.139,255,0.0,0.0,-0.0222,-0.0281,3.114,2.7,-0.24,-2.08,319.3,0.03,0.0,0.01,0.05,99695,1507,3,0.2,0.07,-0.05,0.07,49,-26,-28,0,2.79,-0.4,0.0115,0.0239,16.92,22.64,13.13
473.322,flow_only,75.201,52.1380122,21.1607769,89.49,52.1380117,21.1608316,25,0.58,0.109,255,0.1678,0.0,0.0302,-0.0187,3.114,2.702,-0.15,-2.2,319.36,0.03,0.0,0.05,0.05,99695,1507,3,0.2,0.08,-0.05,0.07,49,-27,11,0,2.81,-0.4,0.0086,0.0239,18.56,20.97,13.85
473.422,flow_only,75.301,52.1380121,21.160777,89.49,52.1380117,21.1608316,25,0.58,0.109,255,0.1677,0.0,0.0306,-0.0018,3.118,2.709,-0.04,-2.22,319.46,0.03,0.0,0.07,0.03,99695,1507,3,0.2,0.08,-0.05,0.07,49,-45,-2,0,2.83,-0.36,0.0155,0.0404,19.5,21.53,13.7
473.522,flow_only,75.401,52.1380121,21.1607771,89.5,52.1380116,21.1608314,25,0.58,0.124,255,0.0,0.0,0.0221,0.0051,3.108,2.718,0.12,-2.16,319.56,0.03,0.0,0.04,0.05,99695,1507,3,0.2,0.06,-0.05,0.07,49,-54,-36,0,2.84,-0.37,0.0161,0.0416,18.32,18.04,12.32
473.622,flow_only,75.501,52.1380121,21.1607772,89.51,52.1380116,21.1608314,25,0.58,0.124,255,0.0,0.0,0.0087,-0.0351,3.108,2.727,0.18,-2.28,319.66,0.03,0.0,0.04,0.04,99695,1507,3,0.2,0.06,-0.05,0.07,49,-44,4,0,2.86,-0.34,0.0152,0.0405,18.09,18.46,12.41
473.722,flow_only,75.601,52.1380121,21.1607772,89.52,52.1380115,21.160831,25,0.58,0.153,255,0.0,0.0,0.0007,-0.0385,3.09,2.733,0.19,-2.46,319.83,0.03,0.0,0.0,0.05,99695,1507,3,0.2,0.09,-0.05,0.07,49,-23,-157,0,2.85,-0.34,0.0113,0.0224,17.71,17.71,10.56
473.822,flow_only,75.701,52.1380121,21.1607772,89.52,52.1380115,21.160831,25,0.58,0.153,255,0.0,0.0,-0.0073,-0.0074,3.094,2.735,0.1,-2.53,320.05,0.03,0.0,0.03,0.06,99695,1507,3,0.2,0.09,-0.05,0.07,49,162,-4,0,2.86,-0.32,0.0126,0.0231,17.45,17.22,10.96
473.922,flow_only,75.801,52.138012,21.1607772,89.52,52.1380115,21.1608307,25,0.58,0.147,255,0.0,0.0,-0.0089,0.0165,3.088,2.735,-0.04,-2.48,320.27,0.03,0.0,0.0,0.07,99695,1507,3,0.2,0.08,-0.05,0.07,49,14,-23,0,2.86,-0.32,0.0103,0.0176,16.76,18.42,11.43
474.022,flow_only,75.901,52.138012,21.1607771,89.52,52.1380115,21.1608307,25,0.58,0.147,255,0.1677,0.1677,0.0311,0.055,3.072,2.735,0.03,-2.35,320.44,0.03,0.0,0.03,0.04,99695,1507,3,0.2,0.08,-0.05,0.07,49,-25,-26,0,2.86,-0.3,0.0071,0.0127,17.81,17.11,11.38
474.123,flow_only,76.001,52.1380119,21.1607771,89.52,52.1380115,21.1608303,25,0.58,0.135,255,0.0,0.1678,-0.004,0.0076,3.062,2.735,0.04,-2.27,320.51,0.03,0.0,0.02,0.05,99695,1507,3,0.2,0.06,-0.05,0.07,49,-41,-71,0,2.87,-0.28,0.0066,0.0119,19.78,18.69,13.09
474.223,flow_only,76.101,52.1380119,21.160777,89.52,52.1380115,21.1608303,25,0.58,0.135,255,0.0,0.0,-0.0284,0.0169,3.076,2.733,-0.03,-2.19,320.5,0.03,0.0,0.0,0.07,99695,1507,3,0.2,0.06,-0.05,0.07,49,171,147,0,2.87,-0.28,0.0132,0.0247,17.67,16.04,11.67
474.322,flow_only,76.201,52.1380118,21.1607768,89.52,52.1380115,21.16083,25,0.58,0.116,255,0.0,0.0,-0.0135,-0.0076,3.064,2.73,-0.14,-2.17,320.49,0.03,0.0,0.0,0.04,99695,1507,3,0.2,0.09,-0.05,0.07,49,18,-32,0,2.86,-0.3,0.0188,0.0367,16.65,16.46,10.94
474.422,flow_only,76.301,52.1380118,21.1607767,89.51,52.1380115,21.16083,25,0.58,0.116,255,0.1677,0.0,0.0505,-0.0022,3.07,2.726,0.07,-2.13,320.53,0.03,0.0,0.01,0.05,99695,1507,3,0.2,0.09,-0.05,0.07,49,-38,-32,0,2.86,-0.29,0.0096,0.0219,16.91,16.19,10.91
474.522,flow_only,76.401,52.1380117,21.1607765,89.51,52.1380115,21.1608296,25,0.58,0.146,255,0.0,0.0,0.0505,0.0016,3.072,2.722,0.35,-2.05,320.6,0.03,0.0,0.01,0.04,99695,1507,3,0.2,0.07,-0.05,0.07,49,-72,-43,0,2.86,-0.29,0.0091,0.0207,16.13,15.31,9.77
474.622,flow_only,76.501,52.1380117,21.1607763,89.5,52.1380115,21.1608296,25,0.58,0.146,255,0.0,0.0,0.0142,-0.0277,3.086,2.718,0.56,-2.09,320.65,0.03,0.0,0.0,0.05,99695,1507,3,0.2,0.07,-0.05,0.07,49,-77,-43,0,2.86,-0.29,0.0069,0.0215,16.31,17.52,10.15
474.722,flow_only,76.601,52.1380117,21.1607761,89.5,52.1380114,21.1608292,25,0.58,0.162,255,0.1677,0.0,0.029,0.036,3.082,2.714,0.71,-1.95,320.68,0.03,0.0,0.02,0.06,99695,1507,3,0.2,0.07,-0.05,0.07,49,-49,-54,0,2.87,-0.3,0.0079,0.0191,15.69,16.65,11.09
474.822,flow_only,76.701,52.1380116,21.1607761,89.49,52.1380114,21.1608292,25,0.58,0.162,255,0.1677,0.1677,0.0344,0.0255,3.086,2.708,0.93,-1.72,320.78,0.03,0.0,0.02,0.06,99695,1507,3,0.2,0.07,-0.05,0.07,49,-56,-71,0,2.85,-0.3,0.0089,0.0281,18.91,15.09,10.84
474.922,flow_only,76.801,52.1380116,21.160776,89.48,52.1380114,21.1608288,25,0.58,0.132,255,0.0,0.0,0.0082,-0.0067,3.096,2.699,1.04,-1.72,320.88,0.03,0.0,0.0,0.04,99695,1507,3,0.2,0.08,-0.05,0.07,49,-24,-35,0,2.85,-0.32,0.0071,0.0284,17.16,16.22,11.84
475.022,flow_only,76.901,52.1380117,21.1607759,89.48,52.1380114,21.1608288,25,0.58,0.132,255,0.0,0.0,-0.0321,0.0262,3.086,2.691,0.92,-1.68,320.97,0.03,0.0,0.0,0.03,99695,1507,3,0.2,0.08,-0.05,0.07,49,24,-5,0,2.84,-0.32,0.0058,0.0235,16.92,16.98,11.28
475.122,flow_only,77.001,52.1380117,21.1607759,89.47,52.1380116,21.1608286,25,0.58,0.053,255,0.0,0.0,-0.0133,0.0183,3.084,2.684,0.77,-1.51,321.1,0.03,0.0,0.01,0.03,99695,1507,3,0.2,0.1,-0.05,0.07,49,-131,-53,0,2.85,-0.32,0.0191,0.0379,14.93,15.35,10.25
475.223,flow_only,77.101,52.1380118,21.160776,89.46,52.1380116,21.1608286,25,0.58,0.053,255,0.0,0.0,-0.0129,0.016,3.082,2.678,0.71,-1.39,321.25,0.03,0.0,0.0,0.05,99695,1507,3,0.2,0.1,-0.05,0.07,49,18,-52,0,2.85,-0.31,0.0119,0.0269,14.94,15.47,9.73
475.323,flow_only,77.201,52.138012,21.1607761,89.46,52.1380116,21.1608285,25,0.58,0.065,255,0.0,0.1677,-0.0564,0.0094,3.068,2.673,0.46,-1.32,321.35,0.03,0.0,0.0,0.03,99695,1507,3,0.21,0.11,-0.05,0.07,49,37,-51,0,2.85,-0.31,0.0078,0.0203,14.03,13.92,9.38
475.422,flow_only,77.301,52.138012,21.1607761,89.45,52.1380116,21.1608285,25,0.58,0.065,255,0.0,0.1677,-0.1213,-0.0059,3.046,2.667,-0.11,-1.23,321.33,0.03,0.0,0.0,0.03,99695,1507,3,0.21,0.11,-0.05,0.07,49,84,-42,0,2.85,-0.3,0.0089,0.0215,15.07,16.17,10.05
475.522,flow_only,77.401,52.138012,21.160776,89.45,52.1380117,21.1608284,25,0.58,0.122,255,-0.1678,0.0,-0.0854,-0.0319,3.052,2.663,-0.74,-1.42,321.1,0.03,0.0,0.01,0.05,99695,1507,3,0.21,0.16,-0.05,0.07,49,123,-1,0,2.86,-0.27,0.0234,0.0449,16.63,16.02,11.9
475.622,flow_only,77.501,52.138012,21.1607759,89.44,52.1380117,21.1608284,25,0.58,0.122,255,0.0,0.0,-0.0166,-0.0213,3.058,2.659,-0.99,-1.5,320.71,0.03,0.0,0.01,0.05,99695,1507,3,0.21,0.16,-0.05,0.07,49,-90,-22,0,2.85,-0.28,0.0074,0.0227,16.53,15.76,13.12
475.722,flow_only,77.601,52.138012,21.1607759,89.44,52.138012,21.1608285,25,0.58,0.209,255,0.0,0.0,0.0699,-0.0066,3.048,2.657,-0.79,-1.58,320.34,0.03,0.0,0.05,0.04,99695,1507,3,0.21,0.16,-0.05,0.07,49,3,-5,0,2.87,-0.27,0.0072,0.0148,15.59,19.27,12.21
475.822,flow_only,77.701,52.138012,21.1607758,89.45,52.138012,21.1608285,25,0.58,0.209,255,0.0,0.0,0.0935,0.0348,3.058,2.66,-0.29,-1.42,320.05,0.03,0.0,0.02,0.04,99695,1507,3,0.21,0.16,-0.05,0.07,49,96,-39,0,2.88,-0.26,0.0079,0.0163,18.75,19.64,11.39
475.922,flow_only,77.801,52.1380119,21.1607758,89.45,52.1380121,21.1608284,25,0.58,0.061,255,0.1678,0.0,0.0716,0.0311,3.056,2.667,0.13,-1.24,319.91,0.03,0.0,0.05,0.05,99695,1507,3,0.21,0.14,-0.05,0.07,49,102,-46,0,2.9,-0.24,0.0085,0.0223,18.16,20.68,11.88
476.022,flow_only,77.901,52.1380119,21.1607758,89.47,52.1380121,21.1608284,25,0.58,0.061,255,0.1678,0.0,0.0447,-0.0418,3.072,2.68,0.41,-1.4,319.95,0.03,0.0,0.07,0.04,99695,1507,3,0.21,0.14,-0.05,0.07,49,-55,32,0,2.93,-0.21,0.0089,0.0341,15.72,17.53,10.85
476.122,flow_only,78.001,52.1380118,21.1607757,89.48,52.1380121,21.1608284,25,0.58,0.05,255,0.0,0.0,0.0562,-0.0376,3.075,2.694,0.63,-1.67,320.12,0.03,0.0,0.02,0.05,99695,1507,3,0.22,0.14,-0.05,0.07,49,-23,60,0,2.94,-0.21,0.0102,0.0297,15.64,20.5,12.61
476.223,flow_only,78.101,52.1380119,21.1607757,89.49,52.1380121,21.1608284,25,0.58,0.05,255,0.0,0.0,0.0358,0.0033,3.102,2.703,0.86,-1.83,320.42,0.03,0.0,0.02,0.07,99695,1507,3,0.22,0.14,-0.05,0.07,49,-44,26,0,2.93,-0.22,0.0103,0.0182,17.29,18.36,11.96
476.323,flow_only,78.201,52.1380119,21.1607756,89.49,52.1380122,21.1608284,25,0.58,0.081,255,0.0,0.0,0.0243,0.0498,3.106,2.709,0.97,-1.71,320.73,0.03,0.0,0.06,0.03,99695,1507,3,0.22,0.13,-0.05,0.07,49,-18,-16,0,2.96,-0.22,0.0094,0.0252,20.26,19.09,12.02
476.422,flow_only,78.301,52.1380119,21.1607756,89.5,52.1380122,21.1608284,25,0.58,0.081,255,0.0,0.0,-0.0343,0.0346,3.092,2.719,0.8,-1.5,320.97,0.03,0.0,0.04,0.03,99695,1507,3,0.22,0.13,-0.05,0.07,49,10,-52,0,2.98,-0.2,0.0046,0.0228,18.87,17.73,11.82
476.522,flow_only,78.401,52.1380119,21.1607756,89.51,52.1380123,21.1608284,25,0.58,0.013,255,-0.1677,0.0,-0.0397,0.007,3.078,2.729,0.55,-1.51,321.14,0.03,0.0,0.04,0.04,99695,1507,3,0.22,0.16,-0.05,0.07,49,68,154,0,2.99,-0.2,0.0134,0.0344,17.94,19.18,11.74
476.622,flow_only,78.501,52.1380119,21.1607755,89.52,52.1380123,21.1608284,25,0.58,0.013,255,-0.1678,0.0,0.0045,0.0262,3.07,2.737,0.38,-1.44,321.16,0.03,0.0,0.01,0.05,99695,1507,3,0.22,0.16,-0.05,0.07,49,62,-6,0,2.99,-0.18,0.0136,0.0307,17.31,16.92,10.77
476.722,flow_only,78.601,52.1380119,21.1607754,89.53,52.1380124,21.1608285,25,0.58,0.021,255,0.0,0.0,-0.0136,0.0025,3.07,2.743,0.29,-1.42,321.05,0.03,0.0,0.01,0.04,99695,1507,3,0.22,0.17,-0.05,0.07,49,26,-10,0,3.0,-0.15,0.0091,0.0194,18.17,17.02,12.42
476.822,flow_only,78.701,52.1380119,21.1607753,89.53,52.1380124,21.1608285,25,0.58,0.021,255,0.0,0.0,-0.0101,-0.0033,3.066,2.748,0.18,-1.53,320.82,0.03,0.0,0.03,0.06,99695,1507,3,0.22,0.17,-0.05,0.07,49,47,33,0,3.0,-0.15,0.011,0.0235,17.02,18.41,12.92
476.922,flow_only,78.801,52.1380119,21.1607752,89.54,52.1380125,21.1608286,25,0.58,0.028,255,0.0,0.0,0.0224,0.0118,3.064,2.753,0.23,-1.55,320.61,0.03,0.0,0.03,0.04,99695,1507,3,0.23,0.17,-0.05,0.07,49,15,26,0,3.01,-0.13,0.0106,0.0235,18.63,16.7,11.34
477.022,flow_only,78.901,52.1380119,21.1607752,89.55,52.1380125,21.1608286,25,0.58,0.028,255,0.0,0.0,0.0391,0.0354,3.052,2.761,0.41,-1.53,320.49,0.03,0.0,0.06,0.06,99695,1507,3,0.23,0.17,-0.05,0.07,49,-8,20,0,3.03,-0.11,0.0083,0.0233,19.65,16.02,10.53
477.122,flow_only,79.001,52.1380119,21.1607752,89.55,52.1380125,21.1608286,25,0.58,0.046,255,0.0,0.1678,0.0323,0.0212,3.046,2.77,0.52,-1.42,320.35,0.03,0.0,0.03,0.04,99695,1507,3,0.23,0.14,-0.05,0.07,49,3,-24,0,3.04,-0.09,0.0035,0.0154,18.21,21.18,13.67
477.222,flow_only,79.101,52.1380119,21.1607752,89.57,52.1380125,21.1608286,25,0.58,0.046,255,0.0,0.0,-0.0076,-0.0267,3.042,2.78,0.57,-1.55,320.13,0.03,0.0,0.04,0.03,99695,1507,3,0.23,0.14,-0.05,0.07,49,6,45,0,3.05,-0.07,0.0063,0.0199,16.94,19.97,11.69
477.323,flow_only,79.201,52.1380119,21.1607752,89.57,52.1380126,21.1608289,25,0.58,0.114,255,0.0,0.0,0.0137,-0.0061,3.04,2.789,0.59,-1.67,319.96,0.03,0.0,0.01,0.05,99695,1507,3,0.23,0.13,-0.05,0.07,49,4,25,0,3.05,-0.07,0.0083,0.0174,19.19,16.96,11.2
477.423,flow_only,79.301,52.1380119,21.1607752,89.58,52.1380126,21.1608289,25,0.58,0.114,255,0.0,0.0,-0.0239,0.0011,3.048,2.795,0.5,-1.67,319.87,0.03,0.0,0.02,0.03,99695,1507,3,0.23,0.13,-0.05,0.07,49,27,3,0,3.05,-0.06,0.0071,0.015,18.33,16.14,10.32
477.522,flow_only,79.401,52.138012,21.1607752,89.59,52.1380127,21.1608291,25,0.58,0.077,255,0.0,0.0,0.0178,0.0415,3.022,2.804,0.5,-1.55,319.94,0.03,0.0,0.05,0.06,99695,1507,3,0.24,0.2,-0.05,0.07,49,-125,5,0,3.07,-0.04,0.0101,0.021,16.45,26.98,14.86
477.622,flow_only,79.501,52.138012,21.1607753,89.59,52.1380127,21.1608291,25,0.58,0.077,255,-0.1677,0.1677,-0.0186,0.0274,3.02,2.808,0.48,-1.38,320.12,0.03,0.0,0.0,0.05,99695,1507,3,0.24,0.2,-0.05,0.07,49,16,-39,0,3.06,-0.04,0.006,0.0122,16.99,24.04,15.37
477.722,flow_only,79.601,52.138012,21.1607754,89.59,52.1380127,21.1608291,25,0.58,0.075,255,-0.1677,0.0,-0.0144,-0.0066,3.008,2.807,0.39,-1.3,320.32,0.03,0.0,0.01,0.04,99695,1507,3,0.24,0.17,-0.05,0.07,49,46,-34,0,3.05,-0.05,0.0052,0.0175,17.5,19.09,11.6
477.822,flow_only,79.701,52.1380119,21.1607755,89.59,52.1380127,21.1608291,25,0.58,0.075,255,0.0,0.0,-0.0081,-0.0541,3.02,2.803,0.32,-1.5,320.58,0.03,0.0,0.0,0.03,99695,1507,3,0.24,0.17,-0.05,0.07,49,32,32,0,3.05,-0.04,0.0043,0.0193,17.46,20.83,11.65
477.922,flow_only,79.801,52.138012,21.1607755,89.59,52.1380127,21.1608292,25,0.58,0.085,255,0.0,0.0,0.0351,-0.016,3.005,2.801,0.42,-1.61,320.78,0.03,0.0,0.01,0.06,99695,1507,3,0.24,0.12,-0.05,0.07,49,11,23,0,3.05,-0.04,0.0081,0.0212,17.54,17.31,10.64
478.022,flow_only,79.9,52.1380119,21.1607756,89.58,52.1380127,21.1608292,25,0.58,0.085,255,0.0,0.0,-0.005,-0.0179,3.004,2.795,0.49,-1.61,320.91,0.03,0.0,0.02,0.04,99695,1507,3,0.24,0.12,-0.05,0.07,49,2,-3,0,3.03,-0.05,0.0067,0.0297,16.32,19.38,12.59
478.122,flow_only,80.0,52.1380119,21.1607756,89.58,52.1380127,21.1608294,25,0.58,0.081,255,0.0,0.0,-0.0012,-0.0119,2.996,2.793,0.55,-1.58,320.93,0.03,0.0,0.03,0.04,99695,1507,3,0.24,0.09,-0.05,0.07,49,-8,-18,0,3.04,-0.04,0.0036,0.0172,16.37,16.11,12.93
478.222,flow_only,80.1,52.1380119,21.1607757,89.58,52.1380127,21.1608294,25,0.58,0.081,255,0.0,0.0,-0.0009,-0.0566,3.002,2.793,0.6,-1.72,320.88,0.03,0.0,0.01,0.06,99695,1507,3,0.24,0.09,-0.05,0.07,49,7,10,0,3.04,-0.03,0.003,0.0139,16.02,16.02,12.0
478.322,flow_only,80.2,52.1380119,21.1607758,89.58,52.1380126,21.1608296,25,0.58,0.049,255,0.0,0.0,-0.0346,-0.0018,3.02,2.796,0.61,-1.83,320.83,0.03,0.0,0.03,0.06,99695,1507,3,0.25,0.19,-0.05,0.07,49,7,-159,0,3.05,-0.02,0.0069,0.0149,16.87,18.82,13.31
478.422,flow_only,80.3,52.1380119,21.1607759,89.58,52.1380126,21.1608296,25,0.58,0.049,255,0.0,0.0,-0.009,-0.0198,3.01,2.799,0.6,-1.91,320.75,0.03,0.0,0.0,0.06,99695,1507,3,0.25,0.19,-0.05,0.07,49,6,29,0,3.05,-0.04,0.0088,0.021,15.95,16.83,12.07
478.522,flow_only,80.401,52.1380119,21.160776,89.58,52.1380126,21.1608299,25,0.58,0.103,255,0.0,0.0,-0.0464,-0.0159,3.018,2.798,0.48,-2.04,320.6,0.03,0.0,0.01,0.04,99695,1507,3,0.25,0.12,-0.05,0.07,49,47,40,0,3.04,-0.06,0.0065,0.023,18.2,15.46,10.49
478.622,flow_only,80.5,52.138012,21.1607761,89.58,52.1380126,21.1608299,25,0.58,0.103,255,-0.1678,0.0,-0.0209,0.0173,3.018,2.797,0.29,-2.02,320.35,0.03,0.0,0.02,0.05,99695,1507,3,0.25,0.12,-0.05,0.07,49,-87,16,0,3.05,-0.05,0.0094,0.0227,17.17,18.4,11.6
478.722,flow_only,80.6,52.1380121,21.1607763,89.58,52.1380126,21.1608302,25,0.58,0.095,255,-0.1677,0.0,0.0058,0.042,3.02,2.8,0.3,-1.94,320.02,0.03,0.0,0.02,0.05,99695,1507,3,0.25,0.13,-0.05,0.07,49,44,7,0,3.06,-0.05,0.0113,0.0245,16.57,18.08,12.56
478.822,flow_only,80.701,52.1380122,21.1607764,89.59,52.1380126,21.1608302,25,0.58,0.095,255,0.0,0.0,-0.0454,0.0338,3.026,2.8,0.06,-1.78,319.64,0.03,0.0,0.0,0.05,99695,1507,3,0.25,0.13,-0.05,0.07,49,58,129,0,3.05,-0.04,0.011,0.0238,14.83,14.56,9.08
478.922,flow_only,80.801,52.1380122,21.1607764,89.59,52.1380127,21.1608304,25,0.58,0.086,255,0.0,0.1678,-0.0304,0.0179,3.022,2.801,-0.2,-1.63,319.28,0.03,0.0,0.01,0.05,99695,1507,3,0.25,0.15,-0.05,0.07,49,74,-45,0,3.05,-0.04,0.0041,0.0141,16.35,17.31,11.02
479.022,flow_only,80.901,52.1380123,21.1607766,89.58,52.1380127,21.1608304,25,0.58,0.086,255,-0.1677,0.0,-0.0349,-0.0066,3.036,2.797,-0.35,-1.56,318.96,0.03,0.0,0.02,0.04,99695,1507,3,0.25,0.15,-0.05,0.07,49,49,-27,0,3.04,-0.06,0.0075,0.027,20.27,16.75,9.53
479.122,flow_only,81.0,52.1380124,21.1607767,89.58,52.1380127,21.1608305,25,0.58,0.027,255,0.0,0.0,-0.0571,0.0384,3.034,2.793,-0.55,-1.39,318.66,0.03,0.0,0.0,0.03,99695,1507,3,0.26,0.16,-0.05,0.07,49,54,-22,0,3.04,-0.06,0.0092,0.029,20.17,15.03,9.47
479.222,flow_only,81.1,52.1380124,21.1607768,89.57,52.1380127,21.1608305,25,0.58,0.027,255,0.0,0.0,-0.0266,-0.0073,3.032,2.79,-0.62,-1.32,318.39,0.03,0.0,0.0,0.03,99695,1507,3,0.26,0.16,-0.05,0.07,49,7,-17,0,3.04,-0.06,0.0067,0.0235,21.54,16.54,13.0
479.322,flow_only,81.201,52.1380123,21.1607768,89.57,52.1380127,21.1608305,25,0.58,0.069,255,0.0,0.0,-0.0213,-0.0127,3.036,2.787,-0.73,-1.42,318.2,0.03,0.0,0.0,0.06,99695,1507,3,0.26,0.13,-0.05,0.07,49,17,23,0,3.04,-0.07,0.0046,0.0178,17.8,20.86,14.66
479.422,flow_only,81.3,52.1380123,21.1607768,89.57,52.1380127,21.1608305,25,0.58,0.069,255,0.0,0.0,0.0443,-0.0297,3.043,2.785,-0.6,-1.48,318.12,0.03,0.0,0.0,0.07,99695,1507,3,0.26,0.13,-0.05,0.07,49,-29,3,0,3.04,-0.08,0.0034,0.0168,17.39,19.98,14.04
479.522,flow_only,81.401,52.1380123,21.1607767,89.57,52.1380127,21.1608304,25,0.58,0.032,255,0.0,-0.1677,0.0443,-0.0471,3.03,2.782,-0.31,-1.67,318.21,0.03,0.0,0.0,0.05,99695,1507,3,0.26,0.11,-0.05,0.07,49,98,26,0,3.04,-0.08,0.007,0.02,18.03,18.67,13.4
479.622,flow_only,81.501,52.1380123,21.1607766,89.57,52.1380127,21.1608304,25,0.58,0.032,255,0.1677,0.0,0.098,-0.0032,3.024,2.78,0.15,-1.74,318.44,0.03,0.0,0.0,0.06,99695,1507,3,0.26,0.11,-0.05,0.07,49,-66,52,0,3.04,-0.07,0.0079,0.0208,16.01,18.07,13.47
479.722,flow_only,81.601,52.1380123,21.1607766,89.56,52.1380127,21.1608305,25,0.58,0.016,255,0.1677,0.0,0.0615,0.0328,3.002,2.776,0.72,-1.69,318.67,0.03,0.0,0.01,0.05,99695,1507,3,0.26,0.17,-0.05,0.07,49,42,13,0,3.03,-0.08,0.0086,0.025,16.38,22.39,13.72
479.822,flow_only,81.701,52.1380123,21.1607764,89.56,52.1380127,21.1608305,25,0.58,0.016,255,0.0,0.1677,-0.0158,0.0599,3.002,2.773,0.72,-1.35,318.96,0.03,0.0,0.0,0.04,99695,1507,3,0.26,0.17,-0.05,0.07,49,-32,110,0,3.03,-0.05,0.0112,0.0258,17.46,28.19,15.19
479.922,flow_only,81.801,52.1380124,21.1607763,89.55,52.1380127,21.1608303,25,0.58,0.104,255,0.0,0.0,-0.0044,0.0019,3.014,2.768,0.66,-1.14,319.24,0.03,0.0,0.01,0.03,99695,1507,3,0.27,0.13,-0.05,0.07,49,0,95,0,3.02,-0.06,0.0114,0.0292,18.09,25.65,14.83
480.022,flow_only,81.901,52.1380124,21.1607762,89.55,52.1380127,21.1608303,25,0.58,0.104,255,0.0,0.0,0.0308,0.0354,3.016,2.76,0.83,-0.94,319.47,0.03,0.0,0.03,0.03,99695,1507,3,0.27,0.13,-0.05,0.07,49,-38,-38,0,3.01,-0.08,0.0154,0.0391,18.37,25.78,14.65
480.122,flow_only,82.0,52.1380124,21.160776,89.54,52.1380127,21.1608302,25,0.58,0.062,255,0.0,0.0,0.0197,0.0519,3.014,2.755,1.04,-0.74,319.64,0.03,0.0,0.01,0.02,99695,1507,3,0.27,0.12,-0.05,0.07,49,-63,-35,0,3.01,-0.08,0.0133,0.0317,18.66,21.84,13.67
480.222,flow_only,82.1,52.1380125,21.1607759,89.53,52.1380127,21.1608302,25,0.58,0.062,255,0.0,0.0,-0.013,0.0332,3.036,2.749,0.95,-0.54,319.81,0.03,0.0,0.02,0.04,99695,1507,3,0.27,0.12,-0.05,0.07,49,12,-41,0,3.0,-0.09,0.0054,0.0248,18.11,15.46,11.99
480.322,flow_only,82.2,52.1380125,21.1607758,89.53,52.1380127,21.16083,25,0.58,0.063,255,-0.1677,0.1677,-0.0327,-0.0071,3.02,2.745,0.73,-0.44,320.03,0.03,0.0,0.0,0.03,99695,1507,3,0.27,0.09,-0.05,0.07,49,41,-34,0,3.0,-0.09,0.0071,0.0225,16.88,16.27,11.04
480.422,flow_only,82.301,52.1380124,21.1607758,89.53,52.1380127,21.16083,25,0.58,0.063,255,0.0,0.0,-0.005,-0.0326,3.032,2.742,0.55,-0.62,320.28,0.03,0.0,0.0,0.02,99695,1507,3,0.27,0.09,-0.05,0.07,49,32,31,0,3.01,-0.09,0.0061,0.0177,16.33,14.36,11.45
480.522,flow_only,82.4,52.1380124,21.1607758,89.52,52.1380126,21.16083,25,0.58,0.045,255,0.0,0.0,0.0068,-0.0369,3.032,2.739,0.56,-0.9,320.5,0.03,0.0,0.0,0.03,99695,1507,3,0.27,0.1,-0.05,0.07,49,-10,-106,0,3.01,-0.1,0.0067,0.0186,15.13,18.2,11.72
480.622,flow_only,82.5,52.1380124,21.1607758,89.52,52.1380126,21.16083,25,0.58,0.045,255,0.0,0.0,0.0673,-0.0378,3.028,2.735,0.76,-1.23,320.63,0.03,0.0,0.01,0.05,99695,1507,3,0.27,0.1,-0.05,0.07,49,-35,96,0,3.0,-0.11,0.0066,0.0198,13.7,23.98,14.11
480.722,flow_only,82.6,52.1380124,21.1607759,89.52,52.1380126,21.1608301,24,0.59,0.074,255,0.0,0.0,0.0333,-0.0485,3.026,2.734,1.04,-1.44,320.7,0.03,0.0,0.03,0.03,99695,1507,3,0.27,0.13,-0.05,0.07,49,-77,38,0,3.02,-0.11,0.0092,0.0185,15.78,24.97,14.63
480.822,flow_only,82.701,52.1380123,21.160776,89.52,52.1380126,21.1608301,24,0.59,0.074,255,0.0,0.0,-0.0208,0.0021,3.026,2.737,1.09,-1.44,320.7,0.03,0.0,0.03,0.05,99695,1507,3,0.27,0.13,-0.05,0.07,49,-42,27,0,3.03,-0.08,0.0052,0.0126,18.21,21.54,14.59
480.922,flow_only,82.8,52.1380123,21.1607761,89.52,52.1380126,21.1608302,24,0.59,0.007,255,0.0,0.0,-0.0397,-0.0007,3.032,2.738,0.96,-1.43,320.7,0.03,0.0,0.0,0.03,99695,1507,3,0.28,0.16,-0.05,0.07,49,10,10,0,3.03,-0.08,0.0029,0.0072,18.39,16.95,12.73
481.022,flow_only,82.901,52.1380123,21.1607761,89.52,52.1380126,21.1608302,24,0.59,0.007,255,0.0,0.0,-0.0428,-0.0137,3.018,2.738,0.7,-1.48,320.63,0.03,0.0,0.0,0.05,99695,1507,3,0.28,0.16,-0.05,0.07,49,46,21,0,3.03,-0.08,0.0048,0.0099,15.47,16.96,10.65
481.122,flow_only,83.0,52.1380123,21.1607762,89.52,52.1380126,21.1608303,24,0.59,0.081,255,0.0,0.0,-0.0108,-0.037,2.995,2.739,0.56,-1.55,320.52,0.03,0.0,0.01,0.05,99695,1507,3,0.28,0.11,-0.05,0.07,49,-117,-2,0,3.03,-0.07,0.0139,0.0279,14.69,17.83,9.72
481.222,flow_only,83.101,52.1380124,21.1607764,89.52,52.1380126,21.1608303,24,0.59,0.081,255,0.0,0.0,-0.0467,0.0019,3.014,2.735,0.47,-1.56,320.38,0.03,0.0,0.03,0.03,99695,1507,3,0.28,0.11,-0.05,0.07,49,14,9,0,3.02,-0.07,0.0083,0.0209,15.77,18.47,11.28
481.322,flow_only,83.2,52.1380124,21.1607764,89.51,52.1380125,21.1608305,25,0.58,0.039,255,-0.1677,0.0,-0.0592,0.019,3.024,2.73,0.18,-1.46,320.22,0.03,0.0,0.0,0.03,99695,1507,3,0.28,0.16,-0.05,0.07,49,54,-8,0,3.01,-0.08,0.0053,0.0148,14.0,19.5,11.89
481.422,flow_only,83.301,52.1380124,21.1607765,89.51,52.1380125,21.1608305,25,0.58,0.039,255,0.0,0.0,-0.0022,0.0448,3.034,2.725,0.02,-1.36,320.02,0.03,0.0,0.0,0.05,99695,1507,3,0.28,0.16,-0.05,0.07,49,49,-10,0,3.01,-0.09,0.0024,0.0118,13.8,18.54,10.09
481.522,flow_only,83.4,52.1380124,21.1607765,89.51,52.1380124,21.1608306,25,0.58,0.06,255,0.0,0.0,0.011,0.0251,3.04,2.728,0.02,-1.28,319.8,0.03,0.0,0.05,0.06,99695,1507,3,0.28,0.12,-0.05,0.07,49,13,5,0,3.03,-0.08,0.0036,0.0107,15.49,19.31,9.03
481.622,flow_only,83.5,52.1380124,21.1607766,89.52,52.1380124,21.1608306,25,0.58,0.06,255,0.0,0.0,0.0383,-0.0003,3.046,2.735,0.09,-1.28,319.6,0.03,0.0,0.03,0.05,99695,999,3,0.28,0.12,-0.05,0.07,49,7,25,0,3.05,-0.07,0.0038,0.0158,15.84,18.42,7.75
481.722,after,83.601,52.1380124,21.1607766,89.53,52.1380123,21.1608307,25,0.58,0.033,255,0.0,0.0,0.0182,-0.0097,3.052,2.743,0.26,-1.24,319.43,0.03,0.0,0.02,0.04,99695,999,3,0.28,0.15,-0.05,0.07,49,-47,-10,0,3.06,-0.06,0.0041,0.0172,15.13,12.64,6.96
481.822,after,83.7,52.1380124,21.1607767,89.54,52.1380123,21.1608307,25,0.58,0.033,255,0.0,0.0,-0.0124,-0.0287,3.048,2.753,0.3,-1.25,319.34,0.03,0.0,0.01,0.04,99695,999,3,0.28,0.15,-0.05,0.07,49,-24,9,0,3.07,-0.06,0.0035,0.0153,18.55,12.84,9.82
481.922,after,83.801,52.1380128,21.1608298,89.56,52.1380122,21.1608307,25,0.58,0.022,255,0.1677,-0.1677,-0.1107,-0.104,3.042,2.771,0.09,-1.46,319.28,0.06,0.0,0.01,0.05,108415,999,3,0.28,0.16,0.0,0.05,48,8,29,0,3.1,-0.03,0.0092,0.0284,16.95,20.63,12.23
482.022,after,83.901,52.1380128,21.1608298,89.57,52.1380122,21.1608307,25,0.58,0.022,255,-0.6709,-0.6709,-1.3759,-1.4009,3.086,2.789,-4.51,-6.41,319.46,0.06,0.0,0.01,0.03,108415,999,3,0.28,0.16,0.0,0.05,48,163,226,0,3.12,-0.01,0.0061,0.0212,14.28,20.44,12.88
482.122,after,84.001,52.1380127,21.1608294,89.6,52.1380121,21.1608306,25,0.58,0.1,255,-2.6837,-1.845,-1.7191,-1.0043,3.22,2.81,-15.42,-14.52,320.73,0.05,0.0,0.02,0.04,108415,999,3,0.29,0.17,0.09,-0.01,48,580,363,0,3.15,0.0,0.0146,0.0331,15.46,18.0,10.59
482.222,after,84.1,52.1380127,21.1608286,89.62,52.1380121,21.1608306,25,0.58,0.1,255,-0.1677,0.3354,0.178,0.4577,3.362,2.838,-18.33,-14.54,320.54,0.05,0.0,0.0,0.04,108415,999,3,0.29,0.17,0.09,-0.01,48,-1060,-600,0,3.15,0.04,0.0096,0.0205,22.92,21.94,18.66
482.322,after,84.2,52.1380127,21.1608274,89.65,52.138012,21.1608296,25,0.58,0.609,255,1.0065,0.671,1.057,0.7197,3.274,2.863,-12.88,-10.73,319.23,0.04,0.0,0.04,0.06,108415,999,3,0.29,0.1,0.0,0.11,48,335,355,0,3.14,0.0,0.0138,0.0155,19.17,21.86,13.51
482.422,after,84.301,52.1380126,21.1608257,89.67,52.138012,21.1608296,25,0.58,0.609,255,1.6771,1.174,0.8636,0.5489,3.224,2.888,-7.43,-7.37,318.54,0.04,0.0,0.02,0.08,108415,999,3,0.29,0.1,0.0,0.11,48,-168,-280,0,3.16,-0.07,0.0101,0.022,20.09,24.98,16.46
482.522,after,84.4,52.1380125,21.1608238,89.71,52.1380119,21.1608269,25,0.58,1.17,255,0.6711,0.5033,0.5314,0.3466,3.172,2.922,-3.74,-5.06,318.35,0.02,0.0,0.0,0.05,108415,999,3,0.28,0.1,0.0,0.07,48,-114,-143,0,3.2,-0.06,0.0153,0.0183,15.71,18.06,13.52
482.622,after,84.5,52.1380124,21.1608216,89.75,52.1380119,21.1608269,25,0.58,1.17,255,0.5031,0.3354,0.2433,0.1819,3.226,2.969,-1.9,-3.74,318.47,0.02,0.0,0.01,0.03,108415,999,3,0.28,0.1,0.0,0.07,48,-166,-159,0,3.24,-0.01,0.0096,0.0113,15.56,14.9,13.57
482.722,after,84.6,52.1380124,21.1608194,89.81,52.1380119,21.1608232,25,0.58,1.38,255,0.5032,0.1677,0.1268,0.0893,3.306,3.029,-1.06,-3.09,318.76,0.06,0.0,0.02,0.02,108415,999,3,0.28,0.11,-0.16,-0.01,48,122,69,0,3.29,0.0,0.0186,0.0148,14.62,16.6,14.72
482.822,after,84.7,52.1380124,21.1608171,89.88,52.1380119,21.1608232,25,0.58,1.38,255,0.5031,0.5031,0.0045,0.0374,3.335,3.097,-0.84,-2.79,319.18,0.06,0.0,0.01,0.04,108415,999,3,0.28,0.11,-0.16,-0.01,48,-106,-20,0,3.35,-0.04,0.0129,0.0168,13.73,18.88,13.92
482.922,after,84.8,52.1380123,21.1608148,89.97,52.138012,21.1608189,25,0.58,1.58,255,0.1677,0.1677,-0.0224,-0.0413,3.424,3.18,-0.99,-2.82,319.64,0.06,0.0,0.0,0.06,108415,999,3,0.28,0.11,0.02,0.05,48,-160,-150,0,3.43,0.0,0.0083,0.0122,17.63,19.15,10.37
483.022,after,84.901,52.1380123,21.1608125,90.06,52.138012,21.1608189,25,0.58,1.58,255,0.3354,0.1677,-0.034,-0.0027,3.508,3.275,-1.21,-2.9,320.04,0.06,0.0,0.01,0.03,108415,999,3,0.28,0.11,0.02,0.05,48,22,85,0,3.52,0.01,0.0047,0.0084,16.44,17.48,12.38
483.122,after,85.001,52.1380123,21.1608101,90.16,52.138012,21.1608143,25,0.58,1.53,255,0.1677,0.1677,-0.0232,-0.0026,3.618,3.378,-1.37,-2.81,320.39,0.02,0.0,0.0,0.02,108415,999,3,0.28,0.13,0.04,-0.01,48,23,210,0,3.6,0.02,0.0026,0.0082,16.25,18.7,10.35
483.222,after,85.101,52.1380123,21.1608078,90.27,52.138012,21.1608143,25,0.58,1.53,255,0.3354,0.1677,0.076,0.0744,3.726,3.489,-1.14,-2.57,320.73,0.02,0.0,0.0,0.04,108415,999,3,0.28,0.13,0.04,-0.01,48,-12,231,0,3.7,0.0,0.0033,0.0094,17.33,17.8,12.17
483.322,after,85.2,52.1380123,21.1608054,90.39,52.138012,21.1608098,25,0.58,1.58,255,0.3355,0.5033,0.0361,0.0629,3.848,3.609,-0.98,-2.12,320.98,0.01,0.0,0.04,0.01,108415,999,3,0.28,0.14,0.0,0.0,48,-198,-173,0,3.8,-0.01,0.0036,0.0193,18.04,18.26,13.64
483.422,after,85.3,52.1380124,21.1608031,90.52,52.138012,21.1608098,25,0.58,1.58,255,0.5032,0.1677,0.0189,-0.0912,3.978,3.736,-0.72,-2.33,321.1,0.01,0.0,0.0,0.06,108415,999,3,0.28,0.14,0.0,0.0,48,-228,-63,0,3.91,-0.01,0.004,0.0185,17.39,18.94,12.4
483.522,after,85.401,52.1380124,21.1608007,90.66,52.1380119,21.1608051,25,0.58,1.582,255,0.1677,0.1677,-0.0053,-0.051,4.136,3.875,-0.62,-2.72,321.12,0.0,0.0,0.02,0.03,108415,999,3,0.28,0.13,-0.02,0.0,48,-14,-12,0,4.05,0.0,0.005,0.0116,15.97,18.39,11.31
483.622,after,85.501,52.1380124,21.1607984,90.81,52.1380119,21.1608051,25,0.58,1.582,255,0.1677,0.1677,-0.0732,0.0395,4.322,4.023,-1.03,-2.84,321.15,0.0,0.0,0.01,0.07,108415,999,3,0.28,0.13,-0.02,0.0,48,-53,-27,0,4.19,-0.02,0.0047,0.0132,15.01,17.27,9.63
483.722,after,85.6,52.1380124,21.160796,90.96,52.1380119,21.1608004,25,0.58,1.667,255,0.1677,0.3354,0.0276,0.0905,4.452,4.18,-1.17,-2.54,321.13,0.03,0.0,0.02,0.03,108415,999,3,0.28,0.15,-0.06,0.07,48,77,86,0,4.33,-0.04,0.0096,0.0194,18.86,14.94,11.74
483.822,after,85.7,52.1380124,21.1607936,91.13,52.1380119,21.1608004,25,0.58,1.667,255,0.3354,0.1677,0.2716,0.2849,4.63,4.343,-0.01,-1.21,320.96,0.03,0.0,0.04,0.04,108415,999,3,0.28,0.15,-0.06,0.07,48,-214,-202,0,4.48,-0.05,0.0074,0.027,17.07,16.99,12.01
483.922,after,85.801,52.1380124,21.1607913,91.3,52.138012,21.1607957,25,0.58,1.571,255,0.8386,0.8386,0.3112,0.2738,4.768,4.515,1.74,0.41,320.7,0.01,0.0,0.01,0.04,108415,999,3,0.28,0.16,0.0,-0.01,48,-228,-174,0,4.65,-0.04,0.0049,0.0225,16.08,17.0,9.61
484.022,after,85.9,52.1380125,21.1607891,91.48,52.138012,21.1607957,25,0.58,1.571,255,0.3355,0.5032,0.2842,0.1811,4.986,4.697,3.34,1.58,320.4,0.01,0.0,0.02,0.03,108415,999,3,0.28,0.16,0.0,-0.01,48,290,216,0,4.83,-0.02,0.0048,0.0228,17.9,16.27,9.44
484.122,after,86.001,52.1380125,21.160787,91.68,52.1380121,21.1607913,25,0.58,1.471,255,0.3356,0.1678,0.1304,0.1144,5.224,4.893,4.26,2.31,320.06,0.06,0.0,0.03,0.03,108415,999,3,0.29,0.16,-0.11,-0.03,48,38,-17,0,5.02,0.0,0.0128,0.0206,16.17,17.26,12.24
484.222,after,86.1,52.1380126,21.1607851,91.88,52.1380121,21.1607913,25,0.58,1.471,255,0.3353,0.3353,0.027,0.0593,5.476,5.098,4.61,2.69,319.85,0.06,0.0,0.02,0.04,108415,999,3,0.29,0.16,-0.11,-0.03,48,-162,-105,0,5.22,-0.06,0.009,0.0206,17.7,17.31,10.27
484.322,after,86.2,52.1380126,21.1607834,92.1,52.1380122,21.1607874,25,0.58,1.258,255,0.1677,0.1677,0.0047,0.0796,5.686,5.313,4.67,3.11,319.8,0.05,0.0,0.02,0.03,108415,999,3,0.29,0.17,0.14,-0.05,48,100,91,0,5.43,-0.06,0.0129,0.0212,17.37,16.56,13.68
484.422,after,86.3,52.1380126,21.160782,92.32,52.1380122,21.1607874,25,0.58,1.258,255,0.1677,0.0,0.0286,-0.0186,5.912,5.533,4.86,3.29,319.75,0.05,0.0,0.04,0.02,108415,999,3,0.29,0.17,0.14,-0.05,48,102,297,0,5.64,-0.09,0.0106,0.0266,17.75,16.6,14.33
484.522,after,86.4,52.1380126,21.1607808,92.54,52.138012,21.1607842,25,0.58,0.999,255,0.1677,0.1677,-0.0566,-0.0294,6.115,5.754,4.86,3.03,319.69,0.05,0.01,0.07,0.02,108415,999,3,0.29,0.18,0.05,0.02,48,-191,-78,0,5.84,-0.09,0.0155,0.0487,17.23,16.91,15.24
484.622,after,86.5,52.1380126,21.1607797,92.76,52.138012,21.1607842,25,0.58,0.999,255,0.0,0.0,-0.1519,-0.0075,6.36,5.978,4.15,2.98,319.72,0.05,0.01,0.04,0.03,108415,999,3,0.29,0.18,0.05,0.02,48,131,-107,0,6.06,-0.09,0.0125,0.0457,18.36,16.59,15.7
484.722,after,86.601,52.1380125,21.1607789,92.99,52.1380119,21.1607818,25,0.58,0.633,255,0.0,0.0,-0.0423,-0.0466,6.584,6.203,3.6,2.59,319.67,0.06,0.0,0.03,0.02,108415,999,3,0.29,0.18,-0.02,-0.13,48,-29,-7,0,6.27,-0.09,0.0191,0.0507,17.06,17.01,13.91
484.822,after,86.7,52.1380125,21.1607782,93.22,52.1380119,21.1607818,25,0.58,0.633,255,0.1677,0.0,-0.0208,-0.0995,6.818,6.434,3.45,2.15,319.43,0.06,0.0,0.05,0.04,108415,999,3,0.29,0.18,-0.02,-0.13,48,-73,-33,0,6.5,-0.09,0.0148,0.0475,17.31,15.33,11.33
484.922,after,86.8,52.1380125,21.1607777,93.46,52.1380118,21.1607804,25,0.58,0.474,255,0.0,0.1677,-0.0389,-0.0961,7.066,6.672,3.36,1.61,319.13,0.03,0.01,0.02,0.02,108415,999,3,0.3,0.19,0.02,-0.05,48,-80,42,0,6.75,-0.09,0.0153,0.0365,16.54,14.86,11.06
485.022,after,86.9,52.1380124,21.1607774,93.7,52.1380118,21.1607804,25,0.58,0.474,255,0.0,0.0,-0.0844,-0.1534,7.264,6.913,3.04,0.98,318.82,0.03,0.01,0.05,0.02,108415,999,3,0.3,0.19,0.02,-0.05,48,-208,35,0,6.99,-0.09,0.0114,0.0362,17.74,14.34,9.19
485.122,after,87.001,52.1380123,21.1607771,93.94,52.1380117,21.1607795,24,0.64,0.277,255,1.006,0.0,-0.0229,-0.1093,7.42,7.158,2.78,0.22,318.58,0.05,0.01,0.04,0.01,108415,999,3,0.3,0.19,0.09,-0.1,48,343,145,0,7.23,-0.09,0.0199,0.0374,15.75,13.06,9.98
485.222,after,87.101,52.1380122,21.160777,94.19,52.1380117,21.1607795,24,0.64,0.277,255,0.0,0.0,-0.0038,-0.0573,7.6,7.402,2.76,-0.11,318.45,0.05,0.01,0.06,0.05,108415,999,3,0.3,0.19,0.09,-0.1,48,124,-105,0,7.47,-0.09,0.014,0.0366,14.84,14.68,9.77
485.322,after,87.201,52.1380121,21.1607769,94.43,52.1380115,21.1607791,24,0.64,0.18,255,0.0,0.0,-0.0401,-0.0757,7.816,7.648,2.49,-0.56,318.37,0.01,0.01,0.04,0.01,108415,999,3,0.3,0.2,-0.01,-0.01,48,12,75,0,7.72,-0.09,0.0114,0.0329,13.38,15.18,8.66
485.422,after,87.3,52.1380121,21.1607769,94.68,52.1380115,21.1607791,24,0.64,0.18,255,0.0,0.0,-0.0299,-0.0307,8.048,7.893,2.36,-0.84,318.34,0.01,0.01,0.05,0.01,108415,999,3,0.3,0.2,-0.01,-0.01,48,-30,-278,0,7.96,-0.09,0.0082,0.0326,13.41,13.47,8.71
485.522,after,87.4,52.138012,21.160777,94.92,52.1380114,21.160779,24,0.64,0.017,255,0.0,0.0,-0.0424,-0.0296,8.296,8.136,2.13,-1.13,318.35,0.02,0.01,0.05,0.01,108415,999,3,0.31,0.2,-0.04,-0.04,48,-161,-104,0,8.21,-0.09,0.0112,0.0348,12.95,14.63,8.97
485.622,after,87.501,52.138012,21.1607771,95.17,52.1380114,21.160779,24,0.64,0.017,255,0.0,0.0,-0.0076,0.0041,8.532,8.381,2.13,-1.16,318.46,0.02,0.01,0.03,0.01,108415,999,3,0.31,0.2,-0.04,-0.04,48,-41,8,0,8.46,-0.09,0.0075,0.0275,12.11,13.02,9.78
485.722,after,87.6,52.138012,21.1607773,95.41,52.1380113,21.1607792,25,0.58,0.124,255,-0.1677,-0.3354,-0.0702,-0.1093,8.774,8.621,1.79,-1.53,318.66,0.03,0.01,0.06,0.03,108415,999,3,0.31,0.19,0.08,-0.02,48,53,64,0,8.69,-0.09,0.0113,0.0367,13.35,13.8,8.87
485.822,after,87.7,52.138012,21.1607775,95.64,52.1380113,21.1607792,25,0.58,0.124,255,-0.1677,0.0,-0.0632,-0.0358,9.01,8.86,1.52,-1.89,318.91,0.03,0.01,0.07,0.01,108415,999,3,0.31,0.19,0.08,-0.02,48,-329,-607,0,8.93,-0.09,0.0088,0.0377,12.53,13.16,10.42
485.922,after,87.801,52.1380119,21.1607777,95.88,52.1380112,21.1607795,25,0.58,0.041,255,-0.1677,0.0,-0.0884,-0.0185,9.236,9.097,0.92,-2.05,319.15,0.02,0.01,0.06,0.02,108415,999,3,0.31,0.19,0.02,0.05,48,105,54,0,9.17,-0.09,0.0071,0.033,13.92,14.77,7.41
486.022,after,87.901,52.1380119,21.1607778,96.12,52.1380112,21.1607795,25,0.58,0.041,255,-0.1678,0.0,-0.0662,-0.0128,9.472,9.335,0.38,-2.17,319.35,0.02,0.01,0.06,0.02,108415,999,3,0.31,0.19,0.02,0.05,48,-65,31,0,9.41,-0.09,0.0064,0.0332,11.4,13.51,10.33
486.122,after,88.0,52.1380119,21.1607781,96.36,52.1380112,21.1607798,25,0.58,0.113,255,0.0,0.0,-0.0181,-0.0275,9.702,9.576,0.12,-2.32,319.46,0.03,0.01,0.04,0.02,108415,999,3,0.32,0.19,-0.02,0.0,48,-102,29,0,9.66,-0.09,0.002,0.0209,10.11,12.41,8.36
486.222,after,88.101,52.1380119,21.1607783,96.6,52.1380112,21.1607798,25,0.58,0.113,255,0.0,0.0,-0.0307,-0.0219,9.91,9.82,-0.06,-2.52,319.59,0.03,0.01,0.05,0.01,108415,999,3,0.32,0.19,-0.02,0.0,48,22,45,0,9.9,-0.09,0.0029,0.0205,11.49,11.68,10.1
486.322,after,88.2,52.1380119,21.1607785,96.85,52.1380112,21.1607803,25,0.64,0.165,255,-0.1677,0.0,-0.0492,0.0048,10.128,10.065,-0.34,-2.49,319.82,0.04,0.02,0.06,0.06,108415,999,3,0.32,0.18,0.12,-0.04,48,-126,3,0,10.14,-0.09,0.0112,0.0279,10.88,12.41,10.58
486.422,after,88.3,52.1380119,21.1607787,97.09,52.1380112,21.1607803,25,0.64,0.165,255,-0.1678,0.1678,-0.0728,0.0107,10.762,10.308,-0.66,-2.43,320.06,0.04,0.02,0.05,0.04,108415,999,3,0.32,0.18,0.12,-0.04,48,48,-161,0,10.39,-0.09,0.0074,0.0234,12.23,12.56,7.35
486.522,after,88.401,52.138012,21.1607789,97.34,52.1380112,21.1607807,25,0.58,0.097,255,0.0,0.0,-0.0587,-0.0058,11.045,10.556,-1.01,-2.42,320.23,0.04,0.02,0.04,0.04,108415,999,3,0.32,0.18,0.02,0.0,48,68,5,0,10.64,-0.09,0.0066,0.016,11.38,11.92,6.52
486.622,after,88.5,52.138012,21.1607791,97.59,52.1380112,21.1607807,25,0.58,0.097,255,0.0,0.0,-0.0429,-0.0295,11.24,10.807,-1.21,-2.49,320.35,0.04,0.02,0.04,0.01,108415,999,3,0.32,0.18,0.02,0.0,48,30,6,0,10.89,-0.09,0.0037,0.0132,10.26,12.21,5.09
486.722,after,88.6,52.138012,21.1607792,97.85,52.1380113,21.1607809,25,0.58,0.055,255,0.0,0.0,0.0197,-0.0489,12.0,11.06,-1.24,-2.67,320.46,0.06,0.01,0.03,0.02,108415,999,3,0.32,0.18,0.03,0.01,48,13,-141,0,11.16,-0.09,0.0056,0.0089,11.05,11.5,6.56
486.822,after,88.7,52.1380121,21.1607793,98.1,52.1380113,21.1607809,25,0.58,0.055,255,0.1677,0.0,0.0723,-0.0124,12.0,11.315,-0.83,-2.75,320.56,0.06,0.01,0.03,0.02,108415,999,3,0.32,0.18,0.03,0.01,48,-77,-157,0,11.42,-0.09,0.0031,0.0042,11.09,10.99,9.03
486.922,after,88.8,52.1380121,21.1607794,98.35,52.1380114,21.160781,24,0.64,0.096,255,0.0,0.0,-0.0616,0.0409,12.0,11.567,-0.94,-2.68,320.62,0.07,0.01,0.05,0.02,108415,999,3,0.32,0.18,-0.03,0.04,48,-54,17,0,11.68,-0.09,0.0065,0.0099,9.72,10.26,8.54
487.022,after,88.9,52.1380122,21.1607794,98.6,52.1380114,21.160781,24,0.64,0.096,255,-0.1677,0.0,-0.0025,0.0611,12.0,11.815,-1.06,-2.42,320.64,0.07,0.01,0.03,0.05,108415,999,3,0.32,0.18,-0.03,0.04,48,58,-45,0,11.93,-0.09,0.0051,0.0081,12.34,12.21,6.19
487.122,after,89.0,52.1380122,21.1607794,98.84,52.1380114,21.1607811,24,0.64,0.094,255,0.0,-0.1677,-0.0093,0.0361,12.0,12.056,-1.05,-2.08,320.63,0.05,0.01,0.05,0.05,108415,999,3,0.33,0.19,0.14,-0.05,48,169,-78,0,12.17,-0.09,0.0098,0.0128,13.91,12.8,6.22
487.222,after,89.101,52.1380122,21.1607795,99.07,52.1380114,21.1607811,24,0.64,0.094,255,0.0,0.0,0.0084,-0.0313,12.0,12.29,-1.05,-2.05,320.55,0.05,0.01,0.02,0.01,108415,1507,3,0.33,0.19,0.14,-0.05,48,21,-37,0,12.41,-0.09,0.0056,0.008,12.3,13.39,6.27
487.322,after,89.201,52.1380122,21.1607795,99.3,52.1380113,21.1607812,25,0.58,0.081,255,0.0,0.0,0.051,-0.0003,12.0,12.52,-0.93,-2.12,320.46,0.02,0.01,0.01,0.04,108415,1507,3,0.33,0.19,-0.02,0.02,48,11,24,0,12.66,-0.09,0.0027,0.0104,12.5,12.36,10.51
487.422,after,89.3,52.1380122,21.1607795,99.52,52.1380113,21.1607812,25,0.58,0.081,255,0.0,0.0,0.0097,0.0192,12.0,12.738,-0.79,-2.03,320.42,0.02,0.01,0.04,0.06,108415,1507,3,0.33,0.19,-0.02,0.02,48,127,-7,0,12.88,-0.09,0.002,0.0042,11.84,12.77,9.9
487.522,after,89.4,52.1380123,21.1607795,99.74,52.1380114,21.1607812,25,0.58,0.064,255,0.0,-0.1677,0.0137,-0.0564,12.0,12.951,-0.62,-2.2,320.42,0.02,0.01,0.01,0.02,108415,1507,3,0.33,0.19,-0.02,0.02,48,-35,6,0,13.11,-0.09,0.0027,0.0127,13.9,11.84,9.34
487.622,after,89.501,52.1380123,21.1607795,99.94,52.1380114,21.1607812,25,0.58,0.064,255,0.0,0.0,-0.04,-0.0028,12.0,13.156,-0.78,-2.38,320.42,0.02,0.01,0.01,0.03,108415,1507,3,0.33,0.19,-0.02,0.02,48,26,48,0,13.33,-0.09,0.0037,0.0202,13.99,15.68,10.21
487.722,after,89.601,52.1380123,21.1607796,100.14,52.1380116,21.1607811,25,0.58,0.2,255,0.0,0.0,0.093,-0.0178,12.0,13.351,-0.55,-2.43,320.4,0.02,0.01,0.01,0.05,108415,1507,3,0.33,0.19,-0.02,0.02,48,-193,8,0,13.54,-0.09,0.0039,0.0174,15.84,14.82,12.24
487.822,after,89.7,52.1380124,21.1607796,100.32,52.1380116,21.1607811,25,0.58,0.2,255,0.3354,0.0,0.0703,0.0347,12.0,13.536,-0.17,-2.24,320.43,0.02,0.01,0.0,0.06,108415,1507,3,0.33,0.19,-0.02,0.02,48,111,-41,0,13.73,-0.09,0.0035,0.0177,16.22,15.27,9.3
487.922,after,89.801,52.1380124,21.1607797,100.5,52.1380119,21.1607811,25,0.58,0.219,255,0.0,0.0,0.0528,0.0461,12.0,13.711,0.23,-2.02,320.46,0.02,0.01,0.0,0.06,108415,1507,3,0.33,0.19,-0.02,0.02,48,-69,-39,0,13.92,-0.09,0.004,0.0208,15.47,14.4,12.51
488.022,after,89.901,52.1380125,21.1607798,100.66,52.1380119,21.1607811,25,0.58,0.219,255,0.0,0.3354,0.0602,0.048,12.0,13.876,0.59,-1.61,320.47,0.02,0.01,0.01,0.05,108415,1507,3,0.33,0.19,-0.02,0.02,48,-52,-51,0,14.1,-0.09,0.0044,0.0251,16.69,15.18,12.71
488.122,after,90.001,52.1380126,21.16078,100.82,52.1380123,21.1607812,25,0.58,0.118,255,0.3355,0.0,0.1441,-0.1048,12.0,14.034,1.5,-2.13,320.47,0.02,0.01,0.03,0.03,108415,1507,3,0.33,0.19,-0.02,0.02,48,229,13,0,14.28,-0.09,0.0052,0.0334,16.71,16.04,12.63
488.222,after,90.1,52.1380126,21.1607802,100.97,52.1380123,21.1607812,25,0.58,0.118,255,0.0,0.0,0.0746,-0.0679,12.0,14.184,1.9,-2.63,320.45,0.02,0.01,0.03,0.04,108415,1507,3,0.33,0.19,-0.02,0.02,48,-100,-67,0,14.44,-0.09,0.0061,0.0374,21.62,20.7,14.97
488.322,after,90.201,52.1380127,21.1607805,101.11,52.1380125,21.1607816,25,0.58,0.208,255,0.3354,-0.1677,0.1262,-0.0515,12.0,14.323,2.74,-2.83,320.46,0.02,0.01,0.03,0.04,108415,1507,3,0.33,0.18,-0.02,0.02,48,-138,-132,0,14.6,-0.09,0.0073,0.0414,17.24,20.9,14.7
488.422,after,90.3,52.1380129,21.1607809,101.24,52.1380125,21.1607816,25,0.58,0.208,255,0.0,0.0,0.106,0.008,12.0,14.452,3.34,-2.92,320.55,0.02,0.01,0.05,0.05,108415,1507,3,0.33,0.18,-0.02,0.02,48,-89,37,0,14.75,-0.09,0.0084,0.0477,19.04,20.09,14.27
488.522,after,90.4,52.1380131,21.1607813,101.36,52.1380128,21.1607825,25,0.58,0.278,255,0.1677,0.0,0.2042,-0.0061,12.0,14.571,4.25,-2.95,320.57,0.02,0.01,0.05,0.03,108415,999,3,0.34,0.18,-0.02,0.02,48,-111,15,0,14.88,-0.09,0.01,0.0525,18.34,18.9,12.73
488.622,after,90.501,52.1380133,21.1607819,101.47,52.1380128,21.1607825,25,0.58,0.278,255,0.1677,0.0,0.1699,-0.0246,12.0,14.682,5.24,-3.08,320.56,0.02,0.01,0.08,0.04,108415,999,3,0.34,0.18,-0.02,0.02,48,3,20,0,15.02,-0.09,0.0101,0.0612,20.53,18.83,14.61
488.722,after,90.6,52.1380141,21.1607833,101.56,52.1380132,21.1607833,25,0.58,0.312,255,0.1677,0.0,0.1287,-0.0667,12.0,14.778,6.22,-3.23,320.58,0.03,0.0,0.02,0.05,108415,999,3,0.34,0.18,0.04,0.09,48,-9,2,0,15.12,-0.09,0.0143,0.0533,18.24,18.49,14.44
488.822,after,90.7,52.1380144,21.1607839,101.65,52.1380132,21.1607833,25,0.58,0.312,255,0.0,0.0,-0.0134,0.0626,12.0,14.861,6.37,-3.17,320.66,0.03,0.0,0.06,0.04,108415,999,3,0.34,0.18,0.04,0.09,48,-8,-166,0,15.22,-0.09,0.0124,0.0563,17.17,19.48,13.89
488.922,after,90.801,52.1380147,21.1607847,101.72,52.1380137,21.1607846,25,0.58,0.525,255,0.0,0.0,0.0579,0.0596,12.0,14.934,6.46,-2.84,320.7,0.01,0.0,0.07,0.04,108415,999,3,0.34,0.17,0.02,0.01,48,17,-54,0,15.31,-0.09,0.0123,0.0608,16.25,18.25,14.07
489.022,after,90.901,52.1380151,21.1607856,101.78,52.1380137,21.1607846,25,0.58,0.525,255,0.0,0.0,0.0483,-0.0024,12.0,14.996,6.72,-2.79,320.66,0.01,0.0,0.05,0.03,108415,999,3,0.34,0.17,0.02,0.01,48,-4,8,0,15.38,-0.09,0.0107,0.0571,17.69,20.05,14.49
489.122,after,91.001,52.1380157,21.1607867,101.83,52.1380146,21.1607865,25,0.58,0.889,255,0.0,0.0,-0.0504,-0.0055,12.0,15.049,6.68,-2.79,320.58,0.03,0.01,0.08,0.04,108415,999,3,0.34,0.15,-0.06,-0.08,48,2,-1,0,15.45,-0.09,0.0141,0.0635,15.87,20.53,13.4
489.222,after,91.1,52.1380162,21.160788,101.88,52.1380146,21.1607865,25,0.58,0.889,255,-0.1678,0.1678,-0.137,0.0327,12.0,15.093,6.11,-2.59,320.5,0.03,0.01,0.06,0.06,108415,999,3,0.34,0.15,-0.06,-0.08,48,-49,-15,0,15.5,-0.09,0.0118,0.0588,18.46,23.35,16.67
489.322,after,91.2,52.1380169,21.1607893,101.92,52.1380157,21.1607888,25,0.58,0.977,255,-0.1677,0.0,-0.1012,0.0025,12.0,15.13,5.39,-2.62,320.31,0.02,0.01,0.11,0.05,108415,999,3,0.34,0.14,0.0,0.05,48,46,9,0,15.56,-0.09,0.0143,0.0725,19.28,20.38,15.12
489.422,after,91.3,52.1380175,21.1607907,101.95,52.1380157,21.1607888,25,0.58,0.977,255,-0.1677,0.0,-0.1192,-0.003,12.0,15.161,4.75,-2.59,320.02,0.02,0.01,0.07,0.04,108351,999,3,0.34,0.14,0.0,0.05,48,2,-6,0,15.6,-0.09,0.0126,0.0669,18.84,20.61,14.82
489.522,after,91.401,52.1380183,21.1607922,101.97,52.1380171,21.1607912,25,0.58,1.183,255,-0.5031,0.0,-0.1683,-0.0387,12.0,15.185,3.8,-2.54,319.58,0.02,0.0,0.08,0.03,108351,999,3,0.34,0.13,-0.01,0.05,48,63,-30,0,15.63,-0.09,0.0152,0.0693,18.54,19.73,12.5
489.622,after,91.5,52.138019,21.1607937,101.99,52.1380171,21.1607912,25,0.58,1.183,255,-0.1677,0.0,-0.1257,0.0044,12.0,15.205,3.18,-2.65,319.11,0.02,0.0,0.1,0.02,108351,999,3,0.34,0.13,-0.01,0.05,48,-160,45,0,15.66,-0.09,0.0141,0.0714,20.57,18.77,13.05
489.722,after,91.6,52.1380198,21.1607953,102.01,52.1380185,21.1607939,25,0.58,1.286,255,-0.1678,0.0,-0.1208,0.0567,12.0,15.222,2.34,-2.5,318.7,0.02,0.01,0.1,0.05,108351,999,3,0.34,0.12,0.02,0.03,48,-71,3,0,15.68,-0.09,0.0149,0.0747,20.68,17.68,13.58
489.822,after,91.701,52.1380206,21.1607969,102.02,52.1380185,21.1607939,25,0.58,1.286,255,-0.1678,0.0,-0.0619,-0.0177,12.0,15.236,1.97,-2.29,318.35,0.02,0.01,0.11,0.03,108351,999,3,0.34,0.12,0.02,0.03,48,-21,-47,0,15.7,-0.09,0.0139,0.0745,21.73,22.53,15.74
489.922,after,91.801,52.1380213,21.1607986,102.03,52.13802,21.160797,25,0.58,1.388,255,-0.1677,0.0,-0.1224,-0.0621,12.0,15.249,1.38,-2.45,318.18,0.02,0.01,0.12,0.04,108351,999,3,0.33,0.12,-0.02,0.02,48,26,12,0,15.73,-0.09,0.0163,0.0815,21.11,21.72,12.82
490.022,after,91.9,52.1380221,21.1608003,102.05,52.13802,21.160797,25,0.58,1.388,255,-0.1677,0.0,-0.0798,0.0173,12.0,15.263,0.71,-2.63,318.18,0.02,0.01,0.13,0.02,108351,999,3,0.33,0.12,-0.02,0.02,48,38,38,0,15.74,-0.09,0.0151,0.0815,21.51,20.08,14.47
490.122,after,92.0,52.1380229,21.1608019,102.06,52.1380216,21.1608001,25,0.58,1.381,255,-0.1677,-0.1677,-0.0445,-0.0269,12.0,15.278,0.35,-2.73,318.26,0.02,0.01,0.15,0.03,108351,999,3,0.33,0.12,-0.02,0.04,48,160,-10,0,15.77,-0.09,0.0177,0.0893,19.7,19.84,12.59
490.222,after,92.1,52.1380237,21.1608036,102.08,52.1380216,21.1608001,25,0.58,1.381,255,0.0,0.0,0.1038,-0.0076,12.0,15.292,0.62,-2.75,318.39,0.02,0.01,0.12,0.04,108351,999,3,0.33,0.12,-0.02,0.04,48,-69,17,0,15.77,-0.09,0.0153,0.0824,19.82,21.35,14.35
490.322,after,92.2,52.1380245,21.1608052,102.09,52.138023,21.1608031,25,0.58,1.283,255,-0.1677,0.0,0.0041,-0.0319,12.0,15.306,0.8,-2.82,318.53,0.06,0.0,0.09,0.05,108351,999,3,0.33,0.12,0.08,0.11,48,0,7,0,15.79,-0.09,0.0191,0.0788,19.38,21.86,14.01
490.422,after,92.301,52.1380252,21.1608068,102.1,52.138023,21.1608031,25,0.58,1.283,255,0.0,0.0,0.0371,-0.0207,12.0,15.316,1.1,-2.97,318.75,0.06,0.0,0.11,0.02,108351,999,3,0.33,0.12,0.08,0.11,48,38,-128,0,15.79,-0.09,0.0152,0.0707,19.36,19.32,13.76
490.522,after,92.401,52.138026,21.1608084,102.11,52.1380245,21.1608061,25,0.58,1.403,255,-0.1677,0.0,0.0122,0.0169,12.0,15.321,1.14,-3.07,319.11,0.04,0.01,0.1,0.04,108351,999,3,0.33,0.12,-0.04,0.04,48,-95,49,0,15.78,-0.09,0.0136,0.0573,19.08,19.55,13.73
490.622,after,92.5,52.1380268,21.16081,102.11,52.1380245,21.1608061,25,0.58,1.403,255,-0.1677,0.0,-0.0007,0.0013,12.0,15.323,1.05,-3.06,319.53,0.04,0.01,0.11,0.01,108351,999,3,0.33,0.12,-0.04,0.04,48,-59,-15,0,15.78,-0.09,0.0105,0.0529,19.7,19.41,11.54
490.722,after,92.6,52.1380276,21.1608116,102.1,52.1380261,21.1608092,25,0.58,1.403,255,0.0,0.1677,0.0391,0.0318,12.0,15.319,1.17,-2.86,319.89,0.05,0.01,0.08,0.02,108351,999,3,0.33,0.13,-0.05,0.05,48,71,-41,0,15.76,-0.09,0.0117,0.0382,17.53,18.82,11.64
490.822,after,92.701,52.1380284,21.1608132,102.1,52.1380261,21.1608092,25,0.58,1.403,255,0.0,0.0,0.0719,0.0243,12.0,15.31,1.42,-2.68,320.19,0.05,0.01,0.04,0.03,108351,999,3,0.33,0.13,-0.05,0.05,48,-105,-36,0,15.74,-0.09,0.0073,0.0227,19.75,19.33,12.18
490.922,after,92.801,52.1380293,21.1608148,102.08,52.1380276,21.1608123,25,0.58,1.331,255,-0.1677,0.0,-0.0493,-0.011,12.0,15.298,1.42,-2.64,320.39,0.04,0.0,0.06,0.04,108351,999,3,0.33,0.12,0.07,0.09,48,69,-16,0,15.72,-0.09,0.0108,0.0222,19.33,20.88,14.19
491.022,after,92.9,52.1380301,21.1608164,102.07,52.1380276,21.1608123,25,0.58,1.331,255,0.0,0.0,-0.0778,0.0424,12.0,15.286,1.09,-2.47,320.48,0.04,0.0,0.08,0.03,108351,999,3,0.33,0.12,0.07,0.09,48,-23,-43,0,15.71,-0.09,0.0069,0.0204,20.09,19.45,13.81
491.122,after,93.0,52.1380308,21.1608181,102.06,52.138029,21.1608156,25,0.58,1.38,255,-0.1677,0.0,-0.0335,0.0121,12.0,15.273,0.7,-2.42,320.49,0.04,0.0,0.05,0.03,108351,999,3,0.33,0.12,0.11,0.03,48,-4,9,0,15.69,-0.09,0.0115,0.0181,20.4,19.99,12.91
491.222,after,93.101,52.1380316,21.1608198,102.04,52.138029,21.1608156,25,0.58,1.38,255,-0.1677,0.0,0.0238,0.0222,12.0,15.258,0.89,-2.25,320.39,0.04,0.0,0.03,0.03,108351,999,5,0.33,0.12,0.11,0.03,48,75,-20,0,15.66,-0.09,0.0075,0.0123,18.97,19.1,12.61
491.322,after,93.201,52.1380324,21.1608215,102.02,52.1380305,21.1608189,25,0.58,1.478,255,0.0,0.0,-0.0531,-0.0627,12.0,15.238,0.93,-2.45,320.21,0.03,0.0,0.02,0.03,108351,999,5,0.33,0.13,0.01,0.0,48,77,13,0,15.63,-0.09,0.0078,0.02,21.14,20.81,15.79
491.422,after,93.301,52.1380331,21.1608232,102.0,52.1380305,21.1608189,25,0.58,1.478,255,-0.5031,-0.1677,-0.6325,-0.1314,12.0,15.215,-1.56,-3.16,320.24,0.03,0.0,0.03,0.08,112447,999,5,0.33,0.13,0.01,0.0,48,135,102,0,15.6,-0.09,0.0066,0.0238,18.41,18.69,13.47
491.522,after,93.401,52.1380339,21.1608248,101.97,52.1380321,21.1608224,25,0.58,1.474,255,-0.8386,0.0,-0.9084,-0.1085,12.0,15.183,-6.58,-3.88,320.46,0.02,0.01,0.01,0.1,112447,999,5,0.33,0.12,0.0,-0.03,48,397,127,0,15.56,-0.09,0.0086,0.034,18.92,19.15,13.46
491.622,after,93.501,52.1380345,21.1608263,101.92,52.1380321,21.1608224,25,0.58,1.474,255,-0.5031,0.0,-0.5563,-0.025,12.0,15.139,-10.63,-3.98,320.63,0.02,0.01,0.0,0.12,112447,999,5,0.33,0.12,0.0,-0.03,48,-437,-130,0,15.53,-0.09,0.0086,0.0382,18.64,18.42,14.59
491.722,after,93.601,52.1380352,21.1608276,101.86,52.1380336,21.1608257,25,0.58,1.251,255,-0.1677,0.0,-0.2078,-0.0282,12.0,15.073,-12.46,-4.25,320.7,0.1,0.0,0.02,0.15,112447,999,5,0.33,0.14,-0.02,0.08,48,125,-105,0,15.45,-0.09,0.0145,0.0562,18.02,20.31,12.88
491.822,after,93.701,52.1380357,21.1608288,101.77,52.1380336,21.1608257,25,0.58,1.251,255,-0.1677,0.1677,-0.0023,0.0616,12.0,14.988,-12.91,-4.07,320.59,0.1,0.0,0.03,0.13,112447,999,5,0.33,0.14,-0.02,0.08,48,22,-17,0,15.4,-0.09,0.0109,0.0475,21.53,18.95,12.82
491.923,after,93.801,52.1380362,21.1608297,101.66,52.1380348,21.1608282,25,0.58,1.008,255,0.0,0.1677,0.1219,0.0207,12.0,14.876,-12.4,-3.88,320.38,0.07,0.0,0.02,0.04,108351,999,5,0.33,0.15,0.05,0.04,48,-35,-46,0,15.3,-0.09,0.0147,0.0565,19.4,20.85,12.02
492.022,after,93.901,52.1380365,21.1608305,101.53,52.1380348,21.1608282,25,0.58,1.008,255,0.1677,0.0,0.178,0.0764,12.0,14.741,-11.6,-3.61,320.17,0.07,0.0,0.01,0.05,108351,999,5,0.33,0.15,0.05,0.04,48,-88,-54,0,15.19,-0.09,0.0121,0.0539,16.03,17.37,9.7
492.122,after,94.001,52.1380368,21.1608311,101.37,52.1380357,21.1608303,24,0.59,0.718,255,0.0,0.0,0.0613,0.0464,12.0,14.587,-10.82,-3.21,319.77,0.06,0.0,0.02,0.03,108351,999,5,0.33,0.17,0.01,0.0,48,47,61,0,15.05,-0.09,0.0133,0.055,16.19,18.58,11.24
492.222,after,94.101,52.1380371,21.1608316,101.21,52.1380357,21.1608303,24,0.59,0.718,255,0.1677,0.0,0.0983,0.0508,12.0,14.426,-10.35,-3.15,319.2,0.06,0.0,0.09,0.02,108351,999,5,0.33,0.17,0.01,0.0,48,-65,144,0,14.94,-0.09,0.0065,0.0247,19.8,21.14,15.59
492.322,after,94.201,52.1380372,21.1608319,101.05,52.1380363,21.1608316,25,0.64,0.435,255,0.1677,0.1677,0.126,0.0461,12.0,14.262,-9.63,-2.98,318.38,0.04,0.0,0.12,0.01,108351,999,5,0.33,0.17,0.02,0.01,48,-114,-59,0,14.81,-0.09,0.0039,0.0056,21.36,20.94,15.08
492.422,after,94.301,52.1380372,21.1608321,100.88,52.1380363,21.1608316,25,0.64,0.435,255,0.1677,0.0,0.1575,0.0024,12.0,14.097,-8.73,-3.11,317.56,0.04,0.0,0.1,0.02,108351,999,5,0.33,0.17,0.02,0.01,48,-121,-29,0,14.67,-0.09,0.002,0.0149,21.72,20.79,14.97
492.522,after,94.401,52.1380373,21.1608322,100.71,52.1380367,21.1608323,24,0.64,0.218,255,0.3353,0.0,0.1144,-0.0534,12.0,13.928,-7.9,-3.39,316.84,0.04,0.01,0.1,0.02,108351,999,5,0.33,0.18,-0.09,0.03,48,-5,-18,0,14.51,-0.09,0.0088,0.0243,21.07,21.98,15.33
492.622,after,94.501,52.1380372,21.1608321,100.53,52.1380367,21.1608323,24,0.64,0.218,255,0.0,0.0,0.0562,-0.0242,12.0,13.749,-7.46,-3.65,316.31,0.04,0.01,0.0,0.02,108351,999,5,0.33,0.18,-0.09,0.03,48,-106,22,0,14.32,-0.09,0.0058,0.0074,21.13,21.81,15.29
492.722,after,94.601,52.1380371,21.160832,100.34,52.1380369,21.1608324,24,0.64,0.01,255,0.1677,0.0,0.0875,0.025,12.0,13.556,-6.87,-3.7,316.06,0.04,0.01,0.03,0.02,108351,999,5,0.33,0.18,0.0,0.0,48,-133,30,0,14.12,-0.09,0.0058,0.0111,21.93,26.24,15.53
492.822,after,94.701,52.138037,21.1608318,100.15,52.1380369,21.1608324,24,0.64,0.01,255,0.1677,0.3354,0.122,0.0687,12.0,13.364,-6.32,-3.42,316.0,0.04,0.01,0.07,0.02,108351,999,5,0.33,0.18,0.0,0.0,48,-117,-50,0,13.94,-0.09,0.0032,0.0028,21.88,27.48,15.42
492.922,after,94.801,52.1380369,21.1608314,99.96,52.1380368,21.1608322,24,0.64,0.163,255,0.1677,0.1677,0.1262,0.0464,12.0,13.171,-5.53,-3.22,316.1,0.04,0.01,0.03,0.02,108351,999,5,0.33,0.18,-0.06,0.03,48,-9,-19,0,13.74,-0.09,0.0083,0.014,25.02,29.77,17.21
493.022,after,94.901,52.1380368,21.1608311,99.77,52.1380368,21.1608322,24,0.64,0.163,255,0.1677,0.0,0.1462,0.0573,12.0,12.985,-4.63,-2.94,316.31,0.04,0.01,0.03,0.02,108351,999,5,0.33,0.18,-0.06,0.03,48,120,-50,0,13.54,-0.09,0.0055,0.0134,24.5,30.51,18.48
493.122,after,95.001,52.1380365,21.1608306,99.59,52.1380365,21.1608316,25,0.58,0.435,255,0.5031,0.0,0.3691,-0.0833,12.0,12.801,-2.91,-3.16,316.55,0.12,0.01,0.02,0.03,108351,999,5,0.33,0.17,0.12,0.05,48,155,36,0,13.33,-0.09,0.0113,0.0325,27.3,31.45,20.23
493.222,after,95.101,52.1380363,21.1608301,99.42,52.1380365,21.1608316,25,0.58,0.435,255,0.3354,0.0,0.258,-0.0499,12.0,12.638,-1.24,-3.49,316.94,0.12,0.01,0.09,0.04,108351,999,5,0.33,0.17,0.12,0.05,48,1,-115,0,13.17,-0.09,0.0052,0.01,27.34,32.23,19.12
493.322,after,95.201,52.138036,21.1608295,99.28,52.1380359,21.1608306,25,0.58,0.456,255,0.0,0.0,0.1154,-0.0845,12.0,12.496,-0.42,-3.86,317.36,0.04,0.01,0.07,0.04,108351,999,5,0.33,0.16,-0.07,0.05,48,-6,48,0,13.02,-0.09,0.007,0.0101,29.5,31.9,22.32
493.422,after,95.301,52.1380358,21.1608289,99.16,52.1380359,21.1608306,25,0.58,0.456,255,0.0,-0.1677,-0.0786,-0.0504,12.0,12.372,-0.52,-4.33,317.65,0.04,0.01,0.02,0.05,112447,999,5,0.33,0.16,-0.07,0.05,48,65,88,0,12.86,-0.09,0.0054,0.0187,27.86,37.95,22.72
493.522,after,95.401,52.1380356,21.1608283,99.05,52.1380356,21.1608295,25,0.58,0.389,255,0.0,0.0,-0.0713,0.0642,12.0,12.268,-0.94,-4.2,317.77,0.09,0.01,0.03,0.02,112447,999,5,0.33,0.16,-0.08,0.03,48,37,19,0,12.71,-0.09,0.0149,0.039,30.76,36.92,21.45
493.622,after,95.501,52.1380355,21.1608277,98.97,52.1380356,21.1608295,25,0.58,0.389,255,0.1677,0.0,0.1263,0.0778,12.0,12.183,-0.53,-3.81,317.95,0.09,0.01,0.01,0.05,112447,999,5,0.33,0.16,-0.08,0.03,48,-27,94,0,12.61,-0.09,0.0103,0.0337,28.51,33.26,21.15
493.722,after,95.601,52.1380353,21.160827,98.9,52.1380352,21.1608284,25,0.58,0.486,255,0.1677,0.0,0.1649,0.0658,12.0,12.117,0.24,-3.42,318.2,0.03,0.01,0.0,0.03,112447,999,5,0.33,0.15,0.0,0.08,48,23,77,0,12.53,-0.09,0.0099,0.0315,27.51,28.22,17.64
493.822,after,95.701,52.1380352,21.1608264,98.85,52.1380352,21.1608284,25,0.58,0.486,255,0.1677,0.0,0.1848,0.0247,12.0,12.066,1.18,-3.2,318.5,0.03,0.01,0.0,0.05,112447,999,5,0.33,0.15,0.0,0.08,48,-31,107,0,12.46,-0.09,0.0063,0.0302,23.63,25.03,17.6
493.922,after,95.801,52.1380351,21.1608258,98.81,52.1380351,21.1608271,25,0.58,0.377,255,0.3354,0.1677,0.1436,0.0494,12.0,12.027,2.05,-2.99,318.89,0.06,0.01,0.02,0.03,112447,999,5,0.33,0.15,-0.16,-0.01,48,-6,-50,0,12.4,-0.09,0.0166,0.0408,23.0,23.11,16.1
494.023,after,95.901,52.1380351,21.1608252,98.78,52.1380351,21.1608271,25,0.58,0.377,255,0.1677,0.1677,0.0091,0.1042,12.0,11.998,2.43,-2.58,319.24,0.06,0.01,0.02,0.03,112447,999,5,0.33,0.15,-0.16,-0.01,48,-117,-73,0,12.36,-0.09,0.0114,0.0375,20.89,21.74,15.39
494.122,after,96.001,52.1380351,21.1608247,98.76,52.138035,21.160826,25,0.58,0.354,255,-0.1677,0.1677,-0.1036,0.1599,12.0,11.972,2.0,-1.72,319.35,0.06,0.01,0.0,0.03,112447,999,5,0.33,0.14,0.01,0.0,48,45,-168,0,12.32,-0.09,0.0106,0.0454,19.38,20.61,11.77
494.222,after,96.101,52.1380351,21.1608243,98.74,52.138035,21.160826,25,0.58,0.354,255,-0.1677,0.1677,-0.0827,0.0525,12.0,11.955,1.4,-1.34,319.12,0.06,0.01,0.0,0.03,112447,999,5,0.33,0.14,0.01,0.0,48,-62,104,0,12.3,-0.09,0.0077,0.0379,18.62,20.17,13.29
494.323,after,96.201,52.1380351,21.1608239,98.73,52.138035,21.160825,25,0.58,0.348,255,0.0,0.0,-0.0403,0.019,12.0,11.945,1.04,-1.27,318.68,0.07,0.01,0.01,0.01,112447,999,5,0.34,0.14,-0.21,0.02,48,48,-6,0,12.29,-0.09,0.0191,0.038,20.12,20.69,13.6
494.422,after,96.301,52.1380351,21.1608236,98.73,52.138035,21.160825,25,0.58,0.348,255,0.0,0.0,-0.003,0.0167,12.0,11.943,1.03,-1.21,318.31,0.07,0.01,0.0,0.03,112447,999,5,0.34,0.14,-0.21,0.02,48,-8,-15,0,12.29,-0.09,0.0122,0.0294,19.04,20.71,14.9
494.522,after,96.401,52.1380351,21.1608233,98.73,52.1380352,21.1608243,25,0.58,0.212,255,0.1677,0.0,0.0773,-0.0229,12.0,11.943,1.26,-1.23,318.14,0.04,0.01,0.01,0.03,112447,999,5,0.34,0.12,-0.05,0.01,48,-20,-32,0,12.28,-0.09,0.0147,0.0363,19.75,20.33,14.59
494.622,after,96.501,52.1380351,21.1608231,98.73,52.1380352,21.1608243,25,0.58,0.212,255,0.0,0.0,-0.2318,0.0078,12.0,11.943,1.01,-1.22,318.21,0.04,0.01,0.0,0.03,112447,999,5,0.34,0.12,-0.05,0.01,48,-129,-2,0,12.29,-0.09,0.0088,0.0276,20.29,21.26,14.18
494.722,after,96.601,52.1380351,21.1608228,98.73,52.1380349,21.1608237,25,0.58,0.223,255,-0.5031,0.0,-0.7148,-0.014,12.0,11.946,-2.45,-1.16,318.49,0.02,0.01,0.01,0.06,112447,999,5,0.34,0.15,0.07,0.0,48,284,-24,0,12.29,-0.09,0.0037,0.0202,22.23,19.89,14.05
494.822,after,96.701,52.1380349,21.1608225,98.73,52.1380349,21.1608237,25,0.58,0.223,255,-0.6707,0.0,-0.4692,-0.0321,12.0,11.95,-5.71,-1.29,318.92,0.02,0.01,0.0,0.03,112447,999,5,0.34,0.15,0.07,0.0,48,117,33,0,12.3,-0.09,0.0044,0.0176,21.28,19.94,13.26
494.922,after,96.801,52.1380347,21.1608222,98.74,52.1380344,21.1608233,25,0.58,0.341,255,0.0,0.0,0.3444,-0.0254,12.0,11.955,-6.19,-1.34,319.36,0.04,0.0,0.01,0.03,112447,999,5,0.34,0.15,0.09,0.0,48,-51,17,0,12.32,-0.09,0.0102,0.0147,20.48,21.65,11.55
495.022,after,96.9,52.1380344,21.1608219,98.74,52.1380344,21.1608233,25,0.58,0.341,255,0.6709,0.0,0.8326,-0.0909,12.0,11.959,-1.64,-1.71,319.74,0.04,0.0,0.0,0.01,112447,999,5,0.34,0.15,0.09,0.0,48,147,-99,0,12.32,-0.09,0.0089,0.0149,21.29,22.41,12.19
495.122,after,97.0,52.138034,21.1608215,98.74,52.1380339,21.1608227,25,0.58,0.341,255,0.3352,0.0,0.443,-0.0143,12.0,11.959,1.58,-2.16,320.05,0.03,0.0,0.0,0.02,112447,999,5,0.34,0.14,0.0,0.0,48,49,106,0,12.32,-0.09,0.007,0.0194,24.33,23.91,15.4
495.222,after,97.101,52.1380337,21.1608211,98.74,52.1380339,21.1608227,25,0.58,0.341,255,0.1677,0.0,0.2651,0.2226,12.0,11.959,3.48,-1.27,320.34,0.03,0.0,0.0,0.05,112447,999,5,0.34,0.14,0.0,0.0,48,-44,-142,0,12.32,-0.09,0.0064,0.0186,22.42,21.26,15.34
495.322,after,97.2,52.1380334,21.1608208,98.74,52.1380333,21.160822,25,0.58,0.418,255,0.0,0.3355,0.1298,0.3334,12.0,11.957,4.36,0.51,320.77,0.04,0.0,0.0,0.04,112447,999,5,0.34,0.13,-0.09,0.06,48,-16,-160,0,12.32,-0.09,0.0031,0.0131,22.55,22.96,16.77
495.422,after,97.3,52.138033,21.1608206,98.74,52.1380333,21.160822,25,0.58,0.418,255,0.1677,0.3354,0.0669,0.1827,12.0,11.953,4.94,1.92,321.35,0.04,0.0,0.01,0.03,112447,999,5,0.34,0.13,-0.09,0.06,48,24,251,0,12.31,-0.09,0.0015,0.0154,18.61,18.29,13.56
495.522,after,97.401,52.1380327,21.1608206,98.73,52.1380325,21.1608216,25,0.58,0.512,255,0.0,0.0,0.0438,0.1124,12.0,11.949,5.15,2.48,322.08,0.04,0.0,0.01,0.04,112447,999,5,0.34,0.18,0.1,-0.06,48,-70,64,0,12.31,-0.09,0.0118,0.0211,17.98,16.46,12.98
495.622,after,97.501,52.1380323,21.1608207,98.73,52.1380325,21.1608216,25,0.58,0.512,255,0.0,0.1677,-0.108,0.1453,12.0,11.944,4.91,3.12,322.77,0.04,0.0,0.0,0.04,112447,999,5,0.34,0.18,0.1,-0.06,48,-41,94,0,12.31,-0.09,0.0097,0.0192,17.22,15.08,12.06
495.722,after,97.6,52.1380318,21.1608211,98.73,52.1380315,21.1608218,25,0.58,0.574,255,0.0,0.0,-0.0378,-0.0001,12.0,11.94,4.61,3.37,323.26,0.05,0.01,0.0,0.02,112447,999,5,0.34,0.17,0.12,-0.08,48,-96,-79,0,12.31,-0.09,0.0199,0.0309,18.84,18.52,14.72
495.822,after,97.7,52.1380314,21.1608217,98.72,52.1380315,21.1608218,25,0.58,0.574,255,0.0,-0.1677,-0.1239,-0.1249,12.0,11.936,4.12,2.97,323.36,0.05,0.01,0.0,0.05,112447,999,5,0.34,0.17,0.12,-0.08,48,40,57,0,12.3,-0.09,0.0147,0.0258,18.87,17.85,12.49
495.922,after,97.801,52.1380308,21.1608224,98.72,52.1380303,21.1608227,25,0.58,0.74,255,0.0,-0.3354,-0.1172,-0.1449,12.0,11.932,3.49,2.23,323.1,0.07,0.01,0.02,0.02,112447,999,5,0.34,0.17,0.16,-0.09,48,-67,170,0,12.3,-0.09,0.026,0.041,18.07,16.12,11.69
496.022,after,97.901,52.1380302,21.1608233,98.71,52.1380303,21.1608227,25,0.58,0.74,255,0.0,-0.1677,-0.1124,-0.1018,12.0,11.928,2.77,1.7,322.59,0.07,0.01,0.0,0.02,112447,999,5,0.34,0.17,0.16,-0.09,48,-37,-16,0,12.3,-0.09,0.0182,0.0321,17.51,16.05,10.89
496.122,after,98.001,52.1380297,21.1608243,98.71,52.1380292,21.1608241,25,0.58,0.762,255,0.0,-0.1677,-0.1402,-0.0811,12.0,11.925,2.0,1.14,321.89,0.02,0.01,0.03,0.03,112447,999,5,0.35,0.14,-0.02,-0.02,48,-203,11,0,12.29,-0.09,0.0141,0.0286,16.29,16.12,11.96
496.222,after,98.1,52.1380291,21.1608254,98.71,52.1380292,21.1608241,25,0.58,0.762,255,-0.1677,-0.3354,-0.1083,-0.1185,12.0,11.922,1.28,0.54,321.09,0.02,0.01,0.0,0.01,112447,999,5,0.35,0.14,-0.02,-0.02,48,-23,6,0,12.29,-0.09,0.0096,0.0222,14.45,15.33,10.22
496.322,after,98.201,52.1380285,21.1608265,98.7,52.1380282,21.160826,25,0.58,0.906,255,-0.1677,-0.1677,-0.1049,-0.1232,12.0,11.915,0.65,-0.22,320.32,0.04,0.01,0.0,0.03,112447,999,5,0.35,0.13,-0.03,-0.05,48,-35,45,0,12.27,-0.09,0.0104,0.0275,14.46,14.87,8.85
496.422,after,98.301,52.1380279,21.1608277,98.69,52.1380282,21.160826,25,0.58,0.906,255,0.0,-0.1677,0.0271,-0.1789,12.0,11.909,0.52,-1.13,319.65,0.04,0.01,0.01,0.03,112447,999,5,0.35,0.13,-0.03,-0.05,48,-122,77,0,12.27,-0.09,0.0073,0.0226,16.65,14.82,11.69
496.522,after,98.401,52.1380273,21.1608289,98.69,52.1380271,21.1608282,25,0.58,1.004,255,0.0,-0.3354,0.0388,-0.0478,12.0,11.903,0.76,-1.63,319.16,0.03,0.01,0.02,0.05,112447,999,5,0.35,0.13,-0.03,-0.07,48,-18,-14,0,12.26,-0.09,0.0108,0.0249,18.25,19.15,14.89
496.622,after,98.501,52.1380267,21.1608301,98.68,52.1380271,21.1608282,25,0.58,1.004,255,0.0,0.0,-0.0308,0.0088,12.0,11.897,0.8,-1.58,318.82,0.03,0.01,0.02,0.02,112447,999,5,0.35,0.13,-0.03,-0.07,48,-32,-79,0,12.25,-0.09,0.0075,0.0224,20.94,19.15,14.67
496.722,after,98.601,52.1380261,21.1608313,98.67,52.1380258,21.1608307,25,0.58,1.083,255,0.0,-0.1677,-0.0708,0.0027,12.0,11.889,0.49,-1.51,318.6,0.03,0.02,0.02,0.02,112447,999,5,0.35,0.14,0.03,-0.01,48,43,-96,0,12.24,-0.09,0.0088,0.0298,22.06,18.25,12.02
496.822,after,98.7,52.1380255,21.1608326,98.67,52.1380258,21.1608307,25,0.58,1.083,255,-0.1677,-0.3354,-0.0665,-0.0717,12.0,11.883,0.16,-1.83,318.47,0.03,0.02,0.0,0.03,112447,999,5,0.35,0.14,0.03,-0.01,48,-98,107,0,12.24,-0.09,0.0056,0.0218,20.1,21.36,14.2
496.922,after,98.801,52.1380249,21.1608338,98.66,52.1380245,21.160833,25,0.58,1.042,255,0.0,0.0,-0.0384,-0.0783,12.0,11.875,-0.07,-2.29,318.33,0.03,0.02,0.02,0.02,112447,999,5,0.35,0.15,0.04,0.01,48,-120,-11,0,12.22,-0.09,0.0085,0.0289,17.21,20.02,12.76
497.022,after,98.901,52.1380242,21.1608349,98.65,52.1380245,21.160833,25,0.58,1.042,255,0.0,-0.1677,-0.011,-0.1019,12.0,11.869,-0.15,-2.81,318.07,0.03,0.02,0.02,0.05,112447,999,5,0.35,0.15,0.04,0.01,48,27,-1,0,12.22,-0.09,0.0055,0.0235,18.18,21.29,12.9
497.122,after,99.001,52.1380236,21.160836,98.65,52.1380232,21.1608352,25,0.58,1.017,255,0.0,-0.3353,0.0048,-0.0579,12.0,11.867,-0.12,-3.28,317.75,0.03,0.02,0.03,0.05,112447,999,5,0.35,0.15,0.05,0.02,48,12,6,0,12.23,-0.09,0.0082,0.0201,23.27,20.25,10.92
497.222,after,99.101,52.138023,21.1608371,98.65,52.1380232,21.1608352,25,0.58,1.017,255,0.0,0.0,0.0089,-0.0068,12.0,11.866,-0.05,-3.35,317.47,0.03,0.02,0.02,0.06,112447,999,5,0.35,0.15,0.05,0.02,48,-4,84,0,12.22,-0.09,0.005,0.0163,22.59,19.06,11.46
497.322,after,99.201,52.1380223,21.1608382,98.65,52.138022,21.1608374,25,0.58,1.077,255,0.0,0.0,0.0305,0.007,12.0,11.862,0.07,-3.26,317.34,0.04,0.02,0.03,0.04,112447,999,5,0.35,0.14,0.07,-0.05,48,-16,55,0,12.21,-0.09,0.0109,0.0263,24.08,19.65,11.15
497.422,after,99.301,52.1380217,21.1608392,98.64,52.138022,21.1608374,25,0.58,1.077,255,0.0,0.0,0.0362,0.039,12.0,11.858,0.26,-3.08,317.37,0.04,0.02,0.01,0.02,112447,999,5,0.35,0.14,0.07,-0.05,48,146,-127,0,12.21,-0.09,0.0065,0.0186,24.1,20.19,11.1
497.522,after,99.401,52.1380211,21.1608402,98.64,52.1380209,21.1608397,25,0.58,0.899,255,0.0,0.0,0.0284,0.1135,12.0,11.853,0.45,-2.63,317.53,0.06,0.0,0.03,0.01,112447,999,5,0.35,0.13,-0.11,-0.04,48,-35,-7,0,12.19,-0.09,0.0089,0.0288,23.41,20.09,11.47
497.622,after,99.5,52.1380205,21.1608412,98.63,52.1380209,21.1608397,25,0.58,0.899,255,0.0,0.0,-0.0018,0.0992,12.0,11.847,0.41,-2.21,317.75,0.06,0.0,0.02,0.0,112447,999,5,0.35,0.13,-0.11,-0.04,48,19,22,0,12.19,-0.09,0.0066,0.0231,24.17,20.68,10.89
497.722,after,99.6,52.1380199,21.1608421,98.62,52.1380199,21.1608416,25,0.58,0.871,255,0.0,0.0,0.0367,0.045,12.0,11.839,0.51,-1.79,318.0,0.03,0.01,0.02,0.03,112447,999,5,0.35,0.15,0.02,0.05,48,-3,-42,0,12.18,-0.09,0.0059,0.0265,24.95,21.84,11.52
497.822,after,99.701,52.1380194,21.1608431,98.62,52.1380199,21.1608416,25,0.58,0.871,255,0.0,0.0,0.0487,0.059,12.0,11.834,0.87,-1.39,318.26,0.03,0.01,0.01,0.03,112447,999,5,0.35,0.15,0.02,0.05,48,-75,7,0,12.18,-0.09,0.0042,0.0189,25.03,23.61,10.17
497.922,after,99.801,52.1380187,21.160844,98.62,52.1380187,21.1608433,25,0.58,1.002,255,0.0,0.0,0.0143,0.0423,12.0,11.835,1.1,-1.05,318.55,0.05,0.01,0.04,0.03,112447,999,5,0.35,0.15,0.12,0.0,48,-58,8,0,12.2,-0.09,0.0081,0.0122,24.19,19.49,12.25
498.022,after,99.9,52.1380181,21.160845,98.62,52.1380187,21.1608433,25,0.58,1.002,255,-0.1677,-0.1677,-0.0221,0.0083,12.0,11.837,0.99,-1.03,318.83,0.05,0.01,0.03,0.02,112447,999,5,0.35,0.15,0.12,0.0,48,13,78,0,12.2,-0.09,0.0048,0.009,18.6,25.0,15.32
498.122,after,100.001,52.1380176,21.160846,98.62,52.1380176,21.1608453,25,0.58,0.852,255,0.0,0.0,-0.0367,0.0161,12.0,11.837,0.75,-1.02,319.13,0.04,0.0,0.01,0.03,112447,999,5,0.35,0.14,-0.1,0.0,48,-113,-84,0,12.19,-0.09,0.0047,0.0106,16.59,17.27,11.53
498.222,after,100.101,52.138017,21.160847,98.62,52.1380176,21.1608453,25,0.58,0.852,255,0.0,-0.1677,-0.0518,0.0171,12.0,11.839,0.49,-1.01,319.44,0.04,0.0,0.01,0.04,112447,999,5,0.35,0.14,-0.1,0.0,48,48,80,0,12.2,-0.09,0.0043,0.0099,19.45,17.83,12.41
498.322,after,100.201,52.1380164,21.160848,98.63,52.1380167,21.1608473,25,0.58,0.976,255,-0.1677,-0.1677,-0.0801,-0.0084,12.0,11.841,0.01,-0.97,319.8,0.02,0.0,0.02,0.03,112447,999,5,0.35,0.14,0.0,-0.04,48,-72,59,0,12.2,-0.09,0.0049,0.0087,19.88,19.6,12.75
498.422,after,100.301,52.1380158,21.1608491,98.63,52.1380167,21.1608473,25,0.58,0.976,255,0.0,-0.1677,-0.0989,-0.0403,12.0,11.844,-0.57,-1.06,320.14,0.02,0.0,0.01,0.05,112447,999,5,0.35,0.14,0.0,-0.04,48,108,75,0,12.2,-0.09,0.0039,0.008,17.26,15.84,10.66
498.522,after,100.401,52.1380152,21.1608501,98.63,52.1380156,21.1608493,25,0.58,0.88,255,0.0,-0.1677,-0.0348,-0.0079,12.0,11.843,-0.89,-1.21,320.37,0.05,0.0,0.02,0.04,112447,999,5,0.35,0.14,-0.06,0.05,48,48,-67,0,12.19,-0.09,0.0106,0.0232,17.35,19.26,12.67
498.622,after,100.5,52.1380147,21.1608511,98.62,52.1380156,21.1608493,25,0.58,0.88,255,0.0,-0.1677,-0.0156,-0.0001,12.0,11.84,-0.98,-1.26,320.43,0.05,0.0,0.04,0.03,112447,999,5,0.35,0.14,-0.06,0.05,48,8,-82,0,12.19,-0.09,0.0079,0.0192,19.7,18.23,9.3
498.722,after,100.601,52.138014,21.160852,98.63,52.1380145,21.1608512,25,0.58,0.958,255,0.0,0.0,-0.0701,-0.0074,12.0,11.842,-1.34,-1.31,320.34,0.04,0.0,0.05,0.05,112447,999,5,0.35,0.15,0.04,0.0,48,43,81,0,12.21,-0.09,0.0039,0.0071,18.56,14.24,9.51
498.822,after,100.701,52.1380134,21.160853,98.63,52.1380145,21.1608512,25,0.58,0.958,255,0.0,0.0,0.0333,0.0035,12.0,11.846,-1.42,-1.27,320.21,0.04,0.0,0.03,0.03,112447,999,5,0.35,0.15,0.04,0.0,48,58,78,0,12.21,-0.09,0.003,0.0066,18.33,20.99,11.85
498.922,after,100.801,52.1380127,21.1608539,98.64,52.1380133,21.160853,25,0.58,0.991,255,0.1677,-0.1677,0.1012,0.0081,12.0,11.85,-0.96,-1.25,320.11,0.03,0.0,0.04,0.06,112447,999,5,0.35,0.15,0.07,0.02,48,-51,-86,0,12.22,-0.09,0.0049,0.0053,18.17,18.1,11.76
499.022,after,100.9,52.138012,21.1608548,98.64,52.1380133,21.160853,25,0.58,0.991,255,0.0,0.0,0.1042,0.0012,12.0,11.852,-0.38,-1.32,320.08,0.03,0.0,0.05,0.05,112447,999,5,0.35,0.15,0.07,0.02,48,-104,93,0,12.22,-0.09,0.0031,0.0048,23.25,16.63,12.45
499.122,after,101.001,52.1380113,21.1608557,98.64,52.138012,21.1608548,25,0.58,1.019,255,0.1677,-0.1677,0.0638,-0.0058,12.0,11.852,0.0,-1.44,320.03,0.02,0.0,0.02,0.04,112447,999,5,0.35,0.14,0.03,-0.04,48,-76,-72,0,12.22,-0.09,0.0027,0.0045,19.49,26.58,14.61
499.222,after,101.1,52.1380106,21.1608566,98.63,52.138012,21.1608548,25,0.58,1.019,255,0.1677,0.0,0.0059,0.0633,12.0,11.85,0.16,-1.08,319.94,0.02,0.0,0.05,0.04,112447,999,5,0.35,0.14,0.03,-0.04,48,-44,16,0,12.21,-0.09,0.0012,0.0051,13.29,19.54,11.37
499.322,after,101.2,52.1380099,21.1608575,98.63,52.1380108,21.1608567,25,0.58,0.954,255,0.0,0.0,0.0155,-0.0139,12.0,11.846,0.27,-0.94,319.84,0.02,0.0,0.03,0.05,112447,999,5,0.36,0.14,-0.04,0.0,48,-27,35,0,12.21,-0.09,0.0046,0.0127,15.02,16.64,10.85
499.422,after,101.301,52.1380092,21.1608584,98.63,52.1380108,21.1608567,25,0.58,0.954,255,0.0,-0.1677,-0.0286,0.0196,12.0,11.843,0.25,-0.87,319.71,0.02,0.0,0.04,0.04,112447,999,5,0.36,0.14,-0.04,0.0,48,-11,-107,0,12.2,-0.09,0.0039,0.0112,18.46,15.42,9.68
499.522,after,101.401,52.1380085,21.1608594,98.63,52.1380094,21.1608585,25,0.58,1.061,255,0.0,0.0,-0.0449,0.0792,12.0,11.842,0.12,-0.47,319.66,0.05,0.01,0.05,0.02,112447,999,5,0.36,0.15,0.11,0.03,48,-2,3,0,12.21,-0.09,0.0063,0.008,17.56,16.28,12.44
499.622,after,101.5,52.1380077,21.1608603,98.63,52.1380094,21.1608585,25,0.58,1.061,255,0.0,0.0,-0.0015,0.0664,12.0,11.845,0.01,-0.03,319.67,0.05,0.01,0.03,0.04,112447,999,5,0.36,0.15,0.11,0.03,48,2,-1,0,12.21,-0.09,0.004,0.0056,17.47,15.29,10.73
499.722,after,101.601,52.138007,21.1608613,98.63,52.1380081,21.1608604,25,0.58,1.08,255,0.0,-0.1677,0.0238,-0.0322,12.0,11.844,0.08,-0.07,319.77,0.05,0.01,0.04,0.03,112447,999,5,0.36,0.13,-0.05,-0.09,48,-26,102,0,12.2,-0.09,0.0058,0.0141,17.54,18.12,11.06
499.822,after,101.701,52.1380062,21.1608623,98.63,52.1380081,21.1608604,25,0.58,1.08,255,0.0,-0.1677,-0.0141,-0.0219,12.0,11.843,0.02,-0.3,320.0,0.05,0.01,0.02,0.04,112447,999,5,0.36,0.13,-0.05,-0.09,48,-5,133,0,12.2,-0.09,0.0043,0.0109,18.25,17.08,12.05
499.922,after,101.801,52.1380055,21.1608634,98.63,52.1380068,21.1608626,25,0.58,1.049,255,0.0,0.0,-0.0238,-0.0201,12.0,11.847,-0.16,-0.38,320.45,0.03,0.01,0.01,0.05,112447,999,5,0.36,0.14,-0.05,-0.04,48,21,99,0,12.22,-0.09,0.0095,0.0165,15.68,15.42,10.71
500.022,after,101.901,52.1380048,21.1608645,98.64,52.1380068,21.1608626,25,0.58,1.049,255,0.0,-0.1677,0.0027,-0.0941,12.0,11.851,-0.1,-0.75,321.15,0.03,0.01,0.02,0.04,112447,999,5,0.36,0.14,-0.05,-0.04,48,-13,-27,0,12.22,-0.09,0.0067,0.0121,18.31,16.2,12.5
500.122,after,102.0,52.138004,21.1608655,98.64,52.1380055,21.1608645,25,0.58,1.041,255,0.0,-0.3353,-0.0221,-0.0853,12.0,11.851,-0.27,-1.5,321.97,0.03,0.02,0.03,0.04,112447,999,5,0.36,0.16,-0.04,0.05,48,23,83,0,12.21,-0.09,0.0099,0.0191,19.88,20.07,12.41
500.222,after,102.1,52.1380033,21.1608665,98.64,52.1380055,21.1608645,25,0.58,1.041,255,0.0,-0.1677,-0.0092,0.0021,12.0,11.851,-0.42,-1.65,322.82,0.03,0.02,0.03,0.05,112447,999,5,0.36,0.16,-0.04,0.05,48,30,-35,0,12.21,-0.09,0.007,0.0146,17.25,17.75,12.09
500.322,after,102.201,52.1380026,21.1608676,98.63,52.138004,21.1608666,25,0.58,1.078,255,0.0,-0.1677,-0.0027,-0.0635,12.0,11.85,-0.5,-1.92,323.57,0.01,0.01,0.02,0.04,112447,999,5,0.36,0.17,-0.05,0.0,48,13,-38,0,12.21,-0.09,0.0102,0.02,15.45,15.99,10.71
500.422,after,102.3,52.1380019,21.1608686,98.63,52.138004,21.1608666,25,0.58,1.078,255,0.0,-0.1677,-0.0362,-0.038,12.0,11.848,-0.68,-2.18,324.17,0.01,0.01,0.02,0.05,112447,999,5,0.36,0.17,-0.05,0.0,48,32,-29,0,12.21,-0.09,0.0068,0.0143,15.6,15.74,11.61
500.522,after,102.401,52.1380012,21.1608696,98.63,52.1380024,21.1608687,25,0.58,1.212,255,0.0,0.0,-0.0642,-0.0549,12.0,11.843,-0.94,-2.3,324.57,0.06,0.02,0.01,0.05,112447,999,5,0.36,0.17,0.12,-0.04,48,36,88,0,12.2,-0.09,0.0053,0.0172,13.13,14.34,10.07
500.622,after,102.501,52.1380004,21.1608706,98.62,52.1380024,21.1608687,25,0.58,1.212,255,0.0,0.0,-0.0604,0.0151,12.0,11.836,-1.18,-2.41,324.75,0.06,0.02,0.03,0.04,112447,999,5,0.36,0.17,0.12,-0.04,48,23,-61,0,12.19,-0.09,0.0037,0.0127,14.7,14.07,9.16
500.722,after,102.601,52.1379997,21.1608716,98.61,52.1380007,21.1608707,25,0.58,1.09,255,-0.1677,0.0,-0.0422,-0.0227,12.0,11.828,-1.45,-2.37,324.75,0.03,0.0,0.02,0.05,112447,999,5,0.36,0.17,0.04,0.04,48,36,64,0,12.18,-0.09,0.0056,0.0166,14.88,14.15,10.07
500.822,after,102.701,52.137999,21.1608725,98.61,52.1380007,21.1608707,25,0.58,1.09,255,-0.1677,-0.3354,-0.0418,-0.153,12.0,11.822,-1.7,-3.14,324.65,0.03,0.0,0.03,0.03,112447,999,5,0.36,0.17,0.04,0.04,48,54,156,0,12.18,-0.09,0.0039,0.0121,15.34,13.29,10.05
500.922,after,102.801,52.1379983,21.1608734,98.6,52.1379993,21.1608727,25,0.58,1.015,255,0.0,-0.1677,0.0,0.0034,12.0,11.815,-1.76,-3.51,324.51,0.04,0.01,0.03,0.05,112447,999,5,0.37,0.15,-0.06,-0.03,48,40,48,0,12.17,-0.09,0.0056,0.018,14.7,12.83,10.26
501.022,after,102.9,52.1379976,21.1608743,98.6,52.1379993,21.1608727,25,0.58,1.015,255,0.0,0.0,-0.0223,0.062,12.0,11.81,-1.85,-3.03,324.31,0.04,0.01,0.03,0.05,112447,999,5,0.37,0.15,-0.06,-0.03,48,16,7,0,12.17,-0.09,0.0037,0.0124,14.36,14.89,10.44
501.122,after,103.0,52.1379969,21.160875,98.59,52.1379977,21.1608745,25,0.58,1.024,255,0.0,0.0,-0.0118,0.0546,12.0,11.809,-1.92,-2.71,324.06,0.05,0.0,0.02,0.03,112447,999,5,0.37,0.17,0.1,0.11,48,14,24,0,12.17,-0.09,0.0088,0.0106,12.67,12.66,8.92
501.222,after,103.101,52.1379962,21.1608758,98.59,52.1379977,21.1608745,25,0.58,1.024,255,0.0,0.0,0.0853,0.1196,12.0,11.809,-1.58,-2.29,323.67,0.05,0.0,0.02,0.04,112447,999,5,0.37,0.17,0.1,0.11,48,-27,-128,0,12.17,-0.09,0.0062,0.0081,13.98,11.36,8.93
501.322,after,103.2,52.1379956,21.1608764,98.59,52.1379963,21.1608759,25,0.58,0.81,255,0.0,0.0,0.0386,0.1907,12.0,11.809,-1.28,-1.45,323.13,0.05,0.0,0.03,0.04,112447,999,5,0.37,0.16,-0.12,0.06,48,111,-45,0,12.17,-0.09,0.0104,0.0144,14.18,14.07,9.3
501.422,after,103.3,52.1379949,21.1608771,98.59,52.1379963,21.1608759,25,0.58,0.81,255,0.0,0.1677,0.0362,0.1982,12.0,11.809,-1.23,-0.35,322.53,0.05,0.0,0.02,0.04,112447,999,5,0.37,0.16,-0.12,0.06,48,7,45,0,12.17,-0.09,0.0069,0.0098,11.75,12.69,8.86
501.522,after,103.401,52.1379942,21.1608778,98.6,52.137995,21.1608774,25,0.64,0.873,255,0.0,0.1677,-0.0135,0.1586,12.0,11.811,-1.19,0.67,321.99,0.02,0.01,0.01,0.03,112447,999,5,0.37,0.16,-0.05,-0.04,48,-16,52,0,12.17,-0.09,0.0092,0.0131,11.02,11.58,8.48
501.622,after,103.5,52.1379936,21.1608785,98.6,52.137995,21.1608774,25,0.64,0.873,255,0.0,0.0,-0.0012,0.0796,12.0,11.814,-1.18,1.18,321.57,0.02,0.01,0.02,0.03,112447,999,5,0.37,0.16,-0.05,-0.04,48,-12,-6,0,12.18,-0.09,0.006,0.0086,11.27,12.29,8.87
501.722,after,103.601,52.1379928,21.1608793,98.6,52.1379936,21.160879,25,0.64,1.02,255,0.0,0.0,0.0549,0.0211,12.0,11.813,-1.04,1.46,321.18,0.04,0.0,0.02,0.02,112447,999,5,0.37,0.16,0.09,-0.01,48,-29,29,0,12.17,-0.09,0.0038,0.0079,13.61,13.34,10.72
501.822,after,103.701,52.137992,21.1608801,98.6,52.1379936,21.160879,25,0.64,1.02,255,0.1676,0.0,0.071,0.0337,12.0,11.814,-0.55,1.75,320.82,0.04,0.0,0.02,0.03,112447,999,5,0.37,0.16,0.09,-0.01,48,55,12,0,12.17,-0.09,0.0029,0.0056,14.9,17.18,9.64
501.922,after,103.801,52.1379912,21.1608809,98.6,52.137992,21.1608805,25,0.58,1.014,255,0.1677,0.0,0.0577,-0.0578,12.0,11.818,-0.18,1.57,320.49,0.03,0.0,0.01,0.04,112447,999,5,0.37,0.16,0.0,0.0,48,-71,79,0,12.19,-0.09,0.0032,0.0075,13.89,14.39,8.33
502.022,after,103.9,52.1379904,21.1608818,98.61,52.137992,21.1608805,25,0.58,1.014,255,0.1677,-0.3353,0.0716,-0.154,12.0,11.825,0.13,0.88,320.11,0.03,0.0,0.01,0.05,112447,999,5,0.37,0.16,0.0,0.0,48,-49,0,0,12.19,-0.09,0.0028,0.0082,12.62,14.18,8.13
502.122,after,104.001,52.1379894,21.1608828,98.61,52.1379902,21.1608822,25,0.58,1.262,255,0.0,-0.1676,0.0,-0.1406,12.0,11.827,0.25,-0.0,319.8,0.08,0.0,0.01,0.04,112447,999,5,0.37,0.16,0.17,0.0,48,-72,87,0,12.19,-0.09,0.0137,0.0195,13.47,13.99,8.41
502.222,after,104.101,52.1379885,21.1608838,98.61,52.1379902,21.1608822,25,0.58,1.262,255,0.0,-0.1677,-0.0065,-0.1076,12.0,11.828,0.27,-0.67,319.61,0.08,0.0,0.03,0.04,112447,999,5,0.37,0.16,0.17,0.0,48,-26,53,0,12.19,-0.09,0.0094,0.0148,12.93,17.15,10.69
502.322,after,104.2,52.1379876,21.1608848,98.61,52.1379882,21.1608841,25,0.58,1.18,255,0.0,0.0,-0.0227,-0.0753,12.0,11.828,0.18,-1.2,319.56,0.02,0.0,0.03,0.03,112447,999,5,0.37,0.16,-0.03,-0.01,48,-3,27,0,12.19,-0.09,0.005,0.0117,14.4,16.67,10.26
502.422,after,104.301,52.1379867,21.1608859,98.61,52.1379882,21.1608841,25,0.58,1.18,255,0.0,-0.1677,-0.0279,-0.0235,12.0,11.827,0.04,-1.34,319.64,0.02,0.0,0.02,0.04,112447,999,5,0.37,0.16,-0.03,-0.01,48,14,-55,0,12.19,-0.09,0.0031,0.0081,15.89,17.6,10.4
502.522,after,104.401,52.1379858,21.1608869,98.61,52.1379864,21.1608861,25,0.58,1.17,255,0.0,0.0,0.006,0.0076,12.0,11.827,0.05,-1.4,319.83,0.03,0.0,0.0,0.03,112447,999,5,0.37,0.16,-0.04,0.03,48,-15,-50,0,12.19,-0.09,0.0038,0.006,18.12,18.03,10.62
502.622,after,104.5,52.1379849,21.160888,98.61,52.1379864,21.1608861,25,0.58,1.17,255,0.0,0.0,0.0175,0.0013,12.0,11.827,0.05,-1.52,320.19,0.03,0.0,0.01,0.05,112447,999,5,0.37,0.16,-0.04,0.03,48,2,-27,0,12.19,-0.09,0.0025,0.0023,17.01,25.72,11.77
502.722,after,104.601,52.137984,21.1608891,98.61,52.1379844,21.1608881,25,0.58,1.403,255,0.0,0.0,0.0005,-0.0214,12.0,11.83,-0.0,-1.59,320.8,0.08,0.01,0.02,0.03,112447,999,5,0.37,0.16,0.23,-0.01,48,10,-50,0,12.2,-0.09,0.0163,0.0251,15.05,17.9,11.29
502.822,after,104.701,52.1379831,21.1608901,98.62,52.1379844,21.1608881,25,0.58,1.403,255,0.0,0.0,-0.0011,0.0086,12.0,11.833,0.0,-1.45,321.58,0.08,0.01,0.01,0.04,112447,999,5,0.37,0.16,0.23,-0.01,48,-16,66,0,12.2,-0.09,0.0109,0.0189,14.68,19.09,12.0
502.922,after,104.801,52.1379822,21.1608912,98.61,52.1379824,21.1608903,25,0.58,1.188,255,0.0,-0.1677,0.0586,-0.0513,12.0,11.83,0.27,-1.54,322.46,0.06,0.01,0.02,0.04,112447,999,5,0.37,0.15,-0.03,0.0,48,102,113,0,12.19,-0.09,0.0065,0.0169,17.36,17.73,10.32
503.022,after,104.9,52.1379813,21.1608924,98.61,52.1379824,21.1608903,25,0.58,1.188,255,0.0,-0.1677,0.0369,0.0361,12.0,11.827,0.56,-1.52,323.25,0.06,0.01,0.01,0.04,112447,999,5,0.37,0.15,-0.03,0.0,48,-61,-20,0,12.19,-0.09,0.0034,0.0096,16.36,18.18,11.28
503.122,after,105.001,52.1379805,21.1608935,98.61,52.1379808,21.1608924,25,0.58,1.133,255,0.0,0.0,0.0144,0.0947,12.0,11.827,0.65,-1.2,323.76,0.04,0.01,0.01,0.05,112447,999,5,0.37,0.15,-0.11,-0.04,48,-9,-91,0,12.2,-0.09,0.0061,0.0059,12.19,14.2,8.76
503.222,after,105.1,52.1379797,21.1608947,98.61,52.1379808,21.1608924,25,0.58,1.133,255,0.0,0.0,-0.0359,0.0034,12.0,11.827,0.48,-1.11,323.96,0.04,0.01,0.03,0.06,112447,999,5,0.37,0.15,-0.11,-0.04,48,31,52,0,12.2,-0.09,0.0049,0.0047,11.73,12.27,6.62
503.322,after,105.201,52.137979,21.1608958,98.61,52.1379794,21.1608947,25,0.58,1.142,255,-0.1677,0.0,-0.1491,0.0498,12.0,11.828,-0.26,-1.02,323.9,0.01,0.0,0.02,0.04,112447,999,5,0.37,0.15,-0.03,0.0,48,-50,-77,0,12.2,-0.09,0.0056,0.0061,12.53,12.57,8.63
503.422,after,105.301,52.1379782,21.160897,98.62,52.1379794,21.1608947,25,0.58,1.142,255,0.0,0.0,-0.1087,0.0891,12.0,11.831,-1.05,-0.48,323.64,0.01,0.0,0.02,0.04,112447,999,5,0.37,0.15,-0.03,0.0,48,-6,-8,0,12.2,-0.09,0.0043,0.0054,14.48,13.38,11.21
503.522,after,105.401,52.1379775,21.1608982,98.62,52.1379779,21.160897,25,0.58,1.155,255,0.0,0.0,-0.0825,0.0305,12.0,11.834,-1.49,-0.16,323.15,0.01,0.0,0.01,0.04,112447,999,5,0.37,0.14,0.02,0.03,48,80,17,0,12.21,-0.09,0.004,0.0103,12.15,13.27,9.81
503.622,after,105.501,52.1379767,21.1608994,98.62,52.1379779,21.160897,25,0.58,1.155,255,-0.1677,-0.1677,-0.1361,0.002,12.0,11.839,-2.15,-0.14,322.56,0.01,0.0,0.02,0.03,112447,999,5,0.37,0.14,0.02,0.03,48,120,90,0,12.21,-0.09,0.0031,0.0084,11.8,11.86,9.38
503.722,after,105.6,52.1379759,21.1609005,98.63,52.1379763,21.1608993,25,0.58,1.146,255,-0.1677,0.0,-0.0818,0.0702,12.0,11.843,-2.69,0.07,321.98,0.01,0.01,0.01,0.04,112447,999,5,0.37,0.14,-0.02,0.0,48,-239,-110,0,12.22,-0.09,0.0031,0.0085,10.48,11.6,8.24
503.822,after,105.7,52.1379751,21.1609017,98.63,52.1379763,21.1608993,25,0.58,1.146,255,-0.1677,-0.1677,-0.0197,-0.0411,12.0,11.848,-2.94,0.07,321.45,0.01,0.01,0.01,0.04,112447,999,5,0.37,0.14,-0.02,0.0,48,-122,99,0,12.22,-0.09,0.0027,0.0088,13.93,14.83,9.4
503.922,after,105.801,52.1379743,21.1609028,98.64,52.1379749,21.1609016,25,0.58,1.154,255,0.0,-0.1677,0.0516,-0.0484,12.0,11.85,-2.7,-0.15,320.93,0.01,0.0,0.03,0.02,112447,999,5,0.37,0.13,-0.02,0.03,48,-43,-45,0,12.22,-0.09,0.0042,0.0069,15.8,18.37,10.8
504.022,after,105.901,52.1379735,21.1609039,98.64,52.1379749,21.1609016,25,0.58,1.154,255,0.1677,0.0,0.0459,0.0404,12.0,11.852,-2.29,-0.14,320.47,0.01,0.0,0.01,0.01,112447,999,5,0.37,0.13,-0.02,0.03,48,-62,-23,0,12.23,-0.09,0.0032,0.0072,13.95,14.64,8.28
504.122,after,106.0,52.1379726,21.160905,98.64,52.1379732,21.1609039,25,0.58,1.217,255,0.1677,0.0,0.058,0.1007,12.0,11.854,-1.93,0.29,320.17,0.01,0.0,0.02,0.01,112447,999,5,0.37,0.14,0.02,0.02,48,-54,48,0,12.23,-0.09,0.0035,0.0083,14.39,14.19,11.35
504.222,after,106.101,52.1379717,21.160906,98.64,52.1379732,21.1609039,25,0.58,1.217,255,0.0,0.0,0.062,0.0038,12.0,11.857,-1.57,0.6,320.12,0.01,0.0,0.0,0.05,112447,999,5,0.37,0.14,0.02,0.02,48,-61,-4,0,12.24,-0.09,0.003,0.0122,13.4,20.22,11.8
504.322,after,106.2,52.1379708,21.1609071,98.65,52.1379714,21.160906,25,0.58,1.27,255,0.0,-0.1677,0.0591,-0.0417,12.0,11.867,-1.25,0.47,320.27,0.08,0.01,0.02,0.04,112447,999,5,0.37,0.15,0.08,0.04,48,-57,105,0,12.26,-0.09,0.0109,0.0302,14.16,16.5,10.37
504.422,after,106.301,52.1379699,21.1609082,98.66,52.1379714,21.160906,25,0.58,1.27,255,0.1677,-0.1677,0.0423,-0.0416,12.0,11.875,-0.87,0.4,320.48,0.08,0.01,0.02,0.05,112447,999,5,0.37,0.15,0.08,0.04,48,81,-62,0,12.26,-0.09,0.0071,0.0212,12.98,14.43,10.82
504.522,after,106.401,52.1379689,21.1609094,98.67,52.1379694,21.1609082,25,0.58,1.329,255,0.1677,-0.1677,0.0507,-0.0419,12.0,11.886,-0.62,0.14,320.65,0.09,0.0,0.01,0.03,112447,999,5,0.37,0.15,0.04,0.0,48,125,-175,0,12.29,-0.09,0.0135,0.0426,15.17,14.91,9.84
504.622,after,106.501,52.137968,21.1609105,98.68,52.1379694,21.1609082,25,0.58,1.329,255,0.0,-0.1677,0.0361,-0.022,12.0,11.899,-0.35,-0.1,320.72,0.09,0.0,0.01,0.04,112447,999,5,0.37,0.15,0.04,0.0,48,111,-174,0,12.3,-0.09,0.0088,0.0302,13.8,15.57,8.93
504.722,after,106.6,52.137967,21.1609117,98.69,52.1379675,21.1609106,25,0.58,1.369,255,0.0,-0.1677,-0.033,-0.0235,12.0,11.91,-0.39,-0.23,320.7,0.02,0.01,0.02,0.05,112447,999,5,0.37,0.14,0.04,-0.02,48,-7,-37,0,12.3,-0.09,0.0095,0.0265,13.95,13.89,8.91
504.822,after,106.7,52.137966,21.1609129,98.7,52.1379675,21.1609106,25,0.58,1.369,255,-0.1677,-0.1677,-0.0755,-0.0493,12.0,11.917,-0.85,-0.47,320.59,0.02,0.01,0.0,0.04,112447,999,5,0.37,0.14,0.04,-0.02,48,-83,-20,0,12.3,-0.09,0.006,0.0194,11.9,11.03,8.44
504.922,after,106.801,52.137965,21.1609142,98.71,52.1379655,21.1609129,25,0.58,1.38,255,0.0,0.0,-0.0287,-0.0184,12.0,11.926,-1.12,-0.54,320.41,0.05,0.01,0.01,0.04,112447,999,5,0.37,0.16,0.07,0.0,48,44,-65,0,12.32,-0.09,0.0109,0.0279,14.67,13.14,9.19
505.022,after,106.901,52.137964,21.1609154,98.72,52.1379655,21.1609129,25,0.58,1.38,255,0.0,-0.3354,-0.0179,-0.0566,12.0,11.931,-1.23,-0.79,320.06,0.05,0.01,0.03,0.04,112447,999,5,0.37,0.16,0.07,0.0,48,12,-16,0,12.32,-0.09,0.0063,0.0164,13.86,14.71,8.21
505.122,after,107.001,52.137963,21.1609167,98.73,52.1379635,21.1609153,25,0.58,1.33,255,0.0,0.0,0.0046,-0.0432,12.0,11.94,-1.24,-1.03,319.58,0.06,0.01,0.01,0.04,112447,999,5,0.37,0.16,0.01,0.01,48,18,-8,0,12.34,-0.09,0.0087,0.0272,16.15,16.88,10.26
505.222,after,107.101,52.137962,21.1609179,98.73,52.1379635,21.1609153,25,0.58,1.33,255,0.1677,-0.1677,0.0577,-0.052,12.0,11.945,-0.93,-1.26,318.97,0.06,0.01,0.02,0.05,112447,999,5,0.37,0.16,0.01,0.01,48,-43,-16,0,12.33,-0.09,0.0046,0.0151,16.45,15.92,11.4
505.322,after,107.2,52.1379611,21.1609192,98.73,52.1379617,21.1609179,25,0.58,1.356,255,0.0,-0.1677,0.0579,-0.083,12.0,11.948,-0.5,-1.6,318.3,0.03,0.01,0.01,0.03,112447,999,5,0.38,0.15,-0.06,-0.05,48,-79,-11,0,12.34,-0.09,0.0066,0.0152,16.49,19.04,11.36
505.422,after,107.301,52.1379601,21.1609205,98.73,52.1379617,21.1609179,25,0.58,1.356,255,0.1677,-0.1677,0.0169,-0.0566,12.0,11.947,-0.2,-1.94,317.62,0.03,0.01,0.02,0.04,112447,999,5,0.38,0.15,-0.06,-0.05,48,101,-157,0,12.33,-0.09,0.0048,0.0084,17.68,20.22,11.9
505.522,after,107.401,52.1379592,21.1609218,98.73,52.1379598,21.1609206,25,0.58,1.418,255,0.0,-0.1677,0.0216,-0.1476,12.0,11.943,-0.05,-2.62,317.01,0.04,0.0,0.03,0.02,112447,999,5,0.38,0.15,0.03,-0.1,48,-23,-118,0,12.32,-0.09,0.0101,0.0113,17.24,19.7,10.07
505.622,after,107.501,52.1379583,21.160923,98.72,52.1379598,21.1609206,25,0.58,1.418,255,0.0,-0.3354,-0.0009,-0.3681,12.0,11.937,0.02,-4.26,316.55,0.04,0.0,0.03,0.03,112447,999,5,0.38,0.15,0.03,-0.1,48,-13,184,0,12.31,-0.09,0.007,0.0095,20.91,22.44,10.06
505.722,after,107.6,52.1379574,21.1609243,98.72,52.137958,21.1609232,25,0.58,1.276,255,0.0,-1.006,-0.0206,-0.6314,12.0,11.935,-0.06,-7.27,316.35,0.04,0.0,0.0,0.01,112447,999,5,0.38,0.15,-0.04,-0.03,48,20,261,0,12.32,-0.09,0.0083,0.0145,20.83,22.53,11.28
505.822,after,107.7,52.1379567,21.1609254,98.72,52.137958,21.1609232,25,0.58,1.276,255,0.0,-0.5031,0.0114,-0.5261,12.0,11.932,-0.11,-10.67,316.41,0.04,0.0,0.0,0.03,112447,999,5,0.38,0.15,-0.04,-0.03,48,0,200,0,12.32,-0.09,0.0058,0.0128,19.68,22.18,12.13
505.922,after,107.801,52.137956,21.1609264,98.72,52.1379564,21.1609256,25,0.58,1.181,255,0.0,-0.3354,0.0138,-0.288,12.0,11.932,-0.1,-12.97,316.64,0.04,0.0,0.01,0.01,112447,999,5,0.38,0.16,0.06,0.02,48,-21,0,0,12.32,-0.09,0.0037,0.0127,19.1,22.16,12.96
506.022,after,107.901,52.1379554,21.1609272,98.72,52.1379564,21.1609256,25,0.58,1.181,255,0.0,-0.1677,0.0266,-0.0692,12.0,11.931,-0.11,-13.85,316.97,0.04,0.0,0.01,0.02,112447,999,5,0.38,0.16,0.06,0.02,48,1,-111,0,12.32,-0.09,0.0016,0.0081,18.09,22.64,14.03
506.122,after,108.001,52.137955,21.1609278,98.72,52.137955,21.1609274,25,0.58,0.806,255,0.0,-0.1677,0.0266,0.0565,12.0,11.932,0.03,-13.63,317.4,0.03,0.0,0.01,0.02,112447,999,5,0.38,0.15,-0.03,0.01,48,-55,63,0,12.32,-0.09,0.0034,0.011,21.41,22.24,12.39
506.222,after,108.101,52.1379547,21.1609282,98.72,52.137955,21.1609274,25,0.58,0.806,255,0.0,0.1677,-0.0472,0.1877,12.0,11.933,-0.11,-12.82,317.83,0.03,0.0,0.0,0.05,112447,999,5,0.38,0.15,-0.03,0.01,48,-25,-39,0,12.32,-0.09,0.0028,0.0098,20.42,21.26,12.14
506.322,after,108.201,52.1379545,21.1609285,98.71,52.137954,21.1609285,25,0.58,0.49,255,0.0,0.1677,0.1705,0.2616,12.0,11.93,0.05,-11.47,318.27,0.02,0.01,0.02,0.05,112447,999,5,0.39,0.16,0.04,0.04,48,36,-17,0,12.3,-0.09,0.005,0.0068,18.03,19.05,12.86
506.422,after,108.3,52.1379544,21.1609286,98.71,52.137954,21.1609285,25,0.58,0.49,255,0.1677,0.1677,0.4027,0.215,12.0,11.928,1.97,-10.06,318.69,0.02,0.01,0.01,0.02,112447,999,5,0.39,0.16,0.04,0.04,48,46,74,0,12.31,-0.09,0.0035,0.0064,18.74,20.57,12.37
506.522,after,108.401,52.1379545,21.1609286,98.71,52.1379536,21.160929,25,0.58,0.116,255,0.503,0.0,0.5577,0.1753,12.0,11.928,4.75,-8.97,319.0,0.0,0.0,0.01,0.03,112447,999,5,0.39,0.12,0.01,0.0,48,215,132,0,12.31,-0.09,0.0041,0.0101,19.45,18.62,11.08
506.622,after,108.501,52.1379547,21.1609286,98.71,52.1379536,21.160929,25,0.58,0.116,255,0.3354,0.1677,0.4356,0.2235,12.0,11.929,7.66,-7.76,319.21,0.0,0.0,0.01,0.02,112447,999,5,0.39,0.12,0.01,0.0,48,-70,-57,0,12.31,-0.09,0.0027,0.0102,17.66,17.86,11.76
