t_log_s,phase,t_since_src2_s,ekf_lat,ekf_lon,ekf_alt,gps_lat,gps_lon,gps_nsats,gps_hdop,gps_spd,of_qual,of_flowX,of_flowY,of_bodyX,of_bodyY,rfnd_dist,ctun_alt,roll,pitch,yaw,xkf4_SV,xkf4_SP,xkf4_SH,xkf4_SM,xkf4_SS,rc7,mode,gpa_hacc,gpa_sacc,xkf3_IVN,xkf3_IVE,xkf4_TS,xkf5_FIX,xkf5_FIY,xkf5_AFI,xkf5_HAGL,xkf5_RI,xkf5_eVel,xkf5_ePos,vibe_x,vibe_y,vibe_z
462.778,before,-25.0,52.1373888,21.1613855,91.17,52.1373918,21.1613889,26,0.53,1.488,255,0.0,0.3355,0.1292,-0.0707,2.872,5.189,-1.88,-5.29,218.92,0.05,0.0,0.02,0.02,108415,999,3,0.39,0.06,-0.04,-0.02,48,-10,146,0,2.72,-0.24,0.0047,0.0087,28.46,30.5,20.51
462.878,before,-24.899,52.1373877,21.1613842,91.18,52.1373897,21.1613863,26,0.53,1.507,255,0.0,0.1677,0.1032,-0.0985,2.886,5.19,-1.15,-6.02,219.12,0.06,0.0,0.05,0.03,108415,999,3,0.39,0.06,-0.01,0.0,48,7,-91,0,2.76,-0.24,0.0114,0.0338,26.32,31.54,21.32
462.979,before,-24.799,52.1373867,21.1613829,91.18,52.1373897,21.1613863,26,0.53,1.507,255,0.0,0.3355,0.0493,0.0374,2.894,5.2,-0.86,-5.94,219.44,0.06,0.0,0.02,0.02,108415,999,3,0.39,0.06,-0.01,0.0,48,-108,-185,0,2.79,-0.18,0.0099,0.0385,27.89,29.1,21.53
463.078,before,-24.699,52.1373856,21.1613816,91.2,52.1373875,21.1613837,26,0.53,1.519,255,-0.1677,0.6707,-0.0327,-0.0349,2.908,5.211,-0.99,-5.94,219.77,0.01,0.0,0.02,0.02,108415,999,3,0.39,0.07,0.01,0.02,48,-55,-57,0,2.81,-0.16,0.0083,0.0399,24.84,28.87,18.97
463.178,before,-24.6,52.1373845,21.1613803,91.21,52.1373875,21.1613837,26,0.53,1.519,255,0.0,0.3353,0.0331,-0.0314,2.918,5.223,-0.85,-6.12,219.96,0.01,0.0,0.03,0.0,108415,999,3,0.39,0.07,0.01,0.02,48,-77,320,0,2.85,-0.14,0.0082,0.0434,26.09,29.83,20.43
463.278,before,-24.499,52.1373834,21.1613789,91.22,52.1373875,21.1613837,26,0.53,1.519,255,0.0,0.3354,0.0296,0.04,2.938,5.232,-0.89,-6.01,220.17,0.01,0.0,0.02,0.01,108415,999,3,0.39,0.07,0.01,0.02,48,-10,110,0,2.87,-0.13,0.0077,0.0432,25.26,28.48,21.0
463.378,before,-24.4,52.1373823,21.1613776,91.23,52.1373853,21.161381,26,0.53,1.589,255,0.1677,0.6709,0.0495,-0.0004,2.922,5.242,-0.56,-5.83,220.41,0.03,0.01,0.0,0.02,108415,999,3,0.39,0.06,0.03,0.03,48,-134,-254,0,2.89,-0.12,0.0086,0.042,24.98,28.94,20.89
463.478,before,-24.3,52.1373812,21.1613763,91.23,52.137383,21.1613784,26,0.53,1.489,255,0.0,0.3353,-0.0494,0.0192,2.928,5.249,-0.75,-5.83,220.42,0.03,0.0,0.01,0.01,108415,999,3,0.39,0.07,0.0,-0.09,48,-4,-184,0,2.91,-0.1,0.0116,0.0436,23.89,30.09,19.43
463.578,before,-24.199,52.1373801,21.1613749,91.24,52.137383,21.1613784,26,0.53,1.489,255,0.0,0.3353,0.0538,0.0179,2.944,5.254,-0.62,-5.6,220.24,0.03,0.0,0.0,0.01,108415,999,3,0.39,0.07,0.0,-0.09,48,-65,-250,0,2.92,-0.09,0.0089,0.0378,26.56,27.59,20.84
463.678,before,-24.1,52.137379,21.1613736,91.24,52.1373807,21.1613757,26,0.53,1.566,255,0.0,0.6709,0.0299,-0.0438,2.95,5.258,-0.36,-5.74,219.94,0.05,0.0,0.01,0.0,108415,999,3,0.39,0.06,-0.03,0.07,48,-97,-185,0,2.93,-0.09,0.01,0.0431,23.57,26.54,18.51
463.778,before,-24.0,52.1373779,21.1613722,91.25,52.1373807,21.1613757,26,0.53,1.566,255,0.0,0.3354,-0.0079,0.0371,2.94,5.264,-0.25,-5.68,219.59,0.05,0.0,0.05,0.01,108415,999,3,0.39,0.06,-0.03,0.07,48,-68,-179,0,2.94,-0.07,0.0092,0.0469,24.16,25.4,17.9
463.878,before,-23.899,52.1373768,21.1613708,91.25,52.1373785,21.1613729,26,0.53,1.504,255,0.0,0.5031,-0.0173,0.0513,2.942,5.268,-0.35,-5.36,219.21,0.04,0.0,0.01,0.01,108415,999,3,0.39,0.06,-0.06,0.0,48,-27,-275,0,2.95,-0.08,0.0107,0.042,24.34,24.31,18.24
463.978,before,-23.799,52.1373757,21.1613693,91.25,52.1373785,21.1613729,26,0.53,1.504,255,0.0,0.8383,-0.0621,0.0603,2.936,5.268,-0.53,-4.91,218.93,0.04,0.0,0.03,0.01,108415,999,3,0.39,0.06,-0.06,0.0,48,-8,-121,0,2.94,-0.08,0.0063,0.0259,23.95,23.84,18.2
464.078,before,-23.7,52.1373746,21.1613679,91.25,52.1373763,21.16137,26,0.53,1.585,255,0.0,0.3353,0.0213,0.0426,2.932,5.262,-0.63,-4.71,218.95,0.01,0.0,0.02,0.0,108415,999,3,0.39,0.07,0.02,0.0,48,47,90,0,2.93,-0.08,0.0029,0.0151,23.5,23.36,17.93
464.178,before,-23.6,52.1373736,21.1613664,91.25,52.1373763,21.16137,26,0.53,1.585,255,0.0,0.5032,0.0063,0.0476,2.928,5.261,-0.6,-4.32,219.06,0.01,0.0,0.06,0.05,108415,999,3,0.39,0.07,0.02,0.0,48,-4,376,0,2.95,-0.07,0.0046,0.0275,25.17,26.79,17.95
464.278,before,-23.5,52.1373725,21.161365,91.25,52.1373763,21.16137,26,0.53,1.585,255,0.0,0.503,-0.0066,-0.1142,2.94,5.26,-0.58,-4.83,219.32,0.01,0.0,0.01,0.01,108415,999,3,0.39,0.07,0.02,0.0,48,161,-112,0,2.95,-0.06,0.004,0.0253,24.42,27.09,17.71
464.378,before,-23.4,52.1373715,21.1613636,91.24,52.1373742,21.1613671,26,0.53,1.49,255,-0.1677,0.6707,-0.0252,0.0228,2.952,5.258,-0.69,-4.88,219.64,0.02,0.01,0.0,0.01,108415,999,3,0.39,0.07,-0.04,-0.03,48,33,-187,0,2.95,-0.07,0.0051,0.0216,26.4,29.52,20.3
464.478,before,-23.3,52.1373705,21.1613621,91.24,52.1373722,21.1613644,26,0.53,1.421,255,0.0,0.3354,0.0034,0.0066,2.946,5.256,-0.7,-4.84,219.82,0.03,0.0,0.0,0.01,108415,999,3,0.39,0.06,-0.03,-0.04,48,20,-192,0,2.95,-0.08,0.0086,0.0251,25.71,32.36,19.04
464.578,before,-23.2,52.1373695,21.1613607,91.24,52.1373722,21.1613644,26,0.53,1.421,255,0.0,0.3353,-0.0396,-0.0247,2.934,5.256,-0.94,-4.92,219.91,0.03,0.0,0.02,0.02,108415,999,3,0.39,0.06,-0.03,-0.04,48,45,-167,0,2.96,-0.06,0.0064,0.0248,26.56,28.6,17.46
464.678,before,-23.1,52.1373686,21.1613593,91.24,52.1373703,21.1613616,26,0.53,1.489,255,0.0,0.6709,-0.0219,0.0032,2.932,5.26,-0.98,-4.98,219.87,0.04,0.0,0.05,0.02,108415,999,3,0.39,0.06,-0.01,0.01,48,3,180,0,2.98,-0.04,0.0086,0.038,26.03,28.9,20.13
464.778,before,-22.999,52.1373676,21.1613578,91.25,52.1373703,21.1613616,26,0.53,1.489,255,-0.1677,0.3353,-0.1011,-0.0784,2.928,5.267,-1.43,-5.27,219.55,0.04,0.0,0.02,0.01,108415,999,3,0.39,0.06,-0.01,0.01,48,94,-174,0,2.98,-0.02,0.0066,0.0331,29.74,27.3,20.4
464.878,before,-22.9,52.1373667,21.1613563,91.26,52.1373684,21.1613586,26,0.53,1.456,255,0.0,0.5032,-0.0179,-0.0091,2.9,5.273,-1.79,-5.66,219.35,0.02,0.0,0.04,0.01,108415,999,3,0.39,0.06,-0.04,0.01,48,-202,101,0,2.99,-0.01,0.008,0.0353,27.92,28.55,19.88
464.979,before,-22.799,52.1373658,21.1613549,91.26,52.1373684,21.1613586,26,0.53,1.456,255,0.0,0.5029,-0.0401,-0.0194,2.912,5.279,-1.77,-5.8,219.27,0.02,0.0,0.02,0.01,108415,999,3,0.39,0.06,-0.04,0.01,48,-171,322,0,2.99,0.01,0.0057,0.0297,28.87,28.62,20.55
465.079,before,-22.699,52.1373648,21.1613534,91.27,52.1373665,21.1613557,26,0.53,1.468,255,0.0,0.3354,-0.1358,0.0456,2.93,5.281,-2.41,-5.78,219.18,0.01,0.0,0.01,0.01,108415,999,3,0.39,0.06,0.03,0.01,48,-198,353,0,2.99,0.01,0.0042,0.02,28.64,30.82,20.54
465.179,before,-22.599,52.1373639,21.1613519,91.27,52.1373665,21.1613557,26,0.53,1.468,255,0.0,0.1677,0.0294,-0.0894,2.91,5.287,-2.44,-5.93,219.11,0.01,0.0,0.06,0.01,108415,999,3,0.39,0.06,0.03,0.01,48,58,-11,0,3.0,0.0,0.0049,0.0275,28.55,29.48,19.69
465.279,before,-22.499,52.1373629,21.1613504,91.28,52.1373665,21.1613557,26,0.53,1.468,255,0.0,0.503,0.0294,-0.0682,2.912,5.291,-2.09,-6.36,219.19,0.01,0.0,0.02,0.02,108415,999,3,0.39,0.06,0.03,0.01,48,-216,-241,0,3.0,0.0,0.004,0.0234,28.17,27.82,20.73
465.379,before,-22.399,52.137362,21.161349,91.27,52.1373647,21.1613528,26,0.53,1.433,255,-0.1677,0.3354,-0.1345,-0.0128,2.916,5.29,-2.54,-6.43,219.35,0.02,0.01,0.05,0.02,108415,999,3,0.39,0.06,0.0,-0.04,48,-91,-149,0,2.98,0.0,0.0039,0.0083,30.44,29.59,21.74
465.479,before,-22.299,52.1373611,21.1613476,91.27,52.1373628,21.1613499,26,0.53,1.42,255,0.0,0.3353,-0.0155,-0.0098,2.922,5.281,-2.88,-6.49,219.4,0.0,0.0,0.05,0.01,108415,999,3,0.39,0.06,0.0,-0.01,48,-69,-133,0,2.96,-0.02,0.0035,0.0094,30.17,32.41,22.17
465.579,before,-22.199,52.1373601,21.1613461,91.25,52.1373628,21.1613499,26,0.53,1.42,255,-0.1677,0.3354,-0.0585,0.0384,2.908,5.267,-3.24,-6.42,219.3,0.0,0.0,0.04,0.01,108415,999,3,0.39,0.06,0.0,-0.01,48,102,175,0,2.95,-0.04,0.0039,0.0168,31.53,30.33,22.37
465.679,before,-22.099,52.1373591,21.1613447,91.23,52.137361,21.1613471,26,0.53,1.459,255,0.0,0.3353,0.0517,0.0062,2.884,5.248,-3.24,-6.3,219.17,0.02,0.0,0.07,0.03,108415,999,3,0.39,0.06,0.04,-0.05,48,-144,324,0,2.92,-0.06,0.0085,0.0278,29.16,29.75,19.44
465.778,before,-22.0,52.1373581,21.1613433,91.22,52.137361,21.1613471,26,0.53,1.459,255,0.0,0.5029,0.0135,0.1021,2.86,5.231,-2.98,-6.12,219.17,0.02,0.0,0.03,0.01,108415,999,3,0.39,0.06,0.04,-0.05,48,-40,-206,0,2.91,-0.05,0.007,0.0265,28.25,28.1,19.83
465.879,before,-21.899,52.1373571,21.161342,91.21,52.137359,21.1613443,26,0.53,1.515,255,0.0,0.8383,0.1502,0.0728,2.848,5.222,-2.34,-5.44,219.28,0.03,0.0,0.0,0.04,108415,999,3,0.39,0.06,0.02,0.01,48,-6,-343,0,2.91,-0.03,0.0039,0.0107,27.73,27.54,19.32
465.979,before,-21.799,52.137356,21.1613406,91.21,52.137359,21.1613443,26,0.53,1.515,255,0.0,0.6711,-0.0052,-0.0637,2.848,5.222,-2.03,-5.58,219.28,0.03,0.0,0.03,0.01,108415,999,3,0.39,0.06,0.02,0.01,48,25,144,0,2.92,0.0,0.0031,0.0048,26.22,30.31,18.14
466.079,before,-21.699,52.137355,21.1613392,91.21,52.1373569,21.1613414,26,0.53,1.53,255,0.0,0.1677,-0.0533,-0.0526,2.868,5.226,-2.22,-5.94,219.13,0.05,0.0,0.0,0.03,108415,999,3,0.39,0.06,0.03,0.05,48,12,-110,0,2.93,0.0,0.0081,0.0149,31.91,30.59,21.76
466.179,before,-21.599,52.1373539,21.1613378,91.22,52.1373569,21.1613414,26,0.53,1.53,255,0.0,0.3355,-0.0028,-0.0145,2.886,5.231,-2.2,-6.09,218.98,0.05,0.0,0.02,0.02,108415,999,3,0.39,0.06,0.03,0.05,48,-177,-148,0,2.93,-0.01,0.0053,0.0076,29.77,32.36,21.77
466.279,before,-21.499,52.1373529,21.1613364,91.22,52.1373569,21.1613414,26,0.53,1.53,255,-0.1677,0.6709,-0.038,0.0242,2.892,5.232,-2.38,-6.07,218.85,0.05,0.0,0.03,0.01,108415,999,3,0.39,0.06,0.03,0.05,48,68,-178,0,2.92,-0.02,0.0038,0.0072,27.85,32.62,19.84
466.379,before,-21.399,52.1373518,21.161335,91.22,52.1373548,21.1613386,26,0.53,1.52,255,0.0,0.3354,-0.0342,0.044,2.92,5.232,-2.58,-5.78,218.74,0.0,0.02,0.02,0.01,108415,999,3,0.39,0.06,0.01,0.0,48,67,-79,0,2.92,-0.04,0.0023,0.0089,25.7,33.37,20.7
466.479,before,-21.299,52.1373508,21.1613336,91.22,52.1373527,21.1613358,26,0.53,1.51,255,0.0,0.3354,0.0307,0.0053,2.928,5.234,-2.43,-5.72,218.72,0.01,0.0,0.01,0.02,108415,999,3,0.39,0.06,0.0,0.0,48,-42,145,0,2.93,-0.04,0.0025,0.006,25.97,31.95,20.67
466.579,before,-21.199,52.1373497,21.1613323,91.22,52.1373527,21.1613358,26,0.53,1.51,255,0.0,0.5032,-0.0032,-0.0747,2.914,5.236,-2.36,-6.0,218.67,0.01,0.0,0.01,0.03,108415,999,3,0.39,0.06,0.0,0.0,48,-18,33,0,2.94,-0.05,0.0014,0.0009,27.23,31.49,21.57
466.679,before,-21.099,52.1373487,21.161331,91.22,52.1373506,21.161333,26,0.53,1.458,255,0.0,0.3354,0.0402,0.002,2.87,5.239,-2.2,-6.13,218.71,0.03,0.0,0.0,0.02,108415,999,3,0.39,0.06,-0.05,0.0,48,-61,-146,0,2.96,-0.05,0.0059,0.0109,28.29,33.3,22.43
466.778,before,-21.0,52.1373477,21.1613297,91.23,52.1373506,21.161333,26,0.53,1.458,255,0.0,0.3354,0.0191,-0.0237,2.876,5.246,-2.02,-6.14,218.79,0.03,0.0,0.04,0.02,108415,999,3,0.39,0.06,-0.05,0.0,48,-11,-164,0,2.97,0.02,0.0046,0.0173,30.26,31.0,21.53
466.879,before,-20.899,52.1373466,21.1613284,91.24,52.1373486,21.1613304,26,0.53,1.449,255,0.0,0.3352,0.0653,-0.0224,2.888,5.252,-1.82,-6.34,218.87,0.02,0.0,0.0,0.01,108415,999,3,0.39,0.06,-0.04,0.0,48,-53,200,0,2.97,0.02,0.0065,0.0134,28.08,28.85,19.99
466.979,before,-20.799,52.1373456,21.1613271,91.24,52.1373486,21.1613304,26,0.53,1.449,255,0.1677,0.3355,0.0373,-0.0095,2.914,5.259,-1.53,-6.43,219.12,0.02,0.0,0.05,0.01,108415,999,3,0.39,0.06,-0.04,0.0,48,89,-146,0,2.99,0.02,0.0047,0.0203,25.56,31.73,19.68
467.079,before,-20.699,52.1373445,21.1613258,91.25,52.1373465,21.1613278,26,0.53,1.467,255,0.0,0.503,-0.0543,-0.009,2.926,5.266,-1.71,-6.48,219.39,0.01,0.0,0.0,0.02,108415,999,3,0.39,0.06,-0.01,0.03,48,-7,-162,0,2.99,0.01,0.0058,0.016,27.04,30.84,21.92
467.179,before,-20.599,52.1373434,21.1613246,91.26,52.1373465,21.1613278,26,0.53,1.467,255,0.0,0.6709,0.0511,0.0223,2.922,5.274,-1.78,-6.51,219.64,0.01,0.0,0.03,0.01,108415,999,3,0.39,0.06,-0.01,0.03,48,29,-135,0,2.99,0.0,0.0039,0.0165,25.18,33.46,19.92
467.279,before,-20.499,52.1373423,21.1613233,91.27,52.1373465,21.1613278,26,0.53,1.467,255,0.0,0.6709,0.1669,-0.0577,2.916,5.283,-1.06,-6.52,219.93,0.01,0.0,0.03,0.04,108415,999,3,0.39,0.06,-0.01,0.03,48,4,-197,0,3.0,0.0,0.003,0.0181,25.75,31.42,20.21
467.379,before,-20.399,52.1373412,21.1613221,91.27,52.1373443,21.1613253,26,0.53,1.485,255,0.0,0.3353,0.0314,0.018,2.912,5.289,-0.65,-6.65,220.33,0.01,0.01,0.0,0.01,108415,999,3,0.39,0.06,0.02,0.0,48,157,202,0,3.01,0.02,0.0016,0.0119,25.65,28.84,18.45
467.479,before,-20.299,52.1373401,21.1613209,91.27,52.137342,21.161323,26,0.53,1.56,255,0.0,0.3354,0.0917,0.0419,2.912,5.29,-0.32,-6.33,220.77,0.02,0.0,0.01,0.02,108415,999,3,0.39,0.07,0.05,-0.01,48,58,103,0,3.0,0.01,0.0055,0.0077,27.27,29.07,18.48
467.579,before,-20.199,52.1373389,21.1613197,91.27,52.137342,21.161323,26,0.53,1.56,255,0.0,0.3354,0.0787,-0.0027,2.926,5.289,0.05,-6.28,221.15,0.02,0.0,0.02,0.0,108415,999,3,0.39,0.07,0.05,-0.01,48,-121,-17,0,2.99,0.0,0.0043,0.0052,26.6,32.01,18.65
467.679,before,-20.099,52.1373378,21.1613185,91.27,52.1373397,21.1613205,26,0.53,1.503,255,0.0,0.5031,0.0965,-0.016,2.908,5.287,0.76,-6.3,221.57,0.02,0.0,0.01,0.0,108415,999,3,0.39,0.06,-0.05,0.0,48,-62,-187,0,2.99,0.0,0.0023,0.0043,27.08,32.08,18.58
467.779,before,-19.999,52.1373366,21.1613173,91.27,52.1373397,21.1613205,26,0.53,1.503,255,0.0,0.3354,0.1223,-0.0061,2.905,5.285,1.07,-6.33,221.89,0.02,0.0,0.0,0.01,108415,999,3,0.39,0.06,-0.05,0.0,48,38,-10,0,2.99,0.0,0.0017,0.005,25.42,31.08,17.65
467.879,before,-19.899,52.1373355,21.161316,91.26,52.1373375,21.1613181,26,0.53,1.503,255,0.1677,0.6709,-0.0012,0.0017,2.892,5.278,1.47,-6.36,221.79,0.04,0.0,0.04,0.02,108415,999,3,0.39,0.07,0.0,-0.02,48,20,-165,0,2.96,0.0,0.0069,0.023,30.58,28.49,22.07
467.978,before,-19.799,52.1373344,21.1613148,91.25,52.1373375,21.1613181,26,0.53,1.503,255,0.0,0.3353,-0.0758,0.0282,2.906,5.264,1.09,-6.37,221.56,0.04,0.0,0.04,0.03,108415,999,3,0.39,0.07,0.0,-0.02,48,0,-9,0,2.95,-0.02,0.0067,0.0271,31.61,29.39,20.07
468.079,before,-19.699,52.1373333,21.1613135,91.24,52.1373352,21.1613156,26,0.53,1.532,255,0.0,0.3354,0.0222,-0.0092,2.888,5.251,1.11,-6.29,221.38,0.0,0.0,0.03,0.0,108415,999,3,0.39,0.06,0.0,0.0,48,-28,-212,0,2.93,-0.03,0.006,0.0273,29.86,31.06,19.06
468.179,before,-19.599,52.1373322,21.1613121,91.23,52.1373352,21.1613156,26,0.53,1.532,255,-0.1677,0.3354,0.0013,0.0153,2.9,5.24,1.08,-6.19,221.13,0.0,0.0,0.01,0.02,108415,999,3,0.39,0.06,0.0,0.0,48,-50,-193,0,2.93,-0.03,0.0048,0.0222,27.35,29.21,19.09
468.279,before,-19.499,52.1373312,21.1613108,91.22,52.1373352,21.1613156,26,0.53,1.532,255,0.1677,0.3353,0.0566,-0.0323,2.888,5.234,1.33,-6.22,220.85,0.0,0.0,0.01,0.02,108415,999,3,0.39,0.06,0.0,0.0,48,-48,130,0,2.93,-0.03,0.0038,0.0174,32.37,29.21,21.9
468.379,before,-19.399,52.1373301,21.1613094,91.21,52.1373331,21.1613129,26,0.53,1.489,255,0.0,0.3353,-0.0076,-0.0013,2.89,5.228,1.38,-6.31,220.58,0.02,0.01,0.01,0.02,108415,999,3,0.39,0.06,-0.05,0.0,48,-58,-166,0,2.93,-0.03,0.0063,0.0189,30.91,31.67,22.79
468.479,before,-19.299,52.1373291,21.161308,91.21,52.1373311,21.1613101,26,0.53,1.492,255,0.0,0.6709,0.0075,-0.0273,2.9,5.228,1.55,-6.44,220.48,0.03,0.0,0.01,0.03,108415,999,3,0.39,0.06,-0.05,0.03,48,-54,-140,0,2.94,-0.03,0.0092,0.0133,27.6,31.19,20.81
468.579,before,-19.199,52.1373282,21.1613065,91.22,52.1373311,21.1613101,26,0.53,1.492,255,-0.1678,0.6711,-0.0902,-0.0243,2.902,5.231,1.21,-6.61,220.47,0.03,0.0,0.0,0.01,108415,999,3,0.39,0.06,-0.05,0.03,48,68,-141,0,2.95,-0.02,0.0058,0.0087,28.86,30.24,21.13
468.679,before,-19.099,52.1373272,21.161305,91.22,52.1373291,21.1613071,26,0.53,1.512,255,-0.1677,0.503,-0.0958,0.0319,2.918,5.236,0.62,-6.46,220.4,0.03,0.0,0.02,0.01,108415,999,3,0.39,0.05,-0.06,0.02,48,127,-52,0,2.97,-0.01,0.0105,0.0175,28.71,28.83,18.02
468.778,before,-19.0,52.1373262,21.1613034,91.23,52.1373291,21.1613071,26,0.53,1.512,255,-0.1677,0.3354,-0.0932,0.0266,2.948,5.242,0.06,-6.33,220.43,0.03,0.0,0.03,0.0,108415,999,3,0.39,0.05,-0.06,0.02,48,151,-204,0,2.96,-0.02,0.0061,0.0088,27.31,27.5,18.26
468.879,before,-18.899,52.1373253,21.1613019,91.23,52.1373271,21.1613041,26,0.53,1.545,255,0.0,0.5032,0.0176,-0.0268,2.936,5.247,-0.05,-6.39,220.49,0.01,0.0,0.01,0.01,108415,999,3,0.39,0.05,0.02,-0.03,48,-307,165,0,2.98,-0.04,0.0017,0.0058,26.66,30.32,19.33
468.979,before,-18.799,52.1373243,21.1613003,91.23,52.1373271,21.1613041,26,0.53,1.545,255,0.0,0.3354,-0.0166,0.0186,2.944,5.249,-0.22,-6.39,220.68,0.01,0.0,0.01,0.01,108415,999,3,0.39,0.05,0.02,-0.03,48,-90,-182,0,2.98,-0.04,0.001,0.0013,26.49,28.11,17.41
469.079,before,-18.699,52.1373233,21.1612987,91.23,52.1373251,21.161301,26,0.53,1.523,255,0.0,0.3353,-0.0277,0.0475,2.942,5.247,-0.45,-5.94,220.87,0.03,0.0,0.05,0.01,108415,999,3,0.39,0.05,-0.04,0.01,48,67,-80,0,2.97,-0.04,0.0035,0.0078,26.63,30.75,20.95
469.178,before,-18.6,52.1373223,21.1612972,91.23,52.1373251,21.161301,26,0.53,1.523,255,0.0,0.6707,0.0125,-0.0156,2.94,5.241,-0.44,-6.12,220.82,0.03,0.0,0.05,0.0,108415,999,3,0.39,0.05,-0.04,0.01,48,-113,325,0,2.97,-0.05,0.0026,0.0163,25.41,29.09,17.49
469.279,before,-18.499,52.1373214,21.1612956,91.22,52.1373251,21.161301,26,0.53,1.523,255,-0.1677,0.3355,-0.0918,0.0132,2.962,5.235,-0.85,-6.08,220.77,0.03,0.0,0.01,0.0,108415,999,3,0.39,0.05,-0.04,0.01,48,103,-180,0,2.97,-0.05,0.002,0.0134,30.95,29.85,18.95
469.379,before,-18.399,52.1373203,21.161294,91.22,52.137323,21.1612979,26,0.53,1.616,255,0.0,0.5029,-0.0429,0.0716,2.964,5.233,-1.15,-5.74,220.72,0.03,0.01,0.02,0.01,108415,999,3,0.39,0.06,0.06,0.05,48,71,-402,0,2.97,-0.05,0.0054,0.0077,27.25,29.4,17.21
469.479,before,-18.299,52.1373193,21.1612925,91.22,52.1373208,21.1612948,26,0.53,1.578,255,0.0,0.671,0.0717,-0.0038,2.992,5.239,-1.02,-5.65,220.7,0.04,0.0,0.08,0.0,108415,999,3,0.39,0.06,0.1,-0.04,48,-134,-201,0,3.0,-0.04,0.0142,0.0251,27.0,29.72,17.49
469.579,before,-18.199,52.1373182,21.161291,91.23,52.1373208,21.1612948,26,0.53,1.578,255,0.0,0.3353,0.031,-0.0496,2.988,5.247,-0.65,-5.85,220.8,0.04,0.0,0.0,0.03,108415,999,3,0.39,0.06,0.1,-0.04,48,-94,-158,0,3.01,-0.05,0.0105,0.02,26.51,28.4,18.28
469.679,before,-18.099,52.1373172,21.1612895,91.24,52.1373187,21.1612919,26,0.53,1.581,255,0.0,0.3354,-0.0188,-0.0604,3.004,5.255,-0.9,-6.08,220.77,0.01,0.0,0.04,0.01,108415,999,3,0.39,0.06,0.0,0.0,48,75,160,0,3.02,-0.05,0.008,0.0208,30.31,27.98,20.93
469.778,before,-18.0,52.1373161,21.1612881,91.24,52.1373187,21.1612919,26,0.53,1.581,255,0.0,0.6708,0.0294,0.0482,3.004,5.259,-0.71,-6.03,220.77,0.01,0.0,0.01,0.03,108415,999,3,0.39,0.06,0.0,0.0,48,-51,312,0,3.04,-0.04,0.0061,0.0184,28.13,30.95,19.85
469.878,before,-17.899,52.137315,21.1612866,91.24,52.1373165,21.1612888,26,0.53,1.589,255,0.0,0.3354,0.0388,0.023,2.988,5.257,-0.66,-5.81,220.7,0.03,0.0,0.05,0.01,108415,999,3,0.39,0.08,0.07,0.0,48,4,-216,0,3.02,-0.05,0.0116,0.0186,26.07,29.36,17.28
469.978,before,-17.799,52.1373139,21.1612852,91.24,52.1373165,21.1612888,26,0.53,1.589,255,0.0,0.3354,0.0843,-0.0261,2.98,5.251,-0.31,-5.9,220.71,0.03,0.0,0.0,0.01,108415,999,3,0.39,0.08,0.07,0.0,48,-93,-319,0,3.02,-0.04,0.0082,0.0144,26.49,32.29,18.39
470.078,before,-17.7,52.1373129,21.1612837,91.23,52.1373144,21.1612859,26,0.53,1.562,255,0.0,0.3354,-0.0707,0.0648,2.966,5.243,-0.33,-5.75,220.72,0.02,0.0,0.02,0.03,108415,999,3,0.39,0.08,0.02,0.04,48,-74,327,0,3.01,-0.04,0.0092,0.0171,28.31,30.91,18.88
470.179,before,-17.599,52.1373118,21.1612823,91.22,52.1373144,21.1612859,26,0.53,1.562,255,0.0,0.3354,0.0329,0.0347,2.95,5.237,-0.29,-5.56,220.63,0.02,0.0,0.01,0.0,108415,999,3,0.39,0.08,0.02,0.04,48,-105,-59,0,3.01,-0.03,0.0063,0.0139,31.97,29.55,21.47
470.278,before,-17.499,52.1373107,21.1612809,91.22,52.1373144,21.1612859,26,0.53,1.562,255,0.0,0.3356,0.0048,-0.0427,2.958,5.234,-0.27,-5.66,220.63,0.02,0.0,0.0,0.0,108415,999,3,0.39,0.08,0.02,0.04,48,4,-210,0,3.01,-0.03,0.004,0.0087,31.67,30.55,22.6
470.378,before,-17.399,52.1373097,21.1612795,91.22,52.1373124,21.1612831,26,0.53,1.457,255,0.0,0.6707,0.0562,-0.0136,2.958,5.236,-0.17,-5.69,220.71,0.02,0.01,0.06,0.01,108415,999,3,0.39,0.08,-0.02,-0.05,48,-12,-159,0,3.03,-0.01,0.004,0.0133,28.1,31.86,20.97
470.478,before,-17.3,52.1373086,21.1612782,91.23,52.1373103,21.1612804,26,0.53,1.469,255,0.1677,0.3353,0.0454,0.0106,2.962,5.241,0.21,-5.68,220.86,0.02,0.0,0.02,0.0,108415,999,3,0.39,0.07,0.0,-0.05,48,-104,19,0,3.03,0.0,0.0075,0.0163,28.22,29.5,21.37
470.578,before,-17.2,52.1373076,21.1612769,91.24,52.1373103,21.1612804,26,0.53,1.469,255,0.0,0.1677,0.052,0.0088,2.974,5.253,0.54,-5.66,221.0,0.02,0.0,0.08,0.0,108415,999,3,0.39,0.07,0.0,-0.05,48,94,184,0,3.05,0.01,0.0067,0.0288,30.22,30.04,21.79
470.678,before,-17.1,52.1373066,21.1612755,91.25,52.1373083,21.1612778,26,0.53,1.441,255,0.1677,0.3354,0.0418,-0.1252,2.97,5.269,0.94,-6.17,221.07,0.04,0.0,0.06,0.02,108415,999,3,0.39,0.06,-0.02,-0.02,48,-96,-231,0,3.08,0.03,0.0104,0.0427,30.86,28.54,21.53
470.778,before,-17.0,52.1373056,21.1612742,91.27,52.1373083,21.1612778,26,0.53,1.441,255,0.0,0.3354,-0.0849,0.0265,2.982,5.288,0.79,-6.33,221.06,0.04,0.0,0.03,0.02,108415,999,3,0.39,0.06,-0.02,-0.02,48,-7,-87,0,3.09,0.04,0.0079,0.0359,26.27,32.56,18.19
470.878,before,-16.9,52.1373047,21.1612728,91.29,52.1373064,21.161275,26,0.53,1.418,255,-0.1677,0.3354,-0.0762,0.0234,2.982,5.306,0.3,-6.24,220.95,0.04,0.0,0.03,0.01,108415,999,3,0.39,0.06,-0.09,0.03,48,102,-4,0,3.11,0.04,0.0125,0.0378,32.98,27.67,21.45
470.978,before,-16.799,52.1373037,21.1612713,91.31,52.1373064,21.161275,26,0.53,1.418,255,0.0,0.5032,0.012,-0.0648,2.988,5.327,0.23,-6.46,220.77,0.04,0.0,0.07,0.01,108415,999,3,0.39,0.06,-0.09,0.03,48,34,-77,0,3.13,0.07,0.0103,0.0409,25.32,29.22,17.83
471.078,before,-16.699,52.1373028,21.1612699,91.33,52.1373045,21.1612721,26,0.53,1.438,255,0.0,0.3353,-0.1281,0.0559,2.998,5.345,-0.29,-6.32,220.45,0.02,0.0,0.03,0.0,108415,999,3,0.39,0.06,0.0,-0.04,48,-35,-27,0,3.14,0.07,0.0093,0.0372,25.16,26.48,18.49
471.178,before,-16.6,52.1373018,21.1612684,91.35,52.1373045,21.1612721,26,0.53,1.438,255,-0.1677,0.3355,-0.0895,-0.0239,3.008,5.363,-1.0,-6.29,220.18,0.02,0.0,0.05,0.01,108415,999,3,0.39,0.06,0.0,-0.04,48,-6,-150,0,3.14,0.07,0.0074,0.0347,25.44,23.83,19.0
471.278,before,-16.499,52.1373009,21.1612669,91.36,52.1373045,21.1612721,26,0.53,1.438,255,0.0,0.503,0.0287,0.0534,3.002,5.379,-0.89,-6.05,219.96,0.02,0.0,0.03,0.01,108415,999,3,0.39,0.06,0.0,-0.04,48,-304,-155,0,3.15,0.07,0.0054,0.0278,24.18,26.39,18.08
471.378,before,-16.4,52.1372999,21.1612653,91.38,52.1373026,21.1612691,26,0.53,1.51,255,0.0,0.6709,-0.0947,-0.0107,2.992,5.394,-1.15,-6.11,219.77,0.02,0.01,0.03,0.0,108415,999,3,0.39,0.06,-0.01,0.03,48,63,204,0,3.16,0.08,0.0063,0.028,25.97,29.74,20.7
471.478,before,-16.3,52.137299,21.1612638,91.39,52.1373007,21.1612659,26,0.53,1.544,255,-0.1677,0.3355,-0.0263,-0.01,2.988,5.408,-1.44,-6.11,219.7,0.02,0.0,0.06,0.01,108415,999,3,0.39,0.06,0.0,0.06,48,-76,-132,0,3.17,0.1,0.01,0.0331,27.74,27.61,21.69
471.578,before,-16.2,52.137298,21.1612623,91.4,52.1373007,21.1612659,26,0.53,1.544,255,-0.1677,0.3354,0.0204,-0.0233,2.988,5.417,-1.3,-6.38,219.63,0.02,0.0,0.0,0.01,108415,999,3,0.39,0.06,0.0,0.06,48,13,-78,0,3.15,0.09,0.006,0.0167,28.94,31.53,22.46
471.678,before,-16.1,52.137297,21.1612607,91.41,52.1372987,21.1612628,26,0.53,1.496,255,0.0,0.1677,0.005,-0.0098,2.982,5.424,-1.19,-6.39,219.59,0.02,0.0,0.03,0.01,108415,999,3,0.39,0.06,-0.01,0.01,48,-147,-146,0,3.15,0.1,0.0059,0.0132,29.41,33.95,23.56
471.778,before,-16.0,52.1372961,21.1612592,91.41,52.1372987,21.1612628,26,0.53,1.496,255,0.0,0.1677,-0.0738,0.0337,2.98,5.427,-1.61,-6.28,219.53,0.02,0.0,0.01,0.01,108415,999,3,0.39,0.06,-0.01,0.01,48,117,-165,0,3.14,0.08,0.0039,0.006,30.05,33.7,22.52
471.878,before,-15.9,52.1372951,21.1612577,91.42,52.1372968,21.1612597,26,0.53,1.516,255,0.0,0.5032,-0.1209,-0.0333,2.97,5.431,-2.16,-6.29,219.46,0.02,0.0,0.02,0.01,108415,999,3,0.39,0.06,0.01,0.02,48,-46,341,0,3.14,0.08,0.006,0.0113,28.25,32.4,21.7
471.979,before,-15.799,52.1372941,21.1612561,91.42,52.1372968,21.1612597,26,0.53,1.516,255,0.0,0.5031,0.0688,-0.1084,2.954,5.436,-2.4,-6.58,219.41,0.02,0.0,0.02,0.03,108415,999,3,0.39,0.06,0.01,0.02,48,107,-126,0,3.14,0.1,0.0041,0.0087,29.94,31.27,23.38
472.078,before,-15.7,52.1372931,21.1612547,91.42,52.1372948,21.1612567,26,0.53,1.467,255,0.0,0.3354,-0.0787,0.0107,2.936,5.437,-2.47,-6.68,219.21,0.02,0.0,0.0,0.0,108415,999,3,0.39,0.06,-0.03,-0.04,48,84,-138,0,3.13,0.09,0.002,0.0036,29.14,31.93,21.97
472.178,before,-15.6,52.1372921,21.1612532,91.42,52.1372948,21.1612567,26,0.53,1.467,255,0.0,0.3353,0.1199,-0.0001,2.924,5.435,-2.28,-6.51,219.06,0.02,0.0,0.02,0.02,108415,999,3,0.39,0.06,-0.03,-0.04,48,76,160,0,3.11,0.1,0.0025,0.0114,30.88,31.7,23.4
472.278,before,-15.5,52.1372911,21.1612518,91.42,52.1372948,21.1612567,26,0.53,1.467,255,0.1677,0.5031,0.0458,-0.0078,2.928,5.434,-1.74,-6.47,219.05,0.02,0.0,0.0,0.03,108415,999,3,0.39,0.06,-0.03,-0.04,48,-126,-160,0,3.1,0.1,0.0025,0.0119,29.79,32.64,22.64
472.378,before,-15.4,52.1372901,21.1612505,91.42,52.1372928,21.1612539,26,0.53,1.475,255,0.0,0.3354,-0.0597,-0.0868,2.904,5.433,-1.96,-6.77,219.1,0.03,0.01,0.01,0.03,108415,999,3,0.39,0.06,-0.01,-0.01,48,15,-114,0,3.09,0.09,0.0049,0.0152,30.78,32.78,19.98
472.478,before,-15.3,52.137289,21.1612492,91.42,52.1372908,21.1612512,26,0.53,1.484,255,0.0,0.6709,0.0869,-0.0116,2.918,5.437,-1.86,-7.11,219.18,0.02,0.0,0.02,0.02,108415,999,3,0.39,0.06,0.01,-0.03,48,-142,-34,0,3.09,0.1,0.0045,0.0067,31.8,31.17,22.77
472.578,before,-15.2,52.137288,21.1612479,91.42,52.1372908,21.1612512,26,0.53,1.484,255,0.1677,0.8386,0.0724,0.0023,2.932,5.439,-1.5,-6.93,219.38,0.02,0.0,0.03,0.01,108415,999,3,0.39,0.06,0.01,-0.03,48,-97,-194,0,3.08,0.09,0.0043,0.0152,33.62,32.36,23.6
472.678,before,-15.099,52.1372869,21.1612466,91.42,52.1372886,21.1612486,26,0.53,1.501,255,0.1677,0.3354,0.0679,0.0326,2.928,5.439,-0.98,-6.72,219.62,0.05,0.0,0.01,0.05,108415,999,3,0.39,0.06,0.02,0.0,48,52,313,0,3.06,0.07,0.0087,0.0296,31.2,33.64,23.99
472.778,before,-14.999,52.1372858,21.1612453,91.43,52.1372886,21.1612486,26,0.53,1.501,255,0.0,0.5031,0.0164,0.043,2.918,5.442,-0.74,-6.62,219.72,0.05,0.0,0.05,0.02,108415,999,3,0.39,0.06,0.02,0.0,48,-98,13,0,3.07,0.07,0.005,0.0135,31.13,31.93,23.47
472.878,before,-14.899,52.1372847,21.1612439,91.44,52.1372864,21.161246,26,0.53,1.544,255,0.0,0.3354,-0.0188,-0.0225,2.926,5.45,-0.74,-6.64,219.85,0.02,0.0,0.02,0.01,108415,999,3,0.39,0.06,0.04,0.03,48,-58,-152,0,3.08,0.08,0.0077,0.0125,33.27,30.72,23.09
472.978,before,-14.799,52.1372836,21.1612426,91.45,52.1372864,21.161246,26,0.53,1.544,255,0.1676,0.3353,0.0065,0.0282,2.944,5.466,-0.68,-6.56,219.99,0.02,0.0,0.08,0.01,108415,999,3,0.39,0.06,0.04,0.03,48,-48,-174,0,3.1,0.1,0.0051,0.012,33.55,32.5,22.69
473.078,before,-14.699,52.1372825,21.1612413,91.47,52.1372842,21.1612433,26,0.53,1.509,255,0.1677,0.3354,0.0473,0.0512,2.942,5.487,-0.63,-6.14,220.03,0.01,0.0,0.07,0.01,108415,999,3,0.39,0.06,0.0,0.02,48,-33,-76,0,3.12,0.11,0.0062,0.0227,31.12,33.84,22.53
473.178,before,-14.6,52.1372814,21.16124,91.5,52.1372842,21.1612433,26,0.53,1.509,255,0.0,0.8384,0.0583,0.0358,2.95,5.514,-0.36,-5.97,220.18,0.01,0.0,0.1,0.01,108415,999,3,0.39,0.06,0.0,0.02,48,-65,183,0,3.15,0.14,0.0067,0.0345,29.47,31.17,21.38
473.278,before,-14.499,52.1372803,21.1612387,91.53,52.1372842,21.1612433,26,0.53,1.509,255,0.0,0.3354,0.0479,0.1438,2.95,5.542,0.01,-5.3,220.39,0.01,0.0,0.06,0.01,108415,999,3,0.39,0.06,0.0,0.02,48,-98,-225,0,3.17,0.15,0.0062,0.0342,31.53,29.32,22.69
473.378,before,-14.4,52.1372792,21.1612374,91.55,52.1372821,21.1612407,26,0.53,1.459,255,0.0,0.3354,0.0419,0.215,2.942,5.569,0.2,-4.31,220.49,0.02,0.01,0.06,0.01,108415,999,3,0.39,0.06,0.01,-0.03,48,-76,-110,0,3.19,0.17,0.0072,0.0355,33.01,28.46,22.83
473.478,before,-14.3,52.1372782,21.1612362,91.58,52.13728,21.1612382,26,0.53,1.417,255,0.0,1.0064,-0.0059,0.2128,2.924,5.595,0.18,-3.13,220.52,0.01,0.0,0.02,0.01,108415,999,3,0.39,0.06,-0.03,0.03,48,-48,487,0,3.2,0.17,0.0055,0.0244,29.11,29.91,21.32
473.578,before,-14.2,52.1372773,21.161235,91.6,52.13728,21.1612382,26,0.53,1.417,255,0.0,0.5031,0.0003,0.1275,2.948,5.619,0.27,-2.21,220.65,0.01,0.0,0.05,0.0,108415,999,3,0.39,0.06,-0.03,0.03,48,-32,353,0,3.2,0.19,0.0046,0.0234,28.77,32.66,21.79
473.678,before,-14.1,52.1372763,21.1612338,91.62,52.137278,21.1612357,26,0.53,1.382,255,0.0,0.3354,-0.0803,0.147,2.962,5.64,-0.07,-1.52,220.62,0.04,0.0,0.04,0.0,108415,999,3,0.39,0.06,0.04,-0.02,48,19,-189,0,3.2,0.19,0.0028,0.0123,29.44,30.82,23.02
473.778,before,-13.999,52.1372755,21.1612327,91.64,52.137278,21.1612357,26,0.53,1.382,255,-0.1677,0.8387,-0.0925,0.201,2.958,5.654,-0.57,-0.42,220.58,0.04,0.0,0.02,0.01,108415,999,3,0.39,0.06,0.04,-0.02,48,49,-256,0,3.2,0.16,0.0021,0.0079,28.59,27.25,21.64
473.878,before,-13.9,52.1372747,21.1612316,91.66,52.1372762,21.1612334,26,0.53,1.18,255,0.0,0.503,0.0817,0.0826,2.936,5.672,-0.44,0.25,220.73,0.01,0.0,0.07,0.0,108415,999,3,0.39,0.07,0.0,0.0,48,-26,-176,0,3.22,0.18,0.0016,0.0123,28.76,28.58,21.81
473.978,before,-13.799,52.137274,21.1612307,91.67,52.1372762,21.1612334,26,0.53,1.18,255,0.0,0.3354,0.0238,0.1518,2.93,5.688,-0.16,0.98,220.9,0.01,0.0,0.03,0.02,108415,999,3,0.39,0.07,0.0,0.0,48,89,-128,0,3.21,0.2,0.001,0.0088,29.62,33.22,22.94
474.078,before,-13.699,52.1372734,21.1612298,91.68,52.1372748,21.1612314,26,0.53,0.964,255,0.0,0.3354,-0.0775,0.2967,2.944,5.699,-0.22,2.44,221.07,0.04,0.0,0.0,0.01,108415,999,3,0.39,0.06,-0.05,0.07,48,-18,101,0,3.21,0.2,0.0103,0.0137,34.13,26.62,24.44
474.178,before,-13.6,52.1372729,21.161229,91.69,52.1372748,21.1612314,26,0.53,0.964,255,-0.1677,0.1677,-0.0452,0.0836,2.954,5.708,-0.61,3.51,221.15,0.04,0.0,0.01,0.01,108415,999,3,0.39,0.06,-0.05,0.07,48,108,27,0,3.2,0.19,0.0073,0.0131,27.53,36.7,22.27
474.278,before,-13.5,52.1372725,21.1612284,91.7,52.1372748,21.1612314,26,0.53,0.964,255,0.0,0.0,-0.0138,-0.1295,2.95,5.711,-0.57,3.13,221.09,0.04,0.0,0.03,0.01,108415,999,3,0.39,0.06,-0.05,0.07,48,1,13,0,3.18,0.17,0.0063,0.0226,35.18,40.34,25.14
474.378,before,-13.4,52.1372722,21.1612278,91.69,52.1372738,21.1612298,26,0.53,0.615,255,0.0,-0.1677,-0.0312,-0.177,2.934,5.703,-0.7,2.09,220.82,0.04,0.01,0.05,0.01,108415,999,3,0.39,0.07,-0.07,0.0,48,21,-9,0,3.14,0.13,0.0126,0.0412,39.76,35.65,30.01
474.478,before,-13.3,52.137272,21.1612274,91.68,52.1372732,21.1612286,26,0.53,0.426,255,-0.1677,-0.1677,-0.1204,-0.2091,2.926,5.698,-1.16,0.89,220.59,0.03,0.0,0.03,0.01,108415,999,3,0.39,0.06,-0.07,0.03,48,-256,38,0,3.14,0.13,0.0172,0.0338,32.09,39.36,24.01
474.578,before,-13.2,52.1372719,21.1612271,91.68,52.1372732,21.1612286,26,0.53,0.426,255,0.0,0.0,-0.0392,-0.1774,2.916,5.696,-1.37,-0.15,220.38,0.03,0.0,0.01,0.02,108415,999,3,0.39,0.06,-0.07,0.03,48,53,101,0,3.13,0.13,0.0113,0.0244,30.78,33.65,23.31
474.678,before,-13.1,52.1372719,21.1612269,91.68,52.1372728,21.1612279,26,0.53,0.209,255,0.0,-0.1677,-0.0104,-0.3057,2.905,5.699,-1.5,-1.91,220.34,0.02,0.0,0.05,0.02,108415,999,3,0.39,0.05,0.0,-0.05,48,34,63,0,3.15,0.14,0.0072,0.012,29.97,32.75,22.14
474.778,before,-13.0,52.1372718,21.1612268,91.69,52.1372728,21.1612279,26,0.53,0.209,255,0.0,-0.1677,-0.0004,-0.163,2.898,5.707,-1.61,-3.09,220.32,0.02,0.0,0.04,0.03,108415,999,3,0.39,0.05,0.0,-0.05,48,53,186,0,3.14,0.16,0.0045,0.0079,30.88,33.04,22.0
474.878,before,-12.9,52.1372719,21.1612268,91.7,52.1372726,21.1612276,26,0.53,0.068,255,0.0,-0.1677,0.0555,-0.2081,2.884,5.716,-1.39,-4.04,220.32,0.03,0.0,0.02,0.02,108415,999,3,0.39,0.1,-0.07,0.01,48,-204,-47,0,3.15,0.17,0.0104,0.0137,28.49,31.92,19.85
474.978,before,-12.799,52.1372719,21.1612268,91.71,52.1372726,21.1612276,26,0.53,0.068,255,0.0,-0.1677,-0.0531,-0.1438,2.878,5.727,-1.46,-5.01,220.12,0.03,0.0,0.02,0.03,108415,999,3,0.39,0.1,-0.07,0.01,48,1,-179,0,3.14,0.18,0.0062,0.0078,29.97,30.33,21.93
475.078,before,-12.699,52.1372719,21.1612269,91.72,52.1372726,21.1612275,26,0.53,0.01,255,0.0,-0.1677,0.0143,-0.1042,2.87,5.738,-1.44,-5.44,219.95,0.02,0.0,0.02,0.01,108415,999,3,0.39,0.04,0.0,0.03,48,-13,-116,0,3.15,0.18,0.0051,0.0063,29.99,31.09,21.48
475.179,before,-12.599,52.1372719,21.1612269,91.73,52.1372726,21.1612275,26,0.53,0.01,255,0.0,0.0,0.1086,-0.1093,2.87,5.746,-1.19,-6.03,219.9,0.02,0.0,0.01,0.01,108415,999,3,0.39,0.04,0.0,0.03,48,-57,115,0,3.14,0.18,0.003,0.0096,28.05,31.22,20.83
475.278,before,-12.5,52.1372719,21.1612271,91.74,52.1372726,21.1612275,26,0.53,0.01,255,0.1677,-0.3354,0.1031,-0.1225,2.874,5.751,-0.52,-6.6,219.96,0.02,0.0,0.02,0.01,108415,999,3,0.39,0.04,0.0,0.03,48,-148,129,0,3.13,0.18,0.0033,0.0183,27.68,31.41,21.84
475.378,before,-12.4,52.1372719,21.1612272,91.74,52.1372726,21.1612276,26,0.53,0.039,255,0.0,-0.1677,-0.0061,-0.0706,2.878,5.755,-0.45,-7.09,220.12,0.01,0.0,0.0,0.01,108415,999,3,0.39,0.08,-0.01,0.03,48,65,-206,0,3.13,0.18,0.0045,0.0161,26.39,33.4,19.98
475.478,before,-12.3,52.1372718,21.1612273,91.74,52.1372725,21.1612277,26,0.53,0.097,255,0.0,0.0,0.0976,-0.0242,2.87,5.759,-0.18,-7.39,220.25,0.03,0.0,0.0,0.04,108415,999,3,0.39,0.08,0.0,0.03,48,-15,-94,0,3.12,0.18,0.0078,0.0243,33.85,33.44,23.62
475.578,before,-12.199,52.1372718,21.1612274,91.74,52.1372725,21.1612277,26,0.53,0.097,255,0.3353,0.0,0.1078,-0.0203,2.884,5.756,0.48,-7.46,220.37,0.03,0.0,0.1,0.01,112511,999,3,0.39,0.08,0.0,0.03,48,16,21,0,3.09,0.17,0.0093,0.0467,34.05,32.27,23.39
475.678,before,-12.1,52.1372717,21.1612274,91.73,52.1372723,21.1612279,26,0.53,0.161,255,0.0,0.0,0.042,0.0218,2.866,5.746,0.71,-7.52,220.45,0.03,0.0,0.06,0.0,108415,999,3,0.39,0.1,0.05,0.03,48,76,35,0,3.06,0.12,0.0141,0.0596,28.14,32.71,20.35
475.778,before,-12.0,52.1372716,21.1612274,91.72,52.1372723,21.1612279,26,0.53,0.161,255,-0.1677,0.503,-0.1485,0.1187,2.87,5.735,0.24,-7.03,220.43,0.03,0.0,0.04,0.17,108415,999,3,0.39,0.1,0.05,0.03,48,-45,-30,0,3.05,0.11,0.0116,0.0553,31.05,31.13,20.17
475.878,before,-11.9,52.1372715,21.1612275,91.72,52.1372721,21.161228,26,0.53,0.143,255,0.0,0.1677,0.123,0.0279,2.872,5.731,0.13,-6.68,220.48,0.02,0.0,0.0,0.13,108415,999,3,0.39,0.08,0.01,0.03,48,73,61,0,3.04,0.11,0.0116,0.0473,27.0,31.45,19.7
475.978,before,-11.799,52.1372714,21.1612274,91.72,52.1372721,21.161228,26,0.53,0.143,255,0.1677,0.1677,0.1066,0.1604,2.886,5.731,1.04,-6.24,220.66,0.02,0.0,0.01,0.16,108415,999,3,0.39,0.08,0.01,0.03,48,289,-55,0,3.05,0.11,0.0075,0.0311,26.05,31.93,20.17
476.078,before,-11.7,52.1372712,21.1612274,91.72,52.1372719,21.161228,26,0.53,0.154,255,0.0,0.1676,-0.0326,-0.0074,2.89,5.737,0.96,-5.77,220.72,0.02,0.0,0.0,0.16,108415,999,3,0.39,0.07,0.01,0.04,48,-38,39,0,3.06,0.1,0.0092,0.0298,30.14,27.33,20.11
476.178,before,-11.599,52.1372711,21.1612273,91.73,52.1372719,21.161228,26,0.53,0.154,255,0.1677,0.0,0.0485,-0.0261,2.904,5.743,1.18,-5.93,220.62,0.02,0.0,0.01,0.11,108415,999,3,0.39,0.07,0.01,0.04,48,80,0,0,3.07,0.1,0.0056,0.0179,25.83,30.29,18.25
476.278,before,-11.5,52.137271,21.1612273,91.73,52.1372719,21.161228,26,0.53,0.154,255,0.0,0.0,-0.0342,0.0414,2.904,5.749,1.08,-5.78,220.33,0.02,0.0,0.03,0.02,108415,999,3,0.39,0.07,0.01,0.04,48,-12,-54,0,3.07,0.1,0.0047,0.0202,26.71,31.35,17.92
476.378,before,-11.4,52.1372708,21.1612273,91.74,52.1372716,21.161228,26,0.53,0.141,255,0.0,0.1677,-0.0395,0.0702,2.912,5.752,0.91,-5.42,220.07,0.02,0.0,0.06,0.01,108415,999,3,0.39,0.08,0.0,0.0,48,8,-86,0,3.07,0.1,0.0045,0.025,27.95,30.5,19.88
476.478,before,-11.3,52.1372707,21.1612273,91.74,52.1372714,21.161228,26,0.53,0.136,255,0.1677,0.1677,0.064,0.0239,2.9,5.754,1.15,-5.22,219.86,0.01,0.0,0.03,0.01,108415,999,3,0.39,0.07,0.0,0.03,48,-36,95,0,3.07,0.08,0.0049,0.0258,27.79,29.25,20.53
476.578,before,-11.2,52.1372706,21.1612272,91.74,52.1372714,21.161228,26,0.53,0.136,255,0.0,0.0,0.037,0.0166,2.906,5.753,1.5,-5.06,219.87,0.01,0.0,0.04,0.01,108415,999,3,0.39,0.07,0.0,0.03,48,-109,-57,0,3.06,0.09,0.0047,0.0285,28.77,29.55,20.72
476.678,before,-11.1,52.1372706,21.1612272,91.73,52.1372712,21.1612279,26,0.53,0.099,255,0.0,0.0,-0.0184,0.0742,2.904,5.748,1.49,-4.88,219.77,0.0,0.0,0.06,0.0,108415,999,3,0.39,0.07,-0.01,0.0,48,132,-43,0,3.05,0.06,0.0055,0.0353,24.94,28.87,17.67
476.778,before,-11.0,52.1372705,21.1612272,91.73,52.1372712,21.1612279,26,0.53,0.099,255,0.0,0.0,-0.0359,0.0587,2.898,5.742,1.01,-4.5,219.43,0.0,0.0,0.06,0.02,108415,999,3,0.39,0.07,-0.01,0.0,48,114,88,0,3.04,0.05,0.006,0.0379,27.93,31.51,19.38
476.878,before,-10.9,52.1372705,21.1612272,91.72,52.1372711,21.161228,26,0.53,0.027,255,0.0,0.0,0.1335,-0.0305,2.918,5.738,1.59,-4.55,219.14,0.02,0.0,0.02,0.01,108415,999,3,0.39,0.1,-0.05,-0.02,48,-82,0,0,3.04,0.05,0.0069,0.0305,29.97,31.56,22.52
476.978,before,-10.799,52.1372704,21.1612272,91.72,52.1372711,21.161228,26,0.53,0.027,255,0.0,0.0,-0.0175,-0.0743,2.918,5.738,1.85,-4.92,219.12,0.02,0.0,0.01,0.01,108415,999,3,0.39,0.1,-0.05,-0.02,48,65,61,0,3.05,0.05,0.0045,0.0155,28.09,31.72,20.68
477.078,before,-10.699,52.1372705,21.1612272,91.73,52.137271,21.1612281,26,0.53,0.098,255,-0.3354,0.0,-0.1378,0.0466,2.928,5.742,1.31,-4.96,219.25,0.03,0.0,0.01,0.02,108415,999,3,0.39,0.08,0.07,-0.02,48,93,20,0,3.06,0.05,0.0081,0.0164,27.15,27.72,19.09
477.178,before,-10.6,52.1372704,21.1612272,91.73,52.137271,21.1612281,26,0.53,0.098,255,-0.1677,0.0,-0.033,-0.0673,2.934,5.745,0.87,-5.05,219.35,0.03,0.0,0.03,0.01,108415,999,3,0.39,0.08,0.07,-0.02,48,77,24,0,3.06,0.05,0.0068,0.018,28.86,29.56,19.83
477.278,before,-10.5,52.1372704,21.1612273,91.73,52.137271,21.1612281,26,0.53,0.098,255,0.0,-0.1677,0.0106,-0.1169,2.942,5.748,0.86,-5.62,219.45,0.03,0.0,0.01,0.0,108415,999,3,0.39,0.08,0.07,-0.02,48,-4,-57,0,3.06,0.05,0.0055,0.0143,27.3,29.19,17.97
477.378,before,-10.399,52.1372704,21.1612273,91.73,52.1372709,21.1612281,26,0.53,0.034,255,0.0,0.0,0.0188,0.0203,2.948,5.746,0.88,-5.79,219.25,0.01,0.0,0.05,0.0,108415,999,3,0.38,0.1,0.02,0.0,48,8,122,0,3.05,0.03,0.0066,0.0231,25.58,29.4,18.79
477.478,before,-10.3,52.1372704,21.1612273,91.72,52.1372709,21.1612282,26,0.53,0.04,255,0.0,0.0,0.115,-0.0532,2.952,5.739,1.35,-5.81,218.92,0.01,0.0,0.09,0.01,108415,999,3,0.38,0.08,0.04,0.0,48,-54,15,0,3.03,0.03,0.0099,0.0377,27.09,27.63,17.97
477.578,before,-10.2,52.1372704,21.1612273,91.71,52.1372709,21.1612282,26,0.53,0.04,255,0.1677,-0.1677,0.0336,0.0023,2.958,5.724,1.92,-5.99,218.56,0.01,0.0,0.09,0.0,108415,999,3,0.38,0.08,0.04,0.0,48,51,79,0,3.01,0.0,0.0094,0.0448,26.8,25.9,17.18
477.678,before,-10.1,52.1372704,21.1612273,91.69,52.1372709,21.1612282,26,0.53,0.036,255,0.0,0.0,0.0309,0.0596,2.958,5.701,2.01,-5.72,218.25,0.02,0.0,0.15,0.01,108415,999,3,0.38,0.1,0.04,0.03,48,7,-50,0,2.98,-0.05,0.012,0.0608,26.41,25.6,16.64
477.778,before,-10.0,52.1372704,21.1612272,91.66,52.1372709,21.1612282,26,0.53,0.036,255,-0.1677,0.0,-0.1674,0.0685,2.95,5.672,1.65,-5.32,217.78,0.02,0.0,0.12,0.02,108415,999,3,0.38,0.1,0.04,0.03,48,0,95,0,2.94,-0.09,0.0119,0.0678,28.35,24.22,16.6
477.878,before,-9.9,52.1372704,21.1612271,91.63,52.137271,21.1612281,26,0.53,0.076,255,0.0,0.0,-0.0506,0.0672,2.944,5.641,0.99,-5.02,217.18,0.05,0.0,0.13,0.04,108415,999,3,0.38,0.12,-0.01,0.0,48,46,-40,0,2.92,-0.12,0.0082,0.0631,22.88,24.73,14.72
477.978,before,-9.799,52.1372705,21.161227,91.6,52.137271,21.1612281,26,0.53,0.076,255,0.0,0.1677,-0.073,0.0468,2.95,5.614,0.83,-4.68,216.57,0.05,0.0,0.1,0.0,108415,999,3,0.38,0.12,-0.01,0.0,48,52,-62,0,2.89,-0.1,0.0088,0.0622,26.6,25.35,17.54
478.079,before,-9.699,52.1372705,21.1612268,91.57,52.1372711,21.1612279,26,0.53,0.132,255,-0.1677,0.0,-0.083,0.0207,2.956,5.586,0.36,-4.64,215.97,0.05,0.0,0.12,0.0,108415,999,3,0.38,0.08,-0.01,0.0,48,-18,164,0,2.86,-0.16,0.0101,0.0662,27.53,25.77,17.3
478.178,before,-9.6,52.1372706,21.1612267,91.54,52.1372711,21.1612279,26,0.53,0.132,255,0.0,0.0,-0.0293,-0.003,2.972,5.56,0.1,-4.51,215.47,0.01,0.0,0.11,0.02,108415,999,3,0.38,0.08,-0.01,0.02,48,96,-36,0,2.84,-0.2,0.01,0.064,30.4,26.35,19.06
478.278,before,-9.499,52.1372706,21.1612265,91.52,52.1372711,21.1612279,26,0.53,0.132,255,0.0,0.0,0.016,0.0161,2.976,5.534,0.23,-4.43,215.11,0.01,0.0,0.12,0.02,108415,999,3,0.38,0.08,-0.01,0.02,48,-146,-26,0,2.81,-0.2,0.0105,0.065,28.83,26.37,19.48
478.378,before,-9.4,52.1372707,21.1612264,91.49,52.1372712,21.1612276,26,0.53,0.092,255,0.0,0.0,-0.0468,-0.0098,2.982,5.509,0.0,-4.5,214.95,0.01,0.0,0.08,0.02,108415,999,3,0.38,0.09,0.03,-0.02,48,-71,38,0,2.8,-0.25,0.0102,0.0568,26.52,26.51,18.42
478.478,before,-9.3,52.1372707,21.1612264,91.47,52.1372713,21.1612273,26,0.53,0.095,255,0.0,0.0,0.008,-0.0088,2.998,5.487,-0.04,-4.58,214.87,0.03,0.0,0.1,0.02,108415,999,3,0.38,0.11,0.04,0.0,48,72,12,0,2.8,-0.28,0.0093,0.0493,23.77,26.2,18.11
478.578,before,-9.2,52.1372707,21.1612263,91.45,52.1372713,21.1612273,26,0.53,0.095,255,0.0,0.0,0.0162,-0.0054,3.006,5.469,-0.14,-4.49,214.95,0.03,0.0,0.06,0.01,108415,999,3,0.38,0.11,0.04,0.0,48,36,-3,0,2.8,-0.28,0.0071,0.0386,26.33,28.28,18.9
478.678,before,-9.1,52.1372708,21.1612262,91.44,52.1372713,21.1612272,26,0.53,0.036,255,0.0,0.0,0.0352,0.0193,3.02,5.452,0.11,-4.52,215.06,0.02,0.0,0.1,0.03,108415,999,3,0.38,0.12,0.0,-0.05,48,-9,-143,0,2.79,-0.31,0.0089,0.0382,23.9,26.9,18.89
478.778,before,-9.0,52.1372708,21.1612262,91.42,52.1372713,21.1612272,26,0.53,0.036,255,0.0,0.0,-0.0323,-0.0101,3.038,5.434,-0.03,-4.45,215.22,0.02,0.0,0.09,0.02,108415,999,3,0.38,0.12,0.0,-0.05,48,31,-22,0,2.78,-0.32,0.0077,0.0373,26.17,26.74,18.9
478.878,before,-8.9,52.1372708,21.1612263,91.4,52.1372714,21.1612272,26,0.53,0.076,255,0.0,0.0,0.0669,-0.03,3.048,5.416,0.13,-4.62,215.38,0.02,0.0,0.08,0.03,108415,999,3,0.38,0.11,-0.01,-0.05,48,2,50,0,2.77,-0.34,0.0108,0.0353,26.16,28.12,19.13
478.978,before,-8.799,52.1372709,21.1612263,91.38,52.1372714,21.1612272,26,0.53,0.076,255,0.1677,0.0,0.0346,-0.0075,3.06,5.398,0.48,-4.66,215.53,0.02,0.0,0.06,0.0,108415,999,3,0.38,0.11,-0.01,-0.05,48,-65,37,0,2.78,-0.35,0.0079,0.0279,27.24,28.48,20.66
479.078,before,-8.7,52.1372709,21.1612264,91.36,52.1372716,21.1612272,26,0.53,0.085,255,0.0,0.0,0.0102,0.006,3.074,5.38,0.47,-4.67,215.64,0.02,0.0,0.08,0.02,108415,999,3,0.38,0.1,-0.04,0.03,48,14,9,0,2.77,-0.38,0.0073,0.0281,29.2,25.58,19.78
479.178,before,-8.6,52.137271,21.1612264,91.35,52.1372716,21.1612272,26,0.53,0.085,255,0.0,0.1677,0.0106,0.015,3.084,5.36,0.55,-4.57,215.79,0.02,0.0,0.08,0.01,108415,999,3,0.38,0.1,-0.04,0.03,48,-11,0,0,2.76,-0.4,0.0059,0.0251,24.66,24.13,16.67
479.278,before,-8.5,52.137271,21.1612264,91.33,52.1372716,21.1612272,26,0.53,0.085,255,0.0,-0.1677,0.009,-0.028,3.094,5.341,0.47,-4.68,216.07,0.02,0.0,0.07,0.01,108415,999,3,0.38,0.1,-0.04,0.03,48,23,34,0,2.75,-0.42,0.0049,0.0227,22.26,24.02,15.86
479.378,before,-8.4,52.1372711,21.1612264,91.31,52.1372718,21.1612272,26,0.53,0.106,255,0.0,0.0,-0.0206,0.0027,3.116,5.322,0.46,-4.72,216.38,0.03,0.0,0.06,0.0,108415,999,3,0.38,0.11,-0.08,0.0,48,-18,38,0,2.75,-0.43,0.0087,0.0191,20.5,26.96,15.47
479.478,before,-8.3,52.1372711,21.1612264,91.29,52.1372719,21.1612272,26,0.53,0.044,255,0.0,0.0,-0.01,-0.0817,3.126,5.307,0.38,-4.96,216.69,0.01,0.0,0.03,0.0,108415,999,3,0.38,0.11,0.0,0.0,48,26,45,0,2.76,-0.44,0.0055,0.0089,20.95,24.26,14.91
479.578,before,-8.2,52.1372712,21.1612264,91.28,52.1372719,21.1612272,26,0.53,0.044,255,0.0,0.0,0.0268,-0.0077,3.138,5.293,0.5,-5.21,216.95,0.01,0.0,0.01,0.02,108415,999,3,0.38,0.11,0.0,0.0,48,16,106,0,2.77,-0.44,0.0041,0.0115,23.45,23.89,16.37
479.678,before,-8.1,52.1372713,21.1612264,91.26,52.137272,21.1612273,26,0.53,0.038,255,0.0,0.0,-0.0217,-0.0042,3.138,5.278,0.48,-5.21,217.08,0.05,0.0,0.1,0.01,108415,999,3,0.38,0.1,0.03,-0.01,48,-14,2,0,2.76,-0.47,0.0044,0.0081,26.28,26.75,16.35
479.778,before,-8.0,52.1372713,21.1612265,91.25,52.137272,21.1612273,26,0.53,0.038,255,0.0,0.0,0.0313,-0.0303,3.15,5.263,0.59,-5.41,217.04,0.05,0.0,0.04,0.01,108415,999,3,0.38,0.1,0.03,-0.01,48,16,56,0,2.76,-0.46,0.0035,0.0097,24.26,24.83,15.42
479.878,before,-7.9,52.1372713,21.1612265,91.23,52.137272,21.1612274,26,0.53,0.061,255,0.0,0.0,0.0599,-0.0196,3.148,5.246,0.8,-5.55,217.03,0.04,0.0,0.06,0.03,108415,999,3,0.38,0.1,-0.01,-0.05,48,-34,-129,0,2.75,-0.48,0.0075,0.0145,25.17,24.66,15.46
479.978,before,-7.799,52.1372714,21.1612265,91.21,52.137272,21.1612274,26,0.53,0.061,255,0.0,0.3354,0.0198,0.0473,3.152,5.225,1.13,-5.29,216.91,0.04,0.0,0.09,0.0,108415,999,3,0.38,0.1,-0.01,-0.05,48,101,-32,0,2.73,-0.5,0.0042,0.0063,22.64,22.46,14.0
480.078,before,-7.699,52.1372714,21.1612265,91.18,52.1372721,21.1612273,26,0.53,0.073,255,-0.1677,0.0,-0.1146,0.0633,3.148,5.199,0.71,-5.04,216.86,0.01,0.0,0.09,0.0,108415,999,3,0.38,0.07,0.0,0.03,48,84,146,0,2.71,-0.53,0.0009,0.0086,22.97,22.34,15.68
480.179,before,-7.599,52.1372715,21.1612265,91.16,52.1372721,21.1612273,26,0.53,0.073,255,0.0,0.0,-0.0708,0.0024,3.146,5.17,0.23,-4.79,216.72,0.01,0.0,0.09,0.02,108415,999,3,0.38,0.07,0.0,0.03,48,-221,-60,0,2.68,-0.52,0.0023,0.0144,23.44,23.24,15.4
480.278,before,-7.5,52.1372716,21.1612264,91.13,52.1372721,21.1612273,26,0.53,0.073,255,0.0,0.0,-0.1096,-0.0342,3.15,5.142,-0.21,-5.01,216.57,0.01,0.0,0.08,0.03,108415,999,3,0.38,0.07,0.0,0.03,48,97,48,0,2.66,-0.57,0.0031,0.017,25.08,24.84,15.75
480.378,before,-7.399,52.1372716,21.1612262,91.1,52.1372722,21.1612271,26,0.53,0.107,255,0.0,0.0,-0.1142,-0.0061,3.154,5.116,-0.93,-5.13,216.39,0.03,0.0,0.06,0.02,108415,999,3,0.38,0.07,0.01,0.02,48,183,15,0,2.65,-0.59,0.0028,0.0081,25.05,24.64,16.31
480.478,before,-7.3,52.1372716,21.1612261,91.07,52.1372722,21.1612268,26,0.53,0.082,255,0.0,0.0,0.0061,0.0011,3.154,5.09,-1.06,-5.1,216.29,0.01,0.0,0.07,0.01,108415,999,3,0.38,0.05,0.03,-0.02,48,52,-19,0,2.63,-0.6,0.0042,0.0086,23.33,26.2,16.42
480.578,before,-7.2,52.1372717,21.161226,91.05,52.1372722,21.1612268,26,0.53,0.082,255,0.0,0.0,-0.0626,0.0142,3.16,5.064,-1.26,-5.02,216.25,0.01,0.0,0.05,0.06,108415,999,3,0.38,0.05,0.03,-0.02,48,32,-6,0,2.62,-0.62,0.0032,0.0057,21.92,23.36,16.01
480.678,before,-7.1,52.1372717,21.1612258,91.02,52.1372723,21.1612266,26,0.53,0.081,255,0.0,0.0,0.0766,0.044,3.168,5.038,-1.21,-5.04,216.51,0.06,0.0,0.11,0.05,108415,999,3,0.38,0.09,-0.01,-0.02,48,-81,0,0,2.6,-0.65,0.0033,0.0045,21.88,23.3,14.7
480.778,before,-7.0,52.1372717,21.1612257,90.99,52.1372723,21.1612266,26,0.53,0.081,255,0.0,0.0,-0.0052,0.0433,3.166,5.009,-0.97,-4.7,216.9,0.06,0.0,0.12,0.03,108415,999,3,0.38,0.09,-0.01,-0.02,48,-81,-91,0,2.57,-0.63,0.0025,0.0179,21.94,23.19,14.69
480.878,before,-6.9,52.1372716,21.1612255,90.96,52.1372723,21.1612263,26,0.53,0.098,255,-0.1677,0.0,-0.0249,0.0865,3.162,4.974,-1.15,-4.37,217.17,0.03,0.0,0.14,0.0,108415,999,3,0.38,0.05,0.01,0.0,48,70,-65,0,2.54,-0.71,0.0029,0.0259,23.81,23.08,14.29
480.979,before,-6.799,52.1372716,21.1612254,90.92,52.1372723,21.1612263,26,0.53,0.098,255,0.0,0.1677,-0.0686,0.1017,3.17,4.934,-1.46,-3.62,217.4,0.03,0.0,0.17,0.02,108415,999,3,0.38,0.05,0.01,0.0,48,74,-21,0,2.5,-0.75,0.0068,0.0451,25.8,22.82,14.45
481.078,before,-6.699,52.1372716,21.1612252,90.88,52.1372724,21.161226,26,0.53,0.13,255,-0.1676,0.0,-0.0413,0.0221,3.17,4.891,-1.79,-3.49,217.62,0.04,0.0,0.15,0.04,108415,999,3,0.38,0.06,-0.07,0.04,48,110,-63,0,2.47,-0.78,0.01,0.0473,24.03,22.48,15.67
481.178,before,-6.6,52.1372717,21.1612251,90.84,52.1372724,21.161226,26,0.53,0.13,255,0.0,0.0,-0.0338,0.0626,3.18,4.852,-2.06,-3.17,217.86,0.04,0.0,0.08,0.03,108415,999,3,0.38,0.06,-0.07,0.04,48,-83,94,0,2.45,-0.81,0.0075,0.0365,23.08,22.59,16.6
481.278,before,-6.5,52.1372717,21.1612249,90.8,52.1372724,21.161226,26,0.53,0.13,255,0.0,0.0,-0.0033,-0.0376,3.188,4.818,-2.09,-3.22,217.99,0.04,0.0,0.08,0.02,108415,999,3,0.38,0.06,-0.07,0.04,48,33,-15,0,2.44,-0.83,0.0057,0.0278,22.08,23.39,16.64
481.378,before,-6.4,52.1372717,21.1612249,90.78,52.1372725,21.1612258,26,0.53,0.032,255,-0.1677,0.0,-0.0681,-0.0549,3.2,4.792,-2.38,-3.5,217.93,0.04,0.0,0.03,0.01,108415,999,3,0.38,0.11,0.0,-0.01,48,82,44,0,2.46,-0.82,0.0026,0.0055,22.31,25.51,15.56
481.478,before,-6.3,52.1372717,21.1612249,90.76,52.1372725,21.1612257,26,0.53,0.012,255,0.0,0.0,0.0537,-0.0271,3.214,4.772,-2.29,-3.84,217.93,0.07,0.0,0.05,0.03,108415,999,3,0.38,0.1,0.0,-0.03,48,-17,73,0,2.47,-0.83,0.0085,0.0195,22.89,24.35,17.45
481.578,before,-6.2,52.1372717,21.1612249,90.74,52.1372725,21.1612257,26,0.53,0.012,255,0.1677,0.0,0.0614,-0.0089,3.228,4.758,-1.95,-3.91,218.16,0.07,0.0,0.03,0.03,108415,999,3,0.38,0.1,0.0,-0.03,48,109,2,0,2.48,-0.82,0.0064,0.0211,25.23,22.99,15.06
481.678,before,-6.1,52.1372717,21.161225,90.73,52.1372724,21.1612258,26,0.53,0.076,255,0.0,0.0,-0.0055,-0.0136,3.242,4.743,-1.8,-3.84,218.46,0.05,0.0,0.06,0.03,108415,999,3,0.38,0.09,0.06,0.02,48,105,-18,0,2.48,-0.83,0.0094,0.026,23.83,24.37,14.21
481.778,before,-6.0,52.1372717,21.1612251,90.71,52.1372724,21.1612258,26,0.53,0.076,255,0.0,0.0,-0.0084,-0.025,3.25,4.729,-1.97,-3.98,218.85,0.05,0.0,0.04,0.03,108415,999,3,0.38,0.09,0.06,0.02,48,14,35,0,2.49,-0.84,0.0068,0.0235,23.06,25.18,16.92
481.878,before,-5.9,52.1372717,21.1612251,90.7,52.1372723,21.1612259,26,0.53,0.132,255,0.1677,0.0,0.1079,0.0232,3.258,4.711,-1.31,-3.88,219.07,0.05,0.0,0.09,0.01,108415,999,3,0.38,0.07,0.06,-0.04,48,-139,4,0,2.48,-0.86,0.0107,0.0209,22.35,23.4,16.18
481.978,before,-5.8,52.1372717,21.1612252,90.68,52.1372723,21.1612259,26,0.53,0.132,255,0.0,0.0,-0.0559,-0.0294,3.26,4.691,-1.45,-3.87,219.2,0.05,0.0,0.06,0.02,108415,999,3,0.38,0.07,0.06,-0.04,48,138,-20,0,2.47,-0.88,0.007,0.0142,21.46,23.95,14.21
482.078,before,-5.7,52.1372716,21.1612253,90.66,52.1372722,21.1612261,26,0.53,0.048,255,-0.1676,0.0,0.0401,-0.0088,3.27,4.672,-1.47,-4.02,219.28,0.06,0.0,0.0,0.02,108415,999,3,0.38,0.09,-0.02,0.03,48,0,-120,0,2.48,-0.87,0.0089,0.0342,23.46,20.8,16.78
482.178,before,-5.6,52.1372716,21.1612254,90.64,52.1372722,21.1612261,26,0.53,0.048,255,0.0,0.0,0.0134,-0.0428,3.27,4.658,-1.37,-4.18,219.51,0.06,0.0,0.0,0.03,108415,999,3,0.38,0.09,-0.02,0.03,48,96,32,0,2.5,-0.86,0.0082,0.0403,19.75,22.92,15.51
482.278,before,-5.5,52.1372716,21.1612255,90.63,52.1372722,21.1612261,26,0.53,0.048,255,0.1677,0.0,0.0882,-0.0197,3.276,4.641,-0.98,-4.48,219.83,0.06,0.0,0.04,0.02,108415,999,3,0.38,0.09,-0.02,0.03,48,-89,95,0,2.49,-0.86,0.0056,0.0322,22.67,23.99,17.36
482.378,before,-5.4,52.1372716,21.1612256,90.6,52.1372722,21.1612264,26,0.53,0.109,255,0.1677,0.0,-0.0402,0.0411,3.278,4.62,-0.84,-4.11,220.16,0.03,0.0,0.1,0.01,108415,999,3,0.38,0.05,-0.02,-0.02,48,95,-86,0,2.47,-0.85,0.0043,0.0182,21.84,24.34,13.62
482.478,before,-5.299,52.1372716,21.1612257,90.58,52.1372722,21.1612267,26,0.53,0.1,255,-0.1677,0.0,-0.036,0.0208,3.27,4.592,-1.31,-3.96,220.31,0.04,0.0,0.1,0.01,108415,999,3,0.38,0.06,-0.05,-0.02,48,80,-22,0,2.45,-0.92,0.0076,0.0137,21.03,23.9,14.31
482.578,before,-5.2,52.1372716,21.1612259,90.55,52.1372722,21.1612267,26,0.53,0.1,255,0.0,0.0,-0.0068,0.0017,3.268,4.563,-1.41,-3.9,220.29,0.04,0.0,0.05,0.01,108415,999,3,0.38,0.06,-0.05,-0.02,48,-24,2,0,2.43,-0.93,0.0048,0.0098,23.17,21.74,16.43
482.678,before,-5.1,52.1372716,21.161226,90.52,52.1372723,21.1612269,26,0.53,0.092,255,-0.1677,-0.1677,-0.057,-0.0646,3.268,4.534,-1.72,-4.14,220.15,0.07,0.0,0.06,0.03,108415,999,3,0.38,0.06,-0.01,-0.02,48,-7,17,0,2.41,-0.93,0.0087,0.0204,25.52,25.28,15.12
482.778,before,-5.0,52.1372716,21.1612261,90.5,52.1372723,21.1612269,26,0.53,0.092,255,0.1677,0.0,0.0858,0.0149,3.264,4.514,-1.27,-4.35,219.89,0.07,0.0,0.03,0.04,108415,999,3,0.38,0.06,-0.01,-0.02,48,-19,85,0,2.43,-0.92,0.0082,0.0348,24.27,23.68,15.88
482.878,before,-4.9,52.1372716,21.1612263,90.48,52.1372723,21.1612272,26,0.53,0.096,255,0.0,-0.1677,-0.0255,-0.1081,3.27,4.498,-1.21,-4.57,219.74,0.07,0.0,0.0,0.01,108415,999,3,0.38,0.05,0.03,-0.02,48,-76,2,0,2.44,-0.93,0.0126,0.0495,23.04,23.72,14.01
482.978,before,-4.799,52.1372716,21.1612265,90.47,52.1372723,21.1612272,26,0.53,0.096,255,0.0,-0.1677,0.0492,-0.0533,3.262,4.485,-0.97,-5.18,219.87,0.07,0.0,0.0,0.01,108415,999,3,0.38,0.05,0.03,-0.02,48,-47,169,0,2.44,-0.92,0.0101,0.0488,22.74,23.16,14.4
483.078,before,-4.7,52.1372716,21.1612266,90.45,52.1372723,21.1612275,26,0.53,0.12,255,0.0,0.0,-0.0347,-0.0097,3.262,4.465,-1.04,-5.17,220.16,0.05,0.0,0.12,0.0,108415,999,3,0.38,0.05,0.0,-0.02,48,-63,14,0,2.41,-0.95,0.0084,0.0272,22.19,22.3,15.21
483.178,before,-4.6,52.1372716,21.1612267,90.42,52.1372723,21.1612275,26,0.53,0.12,255,0.0,0.0,0.0911,0.0674,3.266,4.437,-0.87,-4.77,220.28,0.05,0.0,0.1,0.01,108415,999,3,0.38,0.05,0.0,-0.02,48,-40,-49,0,2.38,-0.97,0.0031,0.0064,22.07,20.25,14.46
483.278,before,-4.5,52.1372715,21.1612268,90.39,52.1372723,21.1612275,26,0.53,0.12,255,0.0,0.0,0.0474,-0.0249,3.252,4.406,-0.43,-4.82,220.42,0.05,0.0,0.06,0.01,108415,999,3,0.38,0.05,0.0,-0.02,48,-129,-9,0,2.36,-0.99,0.0014,0.0019,23.96,21.08,11.79
483.378,before,-4.4,52.1372715,21.1612268,90.36,52.1372722,21.1612278,26,0.53,0.051,255,0.0,0.1678,-0.0252,0.1237,3.242,4.379,-0.34,-4.5,220.52,0.05,0.0,0.01,0.0,108415,999,3,0.38,0.07,-0.05,-0.02,48,-48,-37,0,2.37,-0.97,0.0057,0.0174,20.6,20.2,13.71
483.478,before,-4.3,52.1372715,21.1612268,90.34,52.1372722,21.1612278,26,0.53,0.035,255,-0.1677,0.1677,-0.1147,0.0784,3.252,4.352,-0.89,-3.76,220.65,0.05,0.0,0.09,0.0,108415,999,3,0.38,0.1,0.0,0.0,48,94,-16,0,2.35,-1.0,0.0045,0.0109,20.74,17.61,15.03
483.578,before,-4.2,52.1372714,21.1612268,90.31,52.1372722,21.1612278,26,0.53,0.035,255,0.0,0.0,0.009,0.0073,3.244,4.325,-1.22,-3.67,220.68,0.05,0.0,0.06,0.02,108415,999,3,0.38,0.1,0.0,0.0,48,-102,-29,0,2.33,-1.02,0.0016,0.0038,22.52,17.61,16.03
483.678,before,-4.1,52.1372714,21.1612267,90.29,52.1372722,21.1612277,26,0.53,0.041,255,0.0,0.0,-0.0354,-0.0021,3.248,4.3,-1.14,-3.77,220.79,0.1,0.0,0.02,0.01,108415,999,3,0.38,0.1,0.0,-0.01,48,-13,9,0,2.34,-1.02,0.01,0.03,19.41,20.66,14.39
483.778,before,-4.0,52.1372714,21.1612267,90.26,52.1372722,21.1612277,26,0.53,0.041,255,0.0,0.0,-0.0105,0.0614,3.238,4.279,-1.34,-3.5,220.88,0.1,0.0,0.08,0.02,108415,999,3,0.38,0.1,0.0,-0.01,48,30,-55,0,2.33,-1.01,0.004,0.0113,21.68,18.92,16.08
483.878,before,-3.9,52.1372713,21.1612266,90.24,52.1372721,21.1612277,26,0.53,0.099,255,0.0,0.1677,0.0434,0.0968,3.25,4.256,-1.08,-2.94,220.94,0.05,0.0,0.02,0.04,108415,999,3,0.38,0.09,0.04,-0.03,48,-161,-97,0,2.33,-1.02,0.0073,0.0211,20.76,20.18,13.15
483.978,before,-3.799,52.1372713,21.1612266,90.22,52.1372721,21.1612277,26,0.53,0.099,255,0.0,0.0,-0.0165,-0.0028,3.244,4.237,-1.13,-2.84,221.05,0.05,0.0,0.05,0.03,108415,999,3,0.38,0.09,0.04,-0.03,48,-28,-93,0,2.31,-1.03,0.0039,0.0127,20.25,18.16,13.74
484.078,before,-3.699,52.1372712,21.1612266,90.21,52.1372719,21.1612277,26,0.53,0.102,255,0.1677,0.0,0.0613,0.0285,3.254,4.22,-0.87,-2.72,220.96,0.08,0.0,0.01,0.01,108415,999,3,0.38,0.08,0.04,-0.03,48,-20,-49,0,2.31,-1.03,0.011,0.0325,20.37,22.17,12.92
484.178,before,-3.6,52.1372712,21.1612267,90.2,52.1372719,21.1612277,26,0.53,0.102,255,0.0,0.0,-0.011,-0.0209,3.254,4.213,-0.77,-2.69,220.86,0.08,0.0,0.03,0.0,108415,999,3,0.38,0.08,0.04,-0.03,48,-46,-49,0,2.32,-1.02,0.0092,0.0405,20.79,21.29,15.34
484.278,before,-3.5,52.1372712,21.1612267,90.19,52.1372719,21.1612277,26,0.53,0.102,255,0.0,0.0,-0.0183,-0.0596,3.266,4.208,-0.87,-2.94,220.69,0.08,0.0,0.0,0.01,108415,999,3,0.38,0.08,0.04,-0.03,48,8,35,0,2.33,-1.01,0.0071,0.0395,24.86,20.62,16.95
484.378,before,-3.4,52.1372712,21.1612267,90.19,52.1372718,21.1612276,26,0.53,0.043,255,0.0,0.0,-0.0026,-0.035,3.264,4.205,-0.86,-3.2,220.47,0.03,0.0,0.06,0.0,108415,999,3,0.38,0.05,-0.01,0.01,48,13,34,0,2.37,-0.98,0.0098,0.0562,23.01,23.54,16.14
484.478,before,-3.3,52.1372712,21.1612266,90.19,52.1372717,21.1612275,26,0.53,0.053,255,-0.1677,0.0,-0.0962,0.0028,3.266,4.203,-1.12,-3.24,220.38,0.03,0.0,0.01,0.0,108415,999,3,0.38,0.08,0.03,0.0,48,-120,-7,0,2.39,-0.97,0.0111,0.0581,20.36,23.54,14.65
484.579,before,-3.199,52.1372712,21.1612266,90.18,52.1372717,21.1612275,26,0.53,0.053,255,0.0,0.0,-0.0593,-0.0483,3.26,4.2,-1.64,-3.47,220.31,0.03,0.0,0.02,0.01,108415,999,3,0.38,0.08,0.03,0.0,48,-60,43,0,2.39,-0.97,0.0087,0.0523,21.92,24.02,15.51
484.678,before,-3.1,52.1372712,21.1612266,90.18,52.1372717,21.1612274,26,0.53,0.081,255,-0.1677,0.0,-0.0599,0.0313,3.262,4.193,-1.95,-3.48,220.2,0.06,0.0,0.01,0.02,108415,999,3,0.38,0.08,-0.04,0.0,48,-82,-182,0,2.4,-0.96,0.0105,0.0518,20.92,21.4,14.13
484.778,before,-3.0,52.1372712,21.1612266,90.17,52.1372717,21.1612274,26,0.53,0.081,255,0.0,0.0,0.0222,-0.0083,3.268,4.186,-1.92,-3.38,220.22,0.06,0.0,0.01,0.01,108415,999,3,0.38,0.08,-0.04,0.0,48,9,-23,0,2.4,-0.95,0.0078,0.0449,21.57,21.39,15.5
484.878,before,-2.9,52.1372712,21.1612265,90.16,52.1372718,21.1612274,26,0.53,0.018,255,0.0,0.0,-0.005,-0.003,3.25,4.178,-1.81,-3.41,220.18,0.01,0.0,0.01,0.01,108415,999,3,0.38,0.1,0.0,-0.01,48,-42,8,0,2.4,-0.94,0.007,0.0432,20.41,21.52,14.47
484.978,before,-2.799,52.1372712,21.1612266,90.15,52.1372718,21.1612274,26,0.53,0.018,255,0.0,0.0,0.0131,-0.0479,3.246,4.168,-1.91,-3.6,220.26,0.01,0.0,0.01,0.04,108415,999,3,0.38,0.1,0.0,-0.01,48,33,1,0,2.41,-0.93,0.005,0.037,19.92,22.08,12.6
485.078,before,-2.7,52.1372712,21.1612266,90.14,52.1372718,21.1612274,26,0.53,0.048,255,0.0,0.0,0.0207,0.0379,3.244,4.157,-1.68,-3.51,220.36,0.04,0.0,0.01,0.04,108415,999,3,0.38,0.08,-0.01,-0.03,48,-43,27,0,2.42,-0.92,0.0084,0.0432,19.19,22.09,14.89
485.178,before,-2.6,52.1372712,21.1612266,90.13,52.1372718,21.1612274,26,0.53,0.048,255,0.0,0.0,-0.0106,-0.0041,3.234,4.15,-1.87,-3.41,220.43,0.04,0.0,0.03,0.0,108415,999,3,0.38,0.08,-0.01,-0.03,48,29,-50,0,2.42,-0.91,0.0067,0.0421,19.14,21.61,14.58
485.279,before,-2.499,52.1372712,21.1612266,90.13,52.1372719,21.1612275,26,0.53,0.029,255,0.0,0.0,0.053,0.0308,3.228,4.141,-1.56,-3.42,220.57,0.04,0.0,0.0,0.04,108415,999,3,0.38,0.1,-0.01,-0.03,48,-55,18,0,2.42,-0.9,0.0042,0.0331,19.76,21.57,14.33
485.378,before,-2.4,52.1372712,21.1612266,90.12,52.1372719,21.1612275,26,0.53,0.029,255,0.0,0.0,0.0456,-0.0253,3.216,4.131,-1.42,-3.38,220.76,0.04,0.0,0.04,0.03,108415,999,3,0.38,0.1,-0.02,-0.01,48,-50,-38,0,2.42,-0.9,0.0037,0.0204,19.59,21.69,13.17
485.478,before,-2.3,52.1372712,21.1612267,90.1,52.1372719,21.1612276,26,0.53,0.048,255,0.1677,0.0,0.0412,0.064,3.226,4.116,-1.05,-3.27,221.01,0.05,0.0,0.01,0.01,108415,999,3,0.38,0.07,-0.04,-0.04,48,-94,-11,0,2.41,-0.91,0.0083,0.0238,19.49,19.45,13.19
485.578,before,-2.2,52.1372712,21.1612267,90.09,52.1372719,21.1612276,26,0.53,0.048,255,0.0,0.0,0.0557,-0.0441,3.21,4.104,-0.76,-3.28,221.32,0.05,0.0,0.01,0.02,108415,999,3,0.38,0.07,-0.04,-0.04,48,112,-1,0,2.41,-0.9,0.0055,0.0227,19.16,18.11,12.49
485.678,before,-2.1,52.1372712,21.1612267,90.08,52.1372719,21.1612277,26,0.53,0.08,255,0.0,0.0,-0.0615,0.0375,3.212,4.093,-0.89,-3.16,221.61,0.07,0.0,0.0,0.03,108415,999,3,0.38,0.08,-0.09,0.02,48,12,-44,0,2.42,-0.9,0.0133,0.0342,19.59,19.77,11.82
485.778,before,-2.0,52.1372712,21.1612266,90.07,52.1372719,21.1612277,26,0.53,0.08,255,0.0,0.0,-0.0269,0.0149,3.204,4.085,-1.16,-3.09,221.83,0.07,0.0,0.0,0.0,108415,999,3,0.38,0.08,-0.09,0.02,48,41,-5,0,2.42,-0.89,0.0086,0.0255,20.46,18.5,13.32
485.878,before,-1.9,52.1372712,21.1612266,90.06,52.137272,21.1612275,26,0.53,0.115,255,-0.1677,0.0,-0.0798,-0.0,3.202,4.078,-1.42,-2.98,221.91,0.09,0.0,0.01,0.0,108415,999,3,0.38,0.1,-0.11,0.02,48,37,-21,0,2.43,-0.88,0.0182,0.044,19.7,21.58,12.24
485.978,before,-1.799,52.1372713,21.1612266,90.06,52.137272,21.1612275,26,0.53,0.115,255,-0.1677,-0.1677,-0.0281,-0.0228,3.192,4.073,-1.88,-3.14,222.01,0.09,0.0,0.02,0.01,108415,999,3,0.38,0.1,-0.11,0.02,48,-47,20,0,2.42,-0.87,0.011,0.0262,20.18,20.35,14.27
486.078,before,-1.7,52.1372714,21.1612266,90.05,52.1372722,21.1612273,26,0.53,0.121,255,0.1677,0.0,0.0461,0.02,3.19,4.064,-1.61,-3.01,222.08,0.06,0.0,0.02,0.01,108415,999,3,0.38,0.08,-0.07,0.04,48,-6,-15,0,2.43,-0.87,0.0152,0.0286,20.31,20.69,13.73
486.178,before,-1.6,52.1372715,21.1612265,90.04,52.1372722,21.1612273,26,0.53,0.121,255,-0.1677,0.0,-0.0681,-0.0222,3.192,4.055,-1.88,-3.05,222.09,0.06,0.0,0.0,0.01,108415,999,3,0.38,0.08,-0.07,0.04,48,23,-21,0,2.43,-0.85,0.0094,0.0191,20.25,21.0,12.47
486.278,before,-1.499,52.1372715,21.1612264,90.03,52.1372722,21.1612273,26,0.53,0.121,255,0.0,0.0,0.0153,-0.0099,3.192,4.046,-1.87,-3.24,221.98,0.06,0.0,0.03,0.02,108415,999,3,0.38,0.08,-0.07,0.04,48,39,50,0,2.43,-0.85,0.0061,0.021,20.05,20.13,13.36
486.378,before,-1.4,52.1372715,21.1612263,90.03,52.1372722,21.1612272,26,0.53,0.033,255,0.0,0.0,-0.0744,0.0087,3.188,4.042,-2.12,-3.11,221.89,0.07,0.0,0.0,0.01,108415,999,3,0.38,0.1,0.0,0.0,48,23,-38,0,2.45,-0.83,0.007,0.0279,20.43,22.12,12.65
486.478,before,-1.3,52.1372716,21.1612263,90.02,52.1372723,21.1612271,26,0.53,0.054,255,0.0,0.0,0.0579,-0.0366,3.188,4.039,-2.06,-3.27,221.75,0.04,0.0,0.02,0.02,108415,999,3,0.38,0.07,-0.02,0.01,48,34,18,0,2.45,-0.83,0.0087,0.034,21.95,21.38,14.05
486.579,before,-1.199,52.1372716,21.1612262,90.02,52.1372723,21.1612271,26,0.53,0.054,255,0.0,0.0,-0.0326,0.0146,3.186,4.037,-1.98,-3.3,221.62,0.04,0.0,0.0,0.01,108415,999,3,0.38,0.07,-0.02,0.01,48,-36,-168,0,2.46,-0.82,0.0046,0.0216,20.54,22.44,13.82
486.678,before,-1.099,52.1372716,21.1612262,90.02,52.1372723,21.161227,26,0.53,0.041,255,-0.1677,0.0,-0.0301,0.0202,3.18,4.034,-2.22,-3.17,221.53,0.05,0.0,0.02,0.01,108415,999,3,0.38,0.07,-0.02,-0.01,48,55,-43,0,2.48,-0.81,0.0074,0.0315,23.35,20.87,13.64
486.778,before,-1.0,52.1372716,21.1612262,90.02,52.1372723,21.161227,26,0.53,0.041,255,0.0,0.0,-0.0535,-0.027,3.18,4.035,-2.46,-3.23,221.38,0.05,0.0,0.03,0.02,108415,999,3,0.38,0.07,-0.02,-0.01,48,-109,-10,0,2.48,-0.79,0.0048,0.0279,20.64,21.7,13.87
486.878,before,-0.9,52.1372716,21.1612261,90.02,52.1372723,21.1612269,26,0.53,0.042,255,0.0,0.0,0.0337,0.0261,3.172,4.035,-2.37,-3.28,221.11,0.05,0.0,0.02,0.01,108415,999,3,0.38,0.09,-0.02,0.02,48,-43,-158,0,2.5,-0.78,0.008,0.0342,18.72,21.68,12.55
486.978,before,-0.799,52.1372716,21.1612261,90.02,52.1372723,21.1612269,26,0.53,0.042,255,-0.1677,0.1677,-0.0497,0.036,3.174,4.036,-2.48,-2.96,220.93,0.05,0.0,0.02,0.01,108415,999,3,0.38,0.09,-0.02,0.02,48,-38,-64,0,2.51,-0.75,0.0048,0.0261,18.75,22.01,11.04
487.078,before,-0.699,52.1372716,21.1612261,90.02,52.1372723,21.1612269,26,0.53,0.077,255,0.1677,0.0,0.0838,0.0385,3.174,4.037,-2.21,-2.76,220.76,0.03,0.0,0.05,0.01,108415,999,3,0.38,0.1,0.03,-0.02,48,26,111,0,2.52,-0.75,0.0077,0.0364,17.51,21.1,13.7
487.178,before,-0.6,52.1372716,21.1612261,90.03,52.1372723,21.1612269,26,0.53,0.077,255,0.0,0.1677,0.0186,0.0073,3.166,4.041,-2.04,-2.68,220.8,0.03,0.0,0.05,0.02,108415,999,3,0.38,0.1,0.03,-0.02,48,73,-48,0,2.54,-0.71,0.0065,0.0361,17.02,20.83,13.89
487.279,before,-0.499,52.1372715,21.1612262,90.03,52.1372721,21.161227,26,0.53,0.056,255,0.0,0.0,0.0725,0.0333,3.156,4.042,-1.71,-2.57,220.93,0.03,0.0,0.0,0.01,108415,999,3,0.38,0.11,0.03,-0.02,48,90,-27,0,2.53,-0.71,0.0039,0.0204,17.67,20.16,12.14
487.378,before,-0.4,52.1372715,21.1612262,90.03,52.1372721,21.161227,26,0.53,0.056,255,0.0,0.1677,0.0754,0.0101,3.16,4.045,-1.31,-2.36,221.2,0.03,0.0,0.08,0.01,108415,999,3,0.38,0.11,-0.02,0.0,48,49,-78,0,2.56,-0.68,0.0052,0.0346,18.54,20.27,11.07
487.478,before,-0.3,52.1372714,21.1612263,90.03,52.137272,21.1612271,26,0.53,0.095,255,0.0,0.0,0.0727,-0.046,3.152,4.048,-0.91,-2.59,221.57,0.01,0.0,0.04,0.01,108415,999,3,0.38,0.11,0.01,0.0,48,-118,38,0,2.57,-0.66,0.004,0.0286,18.97,20.9,12.69
487.579,before,-0.199,52.1372714,21.1612264,90.03,52.137272,21.1612271,26,0.53,0.095,255,0.1677,0.0,0.0224,0.0023,3.148,4.046,-0.64,-2.55,222.02,0.01,0.0,0.0,0.0,108415,999,3,0.38,0.11,0.01,0.0,48,88,-35,0,2.56,-0.67,0.0029,0.015,18.93,21.69,13.3
487.678,before,-0.1,52.1372713,21.1612264,90.03,52.1372719,21.1612272,26,0.53,0.045,255,0.0,-0.1677,-0.072,-0.0021,3.14,4.044,-0.94,-2.63,222.33,0.02,0.0,0.06,0.01,108415,1507,3,0.38,0.11,-0.02,0.01,48,17,16,0,2.58,-0.65,0.0035,0.0249,19.41,23.0,12.21
487.778,flow_only,0.001,52.1372713,21.1612264,90.03,52.1372719,21.1612272,26,0.53,0.045,255,-0.1677,0.1677,-0.0815,-0.01,3.126,4.044,-1.45,-2.54,222.48,0.02,0.0,0.02,0.01,108415,1507,3,0.38,0.11,-0.02,0.01,48,-89,-51,0,2.59,-0.64,0.0021,0.0179,20.83,20.89,13.08
487.878,flow_only,0.1,52.1372713,21.1612265,90.03,52.1372719,21.1612273,26,0.53,0.058,255,0.0,0.0,0.0173,0.0021,3.122,4.043,-1.51,-2.74,222.59,0.02,0.0,0.06,0.0,108415,1507,3,0.38,0.11,-0.02,0.01,48,-30,36,0,2.59,-0.64,0.0094,0.0246,19.32,20.1,12.23
487.978,flow_only,0.201,52.1372713,21.1612265,90.03,52.1372719,21.1612273,26,0.53,0.058,255,0.0,0.0,0.0533,-0.0096,3.114,4.042,-1.37,-2.71,222.71,0.02,0.0,0.02,0.0,108415,1507,3,0.38,0.11,-0.02,0.01,48,-30,-26,0,2.6,-0.61,0.0068,0.0171,19.45,20.0,12.82
488.078,flow_only,0.3,52.1372713,21.1612265,90.03,52.1372718,21.1612275,26,0.53,0.043,255,0.0,0.1677,-0.0452,0.0263,3.112,4.04,-1.47,-2.59,222.82,0.02,0.0,0.02,0.01,108415,1507,3,0.38,0.11,-0.02,0.01,48,115,-151,0,2.6,-0.6,0.0062,0.0125,18.93,20.68,11.41
488.178,flow_only,0.4,52.1372713,21.1612267,90.02,52.1372718,21.1612275,26,0.53,0.043,255,0.0,0.0,-0.029,0.0064,3.108,4.039,-1.65,-2.45,222.81,0.02,0.0,0.04,0.0,108415,1507,3,0.38,0.11,-0.02,0.01,48,18,-40,0,2.61,-0.59,0.0074,0.0145,17.31,18.92,12.82
488.278,flow_only,0.5,52.1372713,21.1612268,90.03,52.1372718,21.1612275,26,0.53,0.043,255,0.0,0.0,0.0665,-0.0619,3.096,4.041,-1.52,-2.63,222.67,0.02,0.0,0.07,0.02,108415,1507,3,0.38,0.11,-0.02,0.01,48,-27,21,0,2.62,-0.56,0.0048,0.0195,16.94,19.3,11.73
488.378,flow_only,0.601,52.1372712,21.1612268,90.03,52.1372717,21.1612276,26,0.53,0.106,255,0.1677,0.0,0.1082,-0.0345,3.082,4.045,-0.86,-2.95,222.68,0.02,0.0,0.06,0.01,108415,1507,3,0.38,0.09,-0.02,0.01,48,-150,79,0,2.64,-0.56,0.0147,0.031,17.01,18.81,11.94
488.478,flow_only,0.701,52.1372712,21.1612267,90.03,52.1372715,21.1612278,26,0.53,0.079,255,0.0,-0.1677,0.0388,-0.0066,3.072,4.049,-0.43,-3.07,222.85,0.02,0.0,0.04,0.0,108415,1507,3,0.38,0.06,-0.02,0.01,48,-118,25,0,2.65,-0.53,0.0239,0.0411,18.07,19.65,12.26
488.579,flow_only,0.801,52.1372713,21.1612266,90.04,52.1372715,21.1612278,26,0.53,0.079,255,0.1677,0.0,0.0042,0.0394,3.06,4.052,-0.35,-2.96,223.22,0.02,0.0,0.0,0.0,108415,1507,3,0.38,0.06,-0.02,0.01,48,-9,5,0,2.65,-0.51,0.0203,0.0322,16.37,19.53,12.93
488.678,flow_only,0.9,52.1372713,21.1612266,90.04,52.1372715,21.161228,26,0.53,0.086,255,0.0,0.0,-0.0756,-0.0004,3.06,4.051,-0.63,-2.91,223.49,0.02,0.0,0.02,0.0,108415,1507,3,0.38,0.06,-0.02,0.01,48,1,-11,0,2.65,-0.5,0.0052,0.0106,18.4,19.37,11.41
488.778,flow_only,1.0,52.1372713,21.1612266,90.03,52.1372715,21.161228,26,0.53,0.086,255,0.0,0.1677,-0.0762,0.0011,3.06,4.048,-1.19,-2.79,223.53,0.02,0.0,0.0,0.01,108415,1507,3,0.38,0.06,-0.02,0.01,48,-57,-47,0,2.64,-0.5,0.0027,0.0055,17.44,20.84,12.05
488.878,flow_only,1.1,52.1372713,21.1612267,90.03,52.1372714,21.1612283,26,0.53,0.098,255,0.0,0.0,-0.0578,-0.023,3.056,4.047,-1.6,-2.97,223.4,0.02,0.0,0.05,0.01,108415,1507,3,0.38,0.05,-0.02,0.01,48,49,-113,0,2.66,-0.48,0.0107,0.0156,18.56,21.02,10.81
488.978,flow_only,1.201,52.1372712,21.1612268,90.03,52.1372714,21.1612283,26,0.53,0.098,255,0.1677,0.0,0.0924,-0.0432,3.058,4.05,-1.42,-3.15,223.41,0.02,0.0,0.05,0.0,108415,1507,3,0.38,0.05,-0.02,0.01,48,-52,-138,0,2.67,-0.47,0.0123,0.0217,17.64,20.64,11.37
489.078,flow_only,1.301,52.1372712,21.161227,90.04,52.1372714,21.1612286,26,0.53,0.12,255,0.0,0.0,0.0757,-0.0286,3.052,4.053,-0.83,-3.36,223.48,0.02,0.0,0.02,0.0,108415,1507,3,0.38,0.07,-0.02,0.01,48,38,69,0,2.67,-0.46,0.0078,0.0136,18.71,20.44,12.55
489.178,flow_only,1.4,52.1372712,21.1612272,90.04,52.1372714,21.1612286,26,0.53,0.12,255,0.0,0.0,0.0428,0.0148,3.048,4.054,-0.74,-3.44,223.51,0.02,0.0,0.0,0.02,108415,1507,3,0.38,0.07,-0.02,0.01,48,82,36,0,2.67,-0.47,0.0132,0.0224,19.19,18.35,10.88
489.279,flow_only,1.501,52.1372711,21.1612274,90.04,52.1372713,21.1612288,26,0.53,0.095,255,0.1677,0.0,0.0235,0.0381,3.052,4.054,-0.59,-3.28,223.49,0.02,0.0,0.04,0.0,108415,1507,3,0.38,0.1,-0.02,0.01,48,95,-14,0,2.68,-0.45,0.0139,0.0236,17.7,18.35,12.5
489.378,flow_only,1.6,52.137271,21.1612276,90.04,52.1372713,21.1612288,26,0.53,0.095,255,0.1677,0.0,0.0612,-0.0081,3.05,4.054,-0.28,-3.27,223.47,0.02,0.0,0.0,0.0,108415,1507,3,0.38,0.1,-0.02,0.01,48,102,-15,0,2.68,-0.45,0.0214,0.0378,18.28,20.54,12.19
489.478,flow_only,1.7,52.1372709,21.1612278,90.04,52.1372711,21.161229,26,0.53,0.117,255,0.1677,0.0,0.1083,-0.0127,3.036,4.056,0.3,-3.31,223.56,0.02,0.0,0.06,0.03,108415,1507,3,0.38,0.08,-0.02,0.01,48,-148,14,0,2.7,-0.43,0.0028,0.0064,20.36,21.14,12.78
489.578,flow_only,1.801,52.1372709,21.1612279,90.05,52.1372711,21.161229,26,0.53,0.117,255,0.0,0.0,0.092,-0.0019,3.028,4.062,0.9,-3.37,223.73,0.02,0.0,0.04,0.0,108415,1507,3,0.38,0.08,-0.02,0.01,48,9,5,0,2.72,-0.4,0.0087,0.0168,19.05,18.01,12.82
489.678,flow_only,1.9,52.1372708,21.1612279,90.05,52.1372709,21.1612293,26,0.53,0.193,255,0.1677,0.0,0.0041,0.0016,3.042,4.068,0.94,-3.29,223.88,0.02,0.0,0.0,0.02,108415,1507,3,0.38,0.09,-0.02,0.01,48,-27,-26,0,2.72,-0.39,0.0057,0.0093,18.54,21.9,12.55
489.778,flow_only,2.0,52.1372708,21.161228,90.06,52.1372709,21.1612293,26,0.53,0.193,255,0.0,0.0,-0.0706,0.0114,3.042,4.073,0.74,-3.27,224.01,0.02,0.0,0.04,0.02,108415,1507,3,0.38,0.09,-0.02,0.01,48,-22,11,0,2.74,-0.38,0.0038,0.009,17.79,20.41,11.53
489.878,flow_only,2.1,52.1372708,21.1612281,90.07,52.1372707,21.1612296,26,0.53,0.102,255,-0.1677,0.0,-0.0634,0.0115,3.036,4.082,0.36,-3.3,224.1,0.02,0.0,0.05,0.03,108415,1507,3,0.38,0.06,-0.02,0.01,48,36,21,0,2.76,-0.38,0.0082,0.0185,22.47,19.26,12.88
489.978,flow_only,2.201,52.1372707,21.1612282,90.08,52.1372707,21.1612296,26,0.53,0.102,255,0.0,0.0,0.0265,-0.0535,3.04,4.092,0.32,-3.4,224.24,0.02,0.0,0.03,0.0,108415,1507,3,0.38,0.06,-0.02,0.01,48,-20,-1,0,2.77,-0.34,0.0067,0.0158,23.36,20.72,13.98
490.078,flow_only,2.3,52.1372707,21.1612282,90.09,52.1372707,21.1612299,26,0.53,0.072,255,0.1677,0.0,0.1245,0.0122,3.048,4.102,0.99,-3.5,224.49,0.02,0.0,0.05,0.03,108415,1507,3,0.38,0.06,-0.02,0.01,48,-157,29,0,2.79,-0.32,0.0137,0.0289,21.21,20.72,14.93
490.178,flow_only,2.4,52.1372707,21.1612282,90.1,52.1372707,21.1612299,26,0.53,0.072,255,0.0,0.0,0.0553,0.0597,3.048,4.112,1.33,-3.12,224.75,0.02,0.0,0.03,0.02,108415,1507,3,0.38,0.06,-0.02,0.01,48,55,-39,0,2.81,-0.32,0.0049,0.0159,19.74,18.36,11.82
490.278,flow_only,2.501,52.1372707,21.1612282,90.11,52.1372707,21.1612299,26,0.53,0.072,255,0.0,0.0,-0.1,-0.0627,3.052,4.122,1.16,-3.19,224.77,0.02,0.0,0.04,0.02,108415,1507,3,0.38,0.06,-0.02,0.01,48,103,-39,0,2.82,-0.3,0.0111,0.024,17.48,19.15,10.76
490.378,flow_only,2.6,52.1372707,21.1612283,90.11,52.1372706,21.1612301,26,0.53,0.066,255,-0.1677,0.0,-0.0753,-0.0,3.042,4.13,0.73,-3.39,224.58,0.02,0.0,0.0,0.01,108415,1507,3,0.38,0.07,-0.02,0.01,48,-73,73,0,2.83,-0.3,0.0064,0.0126,18.97,14.68,11.55
490.478,flow_only,2.701,52.1372706,21.1612283,90.12,52.1372706,21.1612302,26,0.53,0.017,255,0.0,0.0,-0.0365,-0.0147,3.04,4.137,0.41,-3.46,224.15,0.02,0.0,0.06,0.01,108415,1507,3,0.38,0.07,-0.02,0.01,48,86,7,0,2.85,-0.3,0.0132,0.0292,19.83,20.16,12.46
490.578,flow_only,2.801,52.1372706,21.1612284,90.13,52.1372706,21.1612302,26,0.53,0.017,255,0.0,-0.1677,-0.0528,-0.0137,3.036,4.145,0.26,-3.56,223.67,0.02,0.0,0.01,0.02,108415,1507,3,0.38,0.07,-0.02,0.01,48,-7,14,0,2.85,-0.27,0.0119,0.0244,22.68,22.45,14.36
490.678,flow_only,2.901,52.1372705,21.1612284,90.14,52.1372706,21.1612302,26,0.53,0.069,255,0.0,0.0,0.1907,-0.0467,3.036,4.152,0.7,-3.77,223.47,0.02,0.0,0.04,0.01,108415,1507,3,0.38,0.11,-0.02,0.01,48,-5,47,0,2.86,-0.27,0.0135,0.0283,19.83,21.72,11.96
490.778,flow_only,3.0,52.1372705,21.1612283,90.14,52.1372706,21.1612302,26,0.53,0.069,255,0.1677,0.0,0.2138,0.0067,3.038,4.16,2.01,-3.85,223.69,0.02,0.0,0.05,0.01,108415,1507,3,0.38,0.11,-0.02,0.01,48,-69,28,0,2.88,-0.26,0.0142,0.0302,19.56,21.02,13.48
490.878,flow_only,3.101,52.1372706,21.1612281,90.15,52.1372707,21.1612302,26,0.53,0.085,255,0.0,0.1677,-0.1374,0.0834,3.036,4.167,2.24,-3.28,223.92,0.02,0.0,0.01,0.01,108415,1507,3,0.38,0.07,-0.02,0.01,48,91,-133,0,2.88,-0.23,0.0029,0.0058,20.64,20.11,13.38
490.978,flow_only,3.201,52.1372706,21.1612279,90.16,52.1372707,21.1612302,26,0.53,0.085,255,-0.5031,0.0,-0.1787,-0.0064,3.022,4.173,1.05,-3.21,223.82,0.02,0.0,0.0,0.02,108415,1507,3,0.38,0.07,-0.02,0.01,48,-62,189,0,2.88,-0.24,0.0181,0.0365,21.6,19.27,14.74
491.078,flow_only,3.3,52.1372706,21.1612278,90.17,52.1372709,21.16123,26,0.53,0.146,255,-0.3354,0.0,-0.0814,0.0446,3.014,4.183,0.34,-3.09,223.59,0.02,0.0,0.08,0.0,108415,1507,3,0.38,0.09,-0.02,0.01,48,21,-15,0,2.91,-0.2,0.0132,0.031,22.84,21.37,15.82
491.178,flow_only,3.4,52.1372706,21.1612276,90.18,52.1372709,21.16123,26,0.53,0.146,255,-0.1677,0.1677,-0.1623,0.0183,3.016,4.197,-0.4,-2.99,223.28,0.02,0.0,0.06,0.0,108415,1507,3,0.38,0.09,-0.02,0.01,48,-25,-45,0,2.93,-0.16,0.0062,0.0237,20.47,23.54,15.27
491.278,flow_only,3.501,52.1372707,21.1612274,90.2,52.1372709,21.16123,26,0.53,0.146,255,0.0,0.0,-0.0922,-0.0596,3.022,4.215,-1.03,-3.01,222.94,0.02,0.0,0.08,0.01,108415,1507,3,0.38,0.09,-0.02,0.01,48,-128,-20,0,2.96,-0.13,0.0072,0.0323,21.33,23.02,13.58
491.378,flow_only,3.601,52.1372709,21.1612272,90.22,52.1372712,21.1612297,26,0.53,0.299,255,0.0,0.0,0.0469,0.013,3.022,4.237,-1.01,-3.23,222.58,0.02,0.0,0.06,0.01,108415,1507,3,0.38,0.08,-0.02,0.01,48,-192,-69,0,2.99,-0.11,0.0166,0.046,21.75,21.72,12.88
491.478,flow_only,3.701,52.1372713,21.161227,90.25,52.1372717,21.1612294,26,0.53,0.27,255,-0.1677,0.0,-0.1404,-0.0833,3.012,4.26,-1.36,-3.3,222.19,0.02,0.0,0.09,0.0,108415,1507,3,0.38,0.08,-0.02,0.01,48,82,-156,0,3.02,-0.08,0.025,0.0645,20.53,23.4,11.22
491.578,flow_only,3.801,52.1372715,21.1612269,90.27,52.1372717,21.1612294,26,0.53,0.27,255,-0.1677,-0.1677,-0.1999,-0.1274,3.012,4.284,-2.36,-4.05,221.94,0.02,0.0,0.07,0.0,108415,1507,3,0.38,0.08,-0.02,0.01,48,222,166,0,3.04,-0.04,0.0205,0.0551,21.78,22.74,13.59
491.678,flow_only,3.901,52.1372715,21.1612269,90.29,52.1372721,21.1612292,26,0.53,0.263,255,-0.1677,-0.1677,-0.0396,-0.022,2.996,4.305,-2.98,-4.35,221.78,0.02,0.0,0.06,0.01,100223,1507,3,0.38,0.08,-0.02,0.01,48,254,94,0,3.06,-0.02,0.0277,0.0652,24.34,24.04,15.55
491.778,flow_only,4.0,52.1372716,21.1612269,90.31,52.1372721,21.1612292,26,0.53,0.263,255,-0.1677,0.0,0.0751,0.0392,2.988,4.33,-2.77,-4.32,221.71,0.02,0.0,0.09,0.01,100223,1507,3,0.38,0.08,-0.02,0.01,48,-147,45,0,3.09,0.02,0.0144,0.0502,21.08,24.98,14.41
491.878,flow_only,4.1,52.1372717,21.1612267,90.34,52.1372726,21.1612291,26,0.53,0.283,255,0.0,0.0,0.0747,0.0084,2.98,4.359,-2.27,-4.2,221.69,0.02,0.0,0.08,0.03,100223,1507,3,0.38,0.07,-0.02,0.01,48,-58,-7,0,3.12,0.02,0.0173,0.0547,20.26,24.06,14.95
491.978,flow_only,4.201,52.1372718,21.1612265,90.38,52.1372726,21.1612291,26,0.53,0.283,255,-0.1677,0.0,0.0183,-0.0222,2.972,4.39,-2.14,-4.16,221.79,0.02,0.0,0.09,0.01,100223,1507,3,0.38,0.07,-0.02,0.01,48,40,-7,0,3.16,0.05,0.0132,0.0527,21.24,23.11,14.83
492.078,flow_only,4.301,52.1372719,21.1612263,90.41,52.137273,21.1612289,26,0.53,0.155,255,-0.3354,-0.1677,-0.0863,-0.0842,2.962,4.423,-2.54,-4.61,221.99,0.02,0.0,0.11,0.01,100223,1507,3,0.38,0.07,-0.02,0.01,48,104,-47,0,3.19,0.13,0.0122,0.0571,22.81,23.32,15.31
492.178,flow_only,4.4,52.137272,21.1612263,90.44,52.137273,21.1612289,26,0.53,0.155,255,0.0,-0.1677,-0.051,-0.0554,2.95,4.455,-3.04,-4.9,222.28,0.02,0.0,0.07,0.02,100223,1507,3,0.38,0.07,-0.02,0.01,48,-39,-92,0,3.22,0.17,0.0096,0.0484,23.92,23.19,15.93
492.278,flow_only,4.5,52.137272,21.1612263,90.47,52.137273,21.1612289,26,0.53,0.155,255,0.0,0.0,0.0217,0.0268,2.944,4.482,-3.1,-4.87,222.62,0.02,0.0,0.02,0.02,100223,1507,3,0.38,0.07,-0.02,0.01,48,73,71,0,3.22,0.18,0.0068,0.0282,21.44,24.84,14.97
492.378,flow_only,4.6,52.137272,21.1612262,90.49,52.1372732,21.161229,26,0.53,0.159,255,0.0,0.0,0.0761,-0.0213,2.936,4.503,-2.75,-4.84,223.05,0.02,0.0,0.05,0.01,100223,1507,3,0.38,0.06,-0.02,0.01,48,-39,5,0,3.23,0.21,0.0049,0.0231,20.86,23.52,16.88
492.478,flow_only,4.701,52.137272,21.1612263,90.51,52.1372734,21.1612292,26,0.53,0.1,255,0.1677,-0.1677,0.1153,-0.0192,2.922,4.524,-2.25,-5.01,223.54,0.02,0.0,0.06,0.01,100223,1507,3,0.38,0.06,-0.02,0.01,48,-64,-101,0,3.25,0.23,0.0059,0.0235,19.15,24.22,15.13
492.578,flow_only,4.801,52.1372721,21.1612264,90.53,52.1372734,21.1612292,26,0.53,0.1,255,0.0,-0.1677,0.0034,-0.0133,2.918,4.541,-2.12,-5.02,224.06,0.02,0.0,0.0,0.02,100223,1507,3,0.38,0.06,-0.02,0.01,48,82,52,0,3.24,0.25,0.0072,0.0156,22.53,23.31,15.59
492.678,flow_only,4.9,52.1372721,21.1612267,90.53,52.1372735,21.1612295,26,0.53,0.127,255,0.1677,0.0,0.085,-0.036,2.912,4.55,-1.68,-5.21,224.52,0.02,0.0,0.0,0.0,100223,1507,3,0.38,0.06,-0.02,0.01,48,91,34,0,3.23,0.24,0.017,0.0395,21.9,22.87,16.93
492.778,flow_only,5.0,52.137272,21.1612268,90.54,52.1372735,21.1612295,26,0.53,0.127,255,0.0,0.0,-0.0303,0.004,2.89,4.553,-1.77,-5.21,224.86,0.02,0.0,0.01,0.01,100223,1507,3,0.38,0.06,-0.02,0.01,48,-31,-158,0,3.21,0.23,0.0134,0.0418,22.47,22.89,15.53
492.878,flow_only,5.1,52.137272,21.161227,90.54,52.1372736,21.1612298,26,0.53,0.099,255,0.0,0.0,0.1292,0.0522,2.89,4.554,-1.39,-5.08,225.17,0.02,0.0,0.0,0.01,100223,1507,3,0.38,0.1,-0.02,0.01,48,-70,23,0,3.21,0.23,0.0099,0.0387,21.15,22.57,15.47
492.979,flow_only,5.201,52.137272,21.1612271,90.55,52.1372736,21.1612298,26,0.53,0.099,255,0.1677,0.1677,0.0744,0.0341,2.88,4.56,-0.9,-4.76,225.53,0.02,0.0,0.05,0.01,100223,1507,3,0.38,0.1,-0.02,0.01,48,-110,-42,0,3.23,0.23,0.0237,0.0548,20.99,23.53,16.56
493.078,flow_only,5.301,52.137272,21.1612271,90.56,52.1372736,21.1612301,26,0.53,0.06,255,0.1678,0.0,0.0158,-0.0642,2.87,4.571,-0.65,-4.98,225.88,0.02,0.0,0.01,0.02,100223,1507,3,0.38,0.08,-0.02,0.01,48,108,42,0,3.23,0.26,0.0066,0.0253,21.88,23.34,16.6
493.178,flow_only,5.4,52.137272,21.1612271,90.57,52.1372736,21.1612301,26,0.53,0.06,255,0.1678,0.0,0.083,0.0361,2.868,4.582,-0.53,-5.02,226.2,0.02,0.0,0.01,0.0,100223,1507,3,0.38,0.08,-0.02,0.01,48,-27,-145,0,3.23,0.28,0.0178,0.0454,20.76,25.42,15.45
493.278,flow_only,5.501,52.1372721,21.1612272,90.58,52.1372736,21.1612301,26,0.53,0.06,255,0.0,0.0,-0.0252,0.0635,2.862,4.593,-0.42,-4.62,226.36,0.02,0.0,0.0,0.02,100223,1507,3,0.38,0.08,-0.02,0.01,48,149,-78,0,3.24,0.28,0.022,0.0559,22.55,24.73,15.86
493.378,flow_only,5.6,52.1372721,21.1612273,90.59,52.1372736,21.1612302,26,0.53,0.035,255,0.0,0.0,-0.0086,-0.0154,2.856,4.602,-0.69,-4.69,226.53,0.02,0.0,0.0,0.01,100223,1507,3,0.38,0.08,-0.02,0.01,48,56,-43,0,3.23,0.29,0.0197,0.0554,25.91,24.85,17.75
493.478,flow_only,5.7,52.1372722,21.1612275,90.6,52.1372736,21.1612302,26,0.53,0.045,255,-0.1677,0.0,-0.1079,-0.0409,2.852,4.61,-1.13,-4.74,226.8,0.02,0.0,0.0,0.02,100223,1507,3,0.38,0.09,-0.02,0.01,48,28,-12,0,3.23,0.29,0.0149,0.0465,23.15,29.42,16.26
493.578,flow_only,5.801,52.1372721,21.1612276,90.6,52.1372736,21.1612302,26,0.53,0.045,255,0.0,0.0,-0.0613,-0.0637,2.868,4.617,-1.67,-5.15,226.96,0.02,0.0,0.0,0.0,100223,1507,3,0.38,0.09,-0.02,0.01,48,118,79,0,3.23,0.3,0.0197,0.0548,28.12,28.88,19.1
493.678,flow_only,5.9,52.1372721,21.1612276,90.6,52.1372736,21.1612302,26,0.53,0.086,255,0.0,0.0,-0.0191,0.014,2.862,4.619,-2.0,-5.2,227.23,0.02,0.0,0.04,0.0,100223,1507,3,0.38,0.08,-0.02,0.01,48,-235,25,0,3.22,0.28,0.0151,0.0564,26.01,30.55,19.36
493.778,flow_only,6.0,52.1372722,21.1612273,90.6,52.1372736,21.1612302,26,0.53,0.086,255,0.0,0.0,0.0086,0.0386,2.86,4.616,-1.87,-5.03,227.65,0.02,0.0,0.05,0.0,100223,1507,3,0.38,0.08,-0.02,0.01,48,1,-44,0,3.2,0.26,0.019,0.0714,25.59,30.05,17.27
493.878,flow_only,6.101,52.1372723,21.1612271,90.59,52.1372737,21.16123,26,0.53,0.146,255,-0.1677,0.1677,-0.0987,0.0461,2.842,4.609,-2.33,-4.76,228.24,0.02,0.0,0.05,0.03,100223,1507,3,0.38,0.09,-0.02,0.01,48,94,-60,0,3.18,0.24,0.0177,0.0773,28.27,27.17,20.26
493.978,flow_only,6.201,52.1372724,21.1612269,90.58,52.1372737,21.16123,26,0.53,0.146,255,-0.1678,0.1678,-0.0959,0.0371,2.842,4.599,-2.8,-4.55,228.88,0.02,0.0,0.06,0.0,100223,1507,3,0.38,0.09,-0.02,0.01,48,-235,-45,0,3.16,0.25,0.0294,0.0975,28.36,28.05,18.52
494.078,flow_only,6.301,52.1372725,21.1612266,90.58,52.1372739,21.1612297,26,0.53,0.085,255,0.0,0.0,-0.0443,-0.0169,2.848,4.59,-3.28,-4.55,229.4,0.02,0.0,0.01,0.01,100223,1507,3,0.38,0.07,-0.02,0.01,48,-186,-16,0,3.16,0.23,0.0361,0.1009,26.92,31.16,17.12
494.178,flow_only,6.4,52.1372726,21.1612262,90.57,52.1372739,21.1612297,26,0.53,0.085,255,-0.1677,0.0,-0.0439,-0.0212,2.868,4.585,-3.46,-4.65,229.98,0.02,0.0,0.04,0.01,100223,1507,3,0.38,0.07,-0.02,0.01,48,46,6,0,3.14,0.22,0.0187,0.0738,25.8,29.14,14.35
494.279,flow_only,6.501,52.1372727,21.1612259,90.57,52.1372739,21.1612297,26,0.53,0.085,255,-0.1677,0.1677,-0.0564,0.087,2.878,4.581,-3.94,-4.24,230.41,0.02,0.0,0.02,0.02,100223,1507,3,0.38,0.07,-0.02,0.01,48,-46,-109,0,3.14,0.2,0.0224,0.0764,29.21,28.67,14.02
494.378,flow_only,6.6,52.1372728,21.1612257,90.56,52.1372738,21.1612295,26,0.53,0.126,255,0.0,0.0,-0.0796,0.032,2.888,4.577,-4.33,-3.98,230.73,0.02,0.0,0.03,0.02,100223,1507,3,0.38,0.05,-0.02,0.01,48,-90,66,0,3.13,0.18,0.0208,0.0732,27.25,28.56,16.99
494.478,flow_only,6.701,52.1372729,21.1612255,90.56,52.1372736,21.1612293,26,0.53,0.127,255,0.0,0.1677,-0.0139,0.0555,2.898,4.573,-4.5,-3.6,230.96,0.02,0.0,0.02,0.02,100223,1507,3,0.38,0.07,-0.02,0.01,48,-100,-67,0,3.13,0.17,0.0193,0.0676,25.94,26.32,17.11
494.578,flow_only,6.8,52.1372731,21.1612255,90.56,52.1372736,21.1612293,26,0.53,0.127,255,0.0,0.1677,0.022,0.023,2.898,4.571,-4.42,-3.39,231.09,0.02,0.0,0.03,0.02,100223,1507,3,0.38,0.07,-0.02,0.01,48,-1,-61,0,3.13,0.17,0.0204,0.0687,25.42,27.03,17.39
494.678,flow_only,6.9,52.1372732,21.1612256,90.55,52.1372733,21.1612293,26,0.53,0.169,255,0.0,0.1677,-0.0969,-0.0157,2.902,4.569,-4.54,-3.26,231.0,0.02,0.0,0.03,0.01,100223,1507,3,0.38,0.08,-0.02,0.01,48,-41,-46,0,3.12,0.14,0.0203,0.0682,24.23,27.11,16.59
494.778,flow_only,7.0,52.1372732,21.1612257,90.56,52.1372733,21.1612293,26,0.53,0.169,255,0.0,-0.1677,0.0905,-0.1654,2.916,4.571,-4.53,-4.01,230.84,0.02,0.0,0.02,0.01,100223,1507,3,0.38,0.08,-0.02,0.01,48,-94,74,0,3.14,0.16,0.0111,0.0397,26.95,31.86,19.91
494.878,flow_only,7.1,52.1372733,21.1612257,90.56,52.1372731,21.1612294,26,0.53,0.133,255,0.1677,-0.1677,0.0266,-0.0747,2.92,4.578,-3.9,-4.73,230.77,0.02,0.0,0.01,0.01,100223,1507,3,0.38,0.08,-0.02,0.01,48,-16,178,0,3.16,0.17,0.0155,0.0385,28.75,31.48,19.92
494.978,flow_only,7.201,52.1372732,21.1612256,90.57,52.1372731,21.1612294,26,0.53,0.133,255,0.0,0.0,0.026,-0.0234,2.93,4.584,-3.87,-4.99,230.74,0.02,0.0,0.03,0.01,100223,1507,3,0.38,0.08,-0.02,0.01,48,155,45,0,3.15,0.16,0.0208,0.0506,30.92,31.14,18.37
495.079,flow_only,7.301,52.137273,21.1612256,90.57,52.1372728,21.1612296,26,0.53,0.18,255,0.0,0.0,-0.0014,0.0117,2.92,4.586,-3.84,-5.02,230.79,0.02,0.0,0.01,0.01,100223,1507,3,0.38,0.08,-0.02,0.01,48,131,2,0,3.16,0.15,0.0217,0.0534,29.03,29.36,19.65
495.178,flow_only,7.4,52.1372728,21.1612257,90.57,52.1372728,21.1612296,26,0.53,0.18,255,0.1677,0.0,0.0406,0.0474,2.918,4.588,-3.62,-4.81,230.82,0.02,0.0,0.01,0.01,100223,1507,3,0.38,0.08,-0.02,0.01,48,68,-22,0,3.16,0.16,0.0173,0.0451,28.33,31.01,20.27
495.278,flow_only,7.5,52.1372726,21.1612259,90.57,52.1372728,21.1612296,26,0.53,0.18,255,0.1677,0.1677,0.0097,0.0664,2.926,4.585,-3.42,-4.52,230.8,0.02,0.0,0.06,0.01,100223,1507,3,0.38,0.08,-0.02,0.01,48,-117,-32,0,3.14,0.14,0.0121,0.0465,25.55,31.78,21.43
495.378,flow_only,7.601,52.1372725,21.1612261,90.56,52.1372725,21.1612298,26,0.53,0.187,255,0.1677,0.0,0.0064,0.0219,2.928,4.576,-3.4,-4.28,230.86,0.02,0.0,0.05,0.01,100223,1507,3,0.38,0.08,-0.02,0.01,48,-46,-49,0,3.12,0.12,0.0148,0.0529,28.93,30.66,18.33
495.478,flow_only,7.7,52.1372724,21.1612264,90.55,52.1372722,21.1612301,26,0.53,0.218,255,0.1677,0.0,0.125,-0.0201,2.942,4.568,-2.79,-4.38,230.98,0.02,0.0,0.01,0.0,100223,1507,3,0.38,0.09,-0.02,0.01,48,50,21,0,3.12,0.1,0.0104,0.0408,28.3,30.02,20.24
495.578,flow_only,7.801,52.1372724,21.1612265,90.55,52.1372722,21.1612301,26,0.53,0.218,255,0.0,0.0,0.0753,-0.058,2.952,4.564,-2.36,-4.64,231.33,0.02,0.0,0.01,0.01,100223,1507,3,0.38,0.09,-0.02,0.01,48,13,33,0,3.13,0.11,0.0076,0.0246,26.9,29.74,19.36
495.678,flow_only,7.9,52.1372724,21.1612265,90.55,52.1372718,21.1612304,26,0.53,0.147,255,0.1678,0.0,-0.0116,-0.0295,2.952,4.561,-2.05,-4.85,231.69,0.02,0.0,0.05,0.02,100223,1507,3,0.37,0.08,-0.02,0.01,48,-166,-117,0,3.11,0.08,0.0163,0.0476,25.48,29.43,16.96
495.778,flow_only,8.0,52.1372723,21.1612269,90.54,52.1372718,21.1612304,26,0.53,0.147,255,0.0,0.0,-0.041,0.005,2.958,4.557,-2.24,-4.9,232.05,0.02,0.0,0.0,0.01,100223,1507,3,0.37,0.08,-0.02,0.01,48,-39,42,0,3.11,0.08,0.0101,0.0318,27.52,27.66,19.04
495.878,flow_only,8.1,52.1372723,21.1612271,90.54,52.1372715,21.1612307,26,0.53,0.227,255,0.1678,0.0,0.048,-0.0634,2.957,4.559,-2.31,-4.96,232.46,0.02,0.0,0.02,0.03,100223,1507,3,0.37,0.07,-0.02,0.01,48,-16,-19,0,3.13,0.09,0.0061,0.0154,26.26,30.77,20.41
495.978,flow_only,8.201,52.1372722,21.1612272,90.55,52.1372715,21.1612307,26,0.53,0.227,255,0.0,0.0,0.0183,0.0103,2.966,4.56,-2.21,-5.06,232.82,0.02,0.0,0.03,0.02,100223,1507,3,0.37,0.07,-0.02,0.01,48,92,25,0,3.12,0.08,0.0054,0.0181,27.12,29.93,18.91
496.078,flow_only,8.3,52.1372722,21.1612273,90.54,52.1372712,21.161231,26,0.53,0.146,255,0.0,0.0,-0.0489,0.0226,2.976,4.559,-2.37,-5.0,233.1,0.02,0.0,0.03,0.02,100223,1507,3,0.37,0.07,-0.02,0.01,48,-1,3,0,3.12,0.07,0.0101,0.0298,29.25,29.53,19.3
496.178,flow_only,8.4,52.1372722,21.1612275,90.54,52.1372712,21.161231,26,0.53,0.146,255,0.0,0.0,-0.0186,-0.0089,2.978,4.558,-2.71,-4.95,233.4,0.02,0.0,0.0,0.02,100223,1507,3,0.37,0.07,-0.02,0.01,48,23,-7,0,3.12,0.07,0.0085,0.0237,28.56,28.25,19.28
496.278,flow_only,8.501,52.1372722,21.1612276,90.54,52.1372712,21.161231,26,0.53,0.146,255,0.0,0.0,-0.0023,0.005,2.982,4.555,-2.71,-4.96,233.73,0.02,0.0,0.04,0.03,100223,1507,3,0.37,0.07,-0.02,0.01,48,-47,-1,0,3.11,0.05,0.006,0.0237,25.66,31.99,18.62
496.378,flow_only,8.6,52.1372721,21.1612277,90.53,52.1372709,21.1612311,26,0.53,0.19,255,0.0,0.0,0.0165,-0.0429,2.986,4.547,-2.79,-5.21,234.17,0.02,0.0,0.06,0.03,100223,1507,3,0.37,0.08,-0.02,0.01,48,10,57,0,3.09,0.03,0.0076,0.0347,29.7,28.48,18.54
496.478,flow_only,8.7,52.1372721,21.1612277,90.52,52.1372706,21.1612311,26,0.53,0.154,255,0.1677,0.1677,-0.0044,0.059,2.994,4.533,-2.67,-5.0,234.47,0.02,0.0,0.06,0.04,100223,1507,3,0.37,0.08,-0.02,0.01,48,-58,26,0,3.07,0.0,0.0103,0.0454,30.45,28.07,19.48
496.578,flow_only,8.8,52.137272,21.1612277,90.5,52.1372706,21.1612311,26,0.53,0.154,255,0.0,0.0,0.0786,-0.0123,2.994,4.52,-2.63,-4.92,234.69,0.02,0.0,0.0,0.04,100223,1507,3,0.37,0.08,-0.02,0.01,48,-3,97,0,3.07,0.0,0.0115,0.0353,27.65,31.19,15.8
496.678,flow_only,8.9,52.1372719,21.1612276,90.49,52.1372703,21.161231,26,0.53,0.205,255,0.1677,0.0,0.0508,0.0053,2.998,4.51,-2.34,-4.87,234.83,0.02,0.0,0.01,0.01,100223,1507,3,0.37,0.07,-0.02,0.01,48,78,-26,0,3.07,0.0,0.0097,0.0282,27.01,25.0,18.02
496.778,flow_only,9.0,52.1372717,21.1612276,90.49,52.1372703,21.161231,26,0.53,0.205,255,0.0,0.1677,-0.0213,0.088,3.004,4.503,-2.38,-4.6,235.05,0.02,0.0,0.0,0.03,100223,1507,3,0.37,0.07,-0.02,0.01,48,118,132,0,3.07,0.0,0.0159,0.0378,28.79,29.01,17.89
496.878,flow_only,9.1,52.1372716,21.1612275,90.48,52.1372699,21.1612308,26,0.53,0.205,255,0.0,0.0,0.0444,0.0228,3.012,4.496,-2.42,-4.4,235.41,0.02,0.0,0.03,0.02,100223,1507,3,0.37,0.07,-0.02,0.01,48,27,-84,0,3.06,-0.01,0.0121,0.0307,24.23,31.11,16.76
496.978,flow_only,9.201,52.1372715,21.1612275,90.47,52.1372699,21.1612308,26,0.53,0.205,255,0.0,0.1677,0.0482,0.0393,3.014,4.484,-2.38,-4.3,235.86,0.02,0.0,0.08,0.04,100223,1507,3,0.37,0.07,-0.02,0.01,48,-12,-51,0,3.03,-0.05,0.0074,0.0347,26.6,26.14,18.45
497.078,flow_only,9.301,52.1372714,21.1612273,90.45,52.1372696,21.1612305,26,0.53,0.25,255,0.0,0.0,0.0171,0.0617,3.0,4.465,-2.1,-3.75,236.31,0.02,0.0,0.07,0.02,100223,1507,3,0.37,0.08,-0.02,0.01,48,-82,-3,0,3.0,-0.08,0.0121,0.0488,27.96,26.29,16.69
497.178,flow_only,9.401,52.1372715,21.1612272,90.43,52.1372696,21.1612305,26,0.53,0.25,255,0.0,0.1678,-0.0318,0.0234,3.008,4.441,-2.31,-3.56,236.82,0.02,0.0,0.08,0.02,100223,1507,3,0.37,0.08,-0.02,0.01,48,19,117,0,2.97,-0.11,0.0122,0.0573,28.19,27.07,15.33
497.278,flow_only,9.5,52.1372714,21.161227,90.4,52.1372696,21.1612305,26,0.53,0.25,255,-0.1677,0.1677,-0.1268,0.0235,3.008,4.414,-2.83,-3.41,237.39,0.02,0.0,0.07,0.02,100223,1507,3,0.37,0.08,-0.02,0.01,48,89,-50,0,2.95,-0.13,0.0134,0.0583,28.47,25.82,16.57
497.378,flow_only,9.6,52.1372713,21.161227,90.37,52.1372692,21.1612301,26,0.53,0.244,255,0.0,0.1677,-0.0325,0.0701,3.008,4.383,-3.33,-3.08,238.06,0.02,0.0,0.08,0.02,100223,1507,3,0.37,0.07,-0.02,0.01,48,94,-94,0,2.92,-0.17,0.0294,0.084,23.23,27.03,16.3
497.478,flow_only,9.7,52.1372713,21.161227,90.34,52.1372689,21.1612297,26,0.53,0.229,255,0.0,0.0,0.024,0.0218,3.008,4.352,-3.33,-2.73,238.73,0.02,0.0,0.07,0.01,100223,1507,3,0.37,0.07,-0.02,0.01,48,-3,-93,0,2.89,-0.2,0.0175,0.0673,24.68,26.52,16.21
497.578,flow_only,9.8,52.1372712,21.1612269,90.31,52.1372689,21.1612297,26,0.53,0.229,255,0.0,0.0,0.0214,0.004,3.01,4.325,-3.16,-2.64,239.35,0.02,0.0,0.05,0.03,100223,1507,3,0.37,0.07,-0.02,0.01,48,-27,287,0,2.87,-0.21,0.0172,0.0565,23.96,26.27,15.45
497.678,flow_only,9.9,52.1372711,21.1612266,90.28,52.1372686,21.1612293,26,0.53,0.24,255,0.0,0.1677,0.0551,0.0428,3.018,4.298,-3.08,-2.5,239.91,0.02,0.0,0.08,0.02,99695,1507,3,0.37,0.07,-0.02,0.01,49,9,-74,0,2.84,-0.24,0.0158,0.0597,23.35,23.19,13.82
497.778,flow_only,10.0,52.137271,21.1612263,90.26,52.1372686,21.1612293,26,0.53,0.24,255,0.0,0.1677,0.0649,0.0174,3.028,4.274,-2.78,-2.28,240.29,0.02,0.0,0.03,0.02,99695,1507,3,0.37,0.07,-0.02,0.01,49,-46,69,0,2.84,-0.26,0.0221,0.0591,23.05,25.15,13.92
497.878,flow_only,10.1,52.1372708,21.1612261,90.24,52.1372682,21.161229,26,0.53,0.18,255,0.0,0.1677,-0.0628,0.0471,3.032,4.255,-2.82,-2.05,240.41,0.02,0.0,0.04,0.01,99695,1507,3,0.37,0.07,-0.02,0.01,49,-50,88,0,2.83,-0.27,0.0184,0.0494,21.83,22.53,13.66
497.978,flow_only,10.201,52.1372706,21.1612258,90.22,52.1372682,21.161229,26,0.53,0.18,255,0.0,0.1677,0.042,0.017,3.046,4.238,-2.91,-1.87,240.46,0.02,0.0,0.04,0.02,99695,1507,3,0.37,0.07,-0.02,0.01,49,64,80,0,2.82,-0.29,0.0254,0.0603,22.16,24.9,14.25
498.078,flow_only,10.3,52.1372705,21.1612256,90.2,52.1372679,21.1612288,26,0.53,0.199,255,0.0,0.1678,0.0521,0.0734,3.066,4.219,-2.58,-1.65,240.51,0.02,0.0,0.07,0.01,99695,1507,3,0.37,0.07,-0.02,0.01,49,-57,-59,0,2.8,-0.32,0.0086,0.0356,22.5,21.52,14.21
498.178,flow_only,10.4,52.1372705,21.1612255,90.18,52.1372679,21.1612288,26,0.53,0.199,255,0.0,0.1677,-0.0647,0.0784,3.076,4.197,-2.7,-1.15,240.53,0.02,0.0,0.06,0.01,99695,1507,3,0.37,0.07,-0.02,0.01,49,15,212,0,2.79,-0.35,0.0157,0.0446,20.21,21.29,11.6
498.278,flow_only,10.5,52.1372704,21.1612252,90.16,52.1372679,21.1612288,26,0.53,0.199,255,0.0,0.1677,-0.0517,-0.0455,3.086,4.177,-2.91,-1.15,240.42,0.02,0.0,0.04,0.02,99695,1507,3,0.37,0.07,-0.02,0.01,49,19,131,0,2.79,-0.36,0.0246,0.0569,22.71,19.76,11.94
498.378,flow_only,10.6,52.1372703,21.1612249,90.14,52.1372677,21.1612286,26,0.53,0.114,255,-0.1677,0.1677,-0.0362,0.0607,3.096,4.159,-3.17,-1.16,240.18,0.02,0.0,0.02,0.01,99695,1507,3,0.37,0.07,-0.02,0.01,49,-105,-14,0,2.79,-0.38,0.0275,0.0607,24.87,22.18,14.48
498.478,flow_only,10.7,52.1372702,21.1612247,90.13,52.1372675,21.1612284,26,0.53,0.093,255,0.0,0.0,0.0384,0.0395,3.1,4.141,-3.19,-0.85,239.86,0.02,0.0,0.07,0.02,99695,1507,3,0.37,0.08,-0.02,0.01,49,0,-49,0,2.77,-0.41,0.007,0.0254,22.54,20.3,14.32
498.578,flow_only,10.801,52.1372701,21.1612246,90.11,52.1372675,21.1612284,26,0.53,0.093,255,0.1677,0.0,0.0072,0.0173,3.114,4.121,-3.03,-0.73,239.63,0.02,0.0,0.04,0.02,99695,1507,3,0.37,0.08,-0.02,0.01,49,-40,-25,0,2.76,-0.42,0.0117,0.0298,24.26,20.39,12.53
498.678,flow_only,10.9,52.1372701,21.1612246,90.08,52.1372674,21.1612284,26,0.53,0.052,255,0.0,0.0,0.027,-0.0069,3.118,4.098,-2.94,-0.83,239.43,0.02,0.0,0.07,0.03,99695,1507,3,0.37,0.1,-0.02,0.01,49,-2,19,0,2.74,-0.46,0.0085,0.0287,20.76,19.61,14.6
498.778,flow_only,11.0,52.13727,21.1612246,90.06,52.1372674,21.1612284,26,0.53,0.052,255,0.1677,0.0,0.0319,-0.0219,3.13,4.075,-2.64,-0.95,239.23,0.02,0.0,0.04,0.02,99695,1507,3,0.37,0.1,-0.02,0.01,49,103,46,0,2.72,-0.47,0.0118,0.0306,22.57,22.65,14.95
498.878,flow_only,11.1,52.13727,21.1612247,90.04,52.1372673,21.1612286,26,0.53,0.114,255,0.1677,-0.1677,0.0575,-0.0501,3.138,4.054,-2.38,-1.0,239.01,0.02,0.0,0.01,0.0,99695,1507,3,0.37,0.09,-0.02,0.01,49,-53,37,0,2.73,-0.48,0.0106,0.023,23.78,19.47,14.89
498.978,flow_only,11.201,52.13727,21.1612247,90.02,52.1372673,21.1612286,26,0.53,0.114,255,0.0,0.0,0.0105,-0.0617,3.144,4.039,-2.25,-1.37,238.69,0.02,0.0,0.01,0.01,99695,1507,3,0.37,0.09,-0.02,0.01,49,104,104,0,2.73,-0.49,0.0159,0.0344,22.37,23.0,12.0
499.078,flow_only,11.301,52.1372699,21.1612248,90.02,52.1372674,21.161229,26,0.53,0.203,255,0.1677,-0.1677,0.0589,-0.066,3.16,4.033,-2.01,-1.64,238.39,0.02,0.0,0.06,0.01,99695,1507,3,0.37,0.07,-0.02,0.01,49,-52,72,0,2.76,-0.47,0.015,0.0498,20.61,23.33,12.46
499.178,flow_only,11.4,52.1372699,21.161225,90.02,52.1372674,21.161229,26,0.53,0.203,255,0.0,-0.1676,-0.0083,-0.0029,3.158,4.033,-1.81,-1.91,238.08,0.02,0.0,0.0,0.01,99695,1507,3,0.37,0.07,-0.02,0.01,49,63,-11,0,2.77,-0.47,0.0094,0.0439,23.26,23.9,14.0
499.278,flow_only,11.501,52.1372699,21.1612253,90.02,52.1372674,21.161229,26,0.53,0.203,255,0.0,-0.1676,0.0294,-0.0638,3.16,4.033,-1.77,-2.06,237.71,0.02,0.0,0.0,0.03,99695,1507,3,0.37,0.07,-0.02,0.01,49,1,80,0,2.77,-0.47,0.0083,0.0416,22.58,24.86,15.43
499.378,flow_only,11.6,52.13727,21.1612255,90.02,52.1372674,21.1612297,26,0.53,0.212,255,0.1677,-0.1677,0.0559,-0.0702,3.17,4.036,-1.56,-2.47,237.43,0.02,0.0,0.06,0.02,99695,1507,3,0.37,0.06,-0.02,0.01,49,-29,144,0,2.8,-0.44,0.014,0.0632,20.82,26.0,13.81
499.478,flow_only,11.7,52.13727,21.1612258,90.02,52.1372675,21.1612303,26,0.53,0.255,255,0.0,0.0,0.053,-0.0573,3.178,4.04,-1.17,-2.77,237.27,0.02,0.0,0.0,0.02,99695,1507,3,0.37,0.04,-0.02,0.01,49,75,-37,0,2.81,-0.44,0.0135,0.0547,22.23,23.12,14.05
499.578,flow_only,11.8,52.13727,21.1612262,90.03,52.1372675,21.1612303,26,0.53,0.255,255,0.0,-0.1677,-0.013,0.0288,3.182,4.042,-1.2,-2.84,237.24,0.02,0.0,0.02,0.03,99695,1507,3,0.37,0.04,-0.02,0.01,49,10,111,0,2.83,-0.44,0.0199,0.0647,22.03,24.22,12.29
499.678,flow_only,11.9,52.1372701,21.1612266,90.03,52.1372676,21.161231,26,0.53,0.214,255,0.0,-0.1677,0.0171,-0.1328,3.198,4.046,-1.22,-3.06,237.22,0.02,0.0,0.03,0.01,99695,1507,3,0.37,0.06,-0.02,0.01,49,13,47,0,2.84,-0.43,0.0159,0.0638,24.54,24.31,16.05
499.778,flow_only,12.0,52.1372701,21.1612269,90.03,52.1372676,21.161231,26,0.53,0.214,255,0.0,-0.3353,-0.0863,-0.068,3.188,4.049,-1.3,-3.99,237.18,0.02,0.0,0.04,0.01,99695,1507,3,0.37,0.06,-0.02,0.01,49,-19,121,0,2.86,-0.41,0.0127,0.0646,24.42,27.13,15.49
499.878,flow_only,12.101,52.1372703,21.1612274,90.04,52.1372677,21.1612317,26,0.53,0.22,255,-0.1677,0.0,0.0157,-0.0361,3.184,4.055,-1.49,-4.11,237.24,0.02,0.0,0.06,0.02,99695,1507,3,0.37,0.08,-0.02,0.01,49,81,-41,0,2.88,-0.41,0.0254,0.0857,24.44,24.46,13.87
499.978,flow_only,12.201,52.1372703,21.1612277,90.05,52.1372677,21.1612317,26,0.53,0.22,255,0.0,-0.1677,-0.021,-0.1333,3.18,4.064,-1.4,-4.62,237.29,0.02,0.0,0.06,0.01,99695,1507,3,0.37,0.08,-0.02,0.01,49,-22,-5,0,2.9,-0.36,0.0178,0.0824,23.69,28.43,15.71
500.078,flow_only,12.3,52.1372704,21.161228,90.06,52.1372678,21.1612323,26,0.53,0.215,255,-0.1677,0.0,-0.0605,-0.0946,3.172,4.075,-1.82,-5.44,237.34,0.02,0.0,0.07,0.03,99695,1507,3,0.38,0.09,-0.02,0.01,49,71,-78,0,2.93,-0.33,0.0212,0.0914,25.49,26.26,17.26
500.179,flow_only,12.401,52.1372705,21.1612285,90.07,52.1372678,21.1612323,26,0.53,0.215,255,0.0,0.0,-0.0019,0.0197,3.16,4.088,-2.0,-5.42,237.34,0.02,0.0,0.04,0.01,99695,1507,3,0.38,0.09,-0.02,0.01,49,61,-73,0,2.94,-0.31,0.0285,0.0928,25.66,23.97,16.07
500.278,flow_only,12.501,52.1372705,21.1612289,90.09,52.1372678,21.1612323,26,0.53,0.215,255,0.0,-0.1677,0.0253,-0.0741,3.15,4.104,-1.87,-5.73,237.31,0.02,0.0,0.1,0.01,99695,1507,3,0.38,0.09,-0.02,0.01,49,-11,121,0,2.97,-0.26,0.0195,0.0955,23.95,24.32,16.31
500.378,flow_only,12.6,52.1372706,21.1612291,90.11,52.137268,21.1612328,26,0.53,0.252,255,0.0,0.0,0.0774,0.0152,3.134,4.125,-1.56,-5.83,237.33,0.02,0.0,0.08,0.02,99695,1507,3,0.38,0.08,-0.02,0.01,49,-43,103,0,3.0,-0.22,0.0187,0.0963,22.97,24.67,15.7
500.478,flow_only,12.7,52.1372706,21.1612292,90.13,52.1372683,21.1612333,26,0.53,0.158,255,0.0,0.0,0.0885,-0.03,3.13,4.145,-1.11,-5.92,237.48,0.02,0.0,0.05,0.02,99695,1507,3,0.38,0.09,-0.02,0.01,49,-93,60,0,3.02,-0.2,0.0228,0.0886,22.4,22.82,13.34
500.578,flow_only,12.8,52.1372706,21.1612292,90.15,52.1372683,21.1612333,26,0.53,0.158,255,0.0,0.0,0.084,0.0107,3.128,4.167,-0.53,-5.9,237.74,0.02,0.0,0.08,0.02,99695,1507,3,0.38,0.09,-0.02,0.01,49,55,37,0,3.04,-0.16,0.0233,0.0934,22.64,23.31,15.1
500.678,flow_only,12.9,52.1372706,21.1612293,90.18,52.1372684,21.1612336,26,0.53,0.11,255,0.0,0.0,-0.0686,0.0456,3.122,4.192,-0.6,-5.71,237.95,0.02,0.0,0.08,0.02,99695,1507,3,0.38,0.06,-0.02,0.01,49,17,3,0,3.07,-0.13,0.0224,0.0948,22.4,23.88,15.35
500.778,flow_only,13.001,52.1372705,21.1612294,90.2,52.1372684,21.1612336,26,0.53,0.11,255,-0.1677,0.0,-0.0219,-0.0209,3.102,4.218,-0.89,-5.66,237.95,0.02,0.0,0.09,0.03,99695,1507,3,0.38,0.06,-0.02,0.01,49,83,-7,0,3.1,-0.09,0.0229,0.0975,22.38,26.09,14.08
500.878,flow_only,13.1,52.1372705,21.1612294,90.23,52.1372684,21.1612339,26,0.53,0.052,255,0.0,0.0,0.0717,0.0463,3.09,4.242,-0.69,-5.69,237.78,0.02,0.0,0.07,0.01,99695,1507,3,0.38,0.09,-0.02,0.01,49,25,72,0,3.13,-0.06,0.0171,0.0877,23.81,26.84,16.89
500.978,flow_only,13.201,52.1372705,21.1612294,90.25,52.1372684,21.1612339,26,0.53,0.052,255,0.0,0.0,-0.067,0.0646,3.082,4.263,-0.81,-5.25,237.66,0.02,0.0,0.05,0.03,99695,1507,3,0.38,0.09,-0.02,0.01,49,-25,-80,0,3.14,-0.03,0.0148,0.0738,23.32,23.72,15.59
501.078,flow_only,13.301,52.1372705,21.1612293,90.26,52.1372685,21.1612339,26,0.53,0.11,255,-0.1677,0.1677,-0.0353,0.0335,3.064,4.278,-1.04,-5.11,237.62,0.02,0.0,0.03,0.02,99695,1507,3,0.38,0.09,-0.02,0.01,49,-76,149,0,3.14,-0.02,0.0167,0.0613,21.91,22.61,15.49
501.178,flow_only,13.4,52.1372705,21.161229,90.28,52.1372685,21.1612339,26,0.53,0.11,255,0.0,0.1676,-0.0114,0.0491,3.056,4.29,-1.11,-4.75,237.66,0.02,0.0,0.04,0.02,99695,1507,3,0.38,0.09,-0.02,0.01,49,-132,84,0,3.14,0.0,0.0177,0.0544,22.05,23.55,14.47
501.278,flow_only,13.5,52.1372705,21.1612288,90.29,52.1372685,21.1612339,26,0.53,0.11,255,0.0,0.1677,0.0257,0.0783,3.046,4.302,-0.96,-4.36,237.65,0.02,0.0,0.06,0.01,99695,1507,3,0.38,0.09,-0.02,0.01,49,28,-80,0,3.15,0.01,0.0102,0.0469,21.36,25.71,16.24
501.378,flow_only,13.601,52.1372706,21.1612287,90.3,52.1372686,21.1612337,26,0.53,0.098,255,-0.1677,0.0,-0.0347,0.0116,3.026,4.317,-1.21,-4.14,237.66,0.02,0.0,0.06,0.03,99695,1507,3,0.38,0.1,-0.02,0.01,49,80,110,0,3.16,0.03,0.0094,0.0485,20.84,25.54,14.47
501.478,flow_only,13.701,52.1372706,21.1612286,90.32,52.1372688,21.1612334,26,0.53,0.161,255,-0.1677,0.0,-0.0158,-0.0271,3.02,4.334,-1.44,-4.24,237.73,0.02,0.0,0.07,0.01,99695,1507,3,0.38,0.09,-0.02,0.01,49,78,19,0,3.18,0.06,0.0101,0.051,21.38,25.33,15.72
501.578,flow_only,13.801,52.1372707,21.1612284,90.34,52.1372688,21.1612334,26,0.53,0.161,255,0.0,0.0,-0.0331,0.0264,3.008,4.353,-1.54,-4.14,237.79,0.02,0.0,0.05,0.04,99695,1507,3,0.38,0.09,-0.02,0.01,49,35,-34,0,3.19,0.09,0.0116,0.0482,21.89,25.1,17.04
501.678,flow_only,13.9,52.1372708,21.1612283,90.36,52.137269,21.1612332,26,0.53,0.093,255,-0.1677,0.0,-0.0526,-0.0407,3.006,4.371,-1.82,-4.25,237.82,0.02,0.0,0.03,0.03,99695,1507,3,0.38,0.09,-0.02,0.01,49,81,21,0,3.2,0.1,0.0099,0.0369,22.98,26.48,16.7
501.778,flow_only,14.0,52.1372708,21.1612282,90.38,52.137269,21.1612332,26,0.53,0.093,255,0.0,0.0,-0.0055,-0.0462,2.994,4.39,-2.05,-4.5,237.84,0.02,0.0,0.09,0.02,99695,1507,3,0.38,0.09,-0.02,0.01,49,-65,45,0,3.23,0.15,0.0097,0.0489,21.32,25.76,16.02
501.878,flow_only,14.1,52.1372709,21.161228,90.4,52.1372692,21.161233,26,0.53,0.11,255,0.0,0.0,0.0202,0.0303,2.978,4.418,-1.63,-4.56,237.93,0.02,0.0,0.11,0.01,99695,1507,3,0.38,0.09,-0.02,0.01,49,-159,35,0,3.27,0.15,0.0224,0.0723,22.57,24.98,15.95
501.978,flow_only,14.201,52.137271,21.1612278,90.43,52.1372692,21.161233,26,0.53,0.11,255,-0.1676,0.0,-0.0661,-0.02,2.974,4.447,-1.89,-4.56,238.11,0.02,0.0,0.04,0.02,99695,1507,3,0.38,0.09,-0.02,0.01,49,56,-17,0,3.27,0.22,0.0151,0.0544,20.93,26.82,15.59
502.078,flow_only,14.3,52.137271,21.1612278,90.46,52.1372693,21.161233,26,0.53,0.048,255,-0.3354,0.0,-0.0684,0.0314,2.966,4.473,-2.46,-4.43,238.3,0.02,0.0,0.05,0.02,99695,1507,3,0.38,0.1,-0.02,0.01,49,117,23,0,3.29,0.24,0.0092,0.0423,21.01,25.17,16.8
502.178,flow_only,14.4,52.137271,21.1612277,90.48,52.1372693,21.161233,26,0.53,0.048,255,0.0,0.0,0.0186,0.0098,2.956,4.499,-2.34,-4.34,238.4,0.02,0.0,0.06,0.02,99695,1507,3,0.38,0.1,-0.02,0.01,49,-136,-13,0,3.3,0.26,0.0125,0.0423,22.54,25.2,17.8
502.278,flow_only,14.5,52.1372711,21.1612276,90.51,52.1372693,21.161233,26,0.53,0.048,255,0.0,0.0,0.0719,0.0028,2.94,4.527,-2.07,-4.32,238.49,0.02,0.0,0.08,0.02,99695,1507,3,0.38,0.1,-0.02,0.01,49,34,-6,0,3.33,0.3,0.0103,0.0425,20.27,25.18,15.17
502.378,flow_only,14.6,52.1372711,21.1612276,90.54,52.1372694,21.161233,26,0.53,0.06,255,0.0,0.0,0.0344,-0.0796,2.932,4.556,-1.93,-4.52,238.64,0.02,0.0,0.07,0.01,99695,1507,3,0.38,0.1,-0.02,0.01,49,142,18,0,3.35,0.33,0.0088,0.0406,21.59,24.15,14.36
502.478,flow_only,14.7,52.1372711,21.1612275,90.57,52.1372695,21.1612331,26,0.53,0.048,255,0.0,0.0,0.0797,-0.0602,2.924,4.584,-1.59,-4.88,238.82,0.02,0.0,0.05,0.04,99695,1507,3,0.38,0.1,-0.02,0.01,49,-37,-84,0,3.37,0.36,0.0082,0.0349,21.79,22.5,16.35
502.578,flow_only,14.8,52.1372712,21.1612274,90.6,52.1372695,21.1612331,26,0.53,0.048,255,0.1677,0.0,0.1374,-0.0342,2.906,4.61,-0.88,-5.07,238.96,0.02,0.0,0.07,0.01,99695,1507,3,0.38,0.1,-0.02,0.01,49,-136,24,0,3.39,0.39,0.0195,0.0484,21.03,25.79,15.69
502.678,flow_only,14.9,52.1372712,21.1612273,90.62,52.1372696,21.1612331,26,0.53,0.051,255,-0.1677,-0.1677,-0.1618,0.0173,2.888,4.634,-1.26,-5.11,238.97,0.02,0.0,0.03,0.01,99695,1507,3,0.38,0.1,-0.02,0.01,49,98,8,0,3.39,0.4,0.0128,0.0315,23.95,21.68,15.52
502.778,flow_only,15.0,52.1372712,21.1612272,90.63,52.1372696,21.1612331,26,0.53,0.051,255,0.0,0.1677,0.0311,0.0334,2.882,4.649,-1.46,-4.94,238.99,0.02,0.0,0.02,0.02,99695,1507,3,0.38,0.1,-0.02,0.01,49,23,-37,0,3.37,0.41,0.0071,0.0149,22.35,23.79,15.93
502.878,flow_only,15.1,52.1372712,21.1612272,90.64,52.1372696,21.1612331,26,0.53,0.005,255,0.0,0.0,0.0375,0.079,2.866,4.656,-1.34,-4.54,239.18,0.02,0.0,0.01,0.01,99695,1507,3,0.38,0.1,-0.02,0.01,49,-32,-49,0,3.37,0.41,0.0084,0.0219,21.74,22.94,15.72
502.978,flow_only,15.201,52.1372711,21.1612271,90.64,52.1372696,21.1612331,26,0.53,0.005,255,-0.1677,0.0,-0.0319,0.0034,2.858,4.659,-1.38,-4.26,239.43,0.02,0.0,0.03,0.03,99695,1507,3,0.38,0.1,-0.02,0.01,49,147,74,0,3.34,0.39,0.0129,0.0417,22.07,23.19,15.04
503.078,flow_only,15.3,52.137271,21.1612271,90.64,52.1372696,21.1612331,26,0.53,0.009,255,0.0,0.0,0.0217,0.0433,2.844,4.657,-1.3,-4.12,239.68,0.02,0.0,0.01,0.02,99695,1507,3,0.38,0.1,-0.02,0.01,49,2,-25,0,3.32,0.38,0.0124,0.0481,22.1,23.46,16.19
503.178,flow_only,15.4,52.137271,21.1612271,90.64,52.1372696,21.1612331,26,0.53,0.009,255,0.0,0.0,0.0285,0.0022,2.838,4.654,-1.25,-3.8,239.91,0.02,0.0,0.01,0.01,99695,1507,3,0.38,0.1,-0.02,0.01,49,-2,63,0,3.31,0.38,0.0098,0.0498,21.53,24.37,17.42
503.278,flow_only,15.5,52.137271,21.1612271,90.64,52.1372696,21.1612331,26,0.53,0.009,255,0.0,0.0,-0.0105,0.0561,2.824,4.65,-1.26,-3.66,240.1,0.02,0.0,0.04,0.01,99695,1507,3,0.38,0.1,-0.02,0.01,49,-6,-5,0,3.28,0.36,0.0135,0.0652,22.18,23.54,14.57
503.378,flow_only,15.6,52.1372709,21.1612272,90.64,52.1372697,21.1612331,26,0.53,0.023,255,0.0,0.0,0.0313,-0.0321,2.826,4.653,-1.26,-3.66,240.28,0.02,0.0,0.06,0.03,99695,1507,3,0.38,0.05,-0.02,0.01,49,8,-26,0,3.31,0.36,0.0164,0.0435,22.22,23.56,15.21
503.478,flow_only,15.701,52.1372708,21.1612273,90.65,52.1372697,21.161233,26,0.53,0.024,255,0.0,0.0,0.0811,-0.0145,2.822,4.664,-0.85,-3.82,240.36,0.02,0.0,0.0,0.01,99695,1507,3,0.38,0.11,-0.02,0.01,49,-69,40,0,3.31,0.4,0.0074,0.0358,19.51,23.55,13.14
503.578,flow_only,15.8,52.1372709,21.1612272,90.66,52.1372697,21.161233,26,0.53,0.024,255,0.0,0.0,0.0455,-0.0519,2.824,4.678,-0.55,-4.04,240.41,0.02,0.0,0.03,0.05,99695,1507,3,0.38,0.11,-0.02,0.01,49,-59,35,0,3.32,0.42,0.0134,0.0335,19.16,22.35,12.2
503.678,flow_only,15.9,52.1372709,21.1612271,90.68,52.1372697,21.161233,26,0.53,0.036,255,-0.1677,0.0,-0.1104,0.0022,2.82,4.692,-0.86,-4.15,240.36,0.02,0.0,0.01,0.01,99695,1507,3,0.38,0.11,-0.02,0.01,49,40,-141,0,3.32,0.41,0.014,0.0426,21.08,23.23,13.96
503.778,flow_only,16.0,52.1372709,21.1612272,90.69,52.1372697,21.161233,26,0.53,0.036,255,0.0,0.0,0.0639,0.0436,2.826,4.701,-0.86,-4.01,240.28,0.02,0.0,0.02,0.02,99695,1507,3,0.38,0.11,-0.02,0.01,49,11,-30,0,3.31,0.41,0.013,0.047,23.02,22.96,15.12
503.878,flow_only,16.101,52.137271,21.1612272,90.69,52.1372698,21.161233,26,0.53,0.038,255,0.0,0.0,0.0136,-0.0185,2.83,4.709,-0.7,-4.04,240.32,0.02,0.0,0.01,0.02,99695,1507,3,0.38,0.11,-0.02,0.01,49,-32,15,0,3.31,0.4,0.0137,0.0497,21.32,25.38,15.07
503.978,flow_only,16.201,52.137271,21.1612272,90.7,52.1372698,21.161233,26,0.53,0.038,255,0.0,-0.1677,-0.0206,-0.0236,2.834,4.714,-0.75,-4.25,240.46,0.02,0.0,0.03,0.01,99695,1507,3,0.38,0.11,-0.02,0.01,49,36,46,0,3.31,0.39,0.0105,0.0528,21.66,25.45,14.95
504.078,flow_only,16.301,52.1372711,21.1612271,90.7,52.1372699,21.161233,26,0.53,0.009,255,-0.1677,0.0,-0.0876,-0.0084,2.84,4.719,-1.1,-4.37,240.54,0.02,0.0,0.0,0.02,99695,1507,3,0.38,0.11,-0.02,0.01,49,23,28,0,3.32,0.4,0.0078,0.0407,23.52,23.07,16.0
504.178,flow_only,16.4,52.137271,21.1612271,90.71,52.1372699,21.161233,26,0.53,0.009,255,0.0,0.0,-0.053,0.0505,2.848,4.724,-1.4,-4.22,240.64,0.02,0.0,0.02,0.01,99695,1507,3,0.38,0.11,-0.02,0.01,49,112,2,0,3.31,0.39,0.0153,0.0496,21.33,23.4,15.81
504.278,flow_only,16.501,52.137271,21.1612271,90.71,52.1372699,21.161233,26,0.53,0.009,255,0.0,0.0,-0.0053,0.0318,2.852,4.724,-1.62,-4.07,240.68,0.02,0.0,0.05,0.02,99695,1507,3,0.38,0.11,-0.02,0.01,49,-135,-26,0,3.29,0.36,0.012,0.0592,22.18,24.3,15.44
504.378,flow_only,16.6,52.137271,21.1612272,90.71,52.1372699,21.161233,26,0.53,0.03,255,0.0,0.1677,0.0203,0.0173,2.85,4.722,-1.45,-3.94,240.66,0.02,0.0,0.02,0.01,99695,1507,3,0.38,0.1,-0.02,0.01,49,-10,-31,0,3.29,0.36,0.0133,0.0588,21.72,22.99,14.27
504.478,flow_only,16.7,52.137271,21.1612272,90.7,52.1372699,21.1612329,26,0.53,0.084,255,0.0,0.0,0.0251,0.0092,2.858,4.72,-1.31,-3.92,240.64,0.02,0.0,0.02,0.01,99695,1507,3,0.38,0.11,-0.02,0.01,49,-22,3,0,3.28,0.35,0.0129,0.056,19.67,22.74,14.93
504.578,flow_only,16.8,52.1372711,21.1612272,90.7,52.1372699,21.1612329,26,0.53,0.084,255,0.0,0.1677,0.0026,0.028,2.856,4.717,-1.32,-3.66,240.65,0.02,0.0,0.03,0.01,99695,1507,3,0.38,0.11,-0.02,0.01,49,36,-60,0,3.27,0.33,0.0155,0.0604,20.03,22.91,14.16
504.678,flow_only,16.9,52.1372711,21.1612271,90.7,52.13727,21.1612327,26,0.53,0.072,255,0.0,0.0,-0.0176,-0.0696,2.868,4.713,-1.42,-3.9,240.74,0.02,0.0,0.02,0.02,99695,1507,3,0.38,0.1,-0.02,0.01,49,30,27,0,3.27,0.32,0.0103,0.0498,20.6,22.87,14.85
504.778,flow_only,17.0,52.137271,21.161227,90.7,52.13727,21.1612327,26,0.53,0.072,255,0.0,0.0,0.0872,0.0306,2.864,4.712,-1.06,-3.99,240.97,0.02,0.0,0.01,0.01,99695,1507,3,0.38,0.1,-0.02,0.01,49,-62,4,0,3.26,0.31,0.0117,0.0457,19.43,23.16,16.79
504.878,flow_only,17.1,52.1372711,21.1612269,90.69,52.1372701,21.1612325,26,0.53,0.071,255,0.0,0.0,-0.0478,0.04,2.868,4.707,-0.96,-3.81,241.29,0.02,0.0,0.08,0.02,99695,1507,3,0.38,0.1,-0.02,0.01,49,3,122,0,3.24,0.28,0.0195,0.0688,21.15,23.16,14.51
504.978,flow_only,17.2,52.1372711,21.1612267,90.68,52.1372701,21.1612325,26,0.53,0.071,255,0.0,0.1677,-0.0071,0.0524,2.87,4.693,-1.07,-3.48,241.58,0.02,0.0,0.1,0.02,99695,1507,3,0.38,0.1,-0.02,0.01,49,70,-57,0,3.2,0.25,0.0161,0.0814,20.94,23.76,13.29
505.078,flow_only,17.3,52.1372711,21.1612265,90.66,52.1372702,21.1612323,26,0.53,0.081,255,0.0,0.1677,-0.1091,0.0447,2.874,4.677,-1.54,-3.23,241.71,0.02,0.0,0.03,0.03,99695,1507,3,0.38,0.1,-0.02,0.01,49,59,-49,0,3.2,0.25,0.0137,0.0685,20.52,22.75,13.7
505.179,flow_only,17.401,52.1372711,21.1612265,90.65,52.1372702,21.1612323,26,0.53,0.081,255,0.0,0.0,-0.0055,0.037,2.878,4.669,-1.89,-2.91,241.75,0.02,0.0,0.0,0.01,99695,1507,3,0.38,0.1,-0.02,0.01,49,128,-70,0,3.2,0.25,0.0148,0.0522,19.99,21.85,14.71
505.278,flow_only,17.501,52.137271,21.1612265,90.65,52.1372702,21.1612323,26,0.53,0.081,255,0.0,0.0,0.0295,0.0023,2.886,4.665,-1.79,-2.91,241.83,0.02,0.0,0.03,0.04,99695,1507,3,0.38,0.1,-0.02,0.01,49,12,0,0,3.2,0.23,0.0122,0.0461,19.43,21.18,14.25
505.378,flow_only,17.6,52.137271,21.1612265,90.65,52.1372703,21.1612321,26,0.53,0.084,255,0.0,0.0,0.039,-0.0023,2.894,4.665,-1.61,-2.97,241.85,0.02,0.0,0.0,0.03,99695,1507,3,0.38,0.1,-0.02,0.01,49,-45,26,0,3.21,0.24,0.0051,0.0261,20.78,20.64,12.87
505.478,flow_only,17.701,52.1372709,21.1612265,90.65,52.1372704,21.161232,26,0.53,0.032,255,0.0,-0.1677,0.037,-0.0638,2.906,4.667,-1.43,-3.24,241.86,0.02,0.0,0.02,0.01,99695,1507,3,0.38,0.11,-0.02,0.01,49,-22,24,0,3.21,0.23,0.006,0.0257,20.03,21.62,13.45
505.578,flow_only,17.801,52.137271,21.1612264,90.65,52.1372704,21.161232,26,0.53,0.032,255,0.0,0.0,0.0838,0.0266,2.912,4.667,-0.92,-3.23,242.12,0.02,0.0,0.04,0.01,99695,1507,3,0.38,0.11,-0.02,0.01,49,-108,15,0,3.2,0.21,0.0163,0.0433,19.09,22.6,16.25
505.678,flow_only,17.901,52.1372711,21.1612262,90.65,52.1372704,21.1612319,26,0.53,0.064,255,0.0,0.0,0.0123,-0.0179,2.924,4.663,-0.74,-3.28,242.51,0.02,0.0,0.05,0.02,99695,1507,3,0.38,0.06,-0.02,0.01,49,-29,1,0,3.19,0.18,0.0193,0.0526,21.5,22.13,14.63
505.778,flow_only,18.0,52.1372712,21.1612261,90.64,52.1372704,21.1612319,26,0.53,0.064,255,0.0,-0.1677,-0.0197,0.0131,2.936,4.653,-0.76,-3.35,243.09,0.02,0.0,0.09,0.02,99695,1507,3,0.38,0.06,-0.02,0.01,49,24,19,0,3.16,0.15,0.0153,0.0603,20.07,21.51,15.56
505.878,flow_only,18.101,52.1372713,21.161226,90.62,52.1372704,21.1612317,26,0.53,0.062,255,-0.1677,0.1677,-0.0597,0.1573,2.935,4.638,-1.11,-2.65,243.84,0.02,0.0,0.06,0.01,99695,1507,3,0.38,0.11,-0.02,0.01,49,91,27,0,3.14,0.13,0.0122,0.0565,20.55,24.18,12.87
505.978,flow_only,18.201,52.1372713,21.1612259,90.61,52.1372704,21.1612317,26,0.53,0.062,255,0.0,0.0,-0.0202,0.0516,2.946,4.622,-1.34,-2.03,244.44,0.02,0.0,0.06,0.0,99695,1507,3,0.38,0.11,-0.02,0.01,49,54,-102,0,3.12,0.1,0.0155,0.0617,20.19,26.75,11.33
506.078,flow_only,18.3,52.1372714,21.161226,90.59,52.1372705,21.1612316,26,0.53,0.103,255,0.0,0.1677,0.0304,0.1145,2.95,4.607,-1.26,-1.53,244.68,0.02,0.0,0.04,0.03,99695,1507,3,0.38,0.11,-0.02,0.01,49,46,-48,0,3.11,0.08,0.0158,0.0561,18.41,26.14,11.23
506.178,flow_only,18.401,52.1372716,21.1612262,90.58,52.1372705,21.1612316,26,0.53,0.103,255,0.0,0.0,-0.0018,0.0642,2.95,4.599,-1.16,-1.11,244.58,0.02,0.0,0.02,0.02,99695,1507,3,0.38,0.11,-0.02,0.01,49,-22,76,0,3.13,0.09,0.0096,0.0284,21.22,24.85,13.45
506.278,flow_only,18.5,52.1372718,21.1612262,90.58,52.1372705,21.1612316,26,0.53,0.103,255,0.0,0.1677,0.009,0.0701,2.962,4.596,-1.11,-0.69,244.77,0.02,0.0,0.02,0.01,99695,1507,3,0.38,0.11,-0.02,0.01,49,-128,-60,0,3.13,0.09,0.0176,0.0396,23.08,19.46,14.64
506.378,flow_only,18.6,52.1372722,21.1612262,90.58,52.1372708,21.1612316,26,0.53,0.145,255,0.0,0.1677,0.0505,0.0771,2.974,4.597,-1.01,-0.37,246.37,0.02,0.0,0.02,0.03,99695,1507,3,0.38,0.1,-0.02,0.01,49,-111,-20,0,3.15,0.1,0.0288,0.0577,21.14,22.04,13.63
506.478,flow_only,18.7,52.1372726,21.1612263,90.58,52.1372711,21.1612317,26,0.53,0.198,255,0.0,0.0,0.0968,0.03,2.98,4.598,-0.57,0.02,249.87,0.02,0.0,0.03,0.02,99695,1507,3,0.38,0.08,-0.02,0.01,49,-173,-43,0,3.14,0.08,0.032,0.0664,23.59,26.89,16.39
506.578,flow_only,18.8,52.1372731,21.1612265,90.58,52.1372711,21.1612317,26,0.53,0.198,255,0.0,-0.1677,0.0734,0.0412,2.982,4.593,-0.08,0.21,254.84,0.02,0.0,0.06,0.02,99695,1507,3,0.38,0.08,-0.02,0.01,49,-143,-294,0,3.12,0.05,0.0426,0.0904,29.36,31.06,17.89
506.678,flow_only,18.9,52.1372736,21.1612267,90.57,52.1372714,21.1612322,26,0.53,0.293,255,0.0,0.0,0.0009,0.079,2.986,4.585,0.11,0.52,260.7,0.02,0.0,0.02,0.01,99695,1507,3,0.38,0.08,-0.02,0.01,49,104,706,0,3.12,0.04,0.0466,0.0895,29.77,31.25,19.61
506.778,flow_only,19.0,52.1372739,21.1612266,90.56,52.1372714,21.1612322,26,0.53,0.293,255,0.0,0.3354,0.0618,-0.0294,2.99,4.576,0.25,0.49,267.13,0.02,0.0,0.07,0.03,99695,1507,3,0.38,0.08,-0.02,0.01,49,140,-121,0,3.1,0.02,0.0265,0.0562,29.65,33.55,21.44
506.878,flow_only,19.1,52.1372742,21.1612266,90.55,52.1372718,21.1612329,26,0.53,0.443,255,0.0,0.0,0.2205,0.0082,2.998,4.56,1.2,0.3,274.14,0.02,0.0,0.08,0.05,99695,1507,3,0.38,0.08,-0.02,0.01,49,-6,93,0,3.07,0.0,0.0546,0.1115,29.24,36.08,21.85
506.978,flow_only,19.201,52.1372745,21.1612265,90.52,52.1372718,21.1612329,26,0.53,0.443,255,0.0,0.0,0.2955,0.009,3.008,4.54,2.84,0.03,281.56,0.02,0.0,0.07,0.05,99695,1507,3,0.38,0.08,-0.02,0.01,49,62,-97,0,3.05,-0.02,0.0351,0.0812,31.62,34.21,20.01
507.078,flow_only,19.301,52.137275,21.1612269,90.5,52.1372726,21.1612338,26,0.53,0.587,255,0.0,-0.1676,0.2824,0.0004,3.014,4.517,4.29,-0.4,289.3,0.02,0.0,0.05,0.08,99695,1507,3,0.38,0.09,-0.02,0.01,49,-39,-452,0,3.03,-0.04,0.0263,0.0631,26.34,34.04,20.62
507.178,flow_only,19.4,52.1372754,21.1612279,90.48,52.1372726,21.1612338,26,0.53,0.587,255,-0.1677,-0.503,0.0624,-0.064,3.014,4.496,5.04,-1.19,297.0,0.02,0.0,0.03,0.11,99695,1507,3,0.38,0.09,-0.02,0.01,49,3,-434,0,3.02,-0.06,0.0589,0.1167,29.09,33.17,17.7
507.278,flow_only,19.5,52.1372761,21.1612294,90.46,52.1372726,21.1612338,26,0.53,0.587,255,-0.8385,-0.3354,-0.0722,-0.1702,3.013,4.479,4.66,-2.64,304.37,0.02,0.0,0.01,0.11,99695,1507,3,0.38,0.09,-0.02,0.01,49,-42,-508,0,3.02,-0.06,0.0841,0.1636,23.55,27.84,16.31
507.378,flow_only,19.6,52.1372767,21.1612308,90.46,52.1372737,21.161235,26,0.53,0.891,255,-0.1677,-0.1677,-0.1676,-0.16,3.018,4.472,3.41,-4.08,311.43,0.02,0.0,0.01,0.1,99695,1507,3,0.38,0.09,-0.02,0.01,49,166,211,0,3.03,-0.04,0.0339,0.0718,23.59,25.09,16.38
507.478,flow_only,19.7,52.1372775,21.161232,90.45,52.1372751,21.1612364,26,0.53,1.041,255,-0.6709,0.0,-0.2523,-0.0625,3.04,4.469,1.53,-5.03,318.19,0.02,0.0,0.02,0.07,99695,1507,3,0.38,0.09,-0.02,0.01,49,105,-65,0,3.03,-0.06,0.027,0.0592,22.46,28.99,16.47
507.578,flow_only,19.8,52.1372784,21.1612333,90.45,52.1372751,21.1612364,26,0.53,1.041,255,-1.0063,0.3354,-0.162,0.092,3.054,4.468,-0.28,-4.85,324.84,0.02,0.0,0.0,0.04,99695,1507,3,0.38,0.09,-0.02,0.01,49,0,-80,0,3.03,-0.08,0.0346,0.0742,24.36,28.62,16.21
507.678,flow_only,19.901,52.1372792,21.1612346,90.45,52.137277,21.1612379,26,0.53,1.192,255,-0.5031,0.1677,-0.0718,0.0113,3.03,4.462,-1.4,-4.46,331.28,0.02,0.0,0.06,0.06,99695,1507,3,0.38,0.09,-0.02,0.01,49,-109,-62,0,3.02,-0.11,0.0321,0.0685,22.54,27.11,12.9
507.778,flow_only,20.0,52.1372802,21.1612359,90.44,52.137277,21.1612379,26,0.53,1.192,255,-0.3354,0.1677,-0.1414,0.0409,3.024,4.455,-2.51,-4.05,337.57,0.02,0.0,0.01,0.05,99695,1507,3,0.38,0.09,-0.02,0.01,49,-146,56,0,3.02,-0.09,0.0276,0.058,20.52,26.11,14.12
507.878,flow_only,20.1,52.1372812,21.161237,90.43,52.1372792,21.1612393,26,0.53,1.444,255,-0.503,0.6707,-0.052,0.0729,3.048,4.447,-3.53,-3.41,343.72,0.02,0.0,0.03,0.05,99695,1507,3,0.38,0.11,-0.02,0.01,49,184,-159,0,3.01,-0.09,0.0357,0.0697,20.54,23.27,14.07
507.978,flow_only,20.201,52.1372821,21.1612379,90.42,52.1372792,21.1612393,26,0.53,1.444,255,-0.1677,0.5031,-0.0347,0.1044,3.064,4.436,-4.13,-2.42,349.68,0.02,0.0,0.07,0.03,99695,1507,3,0.38,0.11,-0.02,0.01,49,234,-119,0,2.99,-0.14,0.0658,0.1244,19.74,23.3,16.07
508.078,flow_only,20.3,52.137283,21.1612386,90.4,52.1372817,21.1612404,26,0.53,1.461,255,-0.1677,0.3354,0.0353,0.0305,3.068,4.418,-4.35,-1.59,355.54,0.02,0.0,0.06,0.05,99695,1507,3,0.38,0.1,-0.02,0.01,49,142,-159,0,2.96,-0.17,0.034,0.0697,17.92,21.24,13.64
508.178,flow_only,20.401,52.1372841,21.1612392,90.38,52.1372817,21.1612404,26,0.53,1.461,255,0.0,0.8385,0.1074,0.0256,3.06,4.395,-3.94,-1.09,1.33,0.02,0.0,0.08,0.04,99695,1507,3,0.38,0.1,-0.02,0.01,49,48,53,0,2.93,-0.21,0.0233,0.058,19.28,21.3,15.22
508.279,flow_only,20.501,52.1372853,21.1612399,90.35,52.1372845,21.1612413,26,0.53,1.727,255,-0.1677,0.503,0.1011,0.1104,3.066,4.368,-3.54,-0.28,7.04,0.02,0.0,0.07,0.05,99695,1507,3,0.38,0.1,-0.02,0.01,49,117,-194,0,2.91,-0.23,0.0132,0.049,18.72,22.46,14.4
508.378,flow_only,20.601,52.1372863,21.1612407,90.32,52.1372845,21.1612413,26,0.53,1.727,255,0.0,0.3353,0.033,0.0583,3.054,4.336,-3.19,0.63,12.73,0.02,0.0,0.1,0.05,99695,1507,3,0.38,0.1,-0.02,0.01,49,-120,-140,0,2.87,-0.27,0.0343,0.0816,19.6,22.12,11.89
508.478,flow_only,20.7,52.1372873,21.1612413,90.29,52.1372875,21.161242,26,0.53,1.648,255,0.0,0.5031,-0.026,0.0253,3.07,4.303,-3.03,1.26,18.42,0.02,0.0,0.06,0.04,99695,1507,3,0.38,0.1,-0.02,0.01,49,50,440,0,2.85,-0.29,0.01,0.0487,22.48,23.27,12.04
508.578,flow_only,20.8,52.1372885,21.1612419,90.25,52.1372875,21.161242,26,0.53,1.648,255,0.0,0.3355,0.0419,-0.0834,3.084,4.27,-2.87,1.17,23.73,0.02,0.0,0.08,0.04,99695,1507,3,0.38,0.1,-0.02,0.01,49,31,-160,0,2.82,-0.33,0.0206,0.062,22.23,22.03,10.96
508.678,flow_only,20.9,52.1372898,21.1612423,90.22,52.1372905,21.1612425,26,0.53,1.677,255,0.3355,0.6709,0.1614,-0.0586,3.08,4.235,-2.29,0.99,27.84,0.02,0.0,0.07,0.03,99695,1507,3,0.38,0.1,-0.02,0.01,49,-122,-141,0,2.79,-0.33,0.0124,0.052,20.68,21.71,12.57
508.778,flow_only,21.0,52.1372909,21.1612429,90.19,52.1372905,21.1612425,26,0.53,1.677,255,0.3353,0.3353,0.1302,0.0147,3.086,4.201,-1.31,1.01,30.3,0.02,0.0,0.07,0.03,99695,1507,3,0.38,0.1,-0.02,0.01,49,33,166,0,2.77,-0.39,0.0107,0.0476,17.25,16.94,12.67
508.878,flow_only,21.1,52.1372921,21.1612432,90.15,52.1372936,21.1612431,26,0.53,1.69,255,0.3354,0.6709,0.1291,-0.0262,3.1,4.169,-0.62,1.07,31.42,0.02,0.0,0.04,0.04,99695,1507,3,0.38,0.09,-0.02,0.01,49,64,-214,0,2.76,-0.4,0.0371,0.07,14.76,14.17,11.14
508.978,flow_only,21.201,52.1372933,21.1612436,90.12,52.1372936,21.1612431,26,0.53,1.69,255,0.3353,0.1677,0.0719,-0.0912,3.088,4.137,-0.19,0.62,31.67,0.02,0.0,0.09,0.03,99695,1507,3,0.38,0.09,-0.02,0.01,49,-78,-102,0,2.73,-0.41,0.0191,0.0513,12.26,14.01,11.0
509.078,flow_only,21.3,52.1372945,21.1612441,90.09,52.1372967,21.1612438,26,0.53,1.756,255,0.1677,0.1677,0.091,0.0196,3.102,4.104,0.41,0.44,31.35,0.02,0.0,0.09,0.02,99695,1507,3,0.38,0.09,-0.02,0.01,49,36,179,0,2.69,-0.49,0.0165,0.0526,14.52,14.64,11.61
509.178,flow_only,21.4,52.1372957,21.1612447,90.06,52.1372967,21.1612438,26,0.53,1.756,255,0.0,0.503,0.004,0.055,3.118,4.073,0.62,0.67,30.75,0.02,0.0,0.04,0.02,99695,1507,3,0.38,0.09,-0.02,0.01,49,132,-237,0,2.7,-0.49,0.0306,0.0581,13.61,14.2,11.66
509.279,flow_only,21.501,52.1372968,21.161245,90.03,52.1372967,21.1612438,26,0.53,1.756,255,0.0,0.3354,-0.1119,-0.006,3.112,4.044,0.09,0.89,29.84,0.02,0.0,0.07,0.03,99695,1507,3,0.38,0.09,-0.02,0.01,49,8,-275,0,2.67,-0.49,0.0417,0.074,14.14,14.07,10.2
509.378,flow_only,21.601,52.1372979,21.1612453,90.0,52.1372998,21.1612448,26,0.53,1.735,255,0.0,0.3354,-0.0195,-0.0785,3.124,4.016,-0.21,0.58,28.67,0.02,0.0,0.05,0.03,99695,1507,3,0.38,0.08,-0.02,0.01,49,88,-5,0,2.66,-0.53,0.0331,0.0608,13.2,13.96,11.25
509.478,flow_only,21.7,52.1372989,21.1612457,89.98,52.1373029,21.1612458,26,0.53,1.727,255,0.3355,0.3355,0.0773,-0.0959,3.146,3.99,0.19,0.01,27.46,0.02,0.0,0.04,0.03,99695,1507,3,0.38,0.08,-0.02,0.01,49,-10,-88,0,2.65,-0.53,0.0322,0.0566,13.32,12.99,11.73
509.578,flow_only,21.801,52.1373,21.1612463,89.95,52.1373029,21.1612458,26,0.53,1.727,255,0.1677,0.6709,0.0329,-0.0523,3.158,3.966,0.44,-0.29,26.53,0.02,0.0,0.04,0.02,99695,1507,3,0.38,0.08,-0.02,0.01,49,2,-155,0,2.65,-0.58,0.0146,0.0289,14.17,13.89,12.08
509.678,flow_only,21.9,52.1373011,21.1612468,89.93,52.137306,21.161247,26,0.53,1.769,255,0.1677,0.1677,-0.0096,-0.0461,3.166,3.947,0.46,-0.49,25.78,0.02,0.0,0.0,0.02,99695,1507,3,0.38,0.08,-0.02,0.01,49,224,156,0,2.66,-0.57,0.0262,0.0434,12.67,16.66,11.8
509.778,flow_only,22.001,52.1373022,21.1612473,89.91,52.137306,21.161247,26,0.53,1.769,255,0.0,0.8385,0.0462,-0.0286,3.192,3.929,0.63,-0.72,25.06,0.02,0.0,0.05,0.02,99695,1507,3,0.38,0.08,-0.02,0.01,49,-90,-171,0,2.67,-0.59,0.0257,0.0415,14.25,15.17,9.76
509.878,flow_only,22.101,52.1373034,21.1612481,89.89,52.1373091,21.1612484,26,0.53,1.823,255,0.0,0.3353,0.018,-0.0409,3.21,3.909,0.73,-0.89,24.34,0.02,0.0,0.04,0.01,99695,1507,3,0.38,0.08,-0.02,0.01,49,94,-43,0,2.66,-0.61,0.0087,0.0138,15.44,18.0,12.73
509.978,flow_only,22.201,52.1373045,21.1612489,89.87,52.1373091,21.1612484,26,0.53,1.823,255,0.0,0.5031,-0.0595,0.0264,3.218,3.887,0.46,-0.85,23.6,0.02,0.0,0.06,0.02,99695,1507,3,0.38,0.08,-0.02,0.01,49,23,-235,0,2.66,-0.64,0.0264,0.0379,16.8,16.92,14.12
510.078,flow_only,22.3,52.1373056,21.1612496,89.85,52.1373124,21.1612499,26,0.53,1.93,255,0.0,0.8386,-0.0534,-0.0049,3.22,3.863,0.08,-0.77,22.83,0.02,0.0,0.04,0.02,99695,1507,3,0.38,0.08,-0.02,0.01,49,53,86,0,2.65,-0.65,0.0149,0.0234,15.8,15.73,11.46
510.178,flow_only,22.401,52.1373066,21.1612503,89.83,52.1373124,21.1612499,26,0.53,1.93,255,0.0,0.5029,-0.0124,0.0396,3.26,3.843,0.12,-0.68,21.98,0.02,0.0,0.0,0.02,99695,1507,3,0.38,0.08,-0.02,0.01,49,-36,-89,0,2.66,-0.65,0.0314,0.0494,15.49,18.39,12.11
510.279,flow_only,22.501,52.1373078,21.1612511,89.81,52.1373157,21.1612516,26,0.53,1.854,255,0.0,0.8387,-0.0178,-0.0306,3.258,3.825,-0.03,-0.68,21.18,0.02,0.0,0.02,0.01,99695,1507,3,0.38,0.07,-0.02,0.01,49,36,232,0,2.66,-0.68,0.0104,0.0254,19.96,19.42,14.08
510.378,flow_only,22.601,52.1373089,21.1612519,89.79,52.1373157,21.1612516,26,0.53,1.854,255,0.0,0.3354,-0.0355,-0.0451,3.254,3.81,-0.17,-0.97,20.63,0.02,0.0,0.0,0.02,99695,1507,3,0.38,0.07,-0.02,0.01,49,38,-220,0,2.67,-0.68,0.0211,0.0447,18.71,22.41,14.34
510.478,flow_only,22.7,52.1373102,21.1612527,89.78,52.137319,21.1612536,26,0.53,2.006,255,0.0,0.3354,-0.0645,-0.0098,3.272,3.796,-0.46,-1.03,20.46,0.02,0.0,0.0,0.02,99695,1507,3,0.38,0.07,-0.02,0.01,49,-89,-249,0,2.67,-0.68,0.02,0.0491,17.65,19.96,11.38
510.578,flow_only,22.801,52.1373114,21.1612536,89.77,52.137319,21.1612536,26,0.53,2.006,255,0.0,0.8386,-0.0105,0.0356,3.296,3.785,-0.59,-0.98,20.53,0.02,0.0,0.02,0.01,99695,1507,3,0.38,0.07,-0.02,0.01,49,-60,105,0,2.7,-0.67,0.011,0.0506,17.32,19.61,9.85
510.678,flow_only,22.9,52.1373126,21.1612545,89.76,52.1373224,21.1612557,26,0.53,2.051,255,0.0,0.3354,-0.0693,0.0264,3.28,3.774,-0.93,-0.8,20.86,0.02,0.0,0.0,0.01,99695,1507,3,0.38,0.07,-0.02,0.01,49,107,-156,0,2.68,-0.67,0.021,0.0556,17.24,22.13,11.25
510.778,flow_only,23.001,52.1373137,21.1612552,89.75,52.1373224,21.1612557,26,0.53,2.051,255,0.0,0.503,-0.0444,0.082,3.268,3.761,-1.21,-0.38,21.36,0.02,0.0,0.0,0.02,99695,1507,3,0.38,0.07,-0.02,0.01,49,106,-322,0,2.7,-0.67,0.049,0.086,18.02,22.95,13.31
510.878,flow_only,23.1,52.1373149,21.1612559,89.73,52.137326,21.161258,26,0.53,2.165,255,-0.1677,0.5031,0.0253,-0.0491,3.288,3.744,-1.28,-0.37,21.92,0.02,0.0,0.02,0.02,99695,1507,3,0.38,0.08,-0.02,0.01,49,75,-126,0,2.68,-0.67,0.0225,0.0497,24.07,24.29,12.46
510.978,flow_only,23.201,52.1373162,21.1612569,89.71,52.137326,21.161258,26,0.53,2.165,255,0.0,0.3354,0.0267,-0.0102,3.278,3.721,-1.13,-0.5,22.46,0.02,0.0,0.06,0.01,99695,1507,3,0.38,0.08,-0.02,0.01,49,20,237,0,2.65,-0.68,0.0175,0.0308,22.06,21.58,13.18
511.078,flow_only,23.3,52.1373174,21.1612577,89.68,52.1373297,21.1612603,26,0.53,2.181,255,0.0,1.0063,0.0039,0.0526,3.262,3.697,-1.01,-0.3,22.95,0.02,0.0,0.02,0.04,99695,1507,3,0.38,0.07,-0.02,0.01,49,187,-161,0,2.66,-0.71,0.0285,0.0532,19.59,19.66,14.01
511.178,flow_only,23.4,52.1373186,21.1612584,89.66,52.1373297,21.1612603,26,0.53,2.181,255,0.0,0.5031,0.0182,0.0112,3.264,3.673,-1.11,-0.14,23.3,0.02,0.0,0.03,0.01,99695,1507,3,0.38,0.07,-0.02,0.01,49,62,-154,0,2.66,-0.69,0.0513,0.0816,16.81,17.1,11.66
511.278,flow_only,23.5,52.1373199,21.1612591,89.63,52.1373297,21.1612603,26,0.53,2.181,255,0.0,1.0062,0.0428,0.0049,3.27,3.648,-0.96,-0.06,23.57,0.02,0.0,0.0,0.01,99695,1507,3,0.38,0.07,-0.02,0.01,49,0,-147,0,2.64,-0.69,0.0237,0.0471,15.89,18.94,12.8
511.378,flow_only,23.6,52.1373211,21.1612598,89.61,52.1373334,21.1612627,26,0.53,2.188,255,0.0,0.5032,0.0229,-0.0018,3.26,3.622,-0.73,0.05,23.76,0.02,0.0,0.04,0.01,99695,1507,3,0.38,0.08,-0.02,0.01,49,-34,-174,0,2.63,-0.72,0.014,0.0283,15.29,18.68,12.43
511.478,flow_only,23.701,52.1373225,21.1612606,89.58,52.1373372,21.1612651,26,0.53,2.326,255,0.0,0.5031,0.0301,0.0333,3.296,3.596,-0.59,0.16,23.72,0.02,0.0,0.01,0.01,99695,1507,3,0.38,0.08,-0.02,0.01,49,-12,-325,0,2.64,-0.72,0.0156,0.0366,17.5,17.55,12.86
511.578,flow_only,23.801,52.1373238,21.1612614,89.56,52.1373372,21.1612651,26,0.53,2.326,255,0.0,1.0059,0.0277,0.0302,3.28,3.575,-0.55,0.43,23.49,0.02,0.0,0.01,0.01,99695,1507,3,0.38,0.08,-0.02,0.01,49,0,300,0,2.66,-0.72,0.0203,0.0451,15.51,16.62,11.15
511.678,flow_only,23.9,52.1373251,21.1612624,89.54,52.137341,21.1612678,26,0.53,2.258,255,0.0,0.503,0.0304,0.0009,3.282,3.554,-0.36,0.54,23.05,0.02,0.0,0.02,0.01,99695,1507,3,0.38,0.07,-0.02,0.01,49,-34,-1,0,2.64,-0.73,0.009,0.0285,15.67,17.27,13.12
511.778,flow_only,24.0,52.1373265,21.1612634,89.52,52.137341,21.1612678,26,0.53,2.258,255,0.0,1.0064,0.0154,0.0059,3.288,3.531,-0.19,0.58,22.44,0.02,0.0,0.02,0.02,99695,1507,3,0.38,0.07,-0.02,0.01,49,-20,-175,0,2.63,-0.74,0.0217,0.0394,15.05,16.24,12.75
511.878,flow_only,24.101,52.1373278,21.1612645,89.49,52.1373447,21.1612706,26,0.53,2.294,255,0.0,0.5031,-0.0027,0.0535,3.26,3.508,-0.11,0.75,21.76,0.02,0.0,0.02,0.01,99695,1507,3,0.38,0.07,-0.02,0.01,49,28,-165,0,2.64,-0.73,0.0066,0.0289,15.29,16.13,12.05
511.978,flow_only,24.201,52.137329,21.1612654,89.47,52.1373447,21.1612706,26,0.53,2.294,255,-0.1677,0.5031,-0.0511,0.0149,3.246,3.488,-0.43,1.04,21.16,0.02,0.0,0.0,0.01,99695,1507,3,0.38,0.07,-0.02,0.01,49,130,-48,0,2.65,-0.7,0.0188,0.0367,15.93,19.61,13.05
512.078,flow_only,24.301,52.1373301,21.1612663,89.45,52.1373486,21.1612736,26,0.53,2.412,255,-0.1677,1.006,-0.0503,-0.0236,3.236,3.468,-0.69,1.01,20.63,0.02,0.0,0.01,0.01,99695,1507,3,0.38,0.07,-0.02,0.01,49,-71,49,0,2.65,-0.69,0.0112,0.0339,17.18,19.44,11.35
512.178,flow_only,24.4,52.1373314,21.1612674,89.44,52.1373486,21.1612736,26,0.53,2.412,255,0.0,0.3354,-0.0355,-0.054,3.242,3.45,-0.9,0.74,20.3,0.02,0.0,0.01,0.0,99695,1507,3,0.38,0.07,-0.02,0.01,49,113,-84,0,2.66,-0.67,0.0223,0.0428,19.64,20.57,12.21
512.278,flow_only,24.5,52.1373327,21.1612686,89.42,52.1373486,21.1612736,26,0.53,2.412,255,-0.1677,1.0059,-0.069,-0.0047,3.248,3.435,-1.33,0.59,20.22,0.02,0.0,0.04,0.01,99695,1507,3,0.38,0.07,-0.02,0.01,49,13,252,0,2.67,-0.66,0.0383,0.0715,17.52,18.97,10.29
512.378,flow_only,24.6,52.1373339,21.1612697,89.41,52.1373524,21.1612766,26,0.53,2.336,255,-0.1677,0.3353,-0.078,0.0007,3.244,3.426,-1.81,0.64,20.38,0.02,0.0,0.03,0.0,99695,1507,3,0.38,0.07,-0.02,0.01,49,0,-299,0,2.68,-0.66,0.0132,0.051,19.38,20.13,10.49
512.478,flow_only,24.701,52.1373352,21.1612708,89.4,52.1373562,21.1612798,26,0.53,2.335,255,-0.1676,0.5029,-0.0819,0.0256,3.252,3.414,-2.29,0.75,20.69,0.02,0.0,0.03,0.02,99695,1507,3,0.38,0.07,-0.02,0.01,49,13,372,0,2.67,-0.67,0.0323,0.0591,19.31,22.82,12.53
512.578,flow_only,24.8,52.1373366,21.1612718,89.39,52.1373562,21.1612798,26,0.53,2.335,255,-0.1677,0.5031,-0.0293,0.0206,3.232,3.401,-2.61,0.84,21.15,0.02,0.0,0.02,0.01,99695,1507,3,0.38,0.07,-0.02,0.01,49,13,-129,0,2.69,-0.65,0.0227,0.0517,16.81,19.01,10.34
512.678,flow_only,24.9,52.1373378,21.1612727,89.37,52.13736,21.1612829,26,0.53,2.354,255,0.0,0.503,0.0186,0.0184,3.246,3.386,-2.54,0.95,21.62,0.02,0.0,0.02,0.01,99695,1507,3,0.38,0.07,-0.02,0.01,49,-86,-115,0,2.67,-0.64,0.0073,0.0257,17.45,17.97,11.82
512.778,flow_only,25.0,52.1373391,21.1612737,89.36,52.13736,21.1612829,26,0.53,2.354,255,0.0,1.0063,0.0613,0.0059,3.236,3.371,-2.38,0.99,22.1,0.02,0.0,0.0,0.01,99695,1507,3,0.38,0.07,-0.02,0.01,49,76,-289,0,2.68,-0.63,0.0103,0.0308,17.2,19.49,13.1
512.878,flow_only,25.1,52.1373404,21.1612746,89.34,52.1373639,21.1612859,26,0.53,2.417,255,0.0,0.5031,0.0016,-0.0046,3.244,3.359,-2.21,1.0,22.6,0.02,0.0,0.03,0.01,99695,1507,3,0.38,0.07,-0.02,0.01,49,4,425,0,2.69,-0.63,0.0377,0.0692,17.29,18.72,11.55
512.978,flow_only,25.201,52.1373417,21.1612757,89.33,52.1373639,21.1612859,26,0.53,2.417,255,0.0,1.0062,-0.0098,0.0252,3.23,3.35,-2.19,1.09,23.13,0.02,0.0,0.02,0.01,99695,1507,3,0.38,0.07,-0.02,0.01,49,15,-100,0,2.71,-0.62,0.0276,0.0581,17.44,17.37,11.88
513.078,flow_only,25.301,52.1373432,21.1612767,89.33,52.1373678,21.1612889,26,0.53,2.329,255,0.0,0.503,0.009,0.0251,3.228,3.345,-2.15,1.23,23.65,0.02,0.0,0.05,0.01,99695,1507,3,0.38,0.07,-0.02,0.01,49,13,-113,0,2.73,-0.59,0.0401,0.0805,15.79,17.29,12.56
513.178,flow_only,25.401,52.1373445,21.1612776,89.33,52.1373678,21.1612889,26,0.53,2.329,255,0.0,0.5032,0.0417,0.0163,3.228,3.344,-2.05,1.33,24.14,0.02,0.0,0.05,0.01,99695,1507,3,0.38,0.07,-0.02,0.01,49,21,75,0,2.75,-0.56,0.0307,0.0742,14.75,14.84,10.34
513.279,flow_only,25.501,52.1373459,21.1612786,89.33,52.1373717,21.1612919,26,0.53,2.409,255,0.0,1.174,0.0046,0.0258,3.232,3.344,-1.88,1.6,24.56,0.02,0.0,0.02,0.01,99695,1507,3,0.39,0.08,-0.02,0.01,49,-27,-136,0,2.75,-0.56,0.0269,0.0675,15.08,12.39,10.9
513.378,flow_only,25.601,52.1373471,21.1612797,89.33,52.1373717,21.1612919,26,0.53,2.409,255,0.0,0.5031,-0.002,0.0057,3.26,3.346,-1.83,1.65,24.82,0.02,0.0,0.06,0.02,99695,1507,3,0.39,0.08,-0.02,0.01,49,-17,-58,0,2.78,-0.53,0.0199,0.0663,13.76,13.52,11.02
513.478,flow_only,25.7,52.1373484,21.1612807,89.33,52.1373756,21.1612949,26,0.53,2.361,255,0.0,1.0061,-0.0008,-0.0458,3.242,3.346,-1.97,1.46,24.91,0.02,0.0,0.0,0.0,99695,1507,3,0.39,0.09,-0.02,0.01,49,17,449,0,2.78,-0.55,0.0392,0.0764,12.65,14.59,11.98
513.578,flow_only,25.801,52.1373497,21.1612817,89.33,52.1373756,21.1612949,26,0.53,2.361,255,0.0,0.503,-0.025,0.0097,3.236,3.345,-1.9,1.45,24.87,0.02,0.0,0.05,0.01,99695,1507,3,0.39,0.09,-0.02,0.01,49,-38,-27,0,2.81,-0.52,0.028,0.0669,12.22,18.6,11.85
513.678,flow_only,25.9,52.1373511,21.1612828,89.33,52.1373795,21.1612977,26,0.53,2.329,255,0.0,0.5031,-0.0448,0.0323,3.224,3.344,-2.05,1.48,24.74,0.02,0.0,0.03,0.01,99695,1507,3,0.39,0.08,-0.02,0.01,49,7,-51,0,2.81,-0.52,0.0422,0.0841,12.79,15.48,12.13
513.778,flow_only,26.0,52.1373525,21.1612839,89.33,52.1373795,21.1612977,26,0.53,2.329,255,-0.1677,1.0062,-0.0201,0.0333,3.224,3.346,-2.31,1.68,24.55,0.02,0.0,0.06,0.03,99695,1507,3,0.39,0.08,-0.02,0.01,49,-126,419,0,2.83,-0.5,0.0582,0.1103,13.79,13.44,11.36
513.878,flow_only,26.1,52.1373539,21.1612851,89.33,52.1373832,21.1613004,26,0.53,2.214,255,0.0,0.5032,0.0097,0.0173,3.218,3.346,-2.38,1.76,24.32,0.02,0.0,0.01,0.01,99695,1507,3,0.39,0.07,-0.02,0.01,49,5,-73,0,2.83,-0.47,0.0353,0.0752,16.75,20.1,13.05
513.979,flow_only,26.201,52.1373553,21.1612863,89.33,52.1373832,21.1613004,26,0.53,2.214,255,0.0,1.006,0.0215,0.1492,3.23,3.344,-2.3,2.45,24.07,0.02,0.0,0.02,0.01,99695,1507,3,0.39,0.07,-0.02,0.01,49,-27,5,0,2.85,-0.45,0.0499,0.0939,16.23,16.97,12.51
514.078,flow_only,26.3,52.1373567,21.1612875,89.32,52.137387,21.161303,26,0.53,2.28,255,0.0,0.503,0.0296,0.0921,3.238,3.339,-2.06,3.09,23.88,0.02,0.0,0.01,0.03,99695,1507,3,0.39,0.08,-0.02,0.01,49,-68,-160,0,2.85,-0.44,0.0271,0.0584,16.13,16.84,11.58
514.178,flow_only,26.4,52.137358,21.1612885,89.32,52.137387,21.161303,26,0.53,2.28,255,0.0,0.503,0.0357,0.0578,3.238,3.335,-1.9,3.51,23.83,0.02,0.0,0.04,0.02,99695,1507,3,0.39,0.08,-0.02,0.01,49,-35,407,0,2.86,-0.45,0.0403,0.0797,14.58,16.74,12.61
514.279,flow_only,26.501,52.1373592,21.1612896,89.32,52.137387,21.161303,26,0.53,2.28,255,0.0,0.503,-0.0442,-0.0206,3.252,3.331,-1.97,3.55,24.09,0.02,0.0,0.02,0.02,99695,1507,3,0.39,0.08,-0.02,0.01,49,-7,-25,0,2.86,-0.44,0.0236,0.0537,14.44,17.97,12.28
514.378,flow_only,26.6,52.1373605,21.1612906,89.31,52.1373907,21.1613056,26,0.53,2.167,255,0.0,0.5031,0.0056,-0.0407,3.224,3.321,-2.06,3.27,24.59,0.02,0.0,0.04,0.01,99695,1507,3,0.39,0.07,-0.02,0.01,49,-15,-113,0,2.85,-0.47,0.0274,0.0495,13.21,13.81,10.31
514.478,flow_only,26.7,52.1373617,21.1612915,89.29,52.1373944,21.1613079,26,0.53,2.157,255,0.0,0.8388,-0.0379,-0.0635,3.192,3.307,-2.2,2.95,25.24,0.02,0.0,0.03,0.02,99695,1507,3,0.39,0.07,-0.02,0.01,49,7,248,0,2.86,-0.44,0.0347,0.0629,14.33,12.03,9.2
514.578,flow_only,26.8,52.1373629,21.1612926,89.28,52.1373944,21.1613079,26,0.53,2.157,255,0.0,0.5033,-0.0341,-0.0401,3.19,3.295,-2.36,2.71,25.86,0.02,0.0,0.03,0.01,99695,1507,3,0.39,0.07,-0.02,0.01,49,-163,72,0,2.87,-0.4,0.0335,0.0631,15.26,12.32,11.31
514.678,flow_only,26.901,52.1373641,21.1612935,89.27,52.137398,21.1613101,26,0.53,2.049,255,0.0,0.8385,-0.0764,0.0104,3.224,3.285,-2.61,2.6,26.28,0.02,0.0,0.02,0.01,99695,1507,3,0.39,0.07,-0.02,0.01,49,-6,-83,0,2.87,-0.39,0.016,0.0338,13.42,14.93,11.41
514.778,flow_only,27.0,52.1373652,21.1612944,89.26,52.137398,21.1613101,26,0.53,2.049,255,0.0,0.5031,0.0045,-0.0065,3.216,3.275,-2.78,2.69,26.54,0.02,0.0,0.0,0.01,99695,1507,3,0.39,0.07,-0.02,0.01,49,27,359,0,2.87,-0.43,0.028,0.0488,12.38,15.7,9.84
514.878,flow_only,27.101,52.1373663,21.1612951,89.25,52.1374015,21.1613122,26,0.53,2.028,255,0.0,0.3353,-0.0286,-0.0719,3.178,3.263,-2.93,2.42,26.83,0.02,0.0,0.03,0.01,99695,1507,3,0.39,0.07,-0.02,0.01,49,-41,-81,0,2.87,-0.42,0.0096,0.0232,13.53,13.15,8.92
514.978,flow_only,27.201,52.1373675,21.161296,89.24,52.1374015,21.1613122,26,0.53,2.028,255,0.1677,0.8385,0.0538,-0.0716,3.188,3.252,-2.63,2.08,27.17,0.02,0.0,0.0,0.01,99695,1507,3,0.39,0.07,-0.02,0.01,49,58,-59,0,2.86,-0.39,0.0226,0.0383,12.93,11.27,9.87
515.078,flow_only,27.3,52.1373688,21.1612967,89.22,52.137405,21.1613141,26,0.53,2.034,255,0.1677,0.503,0.0026,-0.0701,3.18,3.237,-2.55,1.71,27.39,0.02,0.0,0.01,0.02,99695,1507,3,0.39,0.07,-0.02,0.01,49,64,452,0,2.84,-0.39,0.0453,0.073,12.91,12.25,7.54
515.178,flow_only,27.4,52.1373701,21.1612974,89.21,52.137405,21.1613141,26,0.53,2.034,255,0.0,0.3356,0.0388,-0.0607,3.172,3.224,-2.38,1.22,27.64,0.02,0.0,0.03,0.01,99695,1507,3,0.39,0.07,-0.02,0.01,49,38,-22,0,2.85,-0.41,0.0359,0.0594,12.04,12.67,8.04
515.278,flow_only,27.5,52.1373714,21.161298,89.2,52.137405,21.1613141,26,0.53,2.034,255,0.0,0.8385,0.0013,0.0321,3.192,3.21,-2.37,1.39,27.97,0.02,0.0,0.0,0.0,99695,1507,3,0.39,0.07,-0.02,0.01,49,65,9,0,2.83,-0.41,0.0173,0.0304,12.4,12.86,8.5
515.378,flow_only,27.6,52.1373727,21.1612987,89.18,52.1374084,21.1613159,26,0.53,1.957,255,0.1677,0.3354,0.0507,-0.0032,3.17,3.197,-2.1,1.48,28.39,0.02,0.0,0.02,0.01,99695,1507,3,0.39,0.07,-0.02,0.01,49,-165,32,0,2.83,-0.42,0.0371,0.0653,12.12,11.86,7.97
515.478,flow_only,27.7,52.137374,21.1612995,89.17,52.1374118,21.1613177,26,0.53,1.968,255,0.3354,0.8386,0.1275,0.0143,3.16,3.184,-1.3,1.46,28.77,0.02,0.0,0.0,0.01,99695,1507,3,0.39,0.07,-0.02,0.01,49,50,216,0,2.82,-0.44,0.0453,0.0803,12.44,13.46,7.57
515.578,flow_only,27.8,52.1373753,21.1613004,89.16,52.1374118,21.1613177,26,0.53,1.968,255,0.1677,0.503,0.0791,0.0476,3.148,3.173,-0.81,1.61,28.9,0.02,0.0,0.02,0.01,99695,1507,3,0.39,0.07,-0.02,0.01,49,-59,32,0,2.83,-0.42,0.0301,0.0558,11.1,10.96,8.63
515.678,flow_only,27.9,52.1373766,21.1613013,89.15,52.1374152,21.1613193,26,0.53,1.886,255,0.1677,0.5032,0.1248,0.0373,3.132,3.167,-0.19,1.81,28.58,0.02,0.0,0.04,0.01,99695,1507,3,0.39,0.07,-0.02,0.01,49,130,505,0,2.84,-0.4,0.0492,0.087,10.4,11.44,7.99
515.778,flow_only,28.0,52.1373779,21.1613022,89.15,52.1374152,21.1613193,26,0.53,1.886,255,0.0,0.5032,-0.0009,0.0401,3.152,3.163,-0.01,2.02,27.96,0.02,0.0,0.02,0.02,99695,1507,3,0.39,0.07,-0.02,0.01,49,-58,-169,0,2.85,-0.37,0.018,0.0379,11.28,11.72,8.75
515.878,flow_only,28.101,52.1373793,21.1613031,89.15,52.1374185,21.1613209,26,0.53,1.906,255,0.0,0.3354,-0.0596,0.0343,3.142,3.162,-0.22,2.15,27.16,0.02,0.0,0.02,0.01,99695,1507,3,0.39,0.07,-0.02,0.01,49,-105,8,0,2.84,-0.37,0.0271,0.053,11.58,10.83,8.14
515.978,flow_only,28.201,52.1373805,21.1613039,89.15,52.1374185,21.1613209,26,0.53,1.906,255,0.0,0.5031,-0.0526,0.033,3.14,3.16,-0.6,2.29,26.22,0.02,0.0,0.01,0.01,99695,1507,3,0.39,0.07,-0.02,0.01,49,-20,33,0,2.86,-0.37,0.0106,0.0235,11.16,10.0,8.14
516.078,flow_only,28.301,52.1373816,21.1613047,89.14,52.1374217,21.1613226,26,0.53,1.84,255,0.0,0.3354,-0.0075,-0.0162,3.132,3.159,-0.86,2.33,25.31,0.02,0.0,0.01,0.02,99695,1507,3,0.39,0.07,-0.02,0.01,49,-15,535,0,2.85,-0.37,0.0289,0.0525,12.71,12.82,10.41
516.178,flow_only,28.4,52.1373828,21.1613056,89.14,52.1374217,21.1613226,26,0.53,1.84,255,0.1677,0.8385,-0.0021,-0.0325,3.144,3.156,-0.89,2.13,24.48,0.02,0.0,0.0,0.01,99695,1507,3,0.39,0.07,-0.02,0.01,49,88,-86,0,2.86,-0.37,0.0098,0.0188,14.42,16.34,10.74
516.278,flow_only,28.501,52.1373841,21.1613065,89.14,52.1374217,21.1613226,26,0.53,1.84,255,0.0,0.3354,0.0026,0.0183,3.162,3.155,-0.84,2.0,23.69,0.02,0.0,0.02,0.02,99695,1507,3,0.39,0.07,-0.02,0.01,49,-78,-77,0,2.87,-0.34,0.0222,0.0394,13.3,12.52,10.7
516.378,flow_only,28.601,52.1373853,21.1613073,89.14,52.1374248,21.1613243,26,0.53,1.779,255,0.0,0.8386,0.0037,0.0025,3.172,3.153,-0.89,2.0,23.02,0.02,0.0,0.0,0.02,99695,1507,3,0.39,0.07,-0.02,0.01,49,125,231,0,2.88,-0.37,0.0209,0.0355,14.85,15.48,9.91
516.478,flow_only,28.7,52.1373865,21.161308,89.14,52.1374279,21.161326,26,0.53,1.761,255,0.0,0.1677,-0.0853,-0.041,3.186,3.15,-1.15,1.9,22.44,0.02,0.0,0.02,0.01,99695,1507,3,0.39,0.07,-0.02,0.01,49,-1,81,0,2.89,-0.36,0.0079,0.0154,16.53,16.93,10.19
516.578,flow_only,28.8,52.1373877,21.1613087,89.14,52.1374279,21.161326,26,0.53,1.761,255,0.0,0.3354,0.0456,-0.0667,3.146,3.151,-1.25,1.39,21.98,0.02,0.0,0.06,0.02,99695,1507,3,0.39,0.07,-0.02,0.01,49,-183,4,0,2.91,-0.35,0.0297,0.0538,14.12,17.06,10.72
516.678,flow_only,28.9,52.137389,21.1613096,89.14,52.1374309,21.1613276,26,0.53,1.708,255,0.1677,0.8387,0.0269,0.034,3.156,3.152,-1.01,1.31,21.69,0.02,0.0,0.01,0.02,99695,1507,3,0.39,0.07,-0.02,0.01,49,-82,-46,0,2.91,-0.35,0.0111,0.0228,15.31,16.2,10.7
516.778,flow_only,29.0,52.1373901,21.1613104,89.14,52.1374309,21.1613276,26,0.53,1.708,255,0.0,0.3354,0.0282,0.0478,3.16,3.151,-0.84,1.53,21.54,0.02,0.0,0.01,0.01,99695,1507,3,0.39,0.07,-0.02,0.01,49,-44,-114,0,2.92,-0.33,0.015,0.0275,18.82,17.66,11.13
516.878,flow_only,29.1,52.1373913,21.1613112,89.13,52.1374338,21.1613294,26,0.53,1.707,255,0.0,0.3354,-0.0308,-0.0233,3.14,3.15,-1.07,1.5,21.65,0.02,0.0,0.03,0.01,99695,1507,3,0.39,0.07,-0.02,0.01,49,15,49,0,2.93,-0.3,0.0211,0.0384,18.19,18.65,10.98
516.978,flow_only,29.201,52.1373926,21.1613119,89.14,52.1374338,21.1613294,26,0.53,1.707,255,-0.1677,0.6709,-0.0489,0.0389,3.158,3.151,-1.14,1.55,21.95,0.02,0.0,0.03,0.02,99695,1507,3,0.39,0.07,-0.02,0.01,49,-15,264,0,2.95,-0.28,0.022,0.0415,17.92,17.49,9.69
517.078,flow_only,29.3,52.1373938,21.1613127,89.14,52.1374367,21.1613311,26,0.53,1.679,255,0.0,0.3354,0.0047,0.0113,3.164,3.156,-1.29,1.62,22.4,0.02,0.0,0.07,0.01,99695,1507,3,0.39,0.06,-0.02,0.01,49,57,63,0,2.98,-0.26,0.0193,0.0465,17.19,18.28,10.22
517.178,flow_only,29.4,52.1373952,21.1613135,89.15,52.1374367,21.1613311,26,0.53,1.679,255,0.0,0.8387,-0.0505,0.0014,3.172,3.167,-1.37,1.59,22.91,0.02,0.0,0.07,0.03,99695,1507,3,0.39,0.06,-0.02,0.01,49,-13,-81,0,3.01,-0.23,0.0216,0.0559,17.07,17.39,9.66
517.278,flow_only,29.5,52.1373964,21.1613142,89.16,52.1374367,21.1613311,26,0.53,1.679,255,0.0,0.3353,0.0028,0.0366,3.194,3.176,-1.47,1.68,23.36,0.02,0.0,0.0,0.03,99695,1507,3,0.39,0.06,-0.02,0.01,49,3,-89,0,3.01,-0.24,0.0152,0.0384,13.68,14.11,8.33
517.378,flow_only,29.6,52.1373975,21.1613149,89.16,52.1374395,21.1613328,26,0.53,1.697,255,0.0,0.3355,-0.047,-0.0144,3.182,3.179,-1.66,1.83,23.74,0.02,0.0,0.01,0.01,99695,1507,3,0.39,0.07,-0.02,0.01,49,22,397,0,3.01,-0.26,0.0121,0.0276,12.67,14.34,10.5
517.478,flow_only,29.7,52.1373987,21.1613156,89.16,52.1374423,21.1613344,26,0.53,1.594,255,0.0,0.3354,0.0208,-0.0153,3.192,3.178,-1.65,1.6,23.98,0.02,0.0,0.02,0.02,99695,1507,3,0.39,0.07,-0.02,0.01,49,-31,-28,0,3.01,-0.26,0.0118,0.0268,13.55,15.57,9.92
517.578,flow_only,29.801,52.1373999,21.1613163,89.16,52.1374423,21.1613344,26,0.53,1.594,255,0.0,0.3355,0.0188,0.004,3.184,3.176,-1.46,1.55,24.11,0.02,0.0,0.02,0.03,99695,1507,3,0.39,0.07,-0.02,0.01,49,95,-90,0,3.02,-0.25,0.0128,0.0257,14.31,15.92,9.78
517.678,flow_only,29.901,52.1374011,21.161317,89.16,52.1374451,21.161336,26,0.53,1.611,255,0.0,0.6711,-0.0321,-0.0751,3.192,3.172,-1.64,1.26,24.12,0.02,0.0,0.04,0.03,99695,1507,3,0.39,0.07,-0.02,0.01,49,-42,-84,0,3.02,-0.23,0.01,0.0243,14.45,17.18,12.34
517.778,flow_only,30.0,52.1374023,21.1613178,89.15,52.1374451,21.161336,26,0.53,1.611,255,0.0,0.3354,0.085,-0.0314,3.174,3.168,-1.34,0.93,23.95,0.02,0.0,0.0,0.02,99695,1507,3,0.39,0.07,-0.02,0.01,49,-24,-7,0,3.02,-0.23,0.0045,0.0094,13.1,17.33,11.27
517.878,flow_only,30.101,52.1374035,21.1613185,89.15,52.1374478,21.1613376,26,0.53,1.59,255,0.1677,0.8384,0.1341,0.0677,3.14,3.163,-0.6,1.11,23.52,0.02,0.0,0.03,0.02,99695,1507,3,0.39,0.07,-0.02,0.01,49,25,-66,0,3.02,-0.24,0.0135,0.0251,16.22,19.85,13.1
517.979,flow_only,30.201,52.1374047,21.1613195,89.14,52.1374478,21.1613376,26,0.53,1.59,255,0.1677,0.3354,0.0171,0.0108,3.15,3.159,-0.27,1.29,23.02,0.02,0.0,0.02,0.01,99695,1507,3,0.39,0.07,-0.02,0.01,49,40,368,0,3.02,-0.2,0.0133,0.0236,16.48,17.55,13.69
518.078,flow_only,30.3,52.1374059,21.1613204,89.14,52.1374506,21.1613392,26,0.53,1.605,255,-0.1677,0.503,-0.093,0.032,3.15,3.157,-0.52,1.38,22.52,0.02,0.0,0.05,0.02,99695,1507,3,0.39,0.07,-0.02,0.01,49,-18,-101,0,3.03,-0.18,0.0113,0.0239,18.47,19.9,13.61
518.178,flow_only,30.4,52.1374071,21.1613213,89.14,52.1374506,21.1613392,26,0.53,1.605,255,-0.1677,0.6709,-0.0365,0.0686,3.128,3.155,-0.93,1.79,22.17,0.02,0.0,0.02,0.02,99695,1507,3,0.39,0.07,-0.02,0.01,49,73,-178,0,3.04,-0.19,0.0131,0.0265,18.83,20.65,14.91
518.278,flow_only,30.501,52.1374082,21.1613221,89.14,52.1374506,21.1613392,26,0.53,1.605,255,-0.1677,0.3354,-0.0335,-0.0796,3.138,3.156,-1.23,1.61,22.02,0.02,0.0,0.06,0.02,99695,1507,3,0.39,0.07,-0.02,0.01,49,-126,-100,0,3.05,-0.17,0.0254,0.051,20.81,20.95,15.77
518.378,flow_only,30.601,52.1374093,21.161323,89.14,52.1374533,21.1613409,26,0.53,1.597,255,-0.1677,0.1677,-0.0734,-0.0367,3.128,3.16,-1.54,1.31,22.04,0.02,0.0,0.03,0.03,99695,1507,3,0.39,0.07,-0.02,0.01,49,46,295,0,3.05,-0.16,0.0065,0.0225,18.6,21.45,12.66
518.478,flow_only,30.7,52.1374104,21.1613239,89.15,52.1374559,21.1613426,26,0.53,1.609,255,0.0,0.3355,0.0172,0.0,3.122,3.165,-1.58,1.23,22.06,0.02,0.0,0.04,0.02,99695,1507,3,0.39,0.06,-0.02,0.01,49,31,103,0,3.06,-0.14,0.0179,0.0393,20.49,22.19,14.87
518.578,flow_only,30.8,52.1374116,21.1613249,89.15,52.1374559,21.1613426,26,0.53,1.609,255,0.0,0.3353,-0.0008,-0.0284,3.124,3.168,-1.62,1.24,22.08,0.02,0.0,0.01,0.02,99695,1507,3,0.39,0.06,-0.02,0.01,49,6,-142,0,3.06,-0.14,0.0042,0.0137,19.13,22.12,15.31
518.678,flow_only,30.9,52.1374128,21.1613258,89.16,52.1374587,21.1613444,26,0.53,1.623,255,0.0,0.3354,-0.0614,0.0394,3.128,3.172,-1.85,1.22,22.23,0.02,0.0,0.04,0.02,99695,1507,3,0.39,0.06,-0.02,0.01,49,56,230,0,3.07,-0.13,0.0171,0.0302,21.2,20.96,16.02
518.778,flow_only,31.001,52.1374142,21.1613268,89.16,52.1374587,21.1613444,26,0.53,1.623,255,-0.1677,0.5031,-0.0426,0.1068,3.114,3.18,-2.25,1.74,22.43,0.02,0.0,0.08,0.03,99695,1507,3,0.39,0.06,-0.02,0.01,49,74,-28,0,3.09,-0.11,0.0138,0.038,21.33,22.51,16.68
518.878,flow_only,31.1,52.1374153,21.1613276,89.18,52.1374614,21.1613463,26,0.53,1.597,255,0.0,0.3354,0.0134,0.0975,3.1,3.195,-2.36,2.4,22.54,0.02,0.0,0.08,0.03,99695,1507,3,0.39,0.06,-0.02,0.01,49,46,-74,0,3.12,-0.07,0.0274,0.064,25.14,24.14,16.04
518.978,flow_only,31.201,52.1374165,21.1613284,89.2,52.1374614,21.1613463,26,0.53,1.597,255,0.0,0.6706,0.0308,0.0068,3.098,3.212,-2.1,2.7,22.46,0.02,0.0,0.07,0.04,99695,1507,3,0.39,0.06,-0.02,0.01,49,-60,305,0,3.14,-0.06,0.0124,0.0483,28.82,26.79,18.68
519.078,flow_only,31.301,52.1374177,21.1613293,89.22,52.1374641,21.1613481,26,0.53,1.659,255,0.0,0.3354,0.0026,-0.0025,3.082,3.233,-1.97,2.66,22.26,0.02,0.0,0.1,0.03,99695,1507,3,0.39,0.07,-0.02,0.01,49,-58,-121,0,3.18,0.0,0.0239,0.0692,28.17,26.49,22.93
519.178,flow_only,31.401,52.1374189,21.1613302,89.24,52.1374641,21.1613481,26,0.53,1.659,255,0.0,0.8387,-0.0141,0.0005,3.108,3.254,-2.06,2.67,22.01,0.02,0.0,0.03,0.04,99695,1507,3,0.39,0.07,-0.02,0.01,49,27,-129,0,3.18,0.02,0.0198,0.0534,22.02,22.11,19.88
519.278,flow_only,31.5,52.1374201,21.161331,89.26,52.1374641,21.1613481,26,0.53,1.659,255,0.0,0.503,-0.0266,0.0003,3.104,3.272,-2.23,2.83,21.77,0.02,0.0,0.06,0.03,99695,1507,3,0.39,0.07,-0.02,0.01,49,16,11,0,3.19,0.03,0.0268,0.0631,21.74,23.48,18.3
519.378,flow_only,31.6,52.1374212,21.1613317,89.27,52.1374669,21.1613498,26,0.53,1.641,255,0.0,0.1677,-0.0032,-0.0223,3.088,3.286,-2.27,2.67,21.61,0.02,0.0,0.03,0.03,99695,1507,3,0.39,0.07,-0.02,0.01,49,-161,255,0,3.2,0.02,0.0131,0.0349,21.14,23.32,17.44
519.478,flow_only,31.7,52.1374223,21.1613325,89.28,52.1374697,21.1613515,26,0.53,1.597,255,-0.1677,0.8383,-0.0285,-0.0061,3.062,3.298,-2.43,2.56,21.57,0.02,0.0,0.05,0.03,99695,1507,3,0.39,0.07,-0.02,0.01,49,49,-64,0,3.21,0.05,0.0353,0.0717,25.26,24.76,18.28
519.578,flow_only,31.801,52.1374235,21.1613334,89.3,52.1374697,21.1613515,26,0.53,1.597,255,0.0,0.3354,-0.0429,-0.0191,3.02,3.312,-2.68,2.46,21.61,0.02,0.0,0.08,0.04,99695,1507,3,0.39,0.07,-0.02,0.01,49,75,-108,0,3.23,0.09,0.0137,0.0421,26.09,25.5,17.13
519.678,flow_only,31.9,52.1374247,21.1613343,89.31,52.1374724,21.1613532,26,0.53,1.583,255,-0.1677,0.5031,-0.0289,-0.0026,3.008,3.326,-2.89,2.37,21.68,0.02,0.0,0.04,0.03,99695,1507,3,0.39,0.07,-0.02,0.01,49,25,-89,0,3.23,0.11,0.0178,0.0429,24.98,25.48,16.07
519.778,flow_only,32.0,52.1374258,21.1613349,89.33,52.1374724,21.1613532,26,0.53,1.583,255,0.0,0.1677,0.0432,0.0099,3.006,3.34,-2.78,2.34,21.75,0.02,0.0,0.09,0.03,99695,1507,3,0.39,0.07,-0.02,0.01,49,-23,446,0,3.25,0.17,0.0098,0.0378,23.41,25.33,17.45
519.879,flow_only,32.101,52.137427,21.1613357,89.34,52.137475,21.161355,26,0.53,1.503,255,0.0,0.1677,0.0369,-0.031,3.004,3.357,-2.65,2.31,21.88,0.02,0.0,0.03,0.03,99695,1507,3,0.39,0.07,-0.02,0.01,49,-46,-132,0,3.24,0.17,0.0143,0.0345,27.67,25.7,19.92
519.978,flow_only,32.201,52.1374283,21.1613366,89.36,52.137475,21.161355,26,0.53,1.503,255,0.0,0.8385,0.0093,-0.0134,3.004,3.374,-2.46,2.25,22.05,0.02,0.0,0.05,0.03,99695,1507,3,0.39,0.07,-0.02,0.01,49,-64,423,0,3.25,0.18,0.0124,0.0289,25.13,24.87,17.9
520.078,flow_only,32.3,52.1374295,21.1613374,89.38,52.1374776,21.1613567,26,0.53,1.571,255,0.1677,0.1677,0.0792,-0.0037,2.99,3.394,-2.12,2.14,22.17,0.02,0.0,0.08,0.03,99695,1507,3,0.39,0.08,-0.02,0.01,49,142,-90,0,3.27,0.2,0.0142,0.0386,22.16,22.12,16.61
520.178,flow_only,32.4,52.1374309,21.1613381,89.4,52.1374776,21.1613567,26,0.53,1.571,255,0.1677,0.8386,-0.0049,0.0287,3.0,3.416,-1.98,2.37,22.32,0.02,0.0,0.04,0.03,99695,1507,3,0.39,0.08,-0.02,0.01,49,-81,22,0,3.28,0.2,0.0078,0.0246,21.61,24.54,16.35
520.278,flow_only,32.501,52.1374321,21.1613387,89.42,52.1374776,21.1613567,26,0.53,1.571,255,0.0,0.6707,0.0294,0.0151,3.006,3.434,-1.96,2.43,22.43,0.02,0.0,0.04,0.04,99695,1507,3,0.39,0.08,-0.02,0.01,49,-8,-291,0,3.29,0.22,0.0376,0.0732,22.51,24.21,15.3
520.378,flow_only,32.6,52.1374332,21.1613392,89.44,52.1374804,21.1613581,26,0.53,1.585,255,0.1677,0.3355,0.0683,-0.0556,2.997,3.455,-1.68,2.46,22.56,0.02,0.0,0.08,0.03,99695,1507,3,0.39,0.08,-0.02,0.01,49,-60,201,0,3.31,0.23,0.0206,0.0455,21.82,25.76,15.33
520.478,flow_only,32.7,52.1374343,21.1613399,89.46,52.137483,21.1613595,26,0.53,1.454,255,0.0,0.3354,0.0346,-0.0605,3.012,3.48,-1.28,2.04,22.65,0.02,0.0,0.08,0.02,99695,1507,3,0.39,0.07,-0.02,0.01,49,-120,7,0,3.33,0.26,0.0258,0.0563,26.65,26.69,18.4
520.578,flow_only,32.801,52.1374354,21.1613408,89.49,52.137483,21.1613595,26,0.53,1.454,255,0.0,0.6708,-0.0225,-0.0334,3.002,3.504,-1.37,1.7,22.77,0.02,0.0,0.06,0.03,99695,1507,3,0.39,0.07,-0.02,0.01,49,3,-9,0,3.34,0.26,0.0247,0.0546,25.93,25.64,18.96
520.678,flow_only,32.9,52.1374366,21.1613416,89.51,52.1374856,21.1613612,26,0.53,1.554,255,0.0,0.3354,-0.0721,0.0532,3.01,3.526,-1.53,1.81,22.9,0.02,0.0,0.04,0.04,99695,1507,3,0.39,0.06,-0.02,0.01,49,-4,-296,0,3.35,0.26,0.0269,0.0541,26.32,23.24,17.58
520.778,flow_only,33.0,52.1374377,21.1613424,89.53,52.1374856,21.1613612,26,0.53,1.554,255,0.0,0.3354,0.1524,0.0459,2.982,3.547,-1.32,1.91,22.94,0.02,0.0,0.06,0.03,99695,1507,3,0.39,0.06,-0.02,0.01,49,-233,254,0,3.36,0.29,0.0213,0.0473,24.33,23.83,16.72
520.879,flow_only,33.101,52.1374388,21.1613433,89.55,52.1374882,21.1613627,26,0.53,1.559,255,0.0,0.3354,-0.0577,-0.0598,2.944,3.563,-1.01,1.92,23.0,0.02,0.0,0.01,0.03,99695,1507,3,0.39,0.07,-0.02,0.01,49,-10,-164,0,3.36,0.29,0.0253,0.0504,26.13,23.81,16.01
520.978,flow_only,33.201,52.1374399,21.161344,89.56,52.1374882,21.1613627,26,0.53,1.559,255,-0.1677,0.3354,-0.0569,0.0158,2.916,3.576,-1.59,1.72,23.02,0.02,0.0,0.05,0.02,99695,1507,3,0.39,0.07,-0.02,0.01,49,87,-19,0,3.36,0.34,0.0261,0.052,20.62,19.02,17.62
521.078,flow_only,33.3,52.1374411,21.1613447,89.58,52.1374909,21.1613642,26,0.53,1.498,255,0.0,0.3354,0.0416,-0.0371,2.9,3.591,-1.58,1.75,23.12,0.02,0.0,0.06,0.03,99695,1507,3,0.39,0.07,-0.02,0.01,49,10,187,0,3.37,0.37,0.0135,0.0279,21.94,22.58,16.61
521.178,flow_only,33.401,52.1374424,21.1613454,89.6,52.1374909,21.1613642,26,0.53,1.498,255,0.0,0.3354,0.0055,-0.0337,2.89,3.611,-1.51,1.5,23.34,0.02,0.0,0.08,0.02,99695,1507,3,0.39,0.07,-0.02,0.01,49,-53,-64,0,3.38,0.41,0.0133,0.0313,21.67,21.13,15.39
521.278,flow_only,33.501,52.1374436,21.1613461,89.62,52.1374909,21.1613642,26,0.53,1.498,255,0.1677,0.8385,0.0362,0.064,2.908,3.635,-1.35,1.87,23.6,0.02,0.0,0.05,0.02,99695,1507,3,0.39,0.07,-0.02,0.01,49,-44,-149,0,3.4,0.41,0.0178,0.039,22.09,19.35,17.06
521.378,flow_only,33.601,52.1374448,21.1613468,89.64,52.1374935,21.1613658,26,0.53,1.522,255,0.0,0.5031,-0.0289,0.0482,2.878,3.656,-1.29,2.04,23.93,0.02,0.0,0.01,0.03,99695,1507,3,0.39,0.06,-0.02,0.01,49,-59,398,0,3.39,0.42,0.0058,0.0116,23.93,21.35,16.89
521.478,flow_only,33.701,52.1374461,21.1613477,89.66,52.137496,21.1613675,26,0.53,1.473,255,0.0,0.5032,0.001,-0.0376,2.862,3.673,-1.46,1.95,24.23,0.02,0.0,0.03,0.03,99695,1507,3,0.39,0.06,-0.02,0.01,49,35,400,0,3.39,0.43,0.0239,0.0481,21.41,19.72,17.05
521.578,flow_only,33.801,52.1374476,21.1613486,89.67,52.137496,21.1613675,26,0.53,1.473,255,0.1678,0.8388,0.0224,0.064,2.87,3.687,-1.27,2.14,24.44,0.02,0.0,0.01,0.03,99695,1507,3,0.39,0.06,-0.02,0.01,49,-51,-155,0,3.38,0.45,0.0081,0.0246,23.64,22.88,18.28
521.678,flow_only,33.901,52.1374491,21.1613496,89.68,52.1374986,21.161369,26,0.53,1.529,255,0.1677,0.3354,-0.0277,0.0616,2.858,3.698,-1.24,2.52,24.56,0.02,0.0,0.02,0.03,99695,1507,3,0.39,0.06,-0.02,0.01,49,110,-40,0,3.38,0.44,0.0257,0.0571,21.24,18.97,16.89
521.778,flow_only,34.001,52.1374505,21.1613503,89.69,52.1374986,21.161369,26,0.53,1.529,255,0.0,0.3356,0.0496,0.1299,2.858,3.706,-1.33,2.97,24.59,0.02,0.0,0.01,0.03,99695,1507,3,0.39,0.06,-0.02,0.01,49,2,-41,0,3.36,0.43,0.0153,0.0462,21.21,18.85,16.85
521.878,flow_only,34.101,52.1374519,21.1613511,89.7,52.1375012,21.1613706,26,0.53,1.507,255,0.0,0.3354,0.1012,0.0398,2.837,3.712,-0.72,3.49,24.56,0.02,0.0,0.02,0.02,99695,1507,3,0.39,0.07,-0.02,0.01,49,18,439,0,3.36,0.44,0.0301,0.0708,19.74,22.1,16.28
521.978,flow_only,34.201,52.1374535,21.161352,89.71,52.1375012,21.1613706,26,0.53,1.507,255,0.1677,0.3354,0.0102,0.0092,2.82,3.721,-0.61,3.54,24.45,0.02,0.0,0.02,0.02,99695,1507,3,0.39,0.07,-0.02,0.01,49,81,4,0,3.35,0.44,0.0194,0.052,17.96,19.46,16.0
522.078,flow_only,34.3,52.137455,21.1613528,89.71,52.1375037,21.1613721,26,0.53,1.441,255,0.0,0.8386,0.077,0.048,2.806,3.728,-0.33,3.67,24.18,0.02,0.0,0.02,0.03,99695,1507,3,0.39,0.07,-0.02,0.01,49,-59,365,0,3.34,0.44,0.0288,0.0744,17.57,20.4,13.46
522.178,flow_only,34.4,52.1374563,21.1613535,89.72,52.1375037,21.1613721,26,0.53,1.441,255,0.1677,0.3354,0.1399,0.0112,2.804,3.731,0.21,3.8,23.54,0.02,0.0,0.05,0.03,99695,1507,3,0.39,0.07,-0.02,0.01,49,54,-183,0,3.3,0.43,0.0212,0.0718,21.52,20.27,15.19
522.278,flow_only,34.5,52.1374575,21.1613543,89.72,52.1375037,21.1613721,26,0.53,1.441,255,0.1677,0.3354,0.1016,0.0621,2.812,3.731,0.74,4.2,22.79,0.02,0.0,0.0,0.02,99695,1507,3,0.39,0.07,-0.02,0.01,49,-145,-187,0,3.28,0.42,0.04,0.0943,21.25,20.18,14.84
522.379,flow_only,34.601,52.1374585,21.1613551,89.72,52.1375061,21.1613735,26,0.53,1.405,255,0.0,0.671,-0.1011,-0.0715,2.81,3.734,0.71,4.22,22.33,0.02,0.0,0.0,0.02,99695,1507,3,0.39,0.07,-0.02,0.01,49,70,-165,0,3.27,0.4,0.0332,0.082,20.25,22.42,15.16
522.478,flow_only,34.7,52.1374596,21.1613556,89.72,52.1375084,21.1613751,26,0.53,1.317,255,0.0,0.1677,-0.1188,-0.1783,2.814,3.736,-0.1,3.3,22.16,0.02,0.0,0.05,0.02,99695,1507,3,0.39,0.07,-0.02,0.01,49,-19,229,0,3.25,0.38,0.0216,0.0785,21.76,22.6,15.1
522.578,flow_only,34.8,52.1374607,21.1613564,89.72,52.1375084,21.1613751,26,0.53,1.317,255,-0.1677,0.1677,-0.0537,-0.11,2.826,3.737,-0.57,2.42,22.19,0.02,0.0,0.01,0.02,99695,1507,3,0.39,0.07,-0.02,0.01,49,-55,-86,0,3.25,0.37,0.0272,0.0813,21.51,19.77,15.58
522.678,flow_only,34.9,52.1374616,21.1613572,89.72,52.1375105,21.1613767,26,0.53,1.277,255,0.0,0.3354,-0.0072,-0.1187,2.832,3.738,-0.7,1.83,22.34,0.02,0.0,0.02,0.02,99695,1507,3,0.39,0.07,-0.02,0.01,49,46,10,0,3.24,0.35,0.0312,0.0867,21.4,22.51,15.09
522.778,flow_only,35.0,52.1374626,21.161358,89.72,52.1375105,21.1613767,26,0.53,1.277,255,0.0,0.3354,-0.0179,-0.0683,2.832,3.739,-0.75,1.29,22.46,0.02,0.0,0.02,0.02,99695,1507,3,0.39,0.07,-0.02,0.01,49,32,-143,0,3.23,0.33,0.0323,0.0875,21.49,21.98,15.13
522.878,flow_only,35.101,52.1374636,21.1613588,89.73,52.1375127,21.1613784,26,0.53,1.278,255,0.0,0.3355,0.0196,-0.0282,2.822,3.741,-0.79,1.19,22.65,0.02,0.0,0.02,0.03,99695,1507,3,0.39,0.07,-0.02,0.01,49,13,-82,0,3.23,0.32,0.0337,0.0899,23.27,22.74,14.17
522.978,flow_only,35.201,52.1374645,21.1613594,89.73,52.1375127,21.1613784,26,0.53,1.278,255,0.1677,0.3354,0.005,-0.077,2.824,3.745,-0.62,0.87,22.88,0.02,0.0,0.01,0.02,99695,1507,3,0.39,0.07,-0.02,0.01,49,-39,-55,0,3.24,0.33,0.0281,0.0716,22.46,22.15,14.69
523.078,flow_only,35.301,52.1374655,21.1613602,89.74,52.1375147,21.1613799,26,0.53,1.181,255,0.0,0.3355,0.0748,-0.0555,2.83,3.753,-0.27,0.43,23.05,0.02,0.0,0.01,0.02,99695,1507,3,0.39,0.07,-0.02,0.01,49,-8,-162,0,3.25,0.33,0.0242,0.064,20.64,21.98,15.31
523.178,flow_only,35.4,52.1374664,21.161361,89.75,52.1375147,21.1613799,26,0.53,1.181,255,0.0,0.6708,0.0299,-0.0476,2.814,3.762,-0.07,0.19,23.11,0.02,0.0,0.0,0.02,99695,1507,3,0.39,0.07,-0.02,0.01,49,-41,-59,0,3.25,0.34,0.0344,0.0794,21.69,20.04,13.48
523.278,flow_only,35.501,52.1374672,21.1613616,89.76,52.1375147,21.1613799,26,0.53,1.181,255,-0.1677,0.3353,-0.0395,-0.0547,2.776,3.775,-0.15,-0.1,23.12,0.02,0.0,0.01,0.01,99695,1507,3,0.39,0.07,-0.02,0.01,49,-10,-201,0,3.26,0.36,0.0523,0.1124,20.38,19.96,15.24
523.378,flow_only,35.601,52.137468,21.1613623,89.78,52.1375167,21.1613814,26,0.53,1.281,255,-0.1677,0.3353,-0.0821,-0.1244,2.78,3.793,-0.43,-0.59,23.11,0.02,0.0,0.02,0.01,99695,1507,3,0.39,0.07,-0.02,0.01,49,50,-196,0,3.28,0.39,0.0525,0.1133,18.93,18.37,12.63
523.478,flow_only,35.701,52.1374689,21.1613629,89.8,52.1375189,21.161383,26,0.53,1.318,255,-0.1678,0.5033,-0.0116,-0.1001,2.816,3.813,-0.79,-1.3,22.93,0.02,0.0,0.01,0.01,99695,1507,3,0.39,0.07,-0.02,0.01,49,-59,-128,0,3.29,0.43,0.0322,0.0721,20.2,18.9,13.53
523.578,flow_only,35.8,52.1374699,21.1613636,89.82,52.1375189,21.161383,26,0.53,1.318,255,0.0,0.503,0.0161,-0.0304,2.852,3.834,-0.72,-1.5,22.73,0.02,0.0,0.0,0.0,99695,1507,3,0.39,0.07,-0.02,0.01,49,-155,267,0,3.29,0.4,0.0113,0.0313,18.95,20.38,13.29
523.678,flow_only,35.9,52.137471,21.1613646,89.84,52.1375211,21.1613847,26,0.53,1.394,255,0.0,0.3354,0.0205,0.0079,2.84,3.852,-0.47,-1.64,22.51,0.02,0.0,0.01,0.02,99695,1507,3,0.39,0.07,-0.02,0.01,49,-39,-82,0,3.3,0.4,0.0106,0.0319,21.34,22.41,12.64
523.778,flow_only,36.0,52.1374721,21.1613656,89.85,52.1375211,21.1613847,26,0.53,1.394,255,0.0,0.5033,-0.0214,0.1088,2.862,3.865,-0.47,-1.23,22.28,0.02,0.0,0.03,0.01,99695,1507,3,0.39,0.07,-0.02,0.01,49,13,-199,0,3.29,0.36,0.0273,0.0636,23.09,22.66,15.1
523.878,flow_only,36.1,52.1374733,21.1613665,89.86,52.1375236,21.1613865,26,0.53,1.57,255,0.0,0.5031,-0.0898,0.0083,2.868,3.875,-0.87,-0.84,22.28,0.02,0.0,0.0,0.01,99695,1507,3,0.39,0.08,-0.02,0.01,49,106,-243,0,3.3,0.36,0.022,0.0528,21.96,21.29,14.28
523.978,flow_only,36.201,52.1374744,21.1613673,89.87,52.1375236,21.1613865,26,0.53,1.57,255,0.0,0.5031,-0.1206,0.0688,2.874,3.884,-1.48,-0.58,22.6,0.02,0.0,0.02,0.01,99695,1507,3,0.39,0.08,-0.02,0.01,49,-33,-206,0,3.29,0.34,0.0412,0.0887,20.25,22.79,15.57
524.078,flow_only,36.301,52.1374754,21.1613682,89.87,52.1375262,21.1613884,26,0.53,1.598,255,0.0,0.3354,-0.0234,0.0466,2.866,3.89,-1.82,-0.25,23.1,0.02,0.0,0.03,0.02,99695,1507,3,0.39,0.1,-0.02,0.01,49,-34,-225,0,3.28,0.33,0.0428,0.0947,21.39,20.69,12.63
524.178,flow_only,36.401,52.1374764,21.1613695,89.88,52.1375262,21.1613884,26,0.53,1.598,255,0.0,0.3354,0.0199,-0.0317,2.862,3.891,-1.67,-0.24,23.61,0.02,0.0,0.03,0.02,99695,1507,3,0.39,0.1,-0.02,0.01,49,-138,-204,0,3.26,0.32,0.0372,0.0925,20.02,19.74,12.16
524.278,flow_only,36.501,52.1374776,21.1613707,89.87,52.1375262,21.1613884,26,0.53,1.598,255,0.0,0.6709,-0.0594,-0.0592,2.856,3.889,-1.85,-0.5,24.1,0.02,0.0,0.04,0.01,99695,1507,3,0.39,0.1,-0.02,0.01,49,44,366,0,3.26,0.32,0.0203,0.0656,19.65,20.63,11.58
524.378,flow_only,36.601,52.1374788,21.1613719,89.87,52.1375288,21.1613903,26,0.53,1.593,255,0.0,0.3354,-0.0579,0.0392,2.866,3.885,-2.28,-0.48,24.49,0.02,0.0,0.01,0.02,99695,1507,3,0.39,0.08,-0.02,0.01,49,-71,163,0,3.25,0.3,0.0189,0.0584,18.94,20.04,14.36
524.478,flow_only,36.701,52.1374801,21.1613731,89.86,52.1375314,21.1613922,26,0.53,1.664,255,-0.1677,0.5031,-0.115,0.0788,2.866,3.88,-2.75,-0.0,24.9,0.02,0.0,0.05,0.01,99695,1507,3,0.39,0.07,-0.02,0.01,49,63,-106,0,3.24,0.3,0.015,0.0548,18.04,18.25,15.34
524.578,flow_only,36.801,52.1374815,21.1613742,89.86,52.1375314,21.1613922,26,0.53,1.664,255,-0.1676,0.8381,-0.0544,0.0876,2.878,3.873,-3.17,0.53,25.26,0.02,0.0,0.04,0.01,99695,1507,3,0.39,0.07,-0.02,0.01,49,-85,-137,0,3.21,0.27,0.0151,0.0574,17.42,16.41,13.51
524.678,flow_only,36.9,52.1374829,21.1613752,89.85,52.1375343,21.161394,26,0.53,1.721,255,0.0,0.503,0.0935,0.0667,2.878,3.865,-2.94,0.9,25.5,0.02,0.0,0.04,0.01,99695,1507,3,0.39,0.07,-0.02,0.01,49,-30,-110,0,3.2,0.24,0.0138,0.0528,17.95,14.48,11.99
524.778,flow_only,37.0,52.1374842,21.1613762,89.85,52.1375343,21.161394,26,0.53,1.721,255,0.1677,0.503,0.0158,0.0579,2.876,3.86,-2.48,1.38,25.82,0.02,0.0,0.01,0.01,99695,1507,3,0.39,0.07,-0.02,0.01,49,32,195,0,3.2,0.25,0.0094,0.0412,14.5,15.72,11.41
524.878,flow_only,37.1,52.1374856,21.161377,89.84,52.1375373,21.1613956,26,0.53,1.693,255,0.0,0.3354,-0.0118,0.0492,2.846,3.858,-2.55,1.73,26.22,0.02,0.0,0.02,0.02,99695,1507,3,0.39,0.07,-0.02,0.01,49,-17,-124,0,3.19,0.25,0.0158,0.0448,13.85,15.78,11.43
524.978,flow_only,37.201,52.1374871,21.1613779,89.84,52.1375373,21.1613956,26,0.53,1.693,255,0.1677,0.5031,0.1517,-0.0153,2.842,3.856,-1.98,1.63,26.57,0.02,0.0,0.04,0.02,99695,1507,3,0.39,0.07,-0.02,0.01,49,12,-197,0,3.18,0.26,0.0133,0.0462,14.74,15.53,13.45
525.078,flow_only,37.301,52.1374885,21.1613788,89.84,52.1375402,21.1613972,26,0.53,1.67,255,0.3353,0.8383,0.0921,0.0576,2.85,3.855,-1.38,1.82,26.79,0.02,0.0,0.01,0.01,99695,1507,3,0.39,0.07,-0.02,0.01,49,17,-91,0,3.17,0.26,0.0203,0.0484,13.89,16.35,12.15
525.179,flow_only,37.401,52.1374897,21.1613797,89.84,52.1375402,21.1613972,26,0.53,1.67,255,0.0,0.5031,0.0036,0.0587,2.88,3.858,-0.99,2.15,26.83,0.02,0.0,0.01,0.02,99695,1507,3,0.39,0.07,-0.02,0.01,49,1,-101,0,3.18,0.25,0.0165,0.0341,13.82,13.93,12.19
525.278,flow_only,37.501,52.1374911,21.1613805,89.85,52.1375402,21.1613972,26,0.53,1.67,255,0.1677,0.5032,-0.0062,-0.0433,2.902,3.862,-1.15,2.13,26.5,0.02,0.0,0.04,0.02,99695,1507,3,0.39,0.07,-0.02,0.01,49,114,-111,0,3.17,0.22,0.0096,0.0318,13.46,14.63,11.0
525.378,flow_only,37.6,52.1374926,21.1613812,89.85,52.137543,21.1613987,26,0.53,1.625,255,0.0,0.6709,-0.0207,-0.0448,2.914,3.867,-1.19,1.95,25.98,0.02,0.0,0.01,0.01,99695,1507,3,0.39,0.07,-0.02,0.01,49,-98,161,0,3.18,0.2,0.0164,0.0382,13.39,14.42,11.47
525.478,flow_only,37.701,52.1374941,21.1613819,89.86,52.1375459,21.1614,26,0.53,1.66,255,0.0,0.5031,0.0791,0.0312,2.918,3.872,-0.93,1.86,25.35,0.02,0.0,0.03,0.02,99695,1507,3,0.39,0.07,-0.02,0.01,49,67,174,0,3.18,0.2,0.0323,0.0729,15.38,15.41,11.69
525.578,flow_only,37.801,52.1374955,21.1613827,89.86,52.1375459,21.1614,26,0.53,1.66,255,0.0,0.3356,0.1013,0.0592,2.888,3.871,-0.46,2.09,24.55,0.02,0.0,0.05,0.02,99695,1507,3,0.39,0.07,-0.02,0.01,49,-143,-246,0,3.16,0.17,0.0177,0.0417,17.34,16.87,13.32
525.678,flow_only,37.9,52.1374968,21.1613836,89.85,52.1375487,21.1614013,26,0.53,1.56,255,0.0,0.8385,0.0149,-0.0004,2.87,3.866,-0.19,2.37,23.71,0.02,0.0,0.05,0.02,99695,1507,3,0.39,0.07,-0.02,0.01,49,-126,-122,0,3.15,0.18,0.0174,0.0507,19.04,15.3,12.54
525.778,flow_only,38.0,52.1374981,21.1613846,89.85,52.1375487,21.1614013,26,0.53,1.56,255,0.0,0.3354,-0.0361,0.0134,2.908,3.861,-0.3,2.39,22.91,0.02,0.0,0.01,0.02,99695,1507,3,0.39,0.07,-0.02,0.01,49,-47,138,0,3.15,0.19,0.0142,0.0406,14.58,16.49,13.6
525.878,flow_only,38.1,52.1374994,21.1613855,89.84,52.1375514,21.1614027,26,0.53,1.508,255,0.0,0.5031,-0.055,0.0117,2.948,3.856,-0.57,2.37,22.22,0.02,0.0,0.04,0.02,99695,1507,3,0.39,0.07,-0.02,0.01,49,11,317,0,3.13,0.16,0.0238,0.0585,15.34,18.41,11.93
525.978,flow_only,38.201,52.1375008,21.1613864,89.84,52.1375514,21.1614027,26,0.53,1.508,255,0.0,0.1677,-0.049,-0.0513,2.948,3.85,-0.97,2.14,21.72,0.02,0.0,0.04,0.02,99695,1507,3,0.39,0.07,-0.02,0.01,49,59,-142,0,3.12,0.1,0.0098,0.0355,18.45,18.06,12.82
526.078,flow_only,38.3,52.1375022,21.1613873,89.83,52.1375539,21.1614039,26,0.53,1.434,255,0.0,0.3354,-0.0002,-0.0058,2.948,3.843,-1.1,2.07,21.46,0.02,0.0,0.04,0.02,99695,1507,3,0.39,0.07,-0.02,0.01,49,13,-198,0,3.11,0.08,0.0128,0.0414,17.55,18.87,13.54
526.178,flow_only,38.4,52.1375034,21.161388,89.82,52.1375539,21.1614039,26,0.53,1.434,255,0.0,0.6709,-0.0005,0.0341,2.932,3.834,-1.08,2.14,21.45,0.02,0.0,0.05,0.02,99695,1507,3,0.39,0.07,-0.02,0.01,49,-15,-185,0,3.09,0.07,0.015,0.0457,17.68,17.95,12.39
526.278,flow_only,38.501,52.1375046,21.1613887,89.81,52.1375539,21.1614039,26,0.53,1.434,255,0.0,0.3354,0.0192,0.0101,2.944,3.825,-1.12,2.26,21.65,0.02,0.0,0.02,0.02,99695,1507,3,0.39,0.07,-0.02,0.01,49,2,-209,0,3.09,0.07,0.0146,0.0381,19.93,21.18,12.78
526.378,flow_only,38.601,52.1375056,21.1613893,89.8,52.1375564,21.1614053,26,0.53,1.402,255,0.0,0.5031,0.0101,-0.0771,2.936,3.817,-1.1,2.06,21.93,0.02,0.0,0.03,0.02,99695,1507,3,0.39,0.07,-0.02,0.01,49,-17,-162,0,3.09,0.07,0.0299,0.0634,21.27,19.55,12.33
526.478,flow_only,38.701,52.1375067,21.16139,89.8,52.1375587,21.1614067,26,0.53,1.362,255,0.0,0.1678,-0.038,-0.1389,2.946,3.81,-1.06,1.49,22.37,0.02,0.0,0.01,0.02,99695,1507,3,0.39,0.07,-0.02,0.01,49,-37,95,0,3.09,0.07,0.0158,0.036,21.61,21.13,15.15
526.579,flow_only,38.801,52.1375077,21.1613906,89.79,52.1375587,21.1614067,26,0.53,1.362,255,0.0,0.1677,-0.0709,-0.0873,2.93,3.807,-1.33,0.86,23.06,0.02,0.0,0.01,0.01,99695,1507,3,0.39,0.07,-0.02,0.01,49,46,-5,0,3.08,0.07,0.0122,0.0298,20.18,21.92,16.28
526.678,flow_only,38.901,52.1375088,21.1613914,89.79,52.1375609,21.161408,26,0.53,1.263,255,0.0,0.5031,-0.0288,-0.0237,2.942,3.803,-1.52,0.48,23.81,0.02,0.0,0.03,0.02,99695,1507,3,0.39,0.07,-0.02,0.01,49,-119,-226,0,3.08,0.07,0.019,0.0413,19.69,22.21,16.53
526.778,flow_only,39.001,52.1375098,21.1613922,89.78,52.1375609,21.161408,26,0.53,1.263,255,0.0,0.1677,-0.0342,-0.0727,2.954,3.795,-1.76,0.18,24.51,0.02,0.0,0.04,0.01,99695,1507,3,0.39,0.07,-0.02,0.01,49,38,-98,0,3.06,0.04,0.0235,0.0515,17.89,19.82,13.15
526.878,flow_only,39.101,52.1375108,21.1613928,89.77,52.1375633,21.1614092,26,0.53,1.405,255,0.0,0.3354,0.0098,-0.1009,2.956,3.788,-1.84,-0.26,25.15,0.02,0.0,0.01,0.0,99695,1507,3,0.39,0.08,-0.02,0.01,49,-3,96,0,3.06,0.03,0.0204,0.0448,18.49,18.2,12.67
526.978,flow_only,39.201,52.1375119,21.1613934,89.77,52.1375633,21.1614092,26,0.53,1.405,255,0.1677,0.1677,0.0012,-0.0285,2.974,3.784,-1.82,-0.55,25.48,0.02,0.0,0.01,0.0,99695,1507,3,0.39,0.08,-0.02,0.01,49,-45,-90,0,3.06,0.02,0.0208,0.0442,18.52,17.98,13.84
527.078,flow_only,39.3,52.137513,21.1613941,89.77,52.1375657,21.1614103,26,0.53,1.395,255,0.1677,0.3354,0.2421,-0.0382,3.016,3.785,-0.98,-0.67,25.22,0.02,0.0,0.02,0.01,99695,1507,3,0.39,0.08,-0.02,0.01,49,-10,-146,0,3.08,0.03,0.0119,0.0286,17.54,18.2,12.26
527.178,flow_only,39.4,52.1375141,21.1613949,89.78,52.1375657,21.1614103,26,0.53,1.395,255,0.3354,0.3354,0.1673,0.014,3.022,3.79,0.29,-0.71,24.56,0.02,0.0,0.01,0.01,99695,1507,3,0.39,0.08,-0.02,0.01,49,61,-164,0,3.1,0.0,0.0268,0.0584,17.05,20.55,13.29
527.278,flow_only,39.5,52.1375151,21.1613957,89.78,52.1375657,21.1614103,26,0.53,1.395,255,0.0,0.3354,-0.0597,0.0427,2.998,3.798,0.48,-0.34,23.87,0.02,0.0,0.01,0.01,99695,1507,3,0.39,0.08,-0.02,0.01,49,-194,-200,0,3.11,0.0,0.0335,0.0745,16.18,19.73,13.21
527.378,flow_only,39.6,52.1375163,21.1613966,89.79,52.1375682,21.1614114,26,0.53,1.454,255,0.0,0.3353,0.0001,-0.0135,2.998,3.803,0.31,-0.35,23.22,0.02,0.0,0.0,0.0,99695,1507,3,0.39,0.08,-0.02,0.01,49,31,-23,0,3.11,0.02,0.0048,0.0229,16.97,21.14,13.93
527.478,flow_only,39.701,52.1375176,21.1613975,89.79,52.1375709,21.1614127,26,0.53,1.578,255,0.0,0.6709,0.0027,0.0481,3.002,3.807,0.43,-0.36,22.58,0.02,0.0,0.0,0.0,99695,1507,3,0.39,0.08,-0.02,0.01,49,-60,175,0,3.11,0.03,0.0193,0.043,18.41,19.61,12.43
527.578,flow_only,39.801,52.1375188,21.1613985,89.79,52.1375709,21.1614127,26,0.53,1.578,255,0.0,0.3354,-0.0807,0.1238,3.004,3.808,0.14,0.26,22.04,0.02,0.0,0.03,0.01,99695,1507,3,0.39,0.08,-0.02,0.01,49,10,-134,0,3.1,0.01,0.0071,0.0159,21.46,21.46,15.14
527.678,flow_only,39.9,52.1375199,21.1613993,89.79,52.1375737,21.161414,26,0.53,1.621,255,-0.1677,0.5031,-0.0828,0.0457,2.98,3.808,-0.44,0.79,21.56,0.02,0.0,0.01,0.01,99695,1507,3,0.39,0.08,-0.02,0.01,49,-61,-150,0,3.11,0.02,0.0313,0.063,21.7,22.32,16.16
527.778,flow_only,40.001,52.1375211,21.1614002,89.79,52.1375737,21.161414,26,0.53,1.621,255,-0.1677,0.5031,-0.0195,-0.0421,2.976,3.809,-0.63,0.64,21.26,0.02,0.0,0.0,0.0,99695,1507,3,0.39,0.08,-0.02,0.01,49,46,-27,0,3.12,0.05,0.0111,0.0311,20.7,20.55,12.22
527.878,flow_only,40.101,52.1375224,21.1614009,89.8,52.1375765,21.1614155,26,0.53,1.627,255,0.0,0.503,-0.0426,0.0104,2.986,3.811,-0.92,0.54,21.2,0.02,0.0,0.0,0.01,99695,1507,3,0.39,0.08,-0.02,0.01,49,72,324,0,3.12,0.05,0.0256,0.056,20.48,21.21,12.63
527.978,flow_only,40.201,52.1375238,21.1614017,89.8,52.1375765,21.1614155,26,0.53,1.627,255,0.0,0.8386,-0.0444,0.0147,2.982,3.814,-1.13,0.7,21.52,0.02,0.0,0.0,0.0,99695,1507,3,0.39,0.08,-0.02,0.01,49,46,-265,0,3.12,0.05,0.0216,0.0537,20.13,21.44,13.07
528.078,flow_only,40.3,52.1375252,21.1614024,89.8,52.1375793,21.1614173,26,0.53,1.653,255,0.0,0.3355,-0.0387,0.0081,2.97,3.818,-1.36,0.87,22.18,0.02,0.0,0.0,0.01,99695,1507,3,0.39,0.07,-0.02,0.01,49,-108,-272,0,3.12,0.06,0.0103,0.0309,21.28,21.41,13.83
528.178,flow_only,40.401,52.1375265,21.1614032,89.8,52.1375793,21.1614173,26,0.53,1.653,255,0.0,0.5032,0.046,0.062,3.004,3.82,-1.25,1.09,22.97,0.02,0.0,0.01,0.0,99695,1507,3,0.39,0.07,-0.02,0.01,49,-26,244,0,3.11,0.06,0.0223,0.0482,21.11,20.53,11.45
528.278,flow_only,40.501,52.137528,21.1614041,89.81,52.1375793,21.1614173,26,0.53,1.653,255,0.0,0.5033,0.0396,0.042,2.992,3.822,-1.04,1.43,23.73,0.02,0.0,0.0,0.01,99695,1507,3,0.39,0.07,-0.02,0.01,49,-25,-118,0,3.12,0.06,0.003,0.0171,19.56,18.78,11.54
528.378,flow_only,40.601,52.1375293,21.161405,89.81,52.1375821,21.1614189,26,0.53,1.687,255,0.0,0.5031,0.0282,0.0212,2.964,3.829,-0.71,1.58,24.21,0.02,0.0,0.04,0.0,99695,1507,3,0.39,0.07,-0.02,0.01,49,-68,-83,0,3.13,0.06,0.0066,0.0296,18.67,21.74,13.72
528.478,flow_only,40.701,52.1375306,21.161406,89.82,52.137585,21.1614203,26,0.53,1.615,255,0.1677,0.3354,0.0917,0.025,2.972,3.835,-0.29,1.59,24.32,0.02,0.0,0.04,0.02,99695,1507,3,0.39,0.07,-0.02,0.01,49,-39,278,0,3.12,0.06,0.022,0.0476,17.35,17.76,11.87
528.578,flow_only,40.801,52.1375319,21.1614069,89.82,52.137585,21.1614203,26,0.53,1.615,255,0.1677,0.5032,0.0725,0.004,2.994,3.837,0.04,1.72,24.11,0.02,0.0,0.01,0.0,99695,1507,3,0.39,0.07,-0.02,0.01,49,-82,-102,0,3.13,0.07,0.0085,0.0215,15.66,16.71,12.75
528.679,flow_only,40.901,52.1375332,21.1614079,89.82,52.1375878,21.1614218,26,0.53,1.584,255,0.0,0.8386,0.0366,-0.0399,2.982,3.838,0.34,1.63,23.74,0.02,0.0,0.03,0.0,99695,1507,3,0.39,0.07,-0.02,0.01,49,-95,-226,0,3.12,0.07,0.0077,0.0187,15.22,19.93,11.65
528.778,flow_only,41.0,52.1375346,21.1614088,89.82,52.1375878,21.1614218,26,0.53,1.584,255,0.0,0.3354,-0.0387,0.021,2.972,3.835,0.28,1.62,23.37,0.02,0.0,0.01,0.0,99695,1507,3,0.39,0.07,-0.02,0.01,49,135,304,0,3.11,0.04,0.0334,0.0685,14.96,17.89,12.29
528.878,flow_only,41.1,52.137536,21.1614096,89.82,52.1375906,21.1614232,26,0.53,1.647,255,0.0,0.8383,-0.0262,0.0633,2.966,3.835,0.06,1.87,23.03,0.02,0.0,0.01,0.0,99695,1507,3,0.39,0.07,-0.02,0.01,49,21,-243,0,3.11,0.05,0.0183,0.0392,16.39,17.38,11.84
528.979,flow_only,41.201,52.1375373,21.1614105,89.82,52.1375906,21.1614232,26,0.53,1.647,255,0.0,0.3353,0.0176,0.0395,2.98,3.833,0.11,2.15,22.66,0.02,0.0,0.04,0.01,99695,1507,3,0.39,0.07,-0.02,0.01,49,-7,-93,0,3.09,0.05,0.0121,0.0297,16.76,19.2,13.24
529.078,flow_only,41.3,52.1375386,21.1614113,89.81,52.1375934,21.1614248,26,0.53,1.569,255,0.0,0.3354,-0.1023,-0.0518,2.988,3.826,-0.31,2.14,22.22,0.02,0.0,0.05,0.0,99695,1507,3,0.39,0.07,-0.02,0.01,49,86,274,0,3.07,0.05,0.0202,0.0488,18.7,18.77,14.66
529.178,flow_only,41.4,52.1375399,21.1614121,89.8,52.1375934,21.1614248,26,0.53,1.569,255,0.0,0.3354,-0.0417,-0.0243,2.994,3.816,-0.58,1.97,21.78,0.02,0.0,0.01,0.01,99695,1507,3,0.39,0.07,-0.02,0.01,49,52,1,0,3.07,0.01,0.0227,0.0547,17.44,17.05,12.6
529.278,flow_only,41.5,52.1375412,21.1614128,89.79,52.1375934,21.1614248,26,0.53,1.569,255,0.0,0.3353,-0.0461,-0.0074,2.962,3.806,-0.82,1.78,21.33,0.02,0.0,0.02,0.01,99695,1507,3,0.39,0.07,-0.02,0.01,49,63,-334,0,3.06,0.0,0.028,0.0652,17.49,19.31,13.01
529.378,flow_only,41.6,52.1375424,21.1614134,89.78,52.137596,21.1614265,26,0.53,1.508,255,0.0,0.6707,0.018,-0.0415,2.95,3.796,-0.89,1.65,21.08,0.02,0.0,0.02,0.0,99695,1507,3,0.39,0.07,-0.02,0.01,49,70,-186,0,3.05,0.0,0.0282,0.0648,17.83,19.48,14.21
529.478,flow_only,41.7,52.1375434,21.1614139,89.77,52.1375986,21.1614282,26,0.53,1.519,255,0.0,0.3354,0.0226,-0.0032,2.967,3.785,-0.76,1.61,21.1,0.02,0.0,0.03,0.0,99695,1507,3,0.39,0.07,-0.02,0.01,49,12,-300,0,3.03,0.0,0.0421,0.0873,21.45,22.34,12.27
529.578,flow_only,41.801,52.1375445,21.1614145,89.76,52.1375986,21.1614282,26,0.53,1.519,255,0.0,0.6709,-0.0005,-0.1214,2.988,3.772,-0.74,1.17,21.4,0.02,0.0,0.05,0.0,99695,1507,3,0.39,0.07,-0.02,0.01,49,34,15,0,3.01,-0.03,0.0183,0.0516,19.54,22.63,13.86
529.678,flow_only,41.9,52.1375456,21.1614153,89.74,52.1376012,21.1614298,26,0.53,1.531,255,0.0,0.1677,-0.0159,-0.1288,3.01,3.76,-0.8,0.44,21.76,0.02,0.0,0.01,0.0,99695,1507,3,0.39,0.07,-0.02,0.01,49,59,120,0,3.01,-0.04,0.0085,0.0295,16.96,21.26,14.1
529.778,flow_only,42.0,52.1375467,21.161416,89.73,52.1376012,21.1614298,26,0.53,1.531,255,0.0,0.3355,-0.0245,-0.0542,2.99,3.75,-0.84,0.01,22.15,0.02,0.0,0.01,0.0,99695,1507,3,0.39,0.07,-0.02,0.01,49,34,-247,0,3.01,-0.08,0.018,0.0415,16.23,20.77,14.53
529.878,flow_only,42.101,52.1375478,21.1614166,89.72,52.1376037,21.1614316,26,0.53,1.493,255,0.0,0.3354,0.0063,-0.0352,3.0,3.74,-1.03,-0.28,22.46,0.02,0.0,0.05,0.01,99695,1507,3,0.39,0.07,-0.02,0.01,49,108,-283,0,2.99,-0.1,0.0304,0.0689,17.96,17.85,12.68
529.978,flow_only,42.201,52.1375488,21.1614172,89.71,52.1376037,21.1614316,26,0.53,1.493,255,0.0,0.3354,-0.0307,-0.0687,3.01,3.729,-1.15,-0.46,22.78,0.02,0.0,0.02,0.01,99695,1507,3,0.39,0.07,-0.02,0.01,49,-120,167,0,2.99,-0.09,0.0073,0.0243,17.34,17.41,13.24
530.078,flow_only,42.3,52.1375499,21.161418,89.7,52.1376063,21.1614335,26,0.53,1.587,255,0.0,0.8384,-0.0177,-0.0122,3.006,3.717,-1.17,-0.62,23.13,0.02,0.0,0.04,0.01,99695,1507,3,0.39,0.07,-0.02,0.01,49,23,-144,0,2.97,-0.09,0.0191,0.0452,19.07,17.79,11.04
530.179,flow_only,42.401,52.1375511,21.1614188,89.69,52.1376063,21.1614335,26,0.53,1.587,255,0.0,0.3354,0.0302,-0.0275,3.008,3.706,-1.1,-0.84,23.32,0.02,0.0,0.01,0.0,99695,1507,3,0.39,0.07,-0.02,0.01,49,14,-146,0,2.97,-0.11,0.0102,0.0277,17.98,15.6,10.8
530.278,flow_only,42.5,52.1375524,21.1614196,89.68,52.1376063,21.1614335,26,0.53,1.587,255,0.0,0.6705,0.0482,0.0158,3.014,3.698,-0.89,-0.81,23.33,0.02,0.0,0.0,0.0,99695,1507,3,0.39,0.07,-0.02,0.01,49,-16,301,0,2.98,-0.11,0.0216,0.0412,16.87,17.61,14.42
530.378,flow_only,42.6,52.1375536,21.1614205,89.67,52.1376089,21.1614355,26,0.53,1.607,255,0.0,0.5031,0.0033,0.0744,2.996,3.69,-0.76,-0.48,23.17,0.02,0.0,0.02,0.02,99695,1507,3,0.39,0.07,-0.02,0.01,49,7,-103,0,2.97,-0.11,0.0067,0.0132,14.42,17.82,12.5
530.478,flow_only,42.7,52.1375549,21.1614215,89.67,52.1376116,21.1614376,26,0.53,1.718,255,0.0,0.3353,0.0291,0.0716,2.998,3.685,-0.61,-0.04,22.87,0.02,0.0,0.0,0.01,99695,1507,3,0.39,0.07,-0.02,0.01,49,20,385,0,2.98,-0.1,0.0301,0.0577,15.38,16.8,10.95
530.578,flow_only,42.801,52.1375562,21.1614225,89.67,52.1376116,21.1614376,26,0.53,1.718,255,0.0,0.503,-0.0296,0.0339,3.016,3.681,-0.66,0.21,22.62,0.02,0.0,0.03,0.01,99695,1507,3,0.39,0.07,-0.02,0.01,49,20,-135,0,2.97,-0.1,0.007,0.0162,15.63,17.5,12.2
530.678,flow_only,42.901,52.1375576,21.1614235,89.66,52.1376145,21.1614396,26,0.53,1.747,255,0.0,0.503,-0.0723,0.0595,3.038,3.675,-0.97,0.49,22.58,0.02,0.0,0.02,0.01,99695,1507,3,0.39,0.08,-0.02,0.01,49,89,-111,0,2.97,-0.12,0.0178,0.0375,15.03,16.71,13.47
530.778,flow_only,43.001,52.137559,21.1614244,89.65,52.1376145,21.1614396,26,0.53,1.747,255,-0.1677,0.5031,-0.0994,0.0773,3.036,3.67,-1.61,0.87,22.75,0.02,0.0,0.02,0.0,99695,1507,3,0.39,0.08,-0.02,0.01,49,-13,195,0,2.97,-0.15,0.0245,0.0501,18.45,19.34,13.41
530.878,flow_only,43.101,52.1375603,21.1614251,89.65,52.1376174,21.1614418,26,0.53,1.734,255,-0.1677,0.3353,-0.0399,0.0442,3.036,3.664,-1.89,1.36,23.05,0.02,0.0,0.01,0.01,99695,1507,3,0.39,0.07,-0.02,0.01,49,97,-348,0,2.97,-0.15,0.0352,0.0688,17.53,20.7,15.46
530.978,flow_only,43.201,52.1375615,21.1614258,89.64,52.1376174,21.1614418,26,0.53,1.734,255,0.0,0.8386,0.0566,0.0287,3.02,3.659,-1.66,1.55,23.42,0.02,0.0,0.0,0.0,99695,1507,3,0.39,0.07,-0.02,0.01,49,-176,-257,0,2.97,-0.13,0.0225,0.0387,16.05,19.29,12.49
531.078,flow_only,43.301,52.1375626,21.1614267,89.64,52.1376203,21.161444,26,0.53,1.778,255,0.0,0.5031,0.0648,-0.0761,3.052,3.652,-1.31,1.31,23.76,0.02,0.0,0.06,0.0,99695,1507,3,0.39,0.07,-0.02,0.01,49,-16,146,0,2.96,-0.16,0.0109,0.025,14.97,19.75,12.73
531.178,flow_only,43.4,52.1375638,21.1614277,89.63,52.1376203,21.161444,26,0.53,1.778,255,-0.1677,0.6709,-0.0092,-0.0756,3.058,3.642,-1.29,0.94,24.02,0.02,0.0,0.01,0.0,99695,1507,3,0.39,0.07,-0.02,0.01,49,25,-180,0,2.96,-0.17,0.014,0.0273,15.08,16.13,13.84
531.278,flow_only,43.5,52.137565,21.1614287,89.62,52.1376203,21.161444,26,0.53,1.778,255,-0.1677,0.3354,-0.0309,-0.0413,3.042,3.633,-1.43,0.67,24.24,0.02,0.0,0.01,0.0,99695,1507,3,0.39,0.07,-0.02,0.01,49,51,-11,0,2.96,-0.17,0.0162,0.0353,12.82,14.09,12.65
531.378,flow_only,43.601,52.1375663,21.1614297,89.61,52.1376232,21.1614461,26,0.53,1.739,255,0.0,0.6707,0.0369,-0.0137,3.062,3.626,-1.24,0.41,24.27,0.02,0.0,0.0,0.01,99695,1507,3,0.39,0.07,-0.02,0.01,49,-47,158,0,2.97,-0.15,0.0178,0.0381,12.81,13.94,11.0
531.478,flow_only,43.7,52.1375675,21.1614307,89.61,52.1376261,21.161448,26,0.53,1.669,255,0.0,0.503,0.0397,-0.018,3.056,3.622,-1.08,0.38,24.06,0.02,0.0,0.0,0.01,99695,1507,3,0.39,0.07,-0.02,0.01,49,149,-221,0,2.97,-0.15,0.0036,0.0122,12.8,15.62,10.17
531.578,flow_only,43.801,52.1375688,21.1614314,89.61,52.1376261,21.161448,26,0.53,1.669,255,0.0,0.8384,0.0192,-0.0054,3.068,3.62,-0.98,0.27,23.69,0.02,0.0,0.0,0.02,99695,1507,3,0.39,0.07,-0.02,0.01,49,-50,319,0,2.98,-0.15,0.0168,0.0346,14.81,15.07,10.15
531.678,flow_only,43.9,52.13757,21.161432,89.6,52.1376289,21.1614501,26,0.53,1.731,255,0.0,0.3355,-0.0191,-0.0475,3.032,3.618,-1.04,0.05,23.26,0.02,0.0,0.0,0.0,99695,1507,3,0.39,0.07,-0.02,0.01,49,-19,-198,0,2.98,-0.16,0.0153,0.0328,14.63,15.55,11.82
531.778,flow_only,44.001,52.1375712,21.1614326,89.6,52.1376289,21.1614501,26,0.53,1.731,255,0.0,0.8386,0.0755,0.0066,2.98,3.616,-0.72,0.15,22.8,0.02,0.0,0.0,0.0,99695,1507,3,0.39,0.07,-0.02,0.01,49,-43,-42,0,2.99,-0.12,0.0153,0.0324,15.47,15.88,11.23
531.878,flow_only,44.101,52.1375722,21.1614333,89.6,52.1376318,21.1614523,26,0.53,1.803,255,0.0,0.5031,0.0825,-0.0128,3.026,3.614,-0.16,0.05,22.39,0.02,0.0,0.0,0.01,99695,1507,3,0.39,0.07,-0.02,0.01,49,-87,-179,0,2.99,-0.12,0.0345,0.0651,16.45,22.21,13.81
531.978,flow_only,44.201,52.1375732,21.161434,89.6,52.1376318,21.1614523,26,0.53,1.803,255,0.0,1.0063,0.0523,-0.023,3.036,3.611,0.12,0.07,22.02,0.02,0.0,0.02,0.01,99695,1507,3,0.39,0.07,-0.02,0.01,49,-23,-204,0,2.98,-0.12,0.0432,0.0813,18.28,20.4,12.06
532.078,flow_only,44.3,52.1375741,21.1614347,89.59,52.1376348,21.1614544,26,0.53,1.811,255,0.0,0.3354,0.0237,-0.0844,3.11,3.607,0.37,-0.31,21.67,0.02,0.0,0.01,0.01,99695,1507,3,0.39,0.07,-0.02,0.01,49,-40,216,0,2.98,-0.13,0.021,0.0444,19.4,17.17,11.32
532.178,flow_only,44.4,52.1375752,21.1614356,89.59,52.1376348,21.1614544,26,0.53,1.811,255,-0.1677,0.5031,-0.0077,-0.141,3.124,3.601,0.25,-1.08,21.3,0.02,0.0,0.01,0.02,99695,1507,3,0.39,0.07,-0.02,0.01,49,67,-59,0,2.98,-0.21,0.0173,0.0364,18.82,21.43,13.25
532.279,flow_only,44.501,52.1375763,21.1614365,89.58,52.1376379,21.1614567,26,0.53,1.866,255,-0.1677,0.503,-0.0629,-0.0323,3.106,3.594,0.01,-1.46,21.07,0.02,0.0,0.01,0.01,99695,1507,3,0.39,0.07,-0.02,0.01,49,-86,-147,0,2.98,-0.22,0.0224,0.0497,19.36,18.51,14.14
532.378,flow_only,44.6,52.1375774,21.1614375,89.57,52.1376379,21.1614567,26,0.53,1.866,255,-0.1677,1.0063,-0.0681,0.0113,3.056,3.587,-0.43,-1.55,20.9,0.02,0.0,0.01,0.01,99695,1507,3,0.39,0.07,-0.02,0.01,49,135,314,0,2.99,-0.2,0.0156,0.0272,19.68,24.27,14.0
532.478,flow_only,44.7,52.1375786,21.1614386,89.57,52.137641,21.1614592,26,0.53,2.017,255,0.0,0.5032,-0.0449,0.0366,3.022,3.582,-0.78,-1.27,20.78,0.02,0.0,0.0,0.01,99695,1507,3,0.39,0.07,-0.02,0.01,49,-49,-123,0,2.99,-0.18,0.0187,0.0439,20.33,21.86,12.06
532.578,flow_only,44.8,52.13758,21.1614398,89.56,52.137641,21.1614592,26,0.53,2.017,255,0.0,0.5032,-0.0316,0.0188,3.052,3.574,-0.94,-1.21,20.69,0.02,0.0,0.02,0.0,99695,1507,3,0.39,0.07,-0.02,0.01,49,-44,412,0,2.97,-0.13,0.0414,0.0803,22.88,19.75,11.97
532.678,flow_only,44.901,52.1375813,21.1614411,89.55,52.1376443,21.1614619,26,0.53,2.078,255,-0.1677,0.503,-0.0546,0.1267,3.064,3.564,-1.07,-0.7,20.72,0.02,0.0,0.01,0.0,99695,1507,3,0.39,0.07,-0.02,0.01,49,75,-135,0,2.97,-0.13,0.0204,0.0446,22.14,22.21,12.69
532.778,flow_only,45.0,52.1375828,21.1614424,89.53,52.1376443,21.1614619,26,0.53,2.078,255,0.0,0.5031,-0.0285,0.1385,3.062,3.549,-1.35,-0.01,20.88,0.02,0.0,0.08,0.01,99695,1507,3,0.39,0.07,-0.02,0.01,49,-38,-66,0,2.93,-0.21,0.0322,0.068,21.91,22.55,11.91
532.878,flow_only,45.101,52.1375843,21.1614435,89.51,52.1376478,21.1614644,26,0.53,2.074,255,0.0,0.5031,-0.0441,0.1639,3.066,3.53,-1.5,0.9,21.4,0.02,0.0,0.04,0.03,99695,1507,3,0.39,0.07,-0.02,0.01,49,-87,557,0,2.92,-0.24,0.0561,0.1099,20.78,21.17,13.06
532.978,flow_only,45.201,52.1375859,21.1614447,89.5,52.1376478,21.1614644,26,0.53,2.074,255,0.0,0.5031,-0.0053,0.1203,3.048,3.516,-1.72,1.64,22.23,0.02,0.0,0.05,0.01,99695,1507,3,0.39,0.07,-0.02,0.01,49,109,-96,0,2.94,-0.2,0.0294,0.0598,18.6,20.53,13.38
533.078,flow_only,45.3,52.1375876,21.1614459,89.49,52.1376512,21.1614668,26,0.53,2.068,255,0.0,0.5031,-0.0579,0.1746,3.14,3.508,-1.86,2.76,23.22,0.02,0.0,0.03,0.0,99695,1507,3,0.39,0.07,-0.02,0.01,49,44,-175,0,2.93,-0.21,0.0382,0.0774,20.3,18.79,11.83
533.178,flow_only,45.4,52.1375892,21.1614469,89.49,52.1376512,21.1614668,26,0.53,2.068,255,0.0,0.5031,0.0132,0.0457,3.136,3.5,-1.79,3.26,24.23,0.02,0.0,0.0,0.01,99695,1507,3,0.39,0.07,-0.02,0.01,49,-164,292,0,2.94,-0.27,0.0447,0.0899,16.61,14.64,12.83
533.278,flow_only,45.5,52.1375907,21.161448,89.48,52.1376512,21.1614668,26,0.53,2.068,255,0.0,0.3354,0.0121,0.0344,3.1,3.492,-1.57,3.58,25.15,0.02,0.0,0.0,0.0,99695,1507,3,0.39,0.07,-0.02,0.01,49,-47,-166,0,2.94,-0.27,0.0133,0.0332,13.52,12.11,10.03
533.378,flow_only,45.6,52.137592,21.1614489,89.47,52.1376547,21.1614692,26,0.53,2.16,255,0.1678,0.3356,0.0439,-0.072,3.12,3.483,-1.4,3.29,25.75,0.02,0.0,0.0,0.01,99695,1507,3,0.39,0.07,-0.02,0.01,49,-32,-180,0,2.94,-0.25,0.0254,0.0372,15.56,14.18,11.03
533.478,flow_only,45.7,52.1375931,21.1614498,89.45,52.1376582,21.1614713,26,0.53,1.979,255,0.0,0.3354,0.0098,-0.0996,3.1,3.468,-1.29,2.94,26.09,0.02,0.0,0.06,0.01,99695,1507,3,0.39,0.07,-0.02,0.01,49,126,-187,0,2.91,-0.25,0.028,0.0466,14.07,13.08,12.11
533.578,flow_only,45.8,52.1375944,21.1614505,89.44,52.1376582,21.1614713,26,0.53,1.979,255,0.0,0.3354,0.0583,-0.1657,3.08,3.451,-1.17,2.09,26.12,0.02,0.0,0.0,0.01,99695,1507,3,0.39,0.07,-0.02,0.01,49,-44,-63,0,2.92,-0.25,0.013,0.0267,14.11,11.82,12.25
533.678,flow_only,45.9,52.1375956,21.1614514,89.42,52.1376615,21.1614733,26,0.53,1.936,255,0.0,0.3354,0.0217,-0.0468,3.08,3.438,-0.79,1.61,25.91,0.02,0.0,0.0,0.01,99695,1507,3,0.39,0.07,-0.02,0.01,49,-146,-76,0,2.92,-0.25,0.018,0.0371,15.53,11.3,11.32
533.778,flow_only,46.0,52.1375969,21.1614524,89.41,52.1376615,21.1614733,26,0.53,1.936,255,0.1677,0.3354,0.0532,0.042,3.07,3.427,-0.5,1.58,25.46,0.02,0.0,0.01,0.01,99695,1507,3,0.39,0.07,-0.02,0.01,49,-80,0,0,2.91,-0.24,0.0241,0.0486,13.99,13.39,11.58
533.878,flow_only,46.101,52.1375983,21.1614534,89.41,52.1376647,21.1614753,26,0.53,1.835,255,0.1677,0.8387,0.0563,0.025,3.084,3.421,-0.3,1.83,24.83,0.02,0.0,0.03,0.02,99695,1507,3,0.39,0.08,-0.02,0.01,49,84,390,0,2.92,-0.24,0.0423,0.0801,14.25,13.5,11.64
533.978,flow_only,46.201,52.1375997,21.1614543,89.4,52.1376647,21.1614753,26,0.53,1.835,255,0.0,0.3353,0.0276,0.0531,3.1,3.419,-0.04,1.99,24.22,0.02,0.0,0.0,0.0,99695,1507,3,0.39,0.08,-0.02,0.01,49,59,-62,0,2.92,-0.24,0.0232,0.0486,13.13,14.87,11.07
534.078,flow_only,46.301,52.1376012,21.1614552,89.4,52.1376678,21.1614773,26,0.53,1.824,255,0.3354,1.0062,0.0237,0.0579,3.116,3.417,0.15,2.26,23.68,0.02,0.0,0.01,0.01,99695,1507,3,0.39,0.07,-0.02,0.01,49,-66,-97,0,2.92,-0.24,0.0263,0.0537,14.47,13.31,11.68
534.178,flow_only,46.401,52.1376025,21.161456,89.4,52.1376678,21.1614773,26,0.53,1.824,255,0.0,0.3354,0.0142,0.0552,3.087,3.416,0.11,2.62,23.24,0.02,0.0,0.02,0.01,99695,1507,3,0.39,0.07,-0.02,0.01,49,160,392,0,2.94,-0.25,0.0351,0.0701,15.62,13.63,11.82
534.279,flow_only,46.501,52.1376038,21.1614568,89.4,52.1376708,21.1614792,26,0.53,1.798,255,0.0,1.0061,-0.0198,0.1122,3.118,3.418,0.02,3.09,22.92,0.02,0.0,0.03,0.0,99695,1507,3,0.39,0.07,-0.02,0.01,49,-17,-81,0,2.95,-0.25,0.0069,0.0344,17.16,15.22,12.28
534.378,flow_only,46.601,52.1376051,21.1614577,89.41,52.1376708,21.1614792,26,0.53,1.798,255,-0.1677,0.3354,-0.0276,0.106,3.116,3.422,-0.14,3.72,22.67,0.02,0.0,0.0,0.02,99695,1507,3,0.39,0.07,-0.02,0.01,49,20,35,0,2.96,-0.23,0.0311,0.0646,19.6,17.0,12.0
534.478,flow_only,46.7,52.1376064,21.1614586,89.41,52.1376739,21.1614809,26,0.53,1.732,255,0.0,1.0063,0.0521,0.1188,3.106,3.424,0.05,4.22,22.61,0.02,0.0,0.01,0.01,99695,1507,3,0.39,0.1,-0.02,0.01,49,-55,261,0,2.97,-0.22,0.0382,0.0771,18.96,16.74,10.32
534.578,flow_only,46.8,52.1376077,21.1614594,89.41,52.1376739,21.1614809,26,0.53,1.732,255,-0.1677,0.6708,-0.075,0.1754,3.096,3.425,-0.29,5.22,22.71,0.02,0.0,0.0,0.01,99695,1507,3,0.39,0.1,-0.02,0.01,49,80,-177,0,2.98,-0.2,0.0153,0.0393,18.64,16.35,11.55
534.678,flow_only,46.9,52.1376088,21.1614599,89.41,52.1376768,21.1614827,26,0.53,1.682,255,-0.1677,1.0063,-0.0104,0.1411,3.1,3.422,-0.4,6.21,22.85,0.02,0.0,0.0,0.0,99695,1507,3,0.39,0.1,-0.02,0.01,49,50,-325,0,2.97,-0.18,0.0238,0.0474,17.87,20.84,12.78
534.778,flow_only,47.0,52.1376097,21.1614604,89.4,52.1376768,21.1614827,26,0.53,1.682,255,0.0,0.3354,0.0324,0.059,3.118,3.416,-0.39,6.61,23.11,0.02,0.0,0.0,0.01,99695,1507,3,0.39,0.1,-0.02,0.01,49,-157,-21,0,2.98,-0.18,0.0208,0.0379,19.71,18.68,14.67
534.878,flow_only,47.1,52.1376105,21.1614609,89.39,52.1376795,21.1614844,26,0.53,1.515,255,0.0,0.6707,-0.0045,-0.0244,3.106,3.409,-0.28,6.74,23.37,0.02,0.0,0.01,0.01,99695,1507,3,0.39,0.09,-0.02,0.01,49,-37,-130,0,2.96,-0.18,0.0194,0.0347,21.68,21.41,14.09
534.979,flow_only,47.201,52.1376112,21.1614613,89.39,52.1376795,21.1614844,26,0.53,1.515,255,0.0,0.3354,0.0159,0.0393,3.108,3.401,-0.12,6.86,23.63,0.02,0.0,0.01,0.01,99695,1507,3,0.39,0.09,-0.02,0.01,49,-20,-30,0,2.97,-0.19,0.0166,0.0326,19.36,21.2,15.82
535.078,flow_only,47.3,52.1376119,21.1614617,89.38,52.1376818,21.161486,26,0.53,1.334,255,0.0,0.503,0.0205,0.0017,3.1,3.394,-0.1,6.8,23.81,0.02,0.0,0.0,0.01,99695,1507,3,0.39,0.1,-0.02,0.01,49,184,-2,0,2.96,-0.19,0.0084,0.0226,18.6,20.36,14.27
535.179,flow_only,47.401,52.1376126,21.1614621,89.37,52.1376818,21.161486,26,0.53,1.334,255,-0.1677,0.3353,-0.0016,0.0257,3.096,3.389,-0.13,7.1,23.91,0.02,0.0,0.0,0.01,99695,1507,3,0.39,0.1,-0.02,0.01,49,-7,285,0,2.97,-0.18,0.0255,0.0446,18.96,19.86,14.5
535.279,flow_only,47.501,52.1376132,21.1614625,89.37,52.1376839,21.1614874,26,0.53,1.157,255,0.0,0.5031,0.0406,0.0882,3.112,3.382,0.17,7.4,23.91,0.02,0.0,0.01,0.01,99695,1507,3,0.39,0.11,-0.02,0.01,49,-86,-145,0,2.96,-0.19,0.0042,0.008,21.69,20.22,14.91
535.378,flow_only,47.6,52.1376137,21.1614628,89.36,52.1376839,21.1614874,26,0.53,1.157,255,0.0,0.3353,0.018,0.0621,3.108,3.373,0.29,7.91,23.85,0.02,0.0,0.01,0.01,99695,1507,3,0.39,0.11,-0.02,0.01,49,-23,-160,0,2.95,-0.19,0.0078,0.0123,20.13,20.11,14.07
535.478,flow_only,47.7,52.1376142,21.1614632,89.35,52.1376856,21.1614886,26,0.53,0.912,255,0.0,0.5031,0.0028,-0.0074,3.098,3.364,0.37,8.01,23.75,0.02,0.0,0.0,0.02,99695,1507,3,0.39,0.11,-0.02,0.01,49,-32,447,0,2.95,-0.2,0.042,0.0751,20.44,20.56,15.12
535.578,flow_only,47.8,52.1376147,21.1614636,89.34,52.1376856,21.1614886,26,0.53,0.912,255,0.0,0.1677,0.0703,-0.0667,3.09,3.358,0.35,7.64,23.5,0.02,0.0,0.0,0.02,99695,1507,3,0.39,0.11,-0.02,0.01,49,19,-89,0,2.95,-0.18,0.0219,0.041,22.57,20.74,15.76
535.678,flow_only,47.9,52.137615,21.161464,89.34,52.137687,21.1614897,26,0.53,0.728,255,0.0,0.1677,0.0046,-0.0535,3.078,3.351,0.54,7.37,23.14,0.02,0.0,0.01,0.01,99695,1507,3,0.4,0.1,-0.02,0.01,49,-46,70,0,2.94,-0.19,0.031,0.0586,22.4,20.71,14.92
535.778,flow_only,48.0,52.1376153,21.1614644,89.33,52.137687,21.1614897,26,0.53,0.728,255,0.0,0.1678,0.0254,-0.0156,3.066,3.346,0.8,7.1,22.75,0.02,0.0,0.0,0.01,99695,1507,3,0.4,0.1,-0.02,0.01,49,-22,-46,0,2.95,-0.17,0.0198,0.04,20.2,21.81,13.75
535.878,flow_only,48.101,52.1376156,21.1614647,89.33,52.137688,21.1614906,26,0.53,0.578,255,-0.1677,0.0,-0.0931,-0.0977,3.058,3.344,0.34,6.6,22.44,0.02,0.0,0.0,0.01,99695,1507,3,0.4,0.07,-0.02,0.01,49,32,119,0,2.95,-0.16,0.0283,0.0542,22.03,19.4,15.28
535.978,flow_only,48.201,52.1376159,21.1614649,89.33,52.137688,21.1614906,26,0.53,0.578,255,0.0,0.0,-0.1481,-0.0748,3.076,3.345,-0.49,6.18,22.35,0.02,0.0,0.02,0.0,99695,1507,3,0.4,0.07,-0.02,0.01,49,-37,0,0,2.96,-0.15,0.0321,0.0629,20.49,23.69,14.93
536.078,flow_only,48.3,52.1376161,21.1614651,89.33,52.1376888,21.1614914,26,0.53,0.384,255,-0.1677,0.1677,-0.0659,-0.0967,3.072,3.348,-0.98,5.71,22.54,0.02,0.0,0.01,0.01,99695,1507,3,0.4,0.06,-0.02,0.01,49,-34,18,0,2.97,-0.15,0.0234,0.049,23.81,24.38,15.02
536.178,flow_only,48.4,52.1376163,21.1614652,89.34,52.1376888,21.1614914,26,0.53,0.384,255,0.0,0.0,-0.0432,-0.0296,3.064,3.358,-1.45,5.1,22.65,0.02,0.0,0.11,0.0,99695,1507,3,0.4,0.06,-0.02,0.01,49,-27,148,0,3.02,-0.15,0.0318,0.0794,22.51,26.36,14.76
536.278,flow_only,48.501,52.1376164,21.1614654,89.36,52.1376888,21.1614914,26,0.53,0.384,255,0.0,0.0,0.0267,-0.0843,3.07,3.379,-1.5,4.86,22.73,0.02,0.0,0.09,0.01,99695,1507,3,0.4,0.06,-0.02,0.01,49,36,0,0,3.06,-0.07,0.0255,0.0836,25.21,27.09,14.77
536.378,flow_only,48.601,52.1376165,21.1614655,89.39,52.1376893,21.1614921,26,0.53,0.315,255,0.0,0.1677,0.0624,-0.0016,3.056,3.406,-1.05,4.68,22.77,0.02,0.0,0.07,0.0,99695,1507,3,0.4,0.07,-0.02,0.01,49,-71,44,0,3.09,-0.04,0.0255,0.085,26.01,30.77,16.97
536.478,flow_only,48.7,52.1376167,21.1614657,89.42,52.1376897,21.1614927,26,0.53,0.254,255,0.0,0.0,0.0879,-0.0493,3.066,3.435,-0.64,4.39,22.77,0.02,0.0,0.09,0.0,99695,1507,3,0.4,0.05,-0.02,0.01,49,-61,56,0,3.13,0.0,0.034,0.1002,27.62,29.4,16.32
536.578,flow_only,48.8,52.1376168,21.161466,89.46,52.1376897,21.1614927,26,0.53,0.254,255,0.0,0.0,-0.0369,-0.0438,3.064,3.47,-0.58,4.2,22.8,0.02,0.0,0.12,0.01,99695,1507,3,0.4,0.05,-0.02,0.01,49,20,29,0,3.18,0.04,0.0307,0.1092,28.19,28.21,17.15
536.678,flow_only,48.9,52.1376169,21.1614662,89.49,52.13769,21.1614933,26,0.53,0.25,255,0.0,0.1677,-0.0524,0.0569,3.064,3.509,-0.63,4.32,22.79,0.02,0.0,0.1,0.01,99695,1507,3,0.4,0.05,-0.02,0.01,49,-9,-2,0,3.21,0.08,0.0246,0.1039,28.13,28.37,18.95
536.778,flow_only,49.0,52.1376169,21.1614663,89.54,52.13769,21.1614933,26,0.53,0.25,255,0.0,0.0,-0.0258,0.0058,3.07,3.551,-0.98,4.32,22.67,0.02,0.0,0.14,0.11,99695,1507,3,0.4,0.05,-0.02,0.01,49,-95,-36,0,3.27,0.14,0.0243,0.1167,28.5,29.0,18.18
536.878,flow_only,49.1,52.1376169,21.1614666,89.58,52.1376903,21.1614938,26,0.53,0.258,255,0.0,0.0,-0.0203,0.0185,3.062,3.595,-1.11,4.59,22.55,0.02,0.0,0.09,0.11,99695,1507,3,0.4,0.08,-0.02,0.01,49,-135,-41,0,3.3,0.17,0.0298,0.115,27.49,28.23,16.94
536.978,flow_only,49.201,52.137617,21.1614671,89.62,52.1376903,21.1614938,26,0.53,0.258,255,0.0,0.1677,-0.0865,0.0465,3.056,3.635,-1.4,4.72,22.32,0.02,0.0,0.1,0.14,99695,1507,3,0.4,0.08,-0.02,0.01,49,-120,337,0,3.33,0.21,0.0464,0.1308,25.58,26.25,16.23
537.079,flow_only,49.301,52.1376171,21.1614675,89.66,52.1376907,21.1614941,26,0.53,0.21,255,0.0,0.0,-0.0049,0.0616,3.044,3.672,-1.56,4.96,22.07,0.02,0.0,0.09,0.15,99695,1507,3,0.4,0.08,-0.02,0.01,49,77,140,0,3.36,0.24,0.0313,0.104,27.53,27.43,16.56
537.178,flow_only,49.401,52.1376172,21.1614678,89.69,52.1376907,21.1614941,26,0.53,0.21,255,0.0,0.0,-0.0624,0.0177,3.034,3.707,-1.77,5.11,21.94,0.02,0.0,0.1,0.14,99695,1507,3,0.4,0.08,-0.02,0.01,49,-144,-41,0,3.38,0.28,0.0276,0.0989,27.56,25.9,17.58
537.279,flow_only,49.501,52.1376173,21.161468,89.73,52.1376907,21.1614941,26,0.53,0.21,255,0.0,0.1677,-0.0424,0.0723,3.014,3.74,-2.16,5.32,21.94,0.02,0.0,0.09,0.04,99695,1507,3,0.4,0.08,-0.02,0.01,49,85,168,0,3.4,0.31,0.0338,0.0979,28.11,27.3,18.28
537.378,flow_only,49.6,52.1376174,21.1614683,89.76,52.1376911,21.1614945,26,0.53,0.214,255,0.0,0.1677,-0.015,0.0306,2.994,3.772,-2.27,5.71,21.95,0.02,0.0,0.09,0.01,99695,1507,3,0.4,0.08,-0.02,0.01,49,39,78,0,3.42,0.35,0.0328,0.0941,27.7,27.13,17.32
537.478,flow_only,49.701,52.1376176,21.1614684,89.79,52.1376913,21.1614947,26,0.53,0.061,255,0.0,0.0,-0.0171,0.0617,2.976,3.802,-2.22,5.89,21.94,0.02,0.0,0.08,0.0,99695,1507,3,0.4,0.12,-0.02,0.01,49,-24,14,0,3.43,0.39,0.0296,0.0843,28.57,30.34,19.86
537.578,flow_only,49.801,52.1376177,21.1614684,89.81,52.1376913,21.1614947,26,0.53,0.061,255,0.0,0.1677,0.0882,0.0803,2.956,3.827,-1.99,6.23,21.8,0.02,0.0,0.03,0.0,99695,1507,3,0.4,0.12,-0.02,0.01,49,-35,-24,0,3.42,0.4,0.0126,0.0478,27.82,27.21,18.93
537.678,flow_only,49.9,52.1376177,21.1614683,89.83,52.1376913,21.1614947,26,0.53,0.077,255,0.0,0.0,0.0107,-0.0026,2.95,3.849,-1.76,6.34,21.58,0.02,0.0,0.05,0.01,99695,1507,3,0.4,0.11,-0.02,0.01,49,108,34,0,3.42,0.41,0.0148,0.0421,26.78,26.96,18.09
537.778,flow_only,50.0,52.1376176,21.1614681,89.85,52.1376913,21.1614947,26,0.53,0.077,255,0.0,-0.1677,-0.008,-0.088,2.918,3.864,-1.73,6.06,21.34,0.02,0.0,0.0,0.0,99695,1507,3,0.4,0.11,-0.02,0.01,49,-40,99,0,3.4,0.41,0.0101,0.0208,27.83,28.87,20.55
537.878,flow_only,50.1,52.1376176,21.1614679,89.86,52.1376912,21.1614944,26,0.53,0.153,255,0.0,0.0,0.0767,-0.0678,2.894,3.879,-1.5,5.53,21.15,0.02,0.0,0.07,0.0,99695,1507,3,0.4,0.08,-0.02,0.01,49,130,163,0,3.42,0.44,0.0187,0.0382,24.05,26.31,17.27
537.978,flow_only,50.201,52.1376177,21.1614676,89.88,52.1376912,21.1614944,26,0.53,0.153,255,0.1677,-0.1677,0.114,-0.0111,2.862,3.897,-0.89,5.24,20.95,0.02,0.0,0.02,0.0,99695,1507,3,0.4,0.08,-0.02,0.01,49,-123,-43,0,3.41,0.46,0.0121,0.0234,27.73,26.01,19.51
538.078,flow_only,50.3,52.1376176,21.1614673,89.9,52.1376911,21.161494,26,0.53,0.18,255,0.1677,0.0,0.0569,-0.0492,2.85,3.912,-0.57,5.14,20.9,0.02,0.0,0.03,0.02,99695,1507,3,0.4,0.08,-0.02,0.01,49,47,66,0,3.41,0.47,0.01,0.0202,25.54,27.78,18.18
538.178,flow_only,50.4,52.1376176,21.1614669,89.91,52.1376911,21.161494,26,0.53,0.18,255,0.1677,0.0,0.0325,-0.0243,2.838,3.927,-0.2,4.93,20.93,0.02,0.0,0.03,0.01,99695,1507,3,0.4,0.08,-0.02,0.01,49,188,-35,0,3.4,0.49,0.0258,0.054,28.24,28.33,18.19
538.278,flow_only,50.5,52.1376175,21.1614663,89.93,52.1376911,21.161494,26,0.53,0.18,255,0.1677,0.0,0.0937,-0.0256,2.83,3.944,0.16,4.76,20.99,0.02,0.0,0.04,0.01,99695,1507,3,0.4,0.08,-0.02,0.01,49,-72,115,0,3.4,0.51,0.0171,0.0369,28.19,27.71,18.92
538.378,flow_only,50.601,52.1376174,21.1614659,89.94,52.1376908,21.1614937,26,0.53,0.22,255,0.1677,-0.3354,0.0745,-0.1473,2.822,3.959,0.71,4.26,21.04,0.02,0.0,0.0,0.01,99695,1507,3,0.4,0.07,-0.02,0.01,49,9,-28,0,3.4,0.51,0.0129,0.0314,28.86,28.2,20.6
538.478,flow_only,50.7,52.1376172,21.1614657,89.96,52.1376905,21.1614934,26,0.53,0.236,255,0.0,0.0,-0.0436,-0.0794,2.804,3.972,0.62,3.69,21.09,0.02,0.0,0.0,0.01,99695,1507,3,0.4,0.06,-0.02,0.01,49,-37,-149,0,3.39,0.5,0.0125,0.0354,25.88,26.4,19.21
538.578,flow_only,50.801,52.137617,21.1614655,89.97,52.1376905,21.1614934,26,0.53,0.236,255,0.0,-0.1677,0.0056,-0.0395,2.778,3.984,0.58,3.4,21.08,0.02,0.0,0.02,0.0,99695,1507,3,0.4,0.06,-0.02,0.01,49,6,-10,0,3.39,0.52,0.0058,0.0278,26.65,25.45,18.77
538.678,flow_only,50.9,52.1376168,21.1614653,89.98,52.1376902,21.161493,26,0.53,0.192,255,0.0,-0.1677,-0.1032,-0.0006,2.782,4.0,0.18,3.18,21.1,0.02,0.0,0.05,0.01,99695,1507,3,0.4,0.06,-0.02,0.01,49,50,-5,0,3.4,0.55,0.0078,0.0222,28.74,28.84,19.72
538.778,flow_only,51.0,52.1376166,21.1614651,90.01,52.1376902,21.161493,26,0.53,0.192,255,0.0,0.0,0.0279,-0.0224,2.774,4.021,0.07,3.18,21.0,0.02,0.0,0.02,0.01,99695,1507,3,0.4,0.06,-0.02,0.01,49,-17,-77,0,3.41,0.56,0.0238,0.0498,26.44,27.55,19.38
538.878,flow_only,51.101,52.1376163,21.1614649,90.03,52.1376899,21.1614927,26,0.53,0.268,255,0.0,-0.1677,0.0006,-0.1194,2.766,4.045,0.04,2.74,20.9,0.02,0.0,0.06,0.01,99695,1507,3,0.4,0.07,-0.02,0.01,49,17,157,0,3.44,0.59,0.0047,0.0066,29.96,28.28,19.5
538.978,flow_only,51.201,52.1376161,21.1614647,90.06,52.1376899,21.1614927,26,0.53,0.268,255,0.0,0.0,-0.0412,-0.0172,2.762,4.073,0.14,2.4,20.85,0.02,0.0,0.02,0.0,99695,1507,3,0.4,0.07,-0.02,0.01,49,-59,-143,0,3.44,0.6,0.0138,0.0313,28.66,28.96,19.35
539.078,flow_only,51.301,52.1376159,21.1614646,90.09,52.1376894,21.1614925,26,0.53,0.283,255,-0.1678,0.0,-0.0523,-0.0191,2.766,4.103,-0.12,2.27,20.78,0.02,0.0,0.07,0.02,99695,1507,3,0.39,0.08,-0.02,0.01,49,32,94,0,3.47,0.64,0.0091,0.0223,30.02,27.22,20.81
539.178,flow_only,51.401,52.1376157,21.1614646,90.12,52.1376894,21.1614925,26,0.53,0.283,255,0.0,-0.1677,-0.0506,-0.0029,2.768,4.137,-0.47,2.3,20.79,0.02,0.0,0.04,0.01,99695,1507,3,0.39,0.08,-0.02,0.01,49,69,80,0,3.48,0.65,0.0079,0.0208,28.77,29.08,19.08
539.278,flow_only,51.501,52.1376155,21.1614647,90.16,52.1376894,21.1614925,26,0.53,0.283,255,0.0,0.0,0.0096,0.0462,2.772,4.17,-0.28,2.37,20.95,0.02,0.0,0.05,0.01,99695,1507,3,0.39,0.08,-0.02,0.01,49,-184,59,0,3.51,0.67,0.0208,0.0495,28.77,27.97,17.73
539.378,flow_only,51.6,52.1376154,21.1614648,90.19,52.137689,21.1614925,26,0.53,0.171,255,0.0,0.0,-0.0835,-0.0204,2.768,4.203,-0.41,2.48,21.12,0.02,0.0,0.03,0.01,99695,1507,3,0.39,0.08,-0.02,0.01,49,-3,17,0,3.53,0.69,0.0042,0.0139,29.09,29.25,18.64
539.478,flow_only,51.701,52.1376153,21.1614648,90.21,52.1376888,21.1614925,26,0.53,0.132,255,-0.1677,0.0,-0.108,0.0562,2.768,4.23,-1.07,2.59,21.31,0.02,0.0,0.01,0.01,99695,1507,3,0.39,0.08,-0.02,0.01,49,141,-117,0,3.54,0.69,0.0175,0.039,26.12,27.29,18.21
539.578,flow_only,51.801,52.1376152,21.1614647,90.24,52.1376888,21.1614925,26,0.53,0.132,255,-0.1677,0.0,0.0113,-0.0152,2.77,4.252,-1.24,2.61,21.45,0.02,0.0,0.02,0.02,99695,1507,3,0.39,0.08,-0.02,0.01,49,43,27,0,3.54,0.7,0.0139,0.0327,26.51,23.58,17.7
539.678,flow_only,51.9,52.1376151,21.1614647,90.26,52.1376886,21.1614926,26,0.53,0.125,255,0.0,0.0,0.0522,-0.0282,2.768,4.272,-1.03,2.56,21.42,0.02,0.0,0.0,0.01,99695,1507,3,0.39,0.09,-0.02,0.01,49,-38,32,0,3.54,0.7,0.0099,0.0326,25.75,25.36,18.04
539.778,flow_only,52.0,52.137615,21.1614648,90.27,52.1376886,21.1614926,26,0.53,0.125,255,0.0,0.0,0.0712,0.0364,2.764,4.288,-0.66,2.6,21.3,0.02,0.0,0.01,0.02,99695,1507,3,0.39,0.09,-0.02,0.01,49,119,31,0,3.54,0.7,0.013,0.0416,24.94,22.62,16.75
539.878,flow_only,52.1,52.1376149,21.1614647,90.29,52.1376884,21.1614926,26,0.53,0.061,255,0.0,0.0,-0.0344,0.0869,2.758,4.301,-0.65,2.92,21.05,0.02,0.0,0.01,0.01,99695,1507,3,0.39,0.11,-0.02,0.01,49,179,-3,0,3.53,0.69,0.0294,0.0743,28.95,30.25,20.88
539.978,flow_only,52.201,52.1376148,21.1614644,90.3,52.1376884,21.1614926,26,0.53,0.061,255,0.0,0.1677,-0.0544,0.1194,2.758,4.315,-0.92,3.65,20.81,0.02,0.0,0.04,0.02,99695,1507,3,0.39,0.11,-0.02,0.01,49,33,-74,0,3.54,0.72,0.0274,0.0634,30.07,27.34,20.64
540.078,flow_only,52.3,52.1376147,21.1614641,90.31,52.1376883,21.1614927,26,0.53,0.07,255,0.0,0.1677,0.0979,0.1175,2.758,4.329,-0.72,4.28,20.5,0.02,0.0,0.01,0.01,99695,1507,3,0.39,0.11,-0.02,0.01,49,46,101,0,3.55,0.72,0.0249,0.0637,26.27,26.84,20.81
540.179,flow_only,52.401,52.1376146,21.1614639,90.32,52.1376883,21.1614927,26,0.53,0.07,255,0.0,0.1677,-0.0425,0.1463,2.76,4.336,-0.57,5.06,20.23,0.02,0.0,0.06,0.01,99695,1507,3,0.39,0.11,-0.02,0.01,49,-90,-100,0,3.51,0.69,0.0287,0.0793,30.82,25.38,20.24
540.278,flow_only,52.5,52.1376144,21.1614639,90.32,52.1376883,21.1614927,26,0.53,0.07,255,0.0,0.1678,-0.0469,0.0917,2.758,4.338,-0.98,5.81,19.58,0.02,0.0,0.04,0.01,99695,1507,3,0.39,0.11,-0.02,0.01,49,-102,50,0,3.49,0.67,0.0203,0.0746,32.49,29.36,22.4
540.378,flow_only,52.601,52.1376144,21.1614639,90.33,52.1376882,21.1614928,26,0.53,0.103,255,-0.1677,0.0,-0.0499,0.1574,2.76,4.34,-1.45,6.3,17.67,0.02,0.0,0.01,0.01,99695,1507,3,0.39,0.09,-0.02,0.01,49,42,145,0,3.49,0.68,0.0203,0.0678,29.7,28.2,21.12
540.478,flow_only,52.7,52.1376143,21.1614638,90.33,52.137688,21.1614929,26,0.53,0.149,255,0.0,0.1677,0.0394,0.2563,2.778,4.345,-1.94,7.68,13.87,0.02,0.0,0.0,0.01,99695,1507,3,0.39,0.09,-0.02,0.01,49,29,-227,0,3.49,0.67,0.0203,0.0657,27.63,26.73,19.08
540.578,flow_only,52.801,52.1376143,21.1614637,90.33,52.137688,21.1614929,26,0.53,0.149,255,0.0,0.0,0.0596,0.2223,2.756,4.344,-2.22,8.88,8.68,0.02,0.0,0.08,0.01,99695,1507,3,0.39,0.09,-0.02,0.01,49,-137,-52,0,3.45,0.65,0.0222,0.0818,28.74,26.05,16.98
540.678,flow_only,52.901,52.1376141,21.1614637,90.32,52.1376877,21.1614931,26,0.53,0.247,255,0.0,-0.1676,-0.0001,0.1091,2.754,4.333,-3.04,9.19,2.55,0.02,0.0,0.1,0.01,99695,1507,3,0.39,0.08,-0.02,0.01,49,293,1657,0,3.41,0.62,0.0225,0.0999,27.3,27.21,16.48
540.778,flow_only,53.001,52.1376137,21.1614635,90.3,52.1376877,21.1614931,26,0.53,0.247,255,-0.5031,0.0,0.0109,0.1828,2.764,4.319,-4.14,9.96,355.56,0.02,0.0,0.04,0.03,99695,1507,3,0.39,0.08,-0.02,0.01,49,-60,-161,0,3.39,0.63,0.0389,0.112,28.59,30.98,17.77
540.878,flow_only,53.1,52.1376132,21.1614637,90.29,52.1376871,21.1614933,26,0.53,0.426,255,0.0,0.0,-0.0484,-0.0686,2.774,4.306,-5.55,9.46,348.05,0.02,0.0,0.1,0.02,99695,1507,3,0.39,0.09,-0.02,0.01,49,-54,255,0,3.36,0.59,0.0606,0.1578,27.96,33.38,21.23
540.978,flow_only,53.201,52.137613,21.161464,90.28,52.1376871,21.1614933,26,0.53,0.426,255,0.0,-0.1677,-0.2453,-0.0157,2.784,4.296,-7.58,8.38,340.41,0.02,0.0,0.07,0.01,99695,1507,3,0.39,0.09,-0.02,0.01,49,-88,-510,0,3.34,0.57,0.0491,0.1447,33.76,29.06,17.53
541.078,flow_only,53.3,52.1376123,21.1614643,90.27,52.1376862,21.1614934,26,0.53,0.645,255,0.0,-0.1677,-0.3134,0.0092,2.826,4.288,-10.25,7.19,332.86,0.02,0.0,0.06,0.03,99695,1507,3,0.39,0.09,-0.02,0.01,49,189,-159,0,3.32,0.54,0.0346,0.1134,27.26,31.59,19.65
541.178,flow_only,53.401,52.1376114,21.161464,90.27,52.1376862,21.1614934,26,0.53,0.645,255,0.1677,-0.1677,-0.1692,-0.0683,2.844,4.283,-12.5,5.51,325.38,0.02,0.0,0.02,0.02,99695,1507,3,0.39,0.09,-0.02,0.01,49,178,-183,0,3.3,0.49,0.0454,0.1154,31.06,29.72,20.16
541.279,flow_only,53.501,52.1376105,21.1614636,90.27,52.1376848,21.1614931,26,0.53,0.917,255,0.3354,-0.5031,0.2306,-0.102,2.858,4.28,-12.31,3.19,317.92,0.02,0.0,0.05,0.02,99695,1507,3,0.39,0.09,-0.02,0.01,49,-351,-219,0,3.31,0.47,0.0285,0.0884,31.34,28.85,20.61
541.378,flow_only,53.601,52.1376092,21.1614634,90.26,52.1376848,21.1614931,26,0.53,0.917,255,0.8384,-0.3354,0.1601,-0.0231,2.862,4.275,-11.57,1.45,310.53,0.02,0.0,0.06,0.03,99695,1507,3,0.39,0.09,-0.02,0.01,49,39,62,0,3.29,0.44,0.053,0.1296,31.14,28.22,23.97
541.478,flow_only,53.701,52.1376079,21.161463,90.25,52.1376832,21.1614923,26,0.53,1.037,255,0.6706,0.0,0.3801,0.0192,2.868,4.268,-9.42,0.41,303.37,0.02,0.0,0.06,0.02,99695,1507,3,0.39,0.09,-0.02,0.01,49,278,-94,0,3.28,0.42,0.0535,0.1287,28.02,28.31,22.67
541.578,flow_only,53.801,52.1376067,21.1614624,90.25,52.1376832,21.1614923,26,0.53,1.037,255,0.5031,-0.3354,0.2344,-0.1212,2.846,4.267,-7.85,-1.23,296.72,0.02,0.0,0.0,0.03,99695,1507,3,0.39,0.09,-0.02,0.01,49,11,208,0,3.3,0.4,0.0257,0.073,25.12,28.93,19.8
541.678,flow_only,53.9,52.1376056,21.1614613,90.27,52.1376814,21.1614911,26,0.53,1.193,255,0.6708,0.0,0.054,0.0041,2.844,4.286,-7.03,-2.25,290.36,0.02,0.0,0.11,0.04,99695,1507,3,0.39,0.09,-0.02,0.01,49,-18,73,0,3.36,0.45,0.0311,0.0835,24.26,28.95,18.58
541.778,flow_only,54.001,52.1376044,21.1614601,90.31,52.1376814,21.1614911,26,0.53,1.193,255,0.3353,0.1677,0.0429,0.0918,2.846,4.325,-6.28,-2.6,284.23,0.02,0.0,0.14,0.06,99695,1507,3,0.39,0.09,-0.02,0.01,49,-149,-90,0,3.44,0.54,0.0223,0.0832,28.5,32.93,18.57
541.878,flow_only,54.1,52.1376034,21.161459,90.36,52.1376795,21.1614895,26,0.53,1.187,255,0.3353,0.1676,0.0533,0.0695,2.918,4.376,-5.58,-2.64,278.51,0.02,0.0,0.11,0.05,99695,1507,3,0.39,0.08,-0.02,0.01,49,181,321,0,3.5,0.59,0.0473,0.145,25.9,38.15,17.17
541.978,flow_only,54.201,52.1376023,21.1614576,90.42,52.1376795,21.1614895,26,0.53,1.187,255,0.5031,0.5031,-0.0345,0.1198,2.888,4.434,-5.46,-2.71,273.12,0.02,0.0,0.13,0.05,99695,1507,3,0.39,0.08,-0.02,0.01,49,5,-22,0,3.57,0.56,0.0379,0.1367,32.4,31.82,21.4
542.078,flow_only,54.3,52.1376011,21.1614564,90.48,52.1376777,21.1614878,26,0.53,1.167,255,0.3353,0.1677,0.0421,0.1086,2.884,4.492,-5.21,-2.47,268.02,0.02,0.0,0.09,0.04,99695,1507,3,0.39,0.09,-0.02,0.01,49,7,-101,0,3.62,0.64,0.0252,0.1142,29.79,37.95,20.21
542.178,flow_only,54.401,52.1376,21.1614553,90.52,52.1376777,21.1614878,26,0.53,1.167,255,0.3353,0.1677,0.0502,0.033,2.88,4.54,-4.71,-2.65,262.93,0.02,0.0,0.01,0.04,99695,1507,3,0.39,0.09,-0.02,0.01,49,277,105,0,3.62,0.67,0.0345,0.1067,31.71,32.77,21.72
542.278,flow_only,54.5,52.1375988,21.1614543,90.55,52.1376777,21.1614878,26,0.53,1.167,255,0.1676,0.1676,-0.0076,-0.0464,2.896,4.563,-4.42,-3.09,257.75,0.02,0.0,0.13,0.02,99695,1507,3,0.39,0.09,-0.02,0.01,49,-219,-55,0,3.57,0.67,0.0095,0.0286,30.58,30.1,22.67
542.378,flow_only,54.601,52.1375975,21.1614535,90.55,52.1376758,21.1614862,26,0.53,1.234,255,0.1677,0.503,-0.0429,0.1032,2.884,4.561,-4.28,-3.12,252.15,0.02,0.0,0.09,0.02,99695,1507,3,0.39,0.09,-0.02,0.01,49,25,-36,0,3.52,0.56,0.0244,0.0614,31.89,29.64,19.39
542.478,flow_only,54.701,52.1375964,21.1614528,90.53,52.1376739,21.1614846,26,0.53,1.124,255,0.5031,0.5031,0.0274,-0.0137,2.862,4.545,-3.91,-3.4,246.41,0.02,0.0,0.1,0.03,99695,1507,3,0.39,0.1,-0.02,0.01,49,-119,51,0,3.46,0.51,0.0153,0.0676,29.17,32.11,19.54
542.578,flow_only,54.801,52.1375953,21.1614522,90.51,52.1376739,21.1614846,26,0.53,1.124,255,0.1677,0.0,0.1284,-0.1407,2.816,4.521,-2.93,-4.27,240.52,0.02,0.0,0.09,0.05,99695,1507,3,0.39,0.1,-0.02,0.01,49,-37,292,0,3.41,0.48,0.0243,0.0868,32.12,33.64,21.89
542.679,flow_only,54.901,52.1375942,21.1614514,90.48,52.1376721,21.1614832,26,0.53,1.168,255,0.3354,0.1677,0.0779,-0.0381,2.79,4.498,-1.9,-4.99,234.36,0.02,0.0,0.05,0.04,99695,1507,3,0.39,0.09,-0.02,0.01,49,-53,-7,0,3.38,0.46,0.0209,0.0797,33.6,31.28,19.78
542.778,flow_only,55.001,52.1375931,21.1614506,90.47,52.1376721,21.1614832,26,0.53,1.168,255,0.1677,0.3354,0.0209,-0.0348,2.806,4.482,-1.06,-5.42,227.99,0.02,0.0,0.0,0.04,99695,1507,3,0.39,0.09,-0.02,0.01,49,43,90,0,3.37,0.51,0.0143,0.052,32.21,29.07,16.75
542.878,flow_only,55.1,52.137592,21.1614498,90.47,52.1376703,21.1614816,26,0.53,1.145,255,0.1677,0.3354,-0.1101,-0.0446,2.814,4.488,-0.8,-5.67,221.5,0.02,0.0,0.1,0.03,99695,1507,3,0.39,0.08,-0.02,0.01,49,-153,-141,0,3.42,0.51,0.0216,0.0482,28.09,27.81,16.65
542.978,flow_only,55.201,52.1375911,21.161449,90.5,52.1376703,21.1614816,26,0.53,1.145,255,0.0,0.6709,-0.0225,0.0344,2.82,4.515,-0.34,-5.78,214.83,0.02,0.0,0.13,0.02,99695,1507,3,0.39,0.08,-0.02,0.01,49,2398,-980,0,3.47,0.58,0.0264,0.0706,26.0,29.96,17.14
543.078,flow_only,55.301,52.1375902,21.1614483,90.54,52.1376685,21.16148,26,0.53,1.158,255,0.1677,0.5031,-0.0065,-0.0606,2.798,4.552,0.26,-5.91,208.12,0.02,0.0,0.04,0.02,99695,1507,3,0.39,0.08,-0.02,0.01,49,70,-120,0,3.49,0.6,0.032,0.0799,25.41,29.25,17.78
543.178,flow_only,55.4,52.1375893,21.1614477,90.58,52.1376685,21.16148,26,0.53,1.158,255,0.0,0.1677,-0.0075,-0.2025,2.84,4.592,0.97,-6.74,201.84,0.02,0.0,0.05,0.01,99695,1507,3,0.39,0.08,-0.02,0.01,49,68,85,0,3.51,0.63,0.0162,0.0604,29.55,30.38,21.47
543.278,flow_only,55.5,52.1375883,21.1614468,90.61,52.1376685,21.16148,26,0.53,1.158,255,0.0,0.5033,0.0586,-0.051,2.836,4.628,1.76,-7.23,196.87,0.02,0.0,0.02,0.04,99695,1507,3,0.39,0.08,-0.02,0.01,49,114,19,0,3.53,0.64,0.0136,0.0526,28.55,31.32,21.96
543.379,flow_only,55.601,52.1375872,21.1614466,90.64,52.1376665,21.1614786,26,0.53,1.282,255,0.0,0.1677,0.0456,-0.0833,2.838,4.658,2.47,-7.52,193.78,0.02,0.0,0.01,0.01,99695,1507,3,0.39,0.09,-0.02,0.01,49,-107,53,0,3.53,0.63,0.02,0.0519,28.25,33.98,24.38
543.478,flow_only,55.701,52.1375859,21.1614461,90.66,52.1376643,21.1614773,26,0.53,1.323,255,0.0,0.3354,0.1383,0.0372,2.842,4.676,3.24,-7.4,192.51,0.02,0.0,0.03,0.03,99695,1507,3,0.39,0.1,-0.02,0.01,49,67,5,0,3.51,0.61,0.0249,0.0494,34.4,40.86,24.97
543.578,flow_only,55.8,52.1375847,21.1614455,90.67,52.1376643,21.1614773,26,0.53,1.323,255,0.0,0.3354,0.1771,0.1895,2.842,4.685,3.96,-6.96,192.65,0.02,0.0,0.05,0.02,99695,1507,3,0.39,0.1,-0.02,0.01,49,-87,142,0,3.49,0.59,0.0231,0.0438,39.77,43.81,26.43
543.678,flow_only,55.9,52.1375834,21.1614447,90.67,52.137662,21.1614761,26,0.53,1.369,255,0.1677,0.3355,0.2861,0.0427,2.825,4.689,5.45,-6.19,194.18,0.02,0.0,0.05,0.02,99695,1507,3,0.39,0.09,-0.02,0.01,49,233,210,0,3.46,0.57,0.0325,0.0689,42.18,44.7,25.67
543.778,flow_only,56.0,52.137582,21.1614438,90.69,52.137662,21.1614761,26,0.53,1.369,255,0.0,0.6709,-0.0979,0.0193,2.818,4.704,5.37,-6.48,196.56,0.02,0.0,0.09,0.02,99695,1507,3,0.39,0.09,-0.02,0.01,49,-64,-32,0,3.49,0.62,0.0229,0.0461,40.02,42.04,28.3
543.878,flow_only,56.101,52.1375806,21.161443,90.72,52.1376597,21.1614748,26,0.53,1.399,255,0.0,0.3353,-0.0617,0.0908,2.842,4.731,4.38,-6.36,199.18,0.02,0.0,0.07,0.02,99695,1507,3,0.39,0.09,-0.02,0.01,49,193,-122,0,3.52,0.66,0.0318,0.0815,34.18,35.39,24.85
543.979,flow_only,56.201,52.1375792,21.1614423,90.75,52.1376597,21.1614748,26,0.53,1.399,255,0.0,0.3355,-0.0503,0.1299,2.83,4.765,3.86,-5.74,201.65,0.02,0.0,0.05,0.01,99695,1507,3,0.39,0.09,-0.02,0.01,49,-100,-46,0,3.54,0.64,0.0165,0.0541,29.89,32.76,24.41
544.078,flow_only,56.3,52.137578,21.1614415,90.79,52.1376575,21.1614731,26,0.53,1.355,255,0.0,0.8388,-0.0066,0.0115,2.82,4.803,3.65,-5.47,203.55,0.02,0.0,0.06,0.04,99695,1507,3,0.4,0.08,-0.02,0.01,49,-171,376,0,3.57,0.67,0.018,0.0583,26.37,27.75,21.03
544.178,flow_only,56.4,52.1375767,21.1614405,90.83,52.1376575,21.1614731,26,0.53,1.355,255,0.0,0.1677,-0.0927,-0.0634,2.776,4.843,3.17,-5.9,204.69,0.02,0.0,0.07,0.01,99695,1507,3,0.4,0.08,-0.02,0.01,49,92,8,0,3.59,0.71,0.0151,0.0624,28.08,28.56,17.94
544.278,flow_only,56.5,52.1375755,21.1614392,90.87,52.1376575,21.1614731,26,0.53,1.355,255,-0.1677,0.3353,-0.0386,0.0138,2.798,4.885,2.67,-5.92,205.28,0.02,0.0,0.05,0.02,99695,1507,3,0.4,0.08,-0.02,0.01,49,-218,296,0,3.61,0.75,0.0315,0.0827,27.85,29.91,16.76
544.378,flow_only,56.601,52.1375742,21.1614377,90.91,52.1376553,21.1614711,26,0.53,1.435,255,0.0,0.3355,-0.0618,0.1948,2.762,4.925,2.48,-5.11,205.72,0.02,0.0,0.04,0.02,99695,1507,3,0.4,0.08,-0.02,0.01,49,-123,-130,0,3.63,0.79,0.0268,0.075,25.76,27.48,17.92
544.478,flow_only,56.7,52.1375729,21.1614362,90.95,52.1376532,21.1614688,26,0.53,1.474,255,-0.3354,0.3354,-0.1771,0.0168,2.738,4.968,1.41,-4.9,205.86,0.02,0.0,0.11,0.03,99695,1507,3,0.4,0.08,-0.02,0.01,49,60,-17,0,3.67,0.82,0.0263,0.084,24.16,27.3,15.39
544.578,flow_only,56.801,52.1375716,21.1614347,91.0,52.1376532,21.1614688,26,0.53,1.474,255,-0.3354,0.8386,-0.0688,0.1344,2.794,5.016,0.82,-4.36,205.67,0.02,0.0,0.09,0.01,99695,1507,3,0.4,0.08,-0.02,0.01,49,32,37,0,3.71,0.91,0.0194,0.0798,28.34,24.76,16.96
544.678,flow_only,56.9,52.1375704,21.161433,91.05,52.137651,21.1614664,26,0.53,1.468,255,-0.1677,0.5031,-0.133,0.0106,2.804,5.064,0.21,-4.07,205.19,0.02,0.0,0.06,0.03,99695,1507,3,0.4,0.07,-0.02,0.01,49,-146,373,0,3.73,0.89,0.0507,0.1297,32.68,22.16,19.96
544.778,flow_only,57.001,52.1375692,21.1614313,91.09,52.137651,21.1614664,26,0.53,1.468,255,-0.1677,0.3355,-0.2566,0.0092,2.764,5.106,-1.05,-4.11,204.66,0.02,0.0,0.01,0.02,99695,1507,3,0.4,0.07,-0.02,0.01,49,118,-28,0,3.73,0.86,0.0173,0.0577,33.05,21.95,21.76
544.878,flow_only,57.101,52.137568,21.1614299,91.13,52.137649,21.161464,26,0.53,1.387,255,-0.3355,0.5032,-0.0912,0.0806,2.782,5.142,-1.97,-3.86,204.17,0.02,0.0,0.06,0.01,99695,1507,3,0.4,0.07,-0.02,0.01,49,-39,87,0,3.77,0.86,0.0108,0.0464,30.42,24.07,18.73
544.978,flow_only,57.201,52.1375669,21.1614285,91.16,52.137649,21.161464,26,0.53,1.387,255,-0.1677,0.3354,-0.0183,0.0548,2.724,5.177,-2.12,-3.39,203.71,0.02,0.0,0.02,0.0,99695,1507,3,0.4,0.07,-0.02,0.01,49,-46,14,0,3.75,0.9,0.0175,0.05,26.85,25.68,17.35
545.078,flow_only,57.301,52.1375658,21.1614272,91.19,52.137647,21.1614616,26,0.53,1.317,255,-0.1677,0.503,-0.0456,0.0117,2.65,5.208,-2.31,-3.44,203.58,0.02,0.0,0.03,0.02,99695,1507,3,0.4,0.08,-0.02,0.01,49,-76,311,0,3.75,0.92,0.0276,0.0611,25.03,25.31,17.0
545.179,flow_only,57.401,52.1375646,21.1614259,91.22,52.137647,21.1614616,26,0.53,1.317,255,-0.1677,0.1677,-0.0422,-0.0153,2.694,5.239,-2.52,-3.62,203.4,0.02,0.0,0.05,0.0,99695,1507,3,0.4,0.08,-0.02,0.01,49,87,20,0,3.76,0.99,0.0151,0.0404,22.07,23.79,15.22
545.278,flow_only,57.5,52.1375632,21.1614248,91.26,52.137647,21.1614616,26,0.53,1.317,255,-0.1677,0.5031,-0.1077,0.0416,2.715,5.273,-2.94,-3.45,203.22,0.02,0.0,0.06,0.03,99695,1507,3,0.4,0.08,-0.02,0.01,49,-90,308,0,3.77,1.04,0.03,0.0681,19.85,24.86,14.71
545.378,flow_only,57.601,52.1375619,21.1614236,91.3,52.1376451,21.1614596,26,0.53,1.27,255,0.0,0.3354,0.0546,0.0608,2.656,5.313,-2.79,-3.06,203.24,0.02,0.0,0.07,0.0,99695,1507,3,0.39,0.08,-0.02,0.01,49,-55,-103,0,3.77,0.99,0.0182,0.0525,20.98,25.32,14.84
545.478,flow_only,57.701,52.1375607,21.1614223,91.34,52.1376432,21.1614578,26,0.53,1.144,255,0.0,0.3353,0.116,0.0457,2.688,5.354,-2.18,-2.97,203.43,0.02,0.0,0.04,0.01,99695,1507,3,0.39,0.08,-0.02,0.01,49,-26,-34,0,3.77,1.03,0.0218,0.058,21.2,24.69,16.35
545.578,flow_only,57.801,52.1375596,21.1614209,91.38,52.1376432,21.1614578,26,0.53,1.144,255,0.0,0.5031,0.0217,-0.0545,2.684,5.393,-1.89,-2.92,203.74,0.02,0.0,0.04,0.01,99695,1507,3,0.39,0.08,-0.02,0.01,49,-54,267,0,3.76,1.01,0.031,0.0742,20.78,23.59,14.61
545.678,flow_only,57.9,52.1375583,21.1614198,91.42,52.1376414,21.1614563,26,0.53,1.121,255,0.0,0.3353,0.0007,-0.0133,2.694,5.432,-1.92,-3.12,204.04,0.02,0.0,0.04,0.01,99695,1507,3,0.39,0.08,-0.02,0.01,49,17,192,0,3.77,1.02,0.0255,0.0574,23.59,20.21,17.83
545.778,flow_only,58.001,52.1375569,21.1614188,91.45,52.1376414,21.1614563,26,0.53,1.121,255,0.0,0.6707,-0.0656,0.028,2.656,5.47,-2.23,-2.95,203.92,0.02,0.0,0.03,0.01,99695,1507,3,0.39,0.08,-0.02,0.01,49,40,-224,0,3.75,1.0,0.0172,0.0412,23.7,17.82,18.82
545.878,flow_only,58.1,52.1375556,21.161418,91.49,52.1376396,21.161455,26,0.53,1.079,255,0.0,0.3353,-0.0365,0.0861,2.618,5.502,-2.36,-2.55,203.21,0.02,0.0,0.01,0.03,99695,1507,3,0.39,0.08,-0.02,0.01,49,-3,-88,0,3.75,0.99,0.0122,0.0281,19.22,24.22,16.57
545.978,flow_only,58.201,52.1375545,21.1614173,91.51,52.1376396,21.161455,26,0.53,1.079,255,0.0,0.3354,-0.1037,-0.0197,2.62,5.53,-2.55,-2.42,202.37,0.02,0.0,0.02,0.0,99695,1507,3,0.39,0.08,-0.02,0.01,49,3,293,0,3.76,1.06,0.0142,0.0349,18.12,26.75,15.01
546.078,flow_only,58.3,52.1375533,21.1614167,91.54,52.1376379,21.1614538,26,0.53,1.005,255,0.0,0.1677,0.0316,-0.1262,2.638,5.556,-2.71,-3.09,201.55,0.02,0.0,0.01,0.0,99695,1507,3,0.39,0.09,-0.02,0.01,49,-123,-212,0,3.75,1.07,0.0184,0.0391,23.83,24.43,17.73
546.178,flow_only,58.4,52.1375523,21.161416,91.56,52.1376379,21.1614538,26,0.53,1.005,255,0.0,0.1677,0.0026,-0.0423,2.582,5.58,-2.25,-3.52,200.84,0.02,0.0,0.01,0.0,99695,1507,3,0.39,0.09,-0.02,0.01,49,-122,-84,0,3.72,1.02,0.0195,0.0446,21.62,26.71,16.51
546.279,flow_only,58.501,52.1375513,21.1614153,91.59,52.1376363,21.1614528,26,0.53,0.943,255,-0.1677,0.1677,-0.0405,-0.1603,2.542,5.602,-2.47,-4.12,200.36,0.02,0.0,0.02,0.01,99695,1507,3,0.39,0.09,-0.02,0.01,49,66,300,0,3.72,1.03,0.0053,0.0196,24.44,26.01,17.02
546.378,flow_only,58.6,52.1375502,21.1614147,91.61,52.1376363,21.1614528,26,0.53,0.943,255,0.0,0.0,0.0088,-0.124,2.52,5.624,-2.54,-4.95,200.12,0.02,0.0,0.0,0.01,99695,1507,3,0.39,0.09,-0.02,0.01,49,10,15,0,3.69,1.09,0.0049,0.0246,24.07,26.96,16.97
546.478,flow_only,58.7,52.1375491,21.1614139,91.63,52.1376348,21.1614519,26,0.53,0.843,255,0.1677,0.5031,-0.0109,0.0528,2.502,5.643,-2.48,-5.09,200.08,0.02,0.0,0.03,0.02,99695,1507,3,0.39,0.09,-0.02,0.01,49,-44,122,0,3.67,1.08,0.0139,0.0453,24.65,27.5,17.75
546.578,flow_only,58.801,52.1375481,21.1614132,91.65,52.1376348,21.1614519,26,0.53,0.843,255,0.0,0.3354,0.0083,-0.0373,2.516,5.661,-2.49,-5.09,200.18,0.02,0.0,0.01,0.01,99695,1507,3,0.39,0.09,-0.02,0.01,49,0,173,0,3.66,1.09,0.0098,0.0424,23.88,27.14,17.3
546.678,flow_only,58.901,52.1375472,21.1614126,91.67,52.1376333,21.1614512,26,0.53,0.879,255,0.0,0.3354,0.0084,-0.012,2.552,5.681,-2.54,-5.07,200.39,0.02,0.0,0.01,0.02,99695,1507,3,0.39,0.09,-0.02,0.01,49,-22,-145,0,3.65,1.08,0.0289,0.0752,24.39,26.04,17.91
546.778,flow_only,59.001,52.1375462,21.161412,91.69,52.1376333,21.1614512,26,0.53,0.879,255,0.0,0.3353,0.029,-0.1,2.568,5.704,-2.21,-5.51,200.67,0.02,0.0,0.01,0.01,99695,1507,3,0.39,0.09,-0.02,0.01,49,-120,-79,0,3.62,1.01,0.0234,0.0673,23.83,28.68,18.19
546.878,flow_only,59.101,52.1375452,21.1614113,91.71,52.1376317,21.1614508,26,0.53,0.899,255,0.1677,0.1677,0.0437,-0.1208,2.586,5.728,-1.94,-6.06,201.01,0.02,0.0,0.0,0.01,99695,1507,3,0.39,0.09,-0.02,0.01,49,-100,126,0,3.63,1.0,0.024,0.0669,25.49,28.95,18.18
546.978,flow_only,59.201,52.1375443,21.1614106,91.74,52.1376317,21.1614508,26,0.53,0.899,255,0.0,0.1677,0.0729,-0.0436,2.584,5.751,-1.58,-6.41,201.43,0.02,0.0,0.04,0.03,99695,1507,3,0.39,0.09,-0.02,0.01,49,58,-76,0,3.62,0.99,0.0259,0.0761,24.76,29.0,18.94
547.078,flow_only,59.301,52.1375434,21.16141,91.75,52.1376302,21.1614505,26,0.53,0.879,255,0.1677,0.1677,0.0805,-0.0627,2.578,5.77,-1.28,-6.82,201.88,0.02,0.0,0.05,0.01,99695,1507,3,0.39,0.09,-0.02,0.01,49,102,94,0,3.6,0.96,0.0212,0.0763,24.99,27.87,19.06
547.178,flow_only,59.4,52.1375424,21.1614095,91.77,52.1376302,21.1614505,26,0.53,0.879,255,0.0,0.1677,0.0386,-0.0627,2.564,5.784,-0.98,-7.17,202.28,0.02,0.0,0.05,0.0,99695,1507,3,0.39,0.09,-0.02,0.01,49,-141,-77,0,3.59,0.96,0.0344,0.1015,25.1,29.01,18.13
547.278,flow_only,59.5,52.1375415,21.161409,91.78,52.1376302,21.1614505,26,0.53,0.879,255,0.0,0.3354,-0.0481,-0.022,2.564,5.793,-1.2,-7.31,202.57,0.02,0.0,0.07,0.0,99695,1507,3,0.39,0.09,-0.02,0.01,49,-35,26,0,3.57,0.93,0.0373,0.1142,26.68,27.62,18.58
547.378,flow_only,59.6,52.1375406,21.1614084,91.78,52.1376285,21.1614504,26,0.53,0.983,255,0.0,0.3353,-0.0513,-0.0528,2.594,5.8,-1.58,-7.56,202.7,0.02,0.0,0.07,0.01,99695,1507,3,0.39,0.09,-0.02,0.01,49,15,20,0,3.55,0.93,0.0283,0.1044,24.78,26.97,15.93
547.478,flow_only,59.701,52.1375396,21.1614079,91.79,52.1376267,21.1614501,26,0.53,0.998,255,0.1677,0.5031,0.0227,-0.0449,2.626,5.802,-1.41,-7.82,202.77,0.02,0.0,0.1,0.01,99695,1507,3,0.39,0.09,-0.02,0.01,49,130,220,0,3.52,0.88,0.0224,0.1043,22.59,26.91,15.74
547.579,flow_only,59.801,52.1375385,21.1614077,91.78,52.1376267,21.1614501,26,0.53,0.998,255,0.1677,0.3354,0.0293,0.0099,2.644,5.799,-1.36,-7.82,202.68,0.02,0.0,0.1,0.01,99695,1507,3,0.39,0.09,-0.02,0.01,49,92,-171,0,3.48,0.8,0.043,0.1398,25.42,27.78,16.12
547.678,flow_only,59.9,52.1375375,21.1614078,91.78,52.1376249,21.1614499,26,0.53,1.009,255,0.1677,0.3354,0.0881,0.0518,2.644,5.796,-1.05,-7.61,202.4,0.02,0.0,0.08,0.01,99695,1507,3,0.39,0.09,-0.02,0.01,49,-118,-207,0,3.46,0.76,0.0535,0.1558,26.03,25.19,15.25
547.778,flow_only,60.001,52.1375364,21.1614077,91.78,52.1376249,21.1614499,26,0.53,1.009,255,0.3354,0.503,0.1578,-0.0459,2.622,5.793,-0.1,-7.64,201.98,0.02,0.0,0.07,0.0,99695,1507,3,0.39,0.09,-0.02,0.01,49,111,270,0,3.43,0.73,0.0371,0.1273,22.34,25.6,15.79
547.878,flow_only,60.101,52.1375352,21.1614076,91.78,52.137623,21.1614494,26,0.53,1.185,255,0.1676,0.3352,0.0994,-0.0104,2.6,5.793,0.65,-7.84,201.66,0.02,0.0,0.06,0.01,99695,1507,3,0.39,0.09,-0.02,0.01,49,129,-20,0,3.43,0.72,0.0401,0.1259,23.41,26.13,17.81
547.978,flow_only,60.201,52.1375342,21.1614075,91.78,52.137623,21.1614494,26,0.53,1.185,255,0.1677,0.6709,0.0523,0.0015,2.64,5.793,1.06,-7.78,201.46,0.02,0.0,0.08,0.02,99695,1507,3,0.39,0.09,-0.02,0.01,49,-162,-74,0,3.4,0.73,0.0447,0.1298,23.7,27.64,17.94
548.078,flow_only,60.3,52.137533,21.1614071,91.78,52.1376208,21.1614488,26,0.53,1.287,255,0.1677,0.3354,0.0331,0.0205,2.64,5.793,1.46,-7.75,201.38,0.02,0.0,0.08,0.02,99695,1507,3,0.39,0.09,-0.02,0.01,49,39,-85,0,3.38,0.7,0.0255,0.099,22.13,29.27,19.04
548.178,flow_only,60.4,52.1375317,21.1614067,91.78,52.1376208,21.1614488,26,0.53,1.287,255,0.0,0.8386,-0.0197,0.0532,2.638,5.793,1.39,-7.57,201.33,0.02,0.0,0.07,0.0,99695,1507,3,0.39,0.09,-0.02,0.01,49,113,211,0,3.37,0.68,0.0278,0.0978,24.1,26.37,19.21
548.278,flow_only,60.5,52.1375304,21.1614063,91.78,52.1376208,21.1614488,26,0.53,1.287,255,0.0,0.503,-0.0221,0.0107,2.658,5.797,1.09,-7.29,201.35,0.02,0.0,0.03,0.01,99695,1507,3,0.39,0.09,-0.02,0.01,49,5,-4,0,3.38,0.67,0.0256,0.0835,24.45,28.36,18.51
548.378,flow_only,60.6,52.1375291,21.1614057,91.79,52.1376186,21.1614479,26,0.53,1.325,255,0.0,0.3353,0.0174,0.0668,2.685,5.806,1.21,-7.01,201.47,0.02,0.0,0.01,0.02,99695,1507,3,0.39,0.09,-0.02,0.01,49,-72,-4,0,3.38,0.67,0.0094,0.0414,25.76,25.61,16.85
548.478,flow_only,60.701,52.1375278,21.1614049,91.8,52.1376162,21.1614468,26,0.53,1.383,255,0.1677,0.6708,-0.0245,0.0668,2.692,5.818,1.26,-6.68,201.56,0.02,0.0,0.04,0.01,99695,1507,3,0.39,0.08,-0.02,0.01,49,-47,-206,0,3.38,0.63,0.0154,0.0479,23.98,29.83,18.42
548.578,flow_only,60.801,52.1375266,21.1614041,91.81,52.1376162,21.1614468,26,0.53,1.383,255,0.0,0.3354,-0.0887,0.0388,2.708,5.823,0.71,-6.29,201.63,0.02,0.0,0.12,0.0,99695,1507,3,0.39,0.08,-0.02,0.01,49,56,-63,0,3.35,0.64,0.0204,0.0733,21.59,27.52,16.87
548.678,flow_only,60.9,52.1375252,21.161403,91.81,52.1376139,21.1614455,26,0.53,1.392,255,0.0,0.3353,-0.0293,0.0245,2.72,5.823,0.5,-6.06,201.7,0.02,0.0,0.05,0.01,99695,1507,3,0.39,0.08,-0.02,0.01,49,-109,-207,0,3.35,0.58,0.0168,0.0608,24.26,27.09,17.32
548.778,flow_only,61.0,52.137524,21.1614021,91.81,52.1376139,21.1614455,26,0.53,1.392,255,0.0,0.6709,-0.0436,0.0763,2.726,5.827,0.29,-5.7,201.87,0.02,0.0,0.02,0.01,99695,1507,3,0.39,0.08,-0.02,0.01,49,36,138,0,3.36,0.57,0.0089,0.0398,22.72,28.36,17.01
548.878,flow_only,61.1,52.1375229,21.1614013,91.82,52.1376116,21.161444,26,0.53,1.368,255,-0.1677,0.5031,-0.0978,0.0431,2.74,5.835,-0.16,-5.35,202.11,0.02,0.0,0.04,0.01,99695,1507,3,0.39,0.08,-0.02,0.01,49,55,-206,0,3.36,0.56,0.0376,0.0866,23.7,25.29,16.56
548.978,flow_only,61.201,52.1375217,21.1614004,91.83,52.1376116,21.161444,26,0.53,1.368,255,-0.1677,0.5031,-0.0777,-0.049,2.758,5.842,-0.64,-5.44,202.33,0.02,0.0,0.05,0.01,99695,1507,3,0.39,0.08,-0.02,0.01,49,-61,-150,0,3.34,0.53,0.0289,0.0695,25.32,25.39,15.76
549.078,flow_only,61.301,52.1375206,21.1613997,91.84,52.1376093,21.1614424,26,0.53,1.408,255,0.0,0.1677,0.0677,-0.0565,2.772,5.852,-0.58,-5.85,202.5,0.02,0.0,0.01,0.03,99695,1507,3,0.39,0.08,-0.02,0.01,49,15,-59,0,3.36,0.53,0.0313,0.0698,25.8,26.51,18.58
549.178,flow_only,61.4,52.1375196,21.1613989,91.85,52.1376093,21.1614424,26,0.53,1.408,255,0.0,0.3355,0.0177,-0.0473,2.78,5.863,-0.43,-6.08,202.68,0.02,0.0,0.01,0.01,99695,1507,3,0.39,0.08,-0.02,0.01,49,161,78,0,3.36,0.52,0.0339,0.0748,23.32,26.53,15.83
549.278,flow_only,61.501,52.1375185,21.1613983,91.86,52.1376093,21.1614424,26,0.53,1.408,255,0.0,0.3354,-0.031,-0.0631,2.808,5.876,-0.51,-6.34,202.82,0.02,0.0,0.04,0.01,99695,1507,3,0.39,0.08,-0.02,0.01,49,7,-100,0,3.36,0.5,0.0348,0.0776,24.91,25.5,16.38
549.378,flow_only,61.601,52.1375173,21.1613975,91.87,52.1376069,21.1614407,26,0.53,1.499,255,0.0,0.3354,0.039,-0.0125,2.79,5.887,-0.45,-6.68,202.89,0.02,0.0,0.03,0.02,99695,1507,3,0.39,0.08,-0.02,0.01,49,-2,83,0,3.36,0.5,0.0116,0.0196,25.23,26.4,18.85
549.478,flow_only,61.701,52.137516,21.1613965,91.88,52.1376044,21.1614391,26,0.53,1.503,255,0.0,0.3352,0.0283,-0.0022,2.802,5.896,-0.27,-6.69,202.85,0.02,0.0,0.02,0.02,99695,1507,3,0.39,0.08,-0.02,0.01,49,-3,193,0,3.37,0.5,0.0165,0.03,23.5,25.15,16.73
549.578,flow_only,61.801,52.1375146,21.1613954,91.89,52.1376044,21.1614391,26,0.53,1.503,255,0.0,0.3354,0.0084,0.0528,2.806,5.908,-0.31,-6.58,202.84,0.02,0.0,0.01,0.0,99695,1507,3,0.39,0.08,-0.02,0.01,49,29,-154,0,3.38,0.5,0.0025,0.0123,24.58,25.74,17.33
549.678,flow_only,61.901,52.1375134,21.1613943,91.91,52.1376019,21.1614375,26,0.53,1.54,255,-0.1677,0.8387,-0.0576,0.0784,2.808,5.92,-0.62,-5.99,202.75,0.02,0.0,0.04,0.0,99695,1507,3,0.39,0.08,-0.02,0.01,49,53,252,0,3.38,0.5,0.0128,0.0271,25.11,24.24,15.59
549.778,flow_only,62.0,52.1375121,21.1613934,91.91,52.1376019,21.1614375,26,0.53,1.54,255,0.0,0.1677,-0.0289,0.0182,2.8,5.928,-0.93,-5.85,202.69,0.02,0.0,0.04,0.01,99695,1507,3,0.39,0.08,-0.02,0.01,49,82,-19,0,3.37,0.49,0.0119,0.0243,23.82,26.04,15.25
549.878,flow_only,62.101,52.137511,21.1613926,91.92,52.1375993,21.1614359,26,0.53,1.502,255,0.1677,0.5031,0.0218,0.0417,2.846,5.93,-0.77,-5.54,202.59,0.02,0.0,0.07,0.01,99695,1507,3,0.39,0.08,-0.02,0.01,49,-180,-215,0,3.35,0.46,0.0326,0.0685,27.34,27.38,19.65
549.978,flow_only,62.201,52.1375098,21.1613916,91.91,52.1375993,21.1614359,26,0.53,1.502,255,-0.1677,0.5031,-0.0198,-0.051,2.848,5.927,-0.94,-5.66,202.52,0.02,0.0,0.06,0.01,99695,1507,3,0.39,0.08,-0.02,0.01,49,75,-182,0,3.32,0.4,0.0152,0.0391,27.21,26.38,18.98
550.078,flow_only,62.3,52.1375086,21.1613906,91.91,52.1375968,21.1614342,26,0.53,1.505,255,0.0,0.3354,-0.0014,-0.0521,2.81,5.926,-1.04,-5.86,202.47,0.02,0.0,0.01,0.01,99695,1507,3,0.39,0.08,-0.02,0.01,49,59,206,0,3.32,0.4,0.0053,0.0149,29.01,28.74,20.49
550.178,flow_only,62.401,52.1375074,21.1613897,91.91,52.1375968,21.1614342,26,0.53,1.505,255,0.0,0.6708,-0.0387,-0.0078,2.82,5.926,-1.18,-6.05,202.53,0.02,0.0,0.04,0.01,99695,1507,3,0.39,0.08,-0.02,0.01,49,49,-123,0,3.31,0.41,0.0136,0.0302,26.77,28.89,17.64
550.278,flow_only,62.501,52.1375061,21.1613889,91.91,52.1375968,21.1614342,26,0.53,1.505,255,0.0,0.3354,-0.0278,-0.0338,2.826,5.924,-1.37,-6.22,202.68,0.02,0.0,0.06,0.02,99695,1507,3,0.39,0.08,-0.02,0.01,49,32,-131,0,3.29,0.4,0.0116,0.0297,27.45,29.08,19.76
550.378,flow_only,62.6,52.1375048,21.1613881,91.91,52.1375943,21.1614325,26,0.53,1.555,255,0.1677,0.5031,0.0978,0.0184,2.842,5.921,-1.17,-6.3,202.86,0.02,0.0,0.03,0.02,99695,1507,3,0.39,0.08,-0.02,0.01,49,-15,-120,0,3.29,0.39,0.0231,0.0478,28.32,29.49,20.36
550.478,flow_only,62.7,52.1375037,21.1613874,91.9,52.1375917,21.1614308,26,0.53,1.565,255,0.1677,0.6707,0.0527,-0.0198,2.848,5.919,-0.71,-6.18,203.14,0.02,0.0,0.04,0.01,99695,1507,3,0.39,0.08,-0.02,0.01,49,111,154,0,3.28,0.37,0.0139,0.0308,28.55,28.51,17.57
550.578,flow_only,62.8,52.1375025,21.1613866,91.91,52.1375917,21.1614308,26,0.53,1.565,255,0.0,0.5031,0.0429,-0.0325,2.856,5.922,-0.35,-6.35,203.29,0.02,0.0,0.0,0.01,99695,1507,3,0.39,0.08,-0.02,0.01,49,-80,-124,0,3.28,0.36,0.0141,0.0278,27.02,31.32,19.46
550.678,flow_only,62.9,52.1375013,21.1613857,91.91,52.1375891,21.1614291,26,0.53,1.591,255,0.0,0.6707,-0.0166,-0.0362,2.858,5.926,-0.35,-6.69,203.22,0.02,0.0,0.04,0.02,99695,1507,3,0.39,0.08,-0.02,0.01,49,160,402,0,3.27,0.35,0.0194,0.0393,28.53,26.76,19.65
550.778,flow_only,63.0,52.1375,21.1613848,91.91,52.1375891,21.1614291,26,0.53,1.591,255,-0.1677,0.3354,-0.0731,0.014,2.872,5.928,-0.7,-6.74,202.97,0.02,0.0,0.04,0.02,99695,1507,3,0.39,0.08,-0.02,0.01,49,26,-146,0,3.26,0.33,0.0063,0.0146,24.49,30.13,18.51
550.878,flow_only,63.101,52.1374985,21.1613838,91.91,52.1375865,21.1614274,26,0.53,1.523,255,0.0,0.3354,-0.0047,0.0397,2.854,5.925,-0.88,-6.43,202.72,0.02,0.0,0.06,0.02,99695,1507,3,0.39,0.08,-0.02,0.01,49,43,-61,0,3.25,0.33,0.0203,0.0439,28.5,27.86,20.05
550.978,flow_only,63.201,52.1374972,21.161383,91.9,52.1375865,21.1614274,26,0.53,1.523,255,0.0,0.3356,-0.08,0.0884,2.848,5.92,-1.0,-6.07,202.38,0.02,0.0,0.06,0.02,99695,1507,3,0.39,0.08,-0.02,0.01,49,-9,-219,0,3.23,0.32,0.0091,0.0235,23.76,27.16,17.68
551.078,flow_only,63.301,52.1374958,21.1613822,91.9,52.1375838,21.1614258,26,0.53,1.613,255,0.0,0.3354,-0.0118,0.0677,2.826,5.91,-1.31,-5.62,202.04,0.02,0.0,0.07,0.0,99695,1507,3,0.39,0.08,-0.02,0.01,49,84,393,0,3.21,0.28,0.0289,0.0641,25.21,26.48,17.02
551.178,flow_only,63.401,52.1374944,21.1613815,91.88,52.1375838,21.1614258,26,0.53,1.613,255,0.1677,1.006,0.1282,0.0424,2.848,5.897,-0.83,-5.29,201.86,0.02,0.0,0.09,0.01,99695,1507,3,0.39,0.08,-0.02,0.01,49,-77,-269,0,3.17,0.27,0.014,0.045,23.26,26.55,15.77
551.278,flow_only,63.501,52.1374929,21.1613807,91.87,52.1375838,21.1614258,26,0.53,1.613,255,0.1677,0.3355,0.0764,0.0408,2.84,5.881,-0.12,-4.97,201.91,0.02,0.0,0.06,0.02,99695,1507,3,0.39,0.08,-0.02,0.01,49,-31,-112,0,3.16,0.27,0.0181,0.0503,24.64,26.71,18.7
551.378,flow_only,63.601,52.1374915,21.16138,91.85,52.1375811,21.1614243,26,0.53,1.577,255,0.0,0.3354,0.0931,0.0845,2.834,5.868,0.21,-4.63,202.13,0.02,0.0,0.06,0.01,99695,1507,3,0.39,0.08,-0.02,0.01,49,98,242,0,3.14,0.21,0.0227,0.0556,25.25,26.05,18.23
551.478,flow_only,63.7,52.13749,21.1613794,91.84,52.1375783,21.161423,26,0.53,1.665,255,0.1677,1.0063,0.1016,0.067,2.817,5.856,0.86,-4.21,202.47,0.02,0.0,0.05,0.01,99695,1507,3,0.39,0.08,-0.02,0.01,49,3,-125,0,3.12,0.2,0.015,0.0393,22.37,24.82,16.47
551.578,flow_only,63.801,52.1374887,21.1613789,91.83,52.1375783,21.161423,26,0.53,1.665,255,0.1677,0.3354,0.1264,0.0777,2.832,5.847,1.49,-3.82,202.89,0.02,0.0,0.05,0.01,99695,1507,3,0.39,0.08,-0.02,0.01,49,-7,-108,0,3.1,0.2,0.0376,0.0742,20.33,23.27,15.19
551.678,flow_only,63.9,52.1374875,21.1613782,91.83,52.1375755,21.1614216,26,0.53,1.615,255,0.1677,0.6709,0.0414,0.0159,2.842,5.844,1.91,-3.54,203.36,0.02,0.0,0.0,0.01,99695,1507,3,0.39,0.08,-0.02,0.01,49,-157,228,0,3.11,0.2,0.0084,0.0145,20.75,21.61,15.07
551.778,flow_only,64.001,52.1374862,21.1613774,91.83,52.1375755,21.1614216,26,0.53,1.615,255,0.0,0.3354,0.028,-0.0283,2.88,5.847,2.11,-3.68,203.89,0.02,0.0,0.03,0.01,99695,1507,3,0.39,0.08,-0.02,0.01,49,105,-36,0,3.11,0.19,0.01,0.0176,23.96,23.63,17.75
551.878,flow_only,64.101,52.1374848,21.1613766,91.84,52.1375728,21.1614201,26,0.53,1.549,255,0.0,0.3355,-0.0942,-0.0622,2.9,5.856,1.88,-4.16,204.41,0.02,0.0,0.01,0.01,99695,1507,3,0.39,0.08,-0.02,0.01,49,-46,-130,0,3.13,0.19,0.011,0.0302,24.35,23.61,18.09
551.978,flow_only,64.201,52.1374835,21.1613759,91.85,52.1375728,21.1614201,26,0.53,1.549,255,0.1677,0.3354,0.1047,-0.0061,2.92,5.869,2.22,-4.37,204.8,0.02,0.0,0.01,0.02,99695,1507,3,0.39,0.08,-0.02,0.01,49,-41,-138,0,3.14,0.16,0.0105,0.0271,26.88,25.66,18.46
552.078,flow_only,64.3,52.1374824,21.1613751,91.87,52.1375702,21.1614186,26,0.53,1.522,255,0.1677,0.1677,-0.0048,-0.0842,2.926,5.881,2.55,-4.66,205.09,0.02,0.0,0.01,0.01,99695,1507,3,0.39,0.08,-0.02,0.01,49,167,35,0,3.15,0.15,0.0119,0.0309,28.3,26.55,19.01
552.178,flow_only,64.4,52.1374813,21.1613743,91.88,52.1375702,21.1614186,26,0.53,1.522,255,0.0,0.3354,-0.021,-0.0139,2.932,5.89,2.35,-5.0,205.31,0.02,0.0,0.03,0.01,99695,1507,3,0.39,0.08,-0.02,0.01,49,-5,-64,0,3.15,0.15,0.0168,0.0347,25.57,27.97,17.01
552.278,flow_only,64.5,52.1374801,21.1613736,91.88,52.1375702,21.1614186,26,0.53,1.522,255,0.0,0.3354,-0.1126,-0.0068,2.936,5.897,1.77,-5.13,205.42,0.02,0.0,0.01,0.01,99695,1507,3,0.39,0.08,-0.02,0.01,49,-92,-127,0,3.16,0.15,0.019,0.0397,26.43,24.82,17.33
552.378,flow_only,64.601,52.1374791,21.1613728,91.89,52.1375676,21.1614172,26,0.53,1.555,255,0.0,0.5029,0.023,0.0378,2.932,5.906,1.77,-4.95,205.67,0.02,0.0,0.0,0.02,99695,1507,3,0.39,0.08,-0.02,0.01,49,-46,-193,0,3.18,0.15,0.0331,0.0655,24.71,23.99,18.35
552.478,flow_only,64.7,52.137478,21.161372,91.9,52.137565,21.1614157,26,0.53,1.463,255,0.0,0.5031,0.0259,-0.096,2.928,5.918,1.88,-5.09,205.92,0.02,0.0,0.01,0.02,99695,1507,3,0.39,0.08,-0.02,0.01,49,-65,377,0,3.19,0.18,0.021,0.0531,25.34,23.43,19.28
552.578,flow_only,64.801,52.1374768,21.1613711,91.92,52.137565,21.1614157,26,0.53,1.463,255,0.1677,0.5031,0.0234,-0.0365,2.922,5.931,1.82,-5.49,206.27,0.02,0.0,0.01,0.02,99695,1507,3,0.39,0.08,-0.02,0.01,49,-6,-96,0,3.21,0.2,0.0157,0.0515,23.83,25.09,17.44
552.678,flow_only,64.9,52.1374756,21.16137,91.93,52.1375625,21.161414,26,0.53,1.584,255,0.1677,0.3354,0.0409,0.025,2.93,5.942,2.19,-5.51,206.41,0.02,0.0,0.02,0.03,99695,1507,3,0.39,0.08,-0.02,0.01,49,-77,212,0,3.2,0.2,0.0267,0.0606,24.84,24.32,16.91
552.778,flow_only,65.0,52.1374744,21.161369,91.94,52.1375625,21.161414,26,0.53,1.584,255,0.0,0.8387,-0.039,0.0006,2.962,5.951,2.25,-5.54,206.3,0.02,0.0,0.0,0.02,99695,1507,3,0.39,0.08,-0.02,0.01,49,-55,-173,0,3.2,0.2,0.0203,0.0489,25.87,25.47,17.44
552.878,flow_only,65.1,52.1374733,21.1613679,91.94,52.1375598,21.1614124,26,0.53,1.573,255,0.0,0.503,-0.0683,-0.028,2.962,5.956,1.88,-5.62,205.94,0.02,0.0,0.02,0.01,99695,1507,3,0.39,0.08,-0.02,0.01,49,14,-163,0,3.2,0.16,0.0165,0.0378,25.13,25.78,19.51
552.979,flow_only,65.201,52.1374721,21.1613669,91.94,52.1375598,21.1614124,26,0.53,1.573,255,-0.1677,0.3354,-0.0658,-0.0346,2.962,5.958,1.57,-5.89,205.53,0.02,0.0,0.01,0.02,99695,1507,3,0.39,0.08,-0.02,0.01,49,-110,-89,0,3.19,0.16,0.0129,0.0335,31.03,24.7,22.11
553.078,flow_only,65.301,52.137471,21.1613659,91.94,52.1375572,21.1614106,26,0.53,1.581,255,0.0,0.3354,-0.0062,0.0193,2.962,5.956,1.39,-5.87,205.06,0.02,0.0,0.04,0.02,99695,1507,3,0.39,0.08,-0.02,0.01,49,39,205,0,3.18,0.14,0.0052,0.0156,27.0,29.13,18.06
553.179,flow_only,65.401,52.1374698,21.1613652,91.94,52.1375572,21.1614106,26,0.53,1.581,255,0.0,0.5032,-0.0187,0.0206,2.936,5.952,1.36,-5.78,204.84,0.02,0.0,0.03,0.01,99695,1507,3,0.39,0.08,-0.02,0.01,49,18,-165,0,3.17,0.13,0.0225,0.0366,27.49,31.46,18.89
553.278,flow_only,65.5,52.1374686,21.1613645,91.93,52.1375572,21.1614106,26,0.53,1.581,255,0.0,0.3354,0.0512,-0.0612,2.904,5.949,1.39,-6.01,204.57,0.02,0.0,0.0,0.01,99695,1507,3,0.39,0.08,-0.02,0.01,49,160,-112,0,3.17,0.14,0.0361,0.0626,26.17,29.87,18.31
553.378,flow_only,65.6,52.1374674,21.1613638,91.93,52.1375545,21.1614089,26,0.53,1.636,255,0.1677,0.3354,0.0656,0.0122,2.92,5.949,1.92,-6.08,204.32,0.02,0.0,0.0,0.02,99695,1507,3,0.39,0.08,-0.02,0.01,49,-130,384,0,3.17,0.17,0.0279,0.0558,28.09,27.61,18.85
553.478,flow_only,65.701,52.1374661,21.161363,91.93,52.1375518,21.161407,26,0.53,1.643,255,0.0,0.8386,0.0565,-0.0338,2.928,5.948,2.32,-6.21,203.94,0.02,0.0,0.04,0.02,99695,1507,3,0.39,0.08,-0.02,0.01,49,-71,16,0,3.16,0.17,0.0131,0.0284,26.3,28.84,18.59
553.578,flow_only,65.8,52.1374648,21.1613621,91.93,52.1375518,21.161407,26,0.53,1.643,255,0.0,0.5032,0.017,0.0301,2.942,5.943,2.55,-6.14,203.61,0.02,0.0,0.04,0.02,99695,1507,3,0.39,0.08,-0.02,0.01,49,112,-13,0,3.14,0.13,0.0213,0.0389,26.43,29.83,18.27
553.678,flow_only,65.9,52.1374634,21.1613613,91.92,52.1375492,21.161405,26,0.53,1.657,255,-0.1677,0.5031,-0.0716,0.0224,2.946,5.936,2.3,-5.95,203.47,0.02,0.0,0.04,0.02,99695,1507,3,0.39,0.08,-0.02,0.01,49,68,-56,0,3.12,0.11,0.0297,0.0566,29.54,29.47,19.22
553.778,flow_only,66.0,52.1374621,21.1613605,91.91,52.1375492,21.161405,26,0.53,1.657,255,0.0,0.8385,0.016,0.0093,2.958,5.927,2.08,-5.91,203.47,0.02,0.0,0.05,0.02,99695,1507,3,0.39,0.08,-0.02,0.01,49,82,-207,0,3.1,0.08,0.0197,0.0394,26.13,31.07,18.8
553.879,flow_only,66.101,52.1374608,21.1613593,91.9,52.1375465,21.161403,26,0.53,1.664,255,0.0,0.5031,-0.0008,0.0507,2.96,5.916,2.14,-5.68,203.4,0.02,0.0,0.02,0.02,99695,1507,3,0.39,0.08,-0.02,0.01,49,-167,-228,0,3.09,0.06,0.0209,0.0353,26.28,27.04,18.8
553.978,flow_only,66.201,52.1374596,21.1613582,91.89,52.1375465,21.161403,26,0.53,1.664,255,-0.1677,0.8385,-0.1496,0.0704,2.924,5.902,1.65,-5.23,203.3,0.02,0.0,0.1,0.03,99695,1507,3,0.39,0.08,-0.02,0.01,49,47,-269,0,3.05,0.02,0.0195,0.0437,29.18,27.96,19.93
554.078,flow_only,66.3,52.1374585,21.1613573,91.87,52.1375437,21.1614008,26,0.53,1.712,255,-0.1677,0.3354,-0.1096,-0.0032,2.904,5.887,0.87,-4.98,203.23,0.02,0.0,0.04,0.03,99695,1507,3,0.39,0.08,-0.02,0.01,49,16,423,0,3.04,0.02,0.012,0.0322,27.21,28.75,18.9
554.179,flow_only,66.401,52.1374574,21.1613563,91.86,52.1375437,21.1614008,26,0.53,1.712,255,-0.1677,0.1677,-0.0391,-0.0788,2.916,5.875,0.54,-5.37,203.21,0.02,0.0,0.03,0.03,99695,1507,3,0.39,0.08,-0.02,0.01,49,-57,-130,0,3.04,0.05,0.0156,0.0318,25.43,27.38,16.33
554.278,flow_only,66.5,52.1374562,21.1613554,91.85,52.1375437,21.1614008,26,0.53,1.712,255,0.0,0.8386,-0.0169,-0.0292,2.938,5.864,0.5,-5.65,203.16,0.02,0.0,0.04,0.04,99695,1507,3,0.39,0.08,-0.02,0.01,49,19,-125,0,3.03,0.03,0.008,0.0203,26.23,30.25,20.78
554.378,flow_only,66.601,52.1374551,21.1613545,91.84,52.137541,21.1613987,26,0.53,1.706,255,-0.1677,0.5031,0.0055,-0.0449,2.95,5.855,0.26,-5.8,203.1,0.02,0.0,0.04,0.02,99695,1507,3,0.39,0.08,-0.02,0.01,49,-43,-164,0,3.02,0.0,0.0238,0.0442,25.4,27.23,17.69
554.478,flow_only,66.7,52.137454,21.1613535,91.83,52.1375382,21.1613965,26,0.53,1.738,255,0.0,0.3354,-0.0196,-0.0737,2.954,5.846,0.41,-6.0,203.09,0.02,0.0,0.03,0.03,99695,1507,3,0.39,0.08,-0.02,0.01,49,-7,157,0,3.01,0.0,0.0095,0.0181,28.3,29.35,20.74
554.578,flow_only,66.801,52.1374529,21.1613526,91.82,52.1375382,21.1613965,26,0.53,1.738,255,0.0,0.3354,-0.0452,-0.0088,2.968,5.838,0.27,-6.15,203.19,0.02,0.0,0.02,0.03,99695,1507,3,0.39,0.08,-0.02,0.01,49,31,-177,0,3.01,-0.02,0.0157,0.0277,25.58,30.55,18.36
554.678,flow_only,66.9,52.1374517,21.1613515,91.82,52.1375354,21.1613942,26,0.53,1.757,255,-0.1677,0.503,-0.0506,-0.0243,2.968,5.833,0.02,-6.19,203.32,0.02,0.0,0.02,0.02,99695,1507,3,0.39,0.08,-0.02,0.01,49,69,-11,0,3.01,-0.02,0.022,0.0369,26.65,26.5,18.42
554.778,flow_only,67.0,52.1374505,21.1613504,91.82,52.1375354,21.1613942,26,0.53,1.757,255,0.0,0.6709,-0.0341,-0.0217,2.97,5.831,-0.2,-6.33,203.41,0.02,0.0,0.01,0.01,99695,1507,3,0.39,0.08,-0.02,0.01,49,57,-163,0,3.01,-0.03,0.0107,0.0165,28.66,30.74,21.02
554.878,flow_only,67.1,52.1374493,21.1613496,91.82,52.1375325,21.1613921,26,0.53,1.809,255,0.0,0.503,0.0477,0.0241,2.98,5.834,-0.23,-6.33,203.67,0.02,0.0,0.0,0.01,99695,1507,3,0.39,0.08,-0.02,0.01,49,90,-3,0,3.03,-0.02,0.0097,0.0215,28.78,30.63,21.08
554.978,flow_only,67.201,52.1374482,21.1613485,91.82,52.1375325,21.1613921,26,0.53,1.809,255,0.0,0.3355,0.0073,0.0275,2.992,5.839,-0.03,-6.17,203.87,0.02,0.0,0.0,0.02,99695,1507,3,0.39,0.08,-0.02,0.01,49,-37,-206,0,3.04,-0.01,0.0172,0.0351,27.55,29.8,20.78
555.078,flow_only,67.3,52.1374469,21.1613473,91.83,52.1375295,21.16139,26,0.53,1.756,255,0.1677,0.8383,0.017,-0.0833,2.998,5.847,0.18,-6.4,203.97,0.02,0.0,0.0,0.02,99695,1507,3,0.39,0.08,-0.02,0.01,49,20,476,0,3.05,-0.01,0.0374,0.0726,28.79,30.66,19.97
555.179,flow_only,67.401,52.1374456,21.1613463,91.84,52.1375295,21.16139,26,0.53,1.756,255,0.0,0.3354,-0.1113,0.0396,3.012,5.854,-0.41,-6.41,204.07,0.02,0.0,0.01,0.03,99695,1507,3,0.39,0.08,-0.02,0.01,49,98,-148,0,3.07,0.0,0.0109,0.0406,30.57,28.64,20.45
555.278,flow_only,67.5,52.1374442,21.1613452,91.85,52.1375295,21.16139,26,0.53,1.756,255,0.1677,1.0063,-0.0062,0.0673,2.996,5.861,-0.54,-6.06,204.07,0.02,0.0,0.01,0.01,99695,1507,3,0.39,0.08,-0.02,0.01,49,12,-104,0,3.07,0.0,0.0208,0.0499,30.18,31.11,21.17
555.378,flow_only,67.6,52.1374429,21.1613443,91.85,52.1375266,21.161388,26,0.53,1.815,255,0.0,0.503,0.0012,0.0008,3.014,5.863,-0.59,-5.95,204.0,0.02,0.0,0.04,0.03,99695,1507,3,0.39,0.08,-0.02,0.01,49,23,-39,0,3.06,0.0,0.0059,0.0128,31.45,31.54,20.97
555.478,flow_only,67.701,52.1374417,21.1613434,91.84,52.1375235,21.1613861,26,0.53,1.833,255,0.0,0.503,0.0404,0.0416,3.016,5.857,-0.28,-5.81,203.94,0.02,0.0,0.05,0.02,99695,1507,3,0.39,0.07,-0.02,0.01,49,95,286,0,3.04,-0.03,0.0243,0.045,28.59,29.9,19.85
555.578,flow_only,67.801,52.1374403,21.1613425,91.83,52.1375235,21.1613861,26,0.53,1.833,255,0.1677,0.8383,0.0127,-0.0094,3.018,5.847,0.01,-5.83,203.98,0.02,0.0,0.03,0.02,99695,1507,3,0.39,0.07,-0.02,0.01,49,-88,-190,0,3.03,-0.05,0.0036,0.005,27.79,29.3,19.97
555.678,flow_only,67.9,52.1374389,21.1613417,91.82,52.1375204,21.1613842,26,0.53,1.852,255,0.0,0.5029,0.0084,0.0343,3.026,5.834,0.15,-5.73,203.94,0.02,0.0,0.05,0.01,99695,1507,3,0.39,0.08,-0.02,0.01,49,106,-64,0,3.01,-0.08,0.0237,0.0442,28.58,30.02,20.92
555.778,flow_only,68.0,52.1374376,21.161341,91.8,52.1375204,21.1613842,26,0.53,1.852,255,0.1677,0.3353,0.0369,0.017,3.014,5.817,0.4,-5.64,203.91,0.02,0.0,0.05,0.02,99695,1507,3,0.39,0.08,-0.02,0.01,49,-81,-39,0,3.0,-0.1,0.0084,0.0209,29.1,28.27,19.62
555.878,flow_only,68.1,52.1374363,21.1613403,91.78,52.1375172,21.1613825,26,0.53,1.87,255,0.0,0.5031,0.0481,0.0434,2.988,5.797,0.67,-5.42,203.9,0.02,0.0,0.05,0.02,99695,1507,3,0.39,0.07,-0.02,0.01,49,98,-43,0,2.98,-0.11,0.0105,0.0261,30.73,27.92,19.17
555.979,flow_only,68.201,52.137435,21.1613395,91.76,52.1375172,21.1613825,26,0.53,1.87,255,0.0,0.3354,0.1211,-0.0417,3.002,5.778,1.37,-5.75,203.81,0.02,0.0,0.03,0.02,99695,1507,3,0.39,0.07,-0.02,0.01,49,60,-21,0,2.97,-0.1,0.0143,0.0306,29.63,28.76,18.01
556.078,flow_only,68.3,52.1374337,21.1613386,91.74,52.1375141,21.1613807,26,0.53,1.826,255,-0.3353,1.0058,-0.0882,0.0295,3.012,5.756,1.24,-5.71,203.61,0.02,0.0,0.06,0.03,99695,1507,3,0.39,0.07,-0.02,0.01,49,76,306,0,2.94,-0.12,0.0269,0.0513,28.39,30.3,17.26
556.178,flow_only,68.401,52.1374324,21.1613378,91.72,52.1375141,21.1613807,26,0.53,1.826,255,0.0,0.5032,-0.0688,0.05,3.014,5.733,0.92,-5.42,203.2,0.02,0.0,0.07,0.04,99695,1507,3,0.39,0.07,-0.02,0.01,49,35,-261,0,2.92,-0.17,0.0079,0.032,28.66,27.23,19.2
556.278,flow_only,68.501,52.137431,21.1613371,91.69,52.1375141,21.1613807,26,0.53,1.826,255,0.0,0.8385,0.0217,0.007,2.994,5.71,0.79,-5.35,202.85,0.02,0.0,0.06,0.03,99695,1507,3,0.39,0.07,-0.02,0.01,49,44,-77,0,2.9,-0.19,0.0223,0.0483,27.12,27.5,17.89
556.378,flow_only,68.601,52.1374297,21.1613364,91.67,52.137511,21.1613789,26,0.53,1.868,255,0.1678,0.839,0.0404,0.0229,3.008,5.687,1.06,-5.21,202.62,0.02,0.0,0.05,0.02,99695,1507,3,0.39,0.07,-0.02,0.01,49,-83,-88,0,2.88,-0.18,0.0072,0.0327,27.37,30.0,21.38
556.478,flow_only,68.7,52.1374284,21.1613356,91.65,52.1375078,21.1613771,26,0.53,1.867,255,0.0,0.5031,0.0496,0.0065,3.008,5.665,1.36,-5.15,202.5,0.02,0.0,0.06,0.02,99695,1507,3,0.39,0.07,-0.02,0.01,49,96,434,0,2.86,-0.22,0.0334,0.0635,26.5,27.85,19.17
556.578,flow_only,68.801,52.137427,21.1613347,91.63,52.1375078,21.1613771,26,0.53,1.867,255,0.0,0.8385,0.0042,0.003,3.016,5.641,1.4,-5.03,202.5,0.02,0.0,0.1,0.02,99695,1507,3,0.39,0.07,-0.02,0.01,49,-13,-114,0,2.83,-0.25,0.0131,0.0481,24.45,26.78,16.62
556.678,flow_only,68.901,52.1374256,21.1613338,91.6,52.1375047,21.1613753,26,0.53,1.843,255,0.0,0.5032,0.0368,0.0244,3.028,5.614,1.55,-5.0,202.55,0.02,0.0,0.06,0.03,99695,1507,3,0.39,0.07,-0.02,0.01,49,-50,-77,0,2.82,-0.28,0.0226,0.0536,25.3,26.94,17.91
556.778,flow_only,69.001,52.1374244,21.161333,91.58,52.1375047,21.1613753,26,0.53,1.843,255,0.0,0.3354,0.0016,0.014,3.012,5.593,1.58,-4.82,202.76,0.02,0.0,0.02,0.02,99695,1507,3,0.39,0.07,-0.02,0.01,49,137,-90,0,2.82,-0.29,0.0245,0.0433,28.01,27.38,20.27
556.878,flow_only,69.101,52.1374232,21.1613323,91.56,52.1375016,21.1613734,26,0.53,1.773,255,0.0,0.5031,-0.0887,-0.0064,3.024,5.577,1.33,-4.73,202.98,0.02,0.0,0.01,0.03,99695,1507,3,0.39,0.07,-0.02,0.01,49,10,273,0,2.82,-0.29,0.0171,0.0299,31.11,28.96,21.34
556.978,flow_only,69.201,52.1374219,21.1613315,91.55,52.1375016,21.1613734,26,0.53,1.773,255,0.0,0.5031,-0.0197,-0.0316,3.044,5.566,1.2,-4.98,203.06,0.02,0.0,0.03,0.03,99695,1507,3,0.39,0.07,-0.02,0.01,49,-100,-178,0,2.82,-0.28,0.0047,0.0077,30.95,30.26,20.97
557.078,flow_only,69.301,52.1374208,21.1613306,91.54,52.1374987,21.1613714,26,0.53,1.766,255,-0.1677,0.6709,-0.0387,-0.052,3.068,5.558,0.96,-5.27,203.04,0.02,0.0,0.01,0.03,99695,1507,3,0.39,0.07,-0.02,0.01,49,44,160,0,2.83,-0.28,0.0058,0.0102,26.94,31.54,18.16
557.178,flow_only,69.401,52.1374197,21.1613298,91.54,52.1374987,21.1613714,26,0.53,1.766,255,0.0,0.503,-0.065,-0.0298,3.07,5.554,0.67,-5.55,202.9,0.02,0.0,0.01,0.03,99695,1507,3,0.39,0.07,-0.02,0.01,49,76,47,0,2.85,-0.3,0.0068,0.0177,24.87,26.99,17.48
557.278,flow_only,69.501,52.1374184,21.1613289,91.54,52.1374987,21.1613714,26,0.53,1.766,255,0.0,0.8386,0.0572,-0.036,3.074,5.552,0.76,-5.71,202.84,0.02,0.0,0.0,0.03,99695,1507,3,0.39,0.07,-0.02,0.01,49,-144,-189,0,2.87,-0.29,0.0104,0.0304,26.24,30.03,19.6
557.378,flow_only,69.601,52.1374172,21.161328,91.54,52.1374958,21.1613692,26,0.53,1.782,255,0.0,0.5032,-0.0014,0.0348,3.078,5.553,0.94,-5.65,202.82,0.02,0.0,0.0,0.02,99695,1507,3,0.39,0.07,-0.02,0.01,49,-27,-174,0,2.88,-0.27,0.0197,0.041,24.55,27.89,16.95
557.478,flow_only,69.701,52.1374162,21.1613271,91.54,52.1374928,21.1613671,26,0.53,1.891,255,-0.1677,0.5031,-0.0182,-0.006,3.098,5.555,0.73,-5.54,202.94,0.02,0.0,0.02,0.03,99695,1507,3,0.39,0.07,-0.02,0.01,49,49,136,0,2.9,-0.25,0.0143,0.0449,24.86,25.35,17.88
557.578,flow_only,69.801,52.1374151,21.1613264,91.55,52.1374928,21.1613671,26,0.53,1.891,255,0.0,0.671,0.0177,-0.1164,3.088,5.56,0.72,-5.97,203.08,0.02,0.0,0.01,0.02,99695,1507,3,0.39,0.07,-0.02,0.01,49,41,-111,0,2.93,-0.25,0.0282,0.0631,25.22,26.94,18.12
557.678,flow_only,69.9,52.137414,21.1613255,91.55,52.1374897,21.1613649,26,0.53,1.87,255,0.0,0.3352,-0.0024,-0.0669,3.1,5.567,0.75,-6.36,203.3,0.02,0.0,0.02,0.03,99695,1507,3,0.39,0.06,-0.02,0.01,49,2,-105,0,2.95,-0.23,0.0115,0.0539,26.01,27.41,18.52
557.778,flow_only,70.0,52.1374129,21.1613247,91.56,52.1374897,21.1613649,26,0.53,1.87,255,0.0,0.5031,-0.0422,-0.069,3.092,5.574,0.5,-6.85,203.46,0.02,0.0,0.02,0.03,99695,1507,3,0.39,0.06,-0.02,0.01,49,50,268,0,2.96,-0.21,0.0201,0.0627,23.82,28.73,17.14
557.878,flow_only,70.1,52.1374116,21.1613238,91.56,52.1374866,21.1613626,26,0.53,1.907,255,-0.3354,0.8385,-0.0201,-0.0009,3.146,5.576,0.24,-7.05,203.56,0.02,0.0,0.0,0.02,99695,1507,3,0.39,0.06,-0.02,0.01,49,76,-132,0,2.96,-0.21,0.0165,0.0496,23.77,29.22,15.18
557.978,flow_only,70.201,52.1374105,21.1613231,91.56,52.1374866,21.1613626,26,0.53,1.907,255,0.0,0.5032,-0.061,0.0088,3.102,5.574,-0.05,-6.96,203.58,0.02,0.0,0.01,0.03,99695,1507,3,0.39,0.06,-0.02,0.01,49,22,-181,0,2.96,-0.23,0.0187,0.045,28.31,26.77,16.38
558.078,flow_only,70.301,52.1374093,21.1613223,91.55,52.1374833,21.1613603,26,0.53,2.015,255,0.1677,1.0063,0.1276,0.0407,3.088,5.564,0.29,-6.82,203.38,0.02,0.0,0.07,0.02,99695,1507,3,0.39,0.07,-0.02,0.01,49,-135,306,0,2.93,-0.28,0.0128,0.0208,25.3,27.52,15.9
558.178,flow_only,70.401,52.137408,21.1613213,91.53,52.1374833,21.1613603,26,0.53,2.015,255,0.0,0.5031,-0.0289,0.0152,3.082,5.545,0.56,-6.58,203.12,0.02,0.0,0.06,0.02,99695,1507,3,0.39,0.07,-0.02,0.01,49,-116,-87,0,2.91,-0.26,0.0136,0.0204,26.25,24.87,17.35
558.278,flow_only,70.5,52.1374067,21.1613204,91.51,52.1374833,21.1613603,26,0.53,2.015,255,0.0,0.5031,0.0017,0.0558,3.068,5.521,0.53,-6.39,202.78,0.02,0.0,0.05,0.02,99695,1507,3,0.39,0.07,-0.02,0.01,49,45,-235,0,2.88,-0.28,0.0058,0.0174,22.67,24.7,16.25
558.378,flow_only,70.601,52.1374054,21.1613195,91.48,52.1374801,21.1613579,26,0.53,1.997,255,0.0,0.5031,0.0249,0.0503,3.084,5.497,0.52,-5.99,202.61,0.02,0.0,0.04,0.02,99695,1507,3,0.39,0.06,-0.02,0.01,49,5,541,0,2.86,-0.27,0.0402,0.0668,25.65,24.47,16.59
558.478,flow_only,70.701,52.137404,21.1613184,91.46,52.1374767,21.1613555,26,0.53,2.07,255,0.1677,0.5031,-0.0104,0.1375,3.1,5.475,0.81,-5.48,202.51,0.02,0.0,0.02,0.02,99695,1507,3,0.39,0.07,-0.02,0.01,49,-70,-286,0,2.85,-0.3,0.0142,0.0227,24.92,25.07,17.67
558.578,flow_only,70.801,52.1374029,21.1613175,91.44,52.1374767,21.1613555,26,0.53,2.07,255,-0.3356,1.0067,-0.131,0.0265,3.1,5.454,0.06,-4.91,202.41,0.02,0.0,0.04,0.03,99695,1507,3,0.39,0.07,-0.02,0.01,49,35,-214,0,2.84,-0.33,0.0338,0.056,22.15,25.6,16.09
558.678,flow_only,70.9,52.1374017,21.1613164,91.42,52.1374733,21.1613531,26,0.53,2.041,255,-0.1678,0.3356,-0.0379,-0.0463,3.108,5.435,-0.37,-5.03,202.35,0.02,0.0,0.02,0.03,99695,1507,3,0.39,0.07,-0.02,0.01,49,135,-225,0,2.83,-0.35,0.0127,0.0233,27.15,28.71,19.07
558.778,flow_only,71.0,52.1374005,21.1613155,91.4,52.1374733,21.1613531,26,0.53,2.041,255,-0.1677,0.3353,-0.0136,-0.0682,3.082,5.419,-0.55,-5.36,202.48,0.02,0.0,0.0,0.03,99695,1507,3,0.39,0.07,-0.02,0.01,49,57,330,0,2.84,-0.35,0.0115,0.0189,31.35,29.55,21.6
558.878,flow_only,71.1,52.1373993,21.1613145,91.39,52.1374699,21.1613507,26,0.53,2.079,255,0.0,0.6709,0.0501,-0.04,3.066,5.406,-0.46,-5.8,202.7,0.02,0.0,0.01,0.03,99695,1507,3,0.39,0.06,-0.02,0.01,49,-12,-124,0,2.84,-0.34,0.0028,0.0078,27.54,30.7,20.51
558.978,flow_only,71.201,52.137398,21.1613136,91.38,52.1374699,21.1613507,26,0.53,2.079,255,0.0,0.5032,0.0692,0.0299,3.088,5.394,-0.14,-5.66,203.05,0.02,0.0,0.02,0.04,99695,1507,3,0.39,0.06,-0.02,0.01,49,-56,-111,0,2.83,-0.32,0.0141,0.0236,23.39,30.88,17.39
559.078,flow_only,71.301,52.1373967,21.1613127,91.37,52.1374665,21.1613484,26,0.53,2.095,255,0.0,1.174,-0.0051,0.059,3.082,5.386,0.02,-5.37,203.39,0.02,0.0,0.0,0.03,99695,1507,3,0.39,0.06,-0.02,0.01,49,292,405,0,2.84,-0.32,0.0293,0.0479,21.55,25.65,15.19
559.178,flow_only,71.401,52.1373954,21.1613118,91.37,52.1374665,21.1613484,26,0.53,2.095,255,0.0,0.503,-0.0085,0.1229,3.104,5.381,-0.45,-5.03,203.55,0.02,0.0,0.01,0.02,99695,1507,3,0.39,0.06,-0.02,0.01,49,75,-120,0,2.85,-0.32,0.0147,0.0301,22.65,25.57,15.74
559.279,flow_only,71.501,52.1373939,21.1613109,91.37,52.137463,21.161346,26,0.53,2.122,255,0.0,0.5033,0.063,0.0271,3.094,5.383,0.12,-4.67,203.57,0.02,0.0,0.03,0.02,99695,1507,3,0.39,0.06,-0.02,0.01,49,-92,-13,0,2.87,-0.3,0.0268,0.0598,26.25,26.16,18.0
559.378,flow_only,71.6,52.1373925,21.1613098,91.38,52.137463,21.161346,26,0.53,2.122,255,-0.1677,1.006,-0.0671,0.0417,3.104,5.392,-0.14,-4.39,203.46,0.02,0.0,0.04,0.03,99695,1507,3,0.39,0.06,-0.02,0.01,49,13,532,0,2.9,-0.27,0.0553,0.1076,26.03,25.81,18.2
559.478,flow_only,71.701,52.137391,21.1613087,91.39,52.1374595,21.1613436,26,0.53,2.085,255,0.0,0.3353,-0.093,-0.1474,3.118,5.406,-0.43,-4.67,203.16,0.02,0.0,0.06,0.02,99695,1507,3,0.39,0.07,-0.02,0.01,49,38,-99,0,2.94,-0.24,0.0277,0.0807,24.71,27.47,18.36
559.578,flow_only,71.8,52.1373895,21.1613076,91.41,52.1374595,21.1613436,26,0.53,2.085,255,0.0,1.006,-0.0103,0.0992,3.124,5.42,-0.7,-4.71,202.92,0.02,0.0,0.05,0.02,99695,1507,3,0.39,0.07,-0.02,0.01,49,-84,-174,0,2.97,-0.24,0.0315,0.0901,28.12,32.21,21.64
559.678,flow_only,71.9,52.1373881,21.1613066,91.42,52.137456,21.1613415,26,0.53,2.066,255,0.0,0.5031,0.0405,0.0341,3.146,5.43,-0.53,-4.23,202.9,0.02,0.0,0.03,0.02,99695,1507,3,0.39,0.07,-0.02,0.01,49,-31,-151,0,2.96,-0.24,0.0187,0.0494,27.52,31.59,19.15
559.778,flow_only,72.001,52.1373868,21.1613057,91.42,52.137456,21.1613415,26,0.53,2.066,255,0.0,0.5031,0.0898,0.0193,3.142,5.436,-0.24,-4.13,202.95,0.02,0.0,0.03,0.01,99695,1507,3,0.39,0.07,-0.02,0.01,49,-4,291,0,2.98,-0.25,0.0248,0.0642,27.29,34.6,20.55
559.878,flow_only,72.101,52.1373855,21.1613048,91.43,52.1374526,21.1613395,26,0.53,1.975,255,0.1677,0.3353,0.0664,-0.0045,3.144,5.442,0.27,-4.0,203.32,0.02,0.0,0.03,0.03,99695,1507,3,0.39,0.07,-0.02,0.01,49,45,-226,0,2.99,-0.24,0.0177,0.0517,26.66,33.62,21.75
559.978,flow_only,72.201,52.1373842,21.161304,91.43,52.1374526,21.1613395,26,0.53,1.975,255,0.3355,0.5032,0.0847,-0.063,3.106,5.448,0.72,-4.32,203.8,0.02,0.0,0.04,0.01,99695,1507,3,0.39,0.07,-0.02,0.01,49,24,-131,0,3.01,-0.21,0.0339,0.0815,26.41,32.3,19.76
560.078,flow_only,72.301,52.1373828,21.1613032,91.43,52.1374492,21.1613377,26,0.53,2.033,255,0.3353,0.8383,0.0236,-0.0205,3.106,5.45,0.81,-4.6,204.2,0.02,0.0,0.0,0.02,99695,1507,3,0.39,0.07,-0.02,0.01,49,108,382,0,3.01,-0.19,0.0451,0.0885,28.28,30.97,21.11
560.179,flow_only,72.401,52.1373813,21.1613024,91.43,52.1374492,21.1613377,26,0.53,2.033,255,0.0,0.5031,-0.0131,0.0632,3.092,5.445,0.63,-4.4,204.19,0.02,0.0,0.01,0.01,99695,1507,3,0.39,0.07,-0.02,0.01,49,-49,-23,0,3.0,-0.19,0.0281,0.0572,28.61,31.29,20.38
560.278,flow_only,72.501,52.1373799,21.1613018,91.42,52.1374492,21.1613377,26,0.53,2.033,255,0.1677,0.8383,0.0568,-0.005,3.056,5.437,0.91,-4.28,204.1,0.02,0.0,0.01,0.02,99695,1507,3,0.39,0.07,-0.02,0.01,49,-66,-66,0,2.98,-0.2,0.0109,0.0259,33.24,31.63,23.23
560.378,flow_only,72.601,52.1373785,21.1613012,91.42,52.1374457,21.161336,26,0.53,1.973,255,0.3354,0.8384,0.1507,-0.0092,3.062,5.432,1.63,-4.23,204.14,0.02,0.0,0.03,0.02,99695,1507,3,0.39,0.07,-0.02,0.01,49,-4,484,0,2.99,-0.14,0.0412,0.0774,34.84,32.36,22.51
560.478,flow_only,72.7,52.1373771,21.1613005,91.41,52.1374424,21.1613345,26,0.53,1.887,255,0.1677,0.3355,0.1167,0.0157,3.078,5.429,2.3,-4.25,204.12,0.02,0.0,0.01,0.03,99695,1507,3,0.39,0.07,-0.02,0.01,49,141,-166,0,2.99,-0.14,0.0144,0.0392,32.95,30.45,20.54
560.578,flow_only,72.801,52.1373756,21.1612999,91.41,52.1374424,21.1613345,26,0.53,1.887,255,0.3354,1.174,0.0759,0.0827,3.075,5.428,2.87,-3.91,204.0,0.02,0.0,0.0,0.03,99695,1507,3,0.39,0.07,-0.02,0.01,49,-43,-44,0,2.99,-0.17,0.0258,0.0523,34.37,30.99,22.28
560.678,flow_only,72.901,52.1373743,21.1612993,91.41,52.137439,21.1613331,26,0.53,1.909,255,0.1677,0.3354,0.1506,0.059,3.06,5.428,3.46,-3.45,204.03,0.02,0.0,0.0,0.01,99695,1507,3,0.39,0.07,-0.02,0.01,49,-163,-85,0,2.99,-0.16,0.0196,0.0317,31.52,33.94,21.73
560.778,flow_only,73.0,52.1373731,21.1612987,91.42,52.137439,21.1613331,26,0.53,1.909,255,0.1677,0.3354,0.0457,-0.0926,3.068,5.433,4.14,-3.79,204.17,0.02,0.0,0.05,0.01,99695,1507,3,0.39,0.07,-0.02,0.01,49,279,253,0,3.02,-0.13,0.0115,0.0403,34.84,33.27,24.74
560.878,flow_only,73.101,52.1373718,21.1612982,91.43,52.1374357,21.1613318,26,0.53,1.856,255,0.1677,0.503,0.0268,-0.0921,3.09,5.447,4.33,-4.31,204.32,0.02,0.0,0.1,0.01,99695,1507,3,0.38,0.07,-0.02,0.01,49,45,-10,0,3.06,-0.09,0.0162,0.0636,32.87,33.38,23.52
560.978,flow_only,73.201,52.1373705,21.1612977,91.45,52.1374357,21.1613318,26,0.53,1.856,255,0.0,0.3354,0.0113,-0.0457,3.104,5.465,4.41,-4.98,204.66,0.02,0.0,0.04,0.02,99695,1507,3,0.38,0.07,-0.02,0.01,49,53,-117,0,3.08,-0.08,0.0196,0.0624,33.61,34.16,23.0
561.078,flow_only,73.301,52.1373693,21.1612973,91.46,52.1374326,21.1613304,26,0.53,1.74,255,0.0,0.3353,0.0672,-0.0535,3.104,5.48,4.54,-5.38,205.12,0.02,0.0,0.0,0.01,99695,1507,3,0.38,0.07,-0.02,0.01,49,199,330,0,3.08,-0.09,0.0492,0.0845,34.74,32.43,22.46
561.178,flow_only,73.401,52.137368,21.161297,91.48,52.1374326,21.1613304,26,0.53,1.74,255,0.1677,0.3354,0.1017,-0.0706,3.118,5.494,5.12,-5.82,205.63,0.02,0.0,0.06,0.01,99695,1507,3,0.38,0.07,-0.02,0.01,49,-180,-17,0,3.1,-0.07,0.0226,0.0616,34.92,32.22,24.24
561.278,flow_only,73.501,52.1373668,21.1612964,91.49,52.1374326,21.1613304,26,0.53,1.74,255,0.1677,0.3354,0.0163,-0.0343,3.104,5.506,5.23,-6.13,205.94,0.02,0.0,0.03,0.02,99695,1507,3,0.38,0.07,-0.02,0.01,49,-143,-17,0,3.11,-0.06,0.0132,0.0438,33.21,30.71,21.63
561.378,flow_only,73.601,52.1373656,21.1612956,91.5,52.1374296,21.161329,26,0.53,1.739,255,0.3354,1.174,0.1212,0.0957,3.094,5.514,5.82,-5.7,206.3,0.02,0.0,0.0,0.02,99695,1507,3,0.38,0.07,-0.02,0.01,49,-135,401,0,3.1,-0.06,0.028,0.0499,34.48,28.54,26.28
561.478,flow_only,73.701,52.1373644,21.1612948,91.51,52.1374266,21.1613275,26,0.53,1.726,255,0.0,0.3354,-0.0914,-0.032,3.058,5.523,5.53,-5.57,206.63,0.02,0.0,0.07,0.02,99695,1507,3,0.38,0.07,-0.02,0.01,49,83,-155,0,3.13,-0.02,0.0088,0.0404,29.73,30.12,20.42
561.578,flow_only,73.801,52.1373631,21.1612939,91.52,52.1374266,21.1613275,26,0.53,1.726,255,-0.1677,0.3353,-0.1025,0.0601,3.032,5.538,4.89,-5.46,206.77,0.02,0.0,0.07,0.02,99695,1507,3,0.38,0.07,-0.02,0.01,49,83,99,0,3.15,0.03,0.0353,0.0803,29.48,26.54,21.74
561.678,flow_only,73.9,52.1373618,21.1612928,91.54,52.1374237,21.1613257,26,0.53,1.748,255,-0.1677,0.8387,-0.0514,0.0458,3.048,5.557,4.53,-5.25,206.79,0.02,0.0,0.05,0.02,99695,1507,3,0.38,0.07,-0.02,0.01,49,47,-117,0,3.17,0.03,0.036,0.0818,26.4,29.0,18.61
561.778,flow_only,74.001,52.1373604,21.1612918,91.56,52.1374237,21.1613257,26,0.53,1.748,255,-0.1676,0.5029,-0.1814,0.1337,3.074,5.574,3.81,-4.68,206.53,0.02,0.0,0.03,0.01,99695,1507,3,0.38,0.07,-0.02,0.01,49,94,502,0,3.18,0.06,0.0617,0.1173,24.89,26.22,16.88
561.878,flow_only,74.101,52.137359,21.1612907,91.58,52.1374209,21.1613235,26,0.53,1.709,255,0.0,0.3353,-0.1711,-0.003,3.088,5.595,2.87,-4.3,206.1,0.02,0.0,0.08,0.01,99695,1507,3,0.38,0.06,-0.02,0.01,49,193,-34,0,3.21,0.08,0.0414,0.0906,25.52,28.18,18.01
561.979,flow_only,74.201,52.1373576,21.1612898,91.6,52.1374209,21.1613235,26,0.53,1.709,255,0.0,0.5031,-0.0386,0.0546,3.086,5.617,2.4,-4.14,205.73,0.02,0.0,0.04,0.02,99695,1507,3,0.38,0.06,-0.02,0.01,49,-47,72,0,3.22,0.05,0.0318,0.0724,26.55,29.45,17.66
562.078,flow_only,74.3,52.1373563,21.1612888,91.63,52.1374182,21.1613211,26,0.53,1.665,255,0.0,0.3355,0.0394,-0.0933,3.067,5.642,2.24,-4.5,205.58,0.02,0.0,0.12,0.01,99695,1507,3,0.38,0.06,-0.02,0.01,49,-84,-13,0,3.27,0.1,0.0365,0.0995,28.72,29.22,19.24
562.178,flow_only,74.4,52.1373549,21.1612877,91.65,52.1374182,21.1613211,26,0.53,1.665,255,0.0,0.8386,0.0437,0.1412,3.07,5.669,2.7,-4.19,205.31,0.02,0.0,0.08,0.01,99695,1507,3,0.38,0.06,-0.02,0.01,49,-21,499,0,3.3,0.11,0.0563,0.126,27.76,26.07,20.33
562.278,flow_only,74.501,52.1373535,21.1612864,91.68,52.1374182,21.1613211,26,0.53,1.665,255,0.0,0.3354,-0.0267,0.0815,3.058,5.698,2.51,-3.56,205.01,0.02,0.0,0.07,0.03,99695,1507,3,0.38,0.06,-0.02,0.01,49,37,-78,0,3.32,0.17,0.0291,0.0882,27.34,29.5,17.26
562.378,flow_only,74.601,52.1373523,21.1612852,91.71,52.1374157,21.1613185,26,0.53,1.649,255,-0.1677,0.8387,-0.0661,0.0195,3.01,5.726,2.33,-3.07,204.56,0.02,0.0,0.11,0.01,99695,1507,3,0.38,0.06,-0.02,0.01,49,63,-217,0,3.34,0.21,0.0155,0.0761,28.19,24.98,20.2
562.478,flow_only,74.7,52.1373511,21.1612841,91.74,52.1374131,21.1613159,26,0.53,1.668,255,-0.1677,0.1677,-0.1026,-0.0804,3.008,5.752,1.72,-3.49,204.2,0.02,0.0,0.02,0.02,99695,1507,3,0.38,0.07,-0.02,0.01,49,-199,308,0,3.34,0.24,0.0185,0.0609,27.3,30.51,19.3
562.578,flow_only,74.8,52.1373499,21.1612829,91.76,52.1374131,21.1613159,26,0.53,1.668,255,-0.1677,0.3353,-0.0124,-0.0619,2.984,5.773,1.43,-3.76,204.12,0.02,0.0,0.05,0.01,99695,1507,3,0.38,0.07,-0.02,0.01,49,-16,-29,0,3.35,0.26,0.0114,0.0457,29.88,33.69,21.86
562.678,flow_only,74.9,52.1373488,21.1612817,91.78,52.1374107,21.1613135,26,0.53,1.543,255,-0.3354,0.5031,-0.1329,-0.0249,2.97,5.793,1.13,-4.06,204.06,0.02,0.0,0.06,0.0,99695,1507,3,0.38,0.07,-0.02,0.01,49,-97,13,0,3.36,0.29,0.0266,0.0597,32.25,32.83,24.08
562.778,flow_only,75.0,52.1373476,21.1612805,91.8,52.1374107,21.1613135,26,0.53,1.543,255,-0.1677,0.3354,-0.0451,-0.0088,2.96,5.812,0.71,-4.45,204.03,0.02,0.0,0.06,0.02,99695,1507,3,0.38,0.07,-0.02,0.01,49,-366,389,0,3.37,0.32,0.0465,0.0861,31.81,31.19,22.66
562.878,flow_only,75.101,52.1373463,21.161279,91.82,52.1374083,21.1613113,26,0.53,1.517,255,0.0,0.3353,-0.0074,-0.0333,2.95,5.831,0.63,-4.4,204.05,0.02,0.0,0.04,0.01,99695,1507,3,0.38,0.07,-0.02,0.01,49,-83,242,0,3.38,0.32,0.0546,0.0987,29.03,34.43,23.17
562.978,flow_only,75.201,52.137345,21.1612777,91.83,52.1374083,21.1613113,26,0.53,1.517,255,-0.1677,0.8383,-0.0398,0.1211,2.924,5.848,0.48,-3.87,204.06,0.02,0.0,0.01,0.02,99695,1507,3,0.38,0.07,-0.02,0.01,49,-272,-184,0,3.36,0.33,0.04,0.0641,30.91,32.52,24.46
563.078,flow_only,75.301,52.1373438,21.1612763,91.85,52.1374059,21.1613093,26,0.53,1.487,255,0.0,0.3352,-0.0337,0.0839,2.902,5.867,0.33,-3.31,203.9,0.02,0.0,0.07,0.01,99695,1507,3,0.38,0.07,-0.02,0.01,49,64,-8,0,3.38,0.36,0.0312,0.06,30.31,30.52,21.24
563.178,flow_only,75.4,52.1373427,21.1612751,91.87,52.1374059,21.1613093,26,0.53,1.487,255,0.0,0.3354,-0.0584,-0.0154,2.896,5.89,0.15,-3.17,203.77,0.02,0.0,0.06,0.02,99695,1507,3,0.38,0.07,-0.02,0.01,49,72,-85,0,3.38,0.4,0.0144,0.0343,29.59,31.38,20.28
563.278,flow_only,75.5,52.1373416,21.1612742,91.9,52.1374059,21.1613093,26,0.53,1.487,255,-0.1677,0.3353,-0.0034,-0.0317,2.882,5.913,0.1,-3.46,203.71,0.02,0.0,0.04,0.01,99695,1507,3,0.38,0.07,-0.02,0.01,49,-88,0,0,3.38,0.4,0.0193,0.0377,30.49,31.56,22.8
563.378,flow_only,75.6,52.1373405,21.1612732,91.92,52.1374035,21.1613075,26,0.53,1.474,255,0.0,0.5032,0.1125,0.0106,2.866,5.933,0.64,-3.56,203.7,0.02,0.0,0.03,0.02,99695,1507,3,0.38,0.07,-0.02,0.01,49,-72,11,0,3.38,0.42,0.0115,0.0233,27.68,31.21,21.08
563.478,flow_only,75.701,52.1373395,21.1612723,91.93,52.1374011,21.1613059,26,0.53,1.398,255,0.0,0.3354,-0.037,-0.1079,2.87,5.949,0.8,-3.88,203.85,0.02,0.0,0.0,0.01,99695,1507,3,0.38,0.08,-0.02,0.01,49,61,310,0,3.37,0.41,0.0052,0.0123,27.03,29.29,21.18
563.578,flow_only,75.801,52.1373384,21.1612715,91.94,52.1374011,21.1613059,26,0.53,1.398,255,0.0,0.1677,0.0155,-0.119,2.882,5.96,0.63,-4.73,204.14,0.02,0.0,0.0,0.01,99695,1507,3,0.38,0.08,-0.02,0.01,49,81,126,0,3.35,0.41,0.0072,0.0204,25.33,28.14,19.88
563.678,flow_only,75.901,52.1373373,21.1612707,91.95,52.1373988,21.1613046,26,0.53,1.339,255,0.0,0.3353,0.0501,-0.0545,2.86,5.964,0.93,-5.08,204.57,0.02,0.0,0.02,0.02,99695,1507,3,0.38,0.08,-0.02,0.01,49,-51,38,0,3.33,0.39,0.0089,0.0387,25.23,28.74,19.97
563.778,flow_only,76.001,52.1373361,21.1612698,91.95,52.1373988,21.1613046,26,0.53,1.339,255,0.1677,0.6709,-0.0194,0.0086,2.868,5.967,0.92,-5.19,204.97,0.02,0.0,0.0,0.01,99695,1507,3,0.38,0.08,-0.02,0.01,49,-26,-181,0,3.32,0.38,0.0087,0.0366,23.59,27.98,17.2
563.878,flow_only,76.101,52.137335,21.1612689,91.95,52.1373965,21.1613032,26,0.53,1.302,255,0.0,0.3354,-0.0473,0.0462,2.882,5.969,0.87,-4.95,205.14,0.02,0.0,0.01,0.03,99695,1507,3,0.38,0.08,-0.02,0.01,49,-10,247,0,3.3,0.37,0.0116,0.0426,24.83,25.35,19.01
563.978,flow_only,76.201,52.1373339,21.1612681,91.95,52.1373965,21.1613032,26,0.53,1.302,255,-0.1677,0.3354,-0.0939,0.0231,2.878,5.97,0.27,-4.74,205.19,0.02,0.0,0.02,0.02,99695,1507,3,0.38,0.08,-0.02,0.01,49,105,-94,0,3.28,0.32,0.0229,0.0637,26.62,22.42,18.73
564.078,flow_only,76.3,52.1373329,21.1612674,91.95,52.1373943,21.1613018,26,0.53,1.327,255,0.0,0.3354,-0.039,-0.0091,2.87,5.965,-0.04,-4.8,205.23,0.02,0.0,0.06,0.02,99695,1507,3,0.38,0.08,-0.02,0.01,49,-119,-24,0,3.25,0.29,0.031,0.0874,25.99,19.73,18.98
564.178,flow_only,76.401,52.1373318,21.1612666,91.94,52.1373943,21.1613018,26,0.53,1.327,255,0.0,0.3353,-0.0351,-0.0022,2.84,5.956,-0.26,-4.86,205.23,0.02,0.0,0.04,0.0,99695,1507,3,0.38,0.08,-0.02,0.01,49,46,-222,0,3.23,0.28,0.0266,0.0879,22.9,25.07,16.3
564.279,flow_only,76.501,52.1373308,21.1612659,91.93,52.1373943,21.1613018,26,0.53,1.327,255,0.1677,0.1677,-0.0143,-0.0375,2.832,5.946,-0.06,-5.01,205.1,0.02,0.0,0.04,0.0,99695,1507,3,0.38,0.08,-0.02,0.01,49,-69,324,0,3.21,0.28,0.0245,0.0817,24.19,23.92,17.06
564.378,flow_only,76.601,52.1373298,21.1612651,91.92,52.1373922,21.1613004,26,0.53,1.269,255,0.0,0.3354,-0.0042,-0.0792,2.874,5.936,-0.39,-5.39,205.02,0.02,0.0,0.03,0.01,99695,1507,3,0.38,0.08,-0.02,0.01,49,40,-4,0,3.19,0.28,0.0212,0.0797,22.89,26.6,16.2
564.478,flow_only,76.701,52.1373287,21.1612643,91.92,52.13739,21.161299,26,0.53,1.358,255,0.3354,0.1677,0.1059,-0.0899,2.848,5.931,0.18,-5.71,205.05,0.02,0.0,0.0,0.01,99695,1507,3,0.38,0.07,-0.02,0.01,49,-68,-16,0,3.2,0.28,0.0202,0.0664,24.89,23.39,16.98
564.578,flow_only,76.801,52.1373276,21.1612635,91.92,52.13739,21.161299,26,0.53,1.358,255,0.0,0.1677,0.0248,-0.0175,2.838,5.931,0.46,-6.04,205.1,0.02,0.0,0.0,0.0,99695,1507,3,0.38,0.07,-0.02,0.01,49,55,185,0,3.2,0.27,0.0115,0.0467,24.49,24.89,18.06
564.678,flow_only,76.901,52.1373264,21.1612627,91.92,52.1373876,21.1612978,26,0.53,1.388,255,0.0,0.3353,-0.0005,0.0328,2.816,5.931,0.67,-5.76,205.08,0.02,0.0,0.03,0.01,99695,1507,3,0.38,0.08,-0.02,0.01,49,-91,-129,0,3.18,0.26,0.0271,0.0708,27.36,22.07,18.6
564.778,flow_only,77.0,52.1373253,21.1612619,91.91,52.1373876,21.1612978,26,0.53,1.388,255,0.0,0.6709,-0.0344,0.026,2.812,5.929,0.4,-5.68,204.94,0.02,0.0,0.04,0.01,99695,1507,3,0.38,0.08,-0.02,0.01,49,7,-98,0,3.16,0.27,0.0228,0.0678,23.41,26.73,17.01
564.878,flow_only,77.1,52.1373241,21.1612611,91.91,52.1373852,21.1612967,26,0.53,1.385,255,0.0,0.5032,0.0259,0.0863,2.832,5.925,0.49,-5.28,204.76,0.02,0.0,0.06,0.02,99695,1507,3,0.38,0.08,-0.02,0.01,49,-40,165,0,3.14,0.25,0.0161,0.0666,25.34,24.41,18.87
564.978,flow_only,77.201,52.1373228,21.1612603,91.91,52.1373852,21.1612967,26,0.53,1.385,255,0.0,0.3354,0.0554,0.0189,2.86,5.922,0.69,-5.0,204.56,0.02,0.0,0.0,0.01,99695,1507,3,0.38,0.08,-0.02,0.01,49,-53,13,0,3.14,0.23,0.0177,0.0554,24.49,25.26,17.86
565.078,flow_only,77.301,52.1373217,21.1612594,91.91,52.1373828,21.1612957,26,0.53,1.401,255,0.3354,0.6709,0.0711,0.0169,2.864,5.927,1.0,-4.95,204.29,0.02,0.0,0.02,0.01,99695,1507,3,0.38,0.08,-0.02,0.01,49,47,46,0,3.16,0.22,0.0193,0.0449,24.88,26.94,17.72
565.179,flow_only,77.401,52.1373204,21.1612588,91.92,52.1373828,21.1612957,26,0.53,1.401,255,0.0,0.3354,-0.0267,-0.0148,2.888,5.937,1.02,-5.06,204.03,0.02,0.0,0.0,0.04,99695,1507,3,0.38,0.08,-0.02,0.01,49,-43,-79,0,3.17,0.23,0.0108,0.0283,24.95,28.47,18.03
565.278,flow_only,77.5,52.1373191,21.1612581,91.93,52.1373828,21.1612957,26,0.53,1.401,255,0.1677,0.8386,0.0173,0.0322,2.894,5.948,1.17,-4.9,203.79,0.02,0.0,0.01,0.01,99695,1507,3,0.38,0.08,-0.02,0.01,49,-110,346,0,3.19,0.23,0.0114,0.0225,25.93,28.4,18.86
565.378,flow_only,77.6,52.1373178,21.1612574,91.95,52.1373803,21.1612948,26,0.53,1.437,255,0.1677,0.1677,0.0899,-0.0044,2.88,5.961,1.62,-4.99,203.56,0.02,0.0,0.0,0.01,99695,1507,3,0.38,0.08,-0.02,0.01,49,15,-90,0,3.19,0.22,0.0186,0.0375,23.17,27.7,19.91
565.478,flow_only,77.7,52.1373165,21.1612567,91.96,52.1373777,21.161294,26,0.53,1.433,255,0.0,0.5031,0.0794,0.0591,2.896,5.972,2.06,-4.66,203.42,0.02,0.0,0.0,0.01,99695,1507,3,0.38,0.08,-0.02,0.01,49,5,208,0,3.2,0.22,0.0031,0.013,23.84,26.82,19.5
565.578,flow_only,77.801,52.1373151,21.1612559,91.97,52.1373777,21.161294,26,0.53,1.433,255,0.0,0.5032,0.0152,-0.0303,2.91,5.983,2.15,-4.64,203.41,0.02,0.0,0.0,0.01,99695,1507,3,0.38,0.08,-0.02,0.01,49,-110,506,0,3.21,0.23,0.0206,0.0405,25.14,27.29,19.06
565.678,flow_only,77.9,52.1373138,21.1612553,91.98,52.1373752,21.1612932,26,0.53,1.442,255,0.1677,0.3354,0.1008,0.063,2.94,5.994,2.58,-4.65,203.41,0.02,0.0,0.01,0.01,99695,1507,3,0.38,0.08,-0.02,0.01,49,95,-73,0,3.22,0.24,0.0145,0.0254,24.12,27.56,18.8
565.778,flow_only,78.0,52.1373124,21.1612546,91.99,52.1373752,21.1612932,26,0.53,1.442,255,0.0,0.6709,-0.0222,0.0586,2.93,6.004,2.64,-4.24,203.41,0.02,0.0,0.0,0.01,99695,1507,3,0.38,0.08,-0.02,0.01,49,45,-203,0,3.22,0.2,0.0195,0.0355,27.03,27.89,20.12
565.878,flow_only,78.1,52.1373111,21.1612541,91.99,52.1373727,21.1612924,26,0.53,1.391,255,0.1677,0.3354,-0.0099,-0.0009,2.92,6.007,2.59,-4.21,203.37,0.02,0.0,0.06,0.02,99695,1507,3,0.38,0.08,-0.02,0.01,49,-51,-136,0,3.2,0.18,0.0325,0.0688,26.61,26.64,17.83
565.978,flow_only,78.201,52.1373099,21.1612536,91.99,52.1373727,21.1612924,26,0.53,1.391,255,0.0,0.3355,0.0459,0.0179,2.93,6.006,2.82,-4.12,203.32,0.02,0.0,0.0,0.01,99695,1507,3,0.38,0.08,-0.02,0.01,49,73,387,0,3.2,0.18,0.0158,0.0366,23.4,24.01,17.21
566.078,flow_only,78.3,52.1373087,21.161253,91.99,52.1373703,21.1612916,26,0.53,1.287,255,0.0,0.5031,0.0005,-0.0635,2.936,6.006,2.86,-4.36,203.3,0.02,0.0,0.0,0.01,99695,1507,3,0.38,0.08,-0.02,0.01,49,-55,-85,0,3.21,0.2,0.021,0.0437,25.76,23.7,18.41
566.178,flow_only,78.4,52.1373075,21.1612522,91.99,52.1373703,21.1612916,26,0.53,1.287,255,0.0,0.3355,-0.011,-0.0287,2.95,6.009,2.96,-4.6,203.15,0.02,0.0,0.0,0.01,99695,1507,3,0.38,0.08,-0.02,0.01,49,122,-83,0,3.2,0.19,0.0198,0.0404,22.93,24.78,18.48
566.278,flow_only,78.5,52.1373063,21.1612516,92.0,52.1373703,21.1612916,26,0.53,1.287,255,0.0,0.3354,-0.0604,-0.0176,2.944,6.011,2.66,-4.7,203.03,0.02,0.0,0.01,0.02,99695,1507,3,0.38,0.08,-0.02,0.01,49,29,-95,0,3.21,0.19,0.0314,0.0634,24.29,24.92,16.44
566.378,flow_only,78.601,52.1373052,21.161251,91.99,52.137368,21.1612905,26,0.53,1.368,255,0.0,0.5031,-0.0053,-0.0336,2.942,6.008,2.53,-4.75,202.94,0.02,0.0,0.05,0.02,99695,1507,3,0.38,0.08,-0.02,0.01,49,18,222,0,3.18,0.16,0.0279,0.0627,26.56,25.03,18.6
566.478,flow_only,78.701,52.1373042,21.1612503,91.99,52.1373657,21.1612894,26,0.53,1.306,255,0.0,0.1677,-0.0031,-0.0351,2.936,6.001,2.52,-5.0,202.77,0.02,0.0,0.05,0.01,99695,1507,3,0.38,0.08,-0.02,0.01,49,-12,-83,0,3.16,0.16,0.0295,0.0716,26.64,25.53,17.9
566.578,flow_only,78.8,52.137303,21.1612497,91.98,52.1373657,21.1612894,26,0.53,1.306,255,0.0,0.3354,-0.022,-0.0539,2.938,5.99,2.4,-5.17,202.76,0.02,0.0,0.04,0.0,99695,1507,3,0.38,0.08,-0.02,0.01,49,-5,74,0,3.14,0.13,0.0274,0.0688,26.58,24.69,16.59
566.678,flow_only,78.901,52.1373019,21.1612491,91.96,52.1373635,21.1612882,26,0.53,1.328,255,0.1677,0.3354,-0.0168,-0.0226,2.928,5.979,2.39,-5.44,202.8,0.02,0.0,0.03,0.01,99695,1507,3,0.38,0.08,-0.02,0.01,49,4,111,0,3.13,0.11,0.0207,0.0576,23.87,24.01,17.0
566.778,flow_only,79.0,52.1373008,21.1612485,91.95,52.1373635,21.1612882,26,0.53,1.328,255,0.0,0.1677,-0.0412,-0.0165,2.928,5.968,2.2,-5.61,203.05,0.02,0.0,0.03,0.02,99695,1507,3,0.38,0.08,-0.02,0.01,49,13,-98,0,3.11,0.11,0.0343,0.0786,22.49,24.94,18.38
566.878,flow_only,79.1,52.1372996,21.1612479,91.94,52.1373612,21.1612869,26,0.53,1.321,255,0.0,0.6709,0.0353,-0.0297,2.904,5.958,2.21,-5.68,203.2,0.02,0.0,0.04,0.03,99695,1507,3,0.38,0.07,-0.02,0.01,49,4,-121,0,3.1,0.1,0.0328,0.0771,24.53,24.36,15.99
566.978,flow_only,79.201,52.1372986,21.1612474,91.93,52.1373612,21.1612869,26,0.53,1.321,255,0.1677,0.5031,-0.0234,0.0388,2.938,5.946,2.41,-5.64,203.22,0.02,0.0,0.05,0.01,99695,1507,3,0.38,0.07,-0.02,0.01,49,290,-101,0,3.08,0.1,0.0515,0.1083,25.19,23.83,16.56
567.078,flow_only,79.301,52.1372976,21.1612469,91.92,52.137359,21.1612853,26,0.53,1.397,255,-0.1677,0.3354,-0.0011,-0.0355,2.962,5.937,2.11,-5.6,203.32,0.02,0.0,0.03,0.0,99695,1507,3,0.38,0.07,-0.02,0.01,49,94,-172,0,3.07,0.08,0.0619,0.1281,23.22,22.64,14.97
567.178,flow_only,79.4,52.1372966,21.1612464,91.91,52.137359,21.1612853,26,0.53,1.397,255,0.0,0.503,0.1082,-0.0678,2.974,5.93,2.39,-5.94,203.42,0.02,0.0,0.04,0.01,99695,1507,3,0.38,0.07,-0.02,0.01,49,-7,-62,0,3.06,0.05,0.0506,0.1113,23.53,27.88,17.53
567.278,flow_only,79.5,52.1372957,21.1612457,91.91,52.137359,21.1612853,26,0.53,1.397,255,0.0,0.3354,0.0011,-0.0694,2.978,5.924,2.52,-6.28,203.55,0.02,0.0,0.01,0.0,99695,1507,3,0.38,0.07,-0.02,0.01,49,0,-98,0,3.07,0.02,0.0351,0.0792,25.14,24.65,18.46
567.378,flow_only,79.601,52.1372947,21.1612448,91.91,52.1373566,21.1612836,26,0.53,1.461,255,-0.1678,0.6714,-0.0099,-0.1127,2.978,5.922,2.53,-6.83,203.52,0.02,0.0,0.0,0.01,99695,1507,3,0.38,0.07,-0.02,0.01,49,35,123,0,3.08,0.02,0.0305,0.0673,23.87,28.14,16.85
567.478,flow_only,79.701,52.1372938,21.161244,91.91,52.1373543,21.1612819,26,0.53,1.416,255,-0.1678,0.1678,-0.1084,-0.0873,2.986,5.924,2.11,-7.37,203.37,0.02,0.0,0.01,0.01,99695,1507,3,0.38,0.07,-0.02,0.01,49,117,-39,0,3.09,0.04,0.0406,0.0834,23.62,27.03,15.46
567.578,flow_only,79.801,52.1372927,21.1612432,91.91,52.1373543,21.1612819,26,0.53,1.416,255,0.0,0.3357,-0.0632,-0.0328,3.01,5.929,1.6,-7.61,203.17,0.02,0.0,0.01,0.02,99695,1507,3,0.38,0.07,-0.02,0.01,49,-156,96,0,3.1,0.04,0.0175,0.039,26.81,24.41,17.54
567.678,flow_only,79.9,52.1372918,21.1612421,91.92,52.1373519,21.1612801,26,0.53,1.469,255,0.0,0.1678,-0.0683,-0.0358,3.02,5.932,1.28,-7.68,202.92,0.02,0.0,0.02,0.02,99695,1507,3,0.38,0.07,-0.02,0.01,49,-45,-314,0,3.1,0.02,0.044,0.0906,27.26,23.83,17.31
567.778,flow_only,80.0,52.1372909,21.1612412,91.92,52.1373519,21.1612801,26,0.53,1.469,255,-0.1678,0.3356,-0.1131,-0.0243,3.03,5.934,0.76,-7.84,202.7,0.02,0.0,0.01,0.02,99695,1507,3,0.38,0.07,-0.02,0.01,49,118,-113,0,3.1,0.01,0.0418,0.0865,25.84,25.83,17.86
567.878,flow_only,80.101,52.1372898,21.1612404,91.92,52.1373495,21.1612782,26,0.53,1.562,255,0.0,0.3356,-0.0053,-0.0431,3.032,5.934,0.48,-8.01,202.51,0.02,0.0,0.01,0.0,99695,1507,3,0.38,0.07,-0.02,0.01,49,-4,-131,0,3.1,0.01,0.0258,0.053,25.01,26.6,18.9
567.978,flow_only,80.201,52.1372887,21.1612396,91.92,52.1373495,21.1612782,26,0.53,1.562,255,0.0,0.3357,-0.0044,0.0001,3.028,5.935,0.55,-8.17,202.37,0.02,0.0,0.0,0.02,99695,1507,3,0.38,0.07,-0.02,0.01,49,29,197,0,3.11,0.01,0.0144,0.0275,24.86,27.42,20.74
568.078,flow_only,80.3,52.1372875,21.1612387,91.92,52.1373468,21.1612762,26,0.53,1.717,255,-0.1678,0.5034,0.0454,0.0629,3.014,5.935,0.69,-7.92,202.41,0.02,0.0,0.01,0.0,99695,1507,3,0.38,0.07,-0.02,0.01,49,23,-210,0,3.11,0.01,0.03,0.0604,26.5,27.56,17.8
568.178,flow_only,80.401,52.1372863,21.1612377,91.92,52.1373468,21.1612762,26,0.53,1.717,255,0.0,0.5032,0.0771,0.1266,3.048,5.934,1.18,-7.25,202.49,0.02,0.0,0.01,0.0,99695,1507,3,0.38,0.07,-0.02,0.01,49,-38,-155,0,3.11,0.01,0.0133,0.0269,27.71,27.87,18.44
568.278,flow_only,80.501,52.1372852,21.1612367,91.92,52.1373468,21.1612762,26,0.53,1.717,255,0.0,0.5031,-0.0986,0.1823,3.044,5.933,1.01,-6.3,202.65,0.02,0.0,0.03,0.0,99695,1507,3,0.38,0.07,-0.02,0.01,49,59,-210,0,3.1,0.0,0.0342,0.0674,25.83,27.0,16.1
568.378,flow_only,80.6,52.1372841,21.1612358,91.91,52.1373439,21.1612743,26,0.53,1.769,255,0.0,1.0063,-0.0307,0.1415,3.042,5.93,0.78,-5.32,202.68,0.02,0.0,0.0,0.0,99695,1507,3,0.38,0.07,-0.02,0.01,49,-87,129,0,3.1,-0.02,0.0234,0.0466,26.03,24.77,16.31
568.478,flow_only,80.7,52.1372829,21.1612349,91.91,52.1373409,21.1612724,26,0.53,1.759,255,0.0,0.5031,-0.0767,0.1617,3.016,5.928,0.35,-4.37,202.62,0.02,0.0,0.01,0.01,99695,1507,3,0.38,0.07,-0.02,0.01,49,-20,-212,0,3.11,-0.02,0.0323,0.0627,24.98,25.95,16.23
568.578,flow_only,80.801,52.1372818,21.1612339,91.91,52.1373409,21.1612724,26,0.53,1.759,255,0.0,0.6709,0.0207,0.1574,3.01,5.929,0.17,-3.5,202.56,0.02,0.0,0.01,0.01,99695,1507,3,0.38,0.07,-0.02,0.01,49,-230,302,0,3.12,0.02,0.0164,0.0348,23.38,27.27,17.27
568.678,flow_only,80.901,52.1372807,21.1612329,91.92,52.1373381,21.1612704,26,0.53,1.733,255,0.1677,1.1736,0.0092,0.2348,3.026,5.932,0.37,-2.32,202.5,0.02,0.0,0.0,0.01,99695,1507,3,0.38,0.06,-0.02,0.01,49,16,-206,0,3.12,0.02,0.02,0.0411,24.09,26.22,17.31
568.778,flow_only,81.001,52.1372798,21.1612321,91.92,52.1373381,21.1612704,26,0.53,1.733,255,0.0,0.5031,-0.0599,0.1689,3.016,5.931,0.15,-1.24,202.41,0.02,0.0,0.01,0.02,99695,1507,3,0.38,0.06,-0.02,0.01,49,71,-236,0,3.11,0.01,0.0417,0.0816,24.1,24.01,17.27
568.878,flow_only,81.101,52.1372788,21.1612313,91.92,52.1373353,21.1612684,26,0.53,1.615,255,0.0,0.5031,0.0317,0.1037,3.028,5.931,0.03,-0.5,202.44,0.02,0.0,0.0,0.02,99695,1507,3,0.38,0.06,-0.02,0.01,49,-42,-161,0,3.11,0.01,0.015,0.0298,22.42,25.18,16.46
568.978,flow_only,81.201,52.1372779,21.1612307,91.92,52.1373353,21.1612684,26,0.53,1.615,255,0.1677,0.5031,0.0127,0.131,3.032,5.931,0.15,0.21,202.41,0.02,0.0,0.03,0.01,99695,1507,3,0.38,0.06,-0.02,0.01,49,12,-86,0,3.12,0.0,0.0285,0.0568,23.44,23.68,16.22
569.078,flow_only,81.301,52.1372771,21.16123,91.92,52.1373328,21.1612667,26,0.53,1.449,255,-0.1677,0.3354,-0.0738,0.089,3.038,5.931,-0.15,1.02,202.44,0.02,0.0,0.01,0.01,99695,1507,3,0.38,0.06,-0.02,0.01,49,74,401,0,3.12,0.0,0.0072,0.0162,23.03,24.22,16.69
569.178,flow_only,81.401,52.1372763,21.1612295,91.92,52.1373328,21.1612667,26,0.53,1.449,255,-0.1678,0.5034,-0.0297,0.0404,3.018,5.931,-0.58,1.27,202.46,0.02,0.0,0.01,0.0,99695,1507,3,0.38,0.06,-0.02,0.01,49,-33,-138,0,3.12,0.0,0.0093,0.0193,22.01,23.12,14.69
569.278,flow_only,81.5,52.1372755,21.1612289,91.91,52.1373328,21.1612667,26,0.53,1.449,255,0.0,0.3354,-0.0088,0.1327,3.004,5.929,-0.47,1.98,202.51,0.02,0.0,0.01,0.02,99695,1507,3,0.38,0.06,-0.02,0.01,49,-6,-167,0,3.11,0.0,0.0089,0.018,21.15,25.31,16.2
569.378,flow_only,81.601,52.137275,21.1612284,91.91,52.1373306,21.1612652,26,0.53,1.193,255,0.0,0.3354,0.0372,0.0687,2.992,5.924,-0.33,2.5,202.62,0.02,0.0,0.01,0.03,99695,1507,3,0.38,0.06,-0.02,0.01,49,2,-100,0,3.1,0.01,0.0184,0.0347,22.13,23.43,16.2
569.478,flow_only,81.701,52.1372745,21.161228,91.9,52.1373287,21.1612639,26,0.53,1.05,255,0.0,0.5031,0.0085,-0.0329,2.988,5.917,-0.2,2.51,202.87,0.02,0.0,0.0,0.02,99695,1507,3,0.38,0.06,-0.02,0.01,49,-10,223,0,3.09,0.02,0.0043,0.0105,19.91,22.83,14.74
569.578,flow_only,81.801,52.1372741,21.1612278,91.9,52.1373287,21.1612639,26,0.53,1.05,255,0.0,0.0,-0.0299,-0.128,2.994,5.91,-0.55,1.96,203.13,0.02,0.0,0.03,0.05,99695,1507,3,0.38,0.06,-0.02,0.01,49,98,-152,0,3.07,0.01,0.0154,0.0278,19.38,23.27,13.87
569.678,flow_only,81.9,52.1372737,21.1612275,91.88,52.1373272,21.1612629,26,0.53,0.836,255,0.1677,0.0,0.0796,-0.1038,3.002,5.9,-0.26,1.36,203.32,0.02,0.0,0.03,0.03,99695,1507,3,0.38,0.06,-0.02,0.01,49,6,45,0,3.06,-0.01,0.0059,0.0181,19.45,23.47,14.48
569.778,flow_only,82.0,52.1372734,21.1612274,91.87,52.1373272,21.1612629,26,0.53,0.836,255,0.1677,0.0,-0.0015,-0.1368,3.002,5.887,-0.12,0.6,203.37,0.02,0.0,0.04,0.01,99695,1507,3,0.38,0.06,-0.02,0.01,49,113,69,0,3.03,-0.04,0.0101,0.0299,18.96,20.16,13.56
569.878,flow_only,82.101,52.1372731,21.1612273,91.86,52.1373259,21.1612622,26,0.53,0.688,255,0.0,0.1677,0.0613,-0.1088,2.998,5.871,0.01,-0.12,203.38,0.02,0.0,0.03,0.02,99695,1507,3,0.38,0.06,-0.02,0.01,49,12,-48,0,3.02,-0.04,0.008,0.0297,18.65,22.2,13.95
569.978,flow_only,82.2,52.1372728,21.1612271,91.84,52.1373259,21.1612622,26,0.53,0.688,255,0.0,0.0,0.0104,-0.0943,3.002,5.854,0.11,-0.73,203.36,0.02,0.0,0.02,0.03,99695,1507,3,0.38,0.06,-0.02,0.01,49,-33,103,0,3.01,-0.07,0.0257,0.0566,20.02,20.93,14.71
570.078,flow_only,82.3,52.1372724,21.1612268,91.82,52.1373249,21.1612617,26,0.53,0.464,255,0.0,0.0,-0.0086,-0.0388,2.99,5.832,0.22,-1.04,203.24,0.02,0.0,0.11,0.03,99695,1507,3,0.38,0.06,-0.02,0.01,49,-40,258,0,2.97,-0.11,0.0443,0.0987,21.72,20.1,14.13
570.179,flow_only,82.401,52.137272,21.1612266,91.78,52.1373249,21.1612617,26,0.53,0.464,255,0.0,0.0,-0.049,-0.0436,3.004,5.8,-0.11,-1.29,203.03,0.02,0.0,0.11,0.02,99695,1507,3,0.38,0.06,-0.02,0.01,49,59,-109,0,2.92,-0.15,0.033,0.0934,20.63,20.59,13.83
570.278,flow_only,82.501,52.1372717,21.1612264,91.75,52.1373249,21.1612617,26,0.53,0.464,255,0.0,0.0,0.024,0.0014,2.996,5.764,-0.1,-1.4,202.73,0.02,0.0,0.08,0.0,99695,1507,3,0.38,0.06,-0.02,0.01,49,0,91,0,2.89,-0.18,0.0416,0.1071,20.83,20.3,13.17
570.378,flow_only,82.6,52.1372714,21.1612263,91.71,52.1373241,21.1612613,26,0.53,0.468,255,0.0,0.1677,0.0675,-0.0049,3.004,5.729,0.28,-1.38,202.47,0.02,0.0,0.07,0.04,99695,1507,3,0.38,0.07,-0.02,0.01,49,92,45,0,2.86,-0.22,0.03,0.0895,21.73,20.61,14.52
570.478,flow_only,82.7,52.1372711,21.1612262,91.68,52.1373233,21.1612611,26,0.53,0.418,255,0.1677,0.0,0.063,-0.0654,3.01,5.695,0.7,-1.67,202.31,0.02,0.0,0.08,0.03,99695,1507,3,0.38,0.07,-0.02,0.01,49,70,-47,0,2.83,-0.26,0.0266,0.0864,20.83,20.36,12.81
570.578,flow_only,82.8,52.1372708,21.1612261,91.65,52.1373233,21.1612611,26,0.53,0.418,255,0.0,0.0,-0.0114,-0.0216,3.024,5.662,0.89,-1.93,202.19,0.02,0.0,0.08,0.02,99695,1507,3,0.38,0.07,-0.02,0.01,49,-54,-27,0,2.8,-0.29,0.0234,0.08,20.55,18.28,12.77
570.678,flow_only,82.901,52.1372707,21.161226,91.61,52.1373227,21.161261,26,0.53,0.331,255,0.0,0.1677,-0.0631,-0.0099,3.034,5.627,0.52,-2.08,202.15,0.02,0.0,0.09,0.06,99695,1507,3,0.38,0.07,-0.02,0.01,49,70,119,0,2.77,-0.33,0.0245,0.0841,18.77,18.59,11.61
570.778,flow_only,83.0,52.1372705,21.1612258,91.58,52.1373227,21.161261,26,0.53,0.331,255,0.0,0.1677,0.0391,0.0523,3.05,5.593,0.57,-1.81,202.08,0.02,0.0,0.07,0.17,99695,1507,3,0.38,0.07,-0.02,0.01,49,-137,85,0,2.75,-0.37,0.0296,0.0839,21.97,17.39,12.95
570.878,flow_only,83.1,52.1372703,21.1612256,91.54,52.1373221,21.1612608,26,0.53,0.279,255,0.0,0.0,-0.028,-0.0309,3.06,5.556,0.53,-1.95,202.0,0.02,0.0,0.13,0.13,99695,1507,3,0.38,0.06,-0.02,0.01,49,-18,-100,0,2.71,-0.42,0.024,0.0881,20.4,18.05,13.16
570.979,flow_only,83.201,52.1372703,21.1612255,91.5,52.1373221,21.1612608,26,0.53,0.279,255,-0.1677,0.1677,-0.0885,0.0973,3.068,5.515,0.2,-1.58,201.79,0.02,0.0,0.11,0.18,99695,1507,3,0.38,0.06,-0.02,0.01,49,40,96,0,2.68,-0.46,0.0257,0.091,19.51,16.23,11.69
571.078,flow_only,83.3,52.1372701,21.1612254,91.46,52.1373217,21.1612606,26,0.53,0.207,255,-0.1677,0.0,-0.0597,0.0384,3.074,5.472,-0.26,-1.24,201.59,0.02,0.0,0.11,0.16,99695,1507,3,0.38,0.07,-0.02,0.01,49,-92,26,0,2.65,-0.5,0.0256,0.0914,17.41,16.75,11.78
571.178,flow_only,83.401,52.13727,21.1612253,91.41,52.1373217,21.1612606,26,0.53,0.207,255,0.0,0.0,0.0954,0.0076,3.082,5.428,-0.0,-1.22,201.44,0.02,0.0,0.1,0.12,99695,1507,3,0.38,0.07,-0.02,0.01,49,-187,-55,0,2.62,-0.55,0.0265,0.0892,20.44,17.39,13.45
571.278,flow_only,83.5,52.1372699,21.1612251,91.37,52.1373217,21.1612606,26,0.53,0.207,255,0.1677,0.0,0.0151,0.0197,3.116,5.385,0.4,-1.1,201.45,0.02,0.0,0.08,0.02,99695,1507,3,0.38,0.07,-0.02,0.01,49,83,-67,0,2.6,-0.58,0.022,0.0772,18.42,19.27,12.91
571.378,flow_only,83.6,52.1372698,21.1612251,91.33,52.1373214,21.1612605,26,0.53,0.2,255,0.0,0.0,-0.0159,-0.0228,3.134,5.343,0.33,-1.12,201.52,0.02,0.0,0.1,0.02,99695,1507,3,0.38,0.06,-0.02,0.01,49,2,140,0,2.58,-0.63,0.0245,0.0796,17.03,20.08,12.58
571.478,flow_only,83.701,52.1372698,21.1612251,91.29,52.1373211,21.1612606,26,0.53,0.093,255,0.0,0.1677,-0.0537,0.0362,3.156,5.301,0.17,-1.01,201.47,0.02,0.0,0.1,0.0,99695,1507,3,0.38,0.09,-0.02,0.01,49,17,-31,0,2.55,-0.66,0.0181,0.0703,16.9,19.2,11.36
571.578,flow_only,83.801,52.1372697,21.1612252,91.24,52.1373211,21.1612606,26,0.53,0.093,255,0.0,0.0,-0.0288,-0.0382,3.178,5.26,-0.07,-1.09,201.4,0.02,0.0,0.09,0.03,99695,1507,3,0.38,0.09,-0.02,0.01,49,29,189,0,2.54,-0.71,0.0379,0.0905,17.78,17.42,11.63
571.678,flow_only,83.9,52.1372696,21.1612252,91.21,52.137321,21.1612608,26,0.53,0.084,255,0.0,0.0,0.0208,-0.0563,3.186,5.224,-0.01,-1.47,201.16,0.02,0.0,0.04,0.01,99695,1507,3,0.38,0.08,-0.02,0.01,49,-31,-84,0,2.53,-0.72,0.023,0.0589,18.06,19.57,12.17
571.778,flow_only,84.0,52.1372695,21.1612253,91.18,52.137321,21.1612608,26,0.53,0.084,255,0.1677,-0.1677,0.0011,0.016,3.204,5.196,0.04,-1.46,200.84,0.02,0.0,0.02,0.0,99695,1507,3,0.38,0.08,-0.02,0.01,49,-41,-111,0,2.55,-0.73,0.0078,0.0248,19.77,19.82,13.8
571.878,flow_only,84.101,52.1372696,21.1612254,91.16,52.1373209,21.161261,26,0.53,0.095,255,0.0,0.0,0.0587,-0.0505,3.234,5.174,0.17,-1.52,200.68,0.02,0.0,0.04,0.0,99695,1507,3,0.38,0.1,-0.02,0.01,49,-25,2,0,2.55,-0.74,0.0084,0.0202,21.74,20.75,14.09
571.978,flow_only,84.201,52.1372696,21.1612254,91.14,52.1373209,21.161261,26,0.53,0.095,255,0.0,0.0,-0.0016,-0.0311,3.252,5.153,0.34,-1.82,200.61,0.02,0.0,0.05,0.01,99695,1507,3,0.38,0.1,-0.02,0.01,49,100,115,0,2.56,-0.77,0.0175,0.0367,19.64,19.17,13.73
572.078,flow_only,84.301,52.1372696,21.1612256,91.12,52.137321,21.1612613,26,0.53,0.159,255,0.0,0.0,0.0143,-0.0797,3.274,5.133,0.18,-2.1,200.62,0.02,0.0,0.02,0.01,99695,1507,3,0.38,0.09,-0.02,0.01,49,180,80,0,2.56,-0.77,0.0257,0.0506,20.12,17.84,13.81
572.178,flow_only,84.401,52.1372695,21.1612257,91.1,52.137321,21.1612613,26,0.53,0.159,255,0.1677,-0.1677,0.0487,-0.0146,3.294,5.12,0.46,-2.31,200.73,0.02,0.0,0.02,0.0,99695,1507,3,0.38,0.09,-0.02,0.01,49,-70,-55,0,2.6,-0.77,0.0202,0.0527,20.0,18.71,14.64
572.278,flow_only,84.501,52.1372696,21.1612259,91.09,52.137321,21.1612613,26,0.53,0.159,255,0.1677,-0.1677,0.1022,-0.0026,3.314,5.108,0.81,-2.36,200.95,0.02,0.0,0.02,0.0,99695,1507,3,0.38,0.09,-0.02,0.01,49,-51,78,0,2.6,-0.77,0.016,0.0457,19.42,19.29,13.05
572.378,flow_only,84.601,52.1372697,21.1612259,91.08,52.1373212,21.1612617,26,0.53,0.151,255,0.1677,0.0,0.0222,0.0112,3.328,5.095,1.24,-2.29,201.22,0.02,0.0,0.02,0.01,99695,1507,3,0.38,0.1,-0.02,0.01,49,42,63,0,2.62,-0.79,0.0134,0.0413,17.53,18.78,11.86
572.478,flow_only,84.701,52.1372697,21.1612261,91.07,52.1373214,21.161262,26,0.53,0.18,255,0.0,-0.1677,-0.0169,-0.0392,3.34,5.082,0.97,-2.5,201.47,0.02,0.0,0.0,0.0,99695,1507,3,0.38,0.1,-0.02,0.01,49,45,95,0,2.63,-0.79,0.0179,0.0539,19.38,18.52,12.84
572.578,flow_only,84.801,52.1372698,21.1612262,91.05,52.1373214,21.161262,26,0.53,0.18,255,0.1677,0.0,0.0226,-0.0466,3.358,5.068,1.04,-2.74,201.92,0.02,0.0,0.0,0.02,99695,1507,3,0.38,0.1,-0.02,0.01,49,-36,-62,0,2.63,-0.8,0.0082,0.0444,19.53,22.75,13.05
572.678,flow_only,84.901,52.13727,21.1612264,91.04,52.1373217,21.1612624,26,0.53,0.257,255,0.0,-0.1677,0.065,-0.0423,3.366,5.05,1.15,-3.01,202.5,0.02,0.0,0.03,0.0,99695,1507,3,0.38,0.1,-0.02,0.01,49,-3,-21,0,2.62,-0.81,0.0087,0.0361,18.58,19.53,13.28
572.779,flow_only,85.001,52.1372702,21.1612264,91.02,52.1373217,21.1612624,26,0.53,0.257,255,0.0,0.0,-0.0491,-0.0085,3.374,5.032,1.24,-3.07,203.09,0.02,0.0,0.02,0.03,99695,1507,3,0.38,0.1,-0.02,0.01,49,-31,79,0,2.63,-0.83,0.0174,0.0547,17.98,22.3,13.58
572.878,flow_only,85.1,52.1372703,21.1612264,91.0,52.1373221,21.1612627,26,0.53,0.269,255,-0.1677,-0.3354,-0.0739,-0.0525,3.378,5.014,0.69,-3.39,203.48,0.02,0.0,0.0,0.02,99695,1507,3,0.38,0.09,-0.02,0.01,49,-87,-66,0,2.62,-0.84,0.0158,0.0501,17.5,18.76,11.59
572.978,flow_only,85.201,52.1372704,21.1612265,90.98,52.1373221,21.1612627,26,0.53,0.269,255,0.0,0.0,-0.0744,-0.0162,3.38,4.998,0.41,-3.45,203.76,0.02,0.0,0.04,0.01,99695,1507,3,0.38,0.09,-0.02,0.01,49,47,-59,0,2.65,-0.82,0.0122,0.0616,18.76,18.18,13.32
573.078,flow_only,85.3,52.1372706,21.1612266,90.97,52.1373224,21.1612631,26,0.53,0.174,255,-0.1677,-0.1677,-0.0339,-0.0279,3.382,4.985,0.04,-3.64,203.93,0.02,0.0,0.02,0.01,99695,1507,3,0.38,0.08,-0.02,0.01,49,103,-59,0,2.66,-0.81,0.0129,0.0669,17.02,20.21,13.43
573.178,flow_only,85.401,52.1372708,21.1612267,90.96,52.1373224,21.1612631,26,0.53,0.174,255,0.0,0.0,0.026,-0.0005,3.37,4.974,0.12,-3.71,203.95,0.02,0.0,0.04,0.03,99695,1507,3,0.38,0.08,-0.02,0.01,49,-12,-80,0,2.67,-0.81,0.0184,0.0763,17.41,17.35,13.25
573.278,flow_only,85.5,52.137271,21.1612268,90.95,52.1373224,21.1612631,26,0.53,0.174,255,0.1677,0.0,0.0556,-0.0504,3.366,4.965,0.38,-3.92,203.88,0.02,0.0,0.04,0.01,99695,1507,3,0.38,0.08,-0.02,0.01,49,-15,-53,0,2.68,-0.78,0.0226,0.0844,16.84,19.03,12.87
573.378,flow_only,85.601,52.1372712,21.1612269,90.94,52.1373227,21.1612634,26,0.53,0.251,255,0.0,0.0,-0.0275,-0.0589,3.364,4.953,0.59,-4.18,203.78,0.02,0.0,0.01,0.0,99695,1507,3,0.38,0.08,-0.02,0.01,49,95,-68,0,2.67,-0.78,0.0161,0.0623,17.67,18.68,13.43
573.478,flow_only,85.701,52.1372714,21.1612272,90.92,52.1373231,21.1612636,26,0.53,0.156,255,0.0,0.0,0.0023,-0.0491,3.366,4.936,0.47,-4.51,203.63,0.02,0.0,0.0,0.01,99695,1507,3,0.38,0.08,-0.02,0.01,49,44,-42,0,2.65,-0.78,0.0246,0.0632,17.93,18.17,13.87
573.578,flow_only,85.801,52.1372715,21.1612274,90.9,52.1373231,21.1612636,26,0.53,0.156,255,0.0,0.0,-0.036,-0.0016,3.37,4.917,0.48,-4.56,203.35,0.02,0.0,0.02,0.0,99695,1507,3,0.38,0.08,-0.02,0.01,49,-22,-101,0,2.66,-0.8,0.0174,0.0583,17.91,19.38,13.21
573.678,flow_only,85.9,52.1372716,21.1612275,90.88,52.1373233,21.1612638,26,0.53,0.088,255,0.0,-0.1677,-0.0097,-0.0476,3.36,4.899,0.3,-4.76,202.99,0.02,0.0,0.02,0.01,99695,1507,3,0.38,0.09,-0.02,0.01,49,50,-85,0,2.65,-0.79,0.0188,0.0605,19.38,19.02,13.71
573.778,flow_only,86.0,52.1372717,21.1612276,90.87,52.1373233,21.1612638,26,0.53,0.088,255,0.1677,-0.1677,0.0427,-0.0334,3.356,4.881,0.54,-5.05,202.65,0.02,0.0,0.01,0.01,99695,1507,3,0.38,0.09,-0.02,0.01,49,-50,99,0,2.64,-0.8,0.0132,0.0533,22.12,20.5,12.57
573.878,flow_only,86.1,52.1372717,21.1612277,90.85,52.1373235,21.161264,26,0.53,0.167,255,0.0,0.0,-0.0395,0.0575,3.358,4.861,0.41,-4.91,202.36,0.02,0.0,0.0,0.02,99695,1507,3,0.38,0.07,-0.02,0.01,49,36,-18,0,2.62,-0.82,0.0176,0.0475,18.28,20.11,12.45
573.978,flow_only,86.201,52.1372717,21.1612278,90.83,52.1373235,21.161264,26,0.53,0.167,255,0.0,0.1677,0.0898,0.0493,3.34,4.844,0.7,-4.55,202.1,0.02,0.0,0.06,0.0,99695,1507,3,0.38,0.07,-0.02,0.01,49,23,-84,0,2.65,-0.8,0.0149,0.0594,22.1,19.75,14.05
574.078,flow_only,86.3,52.1372716,21.1612278,90.82,52.1373236,21.161264,26,0.53,0.069,255,0.0,0.1677,-0.0116,0.0598,3.334,4.832,0.91,-4.18,201.93,0.02,0.0,0.04,0.0,99695,1507,3,0.38,0.1,-0.02,0.01,49,-76,-57,0,2.65,-0.78,0.0126,0.0616,18.98,19.67,12.43
574.178,flow_only,86.4,52.1372716,21.1612278,90.81,52.1373236,21.161264,26,0.53,0.069,255,0.0,0.0,-0.0031,0.0483,3.324,4.826,0.72,-3.93,201.88,0.02,0.0,0.08,0.02,99695,1507,3,0.38,0.1,-0.02,0.01,49,76,-52,0,2.68,-0.74,0.0189,0.0779,19.05,18.51,12.58
574.278,flow_only,86.501,52.1372716,21.1612279,90.81,52.1373236,21.161264,26,0.53,0.069,255,0.0,0.1677,0.0241,0.0377,3.314,4.824,0.83,-3.63,201.78,0.02,0.0,0.06,0.0,99695,1507,3,0.38,0.1,-0.02,0.01,49,12,-61,0,2.69,-0.72,0.0173,0.0793,19.03,18.44,13.12
574.378,flow_only,86.6,52.1372716,21.1612279,90.8,52.1373237,21.161264,26,0.53,0.036,255,0.0,0.0,0.0126,0.0311,3.296,4.82,0.78,-3.38,201.83,0.02,0.0,0.0,0.02,99695,1507,3,0.38,0.1,-0.02,0.01,49,190,-60,0,2.68,-0.72,0.0211,0.061,19.57,22.35,13.05
574.478,flow_only,86.7,52.1372716,21.161228,90.8,52.1373237,21.1612639,26,0.53,0.018,255,0.0,0.0,0.0384,-0.0703,3.284,4.814,1.04,-3.61,201.85,0.02,0.0,0.06,0.01,99695,1507,3,0.38,0.12,-0.02,0.01,49,-51,-3,0,2.69,-0.68,0.0156,0.0643,18.1,19.58,12.47
574.578,flow_only,86.801,52.1372716,21.1612281,90.79,52.1373237,21.1612639,26,0.53,0.018,255,0.0,0.0,-0.0744,-0.0536,3.296,4.808,1.01,-3.86,201.78,0.02,0.0,0.02,0.01,99695,1507,3,0.38,0.12,-0.02,0.01,49,155,23,0,2.7,-0.68,0.0157,0.0567,19.91,20.24,13.7
574.678,flow_only,86.9,52.1372715,21.1612282,90.78,52.1373237,21.1612639,26,0.53,0.047,255,-0.1677,-0.3354,-0.0646,-0.0669,3.278,4.799,0.46,-4.24,201.65,0.02,0.0,0.02,0.01,99695,1507,3,0.38,0.12,-0.02,0.01,49,-48,-115,0,2.68,-0.68,0.0132,0.0492,19.42,19.78,12.01
574.778,flow_only,87.0,52.1372715,21.1612282,90.77,52.1373237,21.1612639,26,0.53,0.047,255,0.0,-0.1677,0.0812,0.0596,3.268,4.786,0.83,-4.17,201.4,0.02,0.0,0.01,0.02,99695,1507,3,0.38,0.12,-0.02,0.01,49,-64,-28,0,2.67,-0.69,0.0187,0.0394,20.58,22.71,12.79
574.878,flow_only,87.101,52.1372716,21.1612281,90.75,52.1373236,21.1612639,26,0.53,0.072,255,0.0,0.0,0.0041,-0.0103,3.274,4.769,0.91,-4.02,201.1,0.02,0.0,0.0,0.0,99695,1507,3,0.38,0.11,-0.02,0.01,49,13,-35,0,2.66,-0.7,0.0209,0.0384,22.1,20.43,13.54
574.978,flow_only,87.201,52.1372717,21.161228,90.73,52.1373236,21.1612639,26,0.53,0.072,255,0.0,0.0,-0.0412,-0.0013,3.26,4.75,0.79,-3.97,200.51,0.02,0.0,0.0,0.01,99695,1507,3,0.38,0.11,-0.02,0.01,49,18,-14,0,2.65,-0.71,0.0147,0.0274,21.79,20.32,12.73
575.078,flow_only,87.3,52.1372718,21.1612278,90.72,52.1373236,21.1612637,26,0.53,0.052,255,0.0,-0.1677,-0.0628,0.0001,3.246,4.73,0.44,-4.02,199.95,0.02,0.0,0.0,0.01,99695,1507,3,0.38,0.11,-0.02,0.01,49,-76,-2,0,2.64,-0.71,0.029,0.0445,21.16,21.75,13.82
575.179,flow_only,87.401,52.1372718,21.1612278,90.7,52.1373236,21.1612637,26,0.53,0.052,255,0.0,0.0,-0.021,-0.002,3.238,4.713,0.3,-4.06,199.49,0.02,0.0,0.01,0.02,99695,1507,3,0.38,0.11,-0.02,0.01,49,97,-21,0,2.64,-0.7,0.0098,0.0218,20.41,24.21,14.5
575.278,flow_only,87.501,52.1372718,21.1612277,90.68,52.1373236,21.1612637,26,0.53,0.052,255,-0.3356,0.1678,0.0083,0.0362,3.228,4.695,0.13,-3.99,199.23,0.02,0.0,0.01,0.01,99695,1507,3,0.38,0.11,-0.02,0.01,49,-115,-31,0,2.63,-0.68,0.0109,0.0219,19.91,26.23,14.33
575.378,flow_only,87.601,52.1372717,21.1612274,90.66,52.1373236,21.1612635,26,0.53,0.064,255,0.0,0.0,0.0566,0.0538,3.214,4.68,0.31,-3.7,199.18,0.02,0.0,0.0,0.0,99695,1507,3,0.38,0.08,-0.02,0.01,49,32,61,0,2.63,-0.69,0.028,0.043,20.81,26.29,16.09
575.478,flow_only,87.701,52.1372717,21.1612272,90.65,52.1373236,21.1612634,26,0.53,0.054,255,0.0,0.0,-0.0599,0.0564,3.212,4.664,0.27,-3.48,199.43,0.02,0.0,0.0,0.01,99695,1507,3,0.38,0.07,-0.02,0.01,49,179,-69,0,2.62,-0.68,0.0121,0.0222,23.04,23.81,16.61
575.578,flow_only,87.801,52.1372716,21.1612271,90.64,52.1373236,21.1612634,26,0.53,0.054,255,0.0,0.0,0.0335,0.056,3.208,4.654,0.17,-3.2,199.8,0.02,0.0,0.06,0.01,99695,1507,3,0.38,0.07,-0.02,0.01,49,-113,-79,0,2.64,-0.66,0.0113,0.0325,22.7,22.31,15.97
575.678,flow_only,87.9,52.1372716,21.161227,90.64,52.1373236,21.1612633,26,0.53,0.025,255,0.0,0.0,0.0339,-0.0206,3.206,4.655,0.3,-3.06,200.31,0.02,0.0,0.09,0.0,99695,1507,3,0.38,0.08,-0.02,0.01,49,-24,-57,0,2.66,-0.66,0.0186,0.0571,23.45,24.57,17.59
575.778,flow_only,88.001,52.1372717,21.1612269,90.65,52.1373236,21.1612633,26,0.53,0.025,255,0.0,0.0,0.0535,-0.0063,3.214,4.662,0.6,-3.2,200.88,0.02,0.0,0.06,0.01,99695,1507,3,0.38,0.08,-0.02,0.01,49,-63,30,0,2.69,-0.61,0.0185,0.062,21.62,24.02,16.45
575.878,flow_only,88.101,52.1372717,21.1612268,90.65,52.1373237,21.1612634,26,0.53,0.047,255,0.0,0.0,0.0017,-0.0849,3.22,4.67,0.56,-3.5,201.33,0.02,0.0,0.04,0.01,99695,1507,3,0.38,0.07,-0.02,0.01,49,43,35,0,2.7,-0.6,0.0134,0.0544,24.38,22.33,15.64
575.979,flow_only,88.201,52.1372717,21.1612267,90.66,52.1373237,21.1612634,26,0.53,0.047,255,0.0,0.0,0.0147,-0.043,3.224,4.675,0.55,-3.87,201.64,0.02,0.0,0.02,0.02,99695,1507,3,0.38,0.07,-0.02,0.01,49,-7,-117,0,2.71,-0.6,0.0102,0.0418,25.33,22.33,17.3
576.078,flow_only,88.3,52.1372717,21.1612267,90.66,52.1373237,21.1612635,26,0.53,0.045,255,0.0,0.0,0.0051,0.0085,3.22,4.674,0.5,-3.94,201.77,0.02,0.0,0.0,0.01,99695,1507,3,0.38,0.08,-0.02,0.01,49,0,32,0,2.7,-0.6,0.0066,0.0278,23.37,24.02,16.62
576.178,flow_only,88.401,52.1372718,21.1612267,90.65,52.1373237,21.1612635,26,0.53,0.045,255,0.0,0.0,-0.0145,-0.0166,3.218,4.667,0.47,-3.91,201.7,0.02,0.0,0.0,0.0,99695,1507,3,0.38,0.08,-0.02,0.01,49,-3,-186,0,2.69,-0.61,0.0116,0.0219,24.91,23.58,15.75
576.278,flow_only,88.5,52.1372719,21.1612268,90.64,52.1373237,21.1612635,26,0.53,0.045,255,-0.1677,-0.1677,-0.038,-0.0482,3.216,4.66,0.21,-4.17,201.45,0.02,0.0,0.03,0.0,99695,1507,3,0.38,0.08,-0.02,0.01,49,58,-129,0,2.7,-0.6,0.0161,0.0292,23.12,22.58,15.01
576.378,flow_only,88.601,52.137272,21.1612269,90.64,52.1373238,21.1612636,26,0.53,0.075,255,0.1677,-0.1677,0.0446,-0.0417,3.222,4.651,0.41,-4.49,201.08,0.02,0.0,0.0,0.01,99695,1507,3,0.38,0.07,-0.02,0.01,49,-9,97,0,2.69,-0.61,0.0097,0.0177,22.03,23.22,16.12
576.478,flow_only,88.7,52.1372721,21.161227,90.63,52.1373239,21.1612637,26,0.53,0.084,255,0.0,0.0,0.0098,-0.0855,3.228,4.641,0.52,-4.82,200.81,0.02,0.0,0.03,0.02,99695,1507,3,0.38,0.08,-0.02,0.01,49,-28,-102,0,2.69,-0.61,0.0092,0.0194,21.82,23.21,16.1
576.578,flow_only,88.8,52.1372721,21.161227,90.62,52.1373239,21.1612637,26,0.53,0.084,255,0.0,0.0,-0.0,-0.0536,3.22,4.631,0.64,-5.27,200.46,0.02,0.0,0.02,0.02,99695,1507,3,0.38,0.08,-0.02,0.01,49,148,96,0,2.69,-0.62,0.0123,0.0212,22.75,25.82,17.46
576.678,flow_only,88.901,52.1372721,21.1612271,90.6,52.137324,21.1612639,26,0.53,0.103,255,0.0,0.0,0.0309,0.0269,3.216,4.618,0.6,-5.28,200.21,0.02,0.0,0.02,0.02,99695,1507,3,0.38,0.05,-0.02,0.01,49,15,9,0,2.67,-0.63,0.0139,0.0209,24.14,23.55,15.43
576.778,flow_only,89.0,52.137272,21.1612271,90.59,52.137324,21.1612639,26,0.53,0.103,255,0.0,0.0,0.1136,0.0064,3.21,4.602,1.12,-5.18,199.98,0.02,0.0,0.01,0.0,99695,1507,3,0.38,0.05,-0.02,0.01,49,-98,-31,0,2.67,-0.63,0.0073,0.0108,22.76,22.18,15.01
576.878,flow_only,89.1,52.137272,21.161227,90.57,52.1373241,21.161264,26,0.53,0.012,255,0.0,0.0,-0.1008,0.0332,3.196,4.583,1.08,-4.99,199.71,0.02,0.0,0.02,0.03,99695,1507,3,0.38,0.11,-0.02,0.01,49,5,-50,0,2.64,-0.65,0.011,0.0209,21.16,22.14,13.21
576.979,flow_only,89.201,52.137272,21.1612269,90.55,52.1373241,21.161264,26,0.53,0.012,255,0.0,0.0,-0.0106,0.0678,3.206,4.561,0.62,-4.63,199.43,0.02,0.0,0.03,0.01,99695,1507,3,0.38,0.11,-0.02,0.01,49,86,78,0,2.62,-0.64,0.01,0.0277,19.42,20.39,13.51
577.078,flow_only,89.3,52.1372719,21.1612269,90.52,52.1373241,21.1612641,26,0.53,0.029,255,0.0,0.1677,-0.0381,0.1338,3.195,4.535,0.61,-3.92,199.15,0.02,0.0,0.03,0.0,99695,1507,3,0.38,0.11,-0.02,0.01,49,-159,60,0,2.6,-0.69,0.0101,0.0363,19.62,20.94,14.17
577.178,flow_only,89.4,52.1372719,21.1612268,90.5,52.1373241,21.1612641,26,0.53,0.029,255,0.0,0.0,-0.0313,0.0041,3.192,4.511,0.21,-3.59,198.88,0.02,0.0,0.01,0.02,99695,1507,3,0.38,0.11,-0.02,0.01,49,95,23,0,2.59,-0.69,0.0082,0.0335,20.96,21.47,12.74
577.278,flow_only,89.501,52.1372719,21.1612268,90.48,52.1373241,21.1612641,26,0.53,0.029,255,0.0,0.0,0.0453,-0.0141,3.194,4.494,0.39,-3.65,198.78,0.02,0.0,0.03,0.0,99695,1507,3,0.38,0.11,-0.02,0.01,49,-171,-25,0,2.6,-0.68,0.0088,0.018,20.37,20.69,15.9
577.378,flow_only,89.6,52.1372719,21.1612267,90.47,52.137324,21.1612641,26,0.53,0.053,255,0.0,0.0,-0.0978,0.0306,3.194,4.485,0.22,-3.59,198.88,0.02,0.0,0.04,0.0,99695,1507,3,0.38,0.07,-0.02,0.01,49,0,-27,0,2.61,-0.67,0.0081,0.0122,18.17,21.19,13.48
577.478,flow_only,89.701,52.1372719,21.1612267,90.47,52.1373239,21.1612641,26,0.53,0.092,255,0.0,0.0,0.0127,0.0289,3.192,4.481,-0.03,-3.42,199.07,0.02,0.0,0.02,0.0,99695,1507,3,0.38,0.08,-0.02,0.01,49,95,-61,0,2.62,-0.66,0.0129,0.0209,18.66,19.4,12.75
577.578,flow_only,89.801,52.1372719,21.1612268,90.47,52.1373239,21.1612641,26,0.53,0.092,255,0.0,0.0,0.1193,-0.0019,3.202,4.482,0.43,-3.34,199.47,0.02,0.0,0.07,0.01,99695,1507,3,0.38,0.08,-0.02,0.01,49,-63,-48,0,2.66,-0.62,0.0132,0.0338,17.41,18.21,12.69
577.678,flow_only,89.9,52.1372719,21.1612268,90.48,52.1373237,21.1612642,26,0.53,0.043,255,0.1677,0.0,0.0357,-0.0249,3.202,4.49,0.71,-3.39,200.05,0.02,0.0,0.07,0.01,99695,1507,3,0.38,0.09,-0.02,0.01,49,-62,134,0,2.68,-0.62,0.0087,0.0419,19.12,19.66,12.42
577.778,flow_only,90.0,52.1372719,21.1612268,90.49,52.1373237,21.1612642,26,0.53,0.043,255,0.0,0.0,-0.0964,0.0089,3.212,4.501,0.43,-3.58,200.59,0.02,0.0,0.06,0.0,99695,1507,3,0.38,0.09,-0.02,0.01,49,8,-132,0,2.71,-0.58,0.0135,0.0469,20.9,21.69,14.35
577.878,flow_only,90.101,52.1372719,21.1612269,90.49,52.1373236,21.1612643,26,0.53,0.086,255,0.0,0.0,0.0266,0.0394,3.206,4.509,0.32,-3.46,200.98,0.02,0.0,0.01,0.02,99695,1507,3,0.38,0.09,-0.02,0.01,49,24,-44,0,2.72,-0.58,0.017,0.039,22.31,23.49,14.81
577.978,flow_only,90.201,52.1372718,21.161227,90.5,52.1373236,21.1612643,26,0.53,0.086,255,0.0,0.0,-0.0131,-0.0502,3.208,4.515,0.4,-3.54,201.26,0.02,0.0,0.06,0.01,99695,1507,3,0.38,0.09,-0.02,0.01,49,-36,-23,0,2.74,-0.58,0.0078,0.0377,22.81,21.54,13.67
578.078,flow_only,90.3,52.1372718,21.161227,90.51,52.1373235,21.1612643,26,0.53,0.021,255,0.1677,0.0,0.0851,0.005,3.218,4.526,0.66,-3.61,201.33,0.02,0.0,0.09,0.0,99695,1507,3,0.38,0.08,-0.02,0.01,49,-70,-9,0,2.77,-0.52,0.0138,0.0554,22.24,22.15,14.43
578.178,flow_only,90.401,52.1372717,21.161227,90.52,52.1373235,21.1612643,26,0.53,0.021,255,0.1676,0.0,-0.0313,0.0368,3.21,4.539,0.88,-3.48,201.26,0.02,0.0,0.07,0.02,99695,1507,3,0.38,0.08,-0.02,0.01,49,-82,-26,0,2.8,-0.49,0.0113,0.0557,22.14,23.35,15.96
578.278,flow_only,90.501,52.1372716,21.1612271,90.54,52.1373235,21.1612643,26,0.53,0.021,255,0.0,0.0,-0.044,-0.0411,3.2,4.553,0.27,-3.51,201.08,0.02,0.0,0.05,0.02,99695,1507,3,0.38,0.08,-0.02,0.01,49,104,-45,0,2.82,-0.47,0.0179,0.0564,20.16,22.17,14.42
578.378,flow_only,90.601,52.1372715,21.1612271,90.55,52.1373235,21.1612643,26,0.53,0.049,255,0.0,0.0,0.0775,0.0204,3.208,4.569,0.53,-3.56,200.9,0.02,0.0,0.11,0.02,99695,1507,3,0.38,0.11,-0.02,0.01,49,3,24,0,2.86,-0.48,0.0162,0.0687,20.06,23.47,14.02
578.478,flow_only,90.701,52.1372715,21.1612271,90.57,52.1373234,21.1612643,26,0.53,0.046,255,0.0,0.0,-0.031,-0.0091,3.198,4.585,0.54,-3.46,200.81,0.02,0.0,0.05,0.0,99695,1507,3,0.38,0.11,-0.02,0.01,49,123,-56,0,2.87,-0.41,0.0135,0.0572,20.82,21.98,13.92
578.578,flow_only,90.8,52.1372715,21.1612272,90.58,52.1373234,21.1612643,26,0.53,0.046,255,0.0,0.0,0.0303,0.0489,3.192,4.6,0.56,-3.36,200.66,0.02,0.0,0.09,0.02,99695,1507,3,0.38,0.11,-0.02,0.01,49,29,-11,0,2.9,-0.38,0.0147,0.0637,18.55,23.19,12.91
578.678,flow_only,90.901,52.1372714,21.1612272,90.6,52.1373233,21.1612643,26,0.53,0.062,255,0.0,0.0,-0.0209,-0.0287,3.186,4.615,0.67,-3.32,200.48,0.02,0.0,0.05,0.01,99695,1507,3,0.38,0.11,-0.02,0.01,49,-32,-34,0,2.91,-0.36,0.0106,0.0523,18.87,20.57,12.58
578.778,flow_only,91.001,52.1372714,21.1612272,90.61,52.1373233,21.1612643,26,0.53,0.062,255,-0.1677,0.0,-0.0461,-0.0222,3.174,4.63,0.44,-3.48,200.19,0.02,0.0,0.08,0.0,99695,1507,3,0.38,0.11,-0.02,0.01,49,39,12,0,2.94,-0.33,0.0111,0.0557,20.49,19.59,14.16
578.878,flow_only,91.1,52.1372714,21.1612272,90.63,52.1373233,21.1612643,26,0.53,0.034,255,0.0,0.0,-0.0087,-0.0172,3.17,4.643,0.36,-3.53,200.05,0.02,0.0,0.05,0.02,99695,1507,3,0.37,0.1,-0.02,0.01,49,20,-15,0,2.95,-0.3,0.01,0.0475,19.26,20.27,14.62
578.978,flow_only,91.201,52.1372714,21.1612271,90.64,52.1373233,21.1612643,26,0.53,0.034,255,0.0,0.0,-0.0809,0.07,3.146,4.657,0.07,-3.39,200.16,0.02,0.0,0.1,0.01,99695,1507,3,0.37,0.1,-0.02,0.01,49,-111,-15,0,2.98,-0.27,0.0154,0.0574,20.1,19.47,15.25
579.079,flow_only,91.301,52.1372714,21.161227,90.66,52.1373233,21.1612642,26,0.53,0.007,255,0.0,0.0,-0.0045,0.0231,3.132,4.674,0.05,-3.19,200.42,0.02,0.0,0.09,0.02,99695,1507,3,0.37,0.11,-0.02,0.01,49,-168,-56,0,3.0,-0.23,0.0297,0.0704,19.12,21.93,15.42
579.178,flow_only,91.401,52.1372714,21.1612269,90.68,52.1373233,21.1612642,26,0.53,0.007,255,0.0,0.0,-0.0917,-0.0097,3.12,4.691,-0.36,-3.22,200.77,0.02,0.0,0.06,0.0,99695,1507,3,0.37,0.11,-0.02,0.01,49,82,4,0,3.01,-0.2,0.0101,0.0481,18.05,20.06,14.33
579.278,flow_only,91.5,52.1372714,21.1612269,90.69,52.1373233,21.1612642,26,0.53,0.007,255,0.0,0.0,0.0747,0.0323,3.106,4.707,-0.25,-3.13,201.14,0.02,0.0,0.07,0.01,99695,1507,3,0.37,0.11,-0.02,0.01,49,72,11,0,3.03,-0.18,0.0099,0.0455,18.59,20.45,13.9
579.378,flow_only,91.6,52.1372715,21.1612269,90.71,52.1373233,21.1612643,26,0.53,0.064,255,0.1677,0.0,0.0504,-0.0275,3.1,4.723,0.17,-2.94,201.59,0.02,0.0,0.06,0.0,99695,1507,3,0.37,0.1,-0.02,0.01,49,-90,-82,0,3.04,-0.15,0.0111,0.0395,17.96,21.19,14.95
579.478,flow_only,91.7,52.1372715,21.1612269,90.72,52.1373232,21.1612645,26,0.53,0.1,255,0.0,0.0,-0.0143,-0.0581,3.09,4.737,0.15,-3.31,202.03,0.02,0.0,0.06,0.0,99695,1507,3,0.37,0.1,-0.02,0.01,49,-30,67,0,3.05,-0.12,0.0065,0.0319,18.09,23.08,15.23
579.578,flow_only,91.8,52.1372715,21.161227,90.74,52.1373232,21.1612645,26,0.53,0.1,255,0.0,0.0,0.0142,-0.0041,3.074,4.751,0.2,-3.42,202.5,0.02,0.0,0.07,0.02,99695,1507,3,0.37,0.1,-0.02,0.01,49,-23,-145,0,3.06,-0.1,0.0157,0.04,20.47,21.92,14.44
579.678,flow_only,91.9,52.1372716,21.1612271,90.75,52.1373231,21.1612648,26,0.53,0.089,255,0.1677,0.0,0.088,-0.0857,3.076,4.768,0.55,-3.72,202.82,0.02,0.0,0.08,0.01,99695,1507,3,0.37,0.06,-0.02,0.01,49,-51,27,0,3.08,-0.07,0.0115,0.0387,22.31,21.19,15.47
579.778,flow_only,92.001,52.1372716,21.1612271,90.77,52.1373231,21.1612648,26,0.53,0.089,255,0.0,0.0,0.0476,-0.1007,3.074,4.788,0.89,-4.3,203.02,0.02,0.0,0.1,0.0,99695,1507,3,0.37,0.06,-0.02,0.01,49,-66,110,0,3.11,-0.04,0.0225,0.0556,23.41,24.93,15.67
579.878,flow_only,92.101,52.1372716,21.161227,90.8,52.1373231,21.161265,26,0.53,0.084,255,0.1677,-0.1677,-0.0197,0.0023,3.062,4.81,0.98,-4.61,203.05,0.02,0.0,0.05,0.02,99695,1507,3,0.37,0.09,-0.02,0.01,49,107,85,0,3.12,-0.01,0.0251,0.0536,22.32,24.75,16.06
579.978,flow_only,92.201,52.1372715,21.1612271,90.82,52.1373231,21.161265,26,0.53,0.084,255,0.1678,0.0,0.0135,0.0161,3.052,4.833,1.12,-4.51,202.92,0.02,0.0,0.09,0.03,99695,1507,3,0.37,0.09,-0.02,0.01,49,-71,-20,0,3.15,0.01,0.0103,0.0419,21.94,23.84,16.62
580.078,flow_only,92.3,52.1372715,21.1612272,90.84,52.1373231,21.1612652,26,0.53,0.071,255,0.0,0.0,-0.0796,0.0143,3.036,4.855,0.99,-4.41,202.73,0.02,0.0,0.06,0.0,99695,1507,3,0.37,0.1,-0.02,0.01,49,157,-19,0,3.16,0.03,0.022,0.0444,21.11,23.37,16.16
580.179,flow_only,92.401,52.1372715,21.1612275,90.86,52.1373231,21.1612652,26,0.53,0.071,255,0.0,0.0,0.011,0.0023,3.034,4.878,0.81,-4.49,202.45,0.02,0.0,0.09,0.01,99695,1507,3,0.37,0.1,-0.02,0.01,49,-1,28,0,3.19,0.07,0.021,0.0477,22.9,24.16,16.0
580.278,flow_only,92.501,52.1372714,21.1612277,90.89,52.1373231,21.1612652,26,0.53,0.071,255,0.0,0.1676,0.0463,0.0539,3.012,4.902,1.06,-4.22,202.16,0.02,0.0,0.07,0.02,99695,1507,3,0.37,0.1,-0.02,0.01,49,-51,2,0,3.2,0.09,0.0124,0.0362,23.81,22.16,17.3
580.378,flow_only,92.601,52.1372714,21.1612278,90.91,52.1373231,21.1612655,26,0.53,0.109,255,0.1677,0.0,0.1301,-0.033,3.0,4.923,1.6,-4.25,201.87,0.02,0.0,0.02,0.01,99695,1507,3,0.37,0.1,-0.02,0.01,49,-90,-34,0,3.2,0.1,0.0051,0.0131,21.87,24.24,15.41
580.478,flow_only,92.7,52.1372713,21.161228,90.93,52.1373231,21.1612657,26,0.53,0.058,255,0.0,0.0,0.017,0.0126,2.992,4.941,1.94,-4.24,201.61,0.02,0.0,0.07,0.01,99695,1507,3,0.37,0.07,-0.02,0.01,49,208,41,0,3.22,0.13,0.0197,0.0355,22.76,24.85,16.16
580.578,flow_only,92.801,52.1372712,21.1612282,90.94,52.1373231,21.1612657,26,0.53,0.058,255,0.0,-0.1677,0.0868,-0.0747,2.978,4.959,2.26,-4.43,201.3,0.02,0.0,0.04,0.01,99695,1507,3,0.37,0.07,-0.02,0.01,49,-40,11,0,3.23,0.16,0.0081,0.017,22.61,27.21,16.7
580.678,flow_only,92.9,52.1372712,21.1612283,90.96,52.1373231,21.1612659,26,0.53,0.078,255,0.0,-0.1677,-0.0137,-0.0815,2.968,4.977,2.46,-4.97,200.83,0.02,0.0,0.1,0.02,99695,1507,3,0.37,0.07,-0.02,0.01,49,-92,125,0,3.26,0.16,0.0205,0.0403,26.47,27.02,18.35
580.778,flow_only,93.001,52.1372712,21.1612284,90.99,52.1373231,21.1612659,26,0.53,0.078,255,0.0,0.0,0.017,0.0221,2.96,5.002,2.56,-4.9,200.23,0.02,0.0,0.1,0.02,99695,1507,3,0.37,0.07,-0.02,0.01,49,-11,-162,0,3.29,0.25,0.0075,0.0341,25.35,27.47,17.32
580.878,flow_only,93.101,52.1372711,21.1612285,91.01,52.1373232,21.161266,26,0.53,0.076,255,0.0,0.0,0.1315,-0.0261,2.948,5.025,3.01,-4.92,199.66,0.02,0.0,0.01,0.03,99695,1507,3,0.37,0.09,-0.02,0.01,49,-66,8,0,3.29,0.26,0.0127,0.0224,23.85,27.75,18.02
580.978,flow_only,93.201,52.1372711,21.1612284,91.03,52.1373232,21.161266,26,0.53,0.076,255,0.1677,0.0,0.0045,0.0053,2.936,5.044,3.53,-4.99,199.02,0.02,0.0,0.06,0.04,99695,1507,3,0.37,0.09,-0.02,0.01,49,63,37,0,3.3,0.28,0.016,0.0283,28.77,26.41,17.48
581.078,flow_only,93.301,52.1372711,21.1612284,91.04,52.1373233,21.1612661,26,0.53,0.024,255,0.0,0.0,-0.1775,0.0136,2.918,5.058,2.8,-4.81,198.2,0.02,0.0,0.0,0.01,99695,1507,3,0.37,0.1,-0.02,0.01,49,107,-25,0,3.29,0.28,0.0124,0.0246,28.98,26.16,18.95
581.178,flow_only,93.401,52.137271,21.1612283,91.04,52.1373233,21.1612661,26,0.53,0.024,255,0.0,0.0,-0.0339,0.0222,2.904,5.06,2.38,-4.79,197.22,0.02,0.0,0.06,0.01,99695,1507,3,0.37,0.1,-0.02,0.01,49,-68,7,0,3.25,0.25,0.0235,0.0634,24.97,27.43,18.27
581.278,flow_only,93.501,52.137271,21.1612281,91.04,52.1373233,21.1612661,26,0.53,0.024,255,-0.1677,0.1677,-0.0678,0.003,2.898,5.053,2.18,-4.55,196.32,0.02,0.0,0.01,0.01,99695,1507,3,0.37,0.1,-0.02,0.01,49,-80,-66,0,3.23,0.24,0.0264,0.0711,26.79,27.49,19.86
581.378,flow_only,93.6,52.137271,21.1612279,91.03,52.1373234,21.161266,26,0.53,0.076,255,0.0,0.0,-0.0404,0.0415,2.884,5.044,1.98,-4.45,195.52,0.02,0.0,0.03,0.03,99695,1507,3,0.37,0.09,-0.02,0.01,49,50,0,0,3.2,0.23,0.0188,0.0744,26.92,26.24,19.05
581.478,flow_only,93.701,52.137271,21.1612278,91.02,52.1373234,21.1612658,26,0.53,0.112,255,-0.3354,0.0,-0.0563,-0.0051,2.872,5.034,1.66,-4.35,195.0,0.02,0.0,0.02,0.01,99695,1507,3,0.37,0.07,-0.02,0.01,49,89,-31,0,3.19,0.22,0.0142,0.0739,26.91,27.43,20.6
581.578,flow_only,93.801,52.1372711,21.1612278,91.01,52.1373234,21.1612658,26,0.53,0.112,255,0.0,0.0,0.0243,-0.0113,2.874,5.024,1.73,-4.42,194.79,0.02,0.0,0.02,0.0,99695,1507,3,0.37,0.07,-0.02,0.01,49,29,18,0,3.17,0.22,0.0172,0.0785,26.3,27.05,19.06
581.678,flow_only,93.9,52.1372711,21.1612278,91.0,52.1373235,21.1612655,26,0.53,0.098,255,0.0,0.0,0.004,0.0788,2.862,5.013,1.64,-4.21,194.88,0.02,0.0,0.03,0.0,99695,1507,3,0.37,0.06,-0.02,0.01,49,39,-10,0,3.15,0.2,0.0181,0.0832,25.59,28.49,19.15
581.778,flow_only,94.001,52.1372711,21.1612277,90.99,52.1373235,21.1612655,26,0.53,0.098,255,0.0,0.0,0.0375,-0.0368,2.868,5.0,1.85,-4.23,194.93,0.02,0.0,0.05,0.01,99695,1507,3,0.37,0.06,-0.02,0.01,49,-5,-22,0,3.12,0.17,0.0196,0.0939,25.86,26.44,19.14
581.878,flow_only,94.101,52.1372712,21.1612277,90.97,52.1373237,21.1612652,26,0.53,0.175,255,-0.1677,0.0,-0.1466,-0.0139,2.872,4.987,1.5,-4.24,195.07,0.02,0.0,0.03,0.01,99695,1507,3,0.37,0.07,-0.02,0.01,49,51,2,0,3.11,0.17,0.0191,0.0902,23.17,25.86,17.43
581.978,flow_only,94.201,52.1372712,21.1612277,90.96,52.1373237,21.1612652,26,0.53,0.175,255,-0.1677,0.0,-0.0407,-0.0849,2.884,4.973,0.83,-4.65,195.22,0.02,0.0,0.05,0.0,99695,1507,3,0.37,0.07,-0.02,0.01,49,0,-82,0,3.08,0.13,0.0254,0.1,23.55,25.83,18.2
582.078,flow_only,94.3,52.1372713,21.1612277,90.94,52.1373238,21.1612648,26,0.53,0.158,255,0.0,0.0,0.0778,-0.0181,2.9,4.958,1.12,-4.85,195.31,0.02,0.0,0.06,0.03,99695,1507,3,0.37,0.09,-0.02,0.01,49,-17,-116,0,3.06,0.09,0.0201,0.0985,26.16,25.6,19.05
582.178,flow_only,94.401,52.1372713,21.1612275,90.92,52.1373238,21.1612648,26,0.53,0.158,255,0.0,0.0,0.052,-0.0357,2.9,4.94,1.47,-5.09,195.32,0.02,0.0,0.05,0.0,99695,1507,3,0.37,0.09,-0.02,0.01,49,-17,74,0,3.04,0.06,0.0186,0.0947,23.92,24.62,16.97
582.279,flow_only,94.501,52.1372714,21.1612274,90.9,52.1373238,21.1612648,26,0.53,0.158,255,-0.1677,0.0,-0.0496,0.0349,2.91,4.919,1.35,-5.05,195.12,0.02,0.0,0.08,0.02,99695,1507,3,0.37,0.09,-0.02,0.01,49,78,-152,0,3.02,0.03,0.0298,0.1135,21.77,22.46,15.59
582.378,flow_only,94.6,52.1372716,21.1612273,90.88,52.137324,21.1612644,26,0.53,0.155,255,-0.1677,0.0,-0.0766,0.0396,2.92,4.893,0.99,-4.73,194.9,0.02,0.0,0.1,0.02,99695,1507,3,0.37,0.07,-0.02,0.01,49,94,-44,0,2.98,-0.01,0.0304,0.1238,23.5,21.75,14.24
582.478,flow_only,94.7,52.1372717,21.1612272,90.85,52.137324,21.1612639,26,0.53,0.21,255,-0.1677,0.0,0.0547,0.054,2.934,4.864,0.98,-4.55,194.67,0.02,0.0,0.1,0.02,99695,1507,3,0.37,0.06,-0.02,0.01,49,-48,-30,0,2.94,-0.04,0.029,0.1263,21.45,22.2,14.48
582.578,flow_only,94.8,52.1372719,21.1612269,90.82,52.137324,21.1612639,26,0.53,0.21,255,-0.1677,0.0,-0.1325,0.0801,2.946,4.83,0.74,-4.11,194.31,0.02,0.0,0.13,0.02,99695,1507,3,0.37,0.06,-0.02,0.01,49,23,-73,0,2.9,-0.11,0.0321,0.14,21.31,20.7,14.8
582.678,flow_only,94.901,52.1372721,21.1612267,90.78,52.1373241,21.1612633,26,0.53,0.242,255,-0.1677,0.0,-0.1311,-0.0541,2.936,4.796,-0.09,-4.13,193.83,0.02,0.0,0.07,0.01,99695,1507,3,0.37,0.07,-0.02,0.01,49,-91,120,0,2.88,-0.14,0.0276,0.1233,20.54,20.77,12.51
582.778,flow_only,95.0,52.1372722,21.1612262,90.76,52.1373241,21.1612633,26,0.53,0.242,255,-0.3354,0.0,-0.1875,-0.0399,2.928,4.774,-0.88,-4.46,193.26,0.02,0.0,0.0,0.02,99695,1507,3,0.37,0.07,-0.02,0.01,49,27,60,0,2.89,-0.12,0.022,0.0853,21.02,21.48,15.28
582.878,flow_only,95.1,52.1372722,21.161226,90.75,52.137324,21.1612626,26,0.53,0.217,255,-0.1677,0.0,-0.1085,-0.0209,2.922,4.763,-1.96,-4.6,192.88,0.02,0.0,0.0,0.02,99695,1507,3,0.37,0.08,-0.02,0.01,49,132,7,0,2.91,-0.11,0.0123,0.0568,20.16,21.67,14.0
582.978,flow_only,95.201,52.1372722,21.1612259,90.75,52.137324,21.1612626,26,0.53,0.217,255,0.0,0.0,0.0505,0.0045,2.944,4.762,-1.92,-4.66,192.67,0.02,0.0,0.01,0.02,99695,1507,3,0.37,0.08,-0.02,0.01,49,-107,5,0,2.93,-0.07,0.0062,0.0309,21.36,22.55,14.33
583.078,flow_only,95.301,52.1372722,21.1612258,90.75,52.1373238,21.1612621,26,0.53,0.188,255,0.0,0.1677,0.0522,0.0799,2.962,4.765,-1.5,-4.35,192.71,0.02,0.0,0.04,0.04,99695,1507,3,0.37,0.08,-0.02,0.01,49,-49,-63,0,2.93,-0.09,0.0111,0.038,22.35,23.94,16.23
583.178,flow_only,95.401,52.1372722,21.1612257,90.75,52.1373238,21.1612621,26,0.53,0.188,255,0.0,0.0,0.1186,0.0145,2.986,4.767,-1.12,-4.26,193.16,0.02,0.0,0.01,0.03,99695,1507,3,0.37,0.08,-0.02,0.01,49,-36,139,0,2.95,-0.09,0.016,0.0353,22.59,24.82,16.52
583.279,flow_only,95.501,52.1372721,21.1612256,90.76,52.1373236,21.1612618,26,0.53,0.095,255,0.0,0.0,0.0222,-0.026,3.018,4.771,-0.73,-4.27,193.81,0.02,0.0,0.0,0.02,99695,1507,3,0.37,0.09,-0.02,0.01,49,100,-47,0,2.96,-0.09,0.0075,0.0197,21.5,26.29,17.13
583.378,flow_only,95.601,52.1372719,21.1612256,90.76,52.1373236,21.1612618,26,0.53,0.095,255,0.1677,0.1677,0.1669,0.0806,3.034,4.776,0.04,-4.0,194.57,0.02,0.0,0.0,0.02,99695,1507,3,0.37,0.09,-0.02,0.01,49,-189,-80,0,2.98,-0.12,0.0164,0.0282,21.68,22.08,15.75
583.478,flow_only,95.701,52.1372718,21.1612254,90.77,52.1373235,21.1612617,26,0.53,0.118,255,0.0,0.0,-0.0467,0.0975,3.06,4.782,0.1,-3.55,195.39,0.02,0.0,0.01,0.02,99695,1507,3,0.37,0.09,-0.02,0.01,49,41,-110,0,3.0,-0.1,0.0069,0.0111,21.3,22.08,15.05
583.578,flow_only,95.801,52.1372718,21.1612254,90.77,52.1373235,21.1612617,26,0.53,0.118,255,0.0,0.0,-0.0288,0.0633,3.068,4.789,-0.09,-3.06,196.09,0.02,0.0,0.0,0.01,99695,1507,3,0.37,0.09,-0.02,0.01,49,71,29,0,3.01,-0.13,0.0049,0.0092,19.14,19.23,12.66
583.678,flow_only,95.9,52.1372717,21.1612254,90.78,52.1373233,21.1612616,26,0.53,0.128,255,0.0,0.0,-0.0514,0.0275,3.07,4.797,-0.4,-2.84,196.72,0.02,0.0,0.01,0.0,99695,1507,3,0.37,0.09,-0.02,0.01,49,49,98,0,3.03,-0.12,0.0106,0.0224,18.82,19.63,12.12
583.778,flow_only,96.001,52.1372715,21.1612255,90.79,52.1373233,21.1612616,26,0.53,0.128,255,0.0,0.0,-0.0142,0.0312,3.08,4.807,-0.58,-2.74,197.16,0.02,0.0,0.04,0.01,99695,1507,3,0.37,0.09,-0.02,0.01,49,46,-58,0,3.06,-0.09,0.0142,0.0351,20.59,20.67,14.66
583.878,flow_only,96.1,52.1372715,21.1612256,90.8,52.1373231,21.1612615,26,0.53,0.051,255,0.0,0.0,0.0747,-0.0163,3.094,4.819,-0.37,-2.74,197.58,0.02,0.0,0.03,0.01,99695,1507,3,0.37,0.11,-0.02,0.01,49,-20,-37,0,3.08,-0.08,0.0083,0.032,18.21,20.4,13.04
583.979,flow_only,96.201,52.1372714,21.1612257,90.82,52.1373231,21.1612615,26,0.53,0.051,255,0.0,0.0,-0.0066,-0.0499,3.1,4.831,-0.21,-3.01,197.84,0.02,0.0,0.04,0.01,99695,1507,3,0.37,0.11,-0.02,0.01,49,-75,29,0,3.1,-0.07,0.0081,0.0376,17.85,21.66,11.56
584.078,flow_only,96.3,52.1372713,21.1612257,90.83,52.1373231,21.1612614,26,0.53,0.054,255,0.0,0.0,-0.008,-0.0163,3.1,4.842,-0.3,-3.12,198.07,0.02,0.0,0.03,0.0,99695,1507,3,0.37,0.08,-0.02,0.01,49,12,4,0,3.12,-0.06,0.0092,0.0411,20.82,20.45,13.57
584.178,flow_only,96.401,52.1372713,21.1612257,90.83,52.1373231,21.1612614,26,0.53,0.054,255,0.0,0.0,0.0573,-0.0195,3.102,4.848,0.02,-3.37,198.26,0.02,0.0,0.0,0.01,99695,1507,3,0.37,0.08,-0.02,0.01,49,-58,57,0,3.12,-0.06,0.0105,0.033,23.62,22.96,14.35
584.278,flow_only,96.501,52.1372712,21.1612256,90.84,52.1373231,21.1612614,26,0.53,0.054,255,0.0,0.0,-0.0858,0.0251,3.098,4.85,-0.09,-3.26,198.34,0.02,0.0,0.0,0.01,99695,1507,3,0.37,0.08,-0.02,0.01,49,-8,-34,0,3.11,-0.07,0.0093,0.0246,20.93,23.37,14.98
584.378,flow_only,96.601,52.1372712,21.1612256,90.84,52.137323,21.1612613,26,0.53,0.048,255,-0.3356,0.0,-0.1081,0.0213,3.096,4.85,-0.9,-3.03,198.28,0.02,0.0,0.01,0.0,99695,1507,3,0.37,0.07,-0.02,0.01,49,6,-58,0,3.11,-0.07,0.0051,0.0162,19.94,21.85,14.15
584.478,flow_only,96.701,52.1372713,21.1612257,90.83,52.137323,21.1612612,26,0.53,0.064,255,0.0,0.0,0.0269,0.006,3.086,4.849,-0.94,-2.99,198.08,0.02,0.0,0.0,0.0,99695,1507,3,0.37,0.08,-0.02,0.01,49,-4,0,0,3.1,-0.07,0.0078,0.0153,22.67,22.86,13.73
584.578,flow_only,96.8,52.1372713,21.1612257,90.84,52.137323,21.1612612,26,0.53,0.064,255,-0.1677,0.0,0.0004,0.0756,3.086,4.853,-0.93,-2.78,197.9,0.02,0.0,0.06,0.01,99695,1507,3,0.37,0.08,-0.02,0.01,49,-21,-7,0,3.13,-0.04,0.0065,0.03,22.96,23.24,13.28
584.678,flow_only,96.9,52.1372713,21.1612258,90.85,52.1373231,21.1612611,26,0.53,0.052,255,0.0,0.0,0.1215,-0.0543,3.078,4.863,-0.47,-2.81,197.78,0.02,0.0,0.06,0.01,99695,1507,3,0.37,0.08,-0.02,0.01,49,-30,-60,0,3.15,-0.01,0.0103,0.0434,18.97,21.47,12.99
584.778,flow_only,97.001,52.1372714,21.1612259,90.86,52.1373231,21.1612611,26,0.53,0.052,255,0.0,-0.1678,-0.0395,-0.0537,3.076,4.874,-0.38,-3.11,197.56,0.02,0.0,0.03,0.0,99695,1507,3,0.37,0.08,-0.02,0.01,49,248,-110,0,3.16,0.0,0.0248,0.0556,17.92,20.61,12.02
584.878,flow_only,97.1,52.1372714,21.1612261,90.87,52.1373231,21.1612609,26,0.53,0.06,255,0.0,0.0,0.0012,-0.123,3.076,4.887,-0.53,-3.65,197.43,0.02,0.0,0.07,0.01,99695,1507,3,0.37,0.06,-0.02,0.01,49,-110,80,0,3.18,0.01,0.0123,0.0523,19.27,19.14,12.62
584.978,flow_only,97.201,52.1372714,21.1612261,90.88,52.1373231,21.1612609,26,0.53,0.06,255,0.0,-0.1677,0.0039,0.0068,3.066,4.896,-0.55,-3.94,197.26,0.02,0.0,0.0,0.01,99695,999,3,0.37,0.06,-0.02,0.01,49,20,-81,0,3.17,0.01,0.0084,0.0329,20.42,21.16,13.14
585.079,after,97.301,52.1372714,21.1612261,90.89,52.1373231,21.1612607,26,0.53,0.108,255,-0.1677,0.0,-0.1027,0.0151,3.058,4.901,-0.78,-3.78,197.09,0.02,0.0,0.02,0.0,99695,999,3,0.37,0.08,-0.02,0.01,49,16,-27,0,3.17,0.02,0.0092,0.0293,19.26,21.26,14.16
585.179,after,97.401,52.1372715,21.1612261,90.88,52.1373231,21.1612607,26,0.53,0.108,255,-0.1677,0.0,-0.1036,-0.0239,3.052,4.899,-1.51,-3.91,197.03,0.02,0.0,0.03,0.01,99695,999,3,0.37,0.08,-0.02,0.01,49,-185,34,0,3.15,0.01,0.0053,0.0113,21.03,21.04,15.1
585.278,after,97.5,52.1372716,21.1612261,90.88,52.1373231,21.1612607,26,0.53,0.108,255,0.0,0.0,0.008,0.0474,3.054,4.895,-1.56,-3.88,197.16,0.02,0.0,0.03,0.01,99695,999,3,0.37,0.08,-0.02,0.01,49,12,27,0,3.15,0.02,0.0036,0.0113,19.03,21.39,14.94
585.379,after,97.601,52.1373224,21.16126,90.87,52.1373231,21.1612604,26,0.53,0.078,255,0.0,0.0,-0.0005,0.004,3.05,4.89,-1.6,-3.75,197.37,0.04,0.0,0.01,0.01,108415,999,3,0.37,0.1,0.06,0.05,48,34,148,0,3.13,0.0,0.0128,0.0032,20.14,22.04,14.53
585.478,after,97.701,52.1373224,21.16126,90.87,52.1373232,21.1612602,26,0.53,0.047,255,0.0,-0.1677,0.0829,-0.2379,3.036,4.887,-1.19,-4.48,197.64,0.02,0.0,0.01,0.02,108415,999,3,0.37,0.06,-0.02,0.02,48,103,110,0,3.13,0.0,0.0119,0.019,19.66,23.3,14.99
585.578,after,97.801,52.1373224,21.1612599,90.88,52.1373232,21.1612602,26,0.53,0.047,255,0.1677,-0.1677,0.1705,-0.3841,3.028,4.891,-0.38,-6.34,197.75,0.02,0.0,0.03,0.0,108415,999,3,0.37,0.06,-0.02,0.02,48,86,92,0,3.13,0.02,0.0094,0.0196,21.13,22.9,13.45
585.678,after,97.9,52.1373224,21.1612598,90.88,52.1373232,21.16126,26,0.53,0.108,255,0.0,-0.3354,-0.025,-0.6063,3.03,4.894,-0.11,-9.45,197.75,0.02,0.0,0.0,0.01,108415,999,3,0.37,0.05,0.0,0.04,48,-134,81,0,3.13,0.01,0.0138,0.0189,20.0,22.55,13.63
585.778,after,98.001,52.1373222,21.1612597,90.88,52.1373232,21.16126,26,0.53,0.108,255,0.0,-0.8386,0.0048,-0.7024,3.048,4.898,-0.27,-13.3,197.77,0.02,0.0,0.04,0.01,108415,999,3,0.37,0.05,0.0,0.04,48,45,-399,0,3.13,0.05,0.0105,0.0222,21.36,24.2,14.86
585.878,after,98.101,52.137322,21.1612594,90.89,52.1373229,21.1612596,26,0.53,0.311,255,0.1677,-0.5031,0.1203,-0.5383,3.104,4.905,0.3,-16.9,197.8,0.01,0.0,0.04,0.01,108415,999,3,0.37,0.06,0.04,0.03,48,-42,114,0,3.14,0.06,0.0147,0.0304,25.63,26.62,17.68
585.978,after,98.201,52.1373216,21.1612591,90.89,52.1373229,21.1612596,26,0.53,0.311,255,0.0,-0.1677,-0.1005,-0.1255,3.142,4.907,0.03,-18.48,198.18,0.01,0.0,0.04,0.01,108415,999,3,0.37,0.06,0.04,0.03,48,-27,-23,0,3.11,0.03,0.0097,0.0154,26.08,27.45,18.89
586.078,after,98.3,52.1373209,21.1612586,90.88,52.1373221,21.161259,26,0.53,0.634,255,0.0,0.3354,-0.0443,0.2481,3.128,4.895,-0.69,-17.71,198.88,0.01,0.0,0.11,0.01,108415,999,3,0.37,0.06,0.02,0.03,48,-195,-59,0,3.06,-0.02,0.0158,0.0489,28.32,30.74,18.62
586.178,after,98.401,52.1373203,21.1612581,90.85,52.1373221,21.161259,26,0.53,0.634,255,0.0,0.5031,0.0049,0.401,3.07,4.869,-1.03,-15.61,199.76,0.01,0.0,0.09,0.01,108415,999,3,0.37,0.06,0.02,0.03,48,-108,-108,0,3.05,-0.07,0.0152,0.0674,24.51,28.93,17.58
586.278,after,98.501,52.1373193,21.1612574,90.82,52.1373221,21.161259,26,0.53,0.634,255,-0.1678,0.5033,-0.1128,0.4006,3.062,4.839,-1.93,-13.23,200.7,0.01,0.0,0.08,0.0,108415,999,3,0.37,0.06,0.02,0.03,48,160,-233,0,3.03,-0.07,0.0152,0.0757,26.7,27.11,18.82
586.378,after,98.601,52.1373183,21.1612567,90.79,52.1373207,21.1612579,26,0.53,1.035,255,0.0,0.6708,0.0545,0.4154,3.024,4.808,-2.11,-10.88,201.64,0.03,0.0,0.09,0.01,108415,999,3,0.37,0.06,-0.06,0.05,48,22,-297,0,3.02,-0.07,0.0173,0.0802,26.9,27.5,20.65
586.479,after,98.701,52.1373172,21.1612559,90.76,52.1373188,21.1612565,26,0.53,1.334,255,0.0,1.0064,0.0915,0.2638,3.012,4.778,-1.91,-8.98,202.57,0.04,0.01,0.06,0.0,108415,999,3,0.37,0.06,0.07,0.05,48,-15,567,0,3.02,-0.09,0.0178,0.0692,27.81,27.09,19.99
586.578,after,98.801,52.137316,21.161255,90.74,52.1373188,21.1612565,26,0.53,1.334,255,0.0,0.5032,-0.0239,0.2598,2.998,4.757,-1.98,-7.57,203.33,0.04,0.01,0.04,0.01,108415,999,3,0.37,0.06,0.07,0.05,48,32,-178,0,3.01,-0.06,0.0133,0.06,28.66,30.82,19.0
586.678,after,98.9,52.1373148,21.1612542,90.73,52.1373164,21.161255,26,0.53,1.463,255,0.0,0.5031,-0.0366,0.1549,2.974,4.741,-2.06,-6.43,203.87,0.03,0.01,0.04,0.01,108415,999,3,0.37,0.06,0.08,-0.01,48,5,423,0,3.01,-0.07,0.016,0.0515,32.67,25.83,22.65
586.778,after,99.001,52.1373135,21.1612533,90.72,52.1373164,21.161255,26,0.53,1.463,255,-0.3354,0.6709,-0.0132,0.0668,3.014,4.733,-2.54,-5.79,204.0,0.03,0.01,0.02,0.02,108415,999,3,0.37,0.06,0.08,-0.01,48,74,-112,0,3.01,-0.03,0.0111,0.041,29.81,32.28,20.12
586.878,after,99.1,52.1373122,21.1612525,90.72,52.1373139,21.1612535,26,0.53,1.475,255,0.0,0.3353,0.0067,0.0028,3.03,4.73,-2.48,-5.73,204.32,0.03,0.01,0.01,0.01,108415,999,3,0.37,0.06,0.0,0.0,48,-25,-188,0,3.03,-0.05,0.008,0.027,28.81,33.84,21.04
586.978,after,99.201,52.137311,21.1612516,90.72,52.1373139,21.1612535,26,0.53,1.475,255,0.0,0.3354,-0.0345,0.0045,3.03,4.735,-2.64,-5.67,204.55,0.03,0.01,0.03,0.0,108415,999,3,0.37,0.06,0.0,0.0,48,-6,-4,0,3.06,-0.05,0.0051,0.0125,31.24,32.38,20.21
587.079,after,99.301,52.1373097,21.1612508,90.73,52.1373115,21.1612519,26,0.53,1.441,255,0.0,0.3354,0.0396,0.0387,3.036,4.745,-2.72,-5.53,204.72,0.03,0.01,0.04,0.0,108415,999,3,0.37,0.06,0.0,0.0,48,19,191,0,3.09,-0.02,0.0043,0.0156,31.25,29.8,20.78
587.178,after,99.401,52.1373085,21.16125,90.74,52.1373115,21.1612519,26,0.53,1.441,255,0.0,0.5032,-0.0427,0.0235,3.046,4.756,-2.68,-5.25,204.79,0.01,0.0,0.01,0.01,108415,999,3,0.37,0.06,-0.01,0.04,48,-49,-17,0,3.09,-0.01,0.0034,0.0093,29.54,31.92,19.09
587.278,after,99.501,52.1373073,21.1612492,90.76,52.1373115,21.1612519,26,0.53,1.441,255,0.0,0.1678,-0.0068,-0.1091,3.05,4.772,-2.99,-5.81,205.0,0.01,0.0,0.1,0.0,108415,999,3,0.37,0.06,-0.01,0.04,48,70,-191,0,3.14,0.01,0.0067,0.0368,31.49,34.32,21.54
587.378,after,99.601,52.1373061,21.1612484,90.78,52.1373091,21.1612503,26,0.53,1.463,255,0.1677,0.5031,0.0186,0.0472,3.07,4.791,-2.72,-5.73,205.32,0.02,0.01,0.04,0.01,108415,999,3,0.37,0.06,0.01,0.02,48,-103,-294,0,3.16,0.04,0.0089,0.0454,29.46,30.86,20.87
587.479,after,99.701,52.1373049,21.1612476,90.79,52.1373067,21.1612487,26,0.53,1.449,255,0.0,0.5031,-0.0444,0.0054,3.078,4.803,-2.9,-5.62,205.64,0.01,0.0,0.03,0.01,108415,999,3,0.37,0.06,0.01,0.0,48,9,192,0,3.15,0.01,0.004,0.0205,30.05,28.3,22.14
587.578,after,99.801,52.1373037,21.1612468,90.79,52.1373067,21.1612487,26,0.53,1.449,255,0.0,0.3355,0.0519,-0.0144,3.088,4.809,-2.75,-5.53,205.87,0.01,0.0,0.01,0.01,108415,999,3,0.37,0.06,0.01,0.0,48,-70,-168,0,3.15,0.0,0.0015,0.0095,30.6,31.16,19.42
587.678,after,99.9,52.1373025,21.161246,90.8,52.1373043,21.1612471,26,0.53,1.447,255,0.0,0.1677,-0.0464,-0.0809,3.112,4.814,-2.99,-5.87,206.09,0.01,0.0,0.04,0.01,108415,999,3,0.37,0.06,0.0,0.02,48,-50,226,0,3.16,0.0,0.0046,0.0201,29.7,31.62,21.42
587.778,after,100.001,52.1373013,21.1612452,90.81,52.1373043,21.1612471,26,0.53,1.447,255,-0.1677,0.1677,-0.0179,-0.0034,3.114,4.821,-3.35,-6.07,206.29,0.01,0.0,0.08,0.02,108415,999,3,0.37,0.06,0.0,0.02,48,-128,-216,0,3.19,0.0,0.0058,0.036,28.59,30.84,21.7
587.879,after,100.101,52.1373001,21.1612444,90.81,52.1373018,21.1612455,26,0.53,1.446,255,0.0,0.3354,0.1323,0.1437,3.09,4.826,-2.82,-5.48,206.59,0.02,0.01,0.02,0.01,108415,999,3,0.37,0.06,0.0,0.02,48,-52,5,0,3.18,0.0,0.0053,0.0219,29.26,29.55,21.48
587.979,after,100.201,52.1372989,21.1612436,90.81,52.1373018,21.1612455,26,0.53,1.446,255,-0.1677,0.5032,-0.1274,-0.1058,3.092,4.83,-3.26,-5.36,207.03,0.02,0.01,0.0,0.01,108415,999,3,0.37,0.06,0.0,0.02,48,125,255,0,3.18,0.01,0.003,0.0149,30.37,29.79,18.58
588.078,after,100.301,52.1372976,21.1612428,90.82,52.1372994,21.161244,26,0.53,1.479,255,0.0,0.3354,-0.0101,-0.0102,3.106,4.831,-3.52,-5.82,207.4,0.04,0.0,0.02,0.01,108415,999,3,0.37,0.07,0.09,-0.04,48,31,-147,0,3.18,0.01,0.0109,0.0175,32.74,30.74,23.61
588.178,after,100.401,52.1372964,21.161242,90.82,52.1372994,21.161244,26,0.53,1.479,255,0.1677,0.6709,0.0578,-0.0137,3.102,4.832,-3.55,-5.61,207.68,0.04,0.0,0.01,0.0,108415,999,3,0.37,0.07,0.09,-0.04,48,-20,-217,0,3.18,0.0,0.0073,0.0141,30.24,31.36,20.89
588.278,after,100.501,52.1372952,21.1612412,90.82,52.1372994,21.161244,26,0.53,1.479,255,0.0,0.3354,0.0407,-0.0136,3.09,4.836,-3.22,-5.73,207.64,0.04,0.0,0.08,0.01,108415,999,3,0.37,0.07,0.09,-0.04,48,-108,-105,0,3.2,0.02,0.0065,0.0299,33.56,31.77,23.05
588.378,after,100.601,52.1372939,21.1612405,90.83,52.1372969,21.1612426,26,0.53,1.429,255,0.0,0.3355,-0.0993,-0.0832,3.092,4.844,-3.5,-6.02,207.29,0.01,0.01,0.03,0.0,108415,999,3,0.37,0.07,-0.05,0.0,48,321,55,0,3.2,0.02,0.0062,0.0264,33.44,32.02,21.98
588.479,after,100.701,52.1372927,21.1612397,90.84,52.1372945,21.161241,26,0.53,1.463,255,0.0,0.6709,0.0438,0.0251,3.076,4.854,-3.51,-6.11,207.01,0.02,0.01,0.1,0.0,108415,999,3,0.37,0.07,0.01,0.0,48,-30,-104,0,3.22,0.06,0.0056,0.0381,32.96,30.36,20.26
588.578,after,100.801,52.1372914,21.161239,90.85,52.1372945,21.161241,26,0.53,1.463,255,0.0,0.3355,-0.0128,-0.0019,3.068,4.865,-3.55,-6.07,207.08,0.02,0.01,0.08,0.0,108415,999,3,0.37,0.07,0.01,0.0,48,-24,-303,0,3.23,0.08,0.0071,0.046,29.58,28.21,17.7
588.678,after,100.901,52.1372902,21.1612383,90.86,52.137292,21.1612395,26,0.53,1.499,255,0.1678,0.3355,0.1485,-0.0207,3.064,4.873,-3.0,-6.12,207.52,0.02,0.01,0.03,0.02,108415,999,3,0.37,0.07,0.01,0.01,48,-177,218,0,3.22,0.09,0.0031,0.0321,26.62,28.6,15.91
588.778,after,101.0,52.1372889,21.1612376,90.86,52.137292,21.1612395,26,0.53,1.499,255,0.0,0.5031,0.0713,0.0544,3.06,4.874,-2.59,-6.04,208.28,0.02,0.01,0.0,0.01,108415,999,3,0.37,0.07,0.01,0.01,48,-207,-107,0,3.21,0.08,0.0013,0.017,28.68,29.4,15.68
588.878,after,101.101,52.1372876,21.1612368,90.85,52.1372895,21.1612381,26,0.53,1.512,255,0.0,0.5031,-0.0311,0.1459,3.056,4.865,-2.6,-5.53,208.98,0.01,0.0,0.08,0.0,108415,999,3,0.37,0.07,0.0,0.0,48,-122,-213,0,3.17,0.03,0.0027,0.0121,31.83,29.89,16.0
588.979,after,101.201,52.1372862,21.1612361,90.84,52.1372895,21.1612381,26,0.53,1.512,255,0.0,0.3355,0.0241,0.0246,3.05,4.853,-2.56,-5.08,209.5,0.01,0.0,0.02,0.0,108415,999,3,0.37,0.07,0.0,0.0,48,-55,364,0,3.15,0.01,0.0037,0.0187,32.94,31.09,19.52
589.078,after,101.301,52.1372849,21.1612353,90.83,52.1372869,21.1612366,26,0.53,1.523,255,0.0,0.5031,-0.0306,0.0816,3.026,4.848,-2.72,-4.74,210.03,0.05,0.0,0.05,0.0,108415,999,3,0.37,0.06,0.0,0.0,48,-77,-206,0,3.17,0.03,0.0043,0.011,31.18,32.37,20.92
589.178,after,101.401,52.1372836,21.1612346,90.84,52.1372869,21.1612366,26,0.53,1.523,255,0.0,0.8387,0.0117,0.1088,3.012,4.855,-2.84,-4.28,210.23,0.05,0.0,0.06,0.0,108415,999,3,0.37,0.06,0.0,0.0,48,-65,-184,0,3.17,0.07,0.0052,0.0208,26.96,32.18,20.41
589.278,after,101.501,52.1372824,21.1612339,90.86,52.1372869,21.1612366,26,0.53,1.523,255,0.0,0.5033,-0.0028,0.0965,3.008,4.875,-3.13,-3.57,210.11,0.05,0.0,0.11,0.01,108415,999,3,0.37,0.06,0.0,0.0,48,152,242,0,3.2,0.11,0.0083,0.0424,28.46,33.07,20.05
589.378,after,101.601,52.1372811,21.1612332,90.89,52.1372843,21.1612351,26,0.53,1.492,255,0.1678,0.1678,0.1457,-0.0273,3.036,4.905,-2.59,-3.5,210.21,0.02,0.01,0.13,0.02,108415,999,3,0.37,0.07,-0.02,0.06,48,-169,15,0,3.23,0.15,0.0128,0.0619,28.53,31.24,21.99
589.479,after,101.701,52.1372799,21.1612326,90.92,52.1372818,21.1612337,26,0.53,1.451,255,0.5031,0.6708,0.1238,0.1506,3.04,4.94,-1.76,-3.03,210.35,0.01,0.0,0.12,0.0,108415,999,3,0.37,0.06,-0.02,0.0,48,-244,-164,0,3.27,0.17,0.0141,0.0711,30.1,30.84,24.62
589.579,after,101.801,52.1372788,21.161232,90.96,52.1372818,21.1612337,26,0.53,1.451,255,0.1677,0.5031,0.1121,0.2353,3.048,4.974,-1.17,-1.86,210.33,0.01,0.0,0.09,0.01,108415,999,3,0.37,0.06,-0.02,0.0,48,-205,-278,0,3.29,0.17,0.0125,0.068,32.42,33.37,22.58
589.678,after,101.9,52.1372777,21.1612314,90.99,52.1372795,21.1612325,26,0.53,1.261,255,0.1677,1.0063,0.0441,0.3507,3.026,5.006,-0.71,-0.14,210.24,0.01,0.0,0.09,0.02,108415,999,3,0.37,0.07,-0.04,0.0,48,-16,302,0,3.31,0.19,0.0126,0.064,29.51,32.51,20.86
589.778,after,102.0,52.1372767,21.1612309,91.02,52.1372795,21.1612325,26,0.53,1.261,255,0.0,0.5031,0.0034,0.3565,3.022,5.034,-0.6,2.01,210.11,0.01,0.0,0.07,0.02,108415,999,3,0.37,0.07,-0.04,0.0,48,-111,85,0,3.31,0.21,0.0104,0.0567,30.2,31.52,19.12
589.878,after,102.101,52.1372759,21.1612304,91.05,52.1372776,21.1612313,26,0.53,1.031,255,0.0,0.5032,0.0635,0.2499,3.014,5.06,-0.35,3.75,210.01,0.04,0.0,0.09,0.02,108415,999,3,0.37,0.07,-0.09,0.05,48,88,468,0,3.34,0.21,0.0153,0.0552,29.05,30.51,19.55
589.978,after,102.201,52.1372751,21.16123,91.07,52.1372776,21.1612313,26,0.53,1.031,255,0.3356,0.1678,0.0288,0.053,3.014,5.085,-0.11,4.42,209.96,0.04,0.0,0.11,0.03,108415,999,3,0.37,0.07,-0.09,0.05,48,55,328,0,3.35,0.24,0.0122,0.0564,28.74,31.96,20.41
590.078,after,102.3,52.1372746,21.1612296,91.09,52.137276,21.1612304,26,0.53,0.829,255,0.0,0.0,-0.0762,-0.1632,3.006,5.11,-0.32,3.84,209.93,0.02,0.0,0.11,0.05,108415,999,3,0.37,0.07,0.0,0.04,48,-22,-54,0,3.37,0.3,0.0116,0.0551,29.62,32.33,21.71
590.179,after,102.401,52.1372741,21.1612293,91.12,52.137276,21.1612304,26,0.53,0.829,255,0.0,-0.1677,-0.0758,-0.2925,2.984,5.134,-0.82,2.35,209.85,0.02,0.0,0.1,0.03,108415,999,3,0.37,0.07,0.0,0.04,48,56,20,0,3.35,0.29,0.0095,0.0539,30.72,33.73,22.14
590.278,after,102.501,52.1372737,21.1612291,91.14,52.137276,21.1612304,26,0.53,0.829,255,0.0,0.0,-0.0571,-0.332,2.958,5.159,-1.05,0.59,209.76,0.02,0.0,0.1,0.0,108415,999,3,0.37,0.07,0.0,0.04,48,-24,-20,0,3.35,0.31,0.0086,0.0526,30.3,33.26,21.72
590.378,after,102.601,52.1372734,21.161229,91.16,52.1372748,21.1612297,26,0.53,0.573,255,0.0,0.0,-0.0459,-0.2336,2.944,5.179,-1.29,-1.01,209.94,0.04,0.0,0.07,0.05,108415,999,3,0.37,0.11,0.06,0.02,48,15,182,0,3.33,0.3,0.0059,0.0372,27.08,30.84,21.04
590.479,after,102.701,52.1372732,21.1612288,91.18,52.1372741,21.1612293,26,0.53,0.308,255,0.0,-0.1677,-0.0637,-0.232,2.932,5.194,-1.57,-2.17,210.26,0.03,0.0,0.04,0.01,108415,999,3,0.37,0.13,-0.02,0.02,48,24,78,0,3.31,0.29,0.0041,0.0187,26.54,29.07,19.67
590.578,after,102.801,52.137273,21.1612288,91.19,52.1372741,21.1612293,26,0.53,0.308,255,0.0,-0.1677,0.0797,-0.1683,2.916,5.207,-1.35,-3.38,210.64,0.03,0.0,0.07,0.02,108415,999,3,0.37,0.13,-0.02,0.02,48,-88,160,0,3.29,0.29,0.0021,0.0179,24.07,29.01,17.9
590.678,after,102.9,52.1372728,21.1612287,91.2,52.1372736,21.1612292,26,0.53,0.253,255,0.0,0.0,0.0331,-0.0759,2.896,5.215,-1.13,-3.97,211.19,0.04,0.0,0.0,0.02,108415,999,3,0.37,0.11,0.03,-0.02,48,99,41,0,3.26,0.28,0.006,0.0081,24.42,28.75,17.32
590.778,after,103.001,52.1372727,21.1612287,91.21,52.1372736,21.1612292,26,0.53,0.253,255,0.0,0.0,0.0411,-0.0422,2.874,5.223,-0.96,-4.28,211.68,0.04,0.0,0.07,0.04,108415,999,3,0.37,0.11,0.03,-0.02,48,-96,11,0,3.25,0.28,0.0038,0.0043,23.03,26.99,18.97
590.878,after,103.101,52.1372725,21.1612287,91.22,52.1372733,21.1612292,26,0.53,0.141,255,0.0,0.0,0.0199,-0.0748,2.862,5.233,-0.98,-4.69,212.06,0.04,0.0,0.03,0.01,108415,999,3,0.37,0.12,-0.03,0.03,48,-49,9,0,3.24,0.29,0.005,0.01,26.53,28.81,18.3
590.979,after,103.201,52.1372724,21.1612286,91.23,52.1372733,21.1612292,26,0.53,0.141,255,-0.1677,0.0,-0.0296,-0.0263,2.852,5.24,-0.97,-4.95,212.4,0.04,0.0,0.0,0.0,108415,999,3,0.37,0.12,-0.03,0.03,48,-37,41,0,3.21,0.28,0.005,0.0187,26.07,28.79,19.03
591.078,after,103.301,52.1372723,21.1612286,91.23,52.1372731,21.1612291,26,0.53,0.102,255,0.0,0.0,0.0033,-0.088,2.85,5.246,-1.16,-5.28,212.69,0.03,0.0,0.01,0.02,108415,999,3,0.37,0.11,0.0,0.03,48,44,-9,0,3.2,0.28,0.0076,0.0266,26.27,28.85,18.44
591.178,after,103.401,52.1372722,21.1612285,91.24,52.1372731,21.1612291,26,0.53,0.102,255,0.0,0.0,0.0092,-0.0104,2.842,5.252,-1.13,-5.47,213.01,0.03,0.0,0.01,0.01,108415,999,3,0.37,0.11,0.0,0.03,48,-48,43,0,3.19,0.27,0.0058,0.026,26.31,30.68,18.72
591.278,after,103.501,52.1372722,21.1612285,91.24,52.1372731,21.1612291,26,0.53,0.102,255,0.0,0.0,-0.0344,-0.0026,2.836,5.259,-1.37,-5.52,213.21,0.03,0.0,0.0,0.01,108415,999,3,0.37,0.11,0.0,0.03,48,-6,-11,0,3.19,0.27,0.0057,0.0302,26.99,30.88,18.91
591.378,after,103.601,52.1372721,21.1612284,91.25,52.137273,21.1612289,26,0.53,0.077,255,0.0,0.0,-0.0196,-0.0161,2.836,5.265,-1.47,-5.56,213.28,0.03,0.0,0.0,0.01,108415,999,3,0.37,0.08,-0.04,0.03,48,20,-20,0,3.17,0.25,0.0094,0.0398,27.67,27.46,18.28
591.478,after,103.701,52.1372721,21.1612283,91.26,52.1372728,21.1612287,26,0.53,0.125,255,0.0,0.0,-0.0071,-0.0191,2.844,5.272,-1.46,-5.7,213.37,0.03,0.0,0.05,0.01,108415,999,3,0.37,0.07,0.03,0.03,48,-169,3,0,3.18,0.25,0.0089,0.0319,27.25,27.72,19.35
591.578,after,103.801,52.137272,21.1612282,91.27,52.1372728,21.1612287,26,0.53,0.125,255,0.0,0.0,-0.0559,-0.0034,2.848,5.285,-1.6,-5.71,213.42,0.03,0.0,0.06,0.0,108415,999,3,0.37,0.07,0.03,0.03,48,10,-46,0,3.19,0.28,0.0042,0.0152,27.06,27.56,20.62
591.678,after,103.901,52.1372719,21.1612281,91.28,52.1372727,21.1612285,26,0.53,0.087,255,0.0,0.0,0.0198,0.0509,2.862,5.3,-1.73,-5.53,213.34,0.03,0.0,0.01,0.01,108415,999,3,0.37,0.08,-0.06,0.04,48,32,-44,0,3.19,0.27,0.0097,0.0236,26.35,26.32,18.49
591.778,after,104.001,52.1372719,21.1612279,91.3,52.1372727,21.1612285,26,0.53,0.087,255,0.0,0.0,0.0549,-0.0194,2.854,5.313,-1.33,-5.62,213.4,0.03,0.0,0.0,0.02,108415,999,3,0.37,0.08,-0.06,0.04,48,-98,15,0,3.18,0.26,0.0067,0.0251,25.52,27.85,18.1
591.878,after,104.1,52.1372718,21.1612278,91.31,52.1372727,21.1612282,26,0.53,0.075,255,0.0,0.0,-0.0631,0.0117,2.87,5.323,-1.61,-5.4,213.64,0.05,0.0,0.02,0.0,108415,999,3,0.37,0.07,-0.04,0.03,48,70,-78,0,3.17,0.24,0.0131,0.0447,25.36,26.06,18.68
591.978,after,104.201,52.1372718,21.1612277,91.31,52.1372727,21.1612282,26,0.53,0.075,255,0.0,0.0,0.0514,-0.0245,2.874,5.33,-1.59,-5.5,213.94,0.05,0.0,0.03,0.01,108415,999,3,0.37,0.07,-0.04,0.03,48,47,-9,0,3.18,0.24,0.0079,0.0303,25.73,26.98,18.4
592.078,after,104.3,52.1372717,21.1612276,91.32,52.1372726,21.161228,26,0.53,0.094,255,0.0,0.0,-0.0487,0.0217,2.872,5.337,-1.57,-5.47,214.21,0.01,0.0,0.0,0.01,108415,999,3,0.37,0.07,0.0,0.01,48,88,-9,0,3.18,0.23,0.0073,0.0311,27.49,28.24,19.98
592.178,after,104.401,52.1372717,21.1612274,91.33,52.1372726,21.161228,26,0.53,0.094,255,0.0,0.0,0.0895,0.0115,2.878,5.34,-1.38,-5.31,214.56,0.01,0.0,0.05,0.0,108415,999,3,0.37,0.07,0.0,0.01,48,30,-82,0,3.16,0.21,0.0078,0.0426,25.45,29.78,18.24
592.278,after,104.5,52.1372716,21.1612273,91.32,52.1372726,21.161228,26,0.53,0.094,255,-0.1677,0.0,-0.0504,0.0624,2.864,5.336,-1.42,-5.12,215.04,0.01,0.0,0.07,0.01,108415,999,3,0.37,0.07,0.0,0.01,48,-46,-31,0,3.15,0.21,0.0095,0.0563,24.79,29.19,17.68
592.378,after,104.601,52.1372716,21.1612271,91.31,52.1372725,21.1612278,26,0.53,0.083,255,-0.1678,0.1678,-0.0455,0.0129,2.868,5.323,-1.79,-4.99,215.52,0.03,0.0,0.08,0.01,108415,999,3,0.37,0.07,-0.02,0.0,48,247,-63,0,3.12,0.19,0.0135,0.0728,25.56,29.89,16.04
592.478,after,104.7,52.1372716,21.161227,91.29,52.1372724,21.1612276,26,0.53,0.131,255,-0.1677,0.1677,-0.0281,0.1066,2.868,5.304,-1.89,-4.53,215.98,0.04,0.0,0.1,0.0,108415,999,3,0.37,0.07,0.01,0.01,48,13,-78,0,3.08,0.13,0.0173,0.0897,24.0,28.94,18.11
592.578,after,104.801,52.1372715,21.1612268,91.27,52.1372724,21.1612276,26,0.53,0.131,255,0.0,0.0,-0.0875,-0.0419,2.874,5.281,-2.33,-4.44,216.22,0.04,0.0,0.09,0.01,108415,999,3,0.37,0.07,0.01,0.01,48,-83,100,0,3.05,0.1,0.0162,0.0903,26.21,25.32,19.14
592.678,after,104.901,52.1372714,21.1612266,91.24,52.1372722,21.1612273,26,0.53,0.126,255,0.0,0.0,-0.157,0.0656,2.878,5.259,-2.99,-4.4,216.26,0.0,0.0,0.08,0.03,108415,999,3,0.37,0.06,-0.01,-0.01,48,-67,-28,0,3.03,0.1,0.0144,0.0844,24.98,25.81,19.14
592.778,after,105.0,52.1372714,21.1612265,91.22,52.1372722,21.1612273,26,0.53,0.126,255,-0.1677,0.0,0.1209,0.0091,2.89,5.237,-3.12,-4.19,216.2,0.0,0.0,0.09,0.01,108415,999,3,0.37,0.06,-0.01,-0.01,48,92,78,0,3.0,0.04,0.0138,0.0839,24.96,22.69,18.0
592.878,after,105.1,52.1372713,21.1612265,91.2,52.1372721,21.1612271,26,0.53,0.085,255,0.0,0.0,0.0513,0.047,2.892,5.216,-2.34,-3.95,216.1,0.02,0.0,0.08,0.03,108415,999,3,0.37,0.07,-0.03,-0.04,48,14,81,0,2.99,0.04,0.0144,0.0798,23.82,23.45,15.84
592.978,after,105.201,52.1372712,21.1612264,91.18,52.1372721,21.1612271,26,0.53,0.085,255,0.0,0.0,0.0353,0.0397,2.898,5.198,-2.4,-3.84,216.13,0.02,0.0,0.09,0.01,108415,999,3,0.37,0.07,-0.03,-0.04,48,22,-32,0,2.97,0.0,0.0133,0.0781,22.01,25.84,16.58
593.078,after,105.301,52.1372711,21.1612264,91.17,52.1372719,21.161227,26,0.53,0.125,255,0.0,0.1678,0.096,0.0405,2.908,5.181,-1.79,-3.61,216.32,0.02,0.0,0.08,0.02,108415,999,3,0.37,0.08,0.02,-0.03,48,67,-78,0,2.96,-0.02,0.0117,0.0697,21.63,25.6,15.05
593.178,after,105.4,52.137271,21.1612263,91.15,52.1372719,21.161227,26,0.53,0.125,255,0.0,0.1677,-0.0262,0.0086,2.922,5.164,-1.71,-3.55,216.48,0.02,0.0,0.12,0.0,108415,999,3,0.37,0.08,0.02,-0.03,48,259,-41,0,2.93,-0.05,0.0125,0.077,24.25,25.64,17.68
593.278,after,105.5,52.1372709,21.1612263,91.13,52.1372719,21.161227,26,0.53,0.125,255,-0.1677,0.0,-0.0337,0.0403,2.94,5.145,-2.0,-3.41,216.82,0.02,0.0,0.12,0.01,108415,999,3,0.37,0.08,0.02,-0.03,48,42,-52,0,2.91,-0.08,0.013,0.0803,22.61,27.84,15.01
593.378,after,105.601,52.1372708,21.1612262,91.11,52.1372718,21.1612269,26,0.53,0.082,255,-0.1677,0.1677,-0.0414,0.0208,2.952,5.124,-2.12,-3.18,217.34,0.03,0.0,0.13,0.01,108415,999,3,0.37,0.09,-0.04,0.03,48,-10,-92,0,2.9,-0.12,0.0118,0.0809,23.89,24.34,16.93
593.478,after,105.701,52.1372708,21.1612262,91.08,52.1372716,21.1612268,26,0.53,0.111,255,0.1677,0.0,0.0393,-0.004,2.96,5.099,-2.09,-3.17,218.13,0.01,0.0,0.13,0.01,108415,999,3,0.37,0.07,-0.03,0.01,48,-6,-23,0,2.87,-0.15,0.0143,0.0864,21.06,24.35,13.3
593.578,after,105.801,52.1372707,21.1612261,91.06,52.1372716,21.1612268,26,0.53,0.111,255,0.0,0.0,-0.0435,0.0603,2.98,5.07,-2.12,-2.96,219.0,0.01,0.0,0.12,0.01,108415,999,3,0.37,0.07,-0.03,0.01,48,132,-33,0,2.85,-0.19,0.0133,0.0836,21.13,21.11,15.55
593.678,after,105.9,52.1372707,21.161226,91.03,52.1372714,21.1612266,26,0.53,0.11,255,-0.3356,0.1678,-0.0311,-0.0093,2.992,5.04,-2.45,-2.81,219.77,0.04,0.0,0.13,0.02,108415,999,3,0.37,0.09,0.01,0.0,48,-101,100,0,2.84,-0.22,0.0092,0.0729,17.26,19.84,13.19
593.778,after,106.001,52.1372706,21.1612259,91.0,52.1372714,21.1612266,26,0.53,0.11,255,0.0,0.0,0.0828,0.0668,3.006,5.012,-2.3,-2.67,220.38,0.04,0.0,0.11,0.02,108415,999,3,0.37,0.09,0.01,0.0,48,-204,-51,0,2.83,-0.25,0.0096,0.0702,19.49,16.46,12.73
593.878,after,106.101,52.1372705,21.1612259,90.97,52.1372712,21.1612266,26,0.53,0.116,255,0.0,0.0,0.1596,-0.0197,3.02,4.986,-1.52,-2.4,220.63,0.05,0.0,0.11,0.0,108415,999,3,0.37,0.09,0.0,-0.02,48,5,74,0,2.82,-0.27,0.0056,0.0554,19.38,15.42,11.32
593.978,after,106.201,52.1372704,21.1612258,90.95,52.1372712,21.1612266,26,0.53,0.116,255,0.0,0.0,-0.0243,0.0289,3.024,4.96,-1.37,-2.5,220.75,0.05,0.0,0.13,0.01,108415,999,3,0.37,0.09,0.0,-0.02,48,-26,-5,0,2.8,-0.31,0.008,0.062,17.72,16.42,10.3
594.078,after,106.301,52.1372703,21.1612258,90.92,52.137271,21.1612265,26,0.53,0.091,255,0.0,0.0,-0.0095,0.0664,3.042,4.934,-1.37,-2.08,220.69,0.04,0.0,0.09,0.0,108415,999,3,0.37,0.09,-0.02,0.01,48,0,-80,0,2.79,-0.32,0.004,0.0459,22.55,16.74,11.64
594.178,after,106.401,52.1372703,21.1612258,90.9,52.137271,21.1612265,26,0.53,0.091,255,0.0,0.0,-0.0226,0.0213,3.048,4.912,-1.45,-1.94,220.36,0.04,0.0,0.1,0.02,108415,999,3,0.37,0.09,-0.02,0.01,48,-9,-67,0,2.78,-0.34,0.005,0.0445,21.21,17.23,12.01
594.278,after,106.501,52.1372702,21.1612258,90.88,52.137271,21.1612265,26,0.53,0.091,255,-0.1677,0.0,-0.0742,0.034,3.064,4.891,-1.88,-1.75,219.91,0.04,0.0,0.09,0.01,108415,999,3,0.37,0.09,-0.02,0.01,48,34,-50,0,2.77,-0.36,0.0058,0.0423,18.58,16.7,11.54
594.378,after,106.601,52.1372701,21.1612258,90.86,52.1372708,21.1612265,26,0.53,0.122,255,0.0,0.0,0.1657,0.018,3.072,4.871,-1.32,-1.76,219.33,0.02,0.0,0.07,0.0,108415,999,3,0.37,0.07,0.05,0.02,48,-32,-35,0,2.77,-0.37,0.0067,0.0339,18.14,16.13,10.11
594.478,after,106.7,52.13727,21.1612258,90.84,52.1372706,21.1612265,26,0.53,0.112,255,0.1677,0.0,0.0185,0.0539,3.086,4.853,-0.76,-1.44,218.69,0.02,0.0,0.08,0.01,108415,999,3,0.37,0.08,0.03,-0.04,48,-12,-75,0,2.77,-0.39,0.0086,0.0277,15.54,16.61,10.01
594.578,after,106.801,52.1372699,21.1612258,90.82,52.1372706,21.1612265,26,0.53,0.112,255,0.0,0.0,0.0307,0.0258,3.092,4.838,-0.75,-1.22,218.11,0.02,0.0,0.06,0.0,108415,999,3,0.37,0.08,0.03,-0.04,48,-22,105,0,2.76,-0.41,0.0067,0.023,19.35,14.56,13.27
594.678,after,106.901,52.1372699,21.1612258,90.81,52.1372705,21.1612267,26,0.53,0.108,255,0.0,0.0,0.0524,-0.0455,3.122,4.824,-0.48,-1.41,217.66,0.05,0.0,0.03,0.0,108415,999,3,0.37,0.09,-0.04,-0.08,48,-67,16,0,2.78,-0.41,0.0101,0.0126,18.98,15.04,13.64
594.778,after,107.0,52.1372699,21.1612259,90.8,52.1372705,21.1612267,26,0.53,0.108,255,0.0,0.0,-0.0793,0.0477,3.126,4.814,-0.57,-1.26,217.17,0.05,0.0,0.05,0.0,108415,999,3,0.37,0.09,-0.04,-0.08,48,-31,-24,0,2.78,-0.42,0.0074,0.0102,21.24,15.59,14.15
594.878,after,107.1,52.1372699,21.161226,90.79,52.1372705,21.1612269,26,0.53,0.039,255,-0.1677,0.0,-0.0489,0.0123,3.14,4.802,-1.03,-1.19,216.75,0.04,0.0,0.08,0.03,108415,999,3,0.37,0.11,-0.04,0.01,48,78,7,0,2.78,-0.44,0.0064,0.0079,18.57,17.62,14.2
594.979,after,107.201,52.13727,21.1612261,90.78,52.1372705,21.1612269,26,0.53,0.039,255,0.0,0.0,-0.0119,-0.0742,3.152,4.793,-1.2,-1.37,216.49,0.04,0.0,0.01,0.0,108415,999,3,0.37,0.11,-0.04,0.01,48,-125,32,0,2.8,-0.43,0.006,0.0182,19.36,18.36,13.39
595.078,after,107.301,52.13727,21.1612262,90.77,52.1372706,21.1612269,26,0.53,0.077,255,0.0,0.0,-0.0412,-0.0317,3.158,4.783,-1.24,-1.76,216.47,0.01,0.0,0.05,0.02,108415,999,3,0.37,0.1,-0.02,0.0,48,-22,106,0,2.79,-0.44,0.0057,0.0146,18.29,19.67,14.01
595.178,after,107.401,52.13727,21.1612262,90.76,52.1372706,21.1612269,26,0.53,0.077,255,0.0,0.0,0.0382,-0.0449,3.162,4.772,-1.33,-1.81,216.73,0.01,0.0,0.02,0.02,108415,999,3,0.37,0.1,-0.02,0.0,48,77,-123,0,2.8,-0.44,0.0042,0.0157,19.94,20.73,13.03
595.279,after,107.501,52.1372701,21.1612263,90.74,52.1372706,21.1612269,26,0.53,0.077,255,0.0,-0.1678,-0.0048,-0.0791,3.166,4.76,-1.28,-2.18,217.13,0.01,0.0,0.02,0.02,108415,999,3,0.37,0.1,-0.02,0.0,48,-43,81,0,2.8,-0.44,0.0033,0.0168,19.16,21.31,11.95
595.378,after,107.601,52.1372703,21.1612264,90.73,52.1372708,21.1612271,26,0.53,0.098,255,-0.1677,0.0,-0.0458,-0.0498,3.174,4.746,-1.47,-2.44,217.51,0.01,0.0,0.04,0.01,108415,999,3,0.37,0.05,0.02,-0.03,48,29,-58,0,2.8,-0.46,0.0047,0.0144,19.06,19.0,12.5
595.478,after,107.701,52.1372704,21.1612265,90.72,52.137271,21.1612273,26,0.53,0.135,255,0.0,-0.1677,-0.0093,-0.063,3.18,4.731,-1.8,-2.77,217.95,0.02,0.0,0.02,0.01,108415,999,3,0.37,0.06,0.01,-0.03,48,90,103,0,2.8,-0.46,0.0076,0.0214,20.66,21.54,12.22
595.578,after,107.801,52.1372705,21.1612266,90.7,52.137271,21.1612273,26,0.53,0.135,255,0.0,0.0,0.0246,-0.0061,3.186,4.717,-1.71,-2.81,218.41,0.02,0.0,0.03,0.03,108415,999,3,0.37,0.06,0.01,-0.03,48,-197,-108,0,2.79,-0.48,0.0057,0.0186,18.56,21.29,11.03
595.678,after,107.9,52.1372706,21.1612267,90.69,52.1372712,21.1612275,26,0.53,0.159,255,0.0,0.0,0.0365,-0.0991,3.178,4.701,-1.62,-3.2,218.89,0.01,0.0,0.03,0.02,108415,999,3,0.37,0.06,0.0,-0.02,48,28,112,0,2.78,-0.49,0.0062,0.0197,16.28,20.96,10.95
595.778,after,108.001,52.1372707,21.1612267,90.67,52.1372712,21.1612275,26,0.53,0.159,255,0.0,0.0,0.0027,-0.0028,3.182,4.685,-1.56,-3.39,219.36,0.01,0.0,0.04,0.03,108415,999,3,0.37,0.06,0.0,-0.02,48,1,-65,0,2.77,-0.48,0.0042,0.0139,16.45,21.38,10.56
595.878,after,108.101,52.1372708,21.1612268,90.66,52.1372715,21.1612277,26,0.53,0.145,255,0.0,0.0,0.031,-0.001,3.176,4.671,-1.34,-3.45,219.84,0.03,0.0,0.0,0.01,108415,999,3,0.37,0.08,-0.03,0.0,48,-38,51,0,2.77,-0.49,0.007,0.0287,17.85,19.83,13.14
595.978,after,108.201,52.1372709,21.1612268,90.64,52.1372715,21.1612277,26,0.53,0.145,255,0.0,-0.1677,-0.0969,0.0017,3.18,4.658,-1.72,-3.39,220.24,0.03,0.0,0.03,0.01,108415,999,3,0.37,0.08,-0.03,0.0,48,-84,-145,0,2.76,-0.49,0.0046,0.0214,19.79,21.24,13.99
596.078,after,108.301,52.137271,21.1612267,90.63,52.1372717,21.1612277,26,0.53,0.108,255,0.0,0.0,-0.0997,0.1469,3.178,4.646,-2.39,-2.86,220.47,0.01,0.0,0.0,0.01,108415,999,3,0.37,0.07,0.0,-0.01,48,-182,-70,0,2.77,-0.49,0.0063,0.0292,21.54,23.51,15.12
596.178,after,108.401,52.1372711,21.1612268,90.62,52.1372717,21.1612277,26,0.53,0.108,255,0.0,0.0,0.0531,-0.0137,3.18,4.634,-2.45,-2.46,220.54,0.01,0.0,0.03,0.01,108415,999,3,0.37,0.07,0.0,-0.01,48,33,118,0,2.75,-0.51,0.004,0.021,22.76,24.17,17.35
596.278,after,108.501,52.1372713,21.1612268,90.61,52.1372717,21.1612277,26,0.53,0.108,255,0.0,0.0,-0.0093,-0.0288,3.182,4.621,-2.13,-2.48,220.37,0.01,0.0,0.0,0.01,108415,999,3,0.37,0.07,0.0,-0.01,48,-57,27,0,2.75,-0.51,0.0045,0.0267,21.15,29.69,16.09
596.378,after,108.601,52.1372714,21.1612268,90.6,52.1372719,21.1612277,26,0.53,0.1,255,-0.1677,0.0,-0.1773,-0.0479,3.182,4.612,-2.95,-2.59,219.82,0.04,0.0,0.01,0.02,108415,999,3,0.37,0.08,0.0,-0.04,48,273,41,0,2.76,-0.51,0.0078,0.0327,24.14,24.82,14.89
596.478,after,108.7,52.1372715,21.1612268,90.59,52.1372721,21.1612277,26,0.53,0.188,255,-0.1678,-0.1678,-0.0582,-0.0956,3.176,4.608,-3.52,-3.3,219.34,0.04,0.0,0.03,0.02,108415,999,3,0.37,0.09,-0.07,0.03,48,16,-19,0,2.78,-0.49,0.0125,0.05,25.21,30.87,16.2
596.578,after,108.801,52.1372716,21.1612268,90.59,52.1372721,21.1612277,26,0.53,0.188,255,-0.1677,0.0,0.057,0.0,3.178,4.609,-3.5,-3.56,219.16,0.04,0.0,0.05,0.01,108415,999,3,0.37,0.09,-0.07,0.03,48,74,125,0,2.79,-0.46,0.0116,0.0568,23.45,29.93,14.52
596.678,after,108.901,52.1372718,21.1612268,90.59,52.1372724,21.1612277,26,0.53,0.165,255,0.0,0.0,0.0113,0.006,3.17,4.61,-3.34,-3.28,219.15,0.05,0.0,0.01,0.03,108415,999,3,0.37,0.08,-0.03,-0.03,48,-39,-20,0,2.8,-0.46,0.0144,0.0609,22.08,26.78,13.11
596.778,after,109.0,52.1372719,21.1612269,90.6,52.1372724,21.1612277,26,0.53,0.165,255,0.0,-0.1678,0.0224,-0.1303,3.17,4.612,-3.16,-3.89,219.1,0.05,0.0,0.02,0.0,108415,999,3,0.37,0.08,-0.03,-0.03,48,-26,-40,0,2.81,-0.44,0.0114,0.0556,24.47,26.66,15.66
596.878,after,109.101,52.137272,21.1612269,90.6,52.1372726,21.1612279,26,0.53,0.088,255,0.0,0.0,0.0944,-0.0096,3.16,4.616,-2.86,-4.26,219.04,0.05,0.0,0.04,0.01,108415,999,3,0.37,0.1,0.02,-0.01,48,-6,-32,0,2.83,-0.43,0.0145,0.0668,21.89,26.97,14.06
596.978,after,109.201,52.137272,21.161227,90.61,52.1372726,21.1612279,26,0.53,0.088,255,0.1677,-0.1677,0.0448,-0.0081,3.158,4.624,-2.4,-4.41,219.25,0.05,0.0,0.05,0.0,108415,999,3,0.37,0.1,0.02,-0.01,48,95,66,0,2.84,-0.4,0.0126,0.0647,23.8,24.68,16.18
597.079,after,109.301,52.1372721,21.1612271,90.62,52.1372727,21.1612281,26,0.53,0.102,255,0.1677,0.0,0.0068,-0.0017,3.16,4.63,-2.25,-4.36,219.46,0.03,0.0,0.01,0.0,108415,999,3,0.37,0.05,0.02,-0.05,48,-33,8,0,2.85,-0.39,0.0135,0.0591,22.74,24.67,16.29
597.178,after,109.401,52.1372721,21.1612272,90.62,52.1372727,21.1612281,26,0.53,0.102,255,0.0,0.0,-0.0676,0.0635,3.148,4.635,-2.62,-4.32,219.71,0.03,0.0,0.02,0.01,108415,999,3,0.37,0.05,0.02,-0.05,48,73,31,0,2.85,-0.39,0.0101,0.0495,23.42,27.17,17.0
597.278,after,109.5,52.1372721,21.1612272,90.62,52.1372727,21.1612281,26,0.53,0.102,255,0.1677,0.0,0.1046,0.0095,3.148,4.637,-2.43,-4.0,220.09,0.03,0.0,0.01,0.02,108415,999,3,0.37,0.05,0.02,-0.05,48,-107,-60,0,2.85,-0.38,0.0075,0.041,24.59,28.8,16.1
597.378,after,109.6,52.1372721,21.1612273,90.62,52.1372727,21.1612282,26,0.53,0.039,255,0.0,-0.1678,-0.0973,-0.0726,3.138,4.64,-2.41,-4.34,220.59,0.02,0.0,0.05,0.0,108415,999,3,0.37,0.11,0.05,0.0,48,-102,53,0,2.86,-0.36,0.0105,0.048,22.52,26.96,15.17
597.478,after,109.701,52.1372721,21.1612273,90.63,52.1372726,21.1612283,26,0.53,0.073,255,0.0,0.0,-0.041,0.074,3.134,4.643,-2.98,-4.18,220.93,0.02,0.0,0.04,0.01,108415,999,3,0.37,0.11,0.05,-0.02,48,-31,75,0,2.87,-0.35,0.0129,0.0489,21.33,30.26,14.54
597.578,after,109.801,52.1372721,21.1612274,90.63,52.1372726,21.1612283,26,0.53,0.073,255,0.0,0.0,0.1182,0.1135,3.128,4.645,-2.22,-3.77,221.1,0.02,0.0,0.0,0.0,108415,999,3,0.37,0.11,0.05,-0.02,48,-88,123,0,2.87,-0.34,0.0088,0.0363,22.74,30.1,13.23
597.678,after,109.9,52.137272,21.1612274,90.63,52.1372726,21.1612284,26,0.53,0.04,255,0.0,0.0,0.0709,-0.0775,3.122,4.647,-1.69,-3.84,221.26,0.02,0.0,0.05,0.01,108415,999,3,0.37,0.1,-0.04,0.0,48,-145,115,0,2.88,-0.33,0.007,0.0403,21.61,28.8,13.55
597.778,after,110.001,52.137272,21.1612274,90.64,52.1372726,21.1612284,26,0.53,0.04,255,0.0,0.0,-0.0868,0.0339,3.116,4.654,-1.92,-3.96,220.98,0.02,0.0,0.1,0.01,108415,999,3,0.37,0.1,-0.04,0.0,48,-20,-104,0,2.91,-0.32,0.009,0.0547,26.48,24.34,16.79
597.878,after,110.101,52.137272,21.1612274,90.65,52.1372726,21.1612284,26,0.53,0.037,255,0.0,0.0,-0.0431,0.0674,3.118,4.664,-2.09,-3.61,220.63,0.01,0.0,0.05,0.0,108415,999,3,0.37,0.12,0.0,0.02,48,-161,265,0,2.92,-0.28,0.0092,0.0531,24.32,28.23,12.83
597.979,after,110.201,52.137272,21.1612274,90.66,52.1372726,21.1612284,26,0.53,0.037,255,-0.3354,0.0,-0.1843,0.0438,3.114,4.674,-2.91,-3.28,220.52,0.01,0.0,0.01,0.0,108415,999,3,0.37,0.12,0.0,0.02,48,117,84,0,2.92,-0.28,0.0066,0.0399,26.77,27.29,15.03
598.078,after,110.3,52.1372719,21.1612273,90.66,52.1372725,21.1612284,26,0.53,0.087,255,0.0,0.1677,0.1402,0.0374,3.102,4.679,-2.7,-3.15,220.57,0.04,0.0,0.0,0.01,108415,999,3,0.37,0.07,-0.01,-0.03,48,-190,-33,0,2.93,-0.28,0.0073,0.0357,27.38,28.66,17.45
598.178,after,110.4,52.1372718,21.1612274,90.67,52.1372725,21.1612284,26,0.53,0.087,255,0.0,0.0,-0.0896,0.0108,3.096,4.68,-2.79,-3.05,220.75,0.04,0.0,0.0,0.0,108415,999,3,0.37,0.07,-0.01,-0.03,48,155,-32,0,2.93,-0.25,0.0044,0.0243,26.52,28.59,18.1
598.278,after,110.501,52.1372718,21.1612274,90.66,52.1372725,21.1612284,26,0.53,0.087,255,0.0,0.0,0.0107,0.0435,3.086,4.676,-2.94,-2.92,221.06,0.04,0.0,0.0,0.01,108415,999,3,0.37,0.07,-0.01,-0.03,48,4,-57,0,2.92,-0.26,0.0019,0.0127,26.85,28.32,16.74
598.378,after,110.601,52.1372717,21.1612274,90.66,52.1372724,21.1612284,26,0.53,0.066,255,0.0,0.1677,-0.0219,-0.0134,3.086,4.672,-2.81,-2.87,221.34,0.01,0.0,0.02,0.0,108415,999,3,0.37,0.11,0.0,0.01,48,-55,-44,0,2.92,-0.24,0.0028,0.0147,27.53,28.74,19.32
598.478,after,110.7,52.1372717,21.1612274,90.65,52.1372723,21.1612283,26,0.53,0.023,255,0.0,0.0,0.0112,-0.0713,3.074,4.669,-2.81,-3.15,221.5,0.05,0.0,0.02,0.01,108415,999,3,0.37,0.05,-0.05,0.0,48,14,2,0,2.93,-0.24,0.0077,0.0248,25.33,26.5,17.98
598.578,after,110.801,52.1372716,21.1612274,90.65,52.1372723,21.1612283,26,0.53,0.023,255,0.0,0.0,0.0363,0.0346,3.062,4.669,-2.59,-3.33,221.68,0.05,0.0,0.02,0.01,108415,999,3,0.37,0.05,-0.05,0.0,48,-46,65,0,2.93,-0.22,0.0053,0.0196,23.84,28.14,15.54
598.678,after,110.9,52.1372716,21.1612274,90.66,52.1372723,21.1612283,26,0.53,0.039,255,0.0,0.0,0.0193,-0.0378,3.058,4.671,-2.45,-3.23,221.91,0.04,0.0,0.05,0.0,108415,999,3,0.37,0.07,0.0,-0.01,48,-17,-89,0,2.94,-0.21,0.0078,0.0317,23.39,27.6,15.27
598.778,after,111.001,52.1372716,21.1612274,90.66,52.1372723,21.1612283,26,0.53,0.039,255,0.0,0.0,-0.0164,0.0482,3.05,4.678,-2.59,-3.29,222.15,0.04,0.0,0.04,0.01,108415,999,3,0.37,0.07,0.0,-0.01,48,6,62,0,2.95,-0.18,0.0059,0.0285,24.47,28.23,16.37
598.878,after,111.1,52.1372716,21.1612274,90.67,52.1372722,21.1612284,26,0.53,0.078,255,0.0,0.0,0.0176,0.0185,3.054,4.687,-2.54,-3.1,222.29,0.01,0.0,0.04,0.02,108415,999,3,0.37,0.1,0.01,-0.02,48,-23,-56,0,2.96,-0.16,0.0064,0.0301,23.82,27.04,16.25
598.978,after,111.201,52.1372715,21.1612274,90.69,52.1372722,21.1612284,26,0.53,0.078,255,0.0,0.1677,-0.0046,0.0018,3.046,4.702,-2.46,-3.03,222.22,0.01,0.0,0.12,0.01,108415,999,3,0.37,0.1,0.01,-0.02,48,-17,-15,0,2.99,-0.16,0.0082,0.0471,22.77,27.2,15.76
599.078,after,111.301,52.1372715,21.1612275,90.71,52.137272,21.1612285,26,0.53,0.077,255,0.0,0.0,0.1007,-0.0498,3.032,4.721,-1.99,-3.27,221.97,0.01,0.0,0.07,0.0,108415,999,3,0.37,0.11,0.02,-0.01,48,-79,29,0,3.01,-0.11,0.0074,0.0433,21.86,24.46,15.08
599.178,after,111.401,52.1372715,21.1612276,90.73,52.137272,21.1612285,26,0.53,0.077,255,0.0,-0.1677,0.0104,-0.0612,3.032,4.745,-1.69,-3.56,221.55,0.01,0.0,0.15,0.02,108415,999,3,0.37,0.11,0.02,-0.01,48,-102,-116,0,3.05,-0.1,0.0098,0.0608,23.26,26.19,15.45
599.278,after,111.501,52.1372715,21.1612277,90.76,52.137272,21.1612285,26,0.53,0.077,255,0.0,0.0,0.0821,-0.0331,3.032,4.772,-1.43,-3.84,221.21,0.01,0.0,0.09,0.0,108415,999,3,0.37,0.11,0.02,-0.01,48,-56,-127,0,3.08,-0.03,0.0092,0.0589,24.67,26.5,15.56
599.378,after,111.6,52.1372715,21.1612278,90.78,52.137272,21.1612287,26,0.53,0.045,255,0.0,-0.1678,-0.0672,-0.0742,3.03,4.792,-1.5,-4.25,221.12,0.03,0.0,0.03,0.01,108415,999,3,0.37,0.1,0.01,0.0,48,-101,55,0,3.08,-0.03,0.0044,0.037,24.3,25.45,15.86
599.478,after,111.7,52.1372715,21.1612279,90.79,52.137272,21.1612287,26,0.53,0.023,255,0.0,0.0,-0.0026,-0.0672,3.024,4.804,-1.52,-4.39,221.19,0.02,0.0,0.0,0.0,108415,999,3,0.37,0.11,-0.01,0.05,48,-135,71,0,3.07,-0.03,0.0061,0.0151,25.27,27.11,16.47
599.578,after,111.801,52.1372715,21.1612278,90.79,52.137272,21.1612287,26,0.53,0.023,255,0.0,-0.1677,-0.0542,-0.0149,3.02,4.808,-1.83,-4.76,221.38,0.02,0.0,0.01,0.0,108415,999,3,0.37,0.11,-0.01,0.05,48,-153,-76,0,3.07,-0.03,0.0048,0.0078,25.45,28.02,17.41
599.678,after,111.901,52.1372715,21.1612278,90.79,52.1372721,21.1612288,26,0.53,0.073,255,0.0,0.0,-0.0193,0.0256,3.008,4.809,-1.79,-4.55,221.69,0.02,0.0,0.01,0.03,108415,999,3,0.37,0.08,-0.03,-0.03,48,6,-28,0,3.06,-0.03,0.0044,0.0047,26.35,27.77,15.83
599.778,after,112.001,52.1372715,21.1612277,90.79,52.1372721,21.1612288,26,0.53,0.073,255,-0.1677,0.0,-0.0081,0.0359,2.996,4.81,-2.05,-4.44,222.2,0.02,0.0,0.04,0.0,108415,999,3,0.37,0.08,-0.03,-0.03,48,-116,-15,0,3.07,-0.01,0.0028,0.0028,23.28,28.09,14.33
599.878,after,112.101,52.1372715,21.1612276,90.79,52.1372722,21.1612288,26,0.53,0.071,255,0.0,0.0,-0.0009,-0.0182,2.988,4.809,-2.08,-4.3,222.77,0.01,0.0,0.0,0.02,108415,999,3,0.37,0.07,0.01,0.0,48,40,104,0,3.06,-0.02,0.002,0.0054,24.03,27.67,15.46
599.978,after,112.201,52.1372715,21.1612275,90.79,52.1372722,21.1612288,26,0.53,0.071,255,-0.1677,0.1677,-0.0723,0.009,2.982,4.807,-2.41,-4.4,223.4,0.01,0.0,0.01,0.0,108415,999,3,0.37,0.07,0.01,0.0,48,39,40,0,3.05,-0.01,0.0034,0.0141,23.54,28.78,15.61
600.078,after,112.301,52.1372715,21.1612274,90.79,52.1372722,21.1612286,26,0.53,0.075,255,0.1678,0.0,0.0286,0.1436,2.982,4.802,-2.47,-3.89,223.96,0.03,0.0,0.01,0.01,108415,999,3,0.37,0.1,0.01,-0.01,48,49,-72,0,3.03,-0.02,0.0071,0.0275,26.0,27.4,18.27
600.179,after,112.401,52.1372715,21.1612273,90.78,52.1372722,21.1612286,26,0.53,0.075,255,0.0,0.0,-0.0694,0.04,2.986,4.796,-2.81,-3.23,224.42,0.03,0.0,0.0,0.01,108415,999,3,0.37,0.1,0.01,-0.01,48,60,-176,0,3.03,-0.03,0.006,0.0253,25.01,30.25,16.84
600.278,after,112.5,52.1372715,21.1612271,90.78,52.1372722,21.1612286,26,0.53,0.075,255,0.0,0.0,-0.0438,-0.0025,2.978,4.794,-3.29,-3.14,224.82,0.03,0.0,0.03,0.0,108415,999,3,0.37,0.1,0.01,-0.01,48,118,-50,0,3.03,-0.02,0.0036,0.014,27.54,24.89,17.86
600.378,after,112.601,52.1372715,21.161227,90.78,52.1372722,21.1612284,26,0.53,0.108,255,0.0,0.0,0.0024,0.0267,2.976,4.793,-3.3,-3.12,225.09,0.01,0.0,0.0,0.0,108415,999,3,0.37,0.06,0.0,0.0,48,17,-16,0,3.03,-0.02,0.0045,0.0173,24.81,28.73,15.97
600.478,after,112.7,52.1372715,21.1612269,90.78,52.1372722,21.1612281,26,0.53,0.058,255,-0.1678,0.0,0.0009,-0.0756,2.97,4.791,-3.33,-3.26,225.31,0.01,0.0,0.01,0.02,108415,999,3,0.37,0.07,-0.03,-0.01,48,-146,-63,0,3.03,-0.03,0.0051,0.019,26.81,26.35,17.88
600.578,after,112.801,52.1372715,21.1612269,90.78,52.1372722,21.1612281,26,0.53,0.058,255,0.0,0.0,0.0878,0.0491,2.97,4.79,-3.27,-3.33,225.34,0.01,0.0,0.01,0.01,108415,999,3,0.37,0.07,-0.03,-0.01,48,44,57,0,3.03,-0.02,0.0037,0.0154,25.01,28.1,15.19
600.678,after,112.901,52.1372715,21.1612268,90.78,52.1372722,21.161228,26,0.53,0.051,255,0.0,0.0,-0.0028,-0.0306,2.974,4.79,-3.03,-3.32,225.19,0.0,0.0,0.02,0.01,108415,999,3,0.37,0.04,0.01,0.0,48,-82,-68,0,3.02,-0.02,0.0039,0.0212,24.65,27.26,16.69
600.778,after,113.001,52.1372715,21.1612268,90.78,52.1372722,21.161228,26,0.53,0.051,255,0.0,0.0,0.0027,-0.0161,2.976,4.792,-3.16,-3.41,225.08,0.0,0.0,0.04,0.0,108415,999,3,0.37,0.04,0.01,0.0,48,49,-10,0,3.03,-0.01,0.0017,0.0089,25.4,28.01,16.2
600.878,after,113.1,52.1372715,21.1612267,90.78,52.1372721,21.1612279,26,0.53,0.09,255,0.0,0.1678,-0.0239,0.1472,2.976,4.792,-3.16,-2.91,225.07,0.01,0.0,0.03,0.01,108415,999,3,0.37,0.09,0.03,-0.01,48,-24,-57,0,3.02,-0.02,0.0058,0.0222,23.03,26.48,14.3
600.979,after,113.201,52.1372715,21.1612267,90.77,52.1372721,21.1612279,26,0.53,0.09,255,0.1678,0.1678,0.0875,0.1213,2.978,4.79,-2.89,-2.06,225.16,0.01,0.0,0.03,0.0,108415,999,3,0.37,0.09,0.03,-0.01,48,-7,-11,0,3.01,-0.02,0.006,0.0285,21.74,25.55,14.89
601.078,after,113.301,52.1372715,21.1612267,90.77,52.137272,21.1612278,26,0.53,0.059,255,0.0,0.0,0.056,0.1232,2.978,4.786,-2.51,-1.57,225.61,0.01,0.0,0.01,0.0,108415,999,3,0.37,0.08,0.02,-0.02,48,-89,-65,0,3.02,-0.03,0.0068,0.0226,23.4,23.73,15.55
601.178,after,113.401,52.1372715,21.1612268,90.77,52.137272,21.1612278,26,0.53,0.059,255,0.0,0.1678,0.0158,0.176,2.986,4.783,-2.41,-0.45,226.48,0.01,0.0,0.03,0.01,108415,999,3,0.37,0.08,0.02,-0.02,48,-12,-197,0,3.01,-0.04,0.0061,0.0269,22.95,25.84,13.39
601.278,after,113.5,52.1372715,21.1612268,90.76,52.137272,21.1612278,26,0.53,0.059,255,0.1677,0.1677,0.0425,0.0914,2.994,4.777,-2.07,0.28,228.15,0.01,0.0,0.03,0.01,108415,999,3,0.37,0.08,0.02,-0.02,48,-59,217,0,3.0,-0.05,0.006,0.03,23.4,25.11,14.99
601.378,after,113.601,52.1372715,21.1612269,90.76,52.1372719,21.1612279,26,0.53,0.048,255,-0.3354,0.1677,-0.065,0.0808,2.986,4.771,-2.31,0.85,231.09,0.02,0.0,0.0,0.01,108415,999,3,0.37,0.08,-0.01,0.02,48,70,-49,0,3.0,-0.07,0.0063,0.0278,25.21,27.42,20.48
601.478,after,113.701,52.1372716,21.1612271,90.75,52.137272,21.1612282,26,0.53,0.155,255,-0.1677,0.1677,0.033,0.0505,2.996,4.765,-2.08,1.41,235.57,0.01,0.0,0.02,0.01,108415,999,3,0.37,0.04,-0.05,0.0,48,-25,149,0,2.99,-0.07,0.0077,0.0305,28.29,32.02,20.47
601.578,after,113.801,52.1372718,21.1612273,90.74,52.137272,21.1612282,26,0.53,0.155,255,0.8386,0.0,0.0102,-0.0024,2.996,4.758,-1.99,1.59,241.19,0.01,0.0,0.04,0.03,108415,999,3,0.37,0.04,-0.05,0.0,48,12,34,0,2.98,-0.09,0.0073,0.0334,32.74,36.35,21.07
601.678,after,113.9,52.137272,21.1612277,90.73,52.1372722,21.1612288,26,0.53,0.335,255,0.0,0.0,0.0992,-0.0128,2.992,4.75,-1.41,1.76,247.78,0.05,0.0,0.03,0.03,108415,999,3,0.37,0.07,-0.07,0.03,48,355,-82,0,2.99,-0.09,0.0098,0.0253,31.48,35.48,21.02
601.778,after,114.0,52.1372723,21.1612281,90.73,52.1372722,21.1612288,26,0.53,0.335,255,0.0,-0.1677,0.0437,0.0303,2.992,4.742,-0.8,1.93,255.16,0.05,0.0,0.05,0.02,108415,999,3,0.37,0.07,-0.07,0.03,48,664,-357,0,2.97,-0.09,0.0079,0.0317,32.04,34.67,19.12
601.878,after,114.101,52.1372727,21.1612287,90.72,52.1372726,21.1612298,26,0.53,0.487,255,0.0,-0.1677,0.0888,-0.0286,2.998,4.734,-0.22,1.98,263.05,0.03,0.0,0.02,0.04,108415,999,3,0.37,0.05,-0.06,-0.07,48,80,117,0,2.98,-0.09,0.011,0.0219,25.41,31.67,20.58
601.978,after,114.201,52.1372731,21.1612293,90.71,52.1372726,21.1612298,26,0.53,0.487,255,0.0,-0.1678,0.0883,0.0014,3.0,4.73,0.56,1.85,271.14,0.03,0.0,0.0,0.04,108415,999,3,0.37,0.05,-0.06,-0.07,48,55,-151,0,2.98,-0.09,0.0074,0.0176,27.28,31.36,16.32
602.078,after,114.3,52.1372735,21.16123,90.71,52.1372731,21.161231,26,0.53,0.483,255,-0.3354,-0.1677,0.1057,-0.0329,2.996,4.727,1.44,1.46,279.23,0.02,0.0,0.01,0.05,108415,999,3,0.37,0.05,0.03,0.02,48,62,199,0,2.98,-0.08,0.0025,0.0103,28.13,23.66,15.66
602.179,after,114.401,52.137274,21.1612308,90.71,52.1372731,21.161231,26,0.53,0.483,255,-0.1678,0.0,0.0738,0.021,3.0,4.728,2.0,1.3,287.17,0.02,0.0,0.01,0.09,108415,999,3,0.37,0.05,0.03,0.02,48,8,-374,0,2.99,-0.08,0.0013,0.0046,25.67,23.62,15.3
602.278,after,114.5,52.1372746,21.1612316,90.72,52.1372731,21.161231,26,0.53,0.483,255,-0.1678,-0.1678,0.0673,-0.0249,2.996,4.731,2.53,1.03,294.77,0.02,0.0,0.04,0.1,108415,999,3,0.37,0.05,0.03,0.02,48,-302,-406,0,3.0,-0.07,0.001,0.0067,19.21,23.69,15.72
602.378,after,114.601,52.1372752,21.1612324,90.72,52.1372737,21.1612324,26,0.53,0.663,255,-0.6711,-0.1678,0.0097,-0.0205,3.01,4.734,2.65,0.54,302.04,0.02,0.01,0.02,0.1,108415,999,3,0.37,0.07,0.04,-0.02,48,-14,-40,0,3.0,-0.07,0.0053,0.0078,18.33,17.54,14.41
602.478,after,114.701,52.1372758,21.1612333,90.72,52.1372747,21.1612339,26,0.53,0.85,255,-0.3354,-0.8386,-0.0501,0.0565,3.006,4.736,2.38,0.65,308.91,0.03,0.0,0.0,0.09,108415,999,3,0.37,0.08,-0.09,-0.01,48,67,98,0,3.0,-0.07,0.0058,0.0055,20.17,16.39,13.1
602.578,after,114.801,52.1372765,21.1612343,90.72,52.1372747,21.1612339,26,0.53,0.85,255,-0.5031,0.0,-0.1317,0.0148,2.992,4.732,1.87,0.52,315.54,0.03,0.0,0.07,0.07,108415,999,3,0.37,0.08,-0.09,-0.01,48,-257,-31,0,2.99,-0.09,0.0047,0.0189,20.55,17.29,10.92
602.678,after,114.9,52.1372773,21.1612353,90.71,52.137276,21.1612354,26,0.53,0.953,255,-0.6709,0.1677,-0.0686,0.0458,3.008,4.721,1.47,0.51,321.96,0.03,0.0,0.06,0.06,108415,999,3,0.37,0.1,-0.08,0.04,48,171,-24,0,2.97,-0.11,0.0115,0.0301,17.26,16.78,11.79
602.778,after,115.0,52.1372781,21.1612362,90.7,52.137276,21.1612354,26,0.53,0.953,255,-0.3355,0.1678,-0.0856,0.0412,3.026,4.71,0.97,0.58,328.2,0.03,0.0,0.03,0.06,108415,999,3,0.37,0.1,-0.08,0.04,48,155,48,0,2.96,-0.12,0.0085,0.0288,15.57,16.36,13.7
602.878,after,115.1,52.137279,21.1612372,90.69,52.1372775,21.161237,26,0.53,1.004,255,-0.6709,0.3354,-0.0128,0.1039,3.042,4.7,0.76,0.99,333.92,0.02,0.0,0.0,0.06,108415,999,3,0.37,0.08,0.0,0.02,48,131,-13,0,2.95,-0.14,0.0073,0.0255,14.78,15.17,12.94
602.978,after,115.201,52.1372798,21.1612382,90.68,52.1372775,21.161237,26,0.53,1.004,255,-0.3355,0.1678,0.0219,0.075,3.03,4.691,0.91,1.38,339.04,0.02,0.0,0.02,0.08,108415,999,3,0.37,0.08,0.0,0.02,48,52,-275,0,2.95,-0.16,0.0057,0.0229,15.88,14.93,13.31
603.078,after,115.301,52.1372807,21.1612392,90.67,52.1372791,21.1612386,26,0.53,1.057,255,-0.3355,0.1677,0.0642,0.0445,3.014,4.68,1.37,1.62,343.72,0.02,0.0,0.07,0.03,108415,999,3,0.37,0.08,-0.01,0.07,48,305,71,0,2.93,-0.18,0.0116,0.0363,15.92,14.26,13.13
603.178,after,115.4,52.1372816,21.1612402,90.65,52.1372791,21.1612386,26,0.53,1.057,255,-0.1677,0.3355,0.0669,0.0469,3.014,4.668,1.94,1.81,348.06,0.02,0.0,0.0,0.04,108415,999,3,0.37,0.08,-0.01,0.07,48,-75,-143,0,2.94,-0.15,0.0079,0.0252,15.91,11.97,12.47
603.278,after,115.5,52.1372824,21.1612413,90.64,52.1372791,21.1612386,26,0.53,1.057,255,-0.1677,0.3355,0.0468,0.006,3.034,4.66,2.4,1.73,352.36,0.02,0.0,0.0,0.03,108415,999,3,0.37,0.08,-0.01,0.07,48,-67,208,0,2.94,-0.15,0.0054,0.0175,15.14,17.03,11.18
603.378,after,115.6,52.1372833,21.1612424,90.64,52.1372808,21.1612403,26,0.53,1.213,255,-0.3354,0.1677,0.0184,0.011,3.054,4.656,2.46,1.59,356.79,0.07,0.01,0.02,0.02,108415,999,3,0.37,0.08,-0.11,0.07,48,22,23,0,2.96,-0.15,0.0131,0.0179,15.5,20.81,11.83
603.478,after,115.7,52.1372842,21.1612435,90.64,52.1372826,21.1612422,26,0.53,1.15,255,-0.3354,0.3354,0.0058,0.0933,3.058,4.652,2.75,1.79,1.55,0.02,0.0,0.04,0.0,108415,999,3,0.37,0.07,0.03,0.0,48,117,-218,0,2.95,-0.17,0.007,0.0131,16.9,22.8,12.2
603.578,after,115.801,52.1372851,21.1612447,90.63,52.1372826,21.1612422,26,0.53,1.15,255,-0.3355,0.8387,-0.0054,0.0785,3.058,4.647,2.92,2.14,6.78,0.02,0.0,0.05,0.03,108415,999,3,0.37,0.07,0.03,0.0,48,-33,208,0,2.95,-0.18,0.0046,0.0192,19.46,22.98,12.81
603.678,after,115.9,52.1372859,21.1612459,90.63,52.1372842,21.1612444,26,0.53,1.18,255,-0.3355,0.3355,-0.0151,0.0412,3.072,4.641,3.12,2.09,12.49,0.03,0.0,0.03,0.06,108415,999,3,0.37,0.07,0.02,0.04,48,131,-78,0,2.95,-0.19,0.0076,0.0159,21.22,23.68,12.27
603.778,after,116.0,52.1372867,21.1612472,90.62,52.1372842,21.1612444,26,0.53,1.18,255,-0.5032,0.3355,-0.0864,-0.006,3.084,4.637,2.95,1.82,18.68,0.03,0.0,0.0,0.05,108415,999,3,0.37,0.07,0.02,0.04,48,-354,117,0,2.96,-0.18,0.0054,0.0097,21.39,25.61,12.59
603.878,after,116.101,52.1372875,21.1612485,90.62,52.1372859,21.1612466,26,0.53,1.245,255,-0.1677,0.1677,-0.1535,-0.0117,3.065,4.633,2.35,1.43,25.27,0.04,0.0,0.03,0.02,108415,999,3,0.37,0.07,-0.05,0.04,48,11,-35,0,2.97,-0.18,0.0081,0.0107,20.59,22.48,11.83
603.978,after,116.201,52.1372883,21.1612498,90.61,52.1372859,21.1612466,26,0.53,1.245,255,-0.8387,0.5032,-0.0893,-0.0151,3.072,4.629,1.84,1.08,32.17,0.04,0.0,0.0,0.02,108415,999,3,0.37,0.07,-0.05,0.04,48,180,-220,0,2.97,-0.17,0.005,0.0071,20.16,24.25,12.86
604.078,after,116.301,52.1372891,21.1612512,90.61,52.1372876,21.1612489,26,0.53,1.193,255,-0.3355,0.1678,0.0125,-0.0332,3.078,4.627,1.72,0.72,39.18,0.01,0.0,0.0,0.02,108415,999,3,0.37,0.06,0.05,0.0,48,-275,-52,0,2.98,-0.16,0.006,0.0079,20.6,25.04,14.31
604.178,after,116.401,52.1372899,21.1612525,90.61,52.1372876,21.1612489,26,0.53,1.193,255,-0.1677,0.3355,-0.003,-0.036,3.072,4.624,1.82,0.34,45.74,0.01,0.0,0.03,0.02,108415,999,3,0.37,0.06,0.05,0.0,48,96,-222,0,2.98,-0.18,0.0047,0.0059,22.77,23.56,13.51
604.278,after,116.501,52.1372907,21.1612539,90.6,52.1372876,21.1612489,26,0.53,1.193,255,-0.1677,0.5031,-0.0057,-0.0169,3.074,4.619,1.72,0.08,50.82,0.01,0.0,0.02,0.02,108415,999,3,0.37,0.06,0.05,0.0,48,-104,87,0,2.99,-0.16,0.004,0.0072,22.75,25.63,16.29
604.378,after,116.601,52.1372915,21.1612552,90.6,52.1372893,21.1612513,26,0.53,1.307,255,0.0,0.6711,-0.0008,-0.0244,3.082,4.616,1.78,-0.11,53.98,0.03,0.01,0.02,0.01,108415,999,3,0.37,0.06,-0.06,0.05,48,-20,-252,0,3.0,-0.16,0.0065,0.0111,19.08,21.18,14.59
604.478,after,116.7,52.1372923,21.1612565,90.6,52.137291,21.1612539,26,0.53,1.303,255,0.1677,0.3354,0.0269,-0.0271,3.08,4.611,1.91,-0.34,55.55,0.02,0.0,0.02,0.02,108415,999,3,0.37,0.05,0.01,-0.05,48,-67,-238,0,3.0,-0.16,0.0028,0.0024,17.46,18.43,14.49
604.578,after,116.801,52.1372931,21.1612579,90.59,52.137291,21.1612539,26,0.53,1.303,255,0.0,0.6711,0.0625,-0.0021,3.076,4.603,2.19,-0.47,55.89,0.02,0.0,0.01,0.02,108415,999,3,0.37,0.05,0.01,-0.05,48,35,85,0,2.99,-0.17,0.0029,0.0039,14.9,17.17,13.78
604.678,after,116.9,52.1372939,21.1612594,90.58,52.1372925,21.1612568,26,0.53,1.31,255,0.0,0.3355,-0.0166,0.032,3.074,4.597,2.28,-0.32,55.31,0.04,0.0,0.0,0.02,108415,999,3,0.37,0.05,0.06,-0.05,48,-87,-306,0,3.0,-0.16,0.0121,0.0144,14.07,15.44,13.09
604.778,after,117.0,52.1372947,21.1612609,90.58,52.1372925,21.1612568,26,0.53,1.31,255,0.0,0.6708,-0.0662,0.0259,3.078,4.591,2.05,-0.14,54.17,0.04,0.0,0.03,0.02,108415,999,3,0.37,0.05,0.06,-0.05,48,125,183,0,3.0,-0.15,0.0089,0.0105,15.1,16.04,13.99
604.878,after,117.1,52.1372955,21.1612624,90.57,52.137294,21.1612599,26,0.53,1.355,255,-0.1677,0.3354,-0.1126,-0.0358,3.056,4.583,1.48,-0.13,52.64,0.03,0.0,0.04,0.02,108415,999,3,0.37,0.05,0.02,-0.01,48,18,-148,0,3.0,-0.16,0.0101,0.0126,16.45,17.48,14.65
604.978,after,117.201,52.1372963,21.161264,90.56,52.137294,21.1612599,26,0.53,1.355,255,0.0,0.6711,-0.0147,0.0208,3.048,4.574,1.24,-0.22,50.71,0.03,0.0,0.01,0.02,108415,999,3,0.37,0.05,0.02,-0.01,48,46,-238,0,3.0,-0.14,0.0073,0.0102,17.07,16.9,13.86
605.078,after,117.301,52.1372971,21.1612656,90.55,52.1372957,21.161263,26,0.53,1.433,255,0.0,0.3355,0.0168,0.0562,3.054,4.567,1.3,0.14,48.48,0.06,0.0,0.0,0.02,108415,999,3,0.37,0.05,-0.01,-0.01,48,-30,-195,0,3.0,-0.14,0.0079,0.0144,17.08,16.94,14.75
605.178,after,117.401,52.1372979,21.1612672,90.55,52.1372957,21.161263,26,0.53,1.433,255,0.0,0.839,0.0077,0.0538,3.044,4.562,1.35,0.53,46.19,0.06,0.0,0.05,0.01,108415,999,3,0.37,0.05,-0.01,-0.01,48,-20,-388,0,3.0,-0.14,0.0045,0.0074,17.94,17.37,13.62
605.279,after,117.501,52.1372988,21.1612688,90.54,52.1372957,21.161263,26,0.53,1.433,255,0.0,0.3355,-0.0698,0.0593,3.056,4.553,1.09,0.91,44.07,0.06,0.0,0.05,0.02,108415,999,3,0.37,0.05,-0.01,-0.01,48,34,276,0,2.98,-0.14,0.0035,0.0151,17.13,18.8,12.24
605.378,after,117.601,52.1372996,21.1612705,90.53,52.1372972,21.1612664,26,0.53,1.443,255,-0.1678,0.6711,-0.0443,-0.0086,3.052,4.543,0.8,1.08,42.27,0.05,0.01,0.01,0.02,108415,999,3,0.37,0.05,0.1,-0.09,48,89,-202,0,2.99,-0.14,0.0144,0.0183,17.22,19.32,12.29
605.478,after,117.701,52.1373004,21.1612722,90.52,52.1372987,21.16127,26,0.53,1.501,255,0.0,0.3355,-0.0464,-0.0135,3.07,4.532,0.59,1.01,40.92,0.05,0.0,0.05,0.02,108415,999,3,0.37,0.05,0.01,-0.09,48,-80,-301,0,2.97,-0.16,0.0203,0.0317,17.85,17.23,11.62
605.578,after,117.801,52.1373012,21.1612739,90.5,52.1372987,21.16127,26,0.53,1.501,255,-0.1678,0.6712,-0.0753,-0.0122,3.078,4.516,0.12,0.96,40.1,0.05,0.0,0.05,0.01,108415,999,3,0.37,0.05,0.01,-0.09,48,-165,351,0,2.97,-0.18,0.0144,0.0305,17.47,23.6,11.77
605.678,after,117.9,52.137302,21.1612756,90.48,52.1373003,21.1612733,26,0.53,1.388,255,-0.3355,0.3355,-0.1373,-0.0029,3.074,4.499,-0.5,0.99,39.8,0.03,0.0,0.05,0.01,108415,999,3,0.37,0.05,0.05,0.05,48,33,-172,0,2.96,-0.2,0.0124,0.0325,19.18,24.61,10.68
605.778,after,118.0,52.1373028,21.1612773,90.47,52.1373003,21.1612733,26,0.53,1.388,255,-0.1677,0.671,-0.068,0.0161,3.048,4.482,-1.0,1.05,39.84,0.03,0.0,0.01,0.02,108415,999,3,0.37,0.05,0.05,0.05,48,-115,340,0,2.96,-0.2,0.0083,0.0225,20.74,23.6,11.16
605.878,after,118.1,52.1373036,21.1612789,90.45,52.1373019,21.1612766,26,0.53,1.456,255,-0.1678,0.1678,-0.0848,-0.0187,3.05,4.468,-1.5,1.0,40.23,0.01,0.0,0.01,0.02,108415,999,3,0.37,0.05,0.01,-0.01,48,0,-178,0,2.96,-0.18,0.0071,0.0159,21.61,21.84,11.62
605.978,after,118.201,52.1373045,21.1612806,90.44,52.1373019,21.1612766,26,0.53,1.456,255,-0.1677,0.6708,-0.1066,0.0257,3.054,4.454,-2.09,1.08,40.84,0.01,0.0,0.05,0.01,108415,999,3,0.37,0.05,0.01,-0.01,48,10,-168,0,2.95,-0.19,0.0054,0.0193,20.18,23.14,13.33
606.078,after,118.301,52.1373054,21.1612821,90.43,52.1373036,21.1612797,26,0.53,1.418,255,0.0,0.5033,0.0933,0.0111,3.066,4.444,-1.82,1.19,41.46,0.02,0.0,0.0,0.02,108415,999,3,0.37,0.05,0.03,0.01,48,-231,-3,0,2.95,-0.19,0.0063,0.0105,20.04,21.4,11.77
606.178,after,118.401,52.1373063,21.1612837,90.42,52.1373036,21.1612797,26,0.53,1.418,255,0.0,0.6709,0.0456,0.0153,3.058,4.438,-1.47,1.19,41.95,0.02,0.0,0.0,0.02,108415,999,3,0.37,0.05,0.03,0.01,48,-19,-309,0,2.96,-0.19,0.004,0.0068,21.8,21.17,13.72
606.279,after,118.501,52.1373072,21.1612852,90.42,52.1373036,21.1612797,26,0.53,1.418,255,0.0,0.5031,-0.0353,0.014,3.074,4.436,-1.45,1.46,42.36,0.02,0.0,0.02,0.01,108415,999,3,0.37,0.05,0.03,0.01,48,170,272,0,2.98,-0.16,0.003,0.0126,20.26,18.88,13.48
606.378,after,118.601,52.1373081,21.1612866,90.42,52.1373055,21.1612827,26,0.53,1.438,255,0.0,0.6708,0.0493,0.0167,3.062,4.437,-1.23,1.38,42.62,0.05,0.01,0.0,0.02,108415,999,3,0.37,0.05,0.03,0.03,48,-14,-293,0,3.0,-0.14,0.0091,0.0231,19.6,21.0,13.06
606.478,after,118.7,52.1373091,21.161288,90.42,52.1373074,21.1612857,26,0.53,1.459,255,0.0,0.3354,0.0004,0.0144,3.056,4.438,-1.25,1.56,42.82,0.01,0.0,0.0,0.02,108415,999,3,0.37,0.05,0.02,-0.02,48,0,-209,0,3.01,-0.13,0.0062,0.0186,18.42,19.62,11.15
606.578,after,118.801,52.1373101,21.1612894,90.42,52.1373074,21.1612857,26,0.53,1.459,255,0.0,0.6709,-0.0022,-0.001,3.076,4.436,-1.23,1.6,42.91,0.01,0.0,0.03,0.02,108415,999,3,0.37,0.05,0.02,-0.02,48,-16,167,0,3.0,-0.13,0.0031,0.0084,17.12,16.37,11.98
606.678,after,118.9,52.1373111,21.1612908,90.42,52.1373093,21.1612885,26,0.53,1.412,255,0.0,0.3356,0.0566,0.0215,3.1,4.43,-1.03,1.68,42.82,0.03,0.0,0.05,0.02,108415,999,3,0.37,0.05,0.04,0.0,48,-47,-175,0,3.0,-0.15,0.0058,0.0072,19.67,17.72,12.56
606.778,after,119.0,52.1373121,21.1612921,90.41,52.1373093,21.1612885,26,0.53,1.412,255,0.1678,0.6711,0.0072,0.0365,3.098,4.425,-0.88,1.99,42.65,0.03,0.0,0.01,0.01,108415,999,3,0.37,0.05,0.04,0.0,48,108,-236,0,3.01,-0.16,0.0035,0.0085,18.75,17.14,13.25
606.878,after,119.1,52.1373131,21.1612934,90.41,52.1373113,21.1612913,26,0.53,1.449,255,0.0,0.3354,0.0157,-0.0757,3.112,4.422,-0.76,1.81,42.53,0.02,0.0,0.01,0.02,108415,999,3,0.37,0.05,0.05,-0.02,48,-47,-176,0,3.01,-0.17,0.007,0.011,16.2,21.69,13.59
606.979,after,119.201,52.1373141,21.1612948,90.4,52.1373113,21.1612913,26,0.53,1.449,255,0.0,0.3354,0.0351,-0.0681,3.098,4.419,-0.73,1.41,42.53,0.02,0.0,0.02,0.01,108415,999,3,0.37,0.05,0.05,-0.02,48,-33,91,0,3.03,-0.16,0.0046,0.0153,17.87,20.97,11.66
607.078,after,119.3,52.1373151,21.1612961,90.4,52.1373133,21.161294,26,0.53,1.455,255,0.1678,0.3355,0.0899,0.0542,3.084,4.418,-0.22,1.49,42.53,0.03,0.0,0.0,0.02,108415,999,3,0.37,0.05,0.01,0.0,48,-109,-283,0,3.04,-0.15,0.0056,0.0181,21.0,21.03,10.85
607.178,after,119.4,52.1373162,21.1612974,90.4,52.1373133,21.161294,26,0.53,1.455,255,0.0,0.3354,0.0291,-0.0078,3.086,4.417,-0.1,1.64,42.57,0.03,0.0,0.01,0.02,108415,999,3,0.37,0.05,0.01,0.0,48,83,-226,0,3.06,-0.11,0.0038,0.0179,21.63,22.2,12.83
607.279,after,119.501,52.1373172,21.1612986,90.4,52.1373155,21.1612965,26,0.53,1.456,255,0.0,0.3354,0.0868,0.0545,3.082,4.416,0.38,1.79,42.55,0.03,0.0,0.01,0.02,108415,999,3,0.37,0.06,0.01,0.0,48,197,185,0,3.06,-0.11,0.0029,0.0172,24.29,21.83,12.14
607.378,after,119.601,52.1373183,21.1612999,90.4,52.1373155,21.1612965,26,0.53,1.456,255,0.1678,0.5033,0.0744,0.0139,3.092,4.41,0.78,2.05,42.6,0.04,0.0,0.01,0.01,108415,999,3,0.37,0.06,0.0,0.03,48,51,-223,0,3.05,-0.12,0.0035,0.0046,22.58,20.88,14.21
607.478,after,119.7,52.1373194,21.1613011,90.39,52.1373176,21.161299,26,0.53,1.446,255,0.0,0.1678,0.0681,-0.0036,3.102,4.403,0.98,2.01,42.85,0.04,0.0,0.01,0.01,108415,999,3,0.37,0.05,0.03,0.01,48,95,-150,0,3.06,-0.12,0.004,0.0093,20.96,24.27,14.15
607.579,after,119.801,52.1373204,21.1613023,90.38,52.1373176,21.161299,26,0.53,1.446,255,0.0,0.1678,0.0646,-0.0384,3.094,4.396,1.39,1.79,43.21,0.04,0.0,0.0,0.01,108415,999,3,0.37,0.05,0.03,0.01,48,25,-105,0,3.06,-0.12,0.0026,0.008,20.14,23.16,11.92
607.678,after,119.9,52.1373215,21.1613035,90.38,52.1373197,21.1613014,26,0.53,1.419,255,0.0,0.3355,0.0343,0.0067,3.096,4.39,1.82,1.77,43.55,0.04,0.0,0.0,0.01,108415,999,3,0.37,0.05,0.05,-0.02,48,-2,-140,0,3.07,-0.11,0.006,0.0177,19.29,25.0,13.38
607.778,after,120.001,52.1373225,21.1613048,90.37,52.1373197,21.1613014,26,0.53,1.419,255,0.0,0.3354,-0.0131,-0.0326,3.092,4.385,1.63,1.64,43.92,0.04,0.0,0.03,0.01,108415,999,3,0.37,0.05,0.05,-0.02,48,-8,60,0,3.06,-0.11,0.0024,0.0063,18.7,19.55,14.17
607.878,after,120.101,52.1373235,21.161306,90.36,52.1373218,21.1613039,26,0.53,1.417,255,0.1677,0.3355,-0.0567,0.0443,3.068,4.375,1.44,1.75,44.31,0.01,0.0,0.03,0.01,108415,999,3,0.37,0.06,0.02,0.01,48,-27,5,0,3.05,-0.12,0.0027,0.0057,16.24,18.01,13.25
607.978,after,120.201,52.1373246,21.1613073,90.35,52.1373218,21.1613039,26,0.53,1.417,255,0.0,0.1677,-0.059,-0.017,3.08,4.364,1.16,1.73,44.67,0.01,0.0,0.01,0.01,108415,999,3,0.37,0.06,0.02,0.01,48,0,321,0,3.04,-0.11,0.0018,0.006,16.72,15.71,13.19
608.078,after,120.3,52.1373256,21.1613085,90.34,52.1373239,21.1613063,26,0.53,1.383,255,0.0,0.3356,0.022,-0.0676,3.098,4.351,1.02,1.44,44.91,0.03,0.0,0.06,0.01,108415,999,3,0.37,0.05,0.07,-0.02,48,8,-122,0,3.03,-0.13,0.0065,0.0136,18.81,18.59,11.98
608.178,after,120.401,52.1373266,21.1613098,90.32,52.1373239,21.1613063,26,0.53,1.383,255,0.0,0.5031,0.0602,-0.0353,3.098,4.338,1.34,1.26,44.81,0.03,0.0,0.02,0.01,108415,999,3,0.37,0.05,0.07,-0.02,48,-117,-96,0,3.03,-0.13,0.0038,0.0126,18.56,18.23,12.55
608.279,after,120.501,52.1373276,21.161311,90.31,52.1373259,21.1613088,26,0.53,1.39,255,0.0,0.3354,0.074,0.0055,3.104,4.326,1.81,1.23,44.38,0.03,0.0,0.02,0.01,108415,999,3,0.37,0.05,0.07,-0.02,48,175,222,0,3.02,-0.16,0.0028,0.0132,18.49,18.48,12.77
608.378,after,120.601,52.1373286,21.1613122,90.3,52.1373259,21.1613088,26,0.53,1.39,255,0.5032,0.671,0.1014,-0.0417,3.094,4.317,2.31,1.14,43.65,0.02,0.0,0.02,0.01,108415,999,3,0.37,0.05,0.02,0.03,48,-145,-308,0,3.03,-0.16,0.003,0.0094,17.21,18.96,11.57
608.478,after,120.701,52.1373295,21.1613135,90.3,52.1373278,21.1613114,26,0.53,1.386,255,0.0,0.3354,0.0498,-0.0804,3.086,4.311,2.71,0.68,42.68,0.05,0.0,0.03,0.01,108415,999,3,0.37,0.05,0.07,-0.03,48,-146,-54,0,3.05,-0.14,0.0082,0.0165,15.27,20.01,11.08
608.578,after,120.801,52.1373305,21.1613148,90.3,52.1373278,21.1613114,26,0.53,1.386,255,0.1677,0.6709,0.0529,0.012,3.09,4.311,3.0,0.63,41.7,0.05,0.0,0.0,0.01,108415,999,3,0.37,0.05,0.07,-0.03,48,79,-112,0,3.06,-0.11,0.0048,0.0139,17.22,17.87,11.44
608.678,after,120.901,52.1373314,21.1613162,90.29,52.1373298,21.1613141,26,0.53,1.409,255,0.0,0.3355,-0.0538,0.0145,3.098,4.31,3.09,0.91,40.89,0.02,0.0,0.01,0.01,108415,999,3,0.37,0.05,0.03,-0.05,48,87,-191,0,3.05,-0.11,0.0076,0.0137,20.55,20.6,11.49
608.778,after,121.0,52.1373324,21.1613176,90.29,52.1373298,21.1613141,26,0.53,1.409,255,-0.1677,0.6709,-0.0678,-0.0103,3.13,4.309,2.52,0.8,40.28,0.02,0.0,0.02,0.01,108415,999,3,0.37,0.05,0.03,-0.05,48,-36,62,0,3.07,-0.1,0.0051,0.0174,21.17,26.02,13.18
608.878,after,121.1,52.1373333,21.1613191,90.29,52.1373317,21.1613169,26,0.53,1.449,255,-0.3354,0.3354,-0.232,0.032,3.146,4.309,1.63,0.94,40.0,0.02,0.0,0.02,0.01,108415,999,3,0.37,0.05,-0.02,0.0,48,-12,-174,0,3.09,-0.11,0.0062,0.024,20.87,22.84,13.13
608.978,after,121.201,52.1373342,21.1613207,90.29,52.1373317,21.1613169,26,0.53,1.449,255,-0.1677,0.6709,-0.1096,0.0176,3.12,4.309,0.73,0.99,39.93,0.02,0.0,0.0,0.02,108415,999,3,0.37,0.05,-0.02,0.0,48,-73,171,0,3.09,-0.14,0.0049,0.0192,21.71,21.12,12.44
609.078,after,121.301,52.1373352,21.1613222,90.29,52.1373336,21.1613199,26,0.53,1.459,255,-0.1678,0.3355,-0.042,0.0245,3.092,4.304,0.36,1.22,40.1,0.03,0.0,0.02,0.01,108415,999,3,0.37,0.05,0.05,0.01,48,123,-181,0,3.09,-0.13,0.0039,0.0154,19.62,21.37,10.88
609.178,after,121.4,52.1373361,21.1613238,90.28,52.1373336,21.1613199,26,0.53,1.459,255,0.0,0.8386,-0.0166,0.0163,3.088,4.294,0.28,1.31,40.39,0.03,0.0,0.07,0.01,108415,999,3,0.37,0.05,0.05,0.01,48,68,-170,0,3.08,-0.1,0.001,0.006,18.56,21.47,11.42
609.278,after,121.501,52.137337,21.1613253,90.26,52.1373336,21.1613199,26,0.53,1.459,255,0.0,0.3356,0.0111,0.0158,3.09,4.279,0.29,1.31,40.75,0.03,0.0,0.02,0.02,108415,999,3,0.37,0.05,0.05,0.01,48,62,360,0,3.07,-0.1,0.0024,0.0083,20.2,23.59,12.26
609.378,after,121.601,52.137338,21.1613268,90.25,52.1373355,21.1613229,26,0.53,1.476,255,0.0,0.3354,-0.0428,-0.0115,3.06,4.265,0.09,1.38,41.17,0.04,0.01,0.01,0.01,108415,999,3,0.37,0.05,-0.01,-0.01,48,66,-184,0,3.07,-0.1,0.0024,0.0037,21.74,22.16,12.05
609.478,after,121.701,52.1373389,21.1613283,90.24,52.1373375,21.1613259,26,0.53,1.5,255,0.0,0.3355,-0.0858,-0.062,3.072,4.252,-0.15,1.13,41.64,0.03,0.0,0.0,0.01,108415,999,3,0.37,0.06,-0.06,0.05,48,-124,-120,0,3.06,-0.09,0.0103,0.0134,20.82,22.16,12.29
609.578,after,121.801,52.1373399,21.1613297,90.22,52.1373375,21.1613259,26,0.53,1.5,255,-0.1677,0.3355,-0.0428,0.0676,3.068,4.238,-0.6,1.21,42.07,0.03,0.0,0.04,0.01,108415,999,3,0.37,0.06,-0.06,0.05,48,-58,-315,0,3.04,-0.11,0.0085,0.0158,20.08,18.47,11.77
609.678,after,121.9,52.1373409,21.1613312,90.21,52.1373395,21.1613288,26,0.53,1.422,255,0.0,0.3354,-0.0152,-0.0234,3.058,4.223,-0.69,1.43,42.41,0.02,0.0,0.03,0.02,108415,999,3,0.37,0.06,0.04,0.0,48,-156,-226,0,3.03,-0.12,0.0037,0.0133,18.67,21.38,13.43
609.778,after,122.0,52.1373419,21.1613326,90.19,52.1373395,21.1613288,26,0.53,1.422,255,0.1677,0.1677,0.1499,-0.0685,3.054,4.209,-0.18,1.03,42.73,0.02,0.0,0.05,0.01,108415,999,3,0.37,0.06,0.04,0.0,48,-66,254,0,3.01,-0.12,0.0048,0.0207,18.43,21.8,13.72
609.878,after,122.101,52.1373429,21.161334,90.18,52.1373415,21.1613317,26,0.53,1.467,255,0.0,0.3355,0.0263,0.0406,3.05,4.197,0.32,1.17,43.04,0.03,0.0,0.01,0.01,108415,999,3,0.37,0.06,0.02,0.0,48,46,-207,0,3.01,-0.11,0.005,0.0166,19.03,22.28,13.34
609.979,after,122.201,52.1373439,21.1613354,90.17,52.1373415,21.1613317,26,0.53,1.467,255,0.0,0.3355,0.0747,0.0119,3.06,4.189,0.61,1.29,43.27,0.03,0.0,0.0,0.02,108415,999,3,0.37,0.06,0.02,0.0,48,-74,-184,0,3.01,-0.12,0.0038,0.0102,21.09,20.67,12.69
