t_log_s,phase,t_since_src2_s,ekf_lat,ekf_lon,ekf_alt,gps_lat,gps_lon,gps_nsats,gps_hdop,gps_spd,of_qual,of_flowX,of_flowY,of_bodyX,of_bodyY,rfnd_dist,ctun_alt,roll,pitch,yaw,xkf4_SV,xkf4_SP,xkf4_SH,xkf4_SM,xkf4_SS,rc7,mode,gpa_hacc,gpa_sacc,xkf3_IVN,xkf3_IVE,xkf4_TS,xkf5_FIX,xkf5_FIY,xkf5_AFI,xkf5_HAGL,xkf5_RI,xkf5_eVel,xkf5_ePos,vibe_x,vibe_y,vibe_z
140.1,before,-24.999,52.1378012,21.1615076,86.14,52.1378055,21.1615087,29,0.48,1.557,255,0.0,0.3353,0.0402,-0.0035,2.54,3.867,0.69,-3.44,188.22,0.01,0.0,0.07,0.09,108415,999,3,0.39,0.07,-0.02,0.01,48,-3,-253,0,2.68,0.06,0.0048,0.0212,24.32,28.24,18.04
140.2,before,-24.899,52.1377998,21.1615073,86.16,52.1378027,21.161508,29,0.48,1.578,255,0.0,0.5029,-0.0028,-0.0755,2.576,3.887,0.71,-3.64,188.23,0.03,0.0,0.07,0.06,108415,999,3,0.39,0.07,0.06,-0.05,48,-8,-57,0,2.71,0.08,0.0116,0.035,22.95,27.71,18.14
140.3,before,-24.799,52.1377985,21.161507,86.18,52.1378027,21.161508,29,0.48,1.578,255,0.0,0.3353,0.0252,0.01,2.596,3.907,0.8,-3.87,188.16,0.03,0.0,0.02,0.08,108415,999,3,0.39,0.07,0.06,-0.05,48,-16,-189,0,2.71,0.05,0.0094,0.0297,23.25,27.28,18.1
140.4,before,-24.699,52.1377971,21.1615068,86.2,52.1378,21.1615074,29,0.48,1.491,255,0.0,0.8383,0.058,0.0428,2.646,3.928,1.1,-3.63,188.28,0.01,0.01,0.05,0.04,108415,999,3,0.39,0.08,-0.04,0.0,48,-80,388,0,2.73,0.06,0.0076,0.0327,25.21,28.35,18.94
140.5,before,-24.599,52.1377958,21.1615066,86.22,52.1378,21.1615074,29,0.48,1.491,255,0.0,0.3353,0.0266,-0.0161,2.654,3.95,1.25,-3.47,188.48,0.01,0.01,0.05,0.05,108415,999,3,0.39,0.08,-0.04,0.0,48,-63,-263,0,2.75,0.02,0.0071,0.0331,25.37,27.98,19.13
140.6,before,-24.499,52.1377945,21.1615064,86.24,52.1377974,21.161507,29,0.48,1.465,255,0.0,0.3353,0.0299,-0.0492,2.658,3.967,1.44,-3.78,188.59,0.06,0.01,0.06,0.04,108415,999,3,0.39,0.07,-0.01,-0.03,48,-66,-153,0,2.76,0.02,0.0064,0.0258,25.35,29.97,19.96
140.7,before,-24.399,52.1377931,21.1615063,86.25,52.1377974,21.161507,29,0.48,1.465,255,0.0,0.6705,0.0374,-0.0079,2.636,3.98,1.62,-3.94,188.76,0.06,0.01,0.03,0.06,108415,999,3,0.39,0.07,-0.01,-0.03,48,86,321,0,2.77,0.03,0.005,0.0224,26.48,30.12,20.06
140.8,before,-24.299,52.1377918,21.1615062,86.26,52.1377948,21.1615066,29,0.48,1.465,255,0.1676,0.3352,0.0133,-0.0229,2.616,3.986,1.75,-4.17,189.13,0.09,0.01,0.02,0.06,108415,999,3,0.39,0.07,-0.01,0.05,48,-71,-7,0,2.76,0.03,0.0061,0.0075,28.76,32.38,20.65
140.9,before,-24.199,52.1377906,21.1615061,86.27,52.1377948,21.1615066,29,0.48,1.465,255,0.1677,0.3353,0.1035,-0.0592,2.586,3.992,2.34,-4.4,189.53,0.09,0.01,0.08,0.05,108415,999,3,0.39,0.07,-0.01,0.05,48,-136,-182,0,2.78,0.06,0.0015,0.0143,27.44,32.76,19.92
141.0,before,-24.099,52.1377893,21.1615059,86.28,52.1377922,21.1615062,29,0.48,1.443,255,0.1677,0.8383,0.0388,-0.0344,2.552,4.0,2.81,-4.64,189.73,0.02,0.0,0.07,0.06,108415,999,3,0.39,0.07,-0.05,0.01,48,-152,-145,0,2.79,0.09,0.0035,0.0201,28.81,33.99,20.73
141.1,before,-23.999,52.137788,21.1615058,86.29,52.1377922,21.1615062,29,0.48,1.443,255,0.0,0.3353,-0.069,-0.0268,2.532,4.014,2.56,-4.79,189.65,0.02,0.0,0.1,0.03,108415,999,3,0.39,0.07,-0.05,0.01,48,-4,171,0,2.8,0.17,0.0047,0.0319,26.69,29.87,20.1
141.199,before,-23.9,52.1377867,21.1615056,86.3,52.1377896,21.1615059,28,0.48,1.441,255,0.0,0.3352,0.0558,0.0108,2.516,4.024,2.51,-4.85,189.39,0.04,0.01,0.0,0.04,108415,999,3,0.39,0.08,-0.05,0.03,48,-11,-178,0,2.77,0.16,0.0067,0.0145,25.61,28.64,19.14
141.299,before,-23.8,52.1377854,21.1615055,86.31,52.1377896,21.1615059,28,0.48,1.441,255,0.0,1.0058,0.0703,0.0182,2.49,4.031,2.95,-4.61,189.14,0.04,0.01,0.0,0.07,108415,999,3,0.39,0.08,-0.05,0.03,48,14,-92,0,2.74,0.16,0.0037,0.0057,27.4,32.15,20.23
141.399,before,-23.7,52.1377841,21.1615053,86.31,52.137787,21.1615056,28,0.48,1.466,255,0.0,0.3352,0.0227,-0.0464,2.492,4.039,3.28,-4.8,188.84,0.02,0.0,0.04,0.02,108415,999,3,0.39,0.07,0.0,0.01,48,-111,7,0,2.74,0.17,0.0037,0.0073,29.12,32.28,21.13
141.5,before,-23.599,52.1377828,21.1615051,86.32,52.137787,21.1615056,28,0.48,1.466,255,0.0,0.3353,-0.0108,-0.0849,2.48,4.05,3.46,-5.04,188.53,0.02,0.0,0.04,0.03,108415,999,3,0.39,0.07,0.0,0.01,48,78,323,0,2.74,0.18,0.0013,0.0079,30.63,34.95,22.07
141.599,before,-23.5,52.1377815,21.1615049,86.34,52.1377844,21.1615052,28,0.48,1.502,255,0.0,0.3353,-0.0814,0.0356,2.486,4.061,3.05,-5.12,188.31,0.03,0.01,0.01,0.01,108415,999,3,0.39,0.07,-0.03,0.02,48,76,129,0,2.74,0.18,0.0064,0.0124,32.4,36.34,23.71
141.699,before,-23.399,52.1377802,21.1615048,86.34,52.1377844,21.1615052,28,0.48,1.502,255,0.1677,0.503,0.059,0.0362,2.478,4.069,3.2,-4.78,188.16,0.03,0.01,0.03,0.04,108415,999,3,0.39,0.07,-0.03,0.02,48,38,-303,0,2.72,0.16,0.0045,0.0171,30.29,34.12,23.03
141.799,before,-23.3,52.1377788,21.1615045,86.35,52.1377817,21.1615048,29,0.48,1.524,255,0.0,0.8383,0.1127,0.0045,2.492,4.073,3.7,-4.73,188.16,0.02,0.0,0.04,0.03,108415,999,3,0.39,0.07,0.01,0.01,48,47,246,0,2.7,0.14,0.006,0.029,32.84,36.44,24.24
141.899,before,-23.2,52.1377775,21.1615043,86.35,52.1377817,21.1615048,29,0.48,1.524,255,0.0,0.3352,-0.0053,-0.0047,2.498,4.075,3.96,-4.79,188.23,0.02,0.0,0.02,0.01,108415,999,3,0.39,0.07,0.01,0.01,48,-93,-67,0,2.69,0.12,0.0053,0.0296,32.56,37.16,24.33
141.999,before,-23.1,52.1377762,21.1615041,86.35,52.137779,21.1615044,29,0.48,1.502,255,0.0,0.3351,-0.0144,-0.0354,2.502,4.08,3.88,-4.97,188.33,0.03,0.0,0.01,0.01,108415,999,3,0.39,0.08,-0.01,0.03,48,-20,-30,0,2.7,0.12,0.0033,0.0217,30.24,36.78,23.98
142.099,before,-23.0,52.1377748,21.1615038,86.36,52.137779,21.1615044,29,0.48,1.502,255,0.1677,0.8383,-0.0239,-0.0013,2.492,4.084,3.8,-4.98,188.5,0.03,0.0,0.05,0.01,108415,999,3,0.39,0.08,-0.01,0.03,48,-49,-75,0,2.68,0.1,0.004,0.0314,31.58,36.31,23.15
142.199,before,-22.899,52.1377735,21.1615036,86.36,52.1377763,21.1615039,29,0.48,1.565,255,0.0,0.503,0.0572,0.0748,2.506,4.086,3.8,-4.67,188.78,0.01,0.0,0.05,0.01,108415,999,3,0.39,0.08,0.02,0.04,48,10,202,0,2.68,0.1,0.0058,0.0339,33.18,36.33,24.85
142.299,before,-22.799,52.1377721,21.1615033,86.37,52.1377763,21.1615039,29,0.48,1.565,255,0.0,0.3353,0.0411,-0.0058,2.534,4.093,4.17,-4.57,189.0,0.01,0.0,0.01,0.02,108415,999,3,0.39,0.08,0.02,0.04,48,54,229,0,2.68,0.1,0.0038,0.0224,31.09,35.09,23.52
142.399,before,-22.7,52.1377708,21.1615029,86.37,52.1377735,21.1615033,29,0.48,1.57,255,0.0,0.8387,-0.0479,-0.0396,2.58,4.1,3.95,-4.73,189.09,0.04,0.0,0.0,0.0,108415,999,3,0.39,0.07,0.04,0.03,48,21,-223,0,2.68,0.08,0.0081,0.0269,32.99,34.65,23.82
142.5,before,-22.599,52.1377694,21.1615026,86.38,52.1377735,21.1615033,29,0.48,1.57,255,0.0,0.3352,-0.0501,-0.0224,2.64,4.108,3.81,-4.84,189.15,0.04,0.0,0.01,0.01,108415,999,3,0.39,0.07,0.04,0.03,48,-25,-65,0,2.69,0.03,0.0055,0.0173,31.57,35.48,23.93
142.599,before,-22.5,52.137768,21.1615022,86.39,52.1377708,21.1615027,29,0.48,1.509,255,0.0,0.503,-0.033,0.0403,2.668,4.116,3.63,-4.78,189.17,0.0,0.01,0.02,0.01,108415,999,3,0.39,0.08,0.0,-0.01,48,-178,-255,0,2.7,0.01,0.003,0.0182,34.72,38.24,25.53
142.699,before,-22.4,52.1377667,21.1615019,86.4,52.1377708,21.1615027,29,0.48,1.509,255,0.0,0.503,-0.0112,0.0341,2.692,4.126,3.57,-4.59,189.31,0.0,0.01,0.02,0.02,108415,999,3,0.39,0.08,0.0,-0.01,48,34,-281,0,2.72,-0.02,0.0021,0.0072,32.04,32.67,23.31
142.799,before,-22.3,52.1377654,21.1615015,86.41,52.1377681,21.161502,29,0.48,1.547,255,0.0,0.503,-0.0104,0.0246,2.704,4.135,3.41,-4.48,189.45,0.04,0.0,0.02,0.01,108415,999,3,0.39,0.07,0.0,0.04,48,-8,-93,0,2.73,-0.02,0.0035,0.0097,30.02,31.06,21.19
142.899,before,-22.2,52.137764,21.161501,86.42,52.1377681,21.161502,29,0.48,1.547,255,-0.1677,0.6709,-0.0314,-0.0769,2.708,4.141,3.32,-4.65,189.43,0.04,0.0,0.01,0.01,108415,999,3,0.39,0.07,0.0,0.04,48,0,-77,0,2.75,-0.03,0.0021,0.0064,28.59,29.95,19.97
142.999,before,-22.099,52.1377627,21.1615006,86.42,52.1377653,21.1615013,29,0.48,1.614,255,-0.1677,0.3353,-0.1866,0.002,2.718,4.148,2.74,-4.85,189.26,0.03,0.0,0.02,0.01,108415,999,3,0.39,0.07,0.08,-0.02,48,44,338,0,2.76,-0.02,0.0085,0.0113,25.76,30.18,19.76
143.099,before,-22.0,52.1377613,21.1615001,86.43,52.1377653,21.1615013,29,0.48,1.614,255,0.0,0.5028,-0.0329,0.0293,2.718,4.152,2.15,-4.61,188.98,0.03,0.0,0.01,0.02,108415,999,3,0.39,0.07,0.08,-0.02,48,0,-290,0,2.77,-0.02,0.0065,0.0104,28.54,27.53,19.07
143.199,before,-21.899,52.1377599,21.1614997,86.42,52.1377625,21.1615004,29,0.48,1.534,255,0.0,1.0058,-0.0087,0.0633,2.708,4.15,2.09,-4.39,188.78,0.05,0.0,0.01,0.05,108415,999,3,0.39,0.08,0.0,0.0,48,46,-230,0,2.76,-0.03,0.0069,0.0179,25.78,27.7,18.64
143.299,before,-21.8,52.1377585,21.1614992,86.42,52.1377625,21.1615004,29,0.48,1.534,255,-0.1677,0.503,-0.0101,0.0316,2.688,4.145,1.89,-4.08,188.55,0.05,0.0,0.0,0.05,108415,999,3,0.39,0.08,0.0,0.0,48,83,-301,0,2.76,-0.02,0.0053,0.0135,27.51,28.86,19.41
143.399,before,-21.699,52.1377571,21.1614988,86.41,52.1377597,21.1614995,29,0.48,1.613,255,0.0,0.3354,-0.0384,-0.0062,2.638,4.13,1.9,-3.96,188.33,0.1,0.01,0.03,0.07,108415,999,3,0.39,0.09,0.08,0.0,48,4,222,0,2.73,-0.05,0.0143,0.0356,25.15,31.19,19.23
143.499,before,-21.6,52.1377557,21.1614983,86.4,52.1377597,21.1614995,29,0.48,1.613,255,-0.1676,0.8382,-0.0441,0.0525,2.6,4.122,1.79,-3.76,188.15,0.1,0.01,0.02,0.05,108415,999,3,0.39,0.09,0.08,0.0,48,65,-116,0,2.74,0.02,0.0091,0.0192,26.48,30.85,19.21
143.599,before,-21.5,52.1377543,21.1614979,86.4,52.137757,21.1614986,29,0.48,1.532,255,0.0,0.503,-0.0581,0.0692,2.586,4.121,1.57,-3.49,188.22,0.07,0.0,0.04,0.05,108415,999,3,0.39,0.09,-0.05,0.06,48,52,-284,0,2.73,0.06,0.0069,0.0144,27.67,29.1,19.7
143.699,before,-21.4,52.137753,21.1614974,86.4,52.137757,21.1614986,29,0.48,1.532,255,0.0,0.8384,0.0878,0.0737,2.6,4.126,1.61,-2.89,188.71,0.07,0.0,0.05,0.05,108415,999,3,0.39,0.09,-0.05,0.06,48,-144,-211,0,2.74,0.07,0.0022,0.0032,28.21,30.79,20.64
143.799,before,-21.3,52.1377516,21.161497,86.41,52.1377543,21.1614977,29,0.48,1.54,255,0.0,0.8383,-0.0155,-0.0277,2.612,4.135,1.79,-3.0,189.5,0.04,0.01,0.05,0.05,108415,999,3,0.39,0.1,-0.01,-0.01,48,-92,-78,0,2.75,0.07,0.0015,0.0078,27.4,29.75,21.66
143.899,before,-21.2,52.1377502,21.1614965,86.43,52.1377543,21.1614977,29,0.48,1.54,255,-0.1676,0.5029,-0.0669,-0.008,2.634,4.151,1.19,-3.05,190.29,0.04,0.01,0.07,0.06,108415,999,3,0.39,0.1,-0.01,-0.01,48,-71,-213,0,2.78,0.08,0.0029,0.0222,25.9,28.88,18.96
143.999,before,-21.1,52.1377489,21.161496,86.44,52.1377515,21.1614969,28,0.48,1.531,255,0.0,0.3352,0.0607,-0.1267,2.632,4.169,1.32,-3.5,190.81,0.01,0.01,0.03,0.08,108415,999,3,0.39,0.1,-0.03,0.01,48,-4,-194,0,2.79,0.08,0.0037,0.0224,26.41,29.83,18.81
144.099,before,-21.0,52.1377476,21.1614956,86.46,52.1377515,21.1614969,28,0.48,1.531,255,0.0,0.6706,-0.0914,-0.0363,2.634,4.188,1.0,-3.92,191.03,0.01,0.01,0.04,0.07,108415,999,3,0.39,0.1,-0.03,0.01,48,6,199,0,2.81,0.09,0.0048,0.0245,27.04,30.66,20.14
144.199,before,-20.9,52.1377462,21.1614952,86.48,52.1377489,21.1614959,28,0.48,1.533,255,-0.1677,0.503,-0.0115,0.0111,2.64,4.202,0.68,-3.83,191.0,0.05,0.01,0.02,0.03,108415,999,3,0.39,0.1,0.03,0.03,48,96,-230,0,2.8,0.09,0.0043,0.0147,26.47,29.07,18.25
144.299,before,-20.8,52.1377449,21.1614947,86.49,52.1377489,21.1614959,28,0.48,1.533,255,0.0,0.5027,-0.0109,0.0699,2.65,4.218,0.94,-3.74,190.84,0.05,0.01,0.03,0.04,108415,999,3,0.39,0.1,0.03,0.03,48,-61,-28,0,2.81,0.08,0.0036,0.0156,27.0,29.7,20.24
144.399,before,-20.7,52.1377435,21.1614944,86.51,52.1377462,21.161495,28,0.48,1.481,255,0.0,0.3353,0.0144,-0.0694,2.654,4.233,0.96,-3.75,190.64,0.07,0.01,0.07,0.06,108415,999,3,0.39,0.1,0.0,0.0,48,164,-214,0,2.81,0.08,0.0029,0.0155,27.13,27.93,19.78
144.499,before,-20.599,52.1377422,21.161494,86.53,52.1377462,21.161495,28,0.48,1.481,255,0.0,0.3352,0.0324,-0.0354,2.666,4.253,1.14,-4.14,190.37,0.07,0.01,0.08,0.06,108415,999,3,0.39,0.1,0.0,0.0,48,-46,57,0,2.84,0.1,0.0045,0.0275,26.39,30.52,19.92
144.599,before,-20.5,52.1377409,21.1614937,86.55,52.1377436,21.1614943,28,0.48,1.446,255,0.0,0.8383,0.0218,0.0068,2.686,4.275,1.33,-4.36,190.09,0.02,0.0,0.06,0.05,108415,999,3,0.39,0.11,-0.04,0.01,48,132,-111,0,2.87,0.12,0.0081,0.035,27.73,29.74,19.58
144.699,before,-20.399,52.1377397,21.1614934,86.57,52.1377436,21.1614943,28,0.48,1.446,255,-0.1677,0.5031,-0.1124,-0.0116,2.68,4.297,1.03,-4.38,189.88,0.02,0.0,0.04,0.04,108415,999,3,0.39,0.11,-0.04,0.01,48,50,-153,0,2.87,0.11,0.0073,0.0309,27.95,31.91,20.45
144.799,before,-20.3,52.1377384,21.1614931,86.59,52.1377411,21.1614937,28,0.48,1.417,255,0.0,0.3354,-0.039,-0.0314,2.706,4.315,0.53,-4.39,189.73,0.03,0.0,0.02,0.05,108415,999,3,0.39,0.11,-0.02,0.04,48,-48,162,0,2.87,0.1,0.0048,0.0186,28.81,29.86,21.08
144.899,before,-20.2,52.1377371,21.1614928,86.6,52.1377411,21.1614937,28,0.48,1.417,255,0.3353,0.6707,0.0672,-0.0625,2.706,4.33,0.94,-4.75,189.58,0.03,0.0,0.02,0.06,108415,999,3,0.39,0.11,-0.02,0.04,48,-199,28,0,2.88,0.1,0.0038,0.0143,27.17,29.63,20.72
144.999,before,-20.1,52.1377359,21.1614925,86.61,52.1377386,21.161493,29,0.48,1.367,255,0.0,0.3353,-0.0341,-0.0355,2.692,4.337,0.87,-4.97,189.37,0.06,0.0,0.03,0.07,108415,999,3,0.39,0.11,-0.09,0.02,48,111,-277,0,2.87,0.09,0.007,0.007,27.99,29.91,19.92
145.099,before,-20.0,52.1377346,21.1614923,86.61,52.1377386,21.161493,29,0.48,1.367,255,0.1677,0.1677,0.0772,-0.0557,2.68,4.339,1.21,-5.3,188.97,0.06,0.0,0.02,0.07,108415,999,3,0.39,0.11,-0.09,0.02,48,-36,54,0,2.86,0.09,0.0046,0.0076,30.66,30.07,20.21
145.199,before,-19.9,52.1377333,21.1614921,86.61,52.1377362,21.1614925,29,0.48,1.432,255,0.1676,0.5028,0.0312,0.0471,2.676,4.337,1.53,-5.25,188.33,0.04,0.0,0.0,0.05,108415,999,3,0.39,0.11,0.0,0.0,48,93,187,0,2.85,0.08,0.0041,0.0145,29.45,29.78,20.71
145.299,before,-19.799,52.137732,21.1614919,86.61,52.1377362,21.1614925,29,0.48,1.432,255,0.0,0.503,0.0701,0.005,2.68,4.333,1.79,-5.22,187.74,0.04,0.0,0.01,0.05,108415,999,3,0.39,0.11,0.0,0.0,48,141,-190,0,2.83,0.07,0.0033,0.0168,27.98,31.99,20.57
145.399,before,-19.7,52.1377307,21.1614918,86.61,52.1377336,21.1614921,29,0.48,1.473,255,0.0,0.8383,0.0149,0.0245,2.68,4.331,2.06,-5.15,187.28,0.01,0.0,0.0,0.04,108415,999,3,0.39,0.1,0.01,-0.02,48,82,-197,0,2.82,0.07,0.0042,0.0156,29.84,29.88,20.81
145.499,before,-19.6,52.1377294,21.1614916,86.6,52.1377336,21.1614921,29,0.48,1.473,255,0.0,0.3354,0.0625,0.0219,2.674,4.328,2.24,-5.09,186.9,0.01,0.0,0.03,0.07,108415,999,3,0.39,0.1,0.01,-0.02,48,-63,-33,0,2.81,0.05,0.0042,0.0221,26.87,32.27,21.0
145.599,before,-19.5,52.137728,21.1614915,86.6,52.1377309,21.1614918,29,0.48,1.456,255,0.0,0.3354,0.0339,0.0834,2.665,4.323,2.42,-4.74,186.73,0.08,0.01,0.01,0.07,108415,999,3,0.4,0.1,-0.03,0.02,48,102,-85,0,2.79,0.05,0.0091,0.0361,31.95,33.55,23.26
145.699,before,-19.4,52.1377267,21.1614914,86.59,52.1377309,21.1614918,29,0.48,1.456,255,0.1677,0.8383,0.0272,-0.0355,2.68,4.317,2.76,-4.69,186.74,0.08,0.01,0.02,0.05,108415,999,3,0.4,0.1,-0.03,0.02,48,82,289,0,2.78,0.03,0.0067,0.0328,29.3,32.57,21.25
145.799,before,-19.3,52.1377253,21.1614913,86.58,52.1377283,21.1614916,29,0.48,1.505,255,0.0,0.503,-0.0324,0.001,2.656,4.306,2.52,-4.79,186.52,0.07,0.0,0.02,0.05,108415,999,3,0.4,0.1,0.0,-0.05,48,40,-223,0,2.76,0.01,0.011,0.0422,27.36,33.12,21.99
145.899,before,-19.2,52.1377239,21.1614912,86.57,52.1377283,21.1614916,29,0.48,1.505,255,0.1677,0.3353,0.1371,0.055,2.66,4.294,2.97,-4.58,186.28,0.07,0.0,0.06,0.08,108415,999,3,0.4,0.1,0.0,-0.05,48,-32,251,0,2.75,0.01,0.0093,0.0438,32.36,34.03,24.79
145.999,before,-19.1,52.1377225,21.1614911,86.56,52.1377255,21.1614915,29,0.48,1.569,255,0.3353,0.8383,0.0875,0.039,2.666,4.286,3.51,-4.22,186.14,0.02,0.0,0.04,0.03,108415,999,3,0.4,0.1,0.05,0.01,48,-168,-325,0,2.74,0.0,0.0084,0.0409,31.83,36.6,24.1
146.099,before,-19.0,52.1377211,21.161491,86.55,52.1377255,21.1614915,29,0.48,1.569,255,0.0,0.5028,0.0636,0.0604,2.672,4.28,3.86,-3.92,186.08,0.02,0.0,0.04,0.04,108415,999,3,0.4,0.1,0.05,0.01,48,18,-302,0,2.73,0.0,0.0067,0.0378,28.31,34.95,22.58
146.199,before,-18.899,52.1377197,21.1614908,86.56,52.1377227,21.1614912,29,0.48,1.627,255,0.0,0.3352,0.0805,0.0282,2.692,4.283,4.22,-3.64,186.22,0.05,0.0,0.0,0.05,108415,999,3,0.4,0.11,0.05,0.02,48,-60,-151,0,2.76,0.0,0.007,0.018,25.58,34.79,22.18
146.299,before,-18.8,52.1377182,21.1614906,86.57,52.1377227,21.1614912,29,0.48,1.627,255,0.0,0.503,-0.0182,0.0553,2.708,4.292,4.36,-3.46,186.6,0.05,0.0,0.0,0.03,108415,999,3,0.4,0.11,0.05,0.02,48,-113,-264,0,2.77,0.0,0.005,0.0105,29.6,35.38,23.65
146.399,before,-18.7,52.1377168,21.1614904,86.58,52.1377198,21.1614909,28,0.48,1.639,255,0.0,0.503,-0.0138,0.0284,2.71,4.303,4.13,-3.02,187.31,0.05,0.0,0.0,0.02,108415,999,3,0.4,0.11,0.08,-0.02,48,-1,323,0,2.77,0.0,0.0097,0.0168,28.6,32.55,21.88
146.499,before,-18.6,52.1377154,21.1614902,86.59,52.1377198,21.1614909,28,0.48,1.639,255,0.0,0.6706,-0.0477,-0.0607,2.738,4.318,3.95,-3.46,188.12,0.05,0.0,0.11,0.01,108415,999,3,0.4,0.11,0.08,-0.02,48,-17,-140,0,2.82,0.03,0.008,0.0222,26.57,30.88,21.55
146.599,before,-18.5,52.1377141,21.1614899,86.61,52.137717,21.1614905,28,0.48,1.485,255,-0.1677,0.6706,-0.0617,0.0064,2.752,4.336,3.43,-3.74,188.68,0.03,0.01,0.02,0.01,108415,999,3,0.4,0.11,-0.03,0.08,48,55,-158,0,2.84,0.02,0.006,0.0172,28.64,31.33,21.37
146.699,before,-18.4,52.1377127,21.1614896,86.63,52.137717,21.1614905,28,0.48,1.485,255,0.0,0.5029,0.0365,0.0507,2.78,4.352,3.34,-3.41,189.19,0.03,0.01,0.0,0.01,108415,999,3,0.4,0.11,-0.03,0.08,48,-5,-277,0,2.85,0.02,0.0044,0.0129,29.16,31.21,21.2
146.799,before,-18.3,52.1377114,21.1614893,86.64,52.1377143,21.1614898,28,0.48,1.516,255,0.0,0.3353,-0.0621,-0.0924,2.798,4.365,3.27,-3.73,189.84,0.03,0.0,0.02,0.03,108415,999,3,0.4,0.11,0.05,0.06,48,-38,376,0,2.85,0.01,0.0072,0.0071,31.0,31.65,22.79
146.899,before,-18.2,52.1377101,21.1614889,86.65,52.1377143,21.1614898,28,0.48,1.516,255,0.0,0.3353,0.0252,-0.0032,2.814,4.38,3.22,-4.02,190.42,0.03,0.0,0.06,0.01,108415,999,3,0.4,0.11,0.05,0.06,48,47,-78,0,2.88,0.0,0.006,0.0193,30.07,33.32,22.58
146.999,before,-18.1,52.1377088,21.1614885,86.67,52.1377116,21.1614891,28,0.48,1.514,255,0.0,0.3353,0.0009,-0.0559,2.832,4.399,3.27,-4.24,190.86,0.03,0.0,0.06,0.01,108415,999,3,0.4,0.11,0.03,0.03,48,-17,-331,0,2.92,0.02,0.0102,0.035,25.09,30.66,21.01
147.099,before,-18.0,52.1377075,21.1614881,86.69,52.1377116,21.1614891,28,0.48,1.514,255,-0.1677,0.6706,-0.1318,-0.0149,2.84,4.417,2.74,-4.48,191.04,0.03,0.0,0.03,0.01,108415,999,3,0.4,0.11,0.03,0.03,48,23,247,0,2.93,0.02,0.0082,0.0328,25.36,28.2,18.69
147.199,before,-17.9,52.1377061,21.1614876,86.7,52.137709,21.1614884,28,0.48,1.473,255,0.0,0.3353,-0.0635,0.005,2.832,4.43,2.33,-4.47,190.84,0.04,0.0,0.03,0.01,108415,999,3,0.4,0.1,-0.01,-0.01,48,104,-180,0,2.94,0.02,0.0035,0.0219,27.3,29.38,19.81
147.299,before,-17.8,52.1377048,21.1614872,86.71,52.137709,21.1614884,28,0.48,1.473,255,0.0,0.503,-0.0413,0.0363,2.824,4.439,2.08,-4.35,190.4,0.04,0.0,0.0,0.02,108415,999,3,0.4,0.1,-0.01,-0.01,48,34,-164,0,2.94,0.02,0.003,0.0147,30.06,31.2,19.51
147.399,before,-17.699,52.1377036,21.1614868,86.72,52.1377065,21.1614876,28,0.5,1.391,255,0.0,0.6707,-0.0252,0.0181,2.83,4.447,1.95,-4.13,189.79,0.03,0.0,0.05,0.01,108415,999,3,0.4,0.1,-0.07,0.0,48,45,-193,0,2.95,0.03,0.0073,0.0199,30.86,29.52,19.74
147.499,before,-17.6,52.1377023,21.1614864,86.73,52.1377065,21.1614876,28,0.5,1.391,255,0.0,0.3352,0.0286,-0.0102,2.816,4.455,2.07,-4.32,189.16,0.03,0.0,0.03,0.03,108415,999,3,0.4,0.1,-0.07,0.0,48,2,64,0,2.96,0.05,0.0065,0.0228,30.41,31.81,22.49
147.599,before,-17.5,52.137701,21.1614861,86.74,52.137704,21.1614869,28,0.5,1.453,255,0.0,0.5028,0.015,-0.0568,2.792,4.463,2.15,-4.59,188.65,0.0,0.01,0.0,0.05,108415,999,3,0.4,0.1,0.0,0.0,48,-12,-108,0,2.96,0.05,0.0073,0.0185,28.61,33.55,22.16
147.699,before,-17.4,52.1376998,21.1614857,86.74,52.137704,21.1614869,28,0.5,1.453,255,0.0,0.3352,0.0137,0.0282,2.796,4.467,2.26,-4.52,188.27,0.0,0.01,0.01,0.04,108415,999,3,0.4,0.1,0.0,0.0,48,-17,-176,0,2.94,0.07,0.0051,0.0102,33.4,35.12,25.22
147.799,before,-17.3,52.1376985,21.1614855,86.74,52.1377015,21.1614862,29,0.5,1.437,255,0.0,0.3353,0.0482,-0.0491,2.792,4.46,2.34,-4.73,188.13,0.08,0.0,0.03,0.04,108415,999,3,0.4,0.11,0.0,-0.03,48,-24,-91,0,2.91,0.04,0.0081,0.0226,33.29,36.35,26.54
147.899,before,-17.2,52.1376973,21.1614853,86.72,52.1377015,21.1614862,29,0.5,1.437,255,0.0,0.6707,-0.0035,-0.0431,2.79,4.449,2.35,-5.04,188.14,0.08,0.0,0.06,0.07,108415,999,3,0.4,0.11,0.0,-0.03,48,-9,-122,0,2.89,0.01,0.0077,0.0324,34.84,41.12,27.63
147.999,before,-17.1,52.137696,21.1614851,86.71,52.1376989,21.1614857,28,0.48,1.453,255,0.0,0.3352,0.0401,-0.0418,2.774,4.433,2.48,-5.26,188.27,0.01,0.0,0.08,0.04,108415,999,3,0.4,0.11,0.04,0.01,48,-37,-144,0,2.86,0.0,0.0082,0.045,34.48,39.22,27.65
148.099,before,-17.0,52.1376947,21.1614849,86.69,52.1376989,21.1614857,28,0.48,1.453,255,0.1676,0.3352,0.0908,-0.0339,2.763,4.417,3.03,-5.57,188.47,0.01,0.0,0.05,0.07,108415,999,3,0.4,0.11,0.04,0.01,48,-85,-96,0,2.84,0.0,0.0074,0.0437,35.61,42.69,27.92
148.199,before,-16.9,52.1376934,21.1614847,86.68,52.1376963,21.1614853,28,0.48,1.446,255,0.1676,0.5029,0.0728,0.0188,2.772,4.401,3.46,-5.6,188.57,0.03,0.0,0.04,0.04,108415,999,3,0.4,0.11,0.01,-0.03,48,-106,167,0,2.82,-0.02,0.0095,0.0463,37.13,41.68,28.51
148.299,before,-16.799,52.1376921,21.1614845,86.66,52.1376963,21.1614853,28,0.48,1.446,255,0.0,0.5028,-0.0229,-0.0407,2.758,4.387,3.57,-5.55,188.34,0.03,0.0,0.05,0.01,108415,999,3,0.4,0.11,0.01,-0.03,48,77,274,0,2.81,-0.01,0.008,0.0455,33.8,36.96,26.46
148.399,before,-16.7,52.1376908,21.1614843,86.65,52.1376937,21.1614848,28,0.48,1.472,255,0.0,0.3353,0.0198,-0.0178,2.764,4.373,3.59,-5.67,188.02,0.01,0.0,0.06,0.01,108415,999,3,0.4,0.11,0.01,0.04,48,-23,-152,0,2.8,-0.04,0.0071,0.0443,34.77,33.5,25.61
148.499,before,-16.6,52.1376895,21.1614841,86.64,52.1376937,21.1614848,28,0.48,1.472,255,0.0,0.8383,0.0846,0.0493,2.774,4.364,4.1,-5.32,187.66,0.01,0.0,0.03,0.01,108415,999,3,0.4,0.11,0.01,0.04,48,-104,-83,0,2.8,-0.04,0.0054,0.0373,33.32,36.12,24.67
148.599,before,-16.5,52.1376881,21.1614838,86.63,52.1376911,21.1614843,29,0.48,1.451,255,0.0,0.3352,-0.0013,0.0322,2.79,4.355,4.23,-5.32,187.24,0.06,0.01,0.05,0.01,108415,999,3,0.4,0.11,-0.02,0.0,48,-46,3,0,2.78,-0.05,0.0106,0.0483,33.2,35.57,24.94
148.699,before,-16.399,52.1376868,21.1614836,86.62,52.1376911,21.1614843,29,0.48,1.451,255,0.0,0.3352,-0.0273,-0.009,2.816,4.346,4.04,-5.22,187.03,0.06,0.01,0.03,0.01,108415,999,3,0.4,0.11,-0.02,0.0,48,41,267,0,2.78,-0.08,0.0078,0.0388,32.76,37.32,25.08
148.799,before,-16.3,52.1376855,21.1614832,86.61,52.1376885,21.1614837,29,0.48,1.472,255,-0.1676,0.3353,-0.0195,0.0357,2.84,4.339,3.79,-5.08,187.02,0.02,0.0,0.04,0.01,108415,999,3,0.4,0.11,-0.02,0.06,48,76,-223,0,2.78,-0.1,0.0082,0.0371,31.71,38.81,24.22
148.899,before,-16.2,52.1376842,21.1614829,86.61,52.1376885,21.1614837,29,0.48,1.472,255,0.0,0.3353,-0.0218,0.0042,2.854,4.334,3.62,-4.9,187.13,0.02,0.0,0.04,0.01,108415,999,3,0.4,0.11,-0.02,0.06,48,34,-237,0,2.79,-0.12,0.0061,0.0325,31.81,38.26,24.95
148.999,before,-16.1,52.1376828,21.1614825,86.6,52.1376859,21.161483,29,0.49,1.506,255,0.0,0.6706,0.0329,-0.0458,2.886,4.329,3.85,-4.92,187.42,0.04,0.0,0.04,0.05,108415,999,3,0.4,0.11,0.0,0.11,48,-168,130,0,2.79,-0.13,0.0112,0.0344,31.03,38.7,24.11
149.099,before,-16.0,52.1376815,21.1614821,86.6,52.1376859,21.161483,29,0.49,1.506,255,-0.1676,0.6704,-0.1234,-0.008,2.874,4.325,3.33,-5.06,187.68,0.04,0.0,0.01,0.03,108415,999,3,0.4,0.11,0.0,0.11,48,10,-138,0,2.81,-0.14,0.0068,0.0224,34.12,37.17,24.22
149.199,before,-15.9,52.1376802,21.1614817,86.6,52.1376833,21.1614823,29,0.49,1.498,255,0.0,0.5029,0.0667,0.0388,2.874,4.321,3.44,-4.96,188.19,0.01,0.0,0.09,0.01,108415,999,3,0.4,0.11,-0.01,0.0,48,82,-189,0,2.81,-0.16,0.0057,0.0319,32.44,37.03,24.51
149.299,before,-15.8,52.1376789,21.1614813,86.59,52.1376833,21.1614823,29,0.49,1.498,255,0.0,0.3352,-0.0667,-0.1215,2.888,4.317,3.25,-5.51,188.89,0.01,0.0,0.01,0.04,108415,999,3,0.4,0.11,-0.01,0.0,48,0,-177,0,2.83,-0.12,0.003,0.0214,39.0,39.99,28.65
149.399,before,-15.7,52.1376776,21.1614809,86.59,52.1376807,21.1614815,29,0.49,1.453,255,0.0,0.3353,0.0291,-0.0121,2.892,4.311,3.02,-5.97,189.67,0.04,0.0,0.08,0.0,108415,999,3,0.4,0.11,-0.06,0.05,48,35,83,0,2.83,-0.13,0.0077,0.027,37.31,43.93,27.84
149.499,before,-15.599,52.1376763,21.1614806,86.58,52.1376807,21.1614815,29,0.49,1.453,255,0.1677,0.3353,0.0839,0.1025,2.874,4.302,3.33,-5.44,190.38,0.04,0.0,0.07,0.01,108415,999,3,0.4,0.11,-0.06,0.05,48,-83,-118,0,2.83,-0.14,0.0053,0.0288,37.98,40.65,27.64
149.599,before,-15.5,52.137675,21.1614803,86.57,52.1376781,21.1614809,29,0.49,1.431,255,0.1677,0.503,-0.0004,-0.1613,2.882,4.293,3.71,-5.72,191.0,0.03,0.01,0.07,0.0,108415,999,3,0.4,0.11,-0.04,-0.05,48,-174,-60,0,2.82,-0.14,0.0103,0.0309,39.24,43.49,29.91
149.699,before,-15.399,52.1376737,21.1614801,86.56,52.1376781,21.1614809,29,0.49,1.431,255,0.0,0.3354,-0.0774,0.098,2.876,4.281,3.45,-6.02,191.33,0.03,0.01,0.05,0.02,108415,999,3,0.4,0.11,-0.04,-0.05,48,-34,-257,0,2.83,-0.13,0.0074,0.0272,40.64,43.68,31.49
149.799,before,-15.3,52.1376723,21.1614799,86.55,52.1376755,21.1614804,29,0.49,1.568,255,0.1676,0.5028,0.1851,0.1384,2.888,4.272,3.86,-5.16,191.65,0.04,0.0,0.04,0.0,108415,999,3,0.4,0.11,0.1,0.06,48,-102,288,0,2.83,-0.13,0.0042,0.0218,40.36,42.0,30.29
149.899,before,-15.2,52.137671,21.1614798,86.54,52.1376755,21.1614804,29,0.49,1.568,255,0.3353,0.6707,0.056,-0.1005,2.914,4.268,4.77,-5.36,191.96,0.04,0.0,0.0,0.01,108415,999,3,0.4,0.11,0.1,0.06,48,250,190,0,2.84,-0.12,0.0027,0.0092,35.47,46.07,31.51
149.999,before,-15.1,52.1376697,21.1614796,86.54,52.1376728,21.16148,29,0.49,1.495,255,0.0,0.3352,-0.0216,-0.097,2.918,4.268,4.8,-6.03,192.22,0.04,0.0,0.01,0.01,108415,999,3,0.4,0.11,-0.01,-0.02,48,-84,-235,0,2.86,-0.11,0.0043,0.0063,37.35,48.27,30.72
150.099,before,-15.0,52.1376684,21.1614795,86.54,52.1376728,21.16148,29,0.49,1.495,255,0.0,0.3354,-0.0466,-0.0466,2.918,4.27,4.64,-6.31,192.22,0.04,0.0,0.03,0.01,108415,999,3,0.4,0.11,-0.01,-0.02,48,-83,94,0,2.87,-0.12,0.0034,0.0043,41.25,43.66,29.04
150.199,before,-14.9,52.1376672,21.1614794,86.54,52.1376701,21.1614798,29,0.49,1.497,255,0.3352,0.5028,0.0108,-0.1039,2.95,4.27,4.8,-6.98,192.04,0.01,0.0,0.0,0.0,108415,999,3,0.4,0.1,0.02,-0.01,48,-91,-71,0,2.88,-0.11,0.0044,0.0078,40.82,41.75,31.16
150.299,before,-14.799,52.1376659,21.1614793,86.54,52.1376701,21.1614798,29,0.49,1.497,255,0.1677,0.3353,0.0702,-0.0591,2.956,4.265,4.9,-7.29,191.8,0.01,0.0,0.09,0.0,108415,999,3,0.4,0.1,0.02,-0.01,48,-89,-86,0,2.88,-0.14,0.0036,0.0133,40.47,40.59,28.18
150.399,before,-14.7,52.1376646,21.1614791,86.53,52.1376675,21.1614796,29,0.49,1.494,255,0.1677,0.3353,0.0957,-0.0194,2.98,4.258,5.3,-7.5,191.39,0.02,0.0,0.02,0.0,108415,999,3,0.4,0.1,0.06,0.03,48,-140,-287,0,2.88,-0.14,0.0055,0.0109,38.22,40.93,29.77
150.499,before,-14.6,52.1376633,21.161479,86.53,52.1376675,21.1614796,29,0.49,1.494,255,0.0,0.1677,0.1362,-0.0241,2.988,4.252,6.08,-7.85,191.1,0.02,0.0,0.0,0.02,108415,999,3,0.4,0.1,0.06,0.03,48,-29,-253,0,2.91,-0.13,0.004,0.0056,43.85,42.95,30.79
150.599,before,-14.499,52.137662,21.1614788,86.52,52.1376648,21.1614794,29,0.49,1.499,255,0.1676,0.3353,0.005,0.0973,3.03,4.247,6.4,-7.18,191.05,0.04,0.01,0.04,0.02,108415,999,3,0.4,0.1,0.08,-0.04,48,363,223,0,2.91,-0.14,0.01,0.0112,37.87,40.63,27.88
150.699,before,-14.399,52.1376607,21.1614787,86.52,52.1376648,21.1614794,29,0.49,1.499,255,-0.1677,0.6707,-0.1399,-0.0562,3.03,4.244,5.87,-7.32,190.82,0.04,0.01,0.01,0.01,108415,999,3,0.4,0.1,0.08,-0.04,48,186,-125,0,2.92,-0.16,0.0075,0.0115,39.67,39.67,30.75
150.799,before,-14.3,52.1376593,21.1614784,86.51,52.1376621,21.1614789,29,0.49,1.505,255,0.0,0.6706,-0.0021,0.0233,3.03,4.236,5.45,-7.38,190.62,0.04,0.0,0.06,0.01,108415,999,3,0.41,0.09,0.0,0.09,48,5,-293,0,2.9,-0.19,0.0057,0.0124,39.74,42.53,30.02
150.899,before,-14.2,52.137658,21.1614782,86.5,52.1376621,21.1614789,29,0.49,1.505,255,0.0,0.3352,0.0225,-0.0378,3.022,4.223,5.68,-7.49,190.45,0.04,0.0,0.08,0.01,108415,999,3,0.41,0.09,0.0,0.09,48,-77,12,0,2.89,-0.2,0.005,0.0218,39.2,42.97,30.82
150.999,before,-14.1,52.1376567,21.161478,86.48,52.1376594,21.1614785,29,0.49,1.541,255,0.0,0.3352,0.0957,-0.1042,3.03,4.204,6.48,-7.7,190.19,0.01,0.0,0.07,0.02,108415,999,3,0.41,0.1,0.04,0.0,48,280,184,0,2.88,-0.21,0.0071,0.0284,36.69,44.64,32.41
151.099,before,-14.0,52.1376553,21.1614778,86.46,52.1376594,21.1614785,29,0.49,1.541,255,0.0,0.3352,-0.0768,-0.0053,3.052,4.18,6.38,-7.96,189.94,0.01,0.0,0.07,0.0,108415,999,3,0.41,0.1,0.04,0.0,48,50,-251,0,2.88,-0.21,0.0059,0.0285,38.44,41.71,28.01
151.199,before,-13.9,52.1376539,21.1614775,86.43,52.1376567,21.161478,29,0.49,1.536,255,0.0,0.3354,0.0818,-0.0179,3.052,4.153,6.32,-7.87,189.58,0.03,0.0,0.06,0.01,108415,999,3,0.41,0.1,0.04,0.05,48,65,-210,0,2.87,-0.24,0.0082,0.0316,39.34,42.09,30.23
151.299,before,-13.8,52.1376526,21.1614771,86.4,52.1376567,21.161478,29,0.49,1.536,255,0.0,0.8382,-0.1518,0.1066,3.034,4.127,6.26,-7.44,189.22,0.03,0.0,0.03,0.01,108415,999,3,0.41,0.1,0.04,0.05,48,-147,283,0,2.88,-0.23,0.005,0.0215,40.22,42.45,30.98
151.399,before,-13.699,52.1376512,21.1614768,86.37,52.137654,21.1614773,29,0.49,1.53,255,0.0,0.503,-0.0368,0.1671,3.038,4.099,5.76,-6.44,188.86,0.03,0.0,0.09,0.01,108415,999,3,0.41,0.1,0.0,0.07,48,150,-188,0,2.86,-0.24,0.0087,0.0323,38.69,38.96,30.29
151.499,before,-13.6,52.1376498,21.1614764,86.35,52.137654,21.1614773,29,0.49,1.53,255,0.0,0.503,0.0718,-0.0226,3.038,4.077,5.81,-6.03,188.6,0.03,0.0,0.05,0.01,108415,999,3,0.41,0.1,0.0,0.07,48,20,-188,0,2.85,-0.26,0.0058,0.0259,42.99,43.64,34.41
151.599,before,-13.499,52.1376484,21.1614761,86.33,52.1376513,21.1614766,29,0.49,1.555,255,0.0,0.6707,0.0431,-0.0389,3.044,4.06,5.67,-6.17,188.36,0.02,0.01,0.04,0.01,108415,999,3,0.41,0.1,0.02,0.04,48,57,-18,0,2.85,-0.26,0.0065,0.0197,46.98,48.01,35.82
151.699,before,-13.4,52.1376471,21.1614758,86.32,52.1376513,21.1614766,29,0.49,1.555,255,0.3352,0.3352,0.1936,-0.0386,3.042,4.046,6.41,-6.3,188.26,0.02,0.01,0.03,0.01,108415,999,3,0.41,0.1,0.02,0.04,48,-91,160,0,2.86,-0.24,0.0035,0.0128,49.53,53.08,38.6
151.799,before,-13.3,52.1376457,21.1614756,86.31,52.1376485,21.1614761,29,0.49,1.597,255,0.0,0.3352,0.0298,-0.0732,3.036,4.034,6.93,-7.04,188.25,0.06,0.0,0.06,0.03,108415,999,3,0.41,0.1,0.09,-0.13,48,17,-15,0,2.86,-0.25,0.0113,0.0186,46.19,52.01,35.68
151.899,before,-13.2,52.1376443,21.1614754,86.29,52.1376485,21.1614761,29,0.49,1.597,255,0.0,0.8383,0.0741,0.0749,3.048,4.018,7.22,-6.83,188.43,0.06,0.0,0.07,0.02,108415,999,3,0.41,0.1,0.09,-0.13,48,-102,-241,0,2.87,-0.23,0.0082,0.0192,45.55,45.56,31.29
151.999,before,-13.1,52.137643,21.1614752,86.28,52.1376457,21.1614757,29,0.49,1.527,255,0.1677,0.5031,-0.0238,0.0234,3.034,4.003,7.36,-6.75,188.7,0.04,0.0,0.06,0.03,108415,999,3,0.41,0.1,0.05,0.06,48,101,-40,0,2.87,-0.23,0.0066,0.0144,44.64,43.49,29.67
152.099,before,-13.0,52.1376416,21.1614749,86.27,52.1376457,21.1614757,29,0.49,1.527,255,0.0,0.3353,-0.0445,-0.0349,3.022,3.992,7.07,-6.59,188.83,0.04,0.0,0.02,0.02,108415,999,3,0.41,0.1,0.05,0.06,48,40,-78,0,2.88,-0.21,0.0041,0.0092,42.5,47.22,31.72
152.199,before,-12.9,52.1376402,21.1614746,86.26,52.137643,21.1614751,29,0.49,1.532,255,0.0,0.3353,-0.0673,-0.1011,3.028,3.983,6.56,-7.08,188.87,0.02,0.0,0.04,0.01,108415,999,3,0.41,0.1,0.05,0.03,48,35,-137,0,2.89,-0.21,0.0063,0.0123,46.03,47.59,34.33
152.299,before,-12.799,52.1376388,21.1614742,86.25,52.137643,21.1614751,29,0.49,1.532,255,0.0,0.503,0.0494,0.1575,3.022,3.976,6.72,-7.11,188.89,0.02,0.0,0.0,0.05,108415,999,3,0.41,0.1,0.05,0.03,48,27,-79,0,2.9,-0.19,0.0038,0.0108,44.4,50.88,37.27
152.399,before,-12.7,52.1376375,21.1614739,86.24,52.1376403,21.1614745,29,0.49,1.585,255,0.0,0.8383,0.0583,0.0145,2.998,3.97,6.97,-6.37,188.65,0.02,0.0,0.03,0.03,108415,999,3,0.41,0.1,0.06,0.04,48,-61,281,0,2.91,-0.18,0.0068,0.0132,43.3,46.95,32.61
152.499,before,-12.6,52.1376361,21.1614736,86.24,52.1376403,21.1614745,29,0.49,1.585,255,0.0,0.3353,-0.0043,-0.0001,3.0,3.964,7.05,-6.63,188.29,0.02,0.0,0.01,0.0,108415,999,3,0.41,0.1,0.06,0.04,48,106,-100,0,2.93,-0.13,0.0039,0.0126,48.61,48.78,35.4
152.599,before,-12.5,52.1376347,21.1614733,86.23,52.1376375,21.1614737,29,0.49,1.521,255,0.0,0.3353,-0.0339,0.0898,3.02,3.959,7.04,-6.42,187.88,0.04,0.0,0.04,0.03,108415,999,3,0.41,0.1,0.01,0.1,48,-36,3,0,2.93,-0.13,0.0101,0.0133,47.79,51.13,34.75
152.699,before,-12.399,52.1376334,21.1614729,86.23,52.1376375,21.1614737,29,0.49,1.521,255,0.0,0.6707,0.0904,-0.0219,3.018,3.959,6.99,-6.35,187.44,0.04,0.0,0.02,0.01,108415,999,3,0.41,0.1,0.01,0.1,48,-122,-29,0,2.94,-0.13,0.0077,0.0231,45.45,53.46,38.16
152.799,before,-12.3,52.1376321,21.1614726,86.23,52.1376348,21.1614729,29,0.49,1.559,255,0.1676,0.3353,0.1125,-0.0022,3.03,3.96,7.97,-6.37,187.42,0.06,0.0,0.02,0.04,108415,999,3,0.41,0.1,0.08,0.02,48,-83,-161,0,2.94,-0.14,0.0077,0.0117,46.55,54.32,36.3
152.899,before,-12.2,52.1376308,21.1614722,86.23,52.1376348,21.1614729,29,0.49,1.559,255,0.0,0.503,-0.1243,0.1207,3.022,3.956,7.95,-6.2,187.53,0.06,0.0,0.02,0.05,108415,999,3,0.41,0.1,0.08,0.02,48,-62,26,0,2.94,-0.13,0.0037,0.0096,42.48,50.41,31.2
152.999,before,-12.1,52.1376295,21.1614718,86.23,52.1376322,21.1614721,29,0.49,1.476,255,0.0,0.5029,-0.0689,0.3647,3.03,3.955,7.09,-4.84,187.52,0.06,0.0,0.01,0.03,108415,999,3,0.41,0.1,0.0,0.1,48,38,-191,0,2.96,-0.12,0.0107,0.0225,39.05,49.79,31.5
153.099,before,-12.0,52.1376282,21.1614713,86.24,52.1376322,21.1614721,29,0.49,1.476,255,-0.1676,0.5029,0.0025,0.1562,3.044,3.962,6.95,-3.38,187.46,0.06,0.0,0.0,0.0,108415,999,3,0.41,0.1,0.0,0.1,48,57,-251,0,2.97,-0.12,0.0074,0.022,40.52,48.14,32.41
153.199,before,-11.9,52.1376269,21.1614709,86.25,52.1376296,21.1614714,29,0.49,1.468,255,0.0,0.6704,-0.0337,0.1303,3.072,3.977,7.06,-2.72,187.27,0.08,0.0,0.01,0.0,108415,999,3,0.41,0.1,0.02,-0.07,48,-27,-215,0,3.01,-0.09,0.0115,0.0425,43.56,51.47,35.95
153.299,before,-11.8,52.1376257,21.1614705,86.27,52.1376296,21.1614714,29,0.49,1.468,255,0.0,1.006,-0.0111,0.2089,3.09,3.991,7.0,-1.64,187.01,0.08,0.0,0.02,0.01,108415,999,3,0.41,0.1,0.02,-0.07,48,61,-310,0,3.03,-0.1,0.0084,0.0328,43.72,50.69,34.35
153.399,before,-11.7,52.1376246,21.1614701,86.28,52.1376272,21.1614708,29,0.48,1.342,255,-0.1676,0.3353,-0.1786,0.0765,3.104,4.003,6.35,-0.65,186.61,0.04,0.0,0.02,0.02,108415,999,3,0.41,0.1,0.0,-0.02,48,72,-323,0,3.05,-0.1,0.0113,0.0349,39.72,49.04,31.76
153.499,before,-11.6,52.1376235,21.1614698,86.29,52.1376272,21.1614708,29,0.48,1.342,255,0.0,0.1677,-0.0146,-0.1061,3.114,4.014,5.88,-0.81,185.86,0.04,0.0,0.02,0.0,108415,999,3,0.41,0.1,0.0,-0.02,48,147,-98,0,3.07,-0.1,0.0086,0.0267,39.13,49.57,31.09
153.599,before,-11.5,52.1376225,21.1614695,86.29,52.1376249,21.16147,29,0.48,1.286,255,0.0,0.5028,0.0927,0.209,3.134,4.018,6.31,-0.37,185.07,0.08,0.01,0.01,0.01,108415,999,3,0.41,0.1,0.15,-0.02,48,-173,191,0,3.09,-0.11,0.0149,0.0354,39.94,43.26,28.88
153.699,before,-11.399,52.1376216,21.1614692,86.29,52.1376249,21.16147,29,0.48,1.286,255,0.0,0.5029,-0.026,0.3485,3.136,4.013,6.62,1.58,184.76,0.08,0.01,0.05,0.03,108415,999,3,0.41,0.1,0.15,-0.02,48,-70,-175,0,3.09,-0.1,0.0091,0.0189,36.55,39.08,23.23
153.799,before,-11.3,52.1376208,21.1614689,86.28,52.1376228,21.1614694,29,0.48,1.058,255,-0.3353,0.6707,-0.1583,0.1694,3.14,4.002,5.92,2.87,184.86,0.03,0.0,0.01,0.0,108415,999,3,0.41,0.1,0.05,-0.05,48,135,-64,0,3.09,-0.1,0.0119,0.023,36.8,42.56,24.43
153.899,before,-11.2,52.1376201,21.1614687,86.27,52.1376228,21.1614694,29,0.48,1.058,255,0.0,0.1676,0.0569,0.0431,3.126,3.99,5.83,3.24,185.26,0.03,0.0,0.0,0.03,108415,999,3,0.41,0.1,0.05,-0.05,48,-109,-14,0,3.09,-0.11,0.0085,0.0223,35.71,47.71,28.69
153.999,before,-11.1,52.1376195,21.1614685,86.25,52.1376213,21.1614688,29,0.48,0.761,255,0.0,0.3353,-0.023,-0.0023,3.136,3.977,6.13,3.44,185.69,0.03,0.0,0.04,0.02,108415,999,3,0.41,0.1,-0.06,0.06,48,142,57,0,3.07,-0.11,0.0048,0.0137,40.47,50.15,33.33
154.099,before,-11.0,52.1376191,21.1614683,86.24,52.1376213,21.1614688,29,0.48,0.761,255,-0.1677,0.0,-0.095,-0.1312,3.124,3.963,5.72,2.98,185.75,0.03,0.0,0.0,0.02,108415,999,3,0.41,0.1,-0.06,0.06,48,127,-103,0,3.07,-0.12,0.0046,0.0154,40.74,49.64,32.1
154.199,before,-10.9,52.1376188,21.1614681,86.22,52.1376201,21.1614683,29,0.48,0.581,255,0.0,0.0,0.0169,-0.1597,3.108,3.946,5.42,2.15,185.87,0.06,0.0,0.0,0.02,108415,999,3,0.41,0.12,0.04,0.02,48,-95,2,0,3.05,-0.14,0.0023,0.0067,41.05,49.44,30.8
154.299,before,-10.8,52.1376186,21.161468,86.21,52.1376201,21.1614683,29,0.48,0.581,255,0.0,0.0,-0.0171,-0.1608,3.094,3.933,5.67,1.21,186.04,0.06,0.0,0.01,0.02,108415,999,3,0.41,0.12,0.04,0.02,48,16,-117,0,3.06,-0.11,0.0014,0.0142,37.18,49.32,35.3
154.399,before,-10.7,52.1376184,21.1614678,86.19,52.1376194,21.1614679,29,0.48,0.312,255,0.1676,-0.1676,0.1988,-0.163,3.088,3.92,6.19,0.12,186.19,0.04,0.0,0.01,0.01,108415,999,3,0.41,0.13,0.01,0.0,48,60,-47,0,3.05,-0.12,0.0016,0.0109,42.88,57.1,34.82
154.499,before,-10.6,52.1376184,21.1614677,86.18,52.1376194,21.1614679,29,0.48,0.312,255,0.0,0.0,-0.0394,-0.1029,3.08,3.908,6.46,-0.61,186.33,0.04,0.0,0.02,0.02,108415,999,3,0.41,0.13,0.01,0.0,48,-98,92,0,3.05,-0.1,0.0021,0.0186,40.1,57.13,35.83
154.599,before,-10.5,52.1376183,21.1614676,86.17,52.137619,21.1614676,29,0.48,0.187,255,-0.1677,-0.3353,-0.0939,-0.1389,3.062,3.899,5.75,-1.41,186.26,0.04,0.0,0.01,0.02,108415,999,3,0.41,0.09,0.11,0.05,48,-3,-46,0,3.05,-0.1,0.0092,0.0223,36.3,44.91,30.74
154.699,before,-10.4,52.1376184,21.1614674,86.17,52.137619,21.1614676,29,0.48,0.187,255,0.0,-0.1677,-0.0726,-0.1307,3.056,3.891,5.16,-2.12,185.95,0.04,0.0,0.03,0.02,108415,999,3,0.41,0.09,0.11,0.05,48,-38,-46,0,3.04,-0.09,0.0049,0.0114,35.26,45.06,32.48
154.799,before,-10.3,52.1376184,21.1614673,86.16,52.137619,21.1614673,29,0.48,0.086,255,0.0,-0.1676,-0.007,-0.1635,3.056,3.884,5.39,-3.06,185.45,0.01,0.0,0.0,0.02,108415,999,3,0.41,0.09,0.03,0.0,48,-28,43,0,3.03,-0.09,0.0047,0.0107,39.13,48.45,30.47
154.899,before,-10.2,52.1376184,21.1614672,86.15,52.137619,21.1614673,29,0.48,0.086,255,0.0,-0.1677,0.0801,-0.1065,3.062,3.877,5.51,-3.84,184.92,0.01,0.0,0.0,0.0,108415,999,3,0.41,0.09,0.03,0.0,48,-105,15,0,3.03,-0.1,0.0022,0.01,39.7,51.3,30.26
154.999,before,-10.1,52.1376185,21.1614671,86.15,52.1376191,21.161467,29,0.48,0.152,255,0.0,-0.1676,-0.1285,-0.0483,3.058,3.872,5.03,-4.14,184.39,0.03,0.0,0.0,0.0,108415,999,3,0.41,0.1,-0.04,0.05,48,125,88,0,3.03,-0.09,0.0063,0.018,34.54,44.06,28.83
155.099,before,-10.0,52.1376186,21.161467,86.14,52.1376191,21.161467,29,0.48,0.152,255,0.0,0.0,0.1823,-0.1117,3.052,3.868,5.3,-4.65,183.81,0.03,0.0,0.02,0.0,108415,999,3,0.41,0.1,-0.04,0.05,48,2,-45,0,3.03,-0.1,0.0046,0.0123,35.57,47.43,27.33
155.199,before,-9.899,52.1376186,21.1614669,86.14,52.1376193,21.1614668,29,0.48,0.094,255,0.1676,0.0,0.1265,0.0111,3.06,3.865,6.47,-4.8,183.18,0.03,0.0,0.0,0.01,108415,999,3,0.41,0.08,0.05,0.06,48,119,-92,0,3.03,-0.1,0.0068,0.0166,35.38,52.6,28.07
155.299,before,-9.8,52.1376186,21.1614668,86.13,52.1376193,21.1614668,29,0.48,0.094,255,-0.1677,-0.1677,-0.044,-0.0006,3.056,3.856,6.51,-4.89,182.38,0.03,0.0,0.05,0.03,108415,999,3,0.41,0.08,0.05,0.06,48,185,74,0,3.02,-0.1,0.0032,0.0057,32.22,41.61,26.6
155.399,before,-9.7,52.1376186,21.1614666,86.12,52.1376194,21.1614664,29,0.48,0.127,255,-0.1676,0.0,-0.078,0.0948,3.058,3.844,6.03,-4.55,181.75,0.03,0.0,0.03,0.17,108415,999,3,0.41,0.13,0.05,0.03,48,-55,7,0,3.0,-0.12,0.0056,0.013,34.39,43.08,24.87
155.499,before,-9.6,52.1376186,21.1614663,86.11,52.1376194,21.1614664,29,0.48,0.127,255,-0.1677,0.1677,-0.2208,0.0405,3.046,3.831,5.34,-4.0,181.05,0.03,0.0,0.02,0.12,108415,999,3,0.41,0.13,0.05,0.03,48,-90,56,0,2.99,-0.12,0.0029,0.0102,33.58,41.61,25.34
155.599,before,-9.5,52.1376186,21.161466,86.09,52.1376193,21.1614659,29,0.48,0.221,255,0.0,0.0,-0.0275,-0.0467,3.02,3.819,4.43,-4.2,180.27,0.04,0.0,0.05,0.19,108415,999,3,0.41,0.07,0.1,0.07,48,320,36,0,2.98,-0.13,0.0115,0.0195,35.66,43.24,25.0
155.699,before,-9.4,52.1376186,21.1614657,86.08,52.1376193,21.1614659,29,0.48,0.221,255,0.0,0.0,-0.0463,0.0276,3.018,3.808,4.46,-4.22,179.77,0.04,0.0,0.03,0.23,108415,999,3,0.41,0.07,0.1,0.07,48,-159,37,0,2.97,-0.12,0.0065,0.015,42.04,53.54,29.14
155.799,before,-9.299,52.1376186,21.1614654,86.08,52.1376193,21.1614653,29,0.48,0.211,255,-0.3353,0.0,-0.3817,0.0059,3.0,3.8,2.77,-3.88,179.55,0.06,0.0,0.02,0.22,108415,999,3,0.41,0.1,0.0,0.03,48,143,-72,0,2.98,-0.11,0.0061,0.0103,35.37,48.35,26.27
155.899,before,-9.2,52.1376186,21.1614651,86.07,52.1376193,21.1614653,29,0.48,0.211,255,0.0,0.0,0.1001,-0.0504,3.012,3.799,2.35,-4.19,179.37,0.06,0.0,0.03,0.08,108415,999,3,0.41,0.1,0.0,0.03,48,-304,59,0,2.97,-0.1,0.0022,0.0056,34.85,49.58,28.84
155.999,before,-9.1,52.1376186,21.1614648,86.08,52.1376193,21.1614647,29,0.48,0.206,255,0.0,-0.1676,0.0248,0.0075,3.024,3.8,2.66,-4.29,179.48,0.04,0.0,0.0,0.0,108415,999,3,0.41,0.1,0.08,0.02,48,4,21,0,2.99,-0.1,0.0067,0.012,42.84,57.22,31.17
156.099,before,-9.0,52.1376186,21.1614647,86.08,52.1376193,21.1614647,29,0.48,0.206,255,-0.1677,0.0,-0.0221,0.0275,3.028,3.805,2.48,-4.22,179.8,0.04,0.0,0.06,0.02,108415,999,3,0.41,0.1,0.08,0.02,48,85,1,0,3.01,-0.1,0.0057,0.0249,39.63,51.46,29.27
156.199,before,-8.9,52.1376186,21.1614646,86.09,52.1376194,21.1614643,29,0.48,0.157,255,0.1676,0.0,0.0665,0.0282,3.036,3.815,2.63,-4.03,180.11,0.03,0.0,0.02,0.02,108415,999,3,0.41,0.12,-0.08,0.01,48,-23,-24,0,3.03,-0.07,0.009,0.0301,40.9,51.75,30.25
156.299,before,-8.8,52.1376186,21.1614646,86.1,52.1376194,21.1614643,29,0.48,0.157,255,0.0,-0.1677,0.0324,-0.0352,3.034,3.825,2.81,-4.11,180.24,0.03,0.0,0.0,0.04,108415,999,3,0.41,0.12,-0.08,0.01,48,-58,39,0,3.03,-0.08,0.0077,0.0256,36.86,50.68,28.77
156.399,before,-8.7,52.1376187,21.1614646,86.11,52.1376195,21.1614642,29,0.48,0.034,255,0.0,-0.1677,0.0399,-0.0537,3.046,3.833,2.96,-4.5,180.22,0.0,0.0,0.01,0.08,108415,999,3,0.41,0.12,0.0,0.0,48,-36,83,0,3.05,-0.07,0.0073,0.0257,35.14,47.3,29.04
156.499,before,-8.6,52.1376187,21.1614648,86.12,52.1376195,21.1614642,29,0.48,0.034,255,0.1676,0.0,0.1481,0.0607,3.048,3.843,3.82,-4.49,180.17,0.0,0.0,0.05,0.02,108415,999,3,0.41,0.12,0.0,0.0,48,15,81,0,3.06,-0.05,0.0078,0.033,37.77,49.69,28.11
156.599,before,-8.499,52.1376187,21.161465,86.13,52.1376196,21.1614644,29,0.48,0.128,255,0.3353,0.0,0.1009,0.0482,3.05,3.853,4.49,-4.15,179.86,0.01,0.0,0.01,0.02,108415,999,3,0.41,0.09,0.01,0.0,48,-23,105,0,3.08,-0.04,0.0065,0.0313,35.31,50.25,28.95
156.699,before,-8.399,52.1376187,21.1614653,86.14,52.1376196,21.1614644,29,0.48,0.128,255,0.1677,0.0,0.1229,0.0118,3.074,3.862,5.34,-4.07,179.35,0.01,0.0,0.04,0.01,108415,999,3,0.41,0.09,0.01,0.0,48,-27,9,0,3.09,-0.03,0.0069,0.0341,34.9,47.0,26.66
156.799,before,-8.3,52.1376187,21.1614655,86.14,52.1376195,21.1614648,29,0.48,0.156,255,0.1676,0.0,0.1821,-0.041,3.09,3.87,6.22,-4.38,178.84,0.03,0.0,0.0,0.06,108415,999,3,0.41,0.08,0.09,0.0,48,-19,52,0,3.09,-0.02,0.0069,0.0275,37.45,50.6,28.89
156.899,before,-8.2,52.1376187,21.1614658,86.15,52.1376195,21.1614648,29,0.48,0.156,255,0.0,0.1676,-0.0464,0.0654,3.092,3.871,6.39,-4.12,178.41,0.03,0.0,0.0,0.04,108415,999,3,0.41,0.08,0.09,0.0,48,38,-17,0,3.09,-0.05,0.0045,0.0195,31.42,41.32,25.46
156.999,before,-8.1,52.1376186,21.161466,86.14,52.1376195,21.1614652,29,0.48,0.155,255,0.0,0.0,0.0525,-0.0335,3.092,3.867,6.45,-4.01,178.05,0.03,0.0,0.03,0.06,108415,999,3,0.41,0.1,0.06,0.04,48,-66,-61,0,3.08,-0.07,0.0053,0.009,32.94,38.88,24.45
157.099,before,-8.0,52.1376186,21.1614662,86.13,52.1376195,21.1614652,29,0.48,0.155,255,0.1677,0.0,0.0954,0.0937,3.096,3.859,6.86,-3.83,177.65,0.03,0.0,0.02,0.06,108415,999,3,0.41,0.1,0.06,0.04,48,-99,-9,0,3.08,-0.08,0.0027,0.0114,34.86,43.61,27.96
157.199,before,-7.9,52.1376186,21.1614664,86.12,52.1376193,21.1614656,29,0.48,0.153,255,-0.1677,0.1677,-0.3921,0.159,3.082,3.847,5.77,-2.88,177.1,0.02,0.0,0.03,0.05,108415,999,3,0.41,0.09,0.02,0.05,48,89,-23,0,3.07,-0.08,0.0042,0.0069,36.53,45.02,30.05
157.299,before,-7.8,52.1376186,21.1614665,86.11,52.1376193,21.1614656,29,0.48,0.153,255,0.0,0.1677,0.1699,0.0194,3.066,3.84,5.68,-2.24,176.48,0.02,0.0,0.0,0.11,108415,999,3,0.41,0.09,0.02,0.05,48,-55,32,0,3.06,-0.09,0.001,0.0033,34.28,46.32,26.83
157.399,before,-7.7,52.1376186,21.1614667,86.11,52.1376192,21.161466,29,0.48,0.138,255,0.1677,0.0,0.0554,-0.0574,3.062,3.837,6.32,-2.3,175.77,0.01,0.0,0.0,0.05,108415,999,3,0.41,0.08,0.03,0.0,48,-123,18,0,3.05,-0.07,0.0022,0.0055,42.55,53.11,33.79
157.499,before,-7.6,52.1376185,21.1614668,86.12,52.1376192,21.161466,29,0.48,0.138,255,0.0,0.0,-0.0214,-0.1167,3.074,3.84,6.24,-2.79,175.12,0.01,0.0,0.06,0.05,108415,999,3,0.41,0.08,0.03,0.0,48,-84,70,0,3.07,-0.05,0.0034,0.0204,42.32,57.0,32.32
157.599,before,-7.5,52.1376185,21.1614669,86.13,52.1376192,21.1614663,29,0.48,0.099,255,0.0,0.0,0.0153,-0.0972,3.072,3.851,6.28,-3.35,174.5,0.02,0.0,0.06,0.06,108415,999,3,0.41,0.09,0.05,0.04,48,-13,-34,0,3.09,-0.03,0.0072,0.0339,37.32,51.42,32.24
157.699,before,-7.4,52.1376185,21.161467,86.15,52.1376192,21.1614663,29,0.48,0.099,255,0.0,0.0,-0.0498,0.0689,3.078,3.87,6.14,-3.22,173.73,0.02,0.0,0.12,0.02,108415,999,3,0.41,0.09,0.05,0.04,48,-53,51,0,3.13,0.0,0.0091,0.0529,42.19,47.56,30.33
157.799,before,-7.3,52.1376185,21.1614671,86.17,52.1376191,21.1614665,29,0.48,0.056,255,0.0,0.0,0.0753,-0.0255,3.08,3.894,6.43,-3.05,172.92,0.02,0.0,0.1,0.05,108415,999,3,0.41,0.08,-0.03,0.03,48,-22,108,0,3.16,0.02,0.0111,0.0613,38.46,41.54,26.02
157.899,before,-7.2,52.1376185,21.1614671,86.19,52.1376191,21.1614665,29,0.48,0.056,255,0.0,0.0,-0.1032,0.0812,3.072,3.92,6.14,-2.76,172.4,0.02,0.0,0.13,0.02,108415,999,3,0.41,0.08,-0.03,0.03,48,-5,-12,0,3.2,0.06,0.0129,0.0738,39.58,44.52,26.64
157.999,before,-7.1,52.1376185,21.1614672,86.22,52.1376191,21.1614666,29,0.48,0.079,255,0.1677,0.0,0.1093,0.0586,3.066,3.942,6.49,-2.43,172.08,0.03,0.0,0.01,0.02,108415,999,3,0.41,0.09,0.09,0.02,48,-88,-45,0,3.21,0.06,0.0093,0.0533,34.15,41.81,24.27
158.099,before,-7.0,52.1376185,21.1614672,86.23,52.1376191,21.1614666,29,0.48,0.079,255,0.0,0.0,-0.0042,-0.0071,3.058,3.958,6.7,-2.43,171.83,0.03,0.0,0.01,0.09,108415,999,3,0.41,0.09,0.09,0.02,48,-60,9,0,3.21,0.07,0.006,0.0382,39.55,44.84,26.77
158.199,before,-6.899,52.1376184,21.1614672,86.24,52.137619,21.1614667,29,0.48,0.022,255,0.0,0.0,-0.0736,-0.022,3.052,3.969,6.47,-2.39,171.61,0.01,0.0,0.04,0.02,108415,999,3,0.41,0.12,0.05,0.0,48,19,-27,0,3.21,0.09,0.0064,0.0336,39.53,42.74,26.72
158.299,before,-6.8,52.1376184,21.1614672,86.25,52.137619,21.1614667,29,0.48,0.022,255,0.0,0.0,0.0268,-0.0293,3.044,3.978,6.47,-2.49,171.4,0.01,0.0,0.03,0.05,108415,999,3,0.41,0.12,0.05,0.0,48,-32,23,0,3.21,0.1,0.005,0.0287,36.79,44.17,26.28
158.399,before,-6.7,52.1376184,21.1614672,86.26,52.1376191,21.1614667,29,0.48,0.087,255,0.0,0.0,-0.1205,-0.0335,3.032,3.984,6.13,-2.65,171.22,0.03,0.0,0.03,0.02,108415,999,3,0.41,0.12,-0.05,-0.01,48,88,34,0,3.21,0.1,0.0058,0.0196,39.52,46.52,27.0
158.499,before,-6.6,52.1376185,21.1614672,86.26,52.1376191,21.1614667,29,0.48,0.087,255,-0.1677,0.0,-0.0556,-0.0466,3.028,3.988,5.72,-2.75,170.99,0.03,0.0,0.02,0.02,108415,999,3,0.41,0.12,-0.05,-0.01,48,-215,-135,0,3.21,0.11,0.006,0.0157,37.86,44.59,27.21
158.599,before,-6.5,52.1376186,21.1614671,86.27,52.1376192,21.1614667,29,0.48,0.076,255,0.0,0.0,-0.0433,0.0089,3.016,3.992,5.75,-2.89,170.78,0.02,0.0,0.04,0.02,108415,999,3,0.41,0.12,0.02,0.01,48,-129,-71,0,3.2,0.11,0.0027,0.0125,44.24,47.24,28.5
158.699,before,-6.4,52.1376186,21.1614671,86.27,52.1376192,21.1614667,29,0.48,0.076,255,0.0,-0.1677,-0.0476,-0.0747,3.006,3.999,5.34,-2.95,170.43,0.02,0.0,0.08,0.04,108415,999,3,0.41,0.12,0.02,0.01,48,61,-2,0,3.22,0.13,0.0046,0.0236,43.1,48.53,27.72
158.799,before,-6.299,52.1376187,21.1614671,86.28,52.1376193,21.1614666,29,0.48,0.088,255,0.0,-0.1677,0.0741,-0.0711,2.99,4.006,5.82,-3.57,170.2,0.06,0.0,0.04,0.04,108415,999,3,0.41,0.12,0.03,-0.03,48,-50,-24,0,3.21,0.13,0.0054,0.0103,43.58,48.98,27.15
158.899,before,-6.2,52.1376187,21.161467,86.29,52.1376193,21.1614666,29,0.48,0.088,255,0.0,0.0,-0.1205,0.003,2.98,4.011,5.47,-3.72,170.0,0.06,0.0,0.04,0.03,108415,999,3,0.41,0.12,0.03,-0.03,48,-15,64,0,3.21,0.14,0.0048,0.013,39.12,48.51,27.66
158.999,before,-6.1,52.1376188,21.161467,86.3,52.1376195,21.1614665,29,0.48,0.086,255,0.0,0.0,0.0077,0.0084,2.962,4.023,5.01,-3.67,169.7,0.04,0.0,0.08,0.03,108415,999,3,0.41,0.1,-0.01,0.0,48,-5,16,0,3.24,0.18,0.0072,0.0305,39.26,44.89,26.89
159.099,before,-6.0,52.1376188,21.1614669,86.32,52.1376195,21.1614665,29,0.48,0.086,255,0.0,0.0,-0.0891,-0.0132,2.96,4.044,5.0,-3.64,169.33,0.04,0.0,0.1,0.02,108415,999,3,0.41,0.1,-0.01,0.0,48,-28,2,0,3.26,0.23,0.0088,0.0412,36.75,41.2,27.12
159.199,before,-5.9,52.1376188,21.1614669,86.35,52.1376195,21.1614665,29,0.48,0.049,255,-0.1676,0.0,-0.1057,0.1154,2.95,4.075,4.34,-3.19,168.98,0.02,0.0,0.14,0.03,108415,999,3,0.41,0.08,-0.02,0.04,48,-11,-49,0,3.3,0.26,0.0107,0.0564,36.57,41.48,25.57
159.299,before,-5.8,52.1376188,21.1614669,86.39,52.1376195,21.1614665,29,0.48,0.049,255,0.1677,0.0,0.1804,0.1122,2.956,4.114,4.65,-2.44,168.76,0.02,0.0,0.17,0.03,108415,999,3,0.41,0.08,-0.02,0.04,48,-20,63,0,3.34,0.32,0.0134,0.0742,34.21,37.83,22.51
159.399,before,-5.7,52.1376188,21.1614669,86.43,52.1376195,21.1614665,29,0.48,0.026,255,0.3353,0.0,0.265,0.0522,2.972,4.159,6.31,-2.18,168.52,0.05,0.0,0.22,0.02,108415,999,3,0.41,0.13,0.01,0.0,48,-19,7,0,3.4,0.37,0.013,0.0875,34.3,35.97,22.73
159.499,before,-5.6,52.1376188,21.1614669,86.47,52.1376195,21.1614665,29,0.48,0.026,255,0.0,0.0,-0.1407,-0.1221,2.96,4.199,6.25,-2.3,168.22,0.05,0.0,0.14,0.03,108415,999,3,0.41,0.13,0.01,0.0,48,212,6,0,3.44,0.36,0.0138,0.0869,33.49,37.88,21.98
159.599,before,-5.5,52.1376188,21.161467,86.51,52.1376195,21.1614665,29,0.48,0.022,255,0.0,0.0,-0.0665,0.0159,2.946,4.231,5.92,-2.5,167.72,0.01,0.0,0.0,0.08,108415,999,3,0.41,0.13,0.0,0.0,48,-77,-46,0,3.43,0.4,0.0072,0.0479,29.4,33.43,20.82
159.699,before,-5.399,52.1376188,21.161467,86.52,52.1376195,21.1614665,29,0.48,0.022,255,0.0,0.0,0.0307,0.0356,2.934,4.247,6.16,-2.26,167.53,0.01,0.0,0.05,0.03,108415,999,3,0.41,0.13,0.0,0.0,48,15,-53,0,3.4,0.39,0.0037,0.0098,32.86,40.58,23.61
159.799,before,-5.3,52.1376187,21.161467,86.53,52.1376194,21.1614664,29,0.48,0.077,255,0.0,0.0,-0.143,0.0494,2.92,4.251,5.6,-1.86,167.73,0.03,0.0,0.03,0.03,108415,999,3,0.4,0.12,0.0,0.1,48,53,-69,0,3.37,0.37,0.0076,0.0169,34.2,43.16,25.56
159.899,before,-5.2,52.1376187,21.1614669,86.52,52.1376194,21.1614664,29,0.48,0.077,255,0.0,0.0,-0.0216,-0.0976,2.91,4.249,5.33,-1.9,167.84,0.03,0.0,0.03,0.03,108415,999,3,0.4,0.12,0.0,0.1,48,-84,-45,0,3.34,0.36,0.0071,0.0304,36.1,45.93,26.01
159.999,before,-5.1,52.1376187,21.1614669,86.53,52.1376195,21.1614665,29,0.48,0.114,255,0.1677,0.0,0.0362,0.1245,2.9,4.25,5.62,-1.89,167.76,0.04,0.0,0.04,0.03,108415,999,3,0.4,0.1,-0.1,-0.05,48,-53,82,0,3.34,0.36,0.0124,0.0266,40.7,50.38,28.78
160.099,before,-5.0,52.1376188,21.161467,86.54,52.1376195,21.1614665,29,0.48,0.114,255,0.0,0.0,0.0564,-0.0364,2.904,4.261,5.72,-1.55,167.56,0.04,0.0,0.1,0.04,108415,999,3,0.4,0.1,-0.1,-0.05,48,8,41,0,3.36,0.39,0.0092,0.0116,37.93,44.25,26.07
160.199,before,-4.9,52.1376188,21.161467,86.55,52.1376195,21.1614666,29,0.48,0.042,255,0.0,-0.1676,-0.0059,-0.1524,2.884,4.278,5.86,-2.19,167.26,0.08,0.0,0.14,0.03,108415,999,3,0.4,0.14,0.0,0.02,48,-12,108,0,3.39,0.39,0.0069,0.0116,41.18,47.03,27.59
160.299,before,-4.8,52.1376188,21.161467,86.57,52.1376195,21.1614666,29,0.48,0.042,255,0.1677,0.0,0.0579,-0.0065,2.874,4.299,6.15,-2.44,166.95,0.08,0.0,0.08,0.03,108415,999,3,0.4,0.14,0.0,0.02,48,-74,91,0,3.4,0.45,0.0054,0.0184,42.97,49.41,28.46
160.399,before,-4.7,52.1376189,21.161467,86.6,52.1376196,21.1614667,29,0.48,0.099,255,0.0,0.0,0.0805,-0.0235,2.862,4.325,6.58,-2.4,166.73,0.03,0.0,0.1,0.04,108415,999,3,0.4,0.08,0.0,-0.02,48,58,5,0,3.42,0.48,0.0051,0.0222,41.33,48.58,28.46
160.499,before,-4.6,52.1376189,21.1614672,86.63,52.1376196,21.1614667,29,0.48,0.099,255,0.1677,-0.1677,0.0542,-0.1186,2.862,4.353,6.83,-2.91,166.46,0.03,0.0,0.09,0.03,108415,999,3,0.4,0.08,0.0,-0.02,48,121,-231,0,3.44,0.52,0.0056,0.0282,40.5,51.49,29.57
160.599,before,-4.499,52.137619,21.1614673,86.65,52.1376197,21.161467,29,0.48,0.131,255,0.1677,0.0,0.0382,0.0755,2.856,4.378,7.17,-2.9,166.1,0.07,0.0,0.02,0.05,108415,999,3,0.4,0.11,-0.04,-0.03,48,-86,131,0,3.43,0.53,0.0097,0.0118,42.01,48.5,29.28
160.699,before,-4.399,52.1376191,21.1614674,86.67,52.1376197,21.161467,29,0.48,0.131,255,0.0,0.1677,0.0323,0.1228,2.85,4.398,7.35,-2.13,165.76,0.07,0.0,0.07,0.03,108415,999,3,0.4,0.11,-0.04,-0.03,48,114,-86,0,3.45,0.54,0.0071,0.0107,37.74,45.7,27.3
160.799,before,-4.3,52.1376191,21.1614676,86.69,52.1376198,21.1614673,29,0.48,0.138,255,0.1676,0.0,-0.0144,-0.063,2.844,4.418,7.27,-2.03,165.33,0.05,0.0,0.07,0.02,108415,999,3,0.4,0.09,-0.01,-0.02,48,125,109,0,3.46,0.55,0.0082,0.0109,34.79,41.72,25.38
160.899,before,-4.2,52.1376191,21.1614677,86.71,52.1376198,21.1614673,29,0.48,0.138,255,0.1677,0.0,0.0218,0.0196,2.84,4.434,7.7,-2.23,164.93,0.05,0.0,0.01,0.02,108415,999,3,0.4,0.09,-0.01,-0.02,48,-100,106,0,3.44,0.54,0.0073,0.0176,40.54,46.37,26.82
160.999,before,-4.1,52.1376192,21.1614677,86.72,52.1376199,21.1614675,29,0.48,0.042,255,0.1677,0.1677,-0.0101,-0.012,2.84,4.447,7.67,-2.06,164.7,0.02,0.0,0.04,0.02,108415,999,3,0.4,0.07,0.03,0.03,48,-14,-28,0,3.45,0.55,0.0042,0.0138,38.21,41.95,25.79
161.099,before,-4.0,52.1376192,21.1614678,86.73,52.1376199,21.1614675,29,0.48,0.042,255,-0.1677,0.0,-0.1073,-0.0417,2.83,4.459,7.05,-2.06,164.4,0.02,0.0,0.01,0.02,108415,999,3,0.4,0.07,0.03,0.03,48,94,-156,0,3.45,0.56,0.0048,0.0225,39.1,44.08,25.33
161.199,before,-3.9,52.1376193,21.1614678,86.74,52.13762,21.1614676,28,0.48,0.117,255,0.0,0.0,0.0046,-0.1039,2.818,4.468,6.92,-2.51,163.96,0.05,0.0,0.02,0.02,108415,999,3,0.4,0.08,-0.07,-0.04,48,39,116,0,3.43,0.54,0.0115,0.0399,35.08,43.88,26.85
161.299,before,-3.8,52.1376193,21.1614678,86.75,52.13762,21.1614676,28,0.48,0.117,255,0.0,-0.1676,-0.044,-0.0594,2.834,4.48,6.8,-3.2,163.67,0.05,0.0,0.07,0.02,108415,999,3,0.4,0.08,-0.07,-0.04,48,31,16,0,3.44,0.56,0.007,0.0212,40.02,48.59,28.7
161.399,before,-3.7,52.1376194,21.1614678,86.77,52.1376201,21.1614677,28,0.48,0.05,255,-0.1677,0.1677,0.0026,0.1309,2.844,4.497,6.65,-2.65,163.5,0.04,0.0,0.05,0.03,108415,999,3,0.4,0.08,-0.02,-0.02,48,43,-88,0,3.46,0.57,0.009,0.0194,40.28,46.66,27.37
161.499,before,-3.6,52.1376194,21.1614678,86.8,52.1376201,21.1614677,28,0.48,0.05,255,-0.1677,0.0,-0.0196,-0.1128,2.838,4.521,6.64,-2.78,163.33,0.04,0.0,0.12,0.02,108415,999,3,0.4,0.08,-0.02,-0.02,48,162,40,0,3.5,0.56,0.0059,0.0144,38.76,45.08,26.27
161.599,before,-3.5,52.1376195,21.1614678,86.83,52.1376202,21.1614677,29,0.48,0.027,255,0.0,-0.1676,0.0556,0.0005,2.844,4.551,6.66,-3.16,163.06,0.05,0.0,0.08,0.02,108415,999,3,0.4,0.08,-0.02,-0.03,48,-3,102,0,3.51,0.63,0.0082,0.0146,38.36,42.95,26.89
161.699,before,-3.4,52.1376195,21.1614677,86.85,52.1376202,21.1614677,29,0.48,0.027,255,0.0,0.1677,-0.0299,0.0694,2.854,4.579,6.57,-2.58,162.8,0.05,0.0,0.1,0.03,108415,999,3,0.4,0.08,-0.02,-0.03,48,-15,-73,0,3.54,0.64,0.0062,0.0221,35.88,40.33,26.0
161.799,before,-3.3,52.1376195,21.1614677,86.88,52.1376202,21.1614676,28,0.48,0.05,255,0.0,0.0,-0.0828,-0.0018,2.844,4.605,6.5,-2.44,162.54,0.03,0.0,0.03,0.03,108415,999,3,0.4,0.1,0.01,-0.02,48,-1,151,0,3.55,0.65,0.0054,0.0106,35.99,39.12,23.89
161.899,before,-3.2,52.1376195,21.1614676,86.9,52.1376202,21.1614676,28,0.48,0.05,255,-0.1676,0.0,0.0035,-0.0619,2.842,4.625,6.2,-2.81,162.32,0.03,0.0,0.02,0.02,108415,999,3,0.4,0.1,0.01,-0.02,48,127,63,0,3.54,0.64,0.0046,0.0138,34.6,41.47,24.4
161.999,before,-3.1,52.1376195,21.1614676,86.91,52.1376202,21.1614675,29,0.48,0.052,255,0.0,0.0,0.0539,0.0014,2.845,4.634,6.34,-2.9,162.24,0.06,0.0,0.03,0.02,108415,999,3,0.4,0.11,-0.04,-0.03,48,21,24,0,3.52,0.61,0.0104,0.038,34.55,41.08,25.08
162.099,before,-3.0,52.1376195,21.1614675,86.91,52.1376202,21.1614675,29,0.48,0.052,255,0.0,0.0,-0.1026,0.0502,2.844,4.64,6.11,-2.67,162.21,0.06,0.0,0.01,0.02,108415,999,3,0.4,0.11,-0.04,-0.03,48,14,-13,0,3.53,0.61,0.0072,0.0315,35.82,42.07,24.81
162.199,before,-2.9,52.1376195,21.1614674,86.92,52.1376203,21.1614673,28,0.48,0.057,255,0.0,0.0,-0.0074,-0.0412,2.836,4.648,5.88,-2.72,162.05,0.04,0.0,0.03,0.05,108415,999,3,0.4,0.12,-0.04,-0.01,48,-93,162,0,3.53,0.62,0.0093,0.0312,34.17,40.24,23.62
162.299,before,-2.8,52.1376195,21.1614674,86.93,52.1376203,21.1614673,28,0.48,0.057,255,0.0,0.0,0.0388,0.0416,2.84,4.653,5.82,-2.81,161.96,0.04,0.0,0.03,0.02,108415,999,3,0.4,0.12,-0.04,-0.01,48,39,50,0,3.52,0.62,0.0079,0.0373,36.5,43.62,27.27
162.399,before,-2.699,52.1376195,21.1614674,86.93,52.1376203,21.1614673,29,0.48,0.017,255,0.0,0.0,-0.0247,-0.0188,2.842,4.658,5.83,-2.56,161.9,0.03,0.0,0.0,0.02,108415,999,3,0.4,0.14,-0.04,-0.07,48,2,90,0,3.51,0.61,0.0112,0.0385,36.33,41.98,26.64
162.499,before,-2.6,52.1376195,21.1614673,86.94,52.1376203,21.1614673,29,0.48,0.017,255,0.0,-0.1676,-0.0245,-0.0135,2.842,4.666,5.82,-2.7,161.7,0.03,0.0,0.01,0.02,108415,999,3,0.4,0.14,-0.04,-0.07,48,12,25,0,3.52,0.62,0.0071,0.0289,33.45,41.5,27.04
162.599,before,-2.5,52.1376195,21.1614673,86.95,52.1376203,21.1614673,29,0.48,0.038,255,0.0,0.0,-0.024,-0.057,2.838,4.675,6.01,-3.03,161.36,0.06,0.0,0.01,0.05,108415,999,3,0.4,0.14,0.0,-0.01,48,126,-84,0,3.52,0.62,0.0094,0.036,36.87,41.3,26.47
162.699,before,-2.4,52.1376195,21.1614674,86.96,52.1376203,21.1614673,29,0.48,0.038,255,0.0,0.0,0.0333,0.0067,2.842,4.682,6.02,-3.21,160.93,0.06,0.0,0.0,0.02,108415,999,3,0.4,0.14,0.0,-0.01,48,16,29,0,3.52,0.62,0.0063,0.0292,34.4,43.67,27.32
162.799,before,-2.3,52.1376195,21.1614674,86.96,52.1376202,21.1614673,29,0.48,0.067,255,0.0,0.0,0.038,0.0711,2.846,4.685,6.2,-2.64,160.43,0.03,0.0,0.05,0.03,108415,999,3,0.4,0.08,0.01,0.0,48,-21,-82,0,3.5,0.59,0.0094,0.0462,34.4,43.8,25.12
162.899,before,-2.2,52.1376194,21.1614675,86.96,52.1376202,21.1614673,29,0.48,0.067,255,0.0,0.0,0.0705,0.0687,2.84,4.688,6.51,-2.26,159.97,0.03,0.0,0.01,0.02,108415,999,3,0.4,0.08,0.01,0.0,48,-65,-73,0,3.51,0.6,0.0059,0.0334,34.23,43.96,24.66
162.999,before,-2.1,52.1376193,21.1614676,86.97,52.1376201,21.1614673,29,0.48,0.112,255,0.0,0.3353,-0.0267,0.2215,2.834,4.691,6.78,-1.22,159.58,0.02,0.0,0.02,0.02,108415,999,3,0.4,0.08,-0.03,-0.03,48,53,32,0,3.51,0.6,0.0076,0.037,35.23,44.98,26.18
163.099,before,-2.0,52.1376192,21.1614677,86.96,52.1376201,21.1614673,29,0.48,0.112,255,0.1677,0.0,0.0699,0.0806,2.84,4.69,6.81,-0.29,159.09,0.02,0.0,0.06,0.02,108415,999,3,0.4,0.08,-0.03,-0.03,48,34,106,0,3.48,0.59,0.0076,0.0456,35.73,44.93,24.71
163.199,before,-1.9,52.1376191,21.1614678,86.96,52.1376199,21.1614675,29,0.48,0.118,255,0.1677,0.0,0.1478,-0.0359,2.852,4.68,7.62,-0.36,158.69,0.01,0.0,0.08,0.03,108415,999,3,0.4,0.07,-0.02,-0.01,48,-135,129,0,3.46,0.57,0.01,0.0583,35.78,47.68,27.2
163.299,before,-1.8,52.137619,21.161468,86.94,52.1376199,21.1614675,29,0.48,0.118,255,0.0,0.0,-0.0342,0.0525,2.854,4.664,7.64,-0.18,158.58,0.01,0.0,0.09,0.02,108415,999,3,0.4,0.07,-0.02,-0.01,48,169,-71,0,3.42,0.52,0.0104,0.0664,38.74,50.84,27.5
163.399,before,-1.7,52.1376189,21.161468,86.91,52.1376197,21.1614676,29,0.48,0.153,255,0.0,0.1676,-0.0305,0.0537,2.854,4.64,7.29,0.09,158.46,0.06,0.0,0.15,0.01,108415,999,3,0.4,0.11,0.04,0.0,48,70,84,0,3.36,0.46,0.0187,0.0968,40.6,53.91,28.97
163.499,before,-1.6,52.1376188,21.1614681,86.89,52.1376197,21.1614676,29,0.48,0.153,255,0.0,0.0,-0.0361,-0.0168,2.848,4.61,7.19,0.29,158.51,0.06,0.0,0.12,0.02,108415,999,3,0.4,0.11,0.04,0.0,48,16,77,0,3.32,0.41,0.0174,0.0974,38.93,50.19,29.28
163.599,before,-1.5,52.1376187,21.1614681,86.86,52.1376195,21.1614678,29,0.48,0.112,255,-0.3352,0.0,-0.1494,0.0217,2.848,4.583,6.62,0.07,158.69,0.02,0.0,0.08,0.02,108415,999,3,0.4,0.06,-0.01,-0.04,48,-82,22,0,3.3,0.41,0.0162,0.0903,36.15,49.07,28.81
163.699,before,-1.4,52.1376186,21.1614681,86.83,52.1376195,21.1614678,29,0.48,0.112,255,-0.1676,0.0,0.0047,-0.1259,2.844,4.56,5.97,-0.27,159.23,0.02,0.0,0.12,0.02,108415,999,3,0.4,0.06,-0.01,-0.04,48,203,-94,0,3.26,0.35,0.015,0.09,35.98,49.03,27.8
163.799,before,-1.3,52.1376185,21.161468,86.81,52.1376193,21.1614678,29,0.48,0.085,255,0.0,0.0,0.0378,0.0107,2.852,4.54,6.29,-0.84,160.14,0.03,0.0,0.1,0.01,108415,999,3,0.4,0.07,-0.06,0.05,48,-189,-76,0,3.24,0.35,0.0153,0.0865,35.84,50.26,28.83
163.899,before,-1.2,52.1376184,21.1614679,86.8,52.1376193,21.1614678,29,0.48,0.085,255,0.0,0.3353,-0.0351,0.1818,2.862,4.523,6.18,0.05,161.08,0.03,0.0,0.08,0.01,108415,999,3,0.4,0.07,-0.06,0.05,48,12,-128,0,3.23,0.31,0.0126,0.0755,33.54,45.65,26.44
163.999,before,-1.1,52.1376183,21.1614677,86.78,52.1376191,21.1614677,29,0.48,0.109,255,0.0,0.0,-0.0681,-0.0818,2.884,4.506,5.86,0.22,161.74,0.01,0.0,0.1,0.02,108415,999,3,0.4,0.09,0.0,-0.03,48,76,13,0,3.21,0.28,0.0105,0.0713,30.86,41.15,24.32
164.099,before,-1.0,52.1376182,21.1614677,86.77,52.1376191,21.1614677,29,0.48,0.109,255,-0.3352,-0.1676,-0.1946,-0.1832,2.88,4.492,4.8,-0.99,162.05,0.01,0.0,0.09,0.03,108415,999,3,0.4,0.09,0.0,-0.03,48,168,171,0,3.2,0.28,0.0093,0.065,28.38,38.7,25.02
164.199,before,-0.899,52.1376181,21.1614676,86.75,52.1376189,21.1614676,29,0.48,0.137,255,0.0,0.0,0.0384,0.0458,2.902,4.48,4.43,-1.05,162.41,0.06,0.0,0.09,0.02,108415,999,3,0.4,0.06,0.0,0.01,48,-180,-150,0,3.17,0.21,0.0137,0.0737,28.95,44.34,24.25
164.299,before,-0.8,52.137618,21.1614675,86.74,52.1376189,21.1614676,29,0.48,0.137,255,0.0,0.1677,-0.0496,0.3307,2.916,4.469,4.51,0.04,162.83,0.06,0.0,0.05,0.01,108415,999,3,0.4,0.06,0.0,0.01,48,0,18,0,3.17,0.19,0.0097,0.0565,31.43,39.44,22.93
164.399,before,-0.7,52.1376179,21.1614674,86.74,52.1376187,21.1614674,29,0.48,0.146,255,-0.1676,0.3352,0.0159,0.172,2.942,4.463,4.35,1.64,163.05,0.02,0.0,0.02,0.01,108415,999,3,0.4,0.07,-0.03,-0.02,48,91,-54,0,3.18,0.19,0.0066,0.0386,27.02,34.42,19.23
164.499,before,-0.6,52.1376177,21.1614673,86.74,52.1376187,21.1614674,29,0.48,0.146,255,0.0,0.0,-0.0054,-0.0374,2.967,4.462,4.55,1.54,163.2,0.02,0.0,0.04,0.01,108415,999,3,0.4,0.07,-0.03,-0.02,48,3,-24,0,3.18,0.17,0.0043,0.0288,25.34,32.65,19.91
164.599,before,-0.5,52.1376176,21.1614671,86.74,52.1376185,21.1614672,29,0.48,0.152,255,-0.1676,0.0,-0.1033,-0.0026,2.984,4.461,4.01,1.61,163.12,0.02,0.0,0.06,0.01,108415,999,3,0.4,0.07,0.02,0.0,48,-21,-60,0,3.18,0.15,0.0062,0.033,25.11,31.01,19.09
164.699,before,-0.399,52.1376175,21.161467,86.74,52.1376185,21.1614672,29,0.48,0.152,255,0.0,0.0,0.085,-0.0376,3.002,4.46,4.06,1.31,162.89,0.02,0.0,0.03,0.01,108415,999,3,0.4,0.07,0.02,0.0,48,-161,25,0,3.19,0.13,0.0037,0.022,26.75,30.51,19.0
164.799,before,-0.3,52.1376174,21.1614669,86.74,52.1376183,21.161467,29,0.48,0.127,255,0.0,0.0,-0.0348,0.0517,3.026,4.464,4.29,1.39,162.9,0.02,0.0,0.03,0.01,108415,999,3,0.4,0.08,-0.04,0.0,48,-68,-9,0,3.21,0.13,0.0018,0.004,24.86,33.34,17.88
164.899,before,-0.2,52.1376173,21.1614669,86.75,52.1376183,21.161467,29,0.48,0.127,255,0.0,0.1677,-0.0918,0.1541,3.046,4.474,3.64,1.98,163.21,0.02,0.0,0.07,0.02,108415,999,3,0.4,0.08,-0.04,0.0,48,116,81,0,3.25,0.15,0.0056,0.0279,26.73,35.93,17.77
164.999,before,-0.1,52.1376173,21.1614668,86.76,52.1376182,21.1614668,29,0.48,0.099,255,0.0,0.0,-0.0174,-0.0142,3.058,4.486,3.52,2.32,163.59,0.03,0.0,0.02,0.02,108415,1507,3,0.4,0.07,-0.04,0.04,48,58,0,0,3.26,0.16,0.0071,0.0296,27.07,35.74,17.74
165.099,flow_only,0.001,52.1376173,21.1614667,86.77,52.1376182,21.1614668,29,0.48,0.099,255,0.0,0.0,0.0122,0.0106,3.07,4.497,3.52,2.08,164.09,0.03,0.0,0.0,0.03,108415,1507,3,0.4,0.07,-0.04,0.04,48,-143,35,0,3.27,0.14,0.0063,0.0282,27.02,33.97,17.46
165.199,flow_only,0.1,52.1376173,21.1614667,86.78,52.1376181,21.1614666,29,0.48,0.015,255,0.0,0.0,0.0251,-0.0437,3.076,4.505,3.48,2.05,164.81,0.03,0.0,0.0,0.02,108415,1507,3,0.39,0.1,-0.04,0.04,48,38,-36,0,3.28,0.14,0.0101,0.0293,27.46,36.14,16.99
165.299,flow_only,0.2,52.1376174,21.1614666,86.79,52.1376181,21.1614666,29,0.48,0.015,255,0.0,0.0,-0.0437,0.0077,3.08,4.512,3.54,1.85,165.54,0.03,0.0,0.03,0.02,108415,1507,3,0.39,0.1,-0.04,0.04,48,-38,59,0,3.29,0.15,0.0078,0.037,29.54,33.13,18.25
165.399,flow_only,0.3,52.1376174,21.1614666,86.8,52.1376182,21.1614667,29,0.48,0.117,255,0.0,-0.1677,0.0289,-0.0627,3.084,4.523,3.61,1.68,166.05,0.03,0.0,0.06,0.01,108415,1507,3,0.39,0.08,-0.04,0.04,48,-13,25,0,3.32,0.16,0.0115,0.0501,27.99,30.27,17.36
165.499,flow_only,0.4,52.1376175,21.1614666,86.81,52.1376182,21.1614667,29,0.48,0.117,255,0.3353,-0.1677,0.118,-0.162,3.076,4.536,3.89,0.86,166.35,0.03,0.0,0.05,0.01,108415,1507,3,0.39,0.08,-0.04,0.04,48,-3,1,0,3.33,0.18,0.0128,0.055,26.52,32.01,17.82
165.599,flow_only,0.5,52.1376177,21.1614667,86.83,52.1376185,21.1614668,29,0.48,0.17,255,0.1677,-0.1677,0.0649,-0.1166,3.064,4.551,4.52,-0.07,166.66,0.03,0.0,0.06,0.02,108415,1507,3,0.39,0.05,-0.04,0.04,48,-121,45,0,3.36,0.2,0.0119,0.0611,28.97,32.16,18.3
165.699,flow_only,0.6,52.1376178,21.1614667,86.84,52.1376185,21.1614668,29,0.48,0.17,255,0.1676,0.0,0.0709,-0.0021,3.068,4.565,5.03,-0.12,166.8,0.03,0.0,0.04,0.02,108415,1507,3,0.39,0.05,-0.04,0.04,48,37,-141,0,3.37,0.21,0.0153,0.0605,28.25,31.0,16.28
165.799,flow_only,0.7,52.1376179,21.1614667,86.85,52.1376187,21.161467,29,0.48,0.134,255,0.0,0.0,-0.0531,0.0107,3.066,4.577,4.57,-0.12,166.79,0.03,0.0,0.03,0.01,108415,1507,3,0.39,0.06,-0.04,0.04,48,-28,45,0,3.37,0.24,0.0114,0.0529,26.89,34.71,16.48
165.899,flow_only,0.8,52.1376181,21.1614667,86.86,52.1376187,21.161467,29,0.48,0.134,255,0.0,0.0,-0.0317,-0.0501,3.06,4.588,4.45,-0.25,166.82,0.03,0.0,0.04,0.01,108415,1507,3,0.39,0.06,-0.04,0.04,48,17,37,0,3.38,0.25,0.0109,0.0527,26.39,36.55,18.42
165.999,flow_only,0.9,52.1376182,21.1614668,86.87,52.137619,21.1614672,29,0.48,0.169,255,0.1677,0.0,0.0559,0.0689,3.05,4.597,4.61,-0.14,166.79,0.03,0.0,0.02,0.02,108415,1507,3,0.39,0.05,-0.04,0.04,48,21,-92,0,3.38,0.25,0.0126,0.0489,28.39,37.37,18.66
166.099,flow_only,1.0,52.1376183,21.1614668,86.88,52.137619,21.1614672,29,0.48,0.169,255,0.0,0.0,0.0723,-0.0307,3.042,4.603,4.86,0.04,166.74,0.03,0.0,0.01,0.01,108415,1507,3,0.39,0.05,-0.04,0.04,48,-73,-43,0,3.38,0.25,0.0124,0.0417,29.13,38.59,19.75
166.199,flow_only,1.1,52.1376184,21.1614669,86.88,52.1376192,21.1614675,29,0.48,0.098,255,0.0,0.0,-0.0536,0.014,3.034,4.608,5.03,-0.12,167.03,0.03,0.0,0.03,0.02,108415,1507,3,0.39,0.08,-0.04,0.04,48,77,64,0,3.38,0.26,0.0096,0.0397,29.55,36.82,19.02
166.299,flow_only,1.201,52.1376184,21.161467,86.89,52.1376192,21.1614675,29,0.48,0.098,255,0.0,0.0,0.039,0.1399,3.022,4.614,4.92,0.39,167.42,0.03,0.0,0.07,0.02,108415,1507,3,0.39,0.08,-0.04,0.04,48,39,-219,0,3.39,0.28,0.0163,0.0531,29.32,38.66,18.32
166.399,flow_only,1.3,52.1376185,21.161467,86.89,52.1376193,21.1614677,29,0.48,0.077,255,-0.1677,0.0,-0.0665,0.0495,3.012,4.62,4.7,0.96,167.69,0.03,0.0,0.0,0.01,108415,1507,3,0.39,0.09,-0.04,0.04,48,48,-143,0,3.38,0.28,0.0234,0.0511,30.32,35.95,19.57
166.499,flow_only,1.4,52.1376186,21.1614671,86.9,52.1376193,21.1614677,29,0.48,0.077,255,0.0,0.0,-0.0245,-0.0242,2.996,4.621,4.49,1.08,167.78,0.03,0.0,0.0,0.01,108415,1507,3,0.39,0.09,-0.04,0.04,48,21,128,0,3.36,0.28,0.0089,0.0257,28.6,37.19,21.1
166.599,flow_only,1.5,52.1376186,21.1614672,86.9,52.1376194,21.1614678,29,0.48,0.061,255,0.0,0.0,0.0394,0.0139,2.986,4.624,4.68,0.95,167.76,0.03,0.0,0.03,0.01,108415,1507,3,0.39,0.08,-0.04,0.04,48,-22,22,0,3.36,0.29,0.0078,0.0272,29.18,39.05,22.38
166.699,flow_only,1.6,52.1376186,21.1614672,86.9,52.1376194,21.1614678,29,0.48,0.061,255,0.0,0.0,-0.0007,0.0715,2.984,4.624,4.61,1.3,167.66,0.03,0.0,0.07,0.01,108415,1507,3,0.39,0.08,-0.04,0.04,48,33,-63,0,3.32,0.27,0.0017,0.0054,27.29,37.13,21.65
166.799,flow_only,1.7,52.1376186,21.1614672,86.89,52.1376194,21.1614677,29,0.48,0.033,255,-0.1676,0.0,-0.0694,0.0017,2.976,4.619,4.38,1.54,167.46,0.03,0.0,0.0,0.0,108415,1507,3,0.39,0.07,-0.04,0.04,48,55,-54,0,3.31,0.26,0.005,0.0088,26.2,35.11,19.68
166.899,flow_only,1.8,52.1376186,21.1614672,86.89,52.1376194,21.1614677,29,0.48,0.033,255,0.0,0.0,0.0551,-0.0853,2.976,4.619,4.59,1.32,167.07,0.03,0.0,0.02,0.01,108415,1507,3,0.39,0.07,-0.04,0.04,48,65,8,0,3.31,0.27,0.0074,0.0146,27.03,34.13,20.55
166.999,flow_only,1.9,52.1376186,21.1614671,86.9,52.1376195,21.1614676,29,0.48,0.108,255,0.0,0.0,-0.0487,-0.1436,2.97,4.62,4.31,0.6,166.67,0.03,0.0,0.0,0.01,108415,1507,3,0.39,0.05,-0.04,0.04,48,0,105,0,3.31,0.27,0.013,0.0228,27.06,31.83,19.37
167.099,flow_only,2.0,52.1376185,21.1614671,86.9,52.1376195,21.1614676,29,0.48,0.108,255,0.0,0.0,-0.0245,-0.0034,2.978,4.621,4.04,0.28,166.35,0.03,0.0,0.01,0.02,108415,1507,3,0.39,0.05,-0.04,0.04,48,-112,-69,0,3.3,0.26,0.0125,0.0232,25.47,32.59,18.7
167.199,flow_only,2.1,52.1376185,21.1614672,86.89,52.1376197,21.1614675,29,0.48,0.086,255,0.0,0.0,0.0047,0.0952,2.974,4.618,3.98,0.65,166.35,0.03,0.0,0.02,0.0,108415,1507,3,0.39,0.05,-0.04,0.04,48,49,-30,0,3.29,0.25,0.0041,0.0121,24.63,35.82,18.67
167.299,flow_only,2.2,52.1376185,21.1614672,86.89,52.1376197,21.1614675,29,0.48,0.086,255,0.1676,0.0,0.0166,0.0947,2.966,4.612,4.18,1.26,166.4,0.03,0.0,0.03,0.01,108415,1507,3,0.39,0.05,-0.04,0.04,48,-44,45,0,3.27,0.22,0.003,0.0175,29.46,32.57,20.47
167.399,flow_only,2.3,52.1376185,21.1614671,86.87,52.1376198,21.1614673,29,0.48,0.063,255,-0.1676,0.0,-0.0663,0.0886,2.964,4.599,3.58,1.64,166.32,0.03,0.0,0.08,0.01,108415,1507,3,0.39,0.06,-0.04,0.04,48,147,-47,0,3.24,0.2,0.0117,0.0402,25.31,31.66,19.2
167.499,flow_only,2.4,52.1376186,21.1614671,86.86,52.1376198,21.1614673,29,0.48,0.063,255,0.0,0.0,-0.0135,-0.0324,2.958,4.582,3.59,1.66,165.99,0.03,0.0,0.09,0.0,108415,1507,3,0.39,0.06,-0.04,0.04,48,-18,-6,0,3.2,0.17,0.0111,0.0531,26.28,28.73,18.01
167.599,flow_only,2.5,52.1376186,21.161467,86.84,52.1376199,21.1614672,29,0.48,0.061,255,0.0,0.0,0.0314,-0.1045,2.962,4.563,3.75,1.4,165.51,0.03,0.0,0.04,0.01,108415,1507,3,0.39,0.08,-0.04,0.04,48,-194,22,0,3.18,0.15,0.0155,0.0545,26.52,30.56,19.07
167.699,flow_only,2.601,52.1376186,21.1614668,86.82,52.1376199,21.1614672,29,0.48,0.061,255,0.0,0.0,0.0353,0.1137,2.968,4.546,3.88,1.44,165.13,0.03,0.0,0.04,0.0,108415,1507,3,0.39,0.08,-0.04,0.04,48,28,-131,0,3.17,0.13,0.0114,0.0481,26.61,32.71,18.49
167.799,flow_only,2.7,52.1376187,21.1614666,86.8,52.1376201,21.1614671,29,0.48,0.127,255,0.0,0.0,-0.0423,-0.111,2.978,4.529,3.64,1.6,164.58,0.03,0.0,0.07,0.02,108415,1507,3,0.39,0.07,-0.04,0.04,48,114,-46,0,3.14,0.1,0.0157,0.0559,26.62,32.66,18.03
167.899,flow_only,2.8,52.1376188,21.1614664,86.79,52.1376201,21.1614671,29,0.48,0.127,255,-0.1677,-0.1677,-0.1601,-0.0236,2.978,4.514,3.07,0.94,164.09,0.03,0.0,0.03,0.01,108415,1507,3,0.39,0.07,-0.04,0.04,48,-111,28,0,3.13,0.08,0.0115,0.0462,28.01,36.21,20.82
167.999,flow_only,2.9,52.137619,21.1614664,86.78,52.1376203,21.1614669,29,0.48,0.174,255,-0.1676,-0.3352,0.0234,-0.0516,2.986,4.501,2.52,0.64,163.65,0.03,0.0,0.03,0.01,108415,1507,3,0.39,0.06,-0.04,0.04,48,16,30,0,3.13,0.08,0.0076,0.0359,26.81,34.15,19.32
168.099,flow_only,3.0,52.137619,21.1614662,86.76,52.1376203,21.1614669,29,0.48,0.174,255,0.0,-0.1676,-0.0558,-0.1135,2.988,4.487,2.82,0.51,163.03,0.03,0.0,0.06,0.03,108415,1507,3,0.39,0.06,-0.04,0.04,48,-96,-133,0,3.11,0.04,0.0119,0.0448,25.88,33.18,17.91
168.199,flow_only,3.1,52.1376192,21.161466,86.75,52.1376206,21.1614666,29,0.48,0.191,255,0.0,0.0,-0.1109,-0.0293,2.994,4.474,2.35,0.11,162.02,0.03,0.0,0.05,0.03,108415,1507,3,0.39,0.05,-0.04,0.04,48,63,0,0,3.09,0.02,0.0097,0.0434,29.08,34.34,18.54
168.299,flow_only,3.2,52.1376194,21.1614661,86.74,52.1376206,21.1614666,29,0.48,0.191,255,0.0,-0.1677,0.0815,-0.1609,2.99,4.468,2.56,-0.69,161.29,0.03,0.0,0.04,0.03,108415,1507,3,0.39,0.05,-0.04,0.04,48,35,164,0,3.11,0.02,0.0087,0.0208,30.5,38.28,21.3
168.399,flow_only,3.3,52.1376196,21.1614661,86.75,52.137621,21.1614664,29,0.48,0.247,255,0.1677,0.0,0.0622,-0.0635,2.998,4.474,2.89,-1.33,161.06,0.03,0.0,0.06,0.04,108415,1507,3,0.38,0.07,-0.04,0.04,48,82,-162,0,3.14,0.06,0.008,0.0244,36.8,46.84,23.96
168.499,flow_only,3.4,52.1376198,21.1614661,86.76,52.137621,21.1614664,29,0.48,0.247,255,0.1676,-0.1676,0.2126,-0.1378,3.006,4.489,3.77,-1.75,160.9,0.03,0.0,0.08,0.01,108415,1507,3,0.38,0.07,-0.04,0.04,48,9,75,0,3.18,0.1,0.0106,0.0466,34.95,42.52,24.03
168.599,flow_only,3.5,52.1376198,21.1614661,86.78,52.1376215,21.1614665,29,0.48,0.245,255,0.1677,-0.3354,0.0289,-0.1767,3.02,4.507,4.75,-2.73,160.61,0.03,0.0,0.01,0.02,108415,1507,3,0.38,0.07,-0.04,0.04,48,-106,30,0,3.2,0.11,0.0328,0.0777,33.18,38.62,24.05
168.699,flow_only,3.601,52.1376198,21.1614661,86.8,52.1376215,21.1614665,29,0.48,0.245,255,0.0,0.0,-0.0555,0.0939,3.026,4.526,4.68,-2.89,160.74,0.03,0.0,0.07,0.0,108415,1507,3,0.38,0.07,-0.04,0.04,48,-68,-76,0,3.23,0.14,0.0223,0.0692,32.47,38.82,23.29
168.799,flow_only,3.701,52.1376199,21.1614661,86.82,52.1376218,21.1614668,29,0.48,0.216,255,0.1677,0.1677,0.1476,0.2703,3.044,4.546,5.02,-1.74,161.03,0.03,0.0,0.0,0.01,108415,1507,3,0.38,0.06,-0.04,0.04,48,-74,-13,0,3.24,0.14,0.0223,0.062,31.49,38.03,24.0
168.899,flow_only,3.8,52.1376199,21.1614661,86.84,52.1376218,21.1614668,29,0.48,0.216,255,0.1677,0.1677,-0.0078,0.0522,3.056,4.564,5.42,-0.94,161.5,0.03,0.0,0.07,0.01,108415,1507,3,0.38,0.06,-0.04,0.04,48,62,172,0,3.27,0.15,0.0147,0.0614,33.6,39.72,25.34
168.999,flow_only,3.9,52.1376199,21.1614662,86.85,52.137622,21.1614673,29,0.48,0.167,255,0.0,0.0,-0.0933,0.1463,3.058,4.572,5.07,-0.42,162.01,0.03,0.0,0.06,0.01,100223,1507,3,0.38,0.05,-0.04,0.04,48,144,-84,0,3.25,0.12,0.0082,0.0266,31.26,37.88,21.77
169.099,flow_only,4.0,52.1376198,21.1614666,86.84,52.137622,21.1614673,29,0.48,0.167,255,0.1676,0.1676,-0.007,0.0392,3.056,4.567,4.78,0.17,162.52,0.03,0.0,0.06,0.01,100223,1507,3,0.38,0.05,-0.04,0.04,48,53,152,0,3.22,0.09,0.0147,0.0298,30.15,37.22,22.13
169.199,flow_only,4.1,52.1376197,21.1614671,86.83,52.137622,21.1614679,29,0.48,0.249,255,0.1677,0.1677,0.0914,0.0487,3.044,4.552,5.09,0.28,162.9,0.03,0.0,0.07,0.01,100223,1507,3,0.38,0.04,-0.04,0.04,48,98,101,0,3.18,0.05,0.0235,0.056,33.35,39.58,24.42
169.299,flow_only,4.2,52.1376196,21.1614675,86.81,52.137622,21.1614679,29,0.48,0.249,255,0.1677,0.0,0.1358,0.1097,3.036,4.531,5.59,0.83,163.26,0.03,0.0,0.06,0.01,100223,1507,3,0.38,0.04,-0.04,0.04,48,-117,-145,0,3.15,0.03,0.008,0.0365,34.73,43.8,25.71
169.399,flow_only,4.3,52.1376195,21.1614678,86.78,52.137622,21.1614687,29,0.48,0.234,255,0.3353,0.3353,0.1231,0.1256,3.054,4.509,6.33,1.47,163.58,0.03,0.0,0.01,0.01,100223,1507,3,0.38,0.05,-0.04,0.04,48,-26,-1,0,3.13,0.02,0.006,0.0282,32.61,41.4,25.1
169.499,flow_only,4.4,52.1376196,21.161468,86.76,52.137622,21.1614687,29,0.48,0.234,255,0.1676,0.0,-0.0028,-0.0071,3.066,4.485,6.65,1.55,163.85,0.03,0.0,0.09,0.03,100223,1507,3,0.38,0.05,-0.04,0.04,48,-130,-78,0,3.09,-0.02,0.0238,0.0676,31.7,41.95,24.06
169.599,flow_only,4.5,52.1376197,21.161468,86.73,52.137622,21.1614694,29,0.48,0.252,255,0.0,0.0,0.1233,-0.119,3.06,4.458,6.86,1.06,163.98,0.03,0.0,0.05,0.02,100223,1507,3,0.38,0.05,-0.04,0.04,48,-14,32,0,3.06,-0.02,0.0212,0.064,30.49,39.31,23.69
169.699,flow_only,4.6,52.1376196,21.1614679,86.71,52.137622,21.1614694,29,0.48,0.252,255,0.0,-0.1676,-0.1641,-0.1022,3.056,4.433,6.7,0.5,164.26,0.03,0.0,0.03,0.01,100223,1507,3,0.38,0.05,-0.04,0.04,48,119,37,0,3.04,-0.07,0.0126,0.0453,32.45,40.85,24.73
169.799,flow_only,4.7,52.1376196,21.161468,86.68,52.1376219,21.1614701,29,0.48,0.187,255,0.0,0.0,0.033,0.0887,3.052,4.407,6.46,0.47,164.69,0.03,0.0,0.07,0.01,100223,1507,3,0.38,0.05,-0.04,0.04,48,11,-12,0,3.01,-0.1,0.0131,0.0522,30.54,41.32,23.59
169.899,flow_only,4.801,52.1376196,21.1614681,86.66,52.1376219,21.1614701,29,0.48,0.187,255,0.0,0.1677,-0.0563,0.0387,3.06,4.383,6.15,0.7,165.2,0.03,0.0,0.01,0.01,100223,1507,3,0.38,0.05,-0.04,0.04,48,75,-61,0,3.0,-0.11,0.0192,0.0535,32.27,39.02,25.18
170.0,flow_only,4.901,52.1376197,21.1614682,86.64,52.1376218,21.1614706,29,0.48,0.147,255,0.0,0.0,-0.0201,-0.0298,3.07,4.365,6.15,0.77,165.55,0.03,0.0,0.03,0.02,100223,1507,3,0.38,0.05,-0.04,0.04,48,-29,-63,0,2.99,-0.12,0.0207,0.0552,31.86,40.23,24.09
170.1,flow_only,5.001,52.1376198,21.1614683,86.63,52.1376218,21.1614706,29,0.48,0.147,255,0.0,0.0,0.0313,0.0141,3.07,4.35,6.11,0.63,165.86,0.03,0.0,0.02,0.01,100223,1507,3,0.38,0.05,-0.04,0.04,48,-17,-17,0,2.98,-0.14,0.0156,0.0431,34.62,39.48,24.11
170.199,flow_only,5.101,52.1376198,21.1614683,86.61,52.1376217,21.1614709,29,0.48,0.11,255,0.0,0.0,-0.0108,0.0081,3.08,4.336,6.06,0.77,166.27,0.03,0.0,0.02,0.04,100223,1507,3,0.38,0.07,-0.04,0.04,48,-1,-74,0,2.97,-0.16,0.0139,0.0388,30.25,42.17,23.82
170.299,flow_only,5.201,52.1376198,21.1614684,86.6,52.1376217,21.1614709,29,0.48,0.11,255,0.0,0.1676,-0.0287,0.0528,3.098,4.323,6.02,0.94,166.59,0.03,0.0,0.02,0.01,100223,1507,3,0.38,0.07,-0.04,0.04,48,-19,94,0,2.97,-0.17,0.0068,0.0196,33.49,40.08,23.58
170.399,flow_only,5.301,52.1376196,21.1614684,86.59,52.1376215,21.1614712,29,0.48,0.166,255,0.0,0.0,0.0202,0.0154,3.098,4.311,5.84,1.09,166.91,0.03,0.0,0.01,0.0,100223,1507,3,0.38,0.06,-0.04,0.04,48,-90,-111,0,2.97,-0.19,0.0049,0.0089,33.27,34.17,23.72
170.5,flow_only,5.401,52.1376195,21.1614684,86.57,52.1376215,21.1614712,29,0.48,0.166,255,0.1677,0.0,-0.0163,0.0713,3.11,4.297,6.08,1.33,167.13,0.03,0.0,0.04,0.0,100223,1507,3,0.38,0.06,-0.04,0.04,48,-37,-93,0,2.95,-0.21,0.0064,0.0146,32.21,33.36,22.71
170.6,flow_only,5.501,52.1376193,21.1614684,86.56,52.1376213,21.1614714,29,0.48,0.104,255,-0.1676,0.0,-0.017,-0.0267,3.118,4.284,5.75,1.54,167.4,0.03,0.0,0.0,0.0,100223,1507,3,0.38,0.07,-0.04,0.04,48,81,33,0,2.95,-0.22,0.0087,0.0224,32.31,33.15,23.61
170.699,flow_only,5.601,52.1376192,21.1614686,86.55,52.1376213,21.1614714,29,0.48,0.104,255,0.0,0.0,-0.0555,0.0824,3.122,4.271,5.56,1.65,167.51,0.03,0.0,0.02,0.0,100223,1507,3,0.38,0.07,-0.04,0.04,48,45,-44,0,2.94,-0.23,0.0084,0.0243,31.46,34.09,24.2
170.799,flow_only,5.701,52.1376193,21.1614687,86.54,52.1376211,21.1614716,29,0.48,0.166,255,0.0,0.1677,0.0766,0.0438,3.128,4.262,5.74,1.98,167.5,0.03,0.0,0.02,0.01,100223,1507,3,0.38,0.06,-0.04,0.04,48,-14,-108,0,2.95,-0.23,0.0188,0.0468,33.18,39.94,23.22
170.899,flow_only,5.801,52.1376193,21.1614688,86.53,52.1376211,21.1614716,29,0.48,0.166,255,0.0,0.0,0.128,-0.0067,3.138,4.254,6.02,2.14,167.48,0.03,0.0,0.0,0.01,100223,1507,3,0.38,0.06,-0.04,0.04,48,-28,-84,0,2.95,-0.23,0.0115,0.0292,29.53,39.47,22.84
171.0,flow_only,5.901,52.1376192,21.1614688,86.53,52.1376208,21.1614718,29,0.48,0.147,255,0.0,0.0,0.065,-0.0921,3.148,4.251,6.58,1.79,167.74,0.03,0.0,0.02,0.02,100223,1507,3,0.38,0.06,-0.04,0.04,48,95,-4,0,2.96,-0.23,0.0119,0.035,32.68,38.58,26.22
171.1,flow_only,6.001,52.1376192,21.161469,86.53,52.1376208,21.1614718,29,0.48,0.147,255,0.1677,0.0,-0.069,-0.032,3.156,4.253,6.68,1.38,168.15,0.03,0.0,0.04,0.01,100223,1507,3,0.38,0.06,-0.04,0.04,48,-22,36,0,2.98,-0.22,0.0195,0.0546,30.41,40.5,25.08
171.2,flow_only,6.101,52.1376192,21.1614691,86.53,52.1376206,21.161472,29,0.48,0.131,255,-0.1676,0.3352,-0.0773,0.3015,3.146,4.256,6.06,2.23,168.66,0.03,0.0,0.01,0.0,100223,1507,3,0.38,0.07,-0.04,0.04,48,-23,-82,0,2.98,-0.22,0.0175,0.0501,35.53,41.04,25.82
171.299,flow_only,6.201,52.1376192,21.1614692,86.54,52.1376206,21.161472,29,0.48,0.131,255,0.0,0.1676,-0.0276,0.0629,3.134,4.269,6.05,3.36,169.1,0.03,0.0,0.08,0.0,100223,1507,3,0.38,0.07,-0.04,0.04,48,-135,-182,0,3.02,-0.19,0.0174,0.0634,30.15,41.87,23.23
171.399,flow_only,6.301,52.1376192,21.1614691,86.57,52.1376204,21.1614721,29,0.48,0.103,255,0.0,0.0,0.0803,-0.0232,3.146,4.299,5.94,3.15,169.68,0.03,0.0,0.16,0.01,100223,1507,3,0.38,0.06,-0.04,0.04,48,118,-3,0,3.08,-0.1,0.0219,0.0953,28.97,40.46,23.44
171.499,flow_only,6.4,52.1376193,21.1614689,86.62,52.1376204,21.1614721,29,0.48,0.103,255,0.0,0.0,-0.0662,0.0008,3.154,4.342,6.14,3.05,170.49,0.03,0.0,0.18,0.0,100223,1507,3,0.38,0.06,-0.04,0.04,48,-118,-9,0,3.16,-0.03,0.0261,0.1236,27.22,35.33,20.54
171.599,flow_only,6.5,52.1376193,21.1614688,86.66,52.1376202,21.161472,29,0.48,0.096,255,0.0,-0.3353,0.0497,-0.223,3.148,4.387,5.97,1.94,170.93,0.03,0.0,0.11,0.01,100223,1507,3,0.38,0.06,-0.04,0.04,48,128,160,0,3.21,0.01,0.0269,0.1239,26.49,31.69,17.35
171.699,flow_only,6.601,52.1376195,21.1614685,86.7,52.1376202,21.161472,29,0.48,0.096,255,-0.5029,-0.3353,-0.1645,-0.2527,3.152,4.428,5.5,0.75,170.84,0.03,0.0,0.07,0.02,100223,1507,3,0.38,0.06,-0.04,0.04,48,71,29,0,3.23,0.03,0.0208,0.1047,28.27,32.24,21.45
171.799,flow_only,6.7,52.1376196,21.1614684,86.74,52.1376202,21.1614717,29,0.48,0.126,255,0.0,-0.1677,0.001,-0.2087,3.132,4.465,5.09,-0.58,170.23,0.03,0.0,0.1,0.0,100223,1507,3,0.38,0.06,-0.04,0.04,48,-178,-362,0,3.27,0.05,0.0257,0.1088,25.96,31.67,19.86
171.899,flow_only,6.801,52.1376198,21.1614681,86.77,52.1376202,21.1614717,29,0.48,0.126,255,0.0,-0.1677,-0.04,-0.1728,3.124,4.496,5.12,-1.44,169.38,0.03,0.0,0.04,0.0,100223,1507,3,0.38,0.06,-0.04,0.04,48,-163,23,0,3.28,0.06,0.0196,0.086,26.73,32.93,19.32
171.999,flow_only,6.9,52.1376199,21.1614678,86.8,52.1376203,21.1614713,29,0.48,0.187,255,0.0,-0.1677,-0.1018,-0.1483,3.098,4.522,4.24,-2.3,168.7,0.03,0.0,0.07,0.03,100223,1507,3,0.38,0.06,-0.04,0.04,48,123,29,0,3.3,0.1,0.0163,0.0746,26.3,36.27,19.27
172.099,flow_only,7.0,52.1376199,21.1614674,86.82,52.1376203,21.1614713,29,0.48,0.187,255,0.0,0.0,-0.1545,0.0752,3.082,4.548,4.16,-2.35,168.44,0.03,0.0,0.08,0.0,100223,1507,3,0.38,0.06,-0.04,0.04,48,28,8,0,3.32,0.13,0.0194,0.0802,27.42,33.94,17.45
172.199,flow_only,7.1,52.1376199,21.1614671,86.85,52.1376204,21.1614709,29,0.48,0.136,255,-0.503,0.3353,-0.1745,0.2362,3.054,4.579,3.01,-1.55,168.46,0.03,0.0,0.12,0.01,100223,1507,3,0.37,0.06,-0.04,0.04,48,83,-69,0,3.36,0.2,0.0176,0.0841,33.2,38.58,19.25
172.299,flow_only,7.2,52.1376201,21.1614669,86.9,52.1376204,21.1614709,29,0.48,0.136,255,0.0,0.3352,0.027,0.2084,3.058,4.62,2.31,0.13,168.73,0.03,0.0,0.15,0.0,100223,1507,3,0.37,0.06,-0.04,0.04,48,82,-112,0,3.41,0.26,0.0269,0.1065,31.5,43.97,19.07
172.399,flow_only,7.3,52.1376201,21.1614668,86.94,52.1376203,21.1614706,29,0.48,0.146,255,-0.1676,0.0,-0.1541,-0.0462,3.044,4.667,1.72,0.21,169.19,0.03,0.0,0.15,0.01,100223,1507,3,0.37,0.07,-0.04,0.04,48,63,75,0,3.46,0.32,0.0221,0.1066,28.87,38.46,18.51
172.499,flow_only,7.4,52.13762,21.1614668,86.99,52.1376203,21.1614706,29,0.48,0.146,255,0.1677,0.0,0.1778,-0.0315,3.026,4.716,2.15,0.02,169.58,0.03,0.0,0.13,0.01,100223,1507,3,0.37,0.07,-0.04,0.04,48,-118,0,0,3.5,0.37,0.0213,0.1061,28.68,35.08,20.57
172.599,flow_only,7.501,52.1376199,21.1614667,87.03,52.13762,21.1614705,29,0.48,0.181,255,0.1677,0.0,0.3248,0.0129,3.024,4.759,3.98,-0.2,169.88,0.03,0.0,0.08,0.01,100223,1507,3,0.37,0.07,-0.04,0.04,48,23,197,0,3.52,0.41,0.0274,0.1004,32.04,36.78,24.29
172.699,flow_only,7.601,52.1376198,21.1614668,87.07,52.13762,21.1614705,29,0.48,0.181,255,0.1677,0.1677,0.3424,0.0384,3.016,4.799,5.36,-0.07,170.28,0.03,0.0,0.1,0.01,100223,1507,3,0.37,0.07,-0.04,0.04,48,-57,-52,0,3.55,0.45,0.0221,0.0875,31.48,37.58,24.62
172.799,flow_only,7.7,52.1376198,21.1614669,87.11,52.1376197,21.1614709,29,0.48,0.241,255,0.1677,0.0,0.0236,0.0486,3.02,4.831,6.74,0.36,170.48,0.03,0.0,0.1,0.0,100223,1507,3,0.37,0.08,-0.04,0.04,48,79,-118,0,3.56,0.48,0.0146,0.0718,31.27,33.6,20.92
172.899,flow_only,7.8,52.1376199,21.1614672,87.13,52.1376197,21.1614709,29,0.48,0.241,255,0.0,0.0,0.0891,-0.0947,3.0,4.851,6.9,-0.1,170.21,0.03,0.0,0.0,0.01,100223,1507,3,0.37,0.08,-0.04,0.04,48,-45,100,0,3.55,0.48,0.0076,0.0363,34.03,35.58,24.21
172.999,flow_only,7.9,52.1376198,21.1614674,87.14,52.1376195,21.1614715,29,0.48,0.276,255,0.1677,0.0,0.0383,0.0443,2.974,4.865,7.39,-0.01,169.92,0.03,0.0,0.04,0.05,100223,1507,3,0.37,0.09,-0.04,0.04,48,144,-37,0,3.53,0.48,0.0084,0.028,31.87,38.18,23.91
173.099,flow_only,8.0,52.1376199,21.1614678,87.15,52.1376195,21.1614715,29,0.48,0.276,255,0.1677,0.1677,0.1221,0.0159,2.958,4.873,7.99,0.19,169.65,0.03,0.0,0.01,0.04,100223,1507,3,0.37,0.09,-0.04,0.04,48,-29,-29,0,3.52,0.48,0.0043,0.0099,33.79,40.91,26.27
173.199,flow_only,8.1,52.1376199,21.1614683,87.16,52.1376193,21.1614723,29,0.48,0.244,255,0.1676,0.0,0.0685,-0.1279,2.942,4.881,8.7,0.01,169.15,0.03,0.0,0.05,0.02,100223,1507,3,0.37,0.08,-0.04,0.04,48,-61,179,0,3.51,0.51,0.0166,0.0366,35.93,42.57,29.09
173.299,flow_only,8.2,52.1376199,21.1614688,87.17,52.1376193,21.1614723,29,0.48,0.244,255,0.1677,0.0,0.1727,-0.0816,2.922,4.891,9.16,-0.86,168.46,0.03,0.0,0.05,0.05,100223,1507,3,0.37,0.08,-0.04,0.04,48,69,194,0,3.51,0.53,0.0276,0.0623,37.57,40.25,28.59
173.399,flow_only,8.3,52.1376198,21.161469,87.18,52.1376192,21.1614731,29,0.48,0.299,255,0.1676,0.0,0.0927,0.1407,2.92,4.904,10.19,-0.29,167.88,0.03,0.0,0.06,0.03,100223,1507,3,0.37,0.07,-0.04,0.04,48,-157,6,0,3.51,0.55,0.0257,0.0583,34.49,44.47,27.27
173.499,flow_only,8.4,52.1376198,21.1614693,87.19,52.1376192,21.1614731,29,0.48,0.299,255,0.0,0.0,-0.0045,-0.0168,2.892,4.913,10.13,0.0,167.14,0.03,0.0,0.0,0.02,100223,1507,3,0.37,0.07,-0.04,0.04,48,-62,65,0,3.49,0.55,0.0162,0.039,32.98,41.71,28.94
173.599,flow_only,8.5,52.1376197,21.1614695,87.19,52.1376191,21.1614738,29,0.48,0.217,255,0.0,0.0,-0.079,-0.0473,2.87,4.914,10.02,0.15,166.27,0.03,0.0,0.05,0.02,100223,1507,3,0.37,0.09,-0.04,0.04,48,102,-1,0,3.45,0.53,0.0138,0.0502,36.21,45.0,30.31
173.699,flow_only,8.6,52.1376197,21.1614697,87.19,52.1376191,21.1614738,29,0.48,0.217,255,0.0,0.0,0.024,-0.0982,2.85,4.918,9.95,-0.42,165.37,0.03,0.0,0.04,0.03,100223,1507,3,0.37,0.09,-0.04,0.04,48,6,173,0,3.45,0.55,0.022,0.0581,36.65,43.65,30.73
173.8,flow_only,8.701,52.1376196,21.1614699,87.2,52.1376191,21.1614744,29,0.48,0.155,255,0.0,0.0,-0.0036,0.0679,2.834,4.924,9.86,-0.06,164.94,0.03,0.0,0.0,0.04,100223,1507,3,0.37,0.07,-0.04,0.04,48,127,-218,0,3.44,0.56,0.0097,0.0381,40.55,48.93,31.3
173.899,flow_only,8.8,52.1376196,21.1614701,87.21,52.1376191,21.1614744,29,0.48,0.155,255,0.0,0.1677,0.0273,0.0504,2.82,4.932,9.89,0.44,164.63,0.03,0.0,0.01,0.04,100223,1507,3,0.37,0.07,-0.04,0.04,48,-34,-93,0,3.43,0.56,0.0068,0.0349,39.46,51.5,30.58
173.999,flow_only,8.9,52.1376196,21.1614701,87.22,52.1376191,21.1614748,29,0.48,0.126,255,0.0,0.0,0.1415,0.0764,2.818,4.942,10.65,0.88,164.41,0.03,0.0,0.01,0.06,100223,1507,3,0.37,0.08,-0.04,0.04,48,-25,-59,0,3.43,0.58,0.0102,0.0388,42.88,51.27,31.47
174.099,flow_only,9.0,52.1376196,21.16147,87.23,52.1376191,21.1614748,29,0.48,0.126,255,0.0,0.0,-0.1817,-0.1543,2.818,4.952,10.37,0.44,164.18,0.03,0.0,0.0,0.01,100223,1507,3,0.37,0.08,-0.04,0.04,48,204,120,0,3.43,0.58,0.0103,0.0401,44.94,54.01,29.97
174.199,flow_only,9.1,52.1376197,21.1614702,87.23,52.137619,21.161475,29,0.48,0.085,255,-0.1676,0.0,0.0487,-0.0627,2.8,4.958,9.93,-0.09,164.11,0.03,0.0,0.07,0.03,100223,1507,3,0.37,0.11,-0.04,0.04,48,74,-216,0,3.4,0.56,0.0277,0.0844,43.22,54.81,31.11
174.299,flow_only,9.2,52.1376199,21.1614703,87.23,52.137619,21.161475,29,0.48,0.085,255,0.0,-0.1677,-0.1221,-0.1043,2.802,4.956,9.81,-0.48,163.95,0.03,0.0,0.07,0.07,100223,1507,3,0.37,0.11,-0.04,0.04,48,-66,108,0,3.37,0.53,0.0189,0.0884,44.29,58.88,33.02
174.399,flow_only,9.3,52.13762,21.1614703,87.22,52.137619,21.1614751,29,0.48,0.029,255,0.1676,0.0,0.0886,-0.0985,2.804,4.947,10.06,-1.38,163.52,0.03,0.0,0.08,0.02,100223,1507,3,0.37,0.09,-0.04,0.04,48,-240,183,0,3.33,0.5,0.025,0.1063,44.59,55.6,32.7
174.499,flow_only,9.4,52.1376199,21.16147,87.21,52.137619,21.1614751,29,0.48,0.029,255,0.0,0.0,-0.0124,0.1049,2.81,4.935,10.17,-1.15,163.21,0.03,0.0,0.04,0.07,100223,1507,3,0.37,0.09,-0.04,0.04,48,-57,84,0,3.32,0.48,0.0308,0.1091,45.12,55.77,31.17
174.599,flow_only,9.501,52.1376199,21.16147,87.2,52.137619,21.161475,29,0.48,0.093,255,0.0,0.0,-0.1331,0.0175,2.824,4.924,9.4,-0.88,163.02,0.03,0.0,0.06,0.08,100223,1507,3,0.37,0.06,-0.04,0.04,48,110,109,0,3.29,0.45,0.0267,0.1081,42.38,53.7,30.78
174.699,flow_only,9.601,52.1376197,21.1614699,87.19,52.137619,21.161475,29,0.48,0.093,255,0.0,0.0,-0.059,-0.006,2.834,4.911,8.98,-1.03,162.6,0.03,0.0,0.07,0.09,100223,1507,3,0.37,0.06,-0.04,0.04,48,-215,56,0,3.27,0.42,0.0349,0.1216,41.07,52.19,30.21
174.8,flow_only,9.701,52.1376196,21.1614698,87.17,52.1376188,21.1614747,29,0.48,0.175,255,0.0,0.0,-0.047,0.1213,2.848,4.896,8.6,-0.46,162.28,0.03,0.0,0.07,0.05,100223,1507,3,0.37,0.08,-0.04,0.04,48,-56,-72,0,3.24,0.37,0.0205,0.1038,40.74,53.3,29.71
174.899,flow_only,9.8,52.1376195,21.1614696,87.16,52.1376188,21.1614747,29,0.48,0.175,255,0.0,0.0,-0.0464,-0.0255,2.85,4.881,8.42,-0.08,161.89,0.03,0.0,0.08,0.02,100223,1507,3,0.37,0.08,-0.04,0.04,48,-267,83,0,3.22,0.32,0.0307,0.1159,39.83,50.61,30.09
174.999,flow_only,9.901,52.1376194,21.1614694,87.14,52.1376186,21.1614743,29,0.48,0.186,255,0.0,0.0,-0.0147,-0.0397,2.866,4.869,8.46,-0.48,161.64,0.03,0.0,0.02,0.0,99695,1507,3,0.37,0.07,-0.04,0.04,49,28,96,0,3.22,0.32,0.0273,0.1004,40.65,50.48,30.32
175.099,flow_only,10.0,52.1376192,21.1614692,87.14,52.1376186,21.1614743,29,0.48,0.186,255,0.0,0.1677,-0.0573,0.0703,2.874,4.866,8.08,-0.17,161.55,0.03,0.0,0.01,0.01,99695,1507,3,0.37,0.07,-0.04,0.04,49,-38,-27,0,3.24,0.33,0.0173,0.0656,40.02,49.42,28.51
175.199,flow_only,10.1,52.1376192,21.161469,87.14,52.1376185,21.1614738,29,0.48,0.201,255,-0.1676,0.0,-0.0173,0.0151,2.886,4.868,7.92,-0.04,161.45,0.03,0.0,0.01,0.01,99695,1507,3,0.37,0.06,-0.04,0.04,49,69,5,0,3.24,0.32,0.0092,0.0458,36.67,44.85,27.64
175.299,flow_only,10.2,52.1376192,21.1614688,87.15,52.1376185,21.1614738,29,0.48,0.201,255,-0.1677,0.0,-0.0654,-0.053,2.89,4.873,7.56,-0.08,161.22,0.03,0.0,0.01,0.0,99695,1507,3,0.37,0.06,-0.04,0.04,49,-41,30,0,3.25,0.32,0.0076,0.0369,37.17,45.02,28.69
175.399,flow_only,10.3,52.1376191,21.1614686,87.16,52.1376182,21.1614733,29,0.48,0.223,255,0.0,0.0,0.0141,-0.0742,2.894,4.882,7.44,-0.46,160.98,0.03,0.0,0.01,0.01,99695,1507,3,0.37,0.06,-0.04,0.04,49,-73,64,0,3.28,0.32,0.0083,0.026,37.54,46.03,26.42
175.499,flow_only,10.4,52.1376191,21.1614683,87.17,52.1376182,21.1614733,29,0.48,0.223,255,-0.1676,0.0,-0.065,0.0078,2.9,4.899,7.28,-0.56,161.01,0.03,0.0,0.05,0.03,99695,1507,3,0.37,0.06,-0.04,0.04,49,6,55,0,3.31,0.36,0.0038,0.0099,37.38,42.97,27.21
175.599,flow_only,10.5,52.137619,21.1614681,87.19,52.137618,21.1614728,29,0.48,0.178,255,-0.1676,0.0,-0.0244,-0.0405,2.906,4.915,7.06,-0.68,161.12,0.03,0.0,0.02,0.01,99695,1507,3,0.37,0.07,-0.04,0.04,49,-45,21,0,3.32,0.36,0.0067,0.0165,37.7,45.12,27.26
175.699,flow_only,10.601,52.1376188,21.1614678,87.2,52.137618,21.1614728,29,0.48,0.178,255,0.0,0.0,-0.0424,0.0471,2.902,4.921,6.77,-0.64,161.24,0.03,0.0,0.07,0.01,99695,1507,3,0.37,0.07,-0.04,0.04,49,-90,30,0,3.3,0.36,0.0174,0.047,38.57,48.19,27.11
175.8,flow_only,10.701,52.1376188,21.1614675,87.19,52.1376177,21.1614724,29,0.48,0.247,255,0.0,0.1677,-0.0387,0.1001,2.912,4.919,6.79,-0.13,161.37,0.03,0.0,0.04,0.01,99695,1507,3,0.37,0.05,-0.04,0.04,49,13,-93,0,3.29,0.32,0.0156,0.0477,39.03,50.16,29.19
175.899,flow_only,10.8,52.1376187,21.1614673,87.19,52.1376177,21.1614724,29,0.48,0.247,255,0.0,0.1677,0.0785,0.1001,2.928,4.91,6.96,0.34,161.66,0.03,0.0,0.07,0.0,99695,1507,3,0.37,0.05,-0.04,0.04,49,53,-96,0,3.26,0.29,0.0144,0.0572,38.77,48.26,29.8
175.999,flow_only,10.9,52.1376188,21.1614672,87.17,52.1376174,21.1614721,29,0.48,0.197,255,-0.1676,0.0,-0.1098,0.0802,2.92,4.893,6.84,0.84,162.07,0.03,0.0,0.06,0.02,99695,1507,3,0.37,0.06,-0.04,0.04,49,22,50,0,3.23,0.28,0.0154,0.0638,38.97,49.06,28.52
176.099,flow_only,11.0,52.1376188,21.1614671,87.14,52.1376174,21.1614721,29,0.48,0.197,255,0.0,0.0,0.0738,-0.0375,2.914,4.87,6.82,0.98,162.26,0.03,0.0,0.09,0.02,99695,1507,3,0.37,0.06,-0.04,0.04,49,36,-36,0,3.2,0.21,0.0218,0.0806,38.97,48.67,28.54
176.199,flow_only,11.1,52.137619,21.1614671,87.12,52.1376171,21.161472,29,0.48,0.128,255,-0.1677,0.0,-0.0755,-0.183,2.918,4.845,6.47,0.32,162.13,0.03,0.0,0.1,0.01,99695,1507,3,0.37,0.08,-0.04,0.04,49,147,-47,0,3.16,0.19,0.0228,0.0914,41.24,55.55,32.83
176.299,flow_only,11.201,52.137619,21.1614671,87.1,52.1376171,21.161472,29,0.48,0.128,255,0.1677,-0.1677,0.2206,-0.1128,2.934,4.825,7.32,-0.62,162.01,0.03,0.0,0.03,0.01,99695,1507,3,0.37,0.08,-0.04,0.04,49,-2,-4,0,3.15,0.17,0.0222,0.0719,45.23,65.34,34.93
176.399,flow_only,11.3,52.1376189,21.161467,87.09,52.1376169,21.1614722,29,0.48,0.123,255,0.1676,0.0,-0.0079,0.012,2.94,4.819,7.84,-0.65,162.13,0.03,0.0,0.04,0.01,99695,1507,3,0.37,0.09,-0.04,0.04,49,-63,108,0,3.17,0.18,0.0215,0.0502,44.7,62.95,34.54
176.499,flow_only,11.4,52.1376189,21.1614671,87.11,52.1376169,21.1614722,29,0.48,0.123,255,0.0,0.0,0.088,-0.02,2.944,4.831,8.15,-0.84,162.28,0.03,0.0,0.1,0.01,99695,1507,3,0.37,0.09,-0.04,0.04,49,-49,54,0,3.23,0.23,0.0137,0.035,43.57,53.66,31.78
176.599,flow_only,11.5,52.1376188,21.1614672,87.13,52.1376168,21.1614724,29,0.48,0.093,255,0.1676,0.1676,-0.0085,0.1232,2.938,4.855,8.41,-0.41,162.59,0.03,0.0,0.05,0.01,99695,1507,3,0.37,0.09,-0.04,0.04,49,60,138,0,3.26,0.26,0.0211,0.057,42.19,47.41,29.04
176.699,flow_only,11.601,52.1376186,21.1614675,87.15,52.1376168,21.1614724,29,0.48,0.093,255,0.0,0.1677,-0.0694,0.044,2.95,4.875,7.89,0.02,162.94,0.03,0.0,0.03,0.01,99695,1507,3,0.37,0.09,-0.04,0.04,49,44,75,0,3.26,0.26,0.0251,0.056,37.27,41.2,25.66
176.799,flow_only,11.701,52.1376185,21.1614678,87.17,52.1376166,21.1614726,29,0.48,0.169,255,0.0,0.1676,0.1322,0.1009,2.972,4.891,8.3,0.34,163.14,0.03,0.0,0.01,0.04,99695,1507,3,0.37,0.06,-0.04,0.04,49,-40,-34,0,3.27,0.27,0.0202,0.0482,34.05,38.94,25.25
176.899,flow_only,11.8,52.1376184,21.161468,87.18,52.1376166,21.1614726,29,0.48,0.169,255,0.0,0.1676,-0.0227,-0.0007,3.008,4.903,8.5,0.81,163.33,0.03,0.0,0.0,0.01,99695,1507,3,0.37,0.06,-0.04,0.04,49,52,18,0,3.28,0.25,0.0126,0.0328,31.68,37.06,24.1
176.999,flow_only,11.9,52.1376184,21.1614681,87.18,52.1376164,21.1614727,29,0.48,0.048,255,0.0,0.0,0.0069,-0.0593,3.004,4.903,8.48,0.5,163.33,0.03,0.0,0.1,0.01,99695,1507,3,0.37,0.09,-0.04,0.04,49,-10,64,0,3.24,0.23,0.0113,0.0346,32.72,34.95,24.29
177.099,flow_only,12.0,52.1376184,21.1614683,87.17,52.1376164,21.1614727,29,0.48,0.048,255,0.0,0.0,-0.0759,-0.0377,3.004,4.892,8.16,0.19,163.36,0.03,0.0,0.07,0.04,99695,1507,3,0.37,0.09,-0.04,0.04,49,46,97,0,3.21,0.15,0.019,0.0568,32.7,36.47,25.72
177.199,flow_only,12.1,52.1376183,21.1614684,87.14,52.1376163,21.1614727,29,0.48,0.084,255,-0.3352,0.0,-0.0771,0.0347,2.997,4.868,7.65,0.31,163.4,0.03,0.0,0.13,0.0,99695,1507,3,0.37,0.05,-0.04,0.04,49,-41,-5,0,3.16,0.1,0.0204,0.0807,34.2,39.99,25.05
177.299,flow_only,12.2,52.1376183,21.1614685,87.12,52.1376163,21.1614727,29,0.48,0.084,255,0.0,0.0,0.0486,-0.0449,2.998,4.841,7.82,0.25,163.41,0.03,0.0,0.04,0.05,99695,1507,3,0.37,0.05,-0.04,0.04,49,-41,26,0,3.14,0.1,0.0155,0.0668,35.42,39.56,26.11
177.399,flow_only,12.3,52.1376183,21.1614685,87.09,52.1376162,21.1614725,29,0.48,0.107,255,0.0,0.0,0.0416,-0.038,2.998,4.82,8.2,0.02,163.33,0.03,0.0,0.0,0.01,99695,1507,3,0.37,0.05,-0.04,0.04,49,-68,79,0,3.14,0.09,0.0111,0.0407,34.5,41.37,25.04
177.499,flow_only,12.4,52.1376182,21.1614684,87.08,52.1376162,21.1614725,29,0.48,0.107,255,-0.3353,-0.1676,-0.1805,-0.0604,2.99,4.8,7.59,-0.27,163.32,0.03,0.0,0.06,0.0,99695,1507,3,0.37,0.05,-0.04,0.04,49,8,84,0,3.12,0.07,0.0176,0.0524,34.12,38.64,24.73
177.599,flow_only,12.5,52.1376182,21.1614684,87.06,52.1376162,21.1614721,29,0.48,0.166,255,0.0,-0.1677,-0.01,-0.013,2.996,4.782,7.16,-0.66,163.5,0.03,0.0,0.05,0.02,99695,1507,3,0.36,0.05,-0.04,0.04,49,-37,127,0,3.09,0.05,0.016,0.052,32.49,40.47,25.22
177.699,flow_only,12.601,52.1376183,21.1614681,87.04,52.1376162,21.1614721,29,0.48,0.166,255,-0.1677,0.0,-0.0507,-0.0448,3.006,4.765,7.13,-0.75,163.54,0.03,0.0,0.03,0.03,99695,1507,3,0.36,0.05,-0.04,0.04,49,-144,37,0,3.08,0.03,0.0155,0.0423,33.58,40.05,25.23
177.799,flow_only,12.701,52.1376183,21.1614679,87.03,52.1376162,21.1614716,29,0.48,0.202,255,-0.1676,0.0,-0.107,-0.0182,3.02,4.756,6.48,-1.21,163.73,0.03,0.0,0.01,0.0,99695,1507,3,0.36,0.06,-0.04,0.04,49,-31,141,0,3.08,0.01,0.0122,0.0303,34.26,41.22,25.55
177.899,flow_only,12.8,52.1376182,21.1614675,87.03,52.1376162,21.1614716,29,0.48,0.202,255,0.0,0.0,0.0187,0.0875,3.036,4.758,6.33,-0.89,164.0,0.03,0.0,0.08,0.0,99695,1507,3,0.36,0.06,-0.04,0.04,49,-231,-2,0,3.12,0.04,0.0273,0.063,33.42,39.28,24.75
177.999,flow_only,12.9,52.137618,21.161467,87.04,52.1376161,21.161471,29,0.48,0.193,255,-0.3352,0.0,-0.2029,0.0689,3.044,4.767,5.74,-0.31,164.19,0.03,0.0,0.01,0.01,99695,1507,3,0.36,0.08,-0.04,0.04,49,106,-100,0,3.13,0.04,0.0174,0.0427,29.45,34.24,22.5
178.099,flow_only,13.0,52.1376179,21.1614667,87.05,52.1376161,21.161471,29,0.48,0.193,255,-0.3352,0.0,0.0037,-0.0256,3.046,4.779,5.06,-0.32,164.13,0.03,0.0,0.05,0.01,99695,1507,3,0.36,0.08,-0.04,0.04,49,23,26,0,3.16,0.05,0.0126,0.0446,28.67,32.45,20.77
178.199,flow_only,13.101,52.1376177,21.1614663,87.07,52.1376161,21.1614705,29,0.48,0.21,255,0.0,0.0,0.0064,0.021,3.046,4.797,5.14,-0.38,163.92,0.03,0.0,0.06,0.01,99695,1507,3,0.36,0.06,-0.04,0.04,49,34,44,0,3.19,0.08,0.0244,0.0765,27.84,32.27,19.62
178.299,flow_only,13.2,52.1376176,21.161466,87.09,52.1376161,21.1614705,29,0.48,0.21,255,0.0,0.0,-0.1,0.0875,3.054,4.817,4.6,-0.07,163.92,0.03,0.0,0.02,0.01,99695,1507,3,0.36,0.06,-0.04,0.04,49,-173,-28,0,3.21,0.09,0.0253,0.0783,29.75,34.12,19.91
178.399,flow_only,13.3,52.1376175,21.1614656,87.11,52.1376161,21.1614699,29,0.48,0.178,255,0.0,0.0,0.0063,0.0748,3.056,4.837,4.66,0.31,163.91,0.03,0.0,0.06,0.02,99695,1507,3,0.36,0.05,-0.04,0.04,49,-34,-62,0,3.24,0.11,0.0227,0.0803,28.68,31.56,19.96
178.499,flow_only,13.4,52.1376175,21.1614652,87.13,52.1376161,21.1614699,29,0.48,0.178,255,0.0,0.0,-0.111,-0.0326,3.062,4.858,4.15,0.48,163.91,0.03,0.0,0.03,0.01,99695,1507,3,0.36,0.05,-0.04,0.04,49,91,114,0,3.26,0.13,0.0128,0.0641,28.46,35.98,20.98
178.599,flow_only,13.501,52.1376175,21.161465,87.15,52.1376162,21.1614696,29,0.48,0.082,255,0.0,0.0,0.0026,-0.0815,3.052,4.876,4.1,0.18,163.64,0.03,0.0,0.05,0.01,99695,1507,3,0.36,0.08,-0.04,0.04,49,-72,56,0,3.28,0.15,0.0154,0.0702,30.06,32.2,20.54
178.699,flow_only,13.6,52.1376174,21.1614649,87.16,52.1376162,21.1614696,29,0.48,0.082,255,0.0,-0.1677,-0.0381,-0.0191,3.038,4.884,3.8,-0.12,163.42,0.03,0.0,0.04,0.01,99695,1507,3,0.36,0.08,-0.04,0.04,49,83,95,0,3.26,0.13,0.0099,0.0357,30.74,35.0,23.14
178.799,flow_only,13.701,52.1376174,21.1614651,87.16,52.1376162,21.1614695,29,0.48,0.012,255,0.0,0.0,0.0067,0.129,3.038,4.88,3.57,0.5,163.1,0.03,0.0,0.07,0.01,99695,1507,3,0.36,0.1,-0.04,0.04,49,70,-42,0,3.22,0.11,0.0138,0.0257,33.38,39.77,24.05
178.899,flow_only,13.8,52.1376174,21.1614653,87.15,52.1376162,21.1614695,29,0.48,0.012,255,0.5028,-0.1676,0.3212,-0.0808,3.036,4.876,4.59,0.42,162.92,0.03,0.0,0.03,0.02,99695,1507,3,0.36,0.1,-0.04,0.04,49,93,-21,0,3.23,0.12,0.0143,0.0306,37.73,41.39,28.43
178.999,flow_only,13.901,52.1376174,21.1614656,87.16,52.1376162,21.1614697,29,0.48,0.123,255,0.1676,0.0,0.2446,0.0278,3.03,4.885,6.02,0.22,163.07,0.03,0.0,0.13,0.02,99695,1507,3,0.36,0.07,-0.04,0.04,49,229,-78,0,3.28,0.11,0.0197,0.0654,44.78,56.19,33.04
179.099,flow_only,14.0,52.1376175,21.1614659,87.18,52.1376162,21.1614697,29,0.48,0.123,255,0.0,0.1676,-0.106,0.1816,3.042,4.903,6.23,0.95,163.42,0.03,0.0,0.06,0.02,99695,1507,3,0.36,0.07,-0.04,0.04,49,304,-96,0,3.3,0.2,0.0324,0.0863,40.16,49.84,30.76
179.199,flow_only,14.101,52.1376176,21.1614662,87.2,52.1376162,21.1614702,29,0.48,0.183,255,0.3353,0.1677,0.3047,0.0987,3.036,4.927,6.85,1.65,163.84,0.03,0.0,0.07,0.02,99695,1507,3,0.36,0.07,-0.04,0.04,49,-84,-124,0,3.32,0.22,0.0315,0.0916,36.92,46.1,28.32
179.299,flow_only,14.2,52.1376178,21.1614665,87.23,52.1376162,21.1614702,29,0.48,0.183,255,0.1677,0.1677,0.0366,-0.031,3.036,4.953,7.94,1.67,164.49,0.03,0.0,0.08,0.02,99695,1507,3,0.36,0.07,-0.04,0.04,49,-144,140,0,3.36,0.22,0.0166,0.0815,39.29,48.3,29.9
179.399,flow_only,14.3,52.1376178,21.1614666,87.25,52.1376163,21.1614706,29,0.48,0.126,255,0.0,-0.1676,-0.0216,-0.0823,3.024,4.973,7.73,1.15,164.93,0.03,0.0,0.02,0.01,99695,1507,3,0.36,0.05,-0.04,0.04,49,-25,85,0,3.34,0.26,0.0125,0.0467,34.72,40.09,23.68
179.499,flow_only,14.4,52.1376177,21.1614667,87.26,52.1376163,21.1614706,29,0.48,0.126,255,0.0,0.0,-0.0889,0.064,3.006,4.984,7.41,1.11,165.4,0.03,0.0,0.0,0.03,99695,1507,3,0.36,0.05,-0.04,0.04,49,-22,70,0,3.33,0.25,0.0102,0.0312,32.46,38.09,22.67
179.599,flow_only,14.5,52.1376177,21.1614669,87.26,52.1376164,21.1614711,29,0.48,0.17,255,0.0,0.0,-0.0614,0.0084,3.002,4.987,7.17,1.17,165.78,0.03,0.0,0.03,0.01,99695,1507,3,0.36,0.06,-0.04,0.04,49,8,-46,0,3.31,0.26,0.0029,0.0091,32.75,39.8,23.66
179.699,flow_only,14.601,52.1376177,21.1614671,87.26,52.1376164,21.1614711,29,0.48,0.17,255,0.0,0.0,-0.0016,0.1488,2.992,4.987,6.93,1.62,166.26,0.03,0.0,0.01,0.03,99695,1507,3,0.36,0.06,-0.04,0.04,49,16,170,0,3.31,0.25,0.0075,0.0143,33.9,38.33,24.78
179.799,flow_only,14.7,52.1376177,21.1614672,87.27,52.1376165,21.1614715,29,0.48,0.135,255,0.3352,0.0,0.0919,-0.0472,2.982,4.991,7.4,1.89,166.61,0.03,0.0,0.06,0.03,99695,1507,3,0.36,0.06,-0.04,0.04,49,-118,204,0,3.32,0.27,0.0144,0.0343,31.45,41.63,23.26
179.899,flow_only,14.8,52.1376177,21.1614674,87.28,52.1376165,21.1614715,29,0.48,0.135,255,0.0,-0.1677,0.0364,-0.0731,2.974,5.005,7.61,1.34,166.61,0.03,0.0,0.08,0.0,99695,1507,3,0.36,0.06,-0.04,0.04,49,96,113,0,3.34,0.31,0.0169,0.0509,32.26,42.77,24.96
179.999,flow_only,14.9,52.1376177,21.1614676,87.3,52.1376167,21.1614718,29,0.48,0.163,255,0.1677,0.0,0.0187,0.0055,2.954,5.022,7.71,1.31,166.61,0.03,0.0,0.04,0.02,99695,1507,3,0.36,0.06,-0.04,0.04,49,117,44,0,3.35,0.33,0.0133,0.0442,34.3,40.83,24.73
180.099,flow_only,15.0,52.1376178,21.1614678,87.31,52.1376167,21.1614718,29,0.48,0.163,255,0.1676,0.0,0.0647,0.0559,2.95,5.038,8.04,1.38,166.65,0.03,0.0,0.02,0.03,99695,1507,3,0.36,0.06,-0.04,0.04,49,43,72,0,3.36,0.35,0.0093,0.035,31.94,36.63,23.9
180.199,flow_only,15.1,52.137618,21.1614679,87.32,52.137617,21.161472,29,0.48,0.223,255,0.0,-0.1677,-0.0166,-0.1069,2.938,5.041,8.27,1.08,166.54,0.03,0.0,0.09,0.02,99695,1507,3,0.36,0.06,-0.04,0.04,49,66,83,0,3.31,0.31,0.0045,0.0179,29.54,37.91,23.47
180.299,flow_only,15.201,52.1376181,21.161468,87.3,52.137617,21.161472,29,0.48,0.223,255,0.0,-0.1677,-0.0232,-0.1125,2.912,5.027,7.92,0.57,166.17,0.03,0.0,0.1,0.03,99695,1507,3,0.36,0.06,-0.04,0.04,49,29,-20,0,3.26,0.27,0.0123,0.0548,31.74,41.21,24.8
180.399,flow_only,15.3,52.1376183,21.161468,87.28,52.1376174,21.161472,29,0.48,0.251,255,0.0,0.0,-0.0137,-0.1235,2.922,5.005,7.93,-0.15,165.69,0.03,0.0,0.07,0.04,99695,1507,3,0.36,0.06,-0.04,0.04,49,-35,202,0,3.21,0.25,0.0183,0.0696,31.79,44.88,26.1
180.499,flow_only,15.4,52.1376184,21.1614681,87.26,52.1376174,21.161472,29,0.48,0.251,255,0.0,-0.1677,-0.0154,-0.0997,2.91,4.98,7.68,-0.85,165.26,0.03,0.0,0.07,0.03,99695,1507,3,0.36,0.06,-0.04,0.04,49,52,52,0,3.18,0.25,0.0162,0.075,35.95,49.65,27.41
180.599,flow_only,15.5,52.1376186,21.1614681,87.23,52.1376179,21.1614718,29,0.48,0.295,255,0.0,-0.1676,-0.0569,-0.0159,2.896,4.955,7.48,-1.09,165.05,0.03,0.0,0.06,0.04,99695,1507,3,0.36,0.06,-0.04,0.04,49,-13,7,0,3.14,0.18,0.0153,0.0756,35.93,52.79,28.45
180.699,flow_only,15.601,52.1376188,21.1614681,87.2,52.1376179,21.1614718,29,0.48,0.295,255,0.0,-0.1676,0.0264,0.0115,2.898,4.926,7.37,-1.01,164.86,0.03,0.0,0.13,0.01,99695,1507,3,0.36,0.06,-0.04,0.04,49,56,-84,0,3.09,0.12,0.0263,0.1069,33.24,50.72,27.33
180.799,flow_only,15.7,52.137619,21.161468,87.17,52.1376184,21.1614714,29,0.48,0.306,255,0.0,0.0,-0.1312,-0.0643,2.902,4.897,6.98,-1.06,164.33,0.03,0.0,0.05,0.01,99695,1507,3,0.36,0.06,-0.04,0.04,49,-3,74,0,3.07,0.11,0.0167,0.0857,33.91,47.68,25.87
180.899,flow_only,15.8,52.1376192,21.1614677,87.15,52.1376184,21.1614714,29,0.48,0.306,255,-0.1677,-0.3353,-0.0051,-0.1326,2.912,4.874,6.61,-1.76,163.71,0.03,0.0,0.04,0.03,99695,1507,3,0.36,0.06,-0.04,0.04,49,-50,-311,0,3.05,0.09,0.0386,0.1005,34.32,46.44,26.65
180.999,flow_only,15.901,52.1376194,21.1614675,87.14,52.1376187,21.1614709,29,0.48,0.212,255,-0.1676,0.0,-0.0774,0.0117,2.912,4.861,6.15,-1.89,163.24,0.03,0.0,0.0,0.0,99695,1507,3,0.36,0.08,-0.04,0.04,49,64,-4,0,3.06,0.08,0.0252,0.0698,37.47,46.21,26.63
181.099,flow_only,16.0,52.1376196,21.1614672,87.13,52.1376187,21.1614709,29,0.48,0.212,255,0.0,-0.1676,0.023,-0.0876,2.924,4.858,6.23,-2.09,162.94,0.03,0.0,0.01,0.04,99695,1507,3,0.36,0.08,-0.04,0.04,49,27,77,0,3.06,0.08,0.0195,0.0542,37.53,48.77,26.19
181.199,flow_only,16.1,52.1376197,21.1614671,87.14,52.137619,21.1614704,29,0.48,0.253,255,0.0,-0.1677,0.0021,-0.0473,2.936,4.863,6.3,-2.42,162.83,0.03,0.0,0.04,0.02,99695,1507,3,0.36,0.06,-0.04,0.04,49,18,-28,0,3.09,0.1,0.0061,0.0181,40.15,52.93,29.7
181.299,flow_only,16.201,52.1376197,21.161467,87.15,52.137619,21.1614704,29,0.48,0.253,255,-0.1676,0.0,-0.0267,0.068,2.946,4.878,6.02,-2.41,162.97,0.03,0.0,0.03,0.0,99695,1507,3,0.36,0.06,-0.04,0.04,49,96,56,0,3.12,0.12,0.012,0.028,40.52,50.18,29.0
181.399,flow_only,16.3,52.1376197,21.1614669,87.18,52.1376192,21.16147,29,0.48,0.127,255,0.0,0.1677,-0.006,0.1433,2.968,4.904,5.89,-1.77,163.28,0.03,0.0,0.09,0.01,99695,1507,3,0.36,0.09,-0.04,0.04,49,17,52,0,3.17,0.16,0.011,0.0495,40.18,49.02,28.85
181.499,flow_only,16.4,52.1376196,21.1614668,87.21,52.1376192,21.16147,29,0.48,0.127,255,0.0,0.1677,0.0929,0.1254,2.986,4.939,6.28,-1.1,163.75,0.03,0.0,0.08,0.01,99695,1507,3,0.36,0.09,-0.04,0.04,49,-53,45,0,3.22,0.19,0.0133,0.0647,37.76,46.55,27.27
181.599,flow_only,16.5,52.1376195,21.1614668,87.25,52.1376191,21.1614697,29,0.48,0.09,255,0.0,0.0,-0.0846,0.1138,2.994,4.977,6.29,-0.58,164.32,0.03,0.0,0.06,0.01,99695,1507,3,0.36,0.08,-0.04,0.04,49,94,42,0,3.26,0.21,0.0138,0.0681,36.61,43.76,25.52
181.699,flow_only,16.601,52.1376193,21.1614668,87.29,52.1376191,21.1614697,29,0.48,0.09,255,0.0,0.3353,0.062,0.2041,3.016,5.013,6.17,0.45,164.99,0.03,0.0,0.05,0.01,99695,1507,3,0.36,0.08,-0.04,0.04,49,-36,157,0,3.3,0.24,0.0193,0.0719,34.38,40.18,24.0
181.799,flow_only,16.701,52.1376191,21.1614667,87.32,52.1376189,21.1614696,29,0.48,0.186,255,0.1677,0.3353,0.0446,0.1772,3.02,5.043,6.69,1.52,165.54,0.03,0.0,0.03,0.01,99695,1507,3,0.36,0.05,-0.04,0.04,49,-127,-98,0,3.32,0.24,0.02,0.0688,31.4,41.09,22.73
181.899,flow_only,16.8,52.1376188,21.1614667,87.34,52.1376189,21.1614696,29,0.48,0.186,255,0.0,0.0,-0.1265,0.0594,3.032,5.067,6.25,2.01,165.95,0.03,0.0,0.01,0.01,99695,1507,3,0.36,0.05,-0.04,0.04,49,45,144,0,3.33,0.25,0.0228,0.0611,28.92,38.02,21.22
181.999,flow_only,16.9,52.1376186,21.1614669,87.36,52.1376187,21.1614696,29,0.48,0.127,255,-0.1677,0.0,0.0099,0.0277,3.022,5.081,5.81,2.2,166.32,0.03,0.0,0.0,0.01,99695,1507,3,0.36,0.05,-0.04,0.04,49,113,-115,0,3.32,0.23,0.0173,0.0397,27.36,34.61,19.02
182.099,flow_only,17.0,52.1376185,21.161467,87.36,52.1376187,21.1614696,29,0.48,0.127,255,0.0,0.0,0.1025,0.0307,3.016,5.083,6.34,2.39,166.47,0.03,0.0,0.04,0.02,99695,1507,3,0.36,0.05,-0.04,0.04,49,-88,-82,0,3.3,0.21,0.0121,0.0209,26.79,34.72,20.13
182.199,flow_only,17.1,52.1376185,21.1614671,87.35,52.1376185,21.1614695,29,0.48,0.075,255,0.0,0.0,-0.0452,-0.0743,3.018,5.077,6.29,2.25,166.44,0.03,0.0,0.0,0.02,99695,1507,3,0.36,0.09,-0.04,0.04,49,-39,-30,0,3.29,0.21,0.0178,0.0313,28.15,36.68,21.2
182.299,flow_only,17.2,52.1376185,21.1614671,87.34,52.1376185,21.1614695,29,0.48,0.075,255,0.0,-0.1677,-0.0572,-0.1421,2.992,5.065,6.12,1.52,166.37,0.03,0.0,0.07,0.01,99695,1507,3,0.36,0.09,-0.04,0.04,49,27,-54,0,3.25,0.18,0.0159,0.0403,29.62,35.98,22.94
182.399,flow_only,17.3,52.1376186,21.1614671,87.33,52.1376185,21.1614694,29,0.48,0.099,255,0.0,-0.1676,0.0273,-0.0187,2.982,5.052,6.01,1.14,166.41,0.03,0.0,0.01,0.01,99695,1507,3,0.36,0.08,-0.04,0.04,49,28,-89,0,3.25,0.19,0.0218,0.0442,31.75,33.24,23.71
182.499,flow_only,17.4,52.1376188,21.1614671,87.32,52.1376185,21.1614694,29,0.48,0.099,255,0.0,-0.1677,0.0682,-0.0599,2.978,5.045,6.41,0.84,166.53,0.03,0.0,0.0,0.0,99695,1507,3,0.36,0.08,-0.04,0.04,49,-62,73,0,3.24,0.19,0.0188,0.038,30.82,35.98,23.98
182.599,flow_only,17.5,52.1376189,21.1614671,87.32,52.1376187,21.1614693,29,0.48,0.152,255,0.0,-0.1677,0.0598,-0.0829,2.974,5.042,6.89,0.58,166.45,0.03,0.0,0.03,0.03,99695,1507,3,0.36,0.06,-0.04,0.04,49,73,-106,0,3.25,0.21,0.0196,0.04,30.86,34.96,24.3
182.699,flow_only,17.601,52.1376191,21.1614672,87.32,52.1376187,21.1614693,29,0.48,0.152,255,0.0,-0.1677,-0.0695,-0.1646,2.96,5.045,6.75,-0.24,166.15,0.03,0.0,0.01,0.03,99695,1507,3,0.36,0.06,-0.04,0.04,49,-58,153,0,3.25,0.21,0.0035,0.0104,33.27,41.04,25.64
182.799,flow_only,17.7,52.1376192,21.1614672,87.33,52.137619,21.161469,29,0.48,0.17,255,0.0,-0.1677,-0.0115,-0.1097,2.95,5.051,6.48,-1.16,165.7,0.03,0.0,0.0,0.03,99695,1507,3,0.36,0.05,-0.04,0.04,49,-112,-115,0,3.25,0.23,0.0099,0.0219,32.38,40.7,27.08
182.899,flow_only,17.8,52.1376192,21.1614671,87.33,52.137619,21.161469,29,0.48,0.17,255,0.0,-0.1677,0.0466,0.007,2.956,5.06,6.8,-1.29,165.34,0.03,0.0,0.02,0.02,99695,1507,3,0.36,0.05,-0.04,0.04,49,-38,-37,0,3.26,0.24,0.0095,0.0237,32.79,39.14,24.74
182.999,flow_only,17.9,52.1376193,21.1614669,87.35,52.1376193,21.1614688,29,0.48,0.177,255,0.0,0.0,-0.1601,0.0122,2.948,5.073,6.47,-1.27,165.26,0.03,0.0,0.04,0.01,99695,1507,3,0.36,0.05,-0.04,0.04,49,-5,26,0,3.27,0.24,0.0107,0.0306,34.1,39.0,24.27
183.099,flow_only,18.001,52.1376194,21.1614668,87.36,52.1376193,21.1614688,29,0.48,0.177,255,0.0,0.0,-0.022,0.0563,2.948,5.089,6.09,-1.08,165.37,0.03,0.0,0.01,0.01,99695,1507,3,0.36,0.05,-0.04,0.04,49,-24,-157,0,3.28,0.26,0.0141,0.0338,34.3,38.96,24.37
183.199,flow_only,18.1,52.1376195,21.1614667,87.38,52.1376195,21.1614685,29,0.48,0.098,255,0.0,0.0,0.0559,0.0645,2.952,5.106,6.56,-0.7,165.37,0.03,0.0,0.04,0.01,99695,1507,3,0.36,0.06,-0.04,0.04,49,-60,-43,0,3.3,0.29,0.0156,0.0402,31.74,34.73,21.76
183.299,flow_only,18.2,52.1376196,21.1614666,87.4,52.1376195,21.1614685,29,0.48,0.098,255,-0.1677,0.0,-0.1561,-0.0925,2.948,5.123,5.99,-0.95,165.29,0.03,0.0,0.02,0.01,99695,1507,3,0.36,0.06,-0.04,0.04,49,68,33,0,3.32,0.3,0.0118,0.0344,30.82,32.88,21.71
183.399,flow_only,18.3,52.1376196,21.1614665,87.41,52.1376197,21.1614683,29,0.48,0.191,255,0.0,-0.1677,-0.0298,-0.0768,2.94,5.134,5.53,-1.43,165.09,0.03,0.0,0.04,0.01,99695,1507,3,0.36,0.06,-0.04,0.04,49,101,95,0,3.3,0.29,0.0113,0.021,29.42,33.81,21.21
183.499,flow_only,18.4,52.1376197,21.1614665,87.41,52.1376197,21.1614683,29,0.48,0.191,255,0.0,0.0,0.0018,0.0171,2.934,5.137,5.66,-1.39,164.8,0.03,0.0,0.02,0.01,99695,1507,3,0.36,0.06,-0.04,0.04,49,-58,-4,0,3.29,0.27,0.0033,0.0116,30.18,31.08,22.06
183.599,flow_only,18.5,52.1376197,21.1614665,87.42,52.13762,21.1614679,29,0.48,0.151,255,0.0,0.0,0.0931,0.0018,2.932,5.141,6.05,-1.27,164.55,0.03,0.0,0.0,0.01,99695,1507,3,0.36,0.07,-0.04,0.04,49,-57,-12,0,3.29,0.28,0.0032,0.0076,30.38,33.94,23.32
183.699,flow_only,18.601,52.1376197,21.1614665,87.42,52.13762,21.1614679,29,0.48,0.151,255,0.0,0.0,-0.0212,-0.0074,2.922,5.146,6.09,-1.39,164.26,0.03,0.0,0.02,0.01,99695,1507,3,0.36,0.07,-0.04,0.04,49,62,25,0,3.3,0.3,0.0031,0.0061,31.21,32.7,21.52
183.799,flow_only,18.7,52.1376198,21.1614665,87.43,52.1376201,21.1614676,29,0.48,0.097,255,0.0,0.0,-0.0091,-0.0054,2.922,5.153,6.08,-1.34,163.98,0.03,0.0,0.01,0.0,99695,1507,3,0.36,0.07,-0.04,0.04,49,34,4,0,3.31,0.31,0.0083,0.0159,32.24,34.71,22.6
183.899,flow_only,18.8,52.1376198,21.1614666,87.43,52.1376201,21.1614676,29,0.48,0.097,255,0.0,-0.1676,0.0117,0.0215,2.92,5.154,5.92,-1.3,163.64,0.03,0.0,0.06,0.01,99695,1507,3,0.36,0.07,-0.04,0.04,49,23,38,0,3.28,0.29,0.0063,0.0225,31.19,34.8,21.11
183.999,flow_only,18.9,52.1376199,21.1614666,87.43,52.1376203,21.1614674,29,0.48,0.125,255,0.0,0.0,0.0351,-0.0234,2.922,5.153,6.16,-1.26,163.29,0.03,0.0,0.0,0.02,99695,1507,3,0.36,0.06,-0.04,0.04,49,-10,-17,0,3.28,0.29,0.0053,0.0177,32.55,37.6,23.76
184.099,flow_only,19.0,52.1376199,21.1614666,87.43,52.1376203,21.1614674,29,0.48,0.125,255,0.0,-0.1677,0.0257,-0.1034,2.922,5.155,6.36,-1.67,162.87,0.03,0.0,0.01,0.01,99695,1507,3,0.36,0.06,-0.04,0.04,49,-41,-124,0,3.28,0.29,0.0119,0.0236,34.2,40.08,24.9
184.199,flow_only,19.1,52.1376199,21.1614666,87.43,52.1376205,21.1614671,29,0.48,0.196,255,0.0,0.0,-0.0283,-0.0518,2.928,5.159,6.22,-1.99,162.53,0.03,0.0,0.01,0.01,99695,1507,3,0.36,0.07,-0.04,0.04,49,15,94,0,3.27,0.28,0.0091,0.0202,34.84,39.05,25.11
184.299,flow_only,19.201,52.1376199,21.1614664,87.44,52.1376205,21.1614671,29,0.48,0.196,255,0.1677,0.1677,0.062,0.1665,2.928,5.164,6.62,-1.68,162.39,0.03,0.0,0.0,0.01,99695,1507,3,0.36,0.07,-0.04,0.04,49,-35,11,0,3.28,0.28,0.0164,0.0321,34.99,37.09,24.32
184.399,flow_only,19.3,52.1376199,21.1614662,87.44,52.1376207,21.1614668,29,0.48,0.046,255,0.0,0.0,-0.1217,0.1014,2.928,5.169,6.25,-0.82,162.42,0.03,0.0,0.01,0.01,99695,1507,3,0.36,0.12,-0.04,0.04,49,34,-17,0,3.28,0.29,0.0195,0.0389,32.65,35.43,21.98
184.499,flow_only,19.4,52.1376199,21.1614661,87.44,52.1376207,21.1614668,29,0.48,0.046,255,0.0,0.0,-0.0083,-0.0972,2.934,5.169,5.66,-0.76,162.39,0.03,0.0,0.07,0.0,99695,1507,3,0.36,0.12,-0.04,0.04,49,-168,125,0,3.26,0.26,0.0163,0.0406,33.02,34.53,23.17
184.599,flow_only,19.5,52.1376199,21.161466,87.44,52.1376208,21.1614667,29,0.48,0.107,255,0.0,-0.1676,-0.0877,-0.1089,2.928,5.165,5.69,-1.42,162.21,0.03,0.0,0.0,0.01,99695,1507,3,0.36,0.07,-0.04,0.04,49,-44,-32,0,3.25,0.25,0.0129,0.0322,33.96,38.94,24.63
184.699,flow_only,19.601,52.1376199,21.1614658,87.44,52.1376208,21.1614667,29,0.48,0.107,255,0.0,-0.1676,-0.0061,-0.0135,2.93,5.165,5.53,-1.76,161.97,0.03,0.0,0.0,0.01,99695,1507,3,0.36,0.07,-0.04,0.04,49,-23,90,0,3.25,0.25,0.0132,0.0293,33.76,39.35,25.08
184.799,flow_only,19.7,52.1376199,21.1614657,87.45,52.1376209,21.1614665,29,0.48,0.043,255,0.0,0.0,-0.0367,0.0073,2.94,5.174,5.4,-1.63,161.72,0.03,0.0,0.06,0.01,99695,1507,3,0.36,0.08,-0.04,0.04,49,0,4,0,3.28,0.25,0.0087,0.0226,33.48,37.94,25.31
184.899,flow_only,19.8,52.1376198,21.1614656,87.46,52.1376209,21.1614665,29,0.48,0.043,255,0.0,0.0,-0.0053,-0.0253,2.932,5.187,5.24,-1.87,161.35,0.03,0.0,0.02,0.01,99695,1507,3,0.36,0.08,-0.04,0.04,49,-131,46,0,3.29,0.29,0.0138,0.0329,33.96,35.8,23.88
184.999,flow_only,19.9,52.1376198,21.1614655,87.48,52.137621,21.1614664,29,0.48,0.143,255,0.0,0.0,-0.0136,-0.0112,2.926,5.2,5.35,-1.93,160.97,0.03,0.0,0.0,0.01,99695,1507,3,0.36,0.09,-0.04,0.04,49,-38,27,0,3.3,0.3,0.0091,0.0232,33.43,37.23,25.34
185.099,flow_only,20.0,52.1376198,21.1614654,87.48,52.137621,21.1614664,29,0.48,0.143,255,0.0,-0.1677,-0.028,0.0003,2.92,5.21,5.06,-1.98,160.65,0.03,0.0,0.01,0.01,99695,1507,3,0.36,0.09,-0.04,0.04,49,-4,12,0,3.29,0.29,0.0064,0.0142,35.85,38.1,24.89
185.199,flow_only,20.101,52.1376198,21.1614655,87.49,52.1376212,21.1614663,29,0.48,0.111,255,0.0,0.0,0.1563,-0.0125,2.92,5.217,5.74,-2.0,160.34,0.03,0.0,0.0,0.02,99695,1507,3,0.36,0.09,-0.04,0.04,49,-67,7,0,3.29,0.3,0.006,0.0129,35.33,40.12,24.45
185.299,flow_only,20.2,52.1376198,21.1614655,87.51,52.1376212,21.1614663,29,0.48,0.111,255,0.1677,0.0,0.0559,0.0347,2.94,5.23,6.42,-1.83,159.95,0.03,0.0,0.08,0.01,99695,1507,3,0.36,0.09,-0.04,0.04,49,21,-10,0,3.33,0.33,0.012,0.0351,36.2,41.2,25.87
185.399,flow_only,20.3,52.1376198,21.1614655,87.52,52.1376214,21.1614664,29,0.48,0.061,255,0.1677,0.0,-0.0185,0.0092,2.944,5.249,6.56,-1.65,159.47,0.03,0.0,0.02,0.0,99695,1507,3,0.36,0.07,-0.04,0.04,49,94,-41,0,3.34,0.33,0.0144,0.036,37.62,39.96,25.66
185.499,flow_only,20.4,52.1376198,21.1614657,87.54,52.1376214,21.1614664,29,0.48,0.061,255,0.0,-0.1676,-0.0304,-0.0819,2.938,5.268,6.41,-2.09,159.07,0.03,0.0,0.01,0.01,99695,1507,3,0.36,0.07,-0.04,0.04,49,-22,67,0,3.35,0.34,0.0107,0.0279,35.19,44.51,24.84
185.599,flow_only,20.5,52.1376198,21.161466,87.56,52.1376215,21.1614667,29,0.48,0.138,255,0.0,0.0,0.0472,-0.0297,2.936,5.287,6.54,-2.36,158.81,0.03,0.0,0.04,0.01,99695,1507,3,0.36,0.07,-0.04,0.04,49,100,13,0,3.37,0.37,0.0172,0.0413,37.93,45.05,26.98
185.699,flow_only,20.601,52.1376198,21.1614662,87.58,52.1376215,21.1614667,29,0.48,0.138,255,0.1677,0.0,0.0401,-0.0592,2.936,5.306,6.63,-2.49,158.67,0.03,0.0,0.01,0.01,99695,1507,3,0.36,0.07,-0.04,0.04,49,-69,-33,0,3.38,0.38,0.0095,0.0286,37.72,45.9,27.52
185.799,flow_only,20.701,52.1376197,21.1614664,87.6,52.1376215,21.1614671,29,0.48,0.148,255,0.1677,0.0,0.0443,-0.0316,2.944,5.323,7.06,-2.77,158.59,0.03,0.0,0.01,0.01,99695,1507,3,0.36,0.07,-0.04,0.04,49,-77,12,0,3.38,0.39,0.0082,0.0247,36.88,42.87,25.4
185.899,flow_only,20.8,52.1376196,21.1614666,87.61,52.1376215,21.1614671,29,0.48,0.148,255,0.0,0.0,-0.1782,-0.1735,2.942,5.332,6.71,-3.23,157.88,0.03,0.0,0.04,0.01,99695,1507,3,0.36,0.07,-0.04,0.04,49,117,-35,0,3.36,0.36,0.0057,0.0119,35.17,39.45,24.29
185.999,flow_only,20.9,52.1376194,21.161467,87.61,52.1376214,21.1614676,29,0.48,0.248,255,0.0,0.0,-0.0539,-0.1367,2.928,5.333,5.99,-3.98,155.83,0.03,0.0,0.04,0.01,99695,1507,3,0.36,0.07,-0.04,0.04,49,150,-57,0,3.35,0.35,0.0141,0.0339,32.43,36.71,23.05
186.099,flow_only,21.0,52.1376193,21.1614676,87.6,52.1376214,21.1614676,29,0.48,0.248,255,0.1677,0.0,0.0247,-0.1114,2.924,5.326,6.12,-4.27,152.36,0.03,0.0,0.05,0.0,99695,1507,3,0.36,0.07,-0.04,0.04,49,-5,49,0,3.32,0.32,0.0155,0.0462,28.24,34.73,23.0
186.2,flow_only,21.101,52.1376192,21.1614681,87.58,52.1376211,21.1614683,29,0.48,0.344,255,0.0,0.0,-0.0158,-0.129,2.924,5.306,6.61,-4.42,148.08,0.03,0.0,0.08,0.02,99695,1507,3,0.36,0.09,-0.04,0.04,49,58,-18,0,3.28,0.29,0.0137,0.0573,26.89,34.12,21.26
186.299,flow_only,21.201,52.1376189,21.1614687,87.55,52.1376211,21.1614683,29,0.48,0.344,255,0.0,-0.3353,-0.0242,-0.0021,2.918,5.276,6.71,-4.3,144.06,0.03,0.0,0.12,0.01,99695,1507,3,0.36,0.09,-0.04,0.04,49,147,-210,0,3.23,0.29,0.0259,0.0875,28.8,31.7,22.12
186.399,flow_only,21.301,52.1376188,21.1614691,87.52,52.1376206,21.1614692,29,0.48,0.503,255,0.8383,0.1677,-0.1372,0.0464,2.91,5.243,6.62,-3.62,140.82,0.03,0.0,0.1,0.03,99695,1507,3,0.36,0.09,-0.04,0.04,49,-229,-44,0,3.18,0.2,0.0482,0.1185,25.16,38.74,23.38
186.499,flow_only,21.401,52.1376185,21.1614695,87.48,52.1376206,21.1614692,29,0.48,0.503,255,0.0,0.1677,0.0657,-0.1856,2.906,5.209,6.64,-3.83,138.21,0.03,0.0,0.09,0.01,99695,1507,3,0.36,0.09,-0.04,0.04,49,-124,35,0,3.14,0.17,0.0283,0.0939,29.33,36.92,22.86
186.599,flow_only,21.501,52.137618,21.16147,87.45,52.1376198,21.1614702,29,0.48,0.609,255,0.0,0.0,0.0209,-0.2134,2.916,5.178,7.23,-4.8,136.1,0.03,0.0,0.06,0.01,99695,1507,3,0.36,0.08,-0.04,0.04,49,48,-14,0,3.11,0.14,0.0178,0.0772,35.3,47.15,27.76
186.7,flow_only,21.601,52.1376173,21.1614705,87.43,52.1376198,21.1614702,29,0.48,0.609,255,0.0,0.0,-0.1565,-0.1308,2.924,5.152,6.82,-5.61,134.68,0.03,0.0,0.06,0.03,99695,1507,3,0.36,0.08,-0.04,0.04,49,-404,-237,0,3.09,0.12,0.0499,0.1103,38.52,54.26,29.3
186.8,flow_only,21.701,52.1376166,21.161471,87.4,52.1376188,21.1614716,29,0.48,0.874,255,-0.3353,0.3353,-0.043,-0.0507,2.918,5.126,6.56,-6.09,133.86,0.03,0.0,0.1,0.02,99695,1507,3,0.36,0.08,-0.04,0.04,49,88,183,0,3.05,0.12,0.0166,0.0777,40.63,52.87,27.96
186.9,flow_only,21.801,52.1376159,21.1614718,87.38,52.1376188,21.1614716,29,0.48,0.874,255,-0.1676,0.3352,-0.1926,0.0039,2.942,5.104,5.79,-6.17,133.51,0.03,0.0,0.04,0.06,99695,1507,3,0.36,0.08,-0.04,0.04,49,204,-132,0,3.04,0.06,0.0205,0.068,42.48,58.24,29.74
187.0,flow_only,21.901,52.1376152,21.1614728,87.36,52.1376174,21.1614734,29,0.48,1.143,255,0.0,0.3353,0.0157,0.1027,2.962,5.081,5.34,-5.83,133.47,0.03,0.0,0.1,0.02,99695,1507,3,0.36,0.08,-0.04,0.04,49,124,-266,0,3.02,0.03,0.0432,0.1014,40.57,53.71,30.33
187.099,flow_only,22.001,52.1376144,21.161474,87.33,52.1376174,21.1614734,29,0.48,1.143,255,0.0,0.3353,-0.0984,0.2186,2.968,5.058,5.08,-4.81,133.82,0.03,0.0,0.09,0.05,99695,1507,3,0.36,0.08,-0.04,0.04,49,-5,298,0,2.99,-0.04,0.0222,0.0794,43.78,53.54,32.56
187.199,flow_only,22.101,52.1376137,21.1614751,87.31,52.1376157,21.1614759,29,0.48,1.435,255,0.0,0.6705,0.0304,0.3043,2.958,5.038,4.94,-3.23,134.51,0.03,0.0,0.06,0.02,99695,1507,3,0.36,0.08,-0.04,0.04,49,128,-199,0,2.98,-0.04,0.0345,0.0861,39.75,50.42,30.35
187.3,flow_only,22.201,52.1376128,21.1614767,87.3,52.1376157,21.1614759,29,0.48,1.435,255,0.0,1.006,0.0131,0.2075,2.992,5.025,5.03,-1.85,135.45,0.03,0.0,0.0,0.04,99695,1507,3,0.36,0.08,-0.04,0.04,49,17,-117,0,2.99,-0.04,0.0184,0.0499,38.85,49.71,29.45
187.399,flow_only,22.301,52.1376119,21.1614782,87.28,52.1376136,21.1614787,29,0.48,1.548,255,0.0,1.0057,0.1108,0.1016,3.004,5.009,5.24,-1.12,136.35,0.03,0.0,0.09,0.05,99695,1507,3,0.36,0.08,-0.04,0.04,49,26,-172,0,2.97,-0.09,0.022,0.0596,33.84,44.9,26.87
187.5,flow_only,22.401,52.1376111,21.1614796,87.26,52.1376136,21.1614787,29,0.48,1.548,255,0.0,0.503,0.1062,0.0438,2.99,4.984,5.9,-0.74,137.04,0.03,0.0,0.13,0.01,99695,1507,3,0.36,0.08,-0.04,0.04,49,98,244,0,2.93,-0.14,0.0198,0.0701,32.21,44.38,25.23
187.599,flow_only,22.501,52.1376103,21.1614812,87.23,52.1376115,21.161482,29,0.48,1.693,255,0.0,0.5029,0.0535,0.072,3.0,4.952,6.27,-0.49,137.55,0.03,0.0,0.09,0.02,99695,1507,3,0.36,0.08,-0.04,0.04,49,-86,-87,0,2.9,-0.17,0.0196,0.0693,31.06,40.67,23.81
187.7,flow_only,22.601,52.1376095,21.1614825,87.19,52.1376115,21.161482,29,0.48,1.693,255,0.0,0.8383,-0.0446,0.0219,2.982,4.917,6.23,-0.12,137.9,0.03,0.0,0.1,0.04,99695,1507,3,0.36,0.08,-0.04,0.04,49,6,-124,0,2.87,-0.19,0.0285,0.0807,30.24,38.13,23.81
187.8,flow_only,22.701,52.1376086,21.161484,87.16,52.1376093,21.1614854,29,0.48,1.697,255,-0.1677,0.503,-0.1142,0.0258,2.956,4.883,5.77,-0.1,138.09,0.03,0.0,0.06,0.04,99695,1507,3,0.36,0.08,-0.04,0.04,49,112,-224,0,2.85,-0.21,0.0238,0.0685,29.55,36.76,21.96
187.9,flow_only,22.801,52.1376077,21.1614854,87.13,52.1376093,21.1614854,29,0.48,1.697,255,0.0,0.3352,-0.0291,0.0896,2.972,4.851,5.49,0.27,137.91,0.03,0.0,0.08,0.02,99695,1507,3,0.36,0.08,-0.04,0.04,49,-140,60,0,2.83,-0.19,0.0122,0.0503,28.66,39.84,23.89
188.0,flow_only,22.901,52.1376068,21.1614867,87.1,52.1376072,21.1614888,29,0.48,1.653,255,0.0,0.3353,0.0454,0.0121,2.992,4.824,5.51,0.54,137.48,0.03,0.0,0.06,0.05,99695,1507,3,0.36,0.08,-0.04,0.04,49,-153,273,0,2.81,-0.21,0.0247,0.0552,27.33,40.68,22.27
188.099,flow_only,23.001,52.1376058,21.161488,87.08,52.1376072,21.1614888,29,0.48,1.653,255,0.1677,0.3353,0.041,-0.0325,2.994,4.803,5.87,0.58,136.87,0.03,0.0,0.05,0.04,99695,1507,3,0.36,0.08,-0.04,0.04,49,112,-231,0,2.8,-0.26,0.0069,0.0298,31.26,44.01,25.4
188.199,flow_only,23.101,52.137605,21.1614892,87.06,52.1376051,21.1614921,29,0.48,1.579,255,0.0,0.503,-0.0367,-0.1187,3.048,4.784,5.72,0.14,136.04,0.03,0.0,0.06,0.05,99695,1507,3,0.36,0.08,-0.04,0.04,49,166,209,0,2.79,-0.27,0.0116,0.0319,32.14,43.69,26.59
188.3,flow_only,23.201,52.1376041,21.1614905,87.05,52.1376051,21.1614921,29,0.48,1.579,255,0.0,0.1677,-0.0837,-0.1529,3.066,4.77,5.44,-0.57,135.16,0.03,0.0,0.04,0.02,99695,1507,3,0.36,0.08,-0.04,0.04,49,-86,-219,0,2.8,-0.32,0.0158,0.0329,30.48,39.48,23.77
188.399,flow_only,23.301,52.1376034,21.1614915,87.03,52.137603,21.1614952,29,0.48,1.558,255,0.0,0.3352,0.036,-0.2192,3.1,4.755,5.46,-1.67,134.45,0.03,0.0,0.07,0.05,99695,1507,3,0.36,0.07,-0.04,0.04,49,-84,-157,0,2.79,-0.34,0.0317,0.0615,31.25,39.05,22.45
188.5,flow_only,23.401,52.1376026,21.1614928,87.02,52.137603,21.1614952,29,0.48,1.558,255,-0.1677,0.503,-0.0211,-0.1182,3.126,4.744,5.32,-2.35,133.99,0.03,0.0,0.02,0.01,99695,1507,3,0.36,0.07,-0.04,0.04,49,63,-32,0,2.8,-0.37,0.0189,0.037,32.41,39.71,22.67
188.599,flow_only,23.501,52.1376019,21.161494,87.01,52.1376008,21.1614983,29,0.48,1.677,255,0.0,0.3353,0.0208,-0.0173,3.134,4.735,5.46,-2.75,133.83,0.03,0.0,0.03,0.02,99695,1507,3,0.36,0.07,-0.04,0.04,49,33,-223,0,2.81,-0.38,0.038,0.0716,32.4,38.84,22.36
188.7,flow_only,23.601,52.1376012,21.1614953,87.01,52.1376008,21.1614983,29,0.48,1.677,255,0.0,0.3353,-0.0413,0.0088,3.154,4.73,5.45,-2.72,134.08,0.03,0.0,0.0,0.02,99695,1507,3,0.36,0.07,-0.04,0.04,49,29,326,0,2.84,-0.37,0.0179,0.0386,31.75,38.86,22.09
188.799,flow_only,23.701,52.1376004,21.1614967,87.0,52.1375984,21.1615015,29,0.48,1.757,255,0.0,0.3353,-0.0282,-0.0892,3.184,4.725,5.25,-3.09,134.4,0.03,0.0,0.02,0.01,99695,1507,3,0.36,0.06,-0.04,0.04,49,62,-121,0,2.85,-0.38,0.0286,0.058,29.74,35.81,20.25
188.9,flow_only,23.801,52.1375996,21.1614981,87.0,52.1375984,21.1615015,29,0.48,1.757,255,0.0,0.3353,0.0704,0.0699,3.202,4.723,5.52,-3.12,134.85,0.03,0.0,0.01,0.01,99695,1507,3,0.36,0.06,-0.04,0.04,49,-29,-16,0,2.87,-0.39,0.0113,0.0389,30.73,35.05,21.76
189.0,flow_only,23.901,52.1375986,21.1614995,87.0,52.137596,21.1615049,29,0.48,1.803,255,0.0,1.0059,0.0605,0.0925,3.208,4.728,5.95,-2.62,135.48,0.03,0.0,0.06,0.01,99695,1507,3,0.36,0.06,-0.04,0.04,49,137,-124,0,2.91,-0.36,0.0164,0.0638,30.05,34.29,21.64
189.1,flow_only,24.001,52.1375977,21.1615009,87.0,52.137596,21.1615049,29,0.48,1.803,255,0.0,0.8387,-0.0531,0.0368,3.22,4.728,5.83,-2.27,136.12,0.03,0.0,0.01,0.01,99695,1507,3,0.36,0.06,-0.04,0.04,49,51,79,0,2.92,-0.36,0.013,0.055,29.78,33.4,20.61
189.199,flow_only,24.101,52.1375968,21.1615023,87.0,52.1375935,21.1615084,29,0.48,1.886,255,0.0,0.3353,-0.0145,-0.0319,3.214,4.723,5.67,-2.5,136.68,0.03,0.0,0.02,0.03,99695,1507,3,0.36,0.06,-0.04,0.04,49,-87,-195,0,2.91,-0.38,0.0119,0.0453,29.0,30.77,20.02
189.299,flow_only,24.201,52.137596,21.1615036,86.99,52.1375935,21.1615084,29,0.48,1.886,255,0.0,0.3353,0.0082,-0.0409,3.204,4.716,5.8,-2.58,137.11,0.03,0.0,0.0,0.02,99695,1507,3,0.36,0.06,-0.04,0.04,49,-10,-209,0,2.92,-0.36,0.0256,0.0618,29.25,36.02,21.3
189.4,flow_only,24.301,52.137595,21.1615049,86.98,52.1375909,21.161512,29,0.48,1.882,255,-0.1677,0.5031,-0.0473,-0.1365,3.22,4.706,5.44,-3.28,137.19,0.03,0.0,0.01,0.0,99695,1507,3,0.36,0.06,-0.04,0.04,49,108,405,0,2.91,-0.36,0.0209,0.0517,29.43,33.66,20.85
189.499,flow_only,24.401,52.137594,21.1615064,86.97,52.1375909,21.161512,29,0.48,1.882,255,0.0,0.503,0.0676,0.0546,3.216,4.693,5.57,-3.43,137.14,0.03,0.0,0.0,0.01,99695,1507,3,0.36,0.06,-0.04,0.04,49,34,-140,0,2.91,-0.38,0.0087,0.039,28.0,36.12,21.87
189.599,flow_only,24.501,52.137593,21.1615077,86.95,52.1375883,21.1615157,29,0.48,1.958,255,0.0,0.6707,0.0398,0.1624,3.204,4.674,6.02,-2.77,137.15,0.03,0.0,0.03,0.01,99695,1507,3,0.36,0.06,-0.04,0.04,49,-67,-160,0,2.89,-0.4,0.0221,0.0451,26.79,31.45,20.84
189.7,flow_only,24.601,52.137592,21.161509,86.93,52.1375883,21.1615157,29,0.48,1.958,255,0.0,0.503,-0.0447,0.0483,3.186,4.651,5.91,-2.11,137.23,0.03,0.0,0.01,0.03,99695,1507,3,0.36,0.06,-0.04,0.04,49,65,-220,0,2.88,-0.39,0.0169,0.0361,28.15,31.29,20.96
189.8,flow_only,24.701,52.137591,21.1615103,86.9,52.1375856,21.1615195,29,0.48,2.05,255,0.0,0.3352,-0.1239,-0.1158,3.158,4.622,5.39,-2.54,137.21,0.03,0.0,0.07,0.0,99695,1507,3,0.36,0.07,-0.04,0.04,49,-26,344,0,2.84,-0.42,0.0156,0.0274,26.63,32.69,24.3
189.9,flow_only,24.801,52.13759,21.1615119,86.87,52.1375856,21.1615195,29,0.48,2.05,255,-0.1677,1.0061,-0.09,0.0631,3.154,4.593,4.82,-2.51,136.86,0.03,0.0,0.02,0.0,99695,1507,3,0.36,0.07,-0.04,0.04,49,-57,233,0,2.82,-0.42,0.0278,0.049,27.55,35.52,22.93
190.0,flow_only,24.901,52.1375889,21.1615135,86.84,52.1375827,21.1615233,29,0.48,2.095,255,0.0,0.3353,-0.0974,0.0234,3.172,4.569,4.33,-2.3,136.09,0.03,0.0,0.02,0.04,99695,1507,3,0.36,0.06,-0.04,0.04,49,-18,-144,0,2.8,-0.43,0.0109,0.0203,29.49,35.69,21.96
190.1,flow_only,25.001,52.1375878,21.1615152,86.83,52.1375827,21.1615233,29,0.48,2.095,255,0.0,0.5028,0.0929,-0.0561,3.172,4.556,4.54,-2.35,135.19,0.03,0.0,0.04,0.01,99695,1507,3,0.36,0.06,-0.04,0.04,49,4,-92,0,2.82,-0.43,0.0271,0.0582,31.13,38.15,23.94
190.199,flow_only,25.101,52.1375866,21.1615168,86.83,52.1375798,21.1615272,29,0.48,2.129,255,0.1676,1.0057,0.0458,0.1513,3.178,4.551,5.01,-1.98,134.42,0.03,0.0,0.03,0.0,99695,1507,3,0.36,0.06,-0.04,0.04,49,-60,-229,0,2.83,-0.43,0.012,0.0467,33.51,39.94,23.88
190.299,flow_only,25.201,52.1375856,21.1615182,86.83,52.1375798,21.1615272,29,0.48,2.129,255,0.0,0.6706,-0.0701,0.1099,3.16,4.556,4.81,-1.13,133.95,0.03,0.0,0.05,0.0,99695,1507,3,0.36,0.06,-0.04,0.04,49,12,-269,0,2.86,-0.39,0.0249,0.0657,33.7,39.72,22.78
190.399,flow_only,25.301,52.1375844,21.1615198,86.84,52.1375769,21.1615313,29,0.48,2.152,255,0.0,0.3355,-0.006,-0.0268,3.162,4.566,4.69,-0.87,133.53,0.03,0.0,0.05,0.01,99695,1507,3,0.36,0.06,-0.04,0.04,49,109,-200,0,2.89,-0.35,0.0145,0.0648,33.97,39.58,22.54
190.499,flow_only,25.401,52.1375834,21.1615213,86.86,52.1375769,21.1615313,29,0.48,2.152,255,0.1676,0.5028,0.181,0.1106,3.174,4.582,5.5,-0.66,133.55,0.03,0.0,0.08,0.02,99695,1507,3,0.36,0.06,-0.04,0.04,49,-61,-74,0,2.92,-0.31,0.0261,0.0856,37.45,43.09,27.02
190.6,flow_only,25.501,52.1375824,21.1615228,86.87,52.1375738,21.1615355,29,0.48,2.274,255,-0.1677,0.6707,-0.1455,0.196,3.166,4.599,5.18,0.43,134.05,0.03,0.0,0.04,0.0,99695,1507,3,0.36,0.06,-0.04,0.04,49,59,221,0,2.95,-0.29,0.0165,0.078,36.66,42.1,25.37
190.7,flow_only,25.601,52.1375814,21.1615245,86.89,52.1375738,21.1615355,29,0.48,2.274,255,0.0,0.8383,0.0149,-0.0651,3.166,4.612,5.0,0.61,134.55,0.03,0.0,0.02,0.04,99695,1507,3,0.36,0.06,-0.04,0.04,49,-56,-12,0,2.96,-0.27,0.0154,0.0681,29.31,34.56,20.8
190.799,flow_only,25.701,52.1375803,21.1615262,86.9,52.1375708,21.1615398,29,0.48,2.286,255,0.0,0.5028,-0.0142,0.0139,3.184,4.624,5.07,0.45,135.19,0.03,0.0,0.04,0.02,99695,1507,3,0.36,0.06,-0.04,0.04,49,39,-225,0,2.97,-0.27,0.0181,0.0687,29.93,35.98,20.91
190.899,flow_only,25.801,52.1375794,21.1615278,86.91,52.1375708,21.1615398,29,0.48,2.286,255,0.0,0.5029,0.0034,-0.0252,3.154,4.633,5.05,0.4,135.77,0.03,0.0,0.03,0.01,99695,1507,3,0.36,0.06,-0.04,0.04,49,9,-90,0,2.99,-0.26,0.0132,0.0586,32.34,36.18,21.51
191.0,flow_only,25.901,52.1375784,21.1615294,86.92,52.1375677,21.1615442,29,0.48,2.254,255,0.0,0.6704,0.1118,-0.0849,3.174,4.641,5.23,-0.12,136.2,0.03,0.0,0.05,0.0,99695,1507,3,0.36,0.06,-0.04,0.04,49,-24,226,0,3.01,-0.23,0.0274,0.077,30.2,39.26,22.39
191.1,flow_only,26.001,52.1375774,21.161531,86.92,52.1375677,21.1615442,29,0.48,2.254,255,0.0,0.5029,0.1213,-0.0484,3.17,4.641,6.05,-0.52,136.37,0.03,0.0,0.02,0.04,99695,1507,3,0.36,0.06,-0.04,0.04,49,26,-150,0,3.0,-0.25,0.0159,0.0482,32.09,38.48,23.77
191.2,flow_only,26.101,52.1375764,21.1615325,86.9,52.1375647,21.1615485,29,0.48,2.182,255,0.0,0.503,0.0318,-0.1002,3.156,4.63,6.36,-1.04,136.41,0.03,0.0,0.03,0.01,99695,1507,3,0.36,0.06,-0.04,0.04,49,-32,-89,0,2.97,-0.26,0.0178,0.0374,31.95,38.63,23.5
191.299,flow_only,26.201,52.1375754,21.1615341,86.88,52.1375647,21.1615485,29,0.48,2.182,255,-0.1677,0.8383,-0.0404,-0.01,3.14,4.609,6.22,-1.21,136.46,0.03,0.0,0.05,0.02,99695,1507,3,0.36,0.06,-0.04,0.04,49,188,372,0,2.94,-0.28,0.0382,0.0685,35.05,42.13,25.78
191.399,flow_only,26.301,52.1375743,21.1615358,86.86,52.1375618,21.1615526,29,0.48,2.116,255,0.0,0.3353,0.0172,0.0055,3.112,4.583,6.08,-1.42,136.46,0.03,0.0,0.03,0.01,99695,1507,3,0.36,0.06,-0.04,0.04,49,22,7,0,2.92,-0.29,0.031,0.0581,33.49,39.31,25.88
191.5,flow_only,26.401,52.1375731,21.1615377,86.83,52.1375618,21.1615526,29,0.48,2.116,255,0.0,0.503,-0.0357,0.0807,3.08,4.557,6.03,-1.04,136.45,0.03,0.0,0.01,0.05,99695,1507,3,0.36,0.06,-0.04,0.04,49,16,-111,0,2.91,-0.27,0.0467,0.0857,33.03,39.25,26.22
191.6,flow_only,26.501,52.1375719,21.1615396,86.8,52.1375589,21.1615566,29,0.48,2.133,255,0.0,1.1737,-0.0264,-0.0088,3.078,4.528,6.16,-0.97,136.36,0.03,0.0,0.06,0.0,99695,1507,3,0.36,0.06,-0.04,0.04,49,-48,-91,0,2.87,-0.28,0.0519,0.099,32.59,42.98,25.68
191.7,flow_only,26.601,52.1375707,21.1615415,86.78,52.1375589,21.1615566,29,0.48,2.133,255,0.0,0.503,-0.0123,0.1233,3.076,4.502,5.67,-0.83,136.27,0.03,0.0,0.01,0.04,99695,1507,3,0.36,0.06,-0.04,0.04,49,-28,472,0,2.85,-0.29,0.07,0.1294,36.2,46.32,26.21
191.8,flow_only,26.701,52.1375694,21.1615433,86.75,52.137556,21.1615606,29,0.48,2.149,255,0.0,0.6705,-0.0443,0.2334,3.064,4.476,5.82,0.33,136.38,0.03,0.0,0.03,0.03,99695,1507,3,0.36,0.06,-0.04,0.04,49,-50,-290,0,2.82,-0.29,0.029,0.0631,35.17,43.47,25.96
191.899,flow_only,26.801,52.1375683,21.1615448,86.73,52.137556,21.1615606,29,0.48,2.149,255,-0.1676,1.0056,0.0797,0.0094,3.076,4.454,5.48,1.05,136.61,0.03,0.0,0.02,0.03,99695,1507,3,0.36,0.06,-0.04,0.04,49,-4,-219,0,2.81,-0.32,0.0107,0.0213,32.23,41.51,22.72
192.0,flow_only,26.901,52.1375672,21.1615462,86.71,52.137553,21.1615645,29,0.48,2.128,255,0.0,0.503,-0.0808,0.0198,3.082,4.438,5.6,0.84,137.06,0.03,0.0,0.02,0.03,99695,1507,3,0.36,0.06,-0.04,0.04,49,17,-168,0,2.8,-0.33,0.0222,0.0434,32.22,42.21,25.65
192.1,flow_only,27.001,52.1375661,21.1615476,86.71,52.137553,21.1615645,29,0.48,2.128,255,-0.1677,0.503,-0.1897,-0.1264,3.108,4.436,4.61,0.84,137.63,0.03,0.0,0.04,0.01,99695,1507,3,0.36,0.06,-0.04,0.04,49,233,-52,0,2.82,-0.33,0.0175,0.0285,35.04,45.78,25.45
192.2,flow_only,27.101,52.1375652,21.1615491,86.73,52.1375501,21.1615684,29,0.48,2.066,255,0.0,0.3353,0.0518,-0.0839,3.116,4.454,4.31,0.16,138.19,0.03,0.0,0.12,0.04,99695,1507,3,0.36,0.06,-0.04,0.04,49,-94,299,0,2.89,-0.28,0.0242,0.0636,34.73,49.06,27.49
192.299,flow_only,27.201,52.1375642,21.1615506,86.76,52.1375501,21.1615684,29,0.48,2.066,255,0.1677,0.503,0.1986,-0.0256,3.11,4.487,5.1,-0.1,138.61,0.03,0.0,0.11,0.01,99695,1507,3,0.36,0.06,-0.04,0.04,49,-64,63,0,2.95,-0.24,0.0257,0.0855,32.47,42.23,25.23
192.399,flow_only,27.301,52.1375631,21.161552,86.8,52.1375473,21.1615722,29,0.48,2.013,255,0.0,0.8383,0.0502,-0.0541,3.122,4.529,5.75,-0.39,138.91,0.03,0.0,0.13,0.01,99695,1507,3,0.36,0.06,-0.04,0.04,49,329,566,0,3.02,-0.17,0.0509,0.1279,31.84,39.46,23.06
192.499,flow_only,27.401,52.137562,21.1615536,86.85,52.1375473,21.1615722,29,0.48,2.013,255,0.0,0.5028,-0.0412,0.0093,3.116,4.573,5.74,-0.66,139.1,0.03,0.0,0.1,0.02,99695,1507,3,0.36,0.06,-0.04,0.04,49,-26,249,0,3.07,-0.16,0.0484,0.1305,30.05,31.78,20.07
192.599,flow_only,27.501,52.1375608,21.161555,86.89,52.1375445,21.1615758,29,0.48,1.979,255,0.0,0.5028,-0.062,0.1568,3.108,4.613,5.42,-0.05,139.3,0.03,0.0,0.07,0.02,99695,1507,3,0.36,0.06,-0.04,0.04,49,-83,-14,0,3.11,-0.08,0.03,0.1041,28.63,31.15,19.45
192.7,flow_only,27.601,52.1375596,21.1615565,86.92,52.1375445,21.1615758,29,0.48,1.979,255,0.0,1.0059,-0.0158,0.0003,3.17,4.647,5.12,0.37,139.5,0.03,0.0,0.06,0.01,99695,1507,3,0.36,0.06,-0.04,0.04,49,74,-81,0,3.14,-0.05,0.0458,0.1169,25.3,26.0,17.04
192.799,flow_only,27.701,52.1375584,21.161558,86.96,52.1375418,21.1615794,29,0.48,1.941,255,-0.1677,0.3353,-0.0887,-0.0484,3.142,4.683,4.79,0.07,139.36,0.03,0.0,0.13,0.03,99695,1507,3,0.36,0.06,-0.04,0.04,49,-115,-42,0,3.19,-0.01,0.0351,0.1139,25.88,26.58,17.07
192.899,flow_only,27.801,52.1375573,21.1615593,87.0,52.1375418,21.1615794,29,0.48,1.941,255,0.0,0.503,-0.0473,0.0797,3.122,4.721,4.57,0.21,139.03,0.03,0.0,0.13,0.01,99695,1507,3,0.36,0.06,-0.04,0.04,49,27,258,0,3.24,0.02,0.0414,0.1264,27.03,31.29,19.08
193.0,flow_only,27.901,52.1375562,21.1615607,87.03,52.1375391,21.1615828,29,0.48,1.859,255,-0.1676,0.8381,-0.0262,-0.0133,3.088,4.751,4.21,0.41,138.63,0.03,0.0,0.05,0.02,99695,1507,3,0.36,0.06,-0.04,0.04,49,101,-141,0,3.25,0.05,0.0186,0.0836,26.72,29.61,17.38
193.1,flow_only,28.001,52.1375551,21.161562,87.05,52.1375391,21.1615828,29,0.48,1.859,255,0.0,0.503,0.031,0.03,3.094,4.772,4.41,0.28,138.25,0.03,0.0,0.04,0.0,99695,1507,3,0.36,0.06,-0.04,0.04,49,-43,-53,0,3.25,0.09,0.02,0.0718,24.36,28.98,16.41
193.2,flow_only,28.101,52.137554,21.1615633,87.06,52.1375365,21.1615862,29,0.48,1.851,255,0.0,0.5029,-0.0863,-0.009,3.06,4.781,4.23,0.48,137.9,0.03,0.0,0.0,0.0,99695,1507,3,0.36,0.06,-0.04,0.04,49,211,47,0,3.23,0.08,0.0347,0.069,25.02,30.22,17.65
193.3,flow_only,28.201,52.137553,21.1615648,87.06,52.1375365,21.1615862,29,0.48,1.851,255,-0.1676,0.6705,-0.0466,0.0165,3.062,4.783,3.74,0.4,137.62,0.03,0.0,0.02,0.0,99695,1507,3,0.36,0.06,-0.04,0.04,49,-62,443,0,3.22,0.08,0.0518,0.0931,26.06,32.32,18.09
193.399,flow_only,28.301,52.1375519,21.1615664,87.05,52.137534,21.1615897,29,0.48,1.882,255,0.0,0.5029,0.0268,0.1231,3.052,4.779,3.77,0.93,137.34,0.03,0.0,0.02,0.01,99695,1507,3,0.36,0.06,-0.04,0.04,49,11,-143,0,3.19,0.08,0.0224,0.0409,26.32,30.8,19.92
193.499,flow_only,28.401,52.1375508,21.161568,87.05,52.137534,21.1615897,29,0.48,1.882,255,0.0,0.3353,-0.0377,-0.0208,3.036,4.773,3.66,1.14,136.99,0.03,0.0,0.02,0.0,99695,1507,3,0.36,0.06,-0.04,0.04,49,4,-30,0,3.18,0.05,0.0262,0.0493,27.08,32.74,20.81
193.6,flow_only,28.501,52.1375498,21.1615695,87.05,52.1375315,21.1615931,29,0.48,1.739,255,0.0,0.6707,0.0101,0.0147,3.03,4.771,3.6,1.07,136.71,0.03,0.0,0.03,0.0,99695,1507,3,0.36,0.06,-0.04,0.04,49,19,273,0,3.18,0.05,0.0296,0.0545,27.37,34.33,20.86
193.7,flow_only,28.601,52.1375488,21.1615709,87.04,52.1375315,21.1615931,29,0.48,1.739,255,0.0,0.3353,0.0561,0.0107,3.026,4.766,3.87,1.13,136.35,0.03,0.0,0.01,0.01,99695,1507,3,0.36,0.06,-0.04,0.04,49,-31,94,0,3.15,0.05,0.018,0.0365,29.9,35.05,21.26
193.8,flow_only,28.701,52.1375478,21.1615723,87.03,52.137529,21.1615963,29,0.48,1.806,255,0.0,0.3353,-0.0431,-0.0085,2.966,4.759,3.83,1.18,135.79,0.03,0.0,0.01,0.0,99695,1507,3,0.36,0.06,-0.04,0.04,49,-6,-89,0,3.14,0.04,0.0088,0.0245,29.79,33.36,20.37
193.899,flow_only,28.801,52.1375468,21.1615736,87.03,52.137529,21.1615963,29,0.48,1.806,255,0.0,0.1677,-0.0317,-0.1015,2.96,4.752,3.63,0.87,135.31,0.03,0.0,0.0,0.0,99695,1507,3,0.36,0.06,-0.04,0.04,49,-114,-39,0,3.12,0.06,0.0279,0.0542,30.12,34.5,20.48
193.999,flow_only,28.901,52.1375458,21.1615748,87.02,52.1375267,21.1615997,29,0.48,1.681,255,0.0,0.3352,-0.086,-0.0668,2.926,4.748,3.42,0.21,135.01,0.03,0.0,0.01,0.03,99695,1507,3,0.36,0.06,-0.04,0.04,49,15,82,0,3.12,0.08,0.0132,0.0303,32.67,39.75,20.92
194.099,flow_only,29.001,52.1375449,21.1615762,87.02,52.1375267,21.1615997,29,0.48,1.681,255,-0.1676,0.6705,-0.0037,0.0512,2.918,4.746,3.13,0.2,134.89,0.03,0.0,0.01,0.02,99695,1507,3,0.36,0.06,-0.04,0.04,49,96,295,0,3.11,0.11,0.0234,0.0408,29.9,38.25,20.42
194.2,flow_only,29.101,52.137544,21.1615776,87.02,52.1375245,21.161603,29,0.48,1.665,255,0.0,0.3353,0.0175,-0.0039,2.975,4.748,3.47,0.32,134.98,0.03,0.0,0.0,0.01,99695,1507,3,0.36,0.06,-0.04,0.04,49,76,-76,0,3.11,0.11,0.0119,0.0232,30.11,39.39,20.26
194.3,flow_only,29.201,52.1375432,21.161579,87.02,52.1375245,21.161603,29,0.48,1.665,255,0.0,0.3353,-0.0424,-0.0169,2.99,4.748,3.3,0.28,135.18,0.03,0.0,0.0,0.03,99695,1507,3,0.36,0.06,-0.04,0.04,49,-123,-44,0,3.11,0.05,0.0195,0.0356,30.3,35.98,20.06
194.399,flow_only,29.301,52.1375422,21.1615805,87.02,52.1375223,21.1616062,29,0.48,1.655,255,0.0,0.1677,0.1116,-0.1015,2.974,4.742,3.62,-0.2,135.37,0.03,0.0,0.06,0.01,99695,1507,3,0.36,0.06,-0.04,0.04,49,3,320,0,3.08,0.02,0.0318,0.0652,27.11,35.2,18.89
194.499,flow_only,29.401,52.1375413,21.161582,87.01,52.1375223,21.1616062,29,0.48,1.655,255,0.0,0.3354,-0.019,0.0519,2.958,4.732,3.86,-0.33,135.46,0.03,0.0,0.02,0.01,99695,1507,3,0.36,0.06,-0.04,0.04,49,-90,28,0,3.07,0.02,0.0224,0.0553,26.76,33.53,19.85
194.599,flow_only,29.501,52.1375403,21.1615835,86.99,52.1375201,21.1616095,29,0.48,1.622,255,-0.1677,0.503,-0.0205,0.051,2.948,4.719,3.63,0.05,135.63,0.03,0.0,0.04,0.03,99695,1507,3,0.36,0.06,-0.04,0.04,49,47,-164,0,3.05,0.0,0.0152,0.0537,27.22,31.86,18.93
194.7,flow_only,29.601,52.1375393,21.1615851,86.98,52.1375201,21.1616095,29,0.48,1.622,255,0.0,0.6707,-0.0218,-0.1071,2.952,4.706,3.53,-0.29,135.62,0.03,0.0,0.02,0.02,99695,1507,3,0.36,0.06,-0.04,0.04,49,33,106,0,3.04,0.01,0.0343,0.0759,28.72,29.82,19.29
194.8,flow_only,29.701,52.1375383,21.1615865,86.97,52.137518,21.1616126,29,0.48,1.55,255,0.0,0.3352,0.0247,0.0878,2.942,4.698,3.59,-0.28,135.38,0.03,0.0,0.0,0.03,99695,1507,3,0.36,0.06,-0.04,0.04,49,-154,329,0,3.03,0.01,0.036,0.0763,26.15,30.13,17.72
194.899,flow_only,29.801,52.1375373,21.1615879,86.97,52.137518,21.1616126,29,0.48,1.55,255,0.0,0.3353,0.0355,0.0359,2.972,4.694,3.77,0.2,135.09,0.03,0.0,0.0,0.01,99695,1507,3,0.36,0.06,-0.04,0.04,49,-50,-14,0,3.04,0.0,0.0228,0.051,29.91,30.47,19.72
194.999,flow_only,29.901,52.1375364,21.1615891,86.97,52.137516,21.1616156,29,0.48,1.51,255,-0.1677,0.503,-0.0857,-0.0992,2.982,4.693,3.63,-0.16,134.92,0.03,0.0,0.0,0.03,99695,1507,3,0.36,0.06,-0.04,0.04,49,12,3,0,3.04,0.01,0.0148,0.0352,29.96,34.54,21.02
195.099,flow_only,30.001,52.1375354,21.1615904,86.97,52.137516,21.1616156,29,0.48,1.51,255,-0.1677,0.3354,-0.1139,-0.0323,2.95,4.7,2.81,-0.46,134.94,0.03,0.0,0.03,0.02,99695,1507,3,0.36,0.06,-0.04,0.04,49,11,-179,0,3.06,0.0,0.0167,0.0306,33.86,33.92,21.54
195.2,flow_only,30.101,52.1375346,21.1615915,86.99,52.137514,21.1616185,29,0.48,1.437,255,0.0,0.3353,0.114,-0.0955,2.982,4.713,2.93,-0.7,135.06,0.03,0.0,0.05,0.03,99695,1507,3,0.36,0.06,-0.04,0.04,49,-4,-6,0,3.09,0.0,0.0202,0.0367,30.66,32.04,20.75
195.3,flow_only,30.201,52.1375338,21.1615925,87.01,52.137514,21.1616185,29,0.48,1.437,255,0.0,0.503,-0.0987,-0.1043,2.968,4.735,3.0,-1.23,135.35,0.03,0.0,0.08,0.01,99695,1507,3,0.36,0.06,-0.04,0.04,49,-3,214,0,3.12,0.06,0.0195,0.0463,30.57,32.25,20.08
195.4,flow_only,30.301,52.137533,21.1615936,87.04,52.1375121,21.1616214,29,0.48,1.491,255,0.0,0.1677,-0.1002,-0.0978,2.978,4.76,2.24,-1.94,135.82,0.03,0.0,0.05,0.02,99695,1507,3,0.36,0.06,-0.04,0.04,49,-39,-58,0,3.15,0.08,0.0215,0.0509,28.27,30.29,19.49
195.499,flow_only,30.401,52.1375322,21.1615947,87.06,52.1375121,21.1616214,29,0.48,1.491,255,0.0,0.1677,0.0514,-0.1549,2.975,4.784,2.45,-2.56,136.14,0.03,0.0,0.03,0.03,99695,1507,3,0.36,0.06,-0.04,0.04,49,-104,50,0,3.17,0.11,0.02,0.048,27.81,31.35,19.27
195.599,flow_only,30.501,52.1375314,21.1615958,87.09,52.1375102,21.1616244,29,0.48,1.433,255,0.0,0.1677,-0.0435,-0.0718,2.96,4.812,2.08,-3.25,136.16,0.03,0.0,0.08,0.02,99695,1507,3,0.36,0.06,-0.04,0.04,49,0,319,0,3.21,0.15,0.016,0.0517,26.86,29.2,17.96
195.7,flow_only,30.601,52.1375306,21.161597,87.12,52.1375102,21.1616244,29,0.48,1.433,255,0.0,0.3353,0.0418,0.0394,2.992,4.842,2.43,-3.28,136.3,0.03,0.0,0.06,0.03,99695,1507,3,0.36,0.06,-0.04,0.04,49,-86,-147,0,3.24,0.18,0.025,0.0641,28.18,30.49,19.1
195.799,flow_only,30.701,52.1375298,21.1615983,87.14,52.1375084,21.1616275,29,0.48,1.469,255,0.0,0.3353,0.0137,0.0313,3.022,4.869,2.54,-2.98,136.33,0.03,0.0,0.04,0.03,99695,1507,3,0.36,0.06,-0.04,0.04,49,-66,-90,0,3.25,0.2,0.0128,0.0453,27.78,28.05,18.19
195.899,flow_only,30.801,52.1375288,21.1615998,87.17,52.1375084,21.1616275,29,0.48,1.469,255,0.3352,0.5028,0.1245,-0.0384,3.016,4.894,3.08,-3.13,136.28,0.03,0.0,0.07,0.03,99695,1507,3,0.36,0.06,-0.04,0.04,49,50,-5,0,3.28,0.19,0.0171,0.0513,25.46,26.0,15.52
195.999,flow_only,30.901,52.1375279,21.1616014,87.2,52.1375066,21.1616308,29,0.48,1.554,255,0.1676,0.3352,0.1593,-0.0262,3.032,4.921,3.79,-3.3,136.25,0.03,0.0,0.07,0.05,99695,1507,3,0.36,0.05,-0.04,0.04,49,26,302,0,3.31,0.21,0.0283,0.0671,26.89,28.76,17.01
196.1,flow_only,31.001,52.1375269,21.1616031,87.22,52.1375066,21.1616308,29,0.48,1.554,255,0.1677,0.3353,0.1278,0.0014,3.044,4.946,4.44,-3.37,136.2,0.03,0.0,0.06,0.03,99695,1507,3,0.36,0.05,-0.04,0.04,49,11,-209,0,3.32,0.22,0.0102,0.0465,28.61,28.44,19.34
196.199,flow_only,31.101,52.1375261,21.1616046,87.24,52.1375047,21.1616343,29,0.48,1.529,255,0.0,0.3352,-0.0684,0.0389,3.02,4.968,4.64,-3.48,136.04,0.03,0.0,0.03,0.02,99695,1507,3,0.36,0.05,-0.04,0.04,49,12,13,0,3.34,0.22,0.0146,0.0411,28.98,30.08,18.15
196.3,flow_only,31.201,52.1375251,21.1616063,87.26,52.1375047,21.1616343,29,0.48,1.529,255,0.0,0.3352,-0.0165,-0.0524,3.046,4.984,4.61,-3.43,135.96,0.03,0.0,0.03,0.02,99695,1507,3,0.36,0.05,-0.04,0.04,49,-82,-115,0,3.34,0.23,0.0049,0.0239,31.68,35.41,19.81
196.4,flow_only,31.301,52.1375241,21.161608,87.27,52.1375029,21.1616379,29,0.48,1.627,255,0.1677,1.0059,0.0586,0.116,3.024,4.994,4.56,-3.29,135.98,0.03,0.0,0.01,0.02,99695,1507,3,0.36,0.06,-0.04,0.04,49,-13,46,0,3.33,0.23,0.0071,0.0179,29.22,36.49,19.69
196.499,flow_only,31.401,52.1375231,21.1616097,87.27,52.1375029,21.1616379,29,0.48,1.627,255,0.1676,0.8381,0.0938,0.3273,3.02,4.996,5.24,-1.71,136.05,0.03,0.0,0.02,0.03,99695,1507,3,0.36,0.06,-0.04,0.04,49,-163,-151,0,3.31,0.22,0.0247,0.045,31.85,38.94,21.37
196.599,flow_only,31.501,52.1375219,21.1616114,87.27,52.1375009,21.1616418,29,0.48,1.813,255,0.0,0.6707,-0.075,0.1765,2.96,4.995,5.06,-0.41,136.36,0.03,0.0,0.01,0.02,99695,1507,3,0.36,0.06,-0.04,0.04,49,84,-110,0,3.3,0.21,0.0131,0.0258,33.03,42.68,23.23
196.699,flow_only,31.601,52.1375207,21.1616133,87.27,52.1375009,21.1616418,29,0.48,1.813,255,0.0,1.1736,-0.0065,0.1452,2.932,4.997,4.87,0.29,136.94,0.03,0.0,0.04,0.02,99695,1507,3,0.36,0.06,-0.04,0.04,49,16,526,0,3.3,0.27,0.0183,0.0357,35.26,44.61,24.43
196.799,flow_only,31.7,52.1375195,21.1616153,87.27,52.1374987,21.161646,29,0.48,1.937,255,0.0,0.503,0.1482,0.2618,2.898,4.997,5.5,1.43,137.84,0.03,0.0,0.0,0.02,99695,1507,3,0.36,0.06,-0.04,0.04,49,54,465,0,3.28,0.27,0.0316,0.0599,34.62,42.49,25.61
196.899,flow_only,31.8,52.1375182,21.1616172,87.27,52.1374987,21.161646,29,0.48,1.937,255,0.0,0.6706,-0.1416,0.3428,2.924,4.991,5.47,3.13,138.82,0.03,0.0,0.03,0.02,99695,1507,3,0.36,0.06,-0.04,0.04,49,56,-179,0,3.24,0.29,0.0093,0.0315,34.71,41.9,25.4
196.999,flow_only,31.9,52.137517,21.1616193,87.25,52.1374964,21.1616503,29,0.48,1.958,255,-0.1676,0.5028,-0.0998,0.1281,2.914,4.974,4.73,4.41,139.51,0.03,0.0,0.11,0.01,99695,1507,3,0.36,0.06,-0.04,0.04,49,107,-188,0,3.19,0.24,0.0173,0.0674,32.04,39.87,23.36
197.099,flow_only,32.0,52.1375159,21.1616211,87.23,52.1374964,21.1616503,29,0.48,1.958,255,0.0,0.5029,-0.0008,0.0107,2.93,4.954,4.51,4.44,139.8,0.03,0.0,0.04,0.02,99695,1507,3,0.36,0.06,-0.04,0.04,49,10,-11,0,3.16,0.19,0.0214,0.0756,27.83,38.07,21.47
197.199,flow_only,32.1,52.1375148,21.1616228,87.21,52.1374941,21.1616544,29,0.48,1.824,255,0.1677,1.0059,0.0384,0.1421,2.922,4.932,4.71,4.99,140.09,0.03,0.0,0.08,0.0,99695,1507,3,0.36,0.06,-0.04,0.04,49,-80,382,0,3.12,0.15,0.019,0.0761,28.58,41.85,22.89
197.299,flow_only,32.2,52.1375137,21.1616245,87.18,52.1374941,21.1616544,29,0.48,1.824,255,0.0,0.503,0.1548,-0.0061,2.95,4.904,5.28,5.39,140.47,0.03,0.0,0.12,0.01,99695,1507,3,0.36,0.06,-0.04,0.04,49,-147,-271,0,3.06,0.08,0.0483,0.127,25.79,40.77,20.28
197.399,flow_only,32.301,52.1375127,21.1616259,87.15,52.1374919,21.1616583,29,0.48,1.723,255,0.0,0.3353,-0.0516,-0.0761,2.94,4.87,5.64,4.93,140.76,0.03,0.0,0.1,0.01,99695,1507,3,0.36,0.06,-0.04,0.04,49,-81,-80,0,3.03,0.04,0.0241,0.1048,26.1,37.41,21.4
197.499,flow_only,32.4,52.1375118,21.1616273,87.11,52.1374919,21.1616583,29,0.48,1.723,255,-0.1676,0.5028,-0.1724,-0.1037,2.924,4.836,4.84,4.4,141.08,0.03,0.0,0.1,0.02,99695,1507,3,0.36,0.06,-0.04,0.04,49,215,70,0,2.99,0.0,0.0243,0.1082,24.76,36.74,18.0
197.599,flow_only,32.5,52.1375109,21.1616288,87.08,52.13749,21.1616618,29,0.48,1.54,255,-0.1676,0.6705,-0.1557,-0.0719,2.896,4.805,4.0,3.8,141.56,0.03,0.0,0.07,0.05,99695,1507,3,0.36,0.06,-0.04,0.04,49,119,-215,0,2.96,-0.01,0.032,0.1127,26.45,32.6,18.21
197.699,flow_only,32.601,52.1375101,21.1616304,87.05,52.13749,21.1616618,29,0.48,1.54,255,0.0,0.1677,0.0018,-0.0541,2.878,4.779,3.53,3.4,141.92,0.03,0.0,0.06,0.01,99695,1507,3,0.36,0.06,-0.04,0.04,49,91,-61,0,2.95,-0.01,0.0348,0.1085,28.31,31.53,19.01
197.799,flow_only,32.701,52.1375094,21.1616318,87.04,52.1374882,21.161665,29,0.48,1.415,255,0.1676,0.3352,0.0546,-0.0422,2.888,4.767,3.78,3.0,142.23,0.03,0.0,0.02,0.03,99695,1507,3,0.36,0.06,-0.04,0.04,49,-95,-39,0,2.97,0.0,0.0278,0.0767,28.37,34.47,19.33
197.899,flow_only,32.8,52.1375086,21.1616332,87.04,52.1374882,21.161665,29,0.48,1.415,255,0.1677,0.3353,0.035,-0.0529,2.918,4.764,4.12,2.8,142.61,0.03,0.0,0.0,0.01,99695,1507,3,0.36,0.06,-0.04,0.04,49,-125,264,0,2.98,0.02,0.0064,0.0355,27.87,36.57,21.25
197.999,flow_only,32.9,52.1375078,21.1616346,87.05,52.1374865,21.1616679,29,0.48,1.36,255,0.1677,0.3353,0.0123,0.0014,2.92,4.771,4.19,2.33,142.85,0.03,0.0,0.01,0.01,99695,1507,3,0.36,0.05,-0.04,0.04,49,99,34,0,3.0,0.02,0.0169,0.0391,29.55,39.41,23.21
198.099,flow_only,33.0,52.1375071,21.161636,87.06,52.1374865,21.1616679,29,0.48,1.36,255,0.3353,0.3353,0.0362,-0.1276,2.956,4.782,4.38,1.96,142.72,0.03,0.0,0.0,0.01,99695,1507,3,0.36,0.05,-0.04,0.04,49,-74,-31,0,3.01,0.02,0.0218,0.0483,28.39,37.54,20.98
198.199,flow_only,33.1,52.1375064,21.1616375,87.08,52.1374849,21.1616708,29,0.48,1.315,255,0.0,0.1677,0.033,-0.08,2.962,4.8,4.71,1.09,142.36,0.03,0.0,0.03,0.04,99695,1507,3,0.36,0.07,-0.04,0.04,49,20,-35,0,3.05,0.03,0.0294,0.0617,27.82,35.52,20.83
198.299,flow_only,33.2,52.1375058,21.1616388,87.11,52.1374849,21.1616708,29,0.48,1.315,255,0.1677,0.3353,0.1813,0.0057,2.986,4.83,5.18,1.11,142.09,0.03,0.0,0.09,0.02,99695,1507,3,0.36,0.07,-0.04,0.04,49,47,91,0,3.1,0.07,0.0229,0.0607,29.75,37.44,20.06
198.399,flow_only,33.3,52.137505,21.1616402,87.14,52.1374833,21.1616737,29,0.48,1.365,255,0.1676,0.5029,0.0708,-0.0604,3.038,4.867,6.0,0.84,141.95,0.03,0.0,0.1,0.02,99695,1507,3,0.36,0.07,-0.04,0.04,49,117,314,0,3.16,0.12,0.0174,0.064,28.25,36.69,19.88
198.499,flow_only,33.4,52.1375042,21.1616417,87.17,52.1374833,21.1616737,29,0.48,1.365,255,0.0,0.1676,0.0318,0.047,3.032,4.898,6.38,0.73,141.94,0.03,0.0,0.01,0.02,99695,1507,3,0.36,0.07,-0.04,0.04,49,39,-199,0,3.18,0.08,0.0192,0.0585,28.24,35.95,16.36
198.599,flow_only,33.5,52.1375034,21.1616431,87.19,52.1374816,21.1616766,29,0.48,1.378,255,0.1676,0.3352,-0.0131,0.0734,3.06,4.92,6.38,1.25,141.89,0.03,0.0,0.0,0.03,99695,1507,3,0.36,0.06,-0.04,0.04,49,96,357,0,3.19,0.08,0.0137,0.0383,28.59,34.97,16.86
198.699,flow_only,33.6,52.1375025,21.1616445,87.21,52.1374816,21.1616766,29,0.48,1.378,255,0.0,0.3353,0.015,0.0251,3.068,4.936,6.33,1.47,141.82,0.03,0.0,0.02,0.03,99695,1507,3,0.36,0.06,-0.04,0.04,49,-35,-122,0,3.2,0.08,0.0069,0.029,26.22,32.0,15.72
198.799,flow_only,33.7,52.1375018,21.1616457,87.22,52.13748,21.1616794,29,0.48,1.289,255,0.0,0.1677,0.0307,-0.0189,3.06,4.947,6.52,1.53,141.76,0.03,0.0,0.01,0.02,99695,1507,3,0.36,0.06,-0.04,0.04,49,84,-37,0,3.21,0.09,0.0256,0.055,25.85,31.21,16.78
198.899,flow_only,33.8,52.1375011,21.1616469,87.23,52.13748,21.1616794,29,0.48,1.289,255,0.0,0.1677,-0.0312,-0.1869,3.064,4.955,6.45,0.8,141.48,0.03,0.0,0.01,0.04,99695,1507,3,0.36,0.06,-0.04,0.04,49,-71,-114,0,3.21,0.1,0.0226,0.0489,26.97,32.2,17.98
198.999,flow_only,33.9,52.1375005,21.1616481,87.23,52.1374784,21.1616821,29,0.48,1.242,255,0.0,0.3353,-0.0806,-0.0938,3.074,4.958,5.97,0.11,141.15,0.03,0.0,0.0,0.03,99695,1507,3,0.36,0.06,-0.04,0.04,49,33,-209,0,3.21,0.09,0.0386,0.0799,27.98,29.51,16.67
199.099,flow_only,34.0,52.1374999,21.161649,87.23,52.1374784,21.1616821,29,0.48,1.242,255,0.0,0.1676,0.0672,-0.1973,3.074,4.957,6.11,-0.69,140.72,0.03,0.0,0.0,0.01,99695,1507,3,0.36,0.06,-0.04,0.04,49,-57,108,0,3.2,0.06,0.0352,0.0711,25.47,30.11,18.76
199.199,flow_only,34.1,52.1374993,21.1616499,87.23,52.1374769,21.1616846,29,0.48,1.166,255,-0.3354,0.1677,-0.1673,-0.2593,3.058,4.951,5.59,-2.15,140.3,0.03,0.0,0.01,0.01,99695,1507,3,0.36,0.06,-0.04,0.04,49,77,90,0,3.19,0.05,0.0185,0.0402,28.02,30.08,20.26
199.299,flow_only,34.201,52.1374985,21.1616508,87.22,52.1374769,21.1616846,29,0.48,1.166,255,0.0,0.3352,-0.0888,-0.1278,3.05,4.944,4.9,-3.11,139.93,0.03,0.0,0.01,0.01,99695,1507,3,0.36,0.06,-0.04,0.04,49,-14,-7,0,3.17,0.04,0.0181,0.0372,26.19,28.93,19.0
199.399,flow_only,34.3,52.1374976,21.1616517,87.21,52.1374753,21.1616868,29,0.48,1.189,255,0.0,0.3352,-0.0518,0.0129,3.048,4.938,4.59,-3.25,139.54,0.03,0.0,0.02,0.02,99695,1507,3,0.36,0.06,-0.04,0.04,49,32,-204,0,3.18,0.04,0.019,0.0388,28.81,31.49,19.31
199.499,flow_only,34.401,52.1374968,21.1616528,87.21,52.1374753,21.1616868,29,0.48,1.189,255,0.1677,0.3353,0.1062,-0.0239,3.058,4.936,4.83,-3.29,139.16,0.03,0.0,0.0,0.03,99695,1507,3,0.36,0.06,-0.04,0.04,49,-225,307,0,3.17,0.05,0.0162,0.0349,28.24,34.53,20.31
199.599,flow_only,34.5,52.1374957,21.1616538,87.2,52.1374737,21.1616892,29,0.49,1.32,255,0.0,0.1677,-0.0188,-0.1213,3.076,4.93,5.17,-3.71,138.76,0.03,0.0,0.01,0.03,99695,1507,3,0.36,0.06,-0.04,0.04,49,-103,-33,0,3.16,0.03,0.0176,0.037,24.69,34.03,19.07
199.699,flow_only,34.601,52.1374946,21.1616551,87.2,52.1374737,21.1616892,29,0.49,1.32,255,-0.1676,0.3352,-0.1256,0.1147,3.074,4.922,4.45,-3.68,138.54,0.03,0.0,0.01,0.02,99695,1507,3,0.36,0.06,-0.04,0.04,49,118,-152,0,3.14,0.0,0.0097,0.0251,27.79,33.03,19.36
199.799,flow_only,34.701,52.1374935,21.1616564,87.19,52.1374718,21.1616919,29,0.48,1.438,255,-0.1676,1.1732,-0.0763,0.219,3.104,4.912,4.01,-2.52,138.48,0.03,0.0,0.03,0.03,99695,1507,3,0.36,0.06,-0.04,0.04,49,-55,218,0,3.12,-0.02,0.0118,0.0313,27.05,33.99,20.31
199.899,flow_only,34.801,52.1374926,21.1616578,87.17,52.1374718,21.1616919,29,0.48,1.438,255,0.0,0.3353,-0.068,0.0968,3.048,4.898,3.62,-1.71,138.13,0.03,0.0,0.02,0.03,99695,1507,3,0.36,0.06,-0.04,0.04,49,-65,-297,0,3.11,-0.05,0.0321,0.0618,25.33,31.51,18.42
199.999,flow_only,34.9,52.1374917,21.161659,87.16,52.1374699,21.1616948,29,0.48,1.508,255,-0.1676,0.5029,0.0289,0.004,3.038,4.882,3.59,-1.52,137.68,0.03,0.0,0.04,0.02,99695,1507,3,0.36,0.06,-0.04,0.04,49,51,-182,0,3.09,-0.05,0.0467,0.0943,25.16,29.1,18.64
200.099,flow_only,35.0,52.1374908,21.1616604,87.13,52.1374699,21.1616948,29,0.48,1.508,255,0.0,0.5028,0.0649,-0.16,3.012,4.86,3.97,-2.03,137.29,0.03,0.0,0.06,0.02,99695,1507,3,0.36,0.06,-0.04,0.04,49,-35,-99,0,3.06,-0.05,0.0295,0.0706,27.23,32.95,20.16
200.199,flow_only,35.1,52.1374899,21.1616617,87.1,52.1374678,21.1616977,29,0.48,1.578,255,0.0,0.3353,-0.0049,0.0317,3.018,4.829,4.07,-2.44,137.12,0.03,0.0,0.12,0.02,99695,1507,3,0.36,0.06,-0.04,0.04,49,-8,119,0,3.0,-0.08,0.0258,0.0837,28.47,35.11,19.81
200.299,flow_only,35.201,52.1374889,21.161663,87.07,52.1374678,21.1616977,29,0.48,1.578,255,0.0,0.503,-0.0542,0.1615,3.008,4.793,3.88,-1.4,137.37,0.03,0.0,0.09,0.02,99695,1507,3,0.36,0.06,-0.04,0.04,49,65,268,0,2.96,-0.12,0.0206,0.0858,29.68,34.8,19.79
200.399,flow_only,35.3,52.1374879,21.1616646,87.03,52.1374656,21.1617008,29,0.48,1.643,255,0.0,0.5028,-0.0911,0.0606,2.988,4.753,3.42,-1.0,137.74,0.03,0.0,0.11,0.02,99695,1507,3,0.36,0.06,-0.04,0.04,49,-59,-129,0,2.92,-0.17,0.0416,0.1189,27.78,36.33,19.23
200.499,flow_only,35.4,52.1374869,21.161666,86.99,52.1374656,21.1617008,29,0.48,1.643,255,0.0,0.3354,-0.0215,0.1485,3.012,4.719,3.21,-0.41,138.03,0.03,0.0,0.02,0.01,99695,1507,3,0.36,0.06,-0.04,0.04,49,63,-199,0,2.9,-0.15,0.0318,0.0903,29.25,35.26,19.97
200.599,flow_only,35.5,52.137486,21.1616675,86.97,52.1374633,21.1617041,29,0.48,1.809,255,0.0,1.0061,0.0763,0.0435,3.012,4.693,3.38,0.16,138.34,0.03,0.0,0.04,0.01,99695,1507,3,0.36,0.06,-0.04,0.04,49,-33,-207,0,2.88,-0.18,0.046,0.1082,29.8,37.91,20.72
200.699,flow_only,35.601,52.1374851,21.1616689,86.95,52.1374633,21.1617041,29,0.48,1.809,255,0.0,0.503,-0.1109,0.1109,3.052,4.673,3.21,0.38,138.79,0.03,0.0,0.0,0.02,99695,1507,3,0.36,0.06,-0.04,0.04,49,-14,-280,0,2.89,-0.19,0.0515,0.1087,32.73,38.22,23.67
200.799,flow_only,35.7,52.1374842,21.1616705,86.94,52.1374609,21.1617077,29,0.48,1.852,255,0.0,0.503,0.0091,0.1011,3.054,4.662,2.93,1.08,139.43,0.03,0.0,0.03,0.01,99695,1507,3,0.36,0.06,-0.04,0.04,49,108,-265,0,2.89,-0.22,0.0437,0.0974,31.95,40.06,22.06
200.899,flow_only,35.8,52.1374835,21.161672,86.94,52.1374609,21.1617077,29,0.48,1.852,255,0.1676,0.5029,0.1187,0.0747,3.07,4.661,3.12,1.68,140.09,0.03,0.0,0.07,0.01,99695,1507,3,0.36,0.06,-0.04,0.04,49,-25,-201,0,2.93,-0.2,0.0558,0.1162,29.75,40.62,22.54
200.999,flow_only,35.9,52.1374828,21.1616734,86.95,52.1374585,21.1617114,29,0.48,1.846,255,0.3353,0.3353,0.379,-0.081,3.08,4.671,4.96,1.52,140.48,0.03,0.0,0.04,0.01,99695,1507,3,0.36,0.06,-0.04,0.04,49,-126,419,0,2.96,-0.2,0.015,0.0468,30.58,38.73,24.82
201.099,flow_only,36.0,52.1374819,21.1616748,86.95,52.1374585,21.1617114,29,0.48,1.846,255,0.1677,0.1677,0.0112,-0.2651,3.086,4.676,5.79,0.25,140.26,0.03,0.0,0.04,0.0,99695,1507,3,0.36,0.06,-0.04,0.04,49,61,-210,0,2.95,-0.18,0.0342,0.0722,27.4,35.35,22.32
201.199,flow_only,36.1,52.1374809,21.1616762,86.94,52.137456,21.1617151,29,0.48,1.861,255,-0.1676,0.6704,-0.2174,-0.038,3.088,4.67,4.97,-0.46,140.05,0.03,0.0,0.06,0.02,99695,1507,3,0.36,0.06,-0.04,0.04,49,81,-231,0,2.94,-0.21,0.0248,0.0539,25.28,30.97,18.56
201.299,flow_only,36.2,52.13748,21.1616777,86.93,52.137456,21.1617151,29,0.48,1.861,255,-0.1677,0.503,0.0336,0.023,3.134,4.656,4.51,-0.21,140.01,0.03,0.0,0.05,0.01,99695,1507,3,0.36,0.06,-0.04,0.04,49,-52,-316,0,2.93,-0.23,0.0303,0.0645,25.55,32.74,17.81
201.399,flow_only,36.3,52.137479,21.1616791,86.91,52.1374536,21.1617188,29,0.48,1.893,255,0.0,0.503,-0.0342,0.0624,3.138,4.639,4.59,-0.3,140.0,0.03,0.0,0.05,0.01,99695,1507,3,0.36,0.06,-0.04,0.04,49,119,140,0,2.91,-0.28,0.014,0.0391,25.49,32.41,19.71
201.499,flow_only,36.4,52.137478,21.1616806,86.89,52.1374536,21.1617188,29,0.48,1.893,255,0.0,1.0059,-0.0371,0.0251,3.124,4.619,4.44,-0.06,139.82,0.03,0.0,0.01,0.0,99695,1507,3,0.36,0.06,-0.04,0.04,49,-2,-303,0,2.91,-0.3,0.0433,0.0855,27.64,33.18,19.24
201.599,flow_only,36.5,52.1374772,21.1616819,86.87,52.137451,21.1617227,29,0.48,1.984,255,0.0,0.3353,-0.0102,0.124,3.11,4.597,4.19,0.39,139.79,0.03,0.0,0.05,0.0,99695,1507,3,0.36,0.06,-0.04,0.04,49,-113,-189,0,2.89,-0.32,0.065,0.1262,27.56,35.4,19.93
201.699,flow_only,36.601,52.1374763,21.1616832,86.85,52.137451,21.1617227,29,0.48,1.984,255,0.1676,0.5028,0.1677,0.0292,3.146,4.573,4.78,0.94,139.97,0.03,0.0,0.05,0.01,99695,1507,3,0.36,0.06,-0.04,0.04,49,-18,264,0,2.87,-0.31,0.0209,0.0503,31.32,33.4,21.49
201.799,flow_only,36.7,52.1374753,21.1616845,86.82,52.1374484,21.1617266,29,0.48,2.046,255,0.0,0.8383,0.0045,-0.0821,3.142,4.548,5.27,0.81,140.1,0.03,0.0,0.01,0.01,99695,1507,3,0.36,0.06,-0.04,0.04,49,-10,-157,0,2.87,-0.33,0.0347,0.0685,30.01,37.32,20.27
201.899,flow_only,36.8,52.1374744,21.1616859,86.8,52.1374484,21.1617266,29,0.48,2.046,255,0.0,0.3353,-0.2477,0.018,3.148,4.528,4.6,0.56,140.52,0.03,0.0,0.01,0.02,99695,1507,3,0.36,0.06,-0.04,0.04,49,2,-35,0,2.87,-0.35,0.0233,0.0481,28.42,37.53,20.34
201.999,flow_only,36.901,52.1374734,21.1616875,86.79,52.1374457,21.1617307,29,0.48,2.052,255,0.0,0.6707,0.0885,0.2547,3.152,4.512,4.11,1.6,140.95,0.03,0.0,0.03,0.0,99695,1507,3,0.36,0.06,-0.04,0.04,49,35,-248,0,2.85,-0.35,0.0183,0.0437,29.17,37.88,22.29
202.099,flow_only,37.0,52.1374724,21.1616889,86.78,52.1374457,21.1617307,29,0.48,2.052,255,0.0,0.3352,0.0913,-0.207,3.154,4.502,4.69,1.53,140.88,0.03,0.0,0.03,0.01,99695,1507,3,0.36,0.06,-0.04,0.04,49,-106,551,0,2.87,-0.35,0.0202,0.0428,28.14,32.76,19.26
202.199,flow_only,37.1,52.1374711,21.1616903,86.77,52.137443,21.1617347,29,0.48,2.056,255,0.0,0.3353,-0.1384,-0.0776,3.162,4.496,4.65,0.58,140.41,0.03,0.0,0.0,0.02,99695,1507,3,0.36,0.05,-0.04,0.04,49,128,105,0,2.88,-0.34,0.0192,0.0419,25.73,34.15,19.87
202.299,flow_only,37.2,52.13747,21.1616919,86.77,52.137443,21.1617347,29,0.48,2.056,255,-0.1676,1.1734,-0.0651,0.1759,3.13,4.49,3.8,1.15,139.8,0.03,0.0,0.01,0.02,99695,1507,3,0.36,0.05,-0.04,0.04,49,34,-183,0,2.88,-0.34,0.0129,0.0301,27.88,37.22,21.29
202.399,flow_only,37.3,52.1374688,21.1616935,86.76,52.1374402,21.1617386,29,0.48,2.073,255,0.0,0.5029,-0.1009,0.0917,3.156,4.481,3.64,1.82,139.22,0.03,0.0,0.02,0.01,99695,1507,3,0.36,0.06,-0.04,0.04,49,5,-254,0,2.87,-0.36,0.0037,0.0124,31.13,36.57,19.08
202.499,flow_only,37.4,52.1374677,21.1616951,86.74,52.1374402,21.1617386,29,0.48,2.073,255,-0.1677,0.6706,-0.1226,0.2364,3.15,4.469,2.88,3.03,138.9,0.03,0.0,0.02,0.03,99695,1507,3,0.36,0.06,-0.04,0.04,49,11,-197,0,2.87,-0.35,0.0279,0.052,28.58,37.92,17.56
202.599,flow_only,37.5,52.1374667,21.1616966,86.73,52.1374373,21.1617426,29,0.48,2.173,255,0.0,0.8384,-0.0679,-0.0811,3.192,4.459,2.62,3.38,138.66,0.03,0.0,0.03,0.01,99695,1507,3,0.36,0.06,-0.04,0.04,49,55,491,0,2.89,-0.34,0.0181,0.0414,30.41,34.81,19.07
202.699,flow_only,37.6,52.1374656,21.1616983,86.73,52.1374373,21.1617426,29,0.48,2.173,255,0.0,0.3353,0.0671,0.0831,3.188,4.454,2.72,3.29,138.35,0.03,0.0,0.0,0.0,99695,1507,3,0.36,0.06,-0.04,0.04,49,-33,-262,0,2.89,-0.37,0.0083,0.0281,28.51,37.18,20.53
202.799,flow_only,37.7,52.1374646,21.1616999,86.73,52.1374344,21.1617468,29,0.48,2.136,255,0.0,0.3352,0.101,-0.1151,3.168,4.455,2.98,3.26,137.91,0.03,0.0,0.07,0.0,99695,1507,3,0.36,0.06,-0.04,0.04,49,-24,3,0,2.92,-0.34,0.0101,0.0507,27.55,38.19,20.25
202.899,flow_only,37.8,52.1374636,21.1617015,86.74,52.1374344,21.1617468,29,0.48,2.136,255,0.1676,0.838,0.0753,-0.1328,3.2,4.465,3.5,2.44,137.69,0.03,0.0,0.09,0.0,99695,1507,3,0.36,0.06,-0.04,0.04,49,65,422,0,2.97,-0.27,0.0366,0.1007,30.05,36.12,20.06
202.999,flow_only,37.9,52.1374624,21.1617031,86.76,52.1374317,21.1617509,29,0.48,2.013,255,0.0,0.503,0.116,-0.0098,3.17,4.482,3.97,2.21,137.71,0.03,0.0,0.07,0.02,99695,1507,3,0.36,0.06,-0.04,0.04,49,-70,-171,0,3.0,-0.25,0.0219,0.0879,31.31,39.3,21.37
203.099,flow_only,38.0,52.1374614,21.1617048,86.77,52.1374317,21.1617509,29,0.48,2.013,255,0.0,0.6706,-0.0322,0.1389,3.194,4.499,3.88,2.73,137.81,0.03,0.0,0.05,0.01,99695,1507,3,0.36,0.06,-0.04,0.04,49,-33,-286,0,3.02,-0.25,0.0194,0.0823,31.27,38.2,21.44
203.199,flow_only,38.1,52.1374602,21.1617065,86.79,52.1374291,21.161755,29,0.49,2.025,255,0.0,1.0057,0.0827,0.0082,3.184,4.515,4.29,3.01,138.01,0.03,0.0,0.04,0.0,99695,1507,3,0.36,0.06,-0.04,0.04,49,-73,-126,0,3.04,-0.2,0.0276,0.0913,30.93,34.21,20.3
203.299,flow_only,38.2,52.1374592,21.1617082,86.8,52.1374291,21.161755,29,0.49,2.025,255,0.1676,0.3352,0.0107,-0.1416,3.17,4.529,4.55,2.53,138.22,0.03,0.0,0.04,0.0,99695,1507,3,0.36,0.06,-0.04,0.04,49,63,335,0,3.06,-0.2,0.0445,0.1106,28.16,35.67,19.51
203.399,flow_only,38.3,52.1374581,21.1617099,86.82,52.1374266,21.1617592,29,0.49,1.917,255,0.1677,0.3353,0.0773,-0.0928,3.15,4.54,4.88,1.91,138.35,0.03,0.0,0.05,0.02,99695,1507,3,0.36,0.06,-0.04,0.04,49,-76,-88,0,3.07,-0.17,0.0272,0.0855,32.67,36.02,20.61
203.499,flow_only,38.401,52.1374572,21.1617116,86.83,52.1374266,21.1617592,29,0.49,1.917,255,0.3353,1.1736,0.1432,0.1074,3.13,4.552,5.5,2.08,138.6,0.03,0.0,0.06,0.02,99695,1507,3,0.36,0.06,-0.04,0.04,49,32,-168,0,3.09,-0.12,0.0126,0.0673,32.21,34.55,19.61
203.599,flow_only,38.5,52.1374562,21.1617133,86.84,52.1374242,21.1617632,28,0.49,1.918,255,0.1676,0.5029,0.1068,0.015,3.14,4.564,6.22,2.53,138.78,0.03,0.0,0.06,0.0,99695,1507,3,0.36,0.06,-0.04,0.04,49,-48,-95,0,3.1,-0.1,0.0381,0.0977,30.34,39.53,20.84
203.699,flow_only,38.6,52.1374552,21.1617151,86.85,52.1374242,21.1617632,28,0.49,1.918,255,0.0,0.3353,-0.0682,-0.0764,3.14,4.573,5.91,2.0,138.97,0.03,0.0,0.02,0.02,99695,1507,3,0.36,0.06,-0.04,0.04,49,266,-65,0,3.1,-0.09,0.0298,0.0761,29.58,40.85,21.3
203.799,flow_only,38.7,52.1374542,21.1617169,86.85,52.1374219,21.1617672,29,0.49,1.875,255,0.0,0.3352,0.0736,-0.0162,3.128,4.579,5.96,1.86,139.18,0.03,0.0,0.02,0.03,99695,1507,3,0.36,0.06,-0.04,0.04,49,-139,-116,0,3.1,-0.08,0.0132,0.0494,29.62,41.12,22.21
203.899,flow_only,38.8,52.1374532,21.1617185,86.86,52.1374219,21.1617672,29,0.49,1.875,255,0.0,0.3353,0.0388,0.05,3.128,4.586,6.53,1.89,139.28,0.03,0.0,0.08,0.03,99695,1507,3,0.36,0.06,-0.04,0.04,49,-148,30,0,3.13,-0.06,0.0285,0.079,30.58,37.3,21.86
203.999,flow_only,38.9,52.1374522,21.1617201,86.87,52.1374195,21.1617711,28,0.49,1.909,255,0.1676,0.8381,-0.0066,0.0976,3.142,4.595,6.45,2.5,139.41,0.03,0.0,0.03,0.0,99695,1507,3,0.36,0.06,-0.04,0.04,49,151,270,0,3.13,-0.06,0.0292,0.0722,31.46,37.55,21.19
204.099,flow_only,39.0,52.1374511,21.1617219,86.88,52.1374195,21.1617711,28,0.49,1.909,255,0.0,0.503,0.0469,0.004,3.13,4.6,6.86,2.64,139.58,0.03,0.0,0.02,0.01,99695,1507,3,0.36,0.06,-0.04,0.04,49,-95,457,0,3.12,-0.05,0.0489,0.0998,29.2,40.13,22.09
204.199,flow_only,39.1,52.13745,21.1617236,86.88,52.1374172,21.161775,29,0.48,1.87,255,0.0,0.3353,-0.0577,-0.0173,3.096,4.602,6.67,2.5,139.64,0.03,0.0,0.03,0.0,99695,1507,3,0.36,0.06,-0.04,0.04,49,-33,-142,0,3.12,-0.05,0.0252,0.0614,28.23,39.79,21.21
204.299,flow_only,39.2,52.1374488,21.1617253,86.88,52.1374172,21.161775,29,0.48,1.87,255,0.0,0.8381,0.0106,0.0159,3.078,4.602,6.51,2.47,139.61,0.03,0.0,0.01,0.04,99695,1507,3,0.36,0.06,-0.04,0.04,49,44,8,0,3.11,-0.03,0.0417,0.0857,27.05,37.73,21.71
204.399,flow_only,39.3,52.1374478,21.1617269,86.88,52.1374149,21.1617789,29,0.48,1.82,255,0.0,0.503,-0.08,0.0594,3.084,4.602,6.11,2.85,139.5,0.03,0.0,0.03,0.02,99695,1507,3,0.36,0.06,-0.04,0.04,49,58,-229,0,3.11,-0.03,0.0057,0.026,30.24,39.84,22.34
204.499,flow_only,39.4,52.1374468,21.1617284,86.88,52.1374149,21.1617789,29,0.48,1.82,255,0.0,0.503,0.0037,-0.0123,3.054,4.602,5.86,3.06,139.16,0.03,0.0,0.01,0.03,99695,1507,3,0.36,0.06,-0.04,0.04,49,53,340,0,3.11,-0.02,0.0284,0.057,27.84,37.62,20.73
204.599,flow_only,39.5,52.1374458,21.16173,86.87,52.1374126,21.1617826,29,0.48,1.786,255,0.0,0.3353,0.0177,-0.0928,3.053,4.597,5.97,2.63,138.71,0.03,0.0,0.02,0.03,99695,1507,3,0.36,0.06,-0.04,0.04,49,1,-218,0,3.09,-0.04,0.0072,0.0207,30.01,36.52,22.89
204.699,flow_only,39.601,52.1374448,21.1617315,86.86,52.1374126,21.1617826,29,0.48,1.786,255,0.0,0.3353,0.1045,-0.0409,3.054,4.584,6.39,2.25,138.52,0.03,0.0,0.06,0.03,99695,1507,3,0.36,0.06,-0.04,0.04,49,81,-57,0,3.05,-0.06,0.023,0.055,32.2,39.94,22.21
204.799,flow_only,39.7,52.1374438,21.1617332,86.84,52.1374103,21.161786,29,0.48,1.713,255,0.0,0.8383,-0.0174,0.0421,3.038,4.563,6.49,2.26,138.74,0.03,0.0,0.06,0.03,99695,1507,3,0.36,0.06,-0.04,0.04,49,-17,4,0,3.01,-0.09,0.0477,0.0991,35.22,37.29,22.87
204.899,flow_only,39.8,52.1374427,21.1617349,86.82,52.1374103,21.161786,29,0.48,1.713,255,-0.1676,1.0057,-0.158,0.0679,3.06,4.541,5.87,2.54,139.31,0.03,0.0,0.04,0.02,99695,1507,3,0.36,0.06,-0.04,0.04,49,241,-44,0,2.99,-0.1,0.0378,0.0851,34.09,37.35,22.25
204.999,flow_only,39.9,52.1374416,21.1617366,86.8,52.137408,21.1617893,29,0.48,1.673,255,0.0,0.3354,-0.0524,0.0613,3.054,4.524,5.35,2.92,140.06,0.03,0.0,0.03,0.01,99695,1507,3,0.36,0.06,-0.04,0.04,49,-2,-68,0,3.0,-0.11,0.0338,0.0708,32.96,35.56,21.82
205.099,flow_only,40.0,52.1374405,21.1617381,86.79,52.137408,21.1617893,29,0.48,1.673,255,0.0,0.3353,-0.0181,0.0083,3.028,4.519,5.23,2.94,140.59,0.03,0.0,0.05,0.02,99695,1507,3,0.36,0.06,-0.04,0.04,49,41,9,0,3.02,-0.09,0.0168,0.0363,30.21,39.09,22.33
205.199,flow_only,40.1,52.1374395,21.1617395,86.8,52.1374058,21.1617924,29,0.48,1.618,255,0.0,0.503,0.0302,0.0358,3.03,4.522,5.3,3.04,140.7,0.03,0.0,0.03,0.03,99695,1507,3,0.36,0.06,-0.04,0.04,49,34,375,0,3.03,-0.06,0.0309,0.0597,29.59,37.57,20.64
205.299,flow_only,40.2,52.1374385,21.1617408,86.8,52.1374058,21.1617924,29,0.48,1.618,255,0.1676,0.3353,0.1205,0.036,3.064,4.526,5.92,3.21,140.44,0.03,0.0,0.0,0.01,99695,1507,3,0.36,0.06,-0.04,0.04,49,-74,-135,0,3.03,-0.05,0.0041,0.0044,28.1,34.45,19.35
205.399,flow_only,40.3,52.1374375,21.161742,86.8,52.1374037,21.1617955,29,0.48,1.568,255,-0.1676,0.3352,-0.168,-0.0646,3.092,4.528,5.71,3.17,139.98,0.03,0.0,0.0,0.03,99695,1507,3,0.36,0.06,-0.04,0.04,49,-2,-104,0,3.03,-0.07,0.014,0.0195,27.55,33.38,17.28
205.499,flow_only,40.4,52.1374365,21.1617432,86.8,52.1374037,21.1617955,29,0.48,1.568,255,-0.1677,0.3353,-0.1656,-0.0729,3.074,4.525,4.49,2.72,139.7,0.03,0.0,0.06,0.02,99695,1507,3,0.36,0.06,-0.04,0.04,49,-72,-16,0,3.01,-0.13,0.0113,0.0329,25.97,34.37,18.5
205.599,flow_only,40.501,52.1374355,21.1617444,86.79,52.1374015,21.1617984,29,0.48,1.576,255,-0.1677,0.3353,-0.0844,-0.051,3.07,4.513,3.85,2.32,139.5,0.03,0.0,0.05,0.02,99695,1507,3,0.36,0.05,-0.04,0.04,49,-5,126,0,2.99,-0.15,0.0159,0.0496,25.08,34.67,18.38
205.699,flow_only,40.6,52.1374344,21.1617456,86.77,52.1374015,21.1617984,29,0.48,1.576,255,-0.1677,0.6707,-0.085,-0.0075,3.056,4.498,3.37,2.1,139.58,0.03,0.0,0.01,0.0,99695,1507,3,0.36,0.05,-0.04,0.04,49,4,279,0,2.98,-0.15,0.028,0.062,25.71,34.71,17.08
205.799,flow_only,40.701,52.1374334,21.1617469,86.76,52.1373993,21.1618012,29,0.48,1.551,255,0.0,0.3354,0.0256,0.0725,3.046,4.487,3.33,2.62,139.83,0.03,0.0,0.02,0.01,99695,1507,3,0.36,0.06,-0.04,0.04,49,26,-50,0,2.99,-0.14,0.0056,0.0211,28.99,35.05,18.36
205.899,flow_only,40.8,52.1374323,21.1617482,86.76,52.1373993,21.1618012,29,0.48,1.551,255,0.0,0.1677,0.0018,-0.1289,3.06,4.484,3.5,2.23,140.05,0.03,0.0,0.06,0.01,99695,1507,3,0.36,0.06,-0.04,0.04,49,12,355,0,3.02,-0.09,0.0252,0.0492,29.87,37.79,20.57
205.999,flow_only,40.9,52.1374313,21.1617495,86.77,52.1373972,21.1618038,29,0.48,1.479,255,0.0,0.6705,-0.039,-0.0246,3.032,4.491,3.42,1.68,140.24,0.03,0.0,0.04,0.0,99695,1507,3,0.36,0.06,-0.04,0.04,49,36,-120,0,3.04,-0.09,0.0062,0.0229,30.31,36.61,20.55
206.099,flow_only,41.0,52.1374304,21.1617507,86.78,52.1373972,21.1618038,29,0.48,1.479,255,0.0,0.3352,-0.0017,0.1137,3.052,4.502,3.24,2.06,140.48,0.03,0.0,0.04,0.0,99695,1507,3,0.36,0.06,-0.04,0.04,49,-94,-84,0,3.05,-0.08,0.0108,0.0318,30.37,37.69,19.97
206.199,flow_only,41.101,52.1374295,21.1617519,86.79,52.1373951,21.1618066,29,0.48,1.532,255,0.0,0.3353,-0.0191,-0.0227,3.054,4.515,3.2,2.35,140.66,0.03,0.0,0.03,0.01,99695,1507,3,0.36,0.06,-0.04,0.04,49,-162,-199,0,3.07,-0.04,0.0212,0.0453,28.0,38.53,20.25
206.299,flow_only,41.2,52.1374287,21.1617529,86.8,52.1373951,21.1618066,29,0.48,1.532,255,0.0,0.3353,0.0671,-0.1545,3.058,4.529,3.54,1.82,140.64,0.03,0.0,0.04,0.01,99695,1507,3,0.36,0.06,-0.04,0.04,49,-3,-8,0,3.09,-0.04,0.0213,0.0497,27.12,38.38,22.36
206.399,flow_only,41.3,52.1374277,21.1617541,86.82,52.1373931,21.1618095,29,0.48,1.477,255,0.0,0.1677,0.0363,-0.1691,3.064,4.548,3.83,0.64,140.54,0.03,0.0,0.08,0.0,99695,1507,3,0.36,0.05,-0.04,0.04,49,-100,314,0,3.12,0.0,0.0246,0.067,28.78,38.89,20.97
206.499,flow_only,41.4,52.1374268,21.1617552,86.85,52.1373931,21.1618095,29,0.48,1.477,255,0.1676,0.8382,0.0504,0.0432,3.08,4.571,4.11,0.53,140.4,0.03,0.0,0.08,0.03,99695,1507,3,0.36,0.05,-0.04,0.04,49,-75,-23,0,3.16,0.01,0.0237,0.0722,30.41,38.66,20.0
206.599,flow_only,41.5,52.1374257,21.1617566,86.87,52.1373912,21.1618126,29,0.48,1.562,255,0.0,0.8382,-0.0682,0.0309,3.086,4.595,4.09,0.84,140.31,0.03,0.0,0.05,0.01,99695,1507,3,0.35,0.05,-0.04,0.04,49,-39,-14,0,3.18,0.03,0.0262,0.0746,29.95,39.12,19.78
206.699,flow_only,41.6,52.1374245,21.161758,86.9,52.1373912,21.1618126,29,0.48,1.562,255,0.0,0.3353,-0.0757,0.0832,3.09,4.621,3.56,1.1,140.21,0.03,0.0,0.09,0.02,99695,1507,3,0.35,0.05,-0.04,0.04,49,-66,-139,0,3.21,0.05,0.0311,0.0866,32.03,37.36,20.48
206.799,flow_only,41.701,52.1374233,21.1617595,86.92,52.1373891,21.1618158,29,0.48,1.571,255,0.1677,0.503,0.0631,0.1843,3.074,4.646,3.81,1.95,140.07,0.03,0.0,0.06,0.02,99695,1507,3,0.35,0.06,-0.04,0.04,49,-53,429,0,3.23,0.07,0.053,0.123,29.98,35.23,18.1
206.899,flow_only,41.8,52.1374221,21.1617609,86.95,52.1373891,21.1618158,29,0.48,1.571,255,0.0,0.3353,-0.0949,0.0689,3.094,4.671,3.64,2.67,139.95,0.03,0.0,0.08,0.01,99695,1507,3,0.35,0.06,-0.04,0.04,49,5,-88,0,3.26,0.11,0.0246,0.081,29.96,35.14,20.99
206.999,flow_only,41.9,52.137421,21.1617624,86.97,52.1373871,21.161819,29,0.48,1.58,255,0.0,0.5028,0.0169,0.0015,3.064,4.694,3.47,2.85,139.85,0.03,0.0,0.07,0.01,99695,1507,3,0.35,0.06,-0.04,0.04,49,72,12,0,3.28,0.11,0.0143,0.0654,27.16,37.94,19.78
207.099,flow_only,42.0,52.1374199,21.1617638,86.99,52.1373871,21.161819,29,0.48,1.58,255,0.0,0.6708,-0.0621,-0.0618,3.058,4.715,3.29,2.54,139.81,0.03,0.0,0.04,0.01,99695,1507,3,0.35,0.06,-0.04,0.04,49,151,450,0,3.28,0.15,0.0173,0.0585,28.47,35.88,21.09
207.199,flow_only,42.1,52.1374189,21.1617653,87.01,52.1373852,21.1618224,29,0.48,1.582,255,0.0,0.503,0.0171,0.0906,3.04,4.732,3.21,2.88,139.89,0.03,0.0,0.04,0.01,99695,1507,3,0.35,0.06,-0.04,0.04,49,4,-112,0,3.28,0.17,0.0084,0.038,27.11,37.54,18.59
207.299,flow_only,42.2,52.1374181,21.1617667,87.02,52.1373852,21.1618224,29,0.48,1.582,255,0.0,0.3352,0.081,-0.085,3.032,4.742,3.57,3.08,139.92,0.03,0.0,0.0,0.02,99695,1507,3,0.35,0.06,-0.04,0.04,49,91,-188,0,3.27,0.16,0.0338,0.065,28.46,37.23,18.35
207.399,flow_only,42.3,52.1374173,21.1617681,87.02,52.1373833,21.1618258,29,0.48,1.522,255,0.1677,0.503,0.0475,-0.1132,3.018,4.748,3.99,2.42,139.88,0.03,0.0,0.04,0.01,99695,1507,3,0.35,0.06,-0.04,0.04,49,10,-130,0,3.27,0.17,0.0195,0.0403,28.4,38.05,19.45
207.499,flow_only,42.4,52.1374165,21.1617695,87.03,52.1373833,21.1618258,29,0.48,1.522,255,0.1677,0.3353,0.1106,-0.0522,2.994,4.751,4.39,1.97,139.92,0.03,0.0,0.0,0.03,99695,1507,3,0.35,0.06,-0.04,0.04,49,-104,351,0,3.25,0.17,0.0201,0.0393,29.29,38.5,19.21
207.599,flow_only,42.5,52.1374155,21.161771,87.03,52.1373817,21.1618292,29,0.48,1.511,255,0.0,0.1677,-0.0785,-0.0822,3.004,4.752,4.52,1.59,139.91,0.03,0.0,0.01,0.01,99695,1507,3,0.35,0.06,-0.04,0.04,49,231,307,0,3.25,0.17,0.0308,0.0505,31.09,38.9,21.84
207.699,flow_only,42.601,52.1374146,21.1617727,87.03,52.1373817,21.1618292,29,0.48,1.511,255,0.0,0.8383,-0.0115,0.0888,3.014,4.755,4.04,1.61,139.82,0.03,0.0,0.01,0.02,99695,1507,3,0.35,0.06,-0.04,0.04,49,45,-69,0,3.24,0.17,0.0139,0.0228,29.95,37.6,21.75
207.799,flow_only,42.7,52.1374137,21.1617743,87.04,52.13738,21.1618327,29,0.48,1.509,255,0.1677,0.3353,0.0823,0.0298,2.994,4.763,4.42,2.0,139.69,0.03,0.0,0.06,0.01,99695,1507,3,0.35,0.06,-0.04,0.04,49,43,-193,0,3.26,0.17,0.0107,0.0163,32.12,38.26,21.11
207.899,flow_only,42.8,52.1374128,21.161776,87.05,52.13738,21.1618327,29,0.48,1.509,255,0.0,0.3353,0.0828,0.0328,2.966,4.773,4.96,2.18,139.54,0.03,0.0,0.03,0.01,99695,1507,3,0.35,0.06,-0.04,0.04,49,11,55,0,3.26,0.2,0.0115,0.018,30.67,41.15,23.13
207.999,flow_only,42.9,52.137412,21.1617777,87.06,52.1373782,21.1618362,29,0.48,1.545,255,0.0,0.503,-0.0175,0.0983,2.932,4.786,4.9,2.62,139.48,0.03,0.0,0.06,0.01,99695,1507,3,0.35,0.06,-0.04,0.04,49,35,-136,0,3.27,0.22,0.0129,0.0295,35.66,40.0,22.97
208.1,flow_only,43.001,52.137411,21.1617794,87.08,52.1373782,21.1618362,29,0.48,1.545,255,0.1677,0.3353,0.1203,-0.0643,2.95,4.804,5.48,2.63,139.39,0.03,0.0,0.06,0.03,99695,1507,3,0.35,0.06,-0.04,0.04,49,-111,-3,0,3.29,0.3,0.0126,0.0333,35.04,40.08,24.21
208.199,flow_only,43.1,52.1374101,21.161781,87.09,52.1373765,21.1618398,29,0.48,1.589,255,0.3353,0.8383,0.1419,0.0275,2.96,4.818,6.25,2.62,139.37,0.03,0.0,0.02,0.01,99695,1507,3,0.35,0.06,-0.04,0.04,49,-34,-48,0,3.27,0.28,0.0094,0.0147,32.86,41.62,24.06
208.299,flow_only,43.201,52.1374093,21.1617826,87.1,52.1373765,21.1618398,29,0.48,1.589,255,0.0,1.0059,-0.1324,0.0646,2.976,4.829,6.11,3.35,139.6,0.03,0.0,0.03,0.01,99695,1507,3,0.35,0.06,-0.04,0.04,49,240,286,0,3.27,0.26,0.0226,0.0342,34.69,42.75,23.84
208.399,flow_only,43.3,52.1374086,21.1617844,87.11,52.1373749,21.1618434,29,0.49,1.462,255,0.0,0.3353,0.0911,-0.1603,2.974,4.831,5.92,3.02,139.78,0.03,0.0,0.06,0.01,99695,1507,3,0.35,0.06,-0.04,0.04,49,80,-102,0,3.24,0.23,0.0346,0.0719,27.74,37.27,21.09
208.499,flow_only,43.4,52.1374079,21.1617861,87.1,52.1373749,21.1618434,29,0.49,1.462,255,0.1676,0.1676,0.1558,-0.1638,2.958,4.822,6.67,1.7,139.51,0.03,0.0,0.06,0.04,99695,1507,3,0.35,0.06,-0.04,0.04,49,-56,23,0,3.2,0.17,0.0155,0.0595,30.17,39.24,24.56
208.599,flow_only,43.5,52.1374071,21.1617878,87.07,52.1373734,21.1618467,29,0.49,1.37,255,0.3352,0.1676,0.1904,-0.1451,2.96,4.799,7.95,1.0,139.04,0.03,0.0,0.08,0.01,99695,1507,3,0.35,0.07,-0.04,0.04,49,-156,43,0,3.16,0.14,0.0202,0.0798,28.62,37.49,23.2
208.699,flow_only,43.601,52.1374063,21.1617895,87.04,52.1373734,21.1618467,29,0.49,1.37,255,0.0,0.1676,-0.1384,-0.2167,2.962,4.768,7.56,-0.39,138.38,0.03,0.0,0.08,0.02,99695,1507,3,0.35,0.07,-0.04,0.04,49,177,62,0,3.12,0.11,0.0271,0.0974,29.28,37.42,22.64
208.799,flow_only,43.7,52.1374055,21.1617911,87.02,52.1373719,21.16185,29,0.48,1.442,255,0.1677,0.6706,0.0468,0.1019,2.924,4.743,7.24,-0.35,137.93,0.03,0.0,0.04,0.01,99695,1507,3,0.35,0.08,-0.04,0.04,49,-148,-249,0,3.09,0.08,0.0304,0.099,31.17,41.14,22.8
208.899,flow_only,43.8,52.1374048,21.1617925,87.0,52.1373719,21.16185,29,0.48,1.442,255,0.3353,0.3353,0.1817,0.0035,2.93,4.725,8.27,0.03,137.56,0.03,0.0,0.03,0.02,99695,1507,3,0.35,0.08,-0.04,0.04,49,-233,12,0,3.07,0.08,0.0473,0.1056,39.51,43.52,28.21
208.999,flow_only,43.9,52.1374039,21.1617937,86.99,52.1373704,21.1618532,29,0.48,1.387,255,0.0,0.3353,-0.179,-0.0656,2.956,4.713,7.88,-0.2,137.43,0.03,0.0,0.01,0.02,99695,1507,3,0.35,0.07,-0.04,0.04,49,84,-78,0,3.08,0.09,0.0192,0.0627,39.59,42.48,28.38
209.1,flow_only,44.001,52.137403,21.1617952,86.99,52.1373704,21.1618532,29,0.48,1.387,255,0.0,0.5029,-0.0842,0.0146,2.968,4.713,7.18,-0.47,137.4,0.03,0.0,0.0,0.02,99695,1507,3,0.35,0.07,-0.04,0.04,49,148,-35,0,3.08,0.07,0.0218,0.0615,37.51,41.42,26.66
209.199,flow_only,44.1,52.1374019,21.1617966,87.0,52.1373686,21.1618562,29,0.48,1.501,255,0.0,0.503,-0.1056,0.0201,2.966,4.723,6.99,-0.48,137.79,0.03,0.0,0.02,0.02,99695,1507,3,0.36,0.07,-0.04,0.04,49,-137,23,0,3.09,0.07,0.0169,0.0408,42.77,39.43,26.75
209.299,flow_only,44.2,52.1374005,21.1617981,87.02,52.1373686,21.1618562,29,0.48,1.501,255,0.0,0.5031,0.1362,0.2468,3.0,4.747,6.82,0.35,138.34,0.03,0.0,0.1,0.02,99695,1507,3,0.36,0.07,-0.04,0.04,49,-20,-254,0,3.15,0.12,0.0106,0.0279,44.05,45.94,26.05
209.399,flow_only,44.3,52.1373993,21.1617993,87.05,52.1373665,21.1618593,29,0.48,1.658,255,0.0,1.509,-0.0854,0.4482,3.036,4.779,7.09,2.92,138.6,0.03,0.0,0.11,0.03,99695,1507,3,0.36,0.07,-0.04,0.04,49,-95,254,0,3.22,0.16,0.0272,0.0736,39.02,41.24,18.5
209.499,flow_only,44.4,52.137398,21.1618006,87.08,52.1373665,21.1618593,29,0.48,1.658,255,-0.1676,0.3352,-0.3471,0.1633,3.058,4.802,5.46,4.25,138.28,0.03,0.0,0.05,0.03,99695,1507,3,0.36,0.07,-0.04,0.04,49,286,-142,0,3.2,0.16,0.026,0.051,34.61,37.52,21.78
209.599,flow_only,44.5,52.1373971,21.161802,87.09,52.1373642,21.1618625,29,0.48,1.705,255,-0.3351,0.5027,-0.3177,0.0435,3.094,4.812,2.94,4.94,138.1,0.03,0.0,0.05,0.03,99695,1507,3,0.36,0.08,-0.04,0.04,49,140,-158,0,3.18,0.1,0.0487,0.1031,32.3,35.28,19.95
209.699,flow_only,44.6,52.1373959,21.1618034,87.11,52.1373642,21.1618625,29,0.48,1.705,255,0.1677,0.0,0.1516,-0.4086,3.11,4.832,3.99,3.53,138.31,0.03,0.0,0.07,0.01,99695,1507,3,0.36,0.08,-0.04,0.04,49,-211,169,0,3.23,0.07,0.0188,0.0405,32.66,34.85,19.82
209.799,flow_only,44.701,52.1373947,21.1618048,87.13,52.1373619,21.1618655,29,0.48,1.633,255,0.0,0.6705,-0.0675,0.4048,3.114,4.859,3.56,3.73,138.94,0.03,0.0,0.06,0.04,99695,1507,3,0.36,0.07,-0.04,0.04,49,331,-231,0,3.26,0.1,0.0302,0.0634,38.65,39.26,25.9
209.899,flow_only,44.8,52.1373937,21.1618063,87.16,52.1373619,21.1618655,29,0.48,1.633,255,-0.1677,1.0062,-0.0758,0.1957,3.185,4.886,3.28,5.71,139.39,0.03,0.0,0.09,0.04,99695,1507,3,0.36,0.07,-0.04,0.04,49,49,438,0,3.31,0.13,0.0272,0.0615,40.71,45.18,26.1
209.999,flow_only,44.9,52.1373927,21.1618081,87.19,52.1373596,21.1618685,29,0.48,1.628,255,0.3353,0.3353,0.3017,-0.016,3.194,4.918,4.14,5.53,139.88,0.03,0.0,0.11,0.02,99695,1507,3,0.36,0.08,-0.04,0.04,49,-122,-84,0,3.36,0.17,0.0179,0.0681,36.67,39.97,24.83
210.099,flow_only,45.001,52.1373917,21.1618099,87.22,52.1373596,21.1618685,29,0.48,1.628,255,0.1676,0.5027,0.1551,0.0023,3.192,4.944,5.57,5.62,140.56,0.03,0.0,0.06,0.02,99695,1507,3,0.36,0.08,-0.04,0.04,49,27,201,0,3.39,0.14,0.0191,0.0654,36.48,42.72,25.86
210.199,flow_only,45.1,52.1373907,21.1618117,87.23,52.1373575,21.1618718,29,0.48,1.643,255,0.3354,0.6707,0.2294,0.032,3.148,4.952,6.3,5.41,140.96,0.03,0.0,0.02,0.01,99695,1507,3,0.36,0.08,-0.04,0.04,49,266,233,0,3.37,0.13,0.0204,0.0414,34.44,34.87,24.16
210.299,flow_only,45.2,52.1373898,21.1618133,87.22,52.1373575,21.1618718,29,0.48,1.643,255,0.1676,0.3352,0.035,-0.0012,3.088,4.946,7.37,5.65,141.24,0.03,0.0,0.01,0.04,99695,1507,3,0.36,0.08,-0.04,0.04,49,-146,-204,0,3.35,0.16,0.0274,0.0502,36.94,37.34,25.25
210.399,flow_only,45.301,52.137389,21.1618151,87.2,52.1373556,21.1618753,29,0.48,1.566,255,0.0,0.3353,0.1587,-0.0585,3.064,4.928,7.35,5.26,141.34,0.03,0.0,0.08,0.03,99695,1507,3,0.36,0.08,-0.04,0.04,49,15,-58,0,3.29,0.16,0.0071,0.027,40.07,39.54,24.67
210.499,flow_only,45.4,52.1373882,21.1618168,87.18,52.1373556,21.1618753,29,0.48,1.566,255,0.1677,0.3353,0.142,-0.0569,3.016,4.906,8.23,5.06,141.49,0.03,0.0,0.01,0.05,99695,1507,3,0.36,0.08,-0.04,0.04,49,50,68,0,3.27,0.17,0.0102,0.0288,41.28,44.87,28.92
210.599,flow_only,45.5,52.1373874,21.1618186,87.17,52.1373539,21.161879,29,0.48,1.56,255,0.1677,0.1677,0.0978,-0.1537,3.0,4.895,9.42,4.36,141.68,0.03,0.0,0.08,0.03,99695,1507,3,0.36,0.08,-0.04,0.04,49,106,318,0,3.27,0.21,0.0144,0.0262,44.07,49.95,28.12
210.699,flow_only,45.6,52.1373865,21.1618203,87.17,52.1373539,21.161879,29,0.48,1.56,255,0.3353,0.503,0.1262,0.0528,3.036,4.891,10.33,4.05,141.87,0.03,0.0,0.05,0.0,99695,1507,3,0.36,0.08,-0.04,0.04,49,-282,-191,0,3.27,0.25,0.0242,0.0433,37.98,49.91,31.12
210.799,flow_only,45.7,52.1373857,21.1618219,87.15,52.1373523,21.1618827,29,0.48,1.49,255,0.0,0.6707,-0.127,0.026,3.032,4.879,9.68,4.37,141.81,0.03,0.0,0.08,0.0,99695,1507,3,0.36,0.08,-0.04,0.04,49,224,-144,0,3.21,0.19,0.021,0.0518,41.75,42.79,22.81
210.899,flow_only,45.8,52.137385,21.1618236,87.13,52.1373523,21.1618827,29,0.48,1.49,255,0.1677,0.1677,-0.0202,-0.1844,2.992,4.859,9.46,3.78,141.32,0.03,0.0,0.05,0.02,99695,1507,3,0.36,0.08,-0.04,0.04,49,-80,-10,0,3.17,0.12,0.0094,0.0451,35.3,45.2,29.61
210.999,flow_only,45.9,52.1373842,21.1618253,87.12,52.1373507,21.161886,29,0.48,1.385,255,0.1677,0.1677,0.0849,-0.3503,3.002,4.842,9.51,1.91,140.37,0.03,0.0,0.0,0.01,99695,1507,3,0.36,0.08,-0.04,0.04,49,73,131,0,3.16,0.12,0.0204,0.0518,42.71,47.58,29.9
211.099,flow_only,46.001,52.1373833,21.161827,87.11,52.1373507,21.161886,29,0.48,1.385,255,0.3353,0.5029,0.3644,0.2439,2.976,4.833,11.18,2.55,139.92,0.03,0.0,0.01,0.02,99695,1507,3,0.36,0.08,-0.04,0.04,49,-84,-189,0,3.13,0.1,0.0095,0.0339,49.47,55.22,38.32
211.199,flow_only,46.1,52.1373825,21.1618282,87.1,52.1373491,21.1618894,29,0.48,1.473,255,0.0,0.503,0.0316,0.1073,2.948,4.827,12.0,3.56,139.4,0.03,0.0,0.01,0.01,99695,1507,3,0.36,0.08,-0.04,0.04,49,-215,-170,0,3.13,0.12,0.0522,0.0909,52.33,58.69,36.34
211.299,flow_only,46.2,52.1373817,21.1618295,87.09,52.1373491,21.1618894,29,0.48,1.473,255,0.0,0.503,-0.125,0.0806,2.986,4.819,11.53,4.48,138.84,0.03,0.0,0.06,0.0,99695,1507,3,0.36,0.08,-0.04,0.04,49,182,399,0,3.1,0.15,0.0144,0.0482,47.76,58.88,37.52
211.399,flow_only,46.3,52.137381,21.161831,87.09,52.1373474,21.1618927,29,0.48,1.514,255,-0.3353,0.503,-0.1889,-0.0781,2.964,4.81,10.19,4.53,138.1,0.03,0.0,0.03,0.0,99695,1507,3,0.36,0.08,-0.04,0.04,49,137,-175,0,3.08,0.15,0.0325,0.0841,47.07,53.79,33.91
211.499,flow_only,46.4,52.1373803,21.1618323,87.08,52.1373474,21.1618927,29,0.48,1.514,255,0.1677,0.3353,0.1468,-0.0625,2.954,4.803,10.52,3.99,137.49,0.03,0.0,0.03,0.03,99695,1507,3,0.36,0.08,-0.04,0.04,49,-6,-143,0,3.06,0.08,0.037,0.0912,48.55,59.3,36.33
211.599,flow_only,46.5,52.1373795,21.1618337,87.07,52.1373455,21.1618958,29,0.48,1.462,255,-0.1677,0.503,-0.0916,-0.1526,2.974,4.795,10.21,3.48,137.15,0.03,0.0,0.04,0.01,99695,1507,3,0.36,0.08,-0.04,0.04,49,196,-65,0,3.05,0.06,0.0262,0.0754,46.87,62.46,34.8
211.699,flow_only,46.601,52.1373787,21.1618353,87.07,52.1373455,21.1618958,29,0.48,1.462,255,0.0,0.3353,0.0877,-0.1278,2.97,4.79,10.36,2.76,136.78,0.03,0.0,0.02,0.01,99695,1507,3,0.36,0.08,-0.04,0.04,49,-28,149,0,3.05,0.07,0.0226,0.0627,48.2,56.01,33.84
211.799,flow_only,46.7,52.1373778,21.1618368,87.06,52.1373436,21.1618985,29,0.48,1.394,255,0.1676,0.3353,0.0457,-0.0277,2.956,4.786,11.14,2.37,136.74,0.03,0.0,0.05,0.01,99695,1507,3,0.36,0.08,-0.04,0.04,49,5,108,0,3.03,0.03,0.0162,0.0599,53.95,53.1,38.52
211.899,flow_only,46.8,52.137377,21.1618383,87.05,52.1373436,21.1618985,29,0.48,1.394,255,0.0,0.6706,0.0771,0.0471,2.968,4.777,11.15,2.44,137.0,0.03,0.0,0.04,0.01,99695,1507,3,0.36,0.08,-0.04,0.04,49,77,-176,0,3.03,0.05,0.0347,0.0913,50.44,49.4,36.35
211.999,flow_only,46.9,52.1373761,21.1618397,87.04,52.1373416,21.1619013,29,0.48,1.547,255,0.0,0.3354,0.0156,-0.0148,2.952,4.762,11.19,2.45,137.14,0.03,0.0,0.07,0.01,99695,1507,3,0.36,0.08,-0.04,0.04,49,205,-157,0,3.01,0.02,0.0379,0.1035,44.85,53.94,31.54
212.099,flow_only,47.0,52.1373754,21.1618411,87.02,52.1373416,21.1619013,29,0.48,1.547,255,-0.3353,0.503,-0.1517,0.0153,2.946,4.741,10.51,2.63,137.19,0.03,0.0,0.09,0.01,99695,1507,3,0.36,0.08,-0.04,0.04,49,-165,-174,0,2.97,0.0,0.0299,0.096,36.86,54.31,28.09
212.199,flow_only,47.1,52.1373746,21.1618423,87.0,52.1373394,21.161904,29,0.48,1.574,255,0.0,0.1677,0.1816,-0.1688,2.934,4.724,10.74,2.08,137.25,0.03,0.0,0.02,0.02,99695,1507,3,0.36,0.07,-0.04,0.04,49,18,-156,0,2.96,0.0,0.0428,0.1074,40.88,55.05,29.68
212.299,flow_only,47.2,52.1373736,21.1618433,86.98,52.1373394,21.161904,29,0.48,1.574,255,0.0,0.503,-0.2937,0.0086,2.96,4.707,11.14,1.71,137.41,0.03,0.0,0.02,0.01,99695,1507,3,0.36,0.07,-0.04,0.04,49,-161,-6,0,2.96,0.0,0.0216,0.0593,41.11,53.06,31.33
212.399,flow_only,47.3,52.1373727,21.1618446,86.97,52.137337,21.1619065,29,0.48,1.638,255,-0.3352,0.5029,-0.1404,-0.067,2.938,4.697,9.71,1.4,137.5,0.03,0.0,0.02,0.01,99695,1507,3,0.36,0.07,-0.04,0.04,49,112,-136,0,2.96,0.0,0.0289,0.078,40.37,50.29,26.84
212.499,flow_only,47.401,52.1373717,21.1618457,86.96,52.137337,21.1619065,29,0.48,1.638,255,-0.1676,0.838,0.1374,0.1226,2.936,4.686,9.55,1.52,137.72,0.03,0.0,0.08,0.02,99695,1507,3,0.36,0.07,-0.04,0.04,49,-178,363,0,2.93,-0.03,0.0159,0.057,41.07,51.72,30.6
212.599,flow_only,47.5,52.1373707,21.1618467,86.94,52.1373345,21.161909,29,0.48,1.583,255,0.0,0.3352,0.0366,-0.1451,2.97,4.669,10.23,1.75,137.85,0.03,0.0,0.03,0.0,99695,1507,3,0.36,0.07,-0.04,0.04,49,-148,-199,0,2.94,-0.04,0.0329,0.0702,38.53,50.74,31.08
212.699,flow_only,47.601,52.1373697,21.1618477,86.91,52.1373345,21.161909,29,0.48,1.583,255,-0.1677,0.3353,-0.4547,-0.0477,2.982,4.64,9.18,1.4,137.57,0.03,0.0,0.1,0.02,99695,1507,3,0.36,0.07,-0.04,0.04,49,100,-235,0,2.9,-0.09,0.0197,0.0695,35.22,48.38,29.87
212.799,flow_only,47.7,52.1373686,21.1618489,86.89,52.1373321,21.1619113,29,0.48,1.552,255,-0.1677,0.1677,-0.1333,-0.2816,2.958,4.61,7.26,0.25,137.21,0.03,0.0,0.08,0.03,99695,1507,3,0.36,0.08,-0.04,0.04,49,282,-5,0,2.86,-0.14,0.0257,0.0822,41.22,49.34,31.25
212.899,flow_only,47.8,52.1373676,21.1618502,86.86,52.1373321,21.1619113,29,0.48,1.552,255,0.0,0.1677,0.2469,-0.0383,2.968,4.587,8.7,-0.35,136.77,0.03,0.0,0.08,0.05,99695,1507,3,0.36,0.08,-0.04,0.04,49,-218,-51,0,2.83,-0.15,0.0159,0.0687,55.75,85.24,42.89
212.999,flow_only,47.9,52.1373667,21.1618512,86.84,52.1373296,21.1619138,29,0.48,1.629,255,-0.3353,0.6706,-0.2278,-0.0317,3.014,4.563,8.73,-0.44,136.4,0.03,0.0,0.03,0.04,99695,1507,3,0.36,0.08,-0.04,0.04,49,157,-151,0,2.84,-0.18,0.0327,0.0757,48.03,65.53,36.33
213.099,flow_only,48.0,52.137366,21.1618524,86.83,52.1373296,21.1619138,29,0.48,1.629,255,-0.1677,0.3354,-0.0722,-0.0205,2.99,4.55,7.44,-0.33,135.39,0.03,0.0,0.05,0.04,99695,1507,3,0.36,0.08,-0.04,0.04,49,-21,-180,0,2.83,-0.23,0.0521,0.1289,48.81,55.67,35.77
213.199,flow_only,48.1,52.1373655,21.1618536,86.82,52.1373272,21.1619162,29,0.48,1.539,255,0.0,0.3353,0.2976,-0.04,3.01,4.55,7.84,-0.05,134.47,0.03,0.0,0.01,0.06,99695,1507,3,0.36,0.08,-0.04,0.04,49,-24,233,0,2.84,-0.23,0.0193,0.056,55.37,64.11,40.4
213.299,flow_only,48.2,52.1373648,21.1618546,86.84,52.1373272,21.1619162,29,0.48,1.539,255,0.3353,0.1677,0.3694,-0.309,3.07,4.566,10.1,-1.51,133.85,0.03,0.0,0.1,0.02,99695,1507,3,0.36,0.08,-0.04,0.04,49,-303,0,0,2.91,-0.15,0.0248,0.058,52.84,69.05,38.83
213.399,flow_only,48.3,52.1373638,21.1618553,86.87,52.137325,21.1619187,29,0.48,1.494,255,0.0,0.1676,-0.0301,-0.3614,3.112,4.593,10.72,-3.22,133.32,0.03,0.0,0.06,0.01,99695,1507,3,0.36,0.08,-0.04,0.04,49,-222,43,0,2.96,-0.13,0.0429,0.1129,45.99,56.79,33.7
213.499,flow_only,48.4,52.1373628,21.1618562,86.9,52.137325,21.1619187,29,0.48,1.494,255,0.0,0.0,0.1374,-0.282,3.144,4.622,10.95,-5.27,133.19,0.03,0.0,0.0,0.0,99695,1507,3,0.36,0.08,-0.04,0.04,49,96,-17,0,3.0,-0.14,0.0143,0.0559,45.1,50.27,31.02
213.599,flow_only,48.5,52.1373618,21.1618573,86.91,52.1373227,21.1619213,29,0.48,1.562,255,-0.503,0.8383,-0.216,0.2619,3.15,4.638,10.8,-4.88,133.67,0.03,0.0,0.0,0.03,99695,1507,3,0.36,0.08,-0.04,0.04,49,-72,4,0,3.01,-0.15,0.0192,0.06,40.35,48.66,28.39
213.699,flow_only,48.601,52.1373608,21.1618586,86.92,52.1373227,21.1619213,29,0.48,1.562,255,-0.1677,0.3353,-0.2045,0.0997,3.134,4.643,9.26,-3.69,134.03,0.03,0.0,0.03,0.01,99695,1507,3,0.36,0.08,-0.04,0.04,49,50,427,0,3.0,-0.14,0.0344,0.0678,33.68,38.38,23.13
213.799,flow_only,48.7,52.1373596,21.1618599,86.91,52.1373205,21.1619241,29,0.48,1.629,255,0.0,0.3353,-0.0628,0.0055,3.14,4.637,8.67,-3.58,134.29,0.03,0.0,0.06,0.02,99695,1507,3,0.36,0.08,-0.04,0.04,49,44,-27,0,2.99,-0.2,0.0165,0.0366,34.19,42.37,26.14
213.899,flow_only,48.8,52.1373584,21.1618613,86.9,52.1373205,21.1619241,29,0.48,1.629,255,0.0,0.3353,-0.1254,0.089,3.135,4.621,8.28,-3.15,134.43,0.03,0.0,0.07,0.04,99695,1507,3,0.36,0.08,-0.04,0.04,49,-46,-263,0,2.97,-0.22,0.0209,0.06,35.03,41.98,26.07
213.999,flow_only,48.9,52.1373573,21.1618626,86.87,52.137318,21.1619268,29,0.48,1.755,255,-0.1676,0.5029,-0.0865,0.1298,3.13,4.6,7.29,-2.37,134.3,0.03,0.0,0.07,0.01,99695,1507,3,0.36,0.08,-0.04,0.04,49,180,-152,0,2.94,-0.22,0.0327,0.0752,32.47,39.27,25.01
214.099,flow_only,49.0,52.1373564,21.1618639,86.86,52.137318,21.1619268,29,0.48,1.755,255,-0.1676,1.0056,-0.0069,0.0977,3.136,4.585,7.18,-1.62,134.07,0.03,0.0,0.01,0.02,99695,1507,3,0.36,0.08,-0.04,0.04,49,-64,383,0,2.95,-0.24,0.0135,0.0272,35.12,42.05,26.46
214.199,flow_only,49.1,52.1373553,21.1618653,86.86,52.1373153,21.1619296,29,0.48,1.782,255,0.0,1.0059,0.1294,0.0522,3.142,4.587,7.7,-1.27,133.82,0.03,0.0,0.15,0.02,99695,1507,3,0.36,0.08,-0.04,0.04,49,-85,-109,0,3.02,-0.17,0.0111,0.0546,35.65,39.79,26.22
214.299,flow_only,49.2,52.1373544,21.1618664,86.88,52.1373153,21.1619296,29,0.48,1.782,255,0.0,0.503,0.0141,0.2002,3.132,4.606,8.02,-0.42,133.56,0.03,0.0,0.12,0.01,99695,1507,3,0.36,0.08,-0.04,0.04,49,-30,-212,0,3.08,-0.1,0.0309,0.099,34.54,37.48,25.56
214.399,flow_only,49.3,52.1373535,21.1618674,86.91,52.1373126,21.1619325,29,0.48,1.836,255,-0.3353,0.503,-0.0893,0.1479,3.128,4.631,7.58,0.83,133.37,0.03,0.0,0.06,0.01,99695,1507,3,0.37,0.08,-0.04,0.04,49,-79,283,0,3.11,-0.1,0.0236,0.0938,33.55,38.41,25.3
214.499,flow_only,49.4,52.1373526,21.1618685,86.93,52.1373126,21.1619325,29,0.48,1.836,255,0.0,0.503,-0.077,0.0796,3.132,4.655,7.03,1.48,133.11,0.03,0.0,0.06,0.02,99695,1507,3,0.37,0.08,-0.04,0.04,49,192,-88,0,3.13,-0.04,0.0285,0.099,33.66,36.83,23.12
214.599,flow_only,49.501,52.1373515,21.1618696,86.95,52.13731,21.1619356,29,0.48,1.762,255,-0.1676,0.3352,-0.112,-0.0563,3.146,4.676,6.42,1.55,132.87,0.03,0.0,0.03,0.03,99695,1507,3,0.37,0.08,-0.04,0.04,49,-115,-173,0,3.15,-0.03,0.0219,0.088,33.6,36.29,22.96
214.699,flow_only,49.601,52.1373502,21.1618707,86.97,52.13731,21.1619356,29,0.48,1.762,255,-0.3353,0.8383,-0.066,0.0688,3.136,4.694,5.88,1.49,132.9,0.03,0.0,0.03,0.04,99695,1507,3,0.37,0.08,-0.04,0.04,49,72,-222,0,3.16,-0.04,0.0299,0.0937,36.73,41.83,26.14
214.799,flow_only,49.7,52.1373491,21.1618719,86.98,52.1373074,21.1619385,29,0.48,1.791,255,-0.1677,0.503,-0.0482,0.3519,3.11,4.708,5.39,3.14,133.54,0.03,0.0,0.02,0.01,99695,1507,3,0.37,0.08,-0.04,0.04,49,60,263,0,3.16,-0.04,0.0292,0.076,39.28,48.75,30.38
214.899,flow_only,49.8,52.1373479,21.1618731,86.99,52.1373074,21.1619385,29,0.48,1.791,255,-0.3353,0.6706,-0.1463,0.3987,3.092,4.719,4.92,5.14,134.47,0.03,0.0,0.05,0.01,99695,1507,3,0.37,0.08,-0.04,0.04,49,16,357,0,3.18,0.01,0.0413,0.1069,37.72,49.72,28.96
214.999,flow_only,49.9,52.1373467,21.1618743,87.01,52.1373048,21.1619415,29,0.48,1.724,255,-0.3353,1.3412,-0.14,0.4244,3.094,4.731,4.38,7.21,135.57,0.03,0.0,0.04,0.01,99695,1507,3,0.37,0.08,-0.04,0.04,49,26,-300,0,3.19,0.04,0.016,0.0572,36.41,46.32,27.59
215.099,flow_only,50.0,52.1373456,21.1618753,87.01,52.1373048,21.1619415,29,0.48,1.724,255,-0.1676,0.6705,-0.1797,0.3883,3.082,4.74,3.86,9.6,136.7,0.03,0.0,0.0,0.03,99695,1507,3,0.37,0.08,-0.04,0.04,49,169,-206,0,3.18,0.05,0.0134,0.0495,39.09,47.5,29.16
215.199,flow_only,50.1,52.1373448,21.1618764,87.02,52.1373023,21.1619443,29,0.48,1.59,255,0.0,0.503,0.1015,0.1726,3.116,4.748,4.04,11.01,137.69,0.03,0.0,0.07,0.0,99695,1507,3,0.37,0.08,-0.04,0.04,49,-135,-165,0,3.19,0.08,0.0162,0.0475,39.78,48.06,28.96
215.299,flow_only,50.2,52.137344,21.1618773,87.04,52.1373023,21.1619443,29,0.48,1.59,255,0.3353,0.8383,0.1152,0.069,3.102,4.761,5.04,11.51,138.52,0.03,0.0,0.09,0.01,99695,1507,3,0.37,0.08,-0.04,0.04,49,-78,-23,0,3.21,0.07,0.0173,0.0637,40.23,48.67,31.84
215.399,flow_only,50.3,52.1373433,21.1618781,87.06,52.1373001,21.161947,29,0.48,1.473,255,0.0,0.3353,-0.0901,0.0366,3.114,4.78,5.0,11.74,139.24,0.03,0.0,0.05,0.04,99695,1507,3,0.37,0.09,-0.04,0.04,49,99,-66,0,3.23,0.14,0.0148,0.0655,43.06,49.55,28.16
215.499,flow_only,50.401,52.1373428,21.161879,87.07,52.1373001,21.161947,29,0.48,1.473,255,0.1677,0.3353,0.1663,0.0696,3.102,4.797,5.54,12.05,140.02,0.03,0.0,0.0,0.04,99695,1507,3,0.37,0.09,-0.04,0.04,49,42,-28,0,3.22,0.13,0.0076,0.039,44.15,51.83,31.7
215.599,flow_only,50.5,52.1373424,21.1618798,87.09,52.1372983,21.1619494,29,0.48,1.173,255,0.3352,0.3352,0.0389,0.0354,3.072,4.815,6.28,12.2,140.74,0.03,0.0,0.07,0.03,99695,1507,3,0.37,0.09,-0.04,0.04,49,126,210,0,3.25,0.16,0.0214,0.0631,45.33,52.26,30.13
215.699,flow_only,50.601,52.137342,21.1618806,87.11,52.1372983,21.1619494,29,0.48,1.173,255,0.0,0.1677,0.1329,-0.0829,3.09,4.839,6.93,11.91,141.36,0.03,0.0,0.08,0.05,99695,1507,3,0.37,0.09,-0.04,0.04,49,-47,125,0,3.28,0.19,0.0322,0.0854,45.5,47.63,28.83
215.799,flow_only,50.701,52.1373415,21.1618812,87.14,52.1372971,21.1619515,29,0.48,0.841,255,0.1677,0.0,-0.0161,-0.1866,3.092,4.869,7.44,10.99,141.82,0.03,0.0,0.08,0.01,99695,1507,3,0.37,0.09,-0.04,0.04,49,-13,-50,0,3.31,0.27,0.0359,0.1011,39.2,47.32,30.7
215.899,flow_only,50.8,52.1373412,21.1618819,87.18,52.1372971,21.1619515,29,0.48,0.841,255,0.3353,0.0,0.245,-0.1153,3.078,4.901,8.3,9.92,142.09,0.03,0.0,0.05,0.03,99695,1507,3,0.37,0.09,-0.04,0.04,49,-93,220,0,3.33,0.27,0.0426,0.1054,41.6,46.5,28.66
215.999,flow_only,50.9,52.137341,21.1618825,87.2,52.1372964,21.1619532,29,0.48,0.645,255,0.1677,0.1677,0.0361,0.0795,3.07,4.929,8.91,10.1,142.1,0.03,0.0,0.02,0.02,99695,1507,3,0.37,0.08,-0.04,0.04,49,282,59,0,3.33,0.27,0.0431,0.0869,46.04,47.9,29.48
216.099,flow_only,51.0,52.137341,21.1618832,87.22,52.1372964,21.1619532,29,0.48,0.645,255,0.0,0.1677,0.0306,-0.0083,3.062,4.945,8.94,10.16,142.07,0.03,0.0,0.02,0.02,99695,1507,3,0.37,0.08,-0.04,0.04,49,-71,267,0,3.32,0.27,0.0479,0.0924,41.0,44.33,27.49
216.199,flow_only,51.1,52.1373408,21.1618838,87.22,52.1372959,21.1619547,29,0.48,0.447,255,0.1676,0.0,0.0729,-0.097,3.044,4.95,9.5,9.77,142.44,0.03,0.0,0.04,0.03,99695,1507,3,0.37,0.09,-0.04,0.04,49,-166,10,0,3.29,0.25,0.041,0.0871,42.79,45.42,23.55
216.299,flow_only,51.2,52.1373407,21.1618843,87.22,52.1372959,21.1619547,29,0.48,0.447,255,0.0,0.0,-0.0326,-0.0544,3.016,4.944,9.34,9.27,143.11,0.03,0.0,0.03,0.02,99695,1507,3,0.37,0.09,-0.04,0.04,49,16,58,0,3.26,0.25,0.0373,0.0776,43.01,47.88,25.76
216.399,flow_only,51.3,52.1373407,21.1618847,87.21,52.1372957,21.1619556,29,0.48,0.254,255,0.1677,0.0,0.0485,-0.0852,3.006,4.932,9.77,8.73,143.93,0.03,0.0,0.04,0.02,99695,1507,3,0.37,0.09,-0.04,0.04,49,-61,-105,0,3.22,0.22,0.0174,0.0566,43.45,50.81,30.93
216.499,flow_only,51.4,52.1373408,21.1618849,87.19,52.1372957,21.1619556,29,0.48,0.254,255,0.0,0.0,0.0183,-0.1082,2.992,4.918,9.62,8.03,144.69,0.03,0.0,0.02,0.0,99695,1507,3,0.37,0.09,-0.04,0.04,49,156,130,0,3.2,0.22,0.0232,0.0609,43.91,53.62,34.93
216.599,flow_only,51.501,52.1373409,21.1618852,87.17,52.1372957,21.1619562,29,0.48,0.174,255,0.0,0.0,-0.0019,-0.1171,2.986,4.897,9.94,7.2,145.35,0.03,0.0,0.08,0.01,99695,1507,3,0.37,0.09,-0.04,0.04,49,-126,-1,0,3.16,0.17,0.0223,0.0747,47.86,48.35,34.04
216.7,flow_only,51.601,52.137341,21.1618852,87.15,52.1372957,21.1619562,29,0.48,0.174,255,0.0,-0.1676,-0.0009,-0.1149,2.975,4.874,9.91,6.46,145.89,0.03,0.0,0.03,0.09,99695,1507,3,0.37,0.09,-0.04,0.04,49,-191,16,0,3.13,0.14,0.0286,0.0748,46.98,51.11,36.44
216.799,flow_only,51.701,52.1373412,21.1618851,87.13,52.137296,21.1619565,29,0.48,0.149,255,0.1676,0.0,0.0483,-0.037,2.968,4.851,10.2,5.95,146.57,0.03,0.0,0.06,0.15,99695,1507,3,0.37,0.1,-0.04,0.04,49,-69,-147,0,3.09,0.11,0.0265,0.0713,55.44,52.66,40.53
216.899,flow_only,51.801,52.1373415,21.1618848,87.11,52.137296,21.1619565,29,0.48,0.149,255,0.0,-0.1677,-0.0949,-0.1584,2.962,4.834,9.86,5.13,147.28,0.03,0.0,0.0,0.18,99695,1507,3,0.37,0.1,-0.04,0.04,49,17,46,0,3.08,0.1,0.0222,0.0558,54.3,61.84,39.15
216.999,flow_only,51.901,52.1373419,21.1618845,87.1,52.1372963,21.1619565,29,0.48,0.203,255,0.0,-0.1676,0.1151,-0.2003,2.952,4.83,10.27,4.03,148.07,0.03,0.0,0.0,0.16,99695,1507,3,0.37,0.11,-0.04,0.04,49,-31,123,0,3.08,0.1,0.0151,0.0434,54.67,62.67,39.05
217.099,flow_only,52.001,52.1373423,21.1618843,87.11,52.1372963,21.1619565,29,0.48,0.203,255,0.0,-0.1677,-0.0206,-0.1289,2.942,4.836,10.84,2.71,148.91,0.03,0.0,0.04,0.15,99695,1507,3,0.37,0.11,-0.04,0.04,49,-15,206,0,3.11,0.13,0.0128,0.0274,56.42,67.32,38.61
217.199,flow_only,52.101,52.1373425,21.1618842,87.12,52.1372966,21.1619563,29,0.48,0.163,255,-0.1676,-0.1676,-0.0939,-0.0671,2.932,4.845,10.38,2.14,150.02,0.03,0.0,0.0,0.07,99695,1507,3,0.37,0.12,-0.04,0.04,49,38,22,0,3.11,0.15,0.0158,0.0309,49.12,61.93,35.52
217.3,flow_only,52.201,52.1373427,21.1618839,87.14,52.1372966,21.1619563,29,0.48,0.163,255,0.0,-0.1677,0.0692,-0.0341,2.946,4.861,10.13,1.65,151.07,0.03,0.0,0.04,0.01,99695,1507,3,0.37,0.12,-0.04,0.04,49,-88,190,0,3.14,0.17,0.0277,0.0563,46.28,51.93,33.05
217.4,flow_only,52.301,52.1373427,21.1618836,87.16,52.1372969,21.1619562,29,0.48,0.139,255,-0.1676,0.0,-0.078,-0.0121,2.972,4.881,10.31,1.32,152.0,0.03,0.0,0.03,0.01,99695,1507,3,0.37,0.1,-0.04,0.04,49,-25,-47,0,3.16,0.18,0.0246,0.0555,46.71,54.54,30.94
217.5,flow_only,52.401,52.1373428,21.1618833,87.18,52.1372969,21.1619562,29,0.48,0.139,255,0.0,0.0,-0.0548,0.2442,2.984,4.904,9.84,1.85,153.11,0.03,0.0,0.04,0.01,99695,1507,3,0.37,0.1,-0.04,0.04,49,108,-43,0,3.18,0.2,0.0187,0.0368,43.51,50.52,30.99
217.599,flow_only,52.501,52.1373428,21.1618831,87.2,52.1372971,21.1619559,29,0.48,0.197,255,-0.1677,0.1677,-0.0797,-0.0055,2.988,4.926,9.46,2.51,154.12,0.03,0.0,0.03,0.01,99695,1507,3,0.37,0.1,-0.04,0.04,49,-99,-1,0,3.2,0.19,0.0072,0.0269,39.93,43.95,26.81
217.699,flow_only,52.601,52.137343,21.1618829,87.22,52.1372971,21.1619559,29,0.48,0.197,255,-0.3353,0.0,-0.1247,0.0214,2.986,4.949,8.65,2.17,154.86,0.03,0.0,0.04,0.0,99695,1507,3,0.37,0.1,-0.04,0.04,49,143,160,0,3.23,0.21,0.0199,0.0388,34.62,43.52,23.94
217.8,flow_only,52.701,52.1373431,21.1618826,87.25,52.1372974,21.1619554,29,0.48,0.235,255,0.0,-0.1677,0.1036,-0.0206,2.994,4.974,8.88,2.19,155.53,0.03,0.0,0.04,0.01,99695,1507,3,0.37,0.1,-0.04,0.04,49,55,56,0,3.25,0.23,0.01,0.0357,38.46,39.13,22.93
217.899,flow_only,52.801,52.1373432,21.1618823,87.28,52.1372974,21.1619554,29,0.48,0.235,255,0.0,0.0,0.1746,-0.0156,3.008,5.0,9.58,1.97,156.09,0.03,0.0,0.07,0.01,99695,1507,3,0.37,0.1,-0.04,0.04,49,215,-48,0,3.29,0.26,0.0126,0.0398,36.44,38.92,23.4
217.999,flow_only,52.901,52.1373435,21.1618821,87.29,52.1372977,21.161955,29,0.48,0.226,255,0.1677,-0.1677,0.1037,-0.106,3.007,5.018,10.23,1.54,156.25,0.03,0.0,0.01,0.01,99695,1507,3,0.37,0.1,-0.04,0.04,49,79,-24,0,3.29,0.26,0.0082,0.0293,35.42,38.92,27.73
218.099,flow_only,53.001,52.1373436,21.1618818,87.29,52.1372977,21.161955,29,0.48,0.226,255,-0.1677,-0.503,-0.0931,-0.1708,3.014,5.012,9.95,0.68,156.03,0.03,0.0,0.11,0.01,99695,1507,3,0.37,0.1,-0.04,0.04,49,67,108,0,3.24,0.2,0.0153,0.0388,30.84,37.9,24.98
218.199,flow_only,53.101,52.1373439,21.1618815,87.26,52.1372981,21.1619545,29,0.48,0.332,255,-0.1676,-0.3352,-0.1018,-0.1968,3.004,4.989,9.38,-0.22,155.62,0.03,0.0,0.1,0.01,99695,1507,3,0.37,0.07,-0.04,0.04,49,95,-45,0,3.19,0.14,0.017,0.0612,30.07,41.97,25.73
218.299,flow_only,53.201,52.1373443,21.1618812,87.23,52.1372981,21.1619545,29,0.48,0.332,255,0.0,-0.1676,-0.0141,-0.1073,2.958,4.955,9.21,-0.97,154.93,0.03,0.0,0.12,0.01,99695,1507,3,0.37,0.07,-0.04,0.04,49,-119,152,0,3.13,0.08,0.0196,0.0817,31.88,46.01,29.43
218.4,flow_only,53.301,52.1373445,21.1618808,87.19,52.1372986,21.1619539,29,0.48,0.356,255,0.0,-0.3353,-0.0014,-0.1162,2.936,4.915,9.16,-1.5,154.09,0.03,0.0,0.09,0.02,99695,1507,3,0.37,0.07,-0.04,0.04,49,79,-66,0,3.07,0.07,0.0206,0.0905,32.87,47.82,29.95
218.5,flow_only,53.401,52.1373447,21.1618805,87.15,52.1372986,21.1619539,29,0.48,0.356,255,-0.1677,-0.1677,-0.1313,-0.074,2.954,4.875,8.87,-1.76,153.16,0.03,0.0,0.06,0.01,99695,1507,3,0.37,0.07,-0.04,0.04,49,49,203,0,3.04,0.05,0.0351,0.1073,35.41,41.35,29.32
218.6,flow_only,53.501,52.1373447,21.1618803,87.11,52.1372991,21.1619533,29,0.48,0.332,255,-0.1677,-0.1677,-0.1652,-0.0686,2.944,4.838,7.99,-1.99,152.34,0.03,0.0,0.09,0.02,99695,1507,3,0.37,0.07,-0.04,0.04,49,178,44,0,2.99,0.04,0.0319,0.1031,37.98,48.2,31.07
218.699,flow_only,53.601,52.1373448,21.1618801,87.09,52.1372991,21.1619533,29,0.48,0.332,255,0.0,-0.1676,0.114,-0.0903,2.958,4.813,8.05,-2.45,151.28,0.03,0.0,0.02,0.0,99695,1507,3,0.37,0.07,-0.04,0.04,49,-218,-113,0,2.98,-0.02,0.0141,0.0682,43.2,57.82,32.14
218.8,flow_only,53.701,52.1373449,21.1618797,87.07,52.1372995,21.1619525,29,0.48,0.365,255,0.0,-0.1676,0.0128,-0.0702,2.974,4.796,8.42,-2.7,150.18,0.03,0.0,0.02,0.01,99695,1507,3,0.37,0.08,-0.04,0.04,49,93,38,0,2.97,-0.03,0.013,0.0561,40.91,59.94,34.37
218.899,flow_only,53.801,52.137345,21.1618795,87.06,52.1372995,21.1619525,29,0.48,0.365,255,0.0,-0.1677,0.0251,0.004,2.978,4.784,8.6,-2.6,149.22,0.03,0.0,0.03,0.01,99695,1507,3,0.37,0.08,-0.04,0.04,49,1,154,0,2.97,-0.05,0.0161,0.0568,40.99,54.97,32.51
218.999,flow_only,53.901,52.1373449,21.1618793,87.05,52.1372999,21.1619518,29,0.48,0.284,255,0.0,-0.1676,-0.1606,-0.0454,2.986,4.775,8.5,-2.66,148.23,0.03,0.0,0.02,0.01,99695,1507,3,0.37,0.08,-0.04,0.04,49,-15,116,0,2.97,-0.06,0.0251,0.0654,41.98,50.45,32.76
219.099,flow_only,54.001,52.1373448,21.1618791,87.05,52.1372999,21.1619518,29,0.48,0.284,255,0.0,0.0,0.0413,0.1007,2.994,4.772,8.2,-2.48,147.59,0.03,0.0,0.02,0.01,99695,1507,3,0.37,0.08,-0.04,0.04,49,-214,-40,0,2.97,-0.07,0.02,0.0433,46.07,54.85,34.12
219.199,flow_only,54.101,52.1373447,21.1618789,87.05,52.1373001,21.1619513,29,0.48,0.11,255,0.0,0.0,0.0217,0.1546,3.02,4.779,8.57,-1.61,147.43,0.03,0.0,0.06,0.02,99695,1507,3,0.37,0.13,-0.04,0.04,49,-59,80,0,3.01,-0.03,0.0199,0.0374,45.87,59.84,35.46
219.299,flow_only,54.201,52.1373446,21.1618787,87.07,52.1373001,21.1619513,29,0.48,0.11,255,0.0,0.1677,-0.0402,0.2626,3.035,4.796,8.38,-0.24,147.74,0.03,0.0,0.04,0.02,99695,1507,3,0.37,0.13,-0.04,0.04,49,14,-48,0,3.05,-0.01,0.0226,0.0498,46.14,53.34,32.36
219.4,flow_only,54.301,52.1373447,21.1618786,87.09,52.1373001,21.1619512,29,0.48,0.031,255,0.0,0.0,0.0341,0.0464,3.045,4.818,7.97,0.41,148.07,0.03,0.0,0.05,0.02,99695,1507,3,0.37,0.12,-0.04,0.04,49,80,-101,0,3.09,0.0,0.0319,0.0771,41.25,47.62,29.4
219.5,flow_only,54.401,52.1373447,21.1618785,87.12,52.1373001,21.1619512,29,0.48,0.031,255,0.0,0.0,0.0863,-0.0717,3.06,4.844,8.51,-0.01,148.34,0.03,0.0,0.05,0.03,99695,1507,3,0.37,0.12,-0.04,0.04,49,-100,91,0,3.13,0.02,0.0165,0.0602,36.54,48.74,28.83
219.6,flow_only,54.501,52.1373446,21.1618784,87.15,52.1373001,21.1619513,29,0.48,0.104,255,0.0,0.0,0.0236,0.0354,3.08,4.873,8.75,-0.1,148.8,0.03,0.0,0.05,0.0,99695,1507,3,0.37,0.12,-0.04,0.04,49,-71,47,0,3.16,0.05,0.0171,0.065,36.99,49.92,27.64
219.7,flow_only,54.601,52.1373444,21.1618784,87.18,52.1373001,21.1619513,29,0.48,0.104,255,0.0,0.0,-0.0435,0.1061,3.084,4.901,8.72,0.1,149.46,0.03,0.0,0.05,0.02,99695,1507,3,0.37,0.12,-0.04,0.04,49,-55,113,0,3.2,0.07,0.018,0.0706,39.04,45.63,28.46
219.799,flow_only,54.701,52.1373442,21.1618784,87.2,52.1373,21.1619517,29,0.48,0.141,255,0.0,0.1677,-0.0372,0.1879,3.08,4.928,8.6,0.95,150.23,0.03,0.0,0.04,0.01,99695,1507,3,0.37,0.08,-0.04,0.04,49,30,0,0,3.22,0.09,0.015,0.0624,35.85,48.27,24.83
219.899,flow_only,54.801,52.137344,21.1618786,87.23,52.1373,21.1619517,29,0.48,0.141,255,-0.1676,0.5029,0.0271,0.3581,3.07,4.954,8.43,2.4,151.11,0.03,0.0,0.06,0.01,99695,1507,3,0.37,0.08,-0.04,0.04,49,-1,238,0,3.25,0.12,0.0202,0.072,33.95,45.58,24.1
219.999,flow_only,54.901,52.1373438,21.1618788,87.25,52.1373,21.1619522,29,0.48,0.171,255,0.0,0.1676,0.0103,0.1919,3.078,4.978,8.86,3.78,152.03,0.03,0.0,0.04,0.02,99695,1507,3,0.37,0.09,-0.04,0.04,49,-148,-51,0,3.27,0.12,0.0166,0.0656,32.7,43.43,23.61
220.099,flow_only,55.001,52.1373437,21.1618788,87.27,52.1373,21.1619522,29,0.48,0.171,255,0.0,0.1676,-0.0183,0.2608,3.104,4.995,9.06,4.65,153.01,0.03,0.0,0.04,0.0,99695,1507,3,0.37,0.09,-0.04,0.04,49,-49,-168,0,3.29,0.18,0.0234,0.0677,33.61,43.29,25.44
220.199,flow_only,55.101,52.1373437,21.1618789,87.27,52.1372999,21.1619527,29,0.48,0.203,255,-0.1676,0.3352,-0.0552,0.166,3.108,4.999,8.93,5.73,153.88,0.03,0.0,0.04,0.01,99695,1507,3,0.37,0.09,-0.04,0.04,49,20,-116,0,3.26,0.13,0.0237,0.0537,37.51,36.67,21.51
220.299,flow_only,55.201,52.1373437,21.161879,87.27,52.1372999,21.1619527,29,0.48,0.203,255,0.1677,0.0,0.1561,0.0695,3.082,4.996,9.57,6.25,155.24,0.03,0.0,0.0,0.01,99695,1507,3,0.37,0.09,-0.04,0.04,49,-88,-18,0,3.24,0.12,0.0147,0.0293,37.14,39.7,22.99
220.399,flow_only,55.301,52.1373437,21.161879,87.26,52.1372999,21.1619532,29,0.48,0.152,255,0.3353,0.0,0.0388,-0.03,3.08,4.99,10.14,5.89,157.63,0.03,0.0,0.02,0.0,99695,1507,3,0.38,0.08,-0.04,0.04,49,261,6,0,3.22,0.13,0.0231,0.0478,40.67,45.49,30.82
220.5,flow_only,55.401,52.1373439,21.1618791,87.26,52.1372999,21.1619532,29,0.48,0.152,255,0.0,0.1676,0.0421,0.1146,3.058,4.984,10.81,5.67,161.52,0.03,0.0,0.01,0.01,99695,1507,3,0.38,0.08,-0.04,0.04,49,-77,-91,0,3.21,0.13,0.0257,0.0564,52.52,61.1,37.2
220.6,flow_only,55.501,52.1373442,21.1618792,87.26,52.1373002,21.1619535,29,0.48,0.272,255,0.0,0.0,0.0813,0.0706,3.054,4.984,11.46,5.21,166.09,0.03,0.0,0.06,0.01,99695,1507,3,0.38,0.09,-0.04,0.04,49,297,-1327,0,3.23,0.14,0.0578,0.0949,63.97,73.24,41.9
220.7,flow_only,55.601,52.1373446,21.1618794,87.26,52.1373002,21.1619535,29,0.48,0.272,255,1.6765,-0.8383,0.0411,-0.0054,3.06,4.988,12.36,4.29,171.16,0.03,0.0,0.03,0.01,99695,1507,3,0.38,0.09,-0.04,0.04,49,81,-181,0,3.23,0.18,0.0508,0.0932,67.04,72.68,44.68
220.799,flow_only,55.701,52.1373452,21.1618794,87.27,52.1373008,21.1619537,29,0.48,0.365,255,0.0,0.0,0.0241,-0.0386,3.056,4.995,12.78,2.92,176.6,0.03,0.0,0.02,0.02,99695,1507,3,0.38,0.09,-0.04,0.04,49,844,-360,0,3.23,0.19,0.0507,0.1049,61.6,66.5,43.17
220.899,flow_only,55.801,52.1373459,21.161879,87.28,52.1373008,21.1619537,29,0.48,0.365,255,-0.1677,-0.3354,0.015,-0.0572,3.07,5.004,13.16,1.1,182.43,0.03,0.0,0.02,0.02,99695,1507,3,0.38,0.09,-0.04,0.04,49,8,1066,0,3.23,0.18,0.0327,0.0719,59.56,61.75,41.35
220.999,flow_only,55.901,52.1373465,21.1618787,87.3,52.1373016,21.1619534,29,0.48,0.516,255,-0.1676,-0.1676,-0.0018,-0.0802,3.054,5.02,13.14,-0.65,188.57,0.03,0.0,0.07,0.03,99695,1507,3,0.38,0.09,-0.04,0.04,49,466,42,0,3.27,0.18,0.0416,0.0727,54.3,61.77,40.18
221.099,flow_only,56.001,52.1373472,21.1618784,87.32,52.1373016,21.1619534,29,0.48,0.516,255,-0.3352,-0.1676,-0.0397,0.0116,3.01,5.042,12.9,-2.8,194.94,0.03,0.0,0.08,0.03,99695,1507,3,0.38,0.09,-0.04,0.04,49,268,-625,0,3.29,0.24,0.0717,0.1264,46.91,51.48,35.29
221.199,flow_only,56.101,52.1373482,21.161878,87.33,52.1373024,21.1619527,29,0.48,0.561,255,-0.1676,0.0,0.0624,0.1188,3.026,5.059,12.75,-3.69,201.64,0.03,0.0,0.02,0.03,99695,1507,3,0.38,0.09,-0.04,0.04,49,-215,-100,0,3.28,0.26,0.0606,0.1118,50.37,64.14,37.65
221.299,flow_only,56.201,52.1373492,21.1618772,87.34,52.1373024,21.1619527,29,0.48,0.561,255,-0.3351,-0.3351,0.075,-0.107,3.03,5.063,12.82,-5.3,208.81,0.03,0.0,0.06,0.05,99695,1507,3,0.38,0.09,-0.04,0.04,49,-203,-34,0,3.24,0.23,0.0492,0.0971,49.03,61.75,36.91
221.4,flow_only,56.301,52.1373503,21.161876,87.33,52.1373034,21.1619513,29,0.48,0.907,255,-0.3354,-0.3354,-0.2177,-0.2823,3.028,5.052,11.06,-8.09,216.45,0.03,0.0,0.12,0.05,99695,1507,3,0.38,0.09,-0.04,0.04,49,-170,196,0,3.18,0.16,0.0512,0.1107,59.21,71.23,43.41
221.5,flow_only,56.401,52.1373513,21.1618746,87.3,52.1373034,21.1619513,29,0.48,0.907,255,-0.838,0.0,-0.4299,0.0688,2.99,5.026,7.61,-10.12,224.83,0.03,0.0,0.1,0.15,99695,1507,3,0.38,0.09,-0.04,0.04,49,111,93,0,3.14,0.1,0.0206,0.0852,61.59,68.39,44.39
221.6,flow_only,56.501,52.1373522,21.1618733,87.27,52.1373047,21.1619491,29,0.48,1.087,255,-1.3404,0.3351,-0.328,0.1809,2.966,4.997,3.69,-10.0,233.48,0.03,0.0,0.1,0.12,99695,1507,3,0.38,0.09,-0.04,0.04,49,-401,206,0,3.09,0.08,0.046,0.1175,52.53,58.65,39.29
221.7,flow_only,56.601,52.1373532,21.1618716,87.24,52.1373047,21.1619491,29,0.48,1.087,255,-0.6707,0.3353,-0.1337,0.1764,2.956,4.969,1.13,-9.52,241.72,0.03,0.0,0.02,0.09,99695,1507,3,0.38,0.09,-0.04,0.04,49,119,-13,0,3.08,0.08,0.0267,0.0848,49.76,56.71,36.85
221.8,flow_only,56.701,52.1373541,21.16187,87.23,52.1373062,21.1619464,29,0.48,1.346,255,-0.5029,0.3352,-0.3054,0.1149,2.97,4.951,-1.34,-8.84,249.05,0.03,0.0,0.0,0.09,99695,1507,3,0.38,0.09,-0.04,0.04,49,-213,259,0,3.08,0.07,0.0381,0.0728,43.09,48.17,31.43
221.899,flow_only,56.801,52.137355,21.1618683,87.21,52.1373062,21.1619464,29,0.48,1.346,255,-0.3353,0.1676,-0.183,0.2322,2.98,4.939,-3.71,-7.35,255.52,0.03,0.0,0.05,0.1,99695,1507,3,0.38,0.09,-0.04,0.04,49,-194,-138,0,3.07,0.03,0.0193,0.058,39.87,42.88,31.19
221.999,flow_only,56.901,52.1373559,21.1618669,87.2,52.1373076,21.1619432,29,0.48,1.343,255,-0.1676,0.3352,-0.0641,0.1489,2.965,4.929,-5.13,-5.78,261.37,0.03,0.0,0.02,0.09,99695,1507,3,0.38,0.09,-0.04,0.04,49,124,-84,0,3.06,0.01,0.0228,0.06,37.53,39.92,28.92
222.099,flow_only,57.001,52.1373569,21.1618655,87.2,52.1373076,21.1619432,29,0.48,1.343,255,-0.5029,0.5029,0.0283,-0.059,2.967,4.923,-5.72,-5.14,266.69,0.03,0.0,0.01,0.07,99695,1507,3,0.38,0.09,-0.04,0.04,49,-31,-49,0,3.07,0.01,0.0159,0.0406,38.38,42.49,29.08
222.199,flow_only,57.101,52.1373576,21.161864,87.19,52.1373089,21.1619399,29,0.48,1.328,255,-1.0057,0.5029,-0.091,-0.0339,2.978,4.915,-6.56,-4.99,271.66,0.03,0.0,0.07,0.1,99695,1507,3,0.38,0.09,-0.04,0.04,49,75,-31,0,3.04,0.0,0.0306,0.0683,40.71,43.95,29.87
222.299,flow_only,57.201,52.1373583,21.1618628,87.17,52.1373089,21.1619399,29,0.48,1.328,255,-0.1676,0.3352,-0.1082,0.0868,3.006,4.891,-7.5,-4.24,276.48,0.03,0.0,0.18,0.09,99695,1507,3,0.38,0.09,-0.04,0.04,49,-234,27,0,2.97,-0.07,0.0204,0.1016,41.28,50.63,35.41
222.399,flow_only,57.301,52.137359,21.1618618,87.13,52.1373102,21.1619366,29,0.48,1.349,255,0.0,0.3352,0.0308,-0.1446,3.032,4.853,-7.46,-3.77,281.28,0.03,0.0,0.15,0.07,99695,1507,3,0.38,0.08,-0.04,0.04,49,22,30,0,2.92,-0.14,0.0364,0.131,46.04,49.43,33.41
222.499,flow_only,57.401,52.1373595,21.1618608,87.08,52.1373102,21.1619366,29,0.48,1.349,255,-0.3353,0.0,-0.1865,-0.1123,3.022,4.8,-8.64,-4.31,286.25,0.03,0.0,0.2,0.09,99695,1507,3,0.38,0.08,-0.04,0.04,49,453,-50,0,2.85,-0.14,0.0931,0.1953,50.4,50.32,34.39
222.6,flow_only,57.501,52.1373599,21.1618599,87.01,52.1373116,21.1619334,29,0.48,1.311,255,-0.1676,0.1676,0.1451,0.0076,3.054,4.735,-9.2,-3.64,291.3,0.03,0.0,0.17,0.09,99695,1507,3,0.38,0.08,-0.04,0.04,49,75,-170,0,2.79,-0.28,0.0589,0.182,46.93,54.29,34.53
222.7,flow_only,57.601,52.1373603,21.1618593,86.94,52.1373116,21.1619334,29,0.48,1.311,255,0.3353,0.0,0.4399,-0.338,3.046,4.665,-7.52,-3.86,297.08,0.03,0.0,0.16,0.04,99695,1507,3,0.38,0.08,-0.04,0.04,49,-23,-7,0,2.72,-0.37,0.0428,0.1693,55.68,59.29,40.9
222.8,flow_only,57.701,52.1373608,21.1618587,86.87,52.1373128,21.1619304,29,0.48,1.147,255,0.1677,0.1677,0.0793,-0.0509,3.044,4.591,-6.83,-4.47,303.03,0.03,0.0,0.23,0.06,99695,1507,3,0.38,0.09,-0.04,0.04,49,14,30,0,2.63,-0.48,0.0359,0.1839,58.75,58.72,40.71
222.899,flow_only,57.801,52.1373611,21.1618582,86.79,52.1373128,21.1619304,29,0.48,1.147,255,-0.1677,-0.503,-0.1225,-0.2556,3.054,4.514,-7.86,-4.49,309.18,0.03,0.0,0.2,0.07,99695,1507,3,0.38,0.09,-0.04,0.04,49,203,-159,0,2.57,-0.55,0.0531,0.1925,58.63,53.8,44.33
222.999,flow_only,57.901,52.1373611,21.1618577,86.72,52.1373139,21.1619277,29,0.48,1.035,255,-0.6706,0.3353,-0.0365,-0.3027,3.09,4.44,-9.19,-5.49,315.86,0.03,0.0,0.16,0.08,99695,1507,3,0.38,0.08,-0.04,0.04,49,-114,65,0,2.54,-0.58,0.0794,0.1984,53.03,62.41,48.89
223.099,flow_only,58.001,52.1373613,21.1618572,86.64,52.1373139,21.1619277,29,0.48,1.035,255,0.0,-0.1676,0.1717,-0.153,3.106,4.366,-9.03,-5.78,321.42,0.03,0.0,0.15,0.09,99695,1507,3,0.38,0.08,-0.04,0.04,49,-224,-53,0,2.49,-0.65,0.052,0.1653,45.8,51.76,37.98
223.199,flow_only,58.101,52.1373615,21.1618567,86.57,52.1373151,21.1619251,29,0.48,1.19,255,0.0,0.0,0.0537,-0.145,3.102,4.292,-8.83,-5.95,325.47,0.03,0.0,0.22,0.05,99695,1507,3,0.38,0.08,-0.04,0.04,49,-131,790,0,2.43,-0.73,0.0483,0.1719,43.1,49.71,33.95
223.299,flow_only,58.201,52.137362,21.1618562,86.49,52.1373151,21.1619251,29,0.48,1.19,255,-0.1676,0.1676,-0.1122,-0.1522,3.14,4.215,-9.7,-6.58,328.09,0.03,0.0,0.2,0.05,99695,1507,3,0.38,0.08,-0.04,0.04,49,90,0,0,2.36,-0.81,0.0315,0.1602,48.41,60.52,31.84
223.399,flow_only,58.301,52.1373625,21.1618557,86.42,52.1373165,21.1619223,29,0.48,1.299,255,0.1676,0.3352,-0.0684,0.0594,3.197,4.142,-10.03,-6.22,329.28,0.03,0.0,0.17,0.1,99695,1507,3,0.38,0.09,-0.04,0.04,49,-225,-278,0,2.33,-0.86,0.0613,0.1573,53.11,67.07,29.53
223.499,flow_only,58.401,52.1373629,21.1618552,86.35,52.1373165,21.1619223,29,0.48,1.299,255,0.1676,0.3353,-0.0223,-0.0354,3.24,4.077,-10.34,-6.05,329.62,0.03,0.0,0.18,0.04,99695,1507,3,0.38,0.09,-0.04,0.04,49,-109,59,0,2.29,-0.93,0.0433,0.1421,54.91,69.83,28.93
223.6,flow_only,58.501,52.1373635,21.1618545,86.3,52.1373183,21.1619194,29,0.48,1.504,255,-0.1677,0.6707,-0.1967,-0.0567,3.248,4.026,-10.84,-6.25,329.47,0.03,0.0,0.07,0.08,99695,1507,3,0.38,0.09,-0.04,0.04,49,175,-274,0,2.31,-0.99,0.0528,0.1079,54.24,78.25,26.82
223.7,flow_only,58.601,52.1373639,21.1618536,86.27,52.1373183,21.1619194,29,0.48,1.504,255,0.0,0.3353,-0.0315,-0.0713,3.316,3.998,-11.68,-6.84,329.0,0.03,0.0,0.01,0.05,99695,1507,3,0.38,0.09,-0.04,0.04,49,173,-43,0,2.35,-0.95,0.0417,0.0492,53.04,72.7,27.64
223.8,flow_only,58.701,52.1373645,21.1618526,86.26,52.1373204,21.1619161,29,0.48,1.754,255,0.0,0.3353,0.0647,-0.1208,3.358,3.988,-11.14,-7.6,328.23,0.03,0.0,0.0,0.05,99695,1507,3,0.38,0.09,-0.04,0.04,49,-97,283,0,2.4,-0.95,0.0171,0.0098,49.19,59.08,30.04
223.899,flow_only,58.801,52.1373652,21.1618514,86.27,52.1373204,21.1619161,29,0.48,1.754,255,-0.1676,0.6704,-0.201,0.0217,3.404,3.992,-11.56,-8.2,327.12,0.03,0.0,0.08,0.06,99695,1507,3,0.38,0.09,-0.04,0.04,49,-96,-17,0,2.48,-0.92,0.015,0.0663,43.98,51.78,29.25
223.999,flow_only,58.901,52.1373659,21.1618501,86.29,52.1373228,21.1619125,29,0.48,1.82,255,0.0,0.3352,-0.1425,0.1075,3.444,4.015,-12.44,-8.15,325.94,0.03,0.0,0.12,0.08,99695,1507,3,0.38,0.08,-0.04,0.04,49,132,-348,0,2.59,-0.84,0.0408,0.1317,39.6,48.24,27.01
224.099,flow_only,59.001,52.1373667,21.1618488,86.31,52.1373228,21.1619125,29,0.48,1.82,255,0.1676,0.6704,0.1236,0.4104,3.492,4.032,-11.82,-6.34,324.42,0.03,0.0,0.08,0.05,99695,1507,3,0.38,0.08,-0.04,0.04,49,-237,-278,0,2.6,-0.87,0.0362,0.0843,39.18,38.06,26.87
224.199,flow_only,59.101,52.1373677,21.1618475,86.3,52.1373255,21.1619087,29,0.48,2.14,255,0.0,0.5028,-0.0002,0.0395,3.498,4.029,-11.19,-5.55,322.85,0.03,0.0,0.14,0.06,99695,1507,3,0.38,0.08,-0.04,0.04,49,-7,625,0,2.58,-0.94,0.0488,0.0864,37.97,38.25,25.49
224.299,flow_only,59.201,52.1373688,21.161846,86.28,52.1373255,21.1619087,29,0.48,2.14,255,0.0,0.503,-0.0507,0.1541,3.482,4.006,-11.11,-5.41,321.49,0.03,0.0,0.12,0.06,99695,1507,3,0.38,0.08,-0.04,0.04,49,-78,206,0,2.55,-0.98,0.0481,0.0854,39.0,41.73,27.27
224.399,flow_only,59.301,52.1373698,21.1618445,86.25,52.1373284,21.1619042,29,0.48,2.28,255,0.0,1.006,0.0186,0.1442,3.506,3.973,-11.04,-4.61,320.33,0.03,0.0,0.06,0.08,99695,1507,3,0.38,0.08,-0.04,0.04,49,-32,-167,0,2.54,-0.99,0.0102,0.0177,40.49,45.46,29.98
224.499,flow_only,59.401,52.1373708,21.161843,86.22,52.1373284,21.1619042,29,0.48,2.28,255,0.0,0.6705,-0.1114,0.0348,3.538,3.941,-11.13,-4.35,319.52,0.03,0.0,0.0,0.07,99695,1507,3,0.38,0.08,-0.04,0.04,49,-74,-219,0,2.56,-0.98,0.0231,0.0394,42.82,50.19,23.59
224.599,flow_only,59.501,52.1373718,21.1618415,86.19,52.1373313,21.1618995,29,0.48,2.301,255,0.0,0.5028,0.0278,0.0322,3.572,3.918,-11.56,-4.35,318.98,0.03,0.0,0.07,0.08,99695,1507,3,0.38,0.08,-0.04,0.04,49,-71,-105,0,2.61,-0.97,0.0217,0.07,47.59,45.01,23.72
224.7,flow_only,59.601,52.1373728,21.1618399,86.16,52.1373313,21.1618995,29,0.48,2.301,255,0.1676,1.0056,0.166,0.126,3.58,3.889,-10.71,-3.86,318.54,0.03,0.0,0.1,0.07,99695,1507,3,0.38,0.08,-0.04,0.04,49,-20,302,0,2.57,-1.02,0.0444,0.0667,41.16,54.3,26.03
224.8,flow_only,59.701,52.1373738,21.1618385,86.12,52.1373343,21.1618947,29,0.48,2.398,255,0.3353,1.006,0.149,-0.0065,3.566,3.849,-10.21,-3.61,318.25,0.03,0.0,0.07,0.06,99695,1507,3,0.38,0.08,-0.04,0.04,49,-211,-268,0,2.56,-1.07,0.0482,0.0496,44.9,41.11,29.9
224.9,flow_only,59.801,52.1373746,21.1618371,86.09,52.1373343,21.1618947,29,0.48,2.398,255,0.1677,0.3353,-0.095,0.0647,3.554,3.811,-9.57,-3.65,318.38,0.03,0.0,0.0,0.08,99695,1507,3,0.38,0.08,-0.04,0.04,49,-86,-261,0,2.56,-1.07,0.0563,0.0552,43.86,47.98,31.51
224.999,flow_only,59.901,52.1373754,21.1618357,86.07,52.1373374,21.1618896,29,0.48,2.422,255,0.1676,0.3352,0.0864,-0.1186,3.54,3.797,-9.7,-3.89,318.94,0.03,0.0,0.25,0.08,99695,1507,3,0.38,0.08,-0.04,0.04,49,80,246,0,2.65,-0.96,0.0338,0.1335,47.64,48.13,29.5
225.099,flow_only,60.001,52.1373764,21.1618342,86.08,52.1373374,21.1618896,29,0.48,2.422,255,0.0,0.3353,-0.0131,-0.0781,3.548,3.808,-9.54,-4.26,319.69,0.03,0.0,0.15,0.08,99695,1507,3,0.38,0.08,-0.04,0.04,49,-125,3,0,2.71,-0.89,0.0462,0.1644,44.53,47.67,30.05
225.199,flow_only,60.101,52.1373774,21.1618325,86.11,52.1373404,21.1618842,29,0.48,2.568,255,0.0,0.6704,-0.1007,0.2131,3.534,3.832,-10.07,-3.57,320.21,0.03,0.0,0.18,0.1,99695,1507,3,0.38,0.07,-0.04,0.04,49,21,-89,0,2.78,-0.82,0.0445,0.1978,43.61,47.44,28.32
225.299,flow_only,60.201,52.1373785,21.1618308,86.13,52.1373404,21.1618842,29,0.48,2.568,255,0.0,1.1737,-0.1464,0.1425,3.51,3.857,-10.8,-2.36,320.82,0.03,0.0,0.09,0.08,99695,1507,3,0.38,0.07,-0.04,0.04,49,49,-175,0,2.81,-0.78,0.0401,0.1857,40.71,48.46,26.86
225.399,flow_only,60.301,52.1373796,21.161829,86.15,52.1373436,21.1618787,29,0.48,2.594,255,0.0,0.5029,0.0201,0.07,3.48,3.878,-11.33,-1.73,321.62,0.03,0.0,0.1,0.08,99695,1507,3,0.38,0.07,-0.04,0.04,49,-106,340,0,2.86,-0.69,0.0546,0.1902,42.07,44.03,20.59
225.499,flow_only,60.401,52.1373807,21.1618273,86.17,52.1373436,21.1618787,29,0.48,2.594,255,0.0,0.6707,0.1364,0.0786,3.506,3.892,-10.72,-1.2,322.08,0.03,0.0,0.07,0.06,99695,1507,3,0.38,0.07,-0.04,0.04,49,-179,-155,0,2.86,-0.69,0.0357,0.16,41.97,40.61,18.21
225.599,flow_only,60.501,52.1373818,21.1618258,86.17,52.1373469,21.1618733,29,0.48,2.63,255,0.3354,1.0061,0.0517,0.0186,3.516,3.899,-10.23,-0.89,322.41,0.03,0.0,0.05,0.06,99695,1507,3,0.38,0.07,-0.04,0.04,49,-13,52,0,2.87,-0.66,0.0405,0.1443,38.72,39.1,23.28
225.699,flow_only,60.601,52.1373829,21.1618242,86.18,52.1373469,21.1618733,29,0.48,2.63,255,0.0,0.5031,-0.0764,-0.0036,3.492,3.901,-10.39,-0.77,322.57,0.03,0.0,0.09,0.08,99695,1507,3,0.38,0.07,-0.04,0.04,49,-87,62,0,2.89,-0.65,0.062,0.1656,41.31,38.93,24.64
225.8,flow_only,60.701,52.1373841,21.1618225,86.17,52.1373502,21.1618679,29,0.48,2.543,255,0.0,0.503,-0.0104,0.0631,3.42,3.896,-10.77,-0.7,322.43,0.03,0.0,0.04,0.08,99695,1507,3,0.38,0.08,-0.04,0.04,49,19,110,0,2.89,-0.64,0.0558,0.1433,40.34,39.1,23.58
225.9,flow_only,60.801,52.1373852,21.1618209,86.16,52.1373502,21.1618679,29,0.48,2.543,255,0.0,0.503,-0.0335,0.1237,3.366,3.881,-10.98,-0.15,322.04,0.03,0.0,0.0,0.05,99695,1507,3,0.38,0.08,-0.04,0.04,49,-96,-138,0,2.86,-0.62,0.0194,0.086,40.88,44.15,24.17
225.999,flow_only,60.901,52.1373863,21.1618192,86.14,52.1373534,21.1618626,29,0.48,2.502,255,0.1677,0.503,0.0351,0.0704,3.277,3.86,-10.67,0.4,321.44,0.03,0.0,0.05,0.06,99695,1507,3,0.38,0.08,-0.04,0.04,49,78,-18,0,2.86,-0.54,0.0482,0.1068,42.48,41.44,26.06
226.099,flow_only,61.001,52.1373876,21.1618174,86.11,52.1373534,21.1618626,29,0.48,2.502,255,0.1677,1.1738,0.0601,0.0457,3.266,3.837,-10.6,0.55,320.86,0.03,0.0,0.02,0.04,99695,1507,3,0.38,0.08,-0.04,0.04,49,387,735,0,2.82,-0.51,0.0971,0.1473,42.88,44.72,30.15
226.199,flow_only,61.101,52.1373889,21.1618156,86.09,52.1373566,21.1618575,29,0.48,2.489,255,0.1676,0.5029,-0.0182,0.0777,3.214,3.81,-10.59,0.53,320.04,0.03,0.0,0.01,0.05,99695,1507,3,0.38,0.07,-0.04,0.04,49,-186,600,0,2.79,-0.52,0.1074,0.1675,44.12,56.29,26.11
226.299,flow_only,61.201,52.1373902,21.1618138,86.06,52.1373566,21.1618575,29,0.48,2.489,255,0.1677,0.6707,0.0971,0.1058,3.172,3.782,-10.31,0.98,319.02,0.03,0.0,0.04,0.07,99695,1507,3,0.38,0.07,-0.04,0.04,49,-129,-5,0,2.74,-0.53,0.0763,0.1255,49.99,47.21,24.67
226.399,flow_only,61.301,52.1373915,21.161812,86.03,52.1373596,21.1618522,29,0.48,2.408,255,0.5029,1.341,0.0246,0.1957,3.156,3.75,-9.84,2.02,318.11,0.03,0.0,0.06,0.08,99695,1507,3,0.38,0.08,-0.04,0.04,49,-72,-98,0,2.7,-0.51,0.0804,0.1361,45.69,49.11,24.48
226.499,flow_only,61.401,52.1373926,21.1618103,86.0,52.1373596,21.1618522,29,0.48,2.408,255,0.1676,0.5029,0.1465,-0.0567,3.146,3.727,-9.49,1.92,317.77,0.03,0.0,0.06,0.07,99695,1507,3,0.38,0.08,-0.04,0.04,49,-143,-40,0,2.71,-0.49,0.0446,0.0842,46.61,53.73,33.45
226.599,flow_only,61.501,52.1373936,21.1618087,85.99,52.1373623,21.161847,29,0.48,2.269,255,0.1677,0.503,0.0857,-0.0578,3.128,3.716,-8.75,1.72,317.43,0.03,0.0,0.03,0.07,99695,1507,3,0.38,0.08,-0.04,0.04,49,423,344,0,2.73,-0.46,0.063,0.1014,39.06,53.18,42.55
226.699,flow_only,61.601,52.1373945,21.161807,85.98,52.1373623,21.161847,29,0.48,2.269,255,0.0,0.6706,-0.0419,-0.1565,3.098,3.706,-8.59,0.92,317.31,0.03,0.0,0.06,0.08,99695,1507,3,0.38,0.08,-0.04,0.04,49,2,4,0,2.69,-0.49,0.0464,0.0763,48.3,55.04,31.81
226.8,flow_only,61.701,52.1373953,21.1618054,85.98,52.1373647,21.161842,28,0.48,2.093,255,0.1677,0.503,0.0085,-0.0627,3.098,3.702,-8.56,0.37,317.31,0.03,0.0,0.08,0.1,99695,1507,3,0.38,0.08,-0.04,0.04,49,-147,0,0,2.73,-0.42,0.0273,0.0567,58.23,52.36,33.81
226.9,flow_only,61.801,52.1373961,21.1618039,86.0,52.1373647,21.161842,28,0.48,2.093,255,0.0,0.3352,-0.0945,-0.0475,3.094,3.722,-8.59,0.22,317.38,0.03,0.0,0.16,0.08,99695,1507,3,0.38,0.08,-0.04,0.04,49,190,311,0,2.8,-0.35,0.043,0.1018,61.01,42.82,36.92
227.0,flow_only,61.901,52.1373969,21.1618023,86.05,52.137367,21.1618374,28,0.48,1.969,255,0.0,0.6707,0.009,-0.1791,3.112,3.771,-8.99,-0.39,317.51,0.03,0.0,0.27,0.08,99695,1507,3,0.38,0.08,-0.04,0.04,49,8,192,0,2.92,-0.22,0.0542,0.1679,58.88,47.57,45.81
227.099,flow_only,62.001,52.1373978,21.1618007,86.12,52.137367,21.1618374,28,0.48,1.969,255,0.1676,0.1676,0.0322,-0.2723,3.158,3.842,-8.43,-1.93,318.09,0.03,0.0,0.22,0.08,99695,1507,3,0.38,0.08,-0.04,0.04,49,-189,192,0,3.02,-0.13,0.074,0.208,52.86,47.99,36.57
227.2,flow_only,62.101,52.1373988,21.161799,86.19,52.1373693,21.161833,28,0.48,1.917,255,0.0,0.503,0.0085,0.0397,3.164,3.92,-8.7,-2.41,318.74,0.03,0.0,0.18,0.08,99695,1507,3,0.38,0.08,-0.04,0.04,49,-11,22,0,3.11,-0.17,0.068,0.2075,51.53,40.13,28.29
227.299,flow_only,62.201,52.1373996,21.1617973,86.27,52.1373693,21.161833,28,0.48,1.917,255,0.1676,1.0056,0.124,0.136,3.197,3.995,-8.18,-1.45,319.16,0.03,0.0,0.2,0.08,99695,1507,3,0.38,0.08,-0.04,0.04,49,179,343,0,3.19,-0.01,0.07,0.2127,41.91,38.51,24.91
227.399,flow_only,62.301,52.1374005,21.1617956,86.34,52.1373714,21.1618287,28,0.48,1.866,255,0.1676,0.5028,0.1534,0.0436,3.164,4.062,-7.35,-1.07,319.57,0.03,0.0,0.1,0.08,99695,1507,3,0.38,0.08,-0.04,0.04,49,-77,104,0,3.24,0.01,0.0496,0.1716,40.12,35.26,19.49
227.499,flow_only,62.401,52.1374012,21.161794,86.4,52.1373714,21.1618287,28,0.48,1.866,255,0.1676,0.3352,-0.0113,-0.0708,3.158,4.125,-6.94,-0.98,320.13,0.03,0.0,0.16,0.07,99695,1507,3,0.38,0.08,-0.04,0.04,49,-48,-37,0,3.29,0.07,0.038,0.1583,38.33,38.83,23.67
227.599,flow_only,62.501,52.1374021,21.1617925,86.46,52.1373734,21.1618245,28,0.48,1.781,255,0.0,0.3354,0.0494,-0.0669,3.148,4.185,-6.86,-1.32,321.01,0.03,0.0,0.19,0.1,99695,1507,3,0.38,0.08,-0.04,0.04,49,-102,-67,0,3.36,0.14,0.0435,0.1653,40.67,36.71,22.74
227.7,flow_only,62.601,52.1374029,21.1617911,86.52,52.1373734,21.1618245,28,0.48,1.781,255,0.0,0.503,0.1252,0.0084,3.152,4.244,-6.18,-1.22,321.82,0.03,0.0,0.16,0.1,99695,1507,3,0.38,0.08,-0.04,0.04,49,-36,532,0,3.41,0.21,0.067,0.1761,36.66,36.06,23.81
227.799,flow_only,62.701,52.1374039,21.1617897,86.57,52.1373754,21.1618205,28,0.48,1.746,255,0.1676,0.6705,-0.0732,-0.0319,3.114,4.299,-6.3,-1.24,322.54,0.03,0.0,0.16,0.09,99695,1507,3,0.38,0.08,-0.04,0.04,49,116,391,0,3.45,0.25,0.0807,0.1846,36.83,37.55,23.66
227.9,flow_only,62.801,52.137405,21.1617882,86.63,52.1373754,21.1618205,28,0.48,1.746,255,0.0,0.3354,-0.0879,0.0259,3.118,4.354,-6.7,-1.28,323.15,0.03,0.0,0.19,0.11,99695,1507,3,0.38,0.08,-0.04,0.04,49,13,-99,0,3.51,0.32,0.0478,0.1592,41.47,39.95,25.92
228.0,flow_only,62.901,52.1374059,21.1617867,86.68,52.1373775,21.1618168,28,0.48,1.688,255,0.0,0.3352,-0.0094,0.0265,3.08,4.408,-7.12,-1.07,323.66,0.03,0.0,0.19,0.09,99695,1507,3,0.38,0.08,-0.04,0.04,49,14,511,0,3.55,0.38,0.0566,0.1664,39.28,38.69,25.47
228.099,flow_only,63.001,52.137407,21.1617852,86.73,52.1373775,21.1618168,28,0.48,1.688,255,0.1676,0.6705,0.0273,0.0428,3.036,4.456,-6.91,-0.97,324.0,0.03,0.0,0.12,0.09,99695,1507,3,0.38,0.08,-0.04,0.04,49,-91,552,0,3.57,0.43,0.0647,0.1559,39.32,39.94,25.59
228.199,flow_only,63.101,52.1374081,21.1617839,86.77,52.1373796,21.1618133,28,0.48,1.592,255,0.1676,0.3352,0.0284,0.0577,3.026,4.499,-6.77,-0.7,324.14,0.03,0.0,0.17,0.06,99695,1507,3,0.38,0.09,-0.04,0.04,49,-107,161,0,3.6,0.43,0.0494,0.1381,38.63,41.59,26.25
228.299,flow_only,63.201,52.1374093,21.1617824,86.82,52.1373796,21.1618133,28,0.48,1.592,255,0.1677,0.503,-0.1318,0.0857,2.968,4.54,-7.16,-0.21,324.09,0.03,0.0,0.15,0.08,99695,1507,3,0.38,0.09,-0.04,0.04,49,-57,-51,0,3.62,0.55,0.0469,0.1284,38.99,44.27,25.96
228.399,flow_only,63.301,52.1374103,21.1617811,86.85,52.1373815,21.1618099,28,0.48,1.521,255,0.0,0.6704,-0.0158,-0.011,2.932,4.579,-7.21,0.0,324.15,0.03,0.0,0.1,0.06,99695,1507,3,0.39,0.09,-0.04,0.04,49,-47,-60,0,3.61,0.6,0.0181,0.0851,40.36,44.14,26.26
228.499,flow_only,63.401,52.1374113,21.16178,86.89,52.1373815,21.1618099,28,0.48,1.521,255,0.0,0.3354,-0.1986,-0.013,2.888,4.617,-7.87,-0.1,324.09,0.03,0.0,0.17,0.06,99695,1507,3,0.39,0.09,-0.04,0.04,49,26,562,0,3.64,0.65,0.0429,0.1121,43.55,41.68,28.02
228.599,flow_only,63.501,52.1374124,21.1617786,86.93,52.1373834,21.1618069,28,0.48,1.479,255,-0.1676,0.3352,-0.2384,-0.0446,2.867,4.655,-9.15,-0.49,323.48,0.03,0.0,0.13,0.08,99695,1507,3,0.39,0.09,-0.04,0.04,49,197,274,0,3.63,0.71,0.049,0.114,41.05,46.02,29.1
228.7,flow_only,63.601,52.1374135,21.1617771,86.97,52.1373834,21.1618069,28,0.48,1.479,255,-0.1677,1.0061,-0.0909,0.2452,2.824,4.691,-10.15,-0.03,322.43,0.03,0.0,0.11,0.07,99695,1507,3,0.39,0.09,-0.04,0.04,49,11,-10,0,3.64,0.75,0.0326,0.0872,36.24,45.2,28.12
228.799,flow_only,63.701,52.1374145,21.1617758,87.0,52.1373856,21.1618041,28,0.48,1.539,255,-0.1676,0.5028,-0.1159,0.085,2.794,4.726,-10.71,0.81,321.43,0.03,0.0,0.09,0.07,99695,1507,3,0.39,0.09,-0.04,0.04,49,109,-22,0,3.62,0.78,0.0374,0.08,44.44,44.34,29.36
228.9,flow_only,63.801,52.1374156,21.1617743,87.03,52.1373856,21.1618041,28,0.48,1.539,255,0.0,0.503,0.071,-0.0851,2.794,4.756,-10.58,0.44,320.98,0.03,0.0,0.06,0.08,99695,1507,3,0.39,0.09,-0.04,0.04,49,-61,574,0,3.63,0.78,0.0698,0.1206,43.69,44.51,25.94
229.0,flow_only,63.901,52.1374168,21.1617729,87.06,52.1373877,21.1618014,28,0.48,1.418,255,0.0,0.8383,-0.0915,0.1059,2.738,4.785,-10.73,0.33,320.59,0.03,0.0,0.07,0.05,99695,1507,3,0.39,0.09,-0.04,0.04,49,-66,-32,0,3.6,0.81,0.0293,0.0567,44.0,42.81,29.03
229.1,flow_only,64.001,52.1374179,21.1617713,87.09,52.1373877,21.1618014,28,0.48,1.418,255,0.0,0.3354,0.0901,0.1043,2.746,4.817,-10.29,1.1,320.18,0.03,0.0,0.12,0.06,99695,1507,3,0.39,0.09,-0.04,0.04,49,-145,-115,0,3.62,0.84,0.0217,0.0488,43.16,36.78,29.09
229.199,flow_only,64.101,52.1374189,21.1617698,87.13,52.1373897,21.1617988,28,0.48,1.416,255,0.1677,0.503,0.1413,0.0618,2.716,4.856,-9.74,1.47,319.95,0.03,0.0,0.11,0.06,99695,1507,3,0.39,0.09,-0.04,0.04,49,93,453,0,3.64,0.89,0.0391,0.0764,42.74,38.26,26.21
229.299,flow_only,64.201,52.1374199,21.1617684,87.17,52.1373897,21.1617988,28,0.48,1.416,255,0.0,0.3353,-0.0809,0.0375,2.694,4.897,-9.76,1.66,319.88,0.03,0.0,0.1,0.06,99695,1507,3,0.39,0.09,-0.04,0.04,49,-105,1,0,3.65,0.92,0.0086,0.0266,41.47,42.44,19.68
229.399,flow_only,64.301,52.1374209,21.1617671,87.21,52.1373914,21.1617962,28,0.48,1.182,255,0.0,0.3352,0.0698,0.0614,2.674,4.934,-9.75,1.8,319.82,0.03,0.0,0.02,0.08,99695,1507,3,0.39,0.08,-0.04,0.04,49,47,70,0,3.64,0.94,0.0073,0.021,42.99,41.91,22.38
229.499,flow_only,64.401,52.1374219,21.1617656,87.24,52.1373914,21.1617962,28,0.48,1.182,255,0.0,0.503,0.0243,-0.1486,2.61,4.967,-9.58,1.42,319.56,0.03,0.0,0.02,0.05,99695,1507,3,0.39,0.08,-0.04,0.04,49,111,219,0,3.63,0.93,0.0402,0.0798,40.39,41.1,25.44
229.599,flow_only,64.501,52.1374228,21.161764,87.27,52.1373929,21.1617936,28,0.48,1.262,255,0.0,0.503,-0.1274,-0.0456,2.622,4.999,-9.85,0.62,319.31,0.03,0.0,0.06,0.09,99695,1507,3,0.39,0.1,-0.04,0.04,49,118,92,0,3.61,0.99,0.0324,0.0675,43.46,45.89,26.61
229.699,flow_only,64.601,52.1374235,21.1617624,87.3,52.1373929,21.1617936,28,0.48,1.262,255,0.0,0.1677,0.1407,-0.1234,2.622,5.029,-9.77,0.13,319.34,0.03,0.0,0.03,0.06,99695,1507,3,0.39,0.1,-0.04,0.04,49,25,306,0,3.61,0.98,0.0332,0.0719,44.45,44.44,31.44
229.799,flow_only,64.701,52.1374243,21.1617608,87.33,52.1373941,21.161791,28,0.48,0.985,255,0.1676,0.3352,0.2092,-0.0297,2.582,5.057,-8.59,-0.5,319.16,0.03,0.0,0.03,0.06,99695,1507,3,0.39,0.09,-0.04,0.04,49,-110,49,0,3.61,0.98,0.0099,0.0456,41.11,37.02,27.0
229.899,flow_only,64.801,52.1374251,21.1617596,87.36,52.1373941,21.161791,28,0.48,0.985,255,0.3355,0.3355,0.1208,-0.0229,2.577,5.085,-7.67,-0.45,318.75,0.03,0.0,0.0,0.06,99695,1507,3,0.39,0.09,-0.04,0.04,49,-58,-122,0,3.6,0.97,0.0263,0.0701,44.2,38.07,27.35
230.0,flow_only,64.901,52.1374258,21.1617584,87.39,52.1373952,21.1617888,28,0.48,0.945,255,0.1676,0.1676,0.0075,0.0485,2.536,5.115,-7.09,-0.64,318.43,0.03,0.0,0.06,0.07,99695,1507,3,0.39,0.1,-0.04,0.04,49,163,321,0,3.61,1.0,0.0095,0.048,44.25,39.36,27.75
230.1,flow_only,65.001,52.1374265,21.1617572,87.42,52.1373952,21.1617888,28,0.48,0.945,255,0.0,0.5029,-0.1377,0.0143,2.538,5.148,-7.42,-0.4,318.39,0.03,0.0,0.02,0.07,99695,1507,3,0.39,0.1,-0.04,0.04,49,107,-139,0,3.61,1.03,0.0358,0.0789,47.91,38.1,30.99
230.199,flow_only,65.101,52.137427,21.161756,87.46,52.1373962,21.1617867,28,0.48,0.856,255,0.0,0.1676,-0.0202,-0.1321,2.544,5.181,-7.75,-1.19,318.34,0.03,0.0,0.03,0.08,99695,1507,3,0.39,0.1,-0.04,0.04,49,82,-4,0,3.62,1.05,0.0443,0.0964,47.95,42.04,31.71
230.299,flow_only,65.201,52.1374274,21.1617547,87.49,52.1373962,21.1617867,28,0.48,0.856,255,0.0,0.1677,0.0289,-0.1706,2.522,5.215,-7.89,-2.01,318.46,0.03,0.0,0.0,0.08,99695,1507,3,0.39,0.1,-0.04,0.04,49,158,68,0,3.61,1.04,0.039,0.0945,43.84,48.92,27.11
230.399,flow_only,65.301,52.1374279,21.1617533,87.53,52.137397,21.1617846,28,0.48,0.852,255,0.3352,0.1676,0.227,-0.1873,2.496,5.251,-7.08,-3.02,318.52,0.03,0.0,0.07,0.06,99695,1507,3,0.39,0.08,-0.04,0.04,49,12,129,0,3.62,1.07,0.034,0.0793,42.72,47.24,27.27
230.499,flow_only,65.401,52.1374284,21.1617518,87.56,52.137397,21.1617846,28,0.48,0.852,255,0.1676,0.1676,0.2242,-0.1098,2.484,5.289,-5.86,-3.8,318.51,0.03,0.0,0.01,0.05,99695,1507,3,0.39,0.08,-0.04,0.04,49,240,-60,0,3.62,1.07,0.0424,0.0985,38.97,42.08,23.97
230.599,flow_only,65.501,52.1374288,21.1617504,87.6,52.1373977,21.1617825,28,0.48,0.803,255,0.0,0.3352,0.1241,0.0103,2.49,5.322,-5.1,-4.0,318.48,0.03,0.0,0.02,0.08,99695,1507,3,0.39,0.08,-0.04,0.04,49,132,-19,0,3.61,1.09,0.0415,0.106,37.68,43.81,25.5
230.699,flow_only,65.601,52.1374294,21.1617488,87.63,52.1373977,21.1617825,28,0.48,0.803,255,0.1676,0.6705,0.1532,0.1577,2.512,5.351,-4.42,-3.46,318.42,0.03,0.0,0.0,0.09,99695,1507,3,0.39,0.08,-0.04,0.04,49,-197,21,0,3.61,1.07,0.0312,0.0951,37.19,39.02,21.22
230.8,flow_only,65.701,52.13743,21.1617474,87.66,52.1373986,21.1617805,28,0.48,0.855,255,0.1676,0.1676,-0.1163,0.1428,2.472,5.381,-4.11,-3.03,318.39,0.03,0.0,0.03,0.09,99695,1507,3,0.39,0.09,-0.04,0.04,49,-13,25,0,3.63,1.05,0.0159,0.0692,40.34,40.57,19.52
230.899,flow_only,65.801,52.1374307,21.161746,87.68,52.1373986,21.1617805,28,0.48,0.855,255,0.0,0.6705,-0.0597,0.3245,2.492,5.406,-4.35,-1.36,317.89,0.03,0.0,0.04,0.1,99695,1507,3,0.39,0.09,-0.04,0.04,49,-44,251,0,3.61,1.04,0.03,0.0983,40.57,39.95,23.23
231.0,flow_only,65.901,52.1374312,21.1617447,87.69,52.1373997,21.1617786,28,0.48,0.915,255,0.0,0.1677,0.0958,-0.2787,2.51,5.417,-4.65,-1.83,317.59,0.03,0.0,0.18,0.11,99695,1507,3,0.39,0.09,-0.04,0.04,49,78,154,0,3.54,1.0,0.0474,0.1612,42.54,45.19,28.03
231.1,flow_only,66.001,52.1374318,21.1617435,87.68,52.1373997,21.1617786,28,0.48,0.915,255,0.1676,0.1676,0.2192,-0.2127,2.513,5.409,-3.74,-3.1,317.6,0.03,0.0,0.15,0.1,99695,1507,3,0.39,0.09,-0.04,0.04,49,-187,8,0,3.49,0.92,0.0495,0.1877,37.29,43.0,26.23
231.2,flow_only,66.101,52.1374323,21.1617424,87.67,52.1374007,21.1617767,28,0.48,0.836,255,0.0,0.0,-0.0431,-0.1959,2.504,5.392,-3.3,-4.17,317.63,0.03,0.0,0.13,0.11,99695,1507,3,0.39,0.08,-0.04,0.04,49,241,112,0,3.44,0.87,0.0521,0.1968,43.37,34.79,29.88
231.299,flow_only,66.201,52.1374329,21.1617411,87.65,52.1374007,21.1617767,28,0.48,0.836,255,0.0,0.1677,0.0321,-0.1766,2.498,5.376,-3.42,-5.48,317.67,0.03,0.0,0.07,0.08,99695,1507,3,0.39,0.08,-0.04,0.04,49,-13,-40,0,3.42,0.84,0.0506,0.1819,47.18,41.94,31.3
231.399,flow_only,66.301,52.1374335,21.16174,87.63,52.1374016,21.1617749,28,0.48,0.77,255,0.1677,0.1677,0.167,-0.0841,2.504,5.356,-2.67,-6.15,317.85,0.03,0.0,0.17,0.08,99695,1507,3,0.39,0.08,-0.04,0.04,49,-94,57,0,3.36,0.85,0.0515,0.2034,45.54,48.01,29.81
231.499,flow_only,66.401,52.1374342,21.1617391,87.61,52.1374016,21.1617749,28,0.48,0.77,255,0.0,0.1677,0.006,-0.1811,2.55,5.332,-2.24,-6.94,318.45,0.03,0.0,0.13,0.1,99695,1507,3,0.39,0.08,-0.04,0.04,49,-158,1,0,3.32,0.75,0.057,0.2104,52.09,50.49,22.81
231.599,flow_only,66.501,52.1374349,21.1617383,87.59,52.1374027,21.1617733,28,0.48,0.806,255,0.0,0.3353,-0.0562,-0.0217,2.602,5.319,-2.45,-7.47,319.35,0.03,0.0,0.03,0.13,99695,1507,3,0.39,0.08,-0.04,0.04,49,25,22,0,3.31,0.7,0.053,0.1739,50.46,49.26,24.48
231.7,flow_only,66.601,52.1374357,21.1617373,87.59,52.1374027,21.1617733,28,0.48,0.806,255,-0.1676,0.5029,-0.2298,0.1205,2.65,5.312,-3.79,-6.9,320.04,0.03,0.0,0.11,0.09,99695,1507,3,0.39,0.08,-0.04,0.04,49,28,103,0,3.28,0.63,0.0386,0.1584,48.94,50.21,24.39
231.799,flow_only,66.701,52.1374365,21.1617364,87.58,52.1374038,21.1617717,28,0.48,0.877,255,-0.1676,0.3352,-0.0383,0.07,2.678,5.301,-4.37,-6.33,320.37,0.03,0.0,0.12,0.1,99695,1507,3,0.39,0.09,-0.04,0.04,49,2,-275,0,3.25,0.55,0.0813,0.2127,42.64,46.83,24.47
231.899,flow_only,66.801,52.1374373,21.1617357,87.55,52.1374038,21.1617717,28,0.48,0.877,255,-0.1676,0.6704,-0.002,0.1454,2.71,5.28,-4.44,-5.57,320.44,0.03,0.0,0.21,0.1,99695,1507,3,0.39,0.09,-0.04,0.04,49,54,-161,0,3.2,0.45,0.0943,0.2516,37.37,43.26,20.97
231.999,flow_only,66.901,52.1374381,21.1617351,87.52,52.1374053,21.1617702,28,0.48,1.013,255,-0.1676,0.1676,-0.0683,-0.0638,2.74,5.244,-4.44,-5.42,320.4,0.03,0.0,0.23,0.09,99695,1507,3,0.39,0.09,-0.04,0.04,49,31,-108,0,3.12,0.35,0.0794,0.2484,32.18,38.29,20.97
232.1,flow_only,67.001,52.1374389,21.1617344,87.48,52.1374053,21.1617702,28,0.48,1.013,255,-0.3353,0.1677,-0.2696,-0.1647,2.774,5.203,-5.43,-6.23,320.31,0.03,0.0,0.13,0.11,99695,1507,3,0.39,0.09,-0.04,0.04,49,134,-176,0,3.09,0.3,0.0774,0.2342,29.49,36.83,21.49
232.2,flow_only,67.101,52.1374398,21.1617336,87.45,52.137407,21.1617686,28,0.48,1.148,255,-0.1676,0.3352,-0.0056,0.0488,2.798,5.173,-6.11,-6.37,319.9,0.03,0.0,0.05,0.09,99695,1507,3,0.39,0.09,-0.04,0.04,49,169,-129,0,3.09,0.26,0.0651,0.1884,36.19,36.63,25.11
232.3,flow_only,67.201,52.1374408,21.161733,87.43,52.137407,21.1617686,28,0.48,1.148,255,-0.1676,0.3352,-0.1208,-0.0287,2.824,5.15,-6.33,-6.07,318.85,0.03,0.0,0.11,0.05,99695,1507,3,0.39,0.09,-0.04,0.04,49,-112,-212,0,3.08,0.22,0.0734,0.1933,34.1,39.42,21.99
232.4,flow_only,67.301,52.1374417,21.1617326,87.38,52.1374088,21.1617669,28,0.48,1.205,255,0.0,0.6707,-0.0302,0.067,2.847,5.109,-6.23,-5.81,317.77,0.03,0.0,0.25,0.06,99695,1507,3,0.39,0.09,-0.04,0.04,49,-47,36,0,3.0,0.12,0.0718,0.2129,41.72,43.12,30.78
232.499,flow_only,67.401,52.1374427,21.161732,87.34,52.1374088,21.1617669,28,0.48,1.205,255,-0.1677,0.3353,-0.3064,-0.0762,2.882,5.07,-7.63,-5.98,316.95,0.03,0.0,0.14,0.09,99695,1507,3,0.39,0.09,-0.04,0.04,49,108,143,0,2.97,0.07,0.0587,0.1846,44.94,50.57,32.53
232.599,flow_only,67.501,52.1374435,21.1617311,87.31,52.1374107,21.161765,28,0.48,1.239,255,-0.1676,0.1676,-0.1973,-0.079,2.898,5.039,-8.97,-6.61,316.49,0.03,0.0,0.05,0.11,99695,1507,3,0.39,0.08,-0.04,0.04,49,42,-221,0,2.98,0.05,0.0688,0.1745,51.1,47.04,32.22
232.7,flow_only,67.601,52.1374445,21.1617302,87.27,52.1374107,21.161765,28,0.48,1.239,255,0.1676,0.3352,0.2336,-0.1034,2.934,4.997,-8.55,-7.15,316.03,0.03,0.0,0.23,0.07,99695,1507,3,0.39,0.08,-0.04,0.04,49,-82,-95,0,2.92,-0.01,0.0518,0.162,45.22,49.99,28.89
232.799,flow_only,67.701,52.1374456,21.1617295,87.22,52.1374127,21.161763,28,0.48,1.37,255,0.0,0.1677,0.1593,-0.1443,2.956,4.949,-7.49,-7.94,315.83,0.03,0.0,0.2,0.05,99695,1507,3,0.39,0.08,-0.04,0.04,49,-118,-210,0,2.87,-0.09,0.0684,0.1881,49.56,45.27,26.04
232.899,flow_only,67.801,52.1374466,21.1617289,87.17,52.1374127,21.161763,28,0.48,1.37,255,-0.1677,0.1677,-0.0657,-0.0422,2.97,4.898,-7.55,-8.65,316.07,0.03,0.0,0.18,0.11,99695,1507,3,0.39,0.08,-0.04,0.04,49,99,-175,0,2.84,-0.16,0.0762,0.1978,43.57,50.64,36.36
232.999,flow_only,67.901,52.1374474,21.1617283,87.12,52.1374147,21.1617606,28,0.48,1.345,255,-0.1676,0.5029,-0.0221,0.14,3.022,4.842,-7.88,-8.27,316.28,0.03,0.0,0.19,0.08,99695,1507,3,0.39,0.08,-0.04,0.04,49,-170,113,0,2.79,-0.22,0.0754,0.1972,49.52,54.65,37.99
233.1,flow_only,68.001,52.1374484,21.1617277,87.07,52.1374147,21.1617606,28,0.48,1.345,255,0.0,0.3354,-0.0588,-0.0647,3.036,4.794,-7.9,-7.69,316.66,0.03,0.0,0.14,0.05,99695,1507,3,0.39,0.08,-0.04,0.04,49,-139,-164,0,2.77,-0.3,0.0882,0.2063,43.79,45.47,41.96
233.2,flow_only,68.101,52.1374493,21.1617271,87.02,52.1374166,21.1617579,28,0.48,1.451,255,0.0,0.1676,-0.1223,-0.2228,3.076,4.749,-9.17,-8.53,317.33,0.03,0.0,0.12,0.08,99695,1507,3,0.39,0.08,-0.04,0.04,49,-34,-233,0,2.75,-0.34,0.0761,0.1789,58.24,48.19,40.25
233.3,flow_only,68.201,52.1374503,21.1617266,86.97,52.1374166,21.1617579,28,0.48,1.451,255,0.0,0.6706,-0.0034,0.0671,3.138,4.694,-9.53,-8.84,317.73,0.03,0.0,0.23,0.07,99695,1507,3,0.39,0.08,-0.04,0.04,49,145,-404,0,2.7,-0.41,0.0963,0.2222,46.25,49.06,43.54
233.399,flow_only,68.301,52.1374512,21.1617262,86.91,52.1374186,21.161755,28,0.48,1.506,255,0.0,0.5029,-0.1613,-0.0707,3.172,4.638,-10.17,-8.86,317.91,0.03,0.0,0.18,0.04,99695,1507,3,0.39,0.08,-0.04,0.04,49,-40,-324,0,2.66,-0.49,0.0911,0.2128,48.68,43.93,47.3
233.5,flow_only,68.401,52.1374522,21.1617258,86.86,52.1374186,21.161755,28,0.48,1.506,255,0.0,0.3353,-0.1772,-0.174,3.204,4.581,-11.24,-9.69,318.17,0.03,0.0,0.19,0.05,99695,1507,3,0.39,0.08,-0.04,0.04,49,100,-163,0,2.62,-0.58,0.0691,0.1732,61.15,44.5,39.5
233.599,flow_only,68.501,52.1374531,21.1617251,86.79,52.1374208,21.1617519,28,0.48,1.714,255,0.0,0.3353,-0.0915,-0.0258,3.26,4.518,-11.79,-10.03,318.12,0.03,0.0,0.2,0.08,99695,1507,3,0.39,0.09,-0.04,0.04,49,40,-378,0,2.57,-0.65,0.0763,0.1874,50.6,46.63,39.23
233.699,flow_only,68.601,52.1374539,21.1617245,86.73,52.1374208,21.1617519,28,0.48,1.714,255,0.0,0.5029,-0.0458,0.0053,3.316,4.453,-12.06,-10.17,317.77,0.03,0.0,0.19,0.06,99695,1507,3,0.39,0.09,-0.04,0.04,49,-26,-138,0,2.54,-0.73,0.0768,0.1846,71.03,56.84,37.66
233.799,flow_only,68.701,52.1374545,21.1617238,86.66,52.1374232,21.1617486,28,0.48,1.779,255,0.0,0.3352,-0.0515,-0.0753,3.358,4.386,-12.19,-10.27,317.43,0.03,0.0,0.21,0.05,99695,1507,3,0.39,0.08,-0.04,0.04,49,63,-322,0,2.49,-0.82,0.0972,0.2203,57.12,62.99,31.37
233.899,flow_only,68.801,52.1374551,21.161723,86.61,52.1374232,21.1617486,28,0.48,1.779,255,0.0,0.503,-0.0359,-0.1507,3.388,4.33,-12.39,-11.04,317.44,0.03,0.0,0.09,0.04,99695,1507,3,0.39,0.08,-0.04,0.04,49,115,-369,0,2.5,-0.87,0.0978,0.2096,50.7,59.73,27.21
233.999,flow_only,68.901,52.1374557,21.161722,86.55,52.1374256,21.1617448,28,0.48,1.947,255,0.1677,0.3353,0.1699,0.026,3.424,4.277,-11.75,-11.14,317.33,0.03,0.0,0.15,0.05,99695,1507,3,0.39,0.08,-0.04,0.04,49,-82,-343,0,2.48,-0.92,0.0914,0.1947,54.36,61.52,29.81
234.099,flow_only,69.001,52.1374563,21.1617212,86.5,52.1374256,21.1617448,28,0.48,1.947,255,0.0,0.5028,0.035,-0.0126,3.464,4.222,-11.19,-11.16,317.19,0.03,0.0,0.2,0.05,99695,1507,3,0.39,0.08,-0.04,0.04,49,-108,-197,0,2.45,-0.99,0.101,0.2146,50.06,61.38,32.47
234.2,flow_only,69.101,52.1374569,21.1617201,86.44,52.137428,21.1617405,28,0.48,2.06,255,0.0,0.8383,-0.1078,-0.0077,3.462,4.168,-11.17,-11.3,317.04,0.03,0.0,0.14,0.06,99695,1507,3,0.39,0.08,-0.04,0.04,49,-9,292,0,2.42,-1.06,0.0496,0.1172,39.23,69.93,35.01
234.3,flow_only,69.201,52.1374577,21.1617188,86.38,52.137428,21.1617405,28,0.48,2.06,255,0.0,0.5028,0.042,-0.0472,3.544,4.109,-11.39,-11.52,316.7,0.03,0.0,0.18,0.06,99695,1507,3,0.39,0.08,-0.04,0.04,49,34,-231,0,2.39,-1.11,0.071,0.1524,59.7,53.24,34.05
234.4,flow_only,69.301,52.1374585,21.1617175,86.32,52.1374306,21.1617356,28,0.48,2.344,255,0.0,0.3352,0.0462,0.1797,3.602,4.049,-10.85,-11.42,316.23,0.03,0.0,0.15,0.08,99695,1507,3,0.39,0.09,-0.04,0.04,49,108,-350,0,2.36,-1.18,0.0864,0.1748,62.4,48.25,26.05
234.499,flow_only,69.401,52.1374593,21.1617161,86.26,52.1374306,21.1617356,28,0.48,2.344,255,0.0,1.1736,-0.0324,0.0743,3.566,3.988,-10.76,-10.35,315.72,0.03,0.0,0.17,0.06,99695,1507,3,0.39,0.09,-0.04,0.04,49,-94,57,0,2.32,-1.29,0.0424,0.0946,54.5,53.32,28.17
234.599,flow_only,69.501,52.13746,21.1617148,86.2,52.1374334,21.1617301,28,0.48,2.557,255,0.1677,0.503,0.0683,0.0006,3.612,3.927,-10.65,-10.68,315.53,0.03,0.0,0.14,0.08,99695,1507,3,0.39,0.08,-0.04,0.04,49,-17,-334,0,2.3,-1.34,0.0668,0.1327,44.54,52.64,42.34
234.699,flow_only,69.601,52.1374609,21.1617135,86.14,52.1374334,21.1617301,28,0.48,2.557,255,0.1677,0.6707,0.0759,0.1135,3.634,3.868,-9.76,-9.93,315.2,0.03,0.0,0.12,0.05,99695,1507,3,0.39,0.08,-0.04,0.04,49,-183,-700,0,2.31,-1.35,0.0922,0.1712,58.75,56.35,31.56
234.799,flow_only,69.701,52.1374617,21.1617121,86.09,52.1374364,21.1617241,28,0.48,2.682,255,0.0,1.0061,-0.0666,0.0525,3.66,3.817,-9.97,-9.7,315.15,0.03,0.0,0.07,0.08,99695,1507,3,0.39,0.08,-0.04,0.04,49,-65,-437,0,2.31,-1.38,0.0724,0.1335,59.86,56.45,31.73
234.899,flow_only,69.801,52.1374624,21.1617108,86.05,52.1374364,21.1617241,28,0.48,2.682,255,0.0,0.5028,-0.0071,-0.0355,3.722,3.771,-10.2,-9.59,315.21,0.03,0.0,0.08,0.07,99695,1507,3,0.39,0.08,-0.04,0.04,49,-23,25,0,2.32,-1.39,0.0614,0.1126,56.71,53.1,32.67
234.999,flow_only,69.901,52.1374632,21.1617093,86.0,52.1374395,21.1617178,28,0.48,2.804,255,0.3352,0.5029,0.1588,-0.0153,3.734,3.725,-9.44,-9.81,315.19,0.03,0.0,0.1,0.07,99695,1507,3,0.39,0.08,-0.04,0.04,49,166,-57,0,2.31,-1.44,0.0539,0.099,61.29,53.26,29.72
235.1,flow_only,70.001,52.1374639,21.1617078,85.95,52.1374395,21.1617178,28,0.48,2.804,255,0.0,1.0058,-0.0667,0.0109,3.766,3.679,-9.16,-9.66,315.24,0.03,0.0,0.09,0.07,99695,1507,3,0.39,0.08,-0.04,0.04,49,-164,-495,0,2.3,-1.52,0.0894,0.1584,46.5,48.31,42.02
235.2,flow_only,70.101,52.1374646,21.1617063,85.91,52.1374426,21.1617111,28,0.48,2.97,255,0.0,0.5028,-0.0422,-0.0199,3.802,3.632,-9.86,-9.45,315.3,0.03,0.0,0.09,0.1,99695,1507,3,0.39,0.08,-0.04,0.04,49,27,-524,0,2.29,-1.53,0.083,0.1448,47.68,44.62,40.12
235.3,flow_only,70.201,52.1374654,21.1617048,85.86,52.1374426,21.1617111,28,0.48,2.97,255,0.1676,0.5028,0.1557,-0.0083,3.808,3.584,-8.94,-9.6,315.23,0.03,0.0,0.08,0.07,99695,1507,3,0.39,0.08,-0.04,0.04,49,-140,-472,0,2.3,-1.56,0.0733,0.1231,48.28,52.28,34.18
235.4,flow_only,70.301,52.1374662,21.1617033,85.81,52.1374459,21.1617039,28,0.48,3.164,255,0.0,1.0055,-0.0152,-0.0667,3.82,3.539,-8.75,-9.98,315.46,0.03,0.0,0.03,0.07,99695,1507,3,0.39,0.08,-0.04,0.04,49,98,-20,0,2.31,-1.56,0.0591,0.1063,49.49,57.33,33.45
235.499,flow_only,70.401,52.1374671,21.1617019,85.77,52.1374459,21.1617039,28,0.48,3.164,255,0.1676,0.6703,0.0241,0.0475,3.866,3.491,-8.75,-9.89,315.55,0.03,0.0,0.08,0.06,99695,1507,3,0.39,0.08,-0.04,0.04,49,-88,-487,0,2.3,-1.6,0.0545,0.0946,58.73,51.85,33.51
235.599,flow_only,70.501,52.1374678,21.1617007,85.71,52.1374493,21.1616963,28,0.48,3.223,255,0.0,0.503,-0.1216,-0.0694,3.862,3.438,-8.97,-9.86,315.62,0.03,0.0,0.07,0.08,99695,1507,3,0.39,0.08,-0.04,0.04,49,-94,-351,0,2.28,-1.63,0.0695,0.1145,47.7,50.7,37.79
235.7,flow_only,70.601,52.1374686,21.1616994,85.65,52.1374493,21.1616963,28,0.48,3.223,255,0.0,0.838,0.0263,-0.1183,3.88,3.378,-9.14,-10.49,315.82,0.03,0.0,0.09,0.09,99695,1507,3,0.39,0.08,-0.04,0.04,49,21,-20,0,2.28,-1.65,0.0479,0.0804,49.98,59.94,35.85
235.799,flow_only,70.701,52.1374694,21.1616981,85.59,52.1374528,21.1616888,28,0.48,3.253,255,0.0,0.503,0.1039,-0.1398,3.876,3.317,-8.96,-11.37,315.98,0.03,0.0,0.05,0.08,99695,1507,3,0.39,0.08,-0.04,0.04,49,-78,-324,0,2.27,-1.65,0.0549,0.0914,50.59,50.14,41.62
235.899,flow_only,70.801,52.1374702,21.1616968,85.54,52.1374528,21.1616888,28,0.48,3.253,255,0.0,0.6706,0.026,-0.0155,3.846,3.262,-8.39,-11.39,316.09,0.03,0.0,0.03,0.09,99695,1507,3,0.39,0.08,-0.04,0.04,49,-104,-423,0,2.29,-1.65,0.0701,0.1168,55.05,50.05,32.31
235.999,flow_only,70.901,52.1374711,21.1616954,85.49,52.1374564,21.161681,28,0.48,3.414,255,0.0,0.6705,-0.0477,0.0751,3.885,3.211,-8.71,-11.5,316.18,0.03,0.0,0.02,0.1,99695,1507,3,0.39,0.08,-0.04,0.04,49,-20,-410,0,2.25,-1.65,0.0417,0.0855,64.08,50.27,33.42
236.099,flow_only,71.001,52.1374721,21.161694,85.44,52.1374564,21.161681,28,0.48,3.414,255,0.0,0.503,-0.1658,-0.049,3.892,3.166,-9.29,-11.31,316.3,0.03,0.0,0.03,0.09,99695,1507,3,0.39,0.08,-0.04,0.04,49,-35,-386,0,2.27,-1.67,0.0563,0.1021,57.61,43.64,35.78
236.199,flow_only,71.101,52.137473,21.1616926,85.39,52.1374601,21.1616728,28,0.48,3.631,255,0.3353,1.1736,-0.0175,-0.0191,3.95,3.119,-9.6,-11.45,316.39,0.03,0.0,0.04,0.11,99695,1507,3,0.39,0.08,-0.04,0.04,49,0,415,0,2.26,-1.69,0.0158,0.0787,49.88,59.96,37.63
236.3,flow_only,71.201,52.1374741,21.1616908,85.35,52.1374601,21.1616728,28,0.48,3.631,255,0.0,0.503,-0.0192,0.0703,3.934,3.074,-9.55,-11.37,316.36,0.03,0.0,0.0,0.09,99695,1507,3,0.39,0.08,-0.04,0.04,49,264,-330,0,2.3,-1.7,0.0358,0.0934,49.92,46.14,41.84
236.4,flow_only,71.301,52.1374752,21.1616888,85.3,52.1374643,21.1616642,28,0.48,3.855,255,0.1677,0.8386,0.0788,0.2054,3.896,3.027,-9.27,-10.43,316.06,0.03,0.0,0.03,0.07,99695,1507,3,0.39,0.08,-0.04,0.04,49,-97,-382,0,2.29,-1.7,0.024,0.097,44.18,53.4,40.54
236.5,flow_only,71.401,52.1374764,21.1616865,85.26,52.1374643,21.1616642,28,0.48,3.855,255,-0.1677,1.5089,-0.0377,0.1565,3.86,2.98,-9.15,-9.59,315.84,0.03,0.0,0.03,0.1,99695,1507,3,0.39,0.08,-0.04,0.04,49,215,-362,0,2.31,-1.65,0.0482,0.1248,55.4,55.57,31.95
236.599,flow_only,71.501,52.1374776,21.1616842,85.21,52.1374686,21.1616552,28,0.48,3.953,255,0.0,0.8381,0.0764,0.1574,3.822,2.936,-9.05,-8.76,315.7,0.03,0.0,0.0,0.11,99695,1507,3,0.39,0.08,-0.04,0.04,49,-67,-550,0,2.3,-1.62,0.0275,0.1043,50.23,52.66,48.4
236.7,flow_only,71.601,52.1374788,21.161682,85.16,52.1374686,21.1616552,28,0.48,3.953,255,0.0,0.8383,0.0853,0.1365,3.776,2.888,-8.64,-7.61,315.59,0.03,0.0,0.03,0.08,99695,1507,3,0.39,0.08,-0.04,0.04,49,8,-612,0,2.31,-1.59,0.0201,0.0931,53.92,50.88,38.79
236.799,flow_only,71.701,52.1374801,21.1616794,85.12,52.1374731,21.1616458,28,0.48,4.137,255,0.0,1.5086,0.042,0.1265,3.818,2.842,-8.37,-6.89,315.61,0.03,0.0,0.0,0.08,99695,1507,3,0.39,0.08,-0.04,0.04,49,20,-373,0,2.27,-1.59,0.0472,0.1327,57.07,51.26,35.49
236.899,flow_only,71.801,52.1374813,21.161677,85.07,52.1374731,21.1616458,28,0.48,4.137,255,0.0,0.8382,0.0883,0.1371,3.79,2.798,-7.83,-6.16,315.66,0.03,0.0,0.0,0.1,99695,1507,3,0.39,0.08,-0.04,0.04,49,-49,334,0,2.27,-1.6,0.0565,0.1509,55.36,58.56,37.39
236.999,flow_only,71.901,52.1374825,21.1616747,85.03,52.1374776,21.1616361,28,0.48,4.175,255,0.1677,0.8383,0.088,0.0991,3.778,2.756,-7.27,-5.47,315.58,0.03,0.0,0.03,0.09,99695,1507,3,0.39,0.08,-0.04,0.04,49,-86,-362,0,2.27,-1.62,0.0145,0.0958,57.07,55.56,35.99
237.1,flow_only,72.001,52.1374836,21.1616727,84.99,52.1374776,21.1616361,28,0.48,4.175,255,0.0,1.3408,0.028,0.021,3.762,2.713,-6.96,-5.18,315.27,0.03,0.0,0.0,0.12,99695,1507,3,0.39,0.08,-0.04,0.04,49,-177,-263,0,2.29,-1.58,0.0211,0.0762,55.58,57.36,30.53
237.199,flow_only,72.101,52.1374847,21.1616707,84.95,52.137482,21.1616263,28,0.48,4.186,255,0.1676,0.6703,0.108,0.0741,3.802,2.676,-6.41,-4.99,314.92,0.03,0.0,0.04,0.13,99695,1507,3,0.39,0.08,-0.04,0.04,49,17,-400,0,2.26,-1.58,0.0162,0.0971,52.3,55.82,39.3
237.3,flow_only,72.201,52.1374858,21.1616688,84.92,52.137482,21.1616263,28,0.48,4.186,255,0.1676,1.0056,0.0124,0.1132,3.815,2.644,-6.11,-4.28,314.86,0.03,0.0,0.06,0.12,99695,1507,3,0.39,0.08,-0.04,0.04,49,-7,-299,0,2.31,-1.59,0.0278,0.0924,51.2,57.73,35.78
237.4,flow_only,72.301,52.1374868,21.1616669,84.89,52.1374865,21.1616165,28,0.48,4.158,255,0.1677,1.509,0.0265,-0.1355,3.79,2.616,-5.73,-4.49,315.0,0.03,0.0,0.07,0.14,99695,1507,3,0.39,0.08,-0.04,0.04,49,219,613,0,2.35,-1.55,0.0457,0.1517,51.93,58.77,40.82
237.499,flow_only,72.4,52.1374879,21.1616648,84.87,52.1374865,21.1616165,28,0.48,4.158,255,0.0,0.6702,0.0431,-0.0648,3.772,2.59,-6.22,-5.25,315.06,0.03,0.0,0.04,0.11,99695,1507,3,0.39,0.08,-0.04,0.04,49,42,-68,0,2.4,-1.49,0.0417,0.143,50.97,60.55,38.88
237.599,flow_only,72.5,52.1374889,21.1616627,84.84,52.137491,21.1616068,28,0.48,4.129,255,0.1676,0.6704,0.0859,0.1694,3.716,2.565,-4.78,-5.01,315.06,0.03,0.0,0.07,0.12,99695,1507,3,0.39,0.08,-0.04,0.04,49,6,-370,0,2.41,-1.44,0.0352,0.1398,49.72,54.01,35.15
237.699,flow_only,72.601,52.13749,21.1616605,84.82,52.137491,21.1616068,28,0.48,4.129,255,0.0,1.6767,-0.0138,0.0354,3.704,2.547,-5.03,-4.37,315.4,0.03,0.0,0.06,0.12,99695,1507,3,0.39,0.08,-0.04,0.04,49,93,617,0,2.46,-1.35,0.0796,0.1952,43.19,60.51,32.53
237.799,flow_only,72.7,52.1374911,21.1616582,84.81,52.1374955,21.1615972,28,0.48,4.201,255,0.0,0.8381,-0.051,0.0893,3.69,2.531,-5.15,-4.06,315.65,0.03,0.0,0.09,0.14,99695,1507,3,0.4,0.08,-0.04,0.04,49,-91,-42,0,2.49,-1.31,0.0701,0.1905,48.33,57.4,33.59
237.899,flow_only,72.8,52.1374924,21.1616556,84.8,52.1374955,21.1615972,28,0.48,4.201,255,0.1677,0.8383,0.1228,0.1154,3.682,2.523,-4.94,-3.58,315.6,0.03,0.0,0.08,0.13,99695,1507,3,0.4,0.08,-0.04,0.04,49,118,67,0,2.55,-1.24,0.1206,0.2586,50.23,56.32,35.6
237.999,flow_only,72.9,52.1374938,21.1616528,84.79,52.1375003,21.1615875,28,0.48,4.299,255,0.3352,1.8436,0.0648,0.2048,3.67,2.518,-4.39,-2.53,315.57,0.03,0.0,0.08,0.1,99695,1507,3,0.4,0.08,-0.04,0.04,49,-45,-39,0,2.57,-1.19,0.1328,0.2771,52.4,52.63,31.6
238.099,flow_only,73.0,52.1374951,21.1616502,84.78,52.1375003,21.1615875,28,0.48,4.299,255,0.1677,0.8383,0.0396,0.2573,3.652,2.508,-4.12,-1.34,316.0,0.03,0.0,0.05,0.13,99695,1507,3,0.4,0.08,-0.04,0.04,49,84,823,0,2.61,-1.16,0.1015,0.2318,50.55,49.65,31.04
238.199,flow_only,73.1,52.1374963,21.1616477,84.77,52.1375051,21.1615778,28,0.48,4.222,255,0.0,0.838,-0.0023,0.0858,3.658,2.495,-4.11,-0.38,316.7,0.03,0.0,0.07,0.13,99695,1507,3,0.4,0.08,-0.04,0.04,49,-76,31,0,2.61,-1.14,0.0772,0.197,49.91,48.31,29.11
238.299,flow_only,73.2,52.1374975,21.1616455,84.76,52.1375051,21.1615778,28,0.48,4.222,255,0.1677,0.8383,0.0655,0.2328,3.624,2.481,-3.68,0.77,317.14,0.03,0.0,0.09,0.13,99695,1507,3,0.4,0.08,-0.04,0.04,49,-114,-125,0,2.63,-1.13,0.0597,0.1732,50.1,47.07,31.0
238.399,flow_only,73.3,52.1374987,21.1616435,84.75,52.1375097,21.1615682,28,0.48,4.142,255,0.1677,0.6706,-0.002,-0.1517,3.607,2.477,-3.6,0.86,317.57,0.03,0.0,0.15,0.13,99695,1507,3,0.4,0.08,-0.04,0.04,49,122,120,0,2.67,-1.04,0.0763,0.2075,46.41,50.13,28.34
238.499,flow_only,73.4,52.1374998,21.1616413,84.75,52.1375097,21.1615682,28,0.48,4.142,255,0.1676,1.0054,0.01,-0.2361,3.586,2.479,-3.84,-0.37,317.87,0.03,0.0,0.16,0.12,99695,1507,3,0.4,0.08,-0.04,0.04,49,48,241,0,2.75,-0.96,0.0997,0.2459,37.68,51.38,26.63
238.599,flow_only,73.5,52.137501,21.1616392,84.75,52.1375144,21.1615591,28,0.48,4.004,255,0.1676,0.6704,0.1374,0.0499,3.552,2.471,-3.35,-0.85,317.96,0.03,0.0,0.03,0.11,99695,1507,3,0.4,0.08,-0.04,0.04,49,96,50,0,2.73,-0.93,0.0878,0.2085,42.03,42.34,30.05
238.699,flow_only,73.601,52.1375021,21.1616371,84.74,52.1375144,21.1615591,28,0.48,4.004,255,0.1676,1.0055,0.0172,0.1108,3.516,2.463,-2.84,-0.19,317.88,0.03,0.0,0.1,0.12,99695,1507,3,0.4,0.08,-0.04,0.04,49,-29,124,0,2.77,-0.88,0.0858,0.2031,54.27,38.81,44.43
238.799,flow_only,73.7,52.1375031,21.1616352,84.74,52.137519,21.1615504,28,0.48,3.834,255,0.0,1.6767,-0.1088,0.0517,3.492,2.464,-3.46,0.15,317.79,0.03,0.0,0.15,0.13,99695,1507,3,0.4,0.08,-0.04,0.04,49,267,862,0,2.8,-0.82,0.0874,0.2106,57.24,54.39,36.65
238.899,flow_only,73.8,52.1375042,21.1616332,84.75,52.137519,21.1615504,28,0.48,3.834,255,0.0,0.6703,-0.0047,-0.0573,3.444,2.475,-3.85,-0.04,317.49,0.03,0.0,0.14,0.12,99695,1507,3,0.4,0.08,-0.04,0.04,49,68,949,0,2.84,-0.74,0.0874,0.2144,60.46,58.0,37.75
238.999,flow_only,73.9,52.1375052,21.1616313,84.77,52.1375235,21.1615423,28,0.48,3.639,255,0.0,0.6707,0.0246,0.0116,3.416,2.496,-3.72,0.07,317.2,0.03,0.0,0.17,0.1,99695,1507,3,0.4,0.08,-0.04,0.04,49,7,110,0,2.88,-0.66,0.0924,0.2269,59.72,55.28,32.84
239.099,flow_only,74.0,52.1375062,21.1616295,84.8,52.1375235,21.1615423,28,0.48,3.639,255,0.0,1.1736,-0.1103,-0.2972,3.408,2.521,-4.24,-0.94,317.19,0.03,0.0,0.13,0.12,99695,1507,3,0.4,0.08,-0.04,0.04,49,233,305,0,2.93,-0.57,0.1023,0.2342,53.34,52.98,36.62
239.199,flow_only,74.1,52.1375072,21.1616275,84.82,52.1375279,21.1615345,28,0.48,3.642,255,0.0,0.6707,0.0812,-0.022,3.424,2.54,-4.36,-1.86,317.13,0.03,0.0,0.11,0.1,99695,1507,3,0.4,0.08,-0.04,0.04,49,67,252,0,2.95,-0.53,0.1219,0.2512,51.12,51.14,33.53
239.299,flow_only,74.2,52.1375083,21.1616256,84.83,52.1375279,21.1615345,28,0.48,3.642,255,0.0,0.8383,0.1228,0.0696,3.402,2.55,-3.67,-1.48,316.88,0.03,0.0,0.03,0.12,99695,1507,3,0.4,0.08,-0.04,0.04,49,81,966,0,2.95,-0.55,0.1049,0.2085,43.69,49.26,31.18
239.399,flow_only,74.3,52.1375094,21.1616238,84.83,52.1375324,21.161527,28,0.48,3.488,255,0.1677,1.6768,-0.0141,0.1678,3.39,2.553,-3.54,-0.97,316.72,0.03,0.0,0.07,0.12,99695,1507,3,0.4,0.08,-0.04,0.04,49,29,144,0,2.94,-0.53,0.1087,0.204,50.76,51.29,35.03
239.499,flow_only,74.4,52.1375105,21.161622,84.82,52.1375324,21.161527,28,0.48,3.488,255,-0.1677,0.6708,0.08,-0.1114,3.35,2.547,-3.38,-0.93,316.48,0.03,0.0,0.03,0.1,99695,1507,3,0.4,0.08,-0.04,0.04,49,41,250,0,2.93,-0.54,0.1171,0.207,50.09,50.72,36.03
239.599,flow_only,74.5,52.1375116,21.1616204,84.81,52.1375368,21.1615199,28,0.48,3.452,255,0.0,0.6706,-0.0617,-0.0091,3.33,2.532,-3.3,-1.24,316.37,0.03,0.0,0.04,0.11,99695,1507,3,0.4,0.08,-0.04,0.04,49,156,844,0,2.91,-0.51,0.0839,0.1554,49.97,49.73,35.86
239.699,flow_only,74.601,52.1375126,21.1616186,84.8,52.1375368,21.1615199,28,0.48,3.452,255,-0.1677,1.5089,-0.0812,-0.0094,3.308,2.524,-3.95,-1.31,316.38,0.03,0.0,0.1,0.06,99695,1507,3,0.4,0.08,-0.04,0.04,49,170,268,0,2.93,-0.49,0.112,0.2013,47.2,48.46,37.36
239.799,flow_only,74.701,52.1375138,21.1616166,84.8,52.1375412,21.1615131,28,0.48,3.306,255,-0.1677,0.6707,0.0408,0.0288,3.274,2.523,-3.75,-1.41,316.23,0.03,0.0,0.08,0.13,99695,1507,3,0.4,0.08,-0.04,0.04,49,68,293,0,2.93,-0.47,0.1158,0.2072,44.95,50.72,36.19
239.899,flow_only,74.8,52.1375148,21.1616149,84.81,52.1375412,21.1615131,28,0.48,3.306,255,0.0,0.6706,0.1142,0.0996,3.26,2.531,-3.45,-1.12,316.16,0.03,0.0,0.12,0.11,99695,1507,3,0.4,0.08,-0.04,0.04,49,35,258,0,2.95,-0.4,0.0981,0.1851,42.52,47.73,37.44
239.999,flow_only,74.9,52.1375159,21.1616132,84.82,52.1375454,21.1615066,28,0.48,3.195,255,0.0,0.6707,0.0155,-0.1415,3.262,2.55,-3.14,-0.97,316.2,0.03,0.0,0.14,0.08,99695,1507,3,0.4,0.08,-0.04,0.04,49,0,992,0,2.99,-0.35,0.079,0.1619,43.07,48.86,30.44
240.099,flow_only,75.0,52.1375169,21.1616116,84.84,52.1375454,21.1615066,28,0.48,3.195,255,-0.1676,0.5028,0.0824,-0.0481,3.26,2.566,-3.23,-1.74,316.32,0.03,0.0,0.08,0.1,99695,1507,3,0.4,0.08,-0.04,0.04,49,-4,997,0,3.01,-0.34,0.0653,0.1363,39.85,45.55,30.74
240.199,flow_only,75.1,52.137518,21.1616101,84.85,52.1375496,21.1615002,28,0.48,3.176,255,0.3352,1.5086,0.1209,0.1221,3.246,2.576,-2.26,-1.21,316.13,0.03,0.0,0.06,0.12,99695,1507,3,0.4,0.08,-0.04,0.04,49,-117,208,0,3.01,-0.32,0.0908,0.1607,35.67,40.96,28.4
240.299,flow_only,75.2,52.1375191,21.1616086,84.86,52.1375496,21.1615002,28,0.48,3.176,255,-0.1677,1.3413,-0.0186,0.0893,3.23,2.584,-2.39,-0.81,315.85,0.03,0.0,0.06,0.11,99695,1507,3,0.4,0.08,-0.04,0.04,49,146,275,0,3.02,-0.31,0.0816,0.1503,39.26,46.29,24.25
240.4,flow_only,75.301,52.1375202,21.1616072,84.87,52.1375538,21.1614941,28,0.48,3.093,255,-0.1677,0.6707,-0.1318,-0.0187,3.196,2.593,-2.75,-0.66,315.67,0.03,0.0,0.07,0.09,99695,1507,3,0.4,0.08,-0.04,0.04,49,144,311,0,3.03,-0.28,0.0783,0.1435,39.71,50.98,27.85
240.499,flow_only,75.4,52.1375212,21.1616057,84.87,52.1375538,21.1614941,28,0.48,3.093,255,-0.1677,0.6707,-0.0538,0.0057,3.2,2.6,-3.17,-0.86,315.66,0.03,0.0,0.03,0.08,99695,1507,3,0.4,0.08,-0.04,0.04,49,205,890,0,3.03,-0.24,0.0816,0.1458,46.11,51.13,34.04
240.599,flow_only,75.5,52.1375223,21.1616043,84.88,52.1375579,21.1614884,28,0.48,2.971,255,0.0,0.6705,-0.0737,-0.1149,3.212,2.61,-3.87,-1.28,315.89,0.03,0.0,0.08,0.1,99695,1507,3,0.4,0.08,-0.04,0.04,49,-57,928,0,3.05,-0.22,0.0771,0.1394,45.4,49.81,36.24
240.699,flow_only,75.601,52.1375234,21.1616029,84.89,52.1375579,21.1614884,28,0.48,2.971,255,-0.1677,0.503,-0.0297,0.0829,3.202,2.618,-4.06,-1.38,316.08,0.03,0.0,0.07,0.09,99695,1507,3,0.4,0.08,-0.04,0.04,49,-17,169,0,3.06,-0.23,0.0575,0.1063,45.92,51.56,36.61
240.799,flow_only,75.7,52.1375244,21.1616014,84.91,52.137562,21.1614828,28,0.48,2.915,255,0.0,1.3411,-0.017,0.1006,3.202,2.633,-3.93,-0.77,316.35,0.03,0.0,0.1,0.1,99695,1507,3,0.4,0.08,-0.04,0.04,49,107,927,0,3.09,-0.19,0.056,0.1082,46.84,46.61,26.63
240.899,flow_only,75.8,52.1375255,21.1615999,84.93,52.137562,21.1614828,28,0.48,2.915,255,-0.3352,0.5029,-0.1426,-0.0916,3.192,2.65,-4.94,-0.73,316.71,0.03,0.0,0.08,0.12,99695,1507,3,0.4,0.08,-0.04,0.04,49,-56,452,0,3.11,-0.2,0.0836,0.155,45.98,48.43,26.72
240.999,flow_only,75.9,52.1375268,21.1615981,84.94,52.137566,21.1614776,28,0.48,2.874,255,0.1677,0.503,0.1931,-0.0242,3.162,2.662,-4.21,-1.46,316.89,0.03,0.0,0.05,0.11,99695,1507,3,0.4,0.08,-0.04,0.04,49,-130,378,0,3.12,-0.15,0.1071,0.195,40.92,44.27,28.26
241.099,flow_only,76.0,52.137528,21.1615965,84.95,52.137566,21.1614776,28,0.48,2.874,255,0.0,1.6765,0.0451,0.3192,3.128,2.674,-3.27,-0.23,317.06,0.03,0.0,0.06,0.09,99695,1507,3,0.4,0.08,-0.04,0.04,49,-99,207,0,3.13,-0.11,0.0798,0.1453,38.71,41.95,30.6
241.199,flow_only,76.1,52.1375291,21.1615951,84.97,52.1375701,21.1614726,28,0.48,2.827,255,-0.5028,1.5084,-0.2164,0.048,3.128,2.698,-4.12,0.94,317.48,0.03,0.0,0.14,0.08,99695,1507,3,0.4,0.08,-0.04,0.04,49,252,103,0,3.17,-0.05,0.0561,0.1151,53.73,44.2,41.49
241.299,flow_only,76.2,52.1375302,21.1615936,85.01,52.1375701,21.1614726,28,0.48,2.827,255,0.0,0.3353,-0.0009,-0.1471,3.11,2.735,-4.75,0.28,317.78,0.03,0.0,0.19,0.09,99695,1507,3,0.4,0.08,-0.04,0.04,49,-59,1025,0,3.24,0.03,0.0511,0.119,51.12,47.25,36.06
241.4,flow_only,76.301,52.1375311,21.1615922,85.05,52.1375741,21.1614677,28,0.48,2.719,255,-0.1677,0.503,0.028,0.0257,3.112,2.772,-4.64,-0.01,317.7,0.03,0.0,0.08,0.1,99695,1507,3,0.4,0.08,-0.04,0.04,49,71,327,0,3.26,0.06,0.067,0.1411,47.55,48.37,27.35
241.499,flow_only,76.4,52.1375322,21.1615907,85.09,52.1375741,21.1614677,28,0.48,2.719,255,0.0,0.503,-0.0272,-0.0588,3.104,2.812,-4.81,-0.11,317.61,0.03,0.0,0.13,0.09,99695,1507,3,0.4,0.08,-0.04,0.04,49,-11,431,0,3.3,0.11,0.0858,0.1748,38.59,45.51,31.95
241.599,flow_only,76.5,52.1375332,21.1615892,85.12,52.1375779,21.1614633,28,0.48,2.464,255,0.0,0.5028,0.0603,-0.0237,3.11,2.844,-4.8,-0.65,317.43,0.03,0.0,0.07,0.1,99695,1507,3,0.4,0.08,-0.04,0.04,49,135,184,0,3.31,0.14,0.0592,0.1245,47.69,44.74,31.92
241.699,flow_only,76.601,52.1375342,21.1615879,85.14,52.1375779,21.1614633,28,0.48,2.464,255,-0.1676,1.3406,0.0314,0.1621,3.106,2.869,-4.63,0.08,317.28,0.03,0.0,0.04,0.1,99695,1507,3,0.4,0.08,-0.04,0.04,49,46,282,0,3.31,0.14,0.0453,0.0937,45.84,41.46,26.29
241.799,flow_only,76.7,52.1375354,21.1615861,85.17,52.1375815,21.1614593,28,0.48,2.444,255,0.0,0.5028,0.0055,-0.0754,3.142,2.898,-4.51,0.01,317.52,0.03,0.0,0.12,0.1,99695,1507,3,0.4,0.08,-0.04,0.04,49,69,315,0,3.34,0.16,0.0793,0.1607,42.85,42.24,24.52
241.899,flow_only,76.801,52.1375365,21.1615845,85.21,52.1375815,21.1614593,28,0.48,2.444,255,0.0,0.503,0.049,-0.0436,3.128,2.93,-4.27,-0.44,317.93,0.03,0.0,0.11,0.1,99695,1507,3,0.4,0.08,-0.04,0.04,49,-96,382,0,3.37,0.18,0.0678,0.1384,40.12,39.93,24.4
241.999,flow_only,76.9,52.1375376,21.1615831,85.24,52.137585,21.1614553,28,0.48,2.279,255,0.0,1.0055,-0.0656,0.1318,3.112,2.967,-4.04,-0.29,318.33,0.03,0.0,0.15,0.11,99695,1507,3,0.4,0.08,-0.04,0.04,49,21,831,0,3.42,0.21,0.0382,0.0919,37.29,35.95,21.88
242.099,flow_only,77.0,52.1375386,21.1615818,85.28,52.137585,21.1614553,28,0.48,2.279,255,0.0,0.5029,0.037,0.0143,3.11,3.003,-4.25,0.17,318.64,0.03,0.0,0.09,0.1,99695,1507,3,0.4,0.08,-0.04,0.04,49,29,838,0,3.43,0.25,0.0206,0.059,35.3,42.45,25.25
242.199,flow_only,77.1,52.1375397,21.1615804,85.31,52.1375882,21.1614515,28,0.48,2.17,255,0.0,0.503,-0.0481,-0.061,3.102,3.039,-4.19,-0.24,318.86,0.03,0.0,0.11,0.08,99695,1507,3,0.4,0.08,-0.04,0.04,49,28,362,0,3.47,0.25,0.0582,0.1237,35.86,41.1,21.4
242.299,flow_only,77.2,52.1375409,21.1615786,85.35,52.1375882,21.1614515,28,0.48,2.17,255,-0.1676,0.5028,-0.0177,0.0959,3.074,3.077,-4.46,-0.03,319.16,0.03,0.0,0.13,0.09,99695,1507,3,0.4,0.08,-0.04,0.04,49,-17,284,0,3.5,0.33,0.0993,0.2039,30.02,36.11,16.98
242.4,flow_only,77.301,52.1375422,21.1615769,85.39,52.1375913,21.1614478,28,0.48,2.05,255,0.0,0.503,0.0577,0.109,3.048,3.12,-4.3,0.35,319.48,0.03,0.0,0.16,0.1,99695,1507,3,0.4,0.08,-0.04,0.04,49,-119,249,0,3.54,0.4,0.0871,0.1813,31.64,30.79,18.42
242.499,flow_only,77.4,52.1375436,21.1615752,85.44,52.1375913,21.1614478,28,0.48,2.05,255,0.0,0.6704,0.0426,0.0887,3.008,3.163,-3.98,0.9,319.71,0.03,0.0,0.11,0.08,99695,1507,3,0.4,0.08,-0.04,0.04,49,9,702,0,3.56,0.44,0.1114,0.2325,33.72,34.96,18.25
242.599,flow_only,77.5,52.1375449,21.1615734,85.48,52.1375942,21.1614444,28,0.48,1.952,255,0.0,1.006,-0.0631,0.0976,3.006,3.208,-3.92,1.26,319.74,0.03,0.0,0.14,0.09,99695,1507,3,0.4,0.08,-0.04,0.04,49,41,70,0,3.59,0.5,0.0761,0.1712,33.02,36.93,17.27
242.699,flow_only,77.601,52.1375461,21.1615718,85.52,52.1375942,21.1614444,28,0.48,1.952,255,0.0,0.3353,0.0349,0.1011,3.002,3.25,-3.79,1.84,319.74,0.03,0.0,0.12,0.09,99695,1507,3,0.4,0.08,-0.04,0.04,49,4,369,0,3.61,0.54,0.0611,0.1446,31.88,34.9,20.37
242.799,flow_only,77.7,52.1375473,21.1615701,85.56,52.1375969,21.1614413,28,0.48,1.733,255,0.0,0.3353,0.0085,-0.0426,3.008,3.282,-3.89,1.89,319.72,0.03,0.0,0.04,0.09,99695,1507,3,0.4,0.08,-0.04,0.04,49,53,752,0,3.61,0.54,0.0742,0.1667,35.19,32.6,23.99
242.899,flow_only,77.8,52.1375484,21.1615683,85.58,52.1375969,21.1614413,28,0.48,1.733,255,0.1676,0.5028,0.0632,0.0407,3.002,3.309,-3.54,1.83,319.63,0.03,0.0,0.07,0.1,99695,1507,3,0.4,0.08,-0.04,0.04,49,20,208,0,3.61,0.54,0.0486,0.1169,31.84,32.57,22.31
242.999,flow_only,77.9,52.1375495,21.1615668,85.6,52.1375993,21.1614386,28,0.48,1.594,255,0.0,0.3353,-0.0454,0.0251,2.97,3.324,-3.63,1.9,319.55,0.03,0.0,0.0,0.09,99695,1507,3,0.4,0.08,-0.04,0.04,49,41,133,0,3.58,0.52,0.0248,0.0722,28.78,34.52,19.69
243.099,flow_only,78.0,52.1375506,21.1615653,85.61,52.1375993,21.1614386,28,0.48,1.594,255,0.0,0.3353,0.0244,-0.0248,2.956,3.331,-3.53,1.93,319.48,0.03,0.0,0.01,0.08,99695,1507,3,0.4,0.08,-0.04,0.04,49,-76,169,0,3.55,0.51,0.0363,0.0966,32.6,39.6,19.88
243.199,flow_only,78.1,52.1375516,21.1615639,85.6,52.1376016,21.1614361,28,0.48,1.441,255,0.0,0.3353,-0.0461,-0.0953,2.938,3.33,-3.8,1.27,319.45,0.03,0.0,0.0,0.08,99695,1507,3,0.4,0.08,-0.04,0.04,49,48,302,0,3.52,0.5,0.0348,0.1006,33.53,38.84,19.37
243.299,flow_only,78.2,52.1375526,21.1615627,85.6,52.1376016,21.1614361,28,0.48,1.441,255,0.0,0.1676,0.0995,-0.0254,2.918,3.324,-3.42,0.87,319.36,0.03,0.0,0.0,0.07,99695,1507,3,0.4,0.08,-0.04,0.04,49,58,294,0,3.48,0.48,0.0325,0.1007,34.55,43.55,19.67
243.399,flow_only,78.301,52.1375535,21.1615615,85.59,52.1376035,21.1614341,28,0.48,1.124,255,0.0,0.5029,-0.0306,0.0167,2.894,3.317,-3.31,0.87,319.1,0.03,0.0,0.0,0.11,99695,1507,3,0.4,0.09,-0.04,0.04,49,-17,203,0,3.45,0.47,0.033,0.1047,33.44,44.02,20.23
243.499,flow_only,78.4,52.1375545,21.1615602,85.59,52.1376035,21.1614341,28,0.48,1.124,255,-0.3353,0.3353,-0.1392,-0.058,2.868,3.312,-4.22,0.54,318.62,0.03,0.0,0.01,0.06,99695,1507,3,0.4,0.09,-0.04,0.04,49,79,119,0,3.42,0.46,0.03,0.1017,43.92,43.89,27.34
243.599,flow_only,78.5,52.1375554,21.1615591,85.58,52.1376051,21.1614326,28,0.48,0.932,255,0.0,0.0,0.1165,-0.2098,2.84,3.304,-3.96,-0.36,318.26,0.03,0.0,0.03,0.06,99695,1507,3,0.4,0.09,-0.04,0.04,49,3,43,0,3.38,0.44,0.0287,0.1085,42.75,39.95,28.69
243.699,flow_only,78.601,52.1375562,21.1615582,85.57,52.1376051,21.1614326,28,0.48,0.932,255,0.0,0.0,-0.0253,-0.023,2.808,3.29,-4.02,-1.2,317.86,0.03,0.0,0.05,0.07,99695,1507,3,0.4,0.09,-0.04,0.04,49,111,42,0,3.33,0.42,0.0242,0.116,39.63,44.28,25.68
243.799,flow_only,78.7,52.137557,21.1615573,85.55,52.1376065,21.1614314,28,0.48,0.84,255,0.0,0.3353,-0.0294,-0.0594,2.784,3.277,-3.97,-1.24,317.53,0.03,0.0,0.01,0.06,99695,1507,3,0.4,0.09,-0.04,0.04,49,78,78,0,3.31,0.42,0.0294,0.1135,40.05,43.69,23.8
243.899,flow_only,78.8,52.1375578,21.1615564,85.54,52.1376065,21.1614314,28,0.48,0.84,255,0.0,0.0,-0.0701,-0.1105,2.77,3.267,-4.4,-1.92,317.16,0.03,0.0,0.03,0.06,99695,1507,3,0.4,0.09,-0.04,0.04,49,96,-4,0,3.27,0.42,0.0293,0.1155,42.58,41.39,25.88
243.999,flow_only,78.9,52.1375584,21.1615557,85.54,52.1376077,21.1614305,28,0.48,0.615,255,-0.1676,0.0,0.0662,-0.0947,2.752,3.26,-4.19,-2.62,316.81,0.03,0.0,0.01,0.1,99695,1507,3,0.4,0.09,-0.04,0.04,49,-75,39,0,3.26,0.42,0.0463,0.1342,36.83,44.29,29.89
244.099,flow_only,79.0,52.1375591,21.1615551,85.53,52.1376077,21.1614305,28,0.48,0.615,255,-0.1676,0.0,-0.0183,-0.154,2.75,3.256,-4.3,-3.31,316.76,0.03,0.0,0.03,0.05,99695,1507,3,0.4,0.09,-0.04,0.04,49,9,175,0,3.24,0.42,0.0412,0.1305,43.22,39.45,25.14
244.199,flow_only,79.1,52.1375597,21.1615545,85.53,52.1376087,21.1614298,28,0.48,0.615,255,0.0,0.0,0.0246,-0.0891,2.756,3.253,-3.97,-4.01,317.2,0.03,0.0,0.02,0.09,99695,1507,3,0.4,0.09,-0.04,0.04,49,-8,79,0,3.23,0.4,0.0458,0.1357,37.58,42.22,24.04
244.299,flow_only,79.201,52.1375603,21.1615538,85.53,52.1376087,21.1614298,28,0.48,0.615,255,-0.3354,0.1677,-0.0607,-0.1026,2.768,3.25,-4.33,-4.45,317.89,0.03,0.0,0.05,0.07,99695,1507,3,0.4,0.09,-0.04,0.04,49,116,137,0,3.2,0.37,0.0386,0.1282,36.12,49.09,20.62
244.399,flow_only,79.3,52.1375609,21.1615532,85.52,52.1376097,21.161429,28,0.48,0.577,255,0.0,0.0,-0.0209,-0.0853,2.783,3.248,-4.6,-5.02,318.54,0.03,0.0,0.04,0.06,99695,1507,3,0.4,0.09,-0.04,0.04,49,-47,-3,0,3.19,0.35,0.0558,0.1566,37.67,35.53,28.44
244.499,flow_only,79.4,52.1375614,21.1615526,85.52,52.1376097,21.161429,28,0.48,0.577,255,0.0,0.1676,0.041,-0.0804,2.78,3.246,-4.49,-5.44,319.35,0.03,0.0,0.03,0.06,99695,1507,3,0.4,0.09,-0.04,0.04,49,-147,136,0,3.18,0.35,0.059,0.1608,37.01,35.73,24.25
244.599,flow_only,79.5,52.137562,21.161552,85.53,52.1376106,21.1614283,28,0.48,0.546,255,-0.1677,0.1677,-0.0789,-0.0345,2.784,3.251,-4.83,-5.78,320.17,0.03,0.0,0.01,0.06,99695,1507,3,0.4,0.09,-0.04,0.04,49,99,-45,0,3.2,0.34,0.0605,0.1517,39.21,40.59,19.93
244.699,flow_only,79.601,52.1375625,21.1615514,85.54,52.1376106,21.1614283,28,0.48,0.546,255,0.0,0.1676,0.0353,-0.0254,2.768,3.262,-5.01,-5.88,320.65,0.03,0.0,0.01,0.08,99695,1507,3,0.4,0.09,-0.04,0.04,49,-96,56,0,3.21,0.36,0.0737,0.1732,36.19,38.51,17.56
244.799,flow_only,79.7,52.137563,21.1615508,85.55,52.1376114,21.1614274,28,0.48,0.642,255,0.0,0.3353,0.0363,-0.0338,2.748,3.278,-4.77,-6.02,320.78,0.03,0.0,0.0,0.08,99695,1507,3,0.4,0.09,-0.04,0.04,49,-172,197,0,3.22,0.38,0.0647,0.158,33.46,34.92,21.64
244.899,flow_only,79.8,52.1375636,21.1615502,85.57,52.1376114,21.1614274,28,0.48,0.642,255,-0.1677,0.3353,-0.1509,-0.0137,2.754,3.298,-4.91,-6.27,320.54,0.03,0.0,0.03,0.08,99695,1507,3,0.4,0.09,-0.04,0.04,49,-43,-116,0,3.24,0.44,0.0775,0.1797,30.59,35.48,19.71
244.999,flow_only,79.9,52.1375641,21.1615494,85.6,52.1376124,21.1614263,28,0.48,0.714,255,0.0,0.1677,-0.0294,-0.0266,2.778,3.322,-5.54,-6.43,319.87,0.03,0.0,0.01,0.1,99695,1507,3,0.4,0.09,-0.04,0.04,49,227,-14,0,3.26,0.45,0.0765,0.1724,30.11,32.74,18.95
245.099,flow_only,80.0,52.1375645,21.1615486,85.62,52.1376124,21.1614263,28,0.48,0.714,255,0.1676,0.1676,0.1644,0.0157,2.79,3.347,-4.78,-6.56,319.15,0.03,0.0,0.01,0.07,99695,1507,3,0.4,0.09,-0.04,0.04,49,-67,-4,0,3.28,0.45,0.0771,0.1745,30.75,34.71,18.02
245.199,flow_only,80.1,52.1375649,21.1615476,85.65,52.1376135,21.1614251,28,0.48,0.783,255,0.1676,0.3352,0.0689,-0.0892,2.806,3.371,-4.0,-6.84,318.54,0.03,0.0,0.0,0.07,99695,1507,3,0.4,0.09,-0.04,0.04,49,-37,-56,0,3.29,0.44,0.0723,0.1652,29.18,33.16,19.45
245.299,flow_only,80.2,52.1375654,21.1615467,85.67,52.1376135,21.1614251,28,0.48,0.783,255,0.1676,0.3352,0.201,0.0293,2.824,3.393,-3.05,-6.88,318.01,0.03,0.0,0.01,0.08,99695,1507,3,0.4,0.09,-0.04,0.04,49,-156,-46,0,3.29,0.43,0.0757,0.1758,32.87,33.15,18.85
245.399,flow_only,80.301,52.137566,21.1615459,85.69,52.1376146,21.1614236,28,0.48,0.78,255,0.0,0.1676,0.0267,-0.066,2.842,3.415,-2.56,-7.0,317.67,0.03,0.0,0.03,0.09,99695,1507,3,0.4,0.08,-0.04,0.04,49,-102,-97,0,3.32,0.43,0.0837,0.1927,31.48,34.1,21.49
245.499,flow_only,80.4,52.1375666,21.1615451,85.71,52.1376146,21.1614236,28,0.48,0.78,255,0.1676,0.3352,0.0423,-0.0151,2.858,3.439,-2.4,-7.25,317.42,0.03,0.0,0.01,0.07,99695,1507,3,0.4,0.08,-0.04,0.04,49,3,-71,0,3.33,0.43,0.0829,0.1894,36.37,34.3,22.23
245.599,flow_only,80.5,52.1375672,21.1615442,85.74,52.1376156,21.1614219,28,0.48,0.886,255,0.0,0.1677,-0.0602,-0.05,2.885,3.464,-2.25,-7.21,317.35,0.03,0.0,0.01,0.09,99695,1507,3,0.4,0.08,-0.04,0.04,49,-107,-167,0,3.36,0.44,0.0851,0.1935,34.35,39.35,19.57
245.699,flow_only,80.601,52.1375678,21.1615434,85.76,52.1376156,21.1614219,28,0.48,0.886,255,-0.1677,0.1677,-0.148,-0.108,2.904,3.489,-2.92,-7.96,317.05,0.03,0.0,0.01,0.07,99695,1507,3,0.4,0.08,-0.04,0.04,49,-14,191,0,3.37,0.42,0.0651,0.1498,38.55,39.44,24.48
245.799,flow_only,80.7,52.1375685,21.1615424,85.79,52.1376168,21.1614201,28,0.48,0.926,255,0.0,0.5028,0.0213,0.0492,2.936,3.513,-3.05,-8.23,316.74,0.03,0.0,0.02,0.1,99695,1507,3,0.4,0.08,-0.04,0.04,49,-44,-61,0,3.39,0.43,0.0663,0.1512,34.8,36.71,21.59
245.899,flow_only,80.8,52.1375694,21.1615415,85.81,52.1376168,21.1614201,28,0.48,0.926,255,0.0,0.1677,-0.053,0.0675,2.958,3.538,-3.01,-8.03,316.49,0.03,0.0,0.06,0.09,99695,1507,3,0.4,0.08,-0.04,0.04,49,-4,-232,0,3.42,0.43,0.0772,0.1757,33.65,34.19,21.56
245.999,flow_only,80.9,52.1375702,21.1615406,85.84,52.1376181,21.1614182,28,0.48,1.022,255,0.0,0.1677,-0.0669,0.0839,2.97,3.564,-3.16,-7.76,316.42,0.03,0.0,0.02,0.09,99695,1507,3,0.4,0.08,-0.04,0.04,49,44,256,0,3.44,0.43,0.0588,0.1344,31.39,36.75,21.98
246.099,flow_only,81.001,52.1375711,21.1615397,85.86,52.1376181,21.1614182,28,0.48,1.022,255,-0.1676,0.1676,-0.1296,0.0095,2.966,3.588,-4.03,-7.32,316.44,0.03,0.0,0.05,0.09,99695,1507,3,0.4,0.08,-0.04,0.04,49,-28,-163,0,3.47,0.42,0.07,0.1587,31.6,38.84,21.68
246.199,flow_only,81.1,52.137572,21.1615387,85.88,52.1376196,21.1614162,28,0.48,1.131,255,0.0,0.1676,0.0275,0.021,2.928,3.607,-3.99,-7.33,316.66,0.03,0.0,0.0,0.09,99695,1507,3,0.4,0.08,-0.04,0.04,49,42,-35,0,3.47,0.45,0.068,0.1524,33.28,38.63,22.96
246.299,flow_only,81.2,52.137573,21.1615376,85.9,52.1376196,21.1614162,28,0.48,1.131,255,-0.1677,0.6707,-0.1463,0.201,2.894,3.621,-4.46,-6.55,316.89,0.03,0.0,0.0,0.08,99695,1507,3,0.4,0.08,-0.04,0.04,49,61,-133,0,3.46,0.48,0.0632,0.1424,35.73,38.05,19.98
246.399,flow_only,81.3,52.1375738,21.1615365,85.9,52.1376211,21.161414,28,0.48,1.219,255,0.0,0.6706,0.0647,0.0475,2.866,3.629,-4.64,-6.02,317.2,0.03,0.0,0.02,0.08,99695,1507,3,0.4,0.08,-0.04,0.04,49,-73,-20,0,3.45,0.48,0.075,0.1673,34.36,40.91,18.74
246.499,flow_only,81.4,52.1375746,21.1615353,85.91,52.1376211,21.161414,28,0.48,1.219,255,0.0,0.3353,0.0333,0.0364,2.866,3.631,-4.41,-5.79,317.57,0.03,0.0,0.0,0.06,99695,1507,3,0.4,0.08,-0.04,0.04,49,116,212,0,3.44,0.5,0.055,0.1238,38.21,36.35,22.59
246.599,flow_only,81.5,52.1375754,21.161534,85.91,52.1376228,21.1614115,28,0.48,1.303,255,-0.1677,0.3353,-0.0283,-0.0893,2.874,3.631,-4.39,-6.0,317.68,0.03,0.0,0.01,0.08,99695,1507,3,0.4,0.08,-0.04,0.04,49,-13,-254,0,3.43,0.49,0.0789,0.1762,36.32,39.69,23.47
246.699,flow_only,81.601,52.1375763,21.1615329,85.91,52.1376228,21.1614115,28,0.48,1.303,255,0.1677,0.503,0.1131,0.1506,2.828,3.63,-3.95,-5.61,317.54,0.03,0.0,0.01,0.09,99695,1507,3,0.4,0.08,-0.04,0.04,49,-55,-186,0,3.4,0.48,0.0824,0.1868,41.89,39.13,24.28
246.799,flow_only,81.7,52.1375771,21.1615316,85.91,52.1376244,21.1614089,28,0.48,1.24,255,0.0,0.1676,-0.0957,-0.0307,2.837,3.633,-3.99,-5.68,317.42,0.03,0.0,0.0,0.08,99695,1507,3,0.4,0.08,-0.04,0.04,49,-13,66,0,3.4,0.47,0.0391,0.0948,39.45,37.96,24.4
246.899,flow_only,81.8,52.1375781,21.1615302,85.91,52.1376244,21.1614089,28,0.48,1.24,255,-0.1677,0.6707,-0.0495,0.0015,2.852,3.637,-4.49,-5.68,317.21,0.03,0.0,0.01,0.05,99695,1507,3,0.4,0.08,-0.04,0.04,49,93,-285,0,3.4,0.5,0.0552,0.1227,34.61,38.86,24.42
246.999,flow_only,81.9,52.1375789,21.1615288,85.92,52.1376259,21.1614063,28,0.48,1.263,255,0.1676,0.3352,0.1542,0.0559,2.864,3.643,-3.64,-5.44,316.91,0.03,0.0,0.01,0.07,99695,1507,3,0.4,0.08,-0.04,0.04,49,-72,-135,0,3.39,0.48,0.0546,0.1214,34.11,38.72,26.48
247.099,flow_only,82.0,52.1375796,21.1615277,85.92,52.1376259,21.1614063,28,0.48,1.263,255,0.0,0.3352,0.0174,-0.069,2.87,3.649,-3.36,-5.55,316.65,0.03,0.0,0.02,0.08,99695,1507,3,0.4,0.08,-0.04,0.04,49,37,-348,0,3.37,0.44,0.0834,0.1844,36.9,40.19,25.48
247.199,flow_only,82.1,52.1375803,21.1615266,85.93,52.1376275,21.1614036,28,0.48,1.253,255,0.0,0.1677,0.0539,-0.2529,2.872,3.654,-3.32,-6.6,316.39,0.03,0.0,0.02,0.07,99695,1507,3,0.4,0.08,-0.04,0.04,49,15,134,0,3.37,0.44,0.0565,0.1289,37.23,44.16,24.83
247.299,flow_only,82.2,52.1375812,21.1615253,85.93,52.1376275,21.1614036,28,0.48,1.253,255,0.0,0.1676,-0.0575,-0.0013,2.896,3.655,-3.05,-7.27,316.29,0.03,0.0,0.03,0.06,99695,1507,3,0.4,0.08,-0.04,0.04,49,-175,-111,0,3.35,0.42,0.0583,0.1364,36.98,42.13,30.07
247.399,flow_only,82.3,52.137582,21.1615243,85.93,52.137629,21.1614012,28,0.48,1.224,255,0.0,0.3353,0.0025,-0.0144,2.878,3.655,-3.04,-7.13,316.15,0.03,0.0,0.02,0.07,99695,1507,3,0.4,0.08,-0.04,0.04,49,11,-188,0,3.35,0.42,0.0752,0.1702,37.85,45.37,32.27
247.499,flow_only,82.4,52.1375828,21.1615233,85.92,52.137629,21.1614012,28,0.48,1.224,255,-0.1676,0.5029,-0.1253,-0.0379,2.892,3.647,-3.41,-7.08,315.97,0.03,0.0,0.09,0.06,99695,1507,3,0.4,0.08,-0.04,0.04,49,84,-185,0,3.31,0.37,0.0685,0.1618,39.42,50.11,30.54
247.599,flow_only,82.5,52.1375836,21.1615221,85.9,52.1376307,21.1613988,28,0.48,1.275,255,-0.1677,0.1677,-0.1039,-0.0672,2.906,3.629,-4.05,-7.52,315.65,0.03,0.0,0.11,0.08,99695,1507,3,0.4,0.08,-0.04,0.04,49,-23,-76,0,3.26,0.3,0.0667,0.167,44.18,46.75,40.26
247.699,flow_only,82.6,52.1375843,21.1615211,85.88,52.1376307,21.1613988,28,0.48,1.275,255,0.0,0.1676,-0.049,-0.0815,2.922,3.604,-4.3,-7.99,315.38,0.03,0.0,0.1,0.07,99695,1507,3,0.4,0.08,-0.04,0.04,49,53,98,0,3.22,0.25,0.0588,0.1574,47.99,48.69,37.92
247.799,flow_only,82.7,52.1375851,21.16152,85.85,52.1376325,21.1613964,28,0.48,1.321,255,0.0,0.1676,-0.0596,-0.0661,2.946,3.575,-4.65,-8.27,315.06,0.03,0.0,0.07,0.05,99695,1507,3,0.4,0.08,-0.04,0.04,49,-75,-136,0,3.19,0.21,0.074,0.1833,44.05,49.82,36.4
247.899,flow_only,82.8,52.1375859,21.1615188,85.83,52.1376325,21.1613964,28,0.48,1.321,255,-0.1676,0.3351,-0.0144,-0.0271,2.936,3.552,-4.93,-8.43,314.84,0.03,0.0,0.02,0.07,99695,1507,3,0.4,0.08,-0.04,0.04,49,113,50,0,3.19,0.2,0.0488,0.1245,42.06,46.35,33.14
247.999,flow_only,82.9,52.1375867,21.1615177,85.81,52.1376344,21.161394,28,0.48,1.338,255,0.0,0.503,-0.0282,-0.0059,2.9,3.536,-4.98,-8.45,314.92,0.03,0.0,0.05,0.05,99695,1507,3,0.4,0.08,-0.04,0.04,49,-134,-354,0,3.17,0.17,0.0707,0.1644,43.62,46.08,31.09
248.099,flow_only,83.0,52.1375874,21.1615168,85.8,52.1376344,21.161394,28,0.48,1.338,255,0.0,0.3352,-0.0361,0.0342,2.884,3.526,-5.14,-8.16,315.18,0.03,0.0,0.0,0.09,99695,1507,3,0.4,0.08,-0.04,0.04,49,-74,-196,0,3.17,0.22,0.0734,0.1647,38.91,44.42,32.73
248.199,flow_only,83.101,52.1375884,21.1615157,85.8,52.1376362,21.1613914,28,0.48,1.403,255,-0.1676,0.1676,-0.0248,-0.022,2.898,3.524,-5.32,-8.35,315.36,0.03,0.0,0.01,0.07,99695,1507,3,0.4,0.08,-0.04,0.04,49,79,-183,0,3.19,0.22,0.0466,0.1064,42.85,46.71,28.33
248.299,flow_only,83.2,52.1375894,21.1615146,85.8,52.1376362,21.1613914,28,0.48,1.403,255,0.0,0.6704,-0.0215,0.0465,2.922,3.53,-5.39,-8.03,315.53,0.03,0.0,0.0,0.06,99695,1507,3,0.4,0.08,-0.04,0.04,49,42,-260,0,3.19,0.25,0.0589,0.1272,39.97,42.88,32.87
248.399,flow_only,83.3,52.1375902,21.1615134,85.81,52.1376381,21.1613887,28,0.48,1.434,255,0.0,0.3354,0.0213,-0.0612,2.94,3.539,-5.41,-8.03,315.93,0.03,0.0,0.01,0.06,99695,1507,3,0.4,0.08,-0.04,0.04,49,70,260,0,3.2,0.23,0.0341,0.072,41.53,45.93,31.19
248.499,flow_only,83.4,52.1375912,21.161512,85.82,52.1376381,21.1613887,28,0.48,1.434,255,0.0,0.3352,0.0606,-0.0482,2.964,3.55,-5.32,-8.08,316.44,0.03,0.0,0.0,0.08,99695,1507,3,0.4,0.08,-0.04,0.04,49,23,-399,0,3.21,0.21,0.0646,0.1352,41.42,41.46,36.57
248.599,flow_only,83.5,52.1375922,21.1615107,85.83,52.1376401,21.161386,28,0.48,1.492,255,0.0,0.6706,-0.025,-0.008,2.992,3.56,-5.29,-8.27,316.92,0.03,0.0,0.01,0.06,99695,1507,3,0.4,0.07,-0.04,0.04,49,-190,-179,0,3.21,0.2,0.0381,0.0841,39.42,46.15,33.63
248.699,flow_only,83.601,52.1375934,21.1615092,85.84,52.1376401,21.161386,28,0.48,1.492,255,0.0,0.503,-0.1145,0.2729,2.998,3.568,-5.57,-7.15,317.2,0.03,0.0,0.02,0.08,99695,1507,3,0.4,0.07,-0.04,0.04,49,-7,-459,0,3.21,0.17,0.0527,0.1092,41.92,45.36,26.89
248.799,flow_only,83.7,52.1375943,21.1615078,85.86,52.1376421,21.161383,28,0.48,1.532,255,0.0,0.5028,-0.0125,0.1392,2.994,3.584,-5.81,-5.9,317.21,0.03,0.0,0.03,0.07,99695,1507,3,0.4,0.07,-0.04,0.04,49,29,323,0,3.24,0.18,0.0295,0.057,44.81,44.11,22.46
248.899,flow_only,83.8,52.1375953,21.1615062,85.88,52.1376421,21.161383,28,0.48,1.532,255,0.0,0.6705,0.0051,-0.0467,3.088,3.604,-6.02,-5.93,317.28,0.03,0.0,0.01,0.1,99695,1507,3,0.4,0.07,-0.04,0.04,49,54,-266,0,3.26,0.2,0.0543,0.1067,46.57,44.34,28.12
248.999,flow_only,83.9,52.1375962,21.1615048,85.89,52.1376441,21.1613798,28,0.48,1.619,255,0.0,0.5029,0.0843,-0.0407,3.144,3.619,-5.47,-5.98,317.01,0.03,0.0,0.04,0.09,99695,1507,3,0.4,0.07,-0.04,0.04,49,-71,-232,0,3.26,0.15,0.047,0.0929,45.69,45.95,27.38
249.099,flow_only,84.0,52.137597,21.1615034,85.9,52.1376441,21.1613798,28,0.48,1.619,255,-0.1676,0.1676,-0.0499,-0.2116,3.126,3.624,-5.74,-6.61,316.67,0.03,0.0,0.06,0.08,99695,1507,3,0.4,0.07,-0.04,0.04,49,-43,120,0,3.24,0.06,0.0331,0.0687,49.74,50.89,30.13
249.199,flow_only,84.1,52.1375979,21.161502,85.89,52.1376461,21.1613766,28,0.48,1.526,255,0.0,0.5028,0.0077,-0.1565,3.09,3.618,-5.48,-7.64,316.56,0.03,0.0,0.0,0.06,99695,1507,3,0.4,0.07,-0.04,0.04,49,-178,-4,0,3.25,0.05,0.0251,0.0515,44.01,48.4,28.75
249.299,flow_only,84.2,52.1375988,21.1615008,85.87,52.1376461,21.1613766,28,0.48,1.526,255,0.0,0.3353,-0.0587,0.1079,3.034,3.598,-5.45,-8.25,316.16,0.03,0.0,0.08,0.05,99695,1507,3,0.4,0.07,-0.04,0.04,49,-33,-184,0,3.22,0.07,0.0421,0.0943,43.64,46.13,27.88
249.399,flow_only,84.3,52.1375997,21.1614996,85.85,52.1376481,21.1613733,28,0.48,1.636,255,0.0,0.6707,0.0447,0.1989,3.048,3.57,-5.32,-6.47,315.75,0.03,0.0,0.07,0.08,99695,1507,3,0.4,0.08,-0.04,0.04,49,30,-266,0,3.18,0.08,0.0399,0.0906,40.77,46.33,28.4
249.499,flow_only,84.4,52.1376006,21.1614984,85.83,52.1376481,21.1613733,28,0.48,1.636,255,-0.1676,0.3352,-0.2222,-0.1612,3.046,3.555,-6.16,-6.77,315.28,0.03,0.0,0.03,0.07,99695,1507,3,0.4,0.08,-0.04,0.04,49,102,267,0,3.19,0.08,0.0107,0.0196,50.55,54.89,37.26
249.599,flow_only,84.5,52.1376015,21.1614968,85.83,52.1376501,21.1613703,28,0.48,1.457,255,0.0,0.1676,0.0908,-0.2822,3.08,3.555,-6.43,-8.23,314.92,0.03,0.0,0.07,0.07,99695,1507,3,0.4,0.08,-0.04,0.04,49,-46,183,0,3.22,0.11,0.0142,0.0409,54.58,58.73,40.99
249.699,flow_only,84.601,52.1376025,21.1614952,85.84,52.1376501,21.1613703,28,0.48,1.457,255,0.3352,0.3352,0.157,-0.0507,3.088,3.565,-5.4,-9.37,314.62,0.03,0.0,0.07,0.08,99695,1507,3,0.4,0.08,-0.04,0.04,49,-218,-288,0,3.25,0.13,0.0231,0.0701,46.87,52.83,33.68
249.799,flow_only,84.7,52.1376035,21.1614937,85.85,52.137652,21.1613672,28,0.48,1.523,255,0.0,0.8381,0.1182,0.0093,3.008,3.577,-4.5,-8.95,314.51,0.03,0.0,0.0,0.04,99695,1507,3,0.4,0.08,-0.04,0.04,49,-26,-330,0,3.25,0.13,0.0417,0.0835,42.02,50.24,31.83
249.899,flow_only,84.8,52.1376044,21.1614923,85.87,52.137652,21.1613672,28,0.48,1.523,255,0.0,0.3353,0.0366,-0.0114,3.0,3.59,-4.14,-9.4,314.66,0.03,0.0,0.02,0.1,99695,1507,3,0.4,0.08,-0.04,0.04,49,-92,-249,0,3.25,0.2,0.0239,0.0631,49.13,53.3,32.81
249.999,flow_only,84.9,52.1376054,21.161491,85.88,52.1376538,21.1613639,28,0.48,1.581,255,0.0,0.3353,-0.207,0.0505,3.012,3.601,-4.74,-9.34,314.95,0.03,0.0,0.02,0.09,99695,1507,3,0.4,0.08,-0.04,0.04,49,-9,-266,0,3.25,0.2,0.024,0.0536,46.44,51.07,37.12
250.099,flow_only,85.0,52.1376064,21.1614894,85.88,52.1376538,21.1613639,28,0.48,1.581,255,0.0,0.503,-0.0545,0.2315,3.092,3.607,-5.32,-8.27,315.2,0.03,0.0,0.0,0.06,99695,1507,3,0.4,0.08,-0.04,0.04,49,204,-304,0,3.24,0.18,0.0226,0.0402,47.86,53.69,34.69
250.199,flow_only,85.1,52.1376071,21.1614881,85.89,52.1376557,21.1613606,28,0.48,1.514,255,-0.3352,0.3352,-0.2269,-0.1006,3.124,3.617,-6.39,-7.81,315.09,0.03,0.0,0.04,0.08,99695,1507,3,0.4,0.08,-0.04,0.04,49,69,-256,0,3.26,0.19,0.0476,0.0936,46.97,53.97,33.62
250.299,flow_only,85.2,52.1376078,21.161487,85.9,52.1376557,21.1613606,28,0.48,1.514,255,0.503,0.8383,0.3322,0.0868,3.096,3.63,-5.68,-7.66,314.98,0.03,0.0,0.05,0.04,99695,1507,3,0.4,0.08,-0.04,0.04,49,-220,39,0,3.29,0.1,0.039,0.0888,46.5,51.94,37.66
250.399,flow_only,85.3,52.1376087,21.1614861,85.93,52.1376575,21.1613573,28,0.48,1.522,255,0.1676,0.5028,0.1166,0.1017,2.962,3.652,-4.29,-6.99,314.5,0.03,0.0,0.1,0.05,99695,1507,3,0.4,0.08,-0.04,0.04,49,25,-339,0,3.33,0.16,0.0629,0.1421,40.16,46.47,32.03
250.499,flow_only,85.4,52.1376095,21.161485,85.96,52.1376575,21.1613573,28,0.48,1.522,255,-0.1676,0.3352,-0.0724,-0.0842,2.964,3.688,-4.66,-7.09,314.42,0.03,0.0,0.12,0.1,99695,1507,3,0.4,0.08,-0.04,0.04,49,135,-57,0,3.36,0.34,0.0403,0.1114,45.4,43.47,28.66
250.599,flow_only,85.5,52.1376104,21.1614836,86.0,52.1376593,21.1613538,28,0.48,1.661,255,0.5028,1.0056,0.2287,0.1653,2.952,3.721,-3.96,-6.96,314.62,0.03,0.0,0.0,0.08,99695,1507,3,0.4,0.08,-0.04,0.04,49,-54,-318,0,3.37,0.34,0.02,0.0684,45.04,45.56,27.96
250.699,flow_only,85.601,52.1376113,21.1614822,86.02,52.1376593,21.1613538,28,0.48,1.661,255,0.0,0.6709,-0.032,0.3435,2.92,3.744,-3.39,-5.13,314.99,0.03,0.0,0.01,0.1,99695,1507,3,0.4,0.08,-0.04,0.04,49,243,175,0,3.35,0.34,0.0106,0.0369,44.85,50.26,27.48
250.799,flow_only,85.7,52.1376122,21.1614807,86.03,52.1376612,21.1613502,28,0.48,1.585,255,0.0,0.503,-0.0295,0.2784,2.93,3.759,-3.83,-3.71,315.69,0.03,0.0,0.05,0.1,99695,1507,3,0.4,0.08,-0.04,0.04,49,108,64,0,3.33,0.32,0.0185,0.0396,45.01,55.57,31.7
250.899,flow_only,85.8,52.1376129,21.1614792,86.04,52.1376612,21.1613502,28,0.48,1.585,255,0.0,0.5028,-0.1287,0.0578,2.968,3.765,-4.4,-2.72,316.64,0.03,0.0,0.06,0.09,99695,1507,3,0.4,0.08,-0.04,0.04,49,38,-212,0,3.3,0.3,0.0357,0.0688,47.27,50.23,30.0
250.999,flow_only,85.9,52.1376136,21.1614778,86.04,52.1376629,21.1613466,28,0.48,1.557,255,0.0,0.5029,0.0331,0.2101,2.958,3.763,-4.79,-1.65,317.62,0.03,0.0,0.04,0.07,99695,1507,3,0.4,0.08,-0.04,0.04,49,-178,-379,0,3.28,0.25,0.0261,0.0566,43.47,47.29,26.31
251.099,flow_only,86.0,52.1376143,21.1614767,86.02,52.1376629,21.1613466,28,0.48,1.557,255,0.0,0.8379,0.0028,0.2051,2.936,3.745,-4.67,-0.5,318.22,0.03,0.0,0.11,0.08,99695,1507,3,0.4,0.08,-0.04,0.04,49,-80,-226,0,3.23,0.2,0.0261,0.0801,41.66,45.57,25.89
251.199,flow_only,86.1,52.1376148,21.1614761,85.99,52.1376646,21.1613434,28,0.48,1.359,255,0.0,0.3351,-0.0143,0.0346,2.888,3.715,-4.71,0.52,318.66,0.03,0.0,0.08,0.08,99695,1507,3,0.4,0.08,-0.04,0.04,49,-29,-224,0,3.19,0.17,0.0445,0.116,42.12,41.06,29.71
251.299,flow_only,86.2,52.1376155,21.1614753,85.96,52.1376646,21.1613434,28,0.48,1.359,255,0.1676,0.1676,0.0529,0.0721,2.894,3.684,-4.37,0.35,319.02,0.03,0.0,0.04,0.07,99695,1507,3,0.4,0.08,-0.04,0.04,49,-17,-227,0,3.16,0.2,0.018,0.0758,44.26,46.29,29.09
251.399,flow_only,86.3,52.1376159,21.1614748,85.93,52.1376661,21.1613408,28,0.48,1.096,255,0.0,0.8384,-0.2159,0.1812,2.942,3.655,-5.2,1.64,318.99,0.03,0.0,0.02,0.08,99695,1507,3,0.4,0.08,-0.04,0.04,49,27,-459,0,3.14,0.18,0.0456,0.1049,52.42,48.43,28.61
251.499,flow_only,86.4,52.1376161,21.1614746,85.9,52.1376661,21.1613408,28,0.48,1.096,255,-0.1676,0.1676,-0.1047,-0.2134,2.966,3.628,-6.33,1.06,318.81,0.03,0.0,0.04,0.07,99695,1507,3,0.4,0.08,-0.04,0.04,49,-232,143,0,3.11,0.1,0.0279,0.0774,57.4,57.79,35.01
251.599,flow_only,86.5,52.1376165,21.1614744,85.88,52.1376674,21.1613388,28,0.48,0.91,255,0.0,0.0,-0.1374,-0.1841,2.972,3.603,-6.63,0.03,318.36,0.03,0.0,0.04,0.07,99695,1507,3,0.4,0.09,-0.04,0.04,49,18,-8,0,3.09,0.07,0.0133,0.0563,56.13,57.16,36.72
251.699,flow_only,86.601,52.1376168,21.1614739,85.86,52.1376674,21.1613388,28,0.48,0.91,255,0.0,0.0,-0.2397,-0.2174,2.974,3.581,-7.35,-1.36,317.87,0.03,0.0,0.08,0.08,99695,1507,3,0.4,0.09,-0.04,0.04,49,104,-44,0,3.05,0.06,0.039,0.1008,57.96,58.92,38.36
251.799,flow_only,86.7,52.1376171,21.1614731,85.83,52.1376684,21.1613372,28,0.48,0.673,255,0.0,-0.1677,0.0493,-0.1615,2.972,3.557,-7.83,-2.89,317.29,0.03,0.0,0.03,0.07,99695,1507,3,0.4,0.08,-0.04,0.04,49,112,75,0,3.04,0.0,0.0594,0.1442,64.09,64.59,38.14
251.899,flow_only,86.8,52.1376172,21.1614725,85.81,52.1376684,21.1613372,28,0.48,0.673,255,0.0,0.1676,0.1104,-0.0559,2.986,3.532,-7.3,-3.46,316.78,0.03,0.0,0.07,0.05,99695,1507,3,0.4,0.08,-0.04,0.04,49,67,20,0,3.01,-0.02,0.0411,0.1096,60.24,51.41,34.0
251.999,flow_only,86.9,52.1376174,21.1614719,85.78,52.1376693,21.1613361,28,0.48,0.548,255,0.0,0.1676,-0.0193,-0.0087,2.994,3.504,-6.89,-3.61,316.41,0.03,0.0,0.1,0.04,99695,1507,3,0.4,0.08,-0.04,0.04,49,261,146,0,2.97,-0.06,0.0609,0.1532,62.41,54.68,30.25
252.099,flow_only,87.0,52.1376175,21.1614711,85.75,52.1376693,21.1613361,28,0.48,0.548,255,0.0,0.1676,-0.0569,-0.004,3.022,3.475,-7.25,-3.6,316.11,0.03,0.0,0.07,0.05,99695,1507,3,0.4,0.08,-0.04,0.04,49,39,137,0,2.95,-0.11,0.0732,0.1798,67.37,53.72,34.31
252.199,flow_only,87.1,52.1376177,21.1614702,85.72,52.1376699,21.1613351,28,0.48,0.44,255,0.0,0.0,0.1648,-0.1794,3.042,3.445,-7.01,-4.38,316.19,0.03,0.0,0.08,0.07,99695,1507,3,0.4,0.08,-0.04,0.04,49,-99,-14,0,2.92,-0.15,0.055,0.1406,58.79,53.75,42.93
252.299,flow_only,87.2,52.137618,21.1614698,85.69,52.1376699,21.1613351,28,0.48,0.44,255,0.0,0.0,0.1127,0.0037,3.046,3.412,-6.6,-4.77,316.51,0.03,0.0,0.08,0.06,99695,1507,3,0.4,0.08,-0.04,0.04,49,-114,-17,0,2.9,-0.17,0.0464,0.1199,53.97,54.7,44.57
252.399,flow_only,87.301,52.1376183,21.1614696,85.65,52.1376704,21.1613344,28,0.48,0.363,255,0.0,0.1677,-0.0045,-0.0249,3.058,3.375,-6.34,-4.67,316.91,0.03,0.0,0.09,0.05,99695,1507,3,0.4,0.09,-0.04,0.04,49,-85,-22,0,2.86,-0.24,0.0374,0.1067,47.53,44.14,39.47
252.499,flow_only,87.4,52.1376188,21.1614694,85.61,52.1376704,21.1613344,28,0.48,0.363,255,-0.1677,0.0,-0.2247,0.0774,3.08,3.337,-7.1,-4.61,317.31,0.03,0.0,0.05,0.05,99695,1507,3,0.4,0.09,-0.04,0.04,49,114,85,0,2.85,-0.28,0.0565,0.1345,60.43,50.11,33.02
252.599,flow_only,87.5,52.1376191,21.1614692,85.58,52.137671,21.1613341,28,0.48,0.32,255,0.0,0.0,-0.0733,0.0405,3.1,3.306,-7.91,-4.12,317.82,0.03,0.0,0.04,0.05,99695,1507,3,0.4,0.09,-0.04,0.04,49,75,-62,0,2.83,-0.3,0.0347,0.0919,51.73,56.61,46.73
252.699,flow_only,87.601,52.1376192,21.1614689,85.56,52.137671,21.1613341,28,0.48,0.32,255,-0.1676,0.0,-0.192,0.0115,3.126,3.284,-8.95,-3.85,318.61,0.03,0.0,0.04,0.01,99695,1507,3,0.4,0.09,-0.04,0.04,49,-246,174,0,2.83,-0.33,0.0444,0.1072,48.88,70.56,55.67
252.799,flow_only,87.7,52.1376194,21.1614687,85.55,52.1376715,21.1613342,28,0.48,0.306,255,-0.1676,0.0,-0.0957,0.0004,3.15,3.27,-9.83,-3.65,319.45,0.03,0.0,0.0,0.11,99695,1507,3,0.4,0.09,-0.04,0.04,49,-264,27,0,2.84,-0.34,0.0338,0.083,49.28,67.81,55.92
252.899,flow_only,87.8,52.1376197,21.1614687,85.54,52.1376715,21.1613342,28,0.48,0.306,255,-0.1677,0.0,0.0052,-0.0674,3.166,3.261,-10.31,-3.48,320.27,0.03,0.0,0.04,0.06,99695,1507,3,0.4,0.09,-0.04,0.04,49,-161,51,0,2.84,-0.35,0.0345,0.0799,51.62,63.13,45.01
252.999,flow_only,87.9,52.13762,21.1614688,85.53,52.137672,21.1613344,28,0.48,0.257,255,0.0,-0.1677,0.0536,-0.108,3.172,3.252,-9.97,-4.09,321.09,0.03,0.0,0.02,0.1,99695,1507,3,0.4,0.12,-0.04,0.04,49,3,113,0,2.85,-0.36,0.0431,0.0942,56.46,56.05,36.66
253.099,flow_only,88.0,52.1376203,21.1614688,85.51,52.137672,21.1613344,28,0.48,0.257,255,-0.1676,0.0,-0.075,0.0029,3.174,3.239,-10.39,-4.17,321.79,0.03,0.0,0.07,0.11,99695,1507,3,0.4,0.12,-0.04,0.04,49,124,-28,0,2.83,-0.38,0.0311,0.0758,46.97,57.15,39.01
253.199,flow_only,88.1,52.1376204,21.1614687,85.49,52.1376724,21.1613347,28,0.48,0.192,255,0.0,0.0,-0.0485,-0.0863,3.188,3.217,-10.59,-4.22,322.46,0.03,0.0,0.08,0.09,99695,1507,3,0.4,0.13,-0.04,0.04,49,123,-62,0,2.81,-0.41,0.0251,0.0695,45.59,55.56,35.57
253.299,flow_only,88.2,52.1376205,21.1614688,85.47,52.1376724,21.1613347,28,0.48,0.192,255,0.0,0.0,0.1101,-0.0233,3.184,3.192,-10.53,-4.54,323.18,0.03,0.0,0.02,0.04,99695,1507,3,0.4,0.13,-0.04,0.04,49,-81,37,0,2.81,-0.4,0.0276,0.065,59.84,56.48,29.34
253.399,flow_only,88.3,52.1376207,21.1614688,85.44,52.1376726,21.1613349,28,0.48,0.057,255,0.1677,0.0,0.0109,0.0349,3.19,3.17,-10.1,-4.21,323.9,0.03,0.0,0.03,0.01,99695,1507,3,0.4,0.08,-0.04,0.04,49,105,-50,0,2.8,-0.42,0.0238,0.057,62.57,56.97,28.66
253.499,flow_only,88.4,52.1376208,21.1614688,85.42,52.1376726,21.1613349,28,0.48,0.057,255,-0.1676,0.1676,-0.0321,-0.011,3.192,3.147,-10.19,-3.98,324.76,0.03,0.0,0.06,0.02,99695,1507,3,0.4,0.08,-0.04,0.04,49,-178,117,0,2.79,-0.44,0.032,0.0705,49.02,62.38,29.95
253.599,flow_only,88.5,52.1376208,21.1614689,85.4,52.1376726,21.1613351,28,0.48,0.1,255,0.0,0.0,-0.0192,0.0083,3.198,3.123,-10.24,-3.98,325.75,0.03,0.0,0.04,0.04,99695,1507,3,0.4,0.12,-0.04,0.04,49,205,-304,0,2.78,-0.46,0.009,0.0191,52.09,48.1,32.41
253.699,flow_only,88.6,52.1376207,21.1614693,85.38,52.1376726,21.1613351,28,0.48,0.1,255,0.0,0.0,0.0084,0.0009,3.204,3.103,-10.48,-3.65,326.74,0.03,0.0,0.03,0.01,99695,1507,3,0.4,0.12,-0.04,0.04,49,82,-36,0,2.8,-0.44,0.0171,0.0284,44.26,56.03,28.78
253.799,flow_only,88.7,52.1376206,21.1614695,85.36,52.1376723,21.1613352,28,0.48,0.155,255,0.0,0.0,0.0196,-0.0831,3.202,3.089,-10.48,-3.74,327.73,0.03,0.0,0.01,0.01,99695,1507,3,0.4,0.09,-0.04,0.04,49,-34,56,0,2.79,-0.45,0.0035,0.0233,48.43,48.18,35.04
253.899,flow_only,88.8,52.1376204,21.1614696,85.35,52.1376723,21.1613352,28,0.48,0.155,255,0.0,0.0,0.0375,0.0398,3.21,3.073,-10.55,-3.74,328.56,0.03,0.0,0.04,0.02,99695,1507,3,0.4,0.09,-0.04,0.04,49,19,-104,0,2.78,-0.44,0.0165,0.0265,45.08,54.06,32.36
253.999,flow_only,88.9,52.1376203,21.1614697,85.34,52.1376722,21.1613352,28,0.48,0.029,255,-0.1676,0.0,-0.01,0.0044,3.202,3.06,-10.56,-3.3,329.14,0.03,0.0,0.03,0.01,99695,1507,3,0.4,0.16,-0.04,0.04,49,-6,-93,0,2.79,-0.45,0.0138,0.0357,46.62,50.26,32.76
254.099,flow_only,89.0,52.1376201,21.1614699,85.33,52.1376722,21.1613352,28,0.48,0.029,255,0.0,0.0,-0.0298,-0.0994,3.212,3.052,-10.64,-3.72,329.92,0.03,0.0,0.0,0.03,99695,1507,3,0.4,0.16,-0.04,0.04,49,-32,102,0,2.79,-0.45,0.0135,0.047,50.05,48.67,27.39
254.199,flow_only,89.1,52.1376201,21.1614701,85.32,52.1376721,21.1613352,28,0.48,0.124,255,0.0,-0.1677,-0.0517,-0.0917,3.224,3.045,-11.09,-4.03,330.73,0.03,0.0,0.03,0.03,99695,1507,3,0.4,0.11,-0.04,0.04,49,-97,52,0,2.81,-0.44,0.017,0.0595,50.9,52.4,34.44
254.299,flow_only,89.2,52.1376201,21.1614703,85.32,52.1376721,21.1613352,28,0.48,0.124,255,0.0,-0.1676,-0.016,-0.0514,3.21,3.04,-11.13,-4.11,331.43,0.03,0.0,0.0,0.03,99695,1507,3,0.4,0.11,-0.04,0.04,49,17,66,0,2.81,-0.44,0.0219,0.0622,54.81,48.73,30.2
254.399,flow_only,89.3,52.1376201,21.1614703,85.31,52.1376718,21.1613351,28,0.48,0.139,255,0.0,0.0,-0.0454,0.1083,3.214,3.035,-11.39,-4.06,332.02,0.03,0.0,0.0,0.05,99695,1507,3,0.4,0.09,-0.04,0.04,49,-4,76,0,2.8,-0.44,0.0285,0.0689,50.32,52.52,31.7
254.499,flow_only,89.4,52.1376201,21.1614704,85.3,52.1376718,21.1613351,28,0.48,0.139,255,0.0,0.0,-0.0776,0.0563,3.228,3.027,-11.77,-3.6,332.56,0.03,0.0,0.02,0.05,99695,1507,3,0.4,0.09,-0.04,0.04,49,0,-117,0,2.8,-0.44,0.0083,0.0354,48.92,49.93,32.35
254.599,flow_only,89.5,52.1376201,21.1614704,85.3,52.1376717,21.1613352,28,0.48,0.052,255,0.1677,0.0,0.0471,0.0231,3.236,3.025,-11.87,-3.27,333.16,0.03,0.0,0.08,0.07,99695,1507,3,0.4,0.08,-0.04,0.04,49,62,-57,0,2.83,-0.4,0.0196,0.0649,47.24,55.82,29.15
254.699,flow_only,89.6,52.13762,21.1614703,85.31,52.1376717,21.1613352,28,0.48,0.052,255,0.1677,0.0,0.0224,0.0116,3.244,3.038,-11.87,-3.02,333.98,0.03,0.0,0.1,0.08,99695,1507,3,0.4,0.08,-0.04,0.04,49,-50,-21,0,2.89,-0.37,0.0187,0.0893,47.66,52.2,28.87
254.799,flow_only,89.7,52.1376199,21.1614701,85.34,52.1376715,21.161335,28,0.48,0.18,255,0.0,0.1677,-0.0061,0.0521,3.256,3.067,-11.83,-2.4,334.94,0.03,0.0,0.17,0.04,99695,1507,3,0.4,0.09,-0.04,0.04,49,-95,-73,0,2.96,-0.3,0.0274,0.1324,48.62,48.48,30.22
254.899,flow_only,89.8,52.1376199,21.16147,85.38,52.1376715,21.161335,28,0.48,0.18,255,0.0,-0.1676,0.1085,-0.1111,3.254,3.105,-11.59,-2.46,336.07,0.03,0.0,0.12,0.05,99695,1507,3,0.4,0.09,-0.04,0.04,49,-14,0,0,3.02,-0.31,0.0319,0.1459,50.81,47.08,29.13
254.999,flow_only,89.9,52.1376199,21.1614698,85.42,52.1376712,21.1613347,28,0.48,0.196,255,0.0,0.0,0.0062,-0.0231,3.244,3.149,-11.31,-2.72,337.03,0.03,0.0,0.13,0.05,99695,1507,3,0.4,0.08,-0.04,0.04,49,-121,102,0,3.07,-0.19,0.0363,0.1567,44.95,46.22,21.88
255.099,flow_only,90.0,52.1376199,21.1614698,85.48,52.1376712,21.1613347,28,0.48,0.196,255,0.0,0.0,0.0076,0.0438,3.242,3.203,-11.33,-2.4,337.85,0.03,0.0,0.22,0.06,99695,1507,3,0.4,0.08,-0.04,0.04,49,-37,-55,0,3.16,-0.2,0.0402,0.1879,42.04,41.75,25.75
255.199,flow_only,90.1,52.13762,21.1614695,85.54,52.1376711,21.1613343,28,0.48,0.126,255,0.0,0.0,0.0567,0.0676,3.26,3.268,-11.22,-1.85,338.62,0.03,0.0,0.22,0.05,99695,1507,3,0.4,0.08,-0.04,0.04,49,277,-107,0,3.25,-0.01,0.0535,0.2215,40.94,44.91,26.99
255.3,flow_only,90.201,52.13762,21.1614689,85.62,52.1376711,21.1613343,28,0.48,0.126,255,0.0,0.0,-0.0088,0.0618,3.258,3.343,-11.1,-1.46,339.07,0.03,0.0,0.15,0.03,99695,1507,3,0.4,0.08,-0.04,0.04,49,-79,82,0,3.3,-0.01,0.0508,0.2005,38.45,39.87,21.23
255.4,flow_only,90.301,52.1376201,21.1614683,85.68,52.137671,21.161334,28,0.48,0.14,255,0.0,0.1677,0.0032,0.0963,3.252,3.407,-11.41,-1.04,339.33,0.03,0.0,0.16,0.04,99695,1507,3,0.4,0.13,-0.04,0.04,49,15,-69,0,3.36,0.09,0.0467,0.1892,37.33,40.52,16.62
255.499,flow_only,90.401,52.13762,21.1614678,85.73,52.137671,21.161334,28,0.48,0.14,255,0.1677,0.0,0.2247,0.1717,3.242,3.458,-10.76,-0.43,339.23,0.03,0.0,0.12,0.03,99695,1507,3,0.4,0.13,-0.04,0.04,49,-87,-122,0,3.39,0.13,0.0342,0.1585,38.23,34.45,20.85
255.599,flow_only,90.501,52.13762,21.1614675,85.77,52.1376709,21.1613336,28,0.48,0.161,255,0.1677,0.0,0.1333,0.0561,3.234,3.493,-9.74,0.28,338.84,0.03,0.0,0.03,0.03,99695,1507,3,0.4,0.14,-0.04,0.04,49,-110,-48,0,3.38,0.12,0.0199,0.1058,35.84,41.06,24.38
255.7,flow_only,90.601,52.1376199,21.1614673,85.8,52.1376709,21.1613336,28,0.48,0.161,255,0.3353,0.1677,0.1051,0.0854,3.208,3.523,-9.27,0.49,338.42,0.03,0.0,0.11,0.06,99695,1507,3,0.4,0.14,-0.04,0.04,49,-14,116,0,3.4,0.14,0.0189,0.0992,37.3,38.05,19.84
255.799,flow_only,90.701,52.1376198,21.161467,85.84,52.1376708,21.1613332,28,0.48,0.188,255,0.1677,0.0,0.0586,-0.0376,3.18,3.561,-8.75,0.59,338.11,0.03,0.0,0.18,0.04,99695,1507,3,0.4,0.13,-0.04,0.04,49,154,-107,0,3.45,0.2,0.026,0.1161,43.21,36.8,25.61
255.899,flow_only,90.801,52.1376197,21.1614667,85.89,52.1376708,21.1613332,28,0.48,0.188,255,0.0,0.0,0.0254,-0.1666,3.152,3.616,-8.72,-0.02,338.0,0.03,0.0,0.25,0.04,99695,1507,3,0.4,0.13,-0.04,0.04,49,168,67,0,3.53,0.29,0.0339,0.1514,41.13,46.19,29.34
255.999,flow_only,90.901,52.1376196,21.1614664,85.95,52.1376705,21.1613328,28,0.48,0.245,255,0.0,-0.5028,-0.0456,-0.2474,3.124,3.677,-9.08,-1.24,338.21,0.03,0.0,0.22,0.04,99695,1507,3,0.4,0.12,-0.04,0.04,49,25,17,0,3.58,0.39,0.0332,0.1575,43.61,46.05,24.88
256.099,flow_only,91.001,52.1376195,21.1614662,86.0,52.1376705,21.1613328,28,0.48,0.245,255,0.1676,0.0,0.0142,0.1178,3.068,3.729,-8.59,-1.52,337.91,0.03,0.0,0.11,0.03,99695,1507,3,0.4,0.12,-0.04,0.04,49,-188,-78,0,3.6,0.44,0.0251,0.1206,37.26,45.72,24.59
256.199,flow_only,91.101,52.1376194,21.1614661,86.05,52.1376702,21.1613325,28,0.48,0.169,255,0.0,0.0,-0.1069,0.148,3.056,3.774,-9.06,-0.52,337.25,0.03,0.0,0.12,0.03,99695,1507,3,0.4,0.13,-0.04,0.04,49,38,-57,0,3.61,0.51,0.0242,0.1057,35.79,42.41,24.7
256.3,flow_only,91.201,52.1376193,21.1614661,86.09,52.1376702,21.1613325,28,0.48,0.169,255,0.1676,0.0,0.0186,-0.0183,3.02,3.81,-9.04,-0.49,336.64,0.03,0.0,0.1,0.02,99695,1507,3,0.4,0.13,-0.04,0.04,49,-37,-33,0,3.62,0.54,0.0159,0.081,37.4,48.33,21.57
256.4,flow_only,91.301,52.1376192,21.1614659,86.11,52.1376699,21.1613325,28,0.48,0.146,255,0.0,0.0,0.0599,0.0657,2.98,3.838,-9.11,-0.7,335.81,0.03,0.0,0.07,0.03,99695,1507,3,0.4,0.14,-0.04,0.04,49,-25,14,0,3.61,0.56,0.0136,0.0615,32.96,47.58,19.51
256.5,flow_only,91.401,52.1376192,21.1614657,86.12,52.1376699,21.1613325,28,0.48,0.146,255,0.1676,0.0,0.0663,0.1152,2.954,3.849,-8.56,-0.23,334.9,0.03,0.0,0.03,0.02,99695,1507,3,0.4,0.14,-0.04,0.04,49,37,53,0,3.56,0.54,0.0231,0.0467,36.33,50.17,22.08
256.599,flow_only,91.501,52.1376192,21.1614654,86.14,52.1376698,21.1613325,28,0.48,0.048,255,0.1676,0.1676,0.0693,-0.021,2.92,3.864,-8.19,0.01,334.57,0.03,0.0,0.12,0.02,99695,1507,3,0.4,0.16,-0.04,0.04,49,82,-107,0,3.57,0.58,0.0225,0.0513,42.3,44.0,29.29
256.7,flow_only,91.601,52.137619,21.161465,86.17,52.1376698,21.1613325,28,0.48,0.048,255,0.0,0.0,-0.0479,0.0353,2.89,3.895,-8.24,-0.09,334.57,0.03,0.0,0.19,0.02,99695,1507,3,0.4,0.16,-0.04,0.04,49,100,55,0,3.62,0.66,0.0308,0.0848,43.61,49.42,25.61
256.799,flow_only,91.701,52.1376187,21.1614646,86.22,52.1376696,21.1613325,28,0.48,0.135,255,0.0,-0.1676,0.0925,-0.1177,2.856,3.941,-8.03,-0.21,334.82,0.03,0.0,0.19,0.01,99695,1507,3,0.4,0.14,-0.04,0.04,49,154,-35,0,3.66,0.73,0.035,0.1041,44.13,52.36,28.95
256.9,flow_only,91.801,52.1376185,21.1614643,86.26,52.1376696,21.1613325,28,0.48,0.135,255,0.0,-0.1677,0.1078,-0.1193,2.792,3.989,-7.43,-0.98,335.19,0.03,0.0,0.12,0.0,99695,1507,3,0.4,0.14,-0.04,0.04,49,194,-5,0,3.68,0.78,0.0308,0.093,38.41,53.0,28.45
256.999,flow_only,91.901,52.1376182,21.161464,86.31,52.1376694,21.1613325,28,0.48,0.172,255,0.0,-0.1677,0.0775,-0.1081,2.738,4.034,-6.92,-1.49,335.68,0.03,0.0,0.08,0.0,99695,1507,3,0.4,0.12,-0.04,0.04,49,209,-59,0,3.68,0.85,0.0272,0.0762,46.82,41.28,28.83
257.099,flow_only,92.001,52.137618,21.1614638,86.35,52.1376694,21.1613325,28,0.48,0.172,255,0.1676,-0.1676,0.0158,-0.049,2.704,4.078,-6.7,-1.75,336.29,0.03,0.0,0.1,0.01,99695,1507,3,0.4,0.12,-0.04,0.04,49,-82,70,0,3.7,0.9,0.0103,0.039,44.92,39.97,29.1
257.199,flow_only,92.101,52.1376178,21.1614637,86.4,52.137669,21.1613327,28,0.48,0.257,255,-0.1677,-0.1677,-0.0086,-0.0436,2.672,4.125,-6.79,-1.85,337.01,0.03,0.0,0.13,0.02,99695,1507,3,0.4,0.12,-0.04,0.04,49,5,63,0,3.73,0.98,0.0164,0.0537,43.0,43.59,30.86
257.3,flow_only,92.201,52.1376177,21.1614637,86.45,52.137669,21.1613327,28,0.48,0.257,255,0.0,-0.1677,0.0345,-0.0882,2.652,4.173,-6.73,-2.25,337.68,0.03,0.0,0.1,0.02,99695,1507,3,0.4,0.12,-0.04,0.04,49,-148,104,0,3.75,1.02,0.0223,0.045,41.38,44.52,28.42
257.4,flow_only,92.301,52.1376176,21.1614639,86.5,52.1376687,21.1613332,28,0.48,0.233,255,0.0,0.0,-0.0149,-0.0836,2.63,4.224,-6.9,-2.61,338.22,0.03,0.0,0.13,0.02,99695,1507,3,0.4,0.11,-0.04,0.04,49,39,-72,0,3.78,1.08,0.0132,0.0371,45.61,35.98,30.13
257.5,flow_only,92.401,52.1376176,21.1614642,86.54,52.1376687,21.1613332,28,0.48,0.233,255,-0.1677,-0.1677,0.0109,-0.0532,2.604,4.267,-6.83,-2.99,338.58,0.03,0.0,0.04,0.0,99695,1507,3,0.4,0.11,-0.04,0.04,49,32,-243,0,3.78,1.09,0.0242,0.0478,39.7,40.99,23.97
257.599,flow_only,92.501,52.1376175,21.1614646,86.58,52.1376685,21.1613339,28,0.48,0.269,255,-0.1676,0.0,-0.1155,0.0606,2.58,4.304,-7.24,-2.82,338.7,0.03,0.0,0.04,0.03,99695,1507,3,0.4,0.11,-0.04,0.04,49,54,-126,0,3.77,1.12,0.0182,0.0385,36.42,42.09,22.45
257.699,flow_only,92.601,52.1376174,21.161465,86.61,52.1376685,21.1613339,28,0.48,0.269,255,-0.1677,0.0,-0.078,0.0282,2.552,4.338,-7.89,-2.54,338.73,0.03,0.0,0.06,0.03,99695,1507,3,0.4,0.11,-0.04,0.04,49,-2,-46,0,3.78,1.14,0.0137,0.0361,35.91,41.46,23.12
257.799,flow_only,92.701,52.1376173,21.1614652,86.65,52.1376683,21.1613345,28,0.48,0.2,255,-0.1677,0.0,-0.0447,-0.0187,2.538,4.377,-8.21,-2.49,338.95,0.03,0.0,0.08,0.03,99695,1507,3,0.4,0.11,-0.04,0.04,49,-77,-8,0,3.79,1.2,0.005,0.0197,33.91,46.21,20.22
257.899,flow_only,92.801,52.1376173,21.1614655,86.69,52.1376683,21.1613345,28,0.48,0.2,255,-0.1676,0.0,-0.0205,-0.0023,2.51,4.417,-8.29,-2.53,339.19,0.03,0.0,0.07,0.02,99695,1507,3,0.4,0.11,-0.04,0.04,49,22,24,0,3.81,1.23,0.0068,0.021,30.89,48.3,18.85
257.999,flow_only,92.901,52.1376173,21.1614656,86.73,52.1376683,21.1613351,28,0.48,0.216,255,0.0,0.0,0.0831,0.0283,2.498,4.451,-8.06,-2.42,339.11,0.03,0.0,0.0,0.03,99695,1507,3,0.4,0.08,-0.04,0.04,49,40,-64,0,3.78,1.24,0.0105,0.0424,31.6,49.36,18.07
258.099,flow_only,93.001,52.1376173,21.1614658,86.75,52.1376683,21.1613351,28,0.48,0.216,255,0.0,0.1676,-0.0397,0.0555,2.48,4.478,-8.15,-2.08,338.8,0.03,0.0,0.01,0.05,99695,1507,3,0.4,0.08,-0.04,0.04,49,32,-89,0,3.77,1.23,0.0141,0.0663,33.2,49.08,18.31
258.199,flow_only,93.101,52.1376174,21.1614659,86.78,52.1376683,21.1613356,28,0.48,0.134,255,0.0,0.0,-0.0156,0.024,2.47,4.507,-8.22,-1.76,338.68,0.03,0.0,0.04,0.03,99695,1507,3,0.4,0.1,-0.04,0.04,49,29,50,0,3.77,1.25,0.0167,0.0603,33.91,51.12,19.84
258.299,flow_only,93.201,52.1376174,21.1614659,86.82,52.1376683,21.1613356,28,0.48,0.134,255,-0.1676,0.0,-0.0065,0.0196,2.468,4.545,-8.31,-1.52,338.79,0.03,0.0,0.08,0.03,99695,1507,3,0.4,0.1,-0.04,0.04,49,60,-81,0,3.8,1.29,0.0149,0.0461,41.25,45.18,27.21
258.4,flow_only,93.301,52.1376174,21.1614658,86.87,52.1376685,21.1613361,28,0.48,0.225,255,0.0,0.0,0.094,0.0294,2.46,4.594,-8.0,-1.31,338.91,0.03,0.0,0.11,0.02,99695,1507,3,0.4,0.08,-0.04,0.04,49,-49,-93,0,3.84,1.34,0.0076,0.0233,38.64,46.2,23.51
258.5,flow_only,93.401,52.1376175,21.1614659,86.92,52.1376685,21.1613361,28,0.48,0.225,255,0.0,0.0,-0.0108,0.0091,2.464,4.645,-7.78,-1.18,339.03,0.03,0.0,0.04,0.03,99695,1507,3,0.4,0.08,-0.04,0.04,49,19,110,0,3.86,1.36,0.0098,0.0317,40.37,38.6,24.91
258.6,flow_only,93.501,52.1376176,21.1614659,86.97,52.1376688,21.1613365,28,0.48,0.203,255,0.0,0.0,0.0232,0.0163,2.458,4.697,-7.62,-1.11,339.25,0.03,0.0,0.06,0.04,99695,1507,3,0.4,0.08,-0.04,0.04,49,-7,-48,0,3.89,1.35,0.0057,0.0276,34.41,45.91,23.16
258.7,flow_only,93.601,52.1376176,21.1614659,87.02,52.1376688,21.1613365,28,0.48,0.203,255,0.0,0.1676,-0.0152,0.0629,2.467,4.748,-7.58,-0.77,339.61,0.03,0.0,0.04,0.02,99695,1507,3,0.4,0.08,-0.04,0.04,49,11,-62,0,3.92,1.41,0.0064,0.0322,41.18,40.55,24.8
258.799,flow_only,93.701,52.1376177,21.1614661,87.07,52.1376689,21.1613369,28,0.48,0.135,255,0.0,0.0,0.0441,-0.0222,2.47,4.798,-7.39,-0.51,340.16,0.03,0.0,0.05,0.03,99695,1507,3,0.4,0.08,-0.04,0.04,49,-108,-103,0,3.93,1.43,0.0218,0.0621,40.27,44.73,22.43
258.899,flow_only,93.801,52.1376177,21.1614665,87.12,52.1376689,21.1613369,28,0.48,0.135,255,0.0,-0.1676,-0.0763,-0.0723,2.46,4.849,-7.44,-0.78,341.06,0.03,0.0,0.04,0.0,99695,1507,3,0.4,0.08,-0.04,0.04,49,-21,42,0,3.98,1.43,0.0193,0.0578,40.73,41.44,24.41
258.999,flow_only,93.901,52.1376178,21.1614668,87.17,52.1376691,21.1613372,28,0.48,0.119,255,-0.1676,0.0,-0.0524,-0.1705,2.452,4.894,-8.14,-1.21,342.13,0.03,0.0,0.0,0.01,99695,1507,3,0.4,0.08,-0.04,0.04,49,37,-128,0,3.99,1.47,0.0194,0.0665,40.43,45.66,22.3
259.099,flow_only,94.001,52.1376179,21.1614673,87.2,52.1376691,21.1613372,28,0.48,0.119,255,0.0,-0.1677,-0.0501,-0.0279,2.446,4.929,-8.26,-1.77,342.92,0.03,0.0,0.03,0.03,99695,1507,3,0.4,0.08,-0.04,0.04,49,42,-10,0,3.99,1.49,0.0272,0.0954,42.56,36.94,26.61
259.199,flow_only,94.1,52.1376179,21.1614678,87.24,52.1376691,21.1613375,28,0.48,0.078,255,0.0,0.0,-0.044,0.0336,2.448,4.961,-8.52,-1.53,343.36,0.03,0.0,0.0,0.04,99695,1507,3,0.4,0.09,-0.04,0.04,49,-86,-33,0,3.98,1.51,0.0316,0.1045,38.03,34.68,23.64
259.299,flow_only,94.201,52.1376179,21.1614683,87.27,52.1376691,21.1613375,28,0.48,0.078,255,-0.1677,0.0,-0.0186,-0.0203,2.448,4.992,-8.89,-1.7,343.83,0.03,0.0,0.0,0.07,99695,1507,3,0.4,0.09,-0.04,0.04,49,-211,56,0,4.01,1.51,0.0344,0.1117,33.72,37.63,22.91
259.399,flow_only,94.3,52.1376181,21.1614689,87.3,52.1376692,21.1613377,28,0.48,0.087,255,0.0,0.0,-0.027,0.0645,2.452,5.022,-8.74,-1.61,344.21,0.03,0.0,0.0,0.06,99695,1507,3,0.4,0.08,-0.04,0.04,49,-23,4,0,4.0,1.53,0.0351,0.1148,33.94,39.23,20.31
259.499,flow_only,94.4,52.1376182,21.1614692,87.33,52.1376692,21.1613377,28,0.48,0.087,255,-0.1676,0.1676,-0.1612,0.0575,2.454,5.053,-9.38,-1.11,344.29,0.03,0.0,0.0,0.05,99695,1507,3,0.4,0.08,-0.04,0.04,49,144,58,0,4.03,1.53,0.0154,0.074,32.28,39.35,20.7
259.599,flow_only,94.5,52.1376183,21.1614693,87.36,52.1376693,21.1613377,28,0.48,0.055,255,0.0,0.1676,0.0513,0.0726,2.462,5.085,-9.72,-0.78,344.07,0.03,0.0,0.0,0.06,99695,1507,3,0.4,0.08,-0.04,0.04,49,6,103,0,4.01,1.55,0.023,0.0794,38.69,36.98,24.1
259.699,flow_only,94.601,52.1376186,21.1614694,87.39,52.1376693,21.1613377,28,0.48,0.055,255,0.1676,0.0,0.087,-0.0756,2.472,5.114,-9.22,-0.87,343.77,0.03,0.0,0.01,0.04,99695,1507,3,0.4,0.08,-0.04,0.04,49,-79,88,0,4.02,1.55,0.033,0.0995,34.55,46.29,24.99
259.799,flow_only,94.7,52.1376188,21.1614693,87.41,52.1376694,21.1613376,28,0.48,0.109,255,0.0,0.0,-0.0066,0.0045,2.478,5.136,-8.91,-1.25,343.29,0.03,0.0,0.07,0.05,99695,1507,3,0.4,0.11,-0.04,0.04,49,54,83,0,3.99,1.5,0.0338,0.1069,31.57,44.9,18.59
259.899,flow_only,94.8,52.1376189,21.1614692,87.44,52.1376694,21.1613376,28,0.48,0.109,255,0.1677,0.0,0.071,0.1398,2.49,5.16,-8.74,-0.78,342.66,0.03,0.0,0.02,0.07,99695,1507,3,0.4,0.11,-0.04,0.04,49,11,-102,0,4.01,1.5,0.0167,0.0847,33.12,37.68,22.89
259.999,flow_only,94.9,52.137619,21.1614691,87.46,52.1376695,21.1613373,28,0.48,0.107,255,0.0,0.1677,0.0993,0.1478,2.526,5.184,-8.2,0.17,342.16,0.03,0.0,0.03,0.05,99695,1507,3,0.4,0.11,-0.04,0.04,49,67,102,0,4.0,1.49,0.0227,0.0889,32.44,38.47,22.11
260.099,flow_only,95.0,52.1376192,21.1614687,87.48,52.1376695,21.1613373,28,0.48,0.107,255,0.1677,0.0,0.1449,-0.0257,2.55,5.208,-7.59,0.3,341.94,0.03,0.0,0.03,0.03,99695,1507,3,0.4,0.11,-0.04,0.04,49,18,80,0,4.0,1.45,0.0355,0.1041,34.05,33.61,21.45
260.199,flow_only,95.1,52.1376194,21.1614682,87.51,52.1376695,21.1613369,28,0.48,0.254,255,0.1677,0.0,0.0393,0.0624,2.57,5.236,-7.16,0.25,341.83,0.03,0.0,0.01,0.04,99695,1507,3,0.4,0.1,-0.04,0.04,49,-137,5,0,4.0,1.41,0.0385,0.106,36.63,38.82,21.55
260.299,flow_only,95.2,52.1376196,21.1614679,87.54,52.1376695,21.1613369,28,0.48,0.254,255,0.3353,0.3353,0.1392,0.2135,2.6,5.265,-6.77,1.27,341.56,0.03,0.0,0.0,0.04,99695,1507,3,0.4,0.1,-0.04,0.04,49,-100,-88,0,4.01,1.4,0.0176,0.0723,33.35,38.92,20.19
260.399,flow_only,95.3,52.1376197,21.1614675,87.57,52.1376696,21.1613362,28,0.48,0.209,255,0.0,0.0,0.0721,-0.0538,2.638,5.29,-5.98,1.7,341.54,0.03,0.0,0.06,0.02,99695,1507,3,0.4,0.08,-0.04,0.04,49,-64,-1,0,3.99,1.36,0.0219,0.0827,35.32,41.44,20.53
260.499,flow_only,95.4,52.1376197,21.1614671,87.59,52.1376696,21.1613362,28,0.48,0.209,255,0.1677,0.0,0.0407,-0.0773,2.644,5.319,-5.7,1.24,341.94,0.03,0.0,0.03,0.0,99695,1507,3,0.4,0.08,-0.04,0.04,49,225,-250,0,4.03,1.35,0.0323,0.089,41.71,38.76,22.66
260.599,flow_only,95.5,52.1376194,21.1614666,87.62,52.1376694,21.1613355,28,0.48,0.309,255,0.0,0.0,-0.0157,-0.0061,2.64,5.35,-5.79,1.22,342.22,0.03,0.0,0.0,0.01,99695,999,3,0.4,0.11,-0.04,0.04,49,-23,-10,0,4.03,1.34,0.0305,0.0845,38.47,45.61,21.22
260.699,after,95.601,52.1376192,21.1614661,87.65,52.1376694,21.1613355,28,0.48,0.309,255,0.1677,-0.1677,0.1159,-0.2116,2.632,5.38,-5.32,0.37,342.49,0.03,0.0,0.0,0.01,99695,999,3,0.4,0.11,-0.04,0.04,49,-69,68,0,4.07,1.34,0.0148,0.0514,40.38,42.1,25.76
260.799,after,95.7,52.1376697,21.1613345,87.67,52.1376691,21.1613349,28,0.48,0.258,255,0.1676,-0.3352,0.1037,-0.1082,2.628,5.398,-4.77,-0.55,342.83,0.12,0.0,0.03,0.02,108415,999,3,0.4,0.09,0.07,-0.03,48,194,-94,0,2.98,0.47,0.0206,0.0613,39.18,36.36,24.47
260.899,after,95.8,52.1376695,21.1613343,87.69,52.1376691,21.1613349,28,0.48,0.258,255,0.3353,0.0,0.1046,0.0965,2.632,5.412,-4.25,-0.47,343.1,0.12,0.0,0.04,0.02,108415,999,3,0.4,0.09,0.07,-0.03,48,31,-60,0,2.99,0.47,0.0165,0.0646,33.99,44.17,19.42
260.999,after,95.9,52.1376692,21.1613343,87.69,52.1376687,21.1613347,28,0.48,0.269,255,0.0,0.1676,0.2436,0.2837,2.648,5.412,-2.92,0.82,343.22,0.09,0.0,0.04,0.04,108415,999,3,0.4,0.09,0.06,-0.08,48,-59,-125,0,2.86,0.19,0.0261,0.0881,30.07,43.78,16.25
261.099,after,96.0,52.137669,21.1613344,87.68,52.1376687,21.1613347,28,0.48,0.269,255,1.006,0.503,0.6254,0.4729,2.652,5.409,-0.32,3.12,343.18,0.09,0.0,0.08,0.05,108415,999,3,0.4,0.09,0.06,-0.08,48,-24,-128,0,2.83,0.12,0.0219,0.0914,34.89,38.23,19.04
261.199,after,96.1,52.1376687,21.1613346,87.68,52.1376682,21.1613347,28,0.48,0.28,255,0.1677,0.3353,0.3631,0.4861,2.704,5.404,2.35,5.95,343.01,0.06,0.0,0.03,0.06,108415,999,3,0.4,0.1,0.03,-0.06,48,170,243,0,2.81,0.09,0.025,0.0936,33.83,37.88,21.28
261.299,after,96.2,52.1376683,21.1613351,87.68,52.1376682,21.1613347,28,0.48,0.28,255,0.1677,0.0,0.3229,0.2381,2.728,5.409,4.5,8.08,343.2,0.06,0.0,0.01,0.07,108415,999,3,0.4,0.1,0.03,-0.06,48,117,8,0,2.83,0.11,0.0152,0.0609,36.26,35.79,21.66
261.399,after,96.3,52.137668,21.1613358,87.69,52.1376676,21.1613353,28,0.48,0.576,255,-0.1676,-0.3352,-0.0674,-0.227,2.732,5.416,4.99,7.78,343.54,0.12,0.0,0.07,0.07,108415,999,3,0.4,0.09,0.08,-0.02,48,6,2,0,2.83,0.08,0.0186,0.0519,39.96,37.07,22.03
261.499,after,96.4,52.1376675,21.1613369,87.71,52.1376676,21.1613353,28,0.48,0.576,255,-0.1677,-0.503,-0.1848,-0.4548,2.702,5.43,4.35,5.52,343.65,0.12,0.0,0.02,0.07,108415,999,3,0.4,0.09,0.08,-0.02,48,48,301,0,2.8,0.1,0.0098,0.0304,40.41,36.5,23.52
261.599,after,96.5,52.1376669,21.1613381,87.72,52.1376666,21.1613368,28,0.48,0.957,255,-0.3353,-0.503,-0.3262,-0.2168,2.688,5.446,2.89,3.48,343.55,0.12,0.0,0.03,0.07,108415,999,3,0.4,0.09,0.1,-0.01,48,121,164,0,2.78,0.03,0.0202,0.0448,33.23,31.11,21.57
261.699,after,96.6,52.1376664,21.1613396,87.73,52.1376666,21.1613368,28,0.48,0.957,255,-1.0059,-0.6706,-0.4064,-0.1565,2.662,5.457,0.69,2.43,343.25,0.12,0.0,0.0,0.08,108415,999,3,0.4,0.09,0.1,-0.01,48,243,156,0,2.79,0.03,0.0113,0.0313,29.51,30.59,20.27
261.799,after,96.7,52.1376658,21.1613412,87.73,52.1376655,21.1613393,28,0.48,1.13,255,-0.5029,-0.3352,-0.1569,0.006,2.57,5.459,-0.83,1.85,342.71,0.11,0.01,0.03,0.06,108415,999,3,0.4,0.09,0.07,-0.03,48,167,159,0,2.76,0.02,0.0197,0.0595,32.09,28.48,21.75
261.899,after,96.8,52.1376653,21.1613428,87.74,52.1376655,21.1613393,28,0.48,1.13,255,-0.3353,-0.1676,-0.1667,0.0619,2.568,5.461,-1.73,2.34,342.1,0.11,0.01,0.01,0.06,108415,999,3,0.4,0.09,0.07,-0.03,48,131,-73,0,2.76,0.09,0.012,0.0446,32.25,32.19,22.43
261.999,after,96.9,52.1376647,21.1613446,87.74,52.1376644,21.1613424,28,0.48,1.304,255,-0.6708,-0.5031,-0.1778,-0.0401,2.628,5.467,-2.49,2.4,341.49,0.04,0.01,0.01,0.04,108415,999,3,0.4,0.09,0.01,-0.05,48,-377,-69,0,2.76,0.13,0.0107,0.034,30.68,36.54,20.35
262.099,after,97.0,52.1376642,21.1613464,87.75,52.1376644,21.1613424,28,0.48,1.304,255,-0.3353,-0.1677,-0.1032,0.028,2.646,5.479,-3.38,2.3,340.77,0.04,0.01,0.01,0.05,108415,999,3,0.4,0.09,0.01,-0.05,48,182,45,0,2.77,0.11,0.0077,0.0274,33.65,38.44,21.63
262.199,after,97.1,52.1376636,21.1613482,87.76,52.1376634,21.1613458,28,0.48,1.294,255,-0.1677,-0.3353,-0.0617,-0.0039,2.658,5.49,-3.74,2.56,340.06,0.06,0.0,0.04,0.04,108415,999,3,0.4,0.09,0.06,0.08,48,91,-84,0,2.75,0.03,0.0131,0.0425,33.71,38.05,21.7
262.299,after,97.2,52.137663,21.16135,87.77,52.1376634,21.1613458,28,0.48,1.294,255,-0.1676,-0.3352,-0.0331,-0.1158,2.678,5.5,-4.19,2.09,339.63,0.06,0.0,0.04,0.06,108415,999,3,0.4,0.09,0.06,0.08,48,-46,104,0,2.76,0.02,0.0117,0.0419,29.31,36.28,18.95
262.399,after,97.3,52.1376624,21.1613518,87.78,52.1376623,21.1613493,28,0.48,1.399,255,-0.3353,-0.503,-0.0574,-0.0933,2.666,5.503,-4.35,1.48,339.34,0.06,0.0,0.09,0.05,108415,999,3,0.4,0.08,0.02,-0.04,48,20,-165,0,2.74,0.01,0.0143,0.0667,27.75,33.13,17.43
262.499,after,97.4,52.1376617,21.1613536,87.78,52.1376623,21.1613493,28,0.48,1.399,255,-0.5028,-0.5028,0.0702,0.0307,2.644,5.5,-4.12,1.31,339.09,0.06,0.0,0.11,0.06,108415,999,3,0.4,0.08,0.02,-0.04,48,-195,-231,0,2.73,-0.03,0.015,0.0753,29.58,30.58,18.73
262.599,after,97.5,52.1376611,21.1613554,87.77,52.137661,21.161353,28,0.48,1.429,255,-0.1677,-0.3353,0.0116,-0.0039,2.674,5.495,-3.92,1.47,338.98,0.04,0.0,0.09,0.05,108415,999,3,0.4,0.08,0.02,0.0,48,132,34,0,2.71,-0.01,0.0169,0.0838,28.8,31.72,19.0
262.699,after,97.6,52.1376604,21.1613572,87.76,52.137661,21.161353,28,0.48,1.429,255,-0.1677,-0.3354,-0.0103,-0.0553,2.694,5.488,-3.93,1.3,339.01,0.04,0.0,0.08,0.05,108415,999,3,0.4,0.08,0.02,0.0,48,-158,108,0,2.72,-0.02,0.0149,0.0754,29.54,33.82,21.29
262.799,after,97.7,52.1376598,21.1613591,87.75,52.1376597,21.1613566,28,0.48,1.398,255,-0.3354,-0.6708,0.0018,-0.0195,2.732,5.478,-4.26,1.2,339.12,0.06,0.01,0.1,0.05,108415,999,3,0.4,0.08,-0.02,0.03,48,98,133,0,2.7,-0.06,0.0198,0.0868,28.06,35.3,20.23
262.899,after,97.8,52.1376591,21.161361,87.74,52.1376597,21.1613566,28,0.48,1.398,255,-0.1677,-0.503,0.022,-0.0963,2.742,5.466,-3.96,0.86,339.44,0.06,0.01,0.09,0.05,108415,999,3,0.4,0.08,-0.02,0.03,48,126,138,0,2.71,-0.09,0.0177,0.0797,31.09,36.08,22.25
262.999,after,97.9,52.1376584,21.161363,87.73,52.1376584,21.1613604,28,0.48,1.572,255,-0.3352,-0.3352,-0.0976,-0.0453,2.85,5.452,-4.51,0.51,339.9,0.08,0.01,0.08,0.06,108415,999,3,0.4,0.08,0.04,-0.06,48,281,50,0,2.7,-0.12,0.017,0.083,33.64,36.9,20.97
263.099,after,98.0,52.1376576,21.1613649,87.71,52.1376584,21.1613604,28,0.48,1.572,255,-0.3353,-0.8383,0.0466,-0.1457,2.916,5.439,-4.41,-0.11,340.38,0.08,0.01,0.09,0.04,108415,999,3,0.4,0.08,0.04,-0.06,48,36,187,0,2.71,-0.15,0.0141,0.0722,32.81,36.9,21.03
263.199,after,98.1,52.1376569,21.1613669,87.7,52.137657,21.1613643,28,0.48,1.539,255,-0.3353,-0.3353,-0.1235,0.0087,2.918,5.428,-4.76,-0.58,340.65,0.01,0.01,0.08,0.04,108415,999,3,0.4,0.08,0.03,0.03,48,-100,-250,0,2.72,-0.25,0.0111,0.0633,28.82,31.4,18.99
263.299,after,98.2,52.1376562,21.1613689,87.69,52.137657,21.1613643,28,0.48,1.539,255,-0.3353,-0.3353,0.0142,-0.0732,2.828,5.418,-5.15,-0.57,340.95,0.01,0.01,0.06,0.05,108415,999,3,0.4,0.08,0.03,0.03,48,9,53,0,2.74,-0.27,0.0093,0.0481,30.21,31.76,18.42
263.399,after,98.3,52.1376555,21.1613709,87.68,52.1376555,21.1613682,28,0.48,1.601,255,-0.3354,-0.3354,-0.002,0.0778,2.84,5.401,-5.05,-0.44,341.23,0.08,0.01,0.1,0.04,108415,999,3,0.4,0.08,0.09,-0.04,48,340,102,0,2.72,-0.2,0.012,0.0625,28.62,33.75,18.67
263.499,after,98.4,52.1376549,21.1613728,87.65,52.1376555,21.1613682,28,0.48,1.601,255,-0.1677,-0.1677,0.0587,0.1172,2.86,5.377,-5.09,0.19,341.29,0.08,0.01,0.14,0.03,108415,999,3,0.4,0.08,0.09,-0.04,48,86,-26,0,2.71,-0.23,0.0113,0.068,27.6,33.55,18.95
263.599,after,98.5,52.1376542,21.1613748,87.63,52.1376541,21.1613721,28,0.48,1.475,255,-0.3353,-0.1677,-0.0662,0.1017,2.912,5.353,-5.05,0.69,341.06,0.02,0.0,0.1,0.01,108415,999,3,0.4,0.07,0.01,0.04,48,49,151,0,2.72,-0.22,0.013,0.0669,30.35,35.07,20.34
263.699,after,98.601,52.1376536,21.1613767,87.61,52.1376541,21.1613721,28,0.48,1.475,255,-0.6704,-0.5028,-0.0235,0.127,2.95,5.331,-5.24,1.16,340.59,0.02,0.0,0.08,0.04,108415,999,3,0.4,0.07,0.01,0.04,48,73,8,0,2.72,-0.25,0.0106,0.0543,32.85,34.15,23.23
263.799,after,98.7,52.137653,21.1613786,87.59,52.1376529,21.161376,27,0.5,1.526,255,-0.1677,-0.3353,-0.0061,-0.0035,2.94,5.317,-5.31,1.62,340.32,0.02,0.01,0.02,0.02,108415,999,3,0.4,0.07,0.02,-0.04,48,92,92,0,2.76,-0.27,0.0029,0.0223,33.44,35.07,22.58
263.899,after,98.8,52.1376523,21.1613806,87.58,52.1376529,21.161376,27,0.5,1.526,255,-0.3353,-0.3353,-0.1103,-0.0653,2.928,5.303,-5.74,1.25,340.24,0.02,0.01,0.12,0.02,108415,999,3,0.4,0.07,0.02,-0.04,48,94,-206,0,2.75,-0.28,0.0057,0.0317,30.12,37.21,20.26
263.999,after,98.9,52.1376516,21.1613825,87.56,52.1376516,21.1613799,28,0.5,1.509,255,-0.1677,-0.3353,0.0718,-0.0153,2.928,5.286,-5.75,0.93,340.03,0.04,0.01,0.14,0.02,108415,999,3,0.4,0.07,0.06,0.03,48,116,167,0,2.76,-0.25,0.0053,0.0372,28.49,35.42,21.04
264.099,after,99.001,52.1376509,21.1613845,87.54,52.1376516,21.1613799,28,0.5,1.509,255,-0.3352,-0.1676,-0.0724,-0.0383,3.024,5.268,-5.69,0.8,339.79,0.04,0.01,0.09,0.03,108415,999,3,0.4,0.07,0.06,0.03,48,119,251,0,2.75,-0.25,0.0055,0.0336,29.8,35.79,19.91
264.199,after,99.1,52.1376502,21.1613864,87.53,52.1376502,21.1613839,28,0.48,1.588,255,-0.3353,-0.6706,0.0565,0.0344,3.07,5.252,-5.82,0.79,339.73,0.02,0.01,0.06,0.02,108415,999,3,0.4,0.07,0.05,-0.03,48,275,295,0,2.78,-0.32,0.0014,0.0234,29.97,32.39,21.26
264.299,after,99.2,52.1376494,21.1613884,87.51,52.1376502,21.1613839,28,0.48,1.588,255,-0.3353,-0.1676,-0.0282,-0.0291,3.056,5.237,-5.64,0.76,339.65,0.02,0.01,0.08,0.01,108415,999,3,0.4,0.07,0.05,-0.03,48,273,242,0,2.78,-0.36,0.0031,0.021,28.57,31.7,20.35
264.399,after,99.3,52.1376487,21.1613903,87.5,52.1376488,21.1613878,28,0.48,1.499,255,-0.3353,-0.3353,-0.0401,-0.0055,2.942,5.221,-5.87,0.71,339.65,0.02,0.0,0.04,0.03,108415,999,3,0.4,0.07,0.03,0.03,48,-125,-70,0,2.8,-0.33,0.0045,0.0134,27.31,31.35,18.92
264.499,after,99.4,52.137648,21.1613922,87.48,52.1376488,21.1613878,28,0.48,1.499,255,-0.3353,-0.503,0.0752,-0.036,2.944,5.206,-5.7,0.59,339.74,0.02,0.0,0.07,0.02,108415,999,3,0.4,0.07,0.03,0.03,48,17,115,0,2.81,-0.28,0.0054,0.0118,27.52,31.89,18.85
264.599,after,99.5,52.1376472,21.161394,87.47,52.1376474,21.1613915,28,0.48,1.462,255,-0.1677,-0.3353,0.0158,-0.0341,3.006,5.19,-5.43,0.41,339.94,0.05,0.0,0.05,0.03,108415,999,3,0.4,0.07,-0.01,0.06,48,289,130,0,2.81,-0.21,0.0133,0.0207,28.37,31.52,18.28
264.699,after,99.601,52.1376465,21.1613958,87.45,52.1376474,21.1613915,28,0.48,1.462,255,-0.1677,-0.3354,0.0622,0.0263,2.998,5.172,-5.13,0.47,340.15,0.05,0.0,0.09,0.03,108415,999,3,0.4,0.07,-0.01,0.06,48,128,80,0,2.81,-0.25,0.0114,0.0211,26.49,29.23,18.38
264.799,after,99.7,52.1376457,21.1613976,87.43,52.137646,21.1613951,28,0.48,1.489,255,-0.1677,-0.6707,0.0995,-0.0365,3.0,5.154,-4.67,0.36,340.26,0.02,0.0,0.09,0.02,108415,999,3,0.4,0.07,0.02,0.04,48,-279,146,0,2.81,-0.28,0.0109,0.0184,27.89,29.92,18.18
264.899,after,99.8,52.1376449,21.1613994,87.41,52.137646,21.1613951,28,0.48,1.489,255,-0.3352,-0.3352,0.0172,0.0132,2.982,5.136,-4.57,0.5,340.35,0.02,0.0,0.07,0.03,108415,999,3,0.4,0.07,0.02,0.04,48,98,103,0,2.81,-0.27,0.0093,0.0151,28.68,32.13,18.34
264.999,after,99.901,52.1376441,21.1614012,87.39,52.1376445,21.1613988,28,0.48,1.502,255,-0.3352,-0.3352,0.0225,-0.0771,2.988,5.119,-4.46,0.35,340.62,0.01,0.0,0.04,0.05,108415,999,3,0.4,0.07,0.02,0.0,48,148,99,0,2.83,-0.24,0.0059,0.008,31.39,30.19,20.29
265.099,after,100.0,52.1376434,21.1614031,87.38,52.1376445,21.1613988,28,0.48,1.502,255,-0.5029,-0.6705,-0.0067,-0.0959,2.962,5.104,-4.45,-0.23,340.84,0.01,0.0,0.07,0.04,108415,999,3,0.4,0.07,0.02,0.0,48,-8,-94,0,2.83,-0.24,0.0062,0.008,28.12,34.38,18.27
265.199,after,100.1,52.1376426,21.1614049,87.36,52.137643,21.1614025,28,0.48,1.516,255,-0.1677,-0.3353,0.1061,-0.0523,2.978,5.088,-4.08,-0.65,340.95,0.03,0.0,0.04,0.05,108415,999,3,0.4,0.07,-0.02,0.0,48,272,203,0,2.83,-0.22,0.0079,0.0092,27.75,36.0,17.78
265.299,after,100.2,52.1376418,21.1614068,87.35,52.137643,21.1614025,28,0.48,1.516,255,-0.1676,-0.3353,-0.0408,0.0005,3.03,5.077,-3.72,-0.87,341.05,0.03,0.0,0.03,0.04,108415,999,3,0.4,0.07,-0.02,0.0,48,231,180,0,2.84,-0.22,0.008,0.0155,29.35,35.1,17.14
265.399,after,100.3,52.137641,21.1614086,87.35,52.1376414,21.1614062,28,0.48,1.549,255,-0.503,-0.503,-0.0342,0.0005,3.028,5.073,-4.26,-0.81,341.2,0.04,0.0,0.04,0.04,108415,999,3,0.4,0.07,0.03,-0.02,48,101,270,0,2.86,-0.22,0.0077,0.0239,29.59,35.74,18.12
265.499,after,100.4,52.1376403,21.1614105,87.34,52.1376414,21.1614062,28,0.48,1.549,255,-0.1677,-0.3353,0.0212,0.0613,3.032,5.07,-4.2,-0.78,341.45,0.04,0.0,0.02,0.07,108415,999,3,0.4,0.07,0.03,-0.02,48,-198,-41,0,2.88,-0.24,0.0085,0.0292,30.28,34.1,17.99
265.599,after,100.5,52.1376396,21.1614124,87.34,52.13764,21.16141,28,0.48,1.486,255,-0.3353,-0.3353,-0.1048,-0.0057,3.022,5.069,-4.33,-0.55,341.71,0.02,0.0,0.02,0.03,108415,999,3,0.4,0.08,-0.05,-0.01,48,10,-137,0,2.91,-0.2,0.0138,0.0384,30.41,31.23,19.41
265.699,after,100.601,52.1376389,21.1614143,87.34,52.13764,21.16141,28,0.48,1.486,255,-0.503,-0.1677,-0.1144,-0.0865,3.037,5.069,-5.09,-0.92,342.18,0.02,0.0,0.01,0.04,108415,999,3,0.4,0.08,-0.05,-0.01,48,174,147,0,2.92,-0.2,0.0127,0.0407,29.92,34.94,16.82
265.799,after,100.7,52.1376383,21.1614163,87.34,52.1376386,21.1614138,28,0.48,1.533,255,-0.1676,-0.1676,0.0723,0.0389,3.04,5.068,-5.1,-1.12,342.51,0.02,0.0,0.02,0.03,108415,999,3,0.4,0.08,0.04,-0.02,48,159,108,0,2.94,-0.17,0.0102,0.0395,30.61,34.27,18.35
265.899,after,100.8,52.1376377,21.1614182,87.34,52.1376386,21.1614138,28,0.48,1.533,255,-0.503,-0.3353,0.031,0.1709,3.03,5.062,-4.69,-0.5,342.58,0.02,0.0,0.11,0.02,108415,999,3,0.4,0.08,0.04,-0.02,48,121,0,0,2.92,-0.19,0.0065,0.0168,30.35,33.71,19.85
265.999,after,100.9,52.137637,21.1614201,87.32,52.1376372,21.1614176,28,0.48,1.481,255,-0.1677,-0.1677,-0.0411,0.1428,3.032,5.049,-5.06,0.56,342.5,0.05,0.0,0.02,0.03,108415,999,3,0.4,0.08,0.06,0.0,48,236,7,0,2.93,-0.18,0.0015,0.0111,28.29,40.11,19.02
266.099,after,101.0,52.1376364,21.161422,87.31,52.1376372,21.1614176,28,0.48,1.481,255,-0.1677,-0.1677,-0.0148,0.067,3.038,5.035,-5.11,1.08,342.21,0.05,0.0,0.04,0.01,108415,999,3,0.4,0.08,0.06,0.0,48,210,76,0,2.92,-0.18,0.0026,0.0114,29.55,40.04,17.56
266.199,after,101.1,52.1376358,21.1614238,87.3,52.1376359,21.1614212,28,0.48,1.333,255,-0.3353,-0.503,0.0183,0.0566,3.062,5.023,-5.18,1.21,341.87,0.05,0.0,0.01,0.0,108415,999,3,0.4,0.08,-0.06,0.12,48,46,174,0,2.93,-0.17,0.0117,0.0213,31.9,30.31,19.8
266.299,after,101.2,52.1376352,21.1614257,87.29,52.1376359,21.1614212,28,0.48,1.333,255,-0.1677,-0.1677,-0.0003,-0.0016,3.05,5.013,-5.15,1.22,341.51,0.05,0.0,0.03,0.01,108415,999,3,0.4,0.08,-0.06,0.12,48,22,-23,0,2.93,-0.18,0.0097,0.0233,28.87,32.95,20.16
266.399,after,101.3,52.1376346,21.1614276,87.28,52.1376348,21.1614248,28,0.48,1.464,255,-0.1677,-0.1677,-0.0475,0.0135,3.05,5.009,-5.42,1.21,341.23,0.02,0.0,0.02,0.02,108415,999,3,0.4,0.08,0.04,-0.03,48,222,41,0,2.96,-0.16,0.0084,0.0397,30.87,35.9,17.63
266.499,after,101.4,52.137634,21.1614294,87.28,52.1376348,21.1614248,28,0.48,1.464,255,-0.503,-0.503,0.0081,0.0436,3.066,5.009,-5.46,1.49,340.9,0.02,0.0,0.02,0.03,108415,999,3,0.4,0.08,0.04,-0.03,48,192,-52,0,2.98,-0.15,0.0099,0.0483,30.02,33.59,19.85
266.599,after,101.5,52.1376334,21.1614313,87.29,52.1376335,21.1614286,28,0.48,1.525,255,-0.1677,-0.3354,0.0224,-0.0314,3.068,5.012,-5.44,1.45,340.6,0.03,0.01,0.0,0.0,108415,999,3,0.4,0.08,0.04,-0.06,48,-5,18,0,3.0,-0.13,0.0104,0.0497,30.36,35.05,19.26
266.699,after,101.6,52.1376328,21.1614332,87.29,52.1376335,21.1614286,28,0.48,1.525,255,-0.1677,-0.1677,-0.0168,0.0232,3.116,5.015,-5.49,1.53,340.33,0.03,0.01,0.0,0.02,108415,999,3,0.4,0.08,0.04,-0.06,48,-135,-163,0,3.01,-0.13,0.0094,0.0468,29.5,33.08,19.99
266.799,after,101.7,52.1376321,21.1614351,87.29,52.1376322,21.1614326,28,0.48,1.486,255,-0.503,-0.3353,0.0263,0.0119,3.146,5.013,-5.52,1.66,340.08,0.02,0.0,0.04,0.03,108415,999,3,0.4,0.08,0.01,0.0,48,155,-3,0,3.01,-0.17,0.0056,0.0304,29.73,31.95,21.16
266.899,after,101.8,52.1376315,21.161437,87.28,52.1376322,21.1614326,28,0.48,1.486,255,-0.1677,-0.1677,-0.0236,0.05,3.12,5.009,-5.55,1.87,339.89,0.02,0.0,0.0,0.04,108415,999,3,0.4,0.08,0.01,0.0,48,10,-12,0,3.02,-0.18,0.0061,0.0318,31.6,34.19,22.37
266.999,after,101.9,52.1376308,21.1614389,87.28,52.137631,21.1614364,28,0.48,1.457,255,-0.1677,-0.1677,-0.0061,0.0577,3.102,5.005,-5.69,2.07,339.73,0.02,0.0,0.01,0.02,108415,999,3,0.4,0.08,-0.06,0.01,48,32,6,0,3.04,-0.15,0.0099,0.0357,31.72,32.5,20.67
267.099,after,102.001,52.1376302,21.1614407,87.28,52.137631,21.1614364,28,0.48,1.457,255,-0.503,-0.503,-0.047,0.0346,3.082,5.001,-5.88,2.33,339.66,0.02,0.0,0.0,0.01,108415,999,3,0.4,0.08,-0.06,0.01,48,146,141,0,3.04,-0.13,0.0094,0.0376,31.34,31.79,21.39
267.199,after,102.1,52.1376296,21.1614426,87.27,52.1376298,21.1614401,28,0.48,1.426,255,-0.3352,-0.3352,-0.0004,-0.0492,3.1,4.999,-6.01,2.15,339.66,0.01,0.0,0.02,0.01,108415,999,3,0.4,0.08,-0.02,0.02,48,196,42,0,3.05,-0.1,0.0108,0.045,31.06,32.04,21.2
267.299,after,102.2,52.1376289,21.1614445,87.27,52.1376298,21.1614401,28,0.48,1.426,255,-0.1677,-0.3353,0.0416,0.079,3.052,4.996,-5.99,2.3,339.56,0.01,0.0,0.01,0.01,108415,999,3,0.4,0.08,-0.02,0.02,48,178,64,0,3.05,-0.09,0.0093,0.0384,31.34,30.07,20.54
267.399,after,102.3,52.1376282,21.1614464,87.27,52.1376285,21.1614438,28,0.48,1.467,255,-0.1677,-0.1677,0.0386,0.0753,3.05,4.992,-5.65,2.69,339.32,0.03,0.0,0.0,0.01,108415,999,3,0.4,0.08,-0.01,0.01,48,82,-24,0,3.04,-0.09,0.0076,0.0307,31.52,34.74,20.25
267.499,after,102.4,52.1376275,21.1614482,87.26,52.1376285,21.1614438,28,0.48,1.467,255,-0.1677,-0.3353,-0.0002,-0.0377,3.108,4.989,-5.67,2.73,339.03,0.03,0.0,0.02,0.01,108415,999,3,0.4,0.08,-0.01,0.01,48,-31,17,0,3.05,-0.06,0.0078,0.036,30.79,29.35,21.47
267.599,after,102.5,52.1376267,21.1614501,87.27,52.137627,21.1614476,28,0.48,1.578,255,-0.503,-0.503,-0.0442,-0.0413,3.126,4.991,-5.88,2.47,338.78,0.02,0.0,0.05,0.02,108415,999,3,0.4,0.07,0.0,-0.06,48,-11,115,0,3.07,-0.1,0.0103,0.0485,31.39,35.52,19.42
267.699,after,102.601,52.137626,21.161452,87.27,52.137627,21.1614476,28,0.48,1.578,255,-0.1677,-1.0059,0.0174,-0.1662,3.12,4.995,-5.9,1.86,338.56,0.02,0.0,0.01,0.02,108415,999,3,0.4,0.07,0.0,-0.06,48,116,155,0,3.07,-0.1,0.0093,0.0447,30.05,37.66,19.59
267.799,after,102.7,52.1376252,21.1614539,87.27,52.1376255,21.1614515,28,0.48,1.564,255,-0.1677,-0.503,-0.1283,-0.3458,3.1,4.998,-6.13,0.19,338.43,0.02,0.0,0.02,0.03,108415,999,3,0.4,0.07,0.03,-0.01,48,145,226,0,3.08,-0.1,0.0075,0.0409,29.73,37.05,19.01
267.899,after,102.8,52.1376244,21.1614558,87.28,52.1376255,21.1614515,28,0.48,1.564,255,-0.3354,-0.5031,-0.2268,-0.3448,3.11,5.0,-7.37,-1.93,338.28,0.02,0.0,0.02,0.02,108415,999,3,0.4,0.07,0.03,-0.01,48,271,288,0,3.09,-0.1,0.0073,0.0407,29.69,28.72,19.89
267.999,after,102.9,52.1376236,21.1614575,87.28,52.137624,21.1614552,28,0.48,1.484,255,-0.3353,-0.503,-0.1462,-0.1891,3.064,5.004,-8.13,-3.59,337.94,0.02,0.0,0.06,0.03,108415,999,3,0.4,0.07,-0.04,0.0,48,156,433,0,3.11,-0.05,0.0114,0.0548,28.14,34.57,19.71
268.099,after,103.0,52.1376229,21.1614592,87.29,52.137624,21.1614552,28,0.48,1.484,255,-0.3354,-0.5031,-0.1395,-0.1715,3.052,5.011,-9.21,-4.62,337.48,0.02,0.0,0.01,0.02,108415,999,3,0.4,0.07,-0.04,0.0,48,266,215,0,3.11,-0.04,0.0096,0.0472,31.82,30.87,23.01
268.199,after,103.1,52.1376223,21.1614607,87.29,52.1376226,21.1614587,28,0.48,1.353,255,-1.006,-1.006,-0.4022,-0.4068,3.046,5.018,-10.96,-6.46,337.71,0.03,0.0,0.03,0.04,108415,999,3,0.4,0.07,-0.05,-0.01,48,-133,-387,0,3.12,0.03,0.0125,0.0517,33.21,39.35,22.49
268.299,after,103.2,52.1376217,21.161462,87.3,52.1376226,21.1614587,28,0.48,1.353,255,-0.1677,-0.503,-0.0069,-0.2306,3.11,5.024,-12.11,-8.38,338.39,0.03,0.0,0.0,0.05,108415,999,3,0.4,0.07,-0.05,-0.01,48,42,264,0,3.12,0.03,0.0097,0.0414,35.25,36.19,21.59
268.399,after,103.3,52.1376212,21.1614631,87.3,52.1376213,21.1614616,28,0.48,1.052,255,-0.1677,-0.1677,0.093,0.0515,3.088,5.021,-12.02,-8.32,339.21,0.05,0.0,0.06,0.08,108415,999,3,0.4,0.08,-0.02,0.09,48,-23,40,0,3.08,0.04,0.0088,0.0144,33.63,35.46,20.91
268.499,after,103.4,52.1376208,21.161464,87.28,52.1376213,21.1614616,28,0.48,1.052,255,0.1677,-0.1677,0.1314,0.1574,3.06,5.008,-11.41,-7.43,340.49,0.05,0.0,0.11,0.06,108415,999,3,0.4,0.08,-0.02,0.09,48,-181,180,0,3.05,-0.05,0.0075,0.02,36.86,39.92,22.47
268.599,after,103.5,52.1376204,21.1614646,87.27,52.1376203,21.1614637,28,0.48,0.769,255,0.0,0.0,0.1908,0.2328,3.044,4.99,-10.65,-5.99,341.92,0.02,0.0,0.05,0.03,108415,999,3,0.4,0.07,-0.02,-0.03,48,-24,18,0,3.04,-0.03,0.0065,0.0186,35.76,42.39,23.88
268.699,after,103.6,52.1376202,21.1614652,87.25,52.1376203,21.1614637,28,0.48,0.769,255,0.0,0.3354,0.1765,0.2017,3.04,4.974,-9.73,-4.46,343.38,0.02,0.0,0.06,0.04,108415,999,3,0.4,0.07,-0.02,-0.03,48,56,89,0,3.02,-0.05,0.0054,0.0232,36.71,44.18,24.69
268.799,after,103.7,52.13762,21.1614655,87.23,52.1376196,21.1614652,28,0.48,0.442,255,0.0,0.0,0.1634,0.1218,3.052,4.955,-8.75,-3.4,344.84,0.05,0.0,0.07,0.06,108415,999,3,0.4,0.08,-0.14,0.01,48,234,-25,0,2.99,-0.08,0.0154,0.035,37.17,43.07,23.37
268.899,after,103.8,52.1376199,21.1614658,87.21,52.1376196,21.1614652,28,0.48,0.442,255,0.0,0.1677,0.075,0.1248,3.052,4.937,-8.26,-2.48,346.17,0.05,0.0,0.05,0.05,108415,999,3,0.4,0.08,-0.14,0.01,48,-18,-37,0,2.98,-0.1,0.011,0.0303,34.05,43.25,22.79
268.999,after,103.9,52.1376198,21.161466,87.19,52.1376192,21.161466,28,0.48,0.229,255,0.0,0.0,0.1195,0.1286,3.048,4.919,-7.69,-1.6,347.23,0.03,0.0,0.1,0.05,108415,999,3,0.4,0.08,-0.05,0.06,48,-23,99,0,2.96,-0.14,0.0132,0.0402,33.88,41.03,22.07
269.099,after,104.0,52.1376198,21.1614661,87.17,52.1376192,21.161466,28,0.48,0.229,255,0.3353,0.1677,0.1144,0.1332,3.046,4.899,-7.23,-0.82,347.97,0.03,0.0,0.06,0.07,108415,999,3,0.4,0.08,-0.05,0.06,48,117,-71,0,2.95,-0.14,0.0097,0.0369,31.74,39.83,20.92
269.199,after,104.1,52.1376197,21.1614663,87.16,52.137619,21.1614664,28,0.48,0.151,255,0.0,0.0,0.0801,0.0571,3.034,4.881,-6.63,-0.28,348.47,0.01,0.0,0.04,0.05,108415,999,3,0.4,0.08,0.0,-0.03,48,-90,101,0,2.95,-0.16,0.0058,0.0273,32.92,33.8,21.89
269.299,after,104.2,52.1376197,21.1614664,87.14,52.137619,21.1614664,28,0.48,0.151,255,0.0,0.0,0.0184,-0.0401,3.034,4.868,-6.43,-0.27,348.74,0.01,0.0,0.01,0.06,108415,999,3,0.4,0.08,0.0,-0.03,48,93,2,0,2.95,-0.14,0.0033,0.0154,30.78,30.28,21.54
269.399,after,104.3,52.1376196,21.1614664,87.13,52.1376188,21.1614665,28,0.48,0.107,255,0.0,0.0,0.0096,0.0352,3.042,4.859,-6.25,-0.28,348.7,0.05,0.0,0.05,0.05,108415,999,3,0.4,0.11,0.0,0.14,48,-3,-121,0,2.95,-0.15,0.0106,0.0182,31.25,30.71,21.67
269.499,after,104.4,52.1376195,21.1614663,87.13,52.1376188,21.1614665,28,0.48,0.107,255,0.0,0.0,0.0925,0.0845,3.052,4.855,-6.15,0.13,348.55,0.05,0.0,0.02,0.06,108415,999,3,0.4,0.11,0.0,0.14,48,-160,-33,0,2.96,-0.15,0.0074,0.0111,28.51,29.58,22.32
269.599,after,104.5,52.1376195,21.1614663,87.13,52.1376186,21.1614664,28,0.48,0.092,255,0.0,0.0,-0.0157,0.0234,3.048,4.859,-5.77,0.42,348.35,0.04,0.0,0.04,0.07,108415,999,3,0.4,0.13,0.02,0.04,48,82,-55,0,3.0,-0.14,0.0124,0.0322,33.03,36.71,19.86
269.699,after,104.6,52.1376194,21.1614663,87.14,52.1376186,21.1614664,28,0.48,0.092,255,0.0,0.0,0.0716,-0.0884,3.066,4.87,-5.78,0.14,348.16,0.04,0.0,0.03,0.06,108415,999,3,0.4,0.13,0.02,0.04,48,6,51,0,3.02,-0.1,0.0102,0.0376,31.66,33.93,20.85
269.799,after,104.7,52.1376194,21.1614663,87.16,52.1376185,21.1614665,28,0.48,0.067,255,0.0,0.0,0.0937,0.2158,3.06,4.885,-5.26,0.72,348.09,0.02,0.0,0.07,0.04,108415,999,3,0.4,0.12,-0.02,-0.05,48,278,-55,0,3.05,-0.08,0.0111,0.053,33.02,36.95,20.98
269.899,after,104.8,52.1376194,21.1614662,87.18,52.1376185,21.1614665,28,0.48,0.067,255,0.0,0.0,-0.0408,-0.0433,3.056,4.903,-5.13,1.04,348.11,0.02,0.0,0.06,0.04,108415,999,3,0.4,0.12,-0.02,-0.05,48,-43,109,0,3.08,-0.05,0.0115,0.0592,30.1,33.47,19.15
269.999,after,104.9,52.1376193,21.1614662,87.2,52.1376184,21.1614666,28,0.48,0.056,255,0.0,-0.1677,0.1832,-0.0913,3.068,4.922,-4.98,0.37,348.04,0.02,0.0,0.01,0.02,108415,999,3,0.4,0.12,0.02,0.05,48,59,62,0,3.1,-0.03,0.0109,0.053,33.19,35.23,18.21
270.099,after,105.0,52.1376193,21.1614663,87.21,52.1376184,21.1614666,28,0.48,0.056,255,0.0,0.0,-0.008,0.0258,3.06,4.934,-4.37,0.53,347.87,0.02,0.0,0.02,0.02,108415,999,3,0.4,0.12,0.02,0.05,48,-210,-117,0,3.11,-0.02,0.0092,0.0475,32.28,33.42,19.31
270.199,after,105.1,52.1376194,21.1614664,87.22,52.1376184,21.1614667,28,0.48,0.084,255,-0.1677,0.1677,-0.1234,0.0073,3.066,4.943,-4.98,0.57,347.68,0.01,0.0,0.02,0.01,108415,999,3,0.4,0.08,-0.02,-0.04,48,62,-7,0,3.12,-0.02,0.0083,0.0422,32.01,33.7,24.28
270.299,after,105.2,52.1376194,21.1614665,87.23,52.1376184,21.1614667,28,0.48,0.084,255,0.0,0.0,-0.068,0.1022,3.07,4.95,-5.55,1.08,347.23,0.01,0.0,0.05,0.02,108415,999,3,0.4,0.08,-0.02,-0.04,48,-22,-80,0,3.13,0.0,0.0084,0.0463,37.22,39.93,27.52
270.399,after,105.3,52.1376195,21.1614667,87.23,52.1376184,21.161467,28,0.48,0.142,255,0.0,0.0,-0.0425,0.1035,3.064,4.958,-5.83,1.47,346.67,0.01,0.0,0.03,0.02,108415,999,3,0.4,0.08,0.01,-0.04,48,-83,78,0,3.14,0.0,0.01,0.0449,41.6,39.02,26.28
270.499,after,105.401,52.1376195,21.1614669,87.24,52.1376184,21.161467,28,0.48,0.142,255,-0.1677,0.3354,-0.079,0.0988,3.064,4.963,-6.32,2.0,346.11,0.01,0.0,0.01,0.03,108415,999,3,0.4,0.08,0.01,-0.04,48,127,45,0,3.13,0.0,0.0067,0.0284,38.49,43.36,25.73
270.599,after,105.501,52.1376196,21.1614672,87.24,52.1376186,21.1614674,28,0.48,0.179,255,-0.1677,0.1677,-0.0859,0.0334,3.072,4.964,-6.82,2.27,345.6,0.03,0.0,0.0,0.03,108415,999,3,0.4,0.08,0.01,-0.01,48,-186,78,0,3.13,0.0,0.009,0.0307,38.16,40.1,27.22
270.7,after,105.601,52.1376196,21.1614674,87.24,52.1376186,21.1614674,28,0.48,0.179,255,0.0,0.0,-0.0236,0.0612,3.066,4.963,-7.11,2.46,345.08,0.03,0.0,0.01,0.04,108415,999,3,0.4,0.08,0.01,-0.01,48,-84,115,0,3.12,0.0,0.0059,0.019,37.76,39.94,26.02
270.799,after,105.701,52.1376197,21.1614677,87.23,52.1376187,21.1614678,28,0.48,0.173,255,-0.1677,0.0,0.0224,-0.0638,3.056,4.957,-7.21,2.34,344.58,0.02,0.0,0.03,0.04,108415,999,3,0.4,0.08,0.0,0.0,48,59,146,0,3.1,-0.01,0.0051,0.0119,35.84,41.51,24.24
270.9,after,105.801,52.1376197,21.1614679,87.22,52.1376187,21.1614678,28,0.48,0.173,255,0.0,0.0,-0.1075,-0.0785,3.048,4.944,-7.52,1.72,344.06,0.02,0.0,0.08,0.03,108415,999,3,0.4,0.08,0.0,0.0,48,113,100,0,3.07,-0.03,0.003,0.0127,36.63,41.57,25.43
270.999,after,105.901,52.1376198,21.1614682,87.2,52.1376189,21.1614682,28,0.48,0.166,255,-0.1677,0.0,-0.0783,0.0203,3.05,4.925,-8.07,1.63,343.52,0.01,0.0,0.08,0.02,108415,999,3,0.4,0.09,-0.02,0.02,48,-179,-177,0,3.04,-0.06,0.0042,0.0255,39.98,49.7,26.17
271.1,after,106.001,52.1376198,21.1614684,87.18,52.1376189,21.1614682,28,0.48,0.166,255,0.0,0.0,0.0066,-0.0014,3.046,4.906,-8.08,1.58,342.91,0.01,0.0,0.03,0.04,108415,999,3,0.4,0.09,-0.02,0.02,48,0,-6,0,3.03,-0.07,0.0039,0.0229,43.24,49.87,26.28
271.2,after,106.101,52.1376199,21.1614685,87.17,52.137619,21.1614686,28,0.48,0.15,255,0.0,0.0,-0.0555,-0.0158,3.048,4.894,-8.54,1.39,342.28,0.01,0.0,0.0,0.04,108415,999,3,0.4,0.08,-0.04,0.0,48,-18,17,0,3.02,-0.07,0.0031,0.0126,42.31,45.92,29.16
271.3,after,106.201,52.1376199,21.1614687,87.16,52.137619,21.1614686,28,0.48,0.15,255,0.0,0.0,0.1008,0.0593,3.054,4.889,-8.33,1.57,341.63,0.01,0.0,0.02,0.04,108415,999,3,0.4,0.08,-0.04,0.0,48,-107,-13,0,3.03,-0.06,0.0015,0.0017,41.91,47.0,28.2
271.399,after,106.3,52.1376199,21.1614688,87.16,52.1376191,21.161469,28,0.48,0.116,255,-0.1677,0.0,-0.1065,-0.0662,3.046,4.889,-8.58,1.39,341.09,0.02,0.0,0.02,0.03,108415,999,3,0.4,0.08,-0.04,0.02,48,-23,-35,0,3.04,-0.05,0.0047,0.011,43.56,46.07,28.4
271.499,after,106.4,52.13762,21.1614688,87.17,52.1376191,21.161469,28,0.48,0.116,255,0.1677,0.0,-0.0131,0.0465,3.052,4.897,-8.55,1.32,340.84,0.02,0.0,0.06,0.04,108415,999,3,0.4,0.08,-0.04,0.02,48,-126,-106,0,3.06,-0.05,0.0048,0.0224,43.2,50.23,27.79
271.599,after,106.5,52.13762,21.1614688,87.19,52.1376191,21.1614692,28,0.48,0.109,255,0.3353,0.1676,0.075,0.1512,3.066,4.914,-8.38,2.05,340.47,0.03,0.0,0.09,0.05,108415,999,3,0.4,0.08,0.07,-0.07,48,0,-111,0,3.09,0.0,0.0102,0.0383,41.32,45.74,27.38
271.699,after,106.601,52.13762,21.1614688,87.21,52.1376191,21.1614692,28,0.48,0.109,255,0.0,0.0,0.0523,-0.0445,3.054,4.932,-7.97,2.32,340.27,0.03,0.0,0.06,0.03,108415,999,3,0.4,0.08,0.07,-0.07,48,84,-97,0,3.11,0.0,0.0089,0.0414,40.91,43.2,26.06
271.799,after,106.7,52.1376199,21.1614688,87.23,52.1376191,21.1614693,28,0.48,0.053,255,0.0,0.0,-0.01,-0.135,3.064,4.952,-8.06,1.65,340.23,0.04,0.0,0.08,0.04,108415,999,3,0.4,0.12,-0.11,0.01,48,-1,-25,0,3.14,0.03,0.0095,0.0486,36.96,41.25,24.75
271.899,after,106.8,52.1376198,21.1614688,87.24,52.1376191,21.1614693,28,0.48,0.053,255,0.0,0.0,0.1135,-0.0051,3.06,4.966,-7.74,1.26,340.17,0.04,0.0,0.0,0.01,108415,999,3,0.4,0.12,-0.11,0.01,48,-51,-45,0,3.14,0.03,0.0065,0.0345,36.78,40.32,24.86
271.999,after,106.9,52.1376197,21.1614688,87.25,52.137619,21.1614692,28,0.48,0.104,255,0.1677,0.0,0.0219,0.0259,3.05,4.978,-7.39,1.26,340.32,0.02,0.0,0.01,0.0,108415,999,3,0.4,0.09,0.03,0.04,48,36,-119,0,3.15,0.03,0.0059,0.0278,37.75,36.66,24.73
272.099,after,107.0,52.1376196,21.1614687,87.27,52.137619,21.1614692,28,0.48,0.104,255,0.0,0.0,0.0114,-0.0777,3.046,4.992,-7.26,1.13,340.67,0.02,0.0,0.06,0.02,108415,999,3,0.4,0.09,0.03,0.04,48,-60,87,0,3.16,0.05,0.0062,0.032,36.26,42.71,25.01
272.199,after,107.1,52.1376194,21.1614687,87.28,52.1376188,21.1614691,28,0.48,0.158,255,0.0,-0.5029,-0.0499,-0.2744,3.05,5.007,-7.47,-0.09,341.31,0.0,0.0,0.07,0.01,108415,999,3,0.4,0.08,0.0,0.0,48,33,-202,0,3.18,0.07,0.0059,0.0352,36.94,44.4,22.35
272.299,after,107.2,52.1376192,21.1614686,87.3,52.1376188,21.1614691,28,0.48,0.158,255,0.0,0.0,0.1359,0.0323,3.048,5.021,-7.17,-0.68,341.96,0.0,0.0,0.04,0.0,108415,999,3,0.4,0.08,0.0,0.0,48,3,-28,0,3.19,0.08,0.0054,0.0323,32.14,38.31,21.73
272.399,after,107.3,52.137619,21.1614685,87.3,52.1376185,21.1614689,28,0.48,0.228,255,0.0,0.0,0.1112,0.0427,3.036,5.029,-6.46,-0.24,342.34,0.04,0.0,0.02,0.02,108415,999,3,0.4,0.09,0.03,-0.01,48,-34,-24,0,3.18,0.07,0.0037,0.018,32.68,36.75,21.0
272.499,after,107.4,52.1376189,21.1614684,87.31,52.1376185,21.1614689,28,0.48,0.228,255,0.1677,-0.1677,0.0484,-0.1067,3.038,5.034,-6.11,-0.36,342.82,0.04,0.0,0.02,0.04,108415,999,3,0.4,0.09,0.03,-0.01,48,88,16,0,3.18,0.08,0.003,0.0162,31.95,36.0,20.29
272.599,after,107.5,52.1376187,21.1614684,87.31,52.1376182,21.1614687,28,0.48,0.158,255,0.0,-0.3353,0.053,-0.2737,3.008,5.04,-5.73,-1.59,343.54,0.02,0.0,0.05,0.03,108415,999,3,0.4,0.1,-0.03,0.0,48,-96,66,0,3.18,0.09,0.0022,0.0152,35.02,34.29,23.24
272.699,after,107.6,52.1376186,21.1614683,87.32,52.1376182,21.1614687,28,0.48,0.158,255,-0.1677,0.0,-0.0911,0.0666,2.998,5.045,-6.56,-2.01,344.15,0.02,0.0,0.04,0.01,108415,999,3,0.4,0.1,-0.03,0.0,48,121,54,0,3.19,0.11,0.0021,0.0166,35.74,29.86,21.86
272.799,after,107.7,52.1376185,21.1614682,87.33,52.1376179,21.1614684,28,0.48,0.173,255,0.1677,0.1677,0.0362,0.169,2.996,5.053,-6.28,-0.98,344.21,0.02,0.0,0.06,0.05,108415,999,3,0.4,0.09,0.02,0.01,48,-62,-11,0,3.19,0.12,0.0026,0.0192,35.93,33.42,22.13
272.899,after,107.8,52.1376185,21.1614682,87.34,52.1376179,21.1614684,28,0.48,0.173,255,0.0,0.0,-0.0502,0.0263,2.994,5.064,-6.45,-0.6,344.14,0.02,0.0,0.08,0.02,108415,999,3,0.4,0.09,0.02,0.01,48,159,-47,0,3.21,0.15,0.004,0.0273,40.72,37.52,22.38
272.999,after,107.9,52.1376185,21.1614681,87.35,52.1376177,21.1614682,28,0.48,0.067,255,-0.1677,0.0,-0.0555,0.0767,2.992,5.076,-6.8,-0.32,344.29,0.02,0.0,0.05,0.04,108415,999,3,0.4,0.12,0.0,0.0,48,56,-17,0,3.21,0.15,0.0025,0.0215,33.4,46.35,18.63
273.099,after,108.0,52.1376185,21.1614681,87.37,52.1376177,21.1614682,28,0.48,0.067,255,0.0,0.1677,-0.0146,0.0971,2.996,5.092,-6.94,0.27,344.29,0.02,0.0,0.11,0.03,108415,999,3,0.4,0.12,0.0,0.0,48,34,-104,0,3.23,0.18,0.0051,0.0349,39.64,43.71,21.14
273.199,after,108.1,52.1376185,21.1614682,87.38,52.1376177,21.1614682,28,0.48,0.027,255,0.0,0.0,-0.0062,-0.0968,3.0,5.105,-7.23,0.08,344.27,0.04,0.0,0.08,0.04,108415,999,3,0.4,0.13,0.0,-0.03,48,-84,71,0,3.24,0.19,0.0033,0.0302,37.88,39.63,23.71
273.299,after,108.2,52.1376185,21.1614683,87.39,52.1376177,21.1614682,28,0.48,0.027,255,0.0,-0.1677,-0.0511,-0.0811,2.97,5.115,-7.34,-0.45,344.2,0.04,0.0,0.02,0.05,108415,999,3,0.4,0.13,0.0,-0.03,48,10,-83,0,3.24,0.18,0.0024,0.0204,34.97,42.96,19.92
273.399,after,108.301,52.1376185,21.1614683,87.39,52.1376177,21.1614684,28,0.48,0.078,255,-0.1677,0.0,-0.0742,0.0469,2.968,5.118,-7.57,-0.57,343.98,0.04,0.0,0.02,0.05,108415,999,3,0.4,0.12,0.0,-0.01,48,39,59,0,3.21,0.17,0.0039,0.0068,38.94,37.15,22.44
273.499,after,108.4,52.1376185,21.1614683,87.39,52.1376177,21.1614684,28,0.48,0.078,255,0.0,0.0,0.0332,0.0407,2.966,5.115,-7.63,-0.19,343.7,0.04,0.0,0.04,0.04,108415,999,3,0.4,0.12,0.0,-0.01,48,76,-100,0,3.19,0.17,0.0052,0.0206,41.87,33.08,26.32
273.599,after,108.5,52.1376185,21.1614683,87.38,52.1376178,21.1614685,28,0.48,0.051,255,0.0,0.0,-0.0428,-0.026,2.958,5.11,-7.61,-0.15,343.54,0.0,0.0,0.04,0.06,108415,999,3,0.4,0.1,0.0,0.0,48,145,-42,0,3.17,0.15,0.0059,0.029,38.06,39.03,24.89
273.7,after,108.601,52.1376185,21.1614684,87.38,52.1376178,21.1614685,28,0.48,0.051,255,0.0,0.0,-0.0327,-0.0427,2.96,5.106,-7.96,-0.45,343.63,0.0,0.0,0.02,0.04,108415,999,3,0.4,0.1,0.0,0.0,48,82,64,0,3.17,0.15,0.0035,0.0201,41.55,38.88,27.32
273.799,after,108.7,52.1376185,21.1614684,87.38,52.1376178,21.1614686,28,0.48,0.009,255,0.0,-0.1676,0.0952,-0.0632,2.956,5.105,-7.8,-0.8,343.82,0.01,0.0,0.0,0.05,108415,999,3,0.4,0.09,0.0,0.03,48,20,-88,0,3.17,0.16,0.0033,0.0155,38.2,41.53,24.48
273.899,after,108.8,52.1376185,21.1614684,87.38,52.1376178,21.1614686,28,0.48,0.009,255,0.1677,-0.1677,0.0214,-0.0092,2.948,5.102,-7.24,-0.99,343.78,0.01,0.0,0.07,0.05,108415,999,3,0.4,0.09,0.0,0.03,48,-164,44,0,3.15,0.13,0.0052,0.0318,37.46,39.14,22.48
273.999,after,108.901,52.1376185,21.1614683,87.37,52.1376179,21.1614686,28,0.48,0.027,255,0.0,0.0,-0.0536,0.036,2.95,5.097,-7.52,-0.73,343.81,0.0,0.0,0.01,0.04,108415,999,3,0.4,0.08,0.01,0.01,48,70,-58,0,3.14,0.12,0.0052,0.0297,37.1,35.74,24.44
274.099,after,109.0,52.1376185,21.1614683,87.37,52.1376179,21.1614686,28,0.48,0.027,255,0.0,0.0,0.0221,-0.0106,2.958,5.097,-7.56,-0.65,344.01,0.0,0.0,0.01,0.04,108415,999,3,0.4,0.08,0.01,0.01,48,-7,-42,0,3.15,0.14,0.0032,0.0185,35.4,41.59,22.78
274.199,after,109.1,52.1376185,21.1614682,87.37,52.137618,21.1614685,28,0.48,0.086,255,0.3353,-0.1677,0.0498,-0.0555,2.954,5.098,-7.32,-0.82,344.28,0.01,0.0,0.0,0.06,108415,999,3,0.4,0.07,-0.01,0.04,48,-58,12,0,3.15,0.14,0.0053,0.0175,31.96,37.76,21.48
274.299,after,109.2,52.1376185,21.1614681,87.37,52.137618,21.1614685,28,0.48,0.086,255,0.0,0.0,0.1077,0.0247,2.958,5.1,-6.76,-0.82,344.42,0.01,0.0,0.0,0.04,108415,999,3,0.4,0.07,-0.01,0.04,48,-122,-21,0,3.15,0.14,0.0038,0.017,32.28,35.9,20.11
274.399,after,109.3,52.1376186,21.1614678,87.37,52.137618,21.1614681,28,0.48,0.13,255,0.0,0.1677,0.0317,0.0864,2.974,5.1,-6.42,-0.49,344.39,0.02,0.0,0.03,0.04,108415,999,3,0.4,0.07,0.04,0.02,48,-139,-48,0,3.14,0.12,0.0059,0.024,30.62,35.58,19.47
274.499,after,109.4,52.1376186,21.1614676,87.37,52.137618,21.1614681,28,0.48,0.13,255,0.0,0.3354,0.0107,0.0683,2.994,5.1,-6.26,0.04,344.42,0.02,0.0,0.01,0.02,108415,999,3,0.4,0.07,0.04,0.02,48,97,41,0,3.14,0.1,0.0044,0.0211,31.76,30.99,21.67
274.599,after,109.5,52.1376186,21.1614674,87.37,52.1376181,21.1614676,28,0.48,0.178,255,0.1677,0.0,0.1119,0.0576,3.01,5.099,-5.94,0.3,344.44,0.01,0.0,0.02,0.02,108415,999,3,0.4,0.08,-0.02,0.03,48,-65,-68,0,3.14,0.09,0.0053,0.021,32.87,33.94,20.19
274.7,after,109.601,52.1376187,21.1614671,87.37,52.1376181,21.1614676,28,0.48,0.178,255,0.0,0.0,0.0491,0.011,3.002,5.096,-5.55,0.64,344.46,0.01,0.0,0.04,0.02,108415,999,3,0.4,0.08,-0.02,0.03,48,37,52,0,3.13,0.05,0.0048,0.0276,29.71,33.02,20.06
274.799,after,109.7,52.1376187,21.1614668,87.37,52.1376182,21.1614671,28,0.48,0.163,255,0.3353,-0.1677,0.0824,-0.0536,3.002,5.091,-5.16,0.3,344.55,0.02,0.01,0.04,0.01,108415,999,3,0.4,0.09,0.0,-0.03,48,-130,18,0,3.12,0.05,0.0032,0.0266,31.46,33.81,18.41
274.899,after,109.8,52.1376188,21.1614666,87.36,52.1376182,21.1614671,28,0.48,0.163,255,0.0,0.0,0.0774,0.0119,2.992,5.08,-4.81,0.26,344.54,0.02,0.01,0.1,0.03,108415,999,3,0.4,0.09,0.0,-0.03,48,48,-9,0,3.1,0.02,0.0066,0.044,28.36,31.81,18.12
274.999,after,109.9,52.1376188,21.1614664,87.34,52.1376183,21.1614666,28,0.48,0.193,255,0.1677,0.1677,0.0921,0.1181,2.976,5.065,-4.22,0.78,344.35,0.03,0.01,0.06,0.01,108415,999,3,0.4,0.07,-0.02,0.04,48,-147,-132,0,3.07,0.0,0.0099,0.0514,30.09,32.86,19.49
275.099,after,110.0,52.1376189,21.1614662,87.33,52.1376183,21.1614666,28,0.48,0.193,255,0.0,0.0,0.0529,-0.0345,2.974,5.054,-4.27,0.86,344.18,0.03,0.01,0.01,0.03,108415,999,3,0.4,0.07,-0.02,0.04,48,51,-69,0,3.08,0.02,0.0059,0.032,36.12,33.19,21.36
275.199,after,110.1,52.137619,21.161466,87.33,52.1376184,21.1614661,28,0.48,0.125,255,0.0,0.0,-0.1089,0.017,2.978,5.051,-4.31,0.81,344.12,0.0,0.0,0.05,0.03,108415,999,3,0.4,0.07,0.0,-0.01,48,-56,0,0,3.1,0.04,0.002,0.0097,34.25,36.79,22.4
275.299,after,110.2,52.137619,21.161466,87.33,52.1376184,21.1614661,28,0.48,0.125,255,-0.1677,0.1677,-0.0235,0.0248,2.984,5.056,-4.93,0.91,344.1,0.0,0.0,0.05,0.01,108415,999,3,0.4,0.07,0.0,-0.01,48,108,122,0,3.12,0.06,0.0019,0.0082,33.68,34.27,22.85
275.399,after,110.3,52.1376191,21.1614659,87.34,52.1376186,21.1614659,28,0.48,0.057,255,0.0,0.1677,0.0264,-0.0154,2.982,5.063,-4.72,0.93,344.02,0.01,0.01,0.03,0.02,108415,999,3,0.4,0.1,0.01,-0.01,48,12,-52,0,3.13,0.06,0.0025,0.0142,32.81,37.53,22.51
275.499,after,110.401,52.1376192,21.1614659,87.35,52.1376186,21.1614659,28,0.48,0.057,255,0.0,0.0,-0.0988,0.002,2.996,5.071,-5.15,0.85,343.84,0.01,0.01,0.01,0.01,108415,999,3,0.4,0.1,0.01,-0.01,48,46,15,0,3.14,0.07,0.0025,0.0114,34.01,33.29,23.47
275.599,after,110.5,52.1376193,21.1614659,87.35,52.1376187,21.1614659,28,0.48,0.092,255,0.0,0.1677,-0.007,0.0624,3.002,5.079,-5.45,1.15,343.75,0.03,0.01,0.0,0.01,108415,999,3,0.4,0.11,0.02,-0.03,48,114,-27,0,3.15,0.08,0.0058,0.0157,32.33,35.51,23.23
275.7,after,110.601,52.1376193,21.161466,87.36,52.1376187,21.1614659,28,0.48,0.092,255,-0.1676,0.1676,-0.1027,0.0189,3.01,5.088,-5.85,1.28,343.75,0.03,0.01,0.02,0.02,108415,999,3,0.4,0.11,0.02,-0.03,48,57,126,0,3.15,0.08,0.0051,0.0165,34.31,33.38,23.0
275.799,after,110.7,52.1376194,21.161466,87.37,52.1376188,21.1614659,28,0.48,0.048,255,0.0,0.0,0.043,0.0494,3.012,5.095,-5.74,1.47,343.55,0.04,0.01,0.0,0.01,108415,999,3,0.4,0.08,0.02,0.09,48,24,-43,0,3.15,0.08,0.0057,0.0089,34.45,35.68,21.63
275.899,after,110.8,52.1376194,21.161466,87.37,52.1376188,21.1614659,28,0.48,0.048,255,0.0,0.1676,-0.0965,-0.0093,3.016,5.097,-6.12,1.58,343.33,0.04,0.01,0.02,0.0,108415,999,3,0.4,0.08,0.02,0.09,48,69,-54,0,3.14,0.08,0.0037,0.0059,31.21,37.64,19.17
275.999,after,110.9,52.1376195,21.1614661,87.37,52.1376189,21.161466,28,0.48,0.107,255,0.0,0.0,0.0127,0.0116,3.026,5.098,-6.26,1.48,343.16,0.03,0.0,0.01,0.01,108415,999,3,0.4,0.08,-0.07,-0.01,48,-107,31,0,3.14,0.07,0.005,0.0067,33.08,31.31,21.17
276.099,after,111.0,52.1376195,21.1614661,87.37,52.1376189,21.161466,28,0.48,0.107,255,0.0,0.0,0.0364,-0.0356,3.03,5.098,-6.03,1.36,343.13,0.03,0.0,0.02,0.01,108415,999,3,0.4,0.08,-0.07,-0.01,48,-10,8,0,3.14,0.06,0.0033,0.0092,30.33,36.23,21.67
276.199,after,111.1,52.1376195,21.1614661,87.37,52.137619,21.1614662,28,0.48,0.054,255,0.0,-0.1677,-0.0432,-0.0495,3.026,5.098,-6.0,1.19,343.08,0.01,0.0,0.02,0.0,108415,999,3,0.4,0.08,-0.02,0.03,48,165,17,0,3.14,0.06,0.0047,0.0066,30.63,33.01,20.37
276.299,after,111.2,52.1376195,21.1614662,87.38,52.137619,21.1614662,28,0.48,0.054,255,0.0,0.0,0.0344,0.0158,3.032,5.101,-5.85,1.03,342.89,0.01,0.0,0.01,0.01,108415,999,3,0.4,0.08,-0.02,0.03,48,-37,37,0,3.15,0.06,0.0027,0.0061,32.01,32.64,19.01
276.399,after,111.3,52.1376194,21.1614661,87.38,52.1376189,21.1614662,28,0.48,0.079,255,0.0,0.0,0.0257,0.0229,3.03,5.107,-5.81,1.36,342.71,0.02,0.0,0.03,0.01,108415,999,3,0.4,0.07,0.05,0.01,48,16,-78,0,3.16,0.06,0.0038,0.0124,31.91,34.85,19.93
276.499,after,111.4,52.1376195,21.1614661,87.39,52.1376189,21.1614662,28,0.48,0.079,255,0.0,-0.3353,0.1068,-0.1139,3.03,5.115,-5.24,1.03,342.6,0.02,0.0,0.02,0.0,108415,999,3,0.4,0.07,0.05,0.01,48,-102,37,0,3.17,0.07,0.0035,0.0155,35.5,33.81,20.49
276.599,after,111.5,52.1376194,21.1614661,87.4,52.1376188,21.1614663,28,0.48,0.091,255,0.1677,-0.1677,-0.0084,-0.039,3.042,5.127,-4.96,0.47,342.65,0.02,0.0,0.07,0.01,108415,999,3,0.4,0.07,0.0,-0.06,48,57,10,0,3.19,0.1,0.0068,0.0275,33.87,31.71,19.26
276.699,after,111.601,52.1376192,21.1614661,87.41,52.1376188,21.1614663,28,0.48,0.091,255,0.0,-0.1676,0.0947,-0.08,3.052,5.139,-4.71,0.09,342.82,0.02,0.0,0.01,0.02,108415,999,3,0.4,0.07,0.0,-0.06,48,179,-89,0,3.2,0.08,0.0054,0.0212,31.67,34.06,17.45
276.799,after,111.7,52.1376191,21.1614662,87.42,52.1376186,21.1614665,28,0.48,0.184,255,0.0,-0.1677,-0.0376,-0.1548,3.044,5.148,-4.41,-0.65,342.97,0.03,0.0,0.03,0.02,108415,999,3,0.4,0.08,0.04,-0.07,48,65,-3,0,3.21,0.09,0.01,0.0252,31.24,31.05,17.81
276.899,after,111.8,52.137619,21.1614663,87.43,52.1376186,21.1614665,28,0.48,0.184,255,0.0,-0.1677,-0.1282,-0.0094,3.044,5.155,-5.01,-0.99,343.1,0.03,0.0,0.02,0.03,108415,999,3,0.4,0.08,0.04,-0.07,48,98,-21,0,3.21,0.09,0.0076,0.0214,28.07,35.55,15.96
276.999,after,111.9,52.1376189,21.1614664,87.43,52.1376184,21.1614666,28,0.48,0.082,255,0.0,0.0,0.1761,0.0668,3.042,5.159,-4.85,-0.43,343.39,0.01,0.0,0.01,0.03,108415,999,3,0.4,0.08,-0.03,0.0,48,-129,-67,0,3.21,0.09,0.0045,0.0141,33.15,33.82,18.6
277.099,after,112.0,52.1376188,21.1614665,87.44,52.1376184,21.1614666,28,0.48,0.082,255,0.0,0.0,0.0085,0.0063,3.032,5.16,-4.46,-0.3,343.86,0.01,0.0,0.01,0.01,108415,999,3,0.4,0.08,-0.03,0.0,48,73,42,0,3.21,0.09,0.0033,0.0101,34.91,36.42,19.4
277.199,after,112.1,52.1376187,21.1614666,87.44,52.1376181,21.1614666,28,0.48,0.192,255,0.0,0.0,-0.0863,-0.1238,3.02,5.16,-4.83,-0.79,344.49,0.01,0.0,0.02,0.03,108415,999,3,0.4,0.09,0.02,0.0,48,-104,-12,0,3.21,0.09,0.003,0.0098,30.71,42.9,17.98
277.299,after,112.2,52.1376185,21.1614667,87.44,52.1376181,21.1614666,28,0.48,0.192,255,0.0,-0.1677,-0.0009,-0.1886,3.008,5.161,-4.92,-1.83,344.9,0.01,0.0,0.01,0.02,108415,999,3,0.4,0.09,0.02,0.0,48,-159,87,0,3.2,0.11,0.0025,0.009,29.91,42.82,16.63
277.399,after,112.3,52.1376184,21.1614668,87.44,52.1376178,21.1614667,28,0.48,0.148,255,0.0,0.0,-0.0573,0.0391,3.008,5.165,-4.82,-1.99,345.23,0.01,0.0,0.05,0.01,108415,999,3,0.4,0.08,0.02,-0.02,48,-25,62,0,3.21,0.13,0.0045,0.0161,31.32,38.17,17.56
277.499,after,112.4,52.1376183,21.1614669,87.45,52.1376178,21.1614667,28,0.48,0.148,255,-0.1677,0.0,-0.05,-0.064,2.998,5.172,-5.3,-2.02,345.63,0.01,0.0,0.04,0.02,108415,999,3,0.4,0.08,0.02,-0.02,48,76,-7,0,3.22,0.14,0.0042,0.0188,34.6,37.03,18.96
277.599,after,112.501,52.1376182,21.161467,87.45,52.1376176,21.1614669,28,0.48,0.171,255,0.0,0.0,0.0256,-0.0053,3.0,5.178,-5.4,-2.12,346.01,0.04,0.0,0.02,0.03,108415,999,3,0.4,0.1,0.0,-0.04,48,34,103,0,3.21,0.15,0.0052,0.0106,31.35,41.42,18.6
277.699,after,112.601,52.1376182,21.161467,87.46,52.1376176,21.1614669,28,0.48,0.171,255,0.0,-0.1677,0.0712,-0.0486,2.995,5.184,-5.08,-2.33,346.48,0.04,0.0,0.02,0.03,108415,999,3,0.4,0.1,0.0,-0.04,48,-23,43,0,3.21,0.14,0.0036,0.0097,31.91,33.42,18.65
277.799,after,112.7,52.1376182,21.1614671,87.47,52.1376175,21.161467,28,0.48,0.008,255,0.1676,0.0,-0.0114,-0.0066,2.998,5.191,-4.89,-2.41,346.72,0.01,0.0,0.02,0.05,108415,999,3,0.4,0.08,-0.03,0.0,48,-40,-137,0,3.22,0.14,0.0031,0.0115,30.66,27.04,18.06
277.899,after,112.8,52.1376182,21.161467,87.47,52.1376175,21.161467,28,0.48,0.008,255,-0.1676,0.1676,-0.0761,0.12,3.0,5.198,-5.2,-2.03,346.77,0.01,0.0,0.02,0.04,108415,999,3,0.4,0.08,-0.03,0.0,48,27,-35,0,3.23,0.14,0.0025,0.011,29.7,31.24,18.16
277.999,after,112.9,52.1376183,21.1614669,87.48,52.1376175,21.1614669,28,0.48,0.09,255,0.0,0.1677,0.0258,0.1741,2.988,5.208,-5.12,-1.04,346.49,0.04,0.0,0.03,0.03,108415,999,3,0.4,0.1,-0.01,0.07,48,12,-35,0,3.24,0.17,0.0079,0.0206,31.46,35.82,17.8
278.099,after,113.0,52.1376184,21.1614668,87.49,52.1376175,21.1614669,28,0.48,0.09,255,0.1677,0.1677,0.0302,0.1108,2.99,5.215,-5.1,-0.22,346.21,0.04,0.0,0.02,0.04,108415,999,3,0.4,0.1,-0.01,0.07,48,-12,143,0,3.23,0.17,0.0044,0.0057,34.32,34.78,18.55
278.199,after,113.1,52.1376185,21.1614668,87.49,52.1376176,21.1614666,28,0.48,0.079,255,0.1677,0.0,0.0912,-0.0475,2.992,5.22,-4.67,-0.18,345.93,0.07,0.0,0.01,0.03,108415,999,3,0.4,0.12,0.01,-0.01,48,76,110,0,3.24,0.18,0.005,0.0084,30.57,33.21,18.53
278.299,after,113.2,52.1376185,21.1614667,87.5,52.1376176,21.1614666,28,0.48,0.079,255,0.0,0.0,0.0577,0.0761,2.988,5.223,-4.41,-0.16,345.64,0.07,0.0,0.01,0.02,108415,999,3,0.4,0.12,0.01,-0.01,48,-38,0,0,3.23,0.16,0.0021,0.0041,27.46,37.36,15.46
278.399,after,113.3,52.1376185,21.1614665,87.5,52.1376178,21.1614664,28,0.48,0.149,255,0.0,0.0,-0.0225,0.0865,2.984,5.22,-4.27,0.5,345.41,0.02,0.0,0.06,0.01,108415,999,3,0.4,0.08,-0.04,0.04,48,-41,-4,0,3.2,0.14,0.0065,0.0249,31.71,34.11,17.54
278.499,after,113.4,52.1376186,21.1614664,87.49,52.1376178,21.1614664,28,0.48,0.149,255,0.0,0.0,0.0333,-0.0319,2.99,5.212,-4.49,0.46,345.33,0.02,0.0,0.04,0.03,108415,999,3,0.4,0.08,-0.04,0.04,48,18,-16,0,3.19,0.13,0.0059,0.0313,31.08,34.66,18.14
278.599,after,113.5,52.1376186,21.1614664,87.48,52.137618,21.1614662,28,0.48,0.103,255,0.1677,0.0,0.1097,0.0257,2.984,5.204,-3.88,0.41,345.4,0.03,0.0,0.02,0.01,108415,999,3,0.4,0.09,-0.04,0.01,48,-77,15,0,3.18,0.12,0.0072,0.0272,34.4,33.89,20.13
278.699,after,113.6,52.1376187,21.1614663,87.48,52.137618,21.1614662,28,0.48,0.103,255,0.0,0.0,-0.012,-0.0561,2.986,5.201,-3.57,0.44,345.56,0.03,0.0,0.03,0.02,108415,999,3,0.4,0.09,-0.04,0.01,48,49,-60,0,3.19,0.13,0.0041,0.0139,33.07,34.3,20.8
278.799,after,113.7,52.1376187,21.1614662,87.47,52.137618,21.1614662,28,0.48,0.051,255,0.0,-0.1677,0.0068,-0.1087,2.978,5.199,-3.56,-0.09,345.8,0.03,0.0,0.02,0.02,108415,999,3,0.4,0.1,0.08,-0.03,48,13,85,0,3.17,0.11,0.0055,0.0212,33.0,37.37,18.93
278.899,after,113.8,52.1376187,21.1614662,87.47,52.137618,21.1614662,28,0.48,0.051,255,0.0,0.0,-0.0361,-0.0295,2.982,5.195,-3.51,-0.6,345.91,0.03,0.0,0.01,0.02,108415,999,3,0.4,0.1,0.08,-0.03,48,-33,-29,0,3.17,0.11,0.0049,0.0214,30.21,39.62,16.23
278.999,after,113.9,52.1376187,21.1614662,87.47,52.137618,21.1614662,28,0.48,0.008,255,0.0,0.0,-0.0573,-0.0269,2.978,5.193,-3.82,-0.71,345.83,0.02,0.0,0.01,0.04,108415,999,3,0.4,0.13,0.02,-0.01,48,56,13,0,3.17,0.11,0.0055,0.0169,28.21,40.69,15.42
279.099,after,114.0,52.1376186,21.1614662,87.47,52.137618,21.1614662,28,0.48,0.008,255,0.0,0.0,0.0181,-0.0003,2.984,5.194,-3.99,-0.75,345.85,0.02,0.0,0.02,0.03,108415,999,3,0.4,0.13,0.02,-0.01,48,76,30,0,3.17,0.12,0.0037,0.0091,30.48,44.19,16.64
279.199,after,114.1,52.1376186,21.1614663,87.47,52.1376179,21.1614662,28,0.48,0.093,255,0.0,0.0,-0.0119,0.0439,2.984,5.198,-3.86,-0.63,345.88,0.03,0.0,0.04,0.03,108415,999,3,0.4,0.07,0.0,-0.08,48,-42,-14,0,3.19,0.12,0.007,0.0089,34.65,38.91,18.6
279.299,after,114.2,52.1376186,21.1614663,87.48,52.1376179,21.1614662,28,0.48,0.093,255,0.0,0.0,-0.1028,0.0237,2.99,5.204,-4.14,-0.33,346.05,0.03,0.0,0.01,0.04,108415,999,3,0.4,0.07,0.0,-0.08,48,23,-60,0,3.19,0.13,0.0051,0.0084,34.71,33.04,18.32
279.399,after,114.3,52.1376186,21.1614664,87.48,52.1376179,21.1614664,28,0.48,0.049,255,0.0,-0.1677,0.0091,-0.0759,2.992,5.209,-4.36,-0.61,346.38,0.01,0.0,0.0,0.02,108415,999,3,0.4,0.11,0.03,0.0,48,-107,63,0,3.2,0.13,0.005,0.008,31.81,35.9,18.16
279.499,after,114.4,52.1376186,21.1614664,87.49,52.1376179,21.1614664,28,0.48,0.049,255,0.0,0.0,0.0162,-0.0645,2.988,5.213,-4.27,-0.84,346.63,0.01,0.0,0.0,0.03,108415,999,3,0.4,0.11,0.03,0.0,48,-4,-118,0,3.2,0.13,0.0035,0.0063,30.87,34.67,17.28
279.599,after,114.5,52.1376186,21.1614665,87.49,52.1376179,21.1614664,28,0.48,0.047,255,-0.1677,0.0,-0.0365,0.0046,2.99,5.212,-4.21,-1.15,346.75,0.05,0.0,0.0,0.04,108415,999,3,0.39,0.13,0.0,-0.04,48,-8,52,0,3.18,0.13,0.0069,0.0146,28.78,33.91,19.28
279.699,after,114.601,52.1376187,21.1614666,87.48,52.1376179,21.1614664,28,0.48,0.047,255,-0.1677,0.0,-0.0612,-0.002,2.984,5.206,-4.8,-1.11,346.73,0.05,0.0,0.04,0.03,108415,999,3,0.39,0.13,0.0,-0.04,48,101,-30,0,3.17,0.1,0.0064,0.0222,27.83,33.58,20.42
279.799,after,114.7,52.1376187,21.1614667,87.47,52.1376179,21.1614665,28,0.48,0.072,255,0.0,0.0,-0.0814,0.0659,2.976,5.193,-5.11,-1.08,347.01,0.02,0.0,0.09,0.01,108415,999,3,0.39,0.1,-0.01,0.04,48,45,20,0,3.13,0.07,0.0092,0.0424,30.84,28.82,20.19
279.899,after,114.8,52.1376188,21.1614667,87.45,52.1376179,21.1614665,28,0.48,0.072,255,-0.1677,0.0,0.0239,0.0338,2.974,5.173,-5.31,-0.59,347.25,0.02,0.0,0.07,0.02,108415,999,3,0.39,0.1,-0.01,0.04,48,107,-132,0,3.11,0.06,0.0096,0.0493,29.76,28.72,19.88
279.999,after,114.9,52.137619,21.1614667,87.43,52.137618,21.1614666,28,0.48,0.107,255,0.1677,0.3353,0.1277,0.1431,2.994,5.15,-4.76,-0.02,347.04,0.0,0.0,0.1,0.03,108415,999,3,0.39,0.08,0.0,-0.01,48,-66,62,0,3.07,0.03,0.0107,0.0588,26.92,38.67,18.57
280.099,after,115.0,52.1376191,21.1614667,87.41,52.137618,21.1614666,28,0.48,0.107,255,0.0,0.1677,-0.0566,0.1063,3.006,5.13,-4.68,0.55,346.43,0.0,0.0,0.02,0.01,108415,999,3,0.39,0.08,0.0,-0.01,48,112,12,0,3.06,0.0,0.0079,0.0447,26.04,39.14,18.21
280.199,after,115.1,52.1376192,21.1614667,87.39,52.1376183,21.1614667,28,0.48,0.147,255,-0.1677,0.1677,0.0072,0.172,3.022,5.112,-4.86,1.24,345.76,0.01,0.0,0.06,0.02,108415,999,3,0.39,0.08,0.0,0.02,48,67,17,0,3.04,-0.02,0.009,0.0471,25.19,39.14,17.25
280.299,after,115.2,52.1376193,21.1614666,87.37,52.1376183,21.1614667,28,0.48,0.147,255,0.0,0.0,0.0221,-0.0194,3.022,5.096,-4.72,1.62,345.1,0.01,0.0,0.06,0.0,108415,999,3,0.39,0.08,0.0,0.02,48,-39,10,0,3.03,-0.06,0.0083,0.0461,29.16,32.5,18.44
280.399,after,115.3,52.1376194,21.1614666,87.36,52.1376185,21.1614667,28,0.48,0.176,255,0.1677,0.0,0.0875,0.0552,3.022,5.083,-4.35,1.36,344.47,0.02,0.0,0.01,0.03,108415,999,3,0.39,0.09,-0.04,0.0,48,-63,33,0,3.03,-0.05,0.0051,0.0292,29.2,32.23,17.91
280.499,after,115.4,52.1376195,21.1614665,87.35,52.1376185,21.1614667,28,0.48,0.176,255,0.0,0.0,-0.005,0.1097,3.012,5.074,-4.18,1.98,343.84,0.02,0.0,0.04,0.03,108415,999,3,0.39,0.09,-0.04,0.0,48,-42,3,0,3.02,-0.06,0.0044,0.0273,28.33,32.53,18.44
280.599,after,115.5,52.1376196,21.1614665,87.34,52.1376188,21.1614665,28,0.48,0.117,255,0.1677,0.0,0.007,-0.0763,3.006,5.064,-3.86,1.76,343.38,0.01,0.0,0.05,0.02,108415,999,3,0.39,0.08,-0.03,0.0,48,-84,36,0,3.01,-0.07,0.0068,0.03,28.36,32.54,17.56
280.699,after,115.6,52.1376196,21.1614665,87.33,52.1376188,21.1614665,28,0.48,0.117,255,0.0,-0.1677,0.0264,-0.0764,3.024,5.054,-3.95,1.21,343.15,0.01,0.0,0.01,0.05,108415,999,3,0.39,0.08,-0.03,0.0,48,19,53,0,3.01,-0.06,0.0043,0.0197,28.54,32.26,16.82
280.799,after,115.7,52.1376197,21.1614665,87.32,52.1376189,21.1614664,28,0.48,0.044,255,0.0,0.0,0.017,-0.0188,3.032,5.046,-3.81,1.25,342.86,0.02,0.0,0.06,0.04,108415,999,3,0.39,0.13,0.01,0.0,48,-10,-165,0,3.01,-0.08,0.0027,0.0207,27.08,32.27,17.94
280.899,after,115.8,52.1376197,21.1614665,87.31,52.1376189,21.1614664,28,0.48,0.044,255,0.0,0.0,0.0028,0.0096,3.032,5.037,-3.74,1.21,342.9,0.02,0.0,0.06,0.04,108415,999,3,0.39,0.13,0.01,0.0,48,-148,12,0,3.0,-0.1,0.0036,0.0243,27.66,35.21,18.46
280.999,after,115.9,52.1376197,21.1614665,87.3,52.137619,21.1614664,28,0.48,0.055,255,0.0,0.0,-0.0627,-0.0885,3.06,5.026,-4.46,1.15,343.12,0.01,0.0,0.05,0.04,108415,999,3,0.39,0.1,0.0,-0.03,48,171,-28,0,2.98,-0.12,0.0051,0.0273,32.78,36.58,20.13
281.099,after,116.0,52.1376197,21.1614667,87.29,52.137619,21.1614664,28,0.48,0.055,255,0.0,-0.1677,-0.0828,-0.0247,3.082,5.016,-4.61,0.99,343.41,0.01,0.0,0.0,0.03,108415,999,3,0.39,0.1,0.0,-0.03,48,-152,-127,0,2.99,-0.14,0.0028,0.0145,32.06,38.49,20.79
281.199,after,116.1,52.1376196,21.1614669,87.28,52.137619,21.1614666,28,0.48,0.142,255,-0.3354,0.0,-0.0616,-0.084,3.088,5.007,-5.12,0.79,343.85,0.02,0.0,0.04,0.03,108415,999,3,0.39,0.07,-0.04,-0.03,48,7,-106,0,2.98,-0.16,0.0058,0.017,36.8,35.53,22.22
281.299,after,116.2,52.1376196,21.1614672,87.27,52.137619,21.1614666,28,0.48,0.142,255,0.0,-0.1677,-0.1124,-0.1579,3.07,4.998,-5.47,-0.11,344.23,0.02,0.0,0.02,0.02,108415,999,3,0.39,0.07,-0.04,-0.03,48,-238,-147,0,2.99,-0.16,0.0033,0.0043,35.54,37.66,22.8
281.399,after,116.3,52.1376196,21.1614676,87.27,52.137619,21.1614672,28,0.48,0.255,255,-0.1676,-0.1676,-0.2425,-0.0925,3.08,4.993,-6.96,-0.53,344.41,0.01,0.0,0.01,0.02,108415,999,3,0.39,0.07,0.0,-0.03,48,-156,-87,0,3.0,-0.15,0.0047,0.0128,34.1,32.96,24.16
281.499,after,116.4,52.1376196,21.161468,87.26,52.137619,21.1614672,28,0.48,0.255,255,-0.1676,0.0,-0.1004,-0.0619,3.092,4.98,-7.69,-1.13,344.72,0.01,0.0,0.11,0.02,108415,999,3,0.39,0.07,0.0,-0.03,48,42,1,0,2.97,-0.17,0.0036,0.0155,33.75,30.7,24.35
281.599,after,116.5,52.1376196,21.1614683,87.23,52.1376189,21.1614679,28,0.48,0.232,255,0.0,0.1677,-0.0655,0.1361,3.106,4.957,-8.14,-0.63,345.1,0.04,0.0,0.17,0.04,108415,999,3,0.39,0.08,0.02,0.0,48,-21,-226,0,2.93,-0.22,0.0054,0.0398,36.39,45.35,23.92
281.699,after,116.6,52.1376196,21.1614685,87.2,52.1376189,21.1614679,28,0.48,0.232,255,0.0,0.0,0.097,0.1273,3.094,4.924,-8.11,-0.12,345.33,0.04,0.0,0.17,0.06,108415,999,3,0.39,0.08,0.02,0.0,48,-35,-87,0,2.88,-0.28,0.0102,0.065,34.84,37.86,25.7
281.799,after,116.701,52.1376196,21.1614686,87.16,52.1376189,21.1614683,28,0.48,0.133,255,0.0,0.1676,0.0239,0.1595,3.092,4.886,-7.89,0.82,345.34,0.01,0.0,0.15,0.04,108415,999,3,0.39,0.08,0.02,0.02,48,-39,-161,0,2.83,-0.32,0.0128,0.0745,30.47,37.7,22.41
281.899,after,116.8,52.1376196,21.1614687,87.13,52.1376189,21.1614683,28,0.48,0.133,255,0.0,0.0,0.162,-0.0238,3.098,4.851,-7.33,1.16,345.21,0.01,0.0,0.07,0.06,108415,999,3,0.39,0.08,0.02,0.02,48,-11,-140,0,2.81,-0.32,0.0104,0.0615,34.1,36.29,22.17
281.999,after,116.9,52.1376196,21.1614686,87.1,52.137619,21.1614686,28,0.48,0.076,255,0.0,-0.1677,0.1612,-0.064,3.108,4.828,-6.39,0.76,345.12,0.03,0.0,0.04,0.05,108415,999,3,0.39,0.11,-0.05,0.0,48,9,43,0,2.83,-0.32,0.0043,0.0191,29.64,40.53,18.37
282.099,after,117.0,52.1376196,21.1614686,87.1,52.137619,21.1614686,28,0.48,0.076,255,0.0,0.0,-0.1604,-0.0604,3.11,4.822,-6.48,0.51,344.97,0.03,0.0,0.04,0.04,108415,999,3,0.39,0.11,-0.05,0.0,48,55,38,0,2.85,-0.32,0.0035,0.0076,32.32,39.0,18.03
282.199,after,117.1,52.1376196,21.1614685,87.1,52.137619,21.1614686,28,0.48,0.028,255,0.0,0.0,0.1457,0.0668,3.13,4.822,-6.38,0.42,344.68,0.02,0.0,0.01,0.03,108415,999,3,0.39,0.14,0.02,-0.03,48,-103,56,0,2.86,-0.31,0.0052,0.0199,28.73,42.66,16.05
282.299,after,117.2,52.1376196,21.1614685,87.1,52.137619,21.1614686,28,0.48,0.028,255,0.0,0.0,-0.0017,-0.0017,3.134,4.827,-5.9,0.77,344.25,0.02,0.0,0.06,0.02,108415,999,3,0.39,0.14,0.02,-0.03,48,44,-100,0,2.9,-0.29,0.0077,0.0389,31.01,36.4,18.26
282.399,after,117.3,52.1376196,21.1614685,87.11,52.137619,21.1614687,28,0.48,0.061,255,0.0,-0.1677,-0.0102,-0.0508,3.138,4.836,-6.15,0.43,343.91,0.02,0.0,0.03,0.02,108415,999,3,0.39,0.12,-0.03,-0.04,48,-114,68,0,2.92,-0.28,0.0101,0.047,32.48,39.3,17.72
282.499,after,117.4,52.1376196,21.1614686,87.12,52.137619,21.1614687,28,0.48,0.061,255,0.0,0.0,-0.0635,0.0194,3.154,4.844,-6.38,0.37,343.77,0.02,0.0,0.01,0.0,108415,999,3,0.39,0.12,-0.03,-0.04,48,49,9,0,2.93,-0.28,0.0081,0.042,35.0,35.22,21.8
282.599,after,117.5,52.1376196,21.1614686,87.13,52.137619,21.1614688,29,0.47,0.073,255,-0.1677,-0.1677,-0.0521,-0.0609,3.165,4.851,-6.78,0.22,343.77,0.01,0.0,0.03,0.01,108415,999,3,0.39,0.1,0.01,0.01,48,83,-112,0,2.94,-0.27,0.0088,0.0469,34.43,39.41,21.49
282.699,after,117.6,52.1376196,21.1614687,87.13,52.137619,21.1614688,29,0.47,0.073,255,0.0,-0.1677,-0.0375,-0.1131,3.172,4.858,-6.88,-0.32,343.77,0.01,0.0,0.05,0.02,108415,999,3,0.39,0.1,0.01,0.01,48,-107,90,0,2.97,-0.26,0.0092,0.0517,33.42,38.97,19.58
282.799,after,117.7,52.1376196,21.1614688,87.14,52.1376189,21.1614689,29,0.47,0.04,255,0.0,0.0,-0.08,0.0096,3.176,4.868,-7.12,-0.54,343.52,0.06,0.0,0.06,0.02,108415,999,3,0.39,0.14,0.01,0.02,48,66,121,0,3.0,-0.23,0.0144,0.0686,34.71,32.49,21.2
282.899,after,117.8,52.1376196,21.1614689,87.15,52.1376189,21.1614689,29,0.47,0.04,255,0.0,0.0,0.027,0.1458,3.172,4.879,-7.1,-0.15,342.95,0.06,0.0,0.04,0.03,108415,999,3,0.39,0.14,0.01,0.02,48,46,0,0,3.01,-0.23,0.0122,0.0624,33.17,33.42,24.83
282.999,after,117.9,52.1376196,21.161469,87.16,52.1376189,21.161469,29,0.47,0.06,255,0.0,0.0,0.039,0.0321,3.168,4.888,-6.88,0.37,342.56,0.03,0.0,0.02,0.02,108415,999,3,0.39,0.11,0.04,0.06,48,-9,-133,0,3.01,-0.22,0.0129,0.0545,36.9,39.08,24.69
283.099,after,118.0,52.1376196,21.1614691,87.17,52.1376189,21.161469,29,0.47,0.06,255,0.0,0.0,0.2816,-0.0099,3.156,4.896,-6.19,0.09,342.61,0.03,0.0,0.07,0.01,108415,999,3,0.39,0.11,0.04,0.06,48,-11,25,0,3.03,-0.2,0.0116,0.0573,35.18,41.1,24.7
283.199,after,118.101,52.1376195,21.1614693,87.19,52.1376188,21.1614692,29,0.47,0.121,255,0.1677,-0.1677,0.1695,-0.0787,3.144,4.915,-4.96,0.0,343.04,0.02,0.0,0.09,0.02,108415,999,3,0.39,0.07,0.01,0.0,48,-90,-27,0,3.05,-0.16,0.0131,0.0674,36.25,38.02,23.93
283.3,after,118.201,52.1376195,21.1614695,87.21,52.1376188,21.1614692,29,0.47,0.121,255,0.0,-0.1677,0.0638,-0.1166,3.126,4.936,-4.26,-0.6,344.63,0.02,0.0,0.11,0.02,108415,999,3,0.39,0.07,0.01,0.0,48,196,-25,0,3.08,-0.13,0.0131,0.0718,38.92,38.62,24.14
283.399,after,118.301,52.1376195,21.1614698,87.23,52.1376188,21.1614696,29,0.47,0.153,255,-0.1677,0.0,0.0227,-0.0636,3.132,4.954,-4.17,-0.8,347.73,0.02,0.0,0.07,0.04,108415,999,3,0.39,0.07,-0.01,-0.05,48,57,-56,0,3.1,-0.1,0.0132,0.0696,43.66,41.67,26.62
283.5,after,118.401,52.1376195,21.1614702,87.24,52.1376188,21.1614696,29,0.47,0.153,255,0.1677,-0.1677,0.151,-0.1288,3.122,4.968,-3.65,-1.0,352.09,0.02,0.0,0.06,0.02,108415,999,3,0.39,0.07,-0.01,-0.05,48,-14,-55,0,3.11,-0.08,0.011,0.0609,52.64,55.57,34.58
283.599,after,118.501,52.1376195,21.1614707,87.25,52.1376188,21.1614701,29,0.47,0.191,255,-0.3353,0.1676,0.0436,-0.15,3.11,4.98,-3.12,-1.56,357.13,0.05,0.0,0.07,0.01,108415,999,3,0.39,0.11,0.02,0.04,48,0,170,0,3.11,-0.08,0.0064,0.0483,57.13,65.8,33.85
283.7,after,118.601,52.1376195,21.1614712,87.26,52.1376188,21.1614701,29,0.47,0.191,255,-0.1676,0.0,0.1142,-0.0145,3.096,4.987,-2.83,-1.71,2.75,0.05,0.0,0.07,0.02,108415,999,3,0.39,0.11,0.02,0.04,48,-106,57,0,3.12,-0.07,0.0064,0.0474,55.59,75.23,33.46
283.8,after,118.701,52.1376196,21.1614719,87.27,52.1376189,21.1614708,29,0.47,0.303,255,0.1677,0.0,0.2056,-0.0589,3.084,4.997,-1.97,-1.68,8.78,0.03,0.0,0.06,0.03,108415,999,3,0.39,0.07,-0.03,0.01,48,-204,-24,0,3.14,-0.03,0.0094,0.0522,61.94,81.54,35.3
283.9,after,118.801,52.1376199,21.1614727,87.29,52.1376189,21.1614708,29,0.47,0.303,255,0.0,0.0,0.0733,-0.0976,3.077,5.011,-1.76,-1.8,15.1,0.03,0.0,0.11,0.03,108415,999,3,0.39,0.07,-0.03,0.01,48,494,-15,0,3.16,-0.01,0.0094,0.0574,63.16,82.57,36.46
284.0,after,118.901,52.1376201,21.1614736,87.29,52.1376192,21.1614719,29,0.47,0.528,255,0.5028,0.0,0.1259,-0.0868,3.07,5.017,-1.24,-2.27,21.52,0.05,0.0,0.03,0.03,108415,999,3,0.39,0.07,0.09,0.04,48,102,0,0,3.14,-0.01,0.0101,0.035,62.42,85.63,35.81
284.099,after,119.001,52.1376204,21.1614747,87.28,52.1376192,21.1614719,29,0.47,0.528,255,-0.1677,0.0,-0.0154,-0.0584,3.052,5.004,-1.31,-2.41,28.2,0.05,0.0,0.13,0.03,108415,999,3,0.39,0.07,0.09,0.04,48,593,69,0,3.08,-0.06,0.0055,0.015,58.01,84.93,34.14
284.2,after,119.101,52.1376208,21.1614759,87.25,52.1376198,21.1614734,29,0.47,0.676,255,0.0,0.0,-0.007,-0.0403,3.048,4.975,-1.63,-2.59,35.23,0.05,0.0,0.16,0.01,108415,999,3,0.39,0.08,0.06,0.13,48,-616,-327,0,3.02,-0.11,0.0173,0.0541,58.49,86.36,33.14
284.299,after,119.201,52.1376212,21.1614771,87.21,52.1376198,21.1614734,29,0.47,0.676,255,-0.503,0.0,-0.0469,0.0836,3.032,4.938,-2.21,-2.15,43.15,0.05,0.0,0.13,0.03,108415,999,3,0.39,0.08,0.06,0.13,48,553,-314,0,2.97,-0.16,0.0155,0.071,59.44,81.29,31.93
284.4,after,119.301,52.1376217,21.1614785,87.18,52.1376206,21.1614754,29,0.47,0.975,255,-0.1677,0.503,0.1009,0.0644,3.006,4.9,-2.13,-1.28,51.39,0.05,0.0,0.1,0.02,108415,999,3,0.39,0.08,-0.04,0.13,48,-40,-281,0,2.93,-0.18,0.0203,0.0722,56.32,76.27,29.45
284.499,after,119.401,52.1376222,21.16148,87.15,52.1376206,21.1614754,29,0.47,0.975,255,0.1677,0.1677,0.1404,0.0318,2.978,4.87,-1.54,-0.83,59.69,0.05,0.0,0.04,0.02,108415,999,3,0.39,0.08,-0.04,0.13,48,-205,250,0,2.91,-0.19,0.0146,0.0613,53.62,62.45,28.13
284.6,after,119.501,52.1376229,21.1614817,87.12,52.1376219,21.161478,29,0.47,1.286,255,0.0,0.5031,0.0888,0.1636,3.0,4.849,-1.18,-0.18,67.76,0.04,0.0,0.01,0.01,108415,999,3,0.39,0.08,-0.09,-0.01,48,9,-18,0,2.89,-0.16,0.0149,0.0542,48.95,55.97,27.99
284.7,after,119.601,52.1376236,21.1614834,87.11,52.1376219,21.161478,29,0.47,1.286,255,0.1677,0.503,0.1621,0.1567,3.002,4.837,-0.28,1.21,74.8,0.04,0.0,0.03,0.01,108415,999,3,0.39,0.08,-0.09,-0.01,48,-43,-88,0,2.9,-0.15,0.009,0.0308,46.35,48.31,25.61
284.8,after,119.701,52.1376243,21.1614853,87.11,52.1376234,21.1614811,29,0.47,1.442,255,0.1676,0.3352,0.1185,0.1449,3.014,4.832,0.43,1.78,79.91,0.03,0.01,0.0,0.02,108415,999,3,0.39,0.08,-0.03,0.0,48,-26,-267,0,2.91,-0.17,0.008,0.019,41.18,39.48,25.89
284.9,after,119.801,52.1376251,21.1614873,87.11,52.1376234,21.1614811,29,0.47,1.442,255,0.6709,0.8387,0.2459,0.116,3.02,4.832,1.7,2.52,82.82,0.03,0.01,0.0,0.02,108415,999,3,0.39,0.08,-0.03,0.0,48,-84,-145,0,2.92,-0.17,0.0054,0.0148,38.17,38.05,23.29
285.0,after,119.901,52.1376259,21.1614893,87.11,52.137625,21.1614846,29,0.47,1.574,255,0.1676,0.5029,0.1479,0.1331,3.022,4.836,2.76,3.29,83.98,0.02,0.01,0.05,0.01,108415,999,3,0.39,0.09,0.0,0.06,48,-94,-127,0,2.94,-0.16,0.0054,0.01,35.78,42.04,24.04
285.099,after,120.001,52.1376266,21.1614914,87.12,52.137625,21.1614846,29,0.47,1.574,255,0.3353,0.3353,0.1281,0.1489,3.043,4.846,3.46,4.01,83.88,0.02,0.01,0.05,0.02,108415,999,3,0.39,0.09,0.0,0.06,48,-211,-107,0,2.96,-0.13,0.0036,0.0147,39.57,35.09,23.54
285.2,after,120.101,52.1376274,21.1614935,87.13,52.1376266,21.1614887,29,0.47,1.685,255,0.3353,0.3353,0.1771,0.1906,3.034,4.858,4.26,5.13,82.91,0.01,0.01,0.02,0.01,108415,999,3,0.4,0.09,-0.01,0.0,48,-6,0,0,2.98,-0.12,0.0052,0.0176,37.99,40.91,24.32
285.299,after,120.201,52.1376281,21.1614957,87.14,52.1376266,21.1614887,29,0.47,1.685,255,0.1677,0.3353,0.1443,0.1132,3.07,4.867,4.99,6.07,81.25,0.01,0.01,0.01,0.0,108415,999,3,0.4,0.09,-0.01,0.0,48,124,475,0,2.99,-0.11,0.0038,0.0153,35.95,36.1,21.79
285.399,after,120.301,52.1376287,21.1614978,87.15,52.1376279,21.1614929,29,0.47,1.604,255,0.1677,0.5031,0.0442,0.0934,3.078,4.877,5.26,6.7,79.09,0.04,0.01,0.0,0.01,108415,999,3,0.4,0.09,0.02,0.04,48,-106,-86,0,3.01,-0.11,0.0053,0.0183,34.27,32.72,23.7
285.5,after,120.401,52.1376293,21.1614999,87.16,52.1376279,21.1614929,29,0.47,1.604,255,0.1677,0.6707,0.0343,0.0542,3.076,4.886,5.21,7.38,76.95,0.04,0.01,0.01,0.01,108415,999,3,0.4,0.09,0.02,0.04,48,13,-139,0,3.02,-0.09,0.0034,0.0149,38.73,29.24,22.4
285.6,after,120.501,52.1376297,21.161502,87.17,52.137629,21.1614972,29,0.47,1.528,255,0.0,0.3353,-0.0886,-0.0455,3.086,4.894,4.9,7.52,74.83,0.03,0.0,0.02,0.01,108415,999,3,0.4,0.08,0.05,0.0,48,45,-192,0,3.04,-0.07,0.0075,0.0212,39.76,33.79,23.41
