t_log_s,phase,t_since_src2_s,ekf_lat,ekf_lon,ekf_alt,gps_lat,gps_lon,gps_nsats,gps_hdop,gps_spd,of_qual,of_flowX,of_flowY,of_bodyX,of_bodyY,rfnd_dist,ctun_alt,roll,pitch,yaw,xkf4_SV,xkf4_SP,xkf4_SH,xkf4_SM,xkf4_SS,rc7,mode,gpa_hacc,gpa_sacc,xkf3_IVN,xkf3_IVE,xkf4_TS,xkf5_FIX,xkf5_FIY,xkf5_AFI,xkf5_HAGL,xkf5_RI,xkf5_eVel,xkf5_ePos,vibe_x,vibe_y,vibe_z
578.027,before,-25.0,52.1376356,21.16048,87.28,52.1376374,21.1604823,28,0.51,0.723,255,0.0,0.5032,-0.1082,0.0693,3.162,4.5,1.25,-3.53,223.28,0.06,0.0,0.01,0.0,112511,999,3,0.29,0.08,-0.01,-0.06,48,12,6,0,3.17,-0.06,0.0039,0.0128,22.72,24.18,14.05
578.127,before,-24.9,52.1376351,21.1604793,87.28,52.1376363,21.1604808,28,0.51,0.78,255,0.0,0.1676,0.0319,-0.0291,3.16,4.499,1.14,-3.61,223.26,0.03,0.0,0.0,0.0,112511,999,3,0.29,0.09,-0.02,0.04,48,-134,-88,0,3.17,-0.07,0.0042,0.0076,21.6,23.75,15.13
578.227,before,-24.799,52.1376345,21.1604786,87.28,52.1376363,21.1604808,28,0.51,0.78,255,0.0,0.1677,-0.0456,0.0075,3.154,4.496,1.28,-3.89,223.11,0.03,0.0,0.01,0.0,112511,999,3,0.29,0.09,-0.02,0.04,48,-78,6,0,3.16,-0.07,0.0036,0.006,23.24,24.81,14.85
578.327,before,-24.7,52.137634,21.1604779,87.28,52.1376352,21.1604793,28,0.51,0.818,255,0.1677,0.1677,0.0993,-0.0025,3.164,4.491,1.48,-3.8,222.89,0.02,0.0,0.0,0.02,112511,999,3,0.29,0.09,0.05,-0.01,48,-190,-122,0,3.16,-0.07,0.0058,0.0093,21.42,22.95,13.4
578.427,before,-24.6,52.1376334,21.1604771,87.27,52.1376352,21.1604793,28,0.51,0.818,255,0.0,0.3353,-0.052,0.0611,3.178,4.486,1.47,-3.76,222.66,0.02,0.0,0.0,0.01,112511,999,3,0.29,0.09,0.05,-0.01,48,-1,-64,0,3.16,-0.07,0.0046,0.0073,21.62,24.27,13.64
578.527,before,-24.499,52.1376328,21.1604763,87.26,52.137634,21.1604778,28,0.51,0.794,255,0.0,0.503,-0.0784,0.0876,3.168,4.479,1.12,-3.17,222.46,0.0,0.01,0.03,0.0,112511,999,3,0.29,0.09,0.0,0.0,48,35,279,0,3.16,-0.09,0.0054,0.0107,20.03,22.85,13.58
578.627,before,-24.4,52.1376323,21.1604755,87.26,52.137634,21.1604778,28,0.51,0.794,255,0.0,0.3354,0.0188,0.0611,3.172,4.472,0.95,-2.71,222.27,0.0,0.01,0.02,0.0,112511,999,3,0.29,0.09,0.0,0.0,48,-164,-21,0,3.15,-0.11,0.0043,0.0095,20.13,22.69,13.38
578.727,before,-24.3,52.1376317,21.1604747,87.25,52.1376329,21.1604763,28,0.51,0.769,255,0.1677,0.1677,0.1113,0.0361,3.164,4.465,1.55,-2.64,222.44,0.04,0.0,0.01,0.01,112511,999,3,0.29,0.09,0.02,-0.1,48,15,-81,0,3.16,-0.1,0.0063,0.0082,20.36,23.84,14.02
578.827,before,-24.199,52.1376312,21.160474,87.24,52.1376329,21.1604763,28,0.51,0.769,255,0.0,0.1676,0.0891,-0.0908,3.176,4.458,2.07,-2.86,222.87,0.04,0.0,0.01,0.0,112511,999,3,0.29,0.09,0.02,-0.1,48,73,-54,0,3.15,-0.1,0.004,0.0055,24.1,24.09,14.6
578.927,before,-24.1,52.1376306,21.1604732,87.23,52.1376317,21.1604748,28,0.51,0.835,255,0.0,0.3353,-0.0033,0.032,3.17,4.449,2.32,-3.17,223.16,0.02,0.0,0.01,0.0,112511,999,3,0.29,0.09,0.05,0.0,48,52,24,0,3.15,-0.11,0.0071,0.0118,23.1,24.9,14.62
579.027,before,-24.0,52.1376301,21.1604724,87.22,52.1376317,21.1604748,28,0.51,0.835,255,-0.1677,0.1677,-0.1461,-0.0122,3.16,4.439,1.64,-2.94,223.08,0.02,0.0,0.01,0.0,112511,999,3,0.29,0.09,0.05,0.0,48,72,-163,0,3.14,-0.11,0.005,0.0087,21.66,24.19,14.4
579.127,before,-23.9,52.1376297,21.1604715,87.22,52.1376305,21.1604732,28,0.51,0.834,255,-0.1677,0.1677,-0.0711,-0.0321,3.148,4.431,1.14,-3.33,222.82,0.03,0.01,0.0,0.02,112511,999,3,0.28,0.09,0.07,0.03,48,-60,-7,0,3.14,-0.1,0.0109,0.0166,21.76,22.56,14.45
579.227,before,-23.8,52.1376292,21.1604706,87.21,52.1376305,21.1604732,28,0.51,0.834,255,-0.1677,0.3353,-0.0808,-0.0195,3.128,4.422,0.77,-3.45,222.43,0.03,0.01,0.01,0.02,112511,999,3,0.28,0.09,0.07,0.03,48,-64,-68,0,3.13,-0.09,0.0076,0.0116,19.82,23.32,13.38
579.327,before,-23.7,52.1376287,21.1604697,87.2,52.1376296,21.1604714,28,0.51,0.733,255,-0.1677,0.1677,-0.1612,0.0433,3.13,4.416,0.02,-3.43,221.92,0.02,0.0,0.01,0.0,112511,999,3,0.28,0.08,-0.02,0.0,48,-1,122,0,3.14,-0.09,0.0048,0.0105,21.29,21.69,13.07
579.427,before,-23.6,52.1376283,21.1604688,87.2,52.1376296,21.1604714,28,0.51,0.733,255,-0.1676,0.1676,-0.0715,0.0823,3.13,4.411,-0.58,-3.05,221.39,0.02,0.0,0.0,0.0,112511,999,3,0.28,0.08,-0.02,0.0,48,161,33,0,3.13,-0.08,0.0034,0.0078,19.7,21.2,12.67
579.527,before,-23.499,52.1376278,21.1604679,87.19,52.1376287,21.1604696,28,0.51,0.817,255,0.0,0.503,-0.0598,0.0366,3.146,4.404,-0.87,-2.76,220.95,0.04,0.01,0.02,0.0,112511,999,3,0.28,0.09,0.06,0.01,48,100,23,0,3.12,-0.09,0.0092,0.0165,19.39,21.54,13.31
579.627,before,-23.4,52.1376274,21.160467,87.18,52.1376287,21.1604696,28,0.51,0.817,255,-0.1677,0.3353,0.0192,0.0429,3.15,4.395,-0.85,-2.57,220.79,0.04,0.01,0.03,0.0,112511,999,3,0.28,0.09,0.06,0.01,48,29,-102,0,3.11,-0.1,0.0062,0.0136,18.85,22.77,12.73
579.727,before,-23.3,52.1376269,21.1604662,87.17,52.1376278,21.1604678,28,0.51,0.798,255,0.0,0.1677,0.0628,-0.0171,3.158,4.386,-0.45,-2.52,220.96,0.01,0.0,0.01,0.01,112511,999,3,0.28,0.08,0.02,0.0,48,-30,-96,0,3.11,-0.12,0.0067,0.0147,20.74,20.42,12.99
579.827,before,-23.2,52.1376264,21.1604653,87.16,52.1376278,21.1604678,28,0.51,0.798,255,0.0,0.3353,0.0002,-0.0563,3.148,4.379,-0.39,-2.72,221.14,0.01,0.0,0.01,0.02,112511,999,3,0.28,0.08,0.02,0.0,48,21,101,0,3.11,-0.12,0.0041,0.0082,20.88,23.96,13.45
579.927,before,-23.099,52.137626,21.1604645,87.16,52.1376269,21.1604661,27,0.51,0.732,255,-0.1676,0.0,-0.0625,-0.0649,3.164,4.374,-0.57,-3.06,221.21,0.01,0.0,0.01,0.01,112511,999,3,0.28,0.08,0.0,0.0,48,52,-5,0,3.11,-0.12,0.0045,0.0083,21.87,24.02,14.15
580.027,before,-23.0,52.1376255,21.1604637,87.16,52.1376269,21.1604661,27,0.51,0.732,255,-0.1677,0.1677,0.0767,-0.1086,3.168,4.371,-0.47,-3.57,221.31,0.01,0.0,0.0,0.01,112511,999,3,0.28,0.08,0.0,0.0,48,-90,-175,0,3.11,-0.12,0.0027,0.0055,21.9,24.3,15.65
580.127,before,-22.9,52.1376251,21.1604629,87.15,52.137626,21.1604646,28,0.51,0.647,255,-0.1677,0.1677,-0.0551,0.0164,3.176,4.37,-0.44,-3.75,221.46,0.04,0.0,0.01,0.0,112511,999,3,0.28,0.07,-0.05,-0.04,48,-48,23,0,3.13,-0.12,0.0045,0.0133,21.86,22.64,13.07
580.227,before,-22.8,52.1376247,21.1604621,87.15,52.137626,21.1604646,28,0.51,0.647,255,-0.1677,0.1677,0.0029,0.1081,3.176,4.368,-0.57,-3.32,221.45,0.04,0.0,0.01,0.01,112511,999,3,0.28,0.07,-0.05,-0.04,48,-83,239,0,3.13,-0.12,0.0035,0.009,20.35,23.84,15.42
580.327,before,-22.699,52.1376243,21.1604614,87.15,52.1376253,21.1604632,28,0.51,0.681,255,-0.1677,0.1677,-0.0421,-0.0306,3.142,4.366,-0.67,-3.17,221.35,0.03,0.0,0.02,0.03,112511,999,3,0.28,0.08,0.03,-0.03,48,14,52,0,3.13,-0.12,0.0046,0.0124,22.17,23.66,13.32
580.427,before,-22.6,52.1376238,21.1604606,87.15,52.1376253,21.1604632,28,0.51,0.681,255,-0.1677,0.1677,-0.0922,0.0184,3.166,4.363,-1.05,-3.23,221.11,0.03,0.0,0.01,0.01,112511,999,3,0.28,0.08,0.03,-0.03,48,70,-14,0,3.13,-0.12,0.0028,0.0077,23.28,24.08,15.59
580.527,before,-22.5,52.1376234,21.1604599,87.14,52.1376244,21.1604617,28,0.51,0.739,255,-0.1676,0.1676,-0.0698,-0.0355,3.186,4.358,-1.6,-3.22,220.76,0.02,0.0,0.0,0.01,112511,999,3,0.28,0.09,0.05,0.0,48,138,-85,0,3.13,-0.12,0.0047,0.0067,23.99,23.87,14.16
580.627,before,-22.4,52.137623,21.1604591,87.14,52.1376244,21.1604617,28,0.51,0.739,255,0.0,0.1676,-0.024,-0.0597,3.178,4.352,-1.67,-3.51,220.52,0.02,0.0,0.01,0.0,112511,999,3,0.28,0.09,0.05,0.0,48,43,164,0,3.13,-0.14,0.0026,0.0041,24.59,24.85,15.44
580.727,before,-22.3,52.1376226,21.1604584,87.13,52.1376236,21.1604602,28,0.51,0.646,255,0.0,0.1677,0.0287,-0.0676,3.174,4.344,-1.76,-3.9,220.35,0.02,0.0,0.0,0.01,112511,999,3,0.28,0.09,-0.01,-0.03,48,45,11,0,3.12,-0.13,0.0031,0.0038,22.82,25.87,16.51
580.827,before,-22.2,52.1376222,21.1604577,87.12,52.1376236,21.1604602,28,0.51,0.646,255,0.0,0.0,-0.0156,-0.0538,3.178,4.332,-1.56,-4.19,220.25,0.02,0.0,0.01,0.01,112511,999,3,0.28,0.09,-0.01,-0.03,48,-15,-168,0,3.11,-0.13,0.002,0.0037,26.0,25.44,15.83
580.927,before,-22.1,52.1376218,21.160457,87.11,52.1376229,21.1604587,28,0.51,0.583,255,0.0,0.1676,-0.0665,-0.0147,3.176,4.323,-1.91,-4.41,220.22,0.03,0.0,0.0,0.01,112511,999,3,0.27,0.08,-0.07,0.0,48,83,-173,0,3.12,-0.14,0.0076,0.0108,28.92,25.26,15.59
581.027,before,-22.0,52.1376214,21.1604564,87.1,52.1376229,21.1604587,28,0.51,0.583,255,0.0,0.1677,0.0555,-0.0442,3.166,4.315,-1.94,-4.57,220.29,0.03,0.0,0.0,0.01,112511,999,3,0.27,0.08,-0.07,0.0,48,-70,-210,0,3.12,-0.14,0.0058,0.0106,28.33,24.86,15.54
581.127,before,-21.9,52.137621,21.1604557,87.09,52.1376221,21.1604575,28,0.51,0.672,255,0.0,0.1676,0.0106,0.019,3.16,4.307,-1.66,-4.5,220.41,0.03,0.0,0.01,0.02,112511,999,3,0.27,0.09,0.06,-0.06,48,-78,-19,0,3.11,-0.13,0.0049,0.0067,26.6,24.51,15.28
581.227,before,-21.8,52.1376205,21.1604551,87.08,52.1376221,21.1604575,28,0.51,0.672,255,0.0,0.1676,0.0069,0.038,3.162,4.298,-1.68,-4.41,220.51,0.03,0.0,0.02,0.01,112511,999,3,0.27,0.09,0.06,-0.06,48,13,-55,0,3.1,-0.13,0.003,0.0054,24.31,26.31,16.85
581.327,before,-21.7,52.13762,21.1604544,87.07,52.1376212,21.1604562,28,0.51,0.672,255,0.0,0.1676,-0.0334,-0.0838,3.164,4.29,-1.73,-4.68,220.57,0.01,0.0,0.01,0.0,112511,999,3,0.27,0.08,0.02,0.0,48,-2,-52,0,3.1,-0.14,0.0027,0.006,26.43,25.15,16.47
581.427,before,-21.6,52.1376195,21.1604538,87.07,52.1376212,21.1604562,28,0.51,0.672,255,0.0,0.1677,0.0578,0.1093,3.162,4.281,-1.66,-4.58,220.63,0.01,0.0,0.03,0.01,112511,999,3,0.27,0.08,0.02,0.0,48,-139,-20,0,3.09,-0.14,0.0011,0.0026,27.55,28.17,16.76
581.527,before,-21.499,52.137619,21.1604532,87.06,52.1376202,21.1604549,28,0.48,0.688,255,0.1677,0.3354,0.0601,0.001,3.168,4.275,-1.28,-4.3,220.77,0.04,0.0,0.0,0.01,112511,999,3,0.27,0.08,0.0,-0.04,48,-89,24,0,3.11,-0.13,0.0055,0.0132,28.58,27.57,15.6
581.627,before,-21.4,52.1376185,21.1604527,87.06,52.1376202,21.1604549,28,0.48,0.688,255,0.0,0.3353,0.0252,-0.0477,3.166,4.272,-1.24,-4.35,220.93,0.04,0.0,0.0,0.01,112511,999,3,0.27,0.08,0.0,-0.04,48,140,-79,0,3.1,-0.14,0.0035,0.0096,27.29,28.89,20.66
581.727,before,-21.3,52.137618,21.1604521,87.05,52.1376192,21.1604537,28,0.48,0.619,255,0.1677,0.1677,0.0514,-0.0282,3.176,4.268,-0.97,-4.64,221.08,0.03,0.0,0.02,0.01,112511,999,3,0.27,0.08,-0.05,0.0,48,-84,17,0,3.11,-0.13,0.0067,0.0127,27.27,27.89,18.76
581.827,before,-21.2,52.1376175,21.1604515,87.05,52.1376192,21.1604537,28,0.48,0.619,255,0.0,0.1677,0.1014,-0.0241,3.182,4.264,-0.41,-4.91,221.12,0.03,0.0,0.01,0.01,112511,999,3,0.27,0.08,-0.05,0.0,48,215,-11,0,3.11,-0.14,0.0046,0.008,25.03,27.68,18.75
581.927,before,-21.099,52.137617,21.1604509,87.05,52.1376183,21.1604524,28,0.48,0.677,255,0.1677,0.0,0.1046,-0.0122,3.17,4.26,0.23,-5.0,221.16,0.02,0.0,0.0,0.01,112511,999,3,0.27,0.09,-0.04,-0.02,48,198,128,0,3.12,-0.14,0.0083,0.0161,24.74,25.67,16.65
582.027,before,-20.999,52.1376165,21.1604503,87.04,52.1376183,21.1604524,28,0.48,0.677,255,0.0,0.1677,-0.07,0.0399,3.174,4.256,0.15,-4.84,221.22,0.02,0.0,0.03,0.01,112511,999,3,0.27,0.09,-0.04,-0.02,48,22,-114,0,3.11,-0.15,0.0056,0.0095,28.01,24.48,15.58
582.127,before,-20.9,52.1376159,21.1604496,87.03,52.1376172,21.1604511,28,0.48,0.753,255,-0.1677,0.503,0.0002,0.0149,3.174,4.249,-0.01,-4.79,221.28,0.03,0.0,0.01,0.01,112511,999,3,0.27,0.09,0.0,0.04,48,37,235,0,3.1,-0.15,0.0058,0.0086,26.33,28.82,15.69
582.227,before,-20.8,52.1376154,21.1604489,87.02,52.1376172,21.1604511,28,0.48,0.753,255,0.0,0.3354,-0.0339,0.0209,3.178,4.239,-0.02,-4.49,221.46,0.03,0.0,0.02,0.0,112511,999,3,0.27,0.09,0.0,0.04,48,-37,35,0,3.09,-0.16,0.0047,0.0091,25.23,28.58,17.91
582.327,before,-20.7,52.1376149,21.1604481,87.02,52.1376161,21.1604496,28,0.48,0.752,255,0.0,0.3353,-0.052,0.0778,3.178,4.232,-0.29,-4.23,221.66,0.03,0.0,0.01,0.02,112511,999,3,0.27,0.08,0.0,0.0,48,4,-100,0,3.1,-0.15,0.0047,0.0077,25.08,27.95,18.61
582.427,before,-20.6,52.1376144,21.1604473,87.01,52.1376161,21.1604496,28,0.48,0.752,255,0.0,0.3354,-0.0756,0.0216,3.168,4.226,-0.63,-3.97,221.82,0.03,0.0,0.0,0.0,112511,999,3,0.27,0.08,0.0,0.0,48,39,-151,0,3.1,-0.16,0.0036,0.0058,28.09,26.21,16.12
582.527,before,-20.499,52.1376139,21.1604464,87.01,52.137615,21.160448,28,0.48,0.757,255,0.0,0.1677,-0.0226,0.0275,3.155,4.224,-0.77,-3.81,221.91,0.03,0.0,0.0,0.02,112511,999,3,0.27,0.08,-0.04,-0.05,48,34,-137,0,3.11,-0.13,0.0053,0.0162,27.83,28.95,18.52
582.627,before,-20.4,52.1376134,21.1604456,87.01,52.137615,21.160448,28,0.48,0.757,255,0.0,0.1677,-0.0575,0.0354,3.16,4.223,-1.03,-3.63,221.82,0.03,0.0,0.0,0.0,112511,999,3,0.27,0.08,-0.04,-0.05,48,53,44,0,3.11,-0.13,0.0036,0.0131,28.25,27.34,18.37
582.727,before,-20.3,52.1376129,21.1604448,87.01,52.1376139,21.1604464,28,0.48,0.811,255,-0.1676,0.0,-0.0676,-0.0296,3.162,4.221,-1.5,-3.62,221.58,0.02,0.01,0.01,0.0,112511,999,3,0.27,0.08,0.05,-0.02,48,108,-99,0,3.11,-0.13,0.0041,0.0092,27.74,29.2,19.36
582.827,before,-20.2,52.1376123,21.160444,87.0,52.1376139,21.1604464,28,0.48,0.811,255,0.0,0.1677,-0.0114,-0.0082,3.16,4.219,-1.68,-3.71,221.43,0.02,0.01,0.0,0.0,112511,999,3,0.27,0.08,0.05,-0.02,48,-125,-89,0,3.11,-0.13,0.0027,0.0087,27.22,27.65,18.33
582.927,before,-20.099,52.1376118,21.1604432,87.0,52.1376128,21.1604447,28,0.48,0.783,255,0.0,0.1676,-0.0125,0.0213,3.168,4.214,-1.65,-3.78,221.29,0.0,0.0,0.02,0.01,112511,999,3,0.27,0.08,0.02,0.0,48,13,-66,0,3.11,-0.13,0.0041,0.0069,30.2,25.91,16.18
583.027,before,-19.999,52.1376113,21.1604423,86.99,52.1376128,21.1604447,28,0.48,0.783,255,0.0,0.3353,-0.0065,-0.0008,3.174,4.207,-1.71,-3.72,221.18,0.0,0.0,0.04,0.01,112511,999,3,0.27,0.08,0.02,0.0,48,22,-113,0,3.1,-0.14,0.0029,0.0052,30.38,26.3,15.78
583.127,before,-19.9,52.1376108,21.1604415,86.98,52.1376117,21.1604431,28,0.48,0.793,255,0.0,0.1676,0.0191,0.0315,3.142,4.199,-1.57,-3.55,221.06,0.02,0.01,0.03,0.01,112511,999,3,0.26,0.08,0.0,0.0,48,17,-100,0,3.11,-0.15,0.0031,0.0069,30.1,26.48,14.39
583.227,before,-19.8,52.1376102,21.1604406,86.98,52.1376117,21.1604431,28,0.48,0.793,255,0.0,0.1676,0.0413,0.0207,3.138,4.19,-1.37,-3.51,221.01,0.02,0.01,0.04,0.0,112511,999,3,0.26,0.08,0.0,0.0,48,43,-107,0,3.1,-0.14,0.002,0.0047,26.03,25.06,15.66
583.327,before,-19.7,52.1376097,21.1604398,86.97,52.1376107,21.1604413,28,0.48,0.78,255,0.0,0.3353,-0.0497,0.0693,3.134,4.184,-1.52,-3.2,220.97,0.06,0.01,0.03,0.01,112511,999,3,0.26,0.08,-0.05,-0.01,48,6,-135,0,3.11,-0.11,0.0055,0.0121,25.73,28.46,16.69
583.427,before,-19.6,52.1376092,21.1604389,86.96,52.1376107,21.1604413,28,0.48,0.78,255,0.0,0.3354,-0.084,0.0653,3.164,4.179,-1.9,-2.7,221.03,0.06,0.01,0.04,0.01,112511,999,3,0.26,0.08,-0.05,-0.01,48,59,150,0,3.1,-0.12,0.0033,0.0049,28.03,30.06,15.26
583.527,before,-19.5,52.1376087,21.160438,86.96,52.1376096,21.1604394,28,0.48,0.825,255,0.0,0.1677,-0.0353,0.0505,3.152,4.174,-2.14,-2.67,221.11,0.04,0.01,0.04,0.01,112511,999,3,0.26,0.08,-0.07,0.05,48,-109,-81,0,3.11,-0.13,0.0099,0.0142,26.3,29.32,18.64
583.627,before,-19.4,52.1376082,21.160437,86.95,52.1376096,21.1604394,28,0.48,0.825,255,-0.1677,0.503,-0.0847,0.0408,3.162,4.168,-2.41,-2.23,221.25,0.04,0.01,0.04,0.01,112511,999,3,0.26,0.08,-0.07,0.05,48,-108,-219,0,3.1,-0.14,0.0067,0.0088,26.74,31.72,17.81
583.727,before,-19.3,52.1376077,21.1604362,86.95,52.1376086,21.1604376,28,0.48,0.814,255,-0.1677,0.1677,0.0243,0.0562,3.148,4.16,-2.51,-1.94,221.37,0.0,0.01,0.03,0.01,112511,999,3,0.26,0.09,0.0,-0.01,48,64,-150,0,3.1,-0.14,0.0043,0.0084,30.26,28.4,15.66
583.827,before,-19.2,52.1376072,21.1604353,86.94,52.1376086,21.1604376,28,0.48,0.814,255,-0.1676,0.1676,-0.091,-0.0389,3.14,4.151,-2.77,-2.02,221.33,0.0,0.01,0.04,0.02,112511,999,3,0.26,0.09,0.0,-0.01,48,54,81,0,3.08,-0.14,0.0031,0.0083,30.49,26.19,14.99
583.927,before,-19.1,52.1376067,21.1604345,86.93,52.1376075,21.1604358,28,0.48,0.763,255,0.0,0.3352,-0.0043,-0.0975,3.136,4.141,-2.9,-2.35,221.14,0.01,0.01,0.02,0.03,112511,999,3,0.26,0.08,-0.01,0.01,48,-128,-45,0,3.07,-0.15,0.0052,0.0137,29.74,29.34,17.27
584.027,before,-19.0,52.1376062,21.1604337,86.91,52.1376075,21.1604358,28,0.48,0.763,255,0.0,0.1676,-0.0206,-0.056,3.14,4.13,-2.9,-2.56,221.21,0.01,0.01,0.05,0.01,112511,999,3,0.26,0.08,-0.01,0.01,48,14,-78,0,3.07,-0.15,0.004,0.0133,29.39,33.81,19.36
584.127,before,-18.9,52.1376057,21.1604329,86.9,52.1376064,21.1604341,28,0.48,0.807,255,-0.1677,0.0,-0.0131,-0.0056,3.142,4.118,-3.05,-2.67,221.48,0.02,0.01,0.02,0.0,112511,999,3,0.26,0.08,0.05,-0.02,48,38,-75,0,3.06,-0.16,0.0067,0.0173,30.54,31.64,18.7
584.227,before,-18.8,52.1376052,21.1604321,86.89,52.1376064,21.1604341,28,0.48,0.807,255,0.0,0.3353,0.0305,0.0232,3.14,4.105,-2.9,-2.61,221.92,0.02,0.01,0.03,0.01,112511,999,3,0.26,0.08,0.05,-0.02,48,-181,93,0,3.05,-0.16,0.0049,0.0147,29.14,33.26,16.75
584.327,before,-18.7,52.1376046,21.1604313,86.88,52.1376052,21.1604325,28,0.48,0.802,255,0.0,0.1677,0.0329,-0.0195,3.142,4.095,-2.78,-2.71,222.5,0.02,0.03,0.03,0.01,112511,999,3,0.26,0.08,0.04,0.03,48,-24,-65,0,3.06,-0.17,0.0097,0.0195,31.17,32.3,19.37
584.427,before,-18.6,52.1376041,21.1604306,86.87,52.1376052,21.1604325,28,0.48,0.802,255,0.0,0.3354,-0.057,0.0515,3.16,4.084,-2.99,-2.63,222.94,0.02,0.03,0.04,0.01,112511,999,3,0.26,0.08,0.04,0.03,48,0,-55,0,3.05,-0.18,0.0064,0.014,29.68,31.57,18.79
584.527,before,-18.499,52.1376035,21.1604299,86.86,52.1376041,21.1604309,28,0.48,0.752,255,0.0,0.3353,0.0453,-0.0151,3.152,4.074,-2.93,-2.51,223.45,0.02,0.02,0.04,0.01,112511,999,3,0.26,0.08,0.0,0.05,48,-162,-116,0,3.05,-0.18,0.0094,0.0181,26.88,26.24,16.14
584.627,before,-18.4,52.137603,21.1604291,86.85,52.1376041,21.1604309,28,0.48,0.752,255,0.0,0.3353,0.0682,0.0419,3.154,4.066,-2.57,-2.51,223.9,0.02,0.02,0.02,0.01,112511,999,3,0.26,0.08,0.0,0.05,48,-83,-38,0,3.05,-0.19,0.006,0.0124,22.97,29.21,16.67
584.727,before,-18.3,52.1376024,21.1604284,86.84,52.1376031,21.1604295,28,0.48,0.693,255,0.0,0.1676,-0.0178,0.099,3.152,4.056,-2.71,-1.95,224.34,0.01,0.01,0.03,0.02,112511,999,3,0.26,0.08,-0.01,0.01,48,172,160,0,3.05,-0.18,0.0056,0.0129,25.16,23.93,16.26
584.827,before,-18.2,52.1376019,21.1604277,86.83,52.1376031,21.1604295,28,0.48,0.693,255,0.1677,0.1677,0.0607,0.0167,3.164,4.047,-2.26,-1.61,224.81,0.01,0.01,0.01,0.05,112511,999,3,0.26,0.08,-0.01,0.01,48,-120,-139,0,3.05,-0.18,0.0034,0.0075,23.09,24.32,15.09
584.927,before,-18.1,52.1376014,21.1604271,86.82,52.137602,21.1604281,28,0.48,0.745,255,0.0,0.0,-0.029,-0.1021,3.164,4.039,-2.25,-2.03,224.97,0.02,0.01,0.01,0.01,112511,999,3,0.26,0.08,0.01,0.03,48,130,18,0,3.04,-0.19,0.0075,0.0141,26.69,26.21,16.12
585.027,before,-18.0,52.1376008,21.1604264,86.81,52.137602,21.1604281,28,0.48,0.745,255,0.0,0.0,0.0219,0.0029,3.17,4.029,-2.33,-2.12,224.69,0.02,0.01,0.01,0.0,112511,999,3,0.26,0.08,0.01,0.03,48,-6,-82,0,3.04,-0.21,0.0045,0.0091,25.76,25.88,17.02
585.127,before,-17.9,52.1376003,21.1604258,86.8,52.1376008,21.1604268,28,0.48,0.649,255,0.1677,0.3354,-0.0344,0.0363,3.168,4.017,-2.31,-2.13,224.21,0.01,0.02,0.01,0.0,112511,999,3,0.26,0.08,-0.03,-0.02,48,-51,-49,0,3.05,-0.21,0.002,0.0071,23.38,25.03,15.86
585.227,before,-17.8,52.1375997,21.1604253,86.79,52.1376008,21.1604268,28,0.48,0.649,255,0.0,0.1677,-0.008,-0.0322,3.172,4.004,-2.66,-2.08,223.72,0.01,0.02,0.03,0.02,112511,999,3,0.26,0.08,-0.03,-0.02,48,30,-96,0,3.03,-0.21,0.0015,0.0058,22.03,24.95,14.65
585.327,before,-17.7,52.1375992,21.1604248,86.77,52.1375998,21.1604258,27,0.51,0.604,255,0.1677,0.0,0.1535,-0.0604,3.164,3.99,-2.17,-2.4,223.53,0.01,0.02,0.02,0.01,112511,999,3,0.26,0.09,-0.03,-0.01,48,-64,-174,0,3.03,-0.23,0.0017,0.0067,20.68,24.92,15.06
585.427,before,-17.6,52.1375986,21.1604243,86.76,52.1375998,21.1604258,27,0.51,0.604,255,0.0,0.1677,0.1618,-0.0182,3.16,3.977,-1.14,-2.56,223.57,0.01,0.02,0.01,0.01,112511,999,3,0.26,0.09,-0.03,-0.01,48,-57,-12,0,3.02,-0.23,0.0017,0.0032,21.62,23.96,14.65
585.527,before,-17.499,52.1375981,21.1604239,86.75,52.1375987,21.1604249,28,0.51,0.669,255,0.1676,0.1676,0.1332,-0.0554,3.152,3.967,-0.53,-2.77,223.81,0.01,0.02,0.0,0.01,112511,999,3,0.26,0.09,0.01,0.0,48,157,144,0,3.04,-0.21,0.0026,0.0082,21.15,23.88,15.28
585.627,before,-17.399,52.1375976,21.1604234,86.75,52.1375987,21.1604249,28,0.51,0.669,255,0.1677,0.1677,0.142,-0.0226,3.16,3.961,0.31,-2.9,224.28,0.01,0.02,0.0,0.01,112511,999,3,0.26,0.09,0.01,0.0,48,-218,-5,0,3.04,-0.2,0.0016,0.0082,23.98,23.76,14.38
585.727,before,-17.3,52.137597,21.160423,86.74,52.1375976,21.1604241,28,0.51,0.641,255,0.1676,0.1676,0.0503,-0.065,3.146,3.956,0.77,-3.24,224.62,0.02,0.02,0.0,0.0,112511,999,3,0.26,0.09,0.02,-0.04,48,-167,27,0,3.04,-0.2,0.0064,0.0135,23.93,23.68,16.2
585.827,before,-17.2,52.1375965,21.1604225,86.74,52.1375976,21.1604241,28,0.51,0.641,255,0.0,0.1677,-0.0396,-0.0981,3.144,3.951,0.72,-3.76,224.73,0.02,0.02,0.0,0.01,112511,999,3,0.26,0.09,0.02,-0.04,48,133,-109,0,3.04,-0.2,0.0043,0.01,25.07,21.37,17.33
585.927,before,-17.1,52.137596,21.1604219,86.73,52.1375965,21.1604232,28,0.51,0.635,255,0.0,0.1677,-0.0454,0.0546,3.146,3.948,0.35,-3.85,224.72,0.0,0.01,0.01,0.0,112511,999,3,0.26,0.08,0.0,0.0,48,44,11,0,3.05,-0.18,0.0041,0.0134,22.98,25.05,14.99
586.027,before,-17.0,52.1375955,21.1604214,86.73,52.1375965,21.1604232,28,0.51,0.635,255,0.0,0.0,-0.0666,-0.0358,3.15,3.944,0.2,-3.72,224.7,0.0,0.01,0.0,0.01,112511,999,3,0.26,0.08,0.0,0.0,48,-23,257,0,3.05,-0.18,0.0024,0.0095,20.82,24.95,14.57
586.127,before,-16.899,52.1375951,21.1604207,86.72,52.1375955,21.1604221,28,0.51,0.621,255,-0.1677,0.1677,-0.0671,0.0519,3.154,3.939,-0.05,-3.61,224.55,0.03,0.02,0.0,0.02,112511,999,3,0.26,0.09,0.01,-0.01,48,33,104,0,3.04,-0.19,0.0051,0.0079,21.3,26.54,14.03
586.227,before,-16.8,52.1375946,21.16042,86.72,52.1375955,21.1604221,28,0.51,0.621,255,-0.1677,0.1677,-0.0499,0.0322,3.164,3.931,-0.39,-3.31,224.15,0.03,0.02,0.01,0.0,112511,999,3,0.26,0.09,0.01,-0.01,48,34,63,0,3.04,-0.2,0.0032,0.0046,22.0,25.76,13.38
586.327,before,-16.7,52.1375941,21.1604193,86.71,52.1375946,21.1604208,28,0.51,0.621,255,-0.1676,0.5028,-0.0297,0.0888,3.164,3.927,-0.44,-2.88,223.4,0.03,0.02,0.0,0.0,112511,999,3,0.26,0.07,-0.06,0.02,48,31,48,0,3.05,-0.2,0.0026,0.0061,22.15,24.16,15.55
586.427,before,-16.6,52.1375937,21.1604186,86.71,52.1375946,21.1604208,28,0.51,0.621,255,0.0,0.3354,-0.0887,-0.0446,3.155,3.928,-0.85,-2.8,222.43,0.03,0.02,0.02,0.0,112511,999,3,0.26,0.07,-0.06,0.02,48,70,215,0,3.07,-0.18,0.0026,0.0149,23.61,24.54,14.25
586.527,before,-16.499,52.1375933,21.1604179,86.72,52.1375939,21.1604194,28,0.51,0.553,255,-0.1677,0.1677,-0.0775,-0.0274,3.185,3.932,-1.29,-3.0,221.54,0.03,0.01,0.03,0.01,112511,999,3,0.26,0.07,-0.08,-0.04,48,-71,-5,0,3.09,-0.15,0.0085,0.0281,24.11,25.72,13.74
586.627,before,-16.399,52.137593,21.1604171,86.72,52.1375939,21.1604194,28,0.51,0.553,255,0.0,0.0,-0.0363,-0.1009,3.202,3.936,-1.63,-3.55,220.8,0.03,0.01,0.02,0.01,112511,999,3,0.26,0.07,-0.08,-0.04,48,-79,44,0,3.11,-0.15,0.0069,0.0284,24.21,26.44,14.95
586.727,before,-16.3,52.1375926,21.1604164,86.73,52.1375933,21.160418,28,0.51,0.615,255,-0.1677,0.1677,-0.0374,-0.0876,3.198,3.943,-1.78,-4.15,220.17,0.03,0.01,0.04,0.02,112511,999,3,0.26,0.07,-0.07,0.01,48,57,-101,0,3.13,-0.15,0.0105,0.04,25.5,28.28,15.88
586.827,before,-16.2,52.1375923,21.1604158,86.74,52.1375933,21.160418,28,0.51,0.615,255,-0.1677,0.1677,-0.0732,-0.1045,3.196,3.951,-1.97,-4.59,219.67,0.03,0.01,0.05,0.0,112511,999,3,0.26,0.07,-0.07,0.01,48,42,27,0,3.15,-0.13,0.0084,0.0423,24.57,29.11,18.07
586.927,before,-16.1,52.1375919,21.1604151,86.74,52.1375925,21.1604166,28,0.51,0.603,255,-0.1676,0.1676,-0.03,-0.0566,3.186,3.958,-2.22,-5.01,219.36,0.0,0.01,0.06,0.0,112511,999,3,0.25,0.08,0.0,-0.01,48,76,205,0,3.17,-0.1,0.006,0.0428,23.8,29.43,18.2
587.027,before,-16.0,52.1375915,21.1604145,86.75,52.1375925,21.1604166,28,0.51,0.603,255,0.0,0.1677,0.0433,0.0081,3.178,3.962,-2.13,-5.14,219.25,0.0,0.01,0.01,0.01,112511,999,3,0.25,0.08,0.0,-0.01,48,22,0,0,3.16,-0.1,0.0047,0.0336,25.34,26.63,16.0
587.127,before,-15.899,52.1375911,21.1604138,86.75,52.1375918,21.1604153,28,0.51,0.584,255,0.0,0.1677,0.037,-0.0255,3.182,3.964,-1.89,-5.25,219.41,0.02,0.01,0.04,0.01,112511,999,3,0.25,0.08,-0.04,0.0,48,-30,-11,0,3.17,-0.09,0.0062,0.0365,24.29,27.56,18.1
587.227,before,-15.8,52.1375906,21.1604132,86.75,52.1375918,21.1604153,28,0.51,0.584,255,0.0,0.0,0.1084,-0.0396,3.182,3.968,-1.56,-5.41,219.79,0.02,0.01,0.04,0.01,112511,999,3,0.25,0.08,-0.04,0.0,48,-59,-2,0,3.18,-0.08,0.0051,0.0352,27.01,28.22,17.81
587.327,before,-15.7,52.1375902,21.1604127,86.75,52.1375909,21.1604141,28,0.51,0.56,255,0.1677,0.1677,0.2021,-0.0404,3.186,3.97,-0.39,-5.74,220.4,0.03,0.02,0.03,0.0,112511,999,3,0.25,0.09,-0.06,-0.01,48,-7,10,0,3.18,-0.08,0.005,0.0287,25.83,31.23,20.78
587.427,before,-15.6,52.1375897,21.1604121,86.75,52.1375909,21.1604141,28,0.51,0.56,255,0.0,0.0,0.0577,0.0752,3.18,3.97,0.06,-5.57,221.11,0.03,0.02,0.01,0.02,112511,999,3,0.25,0.09,-0.06,-0.01,48,-173,-188,0,3.17,-0.08,0.0037,0.024,24.05,30.26,20.63
587.527,before,-15.499,52.1375893,21.1604115,86.75,52.13759,21.1604131,28,0.51,0.568,255,0.1677,0.1677,-0.0293,-0.0302,3.176,3.968,0.07,-5.4,221.77,0.03,0.01,0.01,0.01,112511,999,3,0.25,0.09,-0.06,-0.04,48,-71,47,0,3.16,-0.09,0.0072,0.0145,25.89,28.14,18.37
587.627,before,-15.4,52.1375888,21.1604109,86.75,52.13759,21.1604131,28,0.51,0.568,255,0.1676,0.3352,0.0457,0.0152,3.17,3.966,0.16,-5.6,222.39,0.03,0.01,0.03,0.01,112511,999,3,0.25,0.09,-0.06,-0.04,48,-209,17,0,3.16,-0.09,0.0051,0.0163,24.72,27.26,17.11
587.727,before,-15.3,52.1375884,21.1604102,86.76,52.137589,21.160412,28,0.51,0.663,255,-0.1677,0.3354,-0.0536,-0.0438,3.162,3.971,-0.05,-5.56,223.19,0.05,0.02,0.04,0.0,112511,999,3,0.25,0.08,0.0,-0.02,48,21,-79,0,3.19,-0.06,0.0064,0.0314,24.96,28.68,18.6
587.827,before,-15.2,52.1375879,21.1604095,86.76,52.137589,21.160412,28,0.51,0.663,255,0.0,0.0,-0.0056,-0.0585,3.15,3.975,-0.22,-6.0,223.71,0.05,0.02,0.03,0.0,112511,999,3,0.25,0.08,0.0,-0.02,48,31,62,0,3.19,-0.04,0.0049,0.0283,29.23,30.87,20.69
587.927,before,-15.1,52.1375875,21.1604088,86.76,52.1375881,21.1604107,28,0.51,0.627,255,0.0,0.1677,-0.0328,0.02,3.132,3.977,-0.44,-5.9,224.05,0.02,0.01,0.02,0.01,112511,999,3,0.25,0.08,-0.04,-0.03,48,33,-68,0,3.19,-0.03,0.007,0.0256,31.55,34.88,22.34
588.027,before,-15.0,52.1375871,21.160408,86.76,52.1375881,21.1604107,28,0.51,0.627,255,0.0,0.1677,-0.1255,0.0587,3.154,3.978,-0.91,-5.79,224.04,0.02,0.01,0.0,0.0,112511,999,3,0.25,0.08,-0.04,-0.03,48,96,-51,0,3.18,-0.03,0.0046,0.0166,32.71,33.68,22.54
588.127,before,-14.9,52.1375867,21.1604073,86.76,52.1375873,21.1604092,28,0.51,0.697,255,-0.1677,0.1677,-0.0526,-0.0016,3.148,3.978,-1.47,-5.43,223.67,0.03,0.01,0.01,0.01,112511,999,3,0.25,0.09,-0.04,0.03,48,-65,37,0,3.17,-0.03,0.0029,0.0048,34.67,34.74,23.58
588.227,before,-14.799,52.1375863,21.1604064,86.77,52.1375873,21.1604092,28,0.51,0.697,255,0.0,0.5031,0.0071,0.0716,3.14,3.984,-1.42,-5.17,223.3,0.03,0.01,0.04,0.02,112511,999,3,0.25,0.09,-0.04,0.03,48,-156,-122,0,3.18,-0.04,0.0018,0.0117,31.41,35.64,21.98
588.327,before,-14.699,52.1375859,21.1604055,86.78,52.1375865,21.1604074,28,0.51,0.751,255,0.0,0.0,-0.0206,-0.1189,3.136,3.993,-1.79,-5.87,223.16,0.04,0.01,0.03,0.01,112511,999,3,0.25,0.07,-0.03,0.03,48,-18,-33,0,3.2,-0.01,0.0058,0.024,31.25,33.8,21.8
588.427,before,-14.6,52.1375855,21.1604046,86.78,52.1375865,21.1604074,28,0.51,0.751,255,-0.1677,0.1677,-0.0632,-0.0672,3.144,3.998,-2.07,-6.35,222.8,0.04,0.01,0.01,0.0,112511,999,3,0.25,0.07,-0.03,0.03,48,-99,-131,0,3.2,-0.01,0.0037,0.0157,34.14,34.66,23.13
588.527,before,-14.5,52.1375851,21.1604037,86.78,52.1375856,21.1604056,28,0.51,0.754,255,-0.3353,0.3353,-0.2607,0.1239,3.156,3.997,-3.03,-5.94,221.94,0.02,0.01,0.01,0.01,112511,999,3,0.25,0.08,0.05,-0.02,48,180,-250,0,3.19,-0.02,0.0053,0.0079,40.42,35.48,26.74
588.627,before,-14.4,52.1375847,21.1604029,86.78,52.1375856,21.1604056,28,0.51,0.754,255,-0.1677,0.3353,0.0593,-0.0024,3.154,3.996,-3.46,-5.76,221.19,0.02,0.01,0.03,0.01,112511,999,3,0.25,0.08,0.05,-0.02,48,-261,175,0,3.2,-0.02,0.0039,0.0073,36.19,34.89,24.84
588.727,before,-14.3,52.1375843,21.160402,86.78,52.1375849,21.1604039,28,0.51,0.67,255,0.0,0.1677,0.0716,-0.0269,3.144,3.998,-2.9,-5.87,220.94,0.05,0.01,0.01,0.0,112511,999,3,0.25,0.08,-0.09,-0.03,48,-69,-40,0,3.2,-0.01,0.0041,0.0126,32.96,35.32,23.3
588.827,before,-14.2,52.1375839,21.1604012,86.78,52.1375849,21.1604039,28,0.51,0.67,255,0.0,0.1677,-0.0193,0.0073,3.13,3.999,-2.88,-5.93,220.72,0.05,0.01,0.0,0.02,112511,999,3,0.25,0.08,-0.09,-0.03,48,48,-33,0,3.2,-0.02,0.0022,0.0052,36.54,36.48,29.05
588.927,before,-14.1,52.1375835,21.1604004,86.78,52.1375842,21.1604021,28,0.51,0.726,255,-0.1676,0.1676,-0.0737,-0.0591,3.124,3.998,-3.12,-6.02,220.42,0.01,0.01,0.01,0.02,112511,999,3,0.25,0.08,-0.03,0.01,48,85,-73,0,3.19,0.0,0.0019,0.0019,37.86,37.51,25.67
589.027,before,-14.0,52.1375831,21.1603995,86.78,52.1375842,21.1604021,28,0.51,0.726,255,-0.1677,0.1677,-0.0776,0.0843,3.104,3.996,-3.65,-6.27,219.98,0.01,0.01,0.02,0.0,112511,999,3,0.25,0.08,-0.03,0.01,48,139,30,0,3.19,0.0,0.0012,0.0036,36.56,37.68,26.51
589.127,before,-13.9,52.1375827,21.1603987,86.78,52.1375834,21.1604004,28,0.51,0.72,255,0.0,0.3353,0.0314,0.0601,3.122,3.997,-3.59,-5.75,219.67,0.02,0.01,0.03,0.0,112511,999,3,0.25,0.08,-0.03,0.03,48,-135,160,0,3.19,0.01,0.0044,0.0066,35.91,33.59,22.99
589.227,before,-13.8,52.1375822,21.1603979,86.78,52.1375834,21.1604004,28,0.51,0.72,255,0.3354,0.1677,0.1031,0.0335,3.112,4.0,-2.93,-5.7,219.51,0.02,0.01,0.02,0.01,112511,999,3,0.25,0.08,-0.03,0.03,48,-111,-58,0,3.19,0.01,0.0028,0.0045,36.64,34.68,24.05
589.327,before,-13.699,52.1375818,21.1603971,86.79,52.1375826,21.1603987,28,0.51,0.741,255,-0.1677,0.1677,-0.106,0.0037,3.114,4.006,-3.18,-5.46,219.46,0.01,0.01,0.03,0.01,112511,999,3,0.25,0.08,0.0,0.04,48,119,35,0,3.2,0.01,0.0058,0.0101,35.01,35.7,23.25
589.427,before,-13.6,52.1375813,21.1603963,86.79,52.1375826,21.1603987,28,0.51,0.741,255,0.0,0.0,0.0514,-0.011,3.098,4.01,-3.3,-5.6,219.7,0.01,0.01,0.01,0.01,112511,999,3,0.25,0.08,0.0,0.04,48,-231,130,0,3.21,0.02,0.0037,0.0071,32.69,36.98,21.61
589.527,before,-13.499,52.1375808,21.1603956,86.8,52.1375816,21.1603972,27,0.51,0.718,255,0.0,0.1677,0.0559,-0.0602,3.088,4.013,-2.88,-5.76,220.14,0.02,0.01,0.04,0.03,112511,999,3,0.25,0.09,0.02,-0.05,48,-88,-68,0,3.2,0.03,0.005,0.0077,32.14,35.31,23.37
589.627,before,-13.4,52.1375802,21.1603949,86.8,52.1375816,21.1603972,27,0.51,0.718,255,0.0,0.1676,-0.0338,0.0931,3.082,4.016,-2.98,-5.54,220.5,0.02,0.01,0.03,0.03,112511,999,3,0.25,0.09,0.02,-0.05,48,1,-223,0,3.21,0.04,0.0038,0.0072,36.47,36.55,23.63
589.727,before,-13.3,52.1375797,21.1603941,86.81,52.1375806,21.1603958,28,0.51,0.795,255,0.1677,0.3353,0.1212,-0.0098,3.082,4.022,-2.67,-5.4,220.6,0.02,0.01,0.04,0.01,112511,999,3,0.25,0.08,0.03,0.06,48,21,-124,0,3.21,0.05,0.0074,0.0124,33.65,38.21,24.06
589.827,before,-13.2,52.1375791,21.1603934,86.81,52.1375806,21.1603958,28,0.51,0.795,255,0.0,0.3352,0.0177,-0.0909,3.066,4.028,-2.29,-5.87,220.7,0.02,0.01,0.03,0.02,112511,999,3,0.25,0.08,0.03,0.06,48,-127,-165,0,3.22,0.06,0.005,0.0109,35.03,39.45,25.33
589.927,before,-13.1,52.1375786,21.1603927,86.82,52.1375796,21.1603943,28,0.51,0.778,255,-0.1677,0.1677,-0.0724,0.0202,3.066,4.033,-2.43,-5.9,220.54,0.03,0.0,0.01,0.01,112511,999,3,0.25,0.08,0.03,0.06,48,166,106,0,3.22,0.07,0.0099,0.015,36.48,38.89,26.7
590.027,before,-13.0,52.137578,21.160392,86.82,52.1375796,21.1603943,28,0.51,0.778,255,0.0,0.3353,-0.0191,0.0355,3.062,4.04,-2.52,-5.75,220.31,0.03,0.0,0.03,0.01,112511,999,3,0.25,0.08,0.03,0.06,48,-6,79,0,3.22,0.08,0.0065,0.0122,40.29,36.4,24.97
590.127,before,-12.9,52.1375775,21.1603913,86.83,52.1375786,21.1603928,28,0.51,0.731,255,0.0,0.1677,0.0347,-0.0318,3.052,4.046,-2.49,-5.79,220.2,0.01,0.0,0.04,0.01,112511,999,3,0.25,0.09,0.03,-0.02,48,9,-63,0,3.23,0.09,0.0063,0.0146,35.9,37.98,24.01
590.227,before,-12.8,52.1375769,21.1603906,86.84,52.1375786,21.1603928,28,0.51,0.731,255,0.1677,0.1677,0.0147,0.0665,3.036,4.054,-2.28,-5.64,220.26,0.01,0.0,0.04,0.03,112511,999,3,0.25,0.09,0.03,-0.02,48,-73,70,0,3.24,0.1,0.0042,0.0145,33.48,38.26,26.01
590.327,before,-12.7,52.1375764,21.1603899,86.85,52.1375776,21.1603914,28,0.51,0.785,255,0.0,0.1677,-0.0318,-0.0132,3.04,4.065,-2.35,-5.38,220.33,0.04,0.0,0.03,0.01,112511,999,3,0.25,0.08,0.03,0.05,48,-3,-115,0,3.25,0.12,0.0084,0.0226,34.61,39.85,24.71
590.427,before,-12.6,52.1375758,21.1603892,86.86,52.1375776,21.1603914,28,0.51,0.785,255,0.0,0.3353,0.0854,0.0827,3.04,4.079,-2.04,-5.21,220.45,0.04,0.0,0.04,0.01,112511,999,3,0.25,0.08,0.03,0.05,48,-55,-111,0,3.26,0.15,0.0054,0.0197,32.77,39.05,24.88
590.527,before,-12.5,52.1375753,21.1603886,86.88,52.1375765,21.1603899,28,0.51,0.758,255,0.1677,0.3353,0.0366,0.0953,3.02,4.098,-1.67,-4.61,220.6,0.03,0.0,0.06,0.01,112511,999,3,0.25,0.08,0.01,0.0,48,61,-1,0,3.28,0.16,0.0069,0.0311,28.25,35.63,24.22
590.627,before,-12.4,52.1375747,21.1603879,86.9,52.1375765,21.1603899,28,0.51,0.758,255,0.0,0.1677,0.0249,0.0531,3.026,4.118,-1.74,-4.1,221.0,0.03,0.0,0.04,0.01,112511,999,3,0.25,0.08,0.01,0.0,48,-6,-163,0,3.29,0.16,0.0045,0.0255,29.24,33.21,21.14
590.727,before,-12.3,52.1375742,21.1603873,86.92,52.1375755,21.1603887,28,0.51,0.714,255,0.3353,0.1677,0.1194,-0.0692,3.028,4.134,-1.1,-4.42,221.63,0.01,0.0,0.01,0.01,112511,999,3,0.25,0.09,0.0,-0.02,48,-115,132,0,3.29,0.19,0.0022,0.0124,30.53,34.93,21.93
590.827,before,-12.2,52.1375737,21.1603866,86.93,52.1375755,21.1603887,28,0.51,0.714,255,0.0,0.1677,-0.0475,-0.0147,3.03,4.148,-1.15,-4.58,222.07,0.01,0.0,0.03,0.01,112511,999,3,0.25,0.09,0.0,-0.02,48,111,-180,0,3.29,0.19,0.0018,0.0094,37.19,37.71,25.53
590.927,before,-12.1,52.1375731,21.160386,86.95,52.1375745,21.1603875,27,0.51,0.749,255,0.0,0.1677,-0.05,0.0217,3.04,4.161,-1.54,-4.46,222.43,0.03,0.0,0.04,0.01,112511,999,3,0.25,0.09,0.02,-0.01,48,29,-64,0,3.29,0.18,0.0035,0.0037,36.1,34.72,25.89
591.027,before,-12.0,52.1375726,21.1603853,86.96,52.1375745,21.1603875,27,0.51,0.749,255,0.0,0.1677,-0.1059,-0.0764,3.04,4.172,-2.02,-4.71,222.66,0.03,0.0,0.05,0.02,112511,999,3,0.25,0.09,0.02,-0.01,48,46,-13,0,3.31,0.18,0.0024,0.0065,35.16,35.42,23.73
591.127,before,-11.899,52.1375721,21.1603847,86.96,52.1375735,21.1603862,28,0.51,0.768,255,0.0,0.1677,0.076,-0.0012,3.05,4.179,-2.09,-4.91,222.75,0.04,0.0,0.02,0.01,112511,999,3,0.25,0.09,0.02,0.03,48,18,-1,0,3.29,0.17,0.0056,0.013,36.54,36.22,25.1
591.227,before,-11.8,52.1375717,21.160384,86.97,52.1375735,21.1603862,28,0.51,0.768,255,0.1677,0.3353,0.0703,-0.0561,3.03,4.183,-1.56,-5.06,222.83,0.04,0.0,0.04,0.01,112511,999,3,0.25,0.09,0.02,0.03,48,205,116,0,3.3,0.17,0.0033,0.0055,34.75,32.74,22.71
591.327,before,-11.7,52.1375712,21.1603833,86.98,52.1375725,21.1603849,28,0.51,0.706,255,0.1677,0.1677,0.017,0.078,3.012,4.193,-1.34,-4.87,222.83,0.03,0.0,0.04,0.01,112511,999,3,0.25,0.08,-0.01,0.0,48,-91,73,0,3.31,0.21,0.0024,0.0108,35.38,36.19,24.1
591.427,before,-11.6,52.1375707,21.1603827,86.99,52.1375725,21.1603849,28,0.51,0.706,255,0.0,0.1677,0.0013,0.0624,3.026,4.204,-1.35,-4.57,222.96,0.03,0.0,0.03,0.01,112511,999,3,0.25,0.08,-0.01,0.0,48,18,-84,0,3.32,0.21,0.0021,0.0084,33.95,36.28,22.91
591.527,before,-11.499,52.1375702,21.160382,87.0,52.1375715,21.1603834,28,0.51,0.803,255,-0.1677,0.3353,-0.0588,0.0258,3.014,4.213,-1.5,-4.22,223.01,0.06,0.0,0.03,0.0,112511,999,3,0.25,0.09,0.06,0.07,48,178,60,0,3.3,0.2,0.0078,0.012,36.36,34.82,24.94
591.627,before,-11.4,52.1375697,21.1603813,87.0,52.1375715,21.1603834,28,0.51,0.803,255,0.0,0.1677,-0.0412,-0.041,3.018,4.218,-1.99,-4.45,222.85,0.06,0.0,0.01,0.0,112511,999,3,0.25,0.09,0.06,0.07,48,99,-36,0,3.29,0.19,0.0049,0.0112,38.7,39.28,26.54
591.727,before,-11.3,52.1375692,21.1603805,87.01,52.1375706,21.1603819,28,0.51,0.691,255,0.0,0.3353,-0.0141,0.0256,3.006,4.226,-2.06,-4.5,222.68,0.02,0.01,0.03,0.0,112511,999,3,0.25,0.08,-0.03,0.02,48,-157,-6,0,3.31,0.22,0.0053,0.009,39.33,40.84,28.51
591.827,before,-11.2,52.1375688,21.1603798,87.02,52.1375706,21.1603819,28,0.51,0.691,255,0.1677,0.3354,0.0363,-0.0407,2.977,4.233,-1.76,-4.53,222.49,0.02,0.01,0.04,0.01,112511,999,3,0.25,0.08,-0.03,0.02,48,-63,104,0,3.31,0.22,0.0033,0.0076,39.06,38.75,28.56
591.927,before,-11.1,52.1375683,21.1603791,87.02,52.1375698,21.1603805,28,0.51,0.741,255,0.0,0.1677,0.0887,-0.1056,2.977,4.239,-1.29,-5.18,222.14,0.05,0.01,0.03,0.03,112511,999,3,0.24,0.09,0.0,0.09,48,90,63,0,3.3,0.24,0.0109,0.0175,39.31,41.12,28.55
592.027,before,-11.0,52.1375678,21.1603784,87.03,52.1375698,21.1603805,28,0.51,0.741,255,0.0,0.3353,-0.0848,-0.0213,2.968,4.243,-1.49,-5.45,221.88,0.05,0.01,0.04,0.01,112511,999,3,0.24,0.09,0.0,0.09,48,181,15,0,3.3,0.25,0.0067,0.0093,37.21,39.13,27.82
592.127,before,-10.9,52.1375674,21.1603777,87.03,52.137569,21.160379,28,0.51,0.778,255,0.0,0.3353,0.0009,-0.0297,2.966,4.249,-1.49,-5.7,221.72,0.03,0.01,0.04,0.01,112511,999,3,0.24,0.08,0.07,0.04,48,-17,-164,0,3.29,0.25,0.0082,0.0104,33.77,36.88,25.23
592.227,before,-10.8,52.1375669,21.160377,87.04,52.137569,21.160379,28,0.51,0.778,255,0.0,0.1676,-0.0439,0.0338,2.97,4.258,-2.0,-5.45,221.66,0.03,0.01,0.05,0.0,112511,999,3,0.24,0.08,0.07,0.04,48,129,-116,0,3.3,0.26,0.0044,0.0083,30.43,33.68,21.53
592.327,before,-10.7,52.1375664,21.1603763,87.06,52.1375681,21.1603776,28,0.51,0.7,255,0.1677,0.0,0.07,-0.1145,2.976,4.271,-1.55,-5.88,221.71,0.01,0.01,0.05,0.02,112511,999,3,0.24,0.08,-0.01,-0.03,48,-128,28,0,3.31,0.26,0.0031,0.0137,30.76,34.82,22.42
592.427,before,-10.6,52.1375658,21.1603757,87.07,52.1375681,21.1603776,28,0.51,0.7,255,0.3353,0.503,0.1941,0.1188,2.988,4.288,-0.75,-5.53,222.0,0.01,0.01,0.05,0.02,112511,999,3,0.24,0.08,-0.01,-0.03,48,7,32,0,3.33,0.26,0.0032,0.0162,31.01,32.57,21.11
592.527,before,-10.499,52.1375653,21.160375,87.09,52.1375671,21.1603763,28,0.51,0.771,255,0.0,0.3353,-0.0459,0.0683,2.988,4.309,-0.58,-4.96,222.4,0.02,0.01,0.07,0.01,112511,999,3,0.24,0.09,0.06,0.0,48,-48,-160,0,3.33,0.27,0.0029,0.0201,28.84,28.82,20.4
592.627,before,-10.4,52.1375648,21.1603743,87.12,52.1375671,21.1603763,28,0.51,0.771,255,0.0,0.3353,0.0256,0.0929,2.988,4.331,-0.74,-4.88,222.84,0.02,0.01,0.05,0.01,112511,999,3,0.24,0.09,0.06,0.0,48,57,91,0,3.35,0.27,0.003,0.0192,27.74,29.5,19.39
592.727,before,-10.3,52.1375642,21.1603737,87.13,52.137566,21.160375,28,0.48,0.801,255,0.0,0.503,-0.0099,0.1432,2.994,4.349,-0.72,-4.01,223.29,0.05,0.01,0.04,0.0,112511,999,3,0.24,0.09,0.07,0.0,48,-57,126,0,3.33,0.27,0.0049,0.0025,26.96,28.15,19.02
592.827,before,-10.2,52.1375637,21.1603731,87.15,52.137566,21.160375,28,0.48,0.801,255,0.0,0.1677,-0.0857,-0.0359,2.98,4.366,-1.21,-4.11,223.59,0.05,0.01,0.07,0.02,112511,999,3,0.24,0.09,0.07,0.0,48,13,100,0,3.35,0.29,0.003,0.0116,28.74,30.67,20.31
592.927,before,-10.099,52.1375631,21.1603725,87.17,52.1375649,21.1603738,28,0.48,0.716,255,0.1677,0.1677,0.1955,-0.0151,2.964,4.385,-0.59,-4.01,223.79,0.0,0.02,0.06,0.01,112511,999,3,0.24,0.09,0.0,-0.01,48,-45,115,0,3.35,0.3,0.0029,0.0174,28.69,31.41,21.35
593.027,before,-10.0,52.1375626,21.1603719,87.19,52.1375649,21.1603738,28,0.48,0.716,255,0.3352,0.0,0.1179,-0.1764,2.958,4.408,0.21,-4.96,223.82,0.0,0.02,0.08,0.02,112511,999,3,0.24,0.09,0.0,-0.01,48,-54,94,0,3.37,0.32,0.0035,0.023,28.18,31.44,21.98
593.127,before,-9.9,52.1375621,21.1603713,87.21,52.1375639,21.1603726,28,0.48,0.736,255,0.1677,0.1677,0.025,-0.0072,2.954,4.427,0.52,-5.3,223.81,0.03,0.01,0.06,0.01,112511,999,3,0.24,0.09,0.03,-0.03,48,61,36,0,3.37,0.33,0.004,0.0143,31.55,32.05,24.02
593.227,before,-9.8,52.1375615,21.1603708,87.23,52.1375639,21.1603726,28,0.48,0.736,255,0.1677,0.0,-0.0463,-0.135,2.94,4.445,0.26,-5.76,223.48,0.03,0.01,0.06,0.01,112511,999,3,0.24,0.09,0.03,-0.03,48,4,180,0,3.38,0.35,0.0037,0.0154,31.44,30.87,23.25
593.327,before,-9.7,52.137561,21.1603702,87.25,52.1375628,21.1603715,28,0.48,0.779,255,0.1677,0.3353,0.0705,0.0956,2.94,4.462,0.46,-5.98,223.28,0.03,0.01,0.03,0.01,112511,999,3,0.24,0.09,0.03,0.0,48,-66,-109,0,3.38,0.37,0.004,0.0169,33.23,34.78,24.72
593.427,before,-9.6,52.1375604,21.1603696,87.27,52.1375628,21.1603715,28,0.48,0.779,255,0.1677,0.1677,0.2358,0.0216,2.912,4.485,1.62,-5.38,223.35,0.03,0.01,0.07,0.0,112511,999,3,0.24,0.09,0.03,0.0,48,49,-10,0,3.39,0.38,0.0039,0.0193,29.89,31.87,22.1
593.527,before,-9.499,52.1375598,21.160369,87.3,52.1375616,21.1603702,28,0.48,0.763,255,0.0,0.1677,-0.0604,0.0253,2.924,4.513,1.82,-5.21,223.48,0.03,0.01,0.05,0.02,112511,999,3,0.24,0.08,0.02,0.0,48,90,-102,0,3.4,0.4,0.0055,0.0246,26.25,29.1,18.97
593.627,before,-9.399,52.1375592,21.1603684,87.32,52.1375616,21.1603702,28,0.48,0.763,255,-0.1677,0.503,-0.1241,0.1178,2.932,4.537,1.27,-4.9,223.68,0.03,0.01,0.01,0.01,112511,999,3,0.24,0.08,0.02,0.0,48,23,-114,0,3.4,0.41,0.0031,0.0084,25.06,28.58,17.39
593.727,before,-9.3,52.1375586,21.1603677,87.34,52.1375603,21.160369,28,0.48,0.866,255,0.0,0.3353,0.0129,0.0736,2.94,4.551,0.84,-4.34,224.05,0.03,0.01,0.01,0.01,112511,999,3,0.24,0.08,0.07,0.0,48,94,-181,0,3.37,0.37,0.0043,0.0085,25.14,27.74,17.9
593.827,before,-9.2,52.137558,21.1603669,87.35,52.1375603,21.160369,28,0.48,0.866,255,0.0,0.3353,0.0964,0.0275,2.94,4.563,1.27,-4.4,224.54,0.03,0.01,0.02,0.01,112511,999,3,0.24,0.08,0.07,0.0,48,-134,-54,0,3.37,0.37,0.0028,0.0124,23.52,25.59,19.25
593.927,before,-9.1,52.1375573,21.1603662,87.35,52.137559,21.1603676,28,0.48,0.892,255,0.0,0.1677,0.0235,0.0708,2.936,4.569,1.65,-4.01,225.39,0.06,0.01,0.01,0.0,112511,999,3,0.24,0.09,0.04,0.04,48,-1,-150,0,3.35,0.33,0.0086,0.0357,23.5,24.41,17.01
594.027,before,-9.0,52.1375567,21.1603654,87.35,52.137559,21.1603676,28,0.48,0.892,255,0.1677,0.3354,0.1521,0.0377,2.924,4.57,2.32,-3.92,226.18,0.06,0.01,0.0,0.0,112511,999,3,0.24,0.09,0.04,0.04,48,0,209,0,3.35,0.33,0.0065,0.0357,22.51,26.37,16.27
594.127,before,-8.9,52.137556,21.1603647,87.35,52.1375576,21.1603662,28,0.48,0.906,255,0.1677,0.3353,0.0966,0.1168,2.908,4.563,3.06,-3.45,226.65,0.06,0.01,0.0,0.02,112511,999,3,0.24,0.09,0.07,-0.07,48,-57,-154,0,3.31,0.31,0.0108,0.0465,22.58,23.58,16.78
594.227,before,-8.8,52.1375553,21.1603639,87.34,52.1375576,21.1603662,28,0.48,0.906,255,0.1676,0.1676,0.1196,-0.0247,2.904,4.558,3.73,-3.38,226.87,0.06,0.01,0.01,0.0,112511,999,3,0.24,0.09,0.07,-0.07,48,-183,-125,0,3.31,0.33,0.0075,0.0377,26.0,24.35,18.77
594.327,before,-8.7,52.1375547,21.1603632,87.33,52.1375562,21.1603649,28,0.48,0.889,255,0.1677,0.1677,0.0283,-0.0189,2.874,4.55,3.9,-3.44,226.74,0.05,0.0,0.01,0.0,112511,999,3,0.24,0.09,0.06,-0.07,48,-55,77,0,3.27,0.29,0.0136,0.0513,26.75,26.73,19.28
594.427,before,-8.6,52.1375541,21.1603625,87.33,52.1375562,21.1603649,28,0.48,0.889,255,0.0,0.0,-0.1039,-0.0336,2.878,4.541,3.7,-3.61,226.2,0.05,0.0,0.0,0.0,112511,999,3,0.24,0.09,0.06,-0.07,48,-23,-45,0,3.25,0.3,0.0098,0.0456,29.86,29.49,20.07
594.527,before,-8.499,52.1375536,21.1603618,87.31,52.1375549,21.1603636,28,0.48,0.817,255,0.0,0.3353,-0.1039,-0.0347,2.882,4.53,3.14,-3.73,225.21,0.03,0.0,0.02,0.01,112511,999,3,0.24,0.09,0.0,-0.01,48,-86,302,0,3.22,0.28,0.0098,0.0528,30.1,29.06,19.83
594.627,before,-8.4,52.137553,21.160361,87.31,52.1375549,21.1603636,28,0.48,0.817,255,0.0,0.1677,-0.0694,-0.0083,2.875,4.52,2.71,-3.82,223.89,0.03,0.0,0.05,0.0,112511,999,3,0.24,0.09,0.0,-0.01,48,53,-39,0,3.21,0.25,0.0077,0.0504,29.69,31.55,20.32
594.727,before,-8.3,52.1375525,21.1603603,87.3,52.1375537,21.1603621,28,0.48,0.747,255,0.0,0.1677,0.0669,0.0195,2.872,4.513,2.72,-3.83,222.46,0.02,0.01,0.06,0.0,112511,999,3,0.24,0.08,-0.02,-0.02,48,42,-66,0,3.2,0.25,0.0055,0.0425,29.11,32.48,21.75
594.827,before,-8.2,52.1375519,21.1603597,87.29,52.1375537,21.1603621,28,0.48,0.747,255,0.1676,0.8381,0.1468,0.1175,2.868,4.506,3.56,-3.09,221.17,0.02,0.01,0.05,0.0,112511,999,3,0.24,0.08,-0.02,-0.02,48,48,26,0,3.18,0.23,0.0049,0.0406,29.41,32.81,23.09
594.927,before,-8.1,52.1375513,21.160359,87.28,52.1375526,21.1603607,28,0.48,0.788,255,0.1677,0.3353,0.0817,0.0298,2.86,4.498,4.2,-2.74,219.94,0.06,0.0,0.04,0.0,112511,999,3,0.24,0.09,0.04,-0.03,48,-166,-145,0,3.15,0.22,0.0107,0.0581,34.19,34.69,25.18
595.027,before,-7.999,52.1375508,21.1603584,87.27,52.1375526,21.1603607,28,0.48,0.788,255,0.0,0.1677,0.0722,-0.0329,2.864,4.489,4.65,-2.63,218.82,0.06,0.0,0.04,0.01,112511,999,3,0.24,0.09,0.04,-0.03,48,69,-97,0,3.14,0.19,0.0079,0.0505,36.45,43.7,27.37
595.127,before,-7.9,52.1375502,21.1603578,87.27,52.1375514,21.1603594,28,0.48,0.81,255,0.1676,0.5029,0.1329,0.0449,2.874,4.485,5.34,-2.6,217.83,0.02,0.01,0.03,0.0,112511,999,3,0.24,0.08,0.06,0.0,48,44,-31,0,3.13,0.19,0.0071,0.043,40.64,50.4,27.5
595.227,before,-7.8,52.1375496,21.1603573,87.27,52.1375514,21.1603594,28,0.48,0.81,255,0.1677,0.1677,0.1126,-0.0166,2.892,4.484,6.14,-2.42,217.13,0.02,0.01,0.03,0.02,112511,999,3,0.24,0.08,0.06,0.0,48,-187,-129,0,3.13,0.19,0.0047,0.0389,36.24,52.33,28.43
595.327,before,-7.7,52.1375491,21.1603567,87.27,52.1375503,21.1603581,28,0.48,0.698,255,0.0,0.1677,0.0978,-0.0557,2.906,4.485,6.79,-2.5,216.92,0.01,0.0,0.05,0.01,112511,999,3,0.24,0.08,0.0,-0.02,48,50,111,0,3.12,0.16,0.0053,0.0402,37.86,48.57,27.41
595.427,before,-7.6,52.1375486,21.1603561,87.27,52.1375503,21.1603581,28,0.48,0.698,255,0.1677,0.1677,0.0242,-0.0367,2.924,4.488,7.09,-2.87,217.22,0.01,0.0,0.03,0.01,112511,999,3,0.24,0.08,0.0,-0.02,48,105,-153,0,3.12,0.14,0.0042,0.0356,40.47,48.11,26.45
595.527,before,-7.499,52.1375482,21.1603554,87.28,52.1375493,21.1603568,28,0.48,0.688,255,0.0,0.1676,0.0012,-0.0293,2.95,4.493,6.97,-3.04,217.89,0.02,0.0,0.03,0.01,112511,999,3,0.24,0.08,0.0,0.0,48,-133,-20,0,3.12,0.14,0.0017,0.0245,39.89,45.61,26.34
595.627,before,-7.399,52.1375478,21.1603547,87.28,52.1375493,21.1603568,28,0.48,0.688,255,0.0,0.1676,-0.0827,-0.0489,2.946,4.499,6.74,-3.38,218.67,0.02,0.0,0.04,0.02,112511,999,3,0.24,0.08,0.0,0.0,48,76,-6,0,3.13,0.14,0.0021,0.0242,37.42,44.04,25.63
595.727,before,-7.3,52.1375475,21.1603539,87.29,52.1375484,21.1603553,28,0.48,0.749,255,-0.1676,0.1676,-0.0394,-0.0023,2.94,4.502,6.13,-3.7,219.58,0.05,0.0,0.03,0.0,112511,999,3,0.24,0.08,0.05,0.1,48,-33,-5,0,3.12,0.12,0.0105,0.0333,34.28,40.13,24.89
595.827,before,-7.2,52.1375471,21.1603531,87.29,52.1375484,21.1603553,28,0.48,0.749,255,0.0,0.1676,-0.114,0.0179,2.947,4.503,5.7,-3.75,220.68,0.05,0.0,0.05,0.0,112511,999,3,0.24,0.08,0.05,0.1,48,-96,-50,0,3.12,0.12,0.007,0.0286,33.36,35.76,25.69
595.927,before,-7.1,52.1375468,21.1603523,87.28,52.1375476,21.1603537,28,0.48,0.671,255,0.0,0.1677,-0.0848,0.0018,2.955,4.499,5.29,-3.9,221.64,0.04,0.0,0.06,0.0,112511,999,3,0.24,0.08,0.0,0.04,48,148,-5,0,3.1,0.09,0.0108,0.0406,29.73,36.16,22.5
596.027,before,-7.0,52.1375465,21.1603514,87.28,52.1375476,21.1603537,28,0.48,0.671,255,-0.1677,0.1677,-0.1439,0.0266,2.96,4.492,4.34,-3.9,222.16,0.04,0.0,0.07,0.0,112511,999,3,0.24,0.08,0.0,0.04,48,209,-36,0,3.1,0.07,0.0073,0.0335,32.62,39.39,26.09
596.127,before,-6.9,52.1375461,21.1603506,87.26,52.1375469,21.160352,28,0.48,0.701,255,0.0,0.0,0.0507,0.1327,2.964,4.479,4.44,-3.46,222.47,0.07,0.01,0.04,0.0,112511,999,3,0.24,0.08,0.1,0.03,48,-288,98,0,3.08,0.05,0.0123,0.0433,34.22,38.76,25.71
596.227,before,-6.8,52.1375458,21.1603499,87.25,52.1375469,21.160352,28,0.48,0.701,255,0.0,0.3353,0.0404,0.1487,2.95,4.468,4.68,-2.52,222.61,0.07,0.01,0.03,0.01,112511,999,3,0.24,0.08,0.1,0.03,48,-179,-207,0,3.08,0.04,0.0076,0.035,35.26,36.1,28.88
596.327,before,-6.7,52.1375455,21.1603492,87.24,52.1375463,21.1603505,28,0.48,0.582,255,0.0,0.503,-0.0595,0.163,2.97,4.456,4.63,-1.77,222.4,0.03,0.0,0.05,0.02,112511,999,3,0.24,0.08,-0.02,0.0,48,52,-120,0,3.06,0.02,0.0072,0.0378,35.03,36.16,25.78
596.427,before,-6.6,52.1375452,21.1603485,87.23,52.1375463,21.1603505,28,0.48,0.582,255,0.1677,0.503,0.1023,0.1322,2.982,4.447,4.97,-0.65,222.03,0.03,0.0,0.04,0.01,112511,999,3,0.24,0.08,-0.02,0.0,48,-27,-79,0,3.06,0.02,0.0049,0.0297,34.34,36.25,25.76
596.527,before,-6.499,52.1375449,21.160348,87.23,52.1375457,21.1603493,28,0.48,0.561,255,0.0,0.3353,0.0216,0.3332,2.984,4.447,5.54,0.8,221.69,0.06,0.01,0.0,0.0,112511,999,3,0.24,0.08,0.11,-0.04,48,-126,-224,0,3.07,0.02,0.0066,0.0123,33.83,37.9,25.91
596.627,before,-6.399,52.1375447,21.1603474,87.24,52.1375457,21.1603493,28,0.48,0.561,255,0.0,0.0,0.0064,-0.0773,2.998,4.453,5.7,0.97,221.44,0.06,0.01,0.0,0.01,112511,999,3,0.24,0.08,0.11,-0.04,48,47,232,0,3.08,0.02,0.0039,0.0064,32.52,39.42,25.31
596.727,before,-6.3,52.1375445,21.1603469,87.24,52.1375452,21.1603482,28,0.48,0.408,255,-0.1677,0.1677,-0.0874,0.1326,3.004,4.46,5.27,1.32,221.42,0.01,0.0,0.02,0.0,112511,999,3,0.24,0.08,-0.02,0.03,48,-33,-181,0,3.08,0.01,0.0012,0.0076,33.04,39.02,24.52
596.827,before,-6.2,52.1375444,21.1603465,87.25,52.1375452,21.1603482,28,0.48,0.408,255,-0.1677,0.0,-0.0772,-0.029,3.01,4.465,4.89,1.63,221.27,0.01,0.0,0.01,0.01,112511,999,3,0.24,0.08,-0.02,0.03,48,-4,86,0,3.09,0.01,0.002,0.0054,26.96,34.3,21.37
596.927,before,-6.1,52.1375444,21.1603461,87.25,52.137545,21.1603472,28,0.48,0.323,255,-0.3354,0.0,-0.1973,-0.0223,3.042,4.467,3.79,1.67,221.15,0.05,0.0,0.02,0.0,112511,999,3,0.24,0.07,-0.02,0.04,48,40,113,0,3.08,0.0,0.0076,0.023,29.35,33.61,21.79
597.027,before,-6.0,52.1375445,21.1603457,87.25,52.137545,21.1603472,28,0.48,0.323,255,-0.1677,-0.1677,-0.006,-0.1693,3.056,4.467,3.27,0.96,220.96,0.05,0.0,0.0,0.01,112511,999,3,0.24,0.07,-0.02,0.04,48,-270,36,0,3.09,0.0,0.0054,0.0136,31.08,34.95,25.29
597.127,before,-5.899,52.1375446,21.1603454,87.25,52.1375452,21.1603464,28,0.48,0.243,255,0.0,-0.1677,0.0481,-0.0647,3.05,4.468,3.47,0.29,220.99,0.02,0.0,0.0,0.01,112511,999,3,0.24,0.09,-0.05,0.0,48,-94,-43,0,3.09,-0.03,0.0089,0.0145,29.85,35.58,23.96
597.227,before,-5.8,52.1375448,21.1603452,87.26,52.1375452,21.1603464,28,0.48,0.243,255,0.0,0.0,0.1114,-0.1168,3.062,4.473,3.83,0.13,221.22,0.02,0.0,0.03,0.01,112511,999,3,0.24,0.09,-0.05,0.0,48,37,-30,0,3.11,-0.03,0.0071,0.0126,27.29,33.08,19.89
597.327,before,-5.7,52.1375449,21.1603451,87.26,52.1375455,21.1603458,28,0.48,0.226,255,0.0,-0.3352,0.0575,-0.4414,3.05,4.474,4.5,-2.05,221.51,0.03,0.0,0.01,0.01,112511,999,3,0.24,0.09,0.02,0.07,48,-122,202,0,3.11,-0.01,0.0075,0.0104,30.86,33.29,23.44
597.427,before,-5.6,52.1375451,21.1603449,87.25,52.1375455,21.1603458,28,0.48,0.226,255,-0.1677,-0.1677,-0.2474,-0.1971,3.046,4.467,3.3,-3.62,222.03,0.03,0.0,0.01,0.01,112511,999,3,0.24,0.09,0.02,0.07,48,294,173,0,3.11,-0.01,0.0051,0.0074,30.08,37.61,24.96
597.527,before,-5.499,52.1375454,21.1603449,87.24,52.1375459,21.1603455,28,0.48,0.217,255,-0.503,-0.1677,-0.2149,-0.118,3.038,4.459,1.91,-4.3,222.77,0.03,0.0,0.05,0.01,112511,999,3,0.24,0.12,-0.02,-0.04,48,-347,-29,0,3.11,-0.01,0.0061,0.0093,34.2,37.97,25.48
597.627,before,-5.4,52.1375456,21.1603449,87.24,52.1375459,21.1603455,28,0.48,0.217,255,0.1677,-0.1677,0.0962,0.0096,3.024,4.453,2.19,-4.77,223.44,0.03,0.0,0.04,0.01,112511,999,3,0.24,0.12,-0.02,-0.04,48,-67,10,0,3.1,-0.01,0.0051,0.0093,33.58,37.15,27.3
597.727,before,-5.3,52.1375458,21.1603449,87.23,52.1375464,21.1603455,28,0.48,0.22,255,0.0,0.0,0.0928,0.0236,3.026,4.445,2.5,-4.78,224.17,0.03,0.0,0.03,0.0,108415,999,3,0.24,0.1,0.02,-0.01,48,2,76,0,3.08,-0.01,0.0043,0.0153,36.13,43.35,27.28
597.827,before,-5.2,52.1375459,21.160345,87.21,52.1375464,21.1603455,28,0.48,0.22,255,0.0,-0.1676,0.1254,-0.2328,3.028,4.424,3.04,-5.72,224.87,0.03,0.0,0.07,0.05,108415,999,3,0.24,0.1,0.02,-0.01,48,117,89,0,3.03,-0.07,0.0062,0.0427,35.86,45.28,28.45
597.927,before,-5.1,52.137546,21.1603451,87.17,52.1375468,21.1603456,28,0.48,0.184,255,0.0,0.0,-0.0324,0.0261,3.028,4.388,2.93,-6.0,225.32,0.03,0.01,0.09,0.14,108415,999,3,0.24,0.1,-0.08,0.03,48,82,76,0,2.97,-0.13,0.0144,0.0771,35.53,40.92,26.37
598.027,before,-5.0,52.1375462,21.1603451,87.14,52.1375468,21.1603456,28,0.48,0.184,255,0.0,0.0,0.1487,-0.0271,3.026,4.352,3.32,-5.62,225.71,0.03,0.01,0.05,0.16,108415,999,3,0.24,0.1,-0.08,0.03,48,-3,-206,0,2.94,-0.16,0.0116,0.0734,35.56,43.4,26.98
598.127,before,-4.9,52.1375463,21.1603452,87.11,52.1375471,21.1603457,28,0.48,0.128,255,0.1677,-0.3354,0.0182,-0.2193,3.036,4.322,4.21,-7.02,225.82,0.02,0.01,0.0,0.17,108415,999,3,0.24,0.09,0.01,-0.04,48,-62,279,0,2.94,-0.16,0.009,0.0472,39.54,40.94,29.36
598.227,before,-4.8,52.1375464,21.1603454,87.07,52.1375471,21.1603457,28,0.48,0.128,255,-0.1677,0.0,-0.0458,0.0469,3.028,4.282,3.72,-7.11,225.63,0.02,0.01,0.1,0.13,108415,999,3,0.24,0.09,0.01,-0.04,48,122,100,0,2.88,-0.16,0.0095,0.0692,41.13,40.01,28.45
598.327,before,-4.7,52.1375464,21.1603456,87.02,52.1375472,21.1603459,28,0.48,0.14,255,0.0,0.0,0.0879,0.0356,3.028,4.238,3.95,-6.81,225.08,0.03,0.0,0.08,0.09,108415,999,3,0.24,0.07,0.07,-0.03,48,-15,0,0,2.84,-0.26,0.0086,0.0711,35.18,38.24,28.06
598.427,before,-4.6,52.1375464,21.1603457,86.98,52.1375472,21.1603459,28,0.48,0.14,255,0.0,0.0,0.0168,-0.0236,3.016,4.195,4.27,-6.68,224.11,0.03,0.0,0.06,0.0,108415,999,3,0.24,0.07,0.07,-0.03,48,105,-15,0,2.81,-0.29,0.0073,0.0649,37.03,39.01,29.63
598.527,before,-4.499,52.1375464,21.160346,86.94,52.1375472,21.1603463,28,0.48,0.143,255,0.3353,0.1676,0.0562,0.065,3.01,4.155,4.66,-6.37,222.78,0.02,0.0,0.09,0.01,108415,999,3,0.24,0.08,-0.02,-0.02,48,-74,-12,0,2.78,-0.3,0.0072,0.0638,36.16,40.0,27.66
598.627,before,-4.4,52.1375464,21.1603462,86.9,52.1375472,21.1603463,28,0.48,0.143,255,0.0,0.0,0.1105,-0.076,3.002,4.115,5.41,-6.19,221.38,0.02,0.0,0.09,0.01,108415,999,3,0.24,0.08,-0.02,-0.02,48,-21,111,0,2.74,-0.34,0.0072,0.0681,44.1,40.28,32.65
598.727,before,-4.3,52.1375463,21.1603463,86.86,52.1375471,21.1603466,28,0.48,0.114,255,0.1677,0.0,0.0973,0.009,2.998,4.077,5.98,-6.36,219.99,0.04,0.0,0.06,0.01,108415,999,3,0.24,0.11,0.03,0.02,48,53,61,0,2.72,-0.35,0.0087,0.0662,44.9,42.84,32.46
598.827,before,-4.2,52.1375462,21.1603464,86.82,52.1375471,21.1603466,28,0.48,0.114,255,0.1677,0.0,0.0216,0.015,3.008,4.039,6.4,-6.19,218.53,0.04,0.0,0.07,0.0,108415,999,3,0.24,0.11,0.03,0.02,48,247,8,0,2.69,-0.35,0.0071,0.0592,39.69,43.95,30.34
598.927,before,-4.1,52.1375461,21.1603466,86.8,52.1375469,21.1603468,28,0.48,0.151,255,0.0,0.0,-0.0655,0.0945,3.012,4.014,6.47,-5.47,217.13,0.01,0.0,0.0,0.0,108415,999,3,0.24,0.09,0.01,0.02,48,-76,-41,0,2.71,-0.36,0.0032,0.0249,38.45,41.1,30.2
599.027,before,-4.0,52.137546,21.1603467,86.78,52.1375469,21.1603468,28,0.48,0.151,255,0.0,0.0,0.0674,-0.049,3.012,3.996,6.68,-5.51,215.72,0.01,0.0,0.04,0.02,108415,999,3,0.24,0.09,0.01,0.02,48,-13,-52,0,2.7,-0.36,0.0018,0.0185,41.94,43.35,31.74
599.127,before,-3.9,52.1375458,21.1603468,86.77,52.1375466,21.1603471,28,0.48,0.177,255,0.1677,0.0,0.0299,0.0109,3.03,3.983,7.04,-5.27,214.38,0.02,0.0,0.04,0.01,108415,999,3,0.24,0.1,-0.02,-0.01,48,-21,-8,0,2.71,-0.37,0.0027,0.007,42.65,51.37,34.86
599.227,before,-3.799,52.1375457,21.1603469,86.76,52.1375466,21.1603471,28,0.48,0.177,255,0.1677,0.0,0.0876,0.0198,3.044,3.972,7.62,-5.03,212.97,0.02,0.0,0.03,0.01,108415,999,3,0.24,0.1,-0.02,-0.01,48,46,-9,0,2.71,-0.38,0.0023,0.0023,41.04,48.39,31.22
599.327,before,-3.7,52.1375456,21.1603471,86.75,52.1375464,21.1603474,28,0.48,0.139,255,0.0,0.0,-0.0521,-0.0737,3.058,3.968,7.6,-4.95,211.33,0.02,0.0,0.02,0.03,108415,999,3,0.24,0.1,-0.02,-0.03,48,98,-43,0,2.75,-0.35,0.0076,0.0252,39.22,48.05,31.24
599.427,before,-3.6,52.1375455,21.1603473,86.75,52.1375464,21.1603474,28,0.48,0.139,255,0.0,0.0,-0.0201,-0.0673,3.062,3.967,7.42,-4.98,209.48,0.02,0.0,0.04,0.02,108415,999,3,0.24,0.1,-0.02,-0.03,48,13,-154,0,2.75,-0.36,0.0055,0.0191,38.22,50.55,32.03
599.527,before,-3.499,52.1375454,21.1603474,86.75,52.1375461,21.1603476,28,0.48,0.133,255,0.3353,0.1677,0.1583,0.052,3.08,3.969,8.51,-4.79,207.46,0.02,0.0,0.01,0.02,108415,999,3,0.23,0.1,0.03,0.0,48,-90,35,0,2.77,-0.35,0.0056,0.0245,45.07,62.47,36.74
599.627,before,-3.4,52.1375452,21.1603475,86.77,52.1375461,21.1603476,28,0.48,0.133,255,0.1677,0.1677,0.307,0.1405,3.11,3.981,9.86,-3.74,205.88,0.02,0.0,0.08,0.01,108415,999,3,0.23,0.1,0.03,0.0,48,-49,-202,0,2.82,-0.31,0.0085,0.0555,43.17,56.98,32.41
599.727,before,-3.3,52.1375451,21.1603476,86.78,52.1375458,21.1603478,28,0.48,0.17,255,0.1676,0.1676,-0.0521,0.0007,3.122,3.993,10.33,-3.1,204.65,0.02,0.0,0.02,0.04,108415,999,3,0.23,0.09,0.05,0.04,48,208,66,0,2.85,-0.3,0.0108,0.0606,48.55,54.35,30.13
599.827,before,-3.2,52.137545,21.1603477,86.79,52.1375458,21.1603478,28,0.48,0.17,255,-0.1677,0.0,-0.2894,0.0375,3.126,4.001,9.57,-3.1,203.65,0.02,0.0,0.02,0.05,108415,999,3,0.23,0.09,0.05,0.04,48,106,23,0,2.85,-0.3,0.0077,0.0463,50.84,54.31,32.2
599.927,before,-3.1,52.137545,21.1603477,86.8,52.1375456,21.1603478,28,0.48,0.042,255,0.0,-0.1677,-0.0201,-0.1805,3.13,4.014,9.2,-3.63,202.92,0.05,0.0,0.04,0.01,108415,999,3,0.23,0.12,-0.05,0.11,48,39,119,0,2.87,-0.29,0.0133,0.0528,46.61,61.81,35.89
600.027,before,-3.0,52.137545,21.1603477,86.82,52.1375456,21.1603478,28,0.48,0.042,255,0.0,0.0,0.1446,0.118,3.12,4.039,9.45,-3.63,202.43,0.05,0.0,0.11,0.01,108415,999,3,0.23,0.12,-0.05,0.11,48,-48,-3,0,2.92,-0.25,0.0122,0.0776,57.41,66.47,36.72
600.127,before,-2.9,52.137545,21.1603476,86.85,52.1375455,21.1603476,28,0.48,0.118,255,0.1677,0.0,0.0778,-0.011,3.14,4.066,10.45,-3.34,202.29,0.03,0.0,0.09,0.0,108415,999,3,0.23,0.08,0.04,0.07,48,-215,56,0,2.96,-0.2,0.0163,0.0883,49.3,53.65,32.35
600.227,before,-2.8,52.1375451,21.1603474,86.86,52.1375455,21.1603476,28,0.48,0.118,255,0.0,-0.1677,-0.1161,-0.1126,3.136,4.078,10.0,-3.7,202.33,0.03,0.0,0.04,0.02,108415,999,3,0.23,0.08,0.04,0.07,48,45,35,0,2.96,-0.21,0.0101,0.0576,42.35,47.97,28.74
600.327,before,-2.7,52.137545,21.1603473,86.86,52.1375454,21.1603474,28,0.48,0.07,255,-0.3353,-0.1677,-0.2256,0.0521,3.114,4.078,8.95,-3.79,202.3,0.02,0.01,0.03,0.01,108415,999,3,0.23,0.09,0.02,0.01,48,-146,99,0,2.94,-0.23,0.0075,0.0342,41.55,48.75,30.64
600.427,before,-2.6,52.1375451,21.1603472,86.86,52.1375454,21.1603474,28,0.48,0.07,255,-0.1677,0.0,-0.0343,-0.1081,3.088,4.072,8.44,-4.06,202.22,0.02,0.01,0.04,0.01,108415,999,3,0.23,0.09,0.02,0.01,48,-326,211,0,2.93,-0.24,0.0041,0.018,42.21,49.43,30.99
600.527,before,-2.5,52.1375452,21.160347,86.85,52.1375454,21.160347,28,0.48,0.19,255,-0.1677,0.0,-0.1567,0.0029,3.082,4.066,7.9,-4.46,202.05,0.04,0.01,0.03,0.04,108415,999,3,0.23,0.07,-0.03,0.12,48,-87,-13,0,2.92,-0.22,0.0109,0.0189,46.33,56.97,33.46
600.627,before,-2.4,52.1375454,21.1603467,86.85,52.1375454,21.160347,28,0.48,0.19,255,0.0,-0.1677,0.0357,-0.2,3.082,4.069,8.19,-4.98,201.5,0.04,0.01,0.1,0.0,108415,999,3,0.23,0.07,-0.03,0.12,48,-77,83,0,2.95,-0.17,0.0084,0.0419,51.53,60.84,33.59
600.727,before,-2.3,52.1375455,21.1603465,86.86,52.1375456,21.1603465,28,0.48,0.227,255,-0.3354,-0.1677,-0.1876,0.0757,3.08,4.074,7.51,-5.2,201.06,0.01,0.01,0.05,0.01,108415,999,3,0.23,0.08,0.01,0.03,48,14,118,0,2.98,-0.15,0.0096,0.0492,46.08,47.93,33.1
600.827,before,-2.2,52.1375456,21.1603463,86.86,52.1375456,21.1603465,28,0.48,0.227,255,0.0,0.0,-0.0256,-0.0516,3.064,4.078,7.15,-4.95,200.63,0.01,0.01,0.0,0.01,108415,999,3,0.23,0.08,0.01,0.03,48,52,0,0,2.97,-0.15,0.0061,0.0385,50.81,56.2,36.44
600.927,before,-2.1,52.1375458,21.1603461,86.86,52.1375457,21.160346,28,0.48,0.138,255,0.0,-0.1676,0.0056,-0.1419,3.06,4.078,7.32,-5.54,199.97,0.05,0.02,0.04,0.02,108415,999,3,0.23,0.1,0.07,0.03,48,12,-14,0,2.95,-0.17,0.0107,0.0221,52.94,57.8,39.62
601.027,before,-2.0,52.1375459,21.1603459,86.87,52.1375457,21.160346,28,0.48,0.138,255,-0.1677,-0.1677,-0.1213,-0.0236,3.06,4.081,7.15,-5.94,199.15,0.05,0.02,0.07,0.0,108415,999,3,0.23,0.1,0.07,0.03,48,6,200,0,2.97,-0.17,0.0067,0.0347,54.9,63.27,38.36
601.127,before,-1.9,52.1375459,21.1603457,86.87,52.1375458,21.1603456,28,0.5,0.239,255,0.0,0.1677,-0.0331,0.0747,3.056,4.087,6.57,-5.5,198.42,0.03,0.02,0.01,0.02,108415,999,3,0.23,0.07,0.0,0.06,48,212,-5,0,2.98,-0.13,0.0103,0.0379,48.58,54.45,32.03
601.227,before,-1.8,52.137546,21.1603455,86.88,52.1375458,21.1603456,28,0.5,0.239,255,0.0,0.1677,0.0015,0.1072,3.045,4.1,6.57,-4.54,197.57,0.03,0.02,0.03,0.01,108415,999,3,0.23,0.07,0.0,0.06,48,-182,137,0,2.99,-0.11,0.0071,0.0374,44.63,52.54,33.74
601.327,before,-1.7,52.1375461,21.1603453,86.9,52.1375459,21.160345,28,0.5,0.172,255,0.1677,-0.1677,0.0839,-0.2696,3.05,4.113,7.43,-5.52,196.27,0.03,0.02,0.03,0.0,108415,999,3,0.23,0.07,0.09,0.03,48,-95,156,0,3.01,-0.1,0.0142,0.0437,60.93,58.4,36.14
601.427,before,-1.6,52.1375461,21.1603452,86.9,52.1375459,21.160345,28,0.5,0.172,255,0.0,-0.1677,-0.0489,0.0005,3.05,4.118,7.39,-5.99,195.14,0.03,0.02,0.0,0.01,108415,999,3,0.23,0.07,0.09,0.03,48,25,51,0,3.02,-0.1,0.0088,0.034,47.73,51.12,31.86
601.527,before,-1.5,52.1375461,21.160345,86.91,52.1375459,21.1603445,28,0.5,0.173,255,0.0,0.0,-0.068,0.0591,3.05,4.12,6.91,-5.44,194.13,0.06,0.02,0.0,0.01,108415,999,3,0.23,0.07,0.11,0.13,48,-39,-85,0,3.02,-0.08,0.0174,0.0364,45.15,47.74,30.64
601.627,before,-1.4,52.1375461,21.1603449,86.91,52.1375459,21.1603445,28,0.5,0.173,255,0.1677,0.0,0.0968,-0.0293,3.04,4.122,7.57,-5.39,193.11,0.06,0.02,0.01,0.0,108415,999,3,0.23,0.07,0.11,0.13,48,-115,195,0,3.02,-0.08,0.0101,0.0274,51.42,55.89,34.35
601.727,before,-1.3,52.137546,21.1603449,86.9,52.137546,21.1603442,28,0.5,0.106,255,0.0,0.0,0.0015,0.0871,3.02,4.116,7.79,-4.85,192.06,0.03,0.02,0.0,0.02,108415,999,3,0.23,0.1,0.07,0.02,48,142,-62,0,3.01,-0.08,0.0141,0.0273,51.09,54.36,34.97
601.827,before,-1.2,52.137546,21.1603449,86.89,52.137546,21.1603442,28,0.5,0.106,255,0.0,0.1677,0.071,0.0714,3.004,4.104,8.01,-4.42,190.81,0.03,0.02,0.04,0.01,108415,999,3,0.23,0.1,0.07,0.02,48,-26,-7,0,2.99,-0.08,0.0077,0.0139,49.35,52.2,33.01
601.927,before,-1.099,52.1375459,21.1603449,86.87,52.1375461,21.160344,28,0.5,0.033,255,-0.1676,-0.1676,-0.0515,-0.0081,2.984,4.09,8.06,-4.1,189.54,0.05,0.02,0.01,0.03,108415,999,3,0.23,0.13,0.03,0.08,48,411,1,0,2.97,-0.08,0.0131,0.023,52.04,62.97,36.47
602.027,before,-1.0,52.1375459,21.1603449,86.86,52.1375461,21.160344,28,0.5,0.033,255,0.0,0.0,0.0613,-0.0212,2.966,4.074,8.56,-4.12,188.35,0.05,0.02,0.02,0.01,108415,999,3,0.23,0.13,0.03,0.08,48,45,57,0,2.95,-0.08,0.0067,0.0145,56.72,69.13,38.56
602.127,before,-0.9,52.1375459,21.160345,86.84,52.1375459,21.1603441,27,0.51,0.142,255,0.1677,0.0,0.0539,-0.0006,2.96,4.056,9.31,-4.06,187.37,0.06,0.02,0.02,0.03,108415,999,3,0.23,0.12,0.14,0.04,48,9,10,0,2.93,-0.08,0.0181,0.0323,58.43,71.8,39.02
602.227,before,-0.8,52.1375458,21.1603451,86.83,52.1375459,21.1603441,27,0.51,0.142,255,0.0,0.0,-0.0849,0.0297,2.942,4.042,8.61,-3.75,186.29,0.06,0.02,0.0,0.02,108415,999,3,0.23,0.12,0.14,0.04,48,24,-21,0,2.92,-0.08,0.01,0.0195,61.14,72.7,39.15
602.327,before,-0.7,52.1375457,21.1603451,86.83,52.1375458,21.1603443,27,0.51,0.094,255,0.0,0.0,0.1728,-0.0461,2.938,4.043,9.7,-3.75,185.22,0.06,0.02,0.02,0.03,108415,999,3,0.23,0.1,0.16,0.04,48,-8,5,0,2.92,-0.06,0.0202,0.0292,63.34,69.57,41.06
602.427,before,-0.6,52.1375456,21.1603452,86.84,52.1375458,21.1603443,27,0.51,0.094,255,0.0,0.1677,-0.0317,0.1286,2.952,4.054,10.19,-3.44,184.5,0.06,0.02,0.07,0.04,108415,999,3,0.23,0.1,0.16,0.04,48,168,42,0,2.95,-0.03,0.0117,0.0274,60.22,64.81,38.82
602.527,before,-0.5,52.1375455,21.1603452,86.85,52.1375456,21.1603442,28,0.5,0.203,255,0.1677,0.3353,0.0733,0.1127,2.94,4.066,10.08,-2.53,183.95,0.07,0.02,0.0,0.03,108415,999,3,0.23,0.1,0.14,0.12,48,54,-10,0,2.95,-0.03,0.0197,0.0311,49.46,58.71,33.24
602.627,before,-0.4,52.1375453,21.1603452,86.86,52.1375456,21.1603442,28,0.5,0.203,255,0.0,0.1676,-0.025,0.0988,2.952,4.077,10.29,-1.84,183.45,0.07,0.02,0.0,0.03,108415,999,3,0.23,0.1,0.14,0.12,48,38,37,0,2.96,-0.02,0.01,0.0186,51.37,62.21,34.31
602.727,before,-0.3,52.1375451,21.1603451,86.86,52.1375453,21.1603441,28,0.48,0.254,255,0.0,0.0,-0.1013,0.0069,2.95,4.078,9.73,-1.64,183.13,0.09,0.02,0.07,0.03,108415,999,3,0.23,0.1,0.24,0.05,48,67,-40,0,2.94,-0.03,0.0236,0.0351,50.0,60.46,33.89
602.827,before,-0.2,52.137545,21.1603451,86.87,52.1375453,21.1603441,28,0.48,0.254,255,0.0,0.1677,0.0389,0.0466,2.958,4.087,9.78,-1.54,182.85,0.09,0.02,0.05,0.07,108415,999,3,0.23,0.1,0.24,0.05,48,-180,-5,0,2.96,-0.02,0.0123,0.0184,50.67,58.16,34.44
602.927,before,-0.1,52.1375449,21.160345,86.89,52.137545,21.160344,28,0.48,0.116,255,0.0,0.0,-0.06,-0.0195,2.964,4.104,9.68,-1.55,182.59,0.04,0.02,0.08,0.01,108415,1507,3,0.23,0.1,0.07,0.0,48,-5,4,0,2.99,0.0,0.0134,0.028,47.85,58.9,34.05
603.027,flow_only,0.001,52.1375447,21.160345,86.91,52.137545,21.160344,28,0.48,0.116,255,0.0,0.1677,0.0585,0.0583,2.974,4.125,9.65,-1.28,182.54,0.04,0.02,0.09,0.02,108415,1507,3,0.23,0.1,0.07,0.0,48,-167,104,0,3.03,0.03,0.0073,0.0363,43.46,54.23,30.7
603.128,flow_only,0.101,52.1375447,21.160345,86.92,52.1375448,21.1603437,28,0.48,0.225,255,0.0,0.0,-0.0344,0.0353,2.982,4.137,9.63,-0.94,182.64,0.04,0.02,0.03,0.03,108415,1507,3,0.23,0.09,0.07,0.0,48,39,285,0,3.03,0.01,0.0119,0.0215,45.32,52.06,29.95
603.227,flow_only,0.2,52.1375446,21.1603449,86.92,52.1375448,21.1603437,28,0.48,0.225,255,0.0,0.0,0.008,0.051,2.978,4.137,9.6,-0.79,182.67,0.04,0.02,0.06,0.08,108415,1507,3,0.23,0.09,0.07,0.0,48,26,174,0,3.02,0.0,0.0139,0.0178,46.94,55.71,31.76
603.327,flow_only,0.3,52.1375444,21.1603449,86.91,52.1375447,21.1603433,28,0.5,0.078,255,-0.1677,0.0,-0.1742,-0.1351,2.982,4.129,9.14,-1.03,182.63,0.04,0.02,0.05,0.08,108415,1507,3,0.23,0.11,0.07,0.0,48,-22,113,0,3.0,-0.01,0.0159,0.0239,45.74,58.32,32.41
603.427,flow_only,0.4,52.1375444,21.1603449,86.9,52.1375447,21.1603433,28,0.5,0.078,255,0.0,0.0,0.0169,0.0548,2.958,4.118,8.76,-1.37,182.55,0.04,0.02,0.06,0.04,108415,1507,3,0.23,0.11,0.07,0.0,48,142,-1,0,2.98,-0.03,0.0188,0.0332,49.23,63.7,35.39
603.527,flow_only,0.501,52.1375443,21.1603449,86.89,52.1375448,21.160343,28,0.5,0.032,255,0.0,0.0,0.052,-0.0222,2.954,4.106,8.89,-1.25,182.43,0.04,0.02,0.04,0.02,108415,1507,3,0.23,0.13,0.07,0.0,48,5,116,0,2.96,-0.05,0.0111,0.0299,53.07,68.34,35.81
603.627,flow_only,0.6,52.1375443,21.1603449,86.88,52.1375448,21.160343,28,0.5,0.032,255,-0.1677,0.0,-0.0647,-0.0782,2.95,4.099,8.73,-1.5,182.3,0.04,0.02,0.02,0.03,108415,1507,3,0.23,0.13,0.07,0.0,48,186,50,0,2.96,-0.04,0.0148,0.0292,49.36,64.33,36.12
603.727,flow_only,0.7,52.1375443,21.1603448,86.88,52.1375449,21.1603428,28,0.5,0.061,255,0.1677,0.0,0.093,-0.0033,2.952,4.097,9.47,-2.02,182.13,0.04,0.02,0.02,0.02,108415,1507,3,0.23,0.14,0.07,0.0,48,-282,191,0,2.97,-0.03,0.0213,0.0311,49.17,62.73,35.09
603.827,flow_only,0.8,52.1375443,21.1603447,86.88,52.1375449,21.1603428,28,0.5,0.061,255,0.0,0.1677,0.04,0.1015,2.95,4.095,9.92,-1.55,182.11,0.04,0.02,0.01,0.01,108415,1507,3,0.23,0.14,0.07,0.0,48,-94,-37,0,2.97,-0.03,0.0102,0.0161,46.81,56.26,33.0
603.927,flow_only,0.9,52.1375443,21.1603445,86.87,52.1375451,21.1603425,28,0.5,0.088,255,-0.1676,0.0,-0.2666,0.0846,2.97,4.087,8.82,-0.91,181.96,0.04,0.02,0.07,0.0,108415,1507,3,0.23,0.14,0.07,0.0,48,59,-97,0,2.95,-0.04,0.0039,0.0209,43.84,50.99,29.67
604.028,flow_only,1.001,52.1375443,21.1603444,86.87,52.1375451,21.1603425,28,0.5,0.088,255,-0.1677,-0.1677,-0.0021,-0.1117,2.942,4.08,8.1,-1.21,181.66,0.04,0.02,0.06,0.06,108415,1507,3,0.23,0.14,0.07,0.0,48,-197,143,0,2.93,-0.04,0.021,0.0423,47.93,54.93,31.86
604.128,flow_only,1.101,52.1375444,21.1603442,86.87,52.1375454,21.1603422,28,0.5,0.088,255,0.0,0.0,0.0579,-0.1008,2.96,4.085,8.34,-1.68,181.05,0.04,0.02,0.05,0.03,108415,1507,3,0.23,0.11,0.07,0.0,48,-2,-39,0,2.96,-0.05,0.007,0.0115,53.99,64.21,37.13
604.227,flow_only,1.2,52.1375445,21.1603441,86.89,52.1375454,21.1603422,28,0.5,0.088,255,0.0,-0.1677,-0.075,-0.0063,2.976,4.101,8.3,-1.94,180.35,0.04,0.02,0.08,0.03,108415,1507,3,0.23,0.11,0.07,0.0,48,-95,210,0,3.0,0.0,0.0124,0.028,51.75,65.07,36.7
604.327,flow_only,1.3,52.1375446,21.160344,86.91,52.1375457,21.160342,28,0.5,0.118,255,0.1677,-0.3354,0.0513,-0.2889,2.976,4.127,8.31,-2.88,179.74,0.04,0.02,0.06,0.04,108415,1507,3,0.23,0.14,0.07,0.0,48,70,118,0,3.03,0.0,0.0089,0.0349,50.04,58.07,34.37
604.427,flow_only,1.4,52.1375445,21.1603439,86.95,52.1375457,21.160342,28,0.5,0.118,255,0.1677,0.0,0.0989,0.0949,2.986,4.163,8.92,-3.26,179.44,0.04,0.02,0.16,0.03,108415,1507,3,0.23,0.14,0.07,0.0,48,-75,-14,0,3.1,0.06,0.0184,0.0691,48.73,58.58,34.06
604.527,flow_only,1.501,52.1375446,21.1603437,86.97,52.137546,21.1603419,28,0.5,0.128,255,0.0,0.0,-0.0424,0.1484,2.992,4.188,8.84,-2.26,179.23,0.04,0.02,0.0,0.03,108415,1507,3,0.23,0.13,0.07,0.0,48,-30,-116,0,3.11,0.08,0.0158,0.05,40.23,45.81,28.56
604.627,flow_only,1.6,52.1375447,21.1603437,86.99,52.137546,21.1603419,28,0.5,0.128,255,-0.1677,0.0,-0.0187,0.0433,2.99,4.201,8.6,-1.9,178.94,0.04,0.02,0.07,0.0,108415,1507,3,0.23,0.13,0.07,0.0,48,73,-26,0,3.1,0.08,0.0131,0.0242,38.56,44.81,26.12
604.727,flow_only,1.7,52.1375448,21.1603437,86.99,52.1375464,21.1603418,28,0.48,0.117,255,-0.1676,0.0,0.029,-0.0036,2.986,4.204,8.62,-1.66,178.8,0.04,0.02,0.05,0.02,108415,1507,3,0.23,0.13,0.07,0.0,48,-13,3,0,3.08,0.04,0.0135,0.0216,44.5,53.08,30.06
604.827,flow_only,1.8,52.1375449,21.1603436,86.98,52.1375464,21.1603418,28,0.48,0.117,255,0.0,-0.1677,-0.1232,-0.1088,2.978,4.2,8.32,-2.22,178.71,0.04,0.02,0.03,0.04,108415,1507,3,0.23,0.13,0.07,0.0,48,14,-2,0,3.07,0.03,0.0101,0.02,45.21,50.36,30.2
604.927,flow_only,1.9,52.1375451,21.1603436,86.98,52.1375466,21.1603418,28,0.48,0.11,255,0.1677,-0.1677,0.0791,0.0022,2.97,4.196,8.42,-2.39,178.57,0.04,0.02,0.0,0.02,108415,1507,3,0.23,0.12,0.07,0.0,48,-163,-72,0,3.07,0.03,0.0171,0.0309,44.71,51.45,29.97
605.027,flow_only,2.0,52.1375452,21.1603435,86.98,52.1375466,21.1603418,28,0.48,0.11,255,0.1677,0.0,0.028,-0.0601,2.956,4.197,8.83,-2.75,178.31,0.04,0.02,0.05,0.04,108415,1507,3,0.23,0.12,0.07,0.0,48,-102,-14,0,3.09,0.06,0.0195,0.0358,44.77,52.95,30.86
605.128,flow_only,2.101,52.1375454,21.1603434,86.97,52.1375469,21.1603418,28,0.48,0.119,255,0.0,0.0,0.0111,0.0366,2.946,4.188,8.66,-2.74,177.91,0.04,0.02,0.06,0.03,108415,1507,3,0.24,0.12,0.07,0.0,48,42,-80,0,3.06,0.06,0.0235,0.0425,47.37,57.13,32.47
605.228,flow_only,2.201,52.1375457,21.1603434,86.96,52.1375469,21.1603418,28,0.48,0.119,255,0.3353,-0.1677,-0.0013,-0.07,2.932,4.177,8.87,-2.55,177.51,0.04,0.02,0.04,0.02,108415,1507,3,0.24,0.12,0.07,0.0,48,-25,45,0,3.04,0.04,0.0183,0.0374,51.2,63.14,36.09
605.327,flow_only,2.3,52.137546,21.1603433,86.95,52.1375472,21.160342,28,0.48,0.233,255,0.1677,-0.3353,0.0638,-0.2329,2.928,4.166,9.13,-3.68,177.07,0.04,0.02,0.03,0.06,108415,1507,3,0.24,0.11,0.07,0.0,48,-10,216,0,3.03,0.04,0.0045,0.0218,54.91,65.51,37.76
605.427,flow_only,2.4,52.1375462,21.1603432,86.94,52.1375472,21.160342,28,0.48,0.233,255,0.0,-0.3353,0.023,-0.2161,2.94,4.158,9.23,-4.87,176.59,0.04,0.02,0.02,0.01,108415,1507,3,0.24,0.11,0.07,0.0,48,-29,113,0,3.02,0.03,0.0068,0.024,62.88,71.76,41.36
605.528,flow_only,2.501,52.1375463,21.1603433,86.93,52.1375476,21.1603423,28,0.48,0.222,255,0.1677,-0.1677,-0.0361,0.0795,2.948,4.149,9.36,-5.09,176.17,0.04,0.02,0.04,0.05,108415,1507,3,0.24,0.1,0.07,0.0,48,-105,120,0,3.0,0.02,0.0096,0.0307,60.92,68.18,39.15
605.627,flow_only,2.6,52.1375465,21.1603433,86.92,52.1375476,21.1603423,28,0.48,0.222,255,0.0,-0.1677,-0.0539,-0.1165,2.938,4.138,9.25,-5.03,175.9,0.04,0.02,0.04,0.0,108415,1507,3,0.24,0.1,0.07,0.0,48,-40,36,0,2.98,0.0,0.0101,0.0344,54.42,67.24,37.22
605.727,flow_only,2.7,52.1375466,21.1603433,86.91,52.137548,21.1603426,28,0.48,0.259,255,0.1677,-0.1677,0.1345,-0.0902,2.94,4.129,9.26,-5.82,175.58,0.04,0.02,0.06,0.05,108415,1507,3,0.24,0.1,0.07,0.0,48,-73,-193,0,2.97,-0.01,0.0078,0.034,53.25,66.8,38.96
605.827,flow_only,2.8,52.1375468,21.1603432,86.91,52.137548,21.1603426,28,0.48,0.259,255,0.1677,-0.1677,0.0577,-0.1097,2.952,4.122,9.8,-5.94,175.22,0.04,0.02,0.03,0.01,108415,1507,3,0.24,0.1,0.07,0.0,48,-151,59,0,2.96,-0.02,0.0115,0.0383,54.29,73.63,40.02
605.927,flow_only,2.9,52.1375469,21.1603432,86.9,52.1375485,21.1603428,28,0.48,0.186,255,-0.1677,-0.1677,-0.2059,-0.1051,2.964,4.118,8.9,-6.68,174.41,0.04,0.02,0.01,0.01,108415,1507,3,0.24,0.1,0.07,0.0,48,145,92,0,2.97,-0.01,0.0173,0.0396,45.85,60.58,33.76
606.027,flow_only,3.0,52.1375469,21.1603432,86.9,52.1375485,21.1603428,28,0.48,0.186,255,0.0,-0.1677,-0.0659,0.0227,2.978,4.113,8.56,-6.68,173.42,0.04,0.02,0.05,0.05,108415,1507,3,0.24,0.1,0.07,0.0,48,21,-74,0,2.96,-0.04,0.0185,0.0413,44.35,55.27,33.8
606.128,flow_only,3.101,52.137547,21.1603434,86.89,52.1375488,21.160343,28,0.48,0.178,255,0.0,0.1677,-0.0513,0.1668,2.97,4.106,8.32,-5.82,172.46,0.04,0.02,0.03,0.09,108415,1507,3,0.24,0.09,0.07,0.0,48,49,-86,0,2.96,-0.06,0.027,0.0552,43.55,49.63,32.66
606.228,flow_only,3.201,52.1375471,21.1603436,86.88,52.1375488,21.160343,28,0.48,0.178,255,0.0,0.0,-0.0106,-0.0049,2.958,4.095,8.49,-5.3,171.17,0.04,0.02,0.07,0.06,108415,1507,3,0.24,0.09,0.07,0.0,48,127,25,0,2.94,-0.08,0.0346,0.0739,41.54,53.04,32.5
606.327,flow_only,3.3,52.1375473,21.160344,86.87,52.1375489,21.1603432,28,0.48,0.058,255,0.0,0.1677,-0.0266,0.0062,2.958,4.082,8.39,-4.86,169.73,0.04,0.02,0.07,0.08,108415,1507,3,0.24,0.11,0.07,0.0,48,-8,-10,0,2.92,-0.09,0.0283,0.0662,42.97,57.36,34.57
606.427,flow_only,3.4,52.1375473,21.1603442,86.86,52.1375489,21.1603432,28,0.48,0.058,255,0.503,-0.3353,0.2197,0.0108,2.962,4.07,9.26,-4.66,168.26,0.04,0.02,0.03,0.09,108415,1507,3,0.24,0.11,0.07,0.0,48,-188,196,0,2.92,-0.09,0.0074,0.032,49.43,64.81,36.22
606.527,flow_only,3.5,52.137547,21.1603444,86.84,52.1375489,21.1603434,28,0.48,0.107,255,0.0,0.3353,-0.0811,0.1273,2.97,4.056,9.76,-3.74,167.0,0.04,0.02,0.06,0.09,108415,1507,3,0.24,0.1,0.07,0.0,48,-590,758,0,2.9,-0.1,0.0574,0.1256,52.32,67.67,36.98
606.627,flow_only,3.6,52.1375466,21.1603444,86.83,52.1375489,21.1603434,28,0.48,0.107,255,0.0,0.0,0.1167,-0.063,2.976,4.044,9.97,-3.6,165.74,0.04,0.02,0.03,0.11,108415,1507,3,0.24,0.1,0.07,0.0,48,30,65,0,2.9,-0.11,0.0289,0.0685,49.14,58.73,33.97
606.727,flow_only,3.7,52.1375463,21.1603444,86.82,52.1375486,21.1603437,28,0.48,0.213,255,0.0,0.3353,-0.1713,0.2798,2.984,4.037,9.87,-2.4,164.93,0.04,0.02,0.01,0.05,108415,1507,3,0.24,0.09,0.07,0.0,48,-76,-146,0,2.9,-0.11,0.0164,0.0412,50.61,61.92,33.57
606.827,flow_only,3.8,52.1375461,21.1603443,86.81,52.1375486,21.1603437,28,0.48,0.213,255,-0.1677,0.3353,-0.0843,0.1352,2.99,4.027,9.04,-1.0,164.13,0.04,0.02,0.08,0.06,108415,1507,3,0.24,0.09,0.07,0.0,48,-4,-179,0,2.88,-0.11,0.0137,0.0339,46.25,55.85,31.83
606.927,flow_only,3.9,52.1375459,21.1603442,86.8,52.1375482,21.160344,28,0.48,0.13,255,-0.1677,0.0,-0.126,-0.0389,2.992,4.017,8.64,-0.79,163.59,0.04,0.02,0.04,0.04,100223,1507,3,0.24,0.09,0.07,0.0,48,61,112,0,2.88,-0.15,0.0095,0.0325,49.25,53.0,31.01
607.027,flow_only,4.0,52.1375456,21.1603441,86.79,52.1375482,21.160344,28,0.48,0.13,255,-0.3353,0.0,-0.1114,-0.1023,2.992,4.009,7.85,-1.31,163.42,0.04,0.02,0.04,0.04,100223,1507,3,0.24,0.09,0.07,0.0,48,39,58,0,2.88,-0.16,0.0104,0.0308,45.7,56.76,31.69
607.127,flow_only,4.1,52.1375454,21.1603441,86.79,52.1375479,21.1603442,28,0.48,0.081,255,0.0,0.0,-0.0121,-0.086,2.996,4.008,7.67,-2.03,163.59,0.04,0.02,0.02,0.06,100223,1507,3,0.24,0.14,0.07,0.0,48,70,119,0,2.9,-0.15,0.0295,0.0644,44.02,55.01,31.75
607.228,flow_only,4.201,52.1375452,21.1603443,86.8,52.1375479,21.1603442,28,0.48,0.081,255,-0.1677,0.1677,-0.0949,0.1568,3.002,4.01,7.01,-1.57,164.01,0.04,0.02,0.01,0.05,100223,1507,3,0.24,0.14,0.07,0.0,48,194,-121,0,2.91,-0.15,0.0445,0.0913,42.56,50.07,29.0
607.328,flow_only,4.301,52.1375452,21.1603444,86.8,52.1375477,21.1603443,28,0.48,0.032,255,0.0,0.1677,-0.0832,0.1031,3.014,4.015,6.99,-0.69,164.21,0.04,0.02,0.01,0.03,100223,1507,3,0.24,0.14,0.07,0.0,48,-14,-10,0,2.93,-0.13,0.0211,0.045,38.25,44.28,27.06
607.427,flow_only,4.4,52.137545,21.1603445,86.8,52.1375477,21.1603443,28,0.48,0.032,255,0.0,0.0,0.1313,-0.0097,3.018,4.015,7.22,-0.76,164.16,0.04,0.02,0.05,0.03,100223,1507,3,0.24,0.14,0.07,0.0,48,107,88,0,2.92,-0.15,0.0241,0.0516,38.31,44.46,27.08
607.527,flow_only,4.501,52.1375449,21.1603447,86.8,52.1375475,21.1603443,28,0.48,0.043,255,0.0,0.0,0.0102,0.0632,3.026,4.018,7.76,-0.2,164.03,0.04,0.02,0.02,0.03,100223,1507,3,0.24,0.12,0.07,0.0,48,28,-95,0,2.94,-0.13,0.0193,0.0424,38.05,47.66,27.93
607.627,flow_only,4.6,52.1375448,21.1603448,86.8,52.1375475,21.1603443,28,0.48,0.043,255,0.0,0.0,0.0918,-0.054,3.038,4.019,8.1,-0.51,163.86,0.04,0.02,0.03,0.06,100223,1507,3,0.24,0.12,0.07,0.0,48,157,5,0,2.94,-0.14,0.0237,0.0505,37.56,47.83,26.35
607.727,flow_only,4.7,52.1375447,21.1603451,86.8,52.1375473,21.1603444,28,0.48,0.024,255,0.1677,0.1677,-0.1186,0.2222,3.04,4.012,8.01,0.21,163.85,0.04,0.02,0.04,0.03,100223,1507,3,0.24,0.13,0.07,0.0,48,-59,-79,0,2.93,-0.16,0.02,0.0425,38.77,45.86,27.61
607.827,flow_only,4.8,52.1375447,21.1603451,86.79,52.1375473,21.1603444,28,0.48,0.024,255,0.0,0.0,0.0503,-0.0584,3.04,4.0,7.82,0.48,163.58,0.04,0.02,0.07,0.02,100223,1507,3,0.24,0.13,0.07,0.0,48,-400,211,0,2.91,-0.18,0.0133,0.0297,36.62,43.62,25.8
607.927,flow_only,4.9,52.1375445,21.1603449,86.78,52.1375471,21.1603445,28,0.48,0.025,255,0.1676,-0.1676,0.1268,-0.0239,3.042,3.993,8.48,0.21,163.54,0.04,0.02,0.01,0.03,100223,1507,3,0.24,0.13,0.07,0.0,48,-83,-141,0,2.92,-0.17,0.0206,0.0451,44.89,54.09,30.03
608.027,flow_only,5.0,52.1375446,21.1603446,86.77,52.1375471,21.1603445,28,0.48,0.025,255,0.0,0.1677,-0.1125,0.1421,3.04,3.981,8.17,0.88,163.75,0.04,0.02,0.05,0.05,100223,1507,3,0.24,0.13,0.07,0.0,48,91,-128,0,2.9,-0.19,0.034,0.0743,43.11,52.37,30.27
608.127,flow_only,5.1,52.1375448,21.1603445,86.75,52.1375469,21.1603446,28,0.48,0.037,255,-0.1677,0.0,-0.2527,-0.0658,3.038,3.961,7.31,0.94,163.9,0.04,0.02,0.08,0.02,100223,1507,3,0.24,0.09,0.07,0.0,48,-25,-20,0,2.87,-0.21,0.0287,0.0659,36.67,44.9,25.7
608.228,flow_only,5.201,52.1375449,21.1603445,86.73,52.1375469,21.1603446,28,0.48,0.037,255,0.0,-0.1677,0.0127,-0.1794,3.03,3.945,6.46,0.03,163.91,0.04,0.02,0.01,0.03,100223,1507,3,0.24,0.09,0.07,0.0,48,25,29,0,2.87,-0.22,0.0245,0.0531,40.31,49.39,28.06
608.328,flow_only,5.301,52.137545,21.1603445,86.72,52.1375469,21.1603445,28,0.48,0.137,255,0.0,-0.3353,-0.0049,-0.1135,3.04,3.939,6.81,-0.93,164.03,0.04,0.02,0.01,0.02,100223,1507,3,0.23,0.08,0.07,0.0,48,113,40,0,2.88,-0.21,0.0248,0.0528,44.82,55.96,31.45
608.427,flow_only,5.4,52.1375451,21.1603447,86.72,52.1375469,21.1603445,28,0.48,0.137,255,0.0,0.0,0.033,-0.0569,3.03,3.938,6.9,-1.31,164.08,0.04,0.02,0.0,0.03,100223,1507,3,0.23,0.08,0.07,0.0,48,67,-9,0,2.89,-0.2,0.0229,0.0504,43.03,51.05,31.17
608.527,flow_only,5.5,52.1375451,21.1603448,86.73,52.137547,21.1603444,28,0.48,0.171,255,0.1676,-0.1676,0.1394,0.0429,3.042,3.942,7.4,-1.42,164.13,0.04,0.02,0.02,0.07,100223,1507,3,0.23,0.11,0.07,0.0,48,-21,89,0,2.91,-0.18,0.0131,0.0361,41.88,47.93,28.8
608.627,flow_only,5.6,52.1375452,21.1603448,86.73,52.137547,21.1603444,28,0.48,0.171,255,0.1677,0.0,0.0157,0.0492,3.052,3.945,7.64,-1.09,164.23,0.04,0.02,0.01,0.04,100223,1507,3,0.23,0.11,0.07,0.0,48,119,-30,0,2.91,-0.18,0.0138,0.0346,39.32,46.82,28.31
608.727,flow_only,5.7,52.1375454,21.1603448,86.73,52.1375472,21.1603444,28,0.48,0.191,255,0.0,0.0,0.0278,-0.018,3.052,3.941,7.8,-0.93,164.34,0.04,0.02,0.05,0.04,100223,1507,3,0.23,0.08,0.07,0.0,48,-7,-18,0,2.9,-0.21,0.013,0.0281,38.7,42.47,27.35
608.827,flow_only,5.8,52.1375455,21.1603447,86.72,52.1375472,21.1603444,28,0.48,0.191,255,-0.1677,-0.1677,0.0145,-0.0683,3.056,3.935,7.73,-1.44,164.28,0.04,0.02,0.02,0.03,100223,1507,3,0.23,0.08,0.07,0.0,48,3,154,0,2.89,-0.21,0.0025,0.007,43.43,48.21,29.31
608.927,flow_only,5.9,52.1375457,21.1603446,86.71,52.1375475,21.1603443,28,0.48,0.256,255,0.0,-0.3353,-0.0152,-0.1023,3.06,3.93,7.83,-2.0,164.01,0.04,0.02,0.0,0.02,100223,1507,3,0.23,0.09,0.07,0.0,48,-31,-34,0,2.9,-0.21,0.0166,0.0369,44.85,48.73,30.07
609.027,flow_only,6.0,52.137546,21.1603445,86.71,52.1375475,21.1603443,28,0.48,0.256,255,0.0,-0.1677,0.0009,-0.1099,3.072,3.925,7.53,-2.47,163.57,0.04,0.02,0.02,0.03,100223,1507,3,0.23,0.09,0.07,0.0,48,110,-21,0,2.9,-0.22,0.0294,0.0643,44.94,51.6,31.21
609.127,flow_only,6.1,52.1375463,21.1603445,86.71,52.1375479,21.1603443,28,0.48,0.306,255,0.3353,-0.3353,0.2524,-0.138,3.07,3.927,8.41,-3.16,163.21,0.04,0.02,0.03,0.02,100223,1507,3,0.23,0.08,0.07,0.0,48,-106,52,0,2.91,-0.2,0.0151,0.0394,44.66,53.2,31.83
609.227,flow_only,6.2,52.1375466,21.1603444,86.71,52.1375479,21.1603443,28,0.48,0.306,255,-0.1676,-0.5028,-0.1889,-0.2257,3.076,3.924,8.14,-4.09,163.07,0.04,0.02,0.0,0.01,100223,1507,3,0.23,0.08,0.07,0.0,48,95,-113,0,2.92,-0.21,0.0183,0.0453,43.48,50.85,30.32
609.328,flow_only,6.301,52.1375468,21.1603444,86.7,52.1375484,21.1603442,28,0.48,0.343,255,-0.1676,-0.1676,-0.0156,-0.023,3.068,3.917,7.51,-4.68,163.07,0.04,0.02,0.03,0.03,100223,1507,3,0.23,0.08,0.07,0.0,48,102,25,0,2.91,-0.22,0.0286,0.0622,41.71,53.23,30.42
609.428,flow_only,6.401,52.1375471,21.1603445,86.69,52.1375484,21.1603442,28,0.48,0.343,255,0.1677,-0.1677,0.1716,-0.0238,3.074,3.909,7.95,-4.72,162.82,0.04,0.02,0.03,0.01,100223,1507,3,0.23,0.08,0.07,0.0,48,-75,96,0,2.89,-0.22,0.0138,0.0313,45.8,58.56,33.15
609.527,flow_only,6.501,52.1375474,21.1603445,86.68,52.1375488,21.1603441,28,0.48,0.277,255,0.0,-0.1677,0.0029,0.0215,3.066,3.9,8.54,-4.52,162.13,0.04,0.02,0.02,0.02,100223,1507,3,0.23,0.08,0.07,0.0,48,-34,-120,0,2.88,-0.24,0.0171,0.0381,45.28,55.36,33.88
609.627,flow_only,6.6,52.1375475,21.1603445,86.67,52.1375488,21.1603441,28,0.48,0.277,255,0.0,-0.1677,0.0125,-0.0639,3.08,3.889,8.38,-4.75,161.24,0.04,0.02,0.03,0.01,100223,1507,3,0.23,0.08,0.07,0.0,48,50,-92,0,2.87,-0.25,0.0186,0.0412,44.28,52.26,32.12
609.727,flow_only,6.7,52.1375477,21.1603444,86.67,52.1375491,21.160344,28,0.48,0.278,255,0.0,0.0,0.0561,-0.0502,3.078,3.88,8.88,-4.87,160.45,0.04,0.02,0.01,0.02,100223,1507,3,0.23,0.08,0.07,0.0,48,-110,85,0,2.87,-0.25,0.011,0.0248,43.88,53.45,32.2
609.827,flow_only,6.8,52.1375479,21.1603444,86.66,52.1375491,21.160344,28,0.48,0.278,255,0.0,-0.1677,-0.0959,-0.0697,3.084,3.875,8.99,-5.04,159.36,0.04,0.02,0.0,0.05,100223,1507,3,0.23,0.08,0.07,0.0,48,91,-76,0,2.87,-0.25,0.0159,0.0347,46.39,52.03,32.3
609.927,flow_only,6.9,52.1375481,21.1603445,86.65,52.1375495,21.1603439,28,0.48,0.239,255,0.0,-0.1676,-0.0329,-0.0866,3.074,3.868,8.64,-5.45,158.05,0.04,0.02,0.03,0.05,100223,1507,3,0.23,0.08,0.07,0.0,48,128,-11,0,2.86,-0.25,0.0308,0.0658,43.18,52.89,30.6
610.027,flow_only,7.0,52.1375482,21.1603448,86.65,52.1375495,21.1603439,28,0.48,0.239,255,0.0,0.0,0.0794,0.0949,3.076,3.86,8.77,-5.09,157.1,0.04,0.02,0.01,0.01,100223,1507,3,0.23,0.08,0.07,0.0,48,-1,-6,0,2.86,-0.26,0.0219,0.0478,42.04,50.62,30.39
610.127,flow_only,7.1,52.1375482,21.1603449,86.64,52.1375496,21.1603438,28,0.48,0.074,255,0.1677,0.1677,0.0129,0.071,3.084,3.852,9.07,-4.4,156.17,0.04,0.02,0.03,0.01,100223,1507,3,0.23,0.08,0.07,0.0,48,-66,66,0,2.85,-0.27,0.0035,0.0081,41.7,51.11,28.55
610.227,flow_only,7.2,52.1375482,21.1603451,86.63,52.1375496,21.1603438,28,0.48,0.074,255,0.0,0.0,-0.008,0.034,3.08,3.844,8.96,-4.11,155.23,0.04,0.02,0.01,0.03,100223,1507,3,0.23,0.08,0.07,0.0,48,-69,-39,0,2.85,-0.27,0.0043,0.0102,40.15,48.83,28.64
610.328,flow_only,7.301,52.137548,21.1603449,86.63,52.1375495,21.1603436,28,0.48,0.068,255,0.0,0.0,-0.0124,0.0573,3.078,3.845,9.21,-3.53,154.11,0.04,0.02,0.05,0.01,100223,1507,3,0.23,0.08,0.07,0.0,48,-337,62,0,2.88,-0.25,0.0398,0.0885,39.83,46.56,27.79
610.428,flow_only,7.401,52.1375478,21.1603445,86.64,52.1375495,21.1603436,28,0.48,0.068,255,0.1676,0.3353,-0.1059,0.085,3.075,3.851,8.85,-2.93,153.13,0.04,0.02,0.02,0.03,100223,1507,3,0.23,0.08,0.07,0.0,48,110,36,0,2.89,-0.23,0.0159,0.047,37.09,43.86,25.79
610.527,flow_only,7.5,52.1375477,21.1603445,86.64,52.1375492,21.1603434,28,0.48,0.137,255,-0.1677,0.1677,-0.0285,0.0394,3.082,3.858,8.05,-2.47,152.32,0.04,0.02,0.0,0.03,100223,1507,3,0.23,0.08,0.07,0.0,48,558,-141,0,2.91,-0.22,0.0332,0.0712,37.24,42.47,24.79
610.627,flow_only,7.6,52.1375475,21.1603446,86.65,52.1375492,21.1603434,28,0.48,0.137,255,-0.1677,0.3353,-0.1415,0.1521,3.076,3.864,7.47,-1.59,151.76,0.04,0.02,0.02,0.01,100223,1507,3,0.23,0.08,0.07,0.0,48,-91,20,0,2.92,-0.21,0.0142,0.0418,36.74,42.62,26.49
610.727,flow_only,7.7,52.1375475,21.1603446,86.65,52.1375488,21.160343,28,0.48,0.18,255,0.0,0.1677,0.0108,0.0289,3.07,3.865,7.47,-1.21,151.38,0.04,0.02,0.02,0.04,100223,1507,3,0.23,0.1,0.07,0.0,48,-259,1,0,2.92,-0.21,0.0085,0.0274,36.49,44.48,26.1
610.827,flow_only,7.8,52.1375473,21.1603446,86.64,52.1375488,21.160343,28,0.48,0.18,255,0.0,0.0,-0.122,-0.0453,3.058,3.858,6.72,-1.22,151.12,0.04,0.02,0.03,0.04,100223,1507,3,0.23,0.1,0.07,0.0,48,19,-114,0,2.9,-0.22,0.0102,0.0217,37.52,51.37,28.24
610.927,flow_only,7.9,52.1375471,21.1603446,86.64,52.1375484,21.1603428,28,0.48,0.163,255,0.0,0.0,-0.0028,0.0325,3.05,3.854,6.9,-1.34,150.92,0.04,0.02,0.0,0.03,100223,1507,3,0.23,0.11,0.07,0.0,48,30,5,0,2.91,-0.21,0.0057,0.0151,42.4,54.58,30.3
611.027,flow_only,8.0,52.1375469,21.1603446,86.63,52.1375484,21.1603428,28,0.48,0.163,255,0.0,0.1676,0.0265,0.1311,3.052,3.847,6.79,-0.75,150.93,0.04,0.02,0.02,0.02,100223,1507,3,0.23,0.11,0.07,0.0,48,140,-2,0,2.9,-0.21,0.0171,0.0343,40.48,50.57,28.31
611.127,flow_only,8.1,52.1375468,21.1603448,86.62,52.137548,21.1603427,29,0.47,0.121,255,0.0,0.0,0.0051,-0.0375,3.042,3.839,6.78,-0.84,150.97,0.04,0.02,0.01,0.02,100223,1507,3,0.23,0.11,0.07,0.0,48,55,77,0,2.89,-0.21,0.0166,0.0343,40.76,46.52,28.27
611.227,flow_only,8.2,52.1375467,21.1603449,86.61,52.137548,21.1603427,29,0.47,0.121,255,0.0,0.0,0.0719,0.0354,3.048,3.826,7.02,-0.65,151.14,0.04,0.02,0.03,0.04,100223,1507,3,0.23,0.11,0.07,0.0,48,30,55,0,2.88,-0.23,0.0148,0.0323,44.28,49.56,29.73
611.327,flow_only,8.3,52.1375465,21.1603451,86.59,52.1375476,21.1603425,29,0.47,0.132,255,-0.3354,0.1677,-0.2202,0.1013,3.044,3.807,6.37,-0.39,151.42,0.04,0.02,0.05,0.04,100223,1507,3,0.23,0.1,0.07,0.0,48,187,-129,0,2.85,-0.23,0.0308,0.0664,38.88,49.89,28.82
611.428,flow_only,8.401,52.1375466,21.1603452,86.58,52.1375476,21.1603425,29,0.47,0.132,255,0.0,0.1676,0.1414,0.1245,3.042,3.799,5.98,0.73,151.37,0.04,0.02,0.0,0.08,100223,1507,3,0.23,0.1,0.07,0.0,48,-53,-152,0,2.85,-0.25,0.0456,0.0946,37.51,48.34,27.22
611.528,flow_only,8.501,52.1375466,21.1603451,86.59,52.1375473,21.1603423,29,0.47,0.136,255,0.1676,-0.1676,0.0824,-0.1192,3.05,3.808,6.67,0.07,151.6,0.04,0.02,0.08,0.05,100223,1507,3,0.23,0.11,0.07,0.0,48,150,94,0,2.89,-0.22,0.0215,0.0503,42.4,53.19,28.93
611.627,flow_only,8.6,52.1375465,21.1603451,86.61,52.1375473,21.1603423,29,0.47,0.136,255,-0.3352,0.0,-0.0975,0.0501,3.06,3.829,6.33,0.04,152.08,0.04,0.02,0.09,0.04,100223,1507,3,0.23,0.11,0.07,0.0,48,58,10,0,2.94,-0.22,0.017,0.0596,38.51,45.3,23.88
611.727,flow_only,8.7,52.1375465,21.1603451,86.65,52.1375471,21.1603419,29,0.47,0.128,255,0.0,0.0,-0.0259,-0.0902,3.06,3.861,6.07,-0.24,152.42,0.04,0.02,0.12,0.05,100223,1507,3,0.23,0.11,0.07,0.0,48,-77,-67,0,3.0,-0.12,0.0223,0.0855,34.46,37.15,22.3
611.827,flow_only,8.8,52.1375465,21.1603449,86.69,52.1375471,21.1603419,29,0.47,0.128,255,0.0,0.0,-0.0264,-0.0387,3.054,3.902,6.22,-0.56,152.46,0.04,0.02,0.12,0.05,100223,1507,3,0.23,0.11,0.07,0.0,48,32,20,0,3.06,-0.07,0.0199,0.0984,32.53,35.1,21.88
611.927,flow_only,8.9,52.1375464,21.1603447,86.73,52.1375469,21.1603414,29,0.47,0.203,255,-0.1676,-0.1676,-0.053,-0.0776,3.044,3.942,5.97,-0.94,152.3,0.04,0.02,0.08,0.04,100223,1507,3,0.23,0.08,0.07,0.0,48,-61,-103,0,3.1,-0.02,0.021,0.098,31.94,36.31,21.53
612.027,flow_only,9.0,52.1375464,21.1603446,86.76,52.1375469,21.1603414,29,0.47,0.203,255,0.0,0.0,-0.0132,-0.0129,3.034,3.978,5.8,-1.26,152.13,0.04,0.02,0.05,0.03,100223,1507,3,0.23,0.08,0.07,0.0,48,-84,-133,0,3.12,0.0,0.021,0.0885,32.95,34.71,21.71
612.127,flow_only,9.1,52.1375463,21.1603444,86.79,52.1375468,21.1603409,29,0.47,0.135,255,0.0,0.0,0.0049,0.1109,3.018,4.008,5.96,-0.78,152.14,0.04,0.02,0.06,0.03,100223,1507,3,0.23,0.08,0.07,0.0,48,22,-108,0,3.15,0.05,0.0243,0.0893,31.78,34.53,21.53
612.227,flow_only,9.2,52.1375463,21.1603442,86.81,52.1375468,21.1603409,29,0.47,0.135,255,-0.1677,0.0,-0.0166,-0.0365,3.008,4.028,5.84,-0.58,152.15,0.04,0.02,0.0,0.02,100223,1507,3,0.23,0.08,0.07,0.0,48,109,79,0,3.15,0.05,0.0142,0.0542,32.61,33.67,21.89
612.327,flow_only,9.3,52.1375462,21.160344,86.83,52.1375467,21.1603406,29,0.47,0.108,255,0.0,-0.1676,-0.0085,-0.103,2.99,4.044,5.82,-1.01,152.1,0.04,0.02,0.03,0.04,100223,1507,3,0.23,0.12,0.07,0.0,48,-137,31,0,3.15,0.08,0.0229,0.0662,34.53,39.54,23.51
612.428,flow_only,9.401,52.1375462,21.1603438,86.84,52.1375467,21.1603406,29,0.47,0.108,255,0.0,0.0,0.0372,0.0543,2.978,4.056,6.05,-1.08,152.19,0.04,0.02,0.03,0.05,100223,1507,3,0.23,0.12,0.07,0.0,48,-39,-24,0,3.16,0.09,0.0219,0.0604,36.15,40.77,25.35
612.528,flow_only,9.501,52.1375461,21.1603436,86.85,52.1375468,21.1603403,29,0.47,0.058,255,-0.1677,0.0,-0.0357,0.0975,2.972,4.062,6.02,-0.54,152.41,0.04,0.02,0.0,0.04,100223,1507,3,0.23,0.12,0.07,0.0,48,51,-135,0,3.14,0.1,0.0213,0.0463,36.46,39.4,24.76
612.627,flow_only,9.6,52.1375462,21.1603435,86.85,52.1375468,21.1603403,29,0.47,0.058,255,0.0,0.0,0.0108,-0.0163,2.95,4.065,5.83,-0.42,152.52,0.04,0.02,0.0,0.03,100223,1507,3,0.23,0.12,0.07,0.0,48,-80,-119,0,3.14,0.1,0.022,0.0479,36.18,39.34,24.94
612.727,flow_only,9.7,52.1375463,21.1603434,86.85,52.1375469,21.1603402,29,0.47,0.028,255,0.1677,-0.1677,0.0579,-0.0715,2.938,4.063,6.22,-0.72,152.46,0.04,0.02,0.01,0.07,100223,1507,3,0.23,0.13,0.07,0.0,48,-27,-14,0,3.12,0.1,0.0169,0.0373,37.86,44.33,25.95
612.827,flow_only,9.8,52.1375464,21.1603433,86.84,52.1375469,21.1603402,29,0.47,0.028,255,-0.1677,-0.1677,0.0012,-0.0454,2.914,4.052,6.2,-1.15,152.43,0.04,0.02,0.06,0.03,100223,1507,3,0.23,0.13,0.07,0.0,48,-2,-98,0,3.08,0.07,0.0248,0.0579,35.09,46.25,27.17
612.927,flow_only,9.9,52.1375465,21.1603432,86.82,52.1375469,21.1603402,29,0.47,0.031,255,0.0,0.0,0.0159,-0.0108,2.902,4.038,6.22,-1.15,152.48,0.04,0.02,0.03,0.05,99695,1507,3,0.23,0.11,0.07,0.0,49,5,-197,0,3.06,0.08,0.0251,0.0614,36.99,46.28,26.53
613.027,flow_only,10.0,52.1375466,21.1603431,86.8,52.1375469,21.1603402,29,0.47,0.031,255,0.1676,0.0,0.0476,-0.0012,2.9,4.019,6.49,-1.18,152.62,0.04,0.02,0.06,0.04,99695,1507,3,0.23,0.11,0.07,0.0,49,-57,-31,0,3.02,0.05,0.0214,0.0628,37.82,46.67,28.72
613.127,flow_only,10.1,52.1375468,21.1603433,86.78,52.1375469,21.1603403,29,0.47,0.097,255,0.0,-0.1677,-0.0628,-0.094,2.888,3.998,6.38,-1.6,152.5,0.04,0.02,0.06,0.03,99695,1507,3,0.23,0.13,0.07,0.0,49,-30,40,0,2.99,0.03,0.0143,0.0615,40.26,49.5,27.08
613.227,flow_only,10.2,52.1375469,21.1603434,86.76,52.1375469,21.1603403,29,0.47,0.097,255,0.0,0.0,0.1297,-0.0199,2.88,3.976,6.75,-1.89,152.32,0.04,0.02,0.07,0.03,99695,1507,3,0.23,0.13,0.07,0.0,49,-66,-145,0,2.96,0.0,0.0229,0.0759,38.56,50.66,28.95
613.327,flow_only,10.3,52.137547,21.1603435,86.74,52.1375469,21.1603405,29,0.47,0.074,255,0.1677,0.0,0.0888,-0.0151,2.892,3.953,7.41,-1.99,152.5,0.04,0.02,0.06,0.05,99695,1507,3,0.23,0.11,0.07,0.0,49,52,-41,0,2.94,-0.01,0.0196,0.0715,43.72,51.53,29.73
613.427,flow_only,10.4,52.137547,21.1603435,86.72,52.1375469,21.1603405,29,0.47,0.074,255,0.0,0.0,-0.0671,-0.0352,2.886,3.931,7.08,-2.2,152.39,0.04,0.02,0.03,0.05,99695,1507,3,0.23,0.11,0.07,0.0,49,98,-7,0,2.92,-0.01,0.0135,0.0587,40.75,48.96,29.39
613.528,flow_only,10.501,52.137547,21.1603435,86.7,52.1375469,21.1603408,29,0.47,0.121,255,0.0,0.1676,-0.072,0.1133,2.888,3.915,6.8,-2.13,152.15,0.04,0.02,0.06,0.03,99695,1507,3,0.23,0.08,0.07,0.0,49,34,-63,0,2.9,-0.04,0.0272,0.075,39.3,50.57,27.95
613.628,flow_only,10.601,52.1375468,21.1603434,86.69,52.1375469,21.1603408,29,0.47,0.121,255,0.0,0.1677,0.0003,0.1992,2.914,3.908,6.77,-0.97,152.23,0.04,0.02,0.0,0.01,99695,1507,3,0.23,0.08,0.07,0.0,49,-22,-143,0,2.91,-0.04,0.0237,0.0585,41.01,50.76,29.13
613.727,flow_only,10.7,52.1375468,21.1603433,86.69,52.1375468,21.1603413,29,0.47,0.191,255,0.1677,0.3353,-0.2296,0.2284,2.946,3.903,6.54,0.44,152.51,0.04,0.02,0.02,0.05,99695,1507,3,0.23,0.08,0.07,0.0,49,-18,-160,0,2.91,-0.06,0.0235,0.0555,37.78,44.69,27.6
613.827,flow_only,10.8,52.1375466,21.1603435,86.69,52.1375468,21.1603413,29,0.47,0.191,255,0.0,0.0,-0.0225,-0.0105,2.94,3.905,5.45,0.74,152.67,0.04,0.02,0.0,0.03,99695,1507,3,0.23,0.08,0.07,0.0,49,182,58,0,2.92,-0.06,0.0095,0.0258,37.35,42.55,25.88
613.927,flow_only,10.9,52.1375465,21.1603435,86.71,52.1375466,21.1603419,29,0.47,0.266,255,0.1676,0.1676,0.1792,0.0154,2.946,3.921,6.45,0.8,152.82,0.04,0.02,0.04,0.05,99695,1507,3,0.23,0.08,0.07,0.0,49,-162,72,0,2.96,-0.04,0.0259,0.0557,37.71,57.06,29.45
614.027,flow_only,11.0,52.1375463,21.1603436,86.73,52.1375466,21.1603419,29,0.47,0.266,255,0.1677,0.0,-0.0088,-0.1528,2.946,3.947,6.95,0.2,152.73,0.04,0.02,0.08,0.03,99695,1507,3,0.23,0.08,0.07,0.0,49,149,17,0,3.01,-0.04,0.0108,0.041,39.97,48.8,27.93
614.127,flow_only,11.1,52.1375462,21.1603438,86.77,52.1375463,21.1603425,28,0.48,0.204,255,0.1677,0.0,0.0512,0.0083,2.962,3.985,6.94,0.05,152.87,0.04,0.02,0.1,0.05,99695,1507,3,0.23,0.08,0.07,0.0,49,15,-187,0,3.07,0.07,0.0117,0.0576,37.95,42.97,24.9
614.227,flow_only,11.2,52.1375461,21.1603441,86.82,52.1375463,21.1603425,28,0.48,0.204,255,0.3353,0.0,0.1968,-0.0201,2.977,4.032,7.59,-0.19,153.04,0.04,0.02,0.11,0.01,99695,1507,3,0.23,0.08,0.07,0.0,49,76,-12,0,3.14,0.11,0.0166,0.0807,35.37,41.63,24.74
614.327,flow_only,11.3,52.1375461,21.1603444,86.86,52.1375459,21.1603433,28,0.48,0.283,255,0.3352,0.5028,0.1539,0.1923,2.982,4.072,8.53,0.43,153.35,0.04,0.02,0.05,0.03,99695,1507,3,0.23,0.1,0.07,0.0,49,106,-176,0,3.18,0.14,0.0203,0.0725,36.38,37.09,24.99
614.427,flow_only,11.4,52.1375461,21.1603449,86.89,52.1375459,21.1603433,28,0.48,0.283,255,0.1676,0.3352,-0.0389,0.2675,2.992,4.102,8.7,1.93,153.44,0.04,0.02,0.02,0.02,99695,1507,3,0.23,0.1,0.07,0.0,49,69,-206,0,3.2,0.16,0.0231,0.0662,34.26,37.25,24.29
614.528,flow_only,11.501,52.1375461,21.1603454,86.91,52.1375455,21.1603445,28,0.48,0.291,255,0.1676,0.0,0.1145,-0.0087,2.974,4.125,9.04,2.45,153.32,0.04,0.02,0.0,0.08,99695,1507,3,0.23,0.06,0.07,0.0,49,41,0,0,3.2,0.17,0.0155,0.0458,36.18,42.9,25.81
614.628,flow_only,11.601,52.1375462,21.1603457,86.93,52.1375455,21.1603445,28,0.48,0.291,255,0.0,0.0,0.122,-0.1038,2.974,4.141,9.82,1.89,153.23,0.04,0.02,0.0,0.05,99695,1507,3,0.23,0.06,0.07,0.0,49,122,50,0,3.2,0.18,0.0061,0.0253,38.63,45.01,28.51
614.728,flow_only,11.701,52.1375462,21.160346,86.95,52.1375451,21.1603455,28,0.48,0.28,255,0.1677,0.0,0.0139,-0.0562,2.97,4.16,10.26,1.55,153.38,0.04,0.02,0.05,0.05,99695,1507,3,0.23,0.06,0.07,0.0,49,30,-163,0,3.22,0.22,0.0174,0.0418,40.89,46.88,28.23
614.827,flow_only,11.8,52.1375464,21.1603461,86.96,52.1375451,21.1603455,28,0.48,0.28,255,0.0,0.0,0.025,-0.0491,2.964,4.175,10.28,1.33,153.62,0.04,0.02,0.0,0.03,99695,1507,3,0.23,0.06,0.07,0.0,49,-41,2,0,3.22,0.22,0.0084,0.0231,39.28,44.88,26.07
614.927,flow_only,11.9,52.1375464,21.1603462,86.97,52.1375448,21.1603465,28,0.48,0.231,255,0.1677,0.0,0.0527,-0.0619,2.96,4.187,10.64,0.88,153.84,0.04,0.02,0.01,0.02,99695,1507,3,0.23,0.06,0.07,0.0,49,-100,44,0,3.22,0.23,0.0152,0.0342,39.53,43.0,28.37
615.027,flow_only,12.0,52.1375464,21.1603462,86.99,52.1375448,21.1603465,28,0.48,0.231,255,0.0,0.0,-0.0859,-0.0205,2.95,4.207,10.35,0.66,154.07,0.04,0.02,0.07,0.03,99695,1507,3,0.23,0.06,0.07,0.0,49,145,35,0,3.26,0.27,0.0134,0.0412,41.15,47.44,28.09
615.127,flow_only,12.1,52.1375464,21.1603464,87.02,52.1375448,21.1603472,28,0.48,0.13,255,0.0,0.0,-0.0315,-0.0311,2.956,4.232,10.16,0.36,154.33,0.04,0.02,0.05,0.02,99695,1507,3,0.23,0.07,0.07,0.0,49,33,20,0,3.28,0.3,0.0168,0.0479,41.97,44.78,27.79
615.227,flow_only,12.2,52.1375464,21.1603464,87.05,52.1375448,21.1603472,28,0.48,0.13,255,0.0,0.0,-0.0486,0.0071,2.952,4.264,9.83,0.19,154.55,0.04,0.02,0.09,0.01,99695,1507,3,0.23,0.07,0.07,0.0,49,52,14,0,3.32,0.34,0.0129,0.0515,40.33,42.48,26.64
615.327,flow_only,12.3,52.1375464,21.1603464,87.08,52.1375447,21.1603477,28,0.48,0.075,255,0.0,0.1677,-0.0341,0.0415,2.948,4.299,9.69,0.35,154.68,0.04,0.02,0.07,0.04,99695,1507,3,0.23,0.06,0.07,0.0,49,31,-34,0,3.34,0.36,0.013,0.0539,36.63,38.37,24.98
615.427,flow_only,12.4,52.1375464,21.1603465,87.12,52.1375447,21.1603477,28,0.48,0.075,255,0.0,0.0,-0.0109,-0.051,2.942,4.331,9.44,0.22,154.82,0.04,0.02,0.04,0.02,99695,1507,3,0.23,0.06,0.07,0.0,49,64,-1,0,3.37,0.36,0.0187,0.0559,34.79,37.48,23.89
615.527,flow_only,12.5,52.1375463,21.1603464,87.14,52.1375445,21.160348,28,0.48,0.046,255,0.0,0.0,-0.0706,0.0153,2.932,4.358,9.15,0.13,154.93,0.04,0.02,0.02,0.01,99695,1507,3,0.22,0.08,0.07,0.0,49,62,-176,0,3.37,0.4,0.0068,0.0325,33.09,36.86,21.83
615.628,flow_only,12.601,52.1375463,21.1603463,87.16,52.1375445,21.160348,28,0.48,0.046,255,-0.1676,0.0,-0.0428,0.0364,2.928,4.378,8.61,0.33,155.07,0.04,0.02,0.0,0.01,99695,1507,3,0.22,0.08,0.07,0.0,49,166,-68,0,3.37,0.4,0.0103,0.0214,33.29,36.13,22.83
615.728,flow_only,12.701,52.1375463,21.1603461,87.19,52.1375442,21.1603481,28,0.48,0.079,255,0.0,0.0,-0.0528,-0.0125,2.918,4.4,8.47,0.29,155.25,0.04,0.02,0.07,0.03,99695,1507,3,0.22,0.1,0.07,0.0,49,61,-2,0,3.39,0.42,0.0055,0.0263,34.91,38.04,23.32
615.827,flow_only,12.8,52.1375463,21.1603459,87.21,52.1375442,21.1603481,28,0.48,0.079,255,-0.3353,0.0,-0.1403,-0.0529,2.904,4.423,7.76,0.1,155.31,0.04,0.02,0.04,0.04,99695,1507,3,0.22,0.1,0.07,0.0,49,-36,15,0,3.41,0.44,0.0072,0.0272,34.41,35.74,23.55
615.927,flow_only,12.9,52.1375462,21.1603457,87.23,52.1375439,21.160348,28,0.48,0.111,255,0.0,-0.1677,0.0235,-0.1307,2.894,4.442,7.69,-0.54,155.18,0.04,0.02,0.0,0.04,99695,1507,3,0.22,0.1,0.07,0.0,49,-55,77,0,3.4,0.45,0.0164,0.0354,32.89,34.44,23.58
616.027,flow_only,13.0,52.1375461,21.1603455,87.25,52.1375439,21.160348,28,0.48,0.111,255,0.0,0.0,-0.023,0.0965,2.888,4.462,7.72,-0.41,155.41,0.04,0.02,0.05,0.02,99695,1507,3,0.22,0.1,0.07,0.0,49,-162,5,0,3.42,0.47,0.0211,0.0459,36.99,39.65,24.02
616.127,flow_only,13.1,52.137546,21.1603453,87.27,52.1375436,21.1603479,28,0.48,0.097,255,-0.1677,0.1677,0.0391,0.1063,2.886,4.481,7.73,0.16,155.85,0.04,0.02,0.02,0.03,99695,1507,3,0.22,0.06,0.07,0.0,49,87,-153,0,3.42,0.48,0.0069,0.0137,34.26,39.56,23.32
616.227,flow_only,13.2,52.1375461,21.1603451,87.28,52.1375436,21.1603479,28,0.48,0.097,255,-0.1676,0.0,-0.0602,0.0343,2.878,4.494,7.52,0.66,156.2,0.04,0.02,0.01,0.03,99695,1507,3,0.22,0.06,0.07,0.0,49,80,35,0,3.42,0.48,0.0051,0.0106,34.12,36.9,24.99
616.327,flow_only,13.3,52.1375461,21.160345,87.29,52.1375434,21.1603479,28,0.48,0.057,255,0.0,0.0,0.0032,-0.0675,2.866,4.501,7.39,0.3,156.34,0.04,0.02,0.01,0.05,99695,1507,3,0.22,0.07,0.07,0.0,49,-99,39,0,3.4,0.47,0.0104,0.0278,32.83,37.23,24.07
616.427,flow_only,13.4,52.137546,21.1603449,87.29,52.1375434,21.1603479,28,0.48,0.057,255,0.0,-0.1677,-0.0454,-0.0844,2.852,4.509,7.22,-0.29,156.26,0.04,0.02,0.01,0.02,99695,1507,3,0.22,0.07,0.07,0.0,49,47,-61,0,3.4,0.48,0.0112,0.028,32.3,39.42,24.48
616.527,flow_only,13.5,52.137546,21.1603449,87.3,52.1375431,21.1603479,28,0.48,0.082,255,0.0,-0.1677,-0.0191,-0.1091,2.842,4.517,7.14,-0.87,155.96,0.04,0.02,0.0,0.03,99695,1507,3,0.22,0.09,0.07,0.0,49,26,110,0,3.39,0.49,0.0167,0.0392,33.53,36.0,24.88
616.627,flow_only,13.6,52.137546,21.1603449,87.31,52.1375431,21.1603479,28,0.48,0.082,255,0.0,0.0,0.0074,0.0915,2.838,4.524,6.98,-0.8,155.75,0.04,0.02,0.0,0.03,99695,1507,3,0.22,0.09,0.07,0.0,49,55,18,0,3.39,0.49,0.0182,0.0433,34.79,40.36,24.45
616.728,flow_only,13.701,52.1375461,21.1603449,87.32,52.1375428,21.1603479,28,0.48,0.101,255,0.0,0.0,0.0289,0.0026,2.828,4.536,7.16,-0.58,155.83,0.04,0.02,0.04,0.05,99695,1507,3,0.22,0.06,0.07,0.0,49,-27,-26,0,3.4,0.51,0.008,0.0202,33.6,34.69,25.05
616.828,flow_only,13.801,52.1375461,21.1603449,87.33,52.1375428,21.1603479,28,0.48,0.101,255,-0.1677,-0.1677,-0.1047,-0.1132,2.828,4.547,6.79,-0.94,155.58,0.04,0.02,0.02,0.05,99695,1507,3,0.22,0.06,0.07,0.0,49,104,-65,0,3.39,0.5,0.0153,0.0388,36.21,38.58,25.39
616.927,flow_only,13.9,52.1375461,21.1603449,87.34,52.1375426,21.1603478,28,0.48,0.07,255,0.0,0.0,0.0522,0.1344,2.824,4.553,6.88,-0.7,155.47,0.04,0.02,0.02,0.01,99695,1507,3,0.22,0.06,0.07,0.0,49,-79,53,0,3.39,0.5,0.0076,0.0303,37.27,41.02,24.69
617.027,flow_only,14.0,52.1375461,21.1603449,87.34,52.1375426,21.1603478,28,0.48,0.07,255,0.0,0.0,0.0474,0.0536,2.818,4.558,7.07,-0.13,155.28,0.04,0.02,0.02,0.02,99695,1507,3,0.22,0.06,0.07,0.0,49,1,18,0,3.38,0.49,0.0073,0.0349,38.46,36.53,24.65
617.127,flow_only,14.1,52.1375461,21.1603448,87.35,52.1375423,21.1603479,28,0.48,0.056,255,0.0,0.0,0.0349,0.0441,2.816,4.566,7.26,0.17,154.96,0.04,0.02,0.01,0.05,99695,1507,3,0.22,0.06,0.07,0.0,49,-18,-45,0,3.39,0.5,0.0097,0.0285,34.1,40.78,25.83
617.227,flow_only,14.2,52.1375461,21.1603447,87.36,52.1375423,21.1603479,28,0.48,0.056,255,0.0,0.0,-0.0452,-0.024,2.818,4.573,7.44,0.3,154.44,0.04,0.02,0.03,0.03,99695,1507,3,0.22,0.06,0.07,0.0,49,-74,-37,0,3.38,0.5,0.0174,0.0433,36.83,39.92,25.22
617.327,flow_only,14.3,52.137546,21.1603446,87.36,52.1375421,21.160348,28,0.48,0.032,255,-0.1676,-0.1676,-0.0584,-0.091,2.816,4.579,6.99,-0.05,153.85,0.04,0.02,0.01,0.04,99695,1507,3,0.21,0.05,0.07,0.0,49,92,62,0,3.38,0.5,0.0112,0.0364,37.03,41.76,25.62
617.427,flow_only,14.4,52.137546,21.1603446,87.37,52.1375421,21.160348,28,0.48,0.032,255,0.0,0.0,0.1552,-0.0053,2.818,4.588,7.49,-0.41,153.3,0.04,0.02,0.0,0.04,99695,1507,3,0.21,0.05,0.07,0.0,49,-29,-70,0,3.38,0.51,0.0147,0.0373,40.08,47.99,27.15
617.527,flow_only,14.5,52.1375459,21.1603444,87.38,52.1375418,21.1603482,28,0.48,0.039,255,0.0,0.1677,-0.0008,0.086,2.83,4.597,7.8,-0.18,153.07,0.04,0.02,0.0,0.05,99695,1507,3,0.21,0.1,0.07,0.0,49,-33,-35,0,3.38,0.51,0.0258,0.0563,45.18,52.88,31.31
617.627,flow_only,14.6,52.1375458,21.1603443,87.39,52.1375418,21.1603482,28,0.48,0.039,255,0.0,0.1677,-0.0396,0.1855,2.826,4.603,7.79,0.78,153.08,0.04,0.02,0.04,0.05,99695,1507,3,0.21,0.1,0.07,0.0,49,153,-57,0,3.37,0.49,0.0076,0.0359,40.79,46.82,29.44
617.728,flow_only,14.701,52.1375458,21.1603442,87.39,52.1375415,21.1603484,28,0.48,0.056,255,0.0,0.1677,-0.0853,0.0173,2.828,4.605,7.13,1.26,153.12,0.04,0.02,0.03,0.05,99695,1507,3,0.21,0.06,0.07,0.0,49,157,62,0,3.35,0.48,0.0179,0.0511,38.85,45.87,27.12
617.828,flow_only,14.801,52.1375459,21.1603444,87.39,52.1375415,21.1603484,28,0.48,0.056,255,0.0,0.0,0.0016,-0.1089,2.824,4.601,7.07,0.91,153.18,0.04,0.02,0.07,0.01,99695,1507,3,0.21,0.06,0.07,0.0,49,-1,45,0,3.34,0.48,0.0219,0.0662,37.98,47.75,26.68
617.927,flow_only,14.9,52.1375458,21.1603445,87.38,52.1375413,21.1603487,28,0.48,0.023,255,0.0,-0.3353,0.0428,-0.1327,2.826,4.595,7.12,0.11,153.25,0.04,0.02,0.05,0.05,99695,1507,3,0.21,0.06,0.07,0.0,49,-186,100,0,3.31,0.44,0.0228,0.0675,42.35,51.66,29.0
618.027,flow_only,15.0,52.1375457,21.1603446,87.38,52.1375413,21.1603487,28,0.48,0.023,255,0.1677,0.0,0.0736,0.0522,2.828,4.592,7.58,0.05,153.53,0.04,0.02,0.01,0.04,99695,1507,3,0.21,0.06,0.07,0.0,49,117,-98,0,3.32,0.44,0.0112,0.0482,41.47,50.24,28.23
618.127,flow_only,15.1,52.1375458,21.1603448,87.38,52.137541,21.160349,28,0.48,0.069,255,-0.1677,0.0,-0.0836,0.1322,2.832,4.594,7.17,0.55,154.14,0.04,0.02,0.0,0.04,99695,1507,3,0.21,0.06,0.07,0.0,49,145,-111,0,3.32,0.44,0.0206,0.0541,40.39,47.04,28.19
618.227,flow_only,15.2,52.1375458,21.160345,87.39,52.137541,21.160349,28,0.48,0.069,255,0.0,0.1677,0.0547,0.0545,2.84,4.601,7.35,1.13,154.78,0.04,0.02,0.0,0.03,99695,1507,3,0.21,0.06,0.07,0.0,49,-174,10,0,3.33,0.44,0.0064,0.0277,37.84,43.11,27.59
618.327,flow_only,15.3,52.1375459,21.160345,87.4,52.1375406,21.1603493,28,0.48,0.06,255,0.0,0.0,-0.1208,-0.0036,2.852,4.618,7.09,0.94,155.44,0.04,0.02,0.04,0.02,99695,1507,3,0.21,0.06,0.07,0.0,49,23,-11,0,3.35,0.46,0.0073,0.0147,37.82,46.07,26.18
618.427,flow_only,15.4,52.1375459,21.1603449,87.43,52.1375406,21.1603493,28,0.48,0.06,255,0.0,0.0,0.2071,0.0525,2.852,4.64,7.46,0.99,156.07,0.04,0.02,0.03,0.03,99695,1507,3,0.21,0.06,0.07,0.0,49,-138,-22,0,3.38,0.48,0.0085,0.0186,35.48,41.54,24.57
618.527,flow_only,15.5,52.1375459,21.1603446,87.45,52.1375404,21.1603496,28,0.48,0.047,255,0.0,0.0,-0.1132,-0.0245,2.864,4.664,7.87,1.2,156.62,0.04,0.02,0.02,0.04,99695,1507,3,0.21,0.09,0.07,0.0,49,19,-112,0,3.39,0.49,0.0249,0.0507,32.14,33.94,21.22
618.627,flow_only,15.6,52.137546,21.1603444,87.47,52.1375404,21.1603496,28,0.48,0.047,255,-0.1677,0.0,-0.1031,-0.1476,2.87,4.686,7.26,0.5,156.8,0.04,0.02,0.01,0.02,99695,1507,3,0.21,0.09,0.07,0.0,49,-55,127,0,3.41,0.5,0.0124,0.0258,30.47,30.44,21.52
618.727,flow_only,15.7,52.137546,21.1603443,87.49,52.1375403,21.1603497,28,0.48,0.052,255,0.0,0.0,-0.1832,-0.0147,2.868,4.704,6.53,0.09,156.8,0.04,0.02,0.0,0.03,99695,1507,3,0.21,0.1,0.07,0.0,49,-81,-120,0,3.41,0.49,0.0069,0.0145,29.96,33.29,20.86
618.828,flow_only,15.801,52.1375461,21.1603441,87.5,52.1375403,21.1603497,28,0.48,0.052,255,-0.1677,-0.3353,0.0066,-0.1426,2.87,4.717,6.16,-0.35,156.4,0.04,0.02,0.02,0.05,99695,1507,3,0.21,0.1,0.07,0.0,49,-97,-70,0,3.41,0.48,0.012,0.0232,27.8,30.55,20.47
618.928,flow_only,15.901,52.1375462,21.1603439,87.51,52.1375403,21.1603496,28,0.48,0.121,255,0.0,0.0,0.0042,-0.0896,2.866,4.724,6.43,-0.9,155.8,0.04,0.02,0.02,0.06,99695,1507,3,0.21,0.05,0.07,0.0,49,-50,141,0,3.4,0.47,0.0171,0.0338,30.26,37.29,24.37
619.027,flow_only,16.0,52.1375462,21.1603437,87.51,52.1375403,21.1603496,28,0.48,0.121,255,-0.1676,-0.1676,-0.0721,-0.1677,2.87,4.728,6.16,-1.49,155.15,0.04,0.02,0.03,0.02,99695,1507,3,0.21,0.05,0.07,0.0,49,32,-49,0,3.39,0.46,0.0103,0.0274,33.97,39.0,25.28
619.127,flow_only,16.1,52.1375463,21.1603437,87.53,52.1375403,21.1603495,28,0.48,0.13,255,0.0,-0.1677,0.1226,0.0487,2.884,4.743,6.42,-1.77,154.6,0.04,0.02,0.07,0.05,99695,1507,3,0.21,0.06,0.07,0.0,49,47,-145,0,3.43,0.5,0.008,0.0178,37.79,40.92,25.74
619.227,flow_only,16.2,52.1375464,21.1603435,87.55,52.1375403,21.1603495,28,0.48,0.13,255,0.1676,0.0,0.0081,0.0683,2.884,4.766,6.73,-1.32,154.32,0.04,0.02,0.04,0.02,99695,1507,3,0.21,0.06,0.07,0.0,49,-108,-59,0,3.45,0.51,0.0146,0.0377,37.67,40.31,25.56
619.327,flow_only,16.3,52.1375465,21.1603433,87.58,52.1375403,21.1603493,28,0.48,0.121,255,0.0,-0.1676,0.0246,-0.1194,2.896,4.791,7.03,-1.75,153.81,0.04,0.02,0.04,0.03,99695,1507,3,0.2,0.06,0.07,0.0,49,-42,69,0,3.48,0.54,0.0192,0.0485,38.82,38.62,26.13
619.427,flow_only,16.4,52.1375467,21.1603432,87.59,52.1375403,21.1603493,28,0.48,0.121,255,0.0,0.0,0.0383,-0.0253,2.898,4.81,7.1,-1.87,153.3,0.04,0.02,0.01,0.02,99695,1507,3,0.2,0.06,0.07,0.0,49,-34,63,0,3.48,0.53,0.0088,0.0229,39.13,41.27,26.35
619.527,flow_only,16.501,52.1375469,21.1603432,87.61,52.1375403,21.1603493,28,0.48,0.111,255,0.1676,-0.1676,0.1001,-0.0823,2.9,4.823,7.47,-2.28,152.95,0.04,0.02,0.01,0.03,99695,1507,3,0.2,0.08,0.07,0.0,49,-69,140,0,3.48,0.52,0.0035,0.0077,40.99,43.03,27.85
619.627,flow_only,16.6,52.1375471,21.1603433,87.61,52.1375403,21.1603493,28,0.48,0.111,255,0.0,-0.1676,0.0301,-0.1289,2.868,4.826,7.58,-2.92,152.56,0.04,0.02,0.05,0.03,99695,1507,3,0.2,0.08,0.07,0.0,49,155,-3,0,3.45,0.5,0.0159,0.0361,39.9,45.17,28.19
619.727,flow_only,16.7,52.1375473,21.1603434,87.6,52.1375404,21.1603495,28,0.48,0.164,255,0.0,0.0,0.0369,-0.0431,2.866,4.819,7.94,-3.33,151.98,0.04,0.02,0.07,0.01,99695,1507,3,0.2,0.06,0.07,0.0,49,217,-219,0,3.42,0.5,0.0309,0.0726,41.7,47.71,28.34
619.828,flow_only,16.801,52.1375476,21.1603437,87.59,52.1375404,21.1603495,28,0.48,0.164,255,0.0,0.0,0.1036,-0.0455,2.864,4.802,8.42,-3.58,151.43,0.04,0.02,0.1,0.06,99695,1507,3,0.2,0.06,0.07,0.0,49,69,108,0,3.38,0.5,0.0215,0.0725,44.78,50.46,30.13
619.928,flow_only,16.901,52.1375479,21.1603439,87.56,52.1375405,21.1603498,28,0.48,0.155,255,0.0,0.0,0.0851,-0.0424,2.848,4.778,9.23,-3.47,150.73,0.04,0.02,0.09,0.04,99695,1507,3,0.2,0.07,0.07,0.0,49,-14,14,0,3.33,0.42,0.0187,0.076,45.73,55.11,31.44
620.027,flow_only,17.0,52.1375481,21.1603442,87.54,52.1375405,21.1603498,28,0.48,0.155,255,0.3353,0.0,0.1328,-0.0927,2.862,4.751,9.95,-3.88,149.84,0.04,0.02,0.06,0.01,99695,1507,3,0.2,0.07,0.07,0.0,49,-136,117,0,3.3,0.4,0.0158,0.0686,46.56,54.94,32.45
620.127,flow_only,17.1,52.1375481,21.1603443,87.5,52.1375407,21.1603501,28,0.48,0.1,255,0.1676,0.0,-0.0438,0.0549,2.858,4.715,9.96,-3.88,148.97,0.04,0.02,0.14,0.05,99695,1507,3,0.2,0.08,0.07,0.0,49,56,113,0,3.23,0.34,0.0334,0.1048,47.98,63.61,34.15
620.227,flow_only,17.2,52.1375482,21.1603444,87.47,52.1375407,21.1603501,28,0.48,0.1,255,0.1676,0.1676,0.0265,0.0366,2.856,4.682,10.33,-3.35,148.08,0.04,0.02,0.07,0.03,99695,1507,3,0.2,0.08,0.07,0.0,49,-76,-84,0,3.2,0.3,0.0211,0.0839,50.08,60.62,33.69
620.327,flow_only,17.3,52.1375483,21.1603444,87.44,52.1375407,21.1603505,28,0.48,0.083,255,0.0,0.0,-0.0297,-0.0787,2.85,4.653,10.14,-3.5,147.16,0.04,0.02,0.09,0.01,99695,1507,3,0.2,0.07,0.07,0.0,49,11,32,0,3.16,0.28,0.0168,0.0833,52.97,67.9,38.09
620.427,flow_only,17.4,52.1375484,21.1603446,87.41,52.1375407,21.1603505,28,0.48,0.083,255,0.0,0.1677,-0.079,-0.0159,2.856,4.629,10.06,-3.35,146.16,0.04,0.02,0.07,0.02,99695,1507,3,0.2,0.07,0.07,0.0,49,-48,8,0,3.14,0.28,0.0172,0.0774,52.17,69.37,37.18
620.527,flow_only,17.5,52.1375484,21.1603448,87.4,52.1375406,21.1603508,28,0.48,0.097,255,0.0,-0.1677,-0.0158,-0.1456,2.864,4.611,9.95,-3.89,145.07,0.04,0.02,0.07,0.04,99695,1507,3,0.2,0.07,0.07,0.0,49,2,-61,0,3.12,0.23,0.0131,0.0674,52.28,65.72,37.18
620.627,flow_only,17.6,52.1375483,21.1603448,87.39,52.1375406,21.1603508,28,0.48,0.097,255,0.503,0.1677,0.0622,0.0434,2.886,4.608,10.32,-3.69,144.1,0.04,0.02,0.01,0.01,99695,1507,3,0.2,0.07,0.07,0.0,49,-266,-26,0,3.14,0.24,0.0277,0.0607,49.66,67.33,36.4
620.727,flow_only,17.7,52.1375482,21.160345,87.4,52.1375402,21.160351,28,0.48,0.242,255,0.0,0.0,0.0241,0.1491,2.9,4.612,10.55,-2.88,143.43,0.04,0.02,0.03,0.03,99695,1507,3,0.2,0.06,0.07,0.0,49,-61,-4,0,3.14,0.23,0.0116,0.0337,47.88,60.3,35.51
620.827,flow_only,17.8,52.1375481,21.1603454,87.41,52.1375402,21.160351,28,0.48,0.242,255,-0.1676,0.3352,0.0455,0.1073,2.894,4.625,10.44,-1.96,142.98,0.04,0.02,0.01,0.05,99695,1507,3,0.2,0.06,0.07,0.0,49,-105,-47,0,3.17,0.24,0.0239,0.0486,44.79,54.85,31.76
620.928,flow_only,17.901,52.137548,21.1603458,87.43,52.1375397,21.1603513,28,0.48,0.284,255,0.0,0.5031,0.0097,0.2015,2.9,4.64,10.55,-0.88,142.73,0.04,0.02,0.0,0.02,99695,1507,3,0.2,0.06,0.07,0.0,49,4,247,0,3.19,0.27,0.0347,0.0699,41.28,50.56,29.88
621.028,flow_only,18.001,52.1375476,21.1603461,87.44,52.1375397,21.1603513,28,0.48,0.284,255,0.0,0.1676,-0.0412,0.1399,2.934,4.655,10.52,0.1,142.44,0.04,0.02,0.0,0.05,99695,1507,3,0.2,0.06,0.07,0.0,49,19,-52,0,3.21,0.28,0.0232,0.0499,38.72,43.81,27.83
621.127,flow_only,18.1,52.1375475,21.1603464,87.44,52.1375391,21.1603515,28,0.48,0.363,255,-0.1676,0.1676,-0.0803,0.1017,2.936,4.658,10.18,0.76,142.0,0.04,0.02,0.08,0.03,99695,1507,3,0.2,0.06,0.07,0.0,49,88,-38,0,3.19,0.23,0.0157,0.0364,38.14,44.84,27.39
621.227,flow_only,18.2,52.1375472,21.1603465,87.44,52.1375391,21.1603515,28,0.48,0.363,255,-0.3354,0.1677,-0.0151,-0.0386,2.938,4.652,9.61,0.81,141.44,0.04,0.02,0.08,0.05,99695,1507,3,0.2,0.06,0.07,0.0,49,13,78,0,3.17,0.2,0.019,0.0478,43.73,50.88,29.86
621.327,flow_only,18.3,52.1375469,21.1603467,87.42,52.1375384,21.1603516,28,0.48,0.335,255,-0.1677,0.0,-0.0322,0.0025,2.942,4.636,9.7,0.69,141.09,0.04,0.02,0.11,0.08,99695,1507,3,0.2,0.06,0.07,0.0,49,-42,3,0,3.14,0.16,0.025,0.0664,43.82,56.21,31.79
621.427,flow_only,18.4,52.1375466,21.1603468,87.4,52.1375384,21.1603516,28,0.48,0.335,255,0.0,0.0,-0.0864,0.0461,2.954,4.616,9.25,0.93,140.84,0.04,0.02,0.07,0.04,99695,1507,3,0.2,0.06,0.07,0.0,49,-61,69,0,3.11,0.13,0.0314,0.0782,41.91,54.23,29.46
621.527,flow_only,18.501,52.1375462,21.1603469,87.38,52.1375379,21.1603515,28,0.48,0.356,255,0.0,0.1677,-0.0798,0.054,2.952,4.595,9.05,1.12,140.71,0.04,0.02,0.07,0.04,99695,1507,3,0.2,0.06,0.07,0.0,49,-94,-79,0,3.09,0.1,0.0245,0.0664,46.11,52.28,31.2
621.627,flow_only,18.6,52.1375459,21.1603467,87.35,52.1375379,21.1603515,28,0.48,0.356,255,-0.1677,0.1677,-0.1233,0.0959,2.958,4.568,8.33,1.53,140.81,0.04,0.02,0.12,0.03,99695,1507,3,0.2,0.06,0.07,0.0,49,49,-122,0,3.05,0.05,0.0157,0.0645,44.2,55.37,29.64
621.727,flow_only,18.7,52.1375456,21.1603465,87.33,52.1375373,21.1603511,28,0.48,0.383,255,-0.1677,0.0,-0.1029,-0.049,2.976,4.54,7.71,1.66,141.04,0.04,0.02,0.09,0.04,99695,1507,3,0.2,0.06,0.07,0.0,49,-318,76,0,3.03,0.02,0.0368,0.0895,41.92,55.59,30.11
621.827,flow_only,18.8,52.1375452,21.1603462,87.3,52.1375373,21.1603511,28,0.48,0.383,255,-0.503,-0.1677,-0.1151,-0.0579,2.974,4.516,7.14,1.13,141.52,0.04,0.02,0.06,0.05,99695,1507,3,0.2,0.06,0.07,0.0,49,-152,67,0,3.01,0.02,0.0389,0.0886,44.55,53.05,30.99
621.928,flow_only,18.901,52.1375449,21.1603458,87.28,52.1375367,21.1603505,28,0.48,0.398,255,-0.1677,0.0,-0.1252,-0.0254,2.982,4.497,6.57,0.89,142.1,0.04,0.02,0.03,0.05,99695,1507,3,0.2,0.06,0.07,0.0,49,35,9,0,3.01,-0.02,0.0224,0.0555,43.04,51.61,30.78
622.028,flow_only,19.001,52.1375446,21.1603455,87.27,52.1375367,21.1603505,28,0.48,0.398,255,-0.1677,0.0,-0.1361,0.0471,2.972,4.48,5.86,0.96,142.74,0.04,0.02,0.06,0.04,99695,1507,3,0.2,0.06,0.07,0.0,49,42,-37,0,3.0,-0.02,0.0166,0.0429,39.25,47.66,28.44
622.127,flow_only,19.1,52.1375443,21.160345,87.25,52.1375362,21.1603499,28,0.48,0.312,255,-0.3352,0.0,-0.0804,0.0143,2.984,4.464,5.27,1.16,143.29,0.04,0.02,0.06,0.08,99695,1507,3,0.2,0.06,0.07,0.0,49,-286,-59,0,2.99,-0.06,0.0328,0.0697,37.52,44.72,26.4
622.227,flow_only,19.2,52.1375441,21.1603445,87.23,52.1375362,21.1603499,28,0.48,0.312,255,-0.1676,0.0,-0.0802,-0.014,3.01,4.449,4.88,1.03,143.83,0.04,0.02,0.05,0.07,99695,1507,3,0.2,0.06,0.07,0.0,49,13,16,0,2.98,-0.07,0.0192,0.0426,35.81,45.67,27.2
622.327,flow_only,19.3,52.137544,21.1603441,87.22,52.1375359,21.1603493,28,0.48,0.245,255,0.0,0.0,-0.0617,-0.0053,3.022,4.438,4.6,1.07,144.31,0.04,0.02,0.01,0.03,99695,1507,3,0.2,0.07,0.07,0.0,49,-47,-8,0,2.98,-0.09,0.0159,0.0344,36.68,39.6,24.63
622.427,flow_only,19.4,52.1375439,21.1603436,87.21,52.1375359,21.1603493,28,0.48,0.245,255,-0.1677,-0.1677,-0.0847,-0.1608,3.024,4.429,4.08,0.53,144.64,0.04,0.02,0.04,0.05,99695,1507,3,0.2,0.07,0.07,0.0,49,-7,53,0,2.98,-0.1,0.0141,0.0313,35.26,40.02,23.96
622.527,flow_only,19.5,52.1375437,21.1603432,87.21,52.1375356,21.1603488,28,0.48,0.238,255,0.0,-0.1677,0.0259,-0.0926,3.038,4.421,3.88,-0.37,144.84,0.04,0.02,0.03,0.03,99695,1507,3,0.2,0.06,0.07,0.0,49,-190,65,0,2.98,-0.12,0.0301,0.0633,34.96,42.55,24.07
622.627,flow_only,19.6,52.1375435,21.1603427,87.2,52.1375356,21.1603488,28,0.48,0.238,255,0.0,-0.1676,-0.0536,-0.0914,3.062,4.419,3.83,-0.87,144.75,0.04,0.02,0.0,0.06,99695,1507,3,0.2,0.06,0.07,0.0,49,65,-42,0,2.99,-0.11,0.0202,0.0495,33.37,38.84,22.19
622.727,flow_only,19.7,52.1375435,21.1603424,87.21,52.1375354,21.1603481,28,0.48,0.213,255,-0.3353,-0.3353,-0.1402,-0.1218,3.056,4.422,3.04,-1.56,144.48,0.04,0.02,0.02,0.03,99695,1507,3,0.2,0.05,0.07,0.0,49,198,3,0,3.01,-0.11,0.0153,0.0392,32.51,35.55,22.64
622.827,flow_only,19.8,52.1375435,21.1603422,87.21,52.1375354,21.1603481,28,0.48,0.213,255,0.0,0.0,0.0196,0.0797,3.076,4.426,2.93,-1.45,144.45,0.04,0.02,0.0,0.04,99695,1507,3,0.2,0.05,0.07,0.0,49,60,-113,0,3.02,-0.12,0.0219,0.0542,31.57,34.37,21.28
622.927,flow_only,19.9,52.1375437,21.1603419,87.22,52.1375354,21.1603476,28,0.48,0.133,255,0.0,0.0,0.0681,0.0126,3.078,4.431,3.04,-1.06,144.58,0.04,0.02,0.0,0.07,99695,1507,3,0.2,0.06,0.07,0.0,49,19,-45,0,3.03,-0.12,0.0235,0.0598,31.25,34.52,21.92
623.028,flow_only,20.001,52.1375438,21.1603418,87.22,52.1375354,21.1603476,28,0.48,0.133,255,0.0,-0.1677,-0.0048,-0.0322,3.078,4.437,3.4,-1.32,144.78,0.04,0.02,0.02,0.03,99695,1507,3,0.2,0.06,0.07,0.0,49,114,89,0,3.05,-0.12,0.0122,0.0511,33.27,36.6,22.04
623.128,flow_only,20.101,52.1375438,21.1603419,87.23,52.1375354,21.1603473,28,0.48,0.066,255,0.0,0.0,0.0886,0.0554,3.084,4.444,3.36,-1.12,145.24,0.04,0.02,0.02,0.02,99695,1507,3,0.2,0.09,0.07,0.0,49,0,-50,0,3.07,-0.08,0.0153,0.0599,34.39,37.61,23.08
623.227,flow_only,20.2,52.1375439,21.1603419,87.24,52.1375354,21.1603473,28,0.48,0.066,255,0.1676,0.0,0.121,0.0612,3.076,4.452,4.14,-0.74,145.75,0.04,0.02,0.02,0.04,99695,1507,3,0.2,0.09,0.07,0.0,49,-145,-80,0,3.08,-0.07,0.0158,0.0638,36.63,37.95,23.98
623.327,flow_only,20.3,52.1375439,21.160342,87.25,52.1375352,21.1603473,28,0.48,0.074,255,0.0,0.3355,-0.0146,0.183,3.082,4.463,4.26,0.1,146.47,0.04,0.02,0.05,0.06,99695,1507,3,0.2,0.05,0.07,0.0,49,74,6,0,3.11,-0.05,0.0132,0.0675,34.84,37.41,23.06
623.427,flow_only,20.4,52.1375438,21.1603422,87.25,52.1375352,21.1603473,28,0.48,0.074,255,0.0,0.1677,0.0479,0.1281,3.078,4.468,4.5,0.83,147.1,0.04,0.02,0.02,0.05,99695,1507,3,0.2,0.05,0.07,0.0,49,-58,-7,0,3.09,-0.05,0.0111,0.0494,31.87,36.58,21.8
623.527,flow_only,20.5,52.1375439,21.1603424,87.26,52.1375351,21.1603477,28,0.48,0.163,255,0.1677,0.0,0.0204,-0.0024,3.064,4.47,4.7,0.93,147.65,0.04,0.02,0.01,0.05,99695,1507,3,0.2,0.05,0.07,0.0,49,92,94,0,3.09,-0.05,0.0128,0.0472,29.55,32.57,21.33
623.627,flow_only,20.6,52.1375438,21.1603427,87.25,52.1375351,21.1603477,28,0.48,0.163,255,0.1676,0.1676,0.0685,0.1024,3.052,4.469,5.0,1.38,148.41,0.04,0.02,0.01,0.07,99695,1507,3,0.2,0.05,0.07,0.0,49,-100,80,0,3.09,-0.05,0.012,0.0397,30.18,38.16,22.54
623.727,flow_only,20.7,52.1375438,21.1603429,87.25,52.137535,21.1603483,28,0.48,0.203,255,0.0,0.0,0.0822,-0.0107,3.058,4.465,5.64,1.43,148.83,0.04,0.02,0.01,0.06,99695,1507,3,0.2,0.06,0.07,0.0,49,-5,-46,0,3.07,-0.05,0.0117,0.0345,31.12,32.34,20.99
623.827,flow_only,20.8,52.1375438,21.1603429,87.24,52.137535,21.1603483,28,0.48,0.203,255,0.0,0.0,-0.0419,-0.0373,3.048,4.456,5.55,1.32,149.03,0.04,0.02,0.04,0.05,99695,1507,3,0.2,0.06,0.07,0.0,49,-25,-15,0,3.05,-0.06,0.017,0.0369,30.12,31.57,22.11
623.927,flow_only,20.9,52.1375438,21.160343,87.22,52.137535,21.1603487,28,0.48,0.152,255,0.0,-0.1677,-0.072,-0.1037,3.042,4.437,5.17,0.89,149.12,0.04,0.02,0.09,0.04,99695,1507,3,0.2,0.06,0.07,0.0,49,33,58,0,3.01,-0.1,0.0091,0.0226,28.63,30.6,20.79
624.028,flow_only,21.001,52.1375437,21.1603431,87.2,52.137535,21.1603487,28,0.48,0.152,255,0.0,0.0,-0.0531,-0.097,3.026,4.414,4.85,0.24,149.07,0.04,0.02,0.05,0.04,99695,1507,3,0.2,0.06,0.07,0.0,49,-3,107,0,2.98,-0.13,0.0206,0.0421,28.21,29.01,19.62
624.128,flow_only,21.101,52.1375437,21.1603433,87.18,52.1375352,21.1603489,28,0.48,0.164,255,0.0,0.0,-0.0195,0.1274,3.028,4.392,4.54,0.49,149.13,0.04,0.02,0.03,0.04,99695,1507,3,0.2,0.05,0.07,0.0,49,-142,-54,0,2.97,-0.13,0.0156,0.0299,29.78,33.2,19.36
624.227,flow_only,21.2,52.1375438,21.1603432,87.16,52.1375352,21.1603489,28,0.48,0.164,255,0.1676,0.1676,0.1198,0.0182,3.024,4.372,4.98,0.95,149.23,0.04,0.02,0.04,0.05,99695,1507,3,0.2,0.05,0.07,0.0,49,-50,-124,0,2.95,-0.15,0.0205,0.0391,28.33,36.83,19.88
624.327,flow_only,21.3,52.1375439,21.160343,87.14,52.1375353,21.1603491,28,0.48,0.163,255,0.0,0.0,-0.1198,0.0646,3.026,4.358,4.78,1.16,149.28,0.04,0.02,0.01,0.07,99695,1507,3,0.2,0.06,0.07,0.0,49,-113,6,0,2.94,-0.14,0.0267,0.0481,30.48,39.22,22.39
624.427,flow_only,21.4,52.1375441,21.1603429,87.13,52.1375353,21.1603491,28,0.48,0.163,255,0.0,0.0,0.0451,-0.0534,3.026,4.343,4.45,1.25,149.07,0.04,0.02,0.04,0.05,99695,1507,3,0.2,0.06,0.07,0.0,49,132,-35,0,2.93,-0.14,0.0163,0.0339,29.51,32.04,21.47
624.527,flow_only,21.5,52.1375442,21.1603428,87.12,52.1375356,21.1603492,28,0.48,0.217,255,0.1677,-0.1677,-0.0328,-0.2507,3.034,4.334,4.63,0.11,148.79,0.04,0.02,0.0,0.05,99695,1507,3,0.2,0.09,0.07,0.0,49,-127,15,0,2.94,-0.16,0.0136,0.0282,26.95,32.02,21.41
624.627,flow_only,21.6,52.1375443,21.1603427,87.11,52.1375356,21.1603492,28,0.48,0.217,255,0.0,0.0,0.0076,0.0218,3.035,4.329,4.41,-0.38,148.57,0.04,0.02,0.0,0.03,99695,1507,3,0.2,0.09,0.07,0.0,49,69,-146,0,2.94,-0.16,0.0101,0.0242,30.42,38.61,22.69
624.727,flow_only,21.7,52.1375445,21.1603427,87.11,52.137536,21.1603493,28,0.48,0.235,255,0.1677,0.0,-0.012,0.0023,3.047,4.325,4.23,-0.15,148.5,0.04,0.02,0.01,0.05,99695,1507,3,0.2,0.07,0.07,0.0,49,-5,-32,0,2.94,-0.18,0.018,0.0374,30.8,33.11,21.46
624.827,flow_only,21.8,52.1375448,21.1603427,87.11,52.137536,21.1603493,28,0.48,0.235,255,0.1676,-0.3352,0.0555,-0.1036,3.056,4.322,4.49,-0.51,148.23,0.04,0.02,0.0,0.07,99695,1507,3,0.2,0.07,0.07,0.0,49,-124,-80,0,2.94,-0.18,0.0153,0.0333,29.13,33.42,21.79
624.927,flow_only,21.9,52.1375451,21.1603427,87.11,52.1375366,21.1603495,28,0.48,0.331,255,0.3353,-0.1677,0.1335,-0.062,3.068,4.324,5.12,-1.01,147.89,0.04,0.02,0.02,0.07,99695,1507,3,0.2,0.08,0.07,0.0,49,10,-8,0,2.96,-0.17,0.0239,0.0532,30.23,39.67,22.69
625.027,flow_only,22.0,52.1375454,21.1603427,87.12,52.1375366,21.1603495,28,0.48,0.331,255,0.1677,-0.1677,0.1334,-0.0447,3.058,4.331,5.99,-1.28,147.52,0.04,0.02,0.02,0.05,99695,1507,3,0.2,0.08,0.07,0.0,49,-51,95,0,2.98,-0.16,0.0189,0.0514,33.13,37.12,22.58
625.128,flow_only,22.101,52.1375455,21.1603428,87.12,52.1375372,21.1603497,28,0.48,0.326,255,0.1677,-0.1677,0.0284,-0.0371,3.068,4.338,6.37,-1.65,147.27,0.04,0.02,0.02,0.05,99695,1507,3,0.2,0.09,0.07,0.0,49,18,122,0,2.99,-0.15,0.0146,0.0441,32.69,35.05,22.44
625.228,flow_only,22.201,52.1375456,21.160343,87.13,52.1375372,21.1603497,28,0.48,0.326,255,0.1676,0.1676,0.1279,0.1295,3.078,4.348,6.93,-1.21,147.22,0.04,0.02,0.03,0.05,99695,1507,3,0.2,0.09,0.07,0.0,49,-199,-63,0,3.01,-0.11,0.0174,0.0534,35.23,37.63,22.82
625.327,flow_only,22.3,52.1375457,21.1603432,87.14,52.1375376,21.1603501,28,0.48,0.343,255,0.1677,0.1677,0.0319,0.1021,3.076,4.355,7.24,-0.46,147.13,0.04,0.02,0.02,0.05,99695,1507,3,0.2,0.1,0.07,0.0,49,145,13,0,3.02,-0.11,0.0107,0.0475,32.89,34.48,22.55
625.427,flow_only,22.4,52.1375458,21.1603435,87.13,52.1375376,21.1603501,28,0.48,0.343,255,0.1675,0.1675,-0.0853,0.0665,3.066,4.347,7.0,0.09,146.89,0.04,0.02,0.09,0.02,99695,1507,3,0.2,0.1,0.07,0.0,49,67,54,0,2.98,-0.15,0.0166,0.031,30.73,33.21,21.85
625.527,flow_only,22.5,52.1375458,21.1603439,87.11,52.1375381,21.1603507,28,0.48,0.364,255,0.0,0.0,0.0719,-0.0662,3.058,4.325,6.96,-0.02,146.6,0.04,0.02,0.1,0.05,99695,1507,3,0.2,0.07,0.07,0.0,49,163,-50,0,2.93,-0.19,0.0272,0.0564,31.02,36.02,22.11
625.627,flow_only,22.6,52.1375459,21.1603443,87.08,52.1375381,21.1603507,28,0.48,0.364,255,0.0,0.0,0.1006,0.0136,3.058,4.296,7.45,-0.06,146.16,0.04,0.02,0.07,0.03,99695,1507,3,0.2,0.07,0.07,0.0,49,-165,16,0,2.89,-0.19,0.0131,0.0414,32.92,39.56,23.63
625.727,flow_only,22.7,52.137546,21.1603446,87.05,52.1375385,21.1603513,28,0.48,0.33,255,0.0,0.0,-0.1247,-0.04,3.05,4.266,7.27,-0.06,145.79,0.04,0.02,0.05,0.02,99695,1507,3,0.2,0.08,0.07,0.0,49,86,-25,0,2.87,-0.24,0.0225,0.0552,32.71,36.44,24.45
625.827,flow_only,22.8,52.1375461,21.1603449,87.02,52.1375385,21.1603513,28,0.48,0.33,255,0.0,0.0,0.0685,0.0324,3.054,4.232,7.17,-0.16,145.34,0.04,0.02,0.1,0.05,99695,1507,3,0.2,0.08,0.07,0.0,49,8,71,0,2.83,-0.28,0.0248,0.067,33.47,37.48,24.32
625.927,flow_only,22.9,52.1375462,21.1603452,86.98,52.137539,21.1603517,28,0.48,0.243,255,0.0,0.0,-0.0142,-0.0233,3.062,4.199,7.35,0.07,144.73,0.04,0.02,0.06,0.05,99695,1507,3,0.2,0.08,0.07,0.0,49,95,-62,0,2.8,-0.31,0.0163,0.0542,34.1,42.4,25.69
626.027,flow_only,23.0,52.1375463,21.1603454,86.95,52.137539,21.1603517,28,0.48,0.243,255,0.1677,-0.3353,0.0497,-0.1206,3.065,4.17,7.4,-0.41,144.12,0.04,0.02,0.05,0.04,99695,1507,3,0.2,0.08,0.07,0.0,49,-24,107,0,2.78,-0.34,0.0146,0.0471,36.73,44.43,26.43
626.128,flow_only,23.101,52.1375463,21.1603456,86.94,52.1375394,21.160352,28,0.48,0.197,255,0.1677,-0.1677,0.0473,-0.02,3.078,4.155,7.88,-0.72,143.63,0.04,0.02,0.03,0.06,99695,1507,3,0.2,0.1,0.07,0.0,49,-143,-102,0,2.8,-0.32,0.018,0.0267,41.04,50.4,27.04
626.228,flow_only,23.201,52.1375463,21.1603455,86.94,52.1375394,21.160352,28,0.48,0.197,255,0.0,0.0,-0.002,0.0942,3.074,4.152,7.99,-0.42,143.45,0.04,0.02,0.03,0.06,99695,1507,3,0.2,0.1,0.07,0.0,49,126,-38,0,2.82,-0.32,0.0207,0.0392,39.51,50.12,26.93
626.327,flow_only,23.3,52.1375464,21.1603454,86.94,52.1375398,21.160352,28,0.48,0.146,255,0.0,0.0,-0.0946,-0.0191,3.09,4.155,7.55,-0.18,143.4,0.04,0.02,0.0,0.04,99695,1507,3,0.2,0.13,0.07,0.0,49,24,-107,0,2.84,-0.29,0.0224,0.046,35.77,44.24,25.0
626.427,flow_only,23.4,52.1375465,21.1603454,86.95,52.1375398,21.160352,28,0.48,0.146,255,0.0,-0.1676,0.0282,-0.0366,3.098,4.167,7.48,-0.54,143.46,0.04,0.02,0.06,0.04,99695,1507,3,0.2,0.13,0.07,0.0,49,26,75,0,2.88,-0.27,0.0188,0.0548,36.16,41.03,23.91
626.527,flow_only,23.5,52.1375466,21.1603452,86.97,52.1375401,21.1603521,28,0.48,0.111,255,0.0,0.0,-0.0392,0.0192,3.108,4.181,7.48,-0.61,143.83,0.04,0.02,0.03,0.05,99695,1507,3,0.2,0.14,0.07,0.0,49,-30,24,0,2.9,-0.25,0.0149,0.0571,36.46,42.48,24.93
626.627,flow_only,23.6,52.1375466,21.1603451,86.98,52.1375401,21.1603521,28,0.48,0.111,255,0.0,0.1677,-0.1009,0.0647,3.116,4.192,7.05,-0.33,144.49,0.04,0.02,0.0,0.06,99695,1507,3,0.2,0.14,0.07,0.0,49,89,-48,0,2.91,-0.25,0.0144,0.0468,36.1,37.53,23.51
626.727,flow_only,23.7,52.1375466,21.1603451,86.99,52.1375403,21.1603521,28,0.48,0.022,255,0.0,0.0,-0.0395,0.024,3.134,4.2,6.7,-0.16,144.93,0.04,0.02,0.01,0.05,99695,1507,3,0.2,0.13,0.07,0.0,49,-58,111,0,2.93,-0.25,0.01,0.0417,32.83,36.6,21.62
626.827,flow_only,23.8,52.1375465,21.1603449,86.99,52.1375403,21.1603521,28,0.48,0.022,255,-0.1677,0.0,-0.1012,0.0338,3.136,4.206,6.37,-0.13,145.32,0.04,0.02,0.0,0.08,99695,1507,3,0.2,0.13,0.07,0.0,49,59,-18,0,2.93,-0.24,0.0082,0.0367,31.44,35.28,21.6
626.927,flow_only,23.9,52.1375465,21.1603448,87.0,52.1375404,21.1603522,28,0.48,0.083,255,0.0,0.0,0.0549,0.0236,3.14,4.214,6.43,0.06,145.73,0.04,0.02,0.04,0.04,99695,1507,3,0.2,0.08,0.07,0.0,49,55,-62,0,2.96,-0.24,0.0135,0.0484,31.1,34.89,21.05
627.027,flow_only,24.0,52.1375465,21.1603447,87.01,52.1375404,21.1603522,28,0.48,0.083,255,0.0,0.0,-0.0578,-0.0285,3.142,4.221,6.3,-0.09,146.0,0.04,0.02,0.02,0.04,99695,1507,3,0.2,0.08,0.07,0.0,49,43,-3,0,2.96,-0.24,0.0121,0.0449,30.06,33.62,19.85
627.127,flow_only,24.1,52.1375465,21.1603446,87.01,52.1375405,21.1603523,28,0.48,0.065,255,0.0,0.0,-0.0228,0.0349,3.14,4.226,5.98,-0.0,146.27,0.04,0.02,0.01,0.05,99695,1507,3,0.2,0.1,0.07,0.0,49,91,-40,0,2.97,-0.22,0.02,0.0495,31.0,34.73,20.71
627.228,flow_only,24.201,52.1375465,21.1603446,87.01,52.1375405,21.1603523,28,0.48,0.065,255,0.0,0.0,0.0369,-0.0061,3.14,4.23,6.23,-0.01,146.37,0.04,0.02,0.02,0.05,99695,1507,3,0.2,0.1,0.07,0.0,49,-32,1,0,2.98,-0.22,0.014,0.0425,29.3,31.48,20.4
627.328,flow_only,24.301,52.1375465,21.1603446,87.02,52.1375406,21.1603524,28,0.48,0.064,255,0.0,-0.1676,-0.073,-0.0712,3.14,4.238,6.02,-0.28,146.28,0.04,0.02,0.07,0.05,99695,1507,3,0.21,0.09,0.07,0.0,49,47,42,0,3.01,-0.19,0.0155,0.0563,28.38,30.57,20.44
627.427,flow_only,24.4,52.1375466,21.1603446,87.03,52.1375406,21.1603524,28,0.48,0.064,255,0.0,-0.1677,0.0233,-0.0769,3.128,4.243,5.96,-0.8,146.07,0.04,0.02,0.0,0.05,99695,1507,3,0.21,0.09,0.07,0.0,49,100,-77,0,3.0,-0.19,0.0165,0.0451,29.94,31.34,21.3
627.527,flow_only,24.501,52.1375466,21.1603445,87.03,52.1375409,21.1603524,28,0.48,0.102,255,0.1677,0.0,0.0011,0.0019,3.128,4.244,6.01,-0.91,145.84,0.04,0.02,0.01,0.05,99695,1507,3,0.21,0.08,0.07,0.0,49,-26,47,0,3.0,-0.19,0.0107,0.0364,28.41,31.94,22.15
627.627,flow_only,24.6,52.1375466,21.1603445,87.03,52.1375409,21.1603524,28,0.48,0.102,255,0.0,-0.1676,0.0251,-0.0268,3.126,4.245,6.17,-0.88,145.41,0.04,0.02,0.03,0.03,99695,1507,3,0.21,0.08,0.07,0.0,49,4,-4,0,3.01,-0.18,0.0097,0.037,29.39,31.19,22.41
627.727,flow_only,24.7,52.1375466,21.1603444,87.03,52.1375411,21.1603522,28,0.48,0.076,255,0.0,0.0,-0.047,-0.116,3.108,4.25,6.19,-1.21,144.85,0.04,0.02,0.05,0.05,99695,1507,3,0.21,0.08,0.07,0.0,49,-23,41,0,3.02,-0.16,0.011,0.0451,30.85,34.26,22.63
627.827,flow_only,24.8,52.1375466,21.1603444,87.04,52.1375411,21.1603522,28,0.48,0.076,255,0.0,-0.1676,0.0267,-0.0673,3.094,4.25,6.03,-1.82,144.23,0.04,0.02,0.01,0.03,99695,1507,3,0.21,0.08,0.07,0.0,49,95,-17,0,3.01,-0.17,0.0134,0.0336,32.28,34.68,21.79
627.927,flow_only,24.9,52.1375466,21.1603445,87.03,52.1375413,21.160352,28,0.48,0.098,255,0.1677,0.0,0.0381,0.0467,3.092,4.245,6.22,-1.67,143.76,0.04,0.02,0.02,0.05,99695,1507,3,0.21,0.08,0.07,0.0,49,-57,-15,0,2.99,-0.17,0.0077,0.0181,31.86,37.12,22.5
628.027,flow_only,25.0,52.1375466,21.1603445,87.03,52.1375413,21.160352,28,0.48,0.098,255,0.0,0.0,-0.1001,-0.0232,3.08,4.242,5.92,-1.47,143.45,0.04,0.02,0.03,0.06,99695,1507,3,0.21,0.08,0.07,0.0,49,67,-83,0,3.0,-0.16,0.0187,0.0353,33.15,35.39,20.99
628.127,flow_only,25.1,52.1375467,21.1603447,87.03,52.1375415,21.1603519,28,0.48,0.052,255,-0.1676,0.0,-0.0343,-0.0979,3.084,4.243,5.61,-1.94,143.11,0.04,0.02,0.03,0.08,99695,1507,3,0.21,0.11,0.07,0.0,49,-77,79,0,3.01,-0.14,0.0136,0.033,33.1,35.69,21.54
628.228,flow_only,25.201,52.1375466,21.1603448,87.03,52.1375415,21.1603519,28,0.48,0.052,255,0.0,-0.1676,-0.1046,-0.086,3.078,4.247,5.18,-2.58,142.62,0.04,0.02,0.03,0.04,99695,1507,3,0.21,0.11,0.07,0.0,49,82,-51,0,3.01,-0.14,0.0107,0.0315,33.18,37.65,23.05
628.328,flow_only,25.301,52.1375466,21.1603449,87.03,52.1375415,21.1603518,28,0.48,0.002,255,0.0,0.0,0.089,-0.0474,3.078,4.25,5.29,-2.73,141.17,0.04,0.02,0.0,0.04,99695,1507,3,0.21,0.15,0.07,0.0,49,-45,-151,0,3.01,-0.14,0.0157,0.0322,32.87,36.77,22.07
628.427,flow_only,25.4,52.1375465,21.160345,87.04,52.1375415,21.1603518,28,0.48,0.002,255,0.0,-0.1677,-0.101,-0.1795,3.074,4.253,5.25,-3.15,138.18,0.04,0.02,0.02,0.04,99695,1507,3,0.21,0.15,0.07,0.0,49,59,14,0,3.01,-0.13,0.0108,0.0266,28.51,34.39,21.69
628.527,flow_only,25.5,52.1375465,21.1603455,87.04,52.1375415,21.1603518,28,0.48,0.085,255,-0.1677,-0.1677,-0.1135,-0.1541,3.077,4.254,4.83,-3.76,134.13,0.04,0.02,0.0,0.05,99695,1507,3,0.21,0.11,0.07,0.0,49,-58,124,0,3.01,-0.13,0.0181,0.034,27.21,32.63,24.04
628.627,flow_only,25.6,52.1375464,21.1603459,87.04,52.1375415,21.1603518,28,0.48,0.085,255,-0.1676,0.3352,0.1294,-0.0077,3.072,4.252,5.32,-3.67,129.33,0.04,0.02,0.0,0.03,99695,1507,3,0.21,0.11,0.07,0.0,49,34,-129,0,3.01,-0.13,0.0142,0.0276,27.04,31.17,20.35
628.727,flow_only,25.7,52.1375462,21.1603464,87.03,52.1375413,21.160352,28,0.48,0.216,255,0.0,0.0,-0.033,-0.0773,3.062,4.246,5.97,-3.38,124.35,0.04,0.02,0.02,0.03,99695,1507,3,0.21,0.1,0.07,0.0,49,-153,388,0,2.99,-0.14,0.0265,0.0444,25.25,28.89,20.46
628.827,flow_only,25.8,52.1375458,21.1603472,87.02,52.1375413,21.160352,28,0.48,0.216,255,-0.1676,0.0,-0.1067,-0.1237,3.06,4.233,5.6,-3.77,120.08,0.04,0.02,0.03,0.02,99695,1507,3,0.21,0.1,0.07,0.0,49,126,321,0,2.97,-0.16,0.0477,0.0849,26.71,33.17,19.29
628.927,flow_only,25.9,52.1375454,21.1603481,87.01,52.1375409,21.1603527,28,0.48,0.418,255,0.0,0.3353,-0.0069,0.1934,3.044,4.224,5.57,-2.98,116.96,0.04,0.02,0.02,0.03,99695,1507,3,0.21,0.07,0.07,0.0,49,67,-210,0,2.97,-0.15,0.0154,0.032,30.15,33.09,22.39
629.027,flow_only,26.0,52.137545,21.1603489,87.01,52.1375409,21.1603527,28,0.48,0.418,255,0.0,0.3353,-0.0637,0.2648,3.026,4.223,5.39,-1.23,114.93,0.04,0.02,0.05,0.03,99695,1507,3,0.21,0.07,0.07,0.0,49,42,-150,0,2.99,-0.13,0.0072,0.0145,34.89,35.24,24.61
629.127,flow_only,26.1,52.1375447,21.1603497,87.01,52.1375404,21.160354,28,0.48,0.568,255,0.0,0.3353,-0.0556,0.2089,3.016,4.225,5.06,0.21,113.74,0.04,0.02,0.01,0.02,99695,1507,3,0.21,0.07,0.07,0.0,49,110,-283,0,3.0,-0.09,0.0399,0.0639,39.4,40.78,25.27
629.227,flow_only,26.2,52.1375444,21.1603503,87.01,52.1375404,21.160354,28,0.48,0.568,255,0.0,0.5031,-0.0013,0.1038,2.998,4.229,4.89,1.12,113.21,0.04,0.02,0.02,0.04,99695,1507,3,0.21,0.07,0.07,0.0,49,-242,141,0,3.0,-0.08,0.0285,0.0512,40.26,45.79,27.5
629.328,flow_only,26.301,52.1375441,21.1603509,87.01,52.1375397,21.1603556,28,0.48,0.67,255,-0.1677,0.3353,-0.055,0.031,2.988,4.224,4.81,1.37,113.31,0.04,0.02,0.08,0.02,99695,1507,3,0.21,0.07,0.07,0.0,49,117,-95,0,2.97,-0.09,0.0362,0.0638,40.86,45.78,27.4
629.428,flow_only,26.401,52.1375438,21.1603515,87.0,52.1375397,21.1603556,28,0.48,0.67,255,-0.1677,0.1677,-0.1057,0.0369,2.988,4.216,4.29,1.59,113.98,0.04,0.02,0.0,0.02,99695,1507,3,0.21,0.07,0.07,0.0,49,44,34,0,2.96,-0.09,0.0295,0.0547,38.77,44.43,27.53
629.527,flow_only,26.5,52.1375434,21.1603521,86.99,52.1375391,21.1603574,28,0.48,0.674,255,0.0,0.1677,0.0168,0.0215,3.008,4.202,4.04,1.68,115.04,0.04,0.02,0.07,0.02,99695,1507,3,0.21,0.07,0.07,0.0,49,-194,45,0,2.93,-0.12,0.0238,0.0547,36.88,41.76,27.77
629.627,flow_only,26.6,52.137543,21.1603527,86.98,52.1375391,21.1603574,28,0.48,0.674,255,0.0,0.0,0.0358,0.0239,3.026,4.191,4.3,1.66,116.3,0.04,0.02,0.01,0.03,99695,1507,3,0.21,0.07,0.07,0.0,49,42,-86,0,2.94,-0.13,0.0265,0.0544,36.94,43.04,25.88
629.727,flow_only,26.7,52.1375427,21.1603532,86.97,52.1375384,21.1603594,28,0.48,0.711,255,-0.1677,0.1677,-0.0882,0.0324,3.028,4.183,4.15,1.78,117.58,0.04,0.02,0.0,0.04,99695,1507,3,0.21,0.07,0.07,0.0,49,44,-100,0,2.93,-0.16,0.0266,0.0541,34.93,41.36,24.43
629.827,flow_only,26.8,52.1375425,21.1603537,86.97,52.1375384,21.1603594,28,0.48,0.711,255,0.0,0.3353,-0.123,-0.0053,3.027,4.181,3.63,1.78,118.73,0.04,0.02,0.0,0.02,99695,1507,3,0.21,0.07,0.07,0.0,49,114,-91,0,2.94,-0.15,0.0304,0.0588,35.61,38.33,22.11
629.927,flow_only,26.9,52.1375424,21.1603543,86.97,52.1375379,21.1603613,28,0.48,0.694,255,-0.1677,0.3353,-0.0261,-0.0466,3.013,4.18,3.26,1.52,119.69,0.04,0.02,0.0,0.03,99695,1507,3,0.21,0.07,0.07,0.0,49,-50,-44,0,2.94,-0.15,0.0276,0.0526,31.15,39.82,22.18
630.027,flow_only,27.0,52.1375423,21.1603549,86.97,52.1375379,21.1603613,28,0.48,0.694,255,0.0,0.1676,0.105,-0.0233,3.012,4.188,3.65,1.3,120.42,0.04,0.02,0.06,0.02,99695,1507,3,0.21,0.07,0.07,0.0,49,-37,157,0,2.97,-0.12,0.0142,0.033,29.85,37.87,20.34
630.127,flow_only,27.1,52.1375421,21.1603556,86.99,52.1375374,21.1603633,28,0.48,0.667,255,0.3353,0.0,0.1229,-0.0341,3.024,4.202,4.56,1.08,121.0,0.04,0.02,0.06,0.02,99695,1507,3,0.21,0.07,0.07,0.0,49,-5,120,0,3.0,-0.08,0.0083,0.0317,30.67,36.14,20.54
630.227,flow_only,27.2,52.1375419,21.1603563,87.0,52.1375374,21.1603633,28,0.48,0.667,255,0.0,0.1676,-0.0455,0.0151,3.016,4.214,4.52,1.13,121.36,0.04,0.02,0.0,0.02,99695,1507,3,0.21,0.07,0.07,0.0,49,158,-74,0,3.0,-0.08,0.0255,0.0469,29.32,37.64,19.89
630.328,flow_only,27.301,52.1375419,21.1603571,87.01,52.137537,21.1603654,28,0.48,0.76,255,0.0,0.0,0.0187,-0.1142,3.02,4.222,4.43,0.83,121.41,0.04,0.02,0.0,0.01,99695,1507,3,0.21,0.07,0.07,0.0,49,-15,-14,0,3.01,-0.07,0.0114,0.0222,27.09,33.11,18.64
630.428,flow_only,27.401,52.1375417,21.160358,87.01,52.137537,21.1603654,28,0.48,0.76,255,0.1677,0.1677,0.0692,-0.0881,3.008,4.226,4.77,0.1,121.44,0.04,0.02,0.01,0.01,99695,1507,3,0.21,0.07,0.07,0.0,49,-86,-70,0,3.01,-0.07,0.0058,0.0085,28.03,32.59,18.25
630.528,flow_only,27.501,52.1375415,21.1603588,87.01,52.1375365,21.1603675,28,0.48,0.689,255,0.0,0.1677,0.0125,-0.0237,3.026,4.227,5.03,0.04,121.4,0.04,0.02,0.0,0.03,99695,1507,3,0.21,0.07,0.07,0.0,49,279,113,0,3.01,-0.07,0.0225,0.0388,26.23,33.77,19.05
630.627,flow_only,27.6,52.1375415,21.1603597,87.01,52.1375365,21.1603675,28,0.48,0.689,255,0.1677,0.1677,0.0116,-0.0366,3.004,4.223,4.92,-0.13,121.14,0.04,0.02,0.03,0.02,99695,1507,3,0.21,0.07,0.07,0.0,49,128,-29,0,3.0,-0.08,0.0232,0.0431,26.64,31.0,18.04
630.727,flow_only,27.7,52.1375414,21.1603607,87.0,52.1375361,21.1603695,28,0.48,0.747,255,0.1676,0.3352,0.1063,-0.0233,2.984,4.215,5.47,-0.29,120.53,0.04,0.02,0.02,0.02,99695,1507,3,0.21,0.07,0.07,0.0,49,-97,-19,0,2.99,-0.09,0.0063,0.0213,24.39,32.49,18.6
630.827,flow_only,27.8,52.1375412,21.1603616,87.0,52.1375361,21.1603695,28,0.48,0.747,255,0.1676,0.3352,0.0375,0.0714,3.034,4.211,5.75,0.04,119.85,0.04,0.02,0.01,0.01,99695,1507,3,0.21,0.07,0.07,0.0,49,79,89,0,2.99,-0.06,0.0124,0.024,26.21,35.69,19.26
630.927,flow_only,27.9,52.137541,21.1603625,87.0,52.1375357,21.1603718,28,0.48,0.78,255,0.0,0.1677,-0.0054,0.0234,3.048,4.211,5.9,0.39,119.29,0.04,0.02,0.02,0.02,99695,1507,3,0.21,0.07,0.07,0.0,49,-51,14,0,3.0,-0.09,0.0078,0.0142,26.85,37.86,21.44
631.027,flow_only,28.0,52.1375408,21.1603634,87.0,52.1375357,21.1603718,28,0.48,0.78,255,0.0,0.3352,-0.0294,-0.0241,3.054,4.213,5.63,0.41,118.85,0.04,0.02,0.0,0.02,99695,1507,3,0.21,0.07,0.07,0.0,49,27,-74,0,3.01,-0.09,0.008,0.0127,29.78,33.79,20.98
631.127,flow_only,28.1,52.1375405,21.1603643,87.0,52.1375352,21.160374,28,0.48,0.833,255,0.0,0.1677,-0.0367,0.0258,3.045,4.214,5.61,0.43,118.52,0.04,0.02,0.0,0.01,99695,1507,3,0.21,0.07,0.07,0.0,49,-9,-251,0,3.01,-0.11,0.0143,0.0223,31.67,36.95,20.69
631.227,flow_only,28.2,52.1375403,21.1603651,87.0,52.1375352,21.160374,28,0.48,0.833,255,-0.1676,0.3352,-0.0298,0.0717,3.05,4.215,5.28,0.88,118.23,0.04,0.02,0.0,0.01,99695,1507,3,0.21,0.07,0.07,0.0,49,58,-169,0,3.01,-0.1,0.0274,0.0465,28.45,36.54,18.89
631.327,flow_only,28.3,52.1375401,21.1603658,87.0,52.1375346,21.1603761,28,0.48,0.809,255,0.0,0.3353,-0.0523,-0.0035,3.064,4.216,5.17,1.04,118.04,0.04,0.02,0.01,0.02,99695,1507,3,0.21,0.07,0.07,0.0,49,5,235,0,3.02,-0.09,0.0059,0.0124,28.15,33.21,20.65
631.428,flow_only,28.401,52.1375399,21.1603667,87.0,52.1375346,21.1603761,28,0.48,0.809,255,-0.1676,0.1676,-0.0015,-0.0683,3.074,4.212,4.89,0.86,117.79,0.04,0.02,0.04,0.02,99695,1507,3,0.21,0.07,0.07,0.0,49,78,-73,0,3.0,-0.12,0.0179,0.0332,31.21,32.28,20.05
631.528,flow_only,28.501,52.1375398,21.1603675,86.99,52.137534,21.1603784,28,0.48,0.88,255,0.0,0.0,0.0593,-0.0408,3.072,4.202,5.05,0.48,117.59,0.04,0.02,0.04,0.02,99695,1507,3,0.21,0.07,0.07,0.0,49,-42,-24,0,2.98,-0.15,0.0083,0.0252,30.06,34.78,21.2
631.627,flow_only,28.6,52.1375395,21.1603685,86.98,52.137534,21.1603784,28,0.48,0.88,255,0.0,0.3352,-0.0234,0.0528,3.06,4.19,5.3,0.63,117.52,0.04,0.02,0.0,0.02,99695,1507,3,0.21,0.07,0.07,0.0,49,-56,269,0,2.98,-0.16,0.0203,0.0392,33.78,36.28,20.73
631.727,flow_only,28.7,52.1375391,21.1603694,86.95,52.1375334,21.1603808,28,0.48,0.93,255,0.0,0.1677,0.0544,-0.0045,3.04,4.17,5.36,0.77,117.4,0.04,0.02,0.08,0.02,99695,1507,3,0.21,0.07,0.07,0.0,49,31,3,0,2.95,-0.18,0.0122,0.0421,30.03,33.32,19.73
631.827,flow_only,28.8,52.1375388,21.1603704,86.94,52.1375334,21.1603808,28,0.48,0.93,255,0.0,0.1676,-0.0174,0.0168,3.058,4.15,5.41,0.77,117.25,0.04,0.02,0.01,0.03,99695,1507,3,0.21,0.07,0.07,0.0,49,-10,81,0,2.94,-0.18,0.0124,0.0363,26.96,39.47,19.98
631.927,flow_only,28.9,52.1375385,21.1603714,86.92,52.1375327,21.1603832,28,0.48,0.945,255,-0.1676,0.6703,-0.0648,0.1078,3.05,4.133,5.13,1.25,116.97,0.04,0.02,0.02,0.02,99695,1507,3,0.21,0.07,0.07,0.0,49,68,5,0,2.93,-0.2,0.015,0.039,31.0,35.36,19.72
632.027,flow_only,29.0,52.1375382,21.1603724,86.91,52.1375327,21.1603832,28,0.48,0.945,255,0.0,0.1676,-0.0411,0.0433,3.004,4.121,4.74,1.85,116.58,0.04,0.02,0.0,0.02,99695,1507,3,0.21,0.07,0.07,0.0,49,81,-88,0,2.93,-0.19,0.0118,0.0261,30.41,29.32,19.07
632.127,flow_only,29.1,52.1375378,21.1603734,86.9,52.1375319,21.1603856,28,0.48,0.958,255,-0.1677,0.1677,-0.0494,-0.0722,3.028,4.114,4.28,1.47,116.25,0.04,0.02,0.03,0.01,99695,1507,3,0.21,0.07,0.07,0.0,49,-32,301,0,2.94,-0.13,0.0284,0.0527,26.85,29.01,18.83
632.227,flow_only,29.2,52.1375374,21.1603745,86.89,52.1375319,21.1603856,28,0.48,0.958,255,-0.1676,0.3352,-0.0199,0.0186,3.064,4.107,4.24,1.42,115.87,0.04,0.02,0.04,0.01,99695,1507,3,0.21,0.07,0.07,0.0,49,34,-93,0,2.92,-0.15,0.0148,0.0314,26.04,31.95,19.35
632.327,flow_only,29.3,52.1375369,21.1603754,86.88,52.137531,21.1603879,28,0.48,0.917,255,-0.1676,0.1676,0.0006,-0.048,3.072,4.1,4.1,1.33,115.51,0.04,0.02,0.01,0.03,99695,1507,3,0.21,0.07,0.07,0.0,49,67,-90,0,2.92,-0.21,0.0115,0.0249,28.35,32.72,20.34
632.427,flow_only,29.4,52.1375365,21.1603764,86.88,52.137531,21.1603879,28,0.48,0.917,255,0.0,0.3352,-0.0291,-0.0107,3.084,4.092,4.2,1.01,115.45,0.04,0.02,0.02,0.01,99695,1507,3,0.21,0.07,0.07,0.0,49,16,-51,0,2.92,-0.22,0.0123,0.029,28.76,35.29,20.46
632.528,flow_only,29.501,52.1375361,21.1603774,86.87,52.1375301,21.16039,28,0.48,0.894,255,-0.1676,0.6705,-0.1016,0.1109,3.072,4.084,3.7,1.53,115.58,0.04,0.02,0.01,0.04,99695,1507,3,0.21,0.07,0.07,0.0,49,-201,119,0,2.92,-0.24,0.0187,0.0388,30.35,34.93,20.19
632.628,flow_only,29.601,52.1375356,21.1603783,86.86,52.1375301,21.16039,28,0.48,0.894,255,-0.1677,0.3353,-0.0764,-0.0244,3.084,4.075,3.25,1.71,115.75,0.04,0.02,0.02,0.02,99695,1507,3,0.21,0.07,0.07,0.0,49,-47,208,0,2.91,-0.24,0.0293,0.0575,28.07,32.27,19.2
632.727,flow_only,29.7,52.1375352,21.1603793,86.85,52.1375293,21.1603921,28,0.48,0.891,255,0.0,0.1677,0.0471,0.0372,3.076,4.068,3.12,1.8,115.97,0.04,0.02,0.0,0.04,99695,1507,3,0.21,0.07,0.07,0.0,49,-47,-91,0,2.92,-0.24,0.0205,0.0422,29.85,30.76,18.67
632.827,flow_only,29.8,52.1375347,21.1603802,86.85,52.1375293,21.1603921,28,0.48,0.891,255,0.0,0.3353,-0.0679,-0.0764,3.088,4.064,3.23,1.42,116.46,0.04,0.02,0.0,0.01,99695,1507,3,0.21,0.07,0.07,0.0,49,-22,251,0,2.92,-0.24,0.0224,0.0441,27.91,34.07,18.7
632.927,flow_only,29.9,52.1375343,21.1603812,86.85,52.1375286,21.1603942,28,0.48,0.877,255,0.0,0.3353,-0.0253,0.011,3.094,4.063,2.91,1.31,116.96,0.04,0.02,0.01,0.03,99695,1507,3,0.21,0.07,0.07,0.0,49,-20,119,0,2.93,-0.23,0.0258,0.0501,28.51,32.86,18.98
633.027,flow_only,30.0,52.1375339,21.1603821,86.85,52.1375286,21.1603942,28,0.48,0.877,255,0.0,0.3352,0.0609,0.0099,3.098,4.061,3.17,1.37,117.31,0.04,0.02,0.0,0.02,99695,1507,3,0.21,0.07,0.07,0.0,49,-4,-103,0,2.94,-0.23,0.0132,0.0289,28.0,30.36,17.61
633.127,flow_only,30.1,52.1375336,21.1603829,86.84,52.1375278,21.1603962,28,0.48,0.833,255,0.0,0.6706,0.002,0.0814,3.114,4.06,3.28,1.75,117.24,0.04,0.02,0.0,0.03,99695,1507,3,0.21,0.07,0.07,0.0,49,1,-115,0,2.94,-0.23,0.0162,0.0313,25.76,28.72,17.34
633.227,flow_only,30.2,52.1375332,21.1603837,86.84,52.1375278,21.1603962,28,0.48,0.833,255,0.0,0.1677,-0.0242,-0.0735,3.116,4.054,3.36,1.65,116.9,0.04,0.02,0.03,0.02,99695,1507,3,0.21,0.07,0.07,0.0,49,-9,-78,0,2.93,-0.23,0.0138,0.0277,23.11,26.3,17.76
633.327,flow_only,30.3,52.1375329,21.1603846,86.83,52.1375272,21.1603981,28,0.48,0.799,255,0.0,0.1677,-0.0616,-0.1523,3.122,4.043,3.1,0.99,116.49,0.04,0.02,0.04,0.02,99695,1507,3,0.21,0.07,0.07,0.0,49,48,219,0,2.92,-0.27,0.0268,0.049,24.46,29.62,18.4
633.427,flow_only,30.4,52.1375326,21.1603857,86.82,52.1375272,21.1603981,28,0.48,0.799,255,0.0,0.3354,0.0262,-0.0364,3.126,4.033,3.09,0.62,116.16,0.04,0.02,0.0,0.04,99695,1507,3,0.21,0.07,0.07,0.0,49,8,157,0,2.92,-0.27,0.0384,0.0676,25.68,30.89,18.01
633.528,flow_only,30.501,52.1375323,21.1603868,86.81,52.1375266,21.1604,28,0.48,0.701,255,0.0,0.1677,-0.0392,-0.0292,3.12,4.022,2.85,0.51,115.95,0.04,0.02,0.02,0.02,99695,1507,3,0.21,0.07,0.07,0.0,49,211,-47,0,2.91,-0.29,0.0278,0.0502,26.99,30.44,17.86
633.628,flow_only,30.601,52.1375321,21.1603879,86.79,52.1375266,21.1604,28,0.48,0.701,255,0.0,0.1677,0.005,0.0666,3.106,4.005,2.73,0.76,115.59,0.04,0.02,0.03,0.03,99695,1507,3,0.21,0.07,0.07,0.0,49,1,-122,0,2.89,-0.29,0.0135,0.031,25.96,28.73,16.95
633.727,flow_only,30.7,52.1375319,21.1603889,86.77,52.1375261,21.1604017,28,0.48,0.701,255,0.0,0.3353,0.1111,-0.037,3.1,3.984,3.15,0.83,115.11,0.04,0.02,0.05,0.02,99695,1507,3,0.21,0.07,0.07,0.0,49,-49,65,0,2.87,-0.32,0.0153,0.0379,26.1,28.95,17.52
633.827,flow_only,30.8,52.1375317,21.16039,86.75,52.1375261,21.1604017,28,0.48,0.701,255,0.0,0.0,0.0794,-0.0353,3.095,3.969,3.6,0.62,114.73,0.04,0.02,0.03,0.03,99695,1507,3,0.21,0.07,0.07,0.0,49,-120,-2,0,2.88,-0.3,0.0183,0.0353,27.4,30.14,19.35
633.927,flow_only,30.9,52.1375314,21.160391,86.74,52.1375257,21.1604036,28,0.48,0.726,255,0.1677,0.1677,0.0481,0.008,3.097,3.953,4.19,0.55,114.56,0.04,0.02,0.03,0.03,99695,1507,3,0.21,0.06,0.07,0.0,49,16,-32,0,2.86,-0.31,0.0204,0.0398,29.72,32.19,20.91
634.027,flow_only,31.0,52.1375312,21.1603921,86.72,52.1375257,21.1604036,28,0.48,0.726,255,0.0,0.1677,-0.0132,-0.0275,3.108,3.939,4.24,0.44,114.6,0.04,0.02,0.01,0.02,99695,1507,3,0.21,0.06,0.07,0.0,49,-72,-43,0,2.85,-0.32,0.0129,0.0272,31.08,35.09,20.1
634.127,flow_only,31.1,52.137531,21.1603932,86.71,52.1375254,21.1604055,28,0.48,0.71,255,0.0,0.1677,-0.0097,0.0428,3.11,3.927,4.2,0.55,114.84,0.04,0.02,0.0,0.02,99695,1507,3,0.21,0.06,0.07,0.0,49,-27,105,0,2.85,-0.33,0.0146,0.0276,30.21,34.25,20.76
634.227,flow_only,31.2,52.1375308,21.1603941,86.7,52.1375254,21.1604055,28,0.48,0.71,255,0.0,0.1677,0.0111,-0.0219,3.12,3.915,4.21,0.64,114.92,0.04,0.02,0.01,0.01,99695,1507,3,0.21,0.06,0.07,0.0,49,-19,73,0,2.84,-0.33,0.0103,0.0203,27.68,30.74,19.32
634.327,flow_only,31.3,52.1375305,21.1603951,86.69,52.137525,21.1604074,28,0.48,0.704,255,0.0,0.3353,0.0918,-0.0401,3.132,3.902,4.43,0.3,114.88,0.04,0.02,0.01,0.01,99695,1507,3,0.21,0.06,0.07,0.0,49,-31,-154,0,2.84,-0.35,0.0155,0.0262,28.01,32.55,19.63
634.427,flow_only,31.4,52.1375303,21.1603959,86.67,52.137525,21.1604074,28,0.48,0.704,255,0.0,0.1677,0.0175,0.0748,3.128,3.89,4.78,0.41,115.07,0.04,0.02,0.0,0.02,99695,1507,3,0.21,0.06,0.07,0.0,49,72,-72,0,2.83,-0.35,0.0114,0.0201,30.91,33.17,20.11
634.527,flow_only,31.5,52.1375301,21.1603969,86.66,52.1375246,21.1604092,28,0.48,0.7,255,0.0,0.1676,-0.0162,0.0291,3.136,3.874,4.81,0.74,115.4,0.04,0.02,0.04,0.02,99695,1507,3,0.21,0.06,0.07,0.0,49,144,20,0,2.82,-0.38,0.0193,0.0355,28.24,33.19,19.73
634.628,flow_only,31.601,52.13753,21.160398,86.64,52.1375246,21.1604092,28,0.48,0.7,255,0.0,0.503,-0.0279,0.0216,3.152,3.855,4.47,0.94,115.7,0.04,0.02,0.04,0.03,99695,1507,3,0.21,0.06,0.07,0.0,49,39,43,0,2.8,-0.4,0.0268,0.0517,27.85,30.11,18.33
634.728,flow_only,31.701,52.13753,21.160399,86.62,52.1375242,21.160411,28,0.48,0.731,255,0.1677,0.1677,0.0833,-0.0342,3.158,3.833,4.81,0.76,116.07,0.04,0.02,0.04,0.02,99695,1507,3,0.21,0.07,0.07,0.0,49,-118,-30,0,2.79,-0.44,0.0106,0.0303,25.68,31.5,18.32
634.827,flow_only,31.8,52.1375298,21.1603997,86.6,52.1375242,21.160411,28,0.48,0.731,255,0.1677,0.1677,0.0785,-0.0254,3.162,3.81,5.39,0.6,116.42,0.04,0.02,0.02,0.04,99695,1507,3,0.21,0.07,0.07,0.0,49,-144,-206,0,2.77,-0.45,0.0231,0.0451,25.63,28.85,18.0
634.927,flow_only,31.9,52.1375296,21.1604004,86.57,52.1375237,21.1604128,28,0.48,0.646,255,0.0,0.1677,-0.0133,-0.0852,3.172,3.787,5.59,0.21,116.62,0.04,0.02,0.04,0.02,99695,1507,3,0.21,0.07,0.07,0.0,49,84,-2,0,2.76,-0.47,0.0195,0.0416,26.05,28.76,18.41
635.027,flow_only,32.0,52.1375295,21.160401,86.55,52.1375237,21.1604128,28,0.48,0.646,255,-0.1676,0.0,-0.0923,-0.1553,3.186,3.765,5.24,-0.51,116.89,0.04,0.02,0.02,0.01,99695,1507,3,0.21,0.07,0.07,0.0,49,25,195,0,2.75,-0.48,0.0066,0.0244,26.77,33.22,18.86
635.127,flow_only,32.1,52.1375293,21.1604018,86.53,52.1375231,21.1604145,28,0.48,0.738,255,0.0,0.0,-0.039,-0.0726,3.178,3.742,4.86,-1.17,117.24,0.04,0.02,0.04,0.01,99695,1507,3,0.21,0.07,0.07,0.0,49,-92,-72,0,2.74,-0.52,0.0144,0.0359,25.31,31.42,18.49
635.227,flow_only,32.2,52.137529,21.1604024,86.51,52.1375231,21.1604145,28,0.48,0.738,255,0.0,0.3353,-0.0278,0.0048,3.18,3.724,4.64,-1.37,117.48,0.04,0.02,0.0,0.02,99695,1507,3,0.21,0.07,0.07,0.0,49,-119,-14,0,2.74,-0.52,0.021,0.0394,24.78,32.83,17.89
635.327,flow_only,32.3,52.1375287,21.1604032,86.49,52.1375226,21.1604163,28,0.48,0.7,255,0.0,0.1677,-0.0619,0.025,3.178,3.709,4.32,-1.31,117.56,0.04,0.02,0.0,0.01,99695,1507,3,0.21,0.07,0.07,0.0,49,-93,-83,0,2.75,-0.5,0.0199,0.0372,24.56,34.47,18.48
635.427,flow_only,32.4,52.1375283,21.1604039,86.49,52.1375226,21.1604163,28,0.48,0.7,255,-0.1676,0.1676,-0.0661,0.0232,3.176,3.702,3.86,-1.2,117.46,0.04,0.02,0.04,0.01,99695,1507,3,0.21,0.07,0.07,0.0,49,-74,232,0,2.76,-0.5,0.0168,0.0361,25.18,36.18,17.48
635.527,flow_only,32.5,52.1375279,21.1604048,86.48,52.1375219,21.1604182,28,0.48,0.791,255,-0.1677,0.503,-0.0028,0.0377,3.198,3.697,3.79,-1.03,117.29,0.04,0.02,0.01,0.03,99695,1507,3,0.21,0.07,0.07,0.0,49,-142,41,0,2.78,-0.48,0.0282,0.0574,27.32,32.97,18.99
635.628,flow_only,32.601,52.1375274,21.1604055,86.48,52.1375219,21.1604182,28,0.48,0.791,255,0.0,0.1677,-0.0827,0.0267,3.214,3.693,3.57,-0.79,117.29,0.04,0.02,0.0,0.02,99695,1507,3,0.21,0.07,0.07,0.0,49,50,-155,0,2.78,-0.49,0.0256,0.0537,30.7,32.61,18.68
635.728,flow_only,32.701,52.1375271,21.1604064,86.48,52.1375212,21.1604203,28,0.48,0.843,255,-0.1677,0.1677,-0.2054,0.0356,3.22,3.697,2.54,-0.75,117.45,0.04,0.02,0.07,0.01,99695,1507,3,0.21,0.07,0.07,0.0,49,53,-98,0,2.82,-0.48,0.0132,0.0482,29.22,34.01,19.42
635.827,flow_only,32.8,52.1375267,21.1604073,86.49,52.1375212,21.1604203,28,0.48,0.843,255,-0.1677,0.3353,0.054,0.0863,3.236,3.709,2.28,-0.38,117.7,0.04,0.02,0.08,0.01,99695,1507,3,0.21,0.07,0.07,0.0,49,-126,18,0,2.85,-0.44,0.0138,0.0635,29.01,35.73,18.7
635.927,flow_only,32.9,52.1375263,21.1604082,86.51,52.1375205,21.1604225,28,0.48,0.93,255,0.0,0.3353,0.0613,0.0975,3.22,3.725,2.76,0.13,117.95,0.04,0.02,0.08,0.04,99695,1507,3,0.21,0.06,0.07,0.0,49,-66,-30,0,2.9,-0.42,0.024,0.0833,25.21,32.14,17.55
636.027,flow_only,33.0,52.1375258,21.1604092,86.53,52.1375205,21.1604225,28,0.48,0.93,255,0.0,0.3354,0.0148,0.0516,3.242,3.743,2.9,0.56,118.04,0.04,0.02,0.08,0.03,99695,1507,3,0.21,0.06,0.07,0.0,49,-26,-34,0,2.93,-0.39,0.0237,0.0871,26.61,29.11,14.96
636.127,flow_only,33.1,52.1375253,21.1604103,86.54,52.1375197,21.1604249,28,0.48,0.91,255,0.0,0.3353,-0.0619,0.0574,3.236,3.755,2.71,0.83,118.03,0.04,0.02,0.03,0.03,99695,1507,3,0.21,0.07,0.07,0.0,49,5,-168,0,2.93,-0.38,0.0145,0.066,27.35,33.89,17.12
636.227,flow_only,33.2,52.137525,21.1604115,86.55,52.1375197,21.1604249,28,0.48,0.91,255,0.0,0.3352,-0.044,0.0731,3.212,3.764,2.65,1.2,117.95,0.04,0.02,0.04,0.03,99695,1507,3,0.21,0.07,0.07,0.0,49,-1,159,0,2.95,-0.36,0.0198,0.0657,24.8,33.18,16.45
636.327,flow_only,33.3,52.1375247,21.1604127,86.56,52.137519,21.1604273,28,0.48,0.971,255,0.0,0.3353,0.025,0.0299,3.184,3.771,2.51,1.43,117.88,0.04,0.02,0.04,0.03,99695,1507,3,0.21,0.07,0.07,0.0,49,22,178,0,2.96,-0.33,0.0157,0.0577,26.56,28.6,15.92
636.427,flow_only,33.4,52.1375243,21.1604138,86.56,52.137519,21.1604273,28,0.48,0.971,255,0.1676,0.5028,0.0767,0.0532,3.186,3.776,2.9,1.78,117.9,0.04,0.02,0.04,0.02,99695,1507,3,0.21,0.07,0.07,0.0,49,-74,-192,0,2.97,-0.29,0.0124,0.0518,25.94,32.29,17.42
636.527,flow_only,33.5,52.137524,21.160415,86.56,52.1375183,21.1604299,28,0.48,0.974,255,0.1676,0.1676,0.0608,-0.0079,3.185,3.779,3.42,1.82,118.13,0.04,0.02,0.04,0.02,99695,1507,3,0.21,0.07,0.07,0.0,49,34,45,0,2.97,-0.28,0.0134,0.0493,28.26,31.8,17.55
636.627,flow_only,33.6,52.1375237,21.1604163,86.56,52.1375183,21.1604299,28,0.48,0.974,255,0.0,0.3352,0.0369,0.0523,3.178,3.779,3.57,1.97,118.49,0.04,0.02,0.02,0.03,99695,1507,3,0.21,0.07,0.07,0.0,49,113,-154,0,2.97,-0.28,0.0115,0.0401,30.5,30.81,18.82
636.728,flow_only,33.701,52.1375235,21.1604174,86.56,52.1375177,21.1604325,28,0.48,0.986,255,0.1677,0.503,0.063,0.071,3.174,3.776,3.81,2.42,118.65,0.04,0.02,0.02,0.03,99695,1507,3,0.21,0.07,0.07,0.0,49,98,127,0,2.97,-0.29,0.0089,0.0318,28.64,29.83,19.8
636.828,flow_only,33.801,52.1375233,21.1604186,86.56,52.1375177,21.1604325,28,0.48,0.986,255,0.0,0.3353,0.1034,0.0044,3.178,3.777,4.4,2.51,118.55,0.04,0.02,0.06,0.01,99695,1507,3,0.21,0.07,0.07,0.0,49,184,57,0,2.98,-0.26,0.0141,0.0421,29.08,34.93,19.87
636.927,flow_only,33.9,52.1375231,21.1604198,86.56,52.1375172,21.1604351,28,0.48,0.898,255,0.0,0.1676,0.032,-0.0794,3.172,3.778,4.72,2.21,118.25,0.04,0.02,0.03,0.02,99695,1507,3,0.21,0.07,0.07,0.0,49,4,-78,0,2.98,-0.27,0.0088,0.0338,28.01,37.43,21.09
637.027,flow_only,34.0,52.137523,21.160421,86.56,52.1375172,21.1604351,28,0.48,0.898,255,0.1677,0.3354,0.0329,-0.0759,3.176,3.776,4.83,1.85,117.9,0.04,0.02,0.01,0.02,99695,1507,3,0.21,0.07,0.07,0.0,49,100,131,0,2.97,-0.26,0.0174,0.0378,29.45,34.3,20.42
637.127,flow_only,34.1,52.1375228,21.1604221,86.55,52.1375169,21.1604376,28,0.48,0.885,255,0.3353,0.3353,0.0429,-0.0193,3.144,3.769,5.14,1.67,117.55,0.04,0.02,0.0,0.03,99695,1507,3,0.21,0.07,0.07,0.0,49,-122,-37,0,2.96,-0.28,0.0055,0.0112,29.02,34.12,21.74
637.227,flow_only,34.2,52.1375226,21.1604231,86.54,52.1375169,21.1604376,28,0.48,0.885,255,0.0,0.3353,-0.0067,0.107,3.138,3.755,5.18,2.13,117.25,0.04,0.02,0.02,0.01,99695,1507,3,0.21,0.07,0.07,0.0,49,-121,-131,0,2.93,-0.28,0.0142,0.0243,31.4,37.33,21.77
637.327,flow_only,34.3,52.1375224,21.1604241,86.53,52.1375165,21.16044,28,0.48,0.86,255,0.0,0.1676,0.0236,-0.0085,3.116,3.742,5.19,2.34,116.9,0.04,0.02,0.02,0.02,99695,1507,3,0.21,0.07,0.07,0.0,49,-43,-128,0,2.93,-0.27,0.0093,0.0168,27.79,37.72,20.2
637.427,flow_only,34.4,52.1375222,21.1604251,86.52,52.1375165,21.16044,28,0.48,0.86,255,0.1677,0.0,0.0136,-0.0513,3.088,3.734,5.36,2.09,116.52,0.04,0.02,0.04,0.01,99695,1507,3,0.21,0.07,0.07,0.0,49,61,-10,0,2.94,-0.24,0.0023,0.0085,27.35,37.39,20.78
637.527,flow_only,34.5,52.1375221,21.160426,86.51,52.1375161,21.1604423,28,0.48,0.83,255,0.0,0.1677,-0.0087,-0.0064,3.078,3.728,5.23,2.0,116.21,0.04,0.02,0.0,0.01,99695,1507,3,0.21,0.07,0.07,0.0,49,161,133,0,2.93,-0.22,0.02,0.037,30.68,40.44,20.81
637.627,flow_only,34.6,52.137522,21.160427,86.51,52.1375161,21.1604423,28,0.48,0.83,255,0.1677,0.3353,0.0362,-0.0064,3.072,3.726,5.49,1.94,116.02,0.04,0.02,0.03,0.02,99695,1507,3,0.21,0.07,0.07,0.0,49,47,-50,0,2.94,-0.21,0.0188,0.0378,33.82,35.58,22.41
637.728,flow_only,34.701,52.1375219,21.1604278,86.51,52.1375157,21.1604446,28,0.48,0.841,255,0.0,0.1677,0.0254,-0.0414,3.07,3.726,5.55,1.9,115.9,0.04,0.02,0.02,0.01,99695,1507,3,0.21,0.07,0.07,0.0,49,-42,-62,0,2.94,-0.19,0.0167,0.0346,29.9,36.98,21.42
637.828,flow_only,34.801,52.1375217,21.1604287,86.52,52.1375157,21.1604446,28,0.48,0.841,255,0.0,0.1676,0.0479,-0.028,3.074,3.73,5.8,1.7,115.84,0.04,0.02,0.05,0.01,99695,1507,3,0.21,0.07,0.07,0.0,49,-77,-25,0,2.95,-0.17,0.0107,0.0251,32.56,36.47,21.39
637.927,flow_only,34.9,52.1375215,21.1604295,86.52,52.1375152,21.1604468,28,0.48,0.806,255,0.0,0.1677,-0.0139,-0.0882,3.074,3.735,5.88,1.27,115.8,0.04,0.02,0.01,0.04,99695,1507,3,0.21,0.07,0.07,0.0,49,127,139,0,2.95,-0.18,0.0094,0.0172,32.07,34.29,22.6
638.027,flow_only,35.0,52.1375212,21.1604305,86.52,52.1375152,21.1604468,28,0.48,0.806,255,0.0,0.3353,-0.0426,-0.0213,3.07,3.732,5.58,0.98,115.88,0.04,0.02,0.03,0.02,99695,1507,3,0.21,0.07,0.07,0.0,49,4,-3,0,2.93,-0.2,0.0073,0.0175,30.59,35.14,21.22
638.127,flow_only,35.1,52.1375209,21.1604315,86.51,52.1375146,21.1604489,28,0.48,0.805,255,0.0,0.1676,-0.0601,0.0511,3.072,3.725,5.22,1.1,116.13,0.04,0.02,0.01,0.01,99695,1507,3,0.21,0.07,0.07,0.0,49,52,-254,0,2.92,-0.21,0.0098,0.028,29.0,34.42,19.65
638.227,flow_only,35.2,52.1375206,21.1604323,86.5,52.1375146,21.1604489,28,0.48,0.805,255,-0.1676,0.5028,-0.0578,0.1219,3.082,3.714,4.81,1.73,116.45,0.04,0.02,0.02,0.01,99695,1507,3,0.21,0.07,0.07,0.0,49,-71,-157,0,2.9,-0.21,0.0145,0.0355,30.11,32.48,20.57
638.327,flow_only,35.3,52.1375203,21.160433,86.49,52.1375139,21.1604509,28,0.48,0.825,255,0.0,0.1676,-0.0589,-0.0054,3.088,3.704,4.48,1.94,116.7,0.04,0.02,0.0,0.03,99695,1507,3,0.21,0.07,0.07,0.0,49,-74,363,0,2.9,-0.24,0.0095,0.0273,29.2,30.87,19.86
638.427,flow_only,35.4,52.13752,21.160434,86.48,52.1375139,21.1604509,28,0.48,0.825,255,-0.1676,0.1676,-0.0162,-0.0499,3.074,3.693,4.38,1.66,116.88,0.04,0.02,0.01,0.04,99695,1507,3,0.21,0.07,0.07,0.0,49,31,138,0,2.9,-0.25,0.0213,0.0436,26.98,33.22,20.53
638.527,flow_only,35.5,52.1375196,21.160435,86.47,52.1375131,21.1604528,28,0.48,0.788,255,0.0,0.3353,0.0052,0.0024,3.08,3.683,4.3,1.54,116.87,0.04,0.02,0.01,0.04,99695,1507,3,0.21,0.07,0.07,0.0,49,-127,-41,0,2.89,-0.25,0.0188,0.0428,25.39,36.07,19.51
638.627,flow_only,35.6,52.1375192,21.1604359,86.46,52.1375131,21.1604528,28,0.48,0.788,255,0.0,0.1676,0.0026,-0.0538,3.092,3.677,4.41,1.26,116.83,0.04,0.02,0.02,0.04,99695,1507,3,0.21,0.07,0.07,0.0,49,-15,-17,0,2.9,-0.24,0.0151,0.0324,27.1,34.77,19.57
638.727,flow_only,35.7,52.1375188,21.1604368,86.46,52.1375122,21.1604547,28,0.48,0.798,255,0.0,0.1677,-0.0788,0.0432,3.084,3.679,4.12,1.27,116.86,0.04,0.02,0.04,0.03,99695,1507,3,0.21,0.07,0.07,0.0,49,71,-231,0,2.92,-0.24,0.0027,0.002,28.29,30.76,21.07
638.828,flow_only,35.801,52.1375184,21.1604377,86.47,52.1375122,21.1604547,28,0.48,0.798,255,0.0,0.3354,-0.0267,-0.0202,3.082,3.681,3.9,1.28,116.82,0.04,0.02,0.01,0.02,99695,1507,3,0.21,0.07,0.07,0.0,49,-120,265,0,2.93,-0.23,0.029,0.0538,28.56,29.33,19.28
638.928,flow_only,35.901,52.137518,21.1604386,86.47,52.1375116,21.1604567,28,0.48,0.767,255,0.0,0.0,-0.0211,-0.0784,3.074,3.685,3.81,0.89,116.67,0.04,0.02,0.03,0.03,99695,1507,3,0.21,0.06,0.07,0.0,49,-148,4,0,2.95,-0.21,0.0234,0.0466,28.09,29.04,18.87
639.027,flow_only,36.0,52.1375175,21.1604395,86.47,52.1375116,21.1604567,28,0.48,0.767,255,0.0,0.1676,0.0027,-0.0324,3.102,3.683,3.76,0.59,116.47,0.04,0.02,0.03,0.02,99695,1507,3,0.21,0.06,0.07,0.0,49,-134,10,0,2.93,-0.22,0.0239,0.0467,30.55,29.04,19.41
639.127,flow_only,36.1,52.1375171,21.1604404,86.47,52.137511,21.1604587,28,0.48,0.789,255,0.0,0.3353,0.0349,0.0492,3.115,3.683,3.85,0.77,116.35,0.04,0.02,0.03,0.03,99695,1507,3,0.21,0.06,0.07,0.0,49,-4,89,0,2.95,-0.23,0.0164,0.034,31.87,28.97,18.31
639.227,flow_only,36.2,52.1375166,21.1604414,86.47,52.137511,21.1604587,28,0.48,0.789,255,0.0,0.5028,-0.0143,0.0861,3.115,3.686,3.86,1.12,116.44,0.04,0.02,0.04,0.04,99695,1507,3,0.21,0.06,0.07,0.0,49,-3,227,0,2.97,-0.22,0.0274,0.0528,31.17,30.23,19.26
639.327,flow_only,36.3,52.1375162,21.1604426,86.47,52.1375104,21.1604607,28,0.48,0.754,255,0.0,0.3352,-0.0985,0.074,3.12,3.684,3.6,1.51,116.62,0.04,0.02,0.0,0.04,99695,1507,3,0.21,0.06,0.07,0.0,49,25,7,0,2.96,-0.23,0.0172,0.0334,27.2,34.69,19.06
639.427,flow_only,36.4,52.137516,21.1604437,86.46,52.1375104,21.1604607,28,0.48,0.754,255,0.0,0.1676,0.0047,0.0254,3.106,3.674,3.06,2.01,116.48,0.04,0.02,0.03,0.02,99695,1507,3,0.21,0.06,0.07,0.0,49,144,-48,0,2.94,-0.24,0.0187,0.0365,28.29,33.3,18.64
639.527,flow_only,36.501,52.1375157,21.1604448,86.44,52.13751,21.1604627,28,0.48,0.743,255,0.1677,0.1677,0.1239,-0.0346,3.102,3.66,3.57,1.86,115.94,0.04,0.02,0.02,0.03,99695,1507,3,0.21,0.07,0.07,0.0,49,-113,116,0,2.93,-0.25,0.0174,0.0396,27.22,31.67,18.6
639.627,flow_only,36.6,52.1375154,21.1604459,86.43,52.13751,21.1604627,28,0.48,0.743,255,0.1676,0.3352,0.1069,0.0184,3.1,3.645,4.48,1.97,115.31,0.04,0.02,0.0,0.02,99695,1507,3,0.21,0.07,0.07,0.0,49,-40,64,0,2.91,-0.25,0.0125,0.0327,27.34,34.86,20.34
639.727,flow_only,36.7,52.137515,21.160447,86.41,52.1375096,21.1604647,28,0.48,0.759,255,0.0,0.3353,-0.0711,0.0121,3.102,3.627,4.33,2.09,114.85,0.04,0.02,0.03,0.02,99695,1507,3,0.21,0.06,0.07,0.0,49,322,240,0,2.9,-0.27,0.0398,0.0789,31.34,35.18,20.16
639.828,flow_only,36.801,52.1375149,21.1604484,86.39,52.1375096,21.1604647,28,0.48,0.759,255,0.0,0.1676,0.0235,0.0226,3.1,3.609,4.07,2.24,114.64,0.04,0.02,0.02,0.01,99695,1507,3,0.21,0.06,0.07,0.0,49,4,-130,0,2.87,-0.27,0.025,0.0586,31.19,35.88,20.6
639.928,flow_only,36.901,52.1375147,21.1604495,86.38,52.1375092,21.1604668,28,0.48,0.753,255,0.1676,0.1676,0.1016,0.0286,3.112,3.592,4.6,2.37,114.53,0.04,0.02,0.0,0.04,99695,1507,3,0.21,0.07,0.07,0.0,49,-70,56,0,2.88,-0.29,0.0128,0.0372,31.53,34.52,20.48
640.027,flow_only,37.0,52.1375146,21.1604506,86.37,52.1375092,21.1604668,28,0.48,0.753,255,0.0,0.3353,-0.0159,0.0663,3.146,3.588,4.76,2.72,114.61,0.04,0.02,0.1,0.03,99695,1507,3,0.21,0.07,0.07,0.0,49,97,30,0,2.91,-0.26,0.0193,0.0398,31.82,38.29,21.44
640.127,flow_only,37.1,52.1375145,21.1604516,86.38,52.1375088,21.1604688,28,0.48,0.76,255,0.0,0.1676,-0.0246,0.0425,3.138,3.597,4.57,3.02,114.9,0.04,0.02,0.07,0.03,99695,1507,3,0.21,0.07,0.07,0.0,49,180,11,0,2.94,-0.28,0.037,0.0766,31.42,34.23,20.22
640.227,flow_only,37.2,52.1375145,21.1604525,86.4,52.1375088,21.1604688,28,0.48,0.76,255,0.0,0.0,0.0512,-0.0334,3.15,3.612,4.72,3.02,115.22,0.04,0.02,0.05,0.03,99695,1507,3,0.21,0.07,0.07,0.0,49,-15,-114,0,2.96,-0.24,0.0285,0.0654,30.33,32.9,20.3
640.327,flow_only,37.3,52.1375144,21.1604534,86.41,52.1375084,21.1604708,28,0.48,0.703,255,0.0,0.0,0.089,-0.1268,3.152,3.627,5.05,2.48,115.57,0.04,0.02,0.04,0.04,99695,1507,3,0.21,0.07,0.07,0.0,49,-70,-8,0,2.99,-0.22,0.0109,0.0431,30.22,35.11,20.97
640.427,flow_only,37.4,52.1375142,21.1604543,86.42,52.1375084,21.1604708,28,0.48,0.703,255,0.1677,0.0,0.007,-0.1337,3.144,3.64,5.23,1.78,115.9,0.04,0.02,0.03,0.02,99695,1507,3,0.21,0.07,0.07,0.0,49,-69,-100,0,3.0,-0.22,0.0144,0.0398,29.08,36.55,19.56
640.527,flow_only,37.5,52.1375139,21.1604551,86.43,52.1375079,21.1604726,28,0.48,0.629,255,0.0,0.1677,0.0333,-0.1123,3.135,3.646,5.22,1.09,116.09,0.04,0.02,0.0,0.01,99695,1507,3,0.21,0.06,0.07,0.0,49,30,-91,0,3.0,-0.21,0.01,0.0253,29.9,33.66,19.12
640.627,flow_only,37.6,52.1375137,21.1604559,86.44,52.1375079,21.1604726,28,0.48,0.629,255,0.0,0.0,-0.0159,-0.1044,3.124,3.65,5.29,0.43,116.28,0.04,0.02,0.06,0.01,99695,1507,3,0.21,0.06,0.07,0.0,49,-46,75,0,3.02,-0.17,0.0127,0.0357,26.69,35.31,18.99
640.727,flow_only,37.7,52.1375134,21.1604567,86.44,52.1375075,21.1604744,28,0.5,0.678,255,0.0,0.1677,0.0756,-0.0383,3.12,3.654,5.6,0.3,116.39,0.04,0.02,0.01,0.01,99695,1507,3,0.21,0.07,0.07,0.0,49,-32,-52,0,3.02,-0.17,0.0137,0.0329,26.73,39.41,19.36
640.827,flow_only,37.8,52.1375131,21.1604574,86.44,52.1375075,21.1604744,28,0.5,0.678,255,0.0,0.1677,-0.0486,0.095,3.11,3.653,5.44,0.48,116.49,0.04,0.02,0.01,0.02,99695,1507,3,0.21,0.07,0.07,0.0,49,34,-229,0,3.01,-0.18,0.0243,0.0453,26.83,40.29,19.41
640.928,flow_only,37.901,52.1375129,21.1604582,86.44,52.137507,21.1604762,28,0.5,0.696,255,-0.1677,0.503,-0.0855,-0.0008,3.112,3.651,5.15,0.69,116.57,0.04,0.02,0.01,0.01,99695,1507,3,0.21,0.06,0.07,0.0,49,-124,71,0,3.01,-0.17,0.0119,0.024,30.61,41.87,19.56
641.028,flow_only,38.001,52.1375126,21.1604591,86.44,52.137507,21.1604762,28,0.5,0.696,255,-0.1677,0.1677,-0.0718,0.0374,3.104,3.651,4.74,0.76,116.91,0.04,0.02,0.04,0.02,99695,1507,3,0.21,0.06,0.07,0.0,49,107,130,0,3.02,-0.15,0.0049,0.015,33.16,37.39,21.03
641.127,flow_only,38.1,52.1375124,21.1604599,86.44,52.1375064,21.1604781,28,0.5,0.76,255,0.0,0.1677,-0.1072,0.1104,3.102,3.657,4.28,1.13,117.41,0.04,0.02,0.08,0.03,99695,1507,3,0.21,0.07,0.07,0.0,49,65,-105,0,3.04,-0.16,0.019,0.047,31.7,37.23,20.47
641.227,flow_only,38.2,52.137512,21.1604609,86.46,52.1375064,21.1604781,28,0.5,0.76,255,0.0,0.3352,-0.0126,-0.0033,3.09,3.671,4.09,1.64,117.79,0.04,0.02,0.06,0.02,99695,1507,3,0.21,0.07,0.07,0.0,49,-98,243,0,3.06,-0.1,0.0126,0.0429,32.19,36.23,19.63
641.327,flow_only,38.3,52.1375116,21.1604619,86.47,52.1375057,21.16048,28,0.5,0.793,255,0.0,0.0,0.0173,-0.0205,3.068,3.687,4.33,1.16,117.99,0.04,0.02,0.06,0.01,99695,1507,3,0.21,0.06,0.07,0.0,49,-7,16,0,3.09,-0.07,0.0174,0.0541,31.75,34.83,19.23
641.427,flow_only,38.4,52.1375111,21.1604627,86.49,52.1375057,21.16048,28,0.5,0.793,255,0.0,0.1677,-0.0387,0.1954,3.064,3.705,4.12,1.89,118.21,0.04,0.02,0.07,0.03,99695,1507,3,0.21,0.06,0.07,0.0,49,83,8,0,3.11,-0.02,0.0128,0.0529,28.3,34.73,17.18
641.527,flow_only,38.501,52.1375106,21.1604637,86.51,52.1375049,21.160482,28,0.5,0.816,255,0.0,0.5029,-0.0158,0.014,3.056,3.724,4.03,2.43,118.44,0.04,0.02,0.05,0.01,99695,1507,3,0.21,0.07,0.07,0.0,49,19,-71,0,3.13,0.0,0.0179,0.0554,29.09,32.6,16.87
641.627,flow_only,38.6,52.1375101,21.1604648,86.53,52.1375049,21.160482,28,0.5,0.816,255,-0.1676,0.1676,-0.167,0.0281,3.048,3.741,3.43,2.47,118.61,0.04,0.02,0.06,0.03,99695,1507,3,0.21,0.07,0.07,0.0,49,114,-81,0,3.15,0.0,0.0105,0.0459,26.83,32.19,16.84
641.727,flow_only,38.7,52.1375098,21.1604658,86.55,52.1375041,21.160484,28,0.48,0.886,255,-0.1676,0.0,-0.087,-0.0513,3.064,3.76,2.66,2.22,118.75,0.04,0.02,0.07,0.02,99695,1507,3,0.21,0.06,0.07,0.0,49,-16,301,0,3.17,0.02,0.0205,0.058,26.87,32.86,18.97
641.827,flow_only,38.8,52.1375094,21.1604668,86.57,52.1375041,21.160484,28,0.48,0.886,255,0.0,0.1676,0.0461,0.028,3.062,3.781,2.66,2.15,118.76,0.04,0.02,0.06,0.03,99695,1507,3,0.21,0.06,0.07,0.0,49,26,-51,0,3.18,0.06,0.0104,0.0473,26.68,32.42,17.17
641.928,flow_only,38.901,52.137509,21.1604677,86.59,52.1375032,21.1604859,28,0.48,0.782,255,0.0,0.3353,0.0324,0.0561,3.065,3.8,2.89,2.62,118.88,0.04,0.02,0.04,0.01,99695,1507,3,0.21,0.07,0.07,0.0,49,154,-177,0,3.19,0.06,0.0198,0.0496,26.83,34.16,17.43
642.027,flow_only,39.0,52.1375088,21.1604685,86.6,52.1375032,21.1604859,28,0.48,0.782,255,0.0,0.1676,0.035,0.0035,3.056,3.815,3.08,2.74,118.96,0.04,0.02,0.02,0.04,99695,1507,3,0.21,0.07,0.07,0.0,49,-47,61,0,3.19,0.06,0.0092,0.0279,26.55,33.78,17.01
642.127,flow_only,39.1,52.1375086,21.1604694,86.61,52.1375025,21.1604877,28,0.48,0.669,255,0.1676,0.1676,0.0125,-0.1658,3.054,3.825,3.38,2.13,118.87,0.04,0.02,0.03,0.02,99695,1507,3,0.21,0.07,0.07,0.0,49,92,-27,0,3.2,0.07,0.0091,0.0225,26.57,32.9,18.98
642.227,flow_only,39.2,52.1375085,21.1604704,86.62,52.1375025,21.1604877,28,0.48,0.669,255,0.0,0.0,0.1247,-0.1646,3.032,3.833,3.97,1.25,118.6,0.04,0.02,0.02,0.02,99695,1507,3,0.21,0.07,0.07,0.0,49,-50,-29,0,3.2,0.08,0.0185,0.0353,28.06,33.9,20.06
642.327,flow_only,39.3,52.1375083,21.1604714,86.62,52.1375019,21.1604893,28,0.48,0.626,255,0.1677,0.0,0.0691,-0.071,3.008,3.838,4.56,0.46,118.4,0.04,0.02,0.01,0.02,99695,1507,3,0.21,0.07,0.07,0.0,49,15,-16,0,3.19,0.08,0.015,0.0291,28.24,35.64,18.94
642.427,flow_only,39.4,52.1375082,21.1604724,86.63,52.1375019,21.1604893,28,0.48,0.626,255,0.0,0.1677,-0.088,-0.0511,2.998,3.841,4.43,0.36,118.33,0.04,0.02,0.01,0.02,99695,1507,3,0.21,0.07,0.07,0.0,49,-59,142,0,3.18,0.09,0.0109,0.0216,28.96,33.5,18.73
642.527,flow_only,39.5,52.137508,21.1604734,86.63,52.1375014,21.1604909,28,0.48,0.609,255,-0.1677,0.1677,0.0488,-0.0074,2.976,3.841,4.32,0.01,118.26,0.04,0.02,0.0,0.0,99695,1507,3,0.21,0.07,0.07,0.0,49,43,-102,0,3.17,0.1,0.0118,0.028,31.54,34.34,19.06
642.627,flow_only,39.6,52.1375078,21.1604743,86.62,52.1375014,21.1604909,28,0.48,0.609,255,0.0,0.3353,0.0524,0.023,2.97,3.838,4.52,0.15,118.18,0.04,0.02,0.02,0.02,99695,1507,3,0.21,0.07,0.07,0.0,49,-32,-63,0,3.15,0.09,0.0211,0.047,29.88,34.24,17.94
642.727,flow_only,39.7,52.1375076,21.160475,86.62,52.1375009,21.1604925,28,0.48,0.645,255,0.1677,0.1677,0.0813,0.0617,2.972,3.834,4.92,0.43,118.1,0.04,0.02,0.01,0.03,99695,1507,3,0.21,0.07,0.07,0.0,49,-51,-86,0,3.15,0.1,0.019,0.0415,28.85,35.1,19.71
642.827,flow_only,39.8,52.1375074,21.1604758,86.62,52.1375009,21.1604925,28,0.48,0.645,255,-0.1677,0.1677,-0.0939,0.0887,2.972,3.833,4.69,0.88,118.1,0.04,0.02,0.01,0.01,99695,1507,3,0.21,0.07,0.07,0.0,49,194,-131,0,3.15,0.1,0.0315,0.0638,27.69,36.24,18.24
642.927,flow_only,39.9,52.1375072,21.1604765,86.61,52.1375003,21.1604943,28,0.48,0.739,255,-0.3353,0.3353,-0.0613,-0.0401,2.972,3.829,4.05,0.95,118.1,0.04,0.02,0.05,0.02,99695,1507,3,0.21,0.07,0.07,0.0,49,-28,90,0,3.12,0.07,0.012,0.0465,24.97,35.35,18.97
643.027,flow_only,40.0,52.137507,21.1604773,86.61,52.1375003,21.1604943,28,0.48,0.739,255,0.0,0.1677,0.04,-0.1871,2.96,3.824,4.37,0.18,117.98,0.04,0.02,0.0,0.04,99695,1507,3,0.21,0.07,0.07,0.0,49,-86,87,0,3.11,0.07,0.01,0.0397,25.71,31.94,17.89
643.127,flow_only,40.1,52.1375066,21.1604782,86.6,52.1374996,21.160496,28,0.48,0.685,255,0.0,0.1677,-0.0296,-0.0165,2.947,3.817,4.18,-0.31,117.83,0.04,0.02,0.0,0.02,99695,1507,3,0.21,0.07,0.07,0.0,49,-8,-54,0,3.11,0.07,0.0092,0.0371,28.66,30.23,17.16
643.227,flow_only,40.2,52.1375063,21.160479,86.6,52.1374996,21.160496,28,0.48,0.685,255,0.0,0.3351,-0.0334,0.0725,2.944,3.81,4.18,-0.02,117.65,0.04,0.02,0.01,0.02,99695,1507,3,0.21,0.07,0.07,0.0,49,-168,75,0,3.1,0.07,0.0155,0.0451,27.53,30.17,18.64
643.327,flow_only,40.3,52.1375059,21.1604798,86.59,52.1374987,21.1604977,28,0.48,0.757,255,-0.1677,0.3353,-0.1402,0.0962,2.93,3.801,3.62,0.37,117.42,0.04,0.02,0.04,0.05,99695,1507,3,0.21,0.07,0.07,0.0,49,86,-130,0,3.08,0.06,0.0237,0.0632,28.39,30.07,16.51
643.427,flow_only,40.4,52.1375056,21.1604804,86.57,52.1374987,21.1604977,28,0.48,0.757,255,-0.1677,0.3353,-0.0371,0.0766,2.908,3.785,3.23,0.83,117.41,0.04,0.02,0.07,0.02,99695,1507,3,0.21,0.07,0.07,0.0,49,-25,-1,0,3.04,0.04,0.0271,0.0808,27.57,28.1,19.18
643.527,flow_only,40.5,52.1375052,21.1604814,86.54,52.1374979,21.1604996,28,0.48,0.85,255,-0.1677,0.503,-0.1134,0.0284,2.912,3.758,2.77,1.12,117.58,0.04,0.02,0.11,0.04,99695,1507,3,0.21,0.07,0.07,0.0,49,89,2,0,2.99,0.0,0.0199,0.0937,25.32,33.32,18.23
643.627,flow_only,40.6,52.1375049,21.1604825,86.51,52.1374979,21.1604996,28,0.48,0.85,255,-0.1676,0.1676,-0.0838,0.0261,2.902,3.729,2.13,1.12,117.7,0.04,0.02,0.05,0.04,99695,1507,3,0.21,0.07,0.07,0.0,49,167,-263,0,2.96,0.0,0.0309,0.1035,24.73,28.33,17.62
643.727,flow_only,40.7,52.1375047,21.1604833,86.49,52.137497,21.1605017,28,0.48,0.872,255,0.0,0.1676,0.0122,-0.0069,2.908,3.704,1.89,1.13,117.71,0.04,0.02,0.08,0.02,99695,1507,3,0.21,0.07,0.07,0.0,49,-271,65,0,2.93,-0.05,0.0258,0.0973,23.34,31.71,18.82
643.827,flow_only,40.8,52.1375043,21.1604841,86.47,52.137497,21.1605017,28,0.48,0.872,255,0.0,0.3353,0.0584,-0.0811,2.936,3.682,2.25,0.83,117.71,0.04,0.02,0.04,0.03,99695,1507,3,0.21,0.07,0.07,0.0,49,-77,-47,0,2.92,-0.07,0.029,0.0922,24.32,32.49,19.39
643.927,flow_only,40.9,52.137504,21.1604849,86.45,52.1374961,21.1605037,28,0.48,0.842,255,0.0,0.1677,0.0654,-0.0649,2.946,3.665,2.67,0.56,117.55,0.04,0.02,0.06,0.04,99695,1507,3,0.21,0.07,0.07,0.0,49,-36,-82,0,2.91,-0.1,0.0253,0.0865,28.17,32.2,20.36
644.027,flow_only,41.0,52.1375036,21.1604858,86.44,52.1374961,21.1605037,28,0.48,0.842,255,0.0,0.1676,0.0618,-0.0479,2.952,3.656,3.36,0.18,117.29,0.04,0.02,0.04,0.02,99695,1507,3,0.21,0.07,0.07,0.0,49,28,-207,0,2.94,-0.09,0.023,0.0562,26.97,34.75,20.56
644.127,flow_only,41.1,52.1375032,21.1604866,86.44,52.1374953,21.1605059,28,0.48,0.87,255,0.0,0.503,-0.0807,0.0204,2.976,3.657,3.31,0.05,117.18,0.04,0.02,0.01,0.03,99695,1507,3,0.21,0.06,0.07,0.0,49,-7,113,0,2.95,-0.07,0.0176,0.0411,27.28,29.36,18.71
644.227,flow_only,41.2,52.1375028,21.1604876,86.44,52.1374953,21.1605059,28,0.48,0.87,255,-0.1677,0.1677,-0.1017,0.0478,2.994,3.655,2.61,0.34,117.25,0.04,0.02,0.11,0.04,99695,1507,3,0.21,0.06,0.07,0.0,49,114,-156,0,2.92,-0.12,0.015,0.0565,28.85,29.97,16.92
644.327,flow_only,41.3,52.1375025,21.1604884,86.43,52.1374945,21.160508,28,0.5,0.899,255,0.0,0.3354,0.0177,0.0638,3.004,3.649,2.42,0.81,117.33,0.04,0.02,0.01,0.03,99695,1507,3,0.21,0.07,0.07,0.0,49,-93,-192,0,2.93,-0.13,0.0233,0.0583,28.32,31.16,17.45
644.427,flow_only,41.4,52.1375023,21.1604892,86.43,52.1374945,21.160508,28,0.5,0.899,255,0.0,0.503,0.0057,-0.0924,3.014,3.65,2.53,0.54,117.38,0.04,0.02,0.03,0.02,99695,1507,3,0.21,0.07,0.07,0.0,49,-55,219,0,2.96,-0.12,0.0116,0.0277,24.75,31.4,15.93
644.527,flow_only,41.501,52.1375019,21.1604901,86.44,52.1374937,21.1605102,28,0.48,0.892,255,0.0,0.1677,-0.0477,-0.0511,3.024,3.656,2.44,-0.0,117.36,0.04,0.02,0.02,0.04,99695,1507,3,0.21,0.07,0.07,0.0,49,-11,0,0,2.99,-0.1,0.0094,0.0201,24.16,31.5,15.88
644.627,flow_only,41.6,52.1375017,21.1604911,86.45,52.1374937,21.1605102,28,0.48,0.892,255,0.0,0.1677,-0.0409,-0.0546,3.036,3.668,2.26,0.15,117.19,0.04,0.02,0.04,0.02,99695,1507,3,0.21,0.07,0.07,0.0,49,-2,-193,0,3.02,-0.09,0.0188,0.0406,24.98,34.93,15.61
644.727,flow_only,41.7,52.1375013,21.1604922,86.47,52.1374928,21.1605125,28,0.48,0.926,255,0.0,0.1676,0.1133,-0.1281,3.068,3.681,2.54,-0.48,116.84,0.04,0.02,0.02,0.03,99695,1507,3,0.21,0.07,0.07,0.0,49,-3,-1,0,3.04,-0.07,0.0079,0.0252,25.5,33.84,16.45
644.827,flow_only,41.8,52.137501,21.1604933,86.48,52.1374928,21.1605125,28,0.48,0.926,255,0.0,0.1677,-0.0368,0.0681,3.076,3.693,2.84,-0.66,116.61,0.04,0.02,0.02,0.02,99695,1507,3,0.21,0.07,0.07,0.0,49,44,-63,0,3.06,-0.07,0.0087,0.031,29.09,32.04,16.03
644.927,flow_only,41.9,52.1375007,21.1604945,86.49,52.137492,21.1605149,28,0.48,1.015,255,0.1677,0.8383,0.0418,0.3073,3.056,3.702,2.76,0.69,116.71,0.04,0.02,0.01,0.01,99695,1507,3,0.21,0.07,0.07,0.0,49,-24,154,0,3.06,-0.09,0.006,0.0181,31.35,34.45,15.73
645.027,flow_only,42.0,52.1375004,21.1604957,86.49,52.137492,21.1605149,28,0.48,1.015,255,0.0,0.8383,0.0054,0.1144,3.066,3.706,3.06,1.96,117.15,0.04,0.02,0.02,0.02,99695,1507,3,0.21,0.07,0.07,0.0,49,72,-250,0,3.07,-0.07,0.0292,0.0559,32.97,34.64,17.95
645.127,flow_only,42.1,52.1375001,21.1604967,86.49,52.1374913,21.1605177,28,0.48,1.078,255,0.0,0.3353,0.0202,0.01,3.066,3.71,3.04,2.06,117.51,0.04,0.02,0.01,0.02,99695,1507,3,0.21,0.07,0.07,0.0,49,-33,12,0,3.08,-0.05,0.0229,0.0467,33.61,34.0,18.82
645.227,flow_only,42.2,52.1374998,21.1604979,86.5,52.1374913,21.1605177,28,0.48,1.078,255,0.0,0.3353,0.0352,0.1355,3.072,3.714,3.3,2.58,117.91,0.04,0.02,0.02,0.01,99695,1507,3,0.21,0.07,0.07,0.0,49,-75,333,0,3.09,-0.05,0.016,0.0388,35.12,36.03,17.86
645.327,flow_only,42.3,52.1374995,21.1604993,86.5,52.1374906,21.1605207,28,0.48,1.109,255,0.0,0.503,0.0109,-0.0268,3.076,3.72,3.46,2.51,118.44,0.04,0.02,0.02,0.04,99695,1507,3,0.21,0.07,0.07,0.0,49,105,-78,0,3.1,-0.04,0.0083,0.0272,32.4,38.06,20.36
645.427,flow_only,42.4,52.1374992,21.1605006,86.51,52.1374906,21.1605207,28,0.48,1.109,255,0.0,0.3353,0.0003,0.0677,3.086,3.727,3.48,2.64,118.9,0.04,0.02,0.05,0.04,99695,1507,3,0.21,0.07,0.07,0.0,49,-83,-136,0,3.12,-0.02,0.0092,0.0373,30.87,37.86,20.54
645.528,flow_only,42.501,52.1374989,21.160502,86.52,52.1374899,21.1605238,28,0.48,1.174,255,0.1677,0.3353,0.0681,0.0914,3.058,3.735,3.86,3.11,119.22,0.04,0.02,0.01,0.03,99695,1507,3,0.21,0.07,0.07,0.0,49,-89,-77,0,3.12,-0.03,0.0162,0.0412,33.45,36.97,19.12
645.627,flow_only,42.6,52.1374984,21.1605034,86.53,52.1374899,21.1605238,28,0.48,1.174,255,0.0,0.3354,0.0534,0.1187,3.072,3.743,4.28,3.67,119.43,0.04,0.02,0.04,0.01,99695,1507,3,0.21,0.07,0.07,0.0,49,-121,270,0,3.13,0.0,0.035,0.0774,34.47,34.82,17.71
645.727,flow_only,42.7,52.1374979,21.1605047,86.54,52.1374893,21.160527,28,0.48,1.148,255,0.1677,0.3353,0.0545,0.0657,3.08,3.755,4.57,4.13,119.55,0.04,0.02,0.06,0.03,99695,1507,3,0.21,0.07,0.07,0.0,49,-118,406,0,3.16,0.02,0.0541,0.1179,34.54,35.95,18.25
645.827,flow_only,42.8,52.1374972,21.1605061,86.56,52.1374893,21.160527,28,0.48,1.148,255,0.1677,0.503,0.0017,0.071,3.07,3.772,4.62,4.57,119.5,0.04,0.02,0.06,0.04,99695,1507,3,0.21,0.07,0.07,0.0,49,-47,-81,0,3.17,0.04,0.0371,0.0915,31.66,37.42,19.37
645.927,flow_only,42.9,52.1374967,21.1605075,86.58,52.1374887,21.1605302,28,0.48,1.141,255,0.3354,0.8384,0.0999,0.1175,3.07,3.791,4.89,5.22,119.28,0.04,0.02,0.06,0.03,99695,1507,3,0.21,0.07,0.07,0.0,49,-92,-95,0,3.19,0.04,0.0247,0.073,34.46,37.79,21.29
646.027,flow_only,43.0,52.1374962,21.160509,86.6,52.1374887,21.1605302,28,0.48,1.141,255,0.0,0.3353,-0.1453,0.0318,3.054,3.814,4.4,5.45,118.93,0.04,0.02,0.09,0.02,99695,1507,3,0.21,0.07,0.07,0.0,49,37,-164,0,3.23,0.11,0.0283,0.0844,34.13,40.24,18.5
646.127,flow_only,43.1,52.1374959,21.1605104,86.62,52.137488,21.1605333,28,0.48,1.074,255,0.0,0.3353,0.02,0.0519,3.052,3.833,4.04,5.73,118.62,0.04,0.02,0.0,0.01,99695,1507,3,0.21,0.07,0.07,0.0,49,28,163,0,3.23,0.12,0.0267,0.066,32.46,35.18,21.34
646.227,flow_only,43.2,52.1374956,21.1605117,86.63,52.137488,21.1605333,28,0.48,1.074,255,0.0,0.1677,-0.0289,-0.0278,3.04,3.844,3.99,5.76,118.37,0.04,0.02,0.0,0.04,99695,1507,3,0.21,0.07,0.07,0.0,49,-43,239,0,3.22,0.12,0.0229,0.0523,36.26,36.83,20.28
646.327,flow_only,43.3,52.1374953,21.1605131,86.63,52.1374875,21.1605362,28,0.48,0.971,255,0.1677,0.1677,-0.0175,-0.0002,3.032,3.846,3.8,5.65,118.12,0.04,0.02,0.04,0.03,99695,1507,3,0.21,0.07,0.07,0.0,49,-10,96,0,3.19,0.1,0.0224,0.0458,35.59,30.94,23.88
646.427,flow_only,43.4,52.1374949,21.1605144,86.62,52.1374875,21.1605362,28,0.48,0.971,255,0.1676,0.6705,0.0168,0.0855,3.032,3.838,3.79,6.12,117.83,0.04,0.02,0.05,0.04,99695,1507,3,0.21,0.07,0.07,0.0,49,-49,206,0,3.16,0.07,0.0254,0.0572,31.71,40.84,22.33
646.527,flow_only,43.5,52.1374945,21.1605157,86.61,52.1374872,21.1605388,28,0.48,0.836,255,0.1677,0.3353,0.0986,0.0401,3.03,3.822,4.17,6.28,117.48,0.04,0.02,0.04,0.04,99695,1507,3,0.21,0.07,0.07,0.0,49,-90,211,0,3.13,0.05,0.0315,0.0729,35.61,39.64,19.01
646.627,flow_only,43.6,52.1374941,21.1605169,86.59,52.1374872,21.1605388,28,0.48,0.836,255,0.0,0.3353,-0.0733,0.1067,3.034,3.805,4.11,6.75,117.2,0.04,0.02,0.02,0.04,99695,1507,3,0.21,0.07,0.07,0.0,49,79,-136,0,3.11,0.05,0.0159,0.0511,39.47,37.14,18.12
646.727,flow_only,43.7,52.1374939,21.1605179,86.57,52.1374869,21.1605413,27,0.5,0.855,255,0.0,0.0,-0.1161,-0.0057,3.014,3.786,3.63,7.02,116.91,0.04,0.02,0.05,0.02,99695,1507,3,0.21,0.07,0.07,0.0,49,11,34,0,3.08,0.0,0.0111,0.0527,36.15,35.06,17.25
646.827,flow_only,43.8,52.1374936,21.1605189,86.55,52.1374869,21.1605413,27,0.5,0.855,255,0.0,0.0,-0.0785,-0.0735,2.998,3.761,2.97,6.7,116.74,0.04,0.02,0.08,0.03,99695,1507,3,0.21,0.07,0.07,0.0,49,-68,-9,0,3.04,-0.02,0.0151,0.0702,32.76,32.86,21.32
646.927,flow_only,43.9,52.1374935,21.1605197,86.52,52.1374866,21.1605436,27,0.5,0.708,255,0.0,0.0,-0.0092,-0.1659,2.982,3.734,2.79,5.97,116.57,0.04,0.02,0.04,0.02,99695,1507,3,0.2,0.07,0.07,0.0,49,9,73,0,3.01,-0.03,0.0167,0.0699,31.71,41.83,17.61
647.027,flow_only,44.0,52.1374933,21.1605206,86.49,52.1374866,21.1605436,27,0.5,0.708,255,0.0,0.1677,0.0761,-0.0518,2.966,3.708,3.11,5.36,116.37,0.04,0.02,0.06,0.04,99695,1507,3,0.2,0.07,0.07,0.0,49,101,80,0,2.98,-0.05,0.0225,0.0809,34.38,35.33,22.07
647.127,flow_only,44.1,52.1374932,21.1605214,86.47,52.1374863,21.1605455,27,0.5,0.607,255,0.0,0.1677,0.0423,-0.0756,2.964,3.683,3.3,5.14,116.02,0.04,0.02,0.05,0.02,99695,1507,3,0.2,0.07,0.07,0.0,49,-51,-6,0,2.95,-0.05,0.0137,0.0696,32.73,40.68,21.62
647.227,flow_only,44.2,52.137493,21.1605221,86.45,52.1374863,21.1605455,27,0.5,0.607,255,0.1677,0.0,0.0024,-0.0728,2.957,3.663,3.35,4.71,115.69,0.04,0.02,0.03,0.02,99695,1507,3,0.2,0.07,0.07,0.0,49,-31,-95,0,2.94,-0.08,0.0189,0.0656,29.28,40.35,21.67
647.327,flow_only,44.3,52.1374928,21.1605228,86.43,52.1374861,21.1605473,27,0.5,0.61,255,0.0,0.0,-0.0275,-0.0224,2.96,3.649,3.31,4.5,115.43,0.04,0.02,0.03,0.03,99695,1507,3,0.2,0.08,0.07,0.0,49,-14,223,0,2.93,-0.08,0.0122,0.0544,30.81,41.8,22.04
647.427,flow_only,44.4,52.1374926,21.1605234,86.42,52.1374861,21.1605473,27,0.5,0.61,255,0.0,0.1676,-0.0567,-0.0724,2.962,3.638,3.0,4.26,115.14,0.04,0.02,0.02,0.01,99695,1507,3,0.2,0.08,0.07,0.0,49,35,-174,0,2.93,-0.09,0.0115,0.0463,30.79,35.77,23.57
647.527,flow_only,44.5,52.1374925,21.1605241,86.42,52.1374859,21.160549,27,0.5,0.523,255,0.0,0.0,-0.0174,-0.1461,2.972,3.633,2.7,3.55,114.92,0.04,0.02,0.01,0.02,99695,1507,3,0.2,0.09,0.07,0.0,49,36,-69,0,2.94,-0.08,0.0137,0.0415,30.76,37.28,23.66
647.627,flow_only,44.6,52.1374924,21.1605248,86.42,52.1374859,21.160549,27,0.5,0.523,255,0.1676,0.0,0.1222,-0.1295,2.984,3.631,3.21,2.88,114.71,0.04,0.02,0.01,0.01,99695,1507,3,0.2,0.09,0.07,0.0,49,-46,-42,0,2.94,-0.09,0.009,0.03,30.09,42.62,20.97
647.727,flow_only,44.7,52.1374923,21.1605256,86.42,52.1374858,21.1605505,27,0.5,0.485,255,0.0,0.1677,-0.0117,0.0075,2.998,3.633,3.28,2.53,114.51,0.04,0.02,0.0,0.03,99695,1507,3,0.2,0.09,0.07,0.0,49,123,-39,0,2.96,-0.09,0.0203,0.0423,31.3,44.19,21.05
647.827,flow_only,44.8,52.1374922,21.1605263,86.42,52.1374858,21.1605505,27,0.5,0.485,255,0.1677,0.1677,0.0835,0.0913,3.046,3.637,3.7,3.1,114.57,0.04,0.02,0.02,0.02,99695,1507,3,0.2,0.09,0.07,0.0,49,82,61,0,2.98,-0.08,0.0206,0.042,38.46,41.98,18.21
647.927,flow_only,44.9,52.1374922,21.1605271,86.42,52.1374857,21.160552,27,0.5,0.482,255,0.0,0.0,-0.0892,-0.049,3.054,3.639,3.55,3.04,114.54,0.04,0.02,0.03,0.02,99695,1507,3,0.2,0.07,0.07,0.0,49,-23,155,0,2.98,-0.13,0.0216,0.0425,36.66,42.68,16.5
648.027,flow_only,45.0,52.1374922,21.1605279,86.42,52.1374857,21.160552,27,0.5,0.482,255,0.1677,0.0,0.046,-0.0474,3.068,3.639,3.42,2.68,114.51,0.04,0.02,0.0,0.02,99695,1507,3,0.2,0.07,0.07,0.0,49,8,-91,0,2.99,-0.13,0.0181,0.0387,39.08,39.12,16.87
648.127,flow_only,45.1,52.1374922,21.1605287,86.42,52.1374857,21.1605537,27,0.5,0.633,255,0.0,0.1677,0.036,0.0554,3.064,3.638,3.79,2.71,114.74,0.04,0.02,0.01,0.02,99695,1507,3,0.2,0.09,0.07,0.0,49,39,193,0,3.0,-0.13,0.0215,0.0439,35.88,41.54,17.71
648.227,flow_only,45.2,52.1374922,21.1605296,86.42,52.1374857,21.1605537,27,0.5,0.633,255,0.0,0.1677,0.1702,-0.0275,3.08,3.639,4.3,2.77,115.17,0.04,0.02,0.01,0.02,99695,1507,3,0.2,0.09,0.07,0.0,49,71,-7,0,3.01,-0.12,0.018,0.037,35.55,40.41,18.9
648.327,flow_only,45.3,52.1374921,21.1605304,86.42,52.1374857,21.1605555,27,0.5,0.589,255,0.3353,0.1677,0.0969,-0.0499,3.07,3.638,5.35,2.43,115.8,0.04,0.02,0.0,0.06,99695,1507,3,0.2,0.07,0.07,0.0,49,64,219,0,3.01,-0.13,0.0158,0.0313,32.8,37.0,20.03
648.427,flow_only,45.4,52.1374921,21.1605314,86.43,52.1374857,21.1605555,27,0.5,0.589,255,0.0,0.1677,-0.0561,-0.12,3.076,3.641,5.02,1.78,116.49,0.04,0.02,0.05,0.01,99695,1507,3,0.2,0.07,0.07,0.0,49,134,57,0,3.04,-0.1,0.0207,0.0469,31.56,39.23,20.75
648.527,flow_only,45.5,52.1374921,21.1605325,86.44,52.1374857,21.1605573,27,0.5,0.535,255,0.0,0.1677,0.0577,-0.0331,3.084,3.653,4.93,1.21,117.14,0.04,0.02,0.08,0.03,99695,1507,3,0.2,0.07,0.07,0.0,49,58,-41,0,3.07,-0.06,0.031,0.0776,33.75,36.21,20.14
648.627,flow_only,45.6,52.1374921,21.1605335,86.46,52.1374857,21.1605573,27,0.5,0.535,255,0.0,0.3353,0.1086,0.1076,3.106,3.672,5.3,1.6,117.74,0.04,0.02,0.06,0.01,99695,1507,3,0.2,0.07,0.07,0.0,49,60,123,0,3.1,-0.05,0.0248,0.073,38.64,39.3,16.89
648.727,flow_only,45.7,52.137492,21.1605345,86.48,52.1374855,21.160559,27,0.5,0.624,255,0.1677,0.1677,0.1936,0.0428,3.112,3.694,6.4,1.95,118.17,0.04,0.02,0.09,0.01,99695,1507,3,0.2,0.07,0.07,0.0,49,-208,-100,0,3.14,-0.03,0.0148,0.0753,37.38,35.67,20.09
648.827,flow_only,45.8,52.1374919,21.1605354,86.5,52.1374855,21.160559,27,0.5,0.624,255,0.0,0.1677,0.0382,-0.035,3.138,3.716,6.98,1.88,118.39,0.04,0.02,0.05,0.01,99695,1507,3,0.2,0.07,0.07,0.0,49,-27,-43,0,3.16,0.0,0.0173,0.0737,35.83,40.11,19.83
648.927,flow_only,45.9,52.1374918,21.1605363,86.52,52.1374854,21.160561,27,0.5,0.698,255,0.0,0.3352,0.0114,-0.076,3.138,3.733,6.91,1.59,118.46,0.04,0.02,0.0,0.02,99695,1507,3,0.2,0.07,0.07,0.0,49,155,-2,0,3.16,-0.03,0.0229,0.0657,35.92,38.03,20.49
649.027,flow_only,46.0,52.1374917,21.1605372,86.52,52.1374854,21.160561,27,0.5,0.698,255,0.0,0.1677,-0.0015,-0.0404,3.124,3.739,6.93,1.36,118.38,0.04,0.02,0.01,0.03,99695,1507,3,0.2,0.07,0.07,0.0,49,-26,-3,0,3.15,-0.03,0.0177,0.0442,33.07,39.44,21.56
649.127,flow_only,46.1,52.1374915,21.160538,86.52,52.137485,21.160563,27,0.5,0.672,255,0.0,0.1677,0.008,0.1114,3.088,3.738,6.96,1.64,118.22,0.04,0.02,0.0,0.03,99695,1507,3,0.2,0.07,0.07,0.0,49,-20,97,0,3.13,-0.04,0.0035,0.0152,34.35,38.59,19.33
649.227,flow_only,46.2,52.1374913,21.1605389,86.51,52.137485,21.160563,27,0.5,0.672,255,0.0,0.5029,0.036,0.0616,3.092,3.73,7.09,2.14,118.18,0.04,0.02,0.02,0.02,99695,1507,3,0.2,0.07,0.07,0.0,49,-41,19,0,3.11,-0.04,0.0121,0.0247,36.26,38.69,19.55
649.327,flow_only,46.3,52.137491,21.1605396,86.5,52.1374845,21.1605649,27,0.5,0.73,255,0.0,0.1677,-0.0945,-0.0601,3.054,3.718,6.84,2.15,118.14,0.04,0.02,0.0,0.01,99695,1507,3,0.2,0.07,0.07,0.0,49,83,-81,0,3.1,-0.02,0.0243,0.0487,37.07,37.22,17.96
649.427,flow_only,46.4,52.1374906,21.1605404,86.49,52.1374845,21.1605649,27,0.5,0.73,255,0.0,0.0,-0.1149,-0.072,3.016,3.706,5.97,1.63,117.98,0.04,0.02,0.02,0.02,99695,1507,3,0.2,0.07,0.07,0.0,49,-189,195,0,3.08,-0.04,0.0145,0.0308,30.45,41.29,20.84
649.527,flow_only,46.5,52.1374902,21.1605411,86.48,52.1374838,21.1605669,27,0.5,0.85,255,-0.3353,0.503,-0.0163,0.0496,3.004,3.692,5.68,1.78,117.89,0.04,0.02,0.01,0.01,99695,1507,3,0.2,0.08,0.07,0.0,49,139,-227,0,3.06,-0.01,0.0272,0.0557,34.31,42.28,21.48
649.627,flow_only,46.6,52.1374899,21.1605417,86.47,52.1374838,21.1605669,27,0.5,0.85,255,0.0,0.3352,-0.0519,0.0737,3.038,3.681,5.32,2.21,117.79,0.04,0.02,0.0,0.01,99695,1507,3,0.2,0.08,0.07,0.0,49,76,20,0,3.05,-0.02,0.0221,0.0464,33.8,43.84,22.84
649.727,flow_only,46.7,52.1374895,21.1605424,86.46,52.137483,21.1605691,27,0.5,0.848,255,0.0,0.1677,-0.0192,-0.0266,3.052,3.671,5.16,2.29,117.68,0.04,0.02,0.01,0.01,99695,1507,3,0.2,0.06,0.07,0.0,49,-58,-149,0,3.04,-0.06,0.0223,0.0475,36.36,40.31,19.94
649.827,flow_only,46.8,52.1374891,21.1605431,86.45,52.137483,21.1605691,27,0.5,0.848,255,-0.1677,0.503,-0.0404,-0.0059,3.042,3.663,5.1,2.18,117.53,0.04,0.02,0.01,0.02,99695,1507,3,0.2,0.06,0.07,0.0,49,50,-59,0,3.03,-0.07,0.0179,0.0401,36.75,39.02,23.86
649.927,flow_only,46.9,52.1374886,21.1605439,86.44,52.1374821,21.1605712,27,0.5,0.895,255,-0.1677,0.3353,-0.0306,0.0817,3.025,3.657,4.81,2.39,117.34,0.04,0.02,0.0,0.0,99695,1507,3,0.2,0.07,0.07,0.0,49,-212,229,0,3.02,-0.08,0.0253,0.0546,35.8,42.34,21.96
650.027,flow_only,47.0,52.137488,21.1605445,86.44,52.1374821,21.1605712,27,0.5,0.895,255,0.0,0.1677,-0.1419,0.0034,3.042,3.652,4.17,2.62,117.26,0.04,0.02,0.0,0.02,99695,1507,3,0.2,0.07,0.07,0.0,49,1,-158,0,3.02,-0.08,0.0318,0.0644,34.31,42.02,18.76
650.127,flow_only,47.1,52.1374876,21.1605451,86.43,52.1374811,21.1605734,27,0.5,0.881,255,-0.3353,0.503,-0.1231,-0.0439,3.06,3.645,3.46,2.43,117.25,0.04,0.02,0.04,0.03,99695,1507,3,0.2,0.07,0.07,0.0,49,26,-38,0,3.01,-0.1,0.0248,0.0542,34.66,38.77,18.87
650.227,flow_only,47.2,52.1374872,21.1605459,86.42,52.1374811,21.1605734,27,0.5,0.881,255,-0.1677,0.1677,-0.0624,-0.0243,3.026,3.639,2.95,2.25,117.25,0.04,0.02,0.0,0.03,99695,1507,3,0.2,0.07,0.07,0.0,49,171,-91,0,3.01,-0.1,0.0067,0.02,34.46,35.61,18.51
650.327,flow_only,47.3,52.1374868,21.1605468,86.42,52.1374801,21.1605755,27,0.5,0.902,255,0.0,0.3352,0.03,0.0261,3.038,3.635,2.99,2.36,117.43,0.04,0.02,0.0,0.02,99695,1507,3,0.2,0.07,0.07,0.0,49,61,-122,0,3.01,-0.11,0.0187,0.0385,34.55,36.41,20.38
650.427,flow_only,47.4,52.1374864,21.1605476,86.42,52.1374801,21.1605755,27,0.5,0.902,255,0.0,0.503,0.0054,-0.0173,3.044,3.635,3.05,2.31,117.6,0.04,0.02,0.03,0.01,99695,1507,3,0.2,0.07,0.07,0.0,49,31,79,0,3.03,-0.07,0.0056,0.0151,37.95,34.55,21.34
650.527,flow_only,47.5,52.137486,21.1605485,86.42,52.1374792,21.1605778,27,0.5,0.964,255,0.0,0.3353,0.052,-0.0451,3.024,3.637,3.22,2.02,117.66,0.04,0.02,0.0,0.04,99695,1507,3,0.2,0.07,0.07,0.0,49,29,-80,0,3.03,-0.08,0.0044,0.012,37.85,38.98,18.05
650.627,flow_only,47.6,52.1374856,21.1605494,86.42,52.1374792,21.1605778,27,0.5,0.964,255,0.0,0.3353,0.1524,0.0364,3.034,3.637,3.82,2.06,117.65,0.04,0.02,0.01,0.03,99695,1507,3,0.2,0.07,0.07,0.0,49,-49,-81,0,3.03,-0.06,0.0097,0.0194,34.73,38.27,22.64
650.727,flow_only,47.7,52.1374852,21.1605505,86.42,52.1374784,21.1605804,27,0.5,1.021,255,0.0,0.3353,-0.0064,0.0246,3.066,3.633,4.22,2.22,117.5,0.04,0.02,0.01,0.03,99695,1507,3,0.2,0.07,0.07,0.0,49,65,180,0,3.02,-0.08,0.0116,0.0227,31.49,40.03,21.82
650.827,flow_only,47.8,52.1374848,21.1605515,86.41,52.1374784,21.1605804,27,0.5,1.021,255,0.0,0.3353,-0.0291,0.1863,3.058,3.627,3.86,2.86,117.29,0.04,0.02,0.01,0.02,99695,1507,3,0.2,0.07,0.07,0.0,49,-83,-204,0,3.01,-0.1,0.0107,0.0219,35.09,39.15,20.71
650.927,flow_only,47.9,52.1374844,21.1605524,86.41,52.1374776,21.1605832,27,0.5,1.026,255,0.0,0.3353,0.0262,0.0706,3.056,3.62,4.02,3.65,117.02,0.04,0.02,0.01,0.03,99695,1507,3,0.2,0.07,0.07,0.0,49,-18,16,0,3.01,-0.11,0.0151,0.0303,34.87,36.69,16.7
651.027,flow_only,48.0,52.1374839,21.1605535,86.4,52.1374776,21.1605832,27,0.5,1.026,255,-0.1677,0.503,-0.0455,-0.0926,3.05,3.613,3.9,3.59,116.45,0.04,0.02,0.0,0.01,99695,1507,3,0.2,0.07,0.07,0.0,49,15,-166,0,3.01,-0.11,0.0059,0.0147,33.6,33.85,18.85
651.127,flow_only,48.1,52.1374835,21.1605545,86.39,52.1374768,21.1605859,27,0.5,1.045,255,0.0,0.1677,-0.1409,-0.0564,3.062,3.605,3.26,3.1,115.79,0.04,0.02,0.03,0.02,99695,1507,3,0.2,0.07,0.07,0.0,49,112,3,0,2.99,-0.12,0.0118,0.0285,29.22,39.88,17.73
651.227,flow_only,48.2,52.1374833,21.1605556,86.38,52.1374768,21.1605859,27,0.5,1.045,255,0.0,0.3353,0.0869,-0.0408,3.046,3.599,3.39,3.08,115.28,0.04,0.02,0.01,0.04,99695,1507,3,0.2,0.07,0.07,0.0,49,-196,202,0,2.98,-0.12,0.0145,0.0312,29.33,40.95,17.15
651.327,flow_only,48.3,52.1374829,21.1605568,86.38,52.137476,21.1605887,27,0.5,0.999,255,0.3353,0.3353,0.089,0.0261,3.053,3.594,4.0,3.13,115.05,0.04,0.02,0.0,0.01,99695,1507,3,0.2,0.06,0.07,0.0,49,-82,34,0,2.98,-0.13,0.0236,0.0483,26.66,43.84,19.45
651.427,flow_only,48.4,52.1374824,21.1605579,86.37,52.137476,21.1605887,27,0.5,0.999,255,-0.1676,0.3352,-0.1082,0.0834,3.068,3.587,3.62,3.57,115.08,0.04,0.02,0.01,0.01,99695,1507,3,0.2,0.06,0.07,0.0,49,89,-62,0,2.98,-0.13,0.0125,0.0295,36.98,41.55,16.0
651.527,flow_only,48.5,52.1374819,21.1605592,86.36,52.1374753,21.1605914,27,0.5,1.012,255,-0.1677,0.3353,-0.0964,0.0227,3.05,3.579,3.01,3.76,115.37,0.04,0.02,0.02,0.0,99695,1507,3,0.2,0.07,0.07,0.0,49,-194,473,0,2.97,-0.15,0.0475,0.0958,34.63,40.19,18.81
651.627,flow_only,48.6,52.1374814,21.1605604,86.36,52.1374753,21.1605914,27,0.5,1.012,255,-0.3353,0.503,-0.1109,0.0358,3.066,3.57,2.31,4.02,115.76,0.04,0.02,0.01,0.01,99695,1507,3,0.2,0.07,0.07,0.0,49,150,-9,0,2.97,-0.15,0.0211,0.0475,29.01,40.66,19.95
651.727,flow_only,48.7,52.137481,21.1605616,86.35,52.1374746,21.160594,27,0.5,0.978,255,0.0,0.3353,-0.0245,0.0953,3.074,3.568,2.01,4.46,116.07,0.04,0.02,0.07,0.03,99695,1507,3,0.2,0.07,0.07,0.0,49,-51,13,0,3.0,-0.13,0.0153,0.0373,29.15,40.83,19.8
651.827,flow_only,48.8,52.1374805,21.1605627,86.36,52.1374746,21.160594,27,0.5,0.978,255,0.0,0.1676,0.0588,0.0348,3.096,3.578,2.28,4.81,116.4,0.04,0.02,0.07,0.03,99695,1507,3,0.2,0.07,0.07,0.0,49,8,-202,0,3.03,-0.13,0.0211,0.0578,32.42,40.4,17.85
651.927,flow_only,48.9,52.1374801,21.1605636,86.37,52.1374739,21.1605965,27,0.5,0.905,255,0.0,0.3353,-0.0043,-0.0586,3.1,3.589,2.4,4.68,116.76,0.04,0.02,0.01,0.03,99695,1507,3,0.2,0.07,0.07,0.0,49,-3,-99,0,3.04,-0.11,0.0105,0.036,32.79,36.87,21.74
652.027,flow_only,49.0,52.1374798,21.1605646,86.38,52.1374739,21.1605965,27,0.5,0.905,255,0.1677,0.1677,0.0712,-0.1145,3.092,3.596,2.64,4.14,116.95,0.04,0.02,0.0,0.02,99695,1507,3,0.2,0.07,0.07,0.0,49,-41,156,0,3.05,-0.1,0.0109,0.0342,29.86,40.26,18.65
652.127,flow_only,49.1,52.1374795,21.1605655,86.38,52.1374734,21.160599,27,0.5,0.914,255,0.0,0.0,0.0462,-0.0803,3.09,3.597,2.84,3.52,116.88,0.04,0.02,0.02,0.03,99695,1507,3,0.2,0.07,0.07,0.0,49,106,58,0,3.04,-0.1,0.0014,0.0092,30.22,38.94,18.24
652.227,flow_only,49.2,52.1374792,21.1605663,86.38,52.1374734,21.160599,27,0.5,0.914,255,0.3353,0.3353,0.0657,0.0211,3.082,3.593,3.22,3.57,116.6,0.04,0.02,0.02,0.03,99695,1507,3,0.2,0.07,0.07,0.0,49,-91,-63,0,3.02,-0.13,0.0184,0.0314,36.42,37.95,16.16
652.327,flow_only,49.3,52.137479,21.1605672,86.37,52.1374731,21.1606015,27,0.5,0.863,255,0.0,0.1677,-0.0044,-0.001,3.1,3.584,3.24,3.6,116.2,0.04,0.02,0.02,0.04,99695,1507,3,0.2,0.07,0.07,0.0,49,-51,-56,0,3.01,-0.13,0.0115,0.0253,35.68,31.95,22.22
652.427,flow_only,49.4,52.1374789,21.1605682,86.35,52.1374731,21.1606015,27,0.5,0.863,255,0.0,0.1676,-0.052,-0.0156,3.11,3.57,2.91,3.53,115.86,0.04,0.02,0.03,0.02,99695,1507,3,0.2,0.07,0.07,0.0,49,49,-59,0,2.99,-0.16,0.014,0.0317,36.38,31.86,18.99
652.527,flow_only,49.5,52.1374787,21.1605693,86.34,52.1374728,21.160604,27,0.5,0.869,255,0.3355,0.3355,0.1114,0.0438,3.094,3.552,3.31,3.65,115.7,0.04,0.02,0.04,0.01,99695,1507,3,0.2,0.07,0.07,0.0,49,53,229,0,2.97,-0.2,0.0259,0.0545,35.05,34.69,18.47
652.627,flow_only,49.6,52.1374784,21.1605704,86.32,52.1374728,21.160604,27,0.5,0.869,255,0.1676,0.1676,-0.0212,-0.0433,3.09,3.532,3.55,3.59,115.52,0.04,0.02,0.03,0.03,99695,1507,3,0.2,0.07,0.07,0.0,49,-167,49,0,2.95,-0.21,0.0205,0.0487,34.8,36.26,17.14
652.727,flow_only,49.7,52.1374782,21.1605717,86.3,52.1374725,21.1606065,27,0.5,0.85,255,0.0,0.0,-0.0353,-0.0476,3.106,3.513,3.19,3.25,115.24,0.04,0.02,0.02,0.03,99695,1507,3,0.2,0.07,0.07,0.0,49,43,-17,0,2.94,-0.21,0.0207,0.0488,28.66,39.64,19.12
652.827,flow_only,49.8,52.137478,21.1605727,86.28,52.1374725,21.1606065,27,0.5,0.85,255,0.1677,0.503,0.137,0.1248,3.11,3.498,3.77,3.74,115.0,0.04,0.02,0.01,0.03,99695,1507,3,0.2,0.07,0.07,0.0,49,-89,68,0,2.94,-0.21,0.0071,0.0211,32.92,33.74,19.6
652.927,flow_only,49.9,52.1374778,21.1605737,86.27,52.1374722,21.1606089,27,0.5,0.848,255,0.0,0.1677,-0.0358,-0.1068,3.118,3.487,3.99,3.73,114.85,0.04,0.02,0.01,0.02,99695,1507,3,0.2,0.07,0.07,0.0,49,191,22,0,2.94,-0.24,0.016,0.0351,34.04,33.42,19.8
653.027,flow_only,50.0,52.1374777,21.1605748,86.26,52.1374722,21.1606089,27,0.5,0.848,255,0.0,0.1677,-0.0627,0.0271,3.11,3.474,3.78,3.4,114.78,0.04,0.02,0.02,0.03,99695,1507,3,0.2,0.07,0.07,0.0,49,-9,-125,0,2.92,-0.24,0.0212,0.0467,33.14,37.57,17.32
653.127,flow_only,50.1,52.1374777,21.1605758,86.24,52.137472,21.1606113,27,0.5,0.81,255,0.0,0.3352,0.0853,0.0117,3.102,3.458,3.84,3.71,114.84,0.04,0.02,0.05,0.02,99695,1507,3,0.2,0.07,0.07,0.0,49,-19,-153,0,2.9,-0.27,0.0193,0.0479,36.09,33.81,16.46
653.227,flow_only,50.2,52.1374776,21.1605767,86.23,52.137472,21.1606113,27,0.5,0.81,255,0.0,0.0,-0.0059,-0.0956,3.088,3.443,4.1,3.27,114.97,0.04,0.02,0.02,0.01,99695,1507,3,0.2,0.07,0.07,0.0,49,233,24,0,2.91,-0.25,0.0341,0.0685,32.73,39.62,17.7
653.327,flow_only,50.3,52.1374777,21.1605777,86.22,52.1374717,21.1606137,27,0.5,0.808,255,0.0,0.1677,0.0165,-0.0331,3.088,3.431,4.18,2.88,115.15,0.04,0.02,0.01,0.04,99695,1507,3,0.2,0.07,0.07,0.0,49,116,191,0,2.91,-0.24,0.0318,0.0641,28.88,41.98,19.38
653.427,flow_only,50.4,52.1374777,21.1605788,86.21,52.1374717,21.1606137,27,0.5,0.808,255,0.1676,0.5028,0.0872,-0.0173,3.108,3.42,4.61,2.79,115.41,0.04,0.02,0.01,0.04,99695,1507,3,0.2,0.07,0.07,0.0,49,41,122,0,2.9,-0.25,0.0253,0.0508,33.72,35.24,19.59
653.527,flow_only,50.5,52.1374776,21.1605799,86.19,52.1374714,21.160616,27,0.5,0.756,255,0.0,0.1677,-0.0223,-0.0102,3.1,3.408,4.74,2.66,115.66,0.04,0.02,0.03,0.02,99695,1507,3,0.2,0.07,0.07,0.0,49,-55,-48,0,2.89,-0.28,0.0045,0.017,35.58,39.96,18.73
653.627,flow_only,50.6,52.1374774,21.1605809,86.18,52.1374714,21.160616,27,0.5,0.756,255,0.1677,0.1677,0.0938,0.0087,3.118,3.396,5.02,2.67,115.59,0.04,0.02,0.0,0.02,99695,1507,3,0.2,0.07,0.07,0.0,49,156,132,0,2.89,-0.28,0.0158,0.0314,33.54,39.77,18.41
653.727,flow_only,50.7,52.1374773,21.1605819,86.17,52.1374712,21.1606184,27,0.5,0.847,255,0.3353,0.3353,0.1399,-0.0231,3.126,3.388,5.73,2.64,115.26,0.04,0.02,0.01,0.03,99695,1507,3,0.2,0.07,0.07,0.0,49,4,-53,0,2.9,-0.28,0.002,0.0075,31.79,36.45,18.67
653.827,flow_only,50.8,52.1374771,21.1605827,86.17,52.1374712,21.1606184,27,0.5,0.847,255,0.0,0.1677,0.0117,-0.0283,3.126,3.384,6.03,2.49,114.81,0.04,0.02,0.0,0.0,99695,1507,3,0.2,0.07,0.07,0.0,49,34,2,0,2.9,-0.28,0.0143,0.0281,35.63,40.49,16.93
653.927,flow_only,50.9,52.137477,21.1605836,86.16,52.1374709,21.1606208,27,0.5,0.839,255,0.0,0.1677,-0.0836,-0.0122,3.126,3.379,5.52,2.39,114.42,0.04,0.02,0.01,0.01,99695,1507,3,0.2,0.07,0.07,0.0,49,56,-45,0,2.9,-0.29,0.0131,0.0265,32.23,34.38,23.12
654.027,flow_only,51.0,52.1374768,21.1605846,86.16,52.1374709,21.1606208,27,0.5,0.839,255,0.0,0.3353,0.0055,0.0687,3.14,3.374,5.4,2.6,114.24,0.04,0.02,0.0,0.04,99695,1507,3,0.2,0.07,0.07,0.0,49,-133,-77,0,2.9,-0.29,0.0038,0.0092,31.44,38.29,19.58
654.127,flow_only,51.1,52.1374764,21.1605857,86.15,52.1374704,21.160623,27,0.5,0.811,255,0.0,0.1677,-0.0446,-0.003,3.16,3.367,5.25,2.87,114.32,0.04,0.02,0.0,0.02,99695,1507,3,0.2,0.07,0.07,0.0,49,37,344,0,2.9,-0.3,0.0288,0.0507,32.29,32.32,18.84
654.227,flow_only,51.2,52.1374761,21.1605869,86.14,52.1374704,21.160623,27,0.5,0.811,255,0.0,0.3355,-0.0243,-0.0156,3.164,3.358,5.04,2.81,114.39,0.04,0.02,0.02,0.03,99695,1507,3,0.2,0.07,0.07,0.0,49,-65,65,0,2.89,-0.32,0.0175,0.0327,28.54,36.22,19.81
654.327,flow_only,51.3,52.1374757,21.160588,86.13,52.1374697,21.1606252,27,0.5,0.894,255,-0.1677,0.1677,-0.0371,0.1008,3.18,3.348,4.82,3.11,114.51,0.04,0.02,0.01,0.02,99695,1507,3,0.2,0.07,0.07,0.0,49,-87,-147,0,2.9,-0.32,0.0066,0.0143,34.59,37.29,16.97
654.427,flow_only,51.4,52.1374753,21.1605888,86.13,52.1374697,21.1606252,27,0.5,0.894,255,0.0,0.3353,-0.1209,0.1059,3.186,3.341,4.37,3.76,114.58,0.04,0.02,0.04,0.02,99695,1507,3,0.2,0.07,0.07,0.0,49,-46,-29,0,2.92,-0.32,0.0209,0.0415,31.0,29.23,18.02
654.527,flow_only,51.5,52.1374749,21.1605897,86.12,52.137469,21.1606275,28,0.48,0.888,255,-0.1676,0.1676,-0.0982,-0.0384,3.18,3.335,3.75,3.78,114.66,0.04,0.02,0.0,0.01,99695,1507,3,0.2,0.07,0.07,0.0,49,165,-86,0,2.91,-0.33,0.0088,0.0198,28.81,38.49,20.28
654.627,flow_only,51.6,52.1374746,21.1605905,86.11,52.137469,21.1606275,28,0.48,0.888,255,0.0,0.503,0.0488,0.0154,3.174,3.328,3.77,3.72,114.94,0.04,0.02,0.02,0.03,99695,1507,3,0.2,0.07,0.07,0.0,49,-126,-65,0,2.92,-0.32,0.0184,0.0389,34.39,36.99,19.91
654.727,flow_only,51.7,52.1374742,21.1605913,86.11,52.1374683,21.1606298,28,0.48,0.881,255,0.0,0.1677,-0.0473,-0.0472,3.156,3.323,3.93,3.59,115.44,0.04,0.02,0.01,0.02,99695,1507,3,0.2,0.06,0.07,0.0,49,1,73,0,2.92,-0.31,0.0106,0.0291,34.03,40.94,18.15
654.827,flow_only,51.8,52.1374738,21.1605923,86.1,52.1374683,21.1606298,28,0.48,0.881,255,0.0,0.1677,-0.0517,-0.0647,3.162,3.319,3.61,3.11,116.06,0.04,0.02,0.02,0.01,99695,1507,3,0.2,0.06,0.07,0.0,49,113,-5,0,2.93,-0.29,0.0138,0.0335,31.32,41.09,19.46
654.927,flow_only,51.9,52.1374734,21.1605932,86.1,52.1374676,21.160632,28,0.48,0.84,255,0.0,0.3353,-0.0133,-0.0324,3.158,3.317,3.52,2.84,116.64,0.04,0.02,0.01,0.01,99695,1507,3,0.2,0.07,0.07,0.0,49,-69,-34,0,2.93,-0.29,0.0114,0.0339,34.07,34.44,21.23
655.027,flow_only,52.0,52.137473,21.1605942,86.1,52.1374676,21.160632,28,0.48,0.84,255,-0.1677,0.503,-0.0262,0.0348,3.144,3.319,3.45,2.74,117.01,0.04,0.02,0.04,0.02,99695,1507,3,0.2,0.07,0.07,0.0,49,38,135,0,2.95,-0.28,0.012,0.0388,37.25,32.8,21.1
655.127,flow_only,52.1,52.1374726,21.1605951,86.1,52.137467,21.1606341,28,0.48,0.809,255,0.1676,0.3353,0.0887,0.034,3.146,3.319,3.81,2.96,117.31,0.04,0.02,0.0,0.03,99695,1507,3,0.2,0.06,0.07,0.0,49,0,51,0,2.95,-0.26,0.0077,0.0276,33.87,35.42,21.73
655.227,flow_only,52.2,52.1374722,21.1605961,86.1,52.137467,21.1606341,28,0.48,0.809,255,-0.1677,0.1677,-0.1175,0.0637,3.176,3.316,3.44,3.13,117.47,0.04,0.02,0.0,0.01,99695,1507,3,0.2,0.06,0.07,0.0,49,52,90,0,2.94,-0.26,0.0125,0.0275,29.74,36.98,19.53
655.327,flow_only,52.3,52.1374719,21.1605972,86.09,52.1374664,21.1606363,28,0.48,0.851,255,0.0,0.1677,-0.0139,0.0792,3.172,3.309,3.29,3.59,117.75,0.04,0.02,0.0,0.04,99695,1507,3,0.2,0.07,0.07,0.0,49,57,-182,0,2.94,-0.3,0.0142,0.0261,33.88,36.66,18.36
655.427,flow_only,52.4,52.1374716,21.1605982,86.09,52.1374664,21.1606363,28,0.48,0.851,255,0.0,0.1677,0.0175,-0.0678,3.152,3.301,3.44,3.43,118.0,0.04,0.02,0.01,0.01,99695,1507,3,0.2,0.07,0.07,0.0,49,-15,103,0,2.94,-0.3,0.0097,0.0201,30.97,39.73,19.15
655.527,flow_only,52.5,52.1374713,21.1605992,86.08,52.1374657,21.1606385,28,0.48,0.79,255,0.0,0.3353,0.0033,-0.0084,3.15,3.291,3.46,3.13,118.23,0.04,0.02,0.01,0.03,99695,1507,3,0.2,0.07,0.07,0.0,49,20,182,0,2.93,-0.29,0.015,0.0264,31.73,35.93,18.83
655.627,flow_only,52.6,52.1374711,21.1606002,86.06,52.1374657,21.1606385,28,0.48,0.79,255,0.0,0.1676,0.029,0.0658,3.132,3.28,3.55,3.61,118.59,0.04,0.02,0.01,0.02,99695,1507,3,0.2,0.07,0.07,0.0,49,6,-170,0,2.92,-0.29,0.0151,0.0275,32.02,36.03,17.85
655.727,flow_only,52.7,52.1374708,21.1606012,86.06,52.1374651,21.1606406,28,0.48,0.789,255,0.0,0.1677,-0.0408,-0.1036,3.122,3.271,3.51,3.35,118.72,0.04,0.02,0.02,0.02,99695,1507,3,0.2,0.07,0.07,0.0,49,22,-25,0,2.93,-0.27,0.0161,0.0303,29.38,33.44,18.82
655.827,flow_only,52.8,52.1374704,21.1606022,86.05,52.1374651,21.1606406,28,0.48,0.789,255,0.0,0.1677,0.0098,0.0062,3.112,3.265,3.38,3.09,118.83,0.04,0.02,0.01,0.02,99695,1507,3,0.2,0.07,0.07,0.0,49,-116,18,0,2.93,-0.26,0.0127,0.026,30.33,31.58,16.12
655.927,flow_only,52.9,52.1374701,21.160603,86.05,52.1374646,21.1606427,28,0.48,0.754,255,0.0,0.1677,-0.0426,0.045,3.12,3.261,3.35,3.29,118.86,0.04,0.02,0.01,0.02,99695,1507,3,0.2,0.07,0.07,0.0,49,22,-82,0,2.93,-0.25,0.013,0.0262,28.96,34.45,19.94
656.027,flow_only,53.0,52.1374697,21.160604,86.04,52.1374646,21.1606427,28,0.48,0.754,255,0.0,0.0,-0.055,-0.0489,3.108,3.257,2.75,3.43,118.68,0.04,0.02,0.02,0.01,99695,1507,3,0.2,0.07,0.07,0.0,49,127,19,0,2.93,-0.25,0.0135,0.0288,27.33,35.54,21.09
656.127,flow_only,53.1,52.1374693,21.1606052,86.04,52.1374642,21.1606447,28,0.48,0.716,255,0.0,0.3352,0.0897,0.0145,3.122,3.256,2.88,3.13,118.32,0.04,0.02,0.03,0.02,99695,1507,3,0.2,0.06,0.07,0.0,49,-159,37,0,2.94,-0.25,0.0328,0.0663,28.05,34.73,19.6
656.227,flow_only,53.2,52.1374689,21.1606061,86.04,52.1374642,21.1606447,28,0.48,0.716,255,0.1676,0.0,0.0752,-0.031,3.126,3.255,3.53,3.14,117.87,0.04,0.02,0.0,0.03,99695,1507,3,0.2,0.06,0.07,0.0,49,-5,73,0,2.93,-0.24,0.0202,0.0429,30.1,36.28,18.39
656.327,flow_only,53.3,52.1374686,21.160607,86.04,52.1374638,21.1606468,28,0.48,0.681,255,0.0,0.1677,0.0475,0.0007,3.138,3.259,3.75,3.19,117.4,0.04,0.02,0.08,0.02,99695,1507,3,0.2,0.06,0.07,0.0,49,-38,112,0,2.96,-0.23,0.0173,0.0498,28.78,34.33,20.15
656.427,flow_only,53.4,52.1374682,21.1606079,86.06,52.1374638,21.1606468,28,0.48,0.681,255,0.0,0.1677,-0.0432,-0.0109,3.15,3.272,3.7,3.2,116.93,0.04,0.02,0.05,0.01,99695,1507,3,0.2,0.06,0.07,0.0,49,-9,-36,0,2.98,-0.2,0.0159,0.0525,33.04,35.02,19.86
656.527,flow_only,53.5,52.1374679,21.1606087,86.07,52.1374635,21.1606487,28,0.48,0.652,255,0.0,0.1677,-0.0248,-0.1003,3.144,3.289,3.57,2.87,116.6,0.04,0.02,0.09,0.03,99695,1507,3,0.2,0.06,0.07,0.0,49,6,-3,0,3.02,-0.19,0.0144,0.0626,30.52,36.84,19.99
656.627,flow_only,53.6,52.1374676,21.1606095,86.09,52.1374635,21.1606487,28,0.48,0.652,255,0.0,0.0,0.0101,-0.1107,3.15,3.308,3.76,2.0,116.17,0.04,0.02,0.04,0.01,99695,1507,3,0.2,0.06,0.07,0.0,49,116,12,0,3.04,-0.17,0.0173,0.059,27.39,39.53,17.57
656.727,flow_only,53.7,52.1374674,21.1606103,86.1,52.1374632,21.1606506,28,0.48,0.661,255,0.0,0.3353,-0.0476,0.006,3.16,3.32,3.65,2.09,115.87,0.04,0.02,0.03,0.01,99695,1507,3,0.2,0.06,0.07,0.0,49,10,-67,0,3.02,-0.2,0.0307,0.0601,31.84,31.71,21.02
656.827,flow_only,53.8,52.1374673,21.1606111,86.11,52.1374632,21.1606506,28,0.48,0.661,255,0.0,0.1676,-0.0473,-0.0349,3.155,3.321,3.41,1.84,115.54,0.04,0.02,0.01,0.03,99695,1507,3,0.2,0.06,0.07,0.0,49,24,-14,0,3.02,-0.2,0.0242,0.0476,26.4,36.57,20.38
656.927,flow_only,53.9,52.1374671,21.1606119,86.1,52.1374628,21.1606524,28,0.48,0.686,255,0.0,0.1676,0.1314,-0.0136,3.142,3.32,3.6,1.9,115.26,0.04,0.02,0.02,0.04,99695,1507,3,0.2,0.07,0.07,0.0,49,37,-45,0,3.02,-0.2,0.0213,0.0433,35.05,37.08,18.27
657.027,flow_only,54.0,52.1374669,21.1606126,86.1,52.1374628,21.1606524,28,0.48,0.686,255,0.0,0.3353,-0.0625,0.0629,3.132,3.315,3.88,2.08,115.09,0.04,0.02,0.0,0.02,99695,1507,3,0.2,0.07,0.07,0.0,49,-130,-52,0,3.01,-0.2,0.021,0.0404,33.51,38.25,22.43
657.127,flow_only,54.1,52.1374667,21.1606134,86.09,52.1374624,21.1606545,28,0.48,0.799,255,-0.3353,0.503,-0.1313,0.0238,3.112,3.304,3.01,2.36,114.96,0.04,0.02,0.02,0.01,99695,1507,3,0.2,0.06,0.07,0.0,49,138,199,0,2.99,-0.21,0.0089,0.0226,30.28,34.23,21.86
657.227,flow_only,54.2,52.1374664,21.1606144,86.07,52.1374624,21.1606545,28,0.48,0.799,255,0.0,0.1677,0.0261,0.0062,3.112,3.287,3.01,2.44,114.87,0.04,0.02,0.0,0.01,99695,1507,3,0.2,0.06,0.07,0.0,49,33,74,0,2.98,-0.21,0.0092,0.0246,33.22,35.4,21.15
657.327,flow_only,54.3,52.1374662,21.1606153,86.06,52.1374619,21.1606567,28,0.48,0.781,255,0.0,0.1677,0.0086,-0.002,3.112,3.272,3.03,2.33,114.73,0.04,0.02,0.02,0.02,99695,1507,3,0.19,0.07,0.07,0.0,49,133,-57,0,2.98,-0.2,0.0193,0.0398,31.57,41.8,22.47
657.427,flow_only,54.4,52.1374661,21.1606164,86.05,52.1374619,21.1606567,28,0.48,0.781,255,-0.1677,0.1677,0.0588,0.0015,3.11,3.261,3.25,2.37,114.5,0.04,0.02,0.04,0.03,99695,1507,3,0.19,0.07,0.07,0.0,49,157,-81,0,2.98,-0.19,0.0329,0.0634,37.79,39.07,18.93
657.527,flow_only,54.5,52.137466,21.1606174,86.04,52.1374615,21.160659,28,0.48,0.856,255,0.1677,0.1677,0.1121,0.0063,3.088,3.251,3.72,2.33,114.09,0.04,0.02,0.03,0.03,99695,1507,3,0.19,0.07,0.07,0.0,49,55,94,0,2.96,-0.22,0.0113,0.0276,35.18,33.15,22.55
657.627,flow_only,54.6,52.1374658,21.1606184,86.03,52.1374615,21.160659,28,0.48,0.856,255,0.3353,0.503,0.1527,0.0433,3.082,3.242,4.73,2.54,113.67,0.04,0.02,0.02,0.02,99695,1507,3,0.19,0.07,0.07,0.0,49,-190,51,0,2.96,-0.2,0.0114,0.0216,32.96,33.26,23.1
657.727,flow_only,54.7,52.1374655,21.1606193,86.02,52.1374611,21.1606614,28,0.48,0.857,255,0.0,0.1677,0.0196,0.0292,3.076,3.236,4.92,2.82,113.23,0.04,0.02,0.0,0.01,99695,1507,3,0.19,0.07,0.07,0.0,49,-25,13,0,2.95,-0.19,0.0224,0.0408,31.96,40.01,21.04
657.827,flow_only,54.8,52.1374652,21.1606202,86.02,52.1374611,21.1606614,28,0.48,0.857,255,0.0,0.3353,-0.0524,0.0398,3.064,3.23,4.72,3.07,112.96,0.04,0.02,0.02,0.03,99695,1507,3,0.19,0.07,0.07,0.0,49,57,7,0,2.94,-0.2,0.0108,0.0252,36.14,40.23,17.75
657.927,flow_only,54.9,52.1374648,21.1606213,86.01,52.1374605,21.1606637,28,0.48,0.898,255,-0.1676,0.3352,-0.1027,-0.0469,3.058,3.222,4.1,3.01,112.87,0.04,0.02,0.01,0.01,99695,1507,3,0.19,0.07,0.07,0.0,49,-34,188,0,2.93,-0.2,0.0134,0.0322,39.37,42.68,16.68
658.027,flow_only,55.0,52.1374643,21.1606223,86.0,52.1374605,21.1606637,28,0.48,0.898,255,-0.1677,0.1677,-0.0332,0.0147,3.028,3.212,3.77,2.85,112.87,0.04,0.02,0.02,0.04,99695,1507,3,0.19,0.07,0.07,0.0,49,-43,-65,0,2.92,-0.21,0.0133,0.0358,39.24,42.0,14.73
658.127,flow_only,55.1,52.1374639,21.1606234,85.99,52.1374599,21.1606661,28,0.48,0.91,255,-0.1676,0.1676,-0.1238,0.055,3.03,3.202,3.43,3.2,113.01,0.04,0.02,0.01,0.02,99695,1507,3,0.19,0.07,0.07,0.0,49,73,-179,0,2.91,-0.19,0.0083,0.0265,36.34,38.68,14.15
658.227,flow_only,55.2,52.1374637,21.1606243,85.98,52.1374599,21.1606661,28,0.48,0.91,255,-0.3353,0.6707,-0.1687,0.086,3.075,3.195,2.39,3.62,113.24,0.04,0.02,0.01,0.02,99695,1507,3,0.19,0.07,0.07,0.0,49,220,-167,0,2.92,-0.18,0.0394,0.0753,28.97,36.49,16.74
658.327,flow_only,55.3,52.1374636,21.1606254,85.98,52.1374593,21.1606685,28,0.48,0.904,255,0.0,0.3352,-0.0085,-0.0198,3.088,3.196,2.01,3.75,113.41,0.04,0.02,0.06,0.03,99695,1507,3,0.19,0.07,0.07,0.0,49,-14,187,0,2.95,-0.19,0.0317,0.0635,25.88,32.05,19.49
658.427,flow_only,55.4,52.1374634,21.1606265,85.98,52.1374593,21.1606685,28,0.48,0.904,255,0.1677,0.1677,0.1288,-0.0577,3.108,3.199,2.44,3.4,113.43,0.04,0.02,0.02,0.03,99695,1507,3,0.19,0.07,0.07,0.0,49,-46,-55,0,2.94,-0.21,0.0203,0.0429,26.77,35.56,17.68
658.527,flow_only,55.5,52.1374632,21.1606275,85.99,52.1374587,21.1606709,28,0.48,0.895,255,0.1676,0.6705,0.1694,0.1062,3.114,3.201,3.39,3.7,113.56,0.04,0.02,0.03,0.01,99695,1507,3,0.19,0.07,0.07,0.0,49,-115,-139,0,2.96,-0.22,0.0181,0.0368,31.63,39.07,15.02
658.627,flow_only,55.6,52.1374629,21.1606286,85.99,52.1374587,21.1606709,28,0.48,0.895,255,0.0,0.3353,-0.0651,-0.0088,3.116,3.203,3.7,3.96,113.95,0.04,0.02,0.0,0.02,99695,1507,3,0.19,0.07,0.07,0.0,49,-37,-25,0,2.96,-0.21,0.0054,0.0096,28.41,37.15,15.29
658.727,flow_only,55.7,52.1374626,21.1606297,85.99,52.1374579,21.1606732,28,0.48,0.929,255,-0.1677,0.1677,-0.0686,-0.0147,3.112,3.2,3.09,3.69,114.42,0.04,0.02,0.03,0.01,99695,1507,3,0.2,0.07,0.07,0.0,49,32,-201,0,2.95,-0.22,0.0115,0.0262,26.73,36.56,16.21
658.827,flow_only,55.8,52.1374624,21.1606306,85.98,52.1374579,21.1606732,28,0.48,0.929,255,0.0,0.1677,-0.0603,0.0876,3.124,3.191,3.07,4.06,115.15,0.04,0.02,0.03,0.01,99695,1507,3,0.2,0.07,0.07,0.0,49,-157,159,0,2.93,-0.24,0.005,0.0236,24.14,34.95,13.94
658.927,flow_only,55.9,52.1374621,21.1606316,85.96,52.1374572,21.1606755,28,0.48,0.892,255,0.0,0.1676,-0.1824,-0.0343,3.096,3.174,2.04,4.09,115.93,0.04,0.02,0.03,0.02,99695,1507,3,0.2,0.07,0.07,0.0,49,136,-13,0,2.92,-0.26,0.0092,0.0342,27.87,30.6,12.86
659.027,flow_only,56.0,52.1374619,21.1606326,85.94,52.1374572,21.1606755,28,0.48,0.892,255,0.0,0.1676,0.1134,-0.0793,3.088,3.153,2.04,3.58,116.51,0.04,0.02,0.04,0.04,99695,1507,3,0.2,0.07,0.07,0.0,49,20,-22,0,2.9,-0.27,0.0134,0.0469,24.26,31.12,15.14
659.127,flow_only,56.1,52.1374617,21.1606334,85.92,52.1374566,21.1606777,28,0.48,0.773,255,0.1677,0.3353,0.0572,-0.1523,3.086,3.131,2.68,2.91,117.03,0.04,0.02,0.01,0.02,99695,1507,3,0.2,0.07,0.07,0.0,49,-131,5,0,2.89,-0.26,0.0156,0.0398,26.39,29.4,15.11
659.227,flow_only,56.2,52.1374614,21.1606341,85.9,52.1374566,21.1606777,28,0.48,0.773,255,0.0,0.1676,0.0453,-0.0553,3.096,3.116,2.98,2.14,117.45,0.04,0.02,0.02,0.01,99695,1507,3,0.2,0.07,0.07,0.0,49,-15,-55,0,2.9,-0.26,0.0163,0.0313,25.74,35.25,16.5
659.327,flow_only,56.3,52.1374611,21.1606349,85.89,52.137456,21.1606798,28,0.48,0.763,255,0.0,0.1677,0.0565,-0.0395,3.082,3.107,3.42,1.98,117.83,0.04,0.02,0.03,0.02,99695,1507,3,0.2,0.07,0.07,0.0,49,-59,-58,0,2.91,-0.25,0.011,0.0203,27.1,34.73,18.6
659.427,flow_only,56.4,52.1374609,21.1606359,85.89,52.137456,21.1606798,28,0.48,0.763,255,0.0,0.0,-0.0447,-0.0875,3.104,3.105,3.28,1.46,118.12,0.04,0.02,0.02,0.01,99695,1507,3,0.2,0.07,0.07,0.0,49,29,4,0,2.91,-0.25,0.0062,0.0132,27.64,32.94,18.53
659.527,flow_only,56.5,52.1374606,21.1606369,85.89,52.1374555,21.1606818,28,0.48,0.784,255,-0.1677,0.1677,-0.0865,0.0682,3.092,3.107,2.8,1.43,118.3,0.04,0.02,0.02,0.02,99695,1507,3,0.2,0.07,0.07,0.0,49,62,-22,0,2.92,-0.25,0.0169,0.0318,26.17,33.35,19.41
659.627,flow_only,56.6,52.1374603,21.1606379,85.9,52.1374555,21.1606818,28,0.48,0.784,255,0.0,0.1677,0.0546,-0.0263,3.08,3.115,3.06,1.44,118.42,0.04,0.02,0.07,0.01,99695,1507,3,0.2,0.07,0.07,0.0,49,-209,67,0,2.95,-0.22,0.0217,0.0546,25.44,32.59,19.11
659.727,flow_only,56.7,52.1374599,21.1606388,85.91,52.137455,21.1606839,28,0.48,0.779,255,0.0,0.5031,-0.0161,0.0624,3.102,3.129,3.32,1.61,118.27,0.04,0.02,0.07,0.0,99695,1507,3,0.2,0.06,0.07,0.0,49,83,61,0,2.99,-0.17,0.0171,0.0578,25.91,34.59,19.35
659.827,flow_only,56.8,52.1374596,21.1606398,85.93,52.137455,21.1606839,28,0.48,0.779,255,0.0,0.3354,0.0364,0.0875,3.122,3.145,3.51,2.17,118.03,0.04,0.02,0.03,0.03,99695,1507,3,0.2,0.06,0.07,0.0,49,-56,-208,0,3.0,-0.16,0.0297,0.0673,30.47,30.99,21.45
659.927,flow_only,56.9,52.1374592,21.1606406,85.94,52.1374544,21.1606861,28,0.48,0.851,255,0.0,0.1677,-0.0283,-0.0466,3.124,3.158,3.42,2.2,117.75,0.04,0.02,0.03,0.02,99695,1507,3,0.2,0.07,0.07,0.0,49,35,-81,0,3.02,-0.17,0.0166,0.048,32.58,30.75,20.75
660.027,flow_only,57.0,52.137459,21.1606416,85.95,52.1374544,21.1606861,28,0.48,0.851,255,0.0,0.3353,0.0552,-0.0194,3.134,3.165,3.47,1.99,117.39,0.04,0.02,0.0,0.03,99695,1507,3,0.2,0.07,0.07,0.0,49,-2,-51,0,3.01,-0.17,0.0136,0.0332,31.54,34.43,19.57
660.127,flow_only,57.1,52.1374587,21.1606425,85.95,52.1374538,21.1606884,28,0.48,0.883,255,0.0,0.1677,0.1106,0.068,3.134,3.167,4.0,2.32,117.13,0.04,0.02,0.0,0.02,99695,1507,3,0.2,0.07,0.07,0.0,49,-96,-110,0,3.01,-0.19,0.0213,0.0409,34.31,34.26,17.85
660.227,flow_only,57.2,52.1374584,21.1606435,85.95,52.1374538,21.1606884,28,0.48,0.883,255,0.0,0.1677,-0.0552,0.0613,3.098,3.168,3.95,2.63,116.84,0.04,0.02,0.02,0.02,99695,1507,3,0.2,0.07,0.07,0.0,49,64,41,0,3.02,-0.18,0.0065,0.0171,38.54,35.4,16.14
660.327,flow_only,57.3,52.1374582,21.1606446,85.96,52.1374532,21.1606908,28,0.48,0.934,255,0.0,0.3353,0.0041,0.0258,3.128,3.171,3.96,2.8,116.68,0.04,0.02,0.04,0.03,99695,1507,3,0.2,0.07,0.07,0.0,49,-20,47,0,3.03,-0.16,0.0063,0.0246,33.55,40.81,16.55
660.427,flow_only,57.4,52.137458,21.1606457,85.96,52.1374532,21.1606908,28,0.48,0.934,255,0.0,0.1677,0.0313,0.0115,3.11,3.177,4.0,2.8,116.63,0.04,0.02,0.05,0.02,99695,1507,3,0.2,0.07,0.07,0.0,49,-17,255,0,3.05,-0.12,0.0107,0.0333,35.94,39.7,19.66
660.527,flow_only,57.5,52.1374577,21.1606467,85.97,52.1374525,21.1606933,28,0.48,0.933,255,0.0,0.1676,0.0623,-0.0012,3.074,3.188,4.12,2.87,116.56,0.04,0.02,0.09,0.02,99695,1507,3,0.2,0.07,0.07,0.0,49,-18,43,0,3.08,-0.1,0.0123,0.0496,34.84,36.04,18.2
660.627,flow_only,57.6,52.1374573,21.1606478,85.99,52.1374525,21.1606933,28,0.48,0.933,255,0.1677,0.5031,0.0506,0.0072,3.082,3.206,4.69,2.86,116.39,0.04,0.02,0.08,0.03,99695,1507,3,0.2,0.07,0.07,0.0,49,-148,79,0,3.1,-0.04,0.0277,0.0752,30.46,38.95,19.94
660.727,flow_only,57.7,52.1374569,21.160649,86.01,52.1374519,21.1606958,28,0.48,0.97,255,-0.1677,0.503,-0.0826,-0.0224,3.092,3.228,4.23,3.07,116.51,0.04,0.02,0.09,0.01,99695,1507,3,0.2,0.07,0.07,0.0,49,76,-190,0,3.13,-0.01,0.0153,0.0673,29.6,41.68,20.74
660.827,flow_only,57.8,52.1374565,21.1606502,86.04,52.1374519,21.1606958,28,0.48,0.97,255,0.0,0.3354,-0.0494,0.0562,3.1,3.254,3.92,3.11,116.72,0.04,0.02,0.09,0.02,99695,1507,3,0.2,0.07,0.07,0.0,49,-76,-123,0,3.16,0.01,0.025,0.0822,31.68,41.13,19.76
660.927,flow_only,57.9,52.1374561,21.1606513,86.06,52.1374512,21.1606984,28,0.48,0.975,255,0.0,0.3353,0.0937,0.1369,3.082,3.278,4.34,3.61,116.99,0.04,0.02,0.05,0.03,99695,1507,3,0.2,0.07,0.07,0.0,49,-148,149,0,3.18,0.0,0.0264,0.0776,34.71,42.04,19.18
661.027,flow_only,58.0,52.1374557,21.1606523,86.08,52.1374512,21.1606984,28,0.48,0.975,255,0.0,0.3353,-0.0323,0.0191,3.06,3.298,4.18,4.1,117.31,0.04,0.02,0.03,0.02,99695,1507,3,0.2,0.07,0.07,0.0,49,-75,-93,0,3.18,0.03,0.0217,0.0605,39.08,40.81,18.49
661.127,flow_only,58.1,52.1374552,21.1606536,86.1,52.1374507,21.160701,28,0.48,0.885,255,0.0,0.1677,0.0729,-0.035,3.048,3.31,4.33,3.55,117.5,0.04,0.02,0.0,0.02,99695,1507,3,0.2,0.07,0.07,0.0,49,-162,135,0,3.18,0.05,0.0346,0.074,36.25,37.83,20.34
661.227,flow_only,58.2,52.1374546,21.1606549,86.1,52.1374507,21.160701,28,0.48,0.885,255,0.0,0.503,-0.0055,0.0811,3.038,3.316,4.63,3.89,117.58,0.04,0.02,0.02,0.02,99695,1507,3,0.2,0.07,0.07,0.0,49,95,206,0,3.18,0.05,0.0356,0.0735,34.21,38.84,19.47
661.327,flow_only,58.3,52.1374543,21.1606561,86.1,52.1374501,21.1607035,28,0.48,0.937,255,0.0,0.3353,0.0032,0.0563,3.028,3.32,4.52,4.16,117.43,0.04,0.02,0.01,0.01,99695,1507,3,0.2,0.06,0.07,0.0,49,-10,-129,0,3.16,0.07,0.0014,0.008,36.48,35.37,18.18
661.427,flow_only,58.4,52.137454,21.1606571,86.11,52.1374501,21.1607035,28,0.48,0.937,255,0.0,0.3353,-0.04,0.08,3.018,3.321,4.24,4.79,117.19,0.04,0.02,0.02,0.02,99695,1507,3,0.2,0.06,0.07,0.0,49,32,-42,0,3.16,0.08,0.0133,0.0214,33.4,39.59,22.8
661.527,flow_only,58.5,52.1374537,21.1606583,86.11,52.1374496,21.160706,28,0.48,0.877,255,0.0,0.3355,0.0208,-0.0402,2.998,3.324,4.11,4.52,116.68,0.04,0.02,0.02,0.03,99695,1507,3,0.2,0.07,0.07,0.0,49,10,-26,0,3.16,0.08,0.0082,0.0163,30.1,42.21,19.95
661.627,flow_only,58.6,52.1374534,21.1606593,86.11,52.1374496,21.160706,28,0.48,0.877,255,0.0,0.1676,0.0508,0.0798,3.018,3.324,4.38,4.92,115.89,0.04,0.02,0.01,0.03,99695,1507,3,0.2,0.07,0.07,0.0,49,-84,-121,0,3.14,0.08,0.0185,0.0351,33.52,39.36,16.93
661.727,flow_only,58.7,52.1374531,21.1606601,86.11,52.137449,21.1607083,28,0.48,0.873,255,-0.1677,0.1677,-0.0634,-0.1133,3.002,3.321,4.22,4.87,114.98,0.04,0.02,0.0,0.03,99695,1507,3,0.2,0.07,0.07,0.0,49,6,255,0,3.13,0.05,0.0074,0.0256,39.95,38.27,16.86
661.827,flow_only,58.8,52.1374528,21.160661,86.1,52.137449,21.1607083,28,0.48,0.873,255,0.0,0.3353,-0.0789,-0.0875,2.99,3.316,3.76,4.3,114.14,0.04,0.02,0.02,0.02,99695,1507,3,0.2,0.07,0.07,0.0,49,97,47,0,3.11,0.04,0.0096,0.0355,32.15,36.27,20.77
661.927,flow_only,58.9,52.1374524,21.1606619,86.09,52.1374483,21.1607105,28,0.48,0.771,255,0.0,0.1677,-0.0411,-0.0159,3.0,3.307,3.56,4.07,113.43,0.04,0.02,0.04,0.01,99695,1507,3,0.2,0.07,0.07,0.0,49,50,-180,0,3.09,0.03,0.0137,0.0492,30.79,38.37,18.79
662.027,flow_only,59.0,52.1374521,21.1606628,86.08,52.1374483,21.1607105,28,0.48,0.771,255,-0.1677,0.1677,-0.109,-0.0304,3.004,3.295,3.1,3.91,112.57,0.04,0.02,0.04,0.01,99695,1507,3,0.2,0.07,0.07,0.0,49,75,-28,0,3.06,0.01,0.0113,0.0554,35.11,40.02,16.91
662.127,flow_only,59.1,52.1374518,21.1606637,86.07,52.1374477,21.1607125,28,0.48,0.819,255,0.1677,0.1677,0.0299,-0.0677,2.96,3.285,2.99,3.72,111.81,0.04,0.02,0.0,0.04,99695,1507,3,0.2,0.07,0.07,0.0,49,115,-59,0,3.06,0.0,0.0112,0.0473,39.94,37.62,16.12
662.227,flow_only,59.2,52.1374515,21.1606646,86.07,52.1374477,21.1607125,28,0.48,0.819,255,-0.1677,0.1677,-0.0561,0.0372,2.96,3.284,2.89,3.71,111.57,0.04,0.02,0.04,0.03,99695,1507,3,0.2,0.07,0.07,0.0,49,-182,16,0,3.08,0.03,0.012,0.0284,33.9,35.5,24.75
662.327,flow_only,59.3,52.1374511,21.1606658,86.07,52.1374471,21.1607146,28,0.48,0.761,255,0.0,0.3353,-0.0563,0.1033,2.956,3.287,2.64,4.02,111.73,0.04,0.02,0.0,0.02,99695,1507,3,0.2,0.06,0.07,0.0,49,62,49,0,3.08,0.06,0.0245,0.0503,40.53,37.62,20.8
662.427,flow_only,59.4,52.1374508,21.1606668,86.07,52.1374471,21.1607146,28,0.48,0.761,255,-0.1677,0.3353,-0.1067,0.1052,2.967,3.289,2.01,4.82,112.23,0.04,0.02,0.02,0.02,99695,1507,3,0.2,0.06,0.07,0.0,49,-22,-59,0,3.09,0.06,0.0071,0.019,41.06,43.01,18.13
662.527,flow_only,59.5,52.1374505,21.1606678,86.07,52.1374464,21.1607165,28,0.48,0.727,255,0.0,0.1676,0.1261,-0.0566,3.0,3.29,2.56,4.65,112.97,0.04,0.02,0.0,0.03,99695,1507,3,0.2,0.07,0.07,0.0,49,-218,280,0,3.09,0.06,0.0263,0.0555,38.29,44.31,22.12
662.627,flow_only,59.6,52.1374501,21.1606688,86.07,52.1374464,21.1607165,28,0.48,0.727,255,0.0,0.0,-0.0013,-0.0476,2.992,3.287,2.78,4.18,113.62,0.04,0.02,0.04,0.03,99695,1507,3,0.2,0.07,0.07,0.0,49,-22,-129,0,3.07,0.02,0.0098,0.036,38.99,43.06,22.13
662.727,flow_only,59.7,52.1374499,21.1606698,86.07,52.1374459,21.1607184,28,0.48,0.701,255,0.0,0.3353,0.0319,0.07,2.956,3.28,2.96,4.38,114.13,0.04,0.02,0.02,0.01,99695,1507,3,0.2,0.07,0.07,0.0,49,-37,-91,0,3.06,0.0,0.0103,0.036,37.64,43.12,22.95
662.827,flow_only,59.8,52.1374496,21.1606707,86.06,52.1374459,21.1607184,28,0.48,0.701,255,0.0,0.1677,0.016,-0.0745,2.988,3.274,3.33,4.39,114.64,0.04,0.02,0.0,0.02,99695,1507,3,0.2,0.07,0.07,0.0,49,-98,-80,0,3.06,0.0,0.0169,0.0381,35.4,43.13,21.56
662.927,flow_only,59.9,52.1374494,21.1606715,86.05,52.1374456,21.1607203,28,0.48,0.67,255,0.1677,0.1677,0.0353,-0.1395,3.002,3.267,3.48,3.54,115.04,0.04,0.02,0.03,0.03,99695,1507,3,0.2,0.07,0.07,0.0,49,-23,-41,0,3.05,0.0,0.0174,0.0442,36.54,41.6,21.21
663.027,flow_only,60.0,52.1374492,21.1606722,86.04,52.1374456,21.1607203,28,0.48,0.67,255,0.0,0.1677,0.0872,-0.0582,3.002,3.257,4.22,3.15,115.42,0.04,0.02,0.03,0.02,99695,1507,3,0.2,0.07,0.07,0.0,49,-7,29,0,3.03,-0.02,0.0191,0.051,34.98,40.27,19.29
663.127,flow_only,60.1,52.1374489,21.1606729,86.03,52.1374453,21.1607222,28,0.48,0.664,255,0.1677,0.1677,0.0068,-0.0833,2.978,3.247,4.41,2.69,115.6,0.04,0.02,0.02,0.01,99695,1507,3,0.2,0.07,0.07,0.0,49,-108,-131,0,3.02,-0.04,0.0247,0.0567,30.59,40.03,22.52
663.227,flow_only,60.2,52.1374486,21.1606736,86.02,52.1374453,21.1607222,28,0.48,0.664,255,0.0,0.0,-0.0082,-0.0023,2.99,3.239,4.42,2.52,115.62,0.04,0.02,0.0,0.01,99695,1507,3,0.2,0.07,0.07,0.0,49,-24,41,0,3.02,-0.02,0.0164,0.045,38.14,38.89,19.1
663.327,flow_only,60.3,52.1374484,21.1606745,86.02,52.1374451,21.1607243,28,0.48,0.712,255,-0.3354,0.3354,-0.19,0.0119,2.984,3.231,3.57,2.59,115.67,0.04,0.02,0.02,0.02,99695,1507,3,0.2,0.07,0.07,0.0,49,23,293,0,3.01,-0.02,0.0192,0.0478,31.7,36.58,22.12
663.427,flow_only,60.4,52.1374482,21.1606757,86.01,52.1374451,21.1607243,28,0.48,0.712,255,0.0,0.1677,0.0176,-0.018,2.95,3.226,3.02,2.41,115.72,0.04,0.02,0.0,0.01,99695,1507,3,0.2,0.07,0.07,0.0,49,124,-23,0,3.02,-0.03,0.027,0.0513,32.24,37.59,20.45
663.527,flow_only,60.5,52.137448,21.1606767,86.01,52.1374449,21.1607263,28,0.48,0.683,255,0.0,0.1677,0.1098,0.0523,2.962,3.223,3.68,2.56,115.98,0.04,0.02,0.0,0.03,99695,1507,3,0.2,0.06,0.07,0.0,49,16,-60,0,3.02,-0.01,0.0095,0.0252,38.16,36.82,19.68
663.627,flow_only,60.6,52.1374478,21.1606777,86.01,52.1374449,21.1607263,28,0.48,0.683,255,0.0,0.1677,-0.0083,0.0508,2.97,3.222,3.91,2.61,116.23,0.04,0.02,0.0,0.02,99695,1507,3,0.2,0.06,0.07,0.0,49,-111,-46,0,3.02,0.0,0.003,0.0152,36.26,36.78,23.51
663.727,flow_only,60.7,52.1374476,21.1606787,86.0,52.1374446,21.1607283,28,0.48,0.73,255,0.1677,0.3353,0.0881,0.0564,2.992,3.22,4.21,3.14,116.38,0.04,0.02,0.04,0.02,99695,1507,3,0.2,0.06,0.07,0.0,49,-90,-173,0,3.01,-0.03,0.0214,0.0468,38.69,33.35,18.06
663.827,flow_only,60.8,52.1374475,21.1606796,86.0,52.1374446,21.1607283,28,0.48,0.73,255,0.0,0.1677,0.0048,-0.1067,3.016,3.215,4.57,2.77,116.47,0.04,0.02,0.0,0.01,99695,1507,3,0.2,0.06,0.07,0.0,49,43,162,0,3.01,-0.03,0.0092,0.0278,36.59,34.27,19.02
663.927,flow_only,60.9,52.1374473,21.1606806,86.0,52.1374442,21.1607304,28,0.48,0.752,255,0.0,0.3353,-0.0243,0.0084,3.032,3.214,4.41,2.52,116.62,0.04,0.02,0.01,0.03,99695,1507,3,0.2,0.07,0.07,0.0,49,-15,11,0,3.02,-0.05,0.0054,0.0139,31.67,42.88,20.12
664.027,flow_only,61.0,52.1374471,21.1606816,86.0,52.1374442,21.1607304,28,0.48,0.752,255,0.0,0.1677,0.0744,0.0031,3.076,3.214,4.58,2.7,116.83,0.04,0.02,0.0,0.02,99695,1507,3,0.2,0.07,0.07,0.0,49,-60,-99,0,3.02,-0.05,0.0137,0.025,35.08,36.99,18.11
664.127,flow_only,61.1,52.1374469,21.1606825,86.0,52.137444,21.1607326,28,0.48,0.765,255,0.0,0.1677,0.0374,-0.0673,3.08,3.214,4.93,2.25,116.95,0.04,0.02,0.01,0.03,99695,1507,3,0.2,0.07,0.07,0.0,49,84,63,0,3.03,-0.11,0.0095,0.02,34.38,34.85,19.05
664.227,flow_only,61.2,52.1374467,21.1606835,86.0,52.137444,21.1607326,28,0.48,0.765,255,0.1677,0.3353,0.0402,0.0565,3.07,3.212,5.16,2.57,117.11,0.04,0.02,0.02,0.01,99695,1507,3,0.2,0.07,0.07,0.0,49,-92,-71,0,3.02,-0.12,0.0042,0.0172,37.39,33.69,16.55
664.327,flow_only,61.3,52.1374465,21.1606843,85.99,52.1374437,21.1607347,27,0.5,0.676,255,0.0,0.503,-0.0389,0.0407,3.062,3.207,5.0,2.78,117.21,0.04,0.02,0.0,0.03,99695,1507,3,0.2,0.08,0.07,0.0,49,160,-91,0,3.03,-0.1,0.0189,0.039,34.13,36.04,19.49
664.427,flow_only,61.4,52.1374463,21.1606852,85.99,52.1374437,21.1607347,27,0.5,0.676,255,-0.1677,0.1677,-0.0811,-0.0023,3.056,3.202,4.57,2.83,117.22,0.04,0.02,0.02,0.0,99695,1507,3,0.2,0.08,0.07,0.0,49,25,-87,0,3.02,-0.1,0.017,0.0374,32.03,36.95,18.23
664.527,flow_only,61.5,52.1374461,21.1606861,85.98,52.1374433,21.1607367,28,0.48,0.682,255,0.0,0.1677,0.0388,-0.018,3.056,3.197,4.6,2.8,117.08,0.04,0.02,0.01,0.0,99695,1507,3,0.2,0.07,0.07,0.0,49,-123,-61,0,3.03,-0.1,0.0084,0.0183,34.19,33.84,20.8
664.627,flow_only,61.6,52.1374459,21.160687,85.98,52.1374433,21.1607367,28,0.48,0.682,255,0.0,0.1677,-0.0515,-0.0854,3.06,3.197,4.56,2.46,116.93,0.04,0.02,0.04,0.01,99695,1507,3,0.2,0.07,0.07,0.0,49,120,144,0,3.04,-0.07,0.0048,0.0135,34.62,37.18,19.32
664.727,flow_only,61.7,52.1374457,21.1606881,85.99,52.137443,21.1607388,28,0.48,0.732,255,0.0,0.1677,0.0285,0.0247,3.074,3.201,4.43,2.33,116.81,0.04,0.02,0.0,0.01,99695,1507,3,0.2,0.07,0.07,0.0,49,20,-27,0,3.05,-0.08,0.0163,0.0336,34.56,34.07,19.24
664.827,flow_only,61.8,52.1374454,21.1606891,85.99,52.137443,21.1607388,28,0.48,0.732,255,0.0,0.3353,0.0108,-0.0288,3.066,3.207,4.71,2.3,116.71,0.04,0.02,0.05,0.0,99695,1507,3,0.2,0.07,0.07,0.0,49,-84,94,0,3.07,-0.06,0.0135,0.0331,30.48,40.92,18.03
664.927,flow_only,61.9,52.137445,21.1606902,86.01,52.1374424,21.1607407,28,0.48,0.717,255,0.0,0.3353,0.1026,0.0336,3.084,3.22,5.0,2.42,116.71,0.04,0.02,0.08,0.03,99695,1507,3,0.2,0.07,0.07,0.0,49,-30,-105,0,3.11,-0.06,0.0124,0.0501,32.07,36.51,18.46
665.027,flow_only,62.0,52.1374447,21.1606912,86.02,52.1374424,21.1607407,28,0.48,0.717,255,0.0,0.1677,-0.1213,0.0356,3.082,3.239,4.83,2.52,116.66,0.04,0.02,0.05,0.03,99695,1507,3,0.2,0.07,0.07,0.0,49,30,-58,0,3.13,0.0,0.0125,0.0535,34.14,34.68,18.28
665.127,flow_only,62.1,52.1374443,21.1606922,86.05,52.1374419,21.1607427,28,0.48,0.762,255,0.0,0.3353,-0.0082,0.0672,3.076,3.26,4.31,2.96,116.56,0.04,0.02,0.07,0.01,99695,1507,3,0.2,0.07,0.07,0.0,49,-232,21,0,3.16,0.01,0.0287,0.0773,31.5,37.99,16.75
665.227,flow_only,62.2,52.1374438,21.160693,86.07,52.1374419,21.1607427,28,0.48,0.762,255,0.0,0.1677,-0.0581,-0.0214,3.066,3.283,4.16,3.08,116.44,0.04,0.02,0.06,0.01,99695,1507,3,0.2,0.07,0.07,0.0,49,81,263,0,3.18,0.04,0.0172,0.0674,32.28,33.99,17.94
665.327,flow_only,62.3,52.1374433,21.1606939,86.09,52.1374413,21.1607447,28,0.48,0.801,255,0.0,0.1676,-0.0269,0.0001,3.068,3.305,3.97,2.97,116.41,0.04,0.02,0.05,0.01,99695,1507,3,0.2,0.07,0.07,0.0,49,-88,-34,0,3.2,0.07,0.0166,0.0635,33.84,36.14,20.7
665.427,flow_only,62.4,52.137443,21.1606947,86.11,52.1374413,21.1607447,28,0.48,0.801,255,0.0,0.3353,-0.1,-0.0031,3.084,3.323,3.43,3.0,116.25,0.04,0.02,0.03,0.01,99695,1507,3,0.2,0.07,0.07,0.0,49,-95,92,0,3.21,0.08,0.0172,0.057,31.63,36.53,18.17
665.527,flow_only,62.5,52.1374426,21.1606955,86.12,52.1374406,21.1607468,28,0.48,0.803,255,0.0,0.1677,0.0139,-0.0059,3.074,3.337,3.27,3.02,116.16,0.04,0.02,0.02,0.02,99695,1507,3,0.2,0.07,0.07,0.0,49,-79,89,0,3.21,0.06,0.0086,0.0379,28.8,38.39,19.34
665.627,flow_only,62.6,52.1374422,21.1606963,86.13,52.1374406,21.1607468,28,0.48,0.803,255,0.0,0.1677,-0.0683,-0.014,3.038,3.345,3.14,2.93,116.06,0.04,0.02,0.01,0.02,99695,1507,3,0.2,0.07,0.07,0.0,49,45,-31,0,3.21,0.06,0.0134,0.0346,31.48,36.27,19.9
665.727,flow_only,62.7,52.1374418,21.1606971,86.13,52.1374401,21.160749,28,0.48,0.819,255,0.0,0.1677,0.0165,0.0164,3.044,3.35,2.99,3.07,115.96,0.04,0.02,0.02,0.02,99695,1507,3,0.2,0.07,0.07,0.0,49,-112,-257,0,3.21,0.1,0.0262,0.0524,28.77,41.39,17.62
665.827,flow_only,62.8,52.1374414,21.1606979,86.14,52.1374401,21.160749,28,0.48,0.819,255,0.0,0.1677,-0.0689,-0.0557,3.032,3.352,2.85,2.89,115.92,0.04,0.02,0.0,0.02,99695,1507,3,0.2,0.07,0.07,0.0,49,30,-65,0,3.19,0.09,0.0155,0.0308,33.69,37.38,19.94
665.927,flow_only,62.9,52.137441,21.1606987,86.14,52.1374395,21.1607513,28,0.48,0.796,255,0.0,0.1677,-0.0912,-0.0137,3.014,3.357,2.36,2.73,116.06,0.04,0.02,0.06,0.01,99695,1507,3,0.2,0.08,0.07,0.0,49,-260,-17,0,3.21,0.11,0.0223,0.049,33.09,39.57,20.82
666.027,flow_only,63.0,52.1374407,21.1606995,86.15,52.1374395,21.1607513,28,0.48,0.796,255,-0.1677,0.3353,0.0214,-0.0213,2.998,3.368,2.29,2.69,116.3,0.04,0.02,0.06,0.01,99695,1507,3,0.2,0.08,0.07,0.0,49,45,270,0,3.23,0.13,0.0138,0.0385,32.07,40.56,19.61
666.127,flow_only,63.1,52.1374404,21.1607005,86.17,52.1374391,21.1607535,28,0.48,0.806,255,0.1677,0.1677,0.0206,-0.0542,2.998,3.384,2.38,2.47,116.66,0.04,0.02,0.06,0.02,99695,1507,3,0.2,0.07,0.07,0.0,49,128,-45,0,3.24,0.14,0.0118,0.0388,30.51,42.37,19.9
666.227,flow_only,63.2,52.1374401,21.1607016,86.19,52.1374391,21.1607535,28,0.48,0.806,255,0.0,0.1677,-0.0088,-0.0028,2.978,3.403,2.34,2.15,117.03,0.04,0.02,0.07,0.02,99695,1507,3,0.2,0.07,0.07,0.0,49,131,-4,0,3.26,0.2,0.0331,0.0694,35.16,38.91,20.36
666.327,flow_only,63.3,52.13744,21.1607029,86.21,52.1374388,21.1607559,28,0.48,0.836,255,0.1677,0.3354,0.1392,0.0719,2.97,3.426,2.78,2.51,117.44,0.04,0.02,0.08,0.01,99695,1507,3,0.2,0.07,0.07,0.0,49,128,75,0,3.29,0.24,0.0349,0.0783,35.53,38.32,18.02
666.427,flow_only,63.4,52.1374399,21.160704,86.24,52.1374388,21.1607559,28,0.48,0.836,255,0.503,0.503,0.1436,-0.0044,2.982,3.451,3.74,2.53,117.74,0.04,0.02,0.05,0.02,99695,1507,3,0.2,0.07,0.07,0.0,49,-201,67,0,3.3,0.26,0.0104,0.0489,32.33,38.44,20.42
666.527,flow_only,63.5,52.1374396,21.1607054,86.26,52.1374387,21.1607583,28,0.48,0.829,255,0.0,0.1677,0.1492,0.0376,2.978,3.476,4.49,2.6,118.01,0.04,0.02,0.07,0.01,99695,1507,3,0.2,0.07,0.07,0.0,49,-6,-69,0,3.32,0.27,0.0183,0.0561,32.09,36.87,19.99
666.627,flow_only,63.6,52.1374394,21.1607066,86.29,52.1374387,21.1607583,28,0.48,0.829,255,0.0,0.1676,0.0571,0.0832,2.968,3.501,5.09,2.91,118.24,0.04,0.02,0.04,0.0,99695,1507,3,0.2,0.07,0.07,0.0,49,-33,-131,0,3.33,0.28,0.0087,0.0416,35.98,34.79,17.93
666.727,flow_only,63.7,52.1374392,21.1607078,86.31,52.1374385,21.1607607,28,0.48,0.847,255,0.0,0.1677,0.0292,0.0542,2.994,3.521,5.15,3.25,118.31,0.04,0.02,0.01,0.02,99695,1507,3,0.2,0.07,0.07,0.0,49,81,30,0,3.33,0.29,0.0126,0.0345,32.69,36.98,20.69
666.827,flow_only,63.8,52.1374391,21.1607088,86.33,52.1374385,21.1607607,28,0.48,0.847,255,0.0,0.3353,0.0371,0.029,2.962,3.54,5.57,3.5,118.22,0.04,0.02,0.05,0.0,99695,1507,3,0.2,0.07,0.07,0.0,49,16,60,0,3.34,0.3,0.0097,0.0317,28.9,37.98,21.72
666.927,flow_only,63.9,52.137439,21.1607098,86.34,52.1374382,21.1607631,28,0.48,0.847,255,0.1677,0.1677,-0.0492,-0.0725,2.932,3.555,5.43,3.25,118.1,0.04,0.02,0.0,0.03,99695,1507,3,0.2,0.08,0.07,0.0,49,127,-19,0,3.33,0.31,0.0217,0.0472,28.03,37.26,20.1
667.027,flow_only,64.0,52.137439,21.1607109,86.35,52.1374382,21.1607631,28,0.48,0.847,255,0.0,0.1677,-0.0123,-0.039,2.952,3.566,5.24,2.98,118.06,0.04,0.02,0.01,0.02,99695,1507,3,0.2,0.08,0.07,0.0,49,-21,0,0,3.33,0.34,0.023,0.0506,28.19,37.75,20.69
667.127,flow_only,64.1,52.1374389,21.160712,86.36,52.137438,21.1607654,28,0.48,0.805,255,0.1677,0.1677,0.0891,0.0125,2.982,3.578,5.48,2.96,118.07,0.04,0.02,0.04,0.01,99695,1507,3,0.2,0.07,0.07,0.0,49,-64,-45,0,3.33,0.32,0.0115,0.0281,30.0,35.46,19.53
667.227,flow_only,64.2,52.1374387,21.1607131,86.38,52.137438,21.1607654,28,0.48,0.805,255,0.1677,0.1677,0.0706,-0.1115,2.96,3.592,5.93,2.64,118.01,0.04,0.02,0.02,0.0,99695,1507,3,0.2,0.07,0.07,0.0,49,19,167,0,3.34,0.31,0.0184,0.0333,31.68,37.96,19.43
667.327,flow_only,64.3,52.1374385,21.1607142,86.39,52.1374377,21.1607676,28,0.48,0.752,255,0.0,0.1677,-0.054,0.0401,2.928,3.609,5.9,2.53,118.02,0.04,0.02,0.06,0.0,99695,1507,3,0.2,0.08,0.07,0.0,49,-9,-60,0,3.36,0.34,0.0093,0.0216,30.91,37.19,21.61
667.427,flow_only,64.4,52.1374381,21.1607153,86.42,52.1374377,21.1607676,28,0.48,0.752,255,0.0,0.1677,0.001,0.018,2.922,3.631,5.88,2.77,118.07,0.04,0.02,0.07,0.01,99695,1507,3,0.2,0.08,0.07,0.0,49,-5,229,0,3.38,0.37,0.0227,0.0498,29.36,38.79,21.84
667.527,flow_only,64.5,52.1374377,21.1607165,86.44,52.1374373,21.1607698,28,0.48,0.776,255,0.0,0.1677,-0.0015,-0.0726,2.91,3.656,5.82,2.55,117.93,0.04,0.02,0.06,0.01,99695,1507,3,0.2,0.07,0.07,0.0,49,-6,113,0,3.4,0.43,0.0179,0.0453,30.63,36.5,19.58
667.627,flow_only,64.6,52.1374373,21.1607175,86.46,52.1374373,21.1607698,28,0.48,0.776,255,0.1677,0.1677,0.0882,0.0725,2.894,3.678,6.22,2.85,117.62,0.04,0.02,0.01,0.02,99695,1507,3,0.2,0.07,0.07,0.0,49,-85,-64,0,3.4,0.43,0.0104,0.0252,32.37,35.5,17.77
667.727,flow_only,64.7,52.1374368,21.1607186,86.48,52.137437,21.160772,28,0.48,0.767,255,0.0,0.1677,-0.0109,0.0265,2.902,3.692,6.31,3.05,117.23,0.04,0.02,0.0,0.01,99695,1507,3,0.2,0.07,0.07,0.0,49,-82,-105,0,3.39,0.44,0.0182,0.0396,35.89,35.08,16.43
667.827,flow_only,64.8,52.1374363,21.1607197,86.48,52.137437,21.160772,28,0.48,0.767,255,0.0,0.503,-0.1297,0.1105,2.904,3.698,5.84,3.5,116.87,0.04,0.02,0.02,0.01,99695,1507,3,0.2,0.07,0.07,0.0,49,47,-122,0,3.38,0.44,0.0137,0.0385,36.8,35.27,15.98
667.927,flow_only,64.9,52.137436,21.1607207,86.48,52.1374365,21.160774,28,0.48,0.644,255,-0.1677,0.1677,-0.2595,0.0947,2.89,3.696,4.53,4.25,116.64,0.04,0.02,0.04,0.0,99695,1507,3,0.2,0.08,0.07,0.0,49,58,-41,0,3.35,0.4,0.0145,0.047,31.98,36.07,16.21
668.027,flow_only,65.0,52.1374358,21.1607215,86.47,52.1374365,21.160774,28,0.48,0.644,255,-0.1677,0.1677,-0.0577,-0.018,2.876,3.688,3.62,4.37,116.59,0.04,0.02,0.07,0.01,99695,1507,3,0.2,0.08,0.07,0.0,49,79,-81,0,3.31,0.36,0.0337,0.0922,31.94,33.19,18.43
668.127,flow_only,65.1,52.1374357,21.1607223,86.46,52.1374361,21.1607759,28,0.48,0.719,255,0.3353,0.0,0.1417,-0.195,2.857,3.676,4.2,3.77,116.53,0.04,0.02,0.01,0.02,99695,1507,3,0.2,0.07,0.07,0.0,49,-127,-119,0,3.29,0.35,0.0314,0.0821,31.85,35.17,20.26
668.227,flow_only,65.2,52.1374355,21.160723,86.45,52.1374361,21.1607759,28,0.48,0.719,255,0.1677,0.0,0.1773,-0.1108,2.85,3.663,5.0,2.95,116.23,0.04,0.02,0.01,0.04,99695,1507,3,0.2,0.07,0.07,0.0,49,-94,-39,0,3.27,0.35,0.0257,0.0762,29.72,38.49,21.41
668.327,flow_only,65.3,52.1374354,21.1607237,86.43,52.1374358,21.1607779,28,0.51,0.659,255,0.0,0.0,0.0681,-0.2147,2.84,3.649,5.73,2.03,115.77,0.04,0.02,0.08,0.03,99695,1507,3,0.2,0.07,0.07,0.0,49,13,-22,0,3.23,0.32,0.0247,0.0918,30.57,37.81,22.21
668.427,flow_only,65.4,52.1374352,21.1607245,86.42,52.1374358,21.1607779,28,0.51,0.659,255,0.0,0.0,0.0812,-0.0689,2.828,3.631,6.04,1.47,115.32,0.04,0.02,0.06,0.0,99695,1507,3,0.2,0.07,0.07,0.0,49,113,-3,0,3.2,0.32,0.0264,0.0967,27.28,39.86,17.34
668.527,flow_only,65.5,52.1374351,21.1607253,86.4,52.1374355,21.1607797,28,0.51,0.585,255,0.0,0.1677,-0.1435,-0.0465,2.826,3.612,5.7,1.13,115.06,0.04,0.02,0.08,0.01,99695,1507,3,0.2,0.08,0.07,0.0,49,133,35,0,3.16,0.3,0.0284,0.1071,25.67,36.37,18.27
668.627,flow_only,65.6,52.137435,21.1607262,86.38,52.1374355,21.1607797,28,0.51,0.585,255,0.0,0.3354,-0.0696,-0.0573,2.814,3.594,5.1,0.93,115.07,0.04,0.02,0.06,0.0,99695,1507,3,0.2,0.08,0.07,0.0,49,-1,-13,0,3.14,0.25,0.0275,0.1035,33.33,41.0,17.04
668.727,flow_only,65.7,52.1374347,21.1607271,86.37,52.1374352,21.1607814,28,0.51,0.656,255,-0.1677,0.3353,-0.0672,0.0546,2.794,3.582,4.91,0.88,115.29,0.04,0.02,0.0,0.0,99695,1507,3,0.2,0.06,0.07,0.0,49,-106,2,0,3.14,0.26,0.0133,0.0693,33.15,33.97,19.87
668.827,flow_only,65.8,52.1374344,21.1607279,86.36,52.1374352,21.1607814,28,0.51,0.656,255,0.0,0.3353,-0.0785,0.1526,2.808,3.572,4.37,1.63,115.79,0.04,0.02,0.09,0.01,99695,1507,3,0.2,0.06,0.07,0.0,49,-12,-1,0,3.11,0.23,0.0174,0.0833,34.67,30.69,19.63
668.927,flow_only,65.9,52.1374338,21.1607289,86.34,52.1374346,21.1607832,28,0.51,0.708,255,0.0,0.1677,0.0118,0.0472,2.838,3.557,4.33,2.02,116.27,0.04,0.02,0.09,0.03,99695,1507,3,0.2,0.07,0.07,0.0,49,91,-19,0,3.08,0.2,0.0221,0.0957,32.78,34.53,18.97
669.027,flow_only,66.0,52.1374333,21.1607302,86.33,52.1374346,21.1607832,28,0.51,0.708,255,0.0,0.3353,-0.0225,0.1211,2.83,3.542,4.28,2.58,116.78,0.04,0.02,0.05,0.01,99695,1507,3,0.2,0.07,0.07,0.0,49,57,-47,0,3.07,0.2,0.0351,0.1048,29.84,34.54,19.7
669.127,flow_only,66.1,52.1374327,21.1607315,86.32,52.1374339,21.1607849,28,0.48,0.808,255,-0.1677,0.3353,-0.1781,0.1233,2.852,3.53,3.73,3.3,117.45,0.04,0.02,0.05,0.03,99695,1507,3,0.2,0.07,0.07,0.0,49,-69,231,0,3.06,0.16,0.0391,0.1066,31.67,31.48,16.07
669.227,flow_only,66.2,52.1374322,21.1607328,86.3,52.1374339,21.1607849,28,0.48,0.808,255,-0.3353,0.3353,-0.1642,0.0605,2.874,3.519,2.72,3.74,118.13,0.04,0.02,0.07,0.01,99695,1507,3,0.2,0.07,0.07,0.0,49,-67,283,0,3.05,0.13,0.0458,0.1189,25.57,34.26,15.07
669.327,flow_only,66.3,52.1374316,21.1607341,86.29,52.1374331,21.1607868,28,0.48,0.774,255,0.0,0.3353,0.0453,0.1387,2.894,3.509,2.66,4.24,118.61,0.04,0.02,0.04,0.03,99695,1507,3,0.2,0.08,0.07,0.0,49,58,-213,0,3.04,0.1,0.0162,0.0712,24.99,29.32,15.89
669.427,flow_only,66.4,52.1374312,21.1607351,86.28,52.1374331,21.1607868,28,0.48,0.774,255,0.0,0.3353,-0.056,-0.0321,2.888,3.498,2.67,4.51,118.79,0.04,0.02,0.05,0.02,99695,1507,3,0.2,0.08,0.07,0.0,49,35,14,0,3.03,0.1,0.0144,0.0648,27.09,28.84,16.1
669.527,flow_only,66.5,52.1374307,21.1607362,86.27,52.1374325,21.1607886,27,0.51,0.729,255,-0.1677,0.3354,-0.0999,0.0614,2.9,3.489,1.74,4.38,118.8,0.04,0.02,0.05,0.03,99695,1507,3,0.2,0.07,0.07,0.0,49,16,126,0,3.03,0.08,0.0155,0.063,27.49,26.66,14.95
669.627,flow_only,66.6,52.1374304,21.1607369,86.27,52.1374325,21.1607886,27,0.51,0.729,255,0.0,0.1677,0.0988,-0.0068,2.932,3.48,2.1,4.63,118.63,0.04,0.02,0.04,0.04,99695,1507,3,0.2,0.07,0.07,0.0,49,-150,-329,0,3.02,0.05,0.0381,0.0844,25.66,28.92,17.49
669.727,flow_only,66.7,52.1374301,21.1607377,86.26,52.1374319,21.1607903,28,0.51,0.655,255,0.0,0.0,0.0415,-0.2012,2.942,3.476,2.56,3.67,118.33,0.04,0.02,0.0,0.03,99695,1507,3,0.2,0.07,0.07,0.0,49,83,42,0,3.04,0.04,0.0116,0.035,26.34,30.22,18.23
669.827,flow_only,66.8,52.1374299,21.1607385,86.26,52.1374319,21.1607903,28,0.51,0.655,255,0.1677,0.1677,0.0526,-0.0321,2.942,3.476,2.71,3.2,118.05,0.04,0.02,0.02,0.02,99695,1507,3,0.2,0.07,0.07,0.0,49,1,-87,0,3.04,0.03,0.0198,0.0479,22.53,28.11,19.28
669.927,flow_only,66.9,52.1374297,21.1607393,86.26,52.1374314,21.160792,28,0.51,0.612,255,0.1677,0.1677,0.0755,-0.0553,2.95,3.476,3.13,3.0,117.84,0.04,0.02,0.04,0.03,99695,1507,3,0.2,0.07,0.07,0.0,49,-73,141,0,3.05,0.03,0.0119,0.0334,25.5,31.19,16.81
670.027,flow_only,67.0,52.1374295,21.16074,86.26,52.1374314,21.160792,28,0.51,0.612,255,0.0,0.0,0.0301,-0.1128,2.95,3.478,3.25,2.43,117.62,0.04,0.02,0.0,0.01,99695,1507,3,0.2,0.07,0.07,0.0,49,-19,-123,0,3.06,0.03,0.0204,0.0417,27.29,32.23,17.07
670.127,flow_only,67.1,52.1374293,21.1607406,86.27,52.1374311,21.1607936,28,0.51,0.517,255,0.1677,0.1677,0.0177,-0.0279,2.974,3.482,3.43,2.1,117.24,0.04,0.02,0.0,0.02,99695,1507,3,0.2,0.07,0.07,0.0,49,-40,-129,0,3.07,0.05,0.0307,0.0643,25.91,32.36,17.52
670.227,flow_only,67.2,52.1374292,21.1607413,86.27,52.1374311,21.1607936,28,0.51,0.517,255,0.0,0.0,-0.0694,-0.0762,3.008,3.488,3.2,1.89,116.85,0.04,0.02,0.01,0.01,99695,1507,3,0.2,0.07,0.07,0.0,49,13,-12,0,3.09,0.06,0.0254,0.057,27.8,31.14,19.25
670.327,flow_only,67.3,52.1374292,21.160742,86.28,52.1374307,21.1607951,28,0.48,0.593,255,0.0,0.0,0.0552,-0.0754,3.014,3.494,3.16,1.41,116.46,0.04,0.02,0.02,0.0,99695,1507,3,0.2,0.07,0.07,0.0,49,1,42,0,3.09,0.01,0.0234,0.0532,27.01,31.65,16.51
670.427,flow_only,67.4,52.137429,21.1607427,86.28,52.1374307,21.1607951,28,0.48,0.593,255,0.0,0.1677,0.1156,-0.0198,3.028,3.5,3.81,1.28,116.19,0.04,0.02,0.01,0.01,99695,1507,3,0.2,0.07,0.07,0.0,49,197,-31,0,3.11,0.01,0.0236,0.0539,29.52,29.79,18.75
670.527,flow_only,67.5,52.1374289,21.1607435,86.29,52.1374303,21.1607967,27,0.51,0.634,255,0.0,0.1677,-0.0384,-0.011,3.03,3.505,3.88,1.19,116.04,0.04,0.02,0.0,0.01,99695,1507,3,0.2,0.07,0.07,0.0,49,42,-10,0,3.12,0.01,0.0173,0.0408,29.73,32.96,16.07
670.627,flow_only,67.6,52.1374289,21.1607443,86.29,52.1374303,21.1607967,27,0.51,0.634,255,0.0,0.1677,-0.0223,-0.0243,3.02,3.507,3.59,1.05,116.02,0.04,0.02,0.02,0.01,99695,1507,3,0.2,0.07,0.07,0.0,49,35,-15,0,3.11,0.01,0.0213,0.0477,25.74,39.53,16.17
670.727,flow_only,67.7,52.1374287,21.1607452,86.29,52.13743,21.1607985,28,0.48,0.669,255,0.1677,0.1677,0.0358,-0.0513,3.028,3.505,3.86,0.77,116.02,0.04,0.02,0.0,0.02,99695,1507,3,0.19,0.06,0.07,0.0,49,-174,303,0,3.11,0.01,0.0117,0.0226,24.48,38.93,15.58
670.827,flow_only,67.8,52.1374283,21.1607462,86.29,52.13743,21.1607985,28,0.48,0.669,255,0.0,0.1677,-0.0056,0.0372,3.024,3.502,3.76,0.85,116.15,0.04,0.02,0.02,0.01,99695,1507,3,0.19,0.06,0.07,0.0,49,12,102,0,3.11,0.0,0.0176,0.0364,26.8,34.13,15.5
670.927,flow_only,67.9,52.1374279,21.1607472,86.28,52.1374296,21.1608004,28,0.51,0.699,255,0.0,0.3353,0.045,0.0121,3.016,3.496,3.82,0.96,116.12,0.04,0.02,0.02,0.03,99695,1507,3,0.19,0.07,0.07,0.0,49,26,53,0,3.1,0.0,0.0094,0.0203,27.74,31.62,15.48
671.027,flow_only,68.0,52.1374276,21.1607483,86.28,52.1374296,21.1608004,28,0.51,0.699,255,0.0,0.3353,-0.1149,0.19,3.01,3.491,3.62,1.68,116.2,0.04,0.02,0.01,0.01,99695,1507,3,0.19,0.07,0.07,0.0,49,-5,-168,0,3.1,0.0,0.0061,0.0148,29.7,31.61,16.24
671.127,flow_only,68.1,52.1374272,21.1607493,86.27,52.1374291,21.1608024,28,0.48,0.759,255,0.0,0.1677,-0.1257,0.1012,3.016,3.489,2.74,2.51,116.37,0.04,0.02,0.04,0.02,99695,1507,3,0.19,0.07,0.07,0.0,49,28,-108,0,3.11,0.03,0.0069,0.0232,29.49,28.69,19.8
671.227,flow_only,68.2,52.137427,21.1607503,86.28,52.1374291,21.1608024,28,0.48,0.759,255,0.0,0.1677,0.0171,0.0263,3.034,3.49,2.6,2.78,116.48,0.04,0.02,0.01,0.01,99695,1507,3,0.19,0.07,0.07,0.0,49,54,30,0,3.11,0.02,0.0191,0.0395,28.75,32.39,17.43
671.327,flow_only,68.3,52.1374268,21.1607512,86.28,52.1374287,21.1608045,28,0.48,0.758,255,0.0,0.1677,0.1057,-0.0572,3.06,3.493,2.83,2.58,116.44,0.04,0.02,0.03,0.0,99695,1507,3,0.19,0.06,0.07,0.0,49,-30,111,0,3.12,0.01,0.0095,0.0323,28.63,34.13,18.22
671.427,flow_only,68.4,52.1374265,21.1607522,86.28,52.1374287,21.1608045,28,0.48,0.758,255,0.0,0.0,0.0874,-0.0885,3.062,3.499,3.65,2.17,116.42,0.04,0.02,0.02,0.03,99695,1507,3,0.19,0.06,0.07,0.0,49,-156,-11,0,3.13,0.0,0.0223,0.0545,28.75,30.76,16.86
671.527,flow_only,68.5,52.1374262,21.1607531,86.29,52.1374283,21.1608066,28,0.48,0.745,255,0.0,0.1677,-0.0479,-0.0409,3.038,3.504,3.5,1.87,116.38,0.04,0.02,0.0,0.01,99695,1507,3,0.19,0.06,0.07,0.0,49,61,-42,0,3.13,0.0,0.0084,0.0292,28.59,29.47,17.48
671.627,flow_only,68.6,52.1374259,21.1607541,86.29,52.1374283,21.1608066,28,0.48,0.745,255,-0.1677,0.503,-0.0712,0.0591,3.022,3.501,3.11,1.97,116.32,0.04,0.02,0.05,0.01,99695,1507,3,0.19,0.06,0.07,0.0,49,58,93,0,3.11,-0.02,0.0046,0.008,31.32,30.45,16.26
671.727,flow_only,68.7,52.1374257,21.160755,86.28,52.1374279,21.1608087,28,0.48,0.719,255,0.0,0.3353,0.0273,0.0366,3.018,3.492,3.15,2.3,116.3,0.04,0.02,0.02,0.02,99695,1507,3,0.19,0.07,0.07,0.0,49,15,-3,0,3.1,0.0,0.0139,0.0267,28.84,33.21,17.2
671.827,flow_only,68.8,52.1374252,21.160756,86.27,52.1374279,21.1608087,28,0.48,0.719,255,0.0,0.0,0.0233,-0.0593,3.018,3.482,3.2,2.11,116.2,0.04,0.02,0.0,0.03,99695,1507,3,0.19,0.07,0.07,0.0,49,14,61,0,3.09,0.0,0.0173,0.0376,28.03,35.78,17.97
671.927,flow_only,68.9,52.1374248,21.1607571,86.26,52.1374275,21.1608108,28,0.48,0.755,255,0.0,0.3353,0.0767,0.07,3.012,3.474,3.62,2.31,116.17,0.04,0.02,0.0,0.02,99695,1507,3,0.19,0.06,0.07,0.0,49,-58,-120,0,3.08,0.0,0.0179,0.039,30.98,35.29,17.77
672.027,flow_only,69.0,52.1374244,21.1607582,86.25,52.1374275,21.1608108,28,0.48,0.755,255,0.0,0.3353,-0.0475,0.0319,3.02,3.468,3.59,2.52,116.03,0.04,0.02,0.0,0.03,99695,1507,3,0.19,0.06,0.07,0.0,49,-51,179,0,3.08,0.0,0.014,0.0324,30.23,35.5,18.0
672.127,flow_only,69.1,52.1374241,21.1607592,86.25,52.137427,21.1608129,28,0.48,0.798,255,0.0,0.1676,0.0059,0.0812,3.044,3.465,3.49,2.98,115.87,0.04,0.02,0.0,0.0,99695,1507,3,0.19,0.06,0.07,0.0,49,30,158,0,3.08,0.0,0.0116,0.0263,32.18,31.63,18.48
672.227,flow_only,69.2,52.1374238,21.1607604,86.25,52.137427,21.1608129,28,0.48,0.798,255,0.0,0.3352,-0.0463,0.0013,3.02,3.461,3.31,3.1,115.66,0.04,0.02,0.04,0.01,99695,1507,3,0.19,0.06,0.07,0.0,49,27,-154,0,3.06,0.0,0.0058,0.0097,30.38,31.96,17.11
672.327,flow_only,69.3,52.1374235,21.1607615,86.24,52.1374264,21.1608151,28,0.48,0.808,255,0.0,0.3353,-0.0249,0.0348,3.034,3.456,3.09,3.32,115.38,0.04,0.02,0.01,0.0,99695,1507,3,0.19,0.07,0.07,0.0,49,-110,-141,0,3.07,-0.01,0.0137,0.025,31.16,31.0,19.78
672.427,flow_only,69.4,52.1374232,21.1607625,86.24,52.1374264,21.1608151,28,0.48,0.808,255,0.0,0.1677,0.0124,0.0291,3.055,3.455,3.24,3.44,115.2,0.04,0.02,0.01,0.02,99695,1507,3,0.19,0.07,0.07,0.0,49,-49,65,0,3.07,-0.01,0.0085,0.022,30.45,33.33,19.76
672.527,flow_only,69.5,52.1374229,21.1607634,86.24,52.137426,21.1608173,28,0.48,0.755,255,0.0,0.1677,0.0091,-0.0392,3.05,3.455,3.29,3.48,115.22,0.04,0.02,0.0,0.0,99695,1507,3,0.19,0.06,0.07,0.0,49,147,44,0,3.07,-0.04,0.0073,0.0184,26.56,38.46,17.69
672.627,flow_only,69.6,52.1374227,21.1607645,86.24,52.137426,21.1608173,28,0.48,0.755,255,0.0,0.1677,0.0363,-0.0223,3.054,3.455,3.4,3.27,115.37,0.04,0.02,0.01,0.02,99695,1507,3,0.19,0.06,0.07,0.0,49,-10,-48,0,3.07,-0.05,0.0057,0.0139,25.64,35.02,17.61
672.727,flow_only,69.7,52.1374225,21.1607653,86.24,52.1374256,21.1608195,28,0.48,0.796,255,0.0,0.1677,0.1183,-0.0468,3.058,3.452,4.08,3.13,115.58,0.04,0.02,0.03,0.02,99695,1507,3,0.19,0.06,0.07,0.0,49,-109,-78,0,3.06,-0.06,0.0144,0.0256,27.98,30.88,17.57
672.827,flow_only,69.8,52.1374223,21.1607662,86.23,52.1374256,21.1608195,28,0.48,0.796,255,0.0,0.3352,-0.0448,-0.0828,3.056,3.445,4.1,2.62,115.85,0.04,0.02,0.02,0.01,99695,1507,3,0.19,0.06,0.07,0.0,49,108,153,0,3.05,-0.07,0.0036,0.009,26.42,33.38,16.72
672.927,flow_only,69.9,52.1374221,21.1607671,86.23,52.1374251,21.1608216,28,0.48,0.697,255,0.0,0.1677,-0.1051,-0.0435,3.058,3.44,3.64,2.32,116.11,0.04,0.02,0.0,0.02,99695,1507,3,0.19,0.06,0.07,0.0,49,74,-175,0,3.05,-0.07,0.0225,0.0465,27.22,33.03,16.82
673.027,flow_only,70.0,52.137422,21.1607677,86.22,52.1374251,21.1608216,28,0.48,0.697,255,0.0,0.1677,0.0371,-0.0498,3.056,3.437,3.54,1.99,116.11,0.04,0.02,0.0,0.03,99695,1507,3,0.19,0.06,0.07,0.0,49,54,7,0,3.05,-0.07,0.0247,0.0518,27.93,32.71,17.82
673.127,flow_only,70.1,52.1374218,21.1607685,86.22,52.1374247,21.1608235,28,0.48,0.648,255,0.3353,0.3353,0.0963,-0.043,3.052,3.434,3.98,1.69,116.11,0.04,0.02,0.0,0.02,99695,1507,3,0.19,0.06,0.07,0.0,49,-79,-27,0,3.06,-0.07,0.0094,0.0197,23.41,31.98,18.11
673.227,flow_only,70.2,52.1374216,21.1607694,86.21,52.1374247,21.1608235,28,0.48,0.648,255,0.0,0.1677,-0.0634,-0.0727,3.036,3.429,3.91,1.37,116.04,0.04,0.02,0.02,0.01,99695,1507,3,0.19,0.06,0.07,0.0,49,-61,151,0,3.05,-0.07,0.0109,0.0199,23.55,32.73,17.27
673.327,flow_only,70.3,52.1374213,21.1607704,86.21,52.1374243,21.1608255,28,0.48,0.718,255,0.0,0.1677,-0.0264,0.0257,3.02,3.426,3.76,1.1,115.94,0.04,0.02,0.01,0.01,99695,1507,3,0.19,0.06,0.07,0.0,49,1,177,0,3.05,-0.05,0.0235,0.0443,24.95,30.8,17.67
673.427,flow_only,70.4,52.137421,21.1607714,86.21,52.1374243,21.1608255,28,0.48,0.718,255,0.0,0.3352,-0.0164,0.0152,3.0,3.429,3.53,1.41,115.75,0.04,0.02,0.05,0.02,99695,1507,3,0.19,0.06,0.07,0.0,49,41,9,0,3.08,-0.02,0.0129,0.0371,24.05,27.75,17.23
673.527,flow_only,70.5,52.1374207,21.1607725,86.23,52.1374239,21.1608275,28,0.48,0.665,255,0.0,0.1676,-0.0225,-0.0182,3.0,3.441,3.38,1.5,115.11,0.04,0.02,0.06,0.01,99695,1507,3,0.19,0.06,0.07,0.0,49,14,66,0,3.1,0.03,0.0231,0.0609,23.1,27.86,15.54
673.627,flow_only,70.6,52.1374204,21.1607736,86.24,52.1374239,21.1608275,28,0.48,0.665,255,0.1676,0.3352,0.1034,-0.0601,3.0,3.458,3.88,1.21,114.18,0.04,0.02,0.03,0.01,99695,1507,3,0.19,0.06,0.07,0.0,49,-113,0,0,3.12,0.03,0.0284,0.0723,25.94,29.85,17.43
673.727,flow_only,70.7,52.1374199,21.1607747,86.26,52.1374234,21.1608294,28,0.48,0.723,255,0.0,0.503,0.0356,0.0824,3.006,3.476,4.04,1.52,113.1,0.04,0.02,0.04,0.01,99695,1507,3,0.19,0.07,0.07,0.0,49,-59,-55,0,3.14,0.06,0.021,0.0654,29.53,31.9,16.54
673.827,flow_only,70.8,52.1374194,21.1607759,86.28,52.1374234,21.1608294,28,0.48,0.723,255,0.1677,0.1677,0.0009,0.0665,3.024,3.494,4.14,2.08,112.06,0.04,0.02,0.01,0.01,99695,1507,3,0.19,0.07,0.07,0.0,49,-27,-187,0,3.14,0.06,0.0235,0.0639,28.22,30.8,15.72
673.927,flow_only,70.9,52.1374189,21.1607769,86.29,52.1374229,21.1608314,28,0.48,0.712,255,0.0,0.1677,-0.0983,0.0219,3.026,3.508,3.86,2.38,111.41,0.04,0.02,0.0,0.0,99695,1507,3,0.19,0.06,0.07,0.0,49,33,-141,0,3.15,0.05,0.0081,0.0342,24.9,29.57,15.87
674.027,flow_only,71.0,52.1374185,21.1607779,86.3,52.1374229,21.1608314,28,0.48,0.712,255,-0.3353,0.3353,-0.1513,0.0194,3.016,3.515,2.97,2.32,111.18,0.04,0.02,0.02,0.01,99695,1507,3,0.19,0.06,0.07,0.0,49,-146,277,0,3.14,0.04,0.0179,0.0422,26.12,26.96,14.57
674.127,flow_only,71.1,52.137418,21.1607789,86.3,52.1374223,21.1608334,28,0.48,0.781,255,-0.1677,0.3353,-0.1073,0.0386,3.014,3.516,2.35,2.54,111.45,0.04,0.02,0.0,0.01,99695,1507,3,0.19,0.06,0.07,0.0,49,6,30,0,3.14,0.05,0.0086,0.0222,24.05,30.27,13.66
674.227,flow_only,71.2,52.1374176,21.1607799,86.3,52.1374223,21.1608334,28,0.48,0.781,255,-0.1677,0.1677,-0.1366,-0.0275,3.012,3.515,1.73,2.41,112.08,0.04,0.02,0.01,0.02,99695,1507,3,0.19,0.06,0.07,0.0,49,174,-79,0,3.13,0.04,0.0147,0.0266,23.32,29.78,15.71
674.327,flow_only,71.3,52.1374173,21.1607808,86.29,52.1374217,21.1608355,28,0.48,0.767,255,-0.1677,0.1677,0.0047,0.0572,2.986,3.51,1.38,2.59,112.77,0.04,0.02,0.01,0.02,99695,1507,3,0.19,0.06,0.07,0.0,49,0,-119,0,3.12,0.03,0.007,0.0107,23.52,28.58,15.79
674.427,flow_only,71.4,52.1374169,21.1607816,86.29,52.1374217,21.1608355,28,0.48,0.767,255,0.0,0.1677,-0.0398,-0.0731,2.97,3.501,1.33,2.51,113.52,0.04,0.02,0.04,0.04,99695,1507,3,0.19,0.06,0.07,0.0,49,-84,-92,0,3.1,0.02,0.0264,0.0462,23.24,28.69,14.91
674.527,flow_only,71.5,52.1374165,21.1607823,86.27,52.1374211,21.1608376,28,0.48,0.772,255,-0.1677,0.3353,-0.0307,-0.0319,2.974,3.49,1.02,2.13,114.26,0.04,0.02,0.02,0.03,99695,1507,3,0.19,0.07,0.07,0.0,49,-58,5,0,3.08,0.03,0.0167,0.0338,25.5,28.25,15.13
674.627,flow_only,71.6,52.1374162,21.1607831,86.26,52.1374211,21.1608376,28,0.48,0.772,255,0.0,0.1677,0.0129,-0.0365,2.968,3.479,1.06,2.21,115.0,0.04,0.02,0.01,0.03,99695,1507,3,0.19,0.07,0.07,0.0,49,38,-113,0,3.07,0.02,0.0236,0.0488,24.89,30.71,14.01
674.727,flow_only,71.7,52.137416,21.160784,86.25,52.1374206,21.1608396,28,0.48,0.697,255,0.0,0.1677,-0.0334,-0.0519,2.942,3.47,0.83,1.75,115.64,0.04,0.02,0.01,0.03,99695,1507,3,0.19,0.07,0.07,0.0,49,85,13,0,3.06,0.01,0.0153,0.0312,27.33,32.26,16.69
674.827,flow_only,71.8,52.1374157,21.1607851,86.25,52.1374206,21.1608396,28,0.48,0.697,255,0.1677,0.503,0.123,0.0326,2.936,3.465,1.23,1.95,116.16,0.04,0.02,0.03,0.05,99695,1507,3,0.19,0.07,0.07,0.0,49,9,90,0,3.07,0.04,0.0172,0.0288,28.4,29.43,16.83
674.927,flow_only,71.9,52.1374154,21.160786,86.25,52.1374201,21.1608416,28,0.48,0.739,255,0.0,0.1677,0.0387,-0.0537,2.96,3.465,1.74,1.66,116.46,0.04,0.02,0.0,0.02,99695,1507,3,0.19,0.07,0.07,0.0,49,69,-81,0,3.07,0.05,0.0049,0.0112,27.19,30.74,14.84
675.027,flow_only,72.0,52.1374152,21.1607871,86.25,52.1374201,21.1608416,28,0.48,0.739,255,0.0,0.1677,0.0754,0.1361,2.966,3.469,1.91,2.12,116.58,0.04,0.02,0.01,0.02,99695,1507,3,0.19,0.07,0.07,0.0,49,-23,-99,0,3.07,0.04,0.0072,0.0148,26.52,29.26,16.59
675.127,flow_only,72.1,52.137415,21.1607882,86.26,52.1374196,21.1608436,28,0.48,0.741,255,0.1677,0.503,0.031,0.0131,2.958,3.479,2.27,2.41,116.59,0.04,0.02,0.04,0.03,99695,1507,3,0.19,0.07,0.07,0.0,49,63,-12,0,3.09,0.05,0.0194,0.0385,21.81,29.39,16.25
675.227,flow_only,72.2,52.1374148,21.1607893,86.27,52.1374196,21.1608436,28,0.48,0.741,255,0.1677,0.1677,0.0918,-0.0826,2.984,3.489,2.8,2.04,116.54,0.04,0.02,0.01,0.01,99695,1507,3,0.19,0.07,0.07,0.0,49,-96,147,0,3.09,0.05,0.0133,0.0262,22.0,28.84,15.38
675.327,flow_only,72.3,52.1374145,21.1607903,86.28,52.1374193,21.1608457,28,0.48,0.742,255,0.1677,0.1677,-0.0573,0.092,2.956,3.495,2.8,2.31,116.41,0.04,0.02,0.0,0.01,99695,1507,3,0.19,0.07,0.07,0.0,49,-37,-100,0,3.09,0.04,0.0136,0.0247,20.34,28.43,15.76
675.427,flow_only,72.4,52.1374144,21.1607912,86.28,52.1374193,21.1608457,28,0.48,0.742,255,-0.1677,0.1677,-0.105,-0.1201,2.96,3.498,2.06,2.0,116.33,0.04,0.02,0.01,0.02,99695,1507,3,0.19,0.07,0.07,0.0,49,118,-32,0,3.09,0.04,0.0179,0.0361,23.51,22.68,14.26
675.527,flow_only,72.5,52.1374143,21.1607921,86.28,52.137419,21.1608478,28,0.48,0.678,255,0.1676,0.1676,0.0904,-0.0779,2.964,3.498,2.21,1.41,116.19,0.04,0.02,0.0,0.03,99695,1507,3,0.19,0.07,0.07,0.0,49,-58,64,0,3.09,0.05,0.0044,0.0089,20.83,26.91,14.58
675.627,flow_only,72.6,52.137414,21.160793,86.28,52.137419,21.1608478,28,0.48,0.678,255,0.0,0.1677,0.0998,-0.0129,2.976,3.496,2.88,1.15,116.08,0.04,0.02,0.03,0.01,99695,1507,3,0.19,0.07,0.07,0.0,49,-157,2,0,3.08,0.05,0.0258,0.0487,24.03,30.47,15.8
675.727,flow_only,72.7,52.1374138,21.1607938,86.27,52.1374188,21.1608497,28,0.48,0.668,255,0.0,0.0,0.0229,-0.0707,2.984,3.49,3.24,1.02,115.82,0.04,0.02,0.03,0.0,99695,1507,3,0.19,0.07,0.07,0.0,49,202,-41,0,3.07,0.01,0.0182,0.0378,22.89,31.12,17.08
675.827,flow_only,72.8,52.1374137,21.1607947,86.27,52.1374188,21.1608497,28,0.48,0.668,255,0.0,0.3353,-0.1259,0.0796,2.996,3.483,2.71,1.1,115.68,0.04,0.02,0.02,0.03,99695,1507,3,0.19,0.07,0.07,0.0,49,136,26,0,3.06,0.0,0.0155,0.0385,24.94,29.44,16.32
675.927,flow_only,72.9,52.1374138,21.1607956,86.26,52.1374185,21.1608517,28,0.48,0.717,255,0.0,0.1677,0.1582,-0.0969,3.002,3.48,2.89,1.03,115.48,0.04,0.02,0.0,0.01,99695,1507,3,0.19,0.07,0.07,0.0,49,42,-129,0,3.06,-0.01,0.0256,0.0547,25.68,29.68,16.99
676.027,flow_only,73.0,52.1374138,21.1607964,86.27,52.1374185,21.1608517,28,0.48,0.717,255,0.3354,0.1677,0.1282,-0.0322,3.006,3.485,3.74,0.64,115.28,0.04,0.02,0.07,0.04,99695,1507,3,0.19,0.07,0.07,0.0,49,107,74,0,3.1,-0.01,0.0138,0.0348,26.23,31.88,19.61
676.127,flow_only,73.1,52.1374137,21.1607973,86.29,52.1374183,21.1608537,28,0.48,0.703,255,0.1677,0.1677,0.1271,-0.0951,3.014,3.5,4.48,0.3,115.18,0.04,0.02,0.06,0.01,99695,1507,3,0.19,0.07,0.07,0.0,49,-5,-24,0,3.13,0.04,0.0108,0.0405,25.91,35.85,19.94
676.227,flow_only,73.2,52.1374136,21.1607982,86.3,52.1374183,21.1608537,28,0.48,0.703,255,0.1677,0.1677,-0.0554,-0.091,3.01,3.519,4.58,-0.28,115.11,0.04,0.02,0.03,0.0,99695,1507,3,0.19,0.07,0.07,0.0,49,62,-97,0,3.14,0.06,0.0116,0.0422,25.19,32.72,19.36
676.327,flow_only,73.3,52.1374136,21.160799,86.32,52.1374181,21.1608556,28,0.48,0.62,255,0.0,0.1677,0.0781,-0.0645,3.004,3.538,4.64,-0.79,114.97,0.04,0.02,0.04,0.0,99695,1507,3,0.19,0.07,0.07,0.0,49,9,-95,0,3.17,0.06,0.0189,0.0548,25.87,30.19,17.32
676.427,flow_only,73.4,52.1374134,21.1607997,86.34,52.1374181,21.1608556,28,0.48,0.62,255,0.1677,0.3353,0.0498,0.0015,3.004,3.557,5.02,-0.67,114.84,0.04,0.02,0.03,0.01,99695,1507,3,0.19,0.07,0.07,0.0,49,-82,-84,0,3.19,0.1,0.0202,0.0537,26.88,32.35,16.68
676.527,flow_only,73.5,52.1374132,21.1608007,86.36,52.1374179,21.1608575,28,0.48,0.746,255,0.0,0.1677,-0.112,-0.0595,2.99,3.573,4.8,-1.03,114.7,0.04,0.02,0.02,0.02,99695,1507,3,0.19,0.06,0.07,0.0,49,145,184,0,3.2,0.12,0.0193,0.0454,24.39,33.75,17.19
676.627,flow_only,73.6,52.1374131,21.1608018,86.37,52.1374179,21.1608575,28,0.48,0.746,255,0.0,0.5029,0.0055,0.0517,2.992,3.588,4.51,-0.9,114.52,0.04,0.02,0.04,0.0,99695,1507,3,0.19,0.06,0.07,0.0,49,32,-244,0,3.22,0.12,0.0184,0.0529,26.13,31.37,16.81
676.727,flow_only,73.7,52.1374129,21.1608027,86.39,52.1374176,21.1608597,28,0.48,0.804,255,0.0,0.3353,0.0867,0.1014,3.002,3.601,4.92,-0.57,114.17,0.04,0.02,0.0,0.01,99695,1507,3,0.19,0.06,0.07,0.0,49,-102,81,0,3.21,0.15,0.007,0.029,25.67,33.04,17.11
676.827,flow_only,73.8,52.1374127,21.1608038,86.39,52.1374176,21.1608597,28,0.48,0.804,255,0.1676,0.3353,0.079,0.0494,3.002,3.61,5.18,0.11,113.75,0.04,0.02,0.01,0.02,99695,1507,3,0.19,0.06,0.07,0.0,49,-46,-40,0,3.22,0.15,0.0065,0.024,22.64,32.94,17.01
676.927,flow_only,73.9,52.1374125,21.1608048,86.4,52.1374171,21.160862,28,0.48,0.856,255,0.0,0.503,0.0421,-0.0829,2.968,3.616,5.4,-0.15,113.38,0.04,0.02,0.0,0.01,99695,1507,3,0.19,0.06,0.07,0.0,49,-79,-95,0,3.21,0.14,0.0065,0.0169,21.43,32.1,16.99
677.027,flow_only,74.0,52.1374121,21.1608057,86.41,52.1374171,21.160862,28,0.48,0.856,255,0.0,0.3353,0.0198,0.0979,2.97,3.622,5.67,0.08,113.11,0.04,0.02,0.02,0.01,99695,1507,3,0.19,0.06,0.07,0.0,49,-38,-22,0,3.22,0.17,0.0101,0.0243,29.08,31.55,17.71
677.127,flow_only,74.1,52.1374117,21.1608068,86.41,52.1374166,21.1608642,28,0.48,0.801,255,-0.1677,0.3353,-0.0814,0.0481,2.95,3.629,5.36,0.38,112.85,0.04,0.02,0.0,0.0,99695,1507,3,0.19,0.07,0.07,0.0,49,67,29,0,3.21,0.17,0.0152,0.0312,27.57,32.94,18.11
677.227,flow_only,74.2,52.1374114,21.1608077,86.42,52.1374166,21.1608642,28,0.48,0.801,255,0.0,0.1677,-0.1125,-0.0162,2.964,3.638,4.84,0.48,112.57,0.04,0.02,0.04,0.01,99695,1507,3,0.19,0.07,0.07,0.0,49,84,-117,0,3.23,0.2,0.0109,0.0287,27.92,33.41,17.87
677.327,flow_only,74.3,52.137411,21.1608088,86.44,52.1374159,21.1608663,28,0.48,0.806,255,-0.1677,0.1677,-0.0432,-0.0428,2.952,3.654,4.35,0.32,112.38,0.04,0.02,0.06,0.0,99695,1507,3,0.19,0.07,0.07,0.0,49,-26,278,0,3.24,0.22,0.0247,0.054,28.0,35.25,17.96
677.427,flow_only,74.4,52.1374106,21.1608099,86.46,52.1374159,21.1608663,28,0.48,0.806,255,-0.1677,0.3354,-0.1433,0.0324,2.962,3.672,3.9,0.36,112.39,0.04,0.02,0.02,0.01,99695,1507,3,0.19,0.07,0.07,0.0,49,76,-68,0,3.25,0.23,0.017,0.0395,28.46,30.88,17.08
677.527,flow_only,74.5,52.1374103,21.160811,86.47,52.1374152,21.1608684,28,0.48,0.82,255,-0.3353,0.3353,-0.0659,-0.0154,2.962,3.689,3.36,0.21,112.44,0.04,0.02,0.02,0.0,99695,1507,3,0.19,0.06,0.07,0.0,49,-1,-218,0,3.26,0.23,0.012,0.0319,27.04,30.07,17.11
677.627,flow_only,74.6,52.1374099,21.160812,86.49,52.1374152,21.1608684,28,0.48,0.82,255,0.1677,0.3353,0.2269,0.1329,2.954,3.704,4.41,0.77,112.38,0.04,0.02,0.02,0.0,99695,1507,3,0.19,0.06,0.07,0.0,49,-183,-178,0,3.27,0.23,0.0272,0.0504,26.72,28.26,16.23
677.727,flow_only,74.7,52.1374095,21.1608128,86.5,52.1374146,21.1608706,28,0.48,0.823,255,0.0,0.1677,-0.1492,-0.069,2.948,3.716,4.45,0.78,112.41,0.04,0.02,0.03,0.02,99695,1507,3,0.19,0.06,0.07,0.0,49,0,-77,0,3.28,0.25,0.0252,0.0454,27.11,32.94,18.02
677.827,flow_only,74.8,52.1374091,21.1608137,86.51,52.1374146,21.1608706,28,0.48,0.823,255,0.0,0.503,-0.0325,0.0191,2.928,3.724,3.94,0.53,112.68,0.04,0.02,0.0,0.05,99695,1507,3,0.19,0.06,0.07,0.0,49,-215,136,0,3.27,0.25,0.0225,0.0443,27.87,35.7,18.91
677.927,flow_only,74.9,52.1374087,21.1608148,86.51,52.1374138,21.1608729,28,0.48,0.908,255,-0.1677,0.3353,-0.0513,-0.1008,2.92,3.727,3.49,0.35,113.09,0.04,0.02,0.04,0.03,99695,1507,3,0.19,0.06,0.07,0.0,49,86,-130,0,3.24,0.24,0.0061,0.0181,29.77,30.83,20.58
678.027,flow_only,75.0,52.1374082,21.1608159,86.51,52.1374138,21.1608729,28,0.48,0.908,255,0.0,0.1677,0.071,0.0595,2.914,3.728,3.49,0.11,113.56,0.04,0.02,0.02,0.01,99695,1507,3,0.19,0.06,0.07,0.0,49,-82,193,0,3.25,0.25,0.0272,0.0546,29.63,33.62,20.95
678.127,flow_only,75.1,52.1374077,21.160817,86.52,52.1374132,21.1608752,28,0.48,0.878,255,0.0,0.3353,0.0142,0.1073,2.91,3.734,3.77,0.76,114.14,0.04,0.02,0.02,0.0,99695,1507,3,0.19,0.06,0.07,0.0,49,-17,-28,0,3.25,0.26,0.0139,0.03,30.76,31.36,20.01
678.227,flow_only,75.2,52.1374073,21.160818,86.53,52.1374132,21.1608752,28,0.48,0.878,255,0.0,0.3352,-0.0037,0.1065,2.9,3.741,3.61,1.38,114.52,0.04,0.02,0.0,0.02,99695,1507,3,0.19,0.06,0.07,0.0,49,63,-18,0,3.25,0.26,0.0081,0.0142,25.65,33.0,18.59
678.327,flow_only,75.3,52.1374069,21.160819,86.53,52.1374124,21.1608775,28,0.48,0.85,255,-0.1677,0.1677,-0.1089,0.0254,2.888,3.748,3.21,1.68,114.77,0.04,0.02,0.01,0.02,99695,1507,3,0.19,0.06,0.07,0.0,49,49,-193,0,3.24,0.26,0.0034,0.0128,23.61,35.12,18.25
678.427,flow_only,75.4,52.1374064,21.1608202,86.54,52.1374124,21.1608775,28,0.48,0.85,255,-0.1677,0.5031,-0.0124,-0.0183,2.88,3.757,3.0,1.68,114.9,0.04,0.02,0.04,0.03,99695,1507,3,0.19,0.06,0.07,0.0,49,-90,-111,0,3.25,0.29,0.0191,0.0405,24.1,33.85,18.18
678.527,flow_only,75.5,52.137406,21.1608213,86.55,52.1374117,21.1608797,28,0.48,0.839,255,0.0,0.3352,-0.0853,0.0561,2.892,3.768,2.83,1.86,114.96,0.04,0.02,0.01,0.0,99695,1507,3,0.19,0.06,0.07,0.0,49,0,220,0,3.26,0.3,0.0238,0.0486,23.21,31.36,19.52
678.627,flow_only,75.6,52.1374056,21.1608225,86.56,52.1374117,21.1608797,28,0.48,0.839,255,-0.1676,0.3352,-0.011,0.0186,2.894,3.777,2.31,1.97,114.76,0.04,0.02,0.02,0.01,99695,1507,3,0.19,0.06,0.07,0.0,49,138,69,0,3.24,0.28,0.0279,0.051,24.0,29.0,17.96
678.727,flow_only,75.7,52.1374052,21.1608238,86.57,52.1374111,21.160882,28,0.48,0.818,255,0.1676,0.1676,0.1385,0.0515,2.876,3.784,3.11,2.35,114.6,0.04,0.02,0.0,0.03,99695,1507,3,0.19,0.06,0.07,0.0,49,-143,-19,0,3.25,0.28,0.0233,0.0507,24.74,29.73,19.09
678.827,flow_only,75.8,52.1374047,21.1608249,86.58,52.1374111,21.160882,28,0.48,0.818,255,0.0,0.0,-0.0516,-0.0243,2.882,3.792,3.23,2.21,114.36,0.04,0.02,0.01,0.03,99695,1507,3,0.19,0.06,0.07,0.0,49,-25,-50,0,3.26,0.3,0.0263,0.0571,24.59,34.94,18.16
678.927,flow_only,75.9,52.1374043,21.1608261,86.58,52.1374106,21.1608841,27,0.5,0.752,255,0.0,0.503,0.0051,0.097,2.868,3.797,3.05,2.55,114.14,0.04,0.02,0.04,0.01,99695,1507,3,0.19,0.06,0.07,0.0,49,32,-160,0,3.24,0.29,0.0102,0.0325,26.64,33.07,18.47
679.027,flow_only,76.0,52.137404,21.1608272,86.58,52.1374106,21.1608841,27,0.5,0.752,255,0.1676,0.1676,0.0633,-0.1428,2.892,3.799,3.39,2.42,113.92,0.04,0.02,0.02,0.0,99695,1507,3,0.19,0.06,0.07,0.0,49,-30,7,0,3.23,0.29,0.0079,0.0329,26.82,29.85,17.62
679.127,flow_only,76.1,52.1374035,21.1608283,86.59,52.1374101,21.1608861,28,0.48,0.716,255,0.0,0.1677,0.0971,-0.0404,2.898,3.802,3.82,1.85,113.77,0.04,0.02,0.0,0.01,99695,1507,3,0.19,0.06,0.07,0.0,49,-65,-83,0,3.23,0.27,0.0177,0.0449,25.23,33.38,18.99
679.227,flow_only,76.2,52.1374031,21.1608292,86.59,52.1374101,21.1608861,28,0.48,0.716,255,0.0,0.3353,-0.1015,0.1172,2.884,3.803,4.14,2.12,113.72,0.04,0.02,0.0,0.02,99695,1507,3,0.19,0.06,0.07,0.0,49,-152,-55,0,3.23,0.27,0.0211,0.0418,25.54,30.62,16.99
679.327,flow_only,76.3,52.1374029,21.1608301,86.58,52.1374097,21.1608882,28,0.48,0.753,255,-0.1677,0.3353,-0.1615,0.1292,2.89,3.798,2.89,3.05,113.4,0.04,0.02,0.06,0.01,99695,1507,3,0.19,0.06,0.07,0.0,49,287,100,0,3.21,0.27,0.0197,0.0532,24.69,28.96,15.64
679.427,flow_only,76.4,52.1374026,21.160831,86.58,52.1374097,21.1608882,28,0.48,0.753,255,0.0,0.1677,0.014,-0.1567,2.9,3.79,2.87,2.64,113.06,0.04,0.02,0.04,0.03,99695,1507,3,0.19,0.06,0.07,0.0,49,-166,142,0,3.19,0.23,0.0132,0.0479,23.78,26.18,16.69
679.527,flow_only,76.5,52.1374024,21.1608319,86.57,52.1374093,21.16089,28,0.48,0.61,255,-0.1677,0.0,-0.0824,-0.0608,2.89,3.781,2.48,2.1,112.94,0.04,0.02,0.05,0.02,99695,1507,3,0.19,0.06,0.07,0.0,49,237,74,0,3.17,0.2,0.026,0.0682,25.21,31.44,19.04
679.627,flow_only,76.6,52.1374024,21.1608329,86.56,52.1374093,21.16089,28,0.48,0.61,255,0.0,0.3353,0.0265,0.0175,2.89,3.772,2.42,2.01,113.0,0.04,0.02,0.01,0.03,99695,1507,3,0.19,0.06,0.07,0.0,49,12,-184,0,3.16,0.19,0.0271,0.0683,27.81,33.1,20.0
679.727,flow_only,76.7,52.1374023,21.1608338,86.55,52.1374091,21.1608917,28,0.48,0.575,255,0.1677,0.0,0.1395,-0.0994,2.872,3.765,2.98,1.89,113.1,0.04,0.02,0.05,0.02,99695,1507,3,0.19,0.06,0.07,0.0,49,58,-39,0,3.14,0.19,0.0206,0.0616,29.6,32.15,20.08
679.827,flow_only,76.8,52.1374022,21.1608347,86.55,52.1374091,21.1608917,28,0.48,0.575,255,0.1677,0.0,0.2694,-0.097,2.876,3.761,4.29,1.21,113.09,0.04,0.02,0.01,0.03,99695,1507,3,0.19,0.06,0.07,0.0,49,63,108,0,3.16,0.2,0.0179,0.0438,29.0,33.83,21.11
679.927,flow_only,76.9,52.1374022,21.1608355,86.55,52.1374089,21.1608933,28,0.48,0.59,255,0.0,0.0,-0.0434,-0.166,2.862,3.76,4.81,0.53,113.1,0.04,0.02,0.01,0.0,99695,1507,3,0.19,0.07,0.07,0.0,49,230,86,0,3.16,0.21,0.0228,0.0518,29.02,33.16,19.67
680.027,flow_only,77.0,52.1374021,21.1608365,86.54,52.1374089,21.1608933,28,0.48,0.59,255,0.0,0.1677,-0.0116,0.0594,2.886,3.756,4.58,0.28,113.24,0.04,0.02,0.06,0.02,99695,1507,3,0.19,0.07,0.07,0.0,49,30,-26,0,3.14,0.21,0.0188,0.0548,26.38,33.85,17.27
680.127,flow_only,77.1,52.137402,21.1608373,86.54,52.1374086,21.160895,28,0.48,0.628,255,0.1676,0.3353,0.0575,0.0172,2.892,3.751,4.89,0.69,113.53,0.04,0.02,0.02,0.0,99695,1507,3,0.19,0.07,0.07,0.0,49,-38,52,0,3.13,0.17,0.0122,0.0405,27.72,28.91,18.22
680.227,flow_only,77.2,52.1374018,21.1608383,86.53,52.1374086,21.160895,28,0.48,0.628,255,0.0,0.503,-0.0771,0.1014,2.876,3.75,4.7,0.99,113.95,0.04,0.02,0.01,0.03,99695,1507,3,0.19,0.07,0.07,0.0,49,-37,295,0,3.13,0.17,0.0189,0.0443,29.04,33.35,20.05
680.327,flow_only,77.3,52.1374016,21.1608394,86.54,52.1374083,21.1608969,28,0.48,0.7,255,0.0,0.1677,0.0558,0.067,2.878,3.751,4.79,1.35,114.36,0.04,0.02,0.03,0.0,99695,1507,3,0.19,0.07,0.07,0.0,49,24,17,0,3.12,0.17,0.0162,0.0412,27.33,32.3,20.2
680.427,flow_only,77.4,52.1374013,21.1608406,86.54,52.1374083,21.1608969,28,0.48,0.7,255,0.0,0.0,-0.0158,-0.0494,2.896,3.752,4.85,1.26,114.62,0.04,0.02,0.01,0.01,99695,1507,3,0.19,0.07,0.07,0.0,49,-56,-94,0,3.12,0.17,0.0165,0.0404,27.06,30.8,18.87
680.527,flow_only,77.5,52.137401,21.1608416,86.54,52.1374079,21.1608988,28,0.48,0.658,255,0.0,0.3353,0.0026,0.0868,2.912,3.757,4.88,1.46,114.81,0.04,0.02,0.0,0.0,99695,1507,3,0.19,0.07,0.07,0.0,49,2,-66,0,3.13,0.17,0.0058,0.0166,27.07,29.8,18.57
680.627,flow_only,77.6,52.1374007,21.1608426,86.55,52.1374079,21.1608988,28,0.48,0.658,255,-0.1677,0.1677,-0.0695,-0.0107,2.928,3.769,4.56,1.68,115.03,0.04,0.02,0.04,0.02,99695,1507,3,0.19,0.07,0.07,0.0,49,52,209,0,3.16,0.19,0.014,0.0263,31.52,30.93,19.05
680.727,flow_only,77.7,52.1374004,21.1608436,86.58,52.1374075,21.1609007,28,0.48,0.718,255,0.0,0.3354,-0.0222,0.0418,2.936,3.791,4.36,1.61,115.22,0.04,0.02,0.07,0.01,99695,1507,3,0.19,0.07,0.07,0.0,49,-119,-38,0,3.2,0.21,0.0113,0.0381,31.32,31.94,19.07
680.827,flow_only,77.8,52.1374001,21.1608445,86.61,52.1374075,21.1609007,28,0.48,0.718,255,-0.1676,0.1676,-0.0028,0.07,2.95,3.823,4.39,1.95,115.46,0.04,0.02,0.1,0.03,99695,1507,3,0.19,0.07,0.07,0.0,49,-4,-118,0,3.26,0.25,0.0154,0.0653,32.54,34.14,18.19
680.927,flow_only,77.9,52.1373998,21.1608455,86.64,52.137407,21.1609026,28,0.48,0.689,255,0.0,0.0,-0.0409,-0.0156,2.968,3.859,4.14,2.02,115.62,0.04,0.02,0.05,0.02,99695,1507,3,0.19,0.07,0.07,0.0,49,58,-69,0,3.29,0.27,0.0133,0.0641,28.69,36.62,18.23
681.027,flow_only,78.0,52.1373994,21.1608465,86.68,52.137407,21.1609026,28,0.48,0.689,255,0.0,0.1677,0.0987,-0.0105,2.972,3.896,4.53,1.82,115.69,0.04,0.02,0.08,0.01,99695,1507,3,0.19,0.07,0.07,0.0,49,-51,-17,0,3.33,0.29,0.0233,0.0831,26.97,36.57,18.39
681.127,flow_only,78.1,52.137399,21.1608474,86.71,52.1374065,21.1609046,28,0.48,0.765,255,0.0,0.5032,-0.0945,0.0842,2.984,3.928,4.58,2.11,115.62,0.04,0.02,0.04,0.02,99695,1507,3,0.19,0.07,0.07,0.0,49,-83,-65,0,3.35,0.31,0.0208,0.0733,26.8,32.82,17.9
681.227,flow_only,78.2,52.1373986,21.1608485,86.73,52.1374065,21.1609046,28,0.48,0.765,255,0.0,0.1677,-0.112,-0.013,2.954,3.949,3.8,2.2,115.35,0.04,0.02,0.02,0.0,99695,1507,3,0.19,0.07,0.07,0.0,49,149,46,0,3.34,0.3,0.0089,0.0371,26.81,30.1,16.45
681.327,flow_only,78.3,52.1373982,21.1608495,86.75,52.137406,21.1609065,28,0.48,0.614,255,0.0,0.1677,0.0961,0.064,2.962,3.96,4.04,2.58,115.0,0.04,0.02,0.0,0.03,99695,1507,3,0.19,0.07,0.07,0.0,49,28,-92,0,3.33,0.31,0.0045,0.0207,27.46,28.99,16.91
681.427,flow_only,78.4,52.1373979,21.1608505,86.75,52.137406,21.1609065,28,0.48,0.614,255,0.0,0.3353,0.0345,0.0592,2.954,3.967,4.55,2.75,114.45,0.04,0.02,0.01,0.02,99695,1507,3,0.19,0.07,0.07,0.0,49,220,112,0,3.33,0.31,0.0112,0.0244,29.23,29.07,18.85
681.527,flow_only,78.5,52.1373977,21.1608515,86.76,52.1374055,21.1609082,28,0.48,0.66,255,0.0,0.1677,0.0242,0.0709,2.942,3.971,4.65,3.45,113.95,0.04,0.02,0.01,0.01,99695,1507,3,0.19,0.07,0.07,0.0,49,141,130,0,3.32,0.31,0.0147,0.0255,31.18,30.74,18.63
681.627,flow_only,78.6,52.1373974,21.1608525,86.76,52.1374055,21.1609082,28,0.48,0.66,255,0.0,0.0,0.0486,-0.1025,2.936,3.971,4.76,3.08,113.67,0.04,0.02,0.01,0.06,99695,1507,3,0.19,0.07,0.07,0.0,49,17,9,0,3.31,0.3,0.0111,0.0259,30.36,34.78,19.1
681.727,flow_only,78.7,52.1373972,21.1608534,86.75,52.137405,21.1609099,28,0.48,0.609,255,0.0,0.3353,-0.0723,-0.0324,2.926,3.966,4.53,2.66,113.79,0.04,0.02,0.04,0.02,99695,1507,3,0.19,0.08,0.07,0.0,49,229,-120,0,3.28,0.28,0.0249,0.0561,29.09,36.14,19.06
681.827,flow_only,78.8,52.1373971,21.1608544,86.74,52.137405,21.1609099,28,0.48,0.609,255,0.0,0.0,-0.0077,0.0068,2.922,3.956,4.3,2.47,114.27,0.04,0.02,0.06,0.02,99695,1507,3,0.19,0.08,0.07,0.0,49,69,-7,0,3.24,0.25,0.0267,0.0649,31.54,36.32,18.43
681.927,flow_only,78.9,52.137397,21.1608554,86.73,52.1374045,21.1609114,28,0.48,0.585,255,0.0,0.1676,-0.0244,0.0268,2.914,3.943,4.14,2.6,114.96,0.04,0.02,0.03,0.0,99695,1507,3,0.19,0.07,0.07,0.0,49,53,253,0,3.22,0.23,0.0241,0.0605,30.63,34.79,20.79
682.027,flow_only,79.0,52.1373968,21.1608565,86.71,52.1374045,21.1609114,28,0.48,0.585,255,0.1677,0.3353,0.0064,0.0034,2.89,3.93,4.27,2.61,115.69,0.04,0.02,0.06,0.04,99695,1507,3,0.19,0.07,0.07,0.0,49,-13,96,0,3.19,0.2,0.0169,0.0581,28.97,36.5,19.14
682.127,flow_only,79.1,52.1373966,21.1608575,86.7,52.137404,21.1609129,28,0.48,0.582,255,0.0,0.1677,0.0498,-0.0317,2.908,3.916,4.6,2.36,116.42,0.04,0.02,0.02,0.02,99695,1507,3,0.19,0.07,0.07,0.0,49,-2,-45,0,3.18,0.22,0.0113,0.0489,31.04,36.35,19.3
682.227,flow_only,79.2,52.1373964,21.1608583,86.69,52.137404,21.1609129,28,0.48,0.582,255,0.0,0.1677,0.0398,-0.0201,2.934,3.908,4.93,2.35,117.18,0.04,0.02,0.0,0.0,99695,1507,3,0.19,0.07,0.07,0.0,49,-30,-49,0,3.18,0.22,0.0169,0.0445,29.56,36.24,20.98
682.327,flow_only,79.3,52.1373962,21.160859,86.69,52.1374036,21.1609145,28,0.48,0.563,255,0.0,0.0,0.0116,-0.0925,2.938,3.906,5.06,1.85,117.73,0.04,0.02,0.0,0.01,99695,1507,3,0.19,0.07,0.07,0.0,49,8,193,0,3.18,0.18,0.0078,0.0221,30.05,37.33,21.02
682.427,flow_only,79.4,52.1373959,21.1608597,86.7,52.1374036,21.1609145,28,0.48,0.563,255,0.0,0.0,0.0156,-0.0008,2.93,3.911,5.13,1.64,118.18,0.04,0.02,0.02,0.0,99695,1507,3,0.19,0.07,0.07,0.0,49,0,-139,0,3.2,0.19,0.0213,0.0416,27.66,34.97,19.43
682.527,flow_only,79.5,52.1373957,21.1608604,86.71,52.1374031,21.1609161,28,0.48,0.614,255,0.0,0.3353,-0.0342,-0.018,2.932,3.923,5.06,1.66,118.36,0.04,0.02,0.04,0.01,99695,1507,3,0.19,0.07,0.07,0.0,49,28,-49,0,3.22,0.22,0.0213,0.0455,27.38,37.44,18.47
682.627,flow_only,79.6,52.1373954,21.160861,86.73,52.1374031,21.1609161,28,0.48,0.614,255,-0.1677,0.1677,0.0007,-0.0593,2.934,3.943,4.87,1.31,118.26,0.04,0.02,0.06,0.01,99695,1507,3,0.19,0.07,0.07,0.0,49,-86,33,0,3.25,0.25,0.0176,0.0465,28.28,33.12,19.65
682.727,flow_only,79.7,52.1373951,21.1608616,86.75,52.1374025,21.1609175,29,0.47,0.592,255,0.0,0.1677,-0.017,-0.0478,2.936,3.965,4.93,1.09,117.96,0.04,0.02,0.03,0.01,99695,1507,3,0.19,0.07,0.07,0.0,49,-170,173,0,3.27,0.27,0.023,0.0564,24.39,33.12,19.04
682.827,flow_only,79.8,52.1373947,21.1608624,86.77,52.1374025,21.1609175,29,0.47,0.592,255,0.0,0.1677,-0.1317,-0.0499,2.924,3.985,4.39,0.86,117.51,0.04,0.02,0.0,0.01,99695,1507,3,0.19,0.07,0.07,0.0,49,-77,9,0,3.28,0.28,0.0198,0.046,25.91,31.97,17.09
682.927,flow_only,79.9,52.1373943,21.1608631,86.79,52.1374018,21.160919,29,0.47,0.611,255,0.0,0.1677,-0.172,0.0075,2.904,4.005,3.46,0.82,116.98,0.04,0.02,0.04,0.01,99695,1507,3,0.19,0.07,0.07,0.0,49,-161,-33,0,3.3,0.3,0.0171,0.0457,28.68,29.74,17.77
683.027,flow_only,80.0,52.1373938,21.1608639,86.81,52.1374018,21.160919,29,0.47,0.611,255,0.0,0.1677,-0.0737,0.0688,2.906,4.029,2.89,1.23,116.58,0.04,0.02,0.05,0.01,99695,1507,3,0.19,0.07,0.07,0.0,49,-24,-130,0,3.32,0.34,0.0279,0.0686,31.3,30.08,17.32
683.127,flow_only,80.1,52.1373933,21.1608646,86.84,52.1374012,21.1609206,29,0.47,0.663,255,0.0,0.3354,-0.0044,0.0461,2.928,4.058,3.1,1.55,116.13,0.04,0.02,0.08,0.01,99695,1507,3,0.19,0.06,0.07,0.0,49,-23,-110,0,3.36,0.38,0.0324,0.0845,29.69,30.67,16.3
683.227,flow_only,80.2,52.1373928,21.1608653,86.88,52.1374012,21.1609206,29,0.47,0.663,255,0.0,0.3352,-0.0278,0.0785,2.94,4.091,2.98,1.8,115.79,0.04,0.02,0.07,0.01,99695,1507,3,0.19,0.06,0.07,0.0,49,58,-59,0,3.39,0.41,0.0224,0.0734,28.16,32.26,16.47
683.327,flow_only,80.3,52.1373924,21.1608661,86.91,52.1374005,21.1609223,29,0.47,0.699,255,0.0,0.3353,-0.0948,-0.0152,2.938,4.125,2.5,2.01,115.71,0.04,0.02,0.07,0.0,99695,1507,3,0.19,0.06,0.07,0.0,49,-94,37,0,3.42,0.41,0.0187,0.0741,28.64,33.87,17.76
683.427,flow_only,80.4,52.1373921,21.160867,86.94,52.1374005,21.1609223,29,0.47,0.699,255,0.0,0.1676,0.0717,-0.0509,2.914,4.157,2.56,1.71,115.76,0.04,0.02,0.04,0.02,99695,1507,3,0.19,0.06,0.07,0.0,49,63,-2,0,3.44,0.43,0.0127,0.0577,27.83,34.09,17.61
683.527,flow_only,80.5,52.1373918,21.1608678,86.97,52.1373999,21.1609242,29,0.47,0.704,255,0.0,0.1677,0.0229,-0.0811,2.894,4.186,2.71,1.29,115.98,0.04,0.02,0.04,0.01,99695,1507,3,0.19,0.06,0.07,0.0,49,-29,174,0,3.45,0.46,0.0094,0.0495,27.18,34.72,17.65
683.627,flow_only,80.6,52.1373915,21.1608687,86.99,52.1373999,21.1609242,29,0.47,0.704,255,0.0,0.1677,0.0806,-0.0723,2.876,4.209,2.93,0.84,116.21,0.04,0.02,0.01,0.01,99695,1507,3,0.19,0.06,0.07,0.0,49,-7,28,0,3.45,0.48,0.0082,0.0369,27.31,33.91,17.26
683.727,flow_only,80.7,52.1373912,21.1608695,87.01,52.1373994,21.1609261,29,0.47,0.701,255,0.0,0.1677,0.0064,0.0505,2.864,4.225,3.44,0.88,116.55,0.04,0.02,0.0,0.02,99695,1507,3,0.19,0.07,0.07,0.0,49,-172,-16,0,3.44,0.49,0.0217,0.0454,27.46,34.84,18.19
683.827,flow_only,80.8,52.1373909,21.1608705,87.02,52.1373994,21.1609261,29,0.47,0.701,255,0.0,0.3353,-0.0439,0.1362,2.868,4.238,3.3,1.35,116.86,0.04,0.02,0.0,0.02,99695,1507,3,0.19,0.07,0.07,0.0,49,15,61,0,3.44,0.5,0.0024,0.009,28.92,37.46,17.85
683.927,flow_only,80.9,52.1373907,21.1608715,87.04,52.137399,21.1609281,29,0.47,0.751,255,0.1676,0.3352,0.1619,0.1933,2.86,4.253,3.74,2.57,116.96,0.04,0.02,0.05,0.03,99695,1507,3,0.19,0.06,0.07,0.0,49,-30,-139,0,3.45,0.51,0.0118,0.0302,32.11,36.57,20.05
684.027,flow_only,81.0,52.1373904,21.1608724,87.05,52.137399,21.1609281,29,0.47,0.751,255,0.1677,0.6707,0.0209,0.1742,2.835,4.269,4.42,3.5,116.92,0.04,0.02,0.0,0.02,99695,1507,3,0.19,0.06,0.07,0.0,49,-24,136,0,3.44,0.51,0.0037,0.0113,30.48,35.96,19.3
684.127,flow_only,81.1,52.1373901,21.1608733,87.06,52.1373985,21.1609303,29,0.47,0.755,255,0.0,0.8383,-0.0582,0.2519,2.812,4.278,4.08,4.92,116.9,0.04,0.02,0.04,0.01,99695,1507,3,0.19,0.07,0.07,0.0,49,61,-152,0,3.41,0.52,0.0202,0.0447,27.64,37.08,22.73
684.227,flow_only,81.2,52.13739,21.160874,87.06,52.1373985,21.1609303,29,0.47,0.755,255,-0.1676,0.3353,-0.1243,0.2744,2.816,4.278,3.61,6.23,116.85,0.04,0.02,0.04,0.02,99695,1507,3,0.19,0.07,0.07,0.0,49,87,-87,0,3.39,0.51,0.0342,0.0821,31.5,37.2,18.98
684.327,flow_only,81.3,52.1373899,21.1608748,87.06,52.137398,21.1609322,29,0.47,0.693,255,0.0,0.1676,-0.0319,0.1002,2.804,4.271,3.13,7.36,116.89,0.04,0.02,0.08,0.03,99695,1507,3,0.19,0.06,0.07,0.0,49,-41,184,0,3.34,0.48,0.0145,0.0631,30.39,30.14,20.62
684.427,flow_only,81.4,52.1373897,21.1608754,87.04,52.137398,21.1609322,29,0.47,0.693,255,0.0,0.1677,0.0268,0.0662,2.83,4.256,3.17,7.65,116.97,0.04,0.02,0.08,0.05,99695,1507,3,0.19,0.06,0.07,0.0,49,-182,-89,0,3.31,0.48,0.0238,0.0804,27.95,35.19,18.85
684.527,flow_only,81.5,52.1373895,21.1608758,87.02,52.1373975,21.160934,29,0.47,0.641,255,0.0,0.1677,0.0243,0.0983,2.822,4.237,3.42,8.35,117.09,0.04,0.02,0.1,0.02,99695,1507,3,0.19,0.06,0.07,0.0,49,-37,-104,0,3.26,0.46,0.0295,0.1005,30.76,33.54,21.91
684.627,flow_only,81.6,52.1373894,21.1608761,87.0,52.1373975,21.160934,29,0.47,0.641,255,0.0,0.1677,-0.0067,-0.1354,2.822,4.211,3.49,8.06,117.12,0.04,0.02,0.13,0.01,99695,1507,3,0.19,0.06,0.07,0.0,49,152,-180,0,3.21,0.36,0.0246,0.1162,29.16,39.0,21.03
684.727,flow_only,81.701,52.1373894,21.1608764,86.97,52.1373971,21.1609354,29,0.47,0.433,255,0.1677,0.0,0.0484,-0.082,2.824,4.184,3.51,7.32,117.1,0.04,0.02,0.06,0.04,99695,1507,3,0.19,0.07,0.07,0.0,49,-4,49,0,3.19,0.36,0.0198,0.1026,29.55,34.26,20.23
684.827,flow_only,81.8,52.1373894,21.1608767,86.95,52.1373971,21.1609354,29,0.47,0.433,255,0.0,0.0,0.0447,-0.1774,2.826,4.164,3.76,6.65,117.03,0.04,0.02,0.05,0.01,99695,1507,3,0.19,0.07,0.07,0.0,49,118,-2,0,3.17,0.31,0.0191,0.0914,31.88,34.56,20.65
684.927,flow_only,81.9,52.1373894,21.160877,86.93,52.1373969,21.1609364,29,0.47,0.248,255,0.0,-0.1676,0.0792,-0.1606,2.838,4.147,3.95,5.53,116.79,0.04,0.02,0.07,0.01,99695,1507,3,0.19,0.07,0.07,0.0,49,-38,-12,0,3.15,0.28,0.0178,0.0844,28.6,39.12,21.36
685.027,flow_only,82.0,52.1373894,21.1608771,86.92,52.1373969,21.1609364,29,0.47,0.248,255,0.1677,0.0,0.0692,-0.0717,2.852,4.131,4.41,5.03,116.49,0.04,0.02,0.07,0.02,99695,1507,3,0.19,0.07,0.07,0.0,49,-96,-123,0,3.13,0.25,0.0234,0.085,30.86,35.49,18.34
685.127,flow_only,82.1,52.1373895,21.1608771,86.9,52.1373968,21.1609369,29,0.47,0.133,255,0.0,0.0,-0.0712,-0.1138,2.864,4.116,4.17,4.51,116.22,0.04,0.02,0.07,0.03,99695,1507,3,0.19,0.1,0.07,0.0,49,176,-90,0,3.11,0.21,0.0331,0.103,36.62,37.04,15.73
685.227,flow_only,82.2,52.1373897,21.1608773,86.89,52.1373968,21.1609369,29,0.47,0.133,255,0.0,-0.1677,0.0111,-0.1137,2.868,4.105,4.07,3.85,116.11,0.04,0.02,0.04,0.03,99695,1507,3,0.19,0.1,0.07,0.0,49,-21,111,0,3.11,0.19,0.0284,0.0829,32.98,36.5,19.97
685.327,flow_only,82.3,52.1373898,21.1608776,86.88,52.1373967,21.1609372,29,0.47,0.103,255,0.0,-0.1677,0.0142,-0.0781,2.872,4.097,4.07,3.34,116.21,0.04,0.02,0.03,0.04,99695,1507,3,0.19,0.13,0.07,0.0,49,-27,87,0,3.11,0.18,0.0251,0.0703,31.14,34.31,18.03
685.427,flow_only,82.4,52.1373899,21.1608777,86.88,52.1373967,21.1609372,29,0.47,0.103,255,0.0,0.0,0.0221,-0.003,2.882,4.092,4.18,3.2,116.46,0.04,0.02,0.05,0.02,99695,1507,3,0.19,0.13,0.07,0.0,49,-65,-130,0,3.1,0.16,0.0095,0.0503,33.41,38.94,17.51
685.527,flow_only,82.5,52.13739,21.1608777,86.87,52.1373967,21.1609374,29,0.47,0.116,255,0.0,0.0,-0.0001,-0.0068,2.896,4.084,4.47,3.19,116.87,0.04,0.02,0.07,0.04,99695,1507,3,0.19,0.14,0.07,0.0,49,-73,0,0,3.09,0.14,0.011,0.0512,29.56,38.12,16.96
685.627,flow_only,82.6,52.13739,21.1608777,86.85,52.1373967,21.1609374,29,0.47,0.116,255,0.1677,-0.1677,-0.0005,-0.0669,2.916,4.07,4.55,2.85,117.28,0.04,0.02,0.1,0.17,99695,1507,3,0.19,0.14,0.07,0.0,49,158,22,0,3.07,0.1,0.0145,0.0658,30.75,37.5,16.48
685.727,flow_only,82.7,52.13739,21.1608778,86.84,52.1373968,21.1609376,29,0.47,0.051,255,0.0,0.0,-0.0621,-0.0469,2.924,4.053,4.39,2.48,117.78,0.04,0.02,0.06,0.14,99695,1507,3,0.19,0.13,0.07,0.0,49,6,66,0,3.05,0.07,0.0194,0.0674,31.33,32.06,17.07
685.827,flow_only,82.8,52.1373901,21.1608779,86.82,52.1373968,21.1609376,29,0.47,0.051,255,0.0,0.0,0.0565,0.0226,2.938,4.036,4.28,2.39,118.33,0.04,0.02,0.07,0.16,99695,1507,3,0.19,0.13,0.07,0.0,49,56,8,0,3.04,0.04,0.017,0.0647,29.45,34.37,16.71
685.927,flow_only,82.9,52.1373901,21.160878,86.81,52.1373967,21.1609377,29,0.47,0.095,255,0.0,0.0,-0.0182,0.0403,2.958,4.023,4.38,2.55,118.92,0.04,0.02,0.01,0.18,99695,1507,3,0.19,0.09,0.07,0.0,49,-26,-35,0,3.04,0.03,0.0069,0.0359,28.82,35.73,18.55
686.027,flow_only,83.0,52.1373901,21.160878,86.8,52.1373967,21.1609377,29,0.47,0.095,255,0.0,0.1677,0.0352,0.0683,2.984,4.013,4.39,2.87,119.41,0.04,0.02,0.06,0.12,99695,1507,3,0.19,0.09,0.07,0.0,49,29,-75,0,3.03,0.01,0.0121,0.0428,32.66,31.11,18.46
686.127,flow_only,83.1,52.1373901,21.160878,86.79,52.1373965,21.1609378,29,0.47,0.153,255,-0.1677,0.0,-0.1284,0.049,2.998,4.001,4.04,3.11,119.81,0.04,0.02,0.04,0.01,99695,1507,3,0.19,0.08,0.07,0.0,49,-91,123,0,3.03,-0.01,0.0167,0.0446,28.15,34.04,18.12
686.227,flow_only,83.2,52.13739,21.1608781,86.77,52.1373965,21.1609378,29,0.47,0.153,255,0.0,0.0,0.0468,-0.0245,3.008,3.989,3.84,3.13,120.07,0.04,0.02,0.03,0.01,99695,1507,3,0.19,0.08,0.07,0.0,49,77,-18,0,3.03,-0.03,0.0191,0.0455,29.56,31.99,17.2
686.327,flow_only,83.3,52.1373899,21.1608782,86.76,52.1373963,21.160938,29,0.47,0.165,255,0.0,0.1677,-0.0502,0.0536,3.02,3.976,3.85,3.19,120.28,0.04,0.02,0.06,0.02,99695,1507,3,0.19,0.07,0.07,0.0,49,-149,-30,0,3.01,-0.06,0.0204,0.0506,24.31,31.13,17.65
686.427,flow_only,83.4,52.1373896,21.1608781,86.74,52.1373963,21.160938,29,0.47,0.165,255,0.0,0.0,-0.0666,0.0649,3.024,3.958,3.37,3.59,120.41,0.04,0.02,0.06,0.03,99695,1507,3,0.19,0.07,0.07,0.0,49,-529,81,0,3.0,-0.06,0.0539,0.1125,28.05,27.95,15.33
686.527,flow_only,83.5,52.1373891,21.1608779,86.72,52.1373961,21.1609381,29,0.47,0.114,255,0.0,0.0,-0.1479,-0.0155,3.038,3.939,2.77,3.71,120.46,0.04,0.02,0.07,0.03,99695,1507,3,0.19,0.09,0.07,0.0,49,-46,103,0,2.98,-0.11,0.0466,0.106,22.25,28.65,16.38
686.627,flow_only,83.6,52.1373888,21.160878,86.71,52.1373961,21.1609381,29,0.47,0.114,255,-0.1677,0.0,-0.1758,-0.052,3.04,3.921,1.6,3.34,120.35,0.04,0.02,0.02,0.01,99695,1507,3,0.19,0.09,0.07,0.0,49,78,46,0,2.97,-0.12,0.0315,0.0738,23.39,27.84,16.56
686.727,flow_only,83.7,52.1373885,21.160878,86.69,52.1373959,21.1609381,29,0.47,0.053,255,0.0,0.0,0.0565,0.0068,3.052,3.903,1.5,3.37,120.16,0.04,0.02,0.08,0.02,99695,1507,3,0.19,0.11,0.07,0.0,49,117,0,0,2.95,-0.16,0.0163,0.0466,24.94,27.15,14.08
686.827,flow_only,83.8,52.1373884,21.1608781,86.67,52.1373959,21.1609381,29,0.47,0.053,255,0.0,0.0,-0.0097,-0.0349,3.05,3.883,1.55,3.27,119.97,0.04,0.02,0.04,0.04,99695,1507,3,0.19,0.11,0.07,0.0,49,13,14,0,2.94,-0.18,0.0112,0.0336,26.45,32.13,15.79
686.927,flow_only,83.9,52.1373883,21.1608781,86.65,52.1373958,21.160938,29,0.47,0.046,255,0.0,0.0,0.0774,0.0247,3.065,3.868,1.77,3.32,119.89,0.04,0.02,0.01,0.04,99695,1507,3,0.19,0.12,0.07,0.0,49,16,15,0,2.94,-0.17,0.0118,0.0251,24.88,33.69,15.66
687.027,flow_only,84.0,52.1373883,21.1608782,86.64,52.1373958,21.160938,29,0.47,0.046,255,0.0,0.0,-0.0216,-0.0308,3.076,3.856,1.91,3.14,119.84,0.04,0.02,0.01,0.01,99695,1507,3,0.19,0.12,0.07,0.0,49,-26,53,0,2.94,-0.19,0.0095,0.0228,24.92,40.54,15.55
687.127,flow_only,84.1,52.1373882,21.1608782,86.63,52.1373958,21.160938,29,0.47,0.063,255,0.0,0.0,-0.014,0.0571,3.08,3.846,1.91,3.4,120.05,0.04,0.02,0.02,0.02,99695,1507,3,0.19,0.12,0.07,0.0,49,14,-44,0,2.94,-0.19,0.0063,0.0139,27.42,35.03,17.65
687.227,flow_only,84.2,52.1373882,21.1608783,86.62,52.1373958,21.160938,29,0.47,0.063,255,0.0,0.0,-0.0521,-0.0016,3.084,3.834,1.54,3.41,120.31,0.04,0.02,0.04,0.04,99695,1507,3,0.19,0.12,0.07,0.0,49,84,21,0,2.93,-0.22,0.0121,0.022,34.1,34.2,19.58
687.327,flow_only,84.3,52.1373883,21.1608783,86.61,52.1373959,21.1609379,29,0.47,0.055,255,0.1676,0.0,0.084,-0.013,3.098,3.824,2.0,3.53,120.61,0.04,0.02,0.0,0.03,99695,1507,3,0.19,0.13,0.07,0.0,49,-127,167,0,2.93,-0.22,0.0164,0.0351,32.92,34.05,19.85
687.427,flow_only,84.4,52.1373883,21.1608785,86.6,52.1373959,21.1609379,29,0.47,0.055,255,0.0,0.0,0.1653,-0.0064,3.098,3.816,2.61,3.37,120.9,0.04,0.02,0.02,0.01,99695,1507,3,0.19,0.13,0.07,0.0,49,79,52,0,2.93,-0.22,0.0159,0.0329,29.18,39.97,17.93
687.527,flow_only,84.5,52.1373885,21.1608786,86.59,52.137396,21.1609379,29,0.47,0.152,255,0.0,0.0,0.0819,-0.0275,3.106,3.807,3.41,3.24,121.09,0.04,0.02,0.0,0.03,99695,1507,3,0.19,0.12,0.07,0.0,49,-37,21,0,2.93,-0.23,0.0062,0.0228,34.5,35.05,17.08
687.627,flow_only,84.6,52.1373885,21.1608786,86.59,52.137396,21.1609379,29,0.47,0.152,255,0.0,0.0,-0.0172,0.0549,3.11,3.802,3.41,3.29,121.17,0.04,0.02,0.01,0.02,99695,1507,3,0.19,0.12,0.07,0.0,49,-79,57,0,2.94,-0.22,0.0097,0.0359,36.69,30.58,23.65
687.727,flow_only,84.7,52.1373887,21.1608787,86.58,52.1373964,21.1609377,29,0.47,0.208,255,0.0,0.0,0.051,0.0186,3.118,3.8,3.67,3.68,121.19,0.04,0.02,0.01,0.01,99695,1507,3,0.19,0.11,0.07,0.0,49,-48,-67,0,2.95,-0.22,0.0096,0.0408,32.71,39.09,24.67
687.827,flow_only,84.8,52.1373888,21.1608787,86.58,52.1373964,21.1609377,29,0.47,0.208,255,0.0,0.0,-0.0103,-0.002,3.118,3.8,3.6,3.54,121.14,0.04,0.02,0.02,0.02,99695,1507,3,0.19,0.11,0.07,0.0,49,132,73,0,2.97,-0.21,0.0119,0.0491,29.24,39.21,19.57
687.927,flow_only,84.9,52.1373889,21.1608788,86.58,52.1373967,21.1609377,29,0.47,0.132,255,0.0,0.0,0.0558,-0.0089,3.116,3.799,3.93,3.74,121.1,0.04,0.02,0.01,0.02,99695,1507,3,0.19,0.08,0.07,0.0,49,80,-21,0,2.96,-0.22,0.0126,0.0426,34.99,32.75,17.54
688.027,flow_only,85.0,52.1373891,21.1608789,86.58,52.1373967,21.1609377,29,0.47,0.132,255,0.0,-0.1676,-0.0059,-0.0596,3.128,3.795,3.92,3.32,121.03,0.04,0.02,0.02,0.01,99695,1507,3,0.19,0.08,0.07,0.0,49,-43,-43,0,2.95,-0.22,0.0192,0.0444,33.7,32.91,18.23
688.127,flow_only,85.1,52.1373894,21.1608789,86.57,52.137397,21.1609376,29,0.47,0.154,255,0.0,0.0,0.0468,0.0041,3.13,3.79,4.22,3.36,121.13,0.04,0.02,0.01,0.01,99695,1507,3,0.19,0.08,0.07,0.0,49,-105,6,0,2.96,-0.23,0.0092,0.0364,33.8,33.97,17.0
688.227,flow_only,85.2,52.1373895,21.1608788,86.57,52.137397,21.1609376,29,0.47,0.154,255,0.0,-0.1676,0.0461,-0.089,3.13,3.784,4.51,2.95,121.46,0.04,0.02,0.0,0.04,99695,1507,3,0.19,0.08,0.07,0.0,49,244,-56,0,2.95,-0.23,0.0181,0.0448,30.5,37.45,17.31
688.327,flow_only,85.3,52.1373898,21.1608787,86.56,52.1373974,21.1609374,29,0.47,0.167,255,0.1677,-0.1677,0.022,0.0073,3.132,3.778,4.78,2.81,121.94,0.04,0.02,0.0,0.01,99695,1507,3,0.19,0.1,0.07,0.0,49,-84,-97,0,2.95,-0.24,0.0195,0.0497,31.97,34.58,18.83
688.427,flow_only,85.4,52.13739,21.1608786,86.56,52.1373974,21.1609374,29,0.47,0.167,255,0.0,-0.1677,-0.0015,-0.065,3.126,3.771,4.84,2.44,122.44,0.04,0.02,0.01,0.02,99695,1507,3,0.19,0.1,0.07,0.0,49,-16,129,0,2.94,-0.25,0.0053,0.0222,34.57,34.35,15.95
688.527,flow_only,85.5,52.1373901,21.1608785,86.55,52.1373977,21.1609372,29,0.47,0.137,255,0.0,0.0,-0.033,-0.0235,3.126,3.762,4.96,2.2,122.98,0.04,0.02,0.01,0.01,99695,1507,3,0.19,0.1,0.07,0.0,49,-39,-60,0,2.93,-0.26,0.0051,0.0203,31.84,38.4,18.35
688.627,flow_only,85.6,52.1373902,21.1608783,86.54,52.1373977,21.1609372,29,0.47,0.137,255,0.0,0.0,0.0207,0.0188,3.106,3.751,4.91,2.13,123.51,0.04,0.02,0.01,0.01,99695,1507,3,0.19,0.1,0.07,0.0,49,44,67,0,2.92,-0.26,0.005,0.0175,34.2,34.9,20.85
688.727,flow_only,85.7,52.1373903,21.1608782,86.53,52.137398,21.160937,29,0.47,0.199,255,0.0,0.0,-0.024,0.0831,3.104,3.741,4.85,2.49,124.11,0.04,0.02,0.0,0.01,99695,1507,3,0.19,0.08,0.07,0.0,49,-14,-9,0,2.92,-0.26,0.0057,0.0194,32.21,35.0,17.73
688.827,flow_only,85.8,52.1373903,21.160878,86.52,52.137398,21.160937,29,0.47,0.199,255,0.0,0.1677,0.0379,0.1216,3.122,3.735,4.87,3.08,124.57,0.04,0.02,0.03,0.01,99695,1507,3,0.19,0.08,0.07,0.0,49,18,-49,0,2.93,-0.24,0.009,0.036,33.79,33.27,17.78
688.927,flow_only,85.9,52.1373904,21.1608777,86.52,52.1373983,21.1609367,29,0.47,0.128,255,0.0,0.0,-0.0282,0.1347,3.122,3.731,4.96,3.74,125.32,0.04,0.02,0.0,0.01,99695,1507,3,0.19,0.1,0.07,0.0,49,-48,-70,0,2.93,-0.25,0.017,0.0414,29.48,34.04,17.73
689.027,flow_only,86.0,52.1373906,21.1608774,86.51,52.1373983,21.1609367,29,0.47,0.128,255,0.0,0.0,-0.0777,0.1684,3.128,3.725,4.68,4.52,127.31,0.04,0.02,0.02,0.01,99695,1507,3,0.19,0.1,0.07,0.0,49,92,71,0,2.92,-0.26,0.0196,0.0413,32.46,32.56,18.35
689.127,flow_only,86.1,52.1373909,21.1608771,86.5,52.1373986,21.1609362,29,0.47,0.203,255,1.1737,-0.3353,0.0371,0.1066,3.132,3.717,4.96,4.93,130.82,0.04,0.02,0.02,0.02,99695,1507,3,0.19,0.07,0.07,0.0,49,-132,-50,0,2.91,-0.27,0.0189,0.0415,29.04,34.93,21.97
689.227,flow_only,86.2,52.1373912,21.1608765,86.5,52.1373986,21.1609362,29,0.47,0.203,255,0.3352,-0.1676,0.1409,0.1185,3.14,3.711,5.94,5.27,135.37,0.04,0.02,0.04,0.06,99695,1507,3,0.19,0.07,0.07,0.0,49,-17,-30,0,2.92,-0.26,0.0379,0.0813,35.22,41.59,24.54
689.327,flow_only,86.3,52.1373916,21.1608758,86.49,52.1373988,21.1609355,29,0.47,0.273,255,0.0,0.0,0.0006,-0.0141,3.148,3.71,6.63,4.87,140.55,0.04,0.02,0.03,0.08,99695,1507,3,0.19,0.07,0.07,0.0,49,16,82,0,2.94,-0.25,0.0358,0.0841,38.67,45.06,25.62
689.427,flow_only,86.4,52.137392,21.1608751,86.5,52.1373988,21.1609355,29,0.47,0.273,255,0.0,-0.1677,-0.0085,-0.0668,3.132,3.714,6.87,4.01,146.25,0.04,0.02,0.06,0.01,99695,1507,3,0.19,0.07,0.07,0.0,49,-355,-499,0,2.95,-0.25,0.0535,0.1147,40.3,42.89,24.88
689.527,flow_only,86.5,52.1373924,21.160874,86.51,52.1373992,21.1609346,29,0.47,0.374,255,0.0,-0.1677,-0.0788,-0.0589,3.09,3.722,6.89,2.74,152.28,0.04,0.02,0.04,0.02,99695,1507,3,0.2,0.07,0.07,0.0,49,156,259,0,2.97,-0.2,0.0176,0.0662,38.39,41.18,24.11
689.627,flow_only,86.6,52.1373928,21.1608728,86.52,52.1373992,21.1609346,29,0.47,0.374,255,-0.1677,-0.5031,-0.0843,-0.1074,3.104,3.732,6.8,1.62,158.56,0.04,0.02,0.05,0.02,99695,1507,3,0.2,0.07,0.07,0.0,49,228,198,0,2.99,-0.16,0.0206,0.0736,35.64,40.81,23.09
689.727,flow_only,86.7,52.1373931,21.160872,86.53,52.1373996,21.1609334,29,0.47,0.429,255,-0.5031,-0.6709,-0.2263,-0.0944,3.102,3.745,5.77,0.23,164.87,0.04,0.02,0.02,0.06,99695,1507,3,0.2,0.07,0.07,0.0,49,184,-61,0,3.0,-0.15,0.0237,0.0641,33.54,39.13,21.13
689.827,flow_only,86.8,52.1373935,21.1608712,86.54,52.1373996,21.1609334,29,0.47,0.429,255,-0.1677,0.0,-0.0184,0.0017,3.09,3.76,5.07,-0.47,171.17,0.04,0.02,0.07,0.01,99695,1507,3,0.2,0.07,0.07,0.0,49,70,26,0,3.03,-0.13,0.0374,0.0881,30.47,34.66,18.3
689.927,flow_only,86.9,52.1373937,21.1608706,86.56,52.1374,21.160932,29,0.47,0.502,255,-0.3353,-0.1677,-0.0815,-0.1234,3.098,3.777,4.65,-1.53,177.36,0.04,0.02,0.05,0.04,99695,1507,3,0.2,0.07,0.07,0.0,49,70,181,0,3.05,-0.1,0.0425,0.0956,28.98,33.1,18.02
690.027,flow_only,87.0,52.137394,21.1608699,86.58,52.1374,21.160932,29,0.47,0.502,255,-0.503,-0.1677,-0.0183,0.0329,3.13,3.796,3.95,-2.14,183.55,0.04,0.02,0.07,0.04,99695,1507,3,0.2,0.07,0.07,0.0,49,7,159,0,3.08,-0.08,0.0328,0.089,29.63,32.44,18.04
690.127,flow_only,87.1,52.1373941,21.1608691,86.6,52.1374003,21.1609304,29,0.47,0.493,255,-0.3353,0.0,-0.0172,-0.0194,3.12,3.813,3.63,-2.52,189.7,0.04,0.02,0.04,0.05,99695,1507,3,0.2,0.07,0.07,0.0,49,-75,33,0,3.09,-0.11,0.0238,0.0736,27.92,30.88,18.13
690.227,flow_only,87.2,52.1373943,21.1608683,86.61,52.1374003,21.1609304,29,0.47,0.493,255,-0.3353,-0.1677,-0.0136,0.0839,3.106,3.827,3.1,-2.65,195.8,0.04,0.02,0.05,0.05,99695,1507,3,0.2,0.07,0.07,0.0,49,145,-146,0,3.1,-0.08,0.0197,0.0692,28.53,33.23,19.67
690.327,flow_only,87.3,52.1373945,21.1608674,86.62,52.1374005,21.1609288,29,0.47,0.475,255,-0.1677,0.0,-0.0402,-0.0103,3.086,3.837,2.69,-2.75,201.89,0.04,0.02,0.02,0.01,99695,1507,3,0.2,0.07,0.07,0.0,49,-69,142,0,3.11,-0.07,0.0101,0.0509,29.3,34.42,20.24
690.427,flow_only,87.4,52.1373947,21.1608665,86.63,52.1374005,21.1609288,29,0.47,0.475,255,-0.1677,-0.1677,-0.0177,-0.0346,3.07,3.842,2.16,-3.34,208.05,0.04,0.02,0.01,0.0,99695,1507,3,0.2,0.07,0.07,0.0,49,-51,92,0,3.09,-0.07,0.0133,0.0394,30.81,38.78,21.25
690.527,flow_only,87.5,52.1373949,21.1608656,86.62,52.1374007,21.1609273,29,0.47,0.53,255,-0.1677,0.0,0.0361,0.021,3.076,3.838,1.91,-3.49,214.41,0.04,0.02,0.04,0.0,99695,1507,3,0.2,0.09,0.07,0.0,49,76,-55,0,3.07,-0.08,0.0094,0.0155,34.82,38.54,22.33
690.627,flow_only,87.6,52.1373951,21.1608647,86.61,52.1374007,21.1609273,29,0.47,0.53,255,0.0,0.0,0.0729,-0.0311,3.088,3.827,1.88,-3.83,221.19,0.04,0.02,0.03,0.0,99695,1507,3,0.2,0.09,0.07,0.0,49,39,-55,0,3.04,-0.11,0.0035,0.0145,33.69,41.01,23.0
690.727,flow_only,87.7,52.1373953,21.1608638,86.6,52.137401,21.1609256,29,0.47,0.546,255,0.0,0.0,0.0278,0.0007,3.082,3.814,1.56,-4.1,228.12,0.04,0.02,0.02,0.04,99695,1507,3,0.2,0.08,0.07,0.0,49,-157,-38,0,3.02,-0.14,0.0134,0.0267,33.46,38.85,21.78
690.827,flow_only,87.8,52.1373956,21.1608629,86.59,52.137401,21.1609256,29,0.47,0.546,255,-0.1677,0.0,-0.0305,0.0474,3.064,3.802,1.15,-4.01,235.06,0.04,0.02,0.01,0.05,99695,1507,3,0.2,0.08,0.07,0.0,49,1023,-296,0,3.02,-0.14,0.0294,0.0324,32.0,36.42,20.88
690.927,flow_only,87.9,52.1373961,21.1608622,86.58,52.1374013,21.160924,29,0.47,0.548,255,0.0,0.5029,0.0647,-0.0118,3.044,3.794,0.67,-3.97,242.17,0.04,0.02,0.02,0.02,99695,1507,3,0.2,0.07,0.07,0.0,49,-567,30,0,3.02,-0.12,0.0546,0.085,28.19,31.17,19.83
691.027,flow_only,88.0,52.1373966,21.1608612,86.58,52.1374013,21.160924,29,0.47,0.548,255,0.0,0.0,-0.0979,-0.0893,3.034,3.793,0.12,-4.47,249.36,0.04,0.02,0.05,0.04,99695,1507,3,0.2,0.07,0.07,0.0,49,-163,283,0,3.04,-0.09,0.0465,0.0813,28.9,32.27,19.6
691.127,flow_only,88.1,52.137397,21.1608602,86.59,52.1374014,21.1609224,29,0.47,0.503,255,-0.3353,0.0,-0.1466,0.0077,3.022,3.8,-1.32,-4.53,256.52,0.04,0.02,0.04,0.05,99695,1507,3,0.2,0.08,0.07,0.0,49,527,-113,0,3.05,-0.06,0.0284,0.0516,29.06,29.86,17.42
691.227,flow_only,88.2,52.1373972,21.1608595,86.6,52.1374014,21.1609224,29,0.47,0.503,255,-0.3354,-0.1677,-0.0438,0.0085,3.038,3.816,-2.45,-4.37,263.45,0.04,0.02,0.11,0.04,99695,1507,3,0.2,0.08,0.07,0.0,49,127,-149,0,3.1,-0.01,0.0394,0.0812,26.05,29.23,19.02
691.327,flow_only,88.3,52.1373973,21.1608589,86.62,52.1374016,21.1609208,29,0.47,0.516,255,0.0,0.503,0.0977,-0.0499,3.053,3.84,-2.62,-3.93,270.1,0.04,0.02,0.07,0.04,99695,1507,3,0.2,0.07,0.07,0.0,49,79,-210,0,3.12,0.0,0.0661,0.1092,23.33,27.65,17.77
691.427,flow_only,88.4,52.1373975,21.1608583,86.65,52.1374016,21.1609208,29,0.47,0.516,255,-1.0064,-0.8387,0.0616,-0.117,3.048,3.862,-2.75,-4.33,276.32,0.04,0.02,0.01,0.05,99695,1507,3,0.2,0.07,0.07,0.0,49,46,131,0,3.13,0.0,0.0213,0.0473,24.9,27.31,15.62
691.527,flow_only,88.5,52.1373977,21.1608577,86.66,52.1374018,21.1609192,29,0.47,0.588,255,0.1676,0.0,0.0361,-0.1018,3.034,3.877,-2.83,-4.61,282.18,0.04,0.02,0.0,0.07,99695,1507,3,0.2,0.07,0.07,0.0,49,19,-84,0,3.13,0.0,0.0485,0.0652,27.53,25.21,16.96
691.627,flow_only,88.6,52.137398,21.1608571,86.67,52.1374018,21.1609192,29,0.47,0.588,255,0.0,0.1677,-0.0476,-0.0271,3.03,3.882,-3.44,-4.54,287.91,0.04,0.02,0.03,0.07,99695,1507,3,0.2,0.07,0.07,0.0,49,236,80,0,3.12,0.0,0.0183,0.033,27.08,28.86,16.52
691.727,flow_only,88.7,52.1373982,21.1608564,86.66,52.137402,21.1609173,29,0.47,0.643,255,0.0,0.3353,-0.1455,-0.0316,3.052,3.874,-4.64,-4.44,293.61,0.04,0.02,0.07,0.07,99695,1507,3,0.2,0.07,0.07,0.0,49,-54,7,0,3.08,-0.02,0.0134,0.0391,32.01,32.81,18.24
691.827,flow_only,88.8,52.1373985,21.1608556,86.64,52.137402,21.1609173,29,0.47,0.643,255,0.0,0.1676,0.0733,-0.0536,3.06,3.852,-5.16,-4.2,298.82,0.04,0.02,0.1,0.05,99695,1507,3,0.2,0.07,0.07,0.0,49,117,135,0,3.03,-0.07,0.0222,0.0618,34.2,33.15,21.02
691.927,flow_only,88.9,52.1373987,21.1608548,86.61,52.1374023,21.1609153,29,0.47,0.719,255,0.0,0.1676,0.0951,0.0183,3.05,3.82,-4.9,-4.0,302.99,0.04,0.02,0.07,0.06,99695,1507,3,0.2,0.07,0.07,0.0,49,55,-161,0,2.99,-0.13,0.0271,0.0802,32.76,32.58,20.56
692.027,flow_only,89.0,52.1373988,21.1608539,86.57,52.1374023,21.1609153,29,0.47,0.719,255,0.1677,0.503,-0.0033,0.0844,3.018,3.784,-4.89,-3.39,305.7,0.04,0.02,0.07,0.08,99695,1507,3,0.2,0.07,0.07,0.0,49,39,-108,0,2.95,-0.17,0.0293,0.086,29.29,32.45,20.68
692.127,flow_only,89.1,52.137399,21.1608529,86.53,52.1374025,21.1609131,29,0.47,0.696,255,0.1677,0.3354,0.0234,0.0254,2.994,3.749,-4.97,-2.82,307.33,0.04,0.02,0.04,0.08,99695,1507,3,0.2,0.07,0.07,0.0,49,102,175,0,2.93,-0.16,0.0278,0.0731,32.02,35.28,18.0
692.227,flow_only,89.2,52.1373992,21.1608519,86.5,52.1374025,21.1609131,29,0.47,0.696,255,0.0,0.0,0.0885,0.0008,2.994,3.719,-4.72,-2.83,308.04,0.04,0.02,0.02,0.08,99695,1507,3,0.2,0.07,0.07,0.0,49,58,-210,0,2.91,-0.17,0.0277,0.071,37.51,37.98,16.46
692.327,flow_only,89.3,52.1373993,21.1608512,86.48,52.1374028,21.160911,29,0.47,0.761,255,0.1677,0.1677,0.0212,-0.0583,2.99,3.693,-4.27,-2.95,308.06,0.04,0.02,0.06,0.08,99695,1507,3,0.2,0.07,0.07,0.0,49,-54,-50,0,2.88,-0.18,0.0466,0.0925,34.52,42.6,16.08
692.427,flow_only,89.4,52.1373994,21.1608506,86.46,52.1374028,21.160911,29,0.47,0.761,255,0.0,0.1677,-0.0385,-0.0793,2.988,3.67,-4.47,-3.3,307.56,0.04,0.02,0.02,0.04,99695,1507,3,0.2,0.07,0.07,0.0,49,-52,-26,0,2.87,-0.2,0.0334,0.0709,37.09,43.83,15.2
692.527,flow_only,89.5,52.1373995,21.1608498,86.44,52.1374031,21.1609088,29,0.47,0.75,255,0.0,0.1677,-0.0501,-0.0973,3.012,3.655,-4.61,-3.97,306.74,0.04,0.02,0.0,0.08,99695,1507,3,0.2,0.07,0.07,0.0,49,-46,55,0,2.87,-0.19,0.0205,0.0477,34.38,40.19,18.32
692.627,flow_only,89.6,52.1373997,21.160849,86.43,52.1374031,21.1609088,29,0.47,0.75,255,0.0,0.1677,-0.0014,-0.0471,3.012,3.65,-4.68,-4.33,305.68,0.04,0.02,0.02,0.08,99695,1507,3,0.2,0.07,0.07,0.0,49,-83,142,0,2.89,-0.18,0.0225,0.038,29.32,36.77,19.27
692.727,flow_only,89.7,52.1374,21.1608482,86.44,52.1374033,21.1609063,29,0.47,0.854,255,0.0,0.1676,-0.0044,-0.0826,3.03,3.656,-4.72,-4.93,304.49,0.04,0.02,0.06,0.08,99695,1507,3,0.2,0.07,0.07,0.0,49,-90,-166,0,2.92,-0.16,0.0268,0.0403,29.32,32.92,20.74
692.827,flow_only,89.8,52.1374002,21.1608471,86.46,52.1374033,21.1609063,29,0.47,0.854,255,0.0,0.1677,-0.0403,0.0875,3.037,3.673,-4.58,-4.82,303.15,0.04,0.02,0.06,0.07,99695,1507,3,0.2,0.07,0.07,0.0,49,198,103,0,2.96,-0.13,0.0181,0.0391,29.3,32.89,21.0
692.927,flow_only,89.9,52.1374004,21.1608459,86.49,52.1374036,21.1609036,29,0.47,0.945,255,0.0,0.3354,-0.032,0.0577,3.054,3.702,-4.79,-4.44,301.71,0.04,0.02,0.12,0.08,99695,1507,3,0.2,0.07,0.07,0.0,49,-23,-203,0,3.02,-0.08,0.0231,0.0782,29.34,34.47,18.88
693.027,flow_only,90.0,52.1374004,21.1608448,86.52,52.1374036,21.1609036,29,0.47,0.945,255,0.1677,0.3354,-0.019,0.104,3.036,3.736,-4.71,-4.01,300.32,0.04,0.02,0.05,0.08,99695,1507,3,0.2,0.07,0.07,0.0,49,-95,-21,0,3.06,-0.05,0.0285,0.0835,32.28,31.43,19.5
693.127,flow_only,90.1,52.1374006,21.1608436,86.55,52.137404,21.1609007,28,0.5,1.019,255,0.0,0.503,-0.0609,-0.0058,3.056,3.767,-4.92,-3.82,298.93,0.04,0.02,0.04,0.09,99695,1507,3,0.2,0.07,0.07,0.0,49,-86,-51,0,3.08,-0.02,0.0166,0.0667,30.92,34.85,18.78
693.227,flow_only,90.2,52.1374007,21.1608425,86.57,52.137404,21.1609007,28,0.5,1.019,255,0.1677,0.3354,0.1,0.0648,3.066,3.788,-4.67,-3.74,297.74,0.04,0.02,0.03,0.07,99695,1507,3,0.2,0.07,0.07,0.0,49,-48,-130,0,3.08,-0.04,0.0232,0.0473,29.71,35.81,19.34
693.327,flow_only,90.3,52.1374009,21.1608413,86.58,52.1374045,21.1608978,28,0.5,0.994,255,0.0,0.3354,0.0412,0.0837,3.09,3.797,-4.18,-3.34,296.82,0.04,0.02,0.01,0.09,99695,1507,3,0.2,0.07,0.07,0.0,49,168,141,0,3.07,-0.06,0.0069,0.0159,35.25,36.59,20.4
693.427,flow_only,90.4,52.1374011,21.1608401,86.59,52.1374045,21.1608978,28,0.5,0.994,255,0.1677,0.503,0.0252,0.0099,3.076,3.803,-4.09,-3.18,296.17,0.04,0.02,0.01,0.07,99695,1507,3,0.2,0.07,0.07,0.0,49,-54,-176,0,3.08,-0.06,0.0181,0.0264,39.74,41.41,21.27
693.527,flow_only,90.5,52.1374013,21.1608389,86.59,52.137405,21.1608949,28,0.5,1.025,255,0.1677,0.3355,0.02,0.0087,3.068,3.806,-3.94,-3.11,295.78,0.04,0.02,0.01,0.05,99695,1507,3,0.2,0.06,0.07,0.0,49,-88,-167,0,3.09,-0.06,0.0099,0.0156,45.67,39.61,24.44
693.627,flow_only,90.6,52.1374016,21.1608377,86.59,52.137405,21.1608949,28,0.5,1.025,255,0.1677,0.3353,0.0749,-0.0035,3.042,3.809,-3.7,-3.04,295.54,0.04,0.02,0.03,0.06,99695,1507,3,0.2,0.06,0.07,0.0,49,-88,-147,0,3.1,-0.05,0.018,0.0292,37.05,31.71,26.81
693.727,flow_only,90.7,52.1374018,21.1608365,86.6,52.1374055,21.1608919,28,0.5,1.072,255,0.1677,0.6707,-0.0207,0.0491,3.056,3.814,-3.63,-2.9,295.52,0.04,0.02,0.02,0.05,99695,1507,3,0.2,0.06,0.07,0.0,49,108,167,0,3.11,-0.01,0.0114,0.0258,37.02,39.36,21.33
693.827,flow_only,90.8,52.1374021,21.1608352,86.61,52.1374055,21.1608919,28,0.5,1.072,255,0.0,0.3353,0.0151,0.0048,3.044,3.82,-3.73,-2.86,295.57,0.04,0.02,0.06,0.07,99695,1507,3,0.2,0.06,0.07,0.0,49,-18,-11,0,3.13,0.0,0.0122,0.0371,41.41,41.73,21.25
693.927,flow_only,90.9,52.1374023,21.160834,86.61,52.1374059,21.1608888,28,0.5,1.092,255,0.0,0.1676,0.0979,0.0574,3.032,3.828,-3.34,-2.49,295.74,0.04,0.02,0.01,0.06,99695,1507,3,0.2,0.06,0.07,0.0,49,-112,-175,0,3.12,0.0,0.0102,0.025,39.07,31.71,25.27
694.027,flow_only,91.0,52.1374026,21.1608327,86.62,52.1374059,21.1608888,28,0.5,1.092,255,0.1677,0.503,0.0137,0.0388,3.066,3.834,-2.95,-2.38,296.05,0.04,0.02,0.01,0.07,99695,1507,3,0.2,0.06,0.07,0.0,49,157,353,0,3.13,0.0,0.0325,0.0565,35.3,37.08,20.84
694.127,flow_only,91.1,52.137403,21.1608313,86.62,52.1374065,21.1608857,28,0.5,1.072,255,0.0,0.3355,0.0917,-0.0928,3.066,3.837,-2.54,-2.56,296.33,0.04,0.02,0.01,0.06,99695,1507,3,0.2,0.06,0.07,0.0,49,-111,-161,0,3.13,-0.01,0.0116,0.0268,40.74,33.41,19.65
694.227,flow_only,91.2,52.1374033,21.16083,86.62,52.1374065,21.1608857,28,0.5,1.072,255,0.1677,0.3354,0.1101,0.0604,3.048,3.839,-1.93,-2.6,296.25,0.04,0.02,0.0,0.06,99695,1507,3,0.2,0.06,0.07,0.0,49,25,-80,0,3.12,-0.02,0.0088,0.0116,36.33,25.14,16.9
694.327,flow_only,91.3,52.1374036,21.1608286,86.62,52.137407,21.1608825,28,0.5,1.169,255,0.0,0.503,-0.1629,0.1792,3.036,3.839,-2.25,-1.81,295.83,0.04,0.02,0.0,0.07,99695,1507,3,0.2,0.06,0.07,0.0,49,112,-110,0,3.12,-0.01,0.0196,0.0325,30.75,31.53,17.67
694.427,flow_only,91.4,52.1374039,21.1608272,86.62,52.137407,21.1608825,28,0.5,1.169,255,0.0,0.503,-0.0755,0.2205,3.028,3.838,-2.65,-0.45,295.25,0.04,0.02,0.01,0.08,99695,1507,3,0.2,0.06,0.07,0.0,49,8,245,0,3.12,0.0,0.0388,0.0544,31.78,27.77,18.8
694.527,flow_only,91.5,52.1374041,21.1608256,86.62,52.1374075,21.1608791,28,0.5,1.133,255,-0.1677,0.6709,-0.1147,0.1276,3.05,3.837,-3.21,0.39,294.74,0.04,0.02,0.0,0.06,99695,1507,3,0.2,0.06,0.07,0.0,49,-133,171,0,3.11,0.0,0.0371,0.0566,34.75,29.76,18.76
694.627,flow_only,91.6,52.1374045,21.1608241,86.62,52.1374075,21.1608791,28,0.5,1.133,255,0.0,0.3353,-0.0141,0.1291,3.034,3.831,-3.59,1.03,294.23,0.04,0.02,0.03,0.06,99695,1507,3,0.2,0.06,0.07,0.0,49,-125,-120,0,3.09,0.0,0.0048,0.0203,33.94,38.97,17.73
694.727,flow_only,91.7,52.1374048,21.1608228,86.6,52.1374082,21.1608759,28,0.5,1.136,255,0.1677,0.3353,0.111,0.1966,3.04,3.82,-3.02,1.72,293.73,0.04,0.02,0.04,0.07,99695,1507,3,0.2,0.06,0.07,0.0,49,4,-101,0,3.07,-0.03,0.0312,0.0584,30.55,33.33,19.32
694.827,flow_only,91.8,52.1374051,21.1608215,86.59,52.1374082,21.1608759,28,0.5,1.136,255,-0.1677,0.503,-0.1456,-0.0149,3.052,3.805,-3.51,2.44,293.16,0.04,0.02,0.04,0.05,99695,1507,3,0.2,0.06,0.07,0.0,49,60,-196,0,3.04,-0.06,0.0107,0.0416,27.45,31.18,19.03
694.927,flow_only,91.9,52.1374053,21.1608205,86.57,52.1374088,21.1608729,28,0.5,0.944,255,0.3352,0.3352,0.3014,-0.118,3.054,3.789,-2.74,1.61,292.86,0.04,0.02,0.03,0.08,99695,1507,3,0.2,0.06,0.07,0.0,49,-137,6,0,3.03,-0.07,0.0085,0.0412,31.29,33.34,24.04
695.027,flow_only,92.0,52.1374055,21.1608197,86.56,52.1374088,21.1608729,28,0.5,0.944,255,0.1677,0.1677,0.1205,-0.2382,3.034,3.773,-1.48,0.58,293.03,0.04,0.02,0.03,0.07,99695,1507,3,0.2,0.06,0.07,0.0,49,-45,41,0,3.01,-0.1,0.0232,0.0571,30.56,32.5,20.63
695.127,flow_only,92.1,52.1374058,21.1608189,86.54,52.1374093,21.1608704,28,0.5,0.793,255,0.0,0.0,-0.0381,-0.1629,3.026,3.756,-1.64,-0.59,293.48,0.04,0.02,0.02,0.07,99695,1507,3,0.2,0.06,0.07,0.0,49,129,3,0,3.0,-0.11,0.011,0.0425,29.38,29.2,22.4
695.227,flow_only,92.2,52.137406,21.1608182,86.52,52.1374093,21.1608704,28,0.5,0.793,255,0.0,0.0,-0.0259,-0.2163,3.028,3.737,-1.79,-1.55,294.12,0.04,0.02,0.05,0.07,99695,1507,3,0.2,0.06,0.07,0.0,49,0,-80,0,2.98,-0.11,0.0091,0.0461,31.5,32.78,21.03
695.327,flow_only,92.3,52.1374062,21.1608175,86.5,52.1374095,21.1608682,28,0.51,0.682,255,0.1677,0.0,0.0793,-0.1021,3.026,3.714,-1.49,-2.3,294.77,0.04,0.02,0.06,0.09,99695,1507,3,0.2,0.06,0.07,0.0,49,-58,-28,0,2.95,-0.16,0.0111,0.0562,29.32,33.84,21.13
695.427,flow_only,92.4,52.1374064,21.160817,86.47,52.1374095,21.1608682,28,0.51,0.682,255,0.0,0.1677,-0.0672,-0.145,3.02,3.687,-1.69,-3.02,295.53,0.04,0.02,0.06,0.08,99695,1507,3,0.2,0.06,0.07,0.0,49,-13,123,0,2.92,-0.18,0.0182,0.0657,28.7,33.74,19.71
695.527,flow_only,92.5,52.1374067,21.1608163,86.44,52.1374097,21.1608663,28,0.5,0.601,255,0.0,0.1677,0.0472,-0.1122,3.018,3.656,-1.71,-3.76,296.5,0.04,0.02,0.09,0.06,99695,1507,3,0.2,0.06,0.07,0.0,49,-5,138,0,2.88,-0.18,0.0348,0.0905,28.2,36.05,16.5
695.627,flow_only,92.6,52.1374071,21.1608155,86.41,52.1374097,21.1608663,28,0.5,0.601,255,0.1677,0.0,-0.0223,-0.0892,3.01,3.622,-1.61,-4.2,297.48,0.04,0.02,0.07,0.05,99695,1507,3,0.2,0.06,0.07,0.0,49,111,42,0,2.84,-0.25,0.0388,0.0943,29.22,32.65,18.48
695.727,flow_only,92.7,52.1374074,21.1608146,86.37,52.1374101,21.1608646,28,0.5,0.658,255,0.0,0.5029,-0.0637,0.1228,3.0,3.589,-2.01,-4.01,298.21,0.04,0.02,0.08,0.07,99695,1507,3,0.2,0.06,0.07,0.0,49,32,-56,0,2.82,-0.28,0.0317,0.088,28.38,29.65,19.85
695.827,flow_only,92.8,52.1374077,21.1608137,86.34,52.1374101,21.1608646,28,0.5,0.658,255,0.0,0.1677,-0.0463,0.0402,3.002,3.556,-2.35,-3.63,298.73,0.04,0.02,0.07,0.07,99695,1507,3,0.2,0.06,0.07,0.0,49,-125,76,0,2.79,-0.29,0.0282,0.0848,31.06,31.25,22.53
695.927,flow_only,92.9,52.1374081,21.1608127,86.31,52.1374106,21.1608629,28,0.5,0.671,255,0.0,0.1677,-0.1394,0.1104,3.026,3.526,-2.95,-3.18,298.77,0.04,0.02,0.05,0.06,99695,1507,3,0.2,0.06,0.07,0.0,49,53,65,0,2.77,-0.31,0.0271,0.0775,32.24,30.27,22.56
696.027,flow_only,93.0,52.1374082,21.1608119,86.28,52.1374106,21.1608629,28,0.5,0.671,255,-0.1677,0.1677,-0.0509,0.0549,3.03,3.499,-3.54,-2.63,298.72,0.04,0.02,0.07,0.08,99695,1507,3,0.2,0.06,0.07,0.0,49,140,-185,0,2.75,-0.33,0.0311,0.0844,27.86,29.43,17.62
696.127,flow_only,93.1,52.1374083,21.160811,86.26,52.1374112,21.1608611,28,0.5,0.695,255,0.1677,0.1677,0.125,-0.001,3.026,3.477,-3.05,-2.67,298.71,0.04,0.02,0.01,0.09,99695,1507,3,0.19,0.06,0.07,0.0,49,-53,-50,0,2.76,-0.35,0.0257,0.0645,24.15,30.79,18.83
696.227,flow_only,93.2,52.1374085,21.1608103,86.24,52.1374112,21.1608611,28,0.5,0.695,255,0.1677,0.1677,0.0816,-0.1244,3.044,3.458,-2.28,-3.09,298.46,0.04,0.02,0.07,0.09,99695,1507,3,0.19,0.06,0.07,0.0,49,-2,-30,0,2.74,-0.35,0.0178,0.0563,25.08,30.95,17.57
696.327,flow_only,93.3,52.1374086,21.1608096,86.22,52.1374119,21.1608591,28,0.5,0.805,255,0.0,0.1677,-0.0298,-0.0807,3.07,3.439,-2.55,-3.65,298.11,0.04,0.02,0.05,0.05,99695,1507,3,0.19,0.07,0.07,0.0,49,40,67,0,2.73,-0.39,0.0176,0.0554,29.89,31.27,17.51
696.427,flow_only,93.4,52.1374088,21.1608089,86.2,52.1374119,21.1608591,28,0.5,0.805,255,0.0,0.1677,0.0096,-0.1242,3.084,3.418,-2.32,-4.29,297.74,0.04,0.02,0.05,0.08,99695,1507,3,0.19,0.07,0.07,0.0,49,-71,42,0,2.72,-0.42,0.0085,0.0418,30.6,30.3,19.16
696.527,flow_only,93.5,52.137409,21.160808,86.18,52.1374125,21.1608572,28,0.5,0.683,255,0.0,0.1677,-0.0511,-0.0475,3.086,3.396,-2.54,-4.92,297.31,0.04,0.02,0.05,0.07,99695,1507,3,0.19,0.07,0.07,0.0,49,36,-93,0,2.72,-0.45,0.0083,0.0389,27.91,28.26,17.8
696.627,flow_only,93.6,52.1374093,21.1608072,86.16,52.1374125,21.1608572,28,0.5,0.683,255,0.0,0.503,0.0714,-0.0055,3.094,3.373,-2.38,-4.92,296.95,0.04,0.02,0.04,0.08,99695,1507,3,0.19,0.07,0.07,0.0,49,-17,-103,0,2.71,-0.45,0.0146,0.0429,26.99,24.58,15.63
696.727,flow_only,93.7,52.1374096,21.1608062,86.13,52.1374131,21.1608552,28,0.5,0.875,255,0.0,0.1677,0.059,0.2131,3.096,3.349,-1.99,-4.27,296.67,0.04,0.02,0.06,0.08,99695,1507,3,0.19,0.06,0.07,0.0,49,-67,-25,0,2.69,-0.48,0.0143,0.0399,23.92,20.6,12.68
696.827,flow_only,93.8,52.1374099,21.1608052,86.11,52.1374131,21.1608552,28,0.5,0.875,255,0.0,0.503,-0.0402,0.2078,3.086,3.325,-1.85,-2.88,296.62,0.04,0.02,0.03,0.06,99695,1507,3,0.19,0.06,0.07,0.0,49,-27,273,0,2.68,-0.49,0.032,0.0566,21.81,19.9,13.23
696.927,flow_only,93.9,52.1374104,21.160804,86.09,52.1374139,21.160853,28,0.5,0.913,255,0.0,0.1677,0.0044,0.0022,3.114,3.301,-2.08,-2.51,296.97,0.04,0.02,0.06,0.1,99695,1507,3,0.19,0.07,0.07,0.0,49,56,-163,0,2.67,-0.5,0.0123,0.0347,24.62,26.32,12.35
697.027,flow_only,94.0,52.1374109,21.1608028,86.07,52.1374139,21.160853,28,0.5,0.913,255,0.0,0.3353,0.0736,0.1201,3.146,3.281,-1.75,-2.07,297.44,0.04,0.02,0.0,0.08,99695,1507,3,0.19,0.07,0.07,0.0,49,1,-159,0,2.68,-0.49,0.0145,0.0266,25.56,25.15,15.11
697.127,flow_only,94.1,52.1374113,21.1608018,86.05,52.1374148,21.1608507,28,0.5,0.927,255,0.0,0.5031,-0.0519,0.0874,3.156,3.266,-1.84,-1.49,297.96,0.04,0.02,0.03,0.06,99695,1507,3,0.19,0.07,0.07,0.0,49,136,78,0,2.68,-0.55,0.0042,0.012,25.46,20.83,15.51
697.227,flow_only,94.2,52.1374117,21.1608008,86.04,52.1374148,21.1608507,28,0.5,0.927,255,0.0,0.1676,-0.0407,0.0489,3.148,3.251,-2.27,-1.1,298.31,0.04,0.02,0.03,0.08,99695,1507,3,0.19,0.07,0.07,0.0,49,-45,94,0,2.67,-0.55,0.0031,0.0075,25.15,19.96,17.27
697.327,flow_only,94.3,52.1374121,21.1607998,86.02,52.1374157,21.1608484,28,0.5,0.945,255,-0.1677,0.1677,-0.0659,-0.0008,3.154,3.237,-2.64,-1.01,298.5,0.04,0.02,0.03,0.06,99695,1507,3,0.19,0.07,0.07,0.0,49,52,-11,0,2.68,-0.56,0.0033,0.0085,24.32,22.61,17.81
697.427,flow_only,94.4,52.1374125,21.1607987,86.01,52.1374157,21.1608484,28,0.5,0.945,255,0.0,0.3353,-0.0659,-0.0141,3.18,3.222,-3.01,-1.13,298.58,0.04,0.02,0.01,0.07,99695,1507,3,0.19,0.07,0.07,0.0,49,-86,-144,0,2.68,-0.56,0.0014,0.004,22.44,26.65,15.89
697.527,flow_only,94.5,52.1374128,21.1607978,86.0,52.1374166,21.1608462,28,0.5,0.871,255,0.0,0.1677,0.0084,0.0542,3.2,3.21,-3.11,-0.76,298.67,0.04,0.02,0.0,0.06,99695,1507,3,0.19,0.06,0.07,0.0,49,41,-213,0,2.7,-0.56,0.0282,0.0524,27.25,28.67,15.65
697.627,flow_only,94.6,52.137413,21.160797,85.98,52.1374166,21.1608462,28,0.5,0.871,255,0.0,0.1677,0.0105,-0.0136,3.214,3.2,-3.07,-0.9,298.6,0.04,0.02,0.0,0.06,99695,1507,3,0.19,0.06,0.07,0.0,49,-175,83,0,2.7,-0.56,0.0249,0.044,26.86,23.98,18.78
697.727,flow_only,94.7,52.1374133,21.1607964,85.97,52.1374173,21.1608442,28,0.5,0.792,255,0.0,0.3353,0.0325,-0.0475,3.22,3.19,-2.83,-1.0,298.26,0.04,0.02,0.0,0.07,99695,1507,3,0.19,0.06,0.07,0.0,49,-44,-115,0,2.71,-0.59,0.0341,0.0604,26.44,24.69,16.01
697.827,flow_only,94.8,52.1374135,21.1607957,85.97,52.1374173,21.1608442,28,0.5,0.792,255,0.0,0.0,-0.08,-0.0972,3.23,3.181,-3.02,-1.54,297.89,0.04,0.02,0.0,0.03,99695,1507,3,0.19,0.06,0.07,0.0,49,39,0,0,2.72,-0.58,0.0248,0.0512,23.71,26.89,15.26
697.927,flow_only,94.9,52.1374137,21.160795,85.95,52.1374181,21.1608421,28,0.5,0.883,255,0.0,0.0,-0.0491,-0.0901,3.238,3.168,-3.33,-2.09,297.48,0.04,0.02,0.04,0.06,99695,1507,3,0.19,0.06,0.07,0.0,49,51,-178,0,2.71,-0.6,0.0189,0.0403,22.51,24.61,16.74
698.027,flow_only,95.0,52.1374139,21.1607943,85.94,52.1374181,21.1608421,28,0.5,0.883,255,0.0,0.3353,0.0508,-0.0329,3.25,3.151,-3.07,-2.46,297.05,0.04,0.02,0.02,0.05,99695,1507,3,0.19,0.06,0.07,0.0,49,16,-173,0,2.7,-0.62,0.0237,0.0476,23.18,25.76,16.7
698.127,flow_only,95.1,52.137414,21.1607937,85.92,52.1374189,21.16084,28,0.5,0.869,255,0.0,0.1677,0.0141,0.0205,3.238,3.133,-2.87,-2.49,296.47,0.04,0.02,0.01,0.05,99695,1507,3,0.19,0.06,0.07,0.0,49,-82,-53,0,2.71,-0.62,0.0187,0.0365,28.15,26.99,18.44
698.227,flow_only,95.2,52.1374143,21.160793,85.9,52.1374189,21.16084,28,0.5,0.869,255,0.0,0.1677,0.0603,-0.0597,3.248,3.113,-2.49,-2.57,295.87,0.04,0.02,0.02,0.07,99695,1507,3,0.19,0.06,0.07,0.0,49,-77,-111,0,2.7,-0.63,0.017,0.0303,26.13,29.87,17.46
698.327,flow_only,95.3,52.1374145,21.1607924,85.88,52.1374196,21.1608379,28,0.5,0.722,255,-0.1677,0.0,-0.1035,-0.1287,3.248,3.096,-2.9,-3.28,295.42,0.04,0.02,0.01,0.09,99695,1507,3,0.19,0.06,0.07,0.0,49,46,42,0,2.71,-0.62,0.0117,0.0282,30.6,27.44,18.22
698.427,flow_only,95.4,52.1374148,21.1607916,85.87,52.1374196,21.1608379,28,0.5,0.722,255,0.1677,0.0,0.133,-0.1163,3.258,3.086,-2.48,-4.1,295.12,0.04,0.02,0.06,0.07,99695,1507,3,0.19,0.06,0.07,0.0,49,-46,81,0,2.73,-0.6,0.0165,0.0497,29.72,29.54,18.59
698.527,flow_only,95.5,52.1374151,21.1607909,85.87,52.1374203,21.1608359,28,0.5,0.859,255,0.0,0.0,0.0159,-0.0327,3.268,3.081,-1.83,-4.56,295.11,0.04,0.02,0.05,0.06,99695,1507,3,0.19,0.07,0.07,0.0,49,-159,29,0,2.76,-0.58,0.0295,0.0722,27.91,30.13,18.13
698.627,flow_only,95.6,52.1374155,21.1607902,85.86,52.1374203,21.1608359,28,0.5,0.859,255,-0.1676,0.5028,-0.1584,0.0947,3.27,3.076,-2.63,-4.16,295.08,0.04,0.02,0.02,0.06,99695,1507,3,0.19,0.07,0.07,0.0,49,150,-147,0,2.75,-0.6,0.0139,0.045,29.44,33.61,19.51
698.727,flow_only,95.7,52.1374158,21.1607894,85.85,52.137421,21.1608338,28,0.5,0.842,255,0.0,0.1676,0.0101,-0.0524,3.292,3.065,-2.87,-4.16,295.1,0.04,0.02,0.02,0.04,99695,1507,3,0.19,0.06,0.07,0.0,49,-110,-100,0,2.74,-0.62,0.0143,0.0333,31.0,32.2,20.52
698.827,flow_only,95.8,52.1374162,21.1607885,85.84,52.137421,21.1608338,28,0.5,0.842,255,-0.1677,0.1677,-0.0988,-0.0455,3.292,3.054,-3.19,-4.34,295.42,0.04,0.02,0.04,0.08,99695,1507,3,0.19,0.06,0.07,0.0,49,62,261,0,2.75,-0.61,0.0203,0.0501,29.93,29.16,19.26
698.927,flow_only,95.9,52.1374165,21.1607875,85.83,52.1374217,21.1608315,28,0.5,0.926,255,-0.1677,0.5031,-0.0039,-0.075,3.298,3.043,-3.5,-4.8,295.69,0.04,0.02,0.02,0.07,99695,1507,3,0.19,0.06,0.07,0.0,49,-107,-18,0,2.75,-0.62,0.0233,0.0572,28.76,32.25,17.77
699.027,flow_only,96.0,52.1374169,21.1607863,85.82,52.1374217,21.1608315,28,0.5,0.926,255,0.1677,0.1677,0.095,0.1618,3.292,3.033,-3.14,-4.28,295.89,0.04,0.02,0.0,0.05,99695,1507,3,0.19,0.06,0.07,0.0,49,-7,105,0,2.75,-0.62,0.025,0.0568,30.83,30.01,19.37
699.127,flow_only,96.1,52.1374173,21.1607853,85.8,52.1374225,21.1608291,28,0.5,0.932,255,0.0,0.3354,-0.0563,0.0901,3.27,3.02,-3.13,-3.57,296.1,0.04,0.02,0.01,0.05,99695,1507,3,0.19,0.06,0.07,0.0,49,-80,189,0,2.74,-0.64,0.0195,0.0431,33.28,29.73,20.08
699.227,flow_only,96.2,52.1374177,21.1607841,85.79,52.1374225,21.1608291,28,0.5,0.932,255,-0.1677,0.1677,-0.0682,0.062,3.29,3.003,-3.72,-3.11,296.27,0.04,0.02,0.0,0.06,99695,1507,3,0.19,0.06,0.07,0.0,49,99,273,0,2.73,-0.63,0.0275,0.0523,32.44,30.83,19.86
699.327,flow_only,96.3,52.137418,21.1607829,85.77,52.1374232,21.1608265,28,0.5,1.04,255,0.0,0.3353,0.06,0.0591,3.272,2.986,-3.68,-2.93,296.27,0.04,0.02,0.03,0.06,99695,1507,3,0.19,0.07,0.07,0.0,49,17,-189,0,2.73,-0.64,0.0101,0.0355,29.2,30.88,19.03
699.427,flow_only,96.4,52.1374183,21.1607817,85.76,52.1374232,21.1608265,28,0.5,1.04,255,0.0,0.1677,0.1105,0.0988,3.268,2.971,-3.02,-2.37,296.25,0.04,0.02,0.02,0.07,99695,1507,3,0.19,0.07,0.07,0.0,49,54,-61,0,2.73,-0.63,0.0132,0.0409,29.62,29.1,18.44
699.527,flow_only,96.5,52.1374186,21.1607804,85.74,52.1374238,21.1608238,28,0.5,0.973,255,0.1676,0.5029,0.0469,-0.0161,3.242,2.955,-2.58,-2.16,296.13,0.04,0.02,0.01,0.05,99695,1507,3,0.19,0.07,0.07,0.0,49,-131,-44,0,2.72,-0.63,0.0114,0.0304,29.35,29.44,19.0
699.627,flow_only,96.6,52.1374189,21.1607793,85.72,52.1374238,21.1608238,28,0.5,0.973,255,0.0,0.1677,0.0564,-0.0426,3.226,2.937,-2.45,-2.47,295.99,0.04,0.02,0.01,0.07,99695,1507,3,0.19,0.07,0.07,0.0,49,-22,72,0,2.7,-0.62,0.0126,0.0269,32.51,28.2,19.48
699.727,flow_only,96.7,52.1374192,21.1607782,85.7,52.1374244,21.1608211,28,0.5,1.052,255,0.0,0.0,0.0395,-0.0533,3.226,2.915,-2.18,-2.77,295.97,0.04,0.02,0.02,0.07,99695,1507,3,0.19,0.07,0.07,0.0,49,95,72,0,2.68,-0.62,0.0086,0.0173,30.14,29.72,22.35
699.827,flow_only,96.8,52.1374194,21.1607772,85.68,52.1374244,21.1608211,28,0.5,1.052,255,0.0,0.3353,-0.0043,0.0854,3.214,2.893,-2.15,-2.59,295.99,0.04,0.02,0.0,0.08,99695,1507,3,0.19,0.07,0.07,0.0,49,140,12,0,2.67,-0.64,0.014,0.0241,31.79,28.67,19.86
699.927,flow_only,96.9,52.1374196,21.1607761,85.66,52.137425,21.1608183,28,0.5,0.972,255,0.0,0.3353,-0.0412,0.0613,3.216,2.871,-2.28,-2.04,295.98,0.04,0.02,0.01,0.06,99695,1507,3,0.19,0.07,0.07,0.0,49,-23,-85,0,2.66,-0.64,0.0167,0.0303,27.81,36.67,16.99
700.027,flow_only,97.0,52.1374198,21.1607751,85.64,52.137425,21.1608183,28,0.5,0.972,255,0.0,0.3354,-0.0464,-0.0259,3.188,2.852,-2.48,-2.14,296.09,0.04,0.02,0.0,0.06,99695,1507,3,0.19,0.07,0.07,0.0,49,29,-92,0,2.66,-0.64,0.0195,0.036,26.24,33.18,18.67
700.127,flow_only,97.1,52.1374199,21.1607742,85.62,52.1374255,21.1608157,28,0.5,0.944,255,0.0,0.1677,0.0245,-0.0945,3.178,2.836,-2.58,-2.43,296.53,0.04,0.02,0.01,0.07,99695,1507,3,0.19,0.06,0.07,0.0,49,-9,-103,0,2.67,-0.61,0.0182,0.0366,32.2,31.17,19.71
700.227,flow_only,97.2,52.1374201,21.1607732,85.61,52.1374255,21.1608157,28,0.5,0.944,255,0.0,0.1677,0.0452,-0.0704,3.184,2.823,-2.38,-2.87,296.86,0.04,0.02,0.01,0.07,99695,1507,3,0.19,0.06,0.07,0.0,49,131,-4,0,2.66,-0.61,0.0179,0.0381,29.16,32.25,20.26
700.327,flow_only,97.3,52.1374202,21.1607723,85.59,52.1374261,21.1608132,28,0.5,0.907,255,0.1677,0.3354,0.0661,0.003,3.17,2.808,-1.98,-3.02,296.9,0.04,0.02,0.03,0.07,99695,1507,3,0.19,0.06,0.07,0.0,49,66,-39,0,2.65,-0.62,0.0228,0.0426,31.71,30.87,23.63
700.427,flow_only,97.4,52.1374203,21.1607714,85.58,52.1374261,21.1608132,28,0.5,0.907,255,0.0,0.3354,0.0316,-0.0375,3.152,2.79,-1.71,-3.07,296.73,0.04,0.02,0.01,0.04,99695,1507,3,0.19,0.06,0.07,0.0,49,-82,220,0,2.64,-0.62,0.0074,0.0116,34.94,27.94,23.66
700.527,flow_only,97.5,52.1374206,21.1607705,85.56,52.1374267,21.1608109,28,0.5,0.91,255,0.0,0.1677,-0.0426,-0.0771,3.17,2.774,-1.75,-3.43,296.69,0.04,0.02,0.0,0.05,99695,1507,3,0.19,0.06,0.07,0.0,49,-35,-38,0,2.63,-0.61,0.0043,0.013,32.32,30.97,21.71
700.627,flow_only,97.6,52.1374208,21.1607697,85.55,52.1374267,21.1608109,28,0.5,0.91,255,-0.1677,0.1677,-0.0555,-0.0694,3.17,2.76,-2.13,-4.01,296.75,0.04,0.02,0.0,0.08,99695,1507,3,0.19,0.06,0.07,0.0,49,65,-135,0,2.63,-0.61,0.016,0.0313,31.95,37.43,21.61
700.727,flow_only,97.7,52.1374209,21.160769,85.53,52.1374274,21.1608087,28,0.5,0.834,255,0.0,0.3354,0.0347,0.0374,3.162,2.746,-1.96,-3.84,296.69,0.04,0.02,0.02,0.06,99695,1507,3,0.19,0.06,0.07,0.0,49,-40,-121,0,2.62,-0.64,0.0199,0.036,30.66,39.46,21.04
700.827,flow_only,97.8,52.1374212,21.1607682,85.51,52.1374274,21.1608087,28,0.5,0.834,255,-0.1677,0.1677,-0.1095,-0.0192,3.154,2.729,-2.41,-4.01,296.61,0.04,0.02,0.05,0.08,99695,1507,3,0.19,0.06,0.07,0.0,49,-107,281,0,2.59,-0.65,0.0149,0.026,30.92,38.83,20.04
700.927,flow_only,97.9,52.1374215,21.1607674,85.49,52.1374282,21.1608066,28,0.5,0.912,255,0.0,0.3353,0.0122,-0.0814,3.14,2.708,-2.56,-4.36,296.43,0.04,0.02,0.02,0.06,99695,1507,3,0.19,0.06,0.07,0.0,49,-118,140,0,2.59,-0.65,0.0218,0.0362,39.1,37.77,22.91
701.027,flow_only,98.0,52.1374219,21.1607666,85.47,52.1374282,21.1608066,28,0.5,0.912,255,-0.1677,0.1677,-0.1272,-0.039,3.152,2.69,-2.99,-4.74,296.21,0.04,0.02,0.01,0.04,99695,1507,3,0.19,0.06,0.07,0.0,49,125,-213,0,2.59,-0.65,0.0075,0.0123,36.91,34.65,22.29
701.127,flow_only,98.1,52.1374222,21.1607658,85.46,52.1374292,21.1608044,28,0.5,0.979,255,0.0,0.1677,-0.085,0.0018,3.164,2.673,-3.66,-4.79,295.96,0.04,0.02,0.02,0.07,99695,1507,3,0.19,0.07,0.07,0.0,49,-18,-98,0,2.59,-0.65,0.0104,0.0191,34.56,35.88,23.22
701.227,flow_only,98.2,52.1374225,21.160765,85.45,52.1374292,21.1608044,28,0.5,0.979,255,-0.1676,0.5028,0.0209,0.0754,3.182,2.661,-3.68,-4.67,295.68,0.04,0.02,0.04,0.08,99695,1507,3,0.19,0.07,0.07,0.0,49,-85,-77,0,2.61,-0.63,0.008,0.0185,32.96,32.89,21.34
701.327,flow_only,98.3,52.1374228,21.1607643,85.44,52.1374303,21.1608022,28,0.5,0.942,255,0.0,0.3353,0.042,0.0602,3.2,2.653,-3.54,-4.24,295.44,0.04,0.02,0.02,0.05,99695,1507,3,0.19,0.07,0.07,0.0,49,24,-189,0,2.61,-0.66,0.0258,0.042,32.73,31.71,21.17
701.427,flow_only,98.4,52.1374231,21.1607636,85.43,52.1374303,21.1608022,28,0.5,0.942,255,0.0,0.1677,-0.043,-0.0858,3.212,2.646,-3.42,-4.5,295.28,0.04,0.02,0.03,0.06,99695,1507,3,0.19,0.07,0.07,0.0,49,-49,-107,0,2.63,-0.65,0.0185,0.0329,35.2,31.44,21.97
701.527,flow_only,98.5,52.1374234,21.1607628,85.43,52.1374313,21.1608,28,0.5,0.953,255,0.0,0.1677,-0.0314,-0.0623,3.21,2.644,-3.65,-4.91,295.16,0.04,0.02,0.03,0.06,99695,1507,3,0.19,0.07,0.07,0.0,49,-92,141,0,2.64,-0.65,0.011,0.0312,36.0,28.88,25.13
701.627,flow_only,98.6,52.1374237,21.160762,85.43,52.1374313,21.1608,28,0.5,0.953,255,-0.1676,0.1676,-0.0186,-0.032,3.21,2.644,-3.73,-5.3,294.93,0.04,0.02,0.02,0.07,99695,1507,3,0.19,0.07,0.07,0.0,49,-118,141,0,2.66,-0.63,0.0155,0.0375,33.12,32.65,23.56
701.727,flow_only,98.7,52.1374241,21.1607611,85.43,52.1374322,21.1607975,28,0.5,0.998,255,-0.1677,0.503,-0.0179,0.0818,3.244,2.644,-3.8,-5.04,294.59,0.04,0.02,0.02,0.1,99695,1507,3,0.19,0.07,0.07,0.0,49,52,21,0,2.67,-0.62,0.0093,0.0333,37.88,30.58,20.52
701.827,flow_only,98.8,52.1374245,21.1607601,85.43,52.1374322,21.1607975,28,0.5,0.998,255,0.0,0.1677,0.0003,-0.0195,3.242,2.644,-3.75,-4.92,294.17,0.04,0.02,0.02,0.06,99695,1507,3,0.19,0.07,0.07,0.0,49,-132,5,0,2.67,-0.62,0.0231,0.0489,32.91,35.58,23.63
701.927,flow_only,98.9,52.1374249,21.1607591,85.43,52.1374332,21.1607949,28,0.5,1.087,255,-0.1677,0.3354,-0.0515,0.0205,3.262,2.644,-4.06,-4.95,293.88,0.04,0.02,0.02,0.09,99695,1507,3,0.19,0.07,0.07,0.0,49,-80,-105,0,2.7,-0.63,0.0172,0.0416,32.52,35.25,24.07
702.027,flow_only,99.0,52.1374253,21.1607582,85.43,52.1374332,21.1607949,28,0.5,1.087,255,0.0,0.6706,0.0457,0.0452,3.242,2.641,-3.77,-4.6,293.71,0.04,0.02,0.02,0.05,99695,1507,3,0.19,0.07,0.07,0.0,49,-52,135,0,2.7,-0.62,0.0142,0.0393,33.26,33.0,22.5
702.127,flow_only,99.1,52.1374257,21.1607571,85.42,52.1374343,21.1607923,28,0.5,1.088,255,0.0,0.5031,-0.0482,0.0418,3.25,2.637,-3.95,-4.41,293.74,0.04,0.02,0.03,0.07,99695,1507,3,0.19,0.07,0.07,0.0,49,67,11,0,2.71,-0.62,0.0073,0.0339,32.08,31.06,19.17
702.227,flow_only,99.2,52.137426,21.1607561,85.42,52.1374343,21.1607923,28,0.5,1.088,255,0.0,0.1677,0.0122,-0.0127,3.254,2.631,-4.18,-4.26,293.97,0.04,0.02,0.0,0.06,99695,1507,3,0.19,0.07,0.07,0.0,49,67,-28,0,2.71,-0.61,0.0078,0.0269,32.04,29.57,22.68
702.327,flow_only,99.3,52.1374263,21.160755,85.41,52.1374353,21.1607895,28,0.5,1.119,255,0.0,0.503,0.0606,0.136,3.244,2.623,-3.81,-3.87,294.14,0.04,0.02,0.02,0.07,99695,1507,3,0.19,0.07,0.07,0.0,49,-31,216,0,2.72,-0.61,0.0164,0.0351,32.45,32.68,19.33
702.427,flow_only,99.4,52.1374266,21.160754,85.4,52.1374353,21.1607895,28,0.5,1.119,255,0.0,0.3353,0.0441,0.049,3.238,2.614,-3.56,-3.36,294.27,0.04,0.02,0.0,0.05,99695,1507,3,0.19,0.07,0.07,0.0,49,-62,-112,0,2.71,-0.61,0.0114,0.0214,31.77,29.85,18.11
702.527,flow_only,99.5,52.1374268,21.1607529,85.39,52.1374361,21.1607865,28,0.5,1.13,255,0.0,0.1677,-0.0348,-0.011,3.266,2.604,-3.63,-3.31,294.41,0.04,0.02,0.02,0.06,99695,1507,3,0.19,0.07,0.07,0.0,49,-36,-7,0,2.72,-0.6,0.005,0.0197,34.23,31.92,17.06
702.627,flow_only,99.6,52.1374271,21.1607516,85.38,52.1374361,21.1607865,28,0.5,1.13,255,0.0,0.5032,0.0784,-0.0326,3.26,2.594,-3.46,-3.39,294.58,0.04,0.02,0.0,0.08,99695,1507,3,0.19,0.07,0.07,0.0,49,-13,-6,0,2.71,-0.62,0.0254,0.0433,31.9,34.44,20.97
702.727,flow_only,99.7,52.1374275,21.1607503,85.37,52.137437,21.1607834,28,0.5,1.194,255,0.0,0.1677,-0.0102,-0.0166,3.242,2.582,-3.38,-3.68,294.7,0.04,0.02,0.0,0.03,99695,1507,3,0.19,0.07,0.07,0.0,49,-46,227,0,2.72,-0.62,0.038,0.0633,33.71,32.47,26.38
702.827,flow_only,99.8,52.1374279,21.1607489,85.35,52.137437,21.1607834,28,0.5,1.194,255,0.0,0.3354,0.129,0.2083,3.232,2.569,-2.9,-2.87,294.77,0.04,0.02,0.0,0.07,99695,1507,3,0.19,0.07,0.07,0.0,49,84,225,0,2.72,-0.61,0.0461,0.0764,34.36,32.04,26.16
702.927,flow_only,99.9,52.1374283,21.1607476,85.34,52.1374379,21.1607803,28,0.5,1.169,255,-0.3353,0.6707,-0.1478,0.1174,3.222,2.559,-3.17,-2.0,294.82,0.04,0.02,0.05,0.09,99695,1507,3,0.19,0.07,0.07,0.0,49,22,-317,0,2.74,-0.58,0.0087,0.0236,35.8,38.13,22.13
703.027,flow_only,100.0,52.1374287,21.1607465,85.34,52.1374379,21.1607803,28,0.5,1.169,255,0.0,0.1677,-0.1001,-0.0173,3.234,2.551,-3.72,-1.71,294.96,0.04,0.02,0.0,0.05,99695,1507,3,0.19,0.07,0.07,0.0,49,-74,-68,0,2.73,-0.57,0.0216,0.0376,40.12,34.31,25.7
703.127,flow_only,100.1,52.1374291,21.1607454,85.33,52.1374388,21.1607772,28,0.5,1.156,255,0.0,0.1677,-0.0418,0.0721,3.264,2.543,-4.12,-1.65,294.79,0.04,0.02,0.03,0.07,99695,1507,3,0.19,0.07,0.07,0.0,49,-64,-149,0,2.75,-0.57,0.0142,0.029,37.92,34.56,24.73
703.227,flow_only,100.2,52.1374295,21.1607445,85.32,52.1374388,21.1607772,28,0.5,1.156,255,0.0,0.3353,0.1181,-0.0113,3.214,2.535,-3.55,-1.53,294.53,0.04,0.02,0.01,0.06,99695,1507,3,0.19,0.07,0.07,0.0,49,53,177,0,2.75,-0.58,0.0167,0.0334,35.59,35.78,22.51
703.327,flow_only,100.3,52.1374298,21.1607434,85.31,52.1374397,21.1607744,28,0.5,0.983,255,0.0,0.0,-0.1449,-0.085,3.194,2.525,-3.77,-2.0,294.25,0.04,0.02,0.0,0.04,99695,1507,3,0.19,0.06,0.07,0.0,49,69,72,0,2.75,-0.55,0.0117,0.0224,42.34,34.62,25.46
703.427,flow_only,100.4,52.1374301,21.1607423,85.3,52.1374397,21.1607744,28,0.5,0.983,255,0.0,0.3354,-0.0587,-0.035,3.218,2.512,-4.33,-2.35,293.99,0.04,0.02,0.0,0.02,99695,1507,3,0.19,0.06,0.07,0.0,49,135,-45,0,2.73,-0.55,0.0179,0.0289,38.11,37.46,22.61
703.527,flow_only,100.5,52.1374304,21.1607413,85.28,52.1374406,21.1607718,28,0.5,1.046,255,0.0,0.3354,-0.0454,0.0009,3.21,2.496,-4.45,-2.54,293.7,0.04,0.02,0.0,0.07,99695,1507,3,0.19,0.06,0.07,0.0,49,-156,101,0,2.72,-0.56,0.0108,0.0187,35.04,38.66,23.46
703.627,flow_only,100.6,52.1374306,21.1607403,85.27,52.1374406,21.1607718,28,0.5,1.046,255,0.0,0.3354,0.1031,-0.0016,3.194,2.482,-4.11,-2.57,293.53,0.04,0.02,0.01,0.04,99695,1507,3,0.19,0.06,0.07,0.0,49,-14,72,0,2.72,-0.57,0.0085,0.0162,38.64,36.89,22.03
703.727,flow_only,100.7,52.1374309,21.1607394,85.25,52.1374414,21.160769,28,0.5,1.033,255,0.0,0.1677,-0.0483,0.0113,3.186,2.47,-3.91,-2.55,293.41,0.04,0.02,0.0,0.06,99695,1507,3,0.19,0.06,0.07,0.0,49,-115,87,0,2.72,-0.56,0.0115,0.0172,35.96,34.26,20.19
703.827,flow_only,100.8,52.1374311,21.1607383,85.25,52.1374414,21.160769,28,0.5,1.033,255,0.0,0.3353,0.0058,-0.0245,3.176,2.461,-4.12,-2.61,293.35,0.04,0.02,0.03,0.07,99695,1507,3,0.19,0.06,0.07,0.0,49,53,79,0,2.72,-0.54,0.0271,0.0454,36.5,32.8,25.87
703.927,flow_only,100.9,52.1374314,21.1607371,85.24,52.1374422,21.1607664,28,0.5,0.944,255,0.0,0.1676,0.0791,-0.0312,3.184,2.457,-3.92,-2.75,293.31,0.04,0.02,0.05,0.05,99695,1507,3,0.19,0.06,0.07,0.0,49,-4,259,0,2.75,-0.51,0.044,0.0756,34.32,37.52,24.42
704.027,flow_only,101.0,52.1374316,21.1607359,85.24,52.1374422,21.1607664,28,0.5,0.944,255,0.0,0.3353,0.0796,0.0342,3.164,2.453,-3.24,-2.78,293.36,0.04,0.02,0.0,0.06,99695,1507,3,0.19,0.06,0.07,0.0,49,179,88,0,2.73,-0.51,0.0347,0.0601,33.65,36.88,21.83
704.127,flow_only,101.1,52.1374319,21.1607347,85.23,52.1374429,21.1607639,28,0.5,0.917,255,0.0,0.1677,-0.0227,0.0016,3.166,2.448,-3.18,-2.62,293.45,0.04,0.02,0.01,0.06,99695,1507,3,0.19,0.06,0.07,0.0,49,-53,34,0,2.74,-0.52,0.0254,0.0455,34.05,34.05,22.49
704.227,flow_only,101.2,52.1374321,21.1607335,85.22,52.1374429,21.1607639,28,0.5,0.917,255,0.0,0.1677,0.0494,0.03,3.166,2.439,-3.15,-2.52,293.77,0.04,0.02,0.01,0.08,99695,1507,3,0.19,0.06,0.07,0.0,49,-37,-110,0,2.73,-0.52,0.0256,0.0445,35.21,39.2,22.34
704.327,flow_only,101.3,52.1374323,21.1607324,85.21,52.1374436,21.1607615,28,0.5,0.907,255,0.1677,0.3353,0.0416,0.0295,3.164,2.428,-2.85,-2.32,294.06,0.04,0.02,0.01,0.05,99695,1507,3,0.19,0.06,0.07,0.0,49,-82,-118,0,2.74,-0.51,0.0052,0.0128,35.83,38.47,21.36
704.427,flow_only,101.4,52.1374325,21.1607316,85.2,52.1374436,21.1607615,28,0.5,0.907,255,0.0,0.1677,-0.0042,-0.0108,3.152,2.419,-2.78,-2.25,294.38,0.04,0.02,0.02,0.06,99695,1507,3,0.19,0.06,0.07,0.0,49,-73,-90,0,2.74,-0.5,0.0132,0.0194,33.64,37.68,22.84
704.527,flow_only,101.5,52.1374327,21.1607306,85.2,52.1374442,21.1607591,27,0.51,0.834,255,0.0,0.0,0.0177,-0.084,3.148,2.413,-2.65,-2.61,294.74,0.04,0.02,0.03,0.05,99695,1507,3,0.19,0.07,0.07,0.0,49,-213,-22,0,2.76,-0.48,0.0055,0.0159,35.29,37.6,21.53
704.627,flow_only,101.6,52.1374329,21.1607297,85.19,52.1374442,21.1607591,27,0.51,0.834,255,0.0,0.3353,-0.0157,-0.0095,3.156,2.407,-2.72,-2.79,295.38,0.04,0.02,0.01,0.08,99695,1507,3,0.19,0.07,0.07,0.0,49,144,-162,0,2.75,-0.48,0.0125,0.0204,33.9,37.92,19.23
704.727,flow_only,101.7,52.1374331,21.1607289,85.18,52.1374448,21.1607569,28,0.5,0.783,255,0.0,0.1677,0.0013,-0.0743,3.128,2.398,-2.75,-2.98,296.05,0.04,0.02,0.0,0.08,99695,1507,3,0.19,0.06,0.07,0.0,49,-170,127,0,2.75,-0.48,0.0085,0.0131,33.12,36.7,18.54
704.827,flow_only,101.8,52.1374333,21.1607282,85.17,52.1374448,21.1607569,28,0.5,0.783,255,0.0,0.1677,-0.0102,-0.003,3.12,2.388,-2.79,-3.13,296.85,0.04,0.02,0.0,0.07,99695,1507,3,0.19,0.06,0.07,0.0,49,-9,-152,0,2.75,-0.47,0.0155,0.0265,34.77,31.68,23.24
704.927,flow_only,101.9,52.1374335,21.1607274,85.17,52.1374455,21.1607547,28,0.5,0.88,255,0.0,0.3353,0.0094,-0.0208,3.14,2.383,-2.9,-3.14,297.59,0.04,0.02,0.04,0.06,99695,1507,3,0.19,0.06,0.07,0.0,49,15,-57,0,2.76,-0.44,0.0122,0.0236,34.21,26.03,20.9
705.027,flow_only,102.0,52.1374337,21.1607265,85.16,52.1374455,21.1607547,28,0.5,0.88,255,0.0,0.1677,-0.0357,0.0378,3.148,2.379,-2.98,-3.17,298.17,0.04,0.02,0.01,0.05,99695,1507,3,0.19,0.06,0.07,0.0,49,-27,-11,0,2.76,-0.45,0.0027,0.0091,34.5,30.02,21.23
705.127,flow_only,102.1,52.137434,21.1607257,85.16,52.1374462,21.1607525,28,0.5,0.819,255,0.0,0.3354,0.0086,-0.0167,3.152,2.379,-2.99,-2.99,298.67,0.04,0.02,0.05,0.07,99695,1507,3,0.19,0.06,0.07,0.0,49,-155,223,0,2.78,-0.45,0.0138,0.0281,31.89,32.95,22.37
705.227,flow_only,102.2,52.1374343,21.1607249,85.17,52.1374462,21.1607525,28,0.5,0.819,255,0.0,0.1677,0.0177,-0.1115,3.15,2.381,-2.8,-3.57,299.07,0.04,0.02,0.03,0.06,99695,1507,3,0.19,0.06,0.07,0.0,49,-73,-112,0,2.79,-0.44,0.0163,0.0328,31.17,33.99,20.22
705.327,flow_only,102.3,52.1374346,21.1607241,85.17,52.137447,21.1607504,28,0.5,0.865,255,0.0,0.3354,0.0217,0.0281,3.15,2.382,-2.66,-3.63,299.31,0.04,0.02,0.01,0.06,99695,1507,3,0.19,0.07,0.07,0.0,49,-25,-58,0,2.79,-0.44,0.0155,0.0296,32.17,34.02,23.01
705.427,flow_only,102.4,52.137435,21.1607233,85.17,52.137447,21.1607504,28,0.5,0.865,255,-0.1677,0.3353,-0.1651,-0.024,3.134,2.382,-3.21,-3.7,299.26,0.04,0.02,0.04,0.07,99695,1507,3,0.19,0.07,0.07,0.0,49,19,262,0,2.8,-0.44,0.0139,0.0306,32.88,33.7,24.08
705.527,flow_only,102.5,52.1374354,21.1607225,85.17,52.1374478,21.1607483,28,0.5,0.852,255,0.0,0.1677,-0.1271,0.0611,3.146,2.381,-4.07,-3.53,299.11,0.04,0.02,0.0,0.07,99695,1507,3,0.19,0.06,0.07,0.0,49,16,126,0,2.8,-0.42,0.0136,0.0247,32.13,33.81,24.85
705.627,flow_only,102.6,52.1374358,21.1607217,85.16,52.1374478,21.1607483,28,0.5,0.852,255,-0.1677,0.1677,-0.1271,-0.0032,3.168,2.38,-4.63,-3.36,298.86,0.04,0.02,0.03,0.07,99695,1507,3,0.19,0.06,0.07,0.0,49,-47,-147,0,2.81,-0.4,0.0144,0.0279,34.33,30.6,24.69
705.727,flow_only,102.7,52.1374362,21.160721,85.16,52.1374487,21.1607461,28,0.5,0.906,255,-0.3353,0.503,-0.0738,0.018,3.168,2.377,-5.12,-3.36,298.5,0.04,0.02,0.0,0.05,99695,1507,3,0.19,0.06,0.07,0.0,49,-31,-71,0,2.8,-0.43,0.0137,0.0251,31.65,33.95,23.65
705.827,flow_only,102.8,52.1374365,21.1607203,85.16,52.1374487,21.1607461,28,0.5,0.906,255,-0.1677,0.1677,-0.1229,0.0302,3.166,2.373,-5.55,-2.94,298.1,0.04,0.02,0.0,0.06,99695,1507,3,0.19,0.06,0.07,0.0,49,-90,-16,0,2.8,-0.43,0.0156,0.0278,35.23,32.84,22.47
705.927,flow_only,102.9,52.1374368,21.1607194,85.15,52.1374495,21.160744,28,0.5,0.84,255,0.0,0.3354,0.0517,-0.024,3.148,2.368,-5.66,-3.03,297.66,0.04,0.02,0.02,0.08,99695,1507,3,0.19,0.07,0.07,0.0,49,-97,266,0,2.82,-0.42,0.0124,0.0192,35.62,38.68,23.03
706.027,flow_only,103.0,52.1374371,21.1607186,85.15,52.1374495,21.160744,28,0.5,0.84,255,-0.1677,0.1677,-0.0294,-0.0753,3.136,2.363,-5.6,-3.48,297.43,0.04,0.02,0.02,0.08,99695,1507,3,0.19,0.07,0.07,0.0,49,-13,8,0,2.82,-0.41,0.0053,0.01,36.47,36.66,22.01
706.127,flow_only,103.1,52.1374375,21.1607177,85.14,52.1374503,21.1607418,28,0.5,0.833,255,0.0,0.3353,0.023,0.0288,3.128,2.359,-5.52,-3.62,297.29,0.04,0.02,0.01,0.07,99695,1507,3,0.19,0.07,0.07,0.0,49,163,-39,0,2.83,-0.38,0.004,0.0069,35.31,36.86,22.46
706.227,flow_only,103.2,52.1374377,21.1607168,85.14,52.1374503,21.1607418,28,0.5,0.833,255,0.0,0.1676,0.1588,-0.1016,3.102,2.356,-4.9,-3.87,297.29,0.04,0.02,0.03,0.05,99695,1507,3,0.19,0.07,0.07,0.0,49,48,-41,0,2.83,-0.36,0.0068,0.0139,40.68,36.03,23.63
706.327,flow_only,103.3,52.1374379,21.1607159,85.14,52.137451,21.1607396,28,0.5,0.916,255,0.0,0.1677,0.0334,-0.0146,3.102,2.352,-4.16,-4.26,297.17,0.04,0.02,0.0,0.06,99695,1507,3,0.19,0.07,0.07,0.0,49,184,16,0,2.83,-0.34,0.0211,0.0351,38.16,35.67,20.84
706.427,flow_only,103.4,52.1374381,21.160715,85.13,52.137451,21.1607396,28,0.5,0.916,255,0.0,0.3353,-0.0394,0.0622,3.104,2.345,-4.14,-3.97,296.92,0.04,0.02,0.01,0.05,99695,1507,3,0.19,0.07,0.07,0.0,49,-22,-77,0,2.81,-0.34,0.0187,0.0346,39.89,35.58,22.34
706.527,flow_only,103.5,52.1374382,21.1607142,85.13,52.1374516,21.1607371,28,0.5,0.915,255,0.0,0.1677,-0.0019,-0.0585,3.092,2.34,-4.21,-4.03,296.58,0.04,0.02,0.05,0.08,99695,1507,3,0.19,0.07,0.07,0.0,49,-18,-105,0,2.83,-0.35,0.0274,0.0482,43.87,41.3,22.23
706.627,flow_only,103.6,52.1374384,21.1607134,85.12,52.1374516,21.1607371,28,0.5,0.915,255,-0.1677,0.3353,-0.0245,-0.0019,3.142,2.34,-4.32,-4.25,296.25,0.04,0.02,0.01,0.04,99695,1507,3,0.19,0.07,0.07,0.0,49,-22,329,0,2.84,-0.34,0.0028,0.0064,41.54,32.6,26.39
706.727,flow_only,103.7,52.1374386,21.1607124,85.13,52.1374522,21.1607347,28,0.5,0.948,255,0.0,0.3354,-0.0207,0.0369,3.15,2.34,-4.53,-4.05,296.05,0.04,0.02,0.02,0.06,99695,1507,3,0.19,0.06,0.07,0.0,49,25,-108,0,2.85,-0.36,0.0112,0.0227,41.15,33.93,23.5
706.827,flow_only,103.8,52.1374388,21.1607114,85.13,52.1374522,21.1607347,28,0.5,0.948,255,0.1677,0.1677,0.144,-0.0204,3.116,2.342,-4.02,-4.1,295.89,0.04,0.02,0.02,0.04,99695,1507,3,0.19,0.06,0.07,0.0,49,-44,73,0,2.86,-0.36,0.002,0.0095,38.6,30.25,26.03
706.927,flow_only,103.9,52.1374392,21.1607103,85.13,52.1374529,21.1607321,28,0.5,0.951,255,0.0,0.503,-0.0145,0.017,3.114,2.345,-3.84,-4.06,295.85,0.04,0.02,0.02,0.05,99695,1507,3,0.19,0.06,0.07,0.0,49,-106,73,0,2.87,-0.32,0.0287,0.0478,37.91,29.67,22.07
707.027,flow_only,104.0,52.1374395,21.1607091,85.13,52.1374529,21.1607321,28,0.5,0.951,255,0.3354,0.3354,0.0374,0.1008,3.108,2.347,-3.59,-3.85,295.9,0.04,0.02,0.02,0.06,99695,1507,3,0.19,0.06,0.07,0.0,49,97,242,0,2.88,-0.31,0.0263,0.0455,32.42,40.15,20.56
707.127,flow_only,104.1,52.1374397,21.1607077,85.14,52.1374536,21.1607294,28,0.5,1.024,255,0.1676,0.3352,0.0134,0.0207,3.114,2.352,-3.67,-3.38,296.22,0.04,0.02,0.06,0.05,99695,1507,3,0.19,0.07,0.07,0.0,49,-31,113,0,2.91,-0.28,0.0302,0.0595,27.51,33.73,21.69
707.227,flow_only,104.2,52.1374399,21.1607063,85.15,52.1374536,21.1607294,28,0.5,1.024,255,0.1677,0.1677,0.1407,0.0783,3.108,2.362,-3.23,-3.13,296.58,0.04,0.02,0.03,0.05,99695,1507,3,0.19,0.07,0.07,0.0,49,-85,33,0,2.92,-0.26,0.0249,0.0516,26.6,39.14,17.74
707.327,flow_only,104.3,52.1374401,21.1607048,85.16,52.1374542,21.1607266,28,0.5,1.067,255,0.0,0.3353,-0.0363,0.0343,3.132,2.377,-3.01,-2.72,296.83,0.04,0.02,0.1,0.07,99695,1507,3,0.19,0.07,0.07,0.0,49,72,-26,0,2.96,-0.24,0.0352,0.0794,41.6,41.13,22.74
707.427,flow_only,104.4,52.1374403,21.1607032,85.19,52.1374542,21.1607266,28,0.5,1.067,255,0.1677,0.503,0.0621,0.1382,3.124,2.401,-2.89,-2.17,297.01,0.04,0.02,0.1,0.07,99695,1507,3,0.19,0.07,0.07,0.0,49,-52,-53,0,3.0,-0.2,0.0214,0.0719,35.1,40.86,19.18
707.527,flow_only,104.5,52.1374406,21.1607019,85.22,52.1374549,21.1607237,28,0.5,0.996,255,0.0,0.6709,-0.0298,0.1531,3.122,2.432,-2.78,-1.16,297.11,0.04,0.02,0.12,0.07,99695,1507,3,0.19,0.07,0.07,0.0,49,-104,-131,0,3.05,-0.16,0.0152,0.0772,35.97,32.31,19.87
707.627,flow_only,104.6,52.1374409,21.1607005,85.25,52.1374549,21.1607237,28,0.5,0.996,255,0.1677,0.1677,0.1395,-0.0694,3.1,2.461,-2.24,-1.14,297.2,0.04,0.02,0.02,0.05,99695,1507,3,0.19,0.07,0.07,0.0,49,-69,-42,0,3.06,-0.14,0.0184,0.0622,28.06,33.39,18.99
707.727,flow_only,104.7,52.1374412,21.1606993,85.27,52.1374555,21.1607211,28,0.5,0.893,255,0.0,0.1677,0.0222,0.1022,3.12,2.485,-1.91,-0.8,297.51,0.04,0.02,0.09,0.08,99695,1507,3,0.19,0.07,0.07,0.0,49,45,-81,0,3.09,-0.13,0.0117,0.0582,30.84,32.45,18.31
707.827,flow_only,104.8,52.1374415,21.1606981,85.3,52.1374555,21.1607211,28,0.5,0.893,255,0.0,0.3353,0.0215,0.0214,3.112,2.514,-1.75,-0.4,297.75,0.04,0.02,0.12,0.05,99695,1507,3,0.19,0.07,0.07,0.0,49,-62,308,0,3.14,-0.05,0.023,0.0812,29.38,29.61,18.71
707.927,flow_only,104.9,52.1374418,21.160697,85.33,52.1374562,21.1607186,28,0.5,0.914,255,0.0,0.1677,-0.1108,-0.0268,3.098,2.543,-2.04,-0.48,297.77,0.04,0.02,0.08,0.07,99695,1507,3,0.19,0.07,0.07,0.0,49,-7,92,0,3.16,-0.03,0.0184,0.071,28.08,29.2,17.66
708.027,flow_only,105.0,52.1374421,21.160696,85.35,52.1374562,21.1607186,28,0.5,0.914,255,0.0,0.1677,0.022,-0.0251,3.096,2.566,-2.41,-0.67,297.73,0.04,0.02,0.04,0.05,99695,1507,3,0.19,0.07,0.07,0.0,49,81,-5,0,3.17,-0.01,0.0116,0.0509,28.2,28.76,17.3
708.127,flow_only,105.1,52.1374424,21.160695,85.36,52.1374569,21.1607164,28,0.5,0.795,255,0.0,0.1677,0.0072,0.0096,3.096,2.58,-2.16,-0.57,297.72,0.04,0.02,0.0,0.07,99695,1507,3,0.19,0.07,0.07,0.0,49,-78,-83,0,3.16,-0.01,0.0108,0.0271,31.54,31.57,19.06
708.227,flow_only,105.2,52.1374427,21.1606942,85.37,52.1374569,21.1607164,28,0.5,0.795,255,-0.1677,0.1677,-0.1551,-0.1363,3.084,2.584,-2.87,-1.35,297.52,0.04,0.02,0.01,0.08,99695,1507,3,0.19,0.07,0.07,0.0,49,93,112,0,3.15,-0.02,0.0007,0.0052,27.95,29.79,17.72
708.327,flow_only,105.3,52.137443,21.1606933,85.37,52.1374574,21.1607143,28,0.5,0.724,255,0.0,0.1677,0.0386,-0.0541,3.068,2.585,-3.07,-1.87,297.33,0.04,0.02,0.03,0.04,99695,1507,3,0.19,0.07,0.07,0.0,49,29,-82,0,3.15,-0.01,0.0025,0.0043,33.29,29.71,19.35
708.427,flow_only,105.4,52.1374432,21.1606924,85.37,52.1374574,21.1607143,28,0.5,0.724,255,0.1677,0.1677,0.1369,0.0697,3.06,2.583,-2.27,-1.81,297.02,0.04,0.02,0.02,0.05,99695,1507,3,0.19,0.07,0.07,0.0,49,-8,-4,0,3.14,0.0,0.0064,0.0127,35.81,26.7,23.31
708.527,flow_only,105.5,52.1374434,21.1606915,85.37,52.1374578,21.1607124,28,0.5,0.677,255,0.0,0.1677,-0.0343,-0.0266,3.024,2.582,-2.26,-1.61,296.8,0.04,0.02,0.0,0.06,99695,1507,3,0.19,0.07,0.07,0.0,49,213,234,0,3.13,0.0,0.0164,0.0303,32.01,30.28,23.39
708.627,flow_only,105.6,52.1374436,21.1606906,85.37,52.1374578,21.1607124,28,0.5,0.677,255,-0.3353,0.1677,-0.1186,-0.1789,3.014,2.582,-2.74,-2.37,296.58,0.04,0.02,0.03,0.07,99695,1507,3,0.19,0.07,0.07,0.0,49,48,33,0,3.13,0.01,0.0108,0.0207,37.69,37.38,22.15
708.727,flow_only,105.7,52.1374437,21.1606898,85.36,52.1374583,21.1607106,28,0.5,0.643,255,0.0,0.1676,0.0586,-0.0637,3.012,2.577,-2.97,-2.91,296.13,0.04,0.02,0.02,0.06,99695,1507,3,0.19,0.07,0.07,0.0,49,123,-29,0,3.11,0.01,0.0214,0.0458,36.61,37.31,21.14
708.827,flow_only,105.8,52.1374438,21.160689,85.35,52.1374583,21.1607106,28,0.5,0.643,255,0.1677,0.0,0.1541,-0.1326,2.986,2.566,-2.09,-3.44,295.7,0.04,0.02,0.0,0.06,99695,1507,3,0.19,0.07,0.07,0.0,49,-126,53,0,3.09,0.01,0.007,0.0329,37.14,33.65,25.31
708.927,flow_only,105.9,52.1374441,21.1606881,85.34,52.1374587,21.160709,28,0.5,0.545,255,0.1677,0.1677,0.0131,-0.1005,2.976,2.555,-1.63,-4.19,295.21,0.04,0.02,0.0,0.05,99695,1507,3,0.19,0.07,0.07,0.0,49,42,155,0,3.08,0.0,0.0194,0.0494,40.1,35.74,23.66
709.027,flow_only,106.0,52.1374444,21.1606873,85.33,52.1374587,21.160709,28,0.5,0.545,255,0.0,0.0,-0.0319,0.0188,2.966,2.541,-1.89,-4.38,294.69,0.04,0.02,0.02,0.05,99695,1507,3,0.19,0.07,0.07,0.0,49,-116,74,0,3.05,0.0,0.017,0.0525,37.47,43.95,21.74
709.127,flow_only,106.1,52.1374447,21.1606866,85.31,52.1374592,21.1607075,28,0.5,0.569,255,0.0,0.1677,-0.1812,-0.0384,2.962,2.526,-2.25,-4.48,294.39,0.04,0.02,0.04,0.05,99695,1507,3,0.19,0.07,0.07,0.0,49,-150,-21,0,3.02,-0.02,0.0192,0.0644,39.4,35.19,26.76
709.227,flow_only,106.2,52.1374451,21.1606858,85.29,52.1374592,21.1607075,28,0.5,0.569,255,-0.503,0.1677,-0.1406,-0.1691,2.95,2.51,-3.34,-5.01,294.41,0.04,0.02,0.03,0.06,99695,1507,3,0.19,0.07,0.07,0.0,49,-89,51,0,3.0,-0.04,0.0129,0.0622,36.32,36.32,25.06
709.327,flow_only,106.3,52.1374455,21.1606851,85.28,52.1374598,21.1607061,28,0.5,0.58,255,0.0,0.1677,0.0861,0.0463,2.94,2.492,-3.32,-5.25,294.62,0.04,0.02,0.04,0.06,99695,1507,3,0.19,0.07,0.07,0.0,49,-115,-134,0,2.98,-0.04,0.0388,0.0967,39.58,30.82,20.97
709.427,flow_only,106.4,52.137446,21.1606846,85.26,52.1374598,21.1607061,28,0.5,0.58,255,0.0,0.1677,-0.1118,0.1797,2.95,2.479,-3.31,-4.27,294.88,0.04,0.02,0.0,0.06,99695,1507,3,0.19,0.07,0.07,0.0,49,4,-31,0,2.97,-0.04,0.0385,0.0911,30.01,31.38,22.17
709.527,flow_only,106.5,52.1374464,21.1606841,85.26,52.1374604,21.1607046,28,0.5,0.619,255,-0.3354,0.3354,-0.0952,0.0301,2.936,2.475,-4.22,-3.71,295.02,0.04,0.02,0.01,0.05,99695,1507,3,0.19,0.07,0.07,0.0,49,-91,223,0,2.98,-0.05,0.013,0.0481,31.37,36.99,20.23
709.627,flow_only,106.6,52.1374468,21.1606834,85.26,52.1374604,21.1607046,28,0.5,0.619,255,0.0,0.0,0.0318,-0.1244,2.926,2.476,-4.35,-4.25,295.24,0.04,0.02,0.01,0.07,99695,1507,3,0.19,0.07,0.07,0.0,49,-60,-24,0,2.98,-0.05,0.0147,0.0508,32.54,38.03,22.96
709.727,flow_only,106.7,52.1374472,21.1606827,85.26,52.1374611,21.1607031,28,0.5,0.575,255,0.0,0.0,0.0055,-0.0797,2.944,2.476,-4.34,-4.7,295.56,0.04,0.02,0.01,0.07,99695,1507,3,0.19,0.07,0.07,0.0,49,37,-98,0,2.98,-0.02,0.0118,0.0438,36.85,35.73,24.89
709.827,flow_only,106.8,52.1374475,21.1606818,85.26,52.1374611,21.1607031,28,0.5,0.575,255,0.0,0.0,0.0091,-0.002,2.968,2.476,-4.24,-4.99,295.8,0.04,0.02,0.0,0.06,99695,1507,3,0.19,0.07,0.07,0.0,49,11,232,0,2.98,-0.02,0.0136,0.0404,35.8,33.27,23.37
709.927,flow_only,106.9,52.1374478,21.1606809,85.26,52.1374616,21.1607016,28,0.5,0.678,255,0.0,0.1677,-0.0547,0.0456,2.998,2.473,-4.61,-4.68,295.79,0.04,0.02,0.03,0.04,99695,1507,3,0.19,0.06,0.07,0.0,49,73,-104,0,2.98,-0.06,0.012,0.046,41.21,26.63,30.01
710.027,flow_only,107.0,52.1374482,21.16068,85.25,52.1374616,21.1607016,28,0.5,0.678,255,-0.1677,0.3353,-0.0486,-0.0128,2.98,2.463,-4.95,-4.61,295.77,0.04,0.02,0.06,0.05,99695,1507,3,0.19,0.06,0.07,0.0,49,106,-120,0,2.96,-0.1,0.0149,0.0594,40.19,27.7,26.0
710.127,flow_only,107.1,52.1374484,21.1606791,85.24,52.1374622,21.1607,28,0.5,0.598,255,-0.1677,0.3353,0.0081,0.1013,2.976,2.451,-5.15,-4.17,295.84,0.04,0.02,0.01,0.06,99695,1507,3,0.19,0.07,0.07,0.0,49,68,-94,0,2.96,-0.09,0.0245,0.0651,37.06,37.2,24.09
710.227,flow_only,107.2,52.1374486,21.1606782,85.23,52.1374622,21.1607,28,0.5,0.598,255,0.0,0.1677,0.131,-0.1092,2.972,2.44,-4.67,-4.3,295.92,0.04,0.02,0.03,0.05,99695,1507,3,0.19,0.07,0.07,0.0,49,108,91,0,2.95,-0.1,0.0259,0.0677,35.31,37.35,25.6
710.327,flow_only,107.3,52.1374488,21.1606772,85.21,52.1374626,21.1606983,28,0.5,0.639,255,0.0,0.1677,0.053,0.035,2.972,2.428,-4.19,-4.62,295.97,0.04,0.02,0.05,0.06,99695,1507,3,0.19,0.07,0.07,0.0,49,-94,42,0,2.93,-0.11,0.0109,0.0559,38.08,35.42,23.14
710.427,flow_only,107.4,52.1374492,21.1606763,85.2,52.1374626,21.1606983,28,0.5,0.639,255,0.0,0.0,0.1573,-0.0225,2.99,2.415,-3.38,-4.54,295.82,0.04,0.02,0.02,0.04,99695,1507,3,0.19,0.07,0.07,0.0,49,32,82,0,2.93,-0.12,0.0098,0.0491,39.18,37.54,29.13
710.527,flow_only,107.5,52.1374494,21.1606753,85.19,52.1374631,21.1606967,28,0.5,0.637,255,0.0,0.0,-0.0581,-0.0292,2.986,2.406,-3.4,-4.85,295.67,0.04,0.02,0.01,0.05,99695,1507,3,0.19,0.07,0.07,0.0,49,2,-177,0,2.93,-0.14,0.0307,0.07,38.17,33.19,26.28
710.627,flow_only,107.6,52.1374496,21.1606744,85.19,52.1374631,21.1606967,28,0.5,0.637,255,-0.3353,0.503,-0.183,0.1571,2.986,2.402,-4.14,-4.33,295.61,0.04,0.02,0.0,0.06,99695,1507,3,0.19,0.07,0.07,0.0,49,-12,17,0,2.94,-0.13,0.0272,0.0586,43.84,36.38,25.16
710.727,flow_only,107.7,52.1374497,21.1606734,85.19,52.1374637,21.160695,28,0.5,0.701,255,-0.1677,0.1677,-0.1072,-0.0559,3.022,2.409,-4.85,-4.1,295.48,0.04,0.02,0.04,0.05,99695,1507,3,0.19,0.07,0.07,0.0,49,16,-15,0,2.97,-0.09,0.021,0.0418,49.8,41.59,23.6
710.827,flow_only,107.8,52.1374499,21.1606725,85.21,52.1374637,21.160695,28,0.5,0.701,255,0.1677,0.1677,0.0555,0.0687,3.028,2.425,-4.82,-4.13,295.64,0.04,0.02,0.04,0.05,99695,1507,3,0.19,0.07,0.07,0.0,49,125,-127,0,2.99,-0.09,0.0243,0.0496,42.89,34.45,27.94
710.927,flow_only,107.9,52.13745,21.1606715,85.23,52.1374643,21.1606932,28,0.5,0.708,255,0.0,0.3353,0.1084,-0.0273,3.044,2.443,-4.46,-4.04,295.76,0.04,0.02,0.01,0.06,99695,1507,3,0.19,0.07,0.07,0.0,49,156,222,0,3.01,-0.08,0.0207,0.0453,44.16,36.36,26.08
711.027,flow_only,108.0,52.1374503,21.1606705,85.25,52.1374643,21.1606932,28,0.5,0.708,255,0.0,0.0,0.0198,-0.0619,3.052,2.461,-4.11,-4.5,295.56,0.04,0.02,0.04,0.06,99695,1507,3,0.19,0.07,0.07,0.0,49,73,196,0,3.05,-0.05,0.0137,0.0382,38.77,33.47,26.46
711.127,flow_only,108.1,52.1374505,21.1606695,85.26,52.1374648,21.1606914,28,0.5,0.68,255,0.0,0.1678,-0.1206,0.033,3.05,2.477,-4.26,-4.54,295.14,0.04,0.02,0.0,0.05,99695,1507,3,0.19,0.07,0.07,0.0,49,-32,-225,0,3.06,-0.06,0.0138,0.03,42.77,32.88,28.37
711.227,flow_only,108.2,52.1374507,21.1606684,85.27,52.1374648,21.1606914,28,0.5,0.68,255,0.0,0.1677,0.0192,-0.0363,3.062,2.486,-4.36,-4.57,294.72,0.04,0.02,0.0,0.05,99695,1507,3,0.19,0.07,0.07,0.0,49,49,89,0,3.07,-0.06,0.0106,0.0244,44.51,37.04,31.64
711.327,flow_only,108.3,52.1374509,21.1606674,85.27,52.1374654,21.1606897,28,0.5,0.626,255,0.3355,0.1677,0.1269,0.0176,3.082,2.489,-3.67,-4.79,294.4,0.04,0.02,0.0,0.06,99695,1507,3,0.19,0.07,0.07,0.0,49,52,-172,0,3.07,-0.06,0.0178,0.0342,41.5,35.16,26.98
711.427,flow_only,108.4,52.137451,21.1606665,85.27,52.1374654,21.1606897,28,0.5,0.626,255,0.0,0.3353,-0.0391,0.1202,3.074,2.489,-3.51,-4.22,294.27,0.04,0.02,0.0,0.06,99695,1507,3,0.19,0.07,0.07,0.0,49,139,4,0,3.07,-0.08,0.0344,0.0669,42.58,30.71,23.48
711.527,flow_only,108.5,52.1374511,21.1606655,85.27,52.1374659,21.160688,28,0.5,0.681,255,-0.1676,0.1676,-0.0206,-0.0275,3.084,2.487,-3.71,-4.07,294.23,0.04,0.02,0.0,0.07,99695,1507,3,0.19,0.06,0.07,0.0,49,7,80,0,3.07,-0.08,0.0238,0.0484,35.56,38.05,26.72
711.627,flow_only,108.6,52.1374513,21.1606645,85.27,52.1374659,21.160688,28,0.5,0.681,255,0.0,0.1676,0.0396,-0.1073,3.08,2.485,-3.66,-4.6,294.05,0.04,0.02,0.0,0.05,99695,1507,3,0.19,0.06,0.07,0.0,49,11,30,0,3.07,-0.08,0.0076,0.0171,38.13,36.96,24.45
711.727,flow_only,108.7,52.1374516,21.1606635,85.26,52.1374665,21.1606862,28,0.5,0.69,255,0.0,0.1677,0.0183,0.0268,3.064,2.478,-3.41,-4.78,293.8,0.04,0.02,0.02,0.05,99695,1507,3,0.19,0.07,0.07,0.0,49,-43,-152,0,3.06,-0.09,0.0098,0.0227,38.24,37.65,24.61
711.827,flow_only,108.8,52.1374518,21.1606628,85.25,52.1374665,21.1606862,28,0.5,0.69,255,0.0,0.3354,0.0589,0.0299,3.048,2.467,-3.23,-4.42,293.75,0.04,0.02,0.01,0.06,99695,1507,3,0.19,0.07,0.07,0.0,49,31,-118,0,3.05,-0.09,0.0297,0.0607,38.34,36.57,23.53
711.927,flow_only,108.9,52.1374521,21.1606623,85.24,52.1374672,21.1606846,28,0.5,0.606,255,0.0,0.0,-0.0339,-0.0523,3.038,2.454,-3.23,-4.58,293.83,0.04,0.02,0.01,0.06,99695,1507,3,0.19,0.07,0.07,0.0,49,-37,-63,0,3.04,-0.08,0.0355,0.0739,40.81,39.4,25.65
712.027,flow_only,109.0,52.1374524,21.1606617,85.22,52.1374672,21.1606846,28,0.5,0.606,255,-0.3353,0.1677,-0.0633,-0.0464,3.028,2.438,-3.48,-4.99,293.99,0.04,0.02,0.03,0.05,99695,1507,3,0.19,0.07,0.07,0.0,49,-100,25,0,3.01,-0.1,0.0275,0.0632,37.22,41.45,29.2
712.127,flow_only,109.1,52.1374528,21.1606611,85.21,52.1374679,21.1606832,28,0.5,0.71,255,0.0,0.1677,-0.1421,-0.0512,3.018,2.42,-3.97,-5.19,294.2,0.04,0.02,0.03,0.02,99695,1507,3,0.19,0.07,0.07,0.0,49,107,-30,0,2.99,-0.11,0.0213,0.0559,42.77,39.21,24.25
712.227,flow_only,109.2,52.1374531,21.1606605,85.19,52.1374679,21.1606832,28,0.5,0.71,255,-0.1677,0.1677,-0.1014,-0.0038,3.038,2.403,-4.87,-5.46,294.42,0.04,0.02,0.01,0.07,99695,1507,3,0.19,0.07,0.07,0.0,49,-274,168,0,2.98,-0.12,0.0216,0.0541,42.14,29.49,23.27
712.327,flow_only,109.3,52.1374536,21.16066,85.17,52.1374687,21.1606816,28,0.5,0.712,255,-0.5032,0.5032,-0.0778,0.0394,3.016,2.389,-5.16,-5.25,294.55,0.04,0.02,0.01,0.07,99695,1507,3,0.19,0.06,0.07,0.0,49,-65,-270,0,2.97,-0.13,0.0505,0.106,36.09,38.51,25.41
712.427,flow_only,109.4,52.1374541,21.1606596,85.16,52.1374687,21.1606816,28,0.5,0.712,255,-0.1677,0.3354,-0.0685,-0.0218,3.034,2.379,-5.7,-5.14,294.64,0.04,0.02,0.0,0.05,99695,1507,3,0.19,0.06,0.07,0.0,49,34,-116,0,2.96,-0.13,0.0424,0.0914,43.81,36.81,24.55
712.527,flow_only,109.5,52.1374546,21.160659,85.16,52.1374696,21.1606799,28,0.5,0.769,255,-0.1677,0.1677,-0.0618,-0.1122,3.036,2.372,-5.96,-5.66,294.67,0.04,0.02,0.02,0.05,99695,1507,3,0.19,0.07,0.07,0.0,49,-32,-165,0,2.96,-0.14,0.0365,0.0809,44.83,35.52,26.76
712.627,flow_only,109.6,52.1374552,21.1606585,85.15,52.1374696,21.1606799,28,0.5,0.769,255,-0.5034,0.3356,-0.1982,-0.0547,3.028,2.364,-7.1,-6.15,294.59,0.04,0.02,0.02,0.04,99695,1507,3,0.19,0.07,0.07,0.0,49,-390,169,0,2.95,-0.14,0.0517,0.1068,43.8,43.18,28.17
712.727,flow_only,109.7,52.1374559,21.1606579,85.14,52.1374704,21.1606782,28,0.5,0.765,255,0.0,0.1677,-0.0571,0.0763,3.038,2.356,-7.51,-6.04,294.45,0.04,0.02,0.03,0.07,99695,1507,3,0.19,0.07,0.07,0.0,49,108,-128,0,2.94,-0.14,0.0409,0.0918,43.63,36.73,32.35
712.827,flow_only,109.8,52.1374563,21.1606573,85.13,52.1374704,21.1606782,28,0.5,0.765,255,-0.1677,0.1677,-0.1171,-0.0523,3.054,2.347,-7.93,-6.11,294.29,0.04,0.02,0.02,0.05,99695,1507,3,0.19,0.07,0.07,0.0,49,147,-162,0,2.93,-0.15,0.03,0.0692,45.06,34.11,34.01
712.927,flow_only,109.9,52.1374566,21.1606566,85.12,52.1374712,21.1606763,28,0.5,0.822,255,0.0,0.5032,0.1371,0.0109,3.072,2.339,-7.87,-6.17,294.17,0.04,0.02,0.0,0.05,99695,1507,3,0.19,0.06,0.07,0.0,49,0,124,0,2.93,-0.17,0.0117,0.0302,41.45,36.48,33.75
713.027,flow_only,110.0,52.1374569,21.1606558,85.12,52.1374712,21.1606763,28,0.5,0.822,255,0.1677,0.1677,0.0116,0.0023,3.066,2.331,-7.3,-6.32,294.13,0.04,0.02,0.03,0.05,99695,1507,3,0.19,0.06,0.07,0.0,49,18,-63,0,2.93,-0.18,0.0188,0.0443,41.92,37.7,25.3
713.127,flow_only,110.1,52.1374572,21.1606548,85.11,52.1374719,21.1606741,28,0.5,0.894,255,0.0,0.1677,-0.0136,0.0354,3.08,2.322,-7.48,-6.1,294.1,0.04,0.02,0.04,0.09,99695,1507,3,0.19,0.06,0.07,0.0,49,30,-175,0,2.91,-0.2,0.0094,0.0332,38.92,34.44,31.33
713.227,flow_only,110.2,52.1374575,21.1606536,85.1,52.1374719,21.1606741,28,0.5,0.894,255,0.0,0.503,0.0653,0.0908,3.122,2.311,-7.41,-5.77,294.21,0.04,0.02,0.0,0.06,99695,1507,3,0.19,0.06,0.07,0.0,49,25,-10,0,2.92,-0.2,0.0097,0.0245,35.52,44.66,26.77
713.327,flow_only,110.3,52.1374578,21.1606523,85.09,52.1374724,21.1606715,28,0.5,0.96,255,0.1677,0.1677,0.142,0.0156,3.062,2.302,-6.44,-5.3,294.45,0.04,0.02,0.0,0.05,99695,1507,3,0.19,0.06,0.07,0.0,49,118,237,0,2.92,-0.22,0.0242,0.0483,35.43,40.62,24.06
713.427,flow_only,110.4,52.1374582,21.1606509,85.08,52.1374724,21.1606715,28,0.5,0.96,255,0.0,0.1677,0.0551,0.1427,3.048,2.295,-6.02,-4.87,294.7,0.04,0.02,0.02,0.06,99695,1507,3,0.19,0.06,0.07,0.0,49,-99,-199,0,2.92,-0.23,0.0089,0.023,30.01,37.87,24.59
713.527,flow_only,110.5,52.1374584,21.1606498,85.08,52.1374729,21.1606687,28,0.5,1.019,255,0.1677,0.6706,0.1004,0.1356,3.058,2.29,-5.68,-3.84,295.04,0.04,0.02,0.01,0.05,99695,1507,3,0.19,0.06,0.07,0.0,49,-123,-172,0,2.93,-0.18,0.0407,0.079,37.7,35.56,25.36
713.627,flow_only,110.6,52.1374587,21.1606488,85.07,52.1374729,21.1606687,28,0.5,1.019,255,0.0,0.3353,0.0289,0.0074,3.07,2.288,-5.31,-3.39,295.49,0.04,0.02,0.01,0.05,99695,1507,3,0.19,0.06,0.07,0.0,49,63,-80,0,2.93,-0.18,0.0152,0.0305,39.87,35.81,26.15
713.727,flow_only,110.7,52.137459,21.1606478,85.07,52.1374732,21.1606657,28,0.5,1.061,255,0.1677,0.1677,-0.0393,0.0047,3.072,2.288,-5.42,-3.3,295.84,0.04,0.02,0.0,0.03,99695,1507,3,0.19,0.06,0.07,0.0,49,-5,-186,0,2.94,-0.2,0.0356,0.0691,39.64,39.8,24.82
713.827,flow_only,110.8,52.1374592,21.1606469,85.08,52.1374732,21.1606657,28,0.5,1.061,255,0.0,0.3353,-0.0433,-0.0582,3.056,2.291,-5.77,-3.64,296.12,0.04,0.02,0.0,0.05,99695,1507,3,0.19,0.06,0.07,0.0,49,16,-130,0,2.95,-0.19,0.03,0.059,34.49,40.85,24.18
713.927,flow_only,110.9,52.1374593,21.160646,85.08,52.1374734,21.1606627,28,0.5,1.027,255,0.1677,0.3353,0.0307,0.03,3.08,2.297,-5.79,-3.51,296.16,0.04,0.02,0.02,0.05,99695,1507,3,0.19,0.06,0.07,0.0,49,-28,-109,0,2.97,-0.16,0.0268,0.0555,35.78,41.47,22.67
714.027,flow_only,111.0,52.1374594,21.1606453,85.09,52.1374734,21.1606627,28,0.5,1.027,255,0.3354,0.1677,0.1218,-0.1451,3.08,2.301,-5.2,-3.93,296.12,0.04,0.02,0.0,0.06,99695,1507,3,0.19,0.06,0.07,0.0,49,51,-143,0,2.97,-0.17,0.036,0.0727,37.02,33.66,25.74
714.127,flow_only,111.1,52.1374596,21.1606446,85.09,52.1374736,21.1606597,28,0.5,1.022,255,0.1677,0.1677,0.0142,-0.147,3.07,2.303,-5.04,-4.62,295.88,0.04,0.02,0.0,0.05,99695,1507,3,0.19,0.06,0.07,0.0,49,-3,24,0,2.98,-0.17,0.0236,0.0507,39.75,39.86,25.97
714.227,flow_only,111.2,52.1374598,21.1606437,85.09,52.1374736,21.1606597,28,0.5,1.022,255,0.3354,0.0,0.14,-0.1508,3.062,2.301,-4.33,-5.66,295.62,0.04,0.02,0.0,0.04,99695,1507,3,0.19,0.06,0.07,0.0,49,-195,96,0,2.98,-0.17,0.0263,0.0534,42.37,41.31,25.29
714.327,flow_only,111.3,52.1374601,21.1606427,85.08,52.1374737,21.1606566,28,0.5,1.093,255,0.1677,0.1677,-0.0053,-0.0204,3.07,2.296,-4.13,-5.94,295.36,0.04,0.02,0.01,0.05,99695,1507,3,0.19,0.07,0.07,0.0,49,-151,-78,0,2.98,-0.16,0.0315,0.0623,41.25,30.79,26.24
714.427,flow_only,111.4,52.1374605,21.1606414,85.08,52.1374737,21.1606566,28,0.5,1.093,255,0.0,0.1677,-0.0926,0.0242,3.066,2.29,-4.29,-5.97,294.93,0.04,0.02,0.01,0.07,99695,1507,3,0.19,0.07,0.07,0.0,49,-25,-134,0,2.98,-0.15,0.0305,0.0606,39.3,43.02,31.37
714.527,flow_only,111.5,52.1374608,21.1606401,85.07,52.1374738,21.1606535,28,0.5,1.011,255,0.1677,0.503,-0.0161,0.2254,3.06,2.285,-4.72,-5.05,294.54,0.04,0.02,0.01,0.03,99695,1507,3,0.19,0.07,0.07,0.0,49,205,57,0,2.98,-0.15,0.0198,0.0427,49.92,43.98,31.09
714.627,flow_only,111.6,52.137461,21.1606387,85.07,52.1374738,21.1606535,28,0.5,1.011,255,0.1677,0.5031,-0.023,-0.0371,3.046,2.282,-4.66,-4.65,294.47,0.04,0.02,0.0,0.07,99695,1507,3,0.19,0.07,0.07,0.0,49,242,248,0,2.98,-0.14,0.0517,0.1042,41.91,40.58,25.74
714.727,flow_only,111.7,52.137461,21.1606371,85.07,52.1374741,21.1606506,28,0.5,1.0,255,0.1677,0.3353,0.0165,0.1239,3.058,2.28,-4.83,-4.21,294.27,0.04,0.02,0.01,0.05,99695,1507,3,0.19,0.07,0.07,0.0,49,-24,-84,0,2.98,-0.14,0.0399,0.0832,39.86,49.27,27.31
714.827,flow_only,111.8,52.137461,21.1606356,85.06,52.1374741,21.1606506,28,0.5,1.0,255,0.1677,0.3354,-0.0723,0.062,3.032,2.279,-4.98,-3.73,293.71,0.04,0.02,0.0,0.05,99695,1507,3,0.19,0.07,0.07,0.0,49,-73,-57,0,2.98,-0.13,0.0292,0.0644,42.72,44.06,24.98
714.927,flow_only,111.9,52.137461,21.1606343,85.07,52.1374743,21.1606476,28,0.5,1.061,255,0.1677,0.6709,0.1211,0.0387,3.044,2.283,-4.85,-3.59,293.11,0.04,0.02,0.06,0.06,99695,1507,3,0.19,0.07,0.07,0.0,49,24,-178,0,3.0,-0.14,0.0229,0.0556,42.43,41.23,28.13
715.027,flow_only,112.0,52.1374611,21.1606331,85.08,52.1374743,21.1606476,28,0.5,1.061,255,0.3353,0.1677,0.2088,-0.0029,3.046,2.292,-3.61,-3.52,292.7,0.04,0.02,0.04,0.06,99695,1507,3,0.19,0.07,0.07,0.0,49,-85,8,0,3.02,-0.08,0.0081,0.04,37.45,37.07,27.46
715.127,flow_only,112.1,52.1374611,21.1606317,85.09,52.1374743,21.1606445,28,0.5,1.068,255,0.3353,0.3353,0.3906,-0.09,3.056,2.302,-1.74,-3.82,292.51,0.04,0.02,0.03,0.06,99695,1507,3,0.19,0.07,0.07,0.0,49,-26,-100,0,3.03,-0.08,0.0175,0.0563,35.97,36.61,23.93
715.227,flow_only,112.2,52.1374612,21.1606304,85.09,52.1374743,21.1606445,28,0.5,1.068,255,0.3353,0.0,0.0611,-0.1728,3.04,2.308,-0.63,-4.76,292.57,0.04,0.02,0.01,0.07,99695,1507,3,0.19,0.07,0.07,0.0,49,123,17,0,3.03,-0.08,0.015,0.0427,35.45,32.5,27.33
715.327,flow_only,112.3,52.1374613,21.1606292,85.09,52.1374744,21.1606415,28,0.5,0.975,255,0.1677,0.3353,-0.0226,0.0755,3.044,2.31,-0.56,-4.7,292.57,0.04,0.02,0.0,0.05,99695,1507,3,0.19,0.07,0.07,0.0,49,74,-65,0,3.03,-0.1,0.0167,0.0416,35.73,37.82,29.48
715.427,flow_only,112.4,52.1374614,21.160628,85.09,52.1374744,21.1606415,28,0.5,0.975,255,0.0,0.3353,-0.1413,0.007,3.026,2.309,-1.39,-4.25,292.62,0.04,0.02,0.01,0.07,99695,1507,3,0.19,0.07,0.07,0.0,49,114,-215,0,3.02,-0.09,0.0292,0.057,33.07,43.42,32.07
715.527,flow_only,112.5,52.1374615,21.1606271,85.09,52.1374746,21.1606387,28,0.5,0.954,255,0.0,0.503,-0.0896,0.0508,3.014,2.309,-2.0,-4.25,292.91,0.04,0.02,0.02,0.07,99695,1507,3,0.19,0.07,0.07,0.0,49,-247,-62,0,3.03,-0.08,0.0202,0.0388,41.45,39.72,24.95
715.627,flow_only,112.6,52.1374617,21.1606261,85.09,52.1374746,21.1606387,28,0.5,0.954,255,0.1677,0.1677,-0.0205,0.0253,3.012,2.309,-2.14,-3.85,293.4,0.04,0.02,0.0,0.07,99695,1507,3,0.19,0.07,0.07,0.0,49,13,-43,0,3.02,-0.08,0.0126,0.0281,36.1,39.21,27.16
715.727,flow_only,112.7,52.1374619,21.1606251,85.09,52.137475,21.1606361,28,0.5,0.94,255,-0.1677,0.1677,-0.1233,-0.0099,2.99,2.308,-3.0,-3.82,293.91,0.04,0.02,0.0,0.05,99695,1507,3,0.19,0.06,0.07,0.0,49,-119,234,0,3.02,-0.07,0.0186,0.0395,37.63,36.05,27.69
715.827,flow_only,112.8,52.1374622,21.1606239,85.09,52.137475,21.1606361,28,0.5,0.94,255,0.0,0.503,0.0057,-0.0052,2.978,2.309,-3.05,-3.72,294.31,0.04,0.02,0.01,0.06,99695,1507,3,0.19,0.06,0.07,0.0,49,14,382,0,3.02,-0.05,0.0395,0.0799,37.68,35.65,29.27
715.927,flow_only,112.9,52.1374625,21.1606226,85.09,52.1374756,21.1606335,28,0.5,0.926,255,0.0,0.1677,-0.046,-0.058,2.992,2.309,-3.19,-4.1,294.32,0.04,0.02,0.03,0.06,99695,1507,3,0.19,0.06,0.07,0.0,49,57,-34,0,3.01,-0.04,0.0338,0.0692,36.28,40.78,29.36
716.027,flow_only,113.0,52.1374628,21.1606213,85.09,52.1374756,21.1606335,28,0.5,0.926,255,0.0,0.3354,0.0803,0.1263,2.976,2.308,-3.17,-3.66,294.02,0.04,0.02,0.0,0.06,99695,1507,3,0.19,0.06,0.07,0.0,49,81,-102,0,3.01,-0.04,0.0222,0.0477,35.85,37.68,28.9
716.127,flow_only,113.1,52.1374631,21.1606202,85.09,52.1374762,21.160631,28,0.5,0.936,255,0.0,0.1677,-0.033,-0.0022,3.012,2.308,-2.87,-3.44,293.6,0.04,0.02,0.0,0.05,99695,1507,3,0.19,0.07,0.07,0.0,49,135,125,0,3.01,-0.04,0.02,0.0435,37.41,34.97,28.87
716.227,flow_only,113.2,52.1374634,21.1606191,85.1,52.1374762,21.160631,28,0.5,0.936,255,0.0,0.3353,-0.0747,0.0574,2.998,2.313,-3.57,-3.08,293.15,0.04,0.02,0.03,0.06,99695,1507,3,0.19,0.07,0.07,0.0,49,182,16,0,3.02,-0.05,0.0206,0.0449,37.98,33.77,30.32
716.327,flow_only,113.3,52.1374638,21.160618,85.1,52.1374769,21.1606285,28,0.5,0.898,255,0.0,0.5031,0.1021,-0.0673,3.01,2.318,-3.26,-3.25,292.98,0.04,0.02,0.0,0.05,99695,1507,3,0.19,0.07,0.07,0.0,49,36,-112,0,3.03,-0.05,0.0081,0.0191,40.27,38.21,26.67
716.427,flow_only,113.4,52.1374641,21.1606171,85.11,52.1374769,21.1606285,28,0.5,0.898,255,0.0,0.3353,0.0714,-0.0783,3.012,2.323,-3.02,-3.76,293.04,0.04,0.02,0.01,0.04,99695,1507,3,0.19,0.07,0.07,0.0,49,26,-171,0,3.04,-0.05,0.0085,0.014,35.82,38.35,27.14
716.527,flow_only,113.5,52.1374645,21.1606163,85.11,52.1374776,21.1606262,28,0.5,0.865,255,0.1677,0.3354,0.147,0.0954,3.012,2.326,-2.28,-3.65,293.14,0.04,0.02,0.0,0.07,99695,1507,3,0.19,0.07,0.07,0.0,49,266,-54,0,3.04,-0.05,0.0205,0.0359,35.54,36.89,25.39
716.627,flow_only,113.6,52.1374647,21.1606154,85.12,52.1374776,21.1606262,28,0.5,0.865,255,0.0,0.0,-0.2388,-0.1401,3.022,2.33,-2.96,-3.71,293.32,0.04,0.02,0.01,0.04,99695,1507,3,0.19,0.07,0.07,0.0,49,134,-103,0,3.05,-0.04,0.0302,0.0548,33.09,36.61,21.97
716.727,flow_only,113.7,52.1374648,21.1606146,85.12,52.1374783,21.160624,28,0.5,0.815,255,-0.3353,0.1677,-0.1463,-0.0223,3.038,2.339,-4.07,-4.26,293.56,0.04,0.02,0.02,0.07,99695,1507,3,0.19,0.07,0.07,0.0,49,96,65,0,3.06,-0.03,0.0474,0.0912,39.36,36.16,21.25
716.827,flow_only,113.8,52.137465,21.1606136,85.13,52.1374783,21.160624,28,0.5,0.815,255,0.0,0.1677,0.0224,0.0794,3.052,2.347,-4.2,-3.74,293.85,0.04,0.02,0.0,0.07,99695,1507,3,0.19,0.07,0.07,0.0,49,108,-169,0,3.06,-0.03,0.028,0.0547,37.81,36.45,22.33
716.927,flow_only,113.9,52.1374651,21.1606128,85.14,52.1374791,21.1606219,28,0.5,0.873,255,0.0,0.0,0.1514,-0.0033,3.058,2.351,-3.63,-3.58,294.1,0.04,0.02,0.0,0.06,99695,1507,3,0.19,0.06,0.07,0.0,49,-87,-84,0,3.07,-0.05,0.0152,0.0298,32.57,33.32,23.6
717.027,flow_only,114.0,52.1374654,21.160612,85.14,52.1374791,21.1606219,28,0.5,0.873,255,0.1677,0.0,0.0991,-0.0832,3.046,2.355,-2.76,-3.9,294.25,0.04,0.02,0.02,0.04,99695,1507,3,0.19,0.06,0.07,0.0,49,62,-64,0,3.08,-0.05,0.013,0.0264,29.98,34.96,21.66
717.127,flow_only,114.1,52.1374656,21.160611,85.15,52.1374799,21.1606196,28,0.5,0.886,255,0.0,0.3354,0.0413,-0.0216,3.03,2.361,-2.69,-4.16,294.14,0.04,0.02,0.05,0.08,99695,1507,3,0.19,0.06,0.07,0.0,49,16,-3,0,3.1,-0.02,0.007,0.0271,34.02,35.0,19.54
717.227,flow_only,114.2,52.1374659,21.1606101,85.15,52.1374799,21.1606196,28,0.5,0.886,255,0.1677,0.3353,0.0224,-0.0522,3.016,2.363,-2.32,-4.42,294.01,0.04,0.02,0.03,0.08,99695,1507,3,0.19,0.06,0.07,0.0,49,-31,120,0,3.09,-0.03,0.0113,0.0208,33.76,35.77,19.29
717.327,flow_only,114.3,52.1374663,21.1606089,85.15,52.1374806,21.1606173,28,0.5,0.876,255,0.0,0.1677,-0.0117,0.0056,3.02,2.361,-2.33,-4.52,293.99,0.04,0.02,0.0,0.07,99695,1507,3,0.19,0.06,0.07,0.0,49,34,275,0,3.09,-0.01,0.0392,0.0743,35.87,36.09,22.8
717.427,flow_only,114.4,52.1374667,21.1606077,85.14,52.1374806,21.1606173,28,0.5,0.876,255,0.0,0.1677,-0.0283,0.124,3.0,2.359,-2.43,-4.05,294.15,0.04,0.02,0.01,0.02,99695,1507,3,0.19,0.06,0.07,0.0,49,68,-148,0,3.09,-0.01,0.0138,0.0296,32.81,36.42,22.8
717.527,flow_only,114.5,52.1374671,21.1606065,85.15,52.1374813,21.1606151,28,0.5,0.841,255,-0.1677,0.3355,-0.1246,0.1201,2.996,2.36,-3.05,-3.36,294.32,0.04,0.02,0.01,0.04,99695,1507,3,0.19,0.06,0.07,0.0,49,155,-53,0,3.09,0.0,0.0244,0.0509,36.5,35.51,21.13
717.627,flow_only,114.6,52.1374675,21.1606052,85.15,52.1374813,21.1606151,28,0.5,0.841,255,-0.1677,0.3354,0.0211,0.1218,2.982,2.366,-3.24,-2.61,294.53,0.04,0.02,0.03,0.06,99695,1507,3,0.19,0.06,0.07,0.0,49,113,-74,0,3.1,0.0,0.0196,0.0438,36.98,36.96,21.56
717.727,flow_only,114.7,52.1374679,21.160604,85.16,52.1374822,21.1606129,28,0.5,0.881,255,0.0,0.3355,0.0614,0.043,2.992,2.377,-2.93,-2.24,294.77,0.04,0.02,0.05,0.04,99695,1507,3,0.19,0.06,0.07,0.0,49,160,172,0,3.12,0.03,0.0245,0.0588,31.4,34.69,21.67
717.827,flow_only,114.8,52.1374684,21.1606028,85.18,52.1374822,21.1606129,28,0.5,0.881,255,0.0,0.3354,0.0504,0.0035,3.0,2.395,-2.62,-2.1,295.1,0.04,0.02,0.06,0.06,99695,1507,3,0.19,0.06,0.07,0.0,49,-4,45,0,3.15,0.08,0.0233,0.0628,30.79,34.89,21.83
717.927,flow_only,114.9,52.1374688,21.1606015,85.2,52.1374831,21.1606107,28,0.5,0.945,255,0.1677,0.3353,0.011,-0.0237,3.004,2.417,-2.44,-2.18,295.47,0.04,0.02,0.07,0.07,99695,1507,3,0.19,0.06,0.07,0.0,49,20,-92,0,3.18,0.09,0.0161,0.0587,30.35,35.22,21.18
718.027,flow_only,115.0,52.1374692,21.1606003,85.23,52.1374831,21.1606107,28,0.5,0.945,255,0.0,0.1677,0.0073,0.1241,3.0,2.441,-2.43,-1.78,295.91,0.04,0.02,0.06,0.04,99695,1507,3,0.19,0.06,0.07,0.0,49,34,0,0,3.2,0.12,0.0184,0.0632,34.54,33.22,21.19
718.127,flow_only,115.1,52.1374696,21.1605993,85.25,52.137484,21.1606084,28,0.5,0.839,255,-0.3353,0.6707,-0.1173,0.0028,2.996,2.466,-2.88,-1.23,296.46,0.04,0.02,0.06,0.05,99695,1507,3,0.19,0.06,0.07,0.0,49,58,-217,0,3.22,0.14,0.0118,0.0526,26.5,36.12,21.28
718.227,flow_only,115.2,52.1374698,21.1605982,85.28,52.137484,21.1606084,28,0.5,0.839,255,0.0,0.1677,0.1251,-0.0738,2.99,2.491,-2.93,-1.56,297.07,0.04,0.02,0.06,0.05,99695,1507,3,0.19,0.06,0.07,0.0,49,134,132,0,3.25,0.17,0.0208,0.0678,35.26,33.06,22.39
718.327,flow_only,115.3,52.1374702,21.1605971,85.3,52.1374847,21.1606063,28,0.5,0.814,255,0.0,0.1677,0.0127,-0.1864,2.988,2.511,-2.42,-2.48,297.73,0.04,0.02,0.0,0.05,99695,1507,3,0.19,0.06,0.07,0.0,49,-164,-116,0,3.25,0.18,0.0069,0.0353,38.54,33.64,22.59
718.427,flow_only,115.4,52.1374706,21.1605961,85.33,52.1374847,21.1606063,28,0.5,0.814,255,0.0,0.1677,-0.0368,-0.0009,2.958,2.541,-2.51,-2.71,298.08,0.04,0.02,0.21,0.05,99695,1507,3,0.19,0.06,0.07,0.0,49,32,-130,0,3.33,0.26,0.0185,0.0936,37.69,32.93,24.24
718.527,flow_only,115.5,52.137471,21.1605952,85.37,52.1374856,21.1606045,28,0.5,0.801,255,-0.1677,0.3353,-0.1441,0.1449,2.958,2.584,-3.03,-2.09,298.14,0.04,0.02,0.14,0.06,99695,1507,3,0.19,0.07,0.07,0.0,49,107,37,0,3.38,0.34,0.0212,0.1081,33.02,35.2,20.91
718.627,flow_only,115.6,52.1374713,21.1605943,85.42,52.1374856,21.1606045,28,0.5,0.801,255,-0.3353,0.503,-0.1235,0.0737,2.97,2.63,-3.75,-1.45,298.09,0.04,0.02,0.1,0.05,99695,1507,3,0.19,0.07,0.07,0.0,49,32,-39,0,3.41,0.37,0.0274,0.1063,32.57,33.57,18.99
718.727,flow_only,115.7,52.1374718,21.1605935,85.46,52.1374867,21.1606028,28,0.5,0.863,255,-0.3353,0.503,-0.1076,0.025,2.94,2.675,-4.36,-1.25,297.76,0.04,0.02,0.08,0.06,99695,1507,3,0.19,0.06,0.07,0.0,49,9,-111,0,3.43,0.39,0.0186,0.0902,35.15,34.54,25.35
718.827,flow_only,115.8,52.1374723,21.1605926,85.5,52.1374867,21.1606028,28,0.5,0.863,255,-0.1677,0.1677,-0.0788,-0.0272,2.942,2.714,-4.79,-1.56,297.27,0.04,0.02,0.05,0.05,99695,1507,3,0.19,0.06,0.07,0.0,49,-16,14,0,3.44,0.41,0.0245,0.0794,36.36,34.55,22.07
718.927,flow_only,115.9,52.1374729,21.1605917,85.53,52.1374878,21.1606011,28,0.5,0.786,255,-0.3354,0.3354,-0.2,0.114,2.93,2.749,-5.67,-1.15,296.5,0.04,0.02,0.09,0.05,99695,1507,3,0.19,0.07,0.07,0.0,49,-81,176,0,3.46,0.45,0.0321,0.0873,31.28,33.09,17.81
719.027,flow_only,116.0,52.1374735,21.1605907,85.56,52.1374878,21.1606011,28,0.5,0.786,255,-0.3353,0.3353,-0.1245,0.04,2.898,2.776,-6.53,-0.9,295.57,0.04,0.02,0.01,0.04,99695,1507,3,0.19,0.07,0.07,0.0,49,43,50,0,3.44,0.44,0.02,0.0473,40.62,35.72,22.38
719.127,flow_only,116.1,52.1374739,21.1605898,85.57,52.1374889,21.1605996,28,0.5,0.803,255,0.0,0.1677,-0.0644,0.0291,2.862,2.789,-7.1,-0.77,294.94,0.04,0.02,0.03,0.06,99695,1507,3,0.19,0.07,0.07,0.0,49,32,-89,0,3.41,0.45,0.0072,0.0157,44.38,40.08,24.16
719.227,flow_only,116.2,52.1374743,21.160589,85.58,52.1374889,21.1605996,28,0.5,0.803,255,0.1677,0.1677,0.1278,0.0125,2.854,2.794,-6.74,-0.7,294.8,0.04,0.02,0.01,0.07,99695,1507,3,0.19,0.07,0.07,0.0,49,-97,115,0,3.39,0.46,0.0142,0.036,39.79,34.24,19.99
719.327,flow_only,116.3,52.1374748,21.1605883,85.58,52.1374899,21.1605981,28,0.5,0.686,255,0.1676,0.1676,0.1524,-0.0665,2.834,2.799,-5.8,-0.89,294.93,0.04,0.02,0.03,0.03,99695,1507,3,0.19,0.07,0.07,0.0,49,-90,-34,0,3.39,0.48,0.0288,0.0608,30.99,34.31,21.19
719.427,flow_only,116.4,52.1374752,21.1605875,85.59,52.1374899,21.1605981,28,0.5,0.686,255,0.0,0.0,0.0278,-0.1176,2.814,2.808,-5.69,-1.67,295.02,0.04,0.02,0.03,0.03,99695,1507,3,0.19,0.07,0.07,0.0,49,177,103,0,3.39,0.48,0.0088,0.0217,26.41,33.69,18.01
719.527,flow_only,116.5,52.1374755,21.1605866,85.6,52.1374906,21.1605967,28,0.5,0.602,255,0.0,0.3353,-0.0066,-0.0171,2.808,2.82,-5.61,-1.85,295.05,0.04,0.02,0.02,0.05,99695,1507,3,0.19,0.06,0.07,0.0,49,3,-140,0,3.38,0.5,0.0042,0.0157,27.07,29.48,20.71
719.627,flow_only,116.6,52.1374757,21.1605858,85.62,52.1374906,21.1605967,28,0.5,0.602,255,0.0,0.0,0.0614,0.0384,2.812,2.832,-5.63,-1.86,295.23,0.04,0.02,0.0,0.05,99695,1507,3,0.19,0.06,0.07,0.0,49,70,14,0,3.38,0.5,0.005,0.0234,30.05,34.22,19.87
719.727,flow_only,116.7,52.1374759,21.1605848,85.63,52.1374912,21.1605952,28,0.5,0.587,255,0.0,0.1677,0.0592,-0.031,2.818,2.849,-5.39,-1.73,295.62,0.04,0.02,0.07,0.06,99695,1507,3,0.19,0.06,0.07,0.0,49,-48,272,0,3.4,0.52,0.0293,0.0562,29.96,31.5,20.57
719.827,flow_only,116.8,52.1374762,21.1605837,85.66,52.1374912,21.1605952,28,0.5,0.587,255,0.1677,0.1677,0.0508,-0.039,2.808,2.872,-5.06,-1.93,296.1,0.04,0.02,0.03,0.08,99695,1507,3,0.19,0.06,0.07,0.0,49,111,28,0,3.41,0.53,0.0214,0.0425,24.53,34.82,18.99
719.927,flow_only,116.9,52.1374763,21.1605825,85.68,52.1374916,21.1605936,28,0.5,0.596,255,0.0,0.3353,0.1288,0.0598,2.814,2.893,-4.51,-1.75,296.5,0.04,0.02,0.0,0.04,99695,1507,3,0.19,0.06,0.07,0.0,49,201,-212,0,3.4,0.52,0.0231,0.0445,27.14,41.16,16.77
720.027,flow_only,117.0,52.1374763,21.1605814,85.7,52.1374916,21.1605936,28,0.5,0.596,255,0.1677,0.1677,0.0919,0.0172,2.824,2.912,-4.05,-1.61,296.92,0.04,0.02,0.01,0.05,99695,1507,3,0.19,0.06,0.07,0.0,49,55,-27,0,3.4,0.52,0.0322,0.0661,27.82,38.29,16.07
720.127,flow_only,117.1,52.1374762,21.1605803,85.71,52.1374918,21.1605919,28,0.5,0.559,255,0.3354,0.1677,0.1656,-0.0614,2.822,2.929,-3.29,-1.69,297.35,0.04,0.02,0.0,0.05,99695,1507,3,0.19,0.07,0.07,0.0,49,-35,182,0,3.4,0.5,0.0231,0.0535,31.11,28.6,18.7
720.227,flow_only,117.2,52.1374762,21.1605792,85.73,52.1374918,21.1605919,28,0.5,0.559,255,0.3354,0.0,0.1391,-0.0477,2.82,2.943,-2.38,-2.03,297.72,0.04,0.02,0.0,0.05,99695,1507,3,0.19,0.07,0.07,0.0,49,-73,-97,0,3.41,0.5,0.0073,0.0317,28.0,28.68,20.34
720.327,flow_only,117.3,52.1374761,21.1605783,85.74,52.1374919,21.1605903,28,0.5,0.563,255,0.3353,0.0,0.1251,-0.0417,2.822,2.956,-1.73,-2.31,297.96,0.04,0.02,0.0,0.05,99695,1507,3,0.19,0.07,0.07,0.0,49,-1,-128,0,3.4,0.5,0.021,0.0513,25.32,27.43,16.65
720.427,flow_only,117.4,52.1374761,21.1605775,85.75,52.1374919,21.1605903,28,0.5,0.563,255,0.0,0.3353,0.0515,-0.0696,2.814,2.965,-1.37,-2.6,298.09,0.04,0.02,0.04,0.06,99695,1507,3,0.19,0.07,0.07,0.0,49,21,38,0,3.39,0.48,0.0123,0.0507,23.32,28.5,17.32
720.527,flow_only,117.5,52.1374761,21.1605766,85.75,52.1374922,21.1605888,28,0.5,0.511,255,0.1676,0.1676,0.055,-0.0146,2.808,2.97,-0.98,-2.76,298.0,0.04,0.02,0.02,0.06,99695,1507,3,0.19,0.06,0.07,0.0,49,42,-131,0,3.37,0.48,0.0172,0.0594,23.41,27.71,18.11
720.627,flow_only,117.6,52.1374762,21.1605758,85.76,52.1374922,21.1605888,28,0.5,0.511,255,0.0,0.1677,-0.0075,0.0207,2.796,2.974,-0.85,-2.73,297.89,0.04,0.02,0.0,0.04,99695,1507,3,0.19,0.06,0.07,0.0,49,-82,-5,0,3.37,0.48,0.0187,0.0595,22.69,28.73,18.86
720.727,flow_only,117.7,52.1374765,21.160575,85.76,52.1374925,21.1605873,28,0.5,0.59,255,0.0,0.1677,-0.0329,-0.0264,2.802,2.977,-0.91,-2.7,297.75,0.04,0.02,0.03,0.03,99695,1507,3,0.19,0.07,0.07,0.0,49,-26,-48,0,3.36,0.48,0.0193,0.0643,27.07,27.44,19.55
720.827,flow_only,117.8,52.1374767,21.1605742,85.77,52.1374925,21.1605873,28,0.5,0.59,255,0.0,0.1677,-0.0608,0.0436,2.81,2.98,-1.28,-2.62,297.55,0.04,0.02,0.01,0.06,99695,1507,3,0.19,0.07,0.07,0.0,49,59,-29,0,3.36,0.48,0.0132,0.0557,24.71,25.83,19.81
720.927,flow_only,117.9,52.137477,21.1605734,85.78,52.1374929,21.1605857,28,0.5,0.557,255,-0.1676,0.1676,-0.0719,-0.0048,2.816,2.99,-1.8,-2.52,297.41,0.04,0.02,0.07,0.06,99695,1507,3,0.19,0.07,0.07,0.0,49,-74,118,0,3.39,0.5,0.0114,0.0294,28.78,21.49,19.65
721.027,flow_only,118.0,52.1374773,21.1605725,85.79,52.1374929,21.1605857,28,0.5,0.557,255,0.0,0.3354,0.0167,-0.0558,2.806,3.004,-1.79,-2.71,297.41,0.04,0.02,0.01,0.06,99695,1507,3,0.19,0.07,0.07,0.0,49,-9,-8,0,3.39,0.5,0.0184,0.0468,29.05,21.34,22.99
721.127,flow_only,118.1,52.1374777,21.1605718,85.8,52.1374934,21.1605843,28,0.5,0.557,255,0.0,0.0,-0.0044,-0.0201,2.802,3.016,-1.71,-2.98,297.57,0.04,0.02,0.01,0.06,99695,1507,3,0.19,0.07,0.07,0.0,49,-186,-131,0,3.39,0.51,0.0448,0.1012,28.82,27.45,17.28
721.227,flow_only,118.2,52.1374782,21.1605711,85.81,52.1374934,21.1605843,28,0.5,0.557,255,0.0,0.1677,-0.0349,0.0193,2.784,3.027,-1.85,-2.98,297.64,0.04,0.02,0.0,0.04,99695,1507,3,0.19,0.07,0.07,0.0,49,48,162,0,3.39,0.51,0.0282,0.067,31.66,27.51,15.27
721.327,flow_only,118.3,52.1374787,21.1605703,85.83,52.137494,21.1605829,28,0.5,0.536,255,-0.1677,0.3354,-0.104,-0.0041,2.756,3.041,-2.46,-3.0,297.52,0.04,0.02,0.02,0.06,99695,1507,3,0.19,0.07,0.07,0.0,49,110,-58,0,3.4,0.54,0.0093,0.028,26.13,31.07,17.51
721.427,flow_only,118.4,52.1374791,21.1605694,85.84,52.137494,21.1605829,28,0.5,0.536,255,-0.3353,0.1677,-0.1559,0.0232,2.78,3.057,-3.07,-2.83,297.35,0.04,0.02,0.0,0.05,99695,1507,3,0.19,0.07,0.07,0.0,49,113,-71,0,3.4,0.55,0.0088,0.029,26.81,32.05,17.85
721.527,flow_only,118.5,52.1374795,21.1605685,85.86,52.1374946,21.1605814,28,0.5,0.706,255,0.0,0.3354,-0.1059,0.0851,2.802,3.073,-3.79,-2.53,297.21,0.04,0.02,0.0,0.04,99695,1507,3,0.19,0.07,0.07,0.0,49,184,-72,0,3.4,0.55,0.0085,0.0206,28.19,28.76,18.5
721.627,flow_only,118.6,52.1374799,21.1605675,85.88,52.1374946,21.1605814,28,0.5,0.706,255,0.0,0.1677,0.0002,0.0719,2.834,3.092,-4.08,-2.09,296.92,0.04,0.02,0.02,0.07,99695,1507,3,0.19,0.07,0.07,0.0,49,-215,205,0,3.42,0.55,0.016,0.0351,31.41,30.01,17.54
721.727,flow_only,118.7,52.1374802,21.1605667,85.9,52.1374954,21.1605799,28,0.5,0.612,255,0.0,0.1677,0.0027,0.0579,2.818,3.114,-4.01,-1.73,296.62,0.04,0.02,0.02,0.05,99695,1507,3,0.19,0.07,0.07,0.0,49,-10,-113,0,3.43,0.53,0.0168,0.0372,28.97,26.5,17.76
721.827,flow_only,118.8,52.1374805,21.1605659,85.92,52.1374954,21.1605799,28,0.5,0.612,255,0.0,0.1677,0.0186,-0.0316,2.852,3.133,-3.76,-1.71,296.43,0.04,0.02,0.03,0.05,99695,1507,3,0.19,0.07,0.07,0.0,49,-37,-71,0,3.43,0.53,0.0262,0.0605,27.02,32.71,15.86
721.927,flow_only,118.9,52.1374808,21.1605653,85.93,52.1374961,21.1605785,28,0.5,0.645,255,0.0,0.1677,0.1122,-0.0567,2.86,3.145,-3.33,-2.07,296.5,0.04,0.02,0.02,0.06,99695,1507,3,0.19,0.07,0.07,0.0,49,-48,-137,0,3.42,0.5,0.0322,0.0757,29.51,29.25,19.66
722.027,flow_only,119.0,52.1374811,21.1605647,85.94,52.1374961,21.1605785,28,0.5,0.645,255,0.1677,0.1677,0.0926,-0.1228,2.864,3.155,-2.74,-2.64,296.65,0.04,0.02,0.01,0.05,99695,1507,3,0.19,0.07,0.07,0.0,49,-113,-103,0,3.44,0.5,0.0384,0.0876,31.46,27.44,18.57
722.127,flow_only,119.1,52.1374814,21.1605642,85.95,52.1374966,21.1605769,28,0.5,0.574,255,-0.1677,0.1677,-0.0761,-0.0544,2.856,3.169,-2.91,-3.03,296.75,0.04,0.02,0.03,0.03,99695,1507,3,0.19,0.07,0.07,0.0,49,42,30,0,3.45,0.51,0.0225,0.0521,25.48,32.45,17.8
722.227,flow_only,119.2,52.1374817,21.1605636,85.97,52.1374966,21.1605769,28,0.5,0.574,255,-0.1677,0.0,-0.0917,-0.0713,2.864,3.184,-3.44,-3.35,296.83,0.04,0.02,0.01,0.08,99695,1507,3,0.19,0.07,0.07,0.0,49,109,31,0,3.47,0.51,0.0245,0.0525,35.19,27.09,23.88
722.327,flow_only,119.3,52.1374818,21.1605628,85.98,52.1374971,21.1605754,28,0.5,0.605,255,0.0,0.1677,0.0028,-0.0811,2.85,3.2,-3.5,-3.78,296.84,0.04,0.02,0.02,0.06,99695,1507,3,0.19,0.07,0.07,0.0,49,-129,34,0,3.47,0.54,0.0114,0.0287,31.6,30.09,20.09
722.427,flow_only,119.4,52.1374821,21.160562,86.0,52.1374971,21.1605754,28,0.5,0.605,255,0.0,0.1677,0.0704,0.0171,2.842,3.214,-3.29,-3.96,296.89,0.04,0.02,0.01,0.04,99695,1507,3,0.19,0.07,0.07,0.0,49,-148,40,0,3.47,0.54,0.0139,0.0328,28.87,27.91,20.42
722.527,flow_only,119.5,52.1374825,21.1605612,86.01,52.1374976,21.1605737,28,0.5,0.632,255,0.0,0.3354,0.1031,0.0315,2.834,3.227,-2.92,-3.9,296.95,0.04,0.02,0.01,0.05,99695,1507,3,0.19,0.06,0.07,0.0,49,-56,-55,0,3.47,0.55,0.0186,0.0432,23.79,34.04,18.27
722.627,flow_only,119.6,52.1374828,21.1605602,86.02,52.1374976,21.1605737,28,0.5,0.632,255,0.0,0.3353,0.0833,-0.0233,2.81,3.239,-2.36,-3.6,297.03,0.04,0.02,0.01,0.06,99695,1507,3,0.19,0.06,0.07,0.0,49,29,-139,0,3.47,0.55,0.0059,0.018,26.25,37.95,15.42
722.727,flow_only,119.7,52.137483,21.1605591,86.04,52.1374981,21.1605719,28,0.5,0.75,255,0.0,0.503,0.0144,0.003,2.82,3.252,-2.23,-3.88,297.03,0.04,0.02,0.0,0.06,99695,1507,3,0.19,0.06,0.07,0.0,49,87,-143,0,3.47,0.59,0.0227,0.0473,33.05,32.41,16.66
722.827,flow_only,119.8,52.1374831,21.1605579,86.05,52.1374981,21.1605719,28,0.5,0.75,255,0.0,0.3353,-0.0696,0.1256,2.818,3.268,-2.83,-3.37,296.77,0.04,0.02,0.02,0.05,99695,1507,3,0.19,0.06,0.07,0.0,49,97,196,0,3.48,0.59,0.0218,0.0472,34.67,32.03,19.56
722.927,flow_only,119.9,52.1374833,21.1605568,86.07,52.1374986,21.1605699,28,0.5,0.771,255,0.0,0.1677,0.0552,0.0383,2.806,3.287,-2.67,-2.83,296.52,0.04,0.02,0.04,0.05,99695,1507,3,0.19,0.06,0.07,0.0,49,-31,-40,0,3.49,0.6,0.0104,0.0236,26.44,30.53,17.78
723.027,flow_only,120.0,52.1374835,21.1605558,86.1,52.1374986,21.1605699,28,0.5,0.771,255,0.1677,0.503,0.1219,0.0705,2.812,3.311,-1.95,-2.46,296.5,0.04,0.02,0.06,0.05,99695,1507,3,0.19,0.06,0.07,0.0,49,15,-151,0,3.52,0.62,0.0256,0.0572,30.02,28.1,17.35
723.127,flow_only,120.1,52.1374838,21.1605548,86.13,52.1374991,21.1605677,28,0.5,0.839,255,0.1677,0.3353,-0.0039,-0.0025,2.816,3.342,-1.68,-2.38,296.86,0.04,0.02,0.04,0.06,99695,1507,3,0.19,0.07,0.07,0.0,49,80,-79,0,3.54,0.65,0.0122,0.0372,30.42,24.45,22.77
723.227,flow_only,120.2,52.137484,21.1605537,86.16,52.1374991,21.1605677,28,0.5,0.839,255,0.0,0.1677,-0.0362,-0.0335,2.832,3.37,-1.85,-2.42,297.36,0.04,0.02,0.0,0.06,99695,1507,3,0.19,0.07,0.07,0.0,49,8,-67,0,3.55,0.65,0.0171,0.0394,27.34,27.1,21.56
723.327,flow_only,120.3,52.1374842,21.1605528,86.18,52.1374997,21.1605656,28,0.5,0.73,255,0.0,0.3354,-0.0274,0.0981,2.826,3.392,-1.98,-1.96,297.54,0.04,0.02,0.02,0.06,99695,1507,3,0.19,0.07,0.07,0.0,49,-2,129,0,3.54,0.65,0.0046,0.0122,29.52,26.64,20.73
723.427,flow_only,120.4,52.1374844,21.1605516,86.19,52.1374997,21.1605656,28,0.5,0.73,255,0.0,0.1677,0.027,-0.0642,2.836,3.407,-2.12,-2.32,297.56,0.04,0.02,0.0,0.04,99695,1507,3,0.19,0.07,0.07,0.0,49,53,58,0,3.54,0.63,0.0083,0.02,31.71,26.03,22.46
723.527,flow_only,120.5,52.1374847,21.1605505,86.2,52.1375003,21.1605636,28,0.5,0.815,255,0.3353,0.503,0.1008,-0.0032,2.83,3.416,-1.73,-2.45,297.51,0.04,0.02,0.03,0.06,99695,1507,3,0.19,0.07,0.07,0.0,49,-53,-40,0,3.53,0.63,0.0068,0.0259,25.12,31.07,17.82
723.627,flow_only,120.6,52.1374851,21.1605495,86.21,52.1375003,21.1605636,28,0.5,0.815,255,0.0,0.503,-0.0728,0.0349,2.826,3.421,-1.86,-2.24,297.52,0.04,0.02,0.02,0.06,99695,1507,3,0.19,0.07,0.07,0.0,49,-53,88,0,3.52,0.61,0.0171,0.0435,36.11,30.76,22.75
723.727,flow_only,120.7,52.1374855,21.1605485,86.21,52.137501,21.1605616,28,0.5,0.73,255,0.0,0.1677,-0.0547,0.0351,2.816,3.424,-1.96,-2.1,297.65,0.04,0.02,0.03,0.07,99695,1507,3,0.19,0.07,0.07,0.0,49,14,61,0,3.5,0.59,0.0098,0.0385,31.71,34.53,21.67
723.827,flow_only,120.8,52.1374858,21.1605475,86.2,52.137501,21.1605616,28,0.5,0.73,255,-0.1677,0.0,-0.0319,-0.151,2.806,3.418,-2.5,-2.56,297.77,0.04,0.02,0.09,0.06,99695,1507,3,0.19,0.07,0.07,0.0,49,134,-72,0,3.46,0.55,0.0143,0.0619,37.22,33.77,23.2
723.927,flow_only,120.9,52.1374862,21.1605464,86.19,52.1375017,21.1605598,28,0.5,0.703,255,0.0,0.1677,0.0416,-0.089,2.79,3.404,-2.21,-3.25,297.74,0.04,0.02,0.07,0.05,99695,1507,3,0.19,0.07,0.07,0.0,49,-52,-101,0,3.42,0.53,0.0198,0.0774,36.42,35.67,22.22
724.027,flow_only,121.0,52.1374867,21.1605453,86.17,52.1375017,21.1605598,28,0.5,0.703,255,0.0,0.1677,0.03,0.0539,2.792,3.386,-2.01,-3.15,297.78,0.04,0.02,0.08,0.05,99695,1507,3,0.19,0.07,0.07,0.0,49,-31,251,0,3.38,0.5,0.0371,0.105,38.99,37.39,22.25
724.127,flow_only,121.1,52.1374872,21.1605442,86.16,52.1375025,21.1605581,28,0.5,0.712,255,-0.1677,0.5031,-0.2192,0.0724,2.804,3.375,-2.57,-2.72,297.71,0.04,0.02,0.02,0.05,99695,1507,3,0.19,0.07,0.07,0.0,49,94,-161,0,3.37,0.5,0.0124,0.0621,33.4,37.55,22.36
724.227,flow_only,121.2,52.1374876,21.1605432,86.17,52.1375025,21.1605581,28,0.5,0.712,255,-0.3353,0.1676,-0.175,-0.0477,2.778,3.382,-3.83,-2.83,297.41,0.04,0.02,0.08,0.05,99695,1507,3,0.19,0.07,0.07,0.0,49,105,-44,0,3.41,0.54,0.0209,0.0446,39.29,43.27,24.63
724.327,flow_only,121.3,52.137488,21.1605422,86.19,52.1375033,21.1605564,28,0.5,0.755,255,-0.1677,0.1677,-0.0221,-0.0309,2.772,3.408,-4.13,-3.23,297.15,0.04,0.02,0.13,0.06,99695,1507,3,0.19,0.07,0.07,0.0,49,66,16,0,3.47,0.62,0.019,0.0562,39.87,38.44,28.87
724.427,flow_only,121.4,52.1374884,21.1605411,86.24,52.1375033,21.1605564,28,0.5,0.755,255,-0.5031,0.5031,-0.1028,0.0568,2.796,3.455,-4.66,-2.99,296.87,0.04,0.02,0.16,0.06,99695,1507,3,0.19,0.07,0.07,0.0,49,57,-73,0,3.55,0.69,0.0205,0.0889,37.87,36.46,23.51
724.527,flow_only,121.5,52.1374888,21.1605401,86.29,52.1375043,21.1605546,28,0.5,0.788,255,-0.1677,0.3353,-0.1812,0.1481,2.84,3.508,-5.37,-2.44,296.47,0.04,0.02,0.07,0.05,99695,1507,3,0.19,0.07,0.07,0.0,49,118,-128,0,3.58,0.72,0.0264,0.0944,35.84,37.41,19.47
724.627,flow_only,121.6,52.1374891,21.160539,86.34,52.1375043,21.1605546,28,0.5,0.788,255,-0.1677,0.1677,-0.1266,0.1517,2.842,3.552,-6.4,-1.53,296.1,0.04,0.02,0.03,0.06,99695,1507,3,0.19,0.07,0.07,0.0,49,282,-76,0,3.57,0.68,0.0344,0.0866,38.0,36.03,18.78
724.727,flow_only,121.7,52.1374893,21.160538,86.36,52.1375054,21.1605531,28,0.5,0.823,255,-0.3353,0.3353,-0.0069,-0.0401,2.866,3.573,-6.83,-1.37,296.01,0.04,0.02,0.11,0.05,99695,1507,3,0.19,0.07,0.07,0.0,49,0,1,0,3.52,0.62,0.0248,0.0593,30.81,39.69,17.27
724.827,flow_only,121.8,52.1374897,21.1605371,86.36,52.1375054,21.1605531,28,0.5,0.823,255,0.1677,0.1677,0.1409,-0.083,2.854,3.577,-6.04,-1.83,295.87,0.04,0.02,0.09,0.05,99695,1507,3,0.19,0.07,0.07,0.0,49,-195,-11,0,3.5,0.62,0.0196,0.058,41.0,33.02,24.18
724.927,flow_only,121.9,52.1374902,21.1605365,86.35,52.1375064,21.1605515,28,0.5,0.735,255,-0.1677,0.1677,-0.0931,-0.0358,2.85,3.569,-6.22,-2.18,295.59,0.04,0.02,0.06,0.05,99695,1507,3,0.19,0.07,0.07,0.0,49,39,15,0,3.47,0.55,0.0228,0.0723,38.22,33.26,22.69
725.027,flow_only,122.0,52.1374906,21.1605359,86.33,52.1375064,21.1605515,28,0.5,0.735,255,0.0,0.3353,0.0639,0.0429,2.85,3.549,-6.08,-2.2,295.42,0.04,0.02,0.13,0.05,99695,1507,3,0.19,0.07,0.07,0.0,49,68,-26,0,3.42,0.55,0.0216,0.0935,42.95,31.92,21.14
725.127,flow_only,122.1,52.1374911,21.1605352,86.3,52.1375073,21.1605499,28,0.5,0.687,255,0.0,0.1676,-0.0715,-0.061,2.844,3.519,-5.97,-2.34,295.33,0.04,0.02,0.11,0.04,99695,1507,3,0.19,0.07,0.07,0.0,49,-9,-37,0,3.36,0.45,0.022,0.1038,41.11,34.24,20.28
725.227,flow_only,122.2,52.1374914,21.1605344,86.28,52.1375073,21.1605499,28,0.5,0.687,255,0.0,0.0,-0.0629,-0.0813,2.838,3.492,-6.41,-2.86,295.18,0.04,0.02,0.04,0.07,99695,1507,3,0.19,0.07,0.07,0.0,49,-56,213,0,3.34,0.42,0.0257,0.0928,37.16,43.84,21.02
725.327,flow_only,122.3,52.1374918,21.1605334,86.26,52.1375081,21.1605485,28,0.5,0.645,255,-0.3353,0.1677,-0.0073,-0.0854,2.834,3.472,-6.73,-3.33,295.15,0.04,0.02,0.04,0.05,99695,1507,3,0.19,0.07,0.07,0.0,49,114,27,0,3.31,0.41,0.0299,0.0915,33.93,44.27,27.44
725.427,flow_only,122.4,52.1374921,21.1605323,86.24,52.1375081,21.1605485,28,0.5,0.645,255,0.0,0.0,-0.0352,-0.0587,2.836,3.452,-6.76,-3.8,295.15,0.04,0.02,0.06,0.05,99695,1507,3,0.19,0.07,0.07,0.0,49,-138,54,0,3.29,0.39,0.0279,0.0861,33.25,43.45,29.08
725.527,flow_only,122.5,52.1374926,21.1605314,86.22,52.1375088,21.160547,28,0.5,0.592,255,0.0,0.1677,0.1128,0.054,2.858,3.436,-6.42,-3.64,295.18,0.04,0.02,0.08,0.06,99695,1507,3,0.19,0.07,0.07,0.0,49,-309,132,0,3.26,0.36,0.0458,0.1194,38.76,37.62,29.73
725.627,flow_only,122.6,52.1374932,21.1605306,86.21,52.1375088,21.160547,28,0.5,0.592,255,0.0,0.1677,-0.1721,0.013,2.86,3.426,-6.72,-3.32,295.34,0.04,0.02,0.03,0.06,99695,1507,3,0.19,0.07,0.07,0.0,49,-68,-130,0,3.26,0.34,0.0324,0.092,47.76,38.38,27.67
725.727,flow_only,122.7,52.1374937,21.1605299,86.22,52.1375094,21.1605455,28,0.5,0.646,255,-0.1677,0.1677,-0.1059,-0.0305,2.858,3.43,-7.62,-3.43,295.63,0.04,0.02,0.1,0.08,99695,1507,3,0.19,0.07,0.07,0.0,49,39,-2,0,3.31,0.39,0.0178,0.0426,50.63,41.99,25.93
725.827,flow_only,122.8,52.1374941,21.1605293,86.23,52.1375094,21.1605455,28,0.5,0.646,255,0.1677,0.3353,0.0667,-0.0841,2.858,3.447,-7.38,-3.47,295.88,0.04,0.02,0.0,0.06,99695,1507,3,0.19,0.07,0.07,0.0,49,23,-102,0,3.32,0.4,0.0228,0.0541,49.29,43.32,23.27
725.927,flow_only,122.9,52.1374945,21.1605286,86.25,52.13751,21.160544,28,0.5,0.595,255,0.0,0.0,-0.0722,-0.178,2.874,3.469,-7.47,-4.52,296.29,0.04,0.02,0.02,0.06,99695,1507,3,0.19,0.07,0.07,0.0,49,-17,11,0,3.35,0.44,0.0176,0.0476,52.55,32.98,26.91
726.027,flow_only,123.0,52.1374948,21.1605278,86.28,52.13751,21.160544,28,0.5,0.595,255,-0.1677,0.1677,-0.088,0.1318,2.896,3.499,-7.95,-4.24,296.35,0.04,0.02,0.08,0.06,99695,1507,3,0.19,0.07,0.07,0.0,49,-90,-40,0,3.4,0.47,0.0168,0.0593,45.84,40.51,24.71
726.127,flow_only,123.1,52.1374952,21.1605271,86.32,52.1375105,21.1605424,28,0.5,0.567,255,0.0,0.3354,0.0077,-0.0301,2.906,3.532,-8.11,-4.04,296.46,0.04,0.02,0.02,0.06,99695,1507,3,0.19,0.07,0.07,0.0,49,25,82,0,3.42,0.48,0.0157,0.056,46.02,37.75,22.98
726.227,flow_only,123.2,52.1374955,21.1605262,86.35,52.1375105,21.1605424,28,0.5,0.567,255,0.0,0.1677,0.0538,0.0341,2.9,3.565,-7.94,-4.04,296.66,0.04,0.02,0.04,0.04,99695,1507,3,0.19,0.07,0.07,0.0,49,-7,-5,0,3.46,0.48,0.0141,0.0575,39.4,45.68,26.02
726.327,flow_only,123.3,52.1374958,21.1605252,86.38,52.1375109,21.1605406,28,0.5,0.719,255,0.0,0.1677,0.0147,0.0347,2.888,3.595,-7.75,-4.01,296.91,0.04,0.02,0.0,0.06,99695,1507,3,0.19,0.07,0.07,0.0,49,119,-35,0,3.46,0.52,0.0084,0.0395,41.22,36.69,31.48
726.427,flow_only,123.4,52.137496,21.1605243,86.41,52.1375109,21.1605406,28,0.5,0.719,255,0.0,0.3354,-0.0561,-0.0485,2.908,3.622,-8.52,-3.89,297.13,0.04,0.02,0.06,0.06,99695,1507,3,0.19,0.07,0.07,0.0,49,130,72,0,3.49,0.54,0.0184,0.0606,44.84,37.16,33.5
726.527,flow_only,123.5,52.1374962,21.1605232,86.43,52.1375113,21.1605387,28,0.5,0.651,255,0.1676,0.1676,0.1539,-0.0057,2.912,3.643,-8.14,-3.98,297.42,0.04,0.02,0.05,0.06,99695,1507,3,0.19,0.07,0.07,0.0,49,1,53,0,3.46,0.52,0.0127,0.0328,47.91,40.62,27.71
726.627,flow_only,123.6,52.1374964,21.1605222,86.45,52.1375113,21.1605387,28,0.5,0.651,255,0.1677,0.1677,-0.0039,0.0111,2.902,3.662,-7.83,-3.88,297.76,0.04,0.02,0.04,0.06,99695,1507,3,0.19,0.07,0.07,0.0,49,-209,-215,0,3.49,0.54,0.0208,0.0536,45.7,41.92,31.1
726.727,flow_only,123.7,52.1374966,21.1605214,86.48,52.1375117,21.1605368,28,0.5,0.725,255,0.3354,0.5031,0.0902,0.1574,2.918,3.69,-7.49,-3.23,297.97,0.04,0.02,0.1,0.05,99695,1507,3,0.19,0.07,0.07,0.0,49,-56,82,0,3.52,0.57,0.0176,0.0662,44.21,41.15,24.84
726.827,flow_only,123.8,52.1374968,21.1605207,86.51,52.1375117,21.1605368,28,0.5,0.725,255,0.0,0.3353,-0.1826,0.119,2.892,3.726,-8.05,-1.87,297.63,0.04,0.02,0.06,0.06,99695,1507,3,0.19,0.07,0.07,0.0,49,166,-146,0,3.56,0.57,0.0289,0.0854,45.05,43.85,26.47
726.927,flow_only,123.9,52.1374968,21.16052,86.54,52.137512,21.1605348,28,0.5,0.727,255,0.0,0.1677,0.0003,-0.1022,2.906,3.76,-8.28,-2.21,296.85,0.04,0.02,0.02,0.06,99695,1507,3,0.19,0.07,0.07,0.0,49,-139,-47,0,3.56,0.61,0.0267,0.068,39.34,43.29,24.88
727.027,flow_only,124.0,52.1374968,21.1605191,86.58,52.137512,21.1605348,28,0.5,0.727,255,0.3353,0.1677,0.1672,-0.1943,2.908,3.791,-7.48,-3.31,295.93,0.04,0.02,0.06,0.06,99695,1507,3,0.19,0.07,0.07,0.0,49,-160,-35,0,3.59,0.64,0.0172,0.0577,40.99,41.73,24.81
727.127,flow_only,124.1,52.1374968,21.1605181,86.6,52.1375121,21.1605327,28,0.5,0.736,255,0.1677,0.0,0.2887,-0.3682,2.898,3.817,-5.83,-5.29,295.17,0.04,0.02,0.02,0.06,99695,1507,3,0.19,0.07,0.07,0.0,49,155,104,0,3.57,0.62,0.0137,0.0342,34.28,34.83,23.26
727.227,flow_only,124.2,52.1374968,21.1605167,86.61,52.1375121,21.1605327,28,0.5,0.736,255,0.3354,0.1677,0.234,0.1184,2.864,3.824,-3.95,-5.85,294.58,0.04,0.02,0.1,0.06,99695,1507,3,0.19,0.07,0.07,0.0,49,190,-18,0,3.53,0.57,0.0224,0.0478,31.27,31.91,19.75
727.327,flow_only,124.3,52.1374968,21.1605154,86.6,52.1375119,21.1605304,28,0.5,0.856,255,0.3353,0.3353,0.0713,0.1064,2.862,3.818,-3.36,-5.23,294.32,0.04,0.02,0.07,0.06,99695,1507,3,0.19,0.08,0.07,0.0,49,-49,-163,0,3.5,0.59,0.0143,0.0494,33.03,28.99,23.14
727.427,flow_only,124.4,52.1374966,21.1605142,86.59,52.1375119,21.1605304,28,0.5,0.856,255,0.1677,0.1677,0.1369,0.1237,2.834,3.805,-2.74,-4.58,294.1,0.04,0.02,0.08,0.04,99695,1507,3,0.19,0.08,0.07,0.0,49,77,5,0,3.46,0.53,0.0323,0.0864,32.96,35.01,23.04
727.527,flow_only,124.5,52.1374964,21.1605128,86.57,52.1375117,21.1605279,28,0.5,0.949,255,0.3353,0.503,0.2021,0.0159,2.812,3.788,-1.67,-4.16,293.9,0.04,0.02,0.06,0.04,99695,1507,3,0.19,0.07,0.07,0.0,49,9,5,0,3.42,0.51,0.0176,0.0685,33.93,32.33,20.2
727.627,flow_only,124.6,52.1374963,21.1605115,86.55,52.1375117,21.1605279,28,0.5,0.949,255,0.3353,0.3353,0.1701,0.0033,2.812,3.769,-0.57,-4.22,293.72,0.04,0.02,0.06,0.05,99695,1507,3,0.19,0.07,0.07,0.0,49,-168,-68,0,3.39,0.49,0.0139,0.0666,32.23,34.69,22.13
727.727,flow_only,124.7,52.1374964,21.1605102,86.54,52.1375115,21.1605253,28,0.5,0.914,255,0.3353,0.1677,0.094,0.0436,2.808,3.75,0.16,-3.95,293.68,0.04,0.02,0.06,0.06,99695,1507,3,0.19,0.07,0.07,0.0,49,58,-107,0,3.36,0.47,0.0128,0.0657,33.7,32.94,20.3
727.827,flow_only,124.8,52.1374964,21.1605091,86.52,52.1375115,21.1605253,28,0.5,0.914,255,0.3353,0.3353,0.0059,0.057,2.784,3.731,0.4,-3.74,293.57,0.04,0.02,0.06,0.07,99695,1507,3,0.19,0.07,0.07,0.0,49,4,82,0,3.33,0.44,0.0148,0.0694,34.49,35.64,24.97
727.927,flow_only,124.9,52.1374965,21.160508,86.5,52.1375114,21.1605226,28,0.5,0.908,255,0.3353,0.3353,-0.0227,-0.1224,2.792,3.714,0.27,-3.82,293.53,0.04,0.02,0.07,0.06,99695,1507,3,0.19,0.07,0.07,0.0,49,-91,200,0,3.29,0.43,0.0164,0.0718,37.21,37.35,25.74
728.027,flow_only,125.0,52.1374965,21.1605068,86.48,52.1375114,21.1605226,28,0.5,0.908,255,0.1677,0.0,-0.0398,-0.1082,2.79,3.697,0.09,-4.72,293.49,0.04,0.02,0.08,0.07,99695,1507,3,0.19,0.07,0.07,0.0,49,98,-59,0,3.27,0.4,0.0211,0.0776,36.07,37.58,28.66
728.127,flow_only,125.1,52.1374966,21.1605056,86.46,52.1375114,21.1605202,28,0.5,0.817,255,0.0,0.3353,0.0049,0.0794,2.792,3.68,0.12,-4.5,293.45,0.04,0.02,0.08,0.08,99695,1507,3,0.19,0.06,0.07,0.0,49,-69,-101,0,3.24,0.37,0.0143,0.0731,39.18,38.67,24.92
728.227,flow_only,125.2,52.1374968,21.1605045,86.45,52.1375114,21.1605202,28,0.5,0.817,255,0.0,0.1677,-0.0186,0.0167,2.804,3.664,0.01,-4.17,293.37,0.04,0.02,0.07,0.09,99695,1507,3,0.19,0.06,0.07,0.0,49,-35,-157,0,3.23,0.37,0.0147,0.0697,39.29,38.98,25.95
728.327,flow_only,125.3,52.137497,21.1605035,86.44,52.1375117,21.1605179,28,0.5,0.78,255,0.0,0.1677,-0.0585,-0.0103,2.82,3.652,-0.35,-4.26,293.3,0.04,0.02,0.03,0.06,99695,1507,3,0.19,0.06,0.07,0.0,49,42,-48,0,3.22,0.33,0.0169,0.0584,39.46,40.69,28.14
728.427,flow_only,125.4,52.1374972,21.1605027,86.42,52.1375117,21.1605179,28,0.5,0.78,255,0.0,0.503,-0.0052,-0.0062,2.816,3.638,-0.49,-4.26,293.24,0.04,0.02,0.13,0.07,99695,1507,3,0.19,0.06,0.07,0.0,49,-127,-79,0,3.18,0.33,0.0248,0.0878,39.04,37.29,24.88
728.527,flow_only,125.5,52.1374975,21.160502,86.41,52.1375121,21.1605158,28,0.5,0.755,255,0.0,0.0,-0.0941,-0.1378,2.844,3.621,-0.74,-4.74,293.08,0.04,0.02,0.07,0.07,99695,1507,3,0.19,0.07,0.07,0.0,49,25,22,0,3.16,0.26,0.02,0.0782,38.97,39.22,27.07
728.627,flow_only,125.6,52.1374978,21.1605013,86.39,52.1375121,21.1605158,28,0.5,0.755,255,0.0,0.1677,-0.1489,-0.0146,2.85,3.609,-1.6,-5.1,292.95,0.04,0.02,0.04,0.05,99695,1507,3,0.19,0.07,0.07,0.0,49,134,81,0,3.16,0.24,0.0148,0.056,42.94,40.24,26.89
728.727,flow_only,125.7,52.137498,21.1605007,86.39,52.1375127,21.1605139,28,0.5,0.727,255,-0.1676,0.1676,-0.0355,-0.1163,2.864,3.607,-2.01,-5.65,293.0,0.04,0.02,0.02,0.07,99695,1507,3,0.19,0.07,0.07,0.0,49,21,-29,0,3.16,0.23,0.0198,0.0516,41.15,41.79,27.62
728.827,flow_only,125.8,52.1374983,21.1605001,86.4,52.1375127,21.1605139,28,0.5,0.727,255,-0.1677,0.0,-0.1317,-0.0839,2.894,3.612,-2.5,-5.94,293.2,0.04,0.02,0.02,0.05,99695,1507,3,0.19,0.07,0.07,0.0,49,74,-162,0,3.17,0.24,0.0276,0.0607,39.93,39.23,25.05
728.927,flow_only,125.9,52.1374987,21.1604994,86.4,52.1375136,21.1605121,28,0.5,0.8,255,0.0,0.1677,0.0416,-0.1436,2.926,3.616,-2.73,-6.7,293.27,0.04,0.02,0.03,0.03,99695,1507,3,0.19,0.08,0.07,0.0,49,39,75,0,3.18,0.21,0.0118,0.0302,39.61,41.38,24.09
729.027,flow_only,126.0,52.137499,21.1604985,86.4,52.1375136,21.1605121,28,0.5,0.8,255,-0.1677,0.1677,-0.1215,-0.1171,2.952,3.616,-2.89,-7.4,293.22,0.04,0.02,0.06,0.06,99695,1507,3,0.19,0.08,0.07,0.0,49,8,-110,0,3.17,0.18,0.0104,0.0309,39.84,40.21,27.41
729.127,flow_only,126.1,52.1374993,21.1604977,86.39,52.1375144,21.1605103,28,0.5,0.775,255,0.0,0.1677,-0.0963,-0.0109,2.954,3.605,-3.6,-8.01,293.18,0.04,0.02,0.08,0.06,99695,1507,3,0.19,0.07,0.07,0.0,49,70,116,0,3.16,0.17,0.0238,0.0608,45.42,37.57,26.56
729.227,flow_only,126.2,52.1374996,21.1604969,86.37,52.1375144,21.1605103,28,0.5,0.775,255,-0.1677,0.6707,-0.0473,0.1703,2.968,3.581,-3.9,-7.14,293.15,0.04,0.02,0.16,0.05,99695,1507,3,0.19,0.07,0.07,0.0,49,-40,-50,0,3.1,0.08,0.0266,0.082,39.84,37.95,24.17
729.327,flow_only,126.3,52.1374999,21.160496,86.34,52.1375154,21.1605085,28,0.5,0.826,255,0.0,0.5031,0.0301,-0.0056,2.958,3.554,-4.05,-6.74,293.2,0.04,0.02,0.06,0.07,99695,1507,3,0.19,0.07,0.07,0.0,49,104,-4,0,3.08,0.08,0.0261,0.0768,40.49,42.21,30.07
729.427,flow_only,126.4,52.1375003,21.1604948,86.32,52.1375154,21.1605085,28,0.5,0.826,255,0.0,0.0,0.0736,-0.081,2.952,3.531,-3.81,-7.18,293.4,0.04,0.02,0.04,0.05,99695,1507,3,0.19,0.07,0.07,0.0,49,-144,3,0,3.07,0.03,0.0335,0.0796,43.13,43.65,32.46
729.527,flow_only,126.5,52.1375008,21.1604936,86.29,52.1375166,21.1605067,28,0.5,0.971,255,-0.1677,0.1677,-0.0273,0.1161,2.948,3.508,-3.79,-6.8,293.55,0.04,0.02,0.06,0.06,99695,1507,3,0.19,0.07,0.07,0.0,49,91,-2,0,3.06,0.04,0.0238,0.0629,41.88,37.59,26.13
729.627,flow_only,126.6,52.1375012,21.1604925,86.27,52.1375166,21.1605067,28,0.5,0.971,255,-0.1677,0.3353,0.0087,0.105,2.972,3.485,-3.89,-6.12,293.64,0.04,0.02,0.07,0.07,99695,1507,3,0.19,0.07,0.07,0.0,49,-62,-239,0,3.04,0.01,0.0156,0.044,44.4,34.11,22.63
729.727,flow_only,126.7,52.1375017,21.1604918,86.25,52.1375178,21.1605048,28,0.5,0.913,255,0.0,0.3354,-0.0452,0.0901,2.986,3.462,-3.99,-5.52,293.74,0.04,0.02,0.07,0.05,99695,1507,3,0.19,0.07,0.07,0.0,49,-92,-212,0,3.01,-0.03,0.0283,0.0668,39.73,42.35,23.15
729.827,flow_only,126.8,52.1375022,21.1604912,86.23,52.1375178,21.1605048,28,0.5,0.913,255,0.0,0.3353,-0.0578,-0.0247,2.982,3.441,-4.43,-5.44,293.79,0.04,0.02,0.06,0.04,99695,1507,3,0.19,0.07,0.07,0.0,49,-153,163,0,3.0,-0.03,0.0168,0.0457,41.54,39.14,32.39
729.927,flow_only,126.9,52.1375028,21.1604905,86.21,52.137519,21.1605031,28,0.5,0.913,255,-0.1677,0.0,-0.1134,-0.0795,2.996,3.42,-5.01,-5.85,293.54,0.04,0.02,0.08,0.06,99695,1507,3,0.19,0.08,0.07,0.0,49,143,-77,0,2.97,-0.08,0.0172,0.0475,46.33,40.57,32.26
730.027,flow_only,127.0,52.1375032,21.1604896,86.18,52.137519,21.1605031,28,0.5,0.913,255,0.0,0.1677,-0.0361,0.0083,2.988,3.397,-5.28,-5.99,293.19,0.04,0.02,0.06,0.05,99695,1507,3,0.19,0.08,0.07,0.0,49,43,-72,0,2.96,-0.1,0.0097,0.0329,42.81,41.24,33.8
730.127,flow_only,127.1,52.1375038,21.1604887,86.16,52.1375202,21.160501,28,0.5,0.995,255,0.0,0.3353,-0.0185,0.0112,3.018,3.371,-5.4,-6.01,292.86,0.04,0.02,0.11,0.07,99695,1507,3,0.19,0.07,0.07,0.0,49,-75,-127,0,2.92,-0.13,0.0187,0.0566,43.05,42.72,27.14
730.227,flow_only,127.2,52.1375044,21.1604882,86.13,52.1375202,21.160501,28,0.5,0.995,255,-0.1677,0.1677,-0.0226,0.0581,3.026,3.341,-5.63,-5.83,292.63,0.04,0.02,0.09,0.03,99695,1507,3,0.19,0.07,0.07,0.0,49,10,-116,0,2.89,-0.17,0.032,0.0822,43.3,39.91,28.13
730.327,flow_only,127.3,52.1375049,21.1604877,86.1,52.1375213,21.1604988,28,0.5,1.017,255,-0.1677,0.3353,-0.218,0.0432,3.052,3.313,-6.55,-5.58,292.41,0.04,0.02,0.05,0.06,99695,1507,3,0.19,0.07,0.07,0.0,49,82,195,0,2.88,-0.21,0.0149,0.0476,43.39,42.82,30.77
730.427,flow_only,127.4,52.1375053,21.160487,86.07,52.1375213,21.1604988,28,0.5,1.017,255,-0.3353,0.3353,0.0021,-0.1196,3.066,3.287,-7.06,-5.96,292.33,0.04,0.02,0.08,0.04,99695,1507,3,0.19,0.07,0.07,0.0,49,76,-73,0,2.86,-0.23,0.0175,0.0446,44.46,43.92,33.37
730.527,flow_only,127.5,52.1375057,21.1604862,86.05,52.1375225,21.1604967,28,0.5,0.946,255,0.0,0.0,0.0048,-0.0595,3.062,3.264,-7.0,-6.48,292.46,0.04,0.02,0.07,0.03,99695,1507,3,0.19,0.07,0.07,0.0,49,-114,-197,0,2.85,-0.27,0.025,0.0605,47.34,44.94,31.84
730.627,flow_only,127.6,52.1375063,21.1604854,86.03,52.1375225,21.1604967,28,0.5,0.946,255,0.0,0.1677,0.0531,-0.1084,3.078,3.243,-7.1,-7.09,292.55,0.04,0.02,0.08,0.02,99695,1507,3,0.19,0.07,0.07,0.0,49,133,-150,0,2.83,-0.29,0.0089,0.0292,50.19,43.97,31.73
730.727,flow_only,127.7,52.1375067,21.1604846,86.01,52.1375235,21.1604944,28,0.5,0.998,255,0.1677,0.503,0.0312,0.1811,3.098,3.223,-6.72,-6.71,292.35,0.04,0.02,0.06,0.06,99695,1507,3,0.19,0.07,0.07,0.0,49,29,-5,0,2.83,-0.3,0.0145,0.0389,45.48,47.57,33.46
730.827,flow_only,127.8,52.1375072,21.1604839,85.99,52.1375235,21.1604944,28,0.5,0.998,255,0.0,0.1677,-0.1205,-0.1288,3.1,3.21,-7.11,-6.67,292.29,0.04,0.02,0.03,0.06,99695,1507,3,0.19,0.07,0.07,0.0,49,-132,-128,0,2.83,-0.3,0.0222,0.0501,48.23,49.25,32.61
730.927,flow_only,127.9,52.1375076,21.160483,85.98,52.1375244,21.160492,28,0.5,0.905,255,-0.1677,0.1677,-0.2131,-0.0279,3.13,3.199,-8.15,-7.2,292.27,0.04,0.02,0.03,0.06,99695,1507,3,0.19,0.07,0.07,0.0,49,62,-160,0,2.84,-0.32,0.0099,0.0249,47.46,47.27,32.26
731.027,flow_only,128.0,52.1375081,21.1604822,85.97,52.1375244,21.160492,28,0.5,0.905,255,0.0,0.5029,0.1019,-0.0768,3.148,3.183,-7.96,-7.27,292.25,0.04,0.02,0.1,0.07,99695,1507,3,0.19,0.07,0.07,0.0,49,-391,197,0,2.82,-0.35,0.031,0.0661,45.67,47.85,30.15
731.127,flow_only,128.1,52.1375086,21.1604814,85.94,52.1375253,21.1604895,28,0.5,1.023,255,-0.1677,0.3354,-0.0218,0.0366,3.162,3.159,-8.06,-7.65,292.53,0.04,0.02,0.06,0.05,99695,1507,3,0.19,0.07,0.07,0.0,49,23,37,0,2.81,-0.38,0.0203,0.0474,40.65,45.76,32.73
731.227,flow_only,128.2,52.1375091,21.1604807,85.91,52.1375253,21.1604895,28,0.5,1.023,255,0.0,0.3353,-0.0034,0.0722,3.158,3.127,-7.88,-6.79,293.01,0.04,0.02,0.11,0.05,99695,1507,3,0.19,0.07,0.07,0.0,49,-20,-205,0,2.78,-0.43,0.0214,0.0536,52.68,46.64,26.21
731.327,flow_only,128.3,52.1375095,21.1604799,85.88,52.1375261,21.1604868,28,0.5,0.99,255,0.0,0.3354,-0.1227,0.0944,3.158,3.097,-8.49,-6.43,293.56,0.04,0.02,0.03,0.07,99695,1507,3,0.19,0.07,0.07,0.0,49,138,19,0,2.77,-0.45,0.0137,0.0289,50.43,48.93,41.18
731.427,flow_only,128.4,52.1375098,21.1604789,85.85,52.1375261,21.1604868,28,0.5,0.99,255,-0.1677,0.0,-0.0304,-0.156,3.158,3.07,-9.2,-6.86,294.14,0.04,0.02,0.05,0.05,99695,1507,3,0.19,0.07,0.07,0.0,49,4,107,0,2.74,-0.45,0.0197,0.0366,49.91,52.07,41.92
731.527,flow_only,128.5,52.1375102,21.1604779,85.83,52.1375268,21.1604841,28,0.5,0.984,255,0.0,0.503,0.0111,0.0726,3.164,3.045,-9.19,-6.96,294.45,0.04,0.02,0.02,0.03,99695,1507,3,0.19,0.07,0.07,0.0,49,19,113,0,2.75,-0.46,0.0147,0.03,47.54,55.82,40.77
731.627,flow_only,128.6,52.1375105,21.1604769,85.8,52.1375268,21.1604841,28,0.5,0.984,255,0.0,0.3352,-0.0092,-0.0347,3.174,3.02,-8.97,-6.83,294.52,0.04,0.02,0.11,0.06,99695,1507,3,0.19,0.07,0.07,0.0,49,-41,27,0,2.7,-0.46,0.0106,0.0273,50.34,55.97,35.69
731.727,flow_only,128.7,52.1375108,21.1604759,85.78,52.1375275,21.1604814,28,0.5,0.953,255,0.0,0.3353,-0.0465,-0.058,3.212,2.997,-9.52,-7.03,294.64,0.04,0.02,0.04,0.05,99695,1507,3,0.19,0.06,0.07,0.0,49,94,-108,0,2.7,-0.52,0.0121,0.0227,60.61,50.37,43.27
731.827,flow_only,128.8,52.137511,21.1604748,85.75,52.1375275,21.1604814,28,0.5,0.953,255,-0.1677,0.1677,-0.0911,-0.1178,3.236,2.97,-9.74,-7.38,294.7,0.04,0.02,0.12,0.02,99695,1507,3,0.19,0.06,0.07,0.0,49,39,104,0,2.67,-0.58,0.0179,0.0434,57.42,56.78,32.36
731.927,flow_only,128.9,52.1375112,21.1604737,85.72,52.1375282,21.1604788,28,0.5,0.998,255,0.3354,0.1677,0.1447,-0.071,3.252,2.933,-9.36,-8.16,294.6,0.04,0.02,0.1,0.02,99695,1507,3,0.19,0.07,0.07,0.0,49,-10,12,0,2.65,-0.63,0.0143,0.0429,58.03,52.1,40.75
732.027,flow_only,129.0,52.1375116,21.1604729,85.68,52.1375282,21.1604788,28,0.5,0.998,255,0.0,0.1677,0.0981,0.0899,3.256,2.893,-8.91,-7.91,294.32,0.04,0.02,0.1,0.05,99695,1507,3,0.19,0.07,0.07,0.0,49,-135,-84,0,2.62,-0.67,0.0235,0.0598,55.93,52.52,37.29
732.127,flow_only,129.1,52.137512,21.1604721,85.64,52.1375289,21.1604759,28,0.5,1.068,255,-0.1676,0.3352,0.003,0.1033,3.236,2.855,-8.53,-7.2,294.09,0.04,0.02,0.03,0.06,99695,1507,3,0.19,0.06,0.07,0.0,49,-111,-126,0,2.61,-0.69,0.0298,0.0622,53.08,42.24,34.03
732.227,flow_only,129.2,52.1375123,21.1604712,85.61,52.1375289,21.1604759,28,0.5,1.068,255,-0.1677,0.3354,-0.2215,0.135,3.232,2.824,-9.32,-6.55,294.04,0.04,0.02,0.04,0.08,99695,1507,3,0.19,0.06,0.07,0.0,49,193,-78,0,2.61,-0.69,0.0127,0.0217,47.43,44.09,38.58
732.327,flow_only,129.3,52.1375124,21.1604703,85.58,52.1375296,21.1604728,28,0.5,1.125,255,0.0,0.3353,-0.0367,-0.0322,3.258,2.794,-10.04,-6.33,293.97,0.04,0.02,0.07,0.03,99695,1507,3,0.19,0.06,0.07,0.0,49,-17,-71,0,2.58,-0.7,0.0228,0.0379,54.06,55.09,38.23
732.427,flow_only,129.4,52.1375125,21.1604695,85.55,52.1375296,21.1604728,28,0.5,1.125,255,0.3353,0.503,0.1124,-0.0389,3.258,2.766,-9.67,-6.5,293.89,0.04,0.02,0.03,0.06,99695,1507,3,0.19,0.06,0.07,0.0,49,-66,-134,0,2.58,-0.71,0.0281,0.0523,53.73,50.62,33.3
732.527,flow_only,129.5,52.1375127,21.1604685,85.53,52.1375301,21.1604696,28,0.5,1.129,255,0.3355,0.3355,0.1048,-0.0858,3.278,2.74,-9.04,-6.95,293.94,0.04,0.02,0.04,0.05,99695,1507,3,0.19,0.06,0.07,0.0,49,-158,-71,0,2.57,-0.74,0.0066,0.017,56.53,47.21,31.36
732.627,flow_only,129.6,52.1375128,21.1604674,85.5,52.1375301,21.1604696,28,0.5,1.129,255,0.0,0.3353,0.0714,0.0009,3.31,2.715,-8.64,-7.25,293.93,0.04,0.02,0.07,0.06,99695,1507,3,0.19,0.06,0.07,0.0,49,4,70,0,2.56,-0.76,0.0172,0.0291,53.03,46.64,39.68
732.727,flow_only,129.7,52.137513,21.1604662,85.48,52.1375306,21.1604663,28,0.5,1.163,255,0.1677,0.1677,0.0996,-0.0201,3.292,2.692,-8.1,-7.5,293.96,0.04,0.02,0.0,0.04,99695,1507,3,0.19,0.06,0.07,0.0,49,-26,220,0,2.58,-0.77,0.0347,0.0627,49.34,52.7,38.51
732.827,flow_only,129.8,52.1375132,21.1604647,85.46,52.1375306,21.1604663,28,0.5,1.163,255,0.1677,0.3353,-0.0002,0.0914,3.294,2.671,-7.9,-7.11,294.12,0.04,0.02,0.03,0.05,99695,1507,3,0.19,0.06,0.07,0.0,49,28,254,0,2.56,-0.77,0.0477,0.0858,51.3,46.5,32.83
732.927,flow_only,129.9,52.1375135,21.1604632,85.43,52.1375311,21.1604628,28,0.5,1.268,255,0.0,0.503,0.0337,0.1664,3.292,2.647,-7.64,-6.55,294.19,0.04,0.02,0.05,0.05,99695,1507,3,0.19,0.07,0.07,0.0,49,16,-117,0,2.57,-0.79,0.0257,0.0511,52.02,52.73,33.93
733.027,flow_only,130.0,52.1375137,21.1604619,85.41,52.1375311,21.1604628,28,0.5,1.268,255,0.0,1.006,-0.1205,0.2587,3.304,2.624,-7.84,-4.98,294.08,0.04,0.02,0.0,0.06,99695,1507,3,0.19,0.07,0.07,0.0,49,-160,88,0,2.57,-0.78,0.0215,0.0499,46.51,47.91,36.59
733.127,flow_only,130.1,52.1375139,21.1604605,85.39,52.1375314,21.160459,28,0.5,1.288,255,0.0,0.1677,-0.0236,-0.1683,3.324,2.6,-8.37,-5.31,293.99,0.04,0.02,0.02,0.05,99695,1507,3,0.19,0.07,0.07,0.0,49,43,529,0,2.58,-0.78,0.0426,0.0873,54.21,52.37,32.31
733.227,flow_only,130.2,52.1375142,21.160459,85.36,52.1375314,21.160459,28,0.5,1.288,255,0.0,0.3353,0.0894,0.0068,3.316,2.57,-7.98,-5.69,293.74,0.04,0.02,0.03,0.04,99695,1507,3,0.19,0.07,0.07,0.0,49,-103,98,0,2.58,-0.8,0.0463,0.0891,47.35,52.47,33.91
733.327,flow_only,130.3,52.1375145,21.1604574,85.32,52.1375318,21.1604554,28,0.5,1.183,255,0.1677,0.6708,0.0234,0.1436,3.308,2.535,-7.73,-5.14,293.39,0.04,0.02,0.06,0.04,99695,1507,3,0.19,0.06,0.07,0.0,49,26,-77,0,2.56,-0.82,0.0336,0.0667,46.05,47.58,31.35
733.427,flow_only,130.4,52.1375147,21.1604561,85.28,52.1375318,21.1604554,28,0.5,1.183,255,0.1677,0.1677,0.0247,-0.0824,3.316,2.498,-7.46,-5.18,293.25,0.04,0.02,0.02,0.04,99695,1507,3,0.19,0.06,0.07,0.0,49,-150,-33,0,2.54,-0.83,0.0221,0.0453,45.75,46.93,32.77
733.527,flow_only,130.5,52.1375149,21.1604549,85.24,52.1375321,21.1604519,28,0.5,1.166,255,0.1677,0.3354,0.1997,0.094,3.284,2.459,-6.54,-5.04,293.23,0.04,0.02,0.04,0.04,99695,1507,3,0.19,0.07,0.07,0.0,49,215,160,0,2.52,-0.87,0.0159,0.0383,44.88,42.78,32.54
733.627,flow_only,130.6,52.137515,21.1604538,85.21,52.1375321,21.1604519,28,0.5,1.166,255,0.1677,0.3353,0.04,0.1067,3.284,2.421,-5.93,-4.51,293.23,0.04,0.02,0.04,0.05,99695,1507,3,0.19,0.07,0.07,0.0,49,104,-57,0,2.49,-0.88,0.0081,0.017,43.29,46.26,36.94
733.727,flow_only,130.7,52.1375151,21.1604528,85.18,52.1375322,21.1604485,28,0.5,1.133,255,0.1677,0.1677,0.1487,-0.0653,3.26,2.39,-5.48,-4.4,293.57,0.04,0.02,0.01,0.05,99695,1507,3,0.19,0.07,0.07,0.0,49,-163,-163,0,2.49,-0.87,0.0234,0.043,55.47,43.1,30.29
733.827,flow_only,130.8,52.1375152,21.1604518,85.16,52.1375322,21.1604485,28,0.5,1.133,255,0.0,0.1677,0.0246,-0.0948,3.262,2.37,-5.16,-5.06,293.99,0.04,0.02,0.02,0.06,99695,1507,3,0.19,0.07,0.07,0.0,49,10,6,0,2.5,-0.85,0.0141,0.0522,54.5,52.63,34.24
733.927,flow_only,130.9,52.1375153,21.1604507,85.15,52.1375323,21.1604453,28,0.5,1.063,255,0.3353,0.3353,0.0322,-0.0319,3.274,2.361,-4.91,-5.47,294.32,0.04,0.02,0.02,0.03,99695,1507,3,0.19,0.07,0.07,0.0,49,32,-4,0,2.52,-0.83,0.0154,0.0646,50.2,51.08,37.57
734.027,flow_only,131.0,52.1375155,21.1604496,85.14,52.1375323,21.1604453,28,0.5,1.063,255,-0.1677,0.1677,-0.1651,-0.0579,3.27,2.353,-5.65,-5.75,294.69,0.04,0.02,0.02,0.05,99695,1507,3,0.19,0.07,0.07,0.0,49,-120,110,0,2.51,-0.83,0.0231,0.0588,52.2,43.8,32.55
734.127,flow_only,131.1,52.1375157,21.1604483,85.13,52.1375325,21.1604421,28,0.5,1.054,255,0.1677,0.1677,0.0202,0.0121,3.266,2.348,-5.85,-5.88,294.98,0.04,0.02,0.02,0.04,99695,1507,3,0.19,0.06,0.07,0.0,49,-135,-84,0,2.53,-0.82,0.0251,0.0732,50.32,50.17,31.64
734.227,flow_only,131.2,52.1375159,21.1604471,85.13,52.1375325,21.1604421,28,0.5,1.054,255,0.1677,0.5032,0.1853,0.1317,3.286,2.342,-5.11,-5.75,295.11,0.04,0.02,0.0,0.02,99695,1507,3,0.19,0.06,0.07,0.0,49,81,273,0,2.53,-0.81,0.0284,0.0725,48.53,47.95,33.6
734.327,flow_only,131.3,52.137516,21.1604459,85.13,52.1375329,21.1604391,28,0.5,1.059,255,0.0,0.503,-0.0578,0.2928,3.256,2.343,-5.15,-4.22,295.07,0.04,0.02,0.05,0.03,99695,1507,3,0.19,0.07,0.07,0.0,49,328,137,0,2.58,-0.78,0.0386,0.0988,46.37,37.71,30.76
734.427,flow_only,131.4,52.1375159,21.1604447,85.14,52.1375329,21.1604391,28,0.5,1.059,255,0.1677,0.3354,0.016,-0.0553,3.286,2.355,-5.23,-3.77,295.18,0.04,0.02,0.06,0.04,99695,1507,3,0.19,0.07,0.07,0.0,49,134,-113,0,2.61,-0.74,0.0463,0.1089,49.34,42.98,30.7
734.527,flow_only,131.5,52.1375159,21.1604436,85.15,52.1375332,21.1604359,28,0.5,1.101,255,0.1677,0.3353,0.0323,-0.0912,3.33,2.368,-4.88,-4.35,295.14,0.04,0.02,0.02,0.06,99695,1507,3,0.19,0.07,0.07,0.0,49,203,-163,0,2.64,-0.72,0.0448,0.1039,46.24,47.73,31.58
734.627,flow_only,131.6,52.1375158,21.1604425,85.16,52.1375332,21.1604359,28,0.5,1.101,255,0.0,0.1677,0.0458,-0.1173,3.338,2.376,-4.76,-4.78,294.83,0.04,0.02,0.04,0.05,99695,1507,3,0.19,0.07,0.07,0.0,49,68,-35,0,2.68,-0.71,0.0392,0.1078,47.57,48.38,31.48
734.727,flow_only,131.7,52.1375158,21.1604414,85.16,52.1375336,21.1604327,28,0.5,1.081,255,0.1677,0.1677,0.1598,-0.145,3.36,2.372,-3.89,-5.76,294.43,0.04,0.02,0.01,0.05,99695,1507,3,0.19,0.06,0.07,0.0,49,-48,132,0,2.67,-0.75,0.0195,0.074,46.75,43.87,30.48
734.827,flow_only,131.8,52.1375159,21.1604404,85.14,52.1375336,21.1604327,28,0.5,1.081,255,0.1677,0.503,0.0342,0.0285,3.34,2.36,-3.3,-6.09,293.96,0.04,0.02,0.0,0.04,99695,1507,3,0.19,0.06,0.07,0.0,49,-169,-23,0,2.67,-0.75,0.0141,0.0521,50.36,44.99,29.55
734.927,flow_only,131.9,52.137516,21.1604396,85.13,52.1375339,21.1604297,28,0.5,0.996,255,0.0,0.1677,-0.0741,0.0334,3.324,2.346,-3.64,-5.8,293.6,0.04,0.02,0.04,0.04,99695,1507,3,0.19,0.07,0.07,0.0,49,59,-152,0,2.69,-0.73,0.0247,0.0672,42.32,46.22,33.79
735.027,flow_only,132.0,52.1375162,21.1604388,85.12,52.1375339,21.1604297,28,0.5,0.996,255,0.0,0.3353,0.0195,-0.0493,3.304,2.338,-3.64,-5.93,293.56,0.04,0.02,0.05,0.05,99695,1507,3,0.19,0.07,0.07,0.0,49,-13,258,0,2.7,-0.7,0.0141,0.0717,47.0,48.2,31.0
735.127,flow_only,132.1,52.1375164,21.1604379,85.12,52.1375344,21.1604268,28,0.5,1.001,255,0.0,0.3353,0.004,0.012,3.29,2.332,-3.7,-6.09,293.8,0.04,0.02,0.05,0.05,99695,1507,3,0.19,0.07,0.07,0.0,49,13,0,0,2.72,-0.66,0.0143,0.0741,45.97,44.4,35.13
735.227,flow_only,132.2,52.1375167,21.160437,85.11,52.1375344,21.1604268,28,0.5,1.001,255,0.0,0.1677,-0.0477,-0.022,3.278,2.329,-3.78,-6.31,294.07,0.04,0.02,0.07,0.04,99695,1507,3,0.19,0.07,0.07,0.0,49,-7,-55,0,2.74,-0.62,0.0182,0.0834,42.68,46.01,33.56
735.327,flow_only,132.3,52.1375169,21.1604361,85.11,52.137535,21.1604241,28,0.5,0.986,255,-0.1677,0.503,-0.0274,0.0042,3.26,2.325,-4.24,-6.19,294.31,0.04,0.02,0.02,0.03,99695,1507,3,0.19,0.07,0.07,0.0,49,120,-128,0,2.74,-0.61,0.0176,0.0726,45.82,50.74,33.35
735.427,flow_only,132.4,52.1375172,21.1604352,85.1,52.137535,21.1604241,28,0.5,0.986,255,0.0,0.1677,0.0358,0.025,3.252,2.319,-4.24,-6.02,294.55,0.04,0.02,0.01,0.05,99695,1507,3,0.19,0.07,0.07,0.0,49,64,-136,0,2.74,-0.6,0.0148,0.0597,45.27,44.3,34.62
735.527,flow_only,132.5,52.1375176,21.1604342,85.1,52.1375358,21.1604213,28,0.5,1.076,255,0.0,0.1677,0.0665,-0.0234,3.244,2.313,-4.18,-6.21,294.82,0.04,0.02,0.03,0.04,99695,1507,3,0.19,0.07,0.07,0.0,49,80,260,0,2.73,-0.6,0.0284,0.0709,43.12,48.25,34.73
735.627,flow_only,132.6,52.137518,21.1604331,85.1,52.1375358,21.1604213,28,0.5,1.076,255,0.0,0.5031,-0.0234,0.0719,3.236,2.312,-4.04,-6.09,295.16,0.04,0.02,0.08,0.05,99695,1507,3,0.19,0.07,0.07,0.0,49,145,78,0,2.76,-0.56,0.0261,0.0844,45.68,49.56,32.55
735.727,flow_only,132.7,52.1375183,21.1604318,85.1,52.1375367,21.1604184,28,0.5,1.104,255,-0.1677,0.6706,-0.1247,0.2054,3.232,2.318,-4.95,-5.15,295.44,0.04,0.02,0.08,0.05,99695,1507,3,0.19,0.07,0.07,0.0,49,78,-291,0,2.79,-0.52,0.0242,0.0876,41.57,42.21,37.57
735.827,flow_only,132.8,52.1375187,21.1604308,85.11,52.1375367,21.1604184,28,0.5,1.104,255,-0.1677,0.3353,0.033,0.1907,3.212,2.321,-5.13,-3.84,295.6,0.04,0.02,0.0,0.04,99695,1507,3,0.19,0.07,0.07,0.0,49,93,-224,0,2.78,-0.51,0.0237,0.0672,44.98,43.13,32.75
735.927,flow_only,132.9,52.137519,21.1604298,85.11,52.1375376,21.1604154,28,0.5,1.137,255,0.0,0.3354,-0.143,-0.0118,3.172,2.32,-5.47,-3.46,295.68,0.04,0.02,0.01,0.06,99695,1507,3,0.19,0.07,0.07,0.0,49,-118,313,0,2.78,-0.51,0.0225,0.0554,46.03,44.78,31.21
736.027,flow_only,133.0,52.1375194,21.1604287,85.1,52.1375376,21.1604154,28,0.5,1.137,255,0.0,0.3353,-0.0972,-0.0631,3.168,2.315,-6.21,-3.68,295.65,0.04,0.02,0.0,0.04,99695,1507,3,0.19,0.07,0.07,0.0,49,214,-97,0,2.77,-0.49,0.0114,0.0373,51.23,46.92,29.01
736.127,flow_only,133.1,52.1375198,21.1604276,85.09,52.1375386,21.1604124,28,0.5,1.146,255,0.0,0.3353,0.1173,-0.0435,3.172,2.305,-5.69,-4.01,295.65,0.04,0.02,0.0,0.05,99695,1507,3,0.19,0.07,0.07,0.0,49,-84,-31,0,2.77,-0.47,0.0154,0.034,47.3,41.19,35.62
736.227,flow_only,133.2,52.1375201,21.1604264,85.08,52.1375386,21.1604124,28,0.5,1.146,255,0.0,0.503,0.0619,0.0691,3.188,2.296,-5.13,-3.98,295.59,0.04,0.02,0.05,0.06,99695,1507,3,0.19,0.07,0.07,0.0,49,95,271,0,2.77,-0.46,0.0257,0.0563,45.32,38.77,32.25
736.327,flow_only,133.3,52.1375205,21.1604254,85.08,52.1375395,21.1604096,28,0.5,1.046,255,0.0,0.3353,0.0842,0.0637,3.174,2.293,-4.84,-3.72,295.45,0.04,0.02,0.04,0.02,99695,1507,3,0.19,0.07,0.07,0.0,49,24,-165,0,2.78,-0.48,0.0101,0.0357,40.88,39.38,32.52
736.427,flow_only,133.4,52.1375208,21.1604244,85.08,52.1375395,21.1604096,28,0.5,1.046,255,-0.1676,0.3351,-0.0405,0.0243,3.178,2.299,-4.94,-3.36,295.24,0.04,0.02,0.09,0.05,99695,1507,3,0.19,0.07,0.07,0.0,49,20,-14,0,2.8,-0.45,0.0119,0.0539,43.81,39.58,27.02
736.527,flow_only,133.5,52.1375211,21.1604234,85.1,52.1375403,21.1604068,28,0.5,1.006,255,0.0,0.3353,0.0494,-0.1901,3.17,2.315,-5.06,-4.22,295.16,0.04,0.02,0.12,0.03,99695,1507,3,0.19,0.07,0.07,0.0,49,120,19,0,2.85,-0.4,0.0213,0.0843,43.85,43.92,30.6
736.627,flow_only,133.6,52.1375214,21.1604223,85.12,52.1375403,21.1604068,28,0.5,1.006,255,0.0,0.1676,0.0489,0.0194,3.15,2.337,-4.94,-4.44,295.15,0.04,0.02,0.09,0.04,99695,1507,3,0.19,0.07,0.07,0.0,49,45,-9,0,2.88,-0.36,0.0163,0.0827,42.66,42.95,33.12
736.727,flow_only,133.7,52.1375217,21.1604213,85.15,52.1375412,21.1604041,28,0.5,1.079,255,0.0,0.1677,0.0184,0.1066,3.164,2.365,-4.65,-4.0,295.23,0.04,0.02,0.11,0.05,99695,1507,3,0.2,0.07,0.07,0.0,49,-40,175,0,2.92,-0.36,0.0195,0.0924,40.51,45.2,26.27
736.827,flow_only,133.8,52.1375221,21.1604203,85.19,52.1375412,21.1604041,28,0.5,1.079,255,0.0,0.6706,0.029,0.1465,3.162,2.402,-4.54,-3.22,295.51,0.04,0.02,0.15,0.04,99695,1507,3,0.2,0.07,0.07,0.0,49,-2,-41,0,2.98,-0.24,0.0249,0.1107,40.75,39.19,26.79
736.927,flow_only,133.9,52.1375224,21.1604194,85.24,52.137542,21.1604013,28,0.5,1.037,255,0.0,0.3354,0.0492,-0.0275,3.16,2.452,-4.36,-2.94,296.24,0.04,0.02,0.19,0.04,99695,1507,3,0.2,0.06,0.07,0.0,49,18,56,0,3.05,-0.18,0.0278,0.1367,44.07,40.88,26.81
737.027,flow_only,134.0,52.1375227,21.1604185,85.29,52.137542,21.1604013,28,0.5,1.037,255,0.0,0.3353,-0.0108,-0.0974,3.164,2.51,-4.32,-3.31,297.12,0.04,0.02,0.19,0.04,99695,1507,3,0.2,0.06,0.07,0.0,49,4,20,0,3.13,-0.18,0.0309,0.1543,46.27,38.0,29.97
737.127,flow_only,134.1,52.137523,21.1604174,85.36,52.1375428,21.1603986,28,0.5,1.069,255,-0.1677,0.3354,-0.0539,-0.1116,3.156,2.572,-4.8,-3.94,297.9,0.04,0.02,0.19,0.05,99695,1507,3,0.2,0.07,0.07,0.0,49,93,40,0,3.21,-0.02,0.0331,0.1658,48.87,44.03,29.34
737.227,flow_only,134.2,52.1375234,21.1604163,85.42,52.1375428,21.1603986,28,0.5,1.069,255,-0.1677,0.1677,0.0418,0.0368,3.14,2.637,-5.04,-4.09,298.56,0.04,0.02,0.22,0.05,99695,1507,3,0.2,0.07,0.07,0.0,49,-99,32,0,3.29,0.06,0.0399,0.1812,42.03,42.98,28.12
737.327,flow_only,134.3,52.1375238,21.1604151,85.49,52.1375436,21.1603959,28,0.5,0.982,255,0.0,0.3355,-0.057,0.0161,3.06,2.702,-5.04,-3.75,299.08,0.04,0.02,0.15,0.06,99695,1507,3,0.2,0.07,0.07,0.0,49,-17,-119,0,3.33,0.12,0.0342,0.1613,43.14,39.07,23.93
737.427,flow_only,134.4,52.1375243,21.160414,85.55,52.1375436,21.1603959,28,0.5,0.982,255,-0.3353,0.6707,-0.1408,0.0923,3.086,2.77,-5.85,-3.45,299.43,0.04,0.02,0.26,0.05,99695,1507,3,0.2,0.07,0.07,0.0,49,-4,466,0,3.42,0.25,0.0548,0.2017,47.3,41.77,28.9
737.527,flow_only,134.5,52.1375248,21.1604127,85.61,52.1375446,21.1603935,28,0.5,1.002,255,0.0,0.3354,0.0139,0.0673,3.102,2.83,-6.1,-3.08,299.28,0.04,0.02,0.09,0.04,99695,1507,3,0.2,0.08,0.07,0.0,49,-175,212,0,3.44,0.29,0.0502,0.1602,45.59,42.86,30.97
737.627,flow_only,134.6,52.1375253,21.1604116,85.66,52.1375446,21.1603935,28,0.5,1.002,255,0.0,0.3353,-0.0713,0.1788,3.048,2.877,-5.97,-2.4,298.95,0.04,0.02,0.07,0.07,99695,1507,3,0.2,0.08,0.07,0.0,49,34,-150,0,3.44,0.31,0.0289,0.1082,47.55,41.03,30.13
737.727,flow_only,134.7,52.1375259,21.1604104,85.71,52.1375457,21.1603911,28,0.5,1.033,255,0.0,0.3354,-0.1571,0.0317,3.046,2.93,-6.87,-1.83,298.61,0.04,0.02,0.24,0.08,99695,1507,3,0.2,0.08,0.07,0.0,49,61,156,0,3.51,0.4,0.0456,0.1533,55.11,45.58,31.54
737.827,flow_only,134.8,52.1375263,21.1604091,85.79,52.1375457,21.1603911,28,0.5,1.033,255,0.0,0.0,-0.15,-0.0544,3.026,3.001,-7.87,-2.32,298.28,0.04,0.02,0.32,0.04,99695,1507,3,0.2,0.08,0.07,0.0,49,229,68,0,3.62,0.53,0.0567,0.2058,46.66,50.47,30.29
737.927,flow_only,134.9,52.1375266,21.1604078,85.86,52.1375467,21.1603888,28,0.5,0.851,255,-0.1677,0.3354,-0.044,-0.0181,3.004,3.077,-8.49,-2.48,297.8,0.04,0.02,0.24,0.04,99695,1507,3,0.2,0.08,0.07,0.0,49,-119,175,0,3.68,0.61,0.049,0.1991,46.41,49.85,28.52
738.027,flow_only,135.0,52.1375269,21.1604067,85.92,52.1375467,21.1603888,28,0.5,0.851,255,0.3355,0.3355,0.1189,-0.0205,2.96,3.13,-7.91,-2.79,297.14,0.04,0.02,0.03,0.05,99695,1507,3,0.2,0.08,0.07,0.0,49,-237,198,0,3.64,0.59,0.0347,0.1019,45.44,41.25,29.77
738.127,flow_only,135.1,52.1375274,21.1604057,85.93,52.1375477,21.1603869,28,0.5,0.837,255,0.0,0.1677,-0.0374,0.0192,2.918,3.149,-7.82,-2.8,296.42,0.04,0.02,0.07,0.04,99695,1507,3,0.2,0.09,0.07,0.0,49,189,137,0,3.56,0.56,0.0257,0.0479,44.56,40.41,29.5
738.227,flow_only,135.2,52.1375278,21.1604046,85.93,52.1375477,21.1603869,28,0.5,0.837,255,0.0,0.3353,-0.0108,0.1595,2.87,3.141,-7.84,-2.39,295.77,0.04,0.02,0.06,0.05,99695,1507,3,0.2,0.09,0.07,0.0,49,105,330,0,3.49,0.52,0.0363,0.0795,45.53,46.76,36.41
738.327,flow_only,135.3,52.1375282,21.1604037,85.9,52.1375487,21.1603852,28,0.5,0.72,255,0.0,0.1677,-0.0735,-0.0296,2.812,3.115,-7.83,-2.34,295.5,0.04,0.02,0.06,0.04,99695,1507,3,0.2,0.1,0.07,0.0,49,31,68,0,3.41,0.5,0.024,0.0929,46.93,41.18,27.72
738.427,flow_only,135.4,52.1375285,21.1604027,85.87,52.1375487,21.1603852,28,0.5,0.72,255,0.0,0.1677,0.0273,0.0603,2.79,3.088,-8.13,-2.36,295.55,0.04,0.02,0.0,0.07,99695,1507,3,0.2,0.1,0.07,0.0,49,-17,76,0,3.37,0.5,0.0267,0.0932,58.38,48.03,26.32
738.527,flow_only,135.5,52.1375289,21.1604016,85.85,52.1375495,21.1603836,28,0.5,0.672,255,0.0,0.3353,0.0666,-0.012,2.758,3.064,-7.89,-2.25,295.81,0.04,0.02,0.01,0.06,99695,1507,3,0.2,0.1,0.07,0.0,49,169,-39,0,3.32,0.49,0.0308,0.1019,45.91,50.89,29.98
738.627,flow_only,135.6,52.1375292,21.1604007,85.83,52.1375495,21.1603836,28,0.5,0.672,255,0.1677,0.1677,0.0664,-0.0576,2.72,3.044,-7.35,-2.4,296.26,0.04,0.02,0.02,0.05,99695,1507,3,0.2,0.1,0.07,0.0,49,-102,181,0,3.28,0.47,0.0232,0.1005,37.68,55.53,32.35
738.727,flow_only,135.7,52.1375295,21.1603997,85.83,52.1375502,21.1603821,28,0.5,0.599,255,-0.1677,0.1677,-0.0562,0.042,2.706,3.042,-7.48,-2.4,296.46,0.04,0.02,0.15,0.03,99695,1507,3,0.2,0.08,0.07,0.0,49,381,47,0,3.31,0.54,0.0385,0.075,40.61,46.87,32.34
738.827,flow_only,135.8,52.1375296,21.1603987,85.84,52.1375502,21.1603821,28,0.5,0.599,255,-0.1677,0.5032,0.0913,0.113,2.688,3.054,-7.43,-1.95,296.26,0.04,0.02,0.0,0.03,99695,1507,3,0.2,0.08,0.07,0.0,49,35,-57,0,3.3,0.53,0.0222,0.0601,43.72,42.7,28.54
738.927,flow_only,135.9,52.1375298,21.1603978,85.85,52.1375508,21.1603808,28,0.5,0.559,255,0.0,0.1677,0.1197,-0.0285,2.682,3.063,-6.81,-1.75,296.07,0.04,0.02,0.03,0.05,99695,1507,3,0.2,0.08,0.07,0.0,49,103,118,0,3.27,0.53,0.0226,0.0761,28.63,47.86,29.27
739.027,flow_only,136.0,52.13753,21.1603969,85.85,52.1375508,21.1603808,28,0.5,0.559,255,0.0,0.0,0.0481,-0.1137,2.682,3.068,-6.26,-2.3,295.9,0.04,0.02,0.07,0.06,99695,1507,3,0.2,0.08,0.07,0.0,49,65,-57,0,3.23,0.49,0.0196,0.097,26.33,51.32,28.65
739.127,flow_only,136.1,52.1375302,21.1603961,85.85,52.1375513,21.1603795,28,0.5,0.503,255,0.0,0.1676,-0.0182,-0.0613,2.678,3.067,-6.35,-2.78,295.83,0.04,0.02,0.08,0.02,99695,1507,3,0.2,0.08,0.07,0.0,49,57,117,0,3.2,0.45,0.0231,0.1181,43.46,38.41,25.11
739.227,flow_only,136.2,52.1375304,21.1603954,85.85,52.1375513,21.1603795,28,0.5,0.503,255,0.0,0.1677,0.0075,-0.0086,2.674,3.063,-6.32,-2.89,295.89,0.04,0.02,0.04,0.03,99695,1507,3,0.2,0.08,0.07,0.0,49,12,-83,0,3.19,0.44,0.0247,0.1206,47.2,37.12,24.08
739.327,flow_only,136.3,52.1375306,21.1603947,85.85,52.1375516,21.1603784,28,0.5,0.439,255,0.0,0.0,0.0273,-0.0773,2.686,3.063,-6.34,-3.2,296.09,0.04,0.02,0.04,0.04,99695,1507,3,0.2,0.07,0.07,0.0,49,5,58,0,3.18,0.45,0.0225,0.1144,38.87,42.06,27.0
739.427,flow_only,136.4,52.1375308,21.1603941,85.85,52.1375516,21.1603784,28,0.5,0.439,255,0.0,0.1677,-0.0174,-0.0757,2.706,3.069,-6.3,-3.57,296.58,0.04,0.02,0.01,0.05,99695,1507,3,0.2,0.07,0.07,0.0,49,-25,90,0,3.19,0.44,0.0253,0.1065,37.68,37.59,22.69
739.527,flow_only,136.5,52.1375311,21.1603934,85.87,52.1375519,21.1603773,28,0.5,0.422,255,0.0,0.1677,0.0407,-0.0595,2.74,3.083,-6.29,-3.93,297.22,0.04,0.02,0.01,0.05,99695,1507,3,0.2,0.09,0.07,0.0,49,49,128,0,3.2,0.44,0.0186,0.0816,32.85,47.63,23.08
739.627,flow_only,136.6,52.1375313,21.1603926,85.89,52.1375519,21.1603773,28,0.5,0.422,255,0.0,0.0,0.0035,-0.0597,2.766,3.102,-6.32,-4.22,297.75,0.04,0.02,0.04,0.04,99695,1507,3,0.2,0.09,0.07,0.0,49,162,-87,0,3.21,0.41,0.0193,0.086,39.4,44.98,28.88
739.727,flow_only,136.7,52.1375314,21.160392,85.91,52.1375521,21.1603763,28,0.5,0.356,255,0.0,0.1677,-0.02,-0.0118,2.788,3.128,-6.41,-4.34,298.17,0.04,0.02,0.08,0.04,99695,1507,3,0.2,0.08,0.07,0.0,49,9,-80,0,3.26,0.44,0.0243,0.0609,42.16,41.62,32.5
739.827,flow_only,136.8,52.1375314,21.1603915,85.95,52.1375521,21.1603763,28,0.5,0.356,255,0.0,0.1677,0.0751,-0.0223,2.8,3.166,-6.32,-4.47,298.42,0.04,0.02,0.09,0.06,99695,1507,3,0.2,0.08,0.07,0.0,49,1,-78,0,3.33,0.48,0.0339,0.0643,48.58,39.25,27.02
739.927,flow_only,136.9,52.1375315,21.1603909,85.99,52.1375522,21.1603752,28,0.5,0.407,255,0.0,0.0,0.0558,-0.0401,2.816,3.205,-6.02,-4.68,298.46,0.04,0.02,0.0,0.04,99695,1507,3,0.2,0.09,0.07,0.0,49,294,-83,0,3.34,0.48,0.0357,0.0662,46.42,42.36,23.13
740.027,flow_only,137.0,52.1375315,21.1603903,86.02,52.1375522,21.1603752,28,0.5,0.407,255,0.1677,0.0,0.0658,-0.0592,2.834,3.237,-5.67,-5.03,298.41,0.04,0.02,0.0,0.06,99695,1507,3,0.2,0.09,0.07,0.0,49,-67,-49,0,3.37,0.5,0.0356,0.0755,41.13,42.61,20.79
740.127,flow_only,137.1,52.1375315,21.1603896,86.05,52.1375524,21.160374,28,0.5,0.512,255,0.0,0.1677,0.0913,-0.0191,2.845,3.264,-5.32,-5.36,298.25,0.04,0.02,0.0,0.06,99695,1507,3,0.2,0.08,0.07,0.0,49,82,-64,0,3.38,0.49,0.028,0.0588,42.14,42.83,21.81
740.227,flow_only,137.2,52.1375314,21.1603888,86.07,52.1375524,21.160374,28,0.5,0.512,255,0.0,0.1677,0.0496,0.0208,2.848,3.289,-4.89,-5.34,297.92,0.04,0.02,0.04,0.06,99695,1507,3,0.2,0.08,0.07,0.0,49,63,-150,0,3.42,0.51,0.032,0.0615,43.56,37.05,22.63
740.327,flow_only,137.3,52.1375314,21.160388,86.1,52.1375527,21.1603726,28,0.5,0.497,255,0.1677,0.1677,0.0933,-0.0639,2.866,3.314,-4.58,-5.52,297.48,0.04,0.02,0.02,0.06,99695,1507,3,0.2,0.07,0.07,0.0,49,-79,27,0,3.44,0.53,0.0189,0.0406,46.14,37.86,26.44
740.427,flow_only,137.4,52.1375314,21.160387,86.12,52.1375527,21.1603726,28,0.5,0.497,255,0.0,0.1677,0.1395,-0.0235,2.866,3.336,-3.84,-5.82,297.08,0.04,0.02,0.0,0.04,99695,1507,3,0.2,0.07,0.07,0.0,49,15,72,0,3.44,0.51,0.0063,0.0245,42.98,38.56,26.1
740.527,flow_only,137.5,52.1375315,21.1603859,86.14,52.1375528,21.1603711,28,0.5,0.564,255,0.0,0.1677,-0.0537,0.0649,2.868,3.357,-3.66,-5.69,296.52,0.04,0.02,0.03,0.04,99695,1507,3,0.2,0.07,0.07,0.0,49,-127,20,0,3.46,0.54,0.0061,0.0169,44.76,41.73,31.29
740.627,flow_only,137.6,52.1375317,21.1603847,86.16,52.1375528,21.1603711,28,0.5,0.564,255,0.0,0.3353,0.0556,0.0605,2.882,3.378,-3.62,-5.42,295.88,0.04,0.02,0.02,0.03,99695,1507,3,0.2,0.07,0.07,0.0,49,32,117,0,3.48,0.54,0.0159,0.0336,44.89,40.73,27.09
740.727,flow_only,137.7,52.1375319,21.1603836,86.18,52.137553,21.1603696,28,0.5,0.487,255,0.1677,0.1677,0.0725,0.0354,2.856,3.392,-3.16,-5.12,295.19,0.04,0.02,0.05,0.03,99695,1507,3,0.2,0.07,0.07,0.0,49,-75,45,0,3.45,0.51,0.0175,0.0501,39.95,41.84,29.97
740.827,flow_only,137.8,52.1375323,21.1603826,86.18,52.137553,21.1603696,28,0.5,0.487,255,0.0,0.3353,0.0298,0.1293,2.85,3.4,-3.06,-4.56,294.79,0.04,0.02,0.03,0.05,99695,1507,3,0.2,0.07,0.07,0.0,49,24,-103,0,3.44,0.49,0.0218,0.0652,41.6,41.44,28.17
740.927,flow_only,137.9,52.1375326,21.1603818,86.2,52.1375533,21.1603682,28,0.5,0.553,255,0.0,0.3353,0.0528,0.1284,2.862,3.413,-2.86,-3.62,295.05,0.04,0.02,0.04,0.05,99695,1507,3,0.2,0.07,0.07,0.0,49,2,-200,0,3.47,0.55,0.0307,0.0687,41.52,37.73,23.54
741.027,flow_only,138.0,52.1375329,21.160381,86.23,52.1375533,21.1603682,28,0.5,0.553,255,-0.1677,0.1677,-0.0736,-0.0717,2.896,3.442,-3.03,-3.75,295.72,0.04,0.02,0.14,0.04,99695,1507,3,0.2,0.07,0.07,0.0,49,47,42,0,3.53,0.6,0.0187,0.0418,37.57,37.96,24.15
741.127,flow_only,138.1,52.1375332,21.1603802,86.28,52.1375537,21.1603667,28,0.5,0.611,255,-0.1677,0.1677,-0.056,-0.0321,2.888,3.491,-3.63,-4.05,296.38,0.04,0.02,0.18,0.03,99695,1507,3,0.2,0.07,0.07,0.0,49,-196,-102,0,3.62,0.59,0.037,0.0949,35.61,39.52,22.4
741.227,flow_only,138.2,52.1375336,21.1603795,86.34,52.1375537,21.1603667,28,0.5,0.611,255,-0.1677,0.1677,-0.1098,-0.1007,2.896,3.554,-4.0,-4.44,297.0,0.04,0.02,0.2,0.04,99695,1507,3,0.2,0.07,0.07,0.0,49,-96,-100,0,3.71,0.74,0.0459,0.1329,39.54,37.43,24.02
741.327,flow_only,138.3,52.1375339,21.1603788,86.41,52.1375542,21.1603652,28,0.5,0.593,255,0.0,0.0,0.0008,-0.0192,2.884,3.622,-4.47,-4.62,297.52,0.04,0.02,0.11,0.04,99695,1507,3,0.2,0.07,0.07,0.0,49,150,-76,0,3.76,0.74,0.0368,0.1173,35.0,34.63,22.9
741.427,flow_only,138.4,52.1375342,21.160378,86.47,52.1375542,21.1603652,28,0.5,0.593,255,-0.1677,0.1677,-0.153,0.0243,2.9,3.686,-4.79,-4.31,297.68,0.04,0.02,0.1,0.04,99695,1507,3,0.2,0.07,0.07,0.0,49,-34,169,0,3.8,0.85,0.0232,0.0961,34.2,33.05,20.99
741.527,flow_only,138.5,52.1375344,21.1603771,86.53,52.1375547,21.1603638,28,0.5,0.583,255,0.0,0.1677,0.1455,-0.0622,2.914,3.742,-4.65,-4.66,297.82,0.04,0.02,0.07,0.04,99695,1507,3,0.2,0.07,0.07,0.0,49,-9,40,0,3.82,0.86,0.0193,0.0794,27.62,29.64,16.21
741.627,flow_only,138.6,52.1375347,21.1603762,86.57,52.1375547,21.1603638,28,0.5,0.583,255,0.0,0.3353,0.1241,0.0777,2.892,3.783,-4.15,-4.34,297.83,0.04,0.02,0.01,0.04,99695,1507,3,0.2,0.07,0.07,0.0,49,61,-169,0,3.83,0.86,0.0222,0.0584,26.07,25.55,16.0
741.727,flow_only,138.7,52.1375349,21.1603751,86.59,52.1375551,21.1603623,28,0.5,0.628,255,0.3354,0.3354,0.1367,0.0893,2.882,3.809,-3.13,-3.95,297.17,0.04,0.02,0.01,0.03,99695,1507,3,0.2,0.08,0.07,0.0,49,-98,-58,0,3.8,0.85,0.011,0.0245,28.4,23.86,19.7
741.827,flow_only,138.8,52.1375352,21.160374,86.61,52.1375551,21.1603623,28,0.5,0.628,255,0.0,0.3354,0.0009,0.053,2.846,3.826,-3.2,-3.55,296.41,0.04,0.02,0.02,0.04,99695,1507,3,0.2,0.08,0.07,0.0,49,174,238,0,3.8,0.85,0.0125,0.026,28.22,26.93,16.97
741.927,flow_only,138.9,52.1375354,21.1603729,86.63,52.1375554,21.1603606,28,0.5,0.622,255,0.1677,0.1677,0.1512,0.0328,2.826,3.846,-2.54,-3.31,295.63,0.04,0.02,0.11,0.03,99695,1507,3,0.2,0.09,0.07,0.0,49,-135,-77,0,3.82,0.91,0.0143,0.0361,27.08,28.65,17.02
742.027,flow_only,139.0,52.1375357,21.1603719,86.66,52.1375554,21.1603606,28,0.5,0.622,255,0.1676,0.0,0.1637,-0.1068,2.802,3.872,-1.64,-4.09,295.21,0.04,0.02,0.09,0.03,99695,1507,3,0.2,0.09,0.07,0.0,49,-152,135,0,3.84,0.94,0.0217,0.0541,28.25,31.96,17.0
742.127,flow_only,139.1,52.137536,21.1603709,86.68,52.1375557,21.1603589,28,0.5,0.644,255,0.1677,0.3353,0.0245,0.0762,2.776,3.9,-0.95,-4.09,294.79,0.04,0.02,0.05,0.03,99695,1507,3,0.2,0.08,0.07,0.0,49,-6,8,0,3.83,0.96,0.0188,0.0461,29.43,33.9,20.86
742.227,flow_only,139.2,52.1375363,21.1603701,86.71,52.1375557,21.1603589,28,0.5,0.644,255,0.0,0.0,-0.0764,-0.0206,2.77,3.929,-1.39,-3.93,294.31,0.04,0.02,0.06,0.05,99695,1507,3,0.2,0.08,0.07,0.0,49,76,-200,0,3.83,0.98,0.0335,0.0711,30.31,34.42,20.06
742.327,flow_only,139.3,52.1375365,21.1603694,86.74,52.1375561,21.1603574,28,0.5,0.469,255,0.0,0.1677,-0.0193,-0.122,2.76,3.957,-1.72,-4.39,293.86,0.04,0.02,0.01,0.03,99695,1507,3,0.2,0.08,0.07,0.0,49,-129,-102,0,3.81,0.97,0.0329,0.071,30.94,33.66,20.73
742.427,flow_only,139.4,52.1375367,21.1603688,86.76,52.1375561,21.1603574,28,0.5,0.469,255,0.0,0.0,0.1174,-0.1653,2.742,3.978,-1.33,-5.36,293.59,0.04,0.02,0.02,0.04,99695,1507,3,0.2,0.08,0.07,0.0,49,8,8,0,3.81,0.97,0.0233,0.0528,29.2,33.35,20.5
742.527,flow_only,139.5,52.1375369,21.160368,86.78,52.1375564,21.1603561,27,0.51,0.535,255,0.1676,0.0,0.0287,-0.1224,2.722,3.999,-0.92,-6.18,293.65,0.04,0.02,0.06,0.03,99695,1507,3,0.2,0.09,0.07,0.0,49,55,-11,0,3.81,1.0,0.0177,0.038,27.37,32.68,21.15
742.627,flow_only,139.6,52.1375371,21.1603672,86.81,52.1375564,21.1603561,27,0.51,0.535,255,0.0,0.1677,0.0663,-0.0969,2.705,4.022,-0.81,-6.77,293.88,0.04,0.02,0.04,0.04,99695,1507,3,0.2,0.09,0.07,0.0,49,12,-92,0,3.81,1.01,0.021,0.0454,32.5,34.84,25.69
742.727,flow_only,139.7,52.1375374,21.1603664,86.82,52.1375568,21.1603548,28,0.5,0.46,255,-0.3354,0.1677,-0.069,-0.022,2.676,4.036,-0.9,-7.05,294.17,0.04,0.02,0.07,0.03,99695,1507,3,0.2,0.1,0.07,0.0,49,-15,41,0,3.75,0.99,0.0106,0.0492,31.15,34.66,26.18
742.827,flow_only,139.8,52.1375377,21.1603655,86.81,52.1375568,21.1603548,28,0.5,0.46,255,-0.1677,0.1677,-0.0214,0.132,2.658,4.03,-1.24,-6.6,294.32,0.04,0.02,0.16,0.04,99695,1507,3,0.2,0.1,0.07,0.0,49,83,-244,0,3.67,0.92,0.0323,0.118,33.33,38.82,24.83
742.927,flow_only,139.9,52.1375381,21.1603646,86.79,52.1375572,21.1603535,28,0.5,0.657,255,-0.1677,0.6707,0.0159,0.0855,2.644,4.007,-1.19,-5.83,294.5,0.04,0.02,0.12,0.04,99695,1507,3,0.2,0.08,0.07,0.0,49,53,-34,0,3.6,0.88,0.027,0.1332,35.34,37.04,21.85
743.027,flow_only,140.0,52.1375385,21.1603637,86.77,52.1375572,21.1603535,28,0.5,0.657,255,0.0,0.1677,-0.1053,-0.014,2.656,3.982,-1.58,-5.74,294.72,0.04,0.02,0.09,0.06,99695,1507,3,0.2,0.08,0.07,0.0,49,65,242,0,3.56,0.88,0.0288,0.1374,35.61,39.97,23.1
743.127,flow_only,140.1,52.1375389,21.1603626,86.74,52.1375579,21.160352,28,0.5,0.69,255,-0.1676,0.1676,-0.1613,0.0817,2.648,3.956,-2.74,-5.35,294.87,0.04,0.02,0.09,0.03,99695,1507,3,0.2,0.07,0.07,0.0,49,-377,32,0,3.51,0.79,0.0328,0.1484,43.66,38.0,29.07
743.227,flow_only,140.2,52.1375395,21.1603618,86.72,52.1375579,21.160352,28,0.5,0.69,255,-0.1677,0.1677,-0.0429,0.1074,2.63,3.931,-3.02,-4.8,295.0,0.04,0.02,0.09,0.05,99695,1507,3,0.2,0.07,0.07,0.0,49,-63,21,0,3.47,0.74,0.0321,0.1476,44.44,35.44,33.74
743.327,flow_only,140.3,52.1375401,21.160361,86.69,52.1375586,21.1603505,28,0.5,0.661,255,-0.1677,0.1677,-0.1191,0.0247,2.612,3.909,-3.51,-4.5,295.04,0.04,0.02,0.11,0.05,99695,1507,3,0.2,0.07,0.07,0.0,49,-20,-138,0,3.41,0.72,0.0398,0.1624,40.53,39.7,28.16
743.427,flow_only,140.4,52.1375407,21.1603605,86.67,52.1375586,21.1603505,28,0.5,0.661,255,-0.3354,0.3354,-0.0563,0.0269,2.602,3.888,-3.96,-4.22,295.12,0.04,0.02,0.11,0.06,99695,1507,3,0.2,0.07,0.07,0.0,49,32,-283,0,3.37,0.67,0.051,0.1796,38.35,37.86,27.64
743.527,flow_only,140.5,52.1375411,21.1603601,86.66,52.1375594,21.1603491,28,0.5,0.705,255,-0.3354,0.3354,-0.1524,0.0318,2.648,3.871,-4.62,-4.06,295.11,0.04,0.02,0.07,0.05,99695,1507,3,0.2,0.08,0.07,0.0,49,127,64,0,3.35,0.67,0.0401,0.1498,38.98,42.0,26.53
743.627,flow_only,140.6,52.1375415,21.1603591,86.65,52.1375594,21.1603491,28,0.5,0.705,255,-0.1677,0.1677,-0.0681,-0.022,2.656,3.862,-5.3,-4.16,294.9,0.04,0.02,0.07,0.04,99695,1507,3,0.2,0.08,0.07,0.0,49,75,74,0,3.34,0.64,0.0262,0.1186,39.25,37.1,24.78
743.727,flow_only,140.7,52.1375418,21.160358,86.65,52.1375603,21.1603477,28,0.5,0.668,255,0.0,0.3353,0.0758,0.0095,2.662,3.861,-5.15,-4.24,294.87,0.04,0.02,0.05,0.06,99695,1507,3,0.2,0.08,0.07,0.0,49,79,-57,0,3.33,0.62,0.0264,0.1044,36.94,36.56,28.29
743.827,flow_only,140.8,52.1375421,21.1603569,86.65,52.1375603,21.1603477,28,0.5,0.668,255,0.0,0.1676,0.01,0.0254,2.67,3.866,-5.01,-4.13,294.88,0.04,0.02,0.06,0.05,99695,1507,3,0.2,0.08,0.07,0.0,49,-30,51,0,3.34,0.6,0.0209,0.0916,33.65,35.89,25.19
743.927,flow_only,140.9,52.1375424,21.1603558,86.65,52.1375608,21.1603463,28,0.5,0.64,255,0.1677,0.0,0.1149,-0.0069,2.674,3.87,-4.62,-4.26,294.89,0.04,0.02,0.07,0.05,99695,1507,3,0.2,0.08,0.07,0.0,49,7,-37,0,3.33,0.59,0.0192,0.087,34.58,35.48,21.63
744.027,flow_only,141.0,52.1375427,21.160355,86.66,52.1375608,21.1603463,28,0.5,0.64,255,0.0,0.3353,0.0553,0.1006,2.692,3.876,-3.84,-4.0,294.8,0.04,0.02,0.04,0.04,99695,1507,3,0.2,0.08,0.07,0.0,49,-167,65,0,3.34,0.59,0.0245,0.0869,32.88,34.93,23.18
744.127,flow_only,141.1,52.137543,21.1603542,86.67,52.1375612,21.1603447,28,0.5,0.624,255,-0.1677,0.1677,-0.0139,-0.0496,2.722,3.89,-4.27,-3.76,294.49,0.04,0.02,0.0,0.05,99695,1507,3,0.2,0.07,0.07,0.0,49,150,-164,0,3.36,0.6,0.0249,0.068,35.42,32.29,21.31
744.227,flow_only,141.2,52.1375433,21.1603534,86.7,52.1375612,21.1603447,28,0.5,0.624,255,0.0,0.0,0.1758,-0.1114,2.762,3.915,-3.54,-4.29,294.49,0.04,0.02,0.06,0.03,99695,1507,3,0.2,0.07,0.07,0.0,49,-79,45,0,3.42,0.62,0.0223,0.0525,28.89,30.7,20.14
744.327,flow_only,141.3,52.1375436,21.1603526,86.74,52.1375615,21.1603432,28,0.5,0.557,255,0.0,0.5032,0.0167,0.0334,2.79,3.951,-3.14,-4.46,294.61,0.04,0.02,0.05,0.03,99695,1507,3,0.2,0.09,0.07,0.0,49,84,-170,0,3.46,0.63,0.0188,0.0454,27.13,31.57,18.88
744.427,flow_only,141.4,52.1375438,21.1603519,86.77,52.1375615,21.1603432,28,0.5,0.557,255,-0.1677,0.1677,0.0203,0.0692,2.814,3.985,-2.98,-4.04,294.58,0.04,0.02,0.05,0.06,99695,1507,3,0.2,0.09,0.07,0.0,49,-50,-119,0,3.47,0.61,0.0307,0.0695,29.07,28.58,19.38
744.527,flow_only,141.5,52.137544,21.1603513,86.8,52.1375617,21.1603417,27,0.51,0.555,255,0.0,0.1677,0.047,0.1653,2.84,4.017,-2.69,-3.38,294.46,0.04,0.02,0.05,0.07,99695,1507,3,0.2,0.08,0.07,0.0,49,-10,-95,0,3.51,0.62,0.0266,0.0629,26.75,29.57,17.45
744.627,flow_only,141.6,52.1375443,21.1603507,86.84,52.1375617,21.1603417,27,0.51,0.555,255,0.0,0.1677,0.0197,-0.0246,2.872,4.054,-2.82,-3.11,294.5,0.04,0.02,0.05,0.04,99695,1507,3,0.2,0.08,0.07,0.0,49,-2,181,0,3.55,0.65,0.0157,0.0491,26.38,26.17,16.91
744.727,flow_only,141.7,52.1375445,21.16035,86.87,52.137562,21.1603403,28,0.51,0.542,255,0.0,0.1677,0.0254,-0.0587,2.872,4.087,-2.63,-3.53,294.71,0.04,0.02,0.0,0.02,99695,1507,3,0.2,0.08,0.07,0.0,49,-77,31,0,3.58,0.62,0.0139,0.0434,25.8,26.67,17.51
744.827,flow_only,141.8,52.1375447,21.1603494,86.9,52.137562,21.1603403,28,0.51,0.542,255,0.0,0.1677,-0.0321,0.1759,2.874,4.115,-2.82,-2.74,295.0,0.04,0.02,0.02,0.05,99695,1507,3,0.2,0.08,0.07,0.0,49,20,-251,0,3.6,0.65,0.0285,0.0715,22.09,26.56,18.14
744.927,flow_only,141.9,52.1375448,21.1603488,86.92,52.1375621,21.1603389,28,0.5,0.467,255,0.0,0.1677,0.0251,0.0697,2.85,4.136,-2.68,-2.07,295.14,0.04,0.02,0.01,0.04,99695,1507,3,0.2,0.07,0.07,0.0,49,-14,17,0,3.6,0.65,0.0072,0.0257,24.57,28.34,20.72
745.027,flow_only,142.0,52.137545,21.1603483,86.93,52.1375621,21.1603389,28,0.5,0.467,255,0.1677,0.1677,-0.0163,0.139,2.836,4.149,-2.73,-1.46,295.1,0.04,0.02,0.02,0.03,99695,1507,3,0.2,0.07,0.07,0.0,49,147,-70,0,3.59,0.65,0.0131,0.0289,29.29,32.68,19.81
745.127,flow_only,142.1,52.137545,21.1603478,86.94,52.137562,21.1603378,28,0.5,0.324,255,0.0,0.1677,0.0341,0.1197,2.83,4.156,-2.58,-0.7,294.96,0.04,0.02,0.0,0.06,99695,1507,3,0.2,0.07,0.07,0.0,49,-50,46,0,3.58,0.66,0.0094,0.0207,31.48,28.67,20.25
745.227,flow_only,142.2,52.137545,21.1603475,86.94,52.137562,21.1603378,28,0.5,0.324,255,0.0,0.1677,0.0313,0.0216,2.832,4.158,-2.36,-0.31,294.72,0.04,0.02,0.05,0.03,99695,1507,3,0.2,0.07,0.07,0.0,49,95,-47,0,3.55,0.64,0.015,0.0354,29.43,30.87,21.01
745.327,flow_only,142.3,52.1375451,21.1603472,86.94,52.1375619,21.1603371,28,0.5,0.243,255,0.0,0.0,0.0544,-0.0173,2.82,4.155,-2.13,-0.38,294.46,0.04,0.02,0.02,0.03,99695,1507,3,0.2,0.1,0.07,0.0,49,-43,63,0,3.53,0.63,0.0055,0.0174,30.93,33.2,20.21
745.427,flow_only,142.4,52.1375451,21.1603469,86.93,52.1375619,21.1603371,28,0.5,0.243,255,0.0,0.0,0.0611,-0.0738,2.806,4.15,-1.88,-0.71,294.25,0.04,0.02,0.06,0.04,99695,1507,3,0.2,0.1,0.07,0.0,49,108,-43,0,3.5,0.6,0.0177,0.0505,30.89,33.28,22.1
745.527,flow_only,142.5,52.1375449,21.1603466,86.93,52.1375618,21.1603367,28,0.5,0.109,255,0.0,-0.1677,-0.0252,-0.1518,2.796,4.142,-1.91,-1.44,294.06,0.04,0.02,0.03,0.05,99695,1507,3,0.2,0.07,0.07,0.0,49,-58,-108,0,3.48,0.59,0.0184,0.0518,31.88,31.48,21.26
745.627,flow_only,142.6,52.1375448,21.1603465,86.92,52.1375618,21.1603367,28,0.5,0.109,255,0.0,-0.1677,0.0739,-0.1621,2.78,4.137,-1.71,-2.28,294.09,0.04,0.02,0.01,0.03,99695,1507,3,0.2,0.07,0.07,0.0,49,3,86,0,3.47,0.58,0.0108,0.0346,29.52,34.44,23.25
745.727,flow_only,142.7,52.1375448,21.1603464,86.91,52.1375616,21.1603365,28,0.5,0.115,255,0.1677,-0.1677,-0.0205,-0.1715,2.786,4.13,-1.56,-3.39,294.2,0.04,0.02,0.07,0.02,99695,1507,3,0.2,0.09,0.07,0.0,49,-86,-12,0,3.43,0.57,0.01,0.0425,28.48,35.46,21.3
745.827,flow_only,142.8,52.1375448,21.1603464,86.9,52.1375616,21.1603365,28,0.5,0.115,255,0.0,-0.1677,0.0037,-0.0467,2.792,4.119,-1.57,-3.85,294.47,0.04,0.02,0.07,0.02,99695,1507,3,0.2,0.09,0.07,0.0,49,140,-269,0,3.4,0.54,0.0167,0.0571,32.91,31.94,18.92
745.927,flow_only,142.9,52.1375447,21.1603464,86.89,52.1375613,21.1603365,28,0.5,0.093,255,0.0,-0.1677,-0.0609,-0.1363,2.79,4.105,-1.78,-4.55,294.84,0.04,0.02,0.08,0.04,99695,1507,3,0.2,0.12,0.07,0.0,49,2,-97,0,3.37,0.53,0.0167,0.0646,30.39,31.64,21.39
746.027,flow_only,143.0,52.1375447,21.1603465,86.88,52.1375613,21.1603365,28,0.5,0.093,255,0.0,-0.1677,0.0446,-0.0933,2.786,4.093,-1.88,-5.21,295.29,0.04,0.02,0.04,0.06,99695,1507,3,0.2,0.12,0.07,0.0,49,43,-70,0,3.36,0.49,0.0197,0.0619,30.28,30.12,22.67
746.127,flow_only,143.1,52.1375446,21.1603467,86.86,52.137561,21.1603367,28,0.5,0.129,255,0.1677,0.0,0.0755,-0.0572,2.788,4.08,-1.4,-5.55,295.89,0.04,0.02,0.09,0.03,99695,1507,3,0.2,0.08,0.07,0.0,49,-119,-127,0,3.32,0.46,0.0287,0.0873,30.45,29.97,21.63
746.227,flow_only,143.2,52.1375446,21.1603468,86.85,52.137561,21.1603367,28,0.5,0.129,255,0.0,0.0,-0.0127,0.0263,2.798,4.064,-1.41,-5.53,296.49,0.04,0.02,0.11,0.05,99695,1507,3,0.2,0.08,0.07,0.0,49,-5,-36,0,3.29,0.41,0.021,0.0829,30.63,32.59,19.06
746.327,flow_only,143.3,52.1375446,21.1603469,86.83,52.1375608,21.1603367,28,0.5,0.059,255,0.0,0.0,-0.0272,0.0422,2.8,4.046,-1.51,-5.24,297.23,0.04,0.02,0.07,0.06,99695,1507,3,0.2,0.09,0.07,0.0,49,-36,-95,0,3.26,0.39,0.0256,0.0852,31.85,27.61,17.27
746.427,flow_only,143.4,52.1375446,21.1603471,86.82,52.1375608,21.1603367,28,0.5,0.059,255,-0.1677,0.0,-0.1068,0.0638,2.812,4.03,-1.94,-4.87,297.69,0.04,0.02,0.07,0.1,99695,1507,3,0.2,0.09,0.07,0.0,49,49,-103,0,3.24,0.36,0.0316,0.0903,28.98,35.06,17.19
746.527,flow_only,143.5,52.1375445,21.1603472,86.8,52.1375607,21.1603367,28,0.5,0.023,255,0.0,0.0,-0.0669,0.0106,2.826,4.015,-2.45,-4.56,297.89,0.04,0.02,0.1,0.1,99695,1507,3,0.2,0.08,0.07,0.0,49,-57,-96,0,3.21,0.32,0.0269,0.0878,32.23,31.86,19.25
746.627,flow_only,143.6,52.1375445,21.1603472,86.78,52.1375607,21.1603367,28,0.5,0.023,255,0.0,0.0,0.0173,0.0094,2.838,3.998,-2.65,-4.62,298.22,0.04,0.02,0.11,0.12,99695,1507,3,0.2,0.08,0.07,0.0,49,57,-61,0,3.18,0.28,0.0245,0.0896,34.3,30.92,21.11
746.727,flow_only,143.7,52.1375444,21.1603473,86.76,52.1375607,21.1603367,28,0.5,0.13,255,0.0,0.0,-0.0262,-0.001,2.848,3.978,-2.61,-4.57,298.52,0.04,0.02,0.1,0.0,99695,1507,3,0.2,0.12,0.07,0.0,49,-17,-84,0,3.16,0.24,0.0231,0.0886,33.75,31.91,23.25
746.827,flow_only,143.8,52.1375443,21.1603473,86.74,52.1375607,21.1603367,28,0.5,0.13,255,0.0,0.0,0.0101,0.0242,2.866,3.956,-2.6,-4.53,298.69,0.04,0.02,0.09,0.06,99695,1507,3,0.2,0.12,0.07,0.0,49,33,-60,0,3.14,0.2,0.0218,0.0831,35.62,31.86,22.21
746.927,flow_only,143.9,52.1375443,21.1603473,86.72,52.1375608,21.1603366,28,0.5,0.128,255,0.0,-0.1677,0.0018,-0.1029,2.88,3.934,-2.53,-4.88,298.78,0.04,0.02,0.1,0.04,99695,1507,3,0.2,0.09,0.07,0.0,49,-21,130,0,3.11,0.16,0.0156,0.076,37.09,32.82,21.78
747.027,flow_only,144.0,52.1375444,21.1603472,86.7,52.1375608,21.1603366,28,0.5,0.128,255,0.0,0.0,-0.0303,-0.0107,2.9,3.911,-2.59,-5.05,299.01,0.04,0.02,0.09,0.04,99695,1507,3,0.2,0.09,0.07,0.0,49,-163,-29,0,3.09,0.13,0.0179,0.076,32.42,32.75,19.41
747.127,flow_only,144.1,52.1375446,21.1603471,86.67,52.137561,21.1603364,28,0.5,0.211,255,0.0,0.0,-0.0745,0.1738,2.918,3.886,-2.7,-4.45,299.21,0.04,0.02,0.1,0.03,99695,1507,3,0.2,0.1,0.07,0.0,49,-18,33,0,3.06,0.08,0.0161,0.0734,32.12,31.76,20.24
747.227,flow_only,144.2,52.1375447,21.160347,86.65,52.137561,21.1603364,28,0.5,0.211,255,-0.1677,0.3353,-0.0525,0.1179,2.918,3.862,-3.05,-3.57,299.4,0.04,0.02,0.08,0.07,99695,1507,3,0.2,0.1,0.07,0.0,49,-95,-99,0,3.05,0.05,0.0142,0.0651,28.4,29.85,18.88
747.327,flow_only,144.3,52.1375449,21.1603468,86.62,52.1375612,21.1603361,28,0.5,0.229,255,-0.1676,0.1676,-0.0627,0.0505,2.932,3.839,-3.44,-3.16,299.47,0.04,0.02,0.09,0.04,99695,1507,3,0.2,0.08,0.07,0.0,49,92,-8,0,3.02,0.02,0.0158,0.0647,30.67,33.94,17.35
747.427,flow_only,144.4,52.1375451,21.1603466,86.6,52.1375612,21.1603361,28,0.5,0.229,255,0.0,0.0,0.02,-0.0599,2.956,3.816,-3.4,-3.44,299.36,0.04,0.02,0.06,0.03,99695,1507,3,0.2,0.08,0.07,0.0,49,-158,-33,0,3.02,0.0,0.0268,0.0779,29.78,29.82,19.15
747.527,flow_only,144.5,52.1375454,21.1603466,86.58,52.1375615,21.1603358,28,0.5,0.201,255,0.0,0.1677,-0.0119,0.1227,2.97,3.796,-3.13,-3.28,299.23,0.04,0.02,0.07,0.04,99695,1507,3,0.2,0.11,0.07,0.0,49,155,-106,0,3.01,-0.02,0.0082,0.0411,30.33,28.96,18.18
747.627,flow_only,144.6,52.1375455,21.1603465,86.56,52.1375615,21.1603358,28,0.5,0.201,255,0.0,0.1677,-0.1435,0.143,2.998,3.778,-3.77,-2.36,299.29,0.04,0.02,0.05,0.04,99695,1507,3,0.2,0.11,0.07,0.0,49,-56,-98,0,3.0,-0.04,0.0122,0.0348,32.46,29.62,16.23
747.727,flow_only,144.7,52.1375456,21.1603464,86.55,52.1375616,21.1603356,28,0.5,0.155,255,-0.1677,0.0,0.0173,0.0001,3.016,3.768,-4.05,-1.94,299.48,0.04,0.02,0.0,0.03,99695,1507,3,0.2,0.09,0.07,0.0,49,-27,133,0,3.02,-0.05,0.0085,0.0224,31.41,31.88,17.89
747.827,flow_only,144.8,52.1375457,21.1603462,86.55,52.1375616,21.1603356,28,0.5,0.155,255,0.0,0.0,0.0395,-0.1142,3.02,3.766,-3.91,-2.13,299.8,0.04,0.02,0.02,0.03,99695,1507,3,0.2,0.09,0.07,0.0,49,-197,78,0,3.03,-0.06,0.0225,0.0525,30.47,31.17,18.82
747.927,flow_only,144.9,52.1375459,21.160346,86.55,52.1375618,21.1603352,28,0.5,0.214,255,0.0,0.0,0.022,-0.0215,3.046,3.761,-3.79,-2.68,300.26,0.04,0.02,0.07,0.05,99695,1507,3,0.2,0.11,0.07,0.0,49,120,107,0,3.02,-0.08,0.0219,0.0497,30.72,32.45,19.5
748.027,flow_only,145.0,52.1375459,21.1603459,86.54,52.1375618,21.1603352,28,0.5,0.214,255,0.0,0.1677,0.0253,0.0688,3.052,3.75,-3.6,-2.37,300.72,0.04,0.02,0.06,0.05,99695,1507,3,0.2,0.11,0.07,0.0,49,-65,-87,0,3.01,-0.11,0.0029,0.0103,29.71,31.9,20.44
748.127,flow_only,145.1,52.1375459,21.1603457,86.53,52.1375618,21.160335,28,0.5,0.058,255,0.1677,0.0,0.0946,-0.1845,3.066,3.74,-3.3,-2.72,301.23,0.04,0.02,0.02,0.05,99695,1507,3,0.2,0.12,0.07,0.0,49,-45,85,0,3.01,-0.11,0.0142,0.0356,32.57,32.19,18.66
748.227,flow_only,145.2,52.137546,21.1603455,86.51,52.1375618,21.160335,28,0.5,0.058,255,0.0,0.0,-0.0242,0.0198,3.084,3.727,-3.11,-3.07,301.56,0.04,0.02,0.06,0.06,99695,1507,3,0.2,0.12,0.07,0.0,49,-65,-269,0,3.0,-0.14,0.0097,0.0227,31.32,32.38,19.63
748.327,flow_only,145.3,52.137546,21.1603455,86.49,52.1375616,21.1603348,28,0.5,0.055,255,0.1677,0.1677,0.0844,0.1012,3.084,3.706,-2.86,-2.42,301.58,0.04,0.02,0.08,0.04,99695,1507,3,0.2,0.12,0.07,0.0,49,130,-2,0,2.98,-0.18,0.0068,0.0143,30.62,37.61,18.58
748.427,flow_only,145.4,52.137546,21.1603455,86.47,52.1375616,21.1603348,28,0.5,0.055,255,-0.3353,0.0,-0.1047,-0.0409,3.082,3.683,-3.0,-2.46,301.35,0.04,0.02,0.05,0.04,99695,1507,3,0.2,0.12,0.07,0.0,49,-3,136,0,2.96,-0.2,0.018,0.0413,33.18,33.3,21.38
748.527,flow_only,145.5,52.137546,21.1603454,86.44,52.1375616,21.1603346,28,0.5,0.093,255,0.0,0.0,0.0105,-0.0819,3.09,3.658,-3.34,-2.81,300.94,0.04,0.02,0.07,0.03,99695,1507,3,0.2,0.09,0.07,0.0,49,-91,-12,0,2.93,-0.23,0.0252,0.0566,36.69,36.6,21.45
748.627,flow_only,145.6,52.1375462,21.1603454,86.42,52.1375616,21.1603346,28,0.5,0.093,255,0.1677,0.0,0.0327,-0.0709,3.096,3.631,-2.87,-3.38,300.45,0.04,0.02,0.05,0.03,99695,1507,3,0.2,0.09,0.07,0.0,49,-104,-75,0,2.91,-0.25,0.0288,0.066,33.5,37.6,23.57
748.727,flow_only,145.7,52.1375464,21.1603456,86.39,52.1375615,21.1603345,28,0.5,0.038,255,0.0,0.1677,-0.1147,0.0401,3.1,3.605,-3.36,-3.25,300.02,0.04,0.02,0.05,0.05,99695,1507,3,0.2,0.08,0.07,0.0,49,154,-158,0,2.9,-0.28,0.0066,0.0183,34.11,34.06,20.89
748.827,flow_only,145.8,52.1375464,21.1603458,86.36,52.1375615,21.1603345,28,0.5,0.038,255,-0.3353,0.1677,-0.1628,0.0447,3.1,3.577,-4.22,-2.93,299.77,0.04,0.02,0.08,0.03,99695,1507,3,0.2,0.08,0.07,0.0,49,-69,-44,0,2.86,-0.28,0.0124,0.0327,38.42,37.84,24.1
748.927,flow_only,145.9,52.1375464,21.1603461,86.33,52.1375614,21.1603345,28,0.5,0.066,255,-0.1677,-0.1677,0.0356,-0.1338,3.112,3.546,-4.62,-3.35,299.71,0.04,0.02,0.07,0.04,99695,1507,3,0.2,0.12,0.07,0.0,49,10,-2,0,2.84,-0.34,0.0089,0.0255,36.22,41.39,24.33
749.027,flow_only,146.0,52.1375464,21.1603463,86.3,52.1375614,21.1603345,28,0.5,0.066,255,0.1677,-0.3353,0.0371,-0.0455,3.1,3.515,-3.92,-4.1,299.7,0.04,0.02,0.05,0.04,99695,1507,3,0.2,0.12,0.07,0.0,49,42,3,0,2.81,-0.34,0.0084,0.0187,34.4,36.7,23.32
749.127,flow_only,146.1,52.1375464,21.1603464,86.27,52.1375613,21.1603345,28,0.5,0.021,255,0.1677,0.0,0.0043,0.0168,3.106,3.486,-3.94,-4.0,299.8,0.04,0.02,0.06,0.05,99695,1507,3,0.2,0.11,0.07,0.0,49,192,-18,0,2.79,-0.36,0.0121,0.0246,39.18,35.74,22.02
749.227,flow_only,146.2,52.1375463,21.1603464,86.25,52.1375613,21.1603345,28,0.5,0.021,255,0.0,0.0,0.0094,0.0085,3.106,3.465,-4.52,-3.91,299.92,0.04,0.02,0.0,0.03,99695,1507,3,0.2,0.11,0.07,0.0,49,132,-24,0,2.79,-0.39,0.0234,0.0514,35.73,34.3,28.02
749.327,flow_only,146.3,52.1375463,21.1603464,86.24,52.1375611,21.1603346,28,0.5,0.097,255,0.0,0.0,-0.0748,-0.1135,3.12,3.451,-4.79,-4.35,300.4,0.04,0.02,0.02,0.06,99695,1507,3,0.19,0.1,0.07,0.0,49,148,-87,0,2.79,-0.39,0.0079,0.0259,40.51,41.14,26.09
749.427,flow_only,146.4,52.1375463,21.1603464,86.22,52.1375611,21.1603346,28,0.5,0.097,255,0.1677,0.0,0.2144,-0.0653,3.128,3.436,-4.02,-5.0,301.25,0.04,0.02,0.03,0.04,99695,1507,3,0.19,0.1,0.07,0.0,49,-155,-186,0,2.79,-0.41,0.0053,0.023,39.71,40.82,27.22
749.527,flow_only,146.5,52.1375463,21.1603464,86.21,52.1375609,21.1603346,28,0.5,0.129,255,0.1677,0.0,0.0726,0.0291,3.138,3.423,-3.41,-4.97,302.28,0.04,0.02,0.02,0.05,99695,1507,3,0.19,0.09,0.07,0.0,49,12,1,0,2.79,-0.41,0.0117,0.0354,41.1,42.77,22.24
749.627,flow_only,146.6,52.1375464,21.1603465,86.2,52.1375609,21.1603346,28,0.5,0.129,255,0.0,0.0,-0.0996,-0.0058,3.142,3.415,-3.67,-4.84,303.33,0.04,0.02,0.03,0.02,99695,1507,3,0.19,0.09,0.07,0.0,49,37,-14,0,2.81,-0.4,0.0109,0.0498,36.47,39.39,21.81
749.727,flow_only,146.7,52.1375465,21.1603465,86.2,52.1375607,21.1603345,28,0.5,0.054,255,-0.1677,0.0,-0.0815,0.0626,3.156,3.411,-4.31,-4.38,304.33,0.04,0.02,0.0,0.05,99695,1507,3,0.19,0.1,0.07,0.0,49,127,-128,0,2.81,-0.4,0.0127,0.0522,34.87,41.22,23.77
749.827,flow_only,146.8,52.1375465,21.1603465,86.19,52.1375607,21.1603345,28,0.5,0.054,255,0.0,0.1677,-0.1197,0.0525,3.152,3.404,-4.9,-4.0,305.07,0.04,0.02,0.06,0.04,99695,1507,3,0.19,0.1,0.07,0.0,49,62,-65,0,2.79,-0.42,0.0124,0.0373,38.73,37.61,20.44
749.927,flow_only,146.9,52.1375465,21.1603467,86.18,52.1375607,21.1603344,28,0.5,0.087,255,-0.1677,0.0,-0.1407,0.0447,3.168,3.392,-5.77,-3.58,305.44,0.04,0.02,0.03,0.05,99695,1507,3,0.19,0.12,0.07,0.0,49,-24,-98,0,2.79,-0.44,0.0149,0.0352,34.38,36.27,22.18
750.027,flow_only,147.0,52.1375466,21.1603467,86.16,52.1375607,21.1603344,28,0.5,0.087,255,0.0,0.0,0.02,0.0667,3.17,3.374,-6.09,-3.3,305.84,0.04,0.02,0.01,0.05,99695,1507,3,0.19,0.12,0.07,0.0,49,-44,81,0,2.78,-0.45,0.0081,0.0329,36.89,38.99,22.03
750.127,flow_only,147.1,52.1375466,21.1603466,86.14,52.1375607,21.1603343,28,0.5,0.085,255,0.3353,0.1677,0.149,0.1054,3.172,3.35,-5.38,-2.58,306.3,0.04,0.02,0.09,0.04,99695,1507,3,0.19,0.07,0.07,0.0,49,-134,-6,0,2.74,-0.45,0.0082,0.017,36.13,39.13,19.11
750.227,flow_only,147.2,52.1375467,21.1603467,86.11,52.1375607,21.1603343,28,0.5,0.085,255,0.0,0.1677,-0.0409,0.0405,3.178,3.322,-5.4,-2.13,306.76,0.04,0.02,0.06,0.05,99695,1507,3,0.19,0.07,0.07,0.0,49,-35,17,0,2.71,-0.52,0.0082,0.0157,38.86,33.93,18.58
750.327,flow_only,147.3,52.1375466,21.1603468,86.08,52.1375607,21.160334,28,0.5,0.117,255,0.0,0.0,-0.0687,-0.0457,3.162,3.296,-5.75,-2.06,307.19,0.04,0.02,0.0,0.03,99695,1507,3,0.19,0.08,0.07,0.0,49,30,-64,0,2.71,-0.53,0.0159,0.0301,36.43,38.79,20.8
750.427,flow_only,147.4,52.1375465,21.1603467,86.06,52.1375607,21.160334,28,0.5,0.117,255,0.0,-0.1677,0.0172,-0.1223,3.174,3.271,-5.95,-2.56,307.71,0.04,0.02,0.04,0.04,99695,1507,3,0.19,0.08,0.07,0.0,49,26,58,0,2.68,-0.56,0.0145,0.0303,31.38,37.11,26.17
750.527,flow_only,147.5,52.1375464,21.1603467,86.03,52.1375606,21.1603337,28,0.5,0.101,255,0.1677,0.0,0.0922,-0.0663,3.174,3.246,-5.65,-3.07,308.24,0.04,0.02,0.03,0.06,99695,1507,3,0.19,0.08,0.07,0.0,49,-63,93,0,2.67,-0.58,0.0083,0.019,34.61,37.86,25.13
750.627,flow_only,147.6,52.1375464,21.1603466,86.01,52.1375606,21.1603337,28,0.5,0.101,255,0.1677,0.0,0.0275,-0.0202,3.178,3.22,-5.16,-3.34,308.64,0.04,0.02,0.04,0.03,99695,1507,3,0.19,0.08,0.07,0.0,49,22,-137,0,2.65,-0.6,0.0092,0.0198,32.5,38.35,20.87
750.727,flow_only,147.7,52.1375463,21.1603465,85.98,52.1375605,21.1603333,28,0.5,0.148,255,0.0,0.0,0.0708,0.0024,3.176,3.195,-5.07,-3.23,308.88,0.04,0.02,0.03,0.06,99695,1507,3,0.19,0.09,0.07,0.0,49,122,127,0,2.64,-0.61,0.0312,0.0639,28.69,39.54,22.97
750.827,flow_only,147.8,52.1375462,21.1603462,85.95,52.1375605,21.1603333,28,0.5,0.148,255,0.0,0.0,0.018,-0.0193,3.188,3.17,-4.69,-3.26,308.99,0.04,0.02,0.05,0.06,99695,1507,3,0.19,0.09,0.07,0.0,49,-122,-35,0,2.62,-0.64,0.0144,0.0309,35.83,34.53,24.2
750.927,flow_only,147.9,52.1375462,21.160346,85.93,52.1375605,21.1603328,28,0.5,0.197,255,0.1677,0.0,0.0419,0.0665,3.19,3.148,-4.67,-3.16,308.95,0.04,0.02,0.0,0.05,99695,1507,3,0.19,0.1,0.07,0.0,49,166,-29,0,2.63,-0.64,0.0154,0.0377,36.06,40.86,20.98
751.027,flow_only,148.0,52.1375461,21.1603458,85.92,52.1375605,21.1603328,28,0.5,0.197,255,0.0,0.0,-0.0237,0.1808,3.182,3.135,-4.59,-2.26,308.79,0.04,0.02,0.02,0.07,99695,1507,3,0.19,0.1,0.07,0.0,49,-85,-5,0,2.63,-0.64,0.0088,0.0402,32.55,40.63,19.45
751.127,flow_only,148.1,52.1375461,21.1603457,85.92,52.1375605,21.1603322,28,0.5,0.145,255,0.0,0.0,-0.0706,0.1055,3.198,3.132,-4.94,-1.41,308.74,0.04,0.02,0.04,0.04,99695,1507,3,0.19,0.08,0.07,0.0,49,6,-62,0,2.66,-0.61,0.0113,0.0563,37.05,37.32,23.61
751.227,flow_only,148.2,52.1375461,21.1603455,85.92,52.1375605,21.1603322,28,0.5,0.145,255,0.0,0.0,-0.0403,-0.0573,3.206,3.135,-5.4,-1.45,308.67,0.04,0.02,0.04,0.06,99695,1507,3,0.19,0.08,0.07,0.0,49,78,91,0,2.68,-0.58,0.0259,0.083,43.97,34.72,22.64
751.327,flow_only,148.3,52.1375461,21.1603453,85.92,52.1375604,21.1603317,28,0.5,0.151,255,0.0,0.0,0.0412,-0.0408,3.21,3.138,-5.26,-1.81,308.42,0.04,0.02,0.0,0.06,99695,1507,3,0.19,0.1,0.07,0.0,49,-44,19,0,2.69,-0.59,0.0211,0.0689,38.84,28.49,24.69
751.427,flow_only,148.4,52.137546,21.1603452,85.92,52.1375604,21.1603317,28,0.5,0.151,255,0.0,0.0,0.0254,0.0381,3.214,3.138,-5.09,-1.77,308.11,0.04,0.02,0.01,0.05,99695,1507,3,0.19,0.1,0.07,0.0,49,126,-5,0,2.7,-0.58,0.0138,0.0605,35.79,24.92,29.97
751.527,flow_only,148.5,52.137546,21.1603451,85.92,52.1375604,21.1603313,28,0.5,0.062,255,0.0,0.0,0.0512,-0.0773,3.216,3.135,-4.84,-1.85,307.84,0.04,0.02,0.0,0.04,99695,1507,3,0.19,0.12,0.07,0.0,49,-66,-21,0,2.7,-0.59,0.0094,0.0484,39.35,19.77,25.94
751.627,flow_only,148.6,52.1375459,21.1603451,85.92,52.1375604,21.1603313,28,0.5,0.062,255,0.0,-0.1677,-0.0982,0.0036,3.22,3.138,-5.11,-1.94,307.68,0.04,0.02,0.07,0.04,99695,1507,3,0.19,0.12,0.07,0.0,49,-1,11,0,2.73,-0.56,0.0173,0.0735,39.14,33.07,24.18
751.727,flow_only,148.7,52.1375459,21.1603451,85.94,52.1375602,21.1603311,28,0.5,0.119,255,0.1676,-0.1676,0.0528,-0.1482,3.226,3.152,-5.0,-2.62,307.61,0.04,0.02,0.12,0.05,99695,1507,3,0.19,0.09,0.07,0.0,49,-32,122,0,2.79,-0.51,0.0317,0.1105,44.38,38.61,21.78
751.827,flow_only,148.8,52.1375459,21.1603451,85.96,52.1375602,21.1603311,28,0.5,0.119,255,0.1677,-0.1677,0.109,0.0198,3.222,3.174,-4.38,-2.88,307.76,0.04,0.02,0.09,0.07,99695,1507,3,0.19,0.09,0.07,0.0,49,57,-143,0,2.82,-0.51,0.0246,0.1128,41.73,38.73,21.91
751.927,flow_only,148.9,52.1375459,21.1603451,86.0,52.13756,21.1603308,28,0.5,0.139,255,0.0,0.0,-0.1882,0.0678,3.21,3.211,-4.61,-2.64,308.53,0.04,0.02,0.22,0.05,99695,1507,3,0.19,0.09,0.07,0.0,49,-16,1,0,2.92,-0.38,0.033,0.1629,45.86,48.84,22.83
752.027,flow_only,149.0,52.1375458,21.160345,86.05,52.13756,21.1603308,28,0.5,0.139,255,-0.1676,0.1676,-0.0288,0.0687,3.224,3.269,-5.38,-2.12,309.35,0.04,0.02,0.28,0.05,99695,1507,3,0.19,0.09,0.07,0.0,49,-20,-77,0,3.03,-0.38,0.0424,0.2162,45.41,38.67,20.3
752.127,flow_only,149.1,52.1375456,21.160345,86.12,52.1375597,21.1603306,28,0.5,0.171,255,0.0,0.0,-0.0205,-0.0286,3.218,3.331,-5.42,-2.04,310.05,0.04,0.02,0.11,0.05,99695,1507,3,0.19,0.07,0.07,0.0,49,-13,-14,0,3.07,-0.22,0.0368,0.1889,38.36,37.05,22.23
752.227,flow_only,149.2,52.1375454,21.1603448,86.16,52.1375597,21.1603306,28,0.5,0.171,255,0.1677,-0.1677,0.1899,-0.2338,3.198,3.376,-4.88,-2.72,310.65,0.04,0.02,0.0,0.05,99695,1507,3,0.19,0.07,0.07,0.0,49,266,106,0,3.07,-0.22,0.0342,0.1399,30.82,34.43,19.65
752.327,flow_only,149.3,52.1375452,21.1603446,86.19,52.1375593,21.1603303,28,0.5,0.217,255,0.1677,-0.1677,0.1796,-0.1639,3.18,3.403,-3.83,-4.01,311.15,0.04,0.02,0.03,0.04,99695,1507,3,0.19,0.07,0.07,0.0,49,-127,157,0,3.08,-0.19,0.0274,0.1079,30.8,27.79,18.73
752.427,flow_only,149.4,52.1375449,21.1603444,86.2,52.1375593,21.1603303,28,0.5,0.217,255,0.3353,0.0,0.1539,0.0412,3.166,3.415,-2.86,-4.11,311.77,0.04,0.02,0.0,0.06,99695,1507,3,0.19,0.07,0.07,0.0,49,-106,-97,0,3.06,-0.19,0.0186,0.071,25.39,30.42,18.8
752.527,flow_only,149.5,52.1375447,21.1603444,86.2,52.1375589,21.1603301,28,0.5,0.242,255,0.1677,0.0,0.0868,0.0192,3.132,3.418,-2.48,-3.74,312.24,0.04,0.02,0.04,0.06,99695,1507,3,0.19,0.09,0.07,0.0,49,64,-79,0,3.07,-0.17,0.0165,0.0625,28.89,27.48,18.61
752.627,flow_only,149.6,52.1375444,21.1603442,86.2,52.1375589,21.1603301,28,0.5,0.242,255,0.1677,0.0,0.2048,0.0544,3.11,3.416,-1.8,-3.76,312.61,0.04,0.02,0.01,0.06,99695,1507,3,0.19,0.09,0.07,0.0,49,11,69,0,3.05,-0.17,0.01,0.0425,27.11,30.62,15.45
752.727,flow_only,149.7,52.1375443,21.1603441,86.19,52.1375585,21.1603298,28,0.5,0.245,255,0.5031,0.0,0.1655,-0.0035,3.094,3.407,-0.72,-3.69,312.84,0.04,0.02,0.01,0.06,99695,1507,3,0.19,0.1,0.07,0.0,49,-100,7,0,3.02,-0.17,0.012,0.0245,28.71,30.83,18.11
752.827,flow_only,149.8,52.1375442,21.160344,86.18,52.1375585,21.1603298,28,0.5,0.245,255,0.1677,0.0,-0.0485,0.0677,3.086,3.398,-0.49,-3.24,313.01,0.04,0.02,0.04,0.05,99695,1507,3,0.19,0.1,0.07,0.0,49,82,60,0,3.02,-0.16,0.0087,0.0242,29.38,30.07,20.04
752.927,flow_only,149.9,52.1375442,21.1603439,86.17,52.1375582,21.1603292,28,0.5,0.235,255,0.0,0.0,-0.049,-0.0547,3.064,3.389,-1.09,-3.42,312.92,0.04,0.02,0.0,0.04,99695,1507,3,0.19,0.11,0.07,0.0,49,72,27,0,3.0,-0.17,0.019,0.033,30.79,34.28,16.98
753.027,flow_only,150.0,52.1375441,21.1603436,86.17,52.1375582,21.1603292,28,0.5,0.235,255,0.1677,0.0,0.0761,-0.0574,3.046,3.38,-0.9,-3.7,312.86,0.04,0.02,0.01,0.02,99695,1507,3,0.19,0.11,0.07,0.0,49,-30,34,0,2.98,-0.16,0.017,0.0295,33.27,32.68,21.19
753.127,flow_only,150.1,52.1375442,21.1603435,86.16,52.1375581,21.1603287,28,0.5,0.188,255,0.1677,0.0,-0.0098,0.158,3.04,3.371,-0.51,-3.4,312.77,0.04,0.02,0.0,0.04,99695,1507,3,0.19,0.09,0.07,0.0,49,-142,5,0,2.97,-0.16,0.0208,0.0361,35.6,34.27,20.88
753.227,flow_only,150.2,52.1375443,21.1603434,86.15,52.1375581,21.1603287,28,0.5,0.188,255,-0.1677,0.1677,-0.1189,0.0762,3.02,3.364,-1.28,-2.19,312.38,0.04,0.02,0.0,0.05,99695,1507,3,0.19,0.09,0.07,0.0,49,99,-136,0,2.96,-0.16,0.005,0.0082,35.78,36.3,20.13
753.327,flow_only,150.3,52.1375443,21.1603434,86.14,52.1375581,21.1603282,28,0.5,0.119,255,0.0,0.0,0.0382,-0.0063,3.004,3.357,-1.38,-2.23,312.06,0.04,0.02,0.0,0.03,99695,1507,3,0.19,0.1,0.07,0.0,49,61,160,0,2.94,-0.16,0.0106,0.023,35.28,33.62,21.38
753.427,flow_only,150.4,52.1375444,21.1603434,86.13,52.1375581,21.1603282,28,0.5,0.119,255,0.0,0.0,0.0068,-0.047,3.008,3.348,-1.15,-2.46,311.88,0.04,0.02,0.0,0.04,99695,1507,3,0.19,0.1,0.07,0.0,49,-62,14,0,2.93,-0.15,0.011,0.0262,35.29,29.75,21.84
753.527,flow_only,150.5,52.1375445,21.1603434,86.13,52.1375581,21.1603279,28,0.5,0.137,255,0.0,0.0,-0.0669,-0.0107,3.002,3.341,-1.33,-2.67,311.84,0.04,0.02,0.01,0.04,99695,999,3,0.19,0.07,0.07,0.0,49,14,35,0,2.93,-0.15,0.0115,0.0233,29.26,34.04,19.75
753.627,after,150.6,52.1375446,21.1603434,86.12,52.1375581,21.1603279,28,0.5,0.137,255,0.0,0.1677,-0.1009,0.0496,2.996,3.338,-1.88,-2.36,311.91,0.04,0.02,0.03,0.03,99695,999,3,0.19,0.07,0.07,0.0,49,98,64,0,2.94,-0.14,0.016,0.0286,38.78,41.29,21.34
753.727,after,150.7,52.1375586,21.1603267,86.12,52.1375581,21.1603276,28,0.5,0.086,255,-0.1677,0.0,-0.0421,-0.0328,2.986,3.337,-2.29,-2.31,312.03,0.03,0.0,0.0,0.05,108415,999,3,0.19,0.09,0.05,0.07,48,88,-49,0,2.95,-0.14,0.0225,0.0075,36.6,35.19,21.37
753.827,after,150.8,52.1375587,21.1603267,86.12,52.1375581,21.1603276,28,0.5,0.086,255,-0.1677,0.3353,-0.0347,0.1047,2.988,3.337,-2.62,-2.1,312.06,0.03,0.0,0.02,0.05,108415,999,3,0.19,0.09,0.05,0.07,48,-61,-39,0,2.96,-0.12,0.0163,0.0077,32.99,39.17,19.73
753.927,after,150.9,52.1375588,21.1603267,86.13,52.1375582,21.1603275,28,0.5,0.109,255,0.0,0.503,-0.0916,0.4003,2.998,3.343,-2.8,-0.62,311.87,0.04,0.0,0.03,0.03,108415,999,3,0.19,0.11,0.0,0.0,48,-116,-271,0,2.99,-0.11,0.0144,0.0217,39.16,32.27,18.4
754.027,after,151.0,52.1375588,21.1603268,86.15,52.1375582,21.1603275,28,0.5,0.109,255,0.0,0.3353,-0.1311,0.6248,3.002,3.36,-3.53,2.65,311.73,0.04,0.0,0.08,0.05,108415,999,3,0.19,0.11,0.0,0.0,48,-27,-128,0,3.03,-0.04,0.013,0.0389,32.79,33.58,16.9
754.127,after,151.1,52.1375588,21.1603269,86.17,52.1375583,21.1603275,28,0.5,0.062,255,0.0,0.1677,0.0044,0.2327,3.038,3.384,-3.74,4.97,311.76,0.04,0.0,0.07,0.04,108415,999,3,0.19,0.08,-0.06,0.08,48,-237,413,0,3.06,-0.01,0.0221,0.0511,32.97,32.92,21.1
754.227,after,151.2,52.1375587,21.160327,86.2,52.1375583,21.1603275,28,0.5,0.062,255,0.0,0.0,-0.0603,-0.0173,3.034,3.414,-3.92,5.32,311.78,0.04,0.0,0.09,0.03,108415,999,3,0.19,0.08,-0.06,0.08,48,-167,11,0,3.1,0.01,0.0181,0.0593,34.52,27.34,24.65
754.327,after,151.3,52.1375586,21.1603273,86.23,52.1375582,21.1603276,28,0.5,0.134,255,0.0,-0.1677,-0.0295,-0.099,3.048,3.448,-4.23,4.95,311.63,0.01,0.0,0.1,0.04,108415,999,3,0.19,0.09,0.01,0.0,48,71,-73,0,3.14,0.05,0.0171,0.0715,30.96,27.68,21.04
754.427,after,151.4,52.1375584,21.1603276,86.27,52.1375582,21.1603276,28,0.5,0.134,255,0.0,-0.3355,0.0023,-0.1357,3.042,3.487,-4.28,4.05,311.32,0.01,0.0,0.13,0.03,108415,999,3,0.19,0.09,0.01,0.0,48,15,76,0,3.19,0.1,0.0175,0.0844,31.49,32.74,16.06
754.527,after,151.5,52.1375582,21.160328,86.31,52.1375579,21.1603281,28,0.5,0.312,255,0.1677,-0.1677,0.046,-0.0763,3.018,3.525,-4.18,3.64,310.92,0.04,0.0,0.09,0.03,108415,999,3,0.19,0.08,0.0,0.05,48,9,0,0,3.19,0.1,0.0153,0.0693,31.4,27.56,21.33
754.627,after,151.6,52.1375578,21.1603285,86.34,52.1375579,21.1603281,28,0.5,0.312,255,0.1677,-0.1677,-0.0055,-0.1565,3.012,3.553,-4.16,2.83,310.51,0.04,0.0,0.03,0.05,108415,999,3,0.19,0.08,0.0,0.05,48,-34,-64,0,3.19,0.12,0.01,0.0472,30.7,24.18,18.56
754.727,after,151.7,52.1375574,21.1603291,86.36,52.1375573,21.160329,28,0.5,0.564,255,0.1677,-0.6707,0.0732,-0.1582,3.002,3.572,-3.89,1.9,310.14,0.03,0.0,0.05,0.06,108415,999,3,0.19,0.08,0.03,0.04,48,-66,159,0,3.18,0.11,0.0104,0.0329,28.39,27.99,18.06
754.827,after,151.8,52.1375569,21.1603298,86.37,52.1375573,21.160329,28,0.5,0.564,255,0.0,-0.3353,0.0473,-0.1533,2.988,3.588,-3.56,1.01,309.81,0.03,0.0,0.05,0.06,108415,999,3,0.19,0.08,0.03,0.04,48,-76,31,0,3.19,0.12,0.0071,0.029,32.52,26.39,17.9
754.927,after,151.9,52.1375564,21.1603305,86.39,52.1375564,21.1603303,28,0.5,0.682,255,0.0,-0.3353,-0.0215,-0.108,2.974,3.604,-3.57,0.09,309.43,0.03,0.0,0.09,0.05,108415,999,3,0.19,0.08,0.0,0.02,48,-8,57,0,3.19,0.14,0.0078,0.0282,32.3,36.23,17.0
755.027,after,152.0,52.1375559,21.1603312,86.4,52.1375564,21.1603303,28,0.5,0.682,255,0.0,-0.3353,-0.0032,-0.0795,2.974,3.618,-3.69,-0.35,309.21,0.03,0.0,0.03,0.06,108415,999,3,0.19,0.08,0.0,0.02,48,-3,-209,0,3.19,0.14,0.0047,0.0183,29.79,35.5,18.5
755.127,after,152.1,52.1375554,21.160332,86.41,52.1375554,21.1603318,28,0.5,0.768,255,0.0,-0.1677,0.0153,-0.0445,2.966,3.629,-3.59,-0.68,309.27,0.01,0.0,0.02,0.06,108415,999,3,0.19,0.08,-0.01,0.01,48,-36,169,0,3.18,0.14,0.0047,0.0091,27.76,35.66,17.97
755.227,after,152.2,52.1375548,21.1603327,86.42,52.1375554,21.1603318,28,0.5,0.768,255,0.3354,-0.5031,0.0253,-0.1705,2.942,3.639,-3.3,-1.61,309.46,0.01,0.0,0.04,0.06,108415,999,3,0.19,0.08,-0.01,0.01,48,114,-152,0,3.18,0.14,0.0027,0.0077,27.37,29.36,21.76
755.327,after,152.3,52.1375543,21.1603335,86.44,52.1375544,21.1603333,28,0.5,0.774,255,0.0,-0.1677,0.0335,-0.0553,2.962,3.656,-3.08,-2.0,309.58,0.01,0.0,0.11,0.05,108415,999,3,0.19,0.07,0.0,0.02,48,-66,-308,0,3.21,0.14,0.0061,0.0297,30.6,26.9,21.23
755.427,after,152.4,52.1375537,21.1603342,86.47,52.1375544,21.1603333,28,0.5,0.774,255,0.0,-0.1676,-0.016,-0.0219,2.954,3.681,-3.04,-2.08,309.61,0.01,0.0,0.1,0.06,108415,999,3,0.19,0.07,0.0,0.02,48,-80,-58,0,3.23,0.21,0.0069,0.0382,27.31,31.53,20.81
755.527,after,152.5,52.1375532,21.160335,86.49,52.1375533,21.1603348,28,0.5,0.813,255,0.0,-0.1676,-0.0793,-0.0118,2.966,3.705,-3.41,-2.23,309.54,0.0,0.0,0.04,0.05,108415,999,3,0.19,0.08,0.01,0.0,48,29,100,0,3.24,0.21,0.0043,0.0253,29.82,31.01,19.63
755.627,after,152.6,52.1375526,21.1603358,86.51,52.1375533,21.1603348,28,0.5,0.813,255,0.0,-0.1677,-0.0217,0.033,2.932,3.727,-3.59,-2.07,309.57,0.0,0.0,0.05,0.05,108415,999,3,0.19,0.08,0.01,0.0,48,-6,48,0,3.24,0.21,0.0032,0.0191,33.25,31.21,20.1
755.727,after,152.7,52.1375521,21.1603365,86.53,52.1375522,21.1603364,28,0.5,0.778,255,0.1676,-0.1676,-0.0464,-0.0222,2.922,3.746,-3.77,-2.05,309.64,0.04,0.0,0.05,0.06,108415,999,3,0.19,0.08,-0.05,0.02,48,-28,-92,0,3.23,0.22,0.0058,0.0095,36.0,26.66,23.92
755.827,after,152.8,52.1375516,21.1603373,86.55,52.1375522,21.1603364,28,0.5,0.778,255,0.0,-0.1677,0.0286,0.0443,2.916,3.765,-3.75,-1.94,309.61,0.04,0.0,0.07,0.06,108415,999,3,0.19,0.08,-0.05,0.02,48,-18,230,0,3.24,0.25,0.0043,0.0146,33.4,35.94,20.74
755.927,after,152.9,52.137551,21.160338,86.57,52.1375511,21.160338,28,0.5,0.77,255,0.0,-0.1677,0.0337,0.0355,2.904,3.784,-3.63,-1.81,309.44,0.01,0.0,0.05,0.06,108415,999,3,0.19,0.07,0.0,0.0,48,-41,55,0,3.24,0.26,0.0046,0.0151,27.71,37.38,17.25
756.027,after,153.0,52.1375505,21.1603387,86.59,52.1375511,21.160338,28,0.5,0.77,255,0.0,-0.3353,0.0465,-0.0701,2.904,3.805,-3.55,-2.02,309.31,0.01,0.0,0.05,0.06,108415,999,3,0.19,0.07,0.0,0.0,48,-39,100,0,3.25,0.27,0.0035,0.0108,31.61,29.55,17.62
756.127,after,153.1,52.13755,21.1603394,86.61,52.13755,21.1603395,28,0.5,0.749,255,0.0,-0.5029,-0.0332,-0.0845,2.914,3.822,-3.75,-2.39,309.33,0.04,0.0,0.02,0.05,108415,999,3,0.19,0.07,-0.01,0.06,48,-87,147,0,3.23,0.25,0.0057,0.0092,32.1,37.35,15.83
756.227,after,153.2,52.1375495,21.1603401,86.62,52.13755,21.1603395,28,0.5,0.749,255,0.1677,-0.3353,0.0971,-0.2609,2.904,3.837,-3.31,-3.46,309.41,0.04,0.0,0.06,0.06,108415,999,3,0.19,0.07,-0.01,0.06,48,-23,188,0,3.24,0.26,0.003,0.0041,24.9,36.4,16.46
756.327,after,153.3,52.137549,21.1603408,86.63,52.1375489,21.160341,28,0.5,0.78,255,0.0,-0.3353,0.0217,-0.1922,2.888,3.847,-3.01,-4.83,309.5,0.02,0.01,0.02,0.07,108415,999,3,0.19,0.07,0.0,-0.01,48,39,208,0,3.22,0.25,0.0065,0.0271,18.99,37.43,17.6
756.427,after,153.4,52.1375485,21.1603415,86.64,52.1375489,21.160341,28,0.5,0.78,255,0.0,-0.503,-0.0198,-0.0839,2.896,3.851,-3.01,-5.34,309.5,0.02,0.01,0.0,0.04,108415,999,3,0.19,0.07,0.0,-0.01,48,109,30,0,3.21,0.23,0.0071,0.0337,34.44,32.92,20.23
756.527,after,153.5,52.137548,21.1603421,86.64,52.1375477,21.1603424,28,0.5,0.772,255,0.0,-0.1677,-0.0644,-0.1998,2.894,3.852,-3.38,-6.29,309.54,0.03,0.01,0.02,0.06,108415,999,3,0.19,0.07,0.1,-0.02,48,177,-156,0,3.19,0.23,0.0145,0.0461,39.48,37.58,22.46
756.627,after,153.6,52.1375476,21.1603427,86.64,52.1375477,21.1603424,28,0.5,0.772,255,0.1677,-0.1677,0.0811,-0.0689,2.912,3.851,-3.21,-6.94,309.86,0.03,0.01,0.03,0.06,108415,999,3,0.19,0.07,0.1,-0.02,48,-49,187,0,3.17,0.21,0.0123,0.0518,37.28,35.44,20.86
756.727,after,153.7,52.1375472,21.1603433,86.63,52.1375467,21.1603437,28,0.5,0.626,255,0.3353,-0.3353,0.0423,-0.0137,2.896,3.848,-2.83,-7.07,310.38,0.03,0.01,0.0,0.06,108415,999,3,0.19,0.07,0.05,0.02,48,34,-117,0,3.16,0.18,0.0154,0.056,36.27,38.06,18.31
756.827,after,153.8,52.1375468,21.1603437,86.63,52.1375467,21.1603437,28,0.5,0.626,255,0.0,-0.1677,-0.0116,0.0492,2.88,3.845,-2.81,-6.91,310.91,0.03,0.01,0.03,0.05,108415,999,3,0.19,0.07,0.05,0.02,48,-31,157,0,3.14,0.17,0.0127,0.0579,36.06,35.7,18.03
756.927,after,153.9,52.1375464,21.1603441,86.62,52.1375459,21.1603446,28,0.5,0.455,255,0.0,0.0,-0.0615,0.0256,2.884,3.838,-3.19,-6.73,311.5,0.03,0.0,0.07,0.05,108415,999,3,0.19,0.07,0.04,0.03,48,22,-30,0,3.11,0.18,0.0179,0.0766,38.5,27.26,18.46
757.027,after,154.0,52.1375461,21.1603444,86.61,52.1375459,21.1603446,28,0.5,0.455,255,0.0,0.0,-0.0258,0.0593,2.884,3.828,-3.6,-6.28,312.14,0.03,0.0,0.05,0.07,108415,999,3,0.19,0.07,0.04,0.03,48,67,-138,0,3.09,0.14,0.015,0.0756,38.47,20.87,22.31
757.127,after,154.1,52.1375459,21.1603447,86.6,52.1375453,21.1603454,28,0.5,0.338,255,0.0,-0.1677,0.0552,0.0136,2.884,3.817,-3.42,-6.19,312.82,0.02,0.0,0.06,0.07,108415,999,3,0.19,0.07,-0.02,0.0,48,-117,-52,0,3.07,0.11,0.0152,0.0806,38.93,29.41,26.58
757.227,after,154.2,52.1375457,21.1603449,86.59,52.1375453,21.1603454,28,0.5,0.338,255,0.0,0.0,-0.0133,-0.0072,2.894,3.805,-3.54,-6.03,313.41,0.02,0.0,0.05,0.07,108415,999,3,0.19,0.07,-0.02,0.0,48,301,-99,0,3.06,0.11,0.0136,0.0764,40.13,29.82,28.86
757.327,after,154.3,52.1375455,21.1603451,86.58,52.1375449,21.1603459,28,0.5,0.22,255,0.0,0.0,0.0648,0.0626,2.892,3.792,-3.32,-5.83,314.05,0.02,0.0,0.08,0.06,108415,999,3,0.19,0.07,-0.01,0.04,48,-18,-71,0,3.03,0.07,0.015,0.0828,32.28,39.79,23.21
757.427,after,154.4,52.1375454,21.1603452,86.56,52.1375449,21.1603459,28,0.5,0.22,255,0.0,0.0,0.0677,-0.0557,2.896,3.776,-3.09,-5.61,314.61,0.02,0.0,0.05,0.06,108415,999,3,0.19,0.07,-0.01,0.04,48,112,-41,0,3.02,0.05,0.0133,0.0773,42.26,35.27,22.5
757.527,after,154.5,52.1375453,21.1603453,86.55,52.1375446,21.1603462,28,0.5,0.179,255,0.0,-0.1677,-0.0187,0.0108,2.896,3.761,-2.94,-5.69,315.12,0.02,0.0,0.09,0.05,108415,999,3,0.19,0.1,0.03,0.01,48,-111,-68,0,3.0,0.05,0.0123,0.0772,36.14,36.9,23.04
757.627,after,154.6,52.1375452,21.1603454,86.53,52.1375446,21.1603462,28,0.5,0.179,255,-0.1676,0.0,-0.0882,0.0352,2.908,3.75,-3.53,-5.4,315.56,0.02,0.0,0.01,0.06,108415,999,3,0.19,0.1,0.03,0.01,48,111,-18,0,3.01,0.03,0.0091,0.0592,39.38,33.82,23.12
757.727,after,154.7,52.1375452,21.1603455,86.53,52.1375445,21.1603464,28,0.5,0.033,255,0.0,0.0,0.007,0.0984,2.918,3.742,-3.68,-5.04,315.94,0.02,0.0,0.05,0.05,108415,999,3,0.19,0.13,0.02,0.06,48,-112,-24,0,3.0,0.02,0.0099,0.0559,37.27,38.11,23.68
757.827,after,154.8,52.1375452,21.1603455,86.52,52.1375445,21.1603464,28,0.5,0.033,255,0.0,0.1677,-0.0055,0.0794,2.93,3.735,-3.76,-4.34,316.27,0.02,0.0,0.05,0.05,108415,999,3,0.19,0.13,0.02,0.06,48,31,-142,0,3.0,0.0,0.0084,0.0526,36.47,37.25,25.6
757.927,after,154.9,52.1375453,21.1603455,86.51,52.1375445,21.1603465,28,0.5,0.092,255,0.0,0.0,-0.0306,0.0701,2.936,3.728,-4.19,-3.88,316.84,0.02,0.0,0.06,0.06,108415,999,3,0.19,0.12,-0.03,-0.04,48,-67,89,0,2.99,-0.01,0.0088,0.0513,34.0,33.88,26.05
758.027,after,155.0,52.1375454,21.1603456,86.51,52.1375445,21.1603465,28,0.5,0.092,255,0.0,0.0,-0.009,0.0469,2.952,3.727,-4.3,-3.73,317.56,0.02,0.0,0.03,0.07,108415,999,3,0.19,0.12,-0.03,-0.04,48,30,11,0,3.01,0.0,0.0055,0.0254,39.9,36.99,23.48
758.127,after,155.1,52.1375455,21.1603456,86.52,52.1375448,21.1603466,28,0.5,0.157,255,0.0,0.0,-0.051,0.007,2.96,3.738,-4.74,-3.45,318.18,0.04,0.0,0.08,0.04,108415,999,3,0.19,0.1,-0.06,0.1,48,-556,448,0,3.05,0.02,0.0101,0.0141,43.18,45.1,24.51
758.227,after,155.2,52.1375456,21.1603457,86.54,52.1375448,21.1603466,28,0.5,0.157,255,-0.1677,0.0,-0.1142,-0.0266,2.978,3.757,-5.06,-3.49,318.58,0.04,0.0,0.06,0.04,108415,999,3,0.19,0.1,-0.06,0.1,48,-82,-19,0,3.08,0.05,0.008,0.0216,46.08,42.45,27.76
758.327,after,155.3,52.1375457,21.1603458,86.57,52.1375451,21.1603467,28,0.5,0.19,255,-0.1676,0.0,-0.1467,0.0397,3.0,3.784,-6.17,-3.29,318.9,0.01,0.0,0.14,0.05,108415,999,3,0.19,0.1,0.01,-0.01,48,233,-5,0,3.13,0.08,0.009,0.0483,44.43,42.81,29.03
758.427,after,155.4,52.1375459,21.160346,86.6,52.1375451,21.1603467,28,0.5,0.19,255,-0.1677,0.0,-0.0769,-0.04,3.016,3.816,-6.84,-3.35,319.13,0.01,0.0,0.1,0.04,108415,999,3,0.19,0.1,0.01,-0.01,48,29,116,0,3.18,0.12,0.0105,0.0596,41.0,43.77,25.44
758.527,after,155.5,52.1375461,21.1603461,86.63,52.1375454,21.1603469,28,0.5,0.208,255,0.0,0.1677,-0.1181,0.0217,3.018,3.847,-7.3,-3.33,319.26,0.04,0.0,0.06,0.01,108415,999,3,0.19,0.08,-0.01,0.07,48,-41,-1,0,3.19,0.12,0.0085,0.0486,40.07,38.54,24.91
758.627,after,155.6,52.1375463,21.1603462,86.66,52.1375454,21.1603469,28,0.5,0.208,255,0.0,0.1677,-0.0647,0.1068,3.028,3.872,-7.83,-2.92,319.17,0.04,0.0,0.06,0.03,108415,999,3,0.19,0.08,-0.01,0.07,48,8,-79,0,3.22,0.14,0.0075,0.047,36.52,41.42,26.58
758.727,after,155.7,52.1375465,21.1603463,86.67,52.1375458,21.160347,28,0.5,0.24,255,0.0,0.1677,-0.0975,0.1067,3.028,3.888,-8.15,-2.31,319.02,0.04,0.0,0.02,0.02,108415,999,3,0.19,0.08,-0.01,0.08,48,-54,30,0,3.2,0.13,0.008,0.0199,37.42,36.3,28.74
758.827,after,155.8,52.1375466,21.1603464,86.68,52.1375458,21.160347,28,0.5,0.24,255,0.0,0.1677,-0.0308,0.0452,3.024,3.895,-8.81,-1.93,318.94,0.04,0.0,0.0,0.03,108415,999,3,0.19,0.08,-0.01,0.08,48,48,-117,0,3.21,0.13,0.0047,0.0124,37.94,38.55,29.29
758.927,after,155.9,52.1375468,21.1603464,86.68,52.1375462,21.1603471,28,0.5,0.143,255,0.0,0.0,0.0127,0.0272,3.018,3.895,-8.81,-1.94,318.83,0.06,0.0,0.01,0.03,108415,999,3,0.19,0.11,0.06,-0.03,48,84,-17,0,3.18,0.11,0.0064,0.0117,40.5,32.96,30.89
759.027,after,156.0,52.1375469,21.1603464,86.67,52.1375462,21.1603471,28,0.5,0.143,255,0.0,0.0,0.0012,0.0467,3.012,3.886,-8.72,-1.64,318.68,0.06,0.0,0.03,0.02,108415,999,3,0.19,0.11,0.06,-0.03,48,29,59,0,3.17,0.1,0.0063,0.021,34.11,41.89,26.6
759.127,after,156.1,52.1375471,21.1603465,86.66,52.1375465,21.1603473,28,0.5,0.186,255,0.0,0.1677,-0.0022,0.0922,3.002,3.87,-8.73,-1.22,318.6,0.03,0.0,0.09,0.01,108415,999,3,0.19,0.1,-0.05,0.01,48,-147,-123,0,3.12,0.06,0.0108,0.0474,38.8,38.87,23.49
759.227,after,156.2,52.1375472,21.1603465,86.63,52.1375465,21.1603473,28,0.5,0.186,255,0.0,0.1677,-0.0135,0.0387,3.002,3.848,-8.82,-0.96,318.44,0.03,0.0,0.07,0.03,108415,999,3,0.19,0.1,-0.05,0.01,48,-152,-83,0,3.09,0.06,0.0104,0.0525,39.43,35.33,24.52
759.327,after,156.3,52.1375473,21.1603464,86.61,52.1375468,21.1603472,28,0.5,0.127,255,0.0,0.3353,0.0101,0.0993,2.992,3.829,-8.87,-0.43,318.1,0.02,0.0,0.0,0.01,108415,999,3,0.19,0.1,0.04,0.05,48,26,66,0,3.08,0.03,0.0081,0.0417,37.84,37.93,26.61
759.427,after,156.4,52.1375473,21.1603464,86.6,52.1375468,21.1603472,28,0.5,0.127,255,0.0,0.0,0.0863,0.004,2.986,3.811,-8.42,-0.28,317.87,0.02,0.0,0.07,0.01,108415,999,3,0.19,0.1,0.04,0.05,48,139,-103,0,3.06,0.01,0.0082,0.0465,38.04,35.71,25.37
759.527,after,156.5,52.1375473,21.1603463,86.57,52.1375469,21.1603469,28,0.5,0.098,255,0.1677,0.1677,0.1127,0.0058,2.972,3.789,-8.11,-0.23,317.76,0.05,0.0,0.09,0.01,108415,999,3,0.19,0.12,-0.01,0.06,48,-47,138,0,3.02,-0.01,0.0142,0.0664,41.44,34.88,23.13
759.627,after,156.6,52.1375473,21.1603461,86.55,52.1375469,21.1603469,28,0.5,0.098,255,0.0,-0.1677,0.0608,-0.1511,2.958,3.764,-7.33,-0.66,317.82,0.05,0.0,0.09,0.02,108415,999,3,0.19,0.12,-0.01,0.06,48,-17,31,0,2.99,-0.04,0.0129,0.0693,36.44,41.53,23.43
759.727,after,156.7,52.1375472,21.160346,86.53,52.1375469,21.1603468,28,0.5,0.073,255,0.0,-0.1677,0.0024,-0.0934,2.98,3.743,-7.19,-1.41,317.94,0.05,0.0,0.0,0.02,108415,999,3,0.19,0.12,0.0,0.0,48,128,6,0,2.97,-0.05,0.0121,0.0581,35.15,43.83,25.67
759.827,after,156.8,52.1375471,21.160346,86.52,52.1375469,21.1603468,28,0.5,0.073,255,0.0,-0.1677,0.0784,-0.0639,2.99,3.737,-6.91,-1.75,318.14,0.05,0.0,0.12,0.02,108415,999,3,0.19,0.12,0.0,0.0,48,-73,-90,0,3.02,-0.01,0.0022,0.0068,43.05,42.52,26.27
759.927,after,156.9,52.1375469,21.1603459,86.53,52.1375468,21.1603466,28,0.5,0.167,255,0.0,0.0,-0.0167,-0.0955,3.0,3.747,-6.79,-2.22,318.46,0.0,0.0,0.05,0.01,108415,999,3,0.19,0.08,0.0,0.0,48,-92,-37,0,3.04,-0.01,0.0031,0.0132,39.59,42.12,21.77
760.027,after,157.0,52.1375467,21.1603458,86.55,52.1375468,21.1603466,28,0.5,0.167,255,0.0,-0.1677,0.0891,-0.0637,3.01,3.763,-6.39,-2.74,318.9,0.0,0.0,0.07,0.03,108415,999,3,0.19,0.08,0.0,0.0,48,-105,175,0,3.07,0.0,0.0056,0.0284,37.19,39.11,23.66
760.127,after,157.1,52.1375465,21.1603458,86.57,52.1375465,21.1603465,28,0.5,0.209,255,0.1677,0.0,0.0321,-0.0411,3.022,3.782,-6.16,-2.86,319.41,0.03,0.0,0.06,0.02,108415,999,3,0.19,0.07,0.0,0.08,48,224,-96,0,3.1,0.02,0.0074,0.0346,39.31,46.89,21.3
760.227,after,157.2,52.1375464,21.1603457,86.59,52.1375465,21.1603465,28,0.5,0.209,255,0.1677,0.0,0.0433,-0.0299,3.022,3.8,-6.03,-3.03,319.92,0.03,0.0,0.0,0.03,108415,999,3,0.19,0.07,0.0,0.08,48,-59,100,0,3.1,0.02,0.0046,0.0235,45.78,39.81,26.68
760.327,after,157.3,52.1375462,21.1603457,86.6,52.1375462,21.1603463,28,0.5,0.191,255,0.1677,0.0,0.0328,-0.0634,3.022,3.815,-5.88,-3.2,320.56,0.03,0.0,0.01,0.04,108415,999,3,0.19,0.1,-0.08,0.0,48,94,-84,0,3.12,0.03,0.0093,0.0265,38.73,46.62,29.05
760.427,after,157.4,52.137546,21.1603456,86.61,52.1375462,21.1603463,28,0.5,0.191,255,0.1677,-0.3353,0.0412,-0.1074,3.02,3.826,-5.64,-3.63,321.26,0.03,0.0,0.0,0.02,108415,999,3,0.19,0.1,-0.08,0.0,48,76,-52,0,3.13,0.03,0.0066,0.0195,49.21,34.36,26.47
760.527,after,157.5,52.1375459,21.1603456,86.62,52.1375458,21.1603463,28,0.5,0.195,255,0.0,-0.1677,0.0075,-0.0699,3.018,3.839,-5.65,-4.08,321.94,0.02,0.0,0.1,0.03,108415,999,3,0.19,0.08,-0.01,-0.05,48,-80,-19,0,3.16,0.07,0.0113,0.0406,46.11,40.66,22.97
760.627,after,157.6,52.1375457,21.1603456,86.64,52.1375458,21.1603463,28,0.5,0.195,255,0.0,-0.1677,0.0131,-0.0408,3.014,3.859,-5.59,-4.32,322.52,0.02,0.0,0.12,0.02,108415,999,3,0.19,0.08,-0.01,-0.05,48,-42,116,0,3.2,0.11,0.0124,0.058,42.45,38.79,21.32
760.727,after,157.7,52.1375456,21.1603455,86.66,52.1375455,21.1603463,28,0.5,0.187,255,0.0,0.0,0.0253,0.0704,3.01,3.876,-5.44,-4.04,322.9,0.0,0.0,0.01,0.04,108415,999,3,0.19,0.08,0.0,0.0,48,-69,-132,0,3.19,0.11,0.009,0.0367,37.5,42.89,22.24
760.827,after,157.8,52.1375456,21.1603455,86.67,52.1375455,21.1603463,28,0.5,0.187,255,0.0,0.0,-0.0108,-0.0097,3.002,3.881,-5.5,-3.78,323.19,0.0,0.0,0.07,0.04,108415,999,3,0.19,0.08,0.0,0.0,48,-18,137,0,3.17,0.09,0.0048,0.0082,33.64,42.36,25.26
760.927,after,157.9,52.1375455,21.1603455,86.66,52.1375453,21.1603462,28,0.5,0.14,255,0.1677,0.1677,-0.0769,0.1016,2.998,3.874,-5.73,-3.42,323.36,0.01,0.01,0.11,0.03,108415,999,3,0.19,0.09,0.01,0.04,48,-24,10,0,3.13,0.06,0.0041,0.0267,41.76,39.39,24.85
761.027,after,158.0,52.1375454,21.1603455,86.65,52.1375453,21.1603462,28,0.5,0.14,255,0.0,0.0,-0.0229,-0.0933,3.0,3.861,-5.93,-3.39,323.53,0.01,0.01,0.06,0.02,108415,999,3,0.19,0.09,0.01,0.04,48,23,-40,0,3.11,0.06,0.0055,0.0362,38.61,42.72,21.85
761.127,after,158.1,52.1375454,21.1603454,86.63,52.1375452,21.160346,28,0.5,0.071,255,0.0,0.0,0.0699,-0.0237,2.996,3.848,-6.02,-3.65,323.8,0.03,0.01,0.01,0.03,108415,999,3,0.19,0.07,-0.04,0.04,48,46,87,0,3.11,0.04,0.0049,0.0247,36.77,37.62,23.65
761.227,after,158.2,52.1375454,21.1603452,86.63,52.1375452,21.160346,28,0.5,0.071,255,0.0,0.0,0.0877,0.0803,2.99,3.842,-5.37,-3.34,323.98,0.03,0.01,0.02,0.01,108415,999,3,0.19,0.07,-0.04,0.04,48,-161,-62,0,3.11,0.05,0.0022,0.0098,35.49,40.94,20.37
761.327,after,158.3,52.1375454,21.1603451,86.63,52.1375452,21.1603458,27,0.51,0.077,255,-0.1677,0.1677,-0.0397,0.1861,2.99,3.845,-5.65,-2.45,324.13,0.03,0.01,0.04,0.03,108415,999,3,0.19,0.09,-0.01,0.02,48,-137,141,0,3.13,0.07,0.0057,0.0129,38.08,33.37,23.83
761.427,after,158.4,52.1375454,21.1603449,86.64,52.1375452,21.1603458,27,0.51,0.077,255,-0.1677,0.0,0.0424,0.0737,3.004,3.854,-5.76,-1.83,324.36,0.03,0.01,0.06,0.03,108415,999,3,0.19,0.09,-0.01,0.02,48,-140,11,0,3.15,0.08,0.0061,0.0239,37.61,33.37,22.46
761.527,after,158.5,52.1375454,21.1603448,86.65,52.1375452,21.1603456,27,0.51,0.122,255,0.1677,0.0,0.0647,-0.0302,3.004,3.87,-5.39,-1.7,324.55,0.01,0.01,0.08,0.01,108415,999,3,0.19,0.07,0.03,0.0,48,99,113,0,3.17,0.1,0.0075,0.0367,45.02,42.26,21.6
761.627,after,158.6,52.1375454,21.1603446,86.67,52.1375452,21.1603456,27,0.51,0.122,255,0.1676,0.0,0.0648,-0.0911,3.005,3.889,-5.06,-2.19,324.95,0.01,0.01,0.05,0.01,108415,999,3,0.19,0.07,0.03,0.0,48,83,45,0,3.19,0.1,0.0073,0.0368,38.68,47.49,24.86
761.727,after,158.7,52.1375453,21.1603444,86.69,52.1375452,21.1603453,27,0.51,0.141,255,0.1677,0.0,0.0801,-0.1124,2.994,3.905,-4.64,-2.57,325.24,0.01,0.01,0.04,0.03,108415,999,3,0.19,0.07,-0.03,0.0,48,63,48,0,3.2,0.12,0.0068,0.034,40.55,33.81,28.81
761.827,after,158.8,52.1375453,21.1603443,86.7,52.1375452,21.1603453,27,0.51,0.141,255,0.0,0.0,0.0637,0.065,3.0,3.915,-3.95,-2.6,325.36,0.01,0.01,0.04,0.03,108415,999,3,0.19,0.07,-0.03,0.0,48,-23,-92,0,3.19,0.12,0.0031,0.01,36.35,31.03,24.1
761.927,after,158.9,52.1375453,21.1603441,86.7,52.1375452,21.1603449,27,0.51,0.143,255,0.0,0.1676,-0.0036,0.0563,3.012,3.918,-4.07,-2.26,325.36,0.03,0.01,0.02,0.04,108415,999,3,0.19,0.07,-0.06,0.04,48,5,-64,0,3.18,0.1,0.0099,0.0161,33.65,33.11,24.06
762.027,after,159.0,52.1375453,21.160344,86.7,52.1375452,21.1603449,27,0.51,0.143,255,0.1677,0.0,0.0923,0.1911,3.016,3.913,-3.53,-1.44,325.39,0.03,0.01,0.04,0.03,108415,999,3,0.19,0.07,-0.06,0.04,48,58,40,0,3.16,0.08,0.0065,0.0176,35.33,39.34,21.7
762.127,after,159.1,52.1375454,21.1603439,86.69,52.1375453,21.1603446,27,0.51,0.039,255,0.0,0.0,-0.1779,-0.104,3.004,3.905,-3.88,-1.31,325.44,0.01,0.01,0.06,0.03,108415,999,3,0.19,0.11,0.02,-0.02,48,9,-84,0,3.14,0.05,0.0061,0.0286,35.04,41.21,18.44
762.227,after,159.2,52.1375454,21.1603438,86.69,52.1375453,21.1603446,27,0.51,0.039,255,-0.1677,-0.1677,-0.0912,-0.12,3.004,3.906,-4.93,-2.16,325.66,0.01,0.01,0.13,0.04,108415,999,3,0.19,0.11,0.02,-0.02,48,19,6,0,3.18,0.05,0.0042,0.0153,35.87,37.45,22.23
762.327,after,159.3,52.1375454,21.1603438,86.7,52.1375452,21.1603445,27,0.51,0.057,255,0.1677,0.0,0.1514,0.0622,3.0,3.918,-4.32,-2.2,326.08,0.03,0.01,0.1,0.03,108415,999,3,0.19,0.1,0.0,-0.02,48,-152,-173,0,3.21,0.14,0.0099,0.0404,34.74,43.15,21.93
762.427,after,159.4,52.1375455,21.1603437,86.72,52.1375452,21.1603445,27,0.51,0.057,255,0.0,0.1677,-0.058,0.0194,3.002,3.934,-4.3,-1.78,326.45,0.03,0.01,0.02,0.04,108415,999,3,0.19,0.1,0.0,-0.02,48,26,-101,0,3.22,0.14,0.0075,0.0313,34.33,30.96,22.17
762.527,after,159.5,52.1375455,21.1603437,86.73,52.1375452,21.1603444,27,0.51,0.038,255,0.0,0.0,0.0508,0.0855,2.998,3.947,-4.45,-1.56,326.65,0.03,0.01,0.02,0.01,108415,999,3,0.19,0.09,0.03,-0.07,48,83,-11,0,3.23,0.15,0.0107,0.0275,30.32,31.77,20.35
762.627,after,159.6,52.1375455,21.1603437,86.74,52.1375452,21.1603444,27,0.51,0.038,255,0.0,0.0,-0.0751,0.0663,2.992,3.956,-4.41,-1.12,326.68,0.03,0.01,0.02,0.02,108415,999,3,0.19,0.09,0.03,-0.07,48,-68,-103,0,3.22,0.14,0.0074,0.0129,31.63,34.36,18.22
762.727,after,159.7,52.1375455,21.1603438,86.74,52.1375452,21.1603444,27,0.51,0.023,255,-0.1677,0.1677,0.0487,0.0697,2.984,3.951,-4.48,-0.63,326.51,0.07,0.01,0.06,0.03,108415,999,3,0.19,0.13,0.01,0.0,48,85,-113,0,3.18,0.11,0.0085,0.0255,33.12,36.16,17.02
762.827,after,159.8,52.1375455,21.1603438,86.72,52.1375452,21.1603444,27,0.51,0.023,255,0.0,0.0,-0.0907,-0.078,2.978,3.937,-4.68,-0.68,326.37,0.07,0.01,0.1,0.02,108415,999,3,0.19,0.13,0.01,0.0,48,0,-31,0,3.14,0.08,0.0105,0.0465,36.48,34.18,18.86
762.927,after,159.9,52.1375455,21.1603439,86.71,52.1375452,21.1603444,27,0.51,0.053,255,-0.1677,-0.1677,-0.0649,-0.1207,2.976,3.923,-5.11,-1.32,326.32,0.03,0.01,0.02,0.01,108415,999,3,0.19,0.12,0.0,0.0,48,-63,-62,0,3.14,0.08,0.0092,0.0354,38.12,41.53,22.78
763.027,after,160.0,52.1375455,21.160344,86.7,52.1375452,21.1603444,27,0.51,0.053,255,-0.3353,-0.3353,-0.0328,-0.0555,2.968,3.918,-5.3,-1.81,326.44,0.03,0.01,0.08,0.02,108415,999,3,0.19,0.12,0.0,0.0,48,-116,-24,0,3.16,0.1,0.0037,0.0069,44.97,38.92,28.14
763.127,after,160.1,52.1375455,21.1603442,86.7,52.1375452,21.1603446,27,0.51,0.11,255,0.0,-0.1677,-0.0306,-0.1105,2.954,3.918,-5.58,-2.24,326.72,0.02,0.01,0.01,0.02,108415,999,3,0.19,0.08,0.01,0.03,48,69,-77,0,3.15,0.11,0.0034,0.0067,47.93,42.45,29.47
763.227,after,160.2,52.1375455,21.1603443,86.7,52.1375452,21.1603446,27,0.51,0.11,255,0.0,0.0,0.0654,-0.1152,2.942,3.916,-5.35,-2.9,327.0,0.02,0.01,0.01,0.02,108415,999,3,0.19,0.08,0.01,0.03,48,-22,-138,0,3.15,0.12,0.0031,0.0096,49.47,38.82,27.16
763.327,after,160.3,52.1375454,21.1603445,86.7,52.137545,21.1603448,27,0.51,0.18,255,0.0,-0.1677,0.0015,-0.0182,2.94,3.913,-5.31,-3.2,327.21,0.01,0.0,0.03,0.01,108415,999,3,0.19,0.08,0.0,0.0,48,26,-60,0,3.13,0.12,0.0041,0.0188,39.38,43.15,23.17
763.427,after,160.4,52.1375453,21.1603447,86.69,52.137545,21.1603448,27,0.51,0.18,255,0.0,-0.1676,-0.0864,-0.0465,2.94,3.907,-5.5,-3.36,327.41,0.01,0.0,0.06,0.02,108415,999,3,0.19,0.08,0.0,0.0,48,53,89,0,3.11,0.1,0.0053,0.0285,42.2,42.74,24.18
763.527,after,160.5,52.1375452,21.1603449,86.68,52.1375448,21.1603452,27,0.51,0.18,255,0.0,-0.1677,-0.0887,-0.0647,2.94,3.897,-5.97,-3.7,327.71,0.02,0.0,0.07,0.02,108415,999,3,0.19,0.08,0.02,0.0,48,118,-71,0,3.09,0.07,0.0086,0.0422,38.55,36.11,25.07
763.627,after,160.6,52.1375451,21.1603451,86.67,52.1375448,21.1603452,27,0.51,0.18,255,-0.1677,-0.3353,0.0439,-0.0983,2.948,3.887,-6.28,-4.23,328.34,0.02,0.0,0.02,0.03,108415,999,3,0.19,0.08,0.02,0.0,48,81,-19,0,3.08,0.07,0.0066,0.034,55.44,41.29,27.82
763.727,after,160.7,52.1375451,21.1603453,86.66,52.1375445,21.1603455,27,0.51,0.208,255,0.1677,0.0,0.0868,0.0369,2.962,3.879,-5.76,-4.25,328.9,0.02,0.0,0.06,0.01,108415,999,3,0.19,0.08,0.05,0.0,48,-51,122,0,3.07,0.05,0.0083,0.0379,44.86,44.83,21.97
763.827,after,160.8,52.137545,21.1603454,86.65,52.1375445,21.1603455,27,0.51,0.208,255,0.0,0.0,-0.0482,0.0167,2.964,3.869,-5.93,-3.94,329.16,0.02,0.0,0.05,0.02,108415,999,3,0.19,0.08,0.05,0.0,48,14,-26,0,3.06,0.03,0.0075,0.0396,43.63,39.82,24.6
763.927,after,160.9,52.1375449,21.1603456,86.64,52.1375443,21.1603459,27,0.51,0.126,255,0.0,0.0,-0.0291,-0.0327,2.976,3.858,-5.94,-4.0,329.32,0.01,0.0,0.07,0.03,108415,999,3,0.19,0.09,-0.02,-0.01,48,-155,45,0,3.04,0.0,0.0061,0.0419,45.81,35.99,25.41
764.027,after,161.0,52.1375449,21.1603457,86.63,52.1375443,21.1603459,27,0.51,0.126,255,0.0,-0.1677,-0.1017,-0.0372,2.988,3.847,-6.38,-4.26,329.48,0.01,0.0,0.06,0.01,108415,999,3,0.19,0.09,-0.02,-0.01,48,78,-63,0,3.03,0.0,0.0063,0.0424,47.27,43.51,21.77
764.127,after,161.1,52.1375448,21.1603458,86.62,52.1375442,21.1603461,27,0.51,0.146,255,0.0,-0.1677,-0.0223,-0.034,2.992,3.835,-6.73,-4.37,329.7,0.04,0.0,0.05,0.02,108415,999,3,0.19,0.08,0.04,0.02,48,-77,49,0,3.01,-0.03,0.0092,0.0467,44.0,40.96,29.03
764.227,after,161.2,52.1375447,21.160346,86.61,52.1375442,21.1603461,27,0.51,0.146,255,0.0,-0.1676,0.0122,-0.0635,3.0,3.824,-6.73,-4.72,330.04,0.04,0.0,0.04,0.02,108415,999,3,0.19,0.08,0.04,0.02,48,26,115,0,3.01,-0.03,0.0073,0.0392,52.57,33.14,35.31
764.327,after,161.3,52.1375447,21.160346,86.6,52.137544,21.1603463,27,0.51,0.1,255,0.0,0.0,0.0619,-0.1479,3.004,3.814,-6.61,-5.35,330.51,0.02,0.0,0.02,0.01,108415,999,3,0.19,0.1,0.02,0.03,48,168,-27,0,3.01,-0.04,0.0066,0.0278,45.16,43.76,34.81
764.427,after,161.4,52.1375446,21.1603461,86.59,52.137544,21.1603463,27,0.51,0.1,255,0.0,0.0,0.0241,-0.0256,3.008,3.807,-6.25,-5.72,331.02,0.02,0.0,0.03,0.02,108415,999,3,0.19,0.1,0.02,0.03,48,117,-50,0,3.01,-0.04,0.0048,0.0234,47.71,36.69,28.97
764.527,after,161.5,52.1375447,21.1603461,86.59,52.137544,21.1603465,27,0.51,0.043,255,0.0,0.0,-0.0422,0.0514,3.012,3.802,-6.38,-5.48,331.44,0.02,0.0,0.03,0.03,108415,999,3,0.19,0.1,-0.07,-0.01,48,19,-16,0,3.01,-0.05,0.0045,0.0206,42.81,41.33,25.91
764.627,after,161.6,52.1375447,21.1603461,86.59,52.137544,21.1603465,27,0.51,0.043,255,0.0,0.0,-0.0633,0.1078,3.026,3.803,-6.6,-4.89,331.92,0.02,0.0,0.03,0.01,108415,999,3,0.19,0.1,-0.07,-0.01,48,34,-59,0,3.03,-0.04,0.0021,0.0002,44.79,35.91,28.52
764.727,after,161.7,52.1375447,21.1603461,86.6,52.137544,21.1603464,27,0.51,0.035,255,-0.1676,0.3352,-0.0341,0.1418,3.038,3.813,-6.99,-4.01,332.35,0.03,0.0,0.11,0.01,108415,999,3,0.19,0.11,-0.04,0.03,48,84,37,0,3.07,-0.01,0.007,0.03,46.13,34.44,30.46
764.827,after,161.8,52.1375448,21.160346,86.62,52.137544,21.1603464,27,0.51,0.035,255,0.0,0.0,0.0676,0.0133,3.062,3.834,-6.62,-3.59,333.03,0.03,0.0,0.12,0.02,108415,999,3,0.19,0.11,-0.04,0.03,48,-31,26,0,3.11,0.01,0.0098,0.0539,43.47,40.48,25.29
764.927,after,161.9,52.1375449,21.1603459,86.65,52.1375441,21.1603463,27,0.51,0.133,255,0.0,0.0,-0.0893,0.0441,3.072,3.861,-6.9,-3.45,333.81,0.01,0.0,0.11,0.03,108415,999,3,0.19,0.1,0.01,0.0,48,-38,168,0,3.15,0.0,0.0111,0.0657,41.06,32.73,26.15
765.027,after,162.0,52.1375451,21.1603459,86.67,52.1375441,21.1603463,27,0.51,0.133,255,0.0,0.1676,0.0746,0.0909,3.088,3.889,-6.73,-2.75,334.45,0.01,0.0,0.1,0.02,108415,999,3,0.19,0.1,0.01,0.0,48,5,156,0,3.19,0.06,0.0125,0.0729,39.03,32.73,23.21
765.127,after,162.1,52.1375452,21.1603457,86.7,52.1375443,21.160346,27,0.51,0.166,255,0.0,0.1677,0.0239,0.0656,3.086,3.916,-6.57,-2.26,335.02,0.03,0.0,0.11,0.03,108415,999,3,0.19,0.08,0.01,0.01,48,140,45,0,3.22,0.06,0.0111,0.0717,34.97,35.02,20.52
765.227,after,162.2,52.1375453,21.1603456,86.73,52.1375443,21.160346,27,0.51,0.166,255,0.0,0.1676,-0.0071,0.1245,3.09,3.943,-6.73,-1.63,335.5,0.03,0.0,0.1,0.01,108415,999,3,0.19,0.08,0.01,0.01,48,29,35,0,3.25,0.06,0.012,0.0739,37.7,32.22,24.0
765.327,after,162.3,52.1375455,21.1603454,86.75,52.1375446,21.1603456,27,0.51,0.184,255,0.0,0.1677,0.0502,0.0546,3.085,3.969,-6.46,-1.27,335.89,0.0,0.0,0.1,0.02,108415,999,3,0.19,0.08,-0.01,0.01,48,-49,76,0,3.28,0.12,0.0126,0.076,33.76,38.07,20.6
765.427,after,162.4,52.1375456,21.1603452,86.78,52.1375446,21.1603456,27,0.51,0.184,255,0.0,0.0,-0.0139,0.0487,3.074,3.993,-6.45,-0.9,336.14,0.0,0.0,0.09,0.02,108415,999,3,0.19,0.08,-0.01,0.01,48,17,59,0,3.3,0.15,0.0122,0.0727,34.2,37.16,21.78
765.527,after,162.5,52.1375457,21.1603451,86.8,52.1375448,21.1603452,27,0.51,0.138,255,0.0,0.0,0.0324,0.0433,3.06,4.011,-6.29,-0.61,336.27,0.01,0.01,0.02,0.02,108415,999,3,0.19,0.09,0.03,-0.01,48,-239,-106,0,3.29,0.15,0.0085,0.0505,32.43,40.15,20.2
765.627,after,162.601,52.1375458,21.160345,86.81,52.1375448,21.1603452,27,0.51,0.138,255,0.0,0.0,-0.0437,-0.0452,3.05,4.024,-6.32,-0.69,336.42,0.01,0.01,0.07,0.01,108415,999,3,0.19,0.09,0.03,-0.01,48,-32,80,0,3.3,0.18,0.0086,0.0499,34.94,38.12,20.46
765.727,after,162.7,52.1375459,21.1603449,86.82,52.1375451,21.1603449,27,0.51,0.188,255,0.0,0.0,0.0136,-0.0415,3.042,4.038,-6.48,-1.05,336.46,0.03,0.0,0.08,0.02,108415,999,3,0.19,0.08,-0.06,-0.05,48,72,18,0,3.32,0.2,0.0108,0.0527,38.34,36.42,20.36
765.827,after,162.8,52.137546,21.1603448,86.84,52.1375451,21.1603449,27,0.51,0.188,255,0.1677,0.1677,-0.0142,0.1546,3.028,4.055,-6.45,-0.33,336.37,0.03,0.0,0.09,0.01,108415,999,3,0.19,0.08,-0.06,-0.05,48,-56,-69,0,3.33,0.22,0.0105,0.0541,32.97,40.9,21.24
765.927,after,162.9,52.1375461,21.1603447,86.85,52.1375453,21.1603447,27,0.51,0.072,255,0.0,0.0,0.1232,-0.0652,3.02,4.068,-6.4,-0.6,336.24,0.01,0.0,0.0,0.02,108415,999,3,0.19,0.11,0.0,-0.02,48,73,112,0,3.32,0.22,0.0063,0.0314,35.57,35.66,23.32
766.027,after,163.0,52.1375462,21.1603446,86.86,52.1375453,21.1603447,27,0.51,0.072,255,0.1677,0.0,0.1524,0.0134,3.004,4.075,-5.42,-0.57,335.92,0.01,0.0,0.01,0.01,108415,999,3,0.19,0.11,0.0,-0.02,48,-146,-20,0,3.3,0.22,0.0035,0.0122,31.85,43.24,19.69
766.127,after,163.1,52.1375462,21.1603444,86.87,52.1375454,21.1603445,27,0.51,0.07,255,0.1677,0.0,-0.0965,0.0541,3.0,4.086,-5.17,-0.54,335.55,0.0,0.01,0.13,0.02,108415,999,3,0.19,0.1,0.0,-0.01,48,46,1,0,3.33,0.21,0.0067,0.035,31.99,39.13,18.01
766.227,after,163.2,52.1375463,21.1603443,86.89,52.1375454,21.1603445,27,0.51,0.07,255,0.0,0.0,-0.0324,0.0078,2.994,4.103,-5.65,-0.65,335.36,0.0,0.01,0.07,0.02,108415,999,3,0.19,0.1,0.0,-0.01,48,-70,10,0,3.34,0.26,0.007,0.0366,31.0,37.92,17.33
766.327,after,163.3,52.1375463,21.1603441,86.91,52.1375455,21.1603441,27,0.51,0.127,255,0.0,0.0,0.0529,0.0616,3.002,4.125,-5.52,-0.39,335.34,0.03,0.01,0.13,0.02,108415,999,3,0.19,0.09,0.04,0.06,48,-57,-55,0,3.37,0.26,0.0106,0.0492,33.09,40.34,17.98
766.427,after,163.4,52.1375463,21.1603438,86.93,52.1375455,21.1603441,27,0.51,0.127,255,0.0,0.0,0.0686,0.0283,2.984,4.149,-5.01,0.03,335.29,0.03,0.01,0.09,0.02,108415,999,3,0.19,0.09,0.04,0.06,48,35,46,0,3.39,0.33,0.0097,0.05,32.79,32.43,17.06
766.527,after,163.5,52.1375462,21.1603436,86.96,52.1375455,21.1603436,27,0.51,0.103,255,0.1677,0.1677,0.0691,0.0353,2.98,4.17,-4.84,0.38,335.15,0.02,0.01,0.04,0.02,108415,999,3,0.19,0.09,0.0,-0.03,48,-47,64,0,3.39,0.34,0.0065,0.0349,32.23,29.97,16.56
766.627,after,163.601,52.1375462,21.1603434,86.97,52.1375455,21.1603436,27,0.51,0.103,255,0.0,0.0,0.1181,-0.1342,2.972,4.189,-4.03,-0.22,335.21,0.02,0.01,0.06,0.02,108415,999,3,0.19,0.09,0.0,-0.03,48,-212,113,0,3.4,0.36,0.0059,0.0323,31.58,27.16,16.95
766.727,after,163.7,52.1375462,21.1603432,86.99,52.1375454,21.1603433,27,0.51,0.091,255,0.0,-0.1676,0.103,0.0357,2.974,4.206,-3.76,-0.55,335.28,0.04,0.01,0.06,0.02,108415,999,3,0.19,0.12,0.0,-0.04,48,66,-34,0,3.41,0.35,0.0041,0.0234,31.34,30.39,18.33
766.827,after,163.8,52.1375461,21.160343,87.01,52.1375454,21.1603433,27,0.51,0.091,255,0.1677,0.0,0.0516,0.0786,2.958,4.226,-3.19,-0.24,335.49,0.04,0.01,0.1,0.01,108415,999,3,0.19,0.12,0.0,-0.04,48,12,-55,0,3.43,0.38,0.0057,0.0336,34.87,31.44,18.53
766.927,after,163.9,52.1375461,21.160343,87.03,52.1375454,21.1603431,27,0.51,0.095,255,0.0,0.0,-0.0638,-0.0402,2.942,4.245,-3.27,-0.17,335.69,0.03,0.0,0.07,0.02,108415,999,3,0.19,0.1,0.02,-0.07,48,-32,-47,0,3.44,0.4,0.0085,0.0292,33.67,34.8,18.03
767.027,after,164.0,52.137546,21.160343,87.05,52.1375454,21.1603431,27,0.51,0.095,255,-0.1677,-0.1677,-0.0797,-0.0993,2.948,4.264,-3.74,-0.58,335.8,0.03,0.0,0.09,0.02,108415,999,3,0.19,0.1,0.02,-0.07,48,52,60,0,3.45,0.43,0.0075,0.0328,32.81,36.79,19.38
767.127,after,164.1,52.137546,21.160343,87.07,52.1375453,21.1603431,27,0.51,0.024,255,-0.1676,0.0,-0.0303,-0.0617,2.93,4.286,-3.98,-0.87,335.8,0.02,0.0,0.09,0.03,108415,999,3,0.19,0.12,-0.03,0.0,48,87,-284,0,3.47,0.45,0.0057,0.0321,34.54,39.45,19.63
767.227,after,164.2,52.1375459,21.1603432,87.09,52.1375453,21.1603431,27,0.51,0.024,255,0.0,-0.1677,-0.1003,-0.065,2.916,4.307,-4.31,-1.16,335.8,0.02,0.0,0.05,0.02,108415,999,3,0.19,0.12,-0.03,0.0,48,39,-109,0,3.48,0.46,0.0046,0.0242,34.61,39.67,19.77
767.327,after,164.3,52.1375459,21.1603433,87.11,52.1375453,21.1603433,27,0.51,0.174,255,-0.3354,-0.1677,-0.0839,-0.1415,2.888,4.328,-5.11,-1.83,335.94,0.02,0.0,0.1,0.02,108415,999,3,0.19,0.08,0.04,-0.02,48,204,134,0,3.49,0.5,0.006,0.0281,33.18,35.81,17.77
767.427,after,164.4,52.1375458,21.1603433,87.13,52.1375453,21.1603433,27,0.51,0.174,255,0.0,0.0,0.0501,0.0776,2.872,4.348,-4.88,-1.83,335.75,0.02,0.0,0.04,0.01,108415,999,3,0.19,0.08,0.04,-0.02,48,-29,33,0,3.49,0.53,0.0045,0.0197,29.57,43.72,16.69
767.527,after,164.5,52.1375458,21.1603434,87.15,52.1375452,21.1603437,27,0.51,0.17,255,-0.1677,0.0,-0.0551,0.0817,2.87,4.366,-5.14,-1.36,335.48,0.05,0.0,0.05,0.02,108415,999,3,0.19,0.08,0.06,-0.11,48,117,-62,0,3.49,0.55,0.0112,0.0178,29.27,39.26,18.33
767.627,after,164.6,52.1375458,21.1603436,87.17,52.1375452,21.1603437,27,0.51,0.17,255,0.0,0.0,-0.0625,0.1008,2.866,4.383,-5.46,-0.67,335.4,0.05,0.0,0.04,0.02,108415,999,3,0.19,0.08,0.06,-0.11,48,-94,-114,0,3.51,0.55,0.0077,0.0144,33.57,36.09,17.07
767.727,after,164.7,52.1375458,21.1603437,87.18,52.1375452,21.160344,27,0.51,0.093,255,0.0,0.0,0.0291,-0.0867,2.858,4.397,-5.64,-0.72,335.37,0.04,0.0,0.02,0.02,108415,999,3,0.19,0.11,0.0,-0.01,48,-65,-71,0,3.5,0.56,0.0059,0.0104,34.83,36.92,18.74
767.827,after,164.8,52.1375458,21.1603438,87.19,52.1375452,21.160344,27,0.51,0.093,255,0.0,0.0,0.0354,0.0041,2.848,4.409,-5.54,-1.15,335.31,0.04,0.0,0.01,0.01,108415,999,3,0.19,0.11,0.0,-0.01,48,-10,132,0,3.49,0.56,0.0043,0.014,33.91,34.69,20.08
767.927,after,164.9,52.1375458,21.1603439,87.2,52.1375452,21.1603442,27,0.51,0.066,255,0.1677,0.0,0.0313,0.0946,2.84,4.417,-5.05,-0.84,334.98,0.02,0.0,0.01,0.01,108415,999,3,0.19,0.08,0.03,-0.01,48,-50,-9,0,3.47,0.56,0.0075,0.0295,30.56,31.2,20.69
768.027,after,165.0,52.1375458,21.1603439,87.21,52.1375452,21.1603442,27,0.51,0.066,255,0.0,0.0,0.0418,0.021,2.838,4.422,-5.09,-0.42,334.6,0.02,0.0,0.02,0.02,108415,999,5,0.19,0.08,0.03,-0.01,48,6,-84,0,3.48,0.56,0.0052,0.0247,28.67,39.44,17.07
768.127,after,165.1,52.1375458,21.160344,87.21,52.1375453,21.1603444,27,0.51,0.059,255,0.0,0.0,0.0056,0.0215,2.838,4.428,-4.83,-0.52,334.24,0.03,0.0,0.04,0.02,108415,999,5,0.19,0.12,0.02,-0.03,48,-108,36,0,3.46,0.55,0.0057,0.0338,30.25,36.42,20.75
768.227,after,165.2,52.1375459,21.160344,87.22,52.1375453,21.1603444,27,0.51,0.059,255,-0.3353,0.0,-0.1648,-0.0554,2.83,4.432,-5.69,-0.64,333.98,0.03,0.0,0.0,0.09,108415,999,5,0.19,0.12,0.02,-0.03,48,163,-6,0,3.46,0.54,0.005,0.0328,31.25,40.54,18.66
768.327,after,165.3,52.1375459,21.160344,87.22,52.1375454,21.1603446,27,0.51,0.088,255,-0.1677,0.0,-0.1542,0.026,2.83,4.433,-6.54,-0.63,333.76,0.02,0.0,0.0,0.12,108415,999,5,0.19,0.07,-0.05,-0.03,48,-173,-9,0,3.45,0.54,0.0072,0.0348,32.84,32.48,19.67
768.427,after,165.4,52.1375459,21.1603441,87.21,52.1375454,21.1603446,27,0.51,0.088,255,0.0,0.0,-0.0477,0.0834,2.832,4.427,-7.11,-0.31,333.6,0.02,0.0,0.06,0.13,108415,999,5,0.19,0.07,-0.05,-0.03,48,-181,116,0,3.43,0.54,0.0079,0.0471,30.28,30.11,18.42
768.527,after,165.5,52.137546,21.1603441,87.19,52.1375457,21.1603446,27,0.51,0.079,255,0.0,0.1677,0.0939,0.0591,2.826,4.405,-6.91,0.13,333.52,0.03,0.01,0.15,0.14,108415,999,5,0.19,0.1,-0.01,0.0,48,-10,-113,0,3.37,0.48,0.0154,0.0847,28.81,31.49,18.58
768.627,after,165.6,52.137546,21.160344,87.16,52.1375457,21.1603446,27,0.51,0.079,255,0.0,0.0,0.0683,0.0964,2.816,4.372,-6.38,0.66,333.46,0.03,0.01,0.1,0.16,108415,999,5,0.19,0.1,-0.01,0.0,48,58,53,0,3.33,0.45,0.0154,0.0895,27.53,31.14,17.33
768.727,after,165.7,52.1375461,21.1603439,87.12,52.1375459,21.1603447,27,0.51,0.047,255,0.1677,0.1677,0.0659,0.0669,2.814,4.335,-6.02,1.09,333.43,0.03,0.01,0.08,0.03,108415,999,5,0.19,0.13,0.0,-0.04,48,111,-94,0,3.28,0.41,0.0169,0.0928,27.75,31.02,17.85
768.827,after,165.8,52.1375462,21.1603438,87.08,52.1375459,21.1603447,27,0.51,0.047,255,0.0,0.0,0.0958,0.0075,2.796,4.3,-5.61,1.25,333.25,0.03,0.01,0.07,0.02,108415,999,5,0.19,0.13,0.0,-0.04,48,76,-71,0,3.25,0.38,0.0147,0.0863,27.81,32.58,17.64
768.927,after,165.9,52.1375462,21.1603437,87.06,52.1375461,21.1603447,27,0.51,0.034,255,0.0,0.0,0.0704,-0.0034,2.788,4.27,-5.12,1.18,332.91,0.03,0.01,0.08,0.02,108415,999,5,0.19,0.1,0.0,-0.07,48,-107,-26,0,3.21,0.35,0.0154,0.0827,27.78,34.35,18.0
769.027,after,166.0,52.1375462,21.1603436,87.03,52.1375461,21.1603447,27,0.51,0.034,255,0.1677,0.0,0.0301,-0.0224,2.785,4.247,-5.02,1.15,332.63,0.03,0.01,0.03,0.03,108415,999,5,0.19,0.1,0.0,-0.07,48,-77,-30,0,3.19,0.35,0.0116,0.0682,28.91,33.27,18.85
769.127,after,166.1,52.1375462,21.1603434,87.02,52.1375461,21.1603445,27,0.51,0.142,255,0.1677,0.0,0.1325,-0.064,2.796,4.234,-4.3,0.89,332.9,0.01,0.01,0.01,0.02,108415,999,5,0.19,0.07,0.04,0.02,48,-127,22,0,3.18,0.33,0.0079,0.0535,32.29,35.46,18.59
769.227,after,166.2,52.1375461,21.1603433,87.02,52.1375461,21.1603445,27,0.51,0.142,255,0.0,0.0,-0.1489,-0.0562,2.794,4.232,-4.35,0.62,333.93,0.01,0.01,0.01,0.02,108415,999,5,0.19,0.07,0.04,0.02,48,19,43,0,3.19,0.33,0.0045,0.0333,31.53,37.11,21.54
769.327,after,166.3,52.137546,21.1603431,87.02,52.1375461,21.1603442,27,0.51,0.17,255,0.0,0.0,0.0835,-0.0874,2.8,4.236,-4.79,0.19,335.56,0.03,0.01,0.02,0.01,108415,999,5,0.19,0.07,0.01,0.01,48,113,-70,0,3.19,0.33,0.004,0.0224,36.55,40.62,22.26
769.427,after,166.4,52.1375461,21.1603429,87.03,52.1375461,21.1603442,27,0.51,0.17,255,0.0,0.0,0.0965,-0.0388,2.814,4.244,-4.18,0.04,337.66,0.03,0.01,0.02,0.0,108415,999,5,0.19,0.07,0.01,0.01,48,-1,-86,0,3.2,0.33,0.0036,0.0215,33.28,36.73,20.3
769.527,after,166.5,52.137546,21.1603427,87.04,52.1375459,21.1603438,27,0.51,0.218,255,0.1677,0.0,0.0806,-0.0873,2.824,4.252,-3.52,0.0,340.06,0.03,0.01,0.0,0.0,108415,999,5,0.19,0.09,0.09,-0.01,48,168,15,0,3.21,0.33,0.0052,0.0169,34.52,36.14,20.68
769.627,after,166.6,52.137546,21.1603426,87.05,52.1375459,21.1603438,27,0.51,0.218,255,0.0,0.0,-0.0148,0.0142,2.824,4.261,-3.61,-0.11,342.65,0.03,0.01,0.01,0.01,108415,999,5,0.19,0.09,0.09,-0.01,48,-10,76,0,3.22,0.32,0.0038,0.0143,36.43,37.07,20.74
769.727,after,166.7,52.137546,21.1603424,87.05,52.1375458,21.1603435,27,0.51,0.162,255,0.0,0.0,0.002,0.021,2.84,4.264,-3.44,0.36,345.48,0.03,0.02,0.04,0.02,108415,999,5,0.19,0.09,0.02,-0.02,48,-62,-79,0,3.21,0.31,0.0052,0.025,36.51,41.24,21.19
769.827,after,166.8,52.137546,21.1603423,87.05,52.1375458,21.1603435,27,0.51,0.162,255,0.0,0.0,-0.0269,0.0272,2.85,4.263,-3.68,0.61,348.38,0.03,0.02,0.1,0.02,108415,999,5,0.19,0.09,0.02,-0.02,48,169,-185,0,3.19,0.27,0.0073,0.0407,37.9,40.8,20.86
769.927,after,166.9,52.137546,21.1603422,87.04,52.1375458,21.1603432,27,0.51,0.143,255,0.0,0.0,0.053,0.076,2.862,4.257,-3.48,1.25,351.14,0.06,0.02,0.06,0.02,108415,999,5,0.19,0.09,0.16,-0.06,48,-5,-87,0,3.17,0.25,0.0172,0.0493,36.46,39.54,19.88
770.027,after,167.0,52.1375461,21.1603421,87.03,52.1375458,21.1603432,27,0.51,0.143,255,0.1677,0.1677,0.1202,0.1716,2.872,4.245,-2.77,2.17,353.66,0.06,0.02,0.11,0.02,108415,999,5,0.19,0.09,0.16,-0.06,48,-68,-92,0,3.15,0.21,0.0141,0.0596,36.57,42.99,21.23
770.127,after,167.1,52.1375461,21.1603421,87.02,52.1375458,21.1603431,27,0.51,0.096,255,0.1677,0.0,0.0486,0.1333,2.878,4.23,-2.14,3.06,355.91,0.02,0.02,0.1,0.02,108415,999,5,0.19,0.1,0.03,-0.04,48,-122,8,0,3.13,0.18,0.0134,0.0636,36.47,43.32,20.51
770.227,after,167.2,52.1375461,21.1603421,87.0,52.1375458,21.1603431,27,0.51,0.096,255,-0.3353,0.0,-0.1327,-0.0649,2.888,4.211,-2.55,3.36,358.11,0.02,0.02,0.11,0.02,108415,999,5,0.19,0.1,0.03,-0.04,48,52,-148,0,3.1,0.18,0.012,0.0676,37.64,42.76,21.39
770.327,after,167.3,52.1375461,21.1603421,86.97,52.1375459,21.1603429,27,0.51,0.106,255,0.0,0.0,-0.0338,-0.1452,2.91,4.187,-2.96,2.49,0.33,0.03,0.02,0.12,0.02,108415,999,5,0.19,0.08,0.08,0.02,48,-43,162,0,3.07,0.11,0.0135,0.0739,35.11,38.93,19.65
770.427,after,167.4,52.1375461,21.1603421,86.95,52.1375459,21.1603429,27,0.51,0.106,255,-0.1677,0.1677,0.0083,0.1312,2.912,4.161,-2.94,2.92,2.49,0.03,0.02,0.13,0.03,108415,999,5,0.19,0.08,0.08,0.02,48,23,-20,0,3.04,0.06,0.0132,0.0778,35.43,45.26,20.39
770.527,after,167.5,52.1375461,21.1603422,86.92,52.1375459,21.1603429,27,0.51,0.043,255,0.0,0.3353,-0.0258,0.1416,2.93,4.138,-2.98,3.9,4.69,0.02,0.02,0.09,0.04,108415,999,5,0.19,0.11,0.06,-0.02,48,34,-10,0,3.02,0.04,0.0113,0.0677,43.05,51.77,22.17
770.627,after,167.6,52.1375461,21.1603422,86.9,52.1375459,21.1603429,27,0.51,0.043,255,0.0,0.1677,-0.0773,-0.0971,2.946,4.116,-3.25,3.99,6.97,0.02,0.02,0.1,0.04,108415,999,5,0.19,0.11,0.06,-0.02,48,120,-16,0,3.0,0.01,0.0101,0.0641,38.73,48.32,22.41
770.727,after,167.7,52.1375461,21.1603422,86.88,52.1375459,21.1603431,27,0.51,0.054,255,0.0,0.0,0.0159,-0.1064,2.952,4.098,-3.05,3.37,8.95,0.05,0.02,0.1,0.02,108415,999,5,0.19,0.13,0.01,-0.1,48,-8,-25,0,2.99,-0.01,0.0114,0.0555,35.26,39.57,20.25
770.827,after,167.8,52.1375461,21.1603423,86.87,52.1375459,21.1603431,27,0.51,0.054,255,0.0,0.1677,-0.077,0.0132,2.958,4.084,-3.11,3.55,10.81,0.05,0.02,0.08,0.03,108415,999,5,0.19,0.13,0.01,-0.1,48,-93,-43,0,2.98,-0.03,0.0083,0.0495,38.48,42.73,21.32
770.927,after,167.9,52.1375461,21.1603424,86.86,52.1375459,21.1603434,27,0.51,0.033,255,0.0,-0.1677,0.0093,-0.118,2.97,4.072,-3.17,3.28,12.66,0.01,0.02,0.08,0.03,108415,999,5,0.19,0.13,0.01,-0.01,48,107,-2,0,2.98,-0.04,0.0084,0.045,36.82,42.71,21.56
771.027,after,168.0,52.1375461,21.1603425,86.85,52.1375459,21.1603434,27,0.51,0.033,255,-0.1676,-0.1676,0.0267,-0.0205,2.982,4.061,-2.86,2.96,14.7,0.01,0.02,0.11,0.03,108415,999,5,0.19,0.13,0.01,-0.01,48,-8,-44,0,2.96,-0.07,0.0075,0.0477,34.67,36.21,19.04
771.127,after,168.1,52.1375461,21.1603426,86.84,52.1375459,21.1603436,27,0.51,0.053,255,0.0,0.0,0.0358,0.0119,2.998,4.05,-2.65,3.14,16.88,0.0,0.02,0.05,0.02,108415,999,5,0.19,0.13,0.0,0.0,48,-151,0,0,2.97,-0.08,0.0069,0.036,32.81,40.11,17.72
771.227,after,168.2,52.137546,21.1603427,86.83,52.1375459,21.1603436,27,0.51,0.053,255,0.0,-0.1677,0.0384,-0.0121,3.02,4.042,-2.12,3.2,19.08,0.0,0.02,0.06,0.03,108415,999,5,0.19,0.13,0.0,0.0,48,-71,13,0,2.97,-0.09,0.0052,0.0293,29.62,37.35,16.52
771.327,after,168.3,52.137546,21.1603427,86.82,52.1375458,21.1603438,27,0.51,0.113,255,-0.1677,0.0,-0.0557,-0.0614,3.03,4.034,-2.23,3.0,21.35,0.02,0.03,0.07,0.02,108415,999,5,0.19,0.1,0.03,-0.02,48,76,52,0,2.96,-0.13,0.0066,0.0313,28.73,34.04,16.28
771.427,after,168.4,52.1375459,21.1603429,86.81,52.1375458,21.1603438,27,0.51,0.113,255,0.0,-0.1677,-0.0318,0.0328,3.044,4.027,-2.37,3.07,23.68,0.02,0.03,0.04,0.02,108415,999,5,0.19,0.1,0.03,-0.02,48,81,-427,0,2.96,-0.14,0.0038,0.0205,26.81,31.17,15.58
771.527,after,168.5,52.1375458,21.1603429,86.8,52.1375455,21.1603437,27,0.51,0.215,255,0.0,0.0,-0.0379,-0.0121,3.06,4.019,-2.55,3.24,26.01,0.05,0.02,0.05,0.03,108415,999,5,0.2,0.08,0.12,0.05,48,-257,-164,0,2.96,-0.15,0.0081,0.0197,24.94,30.77,14.66
771.627,after,168.6,52.1375457,21.1603429,86.8,52.1375455,21.1603437,27,0.51,0.215,255,-0.3353,0.0,0.0589,-0.1028,3.078,4.012,-2.29,3.02,28.29,0.05,0.02,0.03,0.03,108415,999,5,0.2,0.08,0.12,0.05,48,16,61,0,2.97,-0.15,0.0056,0.0095,25.29,29.57,14.41
771.727,after,168.7,52.1375456,21.1603429,86.79,52.1375453,21.1603437,27,0.51,0.079,255,0.0,0.0,0.0153,-0.0399,3.094,4.003,-1.9,2.75,30.26,0.02,0.02,0.08,0.03,108415,999,5,0.2,0.1,0.01,-0.05,48,-62,93,0,2.96,-0.19,0.0052,0.0183,26.32,27.23,15.24
771.827,after,168.8,52.1375456,21.1603429,86.78,52.1375453,21.1603437,27,0.51,0.079,255,0.0,-0.1677,0.0058,-0.07,3.112,3.992,-1.72,2.36,31.71,0.02,0.02,0.05,0.03,108415,999,5,0.2,0.1,0.01,-0.05,48,-6,-54,0,2.96,-0.2,0.0026,0.0111,30.37,30.22,17.75
771.927,after,168.9,52.1375455,21.160343,86.77,52.1375451,21.1603437,27,0.51,0.156,255,0.0,-0.1676,-0.0688,-0.0438,3.128,3.983,-1.89,2.06,32.84,0.03,0.02,0.06,0.02,108415,999,5,0.2,0.11,0.06,-0.01,48,45,-64,0,2.96,-0.23,0.0057,0.0118,26.54,27.3,16.33
772.027,after,169.0,52.1375454,21.1603431,86.76,52.1375451,21.1603437,27,0.51,0.156,255,0.0,0.0,-0.1137,0.0048,3.132,3.976,-2.5,1.91,34.1,0.03,0.02,0.0,0.03,108415,999,5,0.2,0.11,0.06,-0.01,48,116,77,0,2.97,-0.22,0.0035,0.0112,22.33,26.78,14.64
772.127,after,169.1,52.1375453,21.1603432,86.76,52.137545,21.1603438,27,0.51,0.118,255,-0.1677,0.0,0.0353,0.075,3.15,3.97,-2.53,2.33,35.79,0.03,0.02,0.03,0.03,108415,999,5,0.2,0.09,0.08,-0.01,48,-55,1,0,2.97,-0.24,0.0067,0.0132,26.79,30.05,18.08
772.227,after,169.2,52.1375453,21.1603433,86.75,52.137545,21.1603438,27,0.51,0.118,255,0.0,0.0,-0.014,-0.0172,3.158,3.963,-2.3,2.39,37.74,0.03,0.02,0.01,0.04,108415,999,5,0.2,0.09,0.08,-0.01,48,-34,-13,0,2.97,-0.23,0.0041,0.0155,27.95,28.58,17.15
772.327,after,169.3,52.1375452,21.1603433,86.74,52.137545,21.1603437,27,0.51,0.07,255,-0.1677,0.0,0.0504,0.0141,3.164,3.958,-2.18,2.47,39.77,0.02,0.02,0.01,0.03,108415,999,5,0.2,0.07,-0.01,0.05,48,65,21,0,2.98,-0.24,0.0054,0.0256,26.06,27.61,14.31
772.427,after,169.4,52.1375452,21.1603434,86.74,52.137545,21.1603437,27,0.51,0.07,255,-0.6707,0.0,-0.0103,0.0111,3.17,3.955,-2.08,2.55,41.89,0.02,0.02,0.01,0.03,108415,999,5,0.2,0.07,-0.01,0.05,48,14,12,0,2.99,-0.24,0.0069,0.0335,26.62,29.08,15.72
772.527,after,169.5,52.1375452,21.1603434,86.74,52.137545,21.1603435,27,0.51,0.088,255,-0.3353,0.1677,-0.114,0.0266,3.182,3.951,-2.6,2.75,44.19,0.03,0.02,0.05,0.03,108415,999,5,0.2,0.07,0.02,0.09,48,-43,-16,0,2.98,-0.26,0.0099,0.0219,28.45,32.91,17.02
772.627,after,169.6,52.1375453,21.1603434,86.73,52.137545,21.1603435,27,0.51,0.088,255,0.0,0.0,0.1398,0.1012,3.188,3.948,-2.26,3.27,46.4,0.03,0.02,0.06,0.02,108415,999,5,0.2,0.07,0.02,0.09,48,15,-67,0,3.0,-0.24,0.0104,0.0412,29.57,31.03,17.14
772.727,after,169.7,52.1375453,21.1603435,86.74,52.1375452,21.1603435,27,0.51,0.06,255,0.0,0.0,0.0377,0.0637,3.198,3.952,-1.67,3.86,47.99,0.04,0.02,0.06,0.03,108415,999,5,0.2,0.13,0.01,0.0,48,80,-112,0,3.04,-0.22,0.0133,0.0623,26.73,28.39,17.04
772.827,after,169.8,52.1375453,21.1603435,86.74,52.1375452,21.1603435,27,0.51,0.06,255,0.0,0.0,0.0027,-0.0023,3.21,3.954,-1.55,4.06,48.95,0.04,0.02,0.01,0.02,108415,999,5,0.2,0.13,0.01,0.0,48,8,124,0,3.03,-0.23,0.0103,0.0481,27.08,30.32,18.35
772.927,after,169.9,52.1375454,21.1603435,86.74,52.1375453,21.1603435,27,0.51,0.056,255,0.0,0.0,0.0012,-0.0848,3.21,3.953,-1.43,3.99,49.38,0.06,0.02,0.0,0.02,108415,999,5,0.2,0.09,0.14,-0.01,48,-42,-31,0,3.03,-0.24,0.0136,0.05,31.39,27.96,19.42
773.027,after,170.0,52.1375455,21.1603436,86.74,52.1375453,21.1603435,27,0.51,0.056,255,0.0,-0.5028,0.0763,-0.7761,3.176,3.954,-1.05,1.12,49.43,0.06,0.02,0.02,0.02,108415,999,5,0.2,0.09,0.14,-0.01,48,-22,123,0,3.04,-0.23,0.011,0.049,31.13,25.76,18.29
773.127,after,170.1,52.1375456,21.1603438,86.74,52.1375453,21.1603437,27,0.51,0.031,255,0.1676,-1.8438,-0.0189,-1.2897,3.17,3.956,-0.95,-5.71,49.53,0.04,0.02,0.03,0.01,108415,999,5,0.2,0.08,0.11,0.0,48,-86,429,0,3.05,-0.2,0.0147,0.0533,27.68,23.31,21.56
773.227,after,170.2,52.1375458,21.1603442,86.75,52.1375453,21.1603437,27,0.51,0.031,255,0.1677,-0.5031,0.1202,-0.7568,3.212,3.961,-0.51,-11.35,49.6,0.04,0.02,0.06,0.02,108415,999,5,0.2,0.08,0.11,0.0,48,-47,355,0,3.06,-0.19,0.0125,0.0591,24.94,24.78,19.7
773.327,after,170.3,52.1375461,21.1603448,86.75,52.1375457,21.1603442,27,0.51,0.386,255,0.0,-0.1676,-0.0115,-0.3337,3.23,3.967,-0.26,-13.96,49.62,0.06,0.02,0.04,0.04,108415,999,5,0.2,0.11,0.0,0.03,48,77,-39,0,3.08,-0.17,0.0149,0.0686,27.58,29.14,21.17
773.427,after,170.4,52.1375467,21.1603457,86.76,52.1375457,21.1603442,27,0.51,0.386,255,0.0,0.1677,-0.0532,-0.0944,3.24,3.972,-0.34,-15.01,49.66,0.06,0.02,0.05,0.04,108415,999,5,0.2,0.11,0.0,0.03,48,-45,63,0,3.09,-0.15,0.0133,0.0661,30.44,32.46,20.77
773.527,after,170.5,52.1375473,21.1603469,86.76,52.1375466,21.1603455,27,0.51,0.863,255,-0.1677,0.503,-0.1169,0.2128,3.232,3.977,-1.08,-14.57,49.78,0.02,0.02,0.05,0.05,108415,999,5,0.2,0.08,0.0,-0.02,48,90,243,0,3.1,-0.14,0.0138,0.0676,31.38,33.97,21.55
773.627,after,170.6,52.1375482,21.1603485,86.76,52.1375466,21.1603455,27,0.51,0.863,255,0.0,0.503,0.133,0.3611,3.198,3.98,-0.72,-12.76,49.69,0.02,0.02,0.04,0.05,108415,999,5,0.2,0.08,0.0,-0.02,48,-21,-185,0,3.1,-0.13,0.0116,0.06,31.99,35.06,21.96
773.727,after,170.7,52.1375492,21.1603504,86.76,52.137548,21.1603481,27,0.51,1.387,255,0.0,1.3413,0.038,0.4402,3.14,3.975,-0.22,-10.3,49.5,0.01,0.02,0.02,0.04,108415,999,5,0.2,0.08,0.01,0.0,48,-120,-254,0,3.08,-0.14,0.0089,0.0413,30.11,33.85,19.63
773.827,after,170.8,52.1375504,21.1603525,86.75,52.137548,21.1603481,27,0.51,1.387,255,0.0,0.671,-0.0322,0.3796,3.114,3.961,-0.21,-8.05,49.26,0.01,0.02,0.03,0.05,108415,999,5,0.2,0.08,0.01,0.0,48,-28,-304,0,3.05,-0.14,0.005,0.0213,26.44,31.97,20.39
773.927,after,170.9,52.1375516,21.1603548,86.73,52.13755,21.1603518,27,0.51,1.882,255,-0.1677,0.8383,0.0304,0.4538,3.096,3.941,-0.31,-5.51,48.94,0.01,0.0,0.03,0.04,108415,999,5,0.2,0.09,0.01,0.02,48,-126,404,0,3.02,-0.16,0.0031,0.0062,23.78,29.67,18.43
774.027,after,171.0,52.1375529,21.1603572,86.7,52.13755,21.1603518,27,0.51,1.882,255,0.0,0.8382,-0.0839,0.3608,3.052,3.912,-0.49,-3.16,48.51,0.01,0.0,0.05,0.04,108415,999,5,0.2,0.09,0.01,0.02,48,7,521,0,2.98,-0.18,0.0042,0.0111,24.36,26.92,17.28
774.127,after,171.1,52.1375542,21.1603598,86.66,52.1375524,21.1603564,27,0.51,2.134,255,0.0,0.8386,-0.0574,0.2174,3.018,3.88,-0.85,-1.75,47.89,0.03,0.02,0.04,0.03,108415,999,5,0.2,0.09,0.07,-0.01,48,-92,-245,0,2.95,-0.18,0.0045,0.0122,24.05,23.04,14.78
774.227,after,171.2,52.1375556,21.1603624,86.63,52.1375524,21.1603564,27,0.51,2.134,255,-0.1677,1.3412,-0.0009,0.2451,3.014,3.847,-0.95,-0.41,47.11,0.03,0.02,0.04,0.02,108415,999,5,0.2,0.09,0.07,-0.01,48,-100,299,0,2.92,-0.18,0.0033,0.0172,24.83,22.26,12.72
774.327,after,171.3,52.137557,21.1603651,86.6,52.1375551,21.1603616,27,0.51,2.362,255,0.0,0.8383,0.0114,0.2977,3.0,3.818,-0.92,1.26,46.24,0.02,0.02,0.06,0.02,108415,999,5,0.2,0.09,0.0,0.0,48,19,-275,0,2.88,-0.21,0.0049,0.021,24.9,23.1,13.1
774.427,after,171.4,52.1375585,21.1603678,86.57,52.1375551,21.1603616,27,0.51,2.362,255,0.0,0.8383,-0.0589,0.2476,2.99,3.789,-1.27,2.76,45.42,0.02,0.02,0.08,0.02,108415,999,5,0.2,0.09,0.0,0.0,48,62,-469,0,2.85,-0.24,0.0056,0.031,21.07,21.76,14.19
774.527,after,171.5,52.1375599,21.1603705,86.55,52.137558,21.160367,27,0.51,2.401,255,-0.1677,1.3413,-0.1002,0.1676,2.978,3.761,-1.7,3.86,44.71,0.02,0.03,0.05,0.02,108415,999,5,0.2,0.09,0.02,-0.02,48,-93,-405,0,2.85,-0.22,0.0068,0.0292,24.64,23.78,15.33
774.627,after,171.6,52.1375614,21.1603731,86.52,52.137558,21.160367,27,0.51,2.401,255,0.0,0.6707,-0.0916,0.1135,2.962,3.736,-2.35,4.59,44.09,0.02,0.03,0.06,0.02,108415,999,5,0.2,0.09,0.02,-0.02,48,-15,-339,0,2.83,-0.23,0.0059,0.0318,23.98,23.17,15.87
774.727,after,171.7,52.1375628,21.1603757,86.5,52.1375608,21.1603724,27,0.51,2.347,255,-0.1677,0.503,-0.1318,0.1167,2.97,3.714,-3.08,5.25,43.67,0.02,0.02,0.05,0.02,108415,999,5,0.2,0.08,0.04,-0.04,48,6,539,0,2.82,-0.21,0.0087,0.0315,22.98,21.76,14.7
774.827,after,171.8,52.1375642,21.1603782,86.48,52.1375608,21.1603724,27,0.51,2.347,255,-0.1677,0.6708,0.0081,0.0351,2.95,3.692,-3.44,5.62,43.47,0.02,0.02,0.07,0.02,108415,999,5,0.2,0.08,0.04,-0.04,48,-6,-231,0,2.8,-0.23,0.0069,0.0346,22.44,22.95,12.91
774.927,after,171.9,52.1375656,21.1603806,86.46,52.1375636,21.1603776,27,0.51,2.218,255,0.0,0.503,0.0206,0.0042,2.972,3.67,-3.33,5.69,43.3,0.03,0.02,0.05,0.01,108415,999,5,0.2,0.08,0.02,0.03,48,-9,-161,0,2.78,-0.21,0.0083,0.0384,20.19,21.18,11.97
775.027,after,172.0,52.1375669,21.1603828,86.43,52.1375636,21.1603776,27,0.51,2.218,255,0.0,0.503,-0.0246,-0.0081,2.962,3.647,-3.41,5.69,43.1,0.03,0.02,0.12,0.01,108415,999,5,0.2,0.08,0.02,0.03,48,30,-297,0,2.76,-0.26,0.0103,0.0515,21.87,23.07,13.64
775.127,after,172.1,52.1375683,21.1603849,86.41,52.1375664,21.1603822,27,0.51,2.02,255,0.0,1.0057,0.0311,0.0331,2.97,3.621,-3.39,5.77,43.02,0.05,0.04,0.08,0.02,108415,999,5,0.2,0.08,0.09,0.09,48,-140,-283,0,2.74,-0.29,0.012,0.0529,22.94,23.41,13.92
775.227,after,172.2,52.1375697,21.1603869,86.38,52.1375664,21.1603822,27,0.51,2.02,255,0.0,0.5028,0.0589,-0.052,2.972,3.597,-3.12,5.7,43.05,0.05,0.04,0.06,0.02,108415,999,5,0.2,0.08,0.09,0.09,48,-44,-295,0,2.74,-0.29,0.0102,0.0458,21.72,23.07,12.82
775.327,after,172.3,52.137571,21.1603888,86.36,52.137569,21.1603863,27,0.51,1.957,255,0.0,0.3353,0.0316,-0.0192,2.98,3.576,-2.85,5.5,43.1,0.02,0.02,0.08,0.01,108415,999,5,0.2,0.08,0.05,0.01,48,-78,-185,0,2.73,-0.31,0.0099,0.0465,21.7,23.53,12.62
775.427,after,172.4,52.1375723,21.1603906,86.34,52.137569,21.1603863,27,0.51,1.957,255,0.1676,1.0058,0.1541,0.0143,2.986,3.558,-2.34,5.56,43.25,0.02,0.02,0.04,0.03,108415,999,5,0.2,0.08,0.05,0.01,48,-85,113,0,2.72,-0.31,0.0074,0.0344,20.58,22.28,12.98
775.527,after,172.5,52.1375736,21.1603923,86.33,52.1375718,21.1603902,27,0.51,1.932,255,0.1677,0.503,0.0822,-0.1427,3.01,3.546,-1.59,5.06,43.48,0.03,0.04,0.05,0.02,108415,999,5,0.2,0.09,-0.04,-0.01,48,115,185,0,2.78,-0.29,0.0079,0.0263,20.65,25.89,11.74
775.627,after,172.6,52.137575,21.160394,86.32,52.1375718,21.1603902,27,0.51,1.932,255,0.1676,0.5029,0.1459,-0.1163,3.022,3.535,-1.12,4.2,43.45,0.03,0.04,0.05,0.02,108415,999,5,0.2,0.09,-0.04,-0.01,48,41,-163,0,2.8,-0.28,0.0065,0.0221,19.44,22.97,12.39
775.727,after,172.7,52.1375762,21.1603956,86.31,52.1375744,21.1603936,27,0.51,1.703,255,0.1677,0.3353,0.2196,0.0275,3.022,3.529,0.07,4.09,43.18,0.04,0.03,0.05,0.02,108415,999,5,0.2,0.09,0.09,0.03,48,-119,-254,0,2.84,-0.27,0.0016,0.0166,18.69,21.65,12.08
775.827,after,172.8,52.1375775,21.1603972,86.31,52.1375744,21.1603936,27,0.51,1.703,255,0.1676,0.5029,0.0983,-0.0476,3.024,3.523,0.82,4.05,42.64,0.04,0.03,0.04,0.02,108415,999,5,0.2,0.09,0.09,0.03,48,-72,-302,0,2.85,-0.26,0.0023,0.013,20.75,23.17,12.78
775.927,after,172.9,52.1375787,21.1603987,86.3,52.137577,21.1603967,27,0.51,1.732,255,0.1677,0.6707,0.042,-0.033,3.03,3.519,1.1,3.76,41.9,0.04,0.02,0.06,0.01,108415,999,5,0.2,0.09,-0.01,0.01,48,-132,302,0,2.87,-0.23,0.0044,0.0079,23.57,27.02,14.92
776.027,after,173.0,52.1375799,21.1604003,86.3,52.137577,21.1603967,27,0.51,1.732,255,0.0,0.6707,-0.0602,-0.0877,3.048,3.516,0.94,3.49,41.3,0.04,0.02,0.05,0.02,108415,999,5,0.2,0.09,-0.01,0.01,48,-41,-240,0,2.88,-0.22,0.004,0.0088,26.82,24.59,15.95
776.127,after,173.1,52.1375811,21.1604019,86.3,52.1375795,21.1603998,27,0.51,1.615,255,-0.1677,0.3353,-0.15,-0.0755,3.092,3.514,0.13,2.98,40.78,0.06,0.03,0.06,0.02,108415,999,5,0.2,0.09,0.04,0.0,48,-47,-160,0,2.91,-0.21,0.0036,0.0068,27.41,26.87,16.02
776.227,after,173.2,52.1375822,21.1604036,86.29,52.1375795,21.1603998,27,0.51,1.615,255,-0.3353,0.3353,-0.1037,0.0179,3.13,3.509,-0.56,2.94,40.47,0.06,0.03,0.08,0.02,108415,999,5,0.2,0.09,0.04,0.0,48,-46,146,0,2.91,-0.24,0.0025,0.0121,27.65,26.44,15.62
776.327,after,173.3,52.1375833,21.1604053,86.29,52.1375817,21.1604032,27,0.51,1.642,255,0.0,0.3353,-0.12,-0.0193,3.156,3.507,-1.24,2.85,40.42,0.08,0.03,0.01,0.02,108415,999,5,0.2,0.09,0.12,-0.12,48,-46,-67,0,2.96,-0.25,0.0119,0.0178,27.33,30.96,14.28
776.427,after,173.4,52.1375844,21.1604071,86.29,52.1375817,21.1604032,27,0.51,1.642,255,-0.1677,0.3353,-0.1012,0.0016,3.186,3.505,-1.83,2.71,40.62,0.08,0.03,0.06,0.02,108415,999,5,0.2,0.09,0.12,-0.12,48,-36,-183,0,2.97,-0.26,0.0062,0.0076,25.84,27.43,14.76
776.527,after,173.5,52.1375855,21.1604088,86.29,52.137584,21.1604065,27,0.51,1.61,255,-0.3353,0.8382,-0.1297,0.018,3.19,3.502,-2.6,2.92,41.19,0.06,0.03,0.02,0.02,108415,999,5,0.21,0.09,-0.01,0.08,48,173,-293,0,3.03,-0.24,0.0064,0.0153,25.96,26.07,14.48
776.627,after,173.6,52.1375867,21.1604105,86.28,52.137584,21.1604065,27,0.51,1.61,255,0.0,0.3354,0.0666,-0.0755,3.212,3.499,-2.52,2.44,41.8,0.06,0.03,0.01,0.02,108415,999,5,0.21,0.09,-0.01,0.08,48,-119,201,0,3.05,-0.22,0.0055,0.0163,23.99,26.3,13.15
776.727,after,173.7,52.1375878,21.1604121,86.28,52.1375863,21.1604095,27,0.51,1.565,255,0.0,0.3353,0.0741,-0.0051,3.226,3.499,-2.08,2.39,42.5,0.03,0.03,0.01,0.02,108415,999,5,0.21,0.09,0.06,0.05,48,-83,129,0,3.07,-0.22,0.0076,0.0266,23.41,28.35,14.35
776.827,after,173.8,52.137589,21.1604138,86.29,52.1375863,21.1604095,27,0.51,1.565,255,0.0,0.6706,0.1867,0.0492,3.234,3.501,-1.24,2.51,43.49,0.03,0.03,0.01,0.02,108415,999,5,0.21,0.09,0.06,0.05,48,-138,-208,0,3.1,-0.2,0.0074,0.0319,24.77,26.98,14.23
776.927,after,173.9,52.1375902,21.1604154,86.29,52.1375886,21.1604127,27,0.51,1.645,255,0.1677,0.3353,0.2051,0.0119,3.222,3.506,-0.09,2.89,44.56,0.07,0.01,0.05,0.02,108415,999,5,0.21,0.09,0.06,-0.01,48,-62,-153,0,3.14,-0.2,0.013,0.0564,24.93,27.47,13.71
777.027,after,174.0,52.1375913,21.1604171,86.3,52.1375886,21.1604127,27,0.51,1.645,255,0.1677,0.3353,0.1869,-0.0248,3.222,3.514,1.14,2.78,45.53,0.07,0.01,0.04,0.02,108415,999,5,0.21,0.09,0.06,-0.01,48,-97,-191,0,3.16,-0.14,0.0114,0.0563,25.02,25.29,14.27
777.127,after,174.1,52.1375925,21.1604188,86.31,52.1375909,21.160416,27,0.51,1.674,255,0.503,0.8383,0.2603,0.0532,3.21,3.525,2.47,2.95,46.42,0.06,0.03,0.04,0.01,108415,999,5,0.21,0.09,0.02,0.0,48,87,76,0,3.2,-0.1,0.0141,0.0659,24.76,23.66,14.81
777.227,after,174.2,52.1375936,21.1604205,86.32,52.1375909,21.160416,27,0.51,1.674,255,0.1677,0.3353,0.0517,-0.0485,3.226,3.532,3.36,2.87,47.04,0.06,0.03,0.04,0.02,108415,999,5,0.21,0.09,0.02,0.0,48,-136,-86,0,3.21,-0.08,0.0121,0.063,22.02,24.05,14.23
777.327,after,174.3,52.1375947,21.1604224,86.32,52.1375933,21.1604195,27,0.51,1.737,255,-0.1677,0.1677,-0.0972,-0.0679,3.21,3.537,3.0,2.35,47.28,0.02,0.03,0.04,0.01,108415,999,5,0.21,0.09,0.0,-0.06,48,-36,-139,0,3.22,-0.07,0.0132,0.0625,24.26,25.22,15.11
777.427,after,174.4,52.1375958,21.1604243,86.32,52.1375933,21.1604195,27,0.51,1.737,255,0.0,0.6707,-0.0661,-0.005,3.19,3.537,2.64,2.21,47.4,0.02,0.03,0.04,0.01,108415,999,5,0.21,0.09,0.0,-0.06,48,67,177,0,3.22,-0.06,0.0104,0.0566,26.45,23.51,14.71
777.527,after,174.5,52.1375969,21.1604263,86.32,52.1375956,21.1604232,27,0.51,1.692,255,0.0,0.3353,-0.1059,0.0433,3.196,3.536,2.27,2.48,47.37,0.01,0.02,0.06,0.01,108415,999,5,0.21,0.08,0.0,0.0,48,-90,-242,0,3.23,-0.02,0.0119,0.0604,23.88,24.35,13.61
777.627,after,174.6,52.1375979,21.1604282,86.32,52.1375956,21.1604232,27,0.51,1.692,255,-0.1677,0.3354,-0.0564,-0.0161,3.186,3.535,1.74,2.53,47.02,0.01,0.02,0.04,0.01,108415,999,5,0.21,0.08,0.0,0.0,48,-55,-241,0,3.23,-0.02,0.0097,0.0545,25.38,24.69,14.35
777.727,after,174.7,52.137599,21.1604302,86.32,52.1375977,21.160427,27,0.51,1.696,255,0.0,0.8386,0.0014,0.0396,3.132,3.532,1.55,2.59,46.46,0.04,0.02,0.03,0.01,108415,999,5,0.21,0.07,0.06,-0.02,48,73,-199,0,3.23,-0.02,0.0099,0.0534,24.88,23.91,14.56
777.827,after,174.8,52.1376,21.1604323,86.31,52.1375977,21.160427,27,0.51,1.696,255,0.0,0.3352,-0.0609,0.0303,3.12,3.527,1.45,2.78,45.97,0.04,0.02,0.02,0.01,108415,999,5,0.21,0.07,0.06,-0.02,48,27,95,0,3.22,-0.01,0.0074,0.0444,23.85,24.7,12.54
777.927,after,174.9,52.137601,21.1604343,86.3,52.1375998,21.1604309,27,0.51,1.711,255,-0.1677,0.3354,-0.2827,-0.0753,3.108,3.519,0.06,2.41,45.59,0.04,0.01,0.03,0.02,108415,999,5,0.21,0.07,0.03,0.05,48,-57,356,0,3.22,0.02,0.012,0.0503,24.08,24.8,12.98
778.027,after,175.0,52.137602,21.1604363,86.3,52.1375998,21.1604309,27,0.51,1.711,255,-0.1677,0.503,-0.1098,0.0062,3.08,3.513,-0.97,2.23,45.05,0.04,0.01,0.02,0.02,108415,999,5,0.21,0.07,0.03,0.05,48,81,-162,0,3.2,0.01,0.0092,0.0413,22.88,27.38,13.41
778.127,after,175.1,52.137603,21.1604383,86.29,52.1376019,21.1604349,27,0.51,1.734,255,0.0,0.503,0.0011,-0.0308,3.05,3.509,-1.0,2.34,44.44,0.06,0.03,0.03,0.02,108415,999,5,0.2,0.07,0.01,0.0,48,32,-94,0,3.2,0.04,0.0116,0.0471,22.63,24.22,12.11
778.227,after,175.2,52.137604,21.1604403,86.29,52.1376019,21.1604349,27,0.51,1.734,255,-0.1677,0.6706,-0.1309,-0.1269,3.02,3.506,-1.53,1.64,43.93,0.06,0.03,0.07,0.02,108415,999,5,0.2,0.07,0.01,0.0,48,-17,-90,0,3.19,0.07,0.0105,0.0497,20.92,23.76,11.82
778.327,after,175.3,52.1376051,21.1604422,86.29,52.1376039,21.1604388,27,0.51,1.734,255,0.0,0.503,-0.0334,0.0527,3.002,3.503,-2.07,1.6,43.67,0.03,0.02,0.01,0.02,108415,999,5,0.2,0.07,0.02,0.01,48,32,-130,0,3.17,0.08,0.0098,0.0421,19.9,23.07,12.43
778.427,after,175.4,52.1376062,21.1604442,86.28,52.1376039,21.1604388,27,0.51,1.734,255,0.0,0.3354,0.0072,-0.0147,2.996,3.499,-2.0,1.6,43.66,0.03,0.02,0.04,0.02,108415,999,5,0.2,0.07,0.02,0.01,48,49,-87,0,3.16,0.08,0.0078,0.0371,20.05,21.67,10.82
778.527,after,175.5,52.1376073,21.1604461,86.28,52.137606,21.1604426,27,0.51,1.714,255,-0.3354,0.8386,-0.0896,-0.0408,2.978,3.494,-2.29,1.35,43.69,0.02,0.02,0.03,0.02,108415,999,5,0.2,0.06,0.07,0.01,48,-121,-215,0,3.13,0.06,0.006,0.03,20.43,21.01,10.73
