t_log_s,phase,t_since_src2_s,ekf_lat,ekf_lon,ekf_alt,gps_lat,gps_lon,gps_nsats,gps_hdop,gps_spd,of_qual,of_flowX,of_flowY,of_bodyX,of_bodyY,rfnd_dist,ctun_alt,roll,pitch,yaw,xkf4_SV,xkf4_SP,xkf4_SH,xkf4_SM,xkf4_SS,rc7,mode,gpa_hacc,gpa_sacc,xkf3_IVN,xkf3_IVE,xkf4_TS,xkf5_FIX,xkf5_FIY,xkf5_AFI,xkf5_HAGL,xkf5_RI,xkf5_eVel,xkf5_ePos,vibe_x,vibe_y,vibe_z
942.022,before,-24.999,52.1380798,21.160922,90.2,52.1380826,21.1609283,30,0.5,1.608,255,0.0,0.5029,-0.0938,0.0625,2.966,3.419,1.54,-2.69,233.66,0.02,0.0,0.04,0.01,108415,999,3,0.31,0.08,0.04,0.04,48,80,-59,0,3.16,0.1,0.0067,0.0353,18.21,18.3,13.57
942.122,before,-24.899,52.1380791,21.1609201,90.22,52.138081,21.1609245,30,0.5,1.532,255,0.0,0.5027,-0.0375,-0.0073,2.958,3.435,1.01,-2.66,233.73,0.01,0.0,0.02,0.01,108415,999,3,0.31,0.08,0.0,-0.02,48,-33,1,0,3.16,0.11,0.0049,0.0283,19.5,21.39,15.47
942.222,before,-24.799,52.1380783,21.1609182,90.23,52.138081,21.1609245,30,0.5,1.532,255,-0.1676,0.5027,-0.0997,0.1083,2.948,3.45,0.88,-2.19,233.62,0.01,0.0,0.05,0.01,108415,999,3,0.31,0.08,0.0,-0.02,48,20,-103,0,3.17,0.12,0.0055,0.0317,17.31,19.09,14.98
942.322,before,-24.699,52.1380775,21.1609163,90.25,52.1380794,21.1609207,30,0.5,1.641,255,-0.335,0.8376,-0.0636,0.034,2.947,3.463,0.25,-1.79,233.52,0.03,0.0,0.01,0.01,108415,999,3,0.31,0.08,0.06,0.03,48,8,-291,0,3.16,0.13,0.0051,0.0201,18.5,19.74,14.72
942.422,before,-24.599,52.1380767,21.1609143,90.26,52.1380794,21.1609207,30,0.5,1.641,255,0.0,0.5027,-0.0721,-0.0069,2.968,3.475,-0.0,-1.79,233.55,0.03,0.0,0.05,0.01,108415,999,3,0.31,0.08,0.06,0.03,48,-105,-18,0,3.17,0.14,0.0051,0.0264,16.68,19.61,14.83
942.522,before,-24.499,52.138076,21.1609125,90.27,52.1380778,21.1609168,30,0.5,1.614,255,0.0,0.3352,-0.004,-0.05,2.96,3.486,-0.33,-1.92,233.82,0.03,0.01,0.02,0.01,108415,999,3,0.31,0.08,0.06,0.0,48,-62,13,0,3.17,0.13,0.0064,0.0203,17.98,19.47,15.01
942.622,before,-24.399,52.1380752,21.1609106,90.28,52.1380778,21.1609168,30,0.5,1.614,255,0.0,0.6702,0.0442,-0.0983,2.97,3.492,-0.16,-2.54,234.26,0.03,0.01,0.0,0.01,108415,999,3,0.31,0.08,0.06,0.0,48,-3,-39,0,3.16,0.12,0.0042,0.0119,19.31,21.35,15.38
942.722,before,-24.299,52.1380744,21.1609088,90.28,52.1380761,21.160913,30,0.5,1.629,255,0.0,1.0054,0.1589,-0.0494,2.972,3.491,0.55,-2.59,234.78,0.07,0.0,0.0,0.01,108415,999,3,0.31,0.09,0.08,0.01,48,-258,-181,0,3.14,0.08,0.0095,0.014,20.02,21.93,16.03
942.822,before,-24.199,52.1380736,21.160907,90.27,52.1380761,21.160913,30,0.5,1.629,255,0.1676,0.3351,0.1085,0.0619,2.972,3.489,1.36,-2.61,235.14,0.07,0.0,0.0,0.01,108415,999,3,0.31,0.09,0.08,0.01,48,165,238,0,3.13,0.07,0.0063,0.0115,17.4,20.81,13.37
942.922,before,-24.099,52.1380728,21.1609052,90.27,52.1380745,21.1609093,30,0.5,1.509,255,-0.1676,0.3352,-0.2036,0.0161,2.974,3.485,0.56,-2.34,235.02,0.01,0.0,0.01,0.02,108415,999,3,0.31,0.08,-0.02,-0.01,48,124,453,0,3.11,0.06,0.0026,0.0094,19.8,20.59,17.28
943.022,before,-24.0,52.138072,21.1609034,90.27,52.1380745,21.1609093,30,0.5,1.509,255,-0.1676,0.3352,-0.0408,-0.0304,2.964,3.484,0.12,-2.34,234.62,0.01,0.0,0.02,0.01,108415,999,3,0.31,0.08,-0.02,-0.01,48,-90,-163,0,3.11,0.06,0.0009,0.0035,21.13,18.48,14.47
943.122,before,-23.899,52.1380713,21.1609017,90.27,52.1380729,21.1609058,30,0.5,1.482,255,0.0,0.5027,-0.1039,-0.0181,2.95,3.484,-0.36,-2.41,234.18,0.02,0.0,0.0,0.01,108415,999,3,0.31,0.09,0.06,-0.04,48,-77,-143,0,3.11,0.06,0.006,0.0086,20.53,19.56,14.28
943.222,before,-23.799,52.1380705,21.1609,90.27,52.1380729,21.1609058,30,0.5,1.482,255,0.0,0.3351,-0.0281,-0.094,2.95,3.486,-0.99,-2.97,233.58,0.02,0.0,0.0,0.01,108415,999,3,0.31,0.09,0.06,-0.04,48,-13,-190,0,3.11,0.06,0.0037,0.0058,21.16,20.91,16.15
943.322,before,-23.699,52.1380697,21.1608983,90.28,52.1380714,21.1609022,30,0.5,1.557,255,0.0,0.3352,0.0702,0.0205,2.946,3.491,-0.65,-3.0,233.21,0.05,0.0,0.02,0.01,108415,999,3,0.31,0.08,-0.04,0.13,48,-152,260,0,3.1,0.07,0.0086,0.0116,21.27,23.76,18.21
943.423,before,-23.599,52.1380689,21.1608966,90.28,52.1380714,21.1609022,30,0.5,1.557,255,0.0,0.5029,0.0247,-0.1058,2.952,3.494,-0.29,-3.3,233.06,0.05,0.0,0.0,0.01,108415,999,3,0.31,0.08,-0.04,0.13,48,-68,-142,0,3.1,0.07,0.0061,0.009,23.44,23.01,16.45
943.522,before,-23.499,52.1380681,21.1608949,90.28,52.1380699,21.1608987,30,0.5,1.398,255,0.0,0.1676,0.1151,-0.0122,2.942,3.497,-0.06,-3.54,232.99,0.02,0.01,0.0,0.01,108415,999,3,0.31,0.09,-0.02,-0.04,48,-8,-42,0,3.1,0.06,0.0044,0.0072,22.08,25.3,18.58
943.622,before,-23.4,52.1380673,21.1608933,90.28,52.1380699,21.1608987,30,0.5,1.398,255,0.0,0.5027,0.0453,-0.0035,2.932,3.499,0.5,-3.47,233.08,0.02,0.01,0.0,0.01,108415,999,3,0.31,0.09,-0.02,-0.04,48,-5,-133,0,3.1,0.06,0.0033,0.0056,23.94,23.44,15.92
943.722,before,-23.3,52.1380666,21.1608917,90.29,52.1380684,21.1608954,30,0.5,1.417,255,0.1676,0.1676,-0.0105,-0.0578,2.95,3.502,0.6,-3.69,233.23,0.05,0.0,0.03,0.01,108415,999,3,0.31,0.08,-0.11,0.07,48,-42,-109,0,3.1,0.09,0.0121,0.0147,21.03,26.48,17.1
943.822,before,-23.2,52.1380658,21.1608901,90.29,52.1380684,21.1608954,30,0.5,1.417,255,0.0,0.6704,-0.0175,-0.0139,2.946,3.505,0.38,-4.06,233.46,0.05,0.0,0.01,0.01,108415,999,3,0.31,0.08,-0.11,0.07,48,26,-32,0,3.1,0.08,0.0083,0.0118,20.51,22.61,16.25
943.922,before,-23.099,52.138065,21.1608885,90.29,52.1380668,21.1608921,30,0.5,1.439,255,0.0,0.3351,0.069,-0.0362,2.93,3.507,0.54,-4.13,233.83,0.03,0.0,0.02,0.0,108415,999,3,0.31,0.08,-0.02,0.04,48,-33,-126,0,3.09,0.07,0.0087,0.0115,22.7,23.48,16.45
944.022,before,-22.999,52.1380642,21.1608868,90.3,52.1380668,21.1608921,30,0.5,1.439,255,0.0,0.3351,0.0142,-0.0662,2.938,3.512,1.04,-4.52,234.33,0.03,0.0,0.01,0.02,108415,999,3,0.31,0.08,-0.02,0.04,48,-158,107,0,3.09,0.08,0.0056,0.008,21.73,22.87,15.55
944.122,before,-22.899,52.1380634,21.1608851,90.3,52.1380652,21.1608889,30,0.5,1.394,255,0.0,0.8375,-0.0147,0.0401,2.914,3.514,0.87,-4.51,234.79,0.07,0.0,0.0,0.02,108415,999,3,0.31,0.09,-0.03,-0.02,48,3,200,0,3.08,0.08,0.0076,0.0145,22.89,21.61,15.24
944.222,before,-22.799,52.1380626,21.1608834,90.3,52.1380652,21.1608889,30,0.5,1.394,255,0.0,0.3351,0.0062,0.0251,2.91,3.515,0.83,-4.53,234.85,0.07,0.0,0.01,0.02,108415,999,3,0.31,0.09,-0.03,-0.02,48,-27,-120,0,3.08,0.05,0.0053,0.014,19.65,20.04,14.08
944.322,before,-22.699,52.1380617,21.1608817,90.3,52.1380635,21.1608857,30,0.5,1.52,255,0.0,0.5027,-0.0466,0.1094,2.924,3.515,0.61,-3.98,234.89,0.06,0.0,0.02,0.01,108415,999,3,0.31,0.09,0.03,0.04,48,15,-276,0,3.07,0.07,0.0059,0.0147,21.77,19.03,17.0
944.422,before,-22.599,52.1380609,21.16088,90.3,52.1380635,21.1608857,30,0.5,1.52,255,0.0,0.5028,0.0024,-0.034,2.942,3.518,0.64,-3.75,234.87,0.06,0.0,0.0,0.02,108415,999,3,0.31,0.09,0.03,0.04,48,0,391,0,3.07,0.06,0.0031,0.0083,20.57,19.36,14.68
944.522,before,-22.5,52.13806,21.1608783,90.31,52.1380618,21.1608823,30,0.5,1.486,255,0.1676,0.5027,0.0845,0.103,2.93,3.522,0.91,-3.61,234.74,0.05,0.01,0.0,0.01,108415,999,3,0.31,0.09,0.0,-0.06,48,-40,44,0,3.06,0.06,0.0082,0.0173,21.09,20.48,15.93
944.622,before,-22.399,52.1380591,21.1608766,90.31,52.1380618,21.1608823,30,0.5,1.486,255,0.0,0.3352,0.0146,0.0153,2.926,3.526,1.01,-3.17,234.62,0.05,0.01,0.0,0.02,108415,999,3,0.31,0.09,0.0,-0.06,48,-82,-138,0,3.07,0.04,0.0053,0.01,18.06,22.19,15.45
944.722,before,-22.299,52.1380583,21.1608749,90.31,52.13806,21.160879,30,0.5,1.536,255,0.0,0.3352,-0.0265,0.012,2.916,3.529,0.92,-3.16,234.49,0.04,0.0,0.01,0.01,108415,999,3,0.31,0.08,0.0,0.0,48,-46,2,0,3.06,0.05,0.0063,0.0168,18.13,20.58,15.16
944.822,before,-22.199,52.1380574,21.1608731,90.32,52.13806,21.160879,30,0.5,1.536,255,0.0,0.8379,-0.0548,-0.0096,2.912,3.533,0.65,-3.0,234.44,0.04,0.0,0.02,0.01,108415,999,3,0.31,0.08,0.0,0.0,48,-15,-228,0,3.08,0.07,0.0034,0.0063,19.48,21.59,17.48
944.922,before,-22.099,52.1380565,21.1608715,90.33,52.1380582,21.1608756,30,0.5,1.611,255,0.0,0.3352,0.0397,-0.0241,2.935,3.542,0.78,-3.07,234.51,0.03,0.0,0.04,0.01,108415,999,3,0.31,0.08,0.07,0.01,48,-47,8,0,3.09,0.09,0.007,0.0121,21.77,21.02,16.51
945.022,before,-22.0,52.1380556,21.1608697,90.34,52.1380582,21.1608756,30,0.5,1.611,255,0.0,0.3351,-0.0019,0.0044,2.955,3.555,0.8,-3.11,234.85,0.03,0.0,0.05,0.01,108415,999,3,0.31,0.08,0.07,0.01,48,123,178,0,3.1,0.11,0.006,0.0198,22.2,21.48,16.44
945.122,before,-21.899,52.1380547,21.1608681,90.36,52.1380562,21.1608721,30,0.5,1.587,255,0.0,0.3351,0.1434,-0.0339,2.946,3.571,1.26,-3.13,235.26,0.04,0.0,0.06,0.01,108415,999,3,0.31,0.08,0.08,0.02,48,-67,150,0,3.12,0.08,0.011,0.028,21.99,23.19,18.72
945.222,before,-21.799,52.1380538,21.1608664,90.37,52.1380562,21.1608721,30,0.5,1.587,255,0.1676,0.6702,0.0121,-0.0118,2.962,3.589,1.85,-3.44,235.49,0.04,0.0,0.04,0.01,108415,999,3,0.31,0.08,0.08,0.02,48,-178,252,0,3.13,0.09,0.0084,0.0279,20.58,22.99,15.93
945.322,before,-21.699,52.1380529,21.1608647,90.39,52.1380544,21.1608688,30,0.5,1.465,255,0.0,0.6701,-0.0198,-0.0482,2.98,3.604,1.79,-3.63,235.59,0.03,0.0,0.04,0.02,108415,999,3,0.31,0.08,-0.05,-0.01,48,-52,-120,0,3.14,0.1,0.004,0.0241,19.43,23.11,17.34
945.422,before,-21.599,52.138052,21.1608631,90.4,52.1380544,21.1608688,30,0.5,1.465,255,0.0,0.3352,0.0122,0.0094,2.992,3.616,1.77,-3.75,235.44,0.03,0.0,0.01,0.02,108415,999,3,0.31,0.08,-0.05,-0.01,48,-28,-95,0,3.14,0.1,0.0036,0.0191,21.6,22.54,18.81
945.522,before,-21.499,52.1380512,21.1608614,90.41,52.1380527,21.1608655,30,0.5,1.475,255,0.0,0.3351,0.0961,-0.0936,2.97,3.622,2.14,-3.93,235.09,0.06,0.01,0.0,0.01,108415,999,3,0.31,0.09,0.03,-0.02,48,-70,330,0,3.12,0.05,0.0056,0.0088,23.7,22.36,18.86
945.622,before,-21.399,52.1380503,21.1608598,90.41,52.1380527,21.1608655,30,0.5,1.475,255,0.0,0.6702,-0.0548,-0.0069,2.976,3.625,2.3,-4.09,234.7,0.06,0.01,0.02,0.01,108415,999,3,0.31,0.09,0.03,-0.02,48,29,113,0,3.13,0.07,0.0034,0.0066,23.0,21.42,15.97
945.722,before,-21.299,52.1380495,21.1608581,90.41,52.138051,21.1608622,30,0.5,1.476,255,-0.1676,0.6704,-0.1361,-0.0437,2.95,3.627,1.54,-4.29,234.33,0.03,0.0,0.01,0.02,108415,999,3,0.31,0.09,0.06,-0.01,48,100,-107,0,3.12,0.07,0.0075,0.0118,21.82,19.91,17.08
945.822,before,-21.199,52.1380486,21.1608564,90.41,52.138051,21.1608622,30,0.5,1.476,255,0.0,0.3352,-0.0276,0.0329,2.934,3.628,1.15,-4.27,233.79,0.03,0.0,0.0,0.01,108415,999,3,0.31,0.09,0.06,-0.01,48,-46,-103,0,3.12,0.07,0.0048,0.0082,22.9,20.33,18.14
945.922,before,-21.099,52.1380478,21.1608547,90.41,52.1380493,21.1608589,30,0.5,1.457,255,-0.1676,0.3352,-0.0779,0.0199,2.924,3.63,0.9,-4.02,233.25,0.03,0.0,0.02,0.01,108415,999,3,0.31,0.08,-0.02,0.0,48,5,-210,0,3.12,0.09,0.0023,0.0057,23.56,21.03,17.29
946.022,before,-21.0,52.138047,21.160853,90.42,52.1380493,21.1608589,30,0.5,1.457,255,0.0,0.8378,0.0276,-0.017,2.916,3.633,0.96,-4.1,232.76,0.03,0.0,0.0,0.01,108415,999,3,0.31,0.08,-0.02,0.0,48,-14,-136,0,3.11,0.1,0.0014,0.004,21.66,23.31,17.52
946.122,before,-20.899,52.1380461,21.1608513,90.42,52.1380476,21.1608554,30,0.5,1.565,255,0.0,0.3351,0.0351,0.0149,2.908,3.635,1.21,-3.95,232.33,0.03,0.01,0.0,0.02,108415,999,3,0.31,0.08,0.01,0.07,48,-51,-191,0,3.1,0.1,0.0047,0.0073,21.88,26.13,20.23
946.222,before,-20.8,52.1380452,21.1608495,90.42,52.1380476,21.1608554,30,0.5,1.565,255,0.3351,0.5027,0.1039,0.0137,2.91,3.635,1.77,-3.89,232.03,0.03,0.01,0.05,0.01,108415,999,3,0.31,0.08,0.01,0.07,48,-113,-17,0,3.08,0.08,0.0038,0.0167,23.13,25.69,19.15
946.322,before,-20.699,52.1380443,21.1608478,90.41,52.1380459,21.1608519,30,0.5,1.476,255,0.0,0.5027,0.0268,0.0133,2.92,3.629,2.1,-3.8,231.87,0.06,0.01,0.01,0.01,108415,999,3,0.32,0.08,-0.04,-0.03,48,-60,319,0,3.06,0.07,0.006,0.0262,24.87,25.69,21.23
946.422,before,-20.599,52.1380434,21.1608461,90.41,52.1380459,21.1608519,30,0.5,1.476,255,0.0,0.3351,0.0248,0.025,2.938,3.623,2.14,-3.83,231.63,0.06,0.01,0.03,0.02,108415,999,3,0.32,0.08,-0.04,-0.03,48,-31,-168,0,3.05,0.05,0.0052,0.0273,25.02,27.15,19.9
946.522,before,-20.499,52.1380426,21.1608444,90.4,52.1380442,21.1608485,30,0.5,1.504,255,0.0,0.5028,0.0951,-0.0385,2.946,3.615,2.56,-3.68,231.33,0.02,0.01,0.05,0.01,108415,999,3,0.32,0.08,-0.02,0.0,48,-79,-241,0,3.03,0.04,0.0079,0.0361,25.44,26.02,21.35
946.622,before,-20.399,52.1380417,21.1608426,90.39,52.1380442,21.1608485,30,0.5,1.504,255,0.0,0.3351,0.0195,0.0712,2.958,3.606,3.16,-3.54,230.9,0.02,0.01,0.04,0.01,108415,999,3,0.32,0.08,-0.02,0.0,48,-148,-138,0,3.02,0.0,0.0066,0.036,21.74,23.57,18.31
946.722,before,-20.3,52.1380409,21.1608409,90.38,52.1380426,21.160845,30,0.5,1.526,255,-0.3351,0.8378,-0.1645,0.0066,2.926,3.598,2.43,-3.41,230.5,0.04,0.0,0.03,0.02,108415,999,3,0.31,0.08,-0.1,0.01,48,92,267,0,3.01,-0.02,0.0104,0.033,24.0,22.85,17.3
946.822,before,-20.199,52.13804,21.160839,90.38,52.1380426,21.160845,30,0.5,1.526,255,-0.1676,0.3351,0.0721,0.0438,2.92,3.591,2.29,-3.2,230.36,0.04,0.0,0.05,0.02,108415,999,3,0.31,0.08,-0.1,0.01,48,-203,283,0,3.01,-0.02,0.008,0.0344,27.26,25.05,21.77
946.922,before,-20.099,52.1380392,21.1608372,90.37,52.1380408,21.1608413,30,0.5,1.601,255,0.0,0.5027,0.0987,0.0534,2.938,3.585,2.8,-2.93,230.6,0.02,0.01,0.04,0.01,108415,999,3,0.31,0.08,0.0,0.02,48,-91,-251,0,3.0,0.0,0.0046,0.0301,29.79,30.34,23.81
947.022,before,-19.999,52.1380384,21.1608354,90.36,52.1380408,21.1608413,30,0.5,1.601,255,0.0,0.6702,-0.0008,-0.0725,2.946,3.579,3.01,-2.9,231.09,0.02,0.01,0.05,0.01,108415,999,3,0.31,0.08,0.0,0.02,48,-34,-262,0,3.0,-0.01,0.004,0.0309,31.32,31.67,26.16
947.122,before,-19.899,52.1380375,21.1608336,90.36,52.138039,21.1608376,30,0.5,1.618,255,-0.1676,0.6702,-0.0011,0.017,2.954,3.573,3.04,-3.25,231.57,0.02,0.01,0.04,0.02,108415,999,3,0.31,0.08,0.02,0.04,48,2,-99,0,2.99,-0.03,0.006,0.0306,27.57,24.81,22.34
947.222,before,-19.799,52.1380367,21.1608317,90.35,52.138039,21.1608376,30,0.5,1.618,255,0.0,0.5027,-0.0335,0.021,2.936,3.566,2.77,-3.13,231.87,0.02,0.01,0.04,0.01,108415,999,3,0.31,0.08,0.02,0.04,48,76,-214,0,2.99,-0.03,0.0049,0.03,26.17,27.41,21.48
947.322,before,-19.7,52.1380359,21.1608298,90.34,52.1380373,21.1608338,30,0.5,1.557,255,-0.1675,0.3351,-0.1025,0.0458,2.956,3.558,2.49,-2.82,232.01,0.03,0.01,0.03,0.01,108415,999,3,0.31,0.08,-0.07,0.05,48,61,-89,0,2.99,-0.03,0.0073,0.0292,24.32,23.3,17.41
947.422,before,-19.599,52.1380351,21.1608279,90.34,52.1380373,21.1608338,30,0.5,1.557,255,-0.3351,0.8378,-0.1093,0.0128,2.958,3.551,1.79,-2.71,231.99,0.03,0.01,0.04,0.02,108415,999,3,0.31,0.08,-0.07,0.05,48,-177,292,0,2.98,-0.04,0.0055,0.0283,22.98,21.63,16.21
947.522,before,-19.499,52.1380343,21.1608261,90.33,52.1380357,21.16083,30,0.5,1.548,255,0.0,0.3352,-0.0391,-0.0169,2.95,3.542,1.63,-2.77,231.98,0.01,0.01,0.05,0.01,108415,999,3,0.31,0.08,-0.02,0.01,48,-63,-172,0,2.97,-0.06,0.006,0.0306,23.87,25.4,19.33
947.622,before,-19.399,52.1380336,21.1608242,90.32,52.1380357,21.16083,30,0.5,1.548,255,0.1676,0.3352,0.1322,0.1003,2.957,3.534,1.98,-2.69,231.98,0.01,0.01,0.02,0.01,108415,999,3,0.31,0.08,-0.02,0.01,48,-86,-156,0,2.98,-0.06,0.0039,0.023,23.67,26.96,20.01
947.722,before,-19.299,52.1380328,21.1608224,90.31,52.1380341,21.1608262,30,0.5,1.554,255,0.0,0.3351,0.0412,-0.0387,2.962,3.526,2.51,-2.51,231.96,0.02,0.01,0.02,0.01,108415,999,3,0.31,0.07,0.0,0.05,48,-84,-151,0,2.98,-0.06,0.0054,0.0199,26.56,27.42,22.66
947.822,before,-19.199,52.138032,21.1608205,90.31,52.1380341,21.1608262,30,0.5,1.554,255,-0.3351,0.6702,-0.1365,0.0126,2.962,3.521,2.26,-2.56,231.91,0.02,0.01,0.02,0.01,108415,999,3,0.31,0.07,0.0,0.05,48,13,9,0,2.98,-0.06,0.0033,0.0139,23.82,24.2,17.99
947.922,before,-19.099,52.1380312,21.1608186,90.31,52.1380325,21.1608224,30,0.5,1.569,255,-0.1676,0.3351,-0.1355,-0.0878,2.964,3.521,1.31,-2.78,231.69,0.03,0.01,0.01,0.02,108415,999,3,0.31,0.08,0.02,0.04,48,-110,317,0,3.0,-0.06,0.0064,0.0106,21.6,21.23,16.29
948.022,before,-19.0,52.1380305,21.1608168,90.31,52.1380325,21.1608224,30,0.5,1.569,255,0.0,0.3351,0.0456,0.0456,2.958,3.521,1.27,-2.94,231.43,0.03,0.01,0.03,0.01,108415,999,3,0.31,0.08,0.02,0.04,48,-90,-97,0,3.0,-0.05,0.004,0.0084,18.86,20.34,14.8
948.122,before,-18.899,52.1380297,21.160815,90.3,52.1380307,21.1608188,30,0.5,1.5,255,-0.1676,0.6704,-0.0126,-0.0287,2.962,3.516,1.24,-2.96,231.0,0.03,0.02,0.06,0.02,108415,999,3,0.31,0.08,0.04,-0.07,48,56,-14,0,2.99,-0.05,0.0082,0.0211,20.24,18.58,13.4
948.222,before,-18.8,52.1380288,21.1608132,90.29,52.1380307,21.1608188,30,0.5,1.5,255,0.0,0.8376,0.0272,0.0612,2.966,3.507,1.53,-2.64,230.51,0.03,0.02,0.08,0.0,108415,999,3,0.31,0.08,0.04,-0.07,48,-42,-80,0,2.97,-0.05,0.0067,0.0277,20.04,19.22,14.67
948.322,before,-18.699,52.138028,21.1608114,90.28,52.1380291,21.160815,30,0.5,1.47,255,0.0,0.3351,0.017,0.0334,2.98,3.492,1.64,-2.37,230.08,0.04,0.02,0.07,0.01,108415,999,3,0.31,0.08,-0.07,0.01,48,23,-239,0,2.96,-0.09,0.0068,0.0367,23.25,19.65,17.54
948.422,before,-18.599,52.1380272,21.1608096,90.26,52.1380291,21.160815,30,0.5,1.47,255,0.0,0.3351,0.0541,0.0096,2.99,3.476,1.89,-2.45,229.72,0.04,0.02,0.05,0.01,108415,999,3,0.31,0.08,-0.07,0.01,48,1,-149,0,2.95,-0.1,0.0055,0.0315,20.19,19.6,15.33
948.522,before,-18.499,52.1380264,21.1608079,90.24,52.1380275,21.1608114,30,0.5,1.519,255,-0.1676,0.6703,-0.0076,0.0104,2.99,3.459,2.01,-2.3,229.36,0.0,0.01,0.1,0.01,108415,999,3,0.31,0.08,0.02,0.01,48,-23,-206,0,2.93,-0.11,0.0074,0.0416,20.03,19.82,13.0
948.622,before,-18.399,52.1380255,21.1608061,90.23,52.1380275,21.1608114,30,0.5,1.519,255,0.0,0.335,0.0208,0.017,2.998,3.445,2.1,-2.19,229.05,0.0,0.01,0.02,0.02,108415,999,3,0.31,0.08,0.02,0.01,48,-129,-196,0,2.94,-0.14,0.0045,0.0269,25.43,23.24,16.95
948.722,before,-18.299,52.1380247,21.1608044,90.22,52.1380259,21.1608078,30,0.5,1.484,255,0.0,0.5027,0.0097,-0.0159,3.01,3.435,2.11,-2.14,228.95,0.03,0.01,0.05,0.02,108415,999,3,0.31,0.08,-0.01,0.0,48,42,-196,0,2.94,-0.14,0.0026,0.0187,24.32,23.14,16.2
948.823,before,-18.199,52.1380239,21.1608026,90.21,52.1380259,21.1608078,30,0.5,1.484,255,0.0,0.3351,0.112,-0.0619,3.016,3.428,2.37,-2.57,228.87,0.03,0.01,0.03,0.01,108415,999,3,0.31,0.08,-0.01,0.0,48,-151,-282,0,2.94,-0.14,0.0015,0.0131,25.15,25.7,17.95
948.922,before,-18.099,52.1380231,21.1608009,90.21,52.1380243,21.1608042,30,0.5,1.468,255,0.0,0.5029,-0.0245,0.0262,3.02,3.427,2.62,-2.57,229.07,0.05,0.01,0.02,0.01,108415,999,3,0.31,0.08,-0.01,0.0,48,101,12,0,2.97,-0.14,0.0046,0.0075,23.3,27.97,17.14
949.022,before,-18.0,52.1380223,21.1607991,90.21,52.1380243,21.1608042,30,0.5,1.468,255,-0.1676,0.3352,-0.0304,-0.0904,3.055,3.427,2.32,-2.7,229.38,0.05,0.01,0.0,0.01,108415,999,3,0.31,0.08,-0.01,0.0,48,-63,319,0,2.98,-0.12,0.004,0.009,24.34,25.38,14.51
949.122,before,-17.899,52.1380215,21.1607973,90.21,52.1380227,21.1608007,30,0.5,1.466,255,0.0,0.3351,-0.04,0.0582,3.054,3.425,2.13,-2.87,229.75,0.02,0.01,0.05,0.01,108415,999,3,0.31,0.08,-0.01,0.0,48,62,-232,0,2.99,-0.12,0.0038,0.007,21.88,26.45,16.19
949.222,before,-17.799,52.1380208,21.1607955,90.21,52.1380227,21.1608007,30,0.5,1.466,255,-0.1676,0.838,-0.0856,0.0799,3.06,3.422,1.54,-2.31,230.35,0.02,0.01,0.01,0.02,108415,999,3,0.31,0.08,-0.01,0.0,48,10,-115,0,3.0,-0.15,0.003,0.0066,22.26,24.15,15.38
949.322,before,-17.699,52.13802,21.1607937,90.2,52.1380211,21.1607972,30,0.5,1.396,255,0.0,0.5026,-0.053,0.0226,3.082,3.417,1.17,-2.2,230.87,0.02,0.01,0.03,0.01,108415,999,3,0.31,0.08,-0.03,-0.06,48,-40,-170,0,3.01,-0.14,0.0043,0.0045,21.82,21.33,14.66
949.422,before,-17.6,52.1380193,21.1607919,90.19,52.1380211,21.1607972,30,0.5,1.396,255,-0.1676,0.3351,-0.0934,0.1176,3.076,3.41,0.69,-1.68,231.38,0.02,0.01,0.03,0.01,108415,999,3,0.31,0.08,-0.03,-0.06,48,-29,-80,0,3.01,-0.16,0.0033,0.0027,22.53,22.07,11.95
949.522,before,-17.499,52.1380186,21.1607901,90.18,52.1380196,21.1607936,30,0.5,1.495,255,-0.1676,0.8379,0.0144,0.0889,3.068,3.398,0.52,-1.1,231.74,0.03,0.01,0.06,0.01,108415,999,3,0.31,0.08,0.0,0.04,48,-241,259,0,3.0,-0.16,0.0033,0.0133,23.49,22.97,11.67
949.622,before,-17.399,52.1380179,21.1607884,90.17,52.1380196,21.1607936,30,0.5,1.495,255,0.0,0.3351,0.0006,0.1846,3.072,3.383,0.79,-0.21,232.14,0.03,0.01,0.02,0.01,108415,999,3,0.31,0.08,0.0,0.04,48,-179,-264,0,3.0,-0.16,0.0018,0.0073,20.8,21.33,11.58
949.722,before,-17.299,52.1380172,21.1607866,90.15,52.1380181,21.16079,30,0.5,1.414,255,-0.1675,0.5026,-0.0617,0.0977,3.066,3.368,0.51,0.56,232.55,0.03,0.02,0.01,0.01,112511,999,3,0.31,0.07,-0.03,0.0,48,87,-157,0,3.0,-0.16,0.0028,0.0072,19.28,18.27,12.23
949.822,before,-17.2,52.1380165,21.160785,90.14,52.1380181,21.16079,30,0.5,1.414,255,0.0,0.5027,0.0183,0.2296,3.058,3.355,0.58,1.56,233.0,0.03,0.02,0.0,0.0,112511,999,3,0.31,0.07,-0.03,0.0,48,-119,-61,0,3.0,-0.15,0.001,0.0022,18.9,17.4,11.03
949.922,before,-17.099,52.1380158,21.1607833,90.13,52.1380167,21.1607865,30,0.5,1.374,255,0.0,0.5029,0.0126,0.1641,3.092,3.346,0.55,2.67,233.61,0.01,0.02,0.0,0.01,112511,999,3,0.31,0.07,0.01,0.02,48,-101,321,0,3.01,-0.13,0.0037,0.0109,16.2,18.22,10.24
950.022,before,-16.999,52.1380153,21.1607818,90.12,52.1380167,21.1607865,30,0.5,1.374,255,0.0,0.1676,0.022,0.1043,3.1,3.339,0.68,3.11,234.18,0.01,0.02,0.02,0.0,112511,999,3,0.31,0.07,0.01,0.02,48,30,343,0,3.02,-0.14,0.0025,0.0103,17.5,16.95,11.07
950.122,before,-16.899,52.1380147,21.1607804,90.12,52.1380155,21.1607833,30,0.5,1.197,255,-0.1675,0.335,-0.1354,0.2144,3.086,3.336,0.21,4.24,234.84,0.05,0.01,0.0,0.01,112511,999,3,0.3,0.07,-0.06,0.01,48,94,-83,0,3.04,-0.12,0.007,0.0233,19.23,18.39,10.68
950.222,before,-16.799,52.1380142,21.160779,90.12,52.1380155,21.1607833,30,0.5,1.197,255,-0.1676,0.6703,-0.0189,0.1478,3.105,3.335,-0.07,5.25,235.55,0.05,0.01,0.0,0.01,112511,999,3,0.3,0.07,-0.06,0.01,48,112,-232,0,3.04,-0.12,0.006,0.0236,18.5,17.71,13.08
950.322,before,-16.7,52.1380138,21.1607778,90.12,52.1380147,21.1607805,30,0.51,1.034,255,0.0,0.6704,0.0167,0.1912,3.095,3.336,0.2,6.28,236.25,0.04,0.01,0.0,0.01,112511,999,3,0.3,0.07,-0.09,0.05,48,-20,-343,0,3.06,-0.11,0.0124,0.0308,16.22,17.24,13.15
950.422,before,-16.6,52.1380135,21.1607768,90.12,52.1380147,21.1607805,30,0.51,1.034,255,0.0,0.1676,0.0203,0.0129,3.106,3.338,0.29,6.81,236.83,0.04,0.01,0.0,0.01,112511,999,3,0.3,0.07,-0.09,0.05,48,28,-224,0,3.06,-0.1,0.0092,0.0271,15.35,15.03,12.59
950.522,before,-16.499,52.1380132,21.1607759,90.12,52.1380141,21.1607782,30,0.5,0.786,255,0.0,0.0,0.0259,0.0046,3.096,3.339,0.48,6.61,237.14,0.03,0.0,0.0,0.01,112511,999,3,0.3,0.07,-0.05,0.08,48,-175,-28,0,3.07,-0.09,0.0165,0.0322,14.74,14.95,12.0
950.622,before,-16.399,52.138013,21.1607752,90.13,52.1380141,21.1607782,30,0.5,0.786,255,-0.1676,0.1676,-0.0559,-0.082,3.1,3.34,0.27,6.36,237.04,0.03,0.0,0.02,0.02,112511,999,3,0.3,0.07,-0.05,0.08,48,12,-56,0,3.07,-0.08,0.0114,0.0243,12.09,14.33,10.14
950.722,before,-16.299,52.1380129,21.1607746,90.12,52.1380137,21.1607764,29,0.51,0.563,255,-0.1676,0.0,-0.1198,-0.1078,3.092,3.34,-0.36,5.74,236.71,0.01,0.0,0.02,0.01,112511,999,3,0.3,0.07,-0.01,0.02,48,79,-65,0,3.07,-0.08,0.0114,0.0238,13.33,15.62,11.28
950.822,before,-16.2,52.1380128,21.1607742,90.12,52.1380137,21.1607764,29,0.51,0.563,255,0.0,0.0,-0.1002,-0.1387,3.082,3.337,-0.97,5.13,236.14,0.01,0.0,0.0,0.02,112511,999,3,0.3,0.07,-0.01,0.02,48,122,-30,0,3.07,-0.07,0.0075,0.0208,14.0,15.5,10.37
950.922,before,-16.099,52.1380128,21.1607739,90.12,52.1380136,21.1607753,29,0.51,0.256,255,0.0,-0.1676,0.0082,-0.1083,3.086,3.336,-1.22,4.31,235.4,0.06,0.0,0.01,0.01,112511,999,3,0.3,0.09,-0.1,-0.03,48,-61,-85,0,3.09,-0.06,0.0159,0.0331,14.36,15.9,11.19
951.022,before,-16.0,52.1380128,21.1607738,90.12,52.1380136,21.1607753,29,0.51,0.256,255,0.0,-0.1676,-0.0319,-0.1678,3.074,3.334,-1.39,3.47,234.66,0.06,0.0,0.03,0.02,112511,999,3,0.3,0.09,-0.1,-0.03,48,28,-89,0,3.08,-0.06,0.0104,0.024,14.26,15.73,10.67
951.122,before,-15.9,52.1380129,21.1607738,90.12,52.1380137,21.1607749,30,0.51,0.086,255,0.0,-0.3352,-0.0434,-0.1904,3.072,3.331,-1.68,2.42,234.04,0.03,0.0,0.03,0.02,112511,999,3,0.3,0.1,-0.08,-0.04,48,49,0,0,3.08,-0.06,0.0153,0.0262,14.45,18.45,10.53
951.222,before,-15.8,52.1380129,21.1607739,90.11,52.1380137,21.1607749,30,0.51,0.086,255,0.0,-0.5028,0.0197,-0.2323,3.054,3.326,-1.72,1.11,233.57,0.03,0.0,0.04,0.01,112511,999,3,0.3,0.1,-0.08,-0.04,48,12,-92,0,3.07,-0.07,0.0097,0.0191,16.27,18.72,12.67
951.322,before,-15.7,52.138013,21.1607741,90.1,52.138014,21.160775,30,0.5,0.107,255,0.0,-0.3352,-0.0007,-0.1337,3.034,3.32,-1.57,0.3,233.21,0.03,0.01,0.04,0.02,112511,999,3,0.3,0.09,-0.08,0.0,48,-52,-2,0,3.07,-0.06,0.0161,0.0256,16.32,25.53,14.53
951.422,before,-15.6,52.138013,21.1607743,90.1,52.138014,21.160775,30,0.5,0.107,255,0.0,-0.1676,0.0109,-0.1431,3.034,3.313,-1.47,-0.48,233.08,0.03,0.01,0.05,0.0,112511,999,3,0.3,0.09,-0.08,0.0,48,-54,8,0,3.06,-0.05,0.0097,0.018,21.76,20.34,13.29
951.522,before,-15.5,52.138013,21.1607745,90.09,52.1380142,21.1607753,30,0.5,0.17,255,0.1676,-0.1676,0.0403,-0.1801,3.03,3.308,-1.36,-1.34,233.24,0.03,0.01,0.03,0.01,112511,999,3,0.3,0.07,-0.04,0.01,48,-43,-151,0,3.07,-0.05,0.0135,0.0244,17.99,20.01,12.73
951.622,before,-15.4,52.1380131,21.1607748,90.09,52.1380142,21.1607753,30,0.5,0.17,255,0.0,-0.1676,0.1308,-0.0834,3.024,3.302,-0.83,-2.1,233.48,0.03,0.01,0.03,0.02,112511,999,3,0.3,0.07,-0.04,0.01,48,197,-142,0,3.06,-0.05,0.0075,0.0162,17.63,19.49,13.4
951.722,before,-15.3,52.1380131,21.160775,90.08,52.1380145,21.1607759,30,0.5,0.199,255,0.1676,0.0,0.0898,-0.0673,3.012,3.296,-0.31,-2.57,233.75,0.0,0.02,0.02,0.01,112511,999,3,0.3,0.08,0.01,0.01,48,-163,113,0,3.05,-0.05,0.005,0.0153,20.65,19.49,11.0
951.822,before,-15.2,52.1380132,21.1607753,90.07,52.1380145,21.1607759,30,0.5,0.199,255,0.0,-0.1676,-0.0135,0.0117,3.02,3.287,-0.1,-2.62,234.07,0.0,0.02,0.04,0.01,108415,999,3,0.3,0.08,0.01,0.01,48,24,-92,0,3.03,-0.06,0.0024,0.0127,17.12,18.81,12.05
951.922,before,-15.1,52.1380132,21.1607755,90.05,52.1380145,21.1607765,30,0.51,0.178,255,0.1676,0.0,0.0367,-0.0289,3.012,3.27,-0.07,-2.59,234.3,0.03,0.02,0.07,0.12,108415,999,3,0.3,0.1,-0.03,-0.02,48,-22,0,0,3.0,-0.1,0.0095,0.039,18.1,15.91,11.43
952.022,before,-15.0,52.1380132,21.1607757,90.03,52.1380145,21.1607765,30,0.51,0.178,255,0.0,0.0,0.0569,0.0598,3.0,3.248,0.35,-2.49,234.35,0.03,0.02,0.05,0.13,108415,999,3,0.3,0.1,-0.03,-0.02,48,37,54,0,2.98,-0.12,0.008,0.0391,17.27,20.72,12.28
952.122,before,-14.9,52.1380131,21.1607759,90.01,52.1380145,21.160777,30,0.51,0.186,255,0.0,0.0,-0.0316,0.0338,3.024,3.226,0.24,-2.19,234.36,0.02,0.02,0.03,0.14,108415,999,3,0.3,0.12,0.0,-0.02,48,122,123,0,2.96,-0.13,0.0097,0.0406,16.22,19.93,14.16
952.222,before,-14.8,52.1380131,21.160776,89.99,52.1380145,21.160777,30,0.51,0.186,255,0.0,0.0,0.0293,0.042,3.02,3.205,0.22,-2.09,234.31,0.02,0.02,0.04,0.15,108415,999,3,0.3,0.12,0.0,-0.02,48,-18,8,0,2.94,-0.16,0.0085,0.0386,16.16,20.59,12.63
952.322,before,-14.7,52.1380131,21.1607761,89.97,52.1380145,21.1607774,30,0.5,0.135,255,0.0,0.1676,0.0164,0.0086,3.026,3.184,0.35,-2.0,234.14,0.01,0.02,0.05,0.16,108415,999,3,0.3,0.09,-0.04,0.0,48,91,-15,0,2.93,-0.17,0.0083,0.0399,18.43,21.48,14.88
952.422,before,-14.6,52.138013,21.1607762,89.95,52.1380145,21.1607774,30,0.5,0.135,255,0.1676,0.1676,0.0038,0.0534,3.036,3.165,0.36,-1.81,234.07,0.01,0.02,0.04,0.01,108415,999,3,0.3,0.09,-0.04,0.0,48,-48,-24,0,2.92,-0.19,0.0065,0.0351,17.81,20.2,12.83
952.522,before,-14.5,52.1380129,21.1607763,89.94,52.1380145,21.1607777,30,0.51,0.17,255,0.0,0.0,0.0243,0.0052,3.03,3.15,0.41,-1.75,234.03,0.03,0.03,0.0,0.01,108415,999,3,0.3,0.09,0.0,-0.05,48,-41,-10,0,2.93,-0.19,0.008,0.0206,19.66,16.57,12.4
952.622,before,-14.4,52.1380129,21.1607764,89.92,52.1380145,21.1607777,30,0.51,0.17,255,0.1676,0.1676,-0.0008,0.0207,3.04,3.138,0.52,-1.51,234.04,0.03,0.03,0.05,0.01,108415,999,3,0.3,0.09,0.0,-0.05,48,104,-68,0,2.92,-0.21,0.0064,0.0228,15.43,16.36,10.55
952.722,before,-14.3,52.1380128,21.1607765,89.91,52.1380145,21.1607781,30,0.5,0.201,255,0.0,0.0,-0.0074,0.021,3.064,3.124,0.53,-1.39,234.13,0.03,0.03,0.06,0.01,108415,999,3,0.3,0.1,0.06,-0.03,48,-47,-30,0,2.91,-0.21,0.0092,0.0266,17.66,13.85,10.57
952.822,before,-14.2,52.1380127,21.1607767,89.9,52.1380145,21.1607781,30,0.5,0.201,255,0.0,0.0,-0.0007,-0.0397,3.072,3.11,0.5,-1.43,234.27,0.03,0.03,0.04,0.01,108415,999,3,0.3,0.1,0.06,-0.03,48,-25,-50,0,2.9,-0.23,0.0079,0.0234,18.46,13.22,11.39
952.922,before,-14.1,52.1380127,21.1607767,89.88,52.1380145,21.1607783,30,0.5,0.115,255,0.0,0.0,0.0382,-0.0014,3.06,3.098,0.64,-1.51,234.31,0.05,0.03,0.05,0.01,108415,999,3,0.3,0.11,-0.01,-0.02,48,-42,24,0,2.91,-0.24,0.0063,0.0192,17.59,18.38,13.22
953.022,before,-14.0,52.1380126,21.1607767,89.87,52.1380145,21.1607783,30,0.5,0.115,255,0.0,0.1676,0.0597,0.0516,3.054,3.087,0.96,-1.44,234.09,0.05,0.03,0.02,0.02,108415,999,3,0.3,0.11,-0.01,-0.02,48,84,-1,0,2.91,-0.24,0.0047,0.0123,15.55,20.03,13.41
953.122,before,-13.9,52.1380126,21.1607768,89.86,52.1380144,21.1607784,30,0.5,0.11,255,0.0,0.0,0.0071,0.0099,3.078,3.074,1.01,-1.3,233.65,0.03,0.03,0.07,0.01,108415,999,3,0.29,0.1,0.0,0.0,48,120,-53,0,2.91,-0.23,0.0041,0.018,18.4,16.78,12.99
953.222,before,-13.8,52.1380126,21.1607768,89.85,52.1380144,21.1607784,30,0.5,0.11,255,0.0,0.0,-0.0602,0.0143,3.088,3.06,0.85,-1.16,233.13,0.03,0.03,0.02,0.01,108415,999,3,0.29,0.1,0.0,0.0,48,-26,105,0,2.9,-0.25,0.0028,0.0113,15.82,19.36,11.4
953.322,before,-13.7,52.1380126,21.1607768,89.83,52.1380145,21.1607785,30,0.5,0.059,255,0.0,0.0,-0.0656,0.0176,3.09,3.045,0.52,-1.07,232.64,0.01,0.04,0.05,0.01,108415,999,3,0.29,0.13,-0.02,0.0,48,31,-22,0,2.89,-0.28,0.0048,0.0216,15.68,19.96,13.59
953.422,before,-13.6,52.1380126,21.1607768,89.81,52.1380145,21.1607785,30,0.5,0.059,255,0.0,0.0,-0.0249,-0.0557,3.086,3.027,0.26,-1.23,232.22,0.01,0.04,0.06,0.01,108415,999,3,0.29,0.13,-0.02,0.0,48,34,-8,0,2.88,-0.29,0.0036,0.0213,14.57,18.42,10.9
953.522,before,-13.5,52.1380126,21.1607769,89.79,52.1380145,21.1607786,30,0.5,0.15,255,0.0,0.0,-0.0033,-0.04,3.088,3.009,0.25,-1.33,231.89,0.02,0.04,0.01,0.0,108415,999,3,0.29,0.11,0.06,0.0,48,-14,-39,0,2.88,-0.29,0.0033,0.0135,19.12,16.06,10.52
953.622,before,-13.4,52.1380126,21.1607769,89.78,52.1380145,21.1607786,30,0.5,0.15,255,0.0,0.0,0.0083,0.019,3.094,2.996,0.38,-1.43,231.71,0.02,0.04,0.01,0.01,108415,999,3,0.29,0.11,0.06,0.0,48,-53,7,0,2.89,-0.29,0.0037,0.0071,19.87,14.81,13.24
953.722,before,-13.3,52.1380126,21.1607769,89.77,52.1380145,21.1607786,30,0.5,0.12,255,0.0,0.0,-0.0025,0.0284,3.098,2.986,0.35,-1.18,231.83,0.01,0.04,0.01,0.0,108415,999,3,0.29,0.12,0.03,0.0,48,-16,-79,0,2.89,-0.29,0.003,0.01,18.83,17.0,15.44
953.822,before,-13.2,52.1380125,21.160777,89.76,52.1380145,21.1607786,30,0.5,0.12,255,0.0,0.0,0.0092,-0.009,3.098,2.973,0.34,-1.16,232.3,0.01,0.04,0.04,0.02,108415,999,3,0.29,0.12,0.03,0.0,48,-6,-29,0,2.87,-0.3,0.0037,0.0039,16.76,14.21,13.36
953.922,before,-13.1,52.1380126,21.160777,89.74,52.1380145,21.1607786,30,0.5,0.099,255,0.0,0.0,0.0762,0.0135,3.094,2.959,0.58,-1.25,232.8,0.02,0.04,0.06,0.01,108415,999,3,0.29,0.1,0.03,0.01,48,-18,-2,0,2.86,-0.32,0.0024,0.0092,18.67,17.27,9.28
954.022,before,-13.0,52.1380126,21.160777,89.73,52.1380145,21.1607786,30,0.5,0.099,255,0.0,0.1676,-0.0635,0.0149,3.1,2.943,0.59,-1.09,233.3,0.02,0.04,0.04,0.0,108415,999,3,0.29,0.1,0.03,0.01,48,87,116,0,2.85,-0.33,0.0035,0.0077,16.19,16.95,12.17
954.122,before,-12.9,52.1380126,21.160777,89.72,52.1380146,21.1607787,30,0.5,0.05,255,0.0,-0.1676,0.0012,-0.092,3.086,2.936,0.42,-1.52,233.66,0.06,0.04,0.02,0.01,108415,999,3,0.29,0.12,-0.01,-0.03,48,54,23,0,2.88,-0.31,0.0071,0.0252,16.93,19.07,12.83
954.222,before,-12.8,52.1380126,21.160777,89.72,52.1380146,21.1607787,30,0.5,0.05,255,0.0,0.0,-0.04,-0.0518,3.105,2.931,0.39,-1.72,233.76,0.06,0.04,0.01,0.01,108415,999,3,0.29,0.12,-0.01,-0.03,48,-35,4,0,2.87,-0.31,0.0046,0.0187,18.03,19.61,13.29
954.322,before,-12.7,52.1380126,21.160777,89.71,52.1380148,21.1607788,30,0.5,0.075,255,0.0,0.0,-0.0357,0.0349,3.106,2.928,0.21,-1.64,233.66,0.05,0.05,0.01,0.01,108415,999,3,0.29,0.11,0.02,-0.01,48,22,-22,0,2.89,-0.3,0.0078,0.029,17.18,17.31,11.07
954.422,before,-12.6,52.1380126,21.160777,89.71,52.1380148,21.1607788,30,0.5,0.075,255,-0.1676,0.1676,-0.0379,0.0306,3.116,2.924,-0.14,-1.5,233.38,0.05,0.05,0.04,0.01,108415,999,3,0.29,0.11,0.02,-0.01,48,71,-32,0,2.88,-0.31,0.0043,0.0149,15.51,16.62,12.77
954.522,before,-12.5,52.1380127,21.160777,89.7,52.138015,21.1607788,30,0.5,0.057,255,-0.1675,0.0,-0.0733,-0.0107,3.116,2.918,-0.47,-1.48,233.09,0.06,0.05,0.04,0.01,108415,999,3,0.29,0.14,-0.05,0.02,48,71,-6,0,2.88,-0.32,0.0112,0.0279,18.79,19.86,16.43
954.622,before,-12.4,52.1380127,21.160777,89.69,52.138015,21.1607788,30,0.5,0.057,255,0.0,0.0,-0.0401,0.0019,3.112,2.91,-0.82,-1.63,232.79,0.06,0.05,0.03,0.01,108415,999,3,0.29,0.14,-0.05,0.02,48,82,29,0,2.87,-0.32,0.0057,0.0138,16.49,17.67,13.02
954.722,before,-12.3,52.1380128,21.160777,89.69,52.1380152,21.1607787,30,0.5,0.053,255,0.0,0.0,-0.0293,-0.0387,3.108,2.905,-0.82,-1.58,232.48,0.06,0.05,0.0,0.01,108415,999,3,0.29,0.13,-0.03,0.0,48,-4,-39,0,2.89,-0.3,0.0122,0.0339,19.88,18.03,9.35
954.822,before,-12.2,52.138013,21.160777,89.69,52.1380152,21.1607787,30,0.5,0.053,255,0.0,-0.1676,0.0146,-0.017,3.112,2.901,-0.8,-1.85,232.11,0.06,0.05,0.01,0.01,108415,999,3,0.29,0.13,-0.03,0.0,48,21,54,0,2.9,-0.3,0.0076,0.03,22.95,19.87,11.39
954.922,before,-12.1,52.138013,21.160777,89.68,52.1380153,21.1607786,30,0.5,0.098,255,0.0,0.0,0.0387,-0.0185,3.12,2.898,-0.68,-1.86,231.85,0.04,0.05,0.04,0.01,108415,999,3,0.29,0.08,0.0,0.04,48,-6,-9,0,2.89,-0.3,0.0081,0.0254,17.5,23.74,12.18
955.022,before,-12.0,52.138013,21.160777,89.67,52.1380153,21.1607786,30,0.5,0.098,255,0.0,0.0,0.0079,0.0076,3.112,2.89,-0.63,-1.89,231.72,0.04,0.05,0.04,0.01,108415,999,3,0.29,0.08,0.0,0.04,48,-30,4,0,2.88,-0.32,0.0034,0.0108,15.33,26.65,14.85
955.122,before,-11.9,52.138013,21.160777,89.67,52.1380153,21.1607786,30,0.5,0.111,255,0.0,0.0,0.0247,0.0187,3.13,2.883,-0.49,-1.85,231.83,0.04,0.05,0.0,0.01,108415,999,3,0.29,0.09,0.04,-0.01,48,-46,-20,0,2.9,-0.3,0.005,0.0218,14.23,25.19,12.18
955.222,before,-11.8,52.138013,21.160777,89.66,52.1380153,21.1607786,30,0.5,0.111,255,0.0,0.0,-0.0026,-0.0197,3.134,2.878,-0.43,-1.84,232.18,0.04,0.05,0.0,0.01,108415,999,3,0.29,0.09,0.04,-0.01,48,115,132,0,2.9,-0.31,0.0044,0.0204,13.08,23.14,9.34
955.322,before,-11.7,52.138013,21.160777,89.66,52.1380152,21.1607786,30,0.5,0.186,255,0.0,0.0,0.0149,-0.0158,3.146,2.873,-0.46,-1.84,232.71,0.04,0.04,0.0,0.01,108415,999,3,0.29,0.11,0.09,0.0,48,-11,141,0,2.9,-0.32,0.0078,0.0233,12.76,23.64,8.36
955.422,before,-11.6,52.138013,21.160777,89.65,52.1380152,21.1607786,30,0.5,0.186,255,0.1676,0.0,0.1022,0.0544,3.146,2.868,-0.04,-1.68,233.35,0.04,0.04,0.0,0.01,108415,999,3,0.29,0.11,0.09,0.0,48,245,119,0,2.9,-0.32,0.0074,0.0234,18.15,19.95,11.44
955.522,before,-11.5,52.138013,21.160777,89.65,52.1380151,21.1607787,30,0.5,0.156,255,0.0,0.0,0.103,0.0241,3.15,2.864,0.4,-1.65,233.99,0.01,0.04,0.02,0.01,108415,999,3,0.29,0.13,0.02,0.02,48,85,142,0,2.91,-0.32,0.005,0.0277,18.9,17.71,12.56
955.622,before,-11.4,52.138013,21.160777,89.64,52.1380151,21.1607787,30,0.5,0.156,255,0.335,0.1675,0.021,0.0117,3.144,2.858,0.6,-1.5,234.66,0.01,0.04,0.03,0.01,108415,999,3,0.29,0.13,0.02,0.02,48,-57,-68,0,2.9,-0.33,0.0042,0.0157,16.57,17.99,12.21
955.722,before,-11.3,52.1380129,21.160777,89.63,52.1380149,21.1607787,30,0.5,0.226,255,0.0,0.0,-0.0467,0.0232,3.128,2.847,0.6,-1.37,235.26,0.04,0.04,0.03,0.01,108415,999,3,0.29,0.14,0.11,0.01,48,122,105,0,2.88,-0.34,0.0085,0.0061,14.71,18.35,12.05
955.822,before,-11.2,52.1380128,21.160777,89.62,52.1380149,21.1607787,30,0.5,0.226,255,0.0,0.0,-0.0128,0.0119,3.138,2.833,0.37,-1.28,235.8,0.04,0.04,0.0,0.01,108415,999,3,0.29,0.14,0.11,0.01,48,36,-56,0,2.88,-0.34,0.0078,0.0113,15.41,18.38,11.92
955.922,before,-11.1,52.1380128,21.160777,89.61,52.1380148,21.1607787,30,0.5,0.181,255,0.0,0.1676,-0.0084,0.0374,3.12,2.821,0.3,-1.17,236.29,0.02,0.05,0.0,0.01,108415,999,3,0.29,0.13,0.06,0.0,48,-22,131,0,2.88,-0.33,0.0066,0.0098,14.7,19.2,11.98
956.022,before,-11.0,52.1380127,21.1607769,89.6,52.1380148,21.1607787,30,0.5,0.181,255,0.0,0.1676,-0.0331,0.0255,3.116,2.81,0.13,-1.06,236.71,0.02,0.05,0.0,0.02,108415,999,3,0.29,0.13,0.06,0.0,48,-14,102,0,2.87,-0.33,0.0062,0.0129,15.8,17.95,11.72
956.122,before,-10.9,52.1380127,21.1607769,89.59,52.1380146,21.1607787,30,0.5,0.201,255,0.0,0.0,-0.0136,-0.0067,3.094,2.801,0.0,-1.07,236.96,0.03,0.04,0.01,0.01,108415,999,3,0.29,0.12,0.07,0.01,48,7,-50,0,2.87,-0.33,0.0069,0.0112,17.17,20.05,11.45
956.222,before,-10.8,52.1380126,21.1607769,89.58,52.1380146,21.1607787,30,0.5,0.201,255,0.0,0.0,0.0644,-0.0222,3.078,2.792,0.26,-1.07,237.09,0.03,0.04,0.01,0.0,108415,999,3,0.29,0.12,0.07,0.01,48,-48,-50,0,2.86,-0.33,0.0063,0.0158,15.4,17.82,11.86
956.322,before,-10.7,52.1380125,21.1607769,89.57,52.1380144,21.1607786,30,0.5,0.228,255,0.0,0.0,0.0157,0.0081,3.056,2.785,0.38,-1.18,237.07,0.04,0.04,0.01,0.01,108415,999,3,0.29,0.11,0.1,0.0,48,-50,2,0,2.86,-0.3,0.0089,0.0144,13.86,16.93,12.33
956.422,before,-10.6,52.1380125,21.1607768,89.56,52.1380144,21.1607786,30,0.5,0.228,255,0.0,0.1676,-0.0002,0.0123,3.052,2.778,0.42,-1.09,236.89,0.04,0.04,0.02,0.01,108415,999,3,0.29,0.11,0.1,0.0,48,-31,114,0,2.85,-0.29,0.0074,0.0124,16.12,15.43,13.92
956.522,before,-10.5,52.1380124,21.1607768,89.56,52.1380141,21.1607787,30,0.5,0.231,255,0.1676,0.1676,0.0252,0.0083,3.036,2.771,0.65,-1.03,236.56,0.03,0.04,0.0,0.01,108415,999,3,0.29,0.13,0.1,-0.03,48,-79,-38,0,2.85,-0.28,0.011,0.0128,15.25,16.21,13.69
956.622,before,-10.4,52.1380123,21.1607768,89.55,52.1380141,21.1607787,30,0.5,0.231,255,0.0,0.1676,0.0275,0.0208,3.032,2.765,0.71,-0.92,236.11,0.03,0.04,0.0,0.01,108415,999,3,0.29,0.13,0.1,-0.03,48,-36,111,0,2.85,-0.28,0.0083,0.0138,15.02,14.38,14.4
956.722,before,-10.3,52.1380122,21.1607768,89.55,52.1380139,21.1607787,30,0.5,0.194,255,0.0,0.0,0.0368,0.0048,3.038,2.761,0.85,-0.84,235.58,0.02,0.04,0.0,0.01,108415,999,3,0.29,0.11,0.07,0.01,48,123,-47,0,2.85,-0.27,0.0078,0.0113,12.78,14.84,13.49
956.822,before,-10.2,52.1380121,21.1607768,89.54,52.1380139,21.1607787,30,0.5,0.194,255,0.0,0.1676,-0.0274,-0.0153,3.07,2.758,0.92,-0.85,235.01,0.02,0.04,0.0,0.01,108415,999,3,0.29,0.11,0.07,0.01,48,-79,132,0,2.85,-0.27,0.0061,0.0125,12.72,15.46,12.69
956.922,before,-10.1,52.1380121,21.1607768,89.54,52.1380136,21.1607786,30,0.5,0.185,255,0.0,0.1676,-0.0095,0.0148,3.084,2.759,0.91,-0.87,234.43,0.05,0.03,0.02,0.02,108415,999,3,0.29,0.09,0.09,0.02,48,161,-11,0,2.87,-0.27,0.009,0.0233,15.8,18.07,12.99
957.022,before,-10.0,52.138012,21.1607768,89.55,52.1380136,21.1607786,30,0.5,0.185,255,0.0,0.0,0.0274,0.0256,3.082,2.763,0.93,-0.59,233.92,0.05,0.03,0.02,0.01,108415,999,3,0.29,0.09,0.09,0.02,48,-9,104,0,2.88,-0.27,0.0073,0.0259,17.8,20.03,13.04
957.122,before,-9.9,52.1380119,21.1607768,89.55,52.1380134,21.1607785,30,0.5,0.163,255,0.0,0.0,0.0026,-0.0175,3.098,2.77,1.03,-0.64,233.47,0.04,0.03,0.02,0.01,108415,999,3,0.29,0.09,0.06,0.04,48,113,-30,0,2.9,-0.26,0.0092,0.0327,20.8,19.25,14.74
957.222,before,-9.8,52.1380119,21.1607768,89.56,52.1380134,21.1607785,30,0.5,0.163,255,0.1676,0.0,-0.0012,0.0013,3.098,2.774,1.1,-0.66,233.09,0.04,0.03,0.0,0.01,108415,999,3,0.29,0.09,0.06,0.04,48,-42,149,0,2.9,-0.27,0.0065,0.0243,16.75,20.78,13.41
957.322,before,-9.7,52.1380118,21.1607768,89.56,52.1380132,21.1607785,30,0.5,0.145,255,0.0,0.0,-0.025,0.0129,3.082,2.774,0.99,-0.49,232.88,0.03,0.03,0.01,0.01,108415,999,3,0.29,0.11,0.07,0.02,48,165,107,0,2.9,-0.28,0.0069,0.0173,18.69,22.04,14.21
957.422,before,-9.6,52.1380118,21.1607767,89.55,52.1380132,21.1607785,30,0.5,0.145,255,0.0,0.0,-0.0016,0.0166,3.072,2.769,0.89,-0.64,232.83,0.03,0.03,0.0,0.01,108415,999,3,0.29,0.11,0.07,0.02,48,22,37,0,2.9,-0.28,0.0051,0.0144,19.13,20.96,14.15
957.522,before,-9.5,52.1380117,21.1607767,89.55,52.138013,21.1607785,30,0.5,0.119,255,0.0,0.1676,0.0029,0.0124,3.058,2.764,0.87,-0.47,233.0,0.03,0.02,0.02,0.01,108415,999,3,0.29,0.14,0.05,-0.02,48,0,-59,0,2.9,-0.25,0.0052,0.0135,19.49,22.95,14.88
957.622,before,-9.4,52.1380117,21.1607768,89.54,52.138013,21.1607785,30,0.5,0.119,255,0.3352,0.1676,0.0762,-0.0082,3.064,2.76,1.22,-0.35,233.38,0.03,0.02,0.0,0.01,108415,999,3,0.29,0.14,0.05,-0.02,48,-63,-58,0,2.9,-0.25,0.0036,0.0128,19.65,21.75,15.28
957.722,before,-9.3,52.1380117,21.1607768,89.54,52.1380129,21.1607785,30,0.5,0.162,255,0.1676,0.0,0.0663,0.0319,3.046,2.756,1.65,-0.29,233.79,0.03,0.02,0.03,0.0,108415,999,3,0.29,0.12,0.1,0.01,48,-97,-12,0,2.9,-0.24,0.0073,0.0187,19.21,21.58,15.75
957.822,before,-9.2,52.1380117,21.1607768,89.54,52.1380129,21.1607785,30,0.5,0.162,255,0.0,0.0,0.0103,-0.0283,3.056,2.753,1.65,-0.45,234.13,0.03,0.02,0.01,0.01,108415,999,3,0.29,0.12,0.1,0.01,48,114,-43,0,2.9,-0.24,0.0051,0.0129,17.19,21.8,15.24
957.922,before,-9.1,52.1380116,21.1607768,89.54,52.1380128,21.1607784,30,0.5,0.047,255,0.0,0.0,-0.0513,-0.0048,3.05,2.751,1.6,-0.4,234.46,0.03,0.02,0.0,0.01,108415,999,3,0.29,0.08,0.03,0.01,48,-13,8,0,2.9,-0.23,0.0039,0.0123,15.7,20.22,13.44
958.022,before,-9.0,52.1380117,21.1607768,89.54,52.1380128,21.1607784,30,0.5,0.047,255,0.0,0.0,-0.0013,-0.0241,3.04,2.751,1.5,-0.58,234.65,0.03,0.02,0.02,0.01,108415,999,3,0.29,0.08,0.03,0.01,48,73,20,0,2.91,-0.23,0.0031,0.0157,16.62,16.91,14.4
958.122,before,-8.9,52.1380117,21.1607768,89.54,52.1380128,21.1607784,30,0.5,0.017,255,-0.1675,0.0,-0.0712,-0.0397,3.044,2.752,1.18,-0.77,234.72,0.02,0.02,0.0,0.0,108415,999,3,0.29,0.1,0.03,0.0,48,35,28,0,2.91,-0.21,0.0032,0.0145,15.56,19.88,14.59
958.222,before,-8.8,52.1380118,21.1607768,89.54,52.1380128,21.1607784,30,0.5,0.017,255,-0.1675,-0.1675,-0.0934,-0.0279,3.06,2.752,0.73,-0.94,234.61,0.02,0.02,0.0,0.01,108415,999,3,0.29,0.1,0.03,0.0,48,-73,42,0,2.91,-0.21,0.0018,0.0115,16.19,17.68,14.22
958.322,before,-8.7,52.1380119,21.1607768,89.54,52.1380129,21.1607783,30,0.5,0.029,255,-0.1676,0.0,-0.0398,-0.025,3.056,2.75,0.4,-1.1,234.33,0.02,0.02,0.01,0.02,108415,999,3,0.29,0.11,0.06,0.0,48,107,-133,0,2.9,-0.23,0.0032,0.0063,16.06,17.09,12.49
958.422,before,-8.6,52.138012,21.1607768,89.53,52.1380129,21.1607783,30,0.5,0.029,255,0.0,0.0,-0.0201,-0.0069,3.052,2.746,0.08,-1.15,234.01,0.02,0.02,0.01,0.02,108415,999,3,0.29,0.11,0.06,0.0,48,-60,20,0,2.9,-0.24,0.0025,0.0077,15.13,19.37,12.15
958.522,before,-8.5,52.138012,21.1607768,89.52,52.1380131,21.1607782,30,0.5,0.098,255,0.0,0.0,-0.0135,-0.0253,3.062,2.74,0.1,-1.26,233.62,0.03,0.02,0.0,0.01,108415,999,3,0.28,0.1,0.0,0.0,48,13,22,0,2.89,-0.24,0.0044,0.0079,17.85,16.44,14.84
958.622,before,-8.4,52.1380121,21.1607768,89.52,52.1380131,21.1607782,30,0.5,0.098,255,0.0,0.0,-0.0306,-0.0146,3.066,2.734,0.06,-1.29,233.27,0.03,0.02,0.02,0.02,108415,999,3,0.28,0.1,0.0,0.0,48,12,12,0,2.9,-0.24,0.0024,0.0027,16.93,16.41,11.73
958.722,before,-8.3,52.1380122,21.1607768,89.52,52.1380133,21.1607781,30,0.5,0.09,255,0.0,0.0,0.017,-0.0225,3.066,2.731,0.01,-1.39,233.02,0.01,0.02,0.03,0.01,108415,999,3,0.28,0.09,0.01,0.04,48,-128,19,0,2.91,-0.24,0.0038,0.0102,16.53,20.68,13.88
958.822,before,-8.2,52.1380123,21.1607767,89.51,52.1380133,21.1607781,30,0.5,0.09,255,0.0,0.0,-0.0534,0.0195,3.052,2.729,-0.14,-1.41,232.96,0.01,0.02,0.01,0.01,108415,999,3,0.28,0.09,0.01,0.04,48,34,15,0,2.91,-0.23,0.003,0.0115,17.68,23.4,16.29
958.922,before,-8.1,52.1380123,21.1607767,89.51,52.1380134,21.1607779,30,0.5,0.051,255,0.0,0.0,-0.0042,-0.0416,3.058,2.728,-0.25,-1.54,233.03,0.03,0.01,0.0,0.02,108415,999,3,0.28,0.13,0.08,0.02,48,-98,-19,0,2.91,-0.22,0.0044,0.011,17.05,19.42,14.52
959.022,before,-8.0,52.1380123,21.1607767,89.51,52.1380134,21.1607779,30,0.5,0.051,255,0.0,0.0,0.0624,0.0402,3.042,2.726,0.03,-1.4,233.2,0.03,0.01,0.01,0.01,108415,999,3,0.28,0.13,0.08,0.02,48,5,21,0,2.92,-0.22,0.0033,0.0122,17.01,19.58,13.15
959.122,before,-7.9,52.1380124,21.1607766,89.51,52.1380134,21.1607778,30,0.5,0.077,255,0.1676,0.0,0.0697,0.0023,3.042,2.727,0.27,-1.41,233.33,0.02,0.01,0.02,0.02,108415,999,3,0.28,0.08,-0.02,0.04,48,-37,-16,0,2.92,-0.22,0.0059,0.0152,14.72,22.59,13.77
959.222,before,-7.8,52.1380124,21.1607766,89.51,52.1380134,21.1607778,30,0.5,0.077,255,0.0,0.0,-0.0361,0.0343,3.036,2.729,0.44,-1.16,233.4,0.02,0.01,0.04,0.01,108415,999,3,0.28,0.08,-0.02,0.04,48,-81,125,0,2.93,-0.19,0.0051,0.0212,16.84,19.73,12.98
959.322,before,-7.7,52.1380124,21.1607765,89.52,52.1380135,21.1607776,30,0.5,0.041,255,0.0,0.0,-0.0553,0.0004,3.038,2.733,0.12,-1.18,233.35,0.02,0.01,0.0,0.01,108415,999,3,0.28,0.07,0.02,0.03,48,72,0,0,2.94,-0.19,0.0061,0.019,15.84,15.89,11.86
959.422,before,-7.6,52.1380124,21.1607765,89.52,52.1380135,21.1607776,30,0.5,0.041,255,0.0,0.1676,-0.0025,0.0357,3.034,2.737,-0.08,-1.06,233.2,0.02,0.01,0.03,0.01,108415,999,3,0.28,0.07,0.02,0.03,48,80,-10,0,2.95,-0.17,0.005,0.0216,16.35,18.52,14.01
959.522,before,-7.5,52.1380124,21.1607764,89.52,52.1380134,21.1607775,30,0.5,0.117,255,0.0,0.0,-0.0487,0.0237,3.034,2.738,-0.14,-0.84,232.98,0.04,0.01,0.03,0.01,108415,999,3,0.28,0.13,0.1,0.0,48,-16,117,0,2.93,-0.18,0.0063,0.0108,16.05,22.58,14.0
959.622,before,-7.4,52.1380124,21.1607764,89.52,52.1380134,21.1607775,30,0.5,0.117,255,0.0,0.1676,-0.036,-0.0067,3.057,2.736,-0.36,-0.85,232.73,0.04,0.01,0.01,0.02,108415,999,3,0.28,0.13,0.1,0.0,48,-126,-12,0,2.93,-0.18,0.0042,0.0106,19.04,20.14,13.68
959.722,before,-7.3,52.1380124,21.1607764,89.52,52.1380133,21.1607773,30,0.5,0.079,255,0.0,0.0,0.0482,0.0002,3.042,2.734,-0.24,-0.81,232.45,0.01,0.01,0.03,0.01,108415,999,3,0.28,0.1,0.01,0.01,48,-188,-19,0,2.93,-0.18,0.0035,0.01,17.81,22.55,13.22
959.822,before,-7.2,52.1380123,21.1607764,89.52,52.1380133,21.1607773,30,0.5,0.079,255,0.0,0.0,0.0132,0.0022,3.03,2.731,-0.1,-0.84,232.16,0.01,0.01,0.02,0.0,108415,999,3,0.28,0.1,0.01,0.01,48,140,2,0,2.93,-0.2,0.0022,0.0084,20.0,17.76,11.1
959.922,before,-7.1,52.1380123,21.1607763,89.52,52.1380132,21.1607772,30,0.5,0.064,255,0.1676,0.0,0.0307,-0.0623,3.046,2.732,0.05,-1.08,231.78,0.04,0.01,0.02,0.0,108415,999,3,0.28,0.1,0.04,0.0,48,-32,-11,0,2.95,-0.17,0.0044,0.0139,17.58,20.75,13.04
960.022,before,-7.0,52.1380123,21.1607763,89.52,52.1380132,21.1607772,30,0.5,0.064,255,0.0,0.0,0.0439,-0.0069,3.044,2.733,0.32,-1.12,231.42,0.04,0.01,0.01,0.01,108415,999,3,0.28,0.1,0.04,0.0,48,-52,52,0,2.94,-0.18,0.0023,0.0088,15.57,22.73,14.17
960.122,before,-6.9,52.1380123,21.1607764,89.52,52.1380131,21.1607772,30,0.5,0.115,255,0.0,0.0,0.0712,0.0266,3.05,2.732,0.54,-1.23,231.08,0.02,0.01,0.01,0.02,108415,999,3,0.28,0.12,0.06,-0.01,48,-49,32,0,2.95,-0.18,0.0044,0.0109,16.2,25.43,13.13
960.222,before,-6.8,52.1380122,21.1607764,89.52,52.1380131,21.1607772,30,0.5,0.115,255,0.1676,0.1676,-0.0006,-0.0042,3.052,2.732,0.79,-1.03,230.85,0.02,0.01,0.01,0.02,108415,999,3,0.28,0.12,0.06,-0.01,48,60,-51,0,2.95,-0.17,0.0028,0.0106,19.73,20.31,10.68
960.322,before,-6.7,52.1380122,21.1607764,89.52,52.1380129,21.1607773,30,0.5,0.115,255,0.1676,0.0,0.0906,0.048,3.046,2.734,1.09,-0.99,230.7,0.04,0.0,0.02,0.01,108415,999,3,0.28,0.1,0.06,-0.02,48,138,21,0,2.96,-0.17,0.0063,0.0175,20.25,18.07,9.95
960.422,before,-6.6,52.1380121,21.1607765,89.52,52.1380129,21.1607773,30,0.5,0.115,255,0.0,0.0,-0.0074,0.0008,3.036,2.737,1.19,-0.83,230.66,0.04,0.0,0.01,0.01,108415,999,3,0.28,0.1,0.06,-0.02,48,98,-66,0,2.96,-0.16,0.0041,0.0151,18.87,19.26,11.82
960.522,before,-6.5,52.1380121,21.1607765,89.52,52.1380128,21.1607772,30,0.5,0.027,255,0.0,0.0,-0.0231,-0.0129,3.02,2.74,1.18,-0.92,230.79,0.02,0.01,0.0,0.01,108415,999,3,0.28,0.12,-0.03,0.04,48,-27,4,0,2.96,-0.15,0.0047,0.009,18.33,20.29,13.28
960.622,before,-6.4,52.1380121,21.1607765,89.52,52.1380128,21.1607772,30,0.5,0.027,255,0.0,0.0,-0.0333,-0.0139,2.998,2.738,0.99,-0.98,231.15,0.02,0.01,0.03,0.0,108415,999,3,0.28,0.12,-0.03,0.04,48,23,175,0,2.95,-0.16,0.0036,0.0077,17.92,19.06,15.01
960.722,before,-6.3,52.1380121,21.1607764,89.52,52.1380128,21.1607771,30,0.5,0.036,255,0.0,0.0,-0.0149,0.0337,3.006,2.735,0.78,-1.02,231.65,0.02,0.01,0.0,0.01,108415,999,3,0.28,0.07,-0.01,0.07,48,46,26,0,2.96,-0.12,0.0084,0.0124,18.31,20.48,13.19
960.822,before,-6.2,52.1380121,21.1607764,89.52,52.1380128,21.1607771,30,0.5,0.036,255,0.0,0.0,-0.0051,-0.0384,3.026,2.733,0.76,-1.06,232.11,0.02,0.01,0.0,0.01,108415,999,3,0.28,0.07,-0.01,0.07,48,5,-13,0,2.95,-0.14,0.0059,0.0093,18.05,16.74,13.56
960.922,before,-6.1,52.1380121,21.1607763,89.52,52.1380128,21.1607769,30,0.5,0.031,255,0.0,0.0,-0.0048,0.0709,3.008,2.734,0.89,-0.83,232.49,0.02,0.01,0.01,0.01,108415,999,3,0.28,0.13,-0.01,0.02,48,-36,-52,0,2.96,-0.14,0.0074,0.0125,16.54,18.35,15.28
961.022,before,-6.0,52.1380121,21.1607763,89.52,52.1380128,21.1607769,30,0.5,0.031,255,-0.1676,0.0,-0.0456,0.0164,3.024,2.734,0.59,-0.66,232.78,0.02,0.01,0.01,0.01,108415,999,3,0.28,0.13,-0.01,0.02,48,32,-65,0,2.96,-0.14,0.0048,0.0078,14.55,18.62,12.47
961.122,before,-5.9,52.1380121,21.1607762,89.52,52.1380129,21.1607768,30,0.5,0.06,255,0.0,0.1676,-0.0641,0.0245,3.022,2.733,0.35,-0.53,233.01,0.02,0.01,0.0,0.01,108415,999,3,0.28,0.1,-0.05,0.03,48,40,-27,0,2.96,-0.15,0.0094,0.0146,13.4,15.46,9.52
961.222,before,-5.8,52.1380121,21.1607761,89.52,52.1380129,21.1607768,30,0.5,0.06,255,0.0,0.0,-0.0373,-0.0443,3.028,2.734,0.05,-0.57,233.13,0.02,0.01,0.03,0.01,108415,999,3,0.28,0.1,-0.05,0.03,48,86,-14,0,2.97,-0.14,0.0062,0.0085,14.97,19.95,11.96
961.322,before,-5.7,52.1380122,21.1607761,89.52,52.1380131,21.1607766,30,0.5,0.095,255,0.0,0.0,0.0205,0.0141,3.038,2.733,0.05,-0.77,233.11,0.03,0.01,0.02,0.01,108415,999,3,0.28,0.09,-0.06,0.07,48,42,-95,0,2.96,-0.14,0.0124,0.0184,17.65,19.49,12.64
961.422,before,-5.6,52.1380123,21.160776,89.52,52.1380131,21.1607766,30,0.5,0.095,255,0.0,0.0,-0.0662,-0.0086,3.034,2.733,-0.17,-0.7,233.0,0.03,0.01,0.03,0.02,108415,999,3,0.28,0.09,-0.06,0.07,48,19,-24,0,2.97,-0.14,0.008,0.0114,17.15,22.16,13.34
961.522,before,-5.5,52.1380123,21.1607759,89.52,52.1380133,21.1607764,30,0.5,0.02,255,-0.1676,0.0,-0.0588,-0.0137,3.032,2.732,-0.39,-0.8,232.93,0.01,0.01,0.01,0.02,108415,999,3,0.28,0.12,0.01,0.0,48,38,28,0,2.96,-0.15,0.0065,0.0129,15.43,19.86,12.88
961.622,before,-5.4,52.1380124,21.1607759,89.51,52.1380133,21.1607764,30,0.5,0.02,255,0.0,0.0,-0.0016,0.0006,3.036,2.728,-0.68,-0.75,233.0,0.01,0.01,0.03,0.01,108415,999,3,0.28,0.12,0.01,0.0,48,86,-3,0,2.95,-0.16,0.0049,0.0157,14.65,16.13,11.85
961.722,before,-5.3,52.1380124,21.1607759,89.51,52.1380133,21.1607764,30,0.5,0.093,255,0.0,-0.1675,0.0313,-0.0833,3.022,2.722,-0.55,-1.15,233.1,0.03,0.01,0.0,0.01,108415,999,3,0.28,0.12,0.09,-0.03,48,-189,70,0,2.95,-0.16,0.0051,0.0134,17.18,19.6,13.27
961.822,before,-5.2,52.1380124,21.160776,89.5,52.1380133,21.1607764,30,0.5,0.093,255,0.3352,0.1676,0.0528,0.0446,3.038,2.717,-0.15,-1.04,233.21,0.03,0.01,0.0,0.01,108415,999,3,0.28,0.12,0.09,-0.03,48,-91,-20,0,2.95,-0.16,0.0041,0.0116,16.31,17.2,11.3
961.922,before,-5.1,52.1380124,21.1607759,89.5,52.1380132,21.1607764,30,0.5,0.076,255,0.0,0.0,0.0581,-0.0388,3.03,2.71,0.05,-1.21,233.3,0.03,0.01,0.02,0.01,108415,999,3,0.28,0.14,0.08,0.02,48,-31,56,0,2.94,-0.18,0.0084,0.0196,19.8,17.47,11.22
962.022,before,-5.0,52.1380123,21.1607759,89.49,52.1380132,21.1607764,30,0.5,0.076,255,0.0,0.0,0.0224,0.0364,3.02,2.704,0.51,-1.01,233.36,0.03,0.01,0.0,0.01,108415,999,3,0.28,0.14,0.08,0.02,48,-97,-126,0,2.94,-0.18,0.0057,0.0144,16.52,18.27,11.97
962.122,before,-4.9,52.1380123,21.160776,89.48,52.1380132,21.1607765,30,0.5,0.038,255,0.0,0.0,0.019,-0.0177,3.014,2.699,0.5,-1.09,233.37,0.02,0.01,0.0,0.01,108415,999,3,0.28,0.07,-0.04,0.02,48,-13,-8,0,2.94,-0.16,0.0032,0.0084,15.48,18.5,11.14
962.222,before,-4.8,52.1380123,21.160776,89.48,52.1380132,21.1607765,30,0.5,0.038,255,0.0,0.0,-0.0396,0.0187,3.008,2.696,0.5,-1.04,233.33,0.02,0.01,0.0,0.02,108415,999,3,0.28,0.07,-0.04,0.02,48,-61,-149,0,2.94,-0.15,0.0021,0.0073,14.08,17.79,11.32
962.322,before,-4.7,52.1380123,21.160776,89.48,52.1380132,21.1607765,30,0.5,0.066,255,0.0,0.0,0.0017,-0.0564,3.018,2.694,0.42,-1.17,233.19,0.01,0.01,0.0,0.01,108415,999,3,0.28,0.1,0.02,0.0,48,20,-12,0,2.94,-0.15,0.0014,0.0062,17.3,20.68,11.65
962.422,before,-4.6,52.1380123,21.160776,89.48,52.1380132,21.1607765,30,0.5,0.066,255,0.0,0.0,0.0098,0.0018,3.008,2.692,0.54,-1.18,232.92,0.01,0.01,0.01,0.01,108415,999,3,0.28,0.1,0.02,0.0,48,-41,34,0,2.94,-0.15,0.0014,0.0076,15.93,19.21,12.66
962.522,before,-4.5,52.1380123,21.1607761,89.48,52.1380132,21.1607765,30,0.5,0.003,255,0.1676,-0.1676,0.0322,0.0229,3.008,2.692,0.66,-1.23,232.41,0.04,0.01,0.02,0.01,108415,999,3,0.29,0.15,-0.01,0.03,48,-15,-133,0,2.96,-0.13,0.0052,0.0104,13.61,15.05,9.24
962.622,before,-4.4,52.1380123,21.1607761,89.48,52.1380132,21.1607765,30,0.5,0.003,255,0.0,0.0,-0.0458,0.0167,3.008,2.694,0.47,-1.04,231.95,0.04,0.01,0.01,0.02,108415,999,3,0.29,0.15,-0.01,0.03,48,8,-41,0,2.95,-0.13,0.0025,0.0032,15.43,14.93,11.95
962.722,before,-4.3,52.1380123,21.1607761,89.48,52.1380133,21.1607766,30,0.5,0.083,255,-0.1675,0.0,-0.0362,-0.0095,2.998,2.694,0.27,-1.11,231.58,0.04,0.01,0.0,0.01,108415,999,3,0.29,0.11,-0.09,-0.03,48,29,20,0,2.96,-0.13,0.0096,0.0114,17.11,18.35,12.25
962.822,before,-4.2,52.1380123,21.1607762,89.48,52.1380133,21.1607766,30,0.5,0.083,255,0.0,0.0,-0.0168,-0.0531,2.998,2.695,0.17,-1.17,231.26,0.04,0.01,0.0,0.01,108415,999,3,0.29,0.11,-0.09,-0.03,48,-3,-12,0,2.96,-0.13,0.0065,0.0069,16.43,14.49,10.69
962.922,before,-4.099,52.1380124,21.1607762,89.48,52.1380134,21.1607766,30,0.5,0.042,255,0.0,-0.1676,0.0153,0.0231,3.014,2.694,0.24,-1.23,230.97,0.01,0.01,0.01,0.01,108415,999,3,0.29,0.1,0.0,0.02,48,-28,42,0,2.96,-0.12,0.0052,0.0076,15.71,16.06,11.04
963.023,before,-3.999,52.1380124,21.1607762,89.48,52.1380134,21.1607766,30,0.5,0.042,255,0.0,-0.1675,0.0429,-0.0104,3.014,2.697,0.33,-1.35,230.64,0.01,0.01,0.04,0.01,108415,999,3,0.29,0.1,0.0,0.02,48,-27,56,0,2.97,-0.11,0.0035,0.0087,15.73,15.2,11.11
963.122,before,-3.899,52.1380124,21.1607763,89.48,52.1380134,21.1607766,30,0.5,0.013,255,0.0,0.0,-0.0211,0.0128,3.014,2.699,0.4,-1.23,230.4,0.02,0.01,0.01,0.01,108415,999,3,0.29,0.12,-0.03,0.02,48,-25,-17,0,2.97,-0.12,0.0061,0.0099,12.57,15.67,10.7
963.223,before,-3.799,52.1380124,21.1607763,89.49,52.1380134,21.1607766,30,0.5,0.013,255,0.1675,0.0,-0.0278,0.0113,3.022,2.703,0.32,-1.16,230.25,0.02,0.01,0.02,0.02,108415,999,3,0.29,0.12,-0.03,0.02,48,-6,-9,0,2.98,-0.12,0.0036,0.0095,12.38,17.27,11.1
963.322,before,-3.7,52.1380124,21.1607763,89.49,52.1380134,21.1607767,30,0.5,0.043,255,0.0,0.0,-0.0242,-0.0177,3.01,2.705,0.14,-1.12,230.19,0.01,0.01,0.01,0.01,108415,999,3,0.29,0.06,-0.02,0.02,48,20,-15,0,2.98,-0.11,0.005,0.0076,15.01,13.59,9.89
963.422,before,-3.599,52.1380124,21.1607764,89.49,52.1380134,21.1607767,30,0.5,0.043,255,0.0,0.0,0.0381,-0.0021,3.02,2.707,0.15,-1.29,230.23,0.01,0.01,0.0,0.01,108415,999,3,0.29,0.06,-0.02,0.02,48,7,50,0,2.98,-0.11,0.0025,0.0032,16.14,14.93,10.26
963.522,before,-3.499,52.1380124,21.1607764,89.49,52.1380134,21.1607768,30,0.5,0.115,255,0.0,0.0,-0.0007,-0.0429,3.016,2.706,0.21,-1.45,230.24,0.02,0.01,0.0,0.01,108415,999,3,0.29,0.09,0.01,-0.05,48,118,13,0,2.98,-0.11,0.004,0.0047,17.13,14.39,10.83
963.622,before,-3.399,52.1380124,21.1607765,89.49,52.1380134,21.1607768,30,0.5,0.115,255,0.0,0.0,0.0384,-0.0141,3.014,2.706,0.48,-1.41,230.28,0.02,0.01,0.01,0.01,108415,999,3,0.29,0.09,0.01,-0.05,48,-70,-4,0,2.99,-0.11,0.0034,0.0043,16.29,18.96,11.47
963.722,before,-3.299,52.1380124,21.1607765,89.49,52.1380134,21.160777,30,0.5,0.091,255,0.1675,0.0,0.0829,0.0106,3.022,2.705,0.85,-1.56,230.23,0.01,0.01,0.02,0.0,108415,999,3,0.29,0.1,0.02,-0.01,48,99,57,0,2.98,-0.11,0.0032,0.0063,21.78,21.16,10.79
963.822,before,-3.199,52.1380124,21.1607766,89.48,52.1380134,21.160777,30,0.5,0.091,255,0.0,0.0,-0.0182,-0.022,3.01,2.698,0.83,-1.57,230.15,0.01,0.01,0.05,0.01,108415,999,3,0.29,0.1,0.02,-0.01,48,136,10,0,2.96,-0.13,0.0045,0.0175,22.65,19.28,11.51
963.922,before,-3.099,52.1380124,21.1607767,89.48,52.1380133,21.1607771,30,0.5,0.061,255,0.0,0.0,-0.0391,0.0519,3.015,2.693,0.8,-1.39,230.11,0.02,0.01,0.01,0.01,108415,999,3,0.29,0.1,0.0,0.0,48,132,-27,0,2.96,-0.13,0.0019,0.0111,19.71,19.23,11.56
964.022,before,-2.999,52.1380124,21.1607767,89.47,52.1380133,21.1607771,30,0.5,0.061,255,0.0,0.0,-0.0435,-0.0259,3.026,2.685,0.57,-1.34,230.11,0.02,0.01,0.03,0.02,108415,999,3,0.29,0.1,0.0,0.0,48,7,-11,0,2.96,-0.14,0.0033,0.0168,13.24,20.13,11.1
964.122,before,-2.899,52.1380124,21.1607767,89.46,52.1380133,21.1607771,30,0.5,0.023,255,0.0,0.0,-0.0657,-0.0028,3.01,2.678,0.14,-1.36,230.15,0.01,0.01,0.01,0.01,108415,999,3,0.29,0.09,-0.04,0.01,48,75,-2,0,2.95,-0.14,0.0037,0.0142,14.2,13.78,8.95
964.222,before,-2.799,52.1380124,21.1607767,89.46,52.1380133,21.1607771,30,0.5,0.023,255,-0.1676,0.0,-0.0262,-0.0266,3.018,2.67,-0.13,-1.59,230.2,0.01,0.01,0.01,0.01,108415,999,3,0.29,0.09,-0.04,0.01,48,29,61,0,2.95,-0.16,0.0027,0.0133,16.2,14.48,10.44
964.322,before,-2.699,52.1380124,21.1607767,89.45,52.1380134,21.1607771,30,0.5,0.029,255,0.0,0.0,-0.0085,0.0044,3.02,2.661,-0.16,-1.49,230.26,0.02,0.02,0.04,0.01,108415,999,3,0.29,0.12,-0.03,0.03,48,-11,-11,0,2.94,-0.16,0.0053,0.0178,19.74,20.9,12.2
964.422,before,-2.599,52.1380123,21.1607767,89.44,52.1380134,21.1607771,30,0.5,0.029,255,0.1676,0.0,0.0533,0.0444,3.016,2.651,0.06,-1.28,230.38,0.02,0.02,0.03,0.01,108415,999,3,0.29,0.12,-0.03,0.03,48,-33,-3,0,2.93,-0.16,0.0037,0.0182,22.02,20.8,15.06
964.522,before,-2.499,52.1380123,21.1607767,89.43,52.1380134,21.1607771,30,0.5,0.122,255,0.0,0.0,0.0775,-0.0334,3.022,2.644,0.35,-1.43,230.59,0.01,0.02,0.0,0.01,108415,999,3,0.29,0.11,0.04,-0.01,48,-70,-3,0,2.93,-0.16,0.0014,0.0089,21.09,22.57,14.1
964.622,before,-2.399,52.1380123,21.1607768,89.43,52.1380134,21.1607771,30,0.5,0.122,255,0.1676,0.0,0.0554,0.0161,3.012,2.642,0.82,-1.28,230.9,0.01,0.02,0.01,0.01,108415,999,3,0.29,0.11,0.04,-0.01,48,-134,-23,0,2.94,-0.16,0.0017,0.0028,20.51,21.95,13.31
964.722,before,-2.299,52.1380122,21.1607768,89.43,52.1380133,21.1607772,30,0.5,0.123,255,0.1676,0.0,0.1155,0.0045,3.016,2.645,1.2,-1.47,231.2,0.02,0.01,0.03,0.01,108415,999,3,0.29,0.1,0.03,0.0,48,-75,47,0,2.95,-0.14,0.0037,0.0118,21.09,21.58,13.61
964.822,before,-2.2,52.1380121,21.1607768,89.43,52.1380133,21.1607772,30,0.5,0.123,255,0.1676,0.0,0.0321,0.075,3.0,2.65,1.71,-1.03,231.54,0.02,0.01,0.0,0.01,108415,999,3,0.29,0.1,0.03,0.0,48,7,64,0,2.96,-0.14,0.0033,0.0095,20.81,22.47,12.44
964.922,before,-2.1,52.1380121,21.1607768,89.44,52.1380131,21.1607773,30,0.5,0.152,255,0.0,0.0,0.0469,0.054,3.01,2.654,1.78,-0.81,231.73,0.03,0.01,0.01,0.01,108415,999,3,0.29,0.1,0.06,-0.01,48,-18,-36,0,2.96,-0.13,0.0059,0.009,19.92,22.38,13.05
965.022,before,-1.999,52.138012,21.1607768,89.44,52.1380131,21.1607773,30,0.5,0.152,255,0.1676,0.1676,-0.0256,0.0206,3.006,2.658,1.79,-0.64,231.81,0.03,0.01,0.02,0.01,108415,999,3,0.29,0.1,0.06,-0.01,48,-32,-42,0,2.97,-0.11,0.0051,0.0116,15.26,18.8,12.43
965.122,before,-1.899,52.138012,21.1607768,89.46,52.138013,21.1607774,30,0.5,0.076,255,0.1676,0.0,0.0047,-0.0026,3.006,2.671,1.84,-0.62,231.81,0.08,0.01,0.05,0.01,108415,999,3,0.29,0.12,-0.01,0.0,48,-39,-20,0,3.0,-0.11,0.0081,0.0304,15.18,18.83,13.08
965.222,before,-1.799,52.1380119,21.1607768,89.47,52.138013,21.1607774,30,0.5,0.076,255,0.0,0.0,0.0112,-0.0489,3.0,2.682,1.89,-0.74,231.69,0.08,0.01,0.0,0.01,108415,999,3,0.29,0.12,-0.01,0.0,48,-33,6,0,3.01,-0.07,0.0052,0.0202,17.45,18.58,13.91
965.322,before,-1.7,52.1380119,21.1607768,89.48,52.138013,21.1607774,30,0.5,0.046,255,0.0,0.0,-0.0972,0.0076,2.997,2.694,1.52,-0.84,231.52,0.03,0.01,0.03,0.01,108415,999,3,0.29,0.12,-0.01,0.0,48,-7,55,0,3.02,-0.06,0.0062,0.0248,17.43,19.2,13.52
965.422,before,-1.6,52.1380119,21.1607768,89.49,52.138013,21.1607774,30,0.5,0.046,255,0.0,0.0,0.0034,-0.0495,3.002,2.704,1.28,-1.08,231.42,0.03,0.01,0.01,0.01,108415,999,3,0.29,0.12,-0.01,0.0,48,-87,10,0,3.03,-0.06,0.0043,0.0198,20.44,18.47,11.12
965.522,before,-1.499,52.1380119,21.1607768,89.5,52.1380129,21.1607774,30,0.5,0.061,255,0.0,0.0,-0.0676,-0.011,3.01,2.712,1.11,-1.1,231.25,0.01,0.01,0.0,0.02,108415,999,3,0.29,0.1,0.03,0.0,48,-14,27,0,3.03,-0.05,0.0029,0.0138,20.83,22.01,12.91
965.622,before,-1.399,52.1380119,21.1607768,89.5,52.1380129,21.1607774,30,0.5,0.061,255,0.0,0.0,0.0743,0.0045,3.008,2.716,1.23,-1.17,231.07,0.01,0.01,0.0,0.01,108415,999,3,0.29,0.1,0.03,0.0,48,30,15,0,3.03,-0.05,0.0022,0.009,19.59,19.23,15.25
965.722,before,-1.299,52.1380119,21.1607768,89.5,52.1380129,21.1607774,30,0.5,0.026,255,0.0,0.0,0.0225,-0.0232,3.008,2.718,1.57,-1.26,230.85,0.02,0.01,0.01,0.01,108415,999,3,0.29,0.09,0.0,-0.04,48,-86,8,0,3.03,-0.05,0.0039,0.0061,20.98,23.43,16.49
965.822,before,-1.2,52.1380119,21.1607768,89.5,52.1380129,21.1607774,30,0.5,0.026,255,0.1676,-0.1676,-0.0216,-0.0411,2.994,2.714,1.57,-1.42,230.5,0.02,0.01,0.03,0.01,108415,999,3,0.29,0.09,0.0,-0.04,48,-27,25,0,3.02,-0.06,0.0035,0.0082,20.03,23.25,17.16
965.922,before,-1.099,52.1380119,21.1607768,89.5,52.1380129,21.1607774,30,0.5,0.027,255,0.0,0.0,0.0346,0.0272,2.998,2.711,1.55,-1.35,230.26,0.0,0.01,0.01,0.0,108415,999,3,0.29,0.14,0.0,0.02,48,12,-19,0,3.02,-0.06,0.0017,0.004,19.66,22.25,14.1
966.022,before,-1.0,52.1380119,21.1607768,89.49,52.1380129,21.1607774,30,0.5,0.027,255,0.0,0.0,0.0489,0.0601,2.992,2.705,1.79,-1.18,230.12,0.0,0.01,0.02,0.01,108415,999,3,0.29,0.14,0.0,0.02,48,-42,-20,0,3.01,-0.06,0.0024,0.0093,18.27,23.17,13.4
966.122,before,-0.899,52.1380118,21.1607767,89.49,52.1380129,21.1607773,30,0.5,0.058,255,0.1676,0.0,0.0667,-0.0342,2.998,2.701,2.22,-1.03,230.3,0.01,0.01,0.02,0.01,108415,999,3,0.29,0.13,0.0,0.03,48,-98,-67,0,3.02,-0.06,0.0027,0.0038,19.61,24.97,14.13
966.222,before,-0.799,52.1380118,21.1607766,89.48,52.1380129,21.1607773,30,0.5,0.058,255,0.1676,0.1676,0.0012,0.1646,2.992,2.697,2.38,-0.57,230.75,0.01,0.01,0.0,0.01,108415,999,3,0.29,0.13,0.0,0.03,48,-52,-121,0,3.01,-0.06,0.0017,0.0039,18.05,25.38,13.47
966.322,before,-0.699,52.1380118,21.1607766,89.48,52.1380129,21.1607773,30,0.5,0.066,255,-0.1676,0.0,-0.222,0.0456,2.97,2.695,1.32,-0.21,231.03,0.02,0.01,0.01,0.02,108415,999,3,0.29,0.11,0.0,-0.03,48,75,177,0,3.01,-0.05,0.0025,0.0051,18.01,21.26,11.91
966.422,before,-0.599,52.1380118,21.1607765,89.48,52.1380129,21.1607773,30,0.5,0.066,255,0.0,0.1676,-0.0041,0.1037,2.976,2.694,0.93,0.43,231.22,0.02,0.01,0.0,0.01,108415,999,3,0.29,0.11,0.0,-0.03,48,11,-124,0,3.01,-0.04,0.0021,0.0044,17.17,18.68,11.27
966.522,before,-0.499,52.1380117,21.1607765,89.48,52.1380127,21.1607772,30,0.5,0.134,255,0.0,0.0,0.0087,-0.0455,2.98,2.699,0.92,0.26,231.41,0.04,0.01,0.06,0.0,108415,999,3,0.29,0.14,0.07,-0.04,48,4,131,0,3.02,-0.04,0.0063,0.0104,18.68,21.87,15.04
966.622,before,-0.4,52.1380117,21.1607765,89.49,52.1380127,21.1607772,30,0.5,0.134,255,0.1676,0.0,0.0523,-0.0095,2.985,2.708,1.08,0.2,231.48,0.04,0.01,0.03,0.01,108415,999,3,0.29,0.14,0.07,-0.04,48,-12,-2,0,3.03,-0.03,0.0052,0.014,18.66,21.86,12.86
966.722,before,-0.299,52.1380117,21.1607765,89.51,52.1380125,21.1607773,30,0.5,0.068,255,0.1676,0.1676,0.1521,0.0133,2.98,2.72,1.68,0.25,231.6,0.01,0.01,0.04,0.01,108415,999,3,0.29,0.11,0.02,0.02,48,-79,-9,0,3.05,-0.01,0.0037,0.0163,21.31,20.81,12.47
966.822,before,-0.199,52.1380116,21.1607765,89.52,52.1380125,21.1607773,30,0.5,0.068,255,0.3351,-0.1676,0.1091,-0.0224,2.978,2.734,2.49,-0.03,231.84,0.01,0.01,0.05,0.01,108415,999,3,0.29,0.11,0.02,0.02,48,-11,51,0,3.07,0.0,0.0038,0.022,21.33,22.5,13.07
966.922,before,-0.099,52.1380116,21.1607766,89.53,52.1380123,21.1607774,30,0.5,0.13,255,0.0,0.0,0.0583,0.005,2.968,2.748,2.95,0.12,232.04,0.03,0.0,0.03,0.01,108415,1507,3,0.29,0.1,0.07,-0.03,48,61,-59,0,3.08,0.02,0.0085,0.0247,21.52,18.83,14.34
967.022,flow_only,0.001,52.1380116,21.1607766,89.55,52.1380123,21.1607774,30,0.5,0.13,255,0.0,0.0,0.0506,0.0689,2.98,2.764,3.23,0.23,232.07,0.03,0.0,0.06,0.01,108415,1507,3,0.29,0.1,0.07,-0.03,48,-53,10,0,3.1,0.05,0.0073,0.0305,16.22,24.04,15.71
967.122,flow_only,0.1,52.1380116,21.1607766,89.56,52.1380122,21.1607776,30,0.5,0.08,255,0.0,0.0,-0.1275,-0.0778,2.98,2.777,2.96,0.14,231.88,0.03,0.0,0.01,0.01,108415,1507,3,0.29,0.1,0.07,-0.03,48,27,33,0,3.11,0.06,0.0045,0.0214,16.54,20.03,15.3
967.223,flow_only,0.201,52.1380117,21.1607767,89.57,52.1380122,21.1607776,30,0.5,0.08,255,-0.1676,0.0,-0.0511,-0.1154,2.96,2.789,2.41,-0.34,231.63,0.03,0.0,0.03,0.01,108415,1507,3,0.29,0.1,0.07,-0.03,48,106,89,0,3.12,0.08,0.0155,0.032,17.59,18.06,13.98
967.323,flow_only,0.301,52.1380118,21.1607768,89.58,52.1380124,21.1607777,30,0.5,0.126,255,-0.5027,-0.1676,-0.1371,-0.0489,2.976,2.799,1.74,-0.86,231.44,0.03,0.0,0.01,0.0,108415,1507,3,0.29,0.1,0.07,-0.03,48,-101,-174,0,3.12,0.08,0.0091,0.0167,19.18,20.29,14.81
967.422,flow_only,0.4,52.1380119,21.160777,89.59,52.1380124,21.1607777,30,0.5,0.126,255,-0.1676,-0.3351,-0.0879,-0.113,2.968,2.807,1.06,-1.32,231.45,0.03,0.0,0.01,0.01,108415,1507,3,0.29,0.1,0.07,-0.03,48,-2,-78,0,3.12,0.06,0.0144,0.0231,17.97,19.61,13.43
967.522,flow_only,0.5,52.138012,21.1607772,89.6,52.1380127,21.1607779,30,0.5,0.15,255,-0.1676,-0.1676,-0.0745,-0.166,2.982,2.814,0.8,-2.09,231.64,0.03,0.0,0.02,0.01,108415,1507,3,0.29,0.09,0.07,-0.03,48,76,-3,0,3.13,0.06,0.0125,0.0222,19.51,18.85,14.94
967.622,flow_only,0.6,52.1380122,21.1607774,89.61,52.1380127,21.1607779,30,0.5,0.15,255,0.0,-0.1676,0.1244,-0.0193,2.99,2.822,0.87,-2.66,232.01,0.03,0.0,0.02,0.0,108415,1507,3,0.29,0.09,0.07,-0.03,48,121,52,0,3.14,0.07,0.0087,0.0186,19.73,24.02,13.75
967.722,flow_only,0.7,52.1380123,21.1607776,89.62,52.138013,21.160778,30,0.5,0.149,255,0.0,-0.1676,0.0455,-0.1125,2.986,2.831,1.29,-3.01,232.42,0.03,0.0,0.02,0.02,108415,1507,3,0.29,0.1,0.07,-0.03,48,87,-106,0,3.15,0.07,0.0124,0.0229,21.19,23.68,17.16
967.822,flow_only,0.8,52.1380124,21.1607778,89.63,52.138013,21.160778,30,0.5,0.149,255,0.0,0.0,-0.0221,-0.0127,2.988,2.843,1.5,-3.24,232.71,0.03,0.0,0.07,0.01,108415,1507,3,0.29,0.1,0.07,-0.03,48,-38,-44,0,3.17,0.1,0.01,0.0262,19.61,22.71,15.35
967.922,flow_only,0.901,52.1380126,21.1607779,89.64,52.1380133,21.1607781,30,0.5,0.168,255,0.0,0.0,0.03,-0.0184,2.984,2.856,1.5,-3.38,232.79,0.03,0.0,0.06,0.01,108415,1507,3,0.29,0.1,0.07,-0.03,48,43,-80,0,3.19,0.1,0.0103,0.0315,18.17,20.83,16.29
968.022,flow_only,1.0,52.1380127,21.1607781,89.65,52.1380133,21.1607781,30,0.5,0.168,255,0.0,0.0,-0.0008,-0.0582,2.975,2.868,1.64,-3.62,232.57,0.03,0.0,0.01,0.01,108415,1507,3,0.29,0.1,0.07,-0.03,48,-9,-91,0,3.19,0.13,0.0082,0.0237,18.03,20.86,17.86
968.122,flow_only,1.1,52.1380128,21.1607782,89.66,52.1380137,21.1607781,30,0.5,0.243,255,0.0,-0.1676,0.0408,-0.014,2.967,2.877,1.83,-3.82,232.0,0.03,0.0,0.03,0.01,108415,1507,3,0.29,0.12,0.07,-0.03,48,-7,88,0,3.2,0.13,0.0077,0.021,19.08,19.73,19.01
968.222,flow_only,1.2,52.1380129,21.1607782,89.67,52.1380137,21.1607781,30,0.5,0.243,255,-0.1676,0.0,-0.1505,-0.0484,2.954,2.885,1.45,-3.93,231.32,0.03,0.0,0.02,0.01,108415,1507,3,0.29,0.12,0.07,-0.03,48,-69,38,0,3.2,0.15,0.0111,0.0215,19.26,18.35,18.54
968.323,flow_only,1.301,52.138013,21.1607781,89.67,52.1380141,21.160778,30,0.5,0.16,255,-0.1675,0.0,-0.1313,0.0004,2.914,2.889,0.57,-3.97,230.67,0.03,0.0,0.0,0.02,108415,1507,3,0.29,0.1,0.07,-0.03,48,52,32,0,3.19,0.15,0.0085,0.0121,18.53,16.12,14.62
968.423,flow_only,1.401,52.1380132,21.160778,89.68,52.1380141,21.160778,30,0.5,0.16,255,0.0,0.0,-0.0608,0.0274,2.904,2.89,0.42,-3.91,230.24,0.03,0.0,0.0,0.01,108415,1507,3,0.29,0.1,0.07,-0.03,48,-44,11,0,3.19,0.17,0.0091,0.0139,19.62,20.09,15.34
968.522,flow_only,1.5,52.1380132,21.1607779,89.67,52.1380144,21.1607778,30,0.5,0.111,255,-0.3351,0.0,-0.1945,0.0603,2.918,2.889,-0.69,-3.58,229.87,0.03,0.0,0.01,0.01,108415,1507,3,0.29,0.12,0.07,-0.03,48,6,-19,0,3.17,0.18,0.005,0.0147,23.1,20.26,15.94
968.623,flow_only,1.601,52.1380133,21.1607778,89.68,52.1380144,21.1607778,30,0.5,0.111,255,-0.1676,0.0,0.015,-0.0627,2.928,2.892,-0.74,-3.68,229.52,0.03,0.0,0.04,0.02,108415,1507,3,0.29,0.12,0.07,-0.03,48,-61,-29,0,3.18,0.18,0.0105,0.0177,17.7,16.97,12.01
968.722,flow_only,1.7,52.1380133,21.1607776,89.68,52.1380147,21.1607776,30,0.5,0.094,255,0.0,0.0,0.0068,0.0811,2.932,2.899,-0.63,-3.6,229.19,0.03,0.0,0.01,0.01,108415,1507,3,0.29,0.12,0.07,-0.03,48,14,39,0,3.18,0.18,0.0098,0.0181,20.31,19.77,16.57
968.822,flow_only,1.8,52.1380133,21.1607775,89.69,52.1380147,21.1607776,30,0.5,0.094,255,0.0,0.0,0.0267,0.0417,2.922,2.907,-0.56,-3.18,228.88,0.03,0.0,0.0,0.01,108415,1507,3,0.29,0.12,0.07,-0.03,48,22,53,0,3.19,0.17,0.0056,0.0118,17.21,20.1,17.12
968.922,flow_only,1.9,52.1380133,21.1607774,89.7,52.1380149,21.1607773,30,0.5,0.106,255,0.0,0.1675,0.0477,0.0639,2.932,2.912,-0.28,-2.77,228.77,0.03,0.0,0.02,0.01,108415,1507,3,0.29,0.11,0.07,-0.03,48,-41,-73,0,3.18,0.16,0.0065,0.0158,17.8,21.68,15.95
969.022,flow_only,2.0,52.1380133,21.1607774,89.7,52.1380149,21.1607773,30,0.5,0.106,255,0.1676,0.0,0.0314,-0.0141,2.93,2.914,0.04,-2.77,228.73,0.03,0.0,0.0,0.01,108415,1507,3,0.29,0.11,0.07,-0.03,48,-66,-6,0,3.18,0.16,0.0105,0.0228,17.77,20.45,16.74
969.122,flow_only,2.1,52.1380133,21.1607773,89.7,52.138015,21.160777,30,0.5,0.055,255,0.0,0.0,-0.0328,0.0029,2.934,2.916,-0.15,-2.74,228.71,0.03,0.0,0.0,0.01,108415,1507,3,0.29,0.09,0.07,-0.03,48,49,137,0,3.18,0.16,0.0117,0.0273,21.06,20.68,15.05
969.222,flow_only,2.2,52.1380133,21.1607773,89.7,52.138015,21.160777,30,0.5,0.055,255,0.0,0.0,-0.02,-0.0135,2.92,2.919,-0.33,-2.86,228.76,0.03,0.0,0.01,0.01,108415,1507,3,0.29,0.09,0.07,-0.03,48,-144,23,0,3.18,0.17,0.0096,0.0199,21.04,20.88,14.05
969.323,flow_only,2.301,52.1380132,21.1607772,89.71,52.138015,21.1607769,30,0.5,0.074,255,0.1675,0.0,0.0685,0.0008,2.922,2.924,-0.07,-2.98,228.85,0.03,0.0,0.0,0.01,108415,1507,3,0.29,0.14,0.07,-0.03,48,-82,7,0,3.18,0.17,0.012,0.0235,21.31,23.98,14.72
969.423,flow_only,2.401,52.1380132,21.1607772,89.72,52.138015,21.1607769,30,0.5,0.074,255,0.1676,0.0,0.0801,0.0162,2.912,2.931,0.37,-2.83,229.03,0.03,0.0,0.01,0.01,108415,1507,3,0.29,0.14,0.07,-0.03,48,81,-28,0,3.19,0.18,0.0023,0.0066,23.37,23.44,14.3
969.522,flow_only,2.5,52.1380131,21.1607772,89.72,52.1380149,21.1607769,30,0.5,0.021,255,0.0,0.0,0.0457,-0.0105,2.905,2.938,0.72,-2.98,229.32,0.03,0.0,0.0,0.02,108415,1507,3,0.29,0.08,0.07,-0.03,48,58,4,0,3.19,0.18,0.0035,0.0094,22.63,21.27,15.47
969.622,flow_only,2.6,52.138013,21.1607772,89.73,52.1380149,21.1607769,30,0.5,0.021,255,0.1676,0.0,0.0455,-0.0174,2.88,2.941,0.99,-3.0,229.6,0.03,0.0,0.03,0.0,108415,1507,3,0.29,0.08,0.07,-0.03,48,95,-19,0,3.18,0.19,0.0043,0.0201,18.47,18.71,14.58
969.722,flow_only,2.7,52.1380129,21.1607773,89.73,52.1380148,21.1607769,30,0.5,0.018,255,0.0,0.0,-0.0149,-0.0203,2.878,2.945,0.8,-3.04,229.84,0.03,0.0,0.01,0.01,108415,1507,3,0.29,0.14,0.07,-0.03,48,147,0,0,3.19,0.21,0.0161,0.0355,18.97,18.97,13.2
969.822,flow_only,2.8,52.1380127,21.1607774,89.74,52.1380148,21.1607769,30,0.5,0.018,255,0.1676,0.0,0.0502,0.0026,2.868,2.952,0.99,-3.18,230.0,0.03,0.0,0.02,0.01,108415,1507,3,0.29,0.14,0.07,-0.03,48,-50,20,0,3.2,0.24,0.0077,0.0176,17.62,17.98,13.16
969.922,flow_only,2.9,52.1380126,21.1607774,89.75,52.1380147,21.1607769,30,0.5,0.038,255,0.1676,0.0,0.0651,0.0277,2.864,2.961,1.31,-2.92,230.17,0.03,0.0,0.0,0.01,108415,1507,3,0.29,0.11,0.07,-0.03,48,-86,-78,0,3.2,0.24,0.0088,0.0172,16.74,16.04,10.93
970.022,flow_only,3.0,52.1380126,21.1607774,89.76,52.1380147,21.1607769,30,0.5,0.038,255,0.0,0.0,0.0329,0.0288,2.854,2.972,1.55,-2.83,230.39,0.03,0.0,0.0,0.02,108415,1507,3,0.29,0.11,0.07,-0.03,48,90,-31,0,3.21,0.25,0.0036,0.0071,19.81,17.93,12.97
970.122,flow_only,3.1,52.1380125,21.1607773,89.77,52.1380145,21.1607768,30,0.5,0.089,255,0.0,0.1676,-0.0311,0.0147,2.88,2.984,1.59,-2.64,230.51,0.03,0.0,0.0,0.01,108415,1507,3,0.29,0.08,0.07,-0.03,48,-42,-83,0,3.22,0.27,0.0137,0.0276,22.55,19.26,16.16
970.222,flow_only,3.2,52.1380125,21.1607772,89.78,52.1380145,21.1607768,30,0.5,0.089,255,0.0,0.0,-0.0034,-0.0006,2.888,2.997,1.51,-2.55,230.47,0.03,0.0,0.02,0.01,108415,1507,3,0.29,0.08,0.07,-0.03,48,-14,115,0,3.23,0.27,0.0132,0.027,18.53,18.2,14.02
970.323,flow_only,3.301,52.1380124,21.1607771,89.79,52.1380143,21.1607766,30,0.5,0.116,255,0.0,0.1675,0.0291,0.0387,2.91,3.009,1.59,-2.54,230.28,0.03,0.0,0.02,0.01,108415,1507,3,0.29,0.09,0.07,-0.03,48,-23,-20,0,3.22,0.26,0.0093,0.0222,20.25,18.87,15.39
970.423,flow_only,3.401,52.1380123,21.1607769,89.8,52.1380143,21.1607766,30,0.5,0.116,255,0.1676,0.1676,0.0279,-0.0056,2.922,3.016,1.86,-2.33,229.89,0.03,0.0,0.02,0.01,108415,1507,3,0.29,0.09,0.07,-0.03,48,97,85,0,3.22,0.23,0.0049,0.019,21.39,21.16,17.89
970.523,flow_only,3.501,52.1380122,21.1607768,89.8,52.1380142,21.1607763,30,0.5,0.151,255,0.1676,0.1676,-0.0414,0.1037,2.926,3.019,1.88,-2.17,229.5,0.03,0.0,0.03,0.0,108415,1507,3,0.29,0.07,0.07,-0.03,48,-42,4,0,3.21,0.22,0.0067,0.0275,19.64,19.06,14.25
970.622,flow_only,3.6,52.1380121,21.1607766,89.81,52.1380142,21.1607763,30,0.5,0.151,255,-0.1675,0.0,-0.0728,-0.0527,2.924,3.021,1.4,-1.94,229.15,0.03,0.0,0.0,0.01,108415,1507,3,0.29,0.07,0.07,-0.03,48,60,2,0,3.22,0.21,0.0084,0.0259,18.58,15.0,11.46
970.722,flow_only,3.7,52.1380119,21.1607763,89.81,52.138014,21.1607761,30,0.5,0.084,255,0.0,0.0,0.0239,0.061,2.936,3.021,1.4,-2.07,229.02,0.03,0.0,0.03,0.0,108415,1507,3,0.29,0.08,0.07,-0.03,48,20,36,0,3.21,0.2,0.0156,0.0418,15.32,14.49,10.22
970.822,flow_only,3.8,52.1380118,21.160776,89.81,52.138014,21.1607761,30,0.5,0.084,255,0.0,0.0,-0.0645,0.0321,2.92,3.02,1.14,-1.78,229.05,0.03,0.0,0.0,0.02,108415,1507,3,0.29,0.08,0.07,-0.03,48,6,37,0,3.21,0.19,0.0104,0.031,15.62,19.7,12.21
970.922,flow_only,3.9,52.1380116,21.1607756,89.8,52.1380138,21.1607758,30,0.5,0.111,255,0.0,0.0,0.0634,0.1174,2.915,3.017,1.33,-1.21,229.25,0.03,0.0,0.05,0.01,100223,1507,3,0.29,0.1,0.07,-0.03,48,-194,207,0,3.2,0.19,0.0302,0.0731,18.46,22.77,13.82
971.023,flow_only,4.001,52.1380115,21.1607751,89.8,52.1380138,21.1607758,30,0.5,0.111,255,0.0,0.1676,0.0104,0.1721,2.898,3.012,1.44,-0.46,229.35,0.03,0.0,0.0,0.01,100223,1507,3,0.29,0.1,0.07,-0.03,48,129,5,0,3.2,0.2,0.0182,0.0475,18.97,20.59,12.92
971.122,flow_only,4.1,52.1380113,21.1607748,89.79,52.1380136,21.1607756,30,0.5,0.14,255,0.0,0.0,-0.0631,0.1216,2.898,3.008,1.34,0.68,229.42,0.03,0.0,0.03,0.01,100223,1507,3,0.29,0.1,0.07,-0.03,48,-14,-138,0,3.19,0.19,0.009,0.0334,21.02,21.93,15.73
971.222,flow_only,4.2,52.1380113,21.1607748,89.79,52.1380136,21.1607756,30,0.5,0.14,255,0.0,0.0,0.0825,0.119,2.904,3.002,1.51,1.23,229.5,0.03,0.0,0.01,0.01,100223,1507,3,0.29,0.1,0.07,-0.03,48,-28,-107,0,3.18,0.2,0.0258,0.0612,15.66,22.0,14.47
971.322,flow_only,4.3,52.1380113,21.1607749,89.78,52.1380135,21.1607754,30,0.5,0.1,255,0.0,0.0,0.0562,-0.0584,2.914,2.999,1.98,1.48,229.53,0.03,0.0,0.01,0.01,100223,1507,3,0.29,0.1,0.07,-0.03,48,57,69,0,3.18,0.19,0.0161,0.0411,16.77,21.09,14.97
971.423,flow_only,4.401,52.1380112,21.160775,89.78,52.1380135,21.1607754,30,0.5,0.1,255,0.0,-0.1675,0.0197,-0.1018,2.91,2.996,2.15,0.84,229.5,0.03,0.0,0.02,0.01,100223,1507,3,0.29,0.1,0.07,-0.03,48,-58,98,0,3.17,0.18,0.0125,0.0333,18.23,19.22,12.18
971.523,flow_only,4.501,52.1380111,21.160775,89.78,52.1380134,21.1607753,30,0.5,0.028,255,-0.1676,-0.1676,-0.026,-0.1257,2.912,2.996,1.92,0.13,229.45,0.03,0.0,0.01,0.01,100223,1507,3,0.29,0.14,0.07,-0.03,48,3,92,0,3.17,0.18,0.0136,0.0347,17.17,19.02,12.62
971.622,flow_only,4.6,52.1380111,21.1607749,89.78,52.1380134,21.1607753,30,0.5,0.028,255,0.0,0.0,0.029,-0.0018,2.89,2.995,2.22,-0.13,229.49,0.03,0.0,0.02,0.01,100223,1507,3,0.29,0.14,0.07,-0.03,48,-30,108,0,3.17,0.17,0.0145,0.0376,16.66,17.86,12.62
971.722,flow_only,4.7,52.1380111,21.160775,89.78,52.1380135,21.1607753,30,0.5,0.118,255,0.0,0.0,-0.099,0.0061,2.888,2.993,1.89,-0.14,229.62,0.03,0.0,0.05,0.01,100223,1507,3,0.29,0.12,0.07,-0.03,48,19,-150,0,3.15,0.18,0.0147,0.0437,17.71,18.05,13.76
971.822,flow_only,4.801,52.1380113,21.1607753,89.77,52.1380135,21.1607753,30,0.5,0.118,255,-0.1676,-0.1676,-0.1271,-0.0917,2.91,2.99,0.97,-0.37,229.88,0.03,0.0,0.03,0.0,100223,1507,3,0.29,0.12,0.07,-0.03,48,0,-134,0,3.14,0.17,0.0317,0.0788,16.71,17.31,13.92
971.922,flow_only,4.901,52.1380114,21.1607756,89.77,52.1380137,21.1607753,30,0.5,0.089,255,-0.1676,-0.1676,-0.0787,-0.0857,2.938,2.988,0.65,-0.91,230.23,0.03,0.0,0.01,0.02,100223,1507,3,0.29,0.13,0.07,-0.03,48,58,142,0,3.14,0.16,0.0115,0.0348,17.09,14.71,11.12
972.023,flow_only,5.001,52.1380114,21.1607757,89.77,52.1380137,21.1607753,30,0.5,0.089,255,0.0,-0.1675,0.0383,-0.0588,2.938,2.988,0.52,-1.32,230.58,0.03,0.0,0.02,0.0,100223,1507,3,0.29,0.13,0.07,-0.03,48,-104,-65,0,3.14,0.14,0.0058,0.0246,14.09,20.79,12.5
972.122,flow_only,5.1,52.1380114,21.1607757,89.77,52.1380139,21.1607753,30,0.5,0.125,255,0.0,0.0,0.1043,-0.0001,2.932,2.988,0.94,-1.5,230.75,0.03,0.0,0.02,0.01,100223,1507,3,0.29,0.13,0.07,-0.03,48,-36,-94,0,3.14,0.11,0.0135,0.0349,16.83,22.46,13.49
972.222,flow_only,5.2,52.1380116,21.1607756,89.77,52.1380139,21.1607753,30,0.5,0.125,255,0.0,0.0,-0.0134,0.0331,2.962,2.989,1.05,-1.31,230.78,0.03,0.0,0.0,0.01,100223,1507,3,0.29,0.13,0.07,-0.03,48,-7,-11,0,3.15,0.12,0.015,0.036,18.3,19.71,13.54
972.322,flow_only,5.3,52.1380117,21.1607756,89.78,52.1380141,21.1607754,30,0.5,0.144,255,0.0,0.0,-0.0127,0.0194,2.967,2.993,1.0,-1.23,230.77,0.03,0.0,0.01,0.01,100223,1507,3,0.29,0.1,0.07,-0.03,48,-149,27,0,3.16,0.13,0.0205,0.0469,19.57,22.04,12.37
972.423,flow_only,5.401,52.1380119,21.1607754,89.78,52.1380141,21.1607754,30,0.5,0.144,255,0.0,-0.1676,0.0197,0.0144,2.95,2.998,1.14,-1.16,230.72,0.03,0.0,0.0,0.01,100223,1507,3,0.29,0.1,0.07,-0.03,48,-26,18,0,3.17,0.12,0.014,0.0332,18.44,19.26,14.83
972.523,flow_only,5.501,52.138012,21.1607753,89.79,52.1380144,21.1607755,30,0.5,0.14,255,0.0,0.0,0.0251,0.0066,2.956,3.004,1.26,-0.99,230.68,0.03,0.0,0.0,0.01,100223,1507,3,0.29,0.12,0.07,-0.03,48,10,-4,0,3.17,0.13,0.0076,0.0191,14.46,20.0,13.23
972.622,flow_only,5.6,52.1380122,21.1607751,89.79,52.1380144,21.1607755,30,0.5,0.14,255,-0.1676,0.0,-0.093,0.033,2.98,3.007,0.95,-0.95,230.65,0.03,0.0,0.02,0.01,100223,1507,3,0.29,0.12,0.07,-0.03,48,21,24,0,3.17,0.13,0.013,0.0319,13.39,23.97,14.26
972.722,flow_only,5.7,52.1380124,21.1607752,89.79,52.1380146,21.1607755,30,0.5,0.116,255,-0.1676,0.1676,-0.0956,0.0319,2.992,3.01,0.34,-0.78,230.56,0.03,0.0,0.0,0.01,100223,1507,3,0.29,0.13,0.07,-0.03,48,-39,-13,0,3.17,0.13,0.0118,0.0283,13.59,20.75,13.45
972.823,flow_only,5.801,52.1380127,21.1607751,89.8,52.1380149,21.1607755,30,0.5,0.16,255,0.0,0.0,-0.0425,-0.0747,2.994,3.013,0.1,-0.97,230.37,0.03,0.0,0.0,0.01,100223,1507,3,0.29,0.13,0.07,-0.03,48,-93,12,0,3.18,0.1,0.0235,0.0567,13.51,18.91,13.44
972.922,flow_only,5.9,52.1380128,21.1607748,89.8,52.1380149,21.1607755,30,0.5,0.16,255,0.0,0.0,-0.0588,-0.0544,2.976,3.019,-0.18,-1.29,230.15,0.03,0.0,0.01,0.0,100223,1507,3,0.29,0.13,0.07,-0.03,48,76,85,0,3.19,0.11,0.0171,0.0432,15.76,16.35,12.12
973.023,flow_only,6.001,52.1380129,21.1607747,89.81,52.1380149,21.1607755,30,0.5,0.16,255,-0.1675,0.0,-0.0828,0.0142,2.976,3.023,-0.73,-1.46,229.91,0.03,0.0,0.01,0.01,100223,1507,3,0.29,0.13,0.07,-0.03,48,-57,80,0,3.19,0.13,0.0096,0.025,16.59,19.76,12.56
973.122,flow_only,6.1,52.1380129,21.1607746,89.81,52.1380151,21.1607755,30,0.5,0.13,255,0.0,0.0,-0.0223,-0.0317,2.982,3.024,-0.99,-1.48,229.59,0.03,0.0,0.01,0.01,100223,1507,3,0.29,0.13,0.07,-0.03,48,57,-14,0,3.19,0.12,0.009,0.0191,17.21,22.6,12.52
973.222,flow_only,6.2,52.1380129,21.1607747,89.81,52.1380151,21.1607755,30,0.5,0.13,255,0.0,0.0,0.0631,0.1033,2.992,3.025,-0.73,-1.17,229.28,0.03,0.0,0.0,0.01,100223,1507,3,0.29,0.13,0.07,-0.03,48,-44,-31,0,3.19,0.12,0.0061,0.0141,21.46,19.68,10.9
973.322,flow_only,6.3,52.1380129,21.1607748,89.81,52.1380152,21.1607756,30,0.5,0.103,255,0.0,0.0,0.1118,0.0053,2.974,3.023,-0.23,-1.0,229.01,0.03,0.0,0.03,0.01,100223,1507,3,0.29,0.13,0.07,-0.03,48,248,-22,0,3.17,0.1,0.0233,0.0541,18.86,25.26,12.38
973.422,flow_only,6.4,52.1380128,21.160775,89.8,52.1380152,21.1607756,30,0.5,0.103,255,0.3349,0.0,0.0808,-0.0181,2.972,3.019,0.4,-0.88,228.84,0.03,0.0,0.0,0.0,100223,1507,3,0.29,0.13,0.07,-0.03,48,184,-30,0,3.17,0.11,0.0231,0.0547,17.47,18.8,11.78
973.523,flow_only,6.501,52.1380128,21.1607753,89.8,52.1380153,21.1607757,30,0.5,0.105,255,0.0,0.0,0.0536,-0.0018,2.988,3.012,0.72,-1.09,228.81,0.03,0.0,0.06,0.0,100223,1507,3,0.29,0.09,0.07,-0.03,48,80,60,0,3.14,0.08,0.0169,0.0463,17.5,19.42,12.52
973.623,flow_only,6.601,52.1380127,21.1607754,89.78,52.1380153,21.1607757,30,0.5,0.105,255,0.0,0.0,0.0223,0.0143,2.964,3.0,0.91,-1.1,228.9,0.03,0.0,0.04,0.01,100223,1507,3,0.29,0.09,0.07,-0.03,48,-74,-10,0,3.13,0.05,0.0087,0.0337,15.6,17.01,12.71
973.722,flow_only,6.7,52.1380126,21.1607756,89.77,52.1380154,21.160776,30,0.5,0.093,255,0.0,0.0,0.0381,0.0149,2.975,2.987,1.11,-0.94,229.05,0.03,0.0,0.03,0.01,100223,1507,3,0.29,0.06,0.07,-0.03,48,-70,-31,0,3.11,0.06,0.0092,0.0343,20.3,18.3,10.14
973.822,flow_only,6.801,52.1380126,21.1607757,89.76,52.1380154,21.160776,30,0.5,0.093,255,0.1676,0.0,0.0269,0.0437,2.946,2.976,1.24,-0.78,229.27,0.03,0.0,0.0,0.02,100223,1507,3,0.29,0.06,0.07,-0.03,48,-46,-10,0,3.11,0.05,0.0048,0.0181,21.0,19.32,8.38
973.922,flow_only,6.901,52.1380126,21.1607758,89.75,52.1380153,21.1607762,30,0.5,0.055,255,0.0,-0.1676,-0.0325,-0.0505,2.948,2.968,1.2,-1.01,229.54,0.03,0.0,0.02,0.01,100223,1507,3,0.29,0.09,0.07,-0.03,48,135,14,0,3.1,0.04,0.0088,0.0264,14.65,17.44,9.73
974.022,flow_only,7.001,52.1380125,21.1607759,89.75,52.1380153,21.1607762,30,0.5,0.055,255,0.0,-0.1676,-0.0734,-0.0267,2.988,2.961,0.88,-1.08,229.83,0.03,0.0,0.02,0.01,100223,1507,3,0.29,0.09,0.07,-0.03,48,15,-166,0,3.09,0.06,0.0142,0.0368,12.87,13.06,8.39
974.122,flow_only,7.1,52.1380125,21.1607761,89.74,52.1380153,21.1607764,30,0.5,0.021,255,0.0,0.0,-0.0145,0.0313,3.0,2.958,0.52,-1.14,230.01,0.03,0.0,0.0,0.01,100223,1507,3,0.29,0.14,0.07,-0.03,48,67,54,0,3.1,0.04,0.0147,0.036,12.94,16.04,8.44
974.222,flow_only,7.2,52.1380124,21.1607762,89.74,52.1380153,21.1607764,30,0.5,0.021,255,0.0,-0.1676,-0.0314,-0.0449,2.996,2.958,0.42,-1.23,229.94,0.03,0.0,0.0,0.01,100223,1507,3,0.29,0.14,0.07,-0.03,48,-10,-1,0,3.1,0.02,0.0029,0.0064,18.26,17.98,9.37
974.322,flow_only,7.3,52.1380125,21.1607763,89.74,52.1380153,21.1607764,30,0.5,0.069,255,0.0,0.0,-0.0271,0.0025,2.992,2.958,0.44,-1.22,229.59,0.03,0.0,0.03,0.0,100223,1507,3,0.29,0.12,0.07,-0.03,48,-202,-20,0,3.09,0.02,0.0206,0.0465,16.94,15.9,12.79
974.422,flow_only,7.4,52.1380126,21.1607763,89.74,52.1380153,21.1607764,30,0.5,0.069,255,0.0,0.0,-0.0096,0.0425,3.014,2.954,0.42,-1.14,229.07,0.03,0.0,0.03,0.01,100223,1507,3,0.29,0.12,0.07,-0.03,48,-7,2,0,3.09,0.01,0.0128,0.0315,18.53,20.98,11.53
974.523,flow_only,7.501,52.1380126,21.1607763,89.73,52.1380153,21.1607763,30,0.5,0.059,255,0.0,0.0,0.0123,0.0918,3.006,2.949,0.42,-0.81,228.69,0.03,0.0,0.0,0.01,100223,1507,3,0.29,0.1,0.07,-0.03,48,-1,124,0,3.09,0.01,0.0067,0.0151,18.51,20.96,11.29
974.623,flow_only,7.601,52.1380126,21.1607762,89.73,52.1380153,21.1607763,30,0.5,0.059,255,0.0,0.1676,-0.0282,0.0617,2.994,2.943,0.28,-0.26,228.5,0.03,0.0,0.02,0.0,100223,1507,3,0.29,0.1,0.07,-0.03,48,-34,53,0,3.08,0.0,0.0086,0.0202,16.52,24.93,12.12
974.722,flow_only,7.7,52.1380126,21.1607762,89.72,52.1380152,21.1607764,30,0.5,0.046,255,0.0,0.0,0.0221,-0.014,3.008,2.937,0.38,-0.22,228.57,0.03,0.0,0.0,0.0,100223,1507,3,0.29,0.15,0.07,-0.03,48,-20,-53,0,3.08,0.0,0.0059,0.0145,20.09,23.96,9.43
974.822,flow_only,7.801,52.1380127,21.1607762,89.72,52.1380152,21.1607764,30,0.5,0.046,255,0.0,0.0,0.0108,-0.0353,2.994,2.936,0.53,-0.35,228.76,0.03,0.0,0.01,0.01,100223,1507,3,0.29,0.15,0.07,-0.03,48,-40,-5,0,3.09,0.01,0.0068,0.0181,22.66,20.28,7.66
974.922,flow_only,7.901,52.1380127,21.1607762,89.72,52.1380151,21.1607764,30,0.5,0.018,255,0.0,0.0,0.0134,-0.019,3.008,2.932,0.57,-0.51,229.08,0.03,0.0,0.06,0.01,100223,1507,3,0.29,0.14,0.07,-0.03,48,-14,37,0,3.07,0.01,0.0063,0.0184,22.49,21.81,7.87
975.022,flow_only,8.0,52.1380128,21.1607761,89.71,52.1380151,21.1607764,30,0.5,0.018,255,0.0,0.0,-0.0157,-0.0223,3.008,2.923,0.52,-0.73,229.43,0.03,0.0,0.03,0.0,100223,1507,3,0.29,0.14,0.07,-0.03,48,-3,27,0,3.06,-0.03,0.0068,0.02,20.73,18.94,9.79
975.122,flow_only,8.1,52.1380127,21.160776,89.7,52.138015,21.1607764,30,0.5,0.022,255,0.0,0.0,-0.0709,-0.0291,3.015,2.916,0.28,-0.98,229.75,0.03,0.0,0.0,0.0,100223,1507,3,0.29,0.13,0.07,-0.03,48,8,31,0,3.06,-0.03,0.0074,0.0173,18.11,21.53,12.69
975.222,flow_only,8.201,52.1380127,21.160776,89.7,52.138015,21.1607764,30,0.5,0.022,255,0.0,0.0,-0.0185,0.0504,3.014,2.912,0.08,-0.73,229.96,0.03,0.0,0.0,0.02,100223,1507,3,0.29,0.13,0.07,-0.03,48,33,-60,0,3.06,-0.03,0.0091,0.0204,16.44,18.73,13.34
975.322,flow_only,8.3,52.1380126,21.160776,89.69,52.1380149,21.1607764,30,0.5,0.029,255,0.0,0.1676,0.0158,0.0259,3.02,2.909,0.06,-0.52,230.01,0.03,0.0,0.02,0.01,100223,1507,3,0.29,0.11,0.07,-0.03,48,4,127,0,3.05,-0.04,0.0122,0.0284,11.45,17.4,13.12
975.422,flow_only,8.4,52.1380125,21.160776,89.69,52.1380149,21.1607764,30,0.5,0.029,255,0.0,0.0,0.0026,-0.0526,3.03,2.901,0.11,-0.79,229.89,0.03,0.0,0.07,0.01,100223,1507,3,0.29,0.11,0.07,-0.03,48,-21,51,0,3.03,-0.07,0.0215,0.0537,9.16,16.83,9.8
975.522,flow_only,8.5,52.1380124,21.1607759,89.67,52.1380149,21.1607764,30,0.5,0.025,255,0.1676,0.0,0.0196,0.0061,3.034,2.886,0.21,-0.72,229.63,0.03,0.0,0.06,0.01,100223,1507,3,0.29,0.07,0.07,-0.03,48,-42,-37,0,3.0,-0.07,0.0069,0.0334,12.4,23.48,10.65
975.623,flow_only,8.601,52.1380124,21.1607758,89.65,52.1380149,21.1607764,30,0.5,0.025,255,0.0,0.0,0.0194,0.026,3.038,2.869,0.4,-0.64,229.21,0.03,0.0,0.03,0.01,100223,1507,3,0.29,0.07,0.07,-0.03,48,116,-22,0,2.99,-0.09,0.0092,0.0335,16.32,24.24,13.92
975.723,flow_only,8.701,52.1380124,21.1607759,89.64,52.1380148,21.1607765,30,0.5,0.03,255,0.0,0.0,-0.0818,0.0098,3.034,2.852,0.05,-0.67,228.55,0.03,0.0,0.04,0.01,100223,1507,3,0.29,0.13,0.07,-0.03,48,3,-16,0,2.98,-0.13,0.0086,0.0323,16.27,22.48,12.84
975.822,flow_only,8.801,52.1380123,21.1607761,89.62,52.1380148,21.1607765,30,0.5,0.03,255,0.0,0.0,-0.0997,0.0297,3.052,2.836,-0.51,-0.48,227.73,0.03,0.0,0.0,0.01,100223,1507,3,0.29,0.13,0.07,-0.03,48,77,-35,0,2.98,-0.13,0.015,0.0366,18.0,22.94,13.0
975.922,flow_only,8.9,52.1380123,21.1607762,89.61,52.1380148,21.1607766,30,0.5,0.021,255,0.0,0.1676,0.0639,0.0312,3.058,2.826,-0.43,-0.23,226.84,0.03,0.0,0.02,0.01,100223,1507,3,0.29,0.13,0.07,-0.03,48,21,-48,0,3.0,-0.12,0.0118,0.027,18.7,21.44,11.69
976.022,flow_only,9.001,52.1380122,21.1607762,89.61,52.1380148,21.1607766,30,0.5,0.021,255,0.0,0.0,0.0881,-0.0016,3.036,2.821,0.06,-0.24,226.23,0.03,0.0,0.0,0.01,100223,1507,3,0.29,0.13,0.07,-0.03,48,-102,0,0,3.0,-0.14,0.0152,0.0347,18.4,20.73,11.95
976.122,flow_only,9.1,52.1380122,21.1607761,89.6,52.1380148,21.1607767,30,0.5,0.057,255,0.1676,0.0,0.0899,-0.0286,3.054,2.816,0.59,-0.34,226.05,0.03,0.0,0.01,0.01,100223,1507,3,0.29,0.09,0.07,-0.03,48,73,-2,0,2.99,-0.13,0.0106,0.025,16.67,23.55,12.78
976.222,flow_only,9.201,52.1380121,21.1607761,89.6,52.1380148,21.1607767,30,0.5,0.057,255,0.0,0.0,0.0297,-0.0385,3.03,2.811,0.96,-0.65,226.16,0.03,0.0,0.0,0.04,100223,1507,3,0.29,0.09,0.07,-0.03,48,58,71,0,2.99,-0.14,0.0146,0.0344,16.84,22.12,12.77
976.322,flow_only,9.3,52.138012,21.160776,89.59,52.1380148,21.1607769,30,0.5,0.11,255,0.0,0.0,-0.0043,0.0108,3.038,2.808,1.01,-0.75,226.45,0.03,0.0,0.0,0.0,100223,1507,3,0.29,0.07,0.07,-0.03,48,-34,37,0,3.0,-0.13,0.0153,0.0375,17.37,19.02,11.05
976.422,flow_only,9.4,52.138012,21.1607759,89.59,52.1380148,21.1607769,30,0.5,0.11,255,0.0,0.0,-0.0275,0.0494,3.04,2.808,0.82,-0.39,226.9,0.03,0.0,0.02,0.01,100223,1507,3,0.29,0.07,0.07,-0.03,48,31,-78,0,3.01,-0.11,0.0057,0.0271,15.89,20.91,10.76
976.522,flow_only,9.5,52.138012,21.160776,89.59,52.1380147,21.1607772,30,0.5,0.062,255,-0.1675,0.0,-0.0907,0.0277,3.053,2.807,0.38,-0.29,227.52,0.03,0.0,0.02,0.0,100223,1507,3,0.29,0.09,0.07,-0.03,48,61,13,0,3.0,-0.12,0.0091,0.0235,18.31,20.38,10.81
976.623,flow_only,9.601,52.138012,21.1607762,89.59,52.1380147,21.1607772,30,0.5,0.062,255,0.0,0.0,0.0111,-0.0495,3.072,2.804,0.24,-0.39,228.19,0.03,0.0,0.0,0.01,100223,1507,3,0.29,0.09,0.07,-0.03,48,82,-17,0,3.0,-0.13,0.0133,0.0305,18.71,20.42,10.93
976.723,flow_only,9.701,52.138012,21.1607762,89.59,52.1380146,21.1607774,30,0.5,0.139,255,0.0,0.0,0.0481,-0.0568,3.054,2.802,0.46,-0.64,228.92,0.03,0.0,0.0,0.0,100223,1507,3,0.29,0.08,0.07,-0.03,48,-32,72,0,3.0,-0.15,0.0069,0.0203,18.53,21.73,11.73
976.822,flow_only,9.8,52.138012,21.1607763,89.59,52.1380146,21.1607774,30,0.5,0.139,255,0.0,-0.1676,0.0054,-0.0965,3.038,2.804,0.46,-1.3,229.56,0.03,0.0,0.03,0.01,100223,1507,3,0.29,0.08,0.07,-0.03,48,134,-48,0,3.02,-0.12,0.0098,0.0321,18.93,18.55,10.4
976.922,flow_only,9.9,52.1380121,21.1607765,89.59,52.1380148,21.1607777,30,0.5,0.141,255,-0.1676,-0.1676,-0.0961,-0.11,3.058,2.807,0.13,-1.74,230.08,0.03,0.0,0.0,0.01,99695,1507,3,0.29,0.1,0.07,-0.03,49,-10,-70,0,3.02,-0.12,0.0117,0.0332,18.69,16.93,14.2
977.022,flow_only,10.001,52.1380121,21.1607767,89.6,52.1380148,21.1607777,30,0.5,0.141,255,0.0,0.0,0.0323,0.0001,3.04,2.813,0.02,-2.13,230.48,0.03,0.0,0.05,0.01,99695,1507,3,0.29,0.1,0.07,-0.03,49,53,-2,0,3.04,-0.08,0.0142,0.0483,19.72,21.0,15.94
977.122,flow_only,10.1,52.1380121,21.1607769,89.61,52.1380149,21.1607781,30,0.5,0.101,255,0.0,-0.1676,0.0558,-0.0384,3.028,2.822,0.16,-2.25,230.71,0.03,0.0,0.03,0.01,99695,1507,3,0.29,0.09,0.07,-0.03,49,-21,-128,0,3.06,-0.08,0.0191,0.0573,19.37,22.56,12.82
977.222,flow_only,10.201,52.1380122,21.1607771,89.62,52.1380149,21.1607781,30,0.5,0.101,255,0.1676,-0.1676,0.0723,-0.0311,3.028,2.83,0.66,-2.29,230.8,0.03,0.0,0.0,0.01,99695,1507,3,0.29,0.09,0.07,-0.03,49,48,40,0,3.06,-0.05,0.0081,0.0357,20.4,20.73,11.46
977.322,flow_only,10.3,52.1380122,21.1607772,89.62,52.1380149,21.1607783,30,0.5,0.099,255,0.0,0.0,0.0378,0.0633,3.03,2.833,1.01,-2.13,230.73,0.03,0.0,0.01,0.01,99695,1507,3,0.29,0.09,0.07,-0.03,49,90,20,0,3.05,-0.05,0.0071,0.0251,20.59,24.46,12.69
977.422,flow_only,10.4,52.1380122,21.1607772,89.62,52.1380149,21.1607783,30,0.5,0.099,255,0.0,0.0,0.0763,0.0318,3.042,2.831,1.2,-2.06,230.49,0.03,0.0,0.01,0.01,99695,1507,3,0.29,0.09,0.07,-0.03,49,-8,29,0,3.04,-0.07,0.0028,0.0122,18.42,16.97,12.01
977.522,flow_only,10.5,52.1380122,21.1607772,89.61,52.138015,21.1607785,30,0.5,0.079,255,0.0,0.0,-0.0673,0.0059,3.048,2.823,1.22,-1.81,230.11,0.03,0.0,0.05,0.01,99695,1507,3,0.29,0.1,0.07,-0.03,49,141,-53,0,3.02,-0.1,0.0076,0.0171,13.86,17.04,10.14
977.622,flow_only,10.6,52.1380122,21.1607773,89.6,52.138015,21.1607785,30,0.5,0.079,255,0.0,0.1675,-0.031,0.0889,3.042,2.813,0.94,-1.53,229.71,0.03,0.0,0.01,0.01,99695,1507,3,0.29,0.1,0.07,-0.03,49,47,-39,0,3.02,-0.11,0.0144,0.0293,12.97,16.69,9.99
977.723,flow_only,10.701,52.1380122,21.1607774,89.59,52.138015,21.1607787,30,0.5,0.035,255,0.0,0.0,-0.0635,-0.0269,3.05,2.803,0.56,-1.53,229.35,0.03,0.0,0.04,0.01,99695,1507,3,0.29,0.13,0.07,-0.03,49,30,-72,0,3.0,-0.13,0.0151,0.0329,16.76,15.22,8.75
977.823,flow_only,10.801,52.1380121,21.1607775,89.58,52.138015,21.1607787,30,0.5,0.035,255,-0.1676,-0.1676,0.0032,-0.065,3.028,2.796,0.46,-1.69,229.09,0.03,0.0,0.02,0.01,99695,1507,3,0.29,0.13,0.07,-0.03,49,34,18,0,3.01,-0.12,0.0149,0.0317,18.67,16.6,8.28
977.922,flow_only,10.9,52.1380121,21.1607776,89.58,52.1380149,21.1607787,30,0.52,0.066,255,0.0,0.0,0.0129,-0.0115,3.043,2.793,0.66,-1.79,228.96,0.03,0.0,0.03,0.01,99695,1507,3,0.29,0.1,0.07,-0.03,49,-36,-115,0,3.02,-0.1,0.0118,0.0295,21.83,19.35,10.41
978.022,flow_only,11.0,52.138012,21.1607777,89.58,52.1380149,21.1607787,30,0.52,0.066,255,0.0,0.0,-0.0091,0.0263,3.04,2.794,0.46,-1.88,229.04,0.03,0.0,0.0,0.01,99695,1507,3,0.29,0.1,0.07,-0.03,49,34,44,0,3.02,-0.1,0.0056,0.0186,19.49,19.78,12.66
978.122,flow_only,11.1,52.138012,21.1607777,89.58,52.138015,21.1607786,30,0.52,0.061,255,0.0,0.0,0.0242,0.0266,3.034,2.797,0.51,-1.75,229.19,0.03,0.0,0.02,0.01,99695,1507,3,0.29,0.12,0.07,-0.03,49,-7,-26,0,3.03,-0.09,0.0085,0.026,18.3,21.2,11.54
978.222,flow_only,11.2,52.1380121,21.1607776,89.59,52.138015,21.1607786,30,0.52,0.061,255,0.0,0.0,0.1067,0.0229,3.036,2.804,1.07,-1.4,229.37,0.03,0.0,0.04,0.0,99695,1507,3,0.29,0.12,0.07,-0.03,49,-94,78,0,3.05,-0.07,0.0152,0.0428,21.29,25.21,14.02
978.322,flow_only,11.3,52.138012,21.1607774,89.6,52.138015,21.1607785,30,0.52,0.074,255,0.0,0.1676,0.0939,0.0563,3.056,2.812,1.72,-1.3,229.51,0.03,0.0,0.0,0.01,99695,1507,3,0.29,0.1,0.07,-0.03,49,-133,-10,0,3.04,-0.07,0.0104,0.0285,21.4,20.76,13.83
978.422,flow_only,11.4,52.138012,21.1607773,89.6,52.138015,21.1607785,30,0.52,0.074,255,0.0,0.0,-0.001,0.0398,3.058,2.817,1.75,-1.08,229.65,0.03,0.0,0.0,0.01,99695,1507,3,0.29,0.1,0.07,-0.03,49,22,-72,0,3.04,-0.09,0.0087,0.0233,19.73,25.49,16.17
978.522,flow_only,11.5,52.138012,21.1607771,89.61,52.138015,21.1607783,30,0.52,0.111,255,-0.1676,0.0,-0.0689,0.095,3.06,2.821,1.56,-0.6,229.82,0.03,0.0,0.01,0.0,99695,1507,3,0.29,0.07,0.07,-0.03,49,31,50,0,3.05,-0.08,0.0043,0.0187,17.85,29.13,15.44
978.622,flow_only,11.6,52.138012,21.1607769,89.61,52.138015,21.1607783,30,0.52,0.111,255,-0.1676,0.0,-0.0969,0.0165,3.064,2.825,1.07,-0.34,229.98,0.03,0.0,0.01,0.01,99695,1507,3,0.29,0.07,0.07,-0.03,49,-69,-90,0,3.06,-0.08,0.0043,0.0187,17.97,24.44,15.06
978.723,flow_only,11.701,52.138012,21.1607767,89.61,52.1380149,21.160778,30,0.5,0.07,255,-0.1675,0.0,-0.0685,-0.0027,3.064,2.825,0.59,-0.3,230.18,0.03,0.0,0.02,0.0,99695,1507,3,0.29,0.1,0.07,-0.03,49,-43,131,0,3.05,-0.08,0.0082,0.0173,16.81,19.37,12.53
978.823,flow_only,11.801,52.138012,21.1607766,89.61,52.1380149,21.160778,30,0.5,0.07,255,0.0,0.0,-0.0058,0.0551,3.05,2.822,0.45,-0.23,230.27,0.03,0.0,0.0,0.01,99695,1507,3,0.29,0.1,0.07,-0.03,49,-85,-3,0,3.04,-0.09,0.0021,0.0057,16.91,17.86,9.41
978.922,flow_only,11.9,52.138012,21.1607764,89.61,52.1380149,21.1607777,30,0.5,0.154,255,0.0,0.0,-0.0549,-0.0309,3.064,2.82,0.19,-0.11,230.13,0.03,0.0,0.03,0.01,99695,1507,3,0.28,0.09,0.07,-0.03,49,-135,-87,0,3.06,-0.09,0.0109,0.0259,17.7,16.89,9.9
979.022,flow_only,12.0,52.1380121,21.1607764,89.61,52.1380149,21.1607777,30,0.5,0.154,255,0.0,0.0,-0.0211,-0.0293,3.06,2.822,0.12,-0.17,229.84,0.03,0.0,0.01,0.0,99695,1507,3,0.28,0.09,0.07,-0.03,49,-121,11,0,3.06,-0.08,0.0107,0.0272,18.3,18.79,12.59
979.122,flow_only,12.1,52.1380122,21.1607762,89.61,52.138015,21.1607774,30,0.52,0.145,255,-0.1676,0.0,-0.0193,0.0004,3.062,2.824,-0.05,-0.45,229.37,0.03,0.0,0.01,0.01,99695,1507,3,0.28,0.1,0.07,-0.03,49,-91,66,0,3.06,-0.08,0.0113,0.0276,16.13,19.1,10.82
979.222,flow_only,12.2,52.1380123,21.160776,89.61,52.138015,21.1607774,30,0.52,0.145,255,0.0,0.0,-0.0757,-0.0686,3.054,2.826,-0.42,-0.67,228.8,0.03,0.0,0.01,0.02,99695,1507,3,0.28,0.1,0.07,-0.03,49,92,0,0,3.07,-0.09,0.008,0.0229,15.05,19.51,12.98
979.322,flow_only,12.3,52.1380124,21.1607758,89.61,52.1380151,21.1607772,30,0.5,0.08,255,-0.1676,-0.1676,-0.0448,-0.0051,3.042,2.826,-0.53,-0.84,228.19,0.03,0.0,0.0,0.03,99695,1507,3,0.28,0.09,0.07,-0.03,49,34,29,0,3.06,-0.08,0.0104,0.023,20.04,16.66,11.97
979.422,flow_only,12.4,52.1380124,21.1607757,89.61,52.1380151,21.1607772,30,0.5,0.08,255,0.0,0.0,0.0271,0.0299,3.04,2.827,-0.53,-0.76,227.5,0.03,0.0,0.03,0.02,99695,1507,3,0.28,0.09,0.07,-0.03,49,33,-9,0,3.07,-0.05,0.007,0.0202,17.47,19.26,9.79
979.522,flow_only,12.5,52.1380124,21.1607757,89.61,52.1380151,21.160777,30,0.52,0.065,255,0.0,0.0,-0.0298,-0.0051,3.03,2.826,-0.67,-0.71,226.77,0.03,0.0,0.0,0.0,99695,1507,3,0.28,0.11,0.07,-0.03,49,43,-3,0,3.07,-0.05,0.0061,0.0147,18.91,16.07,9.23
979.622,flow_only,12.6,52.1380124,21.1607757,89.61,52.1380151,21.160777,30,0.52,0.065,255,-0.1676,0.0,-0.0528,0.0504,3.032,2.822,-0.9,-0.57,226.14,0.03,0.0,0.0,0.01,99695,1507,3,0.28,0.11,0.07,-0.03,49,38,-16,0,3.06,-0.05,0.0097,0.0181,16.11,20.29,11.84
979.723,flow_only,12.701,52.1380123,21.1607758,89.6,52.1380152,21.1607769,30,0.5,0.068,255,0.0,0.0,0.0127,0.0056,3.03,2.817,-1.05,-0.41,225.68,0.03,0.0,0.0,0.01,99695,1507,3,0.28,0.1,0.07,-0.03,49,18,143,0,3.05,-0.06,0.0147,0.0281,16.7,20.69,13.78
979.823,flow_only,12.801,52.1380123,21.1607758,89.6,52.1380152,21.1607769,30,0.5,0.068,255,0.1676,0.0,0.0896,-0.0161,3.022,2.81,-0.6,-0.4,225.4,0.03,0.0,0.01,0.03,99695,1507,3,0.28,0.1,0.07,-0.03,49,62,-6,0,3.04,-0.06,0.0041,0.0077,17.01,23.36,13.98
979.922,flow_only,12.9,52.1380122,21.1607758,89.59,52.1380152,21.1607769,30,0.52,0.051,255,0.0,0.0,0.045,0.0221,3.006,2.803,-0.22,-0.37,225.39,0.03,0.0,0.01,0.01,99695,1507,3,0.28,0.12,0.07,-0.03,49,-103,24,0,3.03,-0.07,0.0094,0.0187,17.07,23.57,13.36
980.022,flow_only,13.0,52.1380122,21.1607757,89.58,52.1380152,21.1607769,30,0.52,0.051,255,0.0,0.0,0.0157,-0.0171,3.008,2.794,-0.09,-0.47,225.63,0.03,0.0,0.02,0.02,99695,1507,3,0.28,0.12,0.07,-0.03,49,-46,-2,0,3.02,-0.08,0.0144,0.0301,16.47,20.05,12.42
980.122,flow_only,13.1,52.1380122,21.1607758,89.57,52.1380151,21.160777,30,0.52,0.071,255,0.0,0.0,-0.0052,-0.0388,2.98,2.785,-0.05,-0.53,226.09,0.03,0.0,0.01,0.01,99695,1507,3,0.28,0.14,0.07,-0.03,49,-42,-6,0,3.0,-0.07,0.0043,0.0162,18.1,19.09,11.99
980.222,flow_only,13.2,52.1380121,21.1607759,89.56,52.1380151,21.160777,30,0.52,0.071,255,0.0,0.0,0.0144,-0.0166,2.996,2.777,-0.03,-0.62,226.76,0.03,0.0,0.0,0.02,99695,1507,3,0.28,0.14,0.07,-0.03,49,-18,25,0,3.0,-0.07,0.0073,0.0168,16.72,23.89,12.31
980.322,flow_only,13.3,52.138012,21.1607759,89.56,52.1380151,21.1607772,30,0.52,0.092,255,0.0,0.0,0.0757,0.0625,2.99,2.77,0.22,-0.47,227.61,0.03,0.0,0.01,0.02,99695,1507,3,0.28,0.12,0.07,-0.03,49,-52,1,0,2.99,-0.08,0.005,0.0143,19.45,21.56,11.09
980.422,flow_only,13.4,52.138012,21.160776,89.55,52.1380151,21.1607772,30,0.52,0.092,255,0.1676,-0.1676,0.0581,-0.0152,2.976,2.765,0.6,-0.5,228.46,0.03,0.0,0.01,0.01,99695,1507,3,0.28,0.12,0.07,-0.03,49,54,1,0,2.99,-0.07,0.0038,0.0134,17.7,22.74,14.47
980.522,flow_only,13.5,52.138012,21.1607762,89.55,52.1380149,21.1607775,30,0.52,0.102,255,0.0,0.0,0.0356,-0.0183,2.978,2.761,0.87,-0.38,229.27,0.03,0.0,0.0,0.01,99695,1507,3,0.28,0.07,0.07,-0.03,49,82,-40,0,2.99,-0.07,0.0179,0.0339,21.88,21.9,13.27
980.622,flow_only,13.6,52.1380119,21.1607764,89.55,52.1380149,21.1607775,30,0.52,0.102,255,0.1676,0.0,0.0511,-0.0001,2.974,2.76,1.11,-0.47,229.95,0.03,0.0,0.0,0.01,99695,1507,3,0.28,0.07,0.07,-0.03,49,-72,32,0,2.99,-0.06,0.0067,0.0135,22.87,19.3,14.25
980.722,flow_only,13.7,52.1380119,21.1607765,89.55,52.1380148,21.1607778,30,0.52,0.128,255,0.1675,0.0,0.0676,-0.0395,2.994,2.762,1.53,-0.79,230.51,0.03,0.0,0.01,0.0,99695,1507,3,0.28,0.09,0.07,-0.03,49,63,82,0,3.0,-0.06,0.0061,0.0109,18.25,19.13,13.46
980.823,flow_only,13.801,52.138012,21.1607765,89.55,52.1380148,21.1607778,30,0.52,0.128,255,0.0,0.0,0.0321,-0.0033,3.004,2.766,1.75,-0.96,230.89,0.03,0.0,0.0,0.01,99695,1507,3,0.28,0.09,0.07,-0.03,49,-65,45,0,3.0,-0.06,0.0142,0.0271,18.55,19.42,13.63
980.923,flow_only,13.901,52.138012,21.1607765,89.55,52.1380147,21.1607781,30,0.52,0.07,255,0.0,0.0,0.0239,-0.0195,2.995,2.768,1.84,-0.99,231.04,0.03,0.0,0.01,0.01,99695,1507,3,0.28,0.13,0.07,-0.03,49,-17,20,0,3.0,-0.07,0.0139,0.0273,18.66,17.71,12.88
981.022,flow_only,14.0,52.1380121,21.1607765,89.56,52.1380147,21.1607781,30,0.52,0.07,255,0.0,0.0,-0.0525,-0.0087,3.014,2.773,1.75,-0.93,231.0,0.03,0.0,0.03,0.01,99695,1507,3,0.28,0.13,0.07,-0.03,49,-34,-169,0,3.02,-0.05,0.0168,0.0341,17.03,18.11,10.58
981.122,flow_only,14.1,52.1380122,21.1607765,89.56,52.1380147,21.1607783,30,0.5,0.054,255,0.0,0.0,-0.0369,0.0025,3.022,2.777,1.5,-0.98,230.82,0.03,0.0,0.01,0.01,99695,1507,3,0.28,0.14,0.07,-0.03,49,74,43,0,3.02,-0.05,0.006,0.0127,16.5,21.56,11.35
981.222,flow_only,14.2,52.1380123,21.1607766,89.56,52.1380147,21.1607783,30,0.5,0.054,255,0.0,0.0,-0.0411,-0.0327,3.032,2.778,1.18,-1.14,230.43,0.03,0.0,0.02,0.01,99695,1507,3,0.28,0.14,0.07,-0.03,49,72,37,0,3.02,-0.08,0.014,0.0268,15.6,17.64,11.26
981.322,flow_only,14.3,52.1380125,21.1607768,89.56,52.1380146,21.1607783,30,0.5,0.028,255,-0.1676,0.0,-0.124,-0.0021,3.052,2.776,0.6,-1.14,229.89,0.03,0.0,0.0,0.01,99695,1507,3,0.28,0.14,0.07,-0.03,49,88,18,0,3.02,-0.09,0.014,0.028,13.81,19.92,11.9
981.422,flow_only,14.4,52.1380126,21.1607769,89.56,52.1380146,21.1607783,30,0.5,0.028,255,0.0,-0.1675,-0.0925,-0.0039,3.07,2.774,0.16,-1.14,229.38,0.03,0.0,0.0,0.01,99695,1507,3,0.28,0.14,0.07,-0.03,49,-89,26,0,3.02,-0.1,0.0156,0.0321,18.25,17.69,12.86
981.522,flow_only,14.5,52.1380128,21.1607769,89.56,52.1380146,21.1607783,30,0.5,0.075,255,0.0,-0.1676,-0.019,-0.0517,3.07,2.774,-0.06,-1.35,229.06,0.03,0.0,0.03,0.01,99695,1507,3,0.28,0.14,0.07,-0.03,49,66,43,0,3.03,-0.12,0.0045,0.0121,17.11,18.68,13.09
981.622,flow_only,14.601,52.1380128,21.160777,89.56,52.1380147,21.1607782,30,0.5,0.126,255,-0.1675,-0.1675,-0.0647,-0.047,3.06,2.774,-0.34,-1.65,229.06,0.03,0.0,0.0,0.01,99695,1507,3,0.28,0.15,0.07,-0.03,49,-100,62,0,3.03,-0.12,0.0064,0.0138,17.66,15.07,12.31
981.722,flow_only,14.7,52.138013,21.160777,89.56,52.1380147,21.1607782,30,0.5,0.126,255,0.0,-0.1676,-0.0465,-0.0068,3.062,2.774,-0.63,-1.84,229.34,0.03,0.0,0.01,0.01,99695,1507,3,0.28,0.15,0.07,-0.03,49,-95,-100,0,3.04,-0.1,0.0235,0.0452,21.02,18.77,12.48
981.822,flow_only,14.8,52.1380132,21.160777,89.56,52.1380147,21.1607782,30,0.5,0.126,255,0.0,0.0,0.0389,-0.0593,3.076,2.775,-0.56,-1.9,229.8,0.03,0.0,0.01,0.01,99695,1507,3,0.28,0.15,0.07,-0.03,49,3,17,0,3.04,-0.1,0.0184,0.0366,17.16,23.46,12.97
981.922,flow_only,14.9,52.1380134,21.1607769,89.56,52.1380148,21.1607782,30,0.52,0.027,255,0.0,0.0,-0.0277,0.0123,3.06,2.776,-0.48,-2.06,230.42,0.03,0.0,0.02,0.01,99695,1507,3,0.28,0.1,0.07,-0.03,49,171,26,0,3.05,-0.1,0.0054,0.016,12.33,19.58,11.2
982.022,flow_only,15.0,52.1380134,21.1607769,89.56,52.1380148,21.1607782,30,0.52,0.027,255,-0.1676,0.0,-0.1208,0.0311,3.078,2.779,-1.26,-2.04,231.03,0.03,0.0,0.02,0.01,99695,1507,3,0.28,0.1,0.07,-0.03,49,103,-6,0,3.06,-0.09,0.0118,0.0263,14.18,16.72,9.97
982.122,flow_only,15.1,52.1380133,21.160777,89.56,52.1380148,21.1607781,30,0.52,0.044,255,-0.1675,0.0,-0.1491,0.0234,3.066,2.779,-2.06,-1.79,231.63,0.03,0.0,0.0,0.01,99695,1507,3,0.28,0.08,0.07,-0.03,49,123,-59,0,3.05,-0.09,0.0272,0.0511,15.8,15.57,8.24
982.222,flow_only,15.2,52.1380131,21.1607771,89.56,52.1380148,21.1607781,30,0.52,0.044,255,0.0,0.0,-0.0926,-0.0149,3.075,2.777,-2.68,-1.72,232.25,0.03,0.0,0.0,0.01,99695,1507,3,0.28,0.08,0.07,-0.03,49,-47,-31,0,3.05,-0.11,0.025,0.0486,15.51,15.23,10.67
982.322,flow_only,15.3,52.1380129,21.1607773,89.56,52.1380146,21.160778,30,0.5,0.087,255,-0.1676,0.0,-0.0035,0.008,3.066,2.773,-3.02,-1.72,232.9,0.03,0.0,0.01,0.01,99695,1507,3,0.28,0.12,0.07,-0.03,49,-256,10,0,3.04,-0.11,0.0047,0.0113,13.8,17.47,10.71
982.422,flow_only,15.4,52.1380128,21.1607773,89.55,52.1380146,21.160778,30,0.5,0.087,255,0.0,0.0,0.0048,0.0234,3.058,2.767,-2.96,-1.62,233.15,0.03,0.0,0.02,0.01,99695,1507,3,0.28,0.12,0.07,-0.03,49,-43,-25,0,3.03,-0.12,0.0028,0.0089,16.92,19.22,13.47
982.522,flow_only,15.5,52.1380128,21.1607774,89.55,52.1380143,21.160778,30,0.5,0.161,255,0.0,0.0,-0.1351,-0.0592,3.066,2.762,-3.31,-1.82,231.94,0.03,0.0,0.01,0.01,99695,1507,3,0.28,0.14,0.07,-0.03,49,-20,-16,0,3.03,-0.1,0.0055,0.0077,15.82,18.16,13.36
982.622,flow_only,15.6,52.1380126,21.1607774,89.54,52.1380141,21.1607781,30,0.5,0.123,255,0.0,0.0,-0.1168,0.0456,3.062,2.758,-4.03,-1.85,228.79,0.03,0.0,0.0,0.02,99695,1507,3,0.28,0.1,0.07,-0.03,49,-76,-52,0,3.03,-0.1,0.005,0.0076,13.92,16.52,10.64
982.722,flow_only,15.7,52.1380125,21.1607776,89.54,52.1380141,21.1607781,30,0.5,0.123,255,0.3351,0.0,-0.0769,0.036,3.07,2.75,-4.31,-1.91,223.96,0.03,0.0,0.02,0.01,99695,1507,3,0.28,0.1,0.07,-0.03,49,-39,-90,0,3.02,-0.12,0.0133,0.0248,12.8,13.71,10.12
982.822,flow_only,15.8,52.1380122,21.1607782,89.53,52.1380141,21.1607781,30,0.5,0.123,255,0.0,0.1676,-0.0716,0.0179,3.052,2.742,-4.54,-2.47,217.85,0.03,0.0,0.0,0.03,99695,1507,3,0.28,0.1,0.07,-0.03,49,-53,9,0,3.01,-0.11,0.0444,0.0818,10.85,10.94,9.27
982.922,flow_only,15.9,52.1380119,21.1607789,89.52,52.1380137,21.1607781,30,0.5,0.218,255,0.3351,0.0,0.0117,-0.0008,3.064,2.734,-4.4,-2.94,210.78,0.03,0.0,0.0,0.02,99695,1507,3,0.28,0.1,0.07,-0.03,49,383,-389,0,3.0,-0.11,0.0653,0.1206,11.99,10.4,7.51
983.022,flow_only,16.0,52.1380115,21.1607799,89.52,52.1380137,21.1607781,30,0.5,0.218,255,0.1676,0.1676,-0.0248,-0.0314,3.062,2.73,-3.82,-3.38,203.1,0.03,0.0,0.03,0.03,99695,1507,3,0.28,0.1,0.07,-0.03,49,104,67,0,3.01,-0.12,0.039,0.0754,13.84,13.22,9.99
983.122,flow_only,16.1,52.138011,21.1607808,89.52,52.138013,21.1607783,30,0.5,0.399,255,0.5027,0.0,0.0318,-0.0936,3.03,2.731,-3.14,-4.4,195.0,0.03,0.0,0.02,0.07,99695,1507,3,0.28,0.1,0.07,-0.03,49,143,150,0,3.02,-0.12,0.0352,0.0687,14.65,14.9,11.56
983.222,flow_only,16.2,52.1380103,21.1607819,89.51,52.138013,21.1607783,30,0.5,0.399,255,0.0,0.1676,-0.0226,0.0565,3.004,2.73,-2.56,-4.91,186.66,0.03,0.0,0.0,0.08,99695,1507,3,0.28,0.1,0.07,-0.03,49,-59,-74,0,3.01,-0.12,0.0299,0.0607,17.15,17.81,12.94
983.322,flow_only,16.3,52.1380097,21.1607831,89.51,52.138012,21.1607786,30,0.5,0.643,255,0.1676,0.3351,0.0482,0.0495,2.994,2.729,-1.66,-4.77,178.37,0.03,0.0,0.0,0.05,99695,1507,3,0.28,0.11,0.07,-0.03,49,262,-127,0,3.01,-0.06,0.0445,0.0884,16.28,19.76,14.79
983.422,flow_only,16.4,52.138009,21.1607843,89.51,52.138012,21.1607786,30,0.5,0.643,255,0.1676,0.5027,0.0346,0.0753,2.996,2.721,-0.8,-4.79,170.15,0.03,0.0,0.05,0.05,99695,1507,3,0.28,0.11,0.07,-0.03,49,101,616,0,2.99,-0.08,0.053,0.1026,15.86,19.53,13.65
983.522,flow_only,16.5,52.138008,21.1607856,89.49,52.1380106,21.160779,30,0.5,0.896,255,0.0,0.1675,0.0511,0.1083,3.008,2.708,0.08,-4.31,162.12,0.03,0.0,0.03,0.06,99695,1507,3,0.28,0.12,0.07,-0.03,49,-47,-55,0,2.97,-0.1,0.0414,0.0847,19.18,23.46,13.2
983.622,flow_only,16.6,52.1380071,21.1607865,89.49,52.1380106,21.160779,30,0.5,0.896,255,0.0,0.5028,0.019,0.1603,3.026,2.703,0.92,-3.3,154.65,0.03,0.0,0.03,0.06,99695,1507,3,0.28,0.12,0.07,-0.03,49,-224,-160,0,2.99,-0.09,0.0334,0.0542,19.5,21.0,14.12
983.722,flow_only,16.7,52.1380063,21.1607871,89.48,52.138009,21.1607796,30,0.5,0.891,255,0.0,0.67,0.0028,0.116,3.022,2.7,1.34,-2.4,147.88,0.03,0.0,0.0,0.07,99695,1507,3,0.28,0.13,0.07,-0.03,49,-88,-145,0,2.99,-0.11,0.0472,0.0808,22.69,23.43,19.55
983.822,flow_only,16.8,52.1380054,21.1607877,89.49,52.138009,21.1607796,30,0.5,0.891,255,0.0,0.1675,-0.0345,-0.0469,3.008,2.703,1.45,-2.15,141.74,0.03,0.0,0.04,0.09,99695,1507,3,0.28,0.13,0.07,-0.03,49,-4,-44,0,3.01,-0.09,0.0385,0.0702,20.3,24.97,14.33
983.922,flow_only,16.9,52.1380046,21.1607883,89.5,52.1380073,21.1607804,30,0.5,1.003,255,-0.1676,0.3351,-0.1311,-0.0508,3.02,2.712,1.04,-2.39,136.59,0.03,0.0,0.04,0.07,99695,1507,3,0.28,0.12,0.07,-0.03,49,141,-105,0,3.03,-0.07,0.0322,0.0611,22.37,25.49,17.59
984.022,flow_only,17.0,52.1380038,21.160789,89.51,52.1380073,21.1607804,30,0.5,1.003,255,-0.3351,0.5027,-0.0501,-0.057,3.012,2.72,0.94,-2.67,132.76,0.03,0.0,0.02,0.06,99695,1507,3,0.28,0.12,0.07,-0.03,49,60,72,0,3.04,-0.06,0.0265,0.0533,23.57,21.11,14.18
984.122,flow_only,17.1,52.1380031,21.1607897,89.51,52.1380055,21.1607815,30,0.5,1.047,255,-0.1676,0.1676,-0.1672,-0.0313,3.006,2.728,0.23,-2.7,130.56,0.03,0.0,0.02,0.06,99695,1507,3,0.28,0.11,0.07,-0.03,49,-185,-142,0,3.05,-0.06,0.0362,0.0717,22.99,21.54,13.31
984.222,flow_only,17.2,52.1380022,21.1607903,89.53,52.1380055,21.1607815,30,0.5,1.047,255,-0.1676,0.1676,0.0841,-0.0993,3.018,2.741,0.19,-3.3,129.56,0.03,0.0,0.07,0.05,99695,1507,3,0.28,0.11,0.07,-0.03,49,61,-104,0,3.08,-0.01,0.0274,0.0646,21.35,21.31,13.08
984.322,flow_only,17.3,52.1380014,21.160791,89.54,52.1380037,21.1607828,30,0.5,1.09,255,0.0,0.335,0.047,0.0349,2.998,2.759,0.89,-3.23,129.3,0.03,0.0,0.07,0.05,99695,1507,3,0.28,0.1,0.07,-0.03,49,-36,-141,0,3.11,0.0,0.0385,0.0865,21.91,23.07,14.81
984.422,flow_only,17.4,52.1380006,21.1607916,89.56,52.1380037,21.1607828,30,0.5,1.09,255,-0.1676,0.1676,-0.0827,-0.0049,3.02,2.779,0.49,-3.2,129.55,0.03,0.0,0.04,0.04,99695,1507,3,0.28,0.1,0.07,-0.03,49,141,149,0,3.12,0.03,0.0272,0.0699,20.32,24.23,14.59
984.522,flow_only,17.5,52.1379998,21.1607924,89.58,52.1380019,21.1607844,30,0.5,1.15,255,-0.1675,0.335,0.0011,0.0169,3.036,2.796,0.39,-3.2,130.34,0.03,0.0,0.02,0.06,99695,1507,3,0.28,0.11,0.07,-0.03,49,-64,-10,0,3.13,0.02,0.0226,0.058,21.39,24.43,14.92
984.622,flow_only,17.6,52.1379991,21.1607932,89.6,52.1380019,21.1607844,30,0.5,1.15,255,-0.1676,0.6702,0.0084,-0.0142,3.038,2.815,0.44,-3.13,131.39,0.03,0.0,0.06,0.03,99695,1507,3,0.28,0.11,0.07,-0.03,49,-121,-42,0,3.16,0.05,0.0334,0.0763,25.2,23.17,15.92
984.722,flow_only,17.7,52.1379982,21.1607942,89.62,52.1380001,21.1607863,30,0.5,1.225,255,-0.1676,0.5027,-0.0111,0.0431,3.016,2.831,0.28,-3.17,132.68,0.03,0.0,0.01,0.04,99695,1507,3,0.28,0.11,0.07,-0.03,49,-66,-14,0,3.16,0.03,0.0218,0.0501,24.95,27.39,15.97
984.822,flow_only,17.8,52.1379973,21.1607952,89.63,52.1380001,21.1607863,30,0.5,1.225,255,0.0,0.3351,0.0011,0.0321,3.0,2.841,0.2,-2.89,134.04,0.03,0.0,0.0,0.04,99695,1507,3,0.28,0.11,0.07,-0.03,49,69,-137,0,3.16,0.04,0.0162,0.0369,22.66,26.54,14.91
984.922,flow_only,17.9,52.1379964,21.1607963,89.63,52.1379983,21.1607884,30,0.5,1.237,255,-0.1676,0.3351,0.0091,0.1508,3.008,2.85,0.31,-2.24,135.45,0.03,0.0,0.04,0.05,99695,1507,3,0.28,0.1,0.07,-0.03,49,0,145,0,3.17,0.08,0.02,0.0427,20.23,23.28,14.45
985.022,flow_only,18.0,52.1379954,21.1607974,89.64,52.1379983,21.1607884,30,0.5,1.237,255,0.0,0.3352,0.0096,0.0058,2.998,2.856,0.2,-1.95,136.83,0.03,0.0,0.0,0.04,99695,1507,3,0.28,0.1,0.07,-0.03,49,-274,224,0,3.16,0.08,0.0404,0.0702,21.21,24.54,14.53
985.122,flow_only,18.1,52.1379944,21.1607985,89.65,52.1379965,21.1607906,30,0.5,1.28,255,-0.1676,0.1676,-0.0233,-0.1198,2.976,2.861,0.11,-2.29,138.26,0.03,0.0,0.01,0.04,99695,1507,3,0.28,0.1,0.07,-0.03,49,2,-102,0,3.16,0.08,0.0234,0.0436,23.57,25.43,15.7
985.222,flow_only,18.2,52.1379934,21.1607997,89.65,52.1379965,21.1607906,30,0.5,1.28,255,0.0,0.5026,0.0382,0.0652,2.982,2.866,0.16,-2.4,139.65,0.03,0.0,0.02,0.05,99695,1507,3,0.28,0.1,0.07,-0.03,49,20,-134,0,3.17,0.08,0.0123,0.0253,21.38,24.96,16.92
985.322,flow_only,18.3,52.1379925,21.1608009,89.66,52.1379947,21.1607931,30,0.5,1.345,255,0.0,0.6702,0.1081,-0.0005,2.986,2.874,0.48,-2.23,140.87,0.03,0.0,0.06,0.06,99695,1507,3,0.28,0.1,0.07,-0.03,49,-52,351,0,3.18,0.11,0.0204,0.0422,21.57,23.71,14.96
985.422,flow_only,18.4,52.1379915,21.1608021,89.67,52.1379947,21.1607931,30,0.5,1.345,255,0.0,0.5027,0.0939,0.0933,2.978,2.886,1.18,-1.91,141.84,0.03,0.0,0.04,0.05,99695,1507,3,0.28,0.1,0.07,-0.03,49,6,-122,0,3.2,0.13,0.0133,0.0349,21.4,22.68,16.72
985.522,flow_only,18.5,52.1379905,21.1608034,89.68,52.1379928,21.1607958,30,0.5,1.417,255,0.0,0.5027,-0.0947,0.0946,2.958,2.896,0.79,-1.4,142.45,0.03,0.0,0.01,0.03,99695,1507,3,0.29,0.09,0.07,-0.03,49,7,-29,0,3.19,0.13,0.0091,0.0215,17.22,21.81,14.77
985.622,flow_only,18.6,52.1379895,21.1608048,89.69,52.1379928,21.1607958,30,0.5,1.417,255,0.0,0.3353,-0.0281,-0.0173,2.958,2.902,0.56,-1.23,142.57,0.03,0.0,0.02,0.04,99695,1507,3,0.29,0.09,0.07,-0.03,49,13,-13,0,3.18,0.12,0.018,0.031,15.44,17.61,12.99
985.722,flow_only,18.7,52.1379885,21.1608062,89.69,52.137991,21.1607987,30,0.5,1.395,255,0.1676,0.3351,0.0317,0.0711,2.954,2.903,0.65,-1.16,142.4,0.03,0.0,0.01,0.04,99695,1507,3,0.29,0.09,0.07,-0.03,49,-55,-99,0,3.17,0.12,0.0107,0.0216,15.17,16.91,12.5
985.822,flow_only,18.8,52.1379876,21.1608075,89.69,52.137991,21.1607987,30,0.5,1.395,255,0.0,0.3351,0.0234,0.0051,2.978,2.905,0.74,-0.96,141.99,0.03,0.0,0.01,0.04,99695,1507,3,0.29,0.09,0.07,-0.03,49,-68,356,0,3.17,0.12,0.015,0.0259,18.64,18.66,15.19
985.922,flow_only,18.9,52.1379866,21.160809,89.69,52.1379892,21.1608016,30,0.5,1.391,255,0.1676,0.6702,0.0455,0.0395,2.986,2.908,1.11,-0.77,141.54,0.03,0.0,0.0,0.04,99695,1507,3,0.29,0.09,0.07,-0.03,49,37,338,0,3.17,0.1,0.0456,0.0749,17.94,20.82,14.33
986.022,flow_only,19.0,52.1379855,21.1608106,89.7,52.1379892,21.1608016,30,0.5,1.391,255,0.0,0.3351,0.0186,-0.0099,2.998,2.914,1.2,-0.77,141.14,0.03,0.0,0.03,0.04,99695,1507,3,0.29,0.09,0.07,-0.03,49,-47,51,0,3.18,0.11,0.0219,0.0381,17.49,20.17,14.28
986.122,flow_only,19.1,52.1379845,21.1608121,89.7,52.1379873,21.1608047,30,0.5,1.505,255,0.0,0.5027,0.02,0.0574,2.986,2.92,1.36,-0.57,140.77,0.03,0.0,0.01,0.02,99695,1507,3,0.29,0.09,0.07,-0.03,49,80,-121,0,3.17,0.1,0.0098,0.0191,18.5,21.13,14.51
986.222,flow_only,19.2,52.1379837,21.1608137,89.71,52.1379873,21.1608047,30,0.5,1.505,255,0.0,0.3352,-0.006,0.0437,3.004,2.924,1.35,-0.24,140.31,0.03,0.0,0.01,0.03,99695,1507,3,0.29,0.09,0.07,-0.03,49,110,162,0,3.18,0.1,0.0232,0.0394,19.42,20.47,15.84
986.322,flow_only,19.3,52.1379829,21.1608152,89.71,52.1379854,21.1608076,30,0.5,1.382,255,0.0,0.3352,-0.0554,-0.0117,2.976,2.924,1.15,-0.2,139.85,0.03,0.0,0.04,0.04,99695,1507,3,0.29,0.09,0.07,-0.03,49,-40,36,0,3.15,0.09,0.0141,0.0363,19.22,17.91,12.39
986.422,flow_only,19.4,52.1379821,21.1608166,89.71,52.1379854,21.1608076,30,0.5,1.382,255,0.0,0.3351,0.1627,-0.0723,2.976,2.922,1.48,-0.48,139.37,0.03,0.0,0.02,0.04,99695,1507,3,0.29,0.09,0.07,-0.03,49,-22,-80,0,3.16,0.08,0.0216,0.0407,15.49,26.58,14.33
986.522,flow_only,19.5,52.1379813,21.1608179,89.71,52.1379836,21.1608104,30,0.5,1.422,255,0.0,0.3352,0.0278,-0.0747,2.96,2.924,2.08,-0.94,139.0,0.03,0.0,0.02,0.03,99695,1507,3,0.29,0.1,0.07,-0.03,49,-31,-9,0,3.17,0.11,0.0092,0.0157,16.41,25.93,14.07
986.622,flow_only,19.6,52.1379803,21.1608192,89.71,52.1379836,21.1608104,30,0.5,1.422,255,0.0,0.5028,0.068,-0.0632,2.975,2.928,2.37,-1.2,138.77,0.03,0.0,0.02,0.02,99695,1507,3,0.29,0.1,0.07,-0.03,49,111,-78,0,3.18,0.12,0.0016,0.0037,20.4,24.14,12.44
986.722,flow_only,19.7,52.1379795,21.1608206,89.72,52.1379818,21.1608132,30,0.5,1.417,255,0.0,0.3353,0.043,-0.0124,2.992,2.931,2.61,-1.52,138.81,0.03,0.0,0.03,0.05,99695,1507,3,0.29,0.09,0.07,-0.03,49,-49,-169,0,3.16,0.1,0.0206,0.0397,22.83,24.02,11.92
986.822,flow_only,19.8,52.1379786,21.1608218,89.71,52.1379818,21.1608132,30,0.5,1.417,255,0.0,0.3352,-0.0158,-0.0971,2.998,2.929,2.79,-1.64,138.93,0.03,0.0,0.02,0.05,99695,1507,3,0.29,0.09,0.07,-0.03,49,-77,218,0,3.15,0.08,0.0084,0.0275,22.91,22.15,11.74
986.922,flow_only,19.9,52.1379777,21.160823,89.71,52.1379798,21.1608159,30,0.5,1.425,255,-0.1676,0.6703,-0.0493,-0.0565,2.998,2.927,2.59,-2.17,139.13,0.03,0.0,0.03,0.05,99695,1507,3,0.29,0.1,0.07,-0.03,49,27,-171,0,3.16,0.08,0.0166,0.0308,19.64,21.45,12.83
987.022,flow_only,20.0,52.1379768,21.1608242,89.71,52.1379798,21.1608159,30,0.5,1.425,255,-0.1676,0.1676,-0.1166,-0.0716,2.986,2.926,1.85,-2.64,139.35,0.03,0.0,0.02,0.04,99695,1507,3,0.29,0.1,0.07,-0.03,49,161,-174,0,3.15,0.07,0.0394,0.0727,17.38,16.77,10.13
987.122,flow_only,20.1,52.137976,21.1608254,89.7,52.1379778,21.1608186,30,0.5,1.44,255,-0.1676,0.5027,-0.0614,0.0978,2.996,2.92,1.54,-2.27,139.64,0.03,0.0,0.03,0.03,99695,1507,3,0.29,0.1,0.07,-0.03,49,-240,280,0,3.13,0.05,0.0067,0.0289,16.81,19.98,12.22
987.222,flow_only,20.2,52.137975,21.1608267,89.69,52.1379778,21.1608186,30,0.5,1.44,255,0.0,0.3351,-0.0465,0.0056,2.98,2.909,1.09,-2.2,139.78,0.03,0.0,0.03,0.04,99695,1507,3,0.29,0.1,0.07,-0.03,49,-74,318,0,3.11,0.04,0.0159,0.0421,16.96,20.4,11.92
987.322,flow_only,20.3,52.137974,21.160828,89.68,52.1379758,21.1608212,30,0.5,1.523,255,0.0,0.3351,-0.0859,0.0583,2.996,2.897,0.77,-1.9,139.83,0.03,0.0,0.0,0.04,99695,1507,3,0.29,0.1,0.07,-0.03,49,37,-159,0,3.11,0.04,0.0151,0.0397,17.55,20.34,12.99
987.422,flow_only,20.4,52.1379732,21.1608293,89.67,52.1379758,21.1608212,30,0.5,1.523,255,0.0,0.335,-0.0272,0.0129,2.964,2.889,0.39,-1.77,139.8,0.03,0.0,0.0,0.04,99695,1507,3,0.29,0.1,0.07,-0.03,49,89,-172,0,3.1,0.04,0.03,0.0605,16.43,19.42,13.44
987.522,flow_only,20.5,52.1379723,21.1608308,89.67,52.1379737,21.1608239,30,0.5,1.432,255,-0.1676,0.3351,0.0345,-0.0094,2.96,2.882,0.51,-1.72,139.9,0.03,0.0,0.0,0.07,99695,1507,3,0.29,0.09,0.07,-0.03,49,-20,-176,0,3.1,0.05,0.0069,0.0247,15.78,19.23,14.08
987.622,flow_only,20.6,52.1379712,21.1608322,89.66,52.1379737,21.1608239,30,0.5,1.432,255,0.0,0.8379,0.104,0.0547,2.958,2.877,1.0,-1.59,140.06,0.03,0.0,0.02,0.06,99695,1507,3,0.29,0.09,0.07,-0.03,49,-75,11,0,3.09,0.05,0.014,0.0318,15.0,22.91,14.19
987.722,flow_only,20.7,52.1379703,21.1608336,89.66,52.1379717,21.1608268,30,0.5,1.546,255,0.0,0.5027,0.0002,0.0444,2.948,2.873,1.19,-1.26,140.22,0.03,0.0,0.01,0.06,99695,1507,3,0.29,0.09,0.07,-0.03,49,-76,-60,0,3.08,0.04,0.0143,0.0317,14.74,21.45,14.46
987.822,flow_only,20.8,52.1379693,21.160835,89.66,52.1379717,21.1608268,30,0.5,1.546,255,0.0,0.5027,0.0617,-0.0108,2.954,2.872,1.49,-1.21,140.28,0.03,0.0,0.01,0.04,99695,1507,3,0.29,0.09,0.07,-0.03,49,-96,168,0,3.09,0.04,0.015,0.0273,15.05,21.65,13.62
987.922,flow_only,20.9,52.1379683,21.1608363,89.66,52.1379695,21.1608298,30,0.5,1.636,255,0.1676,0.8378,0.0061,0.0145,2.944,2.875,1.63,-1.12,140.21,0.03,0.0,0.02,0.03,99695,1507,3,0.29,0.09,0.07,-0.03,49,115,-182,0,3.1,0.05,0.0114,0.02,15.51,22.61,14.14
988.022,flow_only,21.0,52.1379673,21.1608377,89.67,52.1379675,21.160833,30,0.5,1.528,255,0.0,0.5027,0.0839,0.0188,2.94,2.883,1.82,-1.26,139.89,0.03,0.0,0.03,0.04,99695,1507,3,0.29,0.09,0.07,-0.03,49,-44,-90,0,3.12,0.08,0.0278,0.0494,15.52,22.13,13.93
988.122,flow_only,21.1,52.1379664,21.160839,89.68,52.1379675,21.160833,30,0.5,1.528,255,0.0,0.3351,0.0663,-0.0601,2.957,2.896,2.3,-1.22,139.37,0.03,0.0,0.03,0.04,99695,1507,3,0.29,0.09,0.07,-0.03,49,49,-6,0,3.13,0.11,0.007,0.0217,18.52,21.15,15.94
988.222,flow_only,21.2,52.1379654,21.1608405,89.7,52.1379675,21.160833,30,0.5,1.528,255,0.0,0.335,0.1095,-0.0337,2.96,2.912,2.87,-1.65,138.8,0.03,0.0,0.04,0.05,99695,1507,3,0.29,0.09,0.07,-0.03,49,64,302,0,3.15,0.11,0.0239,0.0472,20.35,21.38,16.65
988.322,flow_only,21.3,52.1379644,21.160842,89.71,52.1379653,21.1608361,29,0.51,1.663,255,0.0,0.3351,-0.0393,0.0042,2.962,2.924,2.91,-1.65,138.41,0.03,0.0,0.02,0.06,99695,1507,3,0.29,0.09,0.07,-0.03,49,72,22,0,3.14,0.1,0.0136,0.0248,18.74,24.43,16.69
988.422,flow_only,21.4,52.1379634,21.1608434,89.72,52.1379653,21.1608361,29,0.51,1.663,255,-0.1676,0.3352,-0.1349,0.0411,2.974,2.932,2.38,-1.43,138.23,0.03,0.0,0.0,0.04,99695,1507,3,0.29,0.09,0.07,-0.03,49,-133,-7,0,3.15,0.1,0.0056,0.01,19.78,23.27,14.44
988.522,flow_only,21.5,52.1379622,21.1608449,89.72,52.1379631,21.1608392,29,0.51,1.588,255,0.0,0.3351,0.0075,0.0602,2.968,2.936,2.07,-1.18,138.19,0.03,0.0,0.02,0.05,99695,1507,3,0.29,0.09,0.07,-0.03,49,-63,-23,0,3.13,0.09,0.0211,0.0416,20.24,24.61,14.95
988.622,flow_only,21.6,52.1379609,21.1608464,89.72,52.1379631,21.1608392,29,0.51,1.588,255,0.0,0.8378,0.0055,0.0877,2.988,2.938,2.12,-0.79,138.28,0.03,0.0,0.0,0.03,99695,1507,3,0.29,0.09,0.07,-0.03,49,10,-250,0,3.13,0.08,0.0188,0.0393,20.23,24.05,15.81
988.722,flow_only,21.7,52.1379598,21.1608478,89.72,52.137961,21.1608423,29,0.51,1.564,255,-0.1676,0.8378,-0.0696,0.0277,2.99,2.938,1.88,-0.49,138.34,0.03,0.0,0.02,0.02,99695,1507,3,0.29,0.09,0.07,-0.03,49,35,-68,0,3.13,0.07,0.0071,0.0196,21.59,27.69,16.42
988.822,flow_only,21.8,52.1379588,21.1608491,89.72,52.137961,21.1608423,29,0.51,1.564,255,0.0,0.3351,-0.0255,-0.0248,2.96,2.934,1.61,-0.39,138.43,0.03,0.0,0.02,0.03,99695,1507,3,0.29,0.09,0.07,-0.03,49,-102,482,0,3.12,0.05,0.0267,0.0546,23.29,24.34,15.19
988.922,flow_only,21.9,52.1379576,21.1608507,89.71,52.1379589,21.1608455,29,0.51,1.622,255,0.0,0.3351,0.0285,-0.0095,2.968,2.928,1.63,-0.76,138.58,0.03,0.0,0.01,0.04,99695,1507,3,0.29,0.09,0.07,-0.03,49,-10,426,0,3.11,0.07,0.0445,0.0852,19.42,23.7,14.42
989.022,flow_only,22.0,52.1379565,21.1608523,89.71,52.1379589,21.1608455,29,0.51,1.622,255,0.0,1.0053,0.0284,0.0554,2.948,2.926,1.84,-0.44,138.8,0.03,0.0,0.03,0.02,99695,1507,3,0.29,0.09,0.07,-0.03,49,-34,-237,0,3.12,0.08,0.0045,0.0075,21.82,25.02,16.48
989.122,flow_only,22.1,52.1379555,21.1608536,89.71,52.1379567,21.1608485,29,0.51,1.582,255,0.0,0.5027,0.0247,0.1515,2.956,2.925,1.94,0.19,138.92,0.03,0.0,0.02,0.04,99695,1507,3,0.29,0.08,0.07,-0.03,49,-24,-116,0,3.11,0.07,0.0301,0.053,22.69,24.42,15.96
989.222,flow_only,22.2,52.1379545,21.160855,89.71,52.1379567,21.1608485,29,0.51,1.582,255,0.0,0.3351,0.0039,-0.0797,2.944,2.925,2.02,0.29,138.94,0.03,0.0,0.0,0.05,99695,1507,3,0.29,0.08,0.07,-0.03,49,-20,380,0,3.11,0.08,0.0098,0.0207,20.92,20.35,14.5
989.322,flow_only,22.3,52.1379534,21.1608565,89.71,52.1379546,21.1608516,29,0.51,1.582,255,0.0,0.3351,0.0529,-0.0387,2.964,2.93,2.16,-0.04,139.06,0.03,0.0,0.02,0.03,99695,1507,3,0.29,0.08,0.07,-0.03,49,-16,263,0,3.13,0.1,0.0275,0.0522,23.64,24.98,19.15
989.422,flow_only,22.4,52.1379523,21.1608579,89.72,52.1379546,21.1608516,29,0.51,1.582,255,0.0,0.335,0.0138,-0.0199,2.962,2.936,2.37,-0.3,139.15,0.03,0.0,0.0,0.02,99695,1507,3,0.29,0.08,0.07,-0.03,49,-71,68,0,3.12,0.09,0.0173,0.0348,22.38,23.89,15.78
989.522,flow_only,22.5,52.1379512,21.1608593,89.73,52.1379526,21.1608548,29,0.51,1.511,255,0.0,0.3351,0.0097,0.0146,2.946,2.941,2.48,-0.19,139.24,0.03,0.0,0.0,0.03,99695,1507,3,0.29,0.08,0.07,-0.03,49,-21,10,0,3.13,0.08,0.0068,0.0145,21.85,25.35,15.9
989.622,flow_only,22.6,52.1379501,21.1608607,89.73,52.1379526,21.1608548,29,0.51,1.511,255,0.0,0.5026,-0.0118,-0.0024,2.958,2.946,2.33,-0.17,139.37,0.03,0.0,0.0,0.04,99695,1507,3,0.29,0.08,0.07,-0.03,49,33,-151,0,3.13,0.08,0.0011,0.0032,22.94,25.97,17.38
989.722,flow_only,22.7,52.1379491,21.1608621,89.73,52.1379507,21.1608579,29,0.51,1.474,255,0.0,0.6703,-0.0281,-0.0122,2.962,2.948,2.35,-0.21,139.45,0.03,0.0,0.03,0.01,99695,1507,3,0.29,0.08,0.07,-0.03,49,-35,-136,0,3.12,0.08,0.0029,0.0134,19.78,24.72,16.63
989.822,flow_only,22.8,52.1379481,21.1608635,89.73,52.1379507,21.1608579,29,0.51,1.474,255,0.0,0.3351,0.0308,0.0037,2.962,2.949,2.32,-0.24,139.55,0.03,0.0,0.02,0.04,99695,1507,3,0.29,0.08,0.07,-0.03,49,181,59,0,3.13,0.09,0.019,0.0348,19.63,23.85,16.96
989.922,flow_only,22.9,52.1379472,21.1608649,89.74,52.1379488,21.1608609,29,0.51,1.476,255,0.0,0.3351,0.0127,-0.0753,2.966,2.952,2.37,-0.52,139.71,0.03,0.0,0.0,0.05,99695,1507,3,0.29,0.08,0.07,-0.03,49,-31,430,0,3.12,0.08,0.0253,0.0455,21.18,23.47,15.24
990.022,flow_only,23.0,52.1379462,21.1608664,89.74,52.1379488,21.1608609,29,0.51,1.476,255,0.0,0.8377,0.0401,0.0223,2.94,2.952,2.59,-0.6,139.85,0.03,0.0,0.02,0.04,99695,1507,3,0.29,0.08,0.07,-0.03,49,-65,236,0,3.12,0.07,0.032,0.0605,21.43,23.03,16.22
990.122,flow_only,23.1,52.1379451,21.160868,89.74,52.1379469,21.1608639,29,0.51,1.477,255,0.0,0.6705,-0.0127,-0.0201,2.948,2.951,2.46,-0.76,139.91,0.03,0.0,0.0,0.06,99695,1507,3,0.3,0.08,0.07,-0.03,49,180,249,0,3.11,0.09,0.0411,0.0739,24.89,24.27,17.83
990.222,flow_only,23.2,52.1379441,21.1608696,89.74,52.1379469,21.1608639,29,0.51,1.477,255,0.0,0.5027,-0.0327,0.0583,2.954,2.951,2.37,-0.51,139.98,0.03,0.0,0.0,0.06,99695,1507,3,0.3,0.08,0.07,-0.03,49,-32,-189,0,3.12,0.09,0.0193,0.0387,22.42,21.92,17.11
990.322,flow_only,23.3,52.1379433,21.1608711,89.74,52.1379451,21.1608669,29,0.51,1.438,255,0.0,0.3351,0.0835,0.039,2.938,2.953,2.45,-0.33,139.96,0.03,0.0,0.01,0.05,99695,1507,3,0.3,0.09,0.07,-0.03,49,15,-161,0,3.11,0.08,0.0245,0.0496,20.94,22.84,16.67
990.422,flow_only,23.4,52.1379426,21.1608723,89.74,52.1379451,21.1608669,29,0.51,1.438,255,0.1675,0.8375,0.0185,-0.0533,2.926,2.956,2.84,-0.3,139.87,0.03,0.0,0.01,0.05,99695,1507,3,0.3,0.09,0.07,-0.03,49,37,184,0,3.12,0.08,0.0232,0.048,17.95,25.35,15.67
990.522,flow_only,23.5,52.1379417,21.1608738,89.74,52.1379432,21.1608697,29,0.51,1.454,255,0.0,0.5026,0.0496,-0.0916,2.946,2.96,2.81,-0.95,139.64,0.03,0.0,0.0,0.03,99695,1507,3,0.3,0.09,0.07,-0.03,49,22,345,0,3.12,0.11,0.023,0.0416,17.77,23.89,15.28
990.622,flow_only,23.6,52.1379407,21.1608753,89.75,52.1379432,21.1608697,29,0.51,1.454,255,0.1676,0.3352,0.1032,-0.1019,2.964,2.964,3.34,-1.44,139.44,0.03,0.0,0.0,0.05,99695,1507,3,0.3,0.09,0.07,-0.03,49,-97,116,0,3.12,0.1,0.0199,0.0363,17.34,25.06,14.18
990.722,flow_only,23.7,52.1379396,21.1608767,89.75,52.1379413,21.1608725,29,0.51,1.462,255,0.0,0.3351,-0.0078,0.0282,2.982,2.966,3.62,-1.64,139.32,0.03,0.0,0.01,0.05,99695,1507,3,0.3,0.08,0.07,-0.03,49,69,-32,0,3.12,0.07,0.0082,0.0166,20.29,26.4,17.56
990.822,flow_only,23.8,52.1379386,21.1608783,89.75,52.1379413,21.1608725,29,0.51,1.462,255,-0.1676,0.8378,-0.1266,0.0291,2.96,2.967,3.08,-1.46,139.43,0.03,0.0,0.0,0.03,99695,1507,3,0.3,0.08,0.07,-0.03,49,53,-2,0,3.11,0.07,0.0227,0.0424,23.19,26.86,17.45
990.922,flow_only,23.9,52.1379374,21.16088,89.75,52.1379394,21.1608754,29,0.51,1.414,255,0.0,0.5028,0.0476,0.1343,2.962,2.967,2.96,-0.92,139.71,0.03,0.0,0.02,0.03,99695,1507,3,0.3,0.09,0.07,-0.03,49,50,-237,0,3.11,0.06,0.018,0.0363,20.99,23.83,15.8
991.022,flow_only,24.0,52.1379364,21.1608814,89.75,52.1379394,21.1608754,29,0.51,1.414,255,0.0,0.3352,0.0215,0.0679,2.962,2.966,3.19,-0.41,139.96,0.03,0.0,0.0,0.02,99695,1507,3,0.3,0.09,0.07,-0.03,49,-40,-71,0,3.11,0.06,0.0079,0.0168,23.41,25.31,15.35
991.122,flow_only,24.1,52.1379354,21.1608828,89.75,52.1379374,21.1608783,29,0.51,1.584,255,0.0,0.3351,-0.0263,0.1134,2.964,2.964,3.29,0.18,140.15,0.03,0.0,0.01,0.05,99695,1507,3,0.3,0.09,0.07,-0.03,49,-36,244,0,3.1,0.06,0.0036,0.0119,20.73,28.67,15.58
991.222,flow_only,24.2,52.1379344,21.1608841,89.75,52.1379374,21.1608783,29,0.51,1.584,255,0.0,0.6702,0.0083,-0.0218,2.95,2.965,3.1,0.26,140.31,0.03,0.0,0.01,0.06,99695,1507,3,0.3,0.09,0.07,-0.03,49,-114,531,0,3.11,0.07,0.0385,0.0731,20.19,26.25,16.44
991.322,flow_only,24.3,52.1379331,21.1608855,89.76,52.1379353,21.1608813,29,0.51,1.454,255,-0.1676,0.3351,-0.0487,-0.0318,2.946,2.971,2.98,0.02,140.55,0.03,0.0,0.04,0.05,99695,1507,3,0.3,0.09,0.07,-0.03,49,-165,-137,0,3.13,0.11,0.0218,0.0458,20.98,26.29,14.87
991.422,flow_only,24.4,52.137932,21.1608868,89.76,52.1379353,21.1608813,29,0.51,1.454,255,0.0,0.3352,-0.0852,0.044,2.958,2.976,2.71,0.23,140.78,0.03,0.0,0.05,0.06,99695,1507,3,0.3,0.09,0.07,-0.03,49,46,-149,0,3.11,0.11,0.0107,0.0203,22.98,22.88,16.29
991.522,flow_only,24.5,52.137931,21.160888,89.76,52.1379334,21.160884,29,0.51,1.383,255,-0.1676,0.8378,-0.0234,0.0342,2.96,2.979,2.42,0.44,140.91,0.03,0.0,0.02,0.03,99695,1507,3,0.3,0.09,0.07,-0.03,49,-66,343,0,3.12,0.08,0.005,0.0098,20.88,23.26,15.42
991.622,flow_only,24.6,52.13793,21.1608893,89.77,52.1379334,21.160884,29,0.51,1.383,255,-0.1676,0.8379,-0.0118,-0.0584,2.95,2.982,2.19,0.29,140.94,0.03,0.0,0.02,0.04,99695,1507,3,0.3,0.09,0.07,-0.03,49,60,192,0,3.12,0.08,0.009,0.0153,16.86,25.65,15.28
991.722,flow_only,24.7,52.1379291,21.1608906,89.77,52.1379313,21.1608866,29,0.51,1.491,255,-0.1676,0.3351,-0.0537,0.0085,2.954,2.984,2.03,0.21,140.91,0.03,0.0,0.01,0.04,99695,1507,3,0.3,0.09,0.07,-0.03,49,10,-79,0,3.12,0.09,0.014,0.0284,16.06,25.0,14.69
991.822,flow_only,24.8,52.1379282,21.1608919,89.77,52.1379313,21.1608866,29,0.51,1.491,255,0.0,0.1676,0.0795,-0.0899,2.94,2.986,2.19,-0.04,140.78,0.03,0.0,0.02,0.06,99695,1507,3,0.3,0.09,0.07,-0.03,49,5,-90,0,3.11,0.08,0.0272,0.056,19.0,22.8,15.73
991.922,flow_only,24.9,52.1379274,21.160893,89.77,52.1379292,21.1608891,29,0.51,1.316,255,0.0,0.5027,0.0363,-0.1615,2.952,2.989,2.45,-0.79,140.65,0.03,0.0,0.03,0.05,99695,1507,3,0.3,0.1,0.07,-0.03,49,-47,-144,0,3.13,0.11,0.0309,0.0621,21.69,22.16,17.14
992.022,flow_only,25.0,52.1379265,21.1608942,89.78,52.1379292,21.1608891,29,0.51,1.316,255,0.0,0.5027,-0.0004,-0.1154,2.964,2.993,2.72,-1.5,140.64,0.03,0.0,0.01,0.03,99695,1507,3,0.3,0.1,0.07,-0.03,49,-72,-137,0,3.12,0.11,0.0191,0.0382,21.95,22.39,16.25
992.122,flow_only,25.1,52.1379255,21.1608953,89.78,52.1379274,21.1608916,29,0.51,1.301,255,0.0,0.3352,-0.0678,-0.0392,2.97,2.996,2.35,-2.02,140.76,0.03,0.0,0.0,0.04,99695,1507,3,0.3,0.09,0.07,-0.03,49,101,-171,0,3.12,0.07,0.0155,0.0334,21.93,23.51,15.77
992.222,flow_only,25.2,52.1379246,21.1608964,89.78,52.1379274,21.1608916,29,0.51,1.301,255,-0.1676,0.3352,-0.0862,0.0229,2.966,2.999,1.88,-1.87,140.87,0.03,0.0,0.0,0.04,99695,1507,3,0.3,0.09,0.07,-0.03,49,-68,-144,0,3.12,0.06,0.0309,0.0604,18.82,24.06,14.33
992.322,flow_only,25.3,52.1379238,21.1608975,89.79,52.1379255,21.1608943,29,0.51,1.47,255,0.0,0.6702,0.0139,0.0668,2.956,3.004,1.82,-1.63,140.84,0.03,0.0,0.0,0.02,99695,1507,3,0.3,0.1,0.07,-0.03,49,97,-139,0,3.13,0.08,0.0313,0.0636,20.08,23.3,15.05
992.422,flow_only,25.4,52.1379228,21.1608988,89.8,52.1379255,21.1608943,29,0.51,1.47,255,0.0,0.3352,-0.0463,-0.0366,2.944,3.011,1.55,-1.62,140.74,0.03,0.0,0.02,0.03,99695,1507,3,0.3,0.1,0.07,-0.03,49,4,-171,0,3.14,0.1,0.0131,0.03,19.47,22.94,15.5
992.522,flow_only,25.5,52.1379218,21.1609,89.81,52.1379235,21.1608971,29,0.51,1.461,255,0.0,0.3351,-0.0224,-0.0059,2.935,3.023,1.48,-1.72,140.61,0.03,0.0,0.03,0.02,99695,1507,3,0.3,0.1,0.07,-0.03,49,25,-100,0,3.15,0.12,0.0048,0.0225,19.5,21.52,15.08
992.622,flow_only,25.6,52.1379208,21.1609013,89.82,52.1379235,21.1608971,29,0.51,1.461,255,0.0,0.3352,0.0659,0.0428,2.93,3.033,1.65,-1.62,140.49,0.03,0.0,0.03,0.03,99695,1507,3,0.3,0.1,0.07,-0.03,49,18,-135,0,3.14,0.11,0.02,0.04,19.97,23.26,13.38
992.722,flow_only,25.7,52.1379198,21.1609025,89.82,52.1379214,21.1608999,29,0.51,1.587,255,0.0,0.3351,-0.0474,-0.0331,2.954,3.036,1.67,-1.55,140.48,0.03,0.0,0.03,0.04,99695,1507,3,0.3,0.1,0.07,-0.03,49,-34,319,0,3.13,0.12,0.0038,0.0127,22.41,23.02,13.96
992.822,flow_only,25.8,52.1379188,21.1609038,89.82,52.1379214,21.1608999,29,0.51,1.587,255,0.0,0.3351,0.0072,0.011,2.95,3.038,1.68,-1.64,140.49,0.03,0.0,0.01,0.02,99695,1507,3,0.3,0.1,0.07,-0.03,49,-143,218,0,3.14,0.11,0.0135,0.0266,24.07,26.45,15.77
992.922,flow_only,25.9,52.1379177,21.1609051,89.83,52.1379192,21.1609028,29,0.51,1.599,255,0.0,0.3351,-0.0388,0.0105,2.982,3.041,1.49,-1.68,140.43,0.03,0.0,0.02,0.03,99695,1507,3,0.3,0.1,0.07,-0.03,49,40,-132,0,3.14,0.09,0.0164,0.0327,20.3,26.75,15.03
993.022,flow_only,26.0,52.1379168,21.1609063,89.83,52.1379192,21.1609028,29,0.51,1.599,255,0.0,1.0053,-0.0109,0.0636,2.982,3.043,1.45,-1.2,140.16,0.03,0.0,0.0,0.03,99695,1507,3,0.3,0.1,0.07,-0.03,49,1,-73,0,3.14,0.08,0.028,0.0549,21.33,24.87,14.8
993.122,flow_only,26.1,52.1379157,21.1609077,89.83,52.137917,21.1609058,29,0.51,1.57,255,0.0,0.3352,0.0081,0.0303,2.946,3.043,1.48,-1.09,139.82,0.03,0.0,0.02,0.03,99695,1507,3,0.3,0.09,0.07,-0.03,49,8,-176,0,3.13,0.06,0.0047,0.0128,20.66,26.81,13.85
993.222,flow_only,26.2,52.1379146,21.1609092,89.83,52.137917,21.1609058,29,0.51,1.57,255,0.0,0.3352,-0.0005,0.0145,2.916,3.043,1.49,-1.03,139.47,0.03,0.0,0.0,0.04,99695,1507,3,0.3,0.09,0.07,-0.03,49,17,-181,0,3.13,0.08,0.0092,0.0162,22.98,24.77,14.3
993.322,flow_only,26.3,52.1379135,21.1609106,89.82,52.1379149,21.1609089,29,0.51,1.631,255,0.0,0.5028,0.0181,0.0765,2.928,3.039,1.7,-0.53,139.09,0.03,0.0,0.06,0.01,99695,1507,3,0.3,0.1,0.07,-0.03,49,-169,-212,0,3.11,0.11,0.0142,0.0355,20.59,27.04,14.44
993.422,flow_only,26.4,52.1379126,21.1609118,89.82,52.1379149,21.1609089,29,0.51,1.631,255,0.0,0.5028,-0.004,0.0091,2.944,3.03,1.65,-0.43,138.79,0.03,0.0,0.03,0.02,99695,1507,3,0.3,0.1,0.07,-0.03,49,10,-56,0,3.09,0.09,0.0297,0.0629,20.24,27.38,14.52
993.522,flow_only,26.5,52.1379116,21.1609131,89.8,52.1379126,21.1609121,29,0.51,1.672,255,0.0,0.3351,-0.0301,-0.1001,2.942,3.019,1.67,-0.7,138.55,0.03,0.0,0.04,0.01,99695,1507,3,0.3,0.1,0.07,-0.03,49,-180,-25,0,3.07,0.04,0.0126,0.0413,17.87,23.99,13.25
993.622,flow_only,26.6,52.1379105,21.1609145,89.8,52.1379126,21.1609121,29,0.51,1.672,255,0.0,0.3352,-0.0362,-0.0023,2.944,3.01,1.39,-0.99,138.42,0.03,0.0,0.0,0.03,99695,1507,3,0.3,0.1,0.07,-0.03,49,66,-79,0,3.08,0.05,0.0099,0.0283,21.5,25.23,14.24
993.722,flow_only,26.7,52.1379095,21.1609159,89.79,52.1379103,21.1609152,29,0.51,1.648,255,0.0,0.838,-0.0262,0.0009,2.94,3.005,1.34,-0.81,138.27,0.03,0.0,0.03,0.05,99695,1507,3,0.3,0.09,0.07,-0.03,49,-144,436,0,3.07,0.04,0.0219,0.0454,20.14,24.9,14.31
993.822,flow_only,26.8,52.1379083,21.1609175,89.78,52.1379103,21.1609152,29,0.51,1.648,255,0.0,0.3351,0.0845,-0.0588,2.962,3.0,1.44,-1.19,138.37,0.03,0.0,0.02,0.04,99695,1507,3,0.3,0.09,0.07,-0.03,49,59,375,0,3.06,0.03,0.0435,0.0821,18.89,25.51,13.44
993.922,flow_only,26.9,52.137907,21.1609192,89.78,52.137908,21.1609185,29,0.51,1.767,255,0.0,0.6703,-0.0,0.1097,2.958,2.997,1.89,-0.9,138.85,0.03,0.0,0.0,0.03,99695,1507,3,0.3,0.09,0.07,-0.03,49,-116,-63,0,3.06,0.02,0.0284,0.0579,17.95,26.44,12.69
994.022,flow_only,27.0,52.1379058,21.1609207,89.78,52.137908,21.1609185,29,0.51,1.767,255,0.0,1.0054,-0.0105,0.1007,2.96,2.995,1.71,-0.38,139.55,0.03,0.0,0.03,0.04,99695,1507,3,0.3,0.09,0.07,-0.03,49,81,32,0,3.06,0.01,0.0114,0.0293,17.97,24.62,14.27
994.122,flow_only,27.1,52.1379045,21.1609224,89.77,52.1379056,21.1609217,29,0.51,1.661,255,-0.1676,1.1731,-0.07,0.0738,2.932,2.989,1.57,0.25,140.38,0.03,0.0,0.05,0.03,99695,1507,3,0.3,0.09,0.07,-0.03,49,24,-205,0,3.04,0.0,0.0162,0.0421,17.63,22.43,13.2
994.222,flow_only,27.2,52.1379032,21.1609241,89.77,52.1379056,21.1609217,29,0.51,1.661,255,0.0,0.3351,0.0111,0.0903,2.932,2.982,1.4,0.56,141.23,0.03,0.0,0.02,0.03,99695,1507,3,0.3,0.09,0.07,-0.03,49,55,-113,0,3.04,0.01,0.0405,0.0836,21.68,20.84,13.41
994.322,flow_only,27.3,52.1379019,21.1609258,89.76,52.1379033,21.160925,29,0.51,1.685,255,0.0,0.6703,-0.0942,0.0761,2.936,2.972,1.14,1.11,142.0,0.03,0.0,0.05,0.04,99695,1507,3,0.3,0.09,0.07,-0.03,49,-14,-174,0,3.02,0.0,0.0149,0.046,22.15,20.36,12.55
994.422,flow_only,27.4,52.1379008,21.1609271,89.74,52.1379033,21.160925,29,0.51,1.685,255,0.0,0.8382,-0.0283,0.1012,2.928,2.958,0.85,1.68,142.55,0.03,0.0,0.07,0.03,99695,1507,3,0.3,0.09,0.07,-0.03,49,-73,-299,0,2.99,-0.02,0.0294,0.0651,23.18,19.98,14.14
994.522,flow_only,27.5,52.1378996,21.1609284,89.73,52.1379011,21.1609284,29,0.51,1.633,255,0.0,0.5027,-0.0618,-0.0462,2.94,2.946,0.52,1.65,142.84,0.03,0.0,0.0,0.03,99695,1507,3,0.3,0.09,0.07,-0.03,49,-131,-117,0,3.0,-0.01,0.025,0.0519,20.03,21.73,14.27
994.622,flow_only,27.6,52.1378985,21.1609297,89.72,52.1379011,21.1609284,29,0.51,1.633,255,0.0,0.3352,-0.0518,-0.0442,2.932,2.933,0.27,1.49,142.96,0.03,0.0,0.07,0.05,99695,1507,3,0.3,0.09,0.07,-0.03,49,39,-173,0,2.97,-0.03,0.0128,0.0445,17.97,21.5,14.69
994.722,flow_only,27.7,52.1378975,21.1609308,89.71,52.1378989,21.1609315,29,0.51,1.586,255,0.0,0.1676,-0.0148,-0.0934,2.936,2.922,0.03,0.9,142.92,0.03,0.0,0.0,0.02,99695,1507,3,0.3,0.09,0.07,-0.03,49,-121,-62,0,2.98,-0.03,0.0243,0.0488,15.95,20.99,14.54
994.822,flow_only,27.8,52.1378966,21.160932,89.7,52.1378989,21.1609315,29,0.51,1.586,255,0.1676,0.3351,0.0215,-0.1476,2.918,2.916,0.15,0.25,142.65,0.03,0.0,0.01,0.05,99695,1507,3,0.3,0.09,0.07,-0.03,49,-41,254,0,2.99,-0.03,0.009,0.0222,15.5,18.56,11.07
994.922,flow_only,27.9,52.1378956,21.1609332,89.7,52.1378969,21.1609347,29,0.51,1.447,255,0.0,0.3351,-0.0063,-0.0072,2.912,2.913,0.09,-0.08,141.99,0.03,0.0,0.02,0.04,99695,1507,3,0.3,0.09,0.07,-0.03,49,-16,122,0,2.98,-0.01,0.0095,0.0221,17.92,19.16,13.01
995.022,flow_only,28.0,52.1378947,21.1609344,89.69,52.1378969,21.1609347,29,0.51,1.447,255,0.0,0.6702,-0.0267,-0.0399,2.926,2.909,-0.01,-0.28,141.03,0.03,0.0,0.05,0.05,99695,1507,3,0.3,0.09,0.07,-0.03,49,-16,-109,0,2.97,-0.02,0.0214,0.0453,16.6,17.49,12.87
995.122,flow_only,28.1,52.1378937,21.1609356,89.69,52.1378949,21.1609377,29,0.51,1.641,255,0.1676,0.8379,0.0124,-0.0013,2.936,2.902,0.01,-0.25,140.22,0.03,0.0,0.04,0.04,99695,1507,3,0.3,0.1,0.07,-0.03,49,-19,3,0,2.96,-0.04,0.0071,0.0245,12.98,19.88,11.01
995.222,flow_only,28.2,52.1378927,21.160937,89.69,52.1378949,21.1609377,29,0.51,1.641,255,0.0,0.3352,-0.0234,-0.0543,2.924,2.9,-0.01,-0.54,139.59,0.03,0.0,0.02,0.05,99695,1507,3,0.3,0.1,0.07,-0.03,49,-20,-87,0,2.98,-0.04,0.023,0.0393,14.74,21.74,13.16
995.322,flow_only,28.3,52.1378917,21.1609385,89.68,52.1378928,21.1609408,29,0.51,1.481,255,0.0,0.3351,0.0586,-0.0233,2.934,2.899,0.06,-0.74,139.07,0.03,0.0,0.06,0.04,99695,1507,3,0.3,0.09,0.07,-0.03,49,155,-279,0,2.97,-0.03,0.028,0.0566,16.34,23.06,15.53
995.422,flow_only,28.4,52.1378909,21.1609398,89.68,52.1378928,21.1609408,29,0.51,1.481,255,0.1676,0.6703,0.032,-0.0103,2.914,2.893,0.47,-0.71,138.65,0.03,0.0,0.03,0.05,99695,1507,3,0.3,0.09,0.07,-0.03,49,-99,-124,0,2.96,-0.03,0.0237,0.0498,20.75,20.87,12.52
995.522,flow_only,28.5,52.1378901,21.1609413,89.67,52.137891,21.1609439,29,0.51,1.515,255,0.0,0.3351,0.0691,-0.0854,2.93,2.887,0.64,-1.26,138.36,0.03,0.0,0.02,0.05,99695,1507,3,0.3,0.09,0.07,-0.03,49,-35,-82,0,2.96,-0.03,0.0211,0.0449,21.45,24.3,13.56
995.622,flow_only,28.6,52.1378892,21.160943,89.67,52.137891,21.1609439,29,0.51,1.515,255,0.1676,0.3351,0.035,-0.0568,2.996,2.881,1.0,-1.53,138.17,0.03,0.0,0.04,0.05,99695,1507,3,0.3,0.09,0.07,-0.03,49,-115,-97,0,2.95,-0.04,0.0131,0.0305,19.85,17.69,10.91
995.722,flow_only,28.7,52.1378884,21.1609445,89.66,52.1378891,21.1609471,29,0.51,1.507,255,0.1676,0.8379,0.0257,0.0478,3.002,2.875,1.09,-1.48,138.01,0.03,0.0,0.03,0.03,99695,1507,3,0.3,0.08,0.07,-0.03,49,135,42,0,2.95,-0.1,0.0244,0.0499,17.86,17.58,12.65
995.822,flow_only,28.8,52.1378876,21.1609461,89.65,52.1378872,21.1609504,29,0.51,1.496,255,0.1676,0.8378,0.054,-0.0137,3.004,2.869,1.39,-1.42,137.86,0.03,0.0,0.02,0.04,99695,1507,3,0.3,0.08,0.07,-0.03,49,89,313,0,2.95,-0.13,0.025,0.0474,19.28,25.04,12.83
995.922,flow_only,28.9,52.1378867,21.1609478,89.65,52.1378872,21.1609504,29,0.51,1.496,255,0.1675,0.335,0.0979,0.0109,3.042,2.862,1.82,-1.41,137.71,0.03,0.0,0.04,0.03,99695,1507,3,0.3,0.08,0.07,-0.03,49,-81,-165,0,2.95,-0.13,0.006,0.0194,20.66,21.92,11.81
996.022,flow_only,29.0,52.1378857,21.1609491,89.64,52.1378872,21.1609504,29,0.51,1.496,255,0.0,0.335,-0.0127,0.0247,3.04,2.854,2.08,-1.22,137.57,0.03,0.0,0.02,0.03,99695,1507,3,0.3,0.08,0.07,-0.03,49,-78,-208,0,2.95,-0.16,0.0237,0.0399,18.01,19.81,11.58
996.122,flow_only,29.1,52.1378847,21.1609505,89.63,52.1378853,21.1609537,29,0.51,1.611,255,0.0,0.6702,-0.0008,0.0255,3.046,2.845,2.03,-1.14,137.41,0.03,0.0,0.02,0.03,99695,1507,3,0.3,0.08,0.07,-0.03,49,12,-183,0,2.95,-0.17,0.0108,0.0192,20.41,22.65,12.66
996.222,flow_only,29.2,52.1378837,21.1609519,89.62,52.1378853,21.1609537,29,0.51,1.611,255,-0.1675,0.335,-0.1058,-0.0279,3.038,2.835,1.64,-1.08,137.24,0.03,0.0,0.03,0.03,99695,1507,3,0.3,0.08,0.07,-0.03,49,71,-193,0,2.95,-0.18,0.0136,0.0262,19.68,23.78,13.12
996.322,flow_only,29.3,52.1378827,21.1609532,89.61,52.1378832,21.1609571,29,0.51,1.599,255,0.0,0.3351,-0.0895,0.067,3.034,2.826,1.09,-0.92,137.18,0.03,0.0,0.0,0.03,99695,1507,3,0.3,0.08,0.07,-0.03,49,-51,138,0,2.96,-0.16,0.0096,0.0173,19.21,23.98,11.89
996.422,flow_only,29.4,52.1378817,21.1609545,89.6,52.1378832,21.1609571,29,0.51,1.599,255,0.0,0.8378,-0.0761,-0.0467,3.03,2.819,0.61,-1.01,137.17,0.03,0.0,0.0,0.04,99695,1507,3,0.3,0.08,0.07,-0.03,49,-47,-76,0,2.96,-0.15,0.0129,0.0258,17.58,20.38,12.63
996.522,flow_only,29.5,52.1378806,21.1609558,89.6,52.1378811,21.1609603,29,0.51,1.53,255,-0.1676,0.5028,-0.0344,0.0324,3.044,2.812,0.37,-0.95,137.3,0.03,0.0,0.03,0.03,99695,1507,3,0.3,0.08,0.07,-0.03,49,-72,-157,0,2.95,-0.16,0.0132,0.0262,22.38,20.79,10.8
996.622,flow_only,29.6,52.1378795,21.1609572,89.59,52.1378811,21.1609603,29,0.51,1.53,255,0.0,0.5028,-0.0418,0.0501,3.028,2.804,0.11,-0.72,137.49,0.03,0.0,0.01,0.04,99695,1507,3,0.3,0.08,0.07,-0.03,49,66,-38,0,2.95,-0.17,0.0036,0.0091,20.9,26.77,13.23
996.722,flow_only,29.7,52.1378786,21.1609586,89.58,52.137879,21.1609636,29,0.51,1.664,255,0.0,0.838,0.0362,-0.001,3.026,2.797,0.11,-0.55,137.74,0.03,0.0,0.0,0.04,99695,1507,3,0.3,0.09,0.07,-0.03,49,55,254,0,2.96,-0.15,0.0107,0.0196,21.43,20.77,11.57
996.822,flow_only,29.8,52.1378776,21.1609601,89.58,52.1378769,21.160967,29,0.51,1.613,255,0.1676,0.5027,0.0664,-0.0223,3.056,2.792,0.47,-0.75,138.14,0.03,0.0,0.0,0.02,99695,1507,3,0.3,0.08,0.07,-0.03,49,-31,-156,0,2.96,-0.15,0.0142,0.0308,17.03,20.74,12.53
996.922,flow_only,29.9,52.1378766,21.1609614,89.57,52.1378769,21.160967,29,0.51,1.613,255,0.0,0.5026,0.0659,-0.013,3.052,2.788,0.92,-0.81,138.61,0.03,0.0,0.03,0.04,99695,1507,3,0.3,0.08,0.07,-0.03,49,-66,-177,0,2.96,-0.18,0.021,0.0383,17.03,22.87,13.54
997.022,flow_only,30.0,52.1378757,21.1609628,89.57,52.1378769,21.160967,29,0.51,1.613,255,0.0,0.335,0.0057,-0.0429,3.036,2.782,0.9,-0.99,139.16,0.03,0.0,0.0,0.04,99695,1507,3,0.3,0.08,0.07,-0.03,49,175,-161,0,2.96,-0.18,0.0245,0.048,16.92,18.58,11.18
997.122,flow_only,30.1,52.1378748,21.1609644,89.57,52.1378747,21.1609704,29,0.51,1.634,255,0.0,0.5027,0.0248,-0.0272,3.028,2.781,1.06,-1.18,139.62,0.03,0.0,0.02,0.02,99695,1507,3,0.3,0.08,0.07,-0.03,49,-39,13,0,2.97,-0.15,0.0123,0.0307,18.3,18.04,12.58
997.222,flow_only,30.2,52.1378737,21.1609659,89.56,52.1378747,21.1609704,29,0.51,1.634,255,0.1676,0.3351,0.0529,-0.0332,3.064,2.779,1.19,-1.38,140.06,0.03,0.0,0.03,0.03,99695,1507,3,0.3,0.08,0.07,-0.03,49,-9,13,0,2.96,-0.16,0.0079,0.017,22.21,20.19,10.56
997.322,flow_only,30.3,52.1378727,21.1609674,89.56,52.1378725,21.1609738,29,0.51,1.671,255,0.1676,0.8378,0.0228,-0.0157,3.072,2.777,1.48,-1.52,140.49,0.03,0.0,0.01,0.03,99695,1507,3,0.3,0.09,0.07,-0.03,49,-80,329,0,2.96,-0.16,0.0222,0.0404,21.41,18.02,9.62
997.422,flow_only,30.4,52.1378717,21.160969,89.56,52.1378725,21.1609738,29,0.51,1.671,255,0.1676,0.8381,0.0393,0.0298,3.084,2.777,1.63,-1.55,140.88,0.03,0.0,0.03,0.04,99695,1507,3,0.3,0.09,0.07,-0.03,49,138,-10,0,2.98,-0.17,0.0138,0.0356,18.51,24.02,11.97
997.522,flow_only,30.5,52.1378706,21.1609705,89.56,52.1378703,21.1609773,29,0.51,1.724,255,0.0,0.5027,-0.0313,0.0663,3.05,2.775,1.51,-1.23,141.15,0.03,0.0,0.05,0.02,99695,1507,3,0.3,0.09,0.07,-0.03,49,-45,-59,0,2.97,-0.19,0.0059,0.0126,18.41,18.69,12.23
997.622,flow_only,30.6,52.1378696,21.1609719,89.56,52.1378703,21.1609773,29,0.51,1.724,255,0.0,0.5027,0.0117,0.0131,3.082,2.77,1.59,-1.03,141.25,0.03,0.0,0.0,0.02,99695,1507,3,0.3,0.09,0.07,-0.03,49,-3,426,0,2.98,-0.18,0.0156,0.0307,17.54,15.43,12.08
997.722,flow_only,30.7,52.1378685,21.1609734,89.55,52.1378681,21.1609809,29,0.51,1.678,255,0.0,0.5027,-0.0413,0.0325,3.086,2.768,1.4,-0.86,141.26,0.03,0.0,0.02,0.03,99695,1507,3,0.3,0.09,0.07,-0.03,49,1,290,0,2.99,-0.17,0.0191,0.0414,13.26,14.66,10.86
997.822,flow_only,30.8,52.1378674,21.1609749,89.55,52.1378659,21.1609842,29,0.51,1.647,255,0.0,0.3351,-0.0609,-0.0324,3.066,2.769,1.1,-1.05,141.11,0.03,0.0,0.01,0.03,99695,1507,3,0.3,0.09,0.07,-0.03,49,43,-184,0,3.0,-0.16,0.0093,0.0311,15.76,16.23,10.09
997.922,flow_only,30.9,52.1378663,21.1609764,89.55,52.1378659,21.1609842,29,0.51,1.647,255,0.0,0.3351,-0.0149,0.044,3.066,2.77,0.89,-0.83,140.86,0.03,0.0,0.01,0.03,99695,1507,3,0.3,0.09,0.07,-0.03,49,-117,-215,0,3.01,-0.14,0.0156,0.0424,15.75,18.9,10.51
998.022,flow_only,31.0,52.137865,21.1609779,89.56,52.1378659,21.1609842,29,0.51,1.647,255,0.0,0.8379,-0.0435,0.0738,3.072,2.772,0.68,-0.67,140.51,0.03,0.0,0.03,0.04,99695,1507,3,0.3,0.09,0.07,-0.03,49,46,-192,0,3.02,-0.12,0.0148,0.0462,17.09,22.91,14.9
998.122,flow_only,31.1,52.1378639,21.1609793,89.56,52.1378636,21.1609874,29,0.51,1.621,255,0.0,0.5027,-0.0825,0.0597,3.07,2.776,0.32,-0.13,140.11,0.03,0.0,0.02,0.04,99695,1507,3,0.3,0.09,0.07,-0.03,49,55,359,0,3.03,-0.12,0.0202,0.0539,15.85,16.57,13.05
998.222,flow_only,31.2,52.1378627,21.1609808,89.56,52.1378636,21.1609874,29,0.51,1.621,255,0.0,0.335,-0.0234,0.0543,3.1,2.779,-0.04,0.03,139.76,0.03,0.0,0.01,0.05,99695,1507,3,0.3,0.09,0.07,-0.03,49,-80,303,0,3.03,-0.12,0.0315,0.0644,16.4,13.58,11.12
998.322,flow_only,31.3,52.1378616,21.1609823,89.57,52.1378613,21.1609906,29,0.51,1.687,255,0.0,0.3351,0.0208,0.0006,3.102,2.781,0.06,0.16,139.46,0.03,0.0,0.0,0.04,99695,1507,3,0.3,0.09,0.07,-0.03,49,-7,-215,0,3.03,-0.15,0.0146,0.0327,16.83,13.01,9.35
998.422,flow_only,31.4,52.1378607,21.1609835,89.57,52.1378613,21.1609906,29,0.51,1.687,255,0.0,0.3351,-0.0028,-0.0173,3.116,2.784,0.05,0.23,139.32,0.03,0.0,0.03,0.04,99695,1507,3,0.3,0.09,0.07,-0.03,49,15,-188,0,3.04,-0.15,0.0362,0.069,16.42,15.37,10.84
998.523,flow_only,31.501,52.1378598,21.1609848,89.57,52.1378591,21.1609938,29,0.51,1.539,255,0.0,0.1676,0.0218,-0.1408,3.124,2.787,0.14,-0.38,139.32,0.03,0.0,0.01,0.05,99695,1507,3,0.3,0.09,0.07,-0.03,49,-14,-32,0,3.05,-0.14,0.0138,0.0379,16.13,12.84,10.04
998.623,flow_only,31.601,52.1378589,21.1609861,89.58,52.1378591,21.1609938,29,0.51,1.539,255,0.0,0.3351,0.0991,-0.1302,3.13,2.791,0.54,-1.16,139.36,0.03,0.0,0.02,0.04,99695,1507,3,0.3,0.09,0.07,-0.03,49,-72,-171,0,3.06,-0.14,0.0128,0.0374,13.37,16.04,12.05
998.722,flow_only,31.7,52.137858,21.1609874,89.58,52.1378571,21.1609969,29,0.51,1.481,255,0.0,0.5027,-0.0116,-0.0957,3.126,2.797,0.73,-1.76,139.5,0.03,0.0,0.05,0.02,99695,1507,3,0.3,0.08,0.07,-0.03,49,-97,-168,0,3.08,-0.12,0.0206,0.0518,14.3,22.67,11.21
998.822,flow_only,31.8,52.1378571,21.1609885,89.59,52.1378571,21.1609969,29,0.51,1.481,255,0.0,0.1676,0.0443,-0.0765,3.128,2.806,0.92,-2.21,139.56,0.03,0.0,0.05,0.02,99695,1507,3,0.3,0.08,0.07,-0.03,49,9,-21,0,3.1,-0.11,0.0176,0.0535,15.66,20.76,11.38
998.922,flow_only,31.9,52.1378561,21.1609899,89.6,52.1378551,21.1610001,29,0.51,1.525,255,0.0,0.1676,-0.0218,-0.0945,3.12,2.813,0.76,-2.82,139.56,0.03,0.0,0.01,0.04,99695,1507,3,0.3,0.09,0.07,-0.03,49,13,-33,0,3.1,-0.1,0.01,0.0378,14.46,24.93,13.58
999.022,flow_only,32.0,52.1378551,21.1609913,89.6,52.1378551,21.1610001,29,0.51,1.525,255,0.0,0.6703,-0.0097,-0.0363,3.104,2.814,0.75,-3.06,139.49,0.03,0.0,0.01,0.02,99695,1507,3,0.3,0.09,0.07,-0.03,49,0,-87,0,3.09,-0.11,0.01,0.0255,14.33,19.3,13.42
999.122,flow_only,32.1,52.1378541,21.1609927,89.6,52.137853,21.1610033,29,0.51,1.565,255,0.0,0.5027,-0.0014,0.0911,3.114,2.812,0.71,-2.82,139.38,0.03,0.0,0.01,0.02,99695,1507,3,0.3,0.09,0.07,-0.03,49,21,-142,0,3.09,-0.1,0.0143,0.0328,13.53,21.5,12.71
999.222,flow_only,32.2,52.1378532,21.1609941,89.59,52.137853,21.1610033,29,0.51,1.565,255,0.0,0.3351,-0.0203,0.027,3.1,2.809,0.56,-2.51,139.23,0.03,0.0,0.0,0.03,99695,1507,3,0.3,0.09,0.07,-0.03,49,38,458,0,3.09,-0.1,0.0235,0.0428,12.04,22.86,10.9
999.322,flow_only,32.3,52.1378521,21.1609956,89.59,52.1378509,21.1610065,29,0.51,1.577,255,0.0,0.3351,0.0007,0.0633,3.086,2.806,0.69,-2.13,139.2,0.03,0.0,0.02,0.02,99695,1507,3,0.3,0.08,0.07,-0.03,49,-30,-235,0,3.09,-0.09,0.0162,0.0338,15.6,15.86,9.11
999.422,flow_only,32.4,52.1378513,21.1609969,89.59,52.1378509,21.1610065,29,0.51,1.577,255,0.0,0.3351,0.0326,0.0255,3.08,2.804,0.72,-1.97,139.27,0.03,0.0,0.0,0.04,99695,1507,3,0.3,0.08,0.07,-0.03,49,19,-166,0,3.08,-0.08,0.0381,0.0711,17.4,15.04,9.35
999.522,flow_only,32.5,52.1378504,21.1609981,89.59,52.1378487,21.1610095,29,0.51,1.56,255,0.0,0.5024,-0.0318,-0.0892,3.066,2.802,0.6,-2.15,139.48,0.03,0.0,0.02,0.04,99695,1507,3,0.3,0.08,0.07,-0.03,49,41,-124,0,3.08,-0.08,0.0244,0.049,15.29,19.17,12.97
999.622,flow_only,32.6,52.1378495,21.1609994,89.59,52.1378487,21.1610095,29,0.51,1.56,255,0.0,0.8379,0.0163,-0.0257,3.078,2.803,0.76,-2.36,139.76,0.03,0.0,0.03,0.04,99695,1507,3,0.3,0.08,0.07,-0.03,49,-40,-139,0,3.09,-0.06,0.0317,0.0626,17.86,15.74,11.3
999.722,flow_only,32.7,52.1378487,21.1610007,89.59,52.1378465,21.1610128,29,0.51,1.723,255,0.0,0.6704,-0.0339,-0.0638,3.066,2.809,0.49,-2.82,140.15,0.03,0.0,0.06,0.03,99695,1507,3,0.3,0.09,0.07,-0.03,49,192,84,0,3.11,-0.04,0.0198,0.0507,17.7,14.82,10.42
999.822,flow_only,32.8,52.1378477,21.1610023,89.6,52.1378465,21.1610128,29,0.51,1.723,255,0.1675,0.3351,0.0601,-0.0506,3.062,2.816,0.63,-3.09,140.57,0.03,0.0,0.02,0.03,99695,1507,3,0.3,0.09,0.07,-0.03,49,7,-119,0,3.11,-0.03,0.0125,0.0352,15.93,20.62,15.39
999.922,flow_only,32.9,52.1378466,21.1610039,89.61,52.1378442,21.1610162,29,0.51,1.629,255,0.1676,0.3352,0.0399,0.0939,3.032,2.82,0.91,-2.83,141.01,0.03,0.0,0.01,0.01,99695,1507,3,0.29,0.09,0.07,-0.03,49,-68,-169,0,3.11,-0.03,0.0163,0.0335,15.74,18.24,14.38
1000.022,flow_only,33.0,52.1378456,21.1610054,89.61,52.1378442,21.1610162,29,0.51,1.629,255,0.0,0.3351,0.0237,0.0821,3.03,2.826,0.97,-2.44,141.38,0.03,0.0,0.04,0.03,99695,1507,3,0.29,0.09,0.07,-0.03,49,-20,-250,0,3.12,-0.03,0.0161,0.0376,16.87,17.44,11.91
1000.122,flow_only,33.1,52.1378445,21.1610069,89.62,52.137842,21.1610196,29,0.51,1.718,255,0.0,0.5027,0.0022,-0.0223,3.054,2.834,1.16,-2.17,141.63,0.03,0.0,0.04,0.02,99695,1507,3,0.29,0.09,0.07,-0.03,49,106,411,0,3.13,0.01,0.0184,0.0415,15.57,19.14,12.58
1000.222,flow_only,33.201,52.1378434,21.1610084,89.62,52.1378395,21.161023,29,0.51,1.847,255,0.0,0.5027,-0.0142,0.0591,3.054,2.839,1.02,-2.1,141.76,0.03,0.0,0.01,0.02,99695,1507,3,0.29,0.09,0.07,-0.03,49,33,-160,0,3.13,0.0,0.0047,0.0204,17.93,17.72,12.25
1000.322,flow_only,33.3,52.1378424,21.1610099,89.63,52.1378395,21.161023,29,0.51,1.847,255,0.0,1.0053,-0.016,0.0368,3.034,2.84,0.99,-1.78,141.72,0.03,0.0,0.0,0.03,99695,1507,3,0.29,0.09,0.07,-0.03,49,-10,-82,0,3.12,0.0,0.0111,0.0207,15.71,19.53,12.67
1000.422,flow_only,33.4,52.1378412,21.1610114,89.63,52.1378395,21.161023,29,0.51,1.847,255,0.0,0.3351,-0.01,0.0456,3.03,2.841,0.89,-1.52,141.57,0.03,0.0,0.01,0.03,99695,1507,3,0.29,0.09,0.07,-0.03,49,20,-73,0,3.12,0.0,0.0182,0.0341,15.13,15.99,10.47
1000.522,flow_only,33.5,52.13784,21.161013,89.63,52.1378371,21.1610264,29,0.51,1.695,255,0.0,0.5027,-0.0298,0.0656,3.028,2.845,0.85,-1.3,141.36,0.03,0.0,0.04,0.03,99695,1507,3,0.29,0.09,0.07,-0.03,49,3,-216,0,3.13,0.01,0.0101,0.0212,15.42,15.3,12.05
1000.622,flow_only,33.6,52.137839,21.1610144,89.64,52.1378371,21.1610264,29,0.51,1.695,255,0.0,0.5027,0.0266,0.0657,3.012,2.852,0.9,-0.83,141.12,0.03,0.0,0.03,0.03,99695,1507,3,0.29,0.09,0.07,-0.03,49,156,414,0,3.13,0.02,0.0174,0.0336,17.6,15.51,9.66
1000.722,flow_only,33.7,52.1378379,21.1610159,89.64,52.1378346,21.1610297,29,0.51,1.809,255,0.0,0.3351,-0.0426,-0.0584,3.014,2.86,0.66,-0.88,140.99,0.03,0.0,0.02,0.02,99695,1507,3,0.29,0.1,0.07,-0.03,49,72,335,0,3.14,0.02,0.034,0.0616,14.6,17.35,10.67
1000.822,flow_only,33.8,52.1378367,21.1610176,89.65,52.1378346,21.1610297,29,0.51,1.809,255,0.0,0.5026,0.0566,-0.0241,3.026,2.865,0.93,-1.16,140.86,0.03,0.0,0.0,0.03,99695,1507,3,0.29,0.1,0.07,-0.03,49,5,47,0,3.13,0.03,0.0267,0.0495,13.99,15.2,10.2
1000.922,flow_only,33.9,52.1378355,21.1610192,89.65,52.1378321,21.1610331,29,0.51,1.756,255,0.0,1.0058,-0.032,0.109,3.028,2.865,0.83,-0.83,140.73,0.03,0.0,0.01,0.03,99695,1507,3,0.29,0.09,0.07,-0.03,49,-7,137,0,3.12,0.02,0.019,0.0373,17.06,17.05,9.24
1001.022,flow_only,34.0,52.1378344,21.1610208,89.65,52.1378321,21.1610331,29,0.51,1.756,255,0.0,0.8377,-0.0279,-0.0235,3.056,2.866,0.78,-0.75,140.38,0.03,0.0,0.02,0.02,99695,1507,3,0.29,0.09,0.07,-0.03,49,11,252,0,3.13,0.01,0.0252,0.0487,17.79,17.94,13.02
1001.122,flow_only,34.1,52.1378332,21.1610224,89.66,52.1378296,21.1610364,29,0.51,1.766,255,0.0,0.5026,-0.111,0.0818,3.004,2.871,0.28,-0.48,140.0,0.03,0.0,0.06,0.04,99695,1507,3,0.29,0.09,0.07,-0.03,49,88,-38,0,3.15,0.03,0.0163,0.0368,16.22,17.62,12.29
1001.222,flow_only,34.201,52.1378321,21.1610239,89.67,52.1378271,21.1610397,29,0.51,1.68,255,0.0,0.3351,-0.0364,0.0558,3.0,2.882,-0.18,-0.14,139.59,0.03,0.0,0.04,0.04,99695,1507,3,0.29,0.09,0.07,-0.03,49,116,-233,0,3.16,0.07,0.0188,0.04,17.0,18.53,12.44
1001.322,flow_only,34.3,52.137831,21.1610255,89.68,52.1378271,21.1610397,29,0.51,1.68,255,0.1676,0.5027,0.0619,-0.0131,3.016,2.89,0.06,0.02,139.22,0.03,0.0,0.0,0.01,99695,1507,3,0.29,0.09,0.07,-0.03,49,-33,-58,0,3.16,0.07,0.0073,0.0168,17.4,24.3,13.59
1001.422,flow_only,34.4,52.13783,21.161027,89.68,52.1378271,21.1610397,29,0.51,1.68,255,0.0,0.5027,0.0593,-0.03,3.008,2.896,0.43,-0.31,139.0,0.03,0.0,0.02,0.05,99695,1507,3,0.29,0.09,0.07,-0.03,49,-55,-72,0,3.16,0.06,0.0054,0.0136,19.3,27.82,16.58
1001.522,flow_only,34.5,52.137829,21.1610285,89.68,52.1378247,21.1610429,29,0.51,1.657,255,0.1675,0.3349,0.0674,-0.0396,3.016,2.9,0.76,-0.39,138.77,0.03,0.0,0.0,0.04,99695,1507,3,0.29,0.09,0.07,-0.03,49,-55,181,0,3.15,0.05,0.0181,0.0353,19.97,28.16,15.89
1001.622,flow_only,34.6,52.1378279,21.16103,89.69,52.1378247,21.1610429,29,0.51,1.657,255,0.1676,0.8379,0.0206,0.0163,3.0,2.901,1.01,-0.52,138.68,0.03,0.0,0.0,0.06,99695,1507,3,0.29,0.09,0.07,-0.03,49,-29,210,0,3.15,0.05,0.0254,0.0498,16.61,27.45,14.24
1001.722,flow_only,34.7,52.1378267,21.1610315,89.69,52.1378225,21.1610461,29,0.51,1.589,255,0.0,0.3352,-0.0078,-0.0322,3.0,2.9,0.96,-0.6,138.64,0.03,0.0,0.0,0.02,99695,1507,3,0.29,0.09,0.07,-0.03,49,0,-14,0,3.14,0.04,0.0172,0.0366,19.97,22.99,11.86
1001.822,flow_only,34.8,52.1378257,21.1610329,89.68,52.1378225,21.1610461,29,0.51,1.589,255,0.0,0.335,0.0326,0.0494,2.994,2.899,1.05,-0.45,138.74,0.03,0.0,0.01,0.05,99695,1507,3,0.29,0.09,0.07,-0.03,49,20,-140,0,3.14,0.05,0.0128,0.0229,18.7,19.15,12.69
1001.922,flow_only,34.9,52.1378246,21.1610342,89.68,52.1378203,21.1610493,29,0.51,1.566,255,0.0,0.6702,0.0241,-0.0752,3.022,2.897,1.21,-0.62,138.9,0.03,0.0,0.03,0.02,99695,1507,3,0.29,0.1,0.07,-0.03,49,-194,324,0,3.12,0.04,0.0258,0.0556,25.54,23.11,13.08
1002.022,flow_only,35.0,52.1378235,21.1610356,89.68,52.1378203,21.1610493,29,0.51,1.566,255,0.0,1.0053,0.0219,0.0484,3.018,2.892,1.35,-0.67,139.32,0.03,0.0,0.0,0.04,99695,1507,3,0.29,0.1,0.07,-0.03,49,-15,247,0,3.12,0.02,0.0238,0.0499,20.7,25.46,16.28
1002.122,flow_only,35.1,52.1378224,21.1610371,89.67,52.1378182,21.1610526,29,0.51,1.583,255,0.0,0.3351,-0.0132,0.0016,2.98,2.886,1.4,-0.62,139.79,0.03,0.0,0.03,0.04,99695,1507,3,0.29,0.11,0.07,-0.03,49,-16,-24,0,3.1,0.01,0.0157,0.0419,19.52,22.69,14.17
1002.222,flow_only,35.201,52.1378213,21.1610385,89.66,52.137816,21.1610557,29,0.51,1.538,255,-0.1676,0.5027,-0.0097,0.0678,2.99,2.877,1.29,-0.37,140.44,0.03,0.0,0.02,0.02,99695,1507,3,0.29,0.1,0.07,-0.03,49,38,-186,0,3.09,0.01,0.0098,0.0366,18.2,24.03,14.31
1002.322,flow_only,35.3,52.1378202,21.1610399,89.65,52.137816,21.1610557,29,0.51,1.538,255,0.0,0.5026,0.0691,0.0153,3.018,2.869,1.57,-0.15,141.05,0.03,0.0,0.0,0.03,99695,1507,3,0.29,0.1,0.07,-0.03,49,-42,-35,0,3.08,0.01,0.0072,0.0282,20.6,22.87,15.63
1002.422,flow_only,35.4,52.1378192,21.1610412,89.65,52.137816,21.1610557,29,0.51,1.538,255,0.0,0.3351,-0.0331,-0.0227,2.978,2.862,1.44,-0.21,141.61,0.03,0.0,0.02,0.02,99695,1507,3,0.29,0.1,0.07,-0.03,49,30,-144,0,3.07,0.0,0.0151,0.0393,19.94,24.33,15.94
1002.522,flow_only,35.5,52.1378182,21.1610424,89.64,52.1378139,21.1610588,29,0.51,1.548,255,0.0,0.3352,0.0876,0.0125,3.002,2.856,1.67,-0.28,141.97,0.03,0.0,0.0,0.03,99695,1507,3,0.29,0.1,0.07,-0.03,49,-22,388,0,3.07,0.0,0.0168,0.0375,17.11,21.85,13.98
1002.622,flow_only,35.6,52.1378171,21.1610438,89.63,52.1378139,21.1610588,29,0.51,1.548,255,0.0,0.6702,-0.0493,-0.0469,2.97,2.848,1.79,-0.42,142.16,0.03,0.0,0.04,0.03,99695,1507,3,0.29,0.1,0.07,-0.03,49,-36,368,0,3.06,-0.01,0.0452,0.092,16.17,21.06,13.81
1002.722,flow_only,35.7,52.1378159,21.1610451,89.62,52.1378118,21.1610617,29,0.51,1.53,255,-0.1675,0.3351,-0.0346,-0.0072,2.972,2.84,1.44,-0.69,142.08,0.03,0.0,0.0,0.02,99695,1507,3,0.29,0.1,0.07,-0.03,49,79,-85,0,3.06,0.0,0.0053,0.0255,15.5,17.37,12.99
1002.822,flow_only,35.8,52.1378149,21.1610464,89.62,52.1378118,21.1610617,29,0.51,1.53,255,-0.1676,0.3351,-0.0929,-0.0146,2.986,2.836,0.99,-0.64,141.85,0.03,0.0,0.01,0.03,99695,1507,3,0.29,0.1,0.07,-0.03,49,41,-161,0,3.06,0.0,0.0138,0.0288,15.2,16.0,11.58
1002.922,flow_only,35.9,52.137814,21.1610475,89.62,52.1378098,21.1610646,29,0.51,1.425,255,0.0,0.838,-0.0072,0.0187,2.98,2.831,0.9,-0.54,141.46,0.03,0.0,0.05,0.02,99695,1507,3,0.29,0.1,0.07,-0.03,49,-118,220,0,3.04,-0.02,0.0125,0.0351,15.4,15.75,11.99
1003.022,flow_only,36.0,52.1378128,21.1610488,89.61,52.1378098,21.1610646,29,0.51,1.425,255,0.0,0.3351,-0.0488,-0.079,2.984,2.821,0.64,-0.83,141.04,0.03,0.0,0.03,0.03,99695,1507,3,0.29,0.1,0.07,-0.03,49,-110,380,0,3.03,-0.03,0.0336,0.0734,15.29,18.78,11.16
1003.122,flow_only,36.1,52.1378117,21.16105,89.6,52.1378078,21.1610673,29,0.51,1.444,255,0.0,0.335,-0.0333,0.0076,2.978,2.811,0.56,-1.02,140.65,0.03,0.0,0.01,0.03,99695,1507,3,0.29,0.09,0.07,-0.03,49,37,-77,0,3.02,-0.03,0.0105,0.0351,15.52,18.01,11.32
1003.222,flow_only,36.201,52.1378106,21.1610514,89.59,52.1378058,21.1610702,29,0.51,1.466,255,0.0,0.3351,-0.0848,0.0514,3.0,2.805,0.07,-0.88,140.26,0.03,0.0,0.0,0.04,99695,1507,3,0.29,0.09,0.07,-0.03,49,96,13,0,3.03,-0.04,0.0198,0.0396,16.12,16.35,10.63
1003.322,flow_only,36.3,52.1378093,21.1610528,89.59,52.1378058,21.1610702,29,0.51,1.466,255,0.0,0.8378,-0.0004,0.0447,3.002,2.803,0.04,-0.61,139.82,0.03,0.0,0.0,0.03,99695,1507,3,0.29,0.09,0.07,-0.03,49,18,-207,0,3.03,-0.04,0.0169,0.0382,15.9,14.14,9.41
1003.422,flow_only,36.4,52.1378083,21.1610541,89.59,52.1378058,21.1610702,29,0.51,1.466,255,0.0,0.3351,-0.0495,0.0175,3.008,2.801,-0.16,-0.38,139.36,0.03,0.0,0.0,0.03,99695,1507,3,0.29,0.09,0.07,-0.03,49,44,-200,0,3.03,-0.05,0.022,0.0399,15.88,20.09,10.23
1003.522,flow_only,36.5,52.1378075,21.1610553,89.58,52.1378038,21.161073,29,0.51,1.433,255,0.0,0.1676,-0.0104,-0.032,3.006,2.799,-0.36,-0.64,138.9,0.03,0.0,0.0,0.03,99695,1507,3,0.29,0.09,0.07,-0.03,49,61,273,0,3.04,-0.04,0.0092,0.0178,16.88,20.17,11.32
1003.622,flow_only,36.6,52.1378066,21.1610567,89.58,52.1378038,21.161073,29,0.51,1.433,255,0.1676,0.8378,0.1094,-0.0425,3.026,2.794,0.11,-0.7,138.55,0.03,0.0,0.05,0.02,99695,1507,3,0.29,0.09,0.07,-0.03,49,69,-128,0,3.02,-0.07,0.0381,0.0779,17.35,16.45,9.76
1003.722,flow_only,36.7,52.1378059,21.161058,89.57,52.1378018,21.161076,29,0.51,1.524,255,0.1675,0.1675,0.0745,-0.1869,3.016,2.785,0.46,-1.57,138.22,0.03,0.0,0.02,0.03,99695,1507,3,0.29,0.09,0.07,-0.03,49,120,50,0,3.01,-0.09,0.0344,0.0737,18.72,23.32,12.18
1003.822,flow_only,36.8,52.1378052,21.1610593,89.56,52.1378018,21.161076,29,0.51,1.524,255,0.1676,0.3351,0.1034,-0.0264,3.026,2.773,1.02,-2.05,138.0,0.03,0.0,0.03,0.04,99695,1507,3,0.29,0.09,0.07,-0.03,49,-101,56,0,3.0,-0.09,0.0165,0.045,16.62,18.82,12.33
1003.922,flow_only,36.9,52.1378044,21.1610606,89.55,52.1377999,21.161079,29,0.51,1.421,255,0.1676,0.1676,0.0406,-0.091,3.026,2.765,1.35,-2.34,137.82,0.03,0.0,0.02,0.02,99695,1507,3,0.29,0.09,0.07,-0.03,49,61,231,0,3.01,-0.09,0.0062,0.0183,16.86,24.48,14.1
1004.022,flow_only,37.0,52.1378035,21.1610619,89.54,52.1377999,21.161079,29,0.51,1.421,255,0.0,0.3352,0.0745,0.0239,2.992,2.758,1.64,-2.47,137.71,0.03,0.0,0.04,0.04,99695,1507,3,0.29,0.09,0.07,-0.03,49,-54,-61,0,3.0,-0.11,0.015,0.0362,20.76,20.5,13.12
1004.122,flow_only,37.1,52.1378027,21.1610632,89.53,52.137798,21.1610823,29,0.51,1.492,255,0.0,0.5026,-0.0412,0.0454,2.966,2.747,1.79,-2.23,137.81,0.03,0.0,0.06,0.01,99695,1507,3,0.29,0.09,0.07,-0.03,49,68,-183,0,2.98,-0.12,0.0341,0.0772,21.2,21.24,15.21
1004.222,flow_only,37.2,52.1378018,21.1610647,89.52,52.137798,21.1610823,29,0.51,1.492,255,0.0,0.8382,-0.006,-0.0383,3.01,2.735,1.62,-2.16,137.99,0.03,0.0,0.0,0.02,99695,1507,3,0.29,0.09,0.07,-0.03,49,44,-218,0,2.98,-0.09,0.0224,0.052,19.94,22.27,14.2
1004.322,flow_only,37.3,52.137801,21.1610661,89.51,52.1377961,21.1610856,29,0.51,1.582,255,0.0,0.8378,0.1122,-0.0228,3.032,2.726,1.81,-2.55,138.23,0.03,0.0,0.0,0.02,99695,1507,3,0.29,0.1,0.07,-0.03,49,0,-57,0,2.98,-0.09,0.0276,0.0586,18.86,24.16,15.86
1004.422,flow_only,37.4,52.1378002,21.1610674,89.5,52.1377961,21.1610856,29,0.51,1.582,255,0.0,0.5029,0.0344,0.0469,3.002,2.717,2.36,-2.28,138.53,0.03,0.0,0.04,0.01,99695,1507,3,0.29,0.1,0.07,-0.03,49,13,275,0,2.97,-0.13,0.0066,0.0262,19.25,22.09,14.86
1004.522,flow_only,37.5,52.1377991,21.1610688,89.5,52.137794,21.161089,29,0.51,1.717,255,0.0,0.3352,0.0489,-0.0042,3.022,2.711,2.36,-2.35,138.79,0.03,0.0,0.02,0.02,99695,1507,3,0.29,0.09,0.07,-0.03,49,40,146,0,2.98,-0.11,0.0064,0.0103,19.64,21.97,16.24
1004.622,flow_only,37.601,52.1377981,21.1610703,89.49,52.1377918,21.1610925,28,0.52,1.792,255,0.0,1.0051,-0.052,0.1572,3.028,2.708,2.3,-1.72,139.06,0.03,0.0,0.02,0.01,99695,1507,3,0.3,0.09,0.07,-0.03,49,-6,21,0,2.98,-0.12,0.0104,0.0218,19.14,21.34,14.72
1004.722,flow_only,37.7,52.137797,21.1610717,89.49,52.1377918,21.1610925,28,0.52,1.792,255,0.0,0.5027,-0.0567,0.0677,3.054,2.704,1.7,-1.17,139.31,0.03,0.0,0.01,0.03,99695,1507,3,0.3,0.09,0.07,-0.03,49,-24,33,0,2.98,-0.13,0.0168,0.034,20.7,23.73,14.44
1004.822,flow_only,37.8,52.1377959,21.1610731,89.48,52.1377918,21.1610925,28,0.52,1.792,255,0.0,0.5029,-0.0111,0.0514,3.064,2.699,1.74,-0.85,139.65,0.03,0.0,0.02,0.02,99695,1507,3,0.3,0.09,0.07,-0.03,49,-16,-130,0,2.98,-0.15,0.0141,0.0278,17.84,23.05,13.96
1004.922,flow_only,37.9,52.1377947,21.1610746,89.48,52.1377894,21.161096,28,0.52,1.759,255,-0.3352,1.1732,-0.0824,0.0547,3.066,2.692,1.22,-0.52,140.1,0.03,0.0,0.03,0.01,99695,1507,3,0.3,0.09,0.07,-0.03,49,72,-127,0,2.97,-0.15,0.0053,0.0165,18.1,26.03,14.39
1005.022,flow_only,38.0,52.1377935,21.161076,89.47,52.1377894,21.161096,28,0.52,1.759,255,0.0,0.5027,-0.0532,0.0659,3.102,2.687,0.94,-0.11,140.4,0.03,0.0,0.02,0.02,99695,1507,3,0.3,0.09,0.07,-0.03,49,-96,42,0,2.99,-0.16,0.0126,0.023,15.8,21.32,12.77
1005.122,flow_only,38.1,52.1377923,21.1610774,89.47,52.1377871,21.1610996,28,0.52,1.814,255,0.0,0.3351,-0.0371,0.0606,3.11,2.687,0.65,0.1,140.44,0.03,0.0,0.02,0.03,99695,1507,3,0.3,0.09,0.07,-0.03,49,-78,-115,0,3.0,-0.15,0.0103,0.0238,18.1,22.52,13.22
1005.222,flow_only,38.2,52.1377913,21.1610788,89.47,52.1377871,21.1610996,28,0.52,1.814,255,-0.1675,1.0052,0.0219,0.0634,3.092,2.69,0.7,0.56,140.06,0.03,0.0,0.02,0.03,99695,1507,3,0.3,0.09,0.07,-0.03,49,15,-155,0,3.02,-0.17,0.0291,0.0574,21.86,20.93,14.21
1005.322,flow_only,38.3,52.1377903,21.1610801,89.48,52.1377847,21.1611033,28,0.52,1.864,255,0.0,0.5027,0.0085,-0.0597,3.098,2.691,0.85,0.44,139.26,0.03,0.0,0.0,0.04,99695,1507,3,0.3,0.09,0.07,-0.03,49,-16,279,0,3.02,-0.17,0.006,0.0213,20.01,22.3,14.03
1005.422,flow_only,38.4,52.1377892,21.1610816,89.48,52.1377847,21.1611033,28,0.52,1.864,255,0.0,0.3351,-0.0447,0.0472,3.096,2.692,0.57,0.45,138.24,0.03,0.0,0.03,0.04,99695,1507,3,0.3,0.09,0.07,-0.03,49,-113,315,0,3.04,-0.14,0.0146,0.0362,21.09,21.19,14.66
1005.522,flow_only,38.5,52.1377881,21.1610831,89.48,52.1377821,21.1611069,28,0.52,1.889,255,0.0,0.3352,0.0048,-0.0093,3.108,2.695,0.43,0.52,137.08,0.03,0.0,0.02,0.04,99695,1507,3,0.3,0.1,0.07,-0.03,49,-109,-64,0,3.05,-0.13,0.0078,0.0313,17.56,20.36,14.18
1005.622,flow_only,38.601,52.1377871,21.1610844,89.48,52.1377797,21.1611103,28,0.52,1.763,255,0.0,0.8378,0.025,0.0543,3.09,2.693,0.5,0.62,136.15,0.03,0.0,0.02,0.05,99695,1507,3,0.3,0.1,0.07,-0.03,49,30,-209,0,3.03,-0.15,0.0286,0.0545,20.52,22.72,14.06
1005.722,flow_only,38.7,52.1377861,21.1610858,89.47,52.1377797,21.1611103,28,0.52,1.763,255,0.0,0.5027,-0.0192,-0.0389,3.08,2.687,0.49,0.77,135.29,0.03,0.0,0.01,0.03,99695,1507,3,0.3,0.1,0.07,-0.03,49,25,-65,0,3.04,-0.13,0.0073,0.0219,19.21,21.54,13.59
1005.822,flow_only,38.801,52.1377851,21.1610873,89.47,52.1377773,21.1611137,28,0.52,1.711,255,0.0,0.3352,0.0896,-0.0093,3.088,2.686,0.67,0.44,134.72,0.03,0.0,0.05,0.05,99695,1507,3,0.3,0.09,0.07,-0.03,49,67,207,0,3.06,-0.1,0.0162,0.0415,17.0,21.56,13.02
1005.922,flow_only,38.9,52.137784,21.1610886,89.47,52.1377773,21.1611137,28,0.52,1.711,255,0.0,0.8378,0.0161,-0.0577,3.085,2.689,1.04,0.34,134.57,0.03,0.0,0.01,0.03,99695,1507,3,0.3,0.09,0.07,-0.03,49,-51,-21,0,3.06,-0.1,0.0099,0.031,19.44,22.48,12.32
1006.022,flow_only,39.001,52.1377829,21.16109,89.48,52.137775,21.1611171,28,0.52,1.779,255,0.0,0.6703,0.016,-0.0556,3.082,2.69,1.15,0.01,134.78,0.03,0.0,0.0,0.06,99695,1507,3,0.3,0.09,0.07,-0.03,49,48,-117,0,3.06,-0.1,0.0064,0.0229,21.27,22.81,13.15
1006.122,flow_only,39.1,52.1377818,21.1610915,89.48,52.137775,21.1611171,28,0.52,1.779,255,-0.1676,0.3351,-0.1152,-0.0271,3.048,2.69,0.66,-0.31,135.3,0.03,0.0,0.0,0.04,99695,1507,3,0.3,0.09,0.07,-0.03,49,72,-118,0,3.05,-0.11,0.0133,0.0275,20.1,25.49,14.14
1006.222,flow_only,39.2,52.1377806,21.1610931,89.47,52.137775,21.1611171,28,0.52,1.779,255,-0.1676,0.5027,-0.0317,-0.0229,3.038,2.687,0.36,-0.41,135.98,0.03,0.0,0.01,0.02,99695,1507,3,0.3,0.09,0.07,-0.03,49,-23,-12,0,3.04,-0.09,0.0212,0.0409,18.99,22.86,12.77
1006.322,flow_only,39.301,52.1377796,21.1610946,89.47,52.1377727,21.1611206,28,0.52,1.715,255,0.0,0.8379,0.016,0.1185,3.08,2.681,0.27,-0.04,136.8,0.03,0.0,0.0,0.04,99695,1507,3,0.3,0.09,0.07,-0.03,49,-94,-200,0,3.03,-0.09,0.0107,0.0171,17.52,20.23,11.77
1006.422,flow_only,39.4,52.1377786,21.1610959,89.46,52.1377727,21.1611206,28,0.52,1.715,255,0.0,0.3351,0.0206,-0.0272,3.074,2.673,0.42,0.24,137.53,0.03,0.0,0.01,0.04,99695,1507,3,0.3,0.09,0.07,-0.03,49,12,201,0,3.02,-0.14,0.0039,0.0099,19.71,23.47,12.77
1006.522,flow_only,39.5,52.1377776,21.1610974,89.45,52.1377704,21.1611241,28,0.52,1.775,255,0.0,0.5027,0.1122,0.0065,3.03,2.667,0.87,0.08,138.14,0.03,0.0,0.01,0.04,99695,1507,3,0.3,0.1,0.07,-0.03,49,-25,210,0,3.03,-0.13,0.0194,0.0372,20.68,24.54,12.62
1006.622,flow_only,39.601,52.1377764,21.1610989,89.45,52.137768,21.1611275,29,0.51,1.726,255,0.0,0.5026,-0.0312,0.0157,3.06,2.664,1.12,0.26,138.75,0.03,0.0,0.02,0.03,99695,1507,3,0.3,0.09,0.07,-0.03,49,114,-227,0,3.03,-0.08,0.0059,0.0137,19.4,23.15,12.9
1006.722,flow_only,39.7,52.1377755,21.1611003,89.45,52.137768,21.1611275,29,0.51,1.726,255,-0.1676,0.5027,-0.0819,-0.036,3.042,2.663,0.67,0.09,139.37,0.03,0.0,0.0,0.04,99695,1507,3,0.3,0.09,0.07,-0.03,49,-61,-143,0,3.03,-0.08,0.016,0.029,17.46,22.46,14.29
1006.822,flow_only,39.8,52.1377744,21.1611017,89.45,52.137768,21.1611275,29,0.51,1.726,255,0.0,0.3352,-0.0142,-0.0465,3.048,2.662,0.48,-0.05,139.83,0.03,0.0,0.01,0.03,99695,1507,3,0.3,0.09,0.07,-0.03,49,-129,-169,0,3.04,-0.09,0.0167,0.0312,19.58,23.09,14.44
1006.922,flow_only,39.9,52.1377732,21.1611031,89.44,52.1377657,21.161131,29,0.51,1.752,255,-0.1676,0.3352,-0.0015,0.0026,3.032,2.66,0.43,-0.23,140.21,0.03,0.0,0.01,0.03,99695,1507,3,0.3,0.09,0.07,-0.03,49,30,373,0,3.03,-0.09,0.0321,0.064,17.85,24.38,12.87
1007.022,flow_only,40.0,52.1377721,21.1611046,89.44,52.1377635,21.1611345,29,0.51,1.67,255,0.0,1.0052,0.0372,0.1319,3.034,2.658,0.55,0.29,140.39,0.03,0.0,0.03,0.04,99695,1507,3,0.3,0.09,0.07,-0.03,49,10,-219,0,3.04,-0.07,0.0083,0.0218,17.45,24.44,12.37
1007.122,flow_only,40.1,52.1377711,21.1611059,89.44,52.1377635,21.1611345,29,0.51,1.67,255,0.1676,0.5027,0.0249,0.0214,3.018,2.657,0.81,0.76,140.15,0.03,0.0,0.03,0.04,99695,1507,3,0.3,0.09,0.07,-0.03,49,-48,-332,0,3.03,-0.08,0.027,0.046,19.64,21.78,13.31
1007.222,flow_only,40.2,52.1377701,21.1611074,89.44,52.1377635,21.1611345,29,0.51,1.67,255,0.0,0.3351,0.0625,-0.0021,3.026,2.651,0.96,0.73,139.8,0.03,0.0,0.02,0.05,99695,1507,3,0.3,0.09,0.07,-0.03,49,-8,-178,0,3.02,-0.08,0.0065,0.0162,17.03,23.09,12.69
1007.322,flow_only,40.3,52.137769,21.1611088,89.43,52.1377612,21.1611379,29,0.51,1.759,255,0.0,0.6702,-0.0191,-0.0866,3.022,2.646,1.08,0.45,139.49,0.03,0.0,0.0,0.03,99695,1507,3,0.3,0.08,0.07,-0.03,49,-61,-167,0,3.02,-0.08,0.0088,0.0189,16.39,21.72,14.1
1007.422,flow_only,40.4,52.137768,21.1611102,89.42,52.1377612,21.1611379,29,0.51,1.759,255,0.1676,0.8378,0.0577,-0.0018,3.045,2.638,1.32,0.17,139.4,0.03,0.0,0.03,0.05,99695,1507,3,0.3,0.08,0.07,-0.03,49,-21,-90,0,3.0,-0.1,0.0118,0.0244,19.91,20.93,14.52
1007.522,flow_only,40.5,52.137767,21.1611115,89.41,52.137759,21.1611415,29,0.51,1.78,255,0.0,0.3351,-0.0965,-0.0624,3.064,2.628,1.03,-0.03,139.57,0.03,0.0,0.02,0.03,99695,1507,3,0.3,0.09,0.07,-0.03,49,28,347,0,2.99,-0.13,0.0139,0.0325,20.24,21.89,13.67
1007.622,flow_only,40.601,52.137766,21.1611129,89.41,52.1377567,21.1611451,29,0.51,1.735,255,0.0,0.5027,0.0277,-0.0144,3.036,2.622,1.02,-0.31,139.91,0.03,0.0,0.02,0.03,99695,1507,3,0.3,0.1,0.07,-0.03,49,11,223,0,3.0,-0.13,0.0197,0.036,19.74,22.26,16.58
1007.722,flow_only,40.7,52.1377649,21.1611145,89.4,52.1377567,21.1611451,29,0.51,1.735,255,0.0,1.0052,-0.0334,0.0413,3.038,2.62,0.93,-0.2,140.36,0.03,0.0,0.02,0.03,99695,1507,3,0.3,0.1,0.07,-0.03,49,16,-25,0,3.01,-0.13,0.0126,0.0244,18.77,23.05,13.97
1007.822,flow_only,40.801,52.1377639,21.161116,89.4,52.1377545,21.1611486,29,0.51,1.674,255,0.0,0.5028,0.0111,0.0507,3.024,2.618,0.97,0.12,140.66,0.03,0.0,0.01,0.02,99695,1507,3,0.3,0.1,0.07,-0.03,49,-24,-67,0,3.01,-0.11,0.0148,0.0265,18.8,24.98,14.26
1007.922,flow_only,40.9,52.1377629,21.1611175,89.4,52.1377545,21.1611486,29,0.51,1.674,255,0.0,0.5029,0.0166,0.0214,3.032,2.617,1.0,0.37,140.9,0.03,0.0,0.01,0.03,99695,1507,3,0.3,0.1,0.07,-0.03,49,155,279,0,3.02,-0.09,0.0166,0.0287,17.87,22.2,14.51
1008.022,flow_only,41.0,52.137762,21.161119,89.4,52.1377545,21.1611486,29,0.51,1.674,255,0.0,0.6704,0.0367,-0.0269,3.032,2.617,1.15,0.11,141.03,0.03,0.0,0.01,0.04,99695,1507,3,0.3,0.1,0.07,-0.03,49,-40,-168,0,3.02,-0.09,0.0093,0.0199,18.03,28.84,16.95
1008.122,flow_only,41.1,52.1377611,21.1611203,89.4,52.1377523,21.1611522,29,0.51,1.764,255,0.0,1.0053,0.0313,0.0198,3.038,2.616,1.35,0.34,141.21,0.03,0.0,0.01,0.04,99695,1507,3,0.3,0.09,0.07,-0.03,49,-66,-175,0,3.03,-0.08,0.0237,0.0437,16.91,24.89,15.48
1008.222,flow_only,41.201,52.1377601,21.1611218,89.4,52.13775,21.1611557,29,0.51,1.666,255,0.1676,0.3351,0.0699,-0.0243,3.012,2.617,1.61,0.13,141.49,0.03,0.0,0.01,0.03,99695,1507,3,0.3,0.09,0.07,-0.03,49,-47,16,0,3.03,-0.07,0.0136,0.0268,18.31,23.39,14.49
1008.322,flow_only,41.3,52.1377588,21.1611234,89.4,52.13775,21.1611557,29,0.51,1.666,255,0.0,0.3351,0.066,-0.0217,3.028,2.62,1.97,-0.04,141.82,0.03,0.0,0.03,0.02,99695,1507,3,0.3,0.09,0.07,-0.03,49,-71,-178,0,3.04,-0.07,0.0229,0.0477,16.6,22.14,12.47
1008.422,flow_only,41.4,52.1377578,21.1611248,89.41,52.13775,21.1611557,29,0.51,1.666,255,0.1676,1.0056,-0.0367,0.1189,3.028,2.622,2.15,0.44,142.06,0.03,0.0,0.01,0.02,99695,1507,3,0.3,0.09,0.07,-0.03,49,70,-229,0,3.03,-0.07,0.0143,0.0229,17.41,20.34,14.5
1008.522,flow_only,41.5,52.1377568,21.1611261,89.41,52.1377478,21.1611593,29,0.51,1.733,255,0.0,0.5026,-0.0829,0.0416,3.022,2.624,1.55,0.75,142.27,0.03,0.0,0.02,0.04,99695,1507,3,0.3,0.09,0.07,-0.03,49,-61,283,0,3.05,-0.06,0.011,0.0231,18.84,20.52,13.18
1008.622,flow_only,41.601,52.1377558,21.1611275,89.41,52.1377454,21.1611629,29,0.51,1.786,255,0.0,0.5027,-0.0879,0.0048,3.024,2.625,1.08,0.89,142.36,0.03,0.0,0.01,0.03,99695,1507,3,0.3,0.09,0.07,-0.03,49,69,305,0,3.04,-0.06,0.0149,0.0266,17.9,19.28,14.14
1008.722,flow_only,41.7,52.1377547,21.161129,89.41,52.1377454,21.1611629,29,0.51,1.786,255,0.0,0.5026,0.0044,-0.0598,3.018,2.623,0.98,0.63,142.24,0.03,0.0,0.01,0.04,99695,1507,3,0.3,0.09,0.07,-0.03,49,0,-141,0,3.03,-0.06,0.0086,0.0187,17.82,18.71,14.12
1008.822,flow_only,41.8,52.1377538,21.1611305,89.4,52.1377454,21.1611629,29,0.51,1.786,255,0.0,0.3351,0.0429,-0.0227,3.016,2.62,1.11,0.47,142.06,0.03,0.0,0.0,0.04,99695,1507,3,0.3,0.09,0.07,-0.03,49,128,-143,0,3.03,-0.06,0.0171,0.0357,18.57,19.17,16.11
1008.922,flow_only,41.9,52.1377528,21.161132,89.4,52.1377432,21.1611665,29,0.51,1.619,255,0.1676,0.3352,0.0372,-0.0746,3.015,2.617,1.3,0.07,141.77,0.03,0.0,0.0,0.02,99695,1507,3,0.3,0.09,0.07,-0.03,49,-55,-83,0,3.03,-0.06,0.0033,0.0072,15.31,23.6,14.15
1009.022,flow_only,42.001,52.1377518,21.1611333,89.4,52.137741,21.1611699,29,0.51,1.648,255,0.1676,1.0053,0.0365,0.0696,3.004,2.613,1.67,0.23,141.49,0.03,0.0,0.02,0.04,99695,1507,3,0.3,0.08,0.07,-0.03,49,-73,-95,0,3.02,-0.07,0.0068,0.012,16.63,17.85,13.54
1009.122,flow_only,42.1,52.137751,21.1611347,89.39,52.137741,21.1611699,29,0.51,1.648,255,0.0,0.6703,-0.0088,-0.0085,3.046,2.603,1.58,0.27,141.15,0.03,0.0,0.05,0.02,99695,1507,3,0.3,0.08,0.07,-0.03,49,138,-37,0,3.0,-0.09,0.0208,0.0509,17.55,19.2,14.21
1009.222,flow_only,42.201,52.13775,21.1611362,89.38,52.1377388,21.1611734,29,0.51,1.655,255,0.0,0.3351,-0.0222,-0.0133,3.014,2.594,1.56,0.27,140.94,0.03,0.0,0.03,0.04,99695,1507,3,0.3,0.09,0.07,-0.03,49,-36,-163,0,3.01,-0.1,0.0051,0.0142,15.96,18.21,15.31
1009.322,flow_only,42.3,52.1377489,21.1611377,89.37,52.1377388,21.1611734,29,0.51,1.655,255,0.0,0.3352,0.0304,-0.0146,3.01,2.589,1.48,0.12,140.88,0.03,0.0,0.0,0.03,99695,1507,3,0.3,0.09,0.07,-0.03,49,-124,21,0,3.01,-0.08,0.0349,0.0658,16.04,20.63,12.64
1009.422,flow_only,42.4,52.1377477,21.1611392,89.37,52.1377388,21.1611734,29,0.51,1.655,255,0.0,1.0053,-0.0476,0.1062,3.008,2.585,1.43,0.42,141.0,0.03,0.0,0.0,0.03,99695,1507,3,0.3,0.09,0.07,-0.03,49,-37,-191,0,3.01,-0.07,0.0123,0.0234,16.25,19.76,14.51
1009.522,flow_only,42.5,52.1377467,21.1611407,89.37,52.1377365,21.1611767,28,0.52,1.661,255,-0.1676,0.3352,-0.0332,0.1286,2.996,2.581,1.24,1.23,141.22,0.03,0.0,0.02,0.02,99695,1507,3,0.3,0.09,0.07,-0.03,49,30,360,0,3.0,-0.08,0.0207,0.038,16.44,21.51,14.59
1009.622,flow_only,42.6,52.1377457,21.1611422,89.36,52.1377365,21.1611767,28,0.52,1.661,255,0.0,0.5027,0.0316,0.1316,2.998,2.577,1.23,1.9,141.52,0.03,0.0,0.0,0.03,99695,1507,3,0.3,0.09,0.07,-0.03,49,18,405,0,3.0,-0.07,0.0367,0.0672,17.28,20.24,12.9
1009.722,flow_only,42.7,52.1377446,21.1611437,89.36,52.1377342,21.1611799,28,0.52,1.642,255,0.0,1.0053,0.0501,0.11,3.024,2.572,1.66,2.58,141.8,0.03,0.0,0.02,0.03,99695,1507,3,0.3,0.09,0.07,-0.03,49,57,43,0,2.99,-0.08,0.0203,0.0403,16.53,19.82,14.95
1009.822,flow_only,42.8,52.1377435,21.1611452,89.35,52.1377342,21.1611799,28,0.52,1.642,255,0.1676,0.6704,0.0469,0.1842,3.01,2.57,1.86,3.43,142.09,0.03,0.0,0.01,0.04,99695,1507,3,0.3,0.09,0.07,-0.03,49,-33,-148,0,3.01,-0.09,0.029,0.0578,17.88,21.15,13.8
1009.922,flow_only,42.9,52.1377424,21.1611467,89.36,52.1377321,21.1611831,28,0.52,1.497,255,0.1676,0.5029,0.0355,0.1294,3.03,2.574,2.12,4.27,142.26,0.03,0.0,0.04,0.04,99695,1507,3,0.3,0.08,0.07,-0.03,49,-55,-135,0,3.03,-0.06,0.021,0.0459,18.94,21.08,14.02
1010.022,flow_only,43.001,52.1377415,21.161148,89.36,52.1377301,21.1611861,28,0.52,1.411,255,0.0,0.5028,-0.0015,0.2174,3.056,2.578,2.3,5.38,142.4,0.03,0.0,0.0,0.04,99695,1507,3,0.3,0.08,0.07,-0.03,49,-54,-258,0,3.03,-0.06,0.0073,0.012,17.21,21.39,15.6
1010.122,flow_only,43.1,52.1377408,21.161149,89.37,52.1377301,21.1611861,28,0.52,1.411,255,0.0,0.3352,-0.0318,0.0839,3.052,2.581,2.04,6.1,142.4,0.03,0.0,0.01,0.05,99695,1507,3,0.3,0.08,0.07,-0.03,49,5,-108,0,3.03,-0.07,0.0317,0.0594,17.29,21.5,14.94
1010.222,flow_only,43.2,52.1377402,21.1611501,89.37,52.1377301,21.1611861,28,0.52,1.411,255,0.0,0.5028,0.0135,0.0879,3.038,2.586,2.11,6.73,142.44,0.03,0.0,0.02,0.05,99695,1507,3,0.3,0.08,0.07,-0.03,49,-10,-153,0,3.04,-0.06,0.0136,0.0301,16.25,19.63,14.12
1010.322,flow_only,43.3,52.1377396,21.1611509,89.37,52.1377282,21.1611888,28,0.52,1.258,255,0.0,0.1675,0.0203,0.056,3.034,2.59,2.11,7.03,142.38,0.03,0.0,0.0,0.05,99695,1507,3,0.3,0.09,0.07,-0.03,49,0,-71,0,3.04,-0.05,0.023,0.0457,17.07,20.01,15.72
1010.422,flow_only,43.4,52.1377391,21.1611516,89.38,52.1377282,21.1611888,28,0.52,1.258,255,0.0,0.5028,0.0217,0.0007,3.04,2.592,2.3,7.37,142.18,0.03,0.0,0.0,0.05,99695,1507,3,0.3,0.09,0.07,-0.03,49,-44,113,0,3.05,-0.02,0.0104,0.022,15.85,19.05,16.96
1010.522,flow_only,43.5,52.1377388,21.1611522,89.38,52.1377266,21.161191,28,0.52,0.968,255,0.0,0.1675,0.0546,0.0379,3.038,2.591,2.5,7.38,141.95,0.03,0.0,0.02,0.05,99695,1507,3,0.3,0.08,0.07,-0.03,49,-28,112,0,3.04,-0.03,0.008,0.0205,19.12,24.07,15.1
1010.622,flow_only,43.6,52.1377384,21.1611527,89.37,52.1377266,21.161191,28,0.52,0.968,255,0.0,0.1676,-0.0237,-0.0775,3.05,2.59,2.45,7.22,141.76,0.03,0.0,0.0,0.05,99695,1507,3,0.3,0.08,0.07,-0.03,49,0,-56,0,3.04,-0.04,0.0059,0.0137,19.82,22.5,15.51
1010.722,flow_only,43.7,52.137738,21.1611531,89.37,52.1377252,21.1611927,28,0.52,0.771,255,0.0,0.3351,0.0266,-0.0004,3.048,2.586,2.59,7.08,141.67,0.03,0.0,0.02,0.06,99695,1507,3,0.3,0.09,0.07,-0.03,49,-29,21,0,3.03,-0.05,0.0033,0.0108,17.69,23.63,14.47
1010.822,flow_only,43.8,52.1377377,21.1611534,89.37,52.1377252,21.1611927,28,0.52,0.771,255,-0.1676,0.0,-0.0869,-0.1069,3.04,2.585,2.15,6.69,141.63,0.03,0.0,0.03,0.05,99695,1507,3,0.3,0.09,0.07,-0.03,49,114,77,0,3.05,-0.04,0.0196,0.0332,18.03,24.97,14.74
1010.922,flow_only,43.9,52.1377374,21.1611537,89.37,52.1377242,21.1611939,28,0.52,0.457,255,0.0,0.0,-0.0287,-0.0716,3.04,2.588,1.98,6.2,141.57,0.03,0.0,0.01,0.05,99695,1507,3,0.3,0.08,0.07,-0.03,49,-130,-35,0,3.05,-0.04,0.0135,0.0236,19.5,22.66,15.39
1011.022,flow_only,44.0,52.1377372,21.1611538,89.38,52.1377235,21.1611945,28,0.52,0.299,255,-0.1677,0.0,-0.0283,-0.1049,3.04,2.595,1.66,5.59,141.47,0.03,0.0,0.03,0.04,99695,1507,3,0.3,0.08,0.07,-0.03,49,83,-21,0,3.07,-0.04,0.0056,0.0207,19.17,21.42,12.9
1011.122,flow_only,44.1,52.1377369,21.161154,89.39,52.1377235,21.1611945,28,0.52,0.299,255,0.0,0.0,-0.0804,-0.101,3.038,2.602,1.38,4.93,141.48,0.03,0.0,0.0,0.05,99695,1507,3,0.3,0.08,0.07,-0.03,49,49,31,0,3.07,-0.02,0.0173,0.0343,20.94,20.99,13.72
1011.222,flow_only,44.2,52.1377368,21.1611543,89.4,52.1377235,21.1611945,28,0.52,0.299,255,0.0,0.0,0.0023,-0.0874,3.036,2.61,1.08,4.5,141.6,0.03,0.0,0.02,0.05,99695,1507,3,0.3,0.08,0.07,-0.03,49,112,38,0,3.08,-0.01,0.0236,0.0433,21.12,22.97,13.9
1011.322,flow_only,44.3,52.1377367,21.1611545,89.41,52.1377229,21.1611949,28,0.52,0.257,255,0.0,-0.3351,0.0637,-0.0947,3.04,2.622,1.36,3.82,141.72,0.03,0.0,0.07,0.04,99695,1507,3,0.3,0.09,0.07,-0.03,49,-4,-81,0,3.11,0.01,0.0169,0.0445,23.45,25.29,13.13
1011.422,flow_only,44.4,52.1377367,21.1611546,89.42,52.1377229,21.1611949,28,0.52,0.257,255,0.0,0.0,0.059,-0.0436,3.032,2.632,1.8,3.68,141.86,0.03,0.0,0.01,0.03,99695,1507,3,0.3,0.09,0.07,-0.03,49,-69,13,0,3.11,0.0,0.0111,0.0288,22.11,25.65,13.97
1011.522,flow_only,44.5,52.1377366,21.1611546,89.42,52.1377226,21.161195,28,0.52,0.142,255,0.0,0.0,0.0294,-0.1054,3.022,2.639,2.04,3.07,142.03,0.03,0.0,0.03,0.04,99695,1507,3,0.3,0.09,0.07,-0.03,49,-13,83,0,3.12,0.0,0.0139,0.0359,22.93,28.79,14.44
1011.622,flow_only,44.6,52.1377365,21.1611546,89.43,52.1377226,21.161195,28,0.52,0.142,255,0.0,0.0,-0.0562,-0.0719,3.018,2.647,1.97,2.82,142.17,0.03,0.0,0.02,0.04,99695,1507,3,0.3,0.09,0.07,-0.03,49,13,40,0,3.12,0.03,0.0094,0.0287,22.92,23.81,13.33
1011.722,flow_only,44.7,52.1377365,21.1611546,89.44,52.1377223,21.161195,28,0.52,0.148,255,-0.1675,-0.1675,-0.031,-0.1418,3.006,2.656,1.6,1.94,142.17,0.03,0.0,0.04,0.04,99695,1507,3,0.3,0.11,0.07,-0.03,49,115,172,0,3.14,0.05,0.0232,0.0501,23.51,26.51,14.05
1011.822,flow_only,44.8,52.1377364,21.1611547,89.45,52.1377223,21.161195,28,0.52,0.148,255,0.0,0.0,0.0085,-0.0382,3.0,2.669,1.71,1.64,142.08,0.03,0.0,0.04,0.03,99695,1507,3,0.3,0.11,0.07,-0.03,49,-25,67,0,3.15,0.07,0.0176,0.0475,21.39,25.59,12.95
1011.922,flow_only,44.9,52.1377363,21.1611547,89.47,52.1377221,21.1611948,28,0.52,0.147,255,-0.1675,-0.1675,0.0135,-0.0262,3.005,2.684,1.66,1.37,141.87,0.03,0.0,0.06,0.04,99695,1507,3,0.3,0.1,0.07,-0.03,49,-121,63,0,3.17,0.09,0.0224,0.0591,23.73,26.98,14.73
1012.022,flow_only,45.001,52.1377361,21.1611546,89.49,52.1377219,21.1611946,29,0.52,0.112,255,0.0,0.1676,-0.0407,0.0699,2.998,2.7,1.77,1.66,141.67,0.03,0.0,0.01,0.2,99695,1507,3,0.29,0.12,0.07,-0.03,49,-23,-45,0,3.17,0.1,0.0158,0.0445,23.57,26.96,15.26
1012.122,flow_only,45.1,52.137736,21.1611545,89.5,52.1377219,21.1611946,29,0.52,0.112,255,0.0,0.0,-0.0066,0.0433,2.988,2.714,1.55,1.95,141.43,0.03,0.0,0.02,0.14,99695,1507,3,0.29,0.12,0.07,-0.03,49,66,-47,0,3.18,0.1,0.007,0.0296,24.46,26.18,14.54
1012.222,flow_only,45.2,52.1377358,21.1611544,89.51,52.1377219,21.1611946,29,0.52,0.112,255,0.0,0.0,-0.0755,0.0167,2.992,2.725,1.43,2.09,141.29,0.03,0.0,0.02,0.19,99695,1507,3,0.29,0.12,0.07,-0.03,49,9,131,0,3.19,0.11,0.0178,0.0459,23.95,27.61,14.86
1012.322,flow_only,45.3,52.1377357,21.1611543,89.52,52.1377217,21.1611945,29,0.52,0.084,255,-0.1676,0.0,0.0064,0.0361,2.972,2.736,1.29,2.26,141.23,0.03,0.0,0.04,0.2,99695,1507,3,0.29,0.09,0.07,-0.03,49,-88,-5,0,3.2,0.13,0.0133,0.0408,21.99,27.95,16.73
1012.422,flow_only,45.4,52.1377356,21.1611541,89.53,52.1377217,21.1611945,29,0.52,0.084,255,-0.1676,0.0,-0.0735,0.0257,2.986,2.746,1.11,2.42,141.31,0.03,0.0,0.0,0.2,99695,1507,3,0.29,0.09,0.07,-0.03,49,12,-14,0,3.2,0.13,0.0164,0.0411,22.25,28.75,15.62
1012.522,flow_only,45.5,52.1377355,21.1611539,89.54,52.1377216,21.1611943,29,0.52,0.093,255,0.0,0.0,0.0002,0.0125,2.976,2.752,0.91,2.52,141.45,0.03,0.0,0.0,0.03,99695,1507,3,0.29,0.09,0.07,-0.03,49,-67,-21,0,3.19,0.14,0.0123,0.0282,22.53,28.66,15.2
1012.622,flow_only,45.6,52.1377355,21.1611538,89.54,52.1377216,21.1611943,29,0.52,0.093,255,0.0,0.0,-0.0764,0.0028,2.972,2.757,0.69,2.55,141.63,0.03,0.0,0.0,0.02,99695,1507,3,0.29,0.09,0.07,-0.03,49,20,6,0,3.18,0.13,0.0069,0.0159,25.51,28.58,14.77
1012.722,flow_only,45.7,52.1377355,21.1611537,89.55,52.1377214,21.1611941,29,0.52,0.15,255,0.0,0.0,0.0374,-0.0225,2.968,2.76,0.56,2.54,141.78,0.03,0.0,0.02,0.02,99695,1507,3,0.29,0.07,0.07,-0.03,49,59,17,0,3.19,0.14,0.0084,0.0122,24.09,25.03,13.93
1012.822,flow_only,45.8,52.1377355,21.1611537,89.55,52.1377214,21.1611941,29,0.52,0.15,255,0.0,-0.1676,0.041,-0.0334,2.956,2.765,0.88,2.27,141.82,0.03,0.0,0.01,0.04,99695,1507,3,0.29,0.07,0.07,-0.03,49,-57,70,0,3.19,0.15,0.004,0.0094,23.1,27.56,14.48
1012.922,flow_only,45.9,52.1377356,21.1611536,89.56,52.1377214,21.1611938,29,0.52,0.099,255,0.1676,0.0,0.039,0.0401,2.964,2.771,1.17,2.5,141.97,0.03,0.0,0.01,0.04,99695,1507,3,0.29,0.1,0.07,-0.03,49,-50,-26,0,3.19,0.15,0.0115,0.0221,20.62,26.46,13.89
1013.022,flow_only,46.0,52.1377357,21.1611534,89.56,52.1377214,21.1611936,29,0.52,0.105,255,0.0,-0.1676,0.0386,-0.1191,2.954,2.776,1.31,2.08,142.15,0.03,0.0,0.0,0.05,99695,1507,3,0.29,0.12,0.07,-0.03,49,-11,123,0,3.19,0.15,0.0043,0.008,22.56,25.31,13.99
1013.122,flow_only,46.1,52.1377357,21.1611534,89.57,52.1377214,21.1611936,29,0.52,0.105,255,0.0,-0.1676,0.0214,-0.0467,2.954,2.78,1.75,1.7,142.51,0.03,0.0,0.01,0.04,99695,1507,3,0.29,0.12,0.07,-0.03,49,-56,145,0,3.19,0.15,0.0096,0.0182,19.86,22.59,12.95
1013.222,flow_only,46.201,52.1377358,21.1611532,89.57,52.1377214,21.1611936,29,0.52,0.105,255,0.0,0.0,-0.0842,-0.0254,2.958,2.785,1.3,1.46,142.95,0.03,0.0,0.0,0.01,99695,1507,3,0.29,0.12,0.07,-0.03,49,8,97,0,3.19,0.15,0.008,0.0166,23.08,25.27,14.37
1013.322,flow_only,46.3,52.1377359,21.1611531,89.57,52.1377214,21.1611934,29,0.52,0.126,255,-0.1676,-0.1676,-0.0973,-0.0296,2.956,2.79,0.85,1.31,143.37,0.03,0.0,0.0,0.04,99695,1507,3,0.29,0.08,0.07,-0.03,49,-99,67,0,3.18,0.15,0.0069,0.0166,20.44,24.56,13.7
1013.422,flow_only,46.4,52.137736,21.161153,89.58,52.1377214,21.1611934,29,0.52,0.126,255,0.0,-0.1676,-0.0176,-0.0221,2.957,2.793,0.54,1.2,143.78,0.03,0.0,0.01,0.02,99695,1507,3,0.29,0.08,0.07,-0.03,49,-81,-96,0,3.18,0.14,0.0087,0.023,20.92,23.42,13.29
1013.522,flow_only,46.5,52.1377361,21.1611529,89.58,52.1377216,21.1611931,29,0.52,0.217,255,0.0,-0.1676,0.0027,-0.0686,2.954,2.793,0.51,0.79,143.96,0.03,0.0,0.0,0.03,99695,1507,3,0.29,0.08,0.07,-0.03,49,-166,112,0,3.17,0.14,0.0148,0.0341,20.13,23.56,14.34
1013.622,flow_only,46.6,52.1377361,21.1611528,89.58,52.1377216,21.1611931,29,0.52,0.217,255,0.1676,0.0,0.0607,0.0474,2.946,2.794,0.79,0.87,143.96,0.03,0.0,0.0,0.01,99695,1507,3,0.29,0.08,0.07,-0.03,49,-44,-93,0,3.18,0.14,0.013,0.03,20.29,21.65,13.84
1013.722,flow_only,46.7,52.1377361,21.1611526,89.58,52.1377218,21.1611928,29,0.51,0.165,255,0.1676,0.0,0.0766,-0.0191,2.942,2.796,1.09,0.85,143.7,0.03,0.0,0.0,0.01,99695,1507,3,0.29,0.07,0.07,-0.03,49,-56,35,0,3.18,0.15,0.017,0.0355,20.35,20.94,13.45
1013.823,flow_only,46.801,52.1377362,21.1611524,89.58,52.1377221,21.1611925,28,0.52,0.176,255,0.0,0.0,-0.0087,0.0152,2.924,2.799,1.38,0.96,143.44,0.03,0.0,0.0,0.04,99695,1507,3,0.29,0.07,0.07,-0.03,49,71,-146,0,3.17,0.15,0.0205,0.0377,20.11,20.62,13.6
1013.922,flow_only,46.901,52.1377363,21.1611522,89.59,52.1377221,21.1611925,28,0.52,0.176,255,0.0,-0.1675,-0.0846,-0.0365,2.95,2.804,0.87,0.81,143.24,0.03,0.0,0.01,0.04,99695,1507,3,0.29,0.07,0.07,-0.03,49,90,86,0,3.18,0.16,0.0044,0.011,19.39,21.6,13.08
1014.023,flow_only,47.001,52.1377364,21.1611522,89.6,52.1377224,21.1611923,28,0.52,0.216,255,0.0,-0.1676,0.011,-0.113,2.952,2.812,0.78,0.34,142.94,0.03,0.0,0.02,0.04,99695,1507,3,0.29,0.08,0.07,-0.03,49,-2,122,0,3.19,0.16,0.0051,0.0078,22.38,20.93,12.61
1014.122,flow_only,47.1,52.1377365,21.1611521,89.6,52.1377224,21.1611923,28,0.52,0.216,255,0.1676,0.0,0.105,0.0197,2.952,2.82,1.12,0.09,142.56,0.03,0.0,0.01,0.03,99695,1507,3,0.29,0.08,0.07,-0.03,49,-62,-68,0,3.2,0.16,0.0084,0.0163,21.04,25.48,12.69
1014.223,flow_only,47.201,52.1377366,21.161152,89.61,52.1377227,21.1611922,28,0.52,0.192,255,0.1676,-0.1676,0.0412,0.0166,2.948,2.826,1.65,0.31,142.11,0.03,0.0,0.0,0.03,99695,1507,3,0.29,0.08,0.07,-0.03,49,-130,-10,0,3.2,0.16,0.0132,0.0244,21.45,24.78,13.09
1014.323,flow_only,47.301,52.1377367,21.161152,89.62,52.1377227,21.1611922,28,0.52,0.192,255,0.0,0.0,-0.0192,-0.0117,2.948,2.834,1.5,0.2,141.7,0.03,0.0,0.01,0.03,99695,1507,3,0.29,0.08,0.07,-0.03,49,23,-115,0,3.2,0.17,0.0147,0.0306,21.59,23.89,12.66
1014.422,flow_only,47.4,52.1377369,21.1611519,89.62,52.1377227,21.1611922,28,0.52,0.192,255,0.0,-0.1675,-0.0369,-0.0324,2.956,2.839,1.38,0.12,141.41,0.03,0.0,0.0,0.02,99695,1507,3,0.29,0.08,0.07,-0.03,49,-8,-129,0,3.2,0.17,0.0207,0.0436,18.74,24.42,12.3
1014.522,flow_only,47.5,52.1377372,21.1611518,89.63,52.1377229,21.161192,28,0.52,0.16,255,0.1676,-0.1676,0.0609,-0.0034,2.958,2.843,1.45,-0.0,141.3,0.03,0.0,0.0,0.0,99695,1507,3,0.29,0.09,0.07,-0.03,49,10,-90,0,3.2,0.17,0.0293,0.0608,19.92,25.43,12.7
1014.623,flow_only,47.601,52.1377375,21.1611517,89.63,52.1377231,21.1611919,28,0.52,0.097,255,0.0,0.0,-0.005,-0.1227,2.956,2.846,1.59,-0.34,141.24,0.03,0.0,0.0,0.02,99695,1507,3,0.29,0.11,0.07,-0.03,49,98,52,0,3.2,0.16,0.0244,0.0531,18.93,24.38,13.68
1014.722,flow_only,47.7,52.1377377,21.1611516,89.63,52.1377231,21.1611919,28,0.52,0.097,255,0.0,-0.1676,0.0543,-0.0661,2.96,2.846,1.77,-0.94,141.23,0.03,0.0,0.02,0.04,99695,1507,3,0.29,0.11,0.07,-0.03,49,-34,5,0,3.19,0.15,0.018,0.0432,21.43,24.45,13.67
1014.822,flow_only,47.801,52.137738,21.1611516,89.63,52.1377231,21.1611919,28,0.52,0.097,255,0.0,-0.1676,-0.0631,-0.0576,2.966,2.846,1.68,-1.24,141.31,0.03,0.0,0.0,0.01,99695,1507,3,0.29,0.11,0.07,-0.03,49,131,79,0,3.19,0.15,0.0287,0.0651,20.96,25.77,13.26
1014.922,flow_only,47.901,52.1377382,21.1611516,89.63,52.1377233,21.1611918,28,0.52,0.173,255,0.0,0.0,0.0541,0.072,2.964,2.847,1.68,-1.15,141.45,0.03,0.0,0.0,0.01,99695,1507,3,0.29,0.12,0.07,-0.03,49,-19,23,0,3.19,0.14,0.023,0.0539,19.57,23.92,13.28
1015.023,flow_only,48.001,52.1377384,21.1611517,89.63,52.1377234,21.1611918,28,0.52,0.01,255,0.1676,0.0,0.0672,-0.049,2.965,2.846,2.07,-1.17,141.49,0.03,0.0,0.02,0.01,99695,1507,3,0.29,0.14,0.07,-0.03,49,96,4,0,3.18,0.13,0.0198,0.0483,22.26,23.09,11.69
1015.122,flow_only,48.1,52.1377386,21.1611518,89.63,52.1377234,21.1611918,28,0.52,0.01,255,0.0,0.1676,-0.0124,0.0924,2.952,2.842,2.19,-0.95,141.48,0.03,0.0,0.02,0.02,99695,1507,3,0.29,0.14,0.07,-0.03,49,-49,-44,0,3.17,0.13,0.015,0.0407,22.68,27.11,12.69
1015.223,flow_only,48.201,52.1377387,21.1611519,89.62,52.1377234,21.1611919,28,0.52,0.015,255,0.0,0.3352,0.0478,0.1976,2.962,2.839,2.2,-0.08,141.38,0.03,0.0,0.01,0.02,99695,1507,3,0.29,0.15,0.07,-0.03,49,-7,-153,0,3.17,0.13,0.0275,0.0611,23.59,24.02,11.97
1015.323,flow_only,48.301,52.1377388,21.1611519,89.62,52.1377234,21.1611919,28,0.52,0.015,255,0.0,0.1676,0.0403,0.1694,2.952,2.838,2.56,1.11,141.08,0.03,0.0,0.0,0.03,99695,1507,3,0.29,0.15,0.07,-0.03,49,-82,-57,0,3.17,0.13,0.028,0.0555,24.59,23.31,12.03
1015.422,flow_only,48.401,52.1377389,21.1611517,89.62,52.1377234,21.1611919,28,0.52,0.015,255,0.0,0.0,0.0238,0.1817,2.958,2.831,2.59,1.91,140.8,0.03,0.0,0.05,0.05,99695,1507,3,0.29,0.15,0.07,-0.03,49,-6,19,0,3.15,0.13,0.0173,0.0434,22.91,24.9,13.03
1015.522,flow_only,48.5,52.137739,21.1611516,89.61,52.1377233,21.1611919,28,0.52,0.055,255,0.0,0.1676,-0.1342,0.2103,2.96,2.826,2.25,3.16,141.46,0.03,0.0,0.0,0.03,99695,1507,3,0.29,0.13,0.07,-0.03,49,-1,94,0,3.15,0.11,0.0122,0.032,21.19,28.98,13.65
1015.623,flow_only,48.601,52.1377393,21.1611514,89.61,52.1377233,21.1611918,28,0.52,0.035,255,-0.1676,0.1676,-0.0534,0.109,2.94,2.822,1.86,3.9,143.87,0.03,0.0,0.0,0.03,99695,1507,3,0.29,0.11,0.07,-0.03,49,-32,-3,0,3.14,0.11,0.0201,0.0466,21.31,26.63,14.21
1015.722,flow_only,48.7,52.1377396,21.1611512,89.6,52.1377233,21.1611918,28,0.52,0.035,255,-0.3351,0.1676,0.0346,0.1235,2.954,2.818,2.03,4.37,147.96,0.03,0.0,0.01,0.04,99695,1507,3,0.29,0.11,0.07,-0.03,49,85,-78,0,3.13,0.12,0.0278,0.0647,19.77,25.05,14.91
1015.823,flow_only,48.801,52.1377397,21.1611507,89.61,52.1377234,21.1611917,28,0.52,0.127,255,0.0,-0.1676,0.04,0.0827,2.95,2.823,2.88,4.84,153.23,0.03,0.0,0.06,0.04,99695,1507,3,0.29,0.13,0.07,-0.03,49,-39,-114,0,3.16,0.15,0.027,0.051,21.19,25.17,14.28
1015.922,flow_only,48.901,52.1377398,21.1611502,89.62,52.1377234,21.1611917,28,0.52,0.127,255,-0.1675,0.0,-0.0455,0.1045,2.964,2.833,3.28,5.0,159.45,0.03,0.0,0.02,0.05,99695,1507,3,0.29,0.13,0.07,-0.03,49,78,814,0,3.17,0.16,0.0124,0.0242,22.13,24.93,16.37
1016.022,flow_only,49.001,52.13774,21.1611497,89.63,52.1377234,21.1611917,28,0.52,0.127,255,0.0,0.0,0.0167,0.1963,2.984,2.844,3.74,5.49,166.51,0.03,0.0,0.02,0.07,99695,1507,3,0.29,0.13,0.07,-0.03,49,-208,259,0,3.19,0.16,0.0341,0.0688,21.52,24.5,16.35
1016.122,flow_only,49.1,52.1377402,21.161149,89.64,52.1377237,21.1611914,28,0.52,0.268,255,0.8378,1.0053,0.0649,0.1189,2.998,2.859,4.76,5.76,173.93,0.03,0.0,0.04,0.06,99695,1507,3,0.29,0.09,0.07,-0.03,49,-115,-75,0,3.2,0.16,0.0203,0.0399,20.78,24.35,16.31
1016.223,flow_only,49.201,52.1377405,21.1611483,89.66,52.1377242,21.1611909,28,0.52,0.389,255,0.5026,0.5026,0.0503,0.1937,3.01,2.88,5.96,6.17,181.43,0.03,0.0,0.07,0.07,99695,1507,3,0.29,0.09,0.07,-0.03,49,31,-113,0,3.23,0.19,0.0094,0.0367,20.56,24.83,15.99
1016.323,flow_only,49.301,52.1377409,21.1611477,89.69,52.1377242,21.1611909,28,0.52,0.389,255,-0.3352,0.0,-0.0084,0.0532,3.006,2.903,6.75,5.87,188.99,0.03,0.0,0.04,0.06,99695,1507,3,0.29,0.09,0.07,-0.03,49,-334,-1140,0,3.25,0.2,0.0239,0.0497,22.61,27.35,17.36
1016.423,flow_only,49.401,52.1377414,21.1611468,89.72,52.1377242,21.1611909,28,0.52,0.389,255,-0.1676,0.0,0.0218,-0.0635,3.0,2.93,7.6,4.84,196.34,0.03,0.0,0.08,0.03,99695,1507,3,0.29,0.09,0.07,-0.03,49,501,139,0,3.29,0.25,0.0389,0.0927,25.72,24.42,17.01
1016.522,flow_only,49.5,52.1377418,21.161146,89.75,52.1377249,21.1611901,28,0.52,0.518,255,-0.3351,-0.1676,-0.0204,-0.0682,3.007,2.962,8.01,3.34,203.49,0.03,0.0,0.07,0.03,99695,1507,3,0.29,0.09,0.07,-0.03,49,-124,-128,0,3.32,0.28,0.0178,0.0636,27.8,27.07,17.13
1016.623,flow_only,49.601,52.1377423,21.1611451,89.78,52.1377259,21.1611891,28,0.52,0.687,255,-0.3351,-0.1676,-0.0972,-0.0134,3.014,2.994,8.04,2.16,210.46,0.03,0.0,0.06,0.03,99695,1507,3,0.29,0.09,0.07,-0.03,49,120,-22,0,3.35,0.31,0.0257,0.0756,24.25,26.83,15.45
1016.722,flow_only,49.7,52.137743,21.1611439,89.81,52.1377259,21.1611891,28,0.52,0.687,255,-0.5028,0.0,-0.0977,0.0099,3.014,3.025,7.73,1.4,217.21,0.03,0.0,0.06,0.01,99695,1507,3,0.29,0.09,0.07,-0.03,49,-116,-105,0,3.36,0.31,0.0211,0.058,23.3,24.35,15.55
1016.823,flow_only,49.801,52.1377439,21.1611427,89.84,52.1377272,21.1611875,28,0.52,1.109,255,-0.8378,-0.1676,-0.1446,-0.0824,2.988,3.051,7.05,0.12,223.59,0.03,0.0,0.04,0.02,99695,1507,3,0.29,0.09,0.07,-0.03,49,126,-17,0,3.38,0.32,0.0081,0.0432,25.35,26.82,16.48
1016.922,flow_only,49.901,52.1377447,21.1611417,89.86,52.1377272,21.1611875,28,0.52,1.109,255,-0.5029,-0.1676,-0.0902,0.0266,3.002,3.077,6.3,-0.62,229.64,0.03,0.0,0.06,0.02,99695,1507,3,0.29,0.09,0.07,-0.03,49,164,-76,0,3.41,0.34,0.0264,0.0676,24.82,29.88,17.27
1017.022,flow_only,50.001,52.1377456,21.1611408,89.89,52.1377272,21.1611875,28,0.52,1.109,255,-0.5027,-0.1676,-0.1303,-0.0765,2.962,3.104,5.53,-1.43,235.39,0.03,0.0,0.07,0.02,99695,1507,3,0.29,0.09,0.07,-0.03,49,-175,63,0,3.43,0.37,0.0156,0.0573,26.38,30.93,19.9
1017.122,flow_only,50.1,52.1377467,21.1611398,89.91,52.137729,21.1611858,28,0.52,1.146,255,-0.6702,-0.1676,-0.0614,-0.0823,2.946,3.129,4.89,-2.4,241.02,0.03,0.0,0.05,0.03,99695,1507,3,0.29,0.09,0.07,-0.03,49,-33,-72,0,3.43,0.41,0.0226,0.0646,26.25,30.65,16.36
1017.222,flow_only,50.201,52.1377478,21.1611388,89.94,52.137729,21.1611858,28,0.52,1.146,255,-0.5028,0.0,-0.1739,-0.0477,2.918,3.153,3.71,-3.16,246.78,0.03,0.0,0.05,0.04,99695,1507,3,0.29,0.09,0.07,-0.03,49,91,13,0,3.45,0.42,0.0223,0.0598,26.17,31.61,17.62
1017.323,flow_only,50.301,52.1377489,21.1611377,89.96,52.1377309,21.1611838,28,0.52,1.351,255,-0.6704,0.1676,-0.0856,-0.0089,2.92,3.175,2.66,-3.54,252.52,0.03,0.0,0.02,0.07,99695,1507,3,0.29,0.1,0.07,-0.03,49,-108,-76,0,3.44,0.45,0.0451,0.1045,26.78,30.9,19.92
1017.423,flow_only,50.401,52.1377504,21.1611365,89.98,52.1377309,21.1611838,28,0.52,1.351,255,-0.5028,0.1676,-0.068,0.0318,2.894,3.193,1.92,-3.77,258.29,0.03,0.0,0.04,0.09,99695,1507,3,0.29,0.1,0.07,-0.03,49,162,-104,0,3.45,0.45,0.0412,0.1004,25.06,24.77,18.42
1017.523,flow_only,50.501,52.1377517,21.1611354,89.99,52.137733,21.1611816,28,0.52,1.399,255,-1.0053,0.3351,-0.1883,0.0124,2.882,3.21,0.73,-3.67,264.05,0.03,0.0,0.02,0.06,99695,1507,3,0.29,0.1,0.07,-0.03,49,201,-26,0,3.44,0.47,0.0148,0.0532,27.94,30.36,20.22
1017.623,flow_only,50.601,52.1377529,21.1611344,90.01,52.1377352,21.1611792,28,0.52,1.418,255,-0.5026,0.1675,-0.1058,0.0197,2.868,3.226,-0.49,-3.71,269.8,0.03,0.0,0.02,0.08,99695,1507,3,0.29,0.1,0.07,-0.03,49,104,-29,0,3.44,0.47,0.0164,0.0458,28.18,27.93,20.36
1017.722,flow_only,50.7,52.1377542,21.1611333,90.03,52.1377352,21.1611792,28,0.52,1.418,255,-0.3351,0.3351,-0.0897,0.0133,2.888,3.248,-1.52,-3.28,275.61,0.03,0.0,0.06,0.07,99695,1507,3,0.29,0.1,0.07,-0.03,49,11,-142,0,3.45,0.5,0.0196,0.0613,26.02,25.78,18.94
1017.823,flow_only,50.801,52.1377555,21.1611321,90.06,52.1377372,21.1611766,28,0.52,1.393,255,-0.1676,0.1676,0.0722,-0.0733,2.86,3.275,-1.87,-3.44,281.69,0.03,0.0,0.06,0.06,99695,1507,3,0.29,0.1,0.07,-0.03,49,79,-61,0,3.48,0.5,0.0238,0.0709,23.24,21.96,15.9
1017.922,flow_only,50.901,52.1377571,21.1611307,90.09,52.1377372,21.1611766,28,0.52,1.393,255,-0.6702,0.6702,0.0149,0.0061,2.864,3.307,-1.92,-3.36,288.17,0.03,0.0,0.06,0.08,99695,1507,3,0.29,0.1,0.07,-0.03,49,-109,43,0,3.51,0.56,0.0602,0.1339,22.44,23.08,15.08
1018.023,flow_only,51.001,52.1377584,21.1611293,90.12,52.1377391,21.1611736,28,0.52,1.36,255,-0.1676,0.5027,-0.003,0.1399,2.86,3.338,-2.34,-2.59,294.97,0.03,0.0,0.05,0.08,99695,1507,3,0.29,0.09,0.07,-0.03,49,122,-88,0,3.52,0.59,0.0078,0.0346,20.99,23.16,14.92
1018.122,flow_only,51.101,52.1377595,21.161128,90.15,52.1377391,21.1611736,28,0.52,1.36,255,-0.1676,0.1676,-0.0445,-0.0327,2.846,3.362,-2.93,-2.03,301.49,0.03,0.0,0.0,0.07,99695,1507,3,0.29,0.09,0.07,-0.03,49,-72,385,0,3.51,0.58,0.0352,0.0562,19.41,24.89,15.24
1018.223,flow_only,51.201,52.1377607,21.1611265,90.16,52.1377407,21.1611706,28,0.52,1.349,255,-0.1677,0.3353,0.0827,0.0572,2.85,3.376,-2.98,-1.71,307.82,0.03,0.0,0.02,0.08,99695,1507,3,0.29,0.1,0.07,-0.03,49,-193,131,0,3.5,0.56,0.0181,0.0485,19.79,24.44,14.4
1018.323,flow_only,51.301,52.1377619,21.1611252,90.17,52.1377407,21.1611706,28,0.52,1.349,255,-0.1676,0.6702,-0.0767,0.0422,2.836,3.384,-3.06,-1.01,314.01,0.03,0.0,0.01,0.08,99695,1507,3,0.29,0.1,0.07,-0.03,49,-87,526,0,3.47,0.55,0.0482,0.0953,19.12,23.32,13.07
1018.423,flow_only,51.401,52.1377631,21.1611238,90.17,52.1377407,21.1611706,28,0.52,1.349,255,-0.1675,0.3351,-0.1249,0.0414,2.834,3.381,-3.9,-0.44,320.03,0.03,0.0,0.08,0.09,99695,1507,3,0.29,0.1,0.07,-0.03,49,38,-130,0,3.43,0.52,0.0115,0.0569,20.94,24.48,13.86
1018.523,flow_only,51.501,52.1377642,21.1611225,90.16,52.1377424,21.1611676,28,0.52,1.377,255,0.0,0.5028,-0.0451,0.061,2.834,3.373,-4.27,0.36,324.8,0.03,0.0,0.04,0.08,99695,1507,3,0.29,0.09,0.07,-0.03,49,-34,28,0,3.4,0.5,0.0122,0.0664,20.56,24.22,15.91
1018.623,flow_only,51.601,52.1377652,21.1611212,90.15,52.137744,21.1611646,28,0.52,1.322,255,0.0,0.5027,-0.0364,-0.165,2.824,3.362,-4.52,-0.02,327.77,0.03,0.0,0.06,0.08,99695,1507,3,0.29,0.09,0.07,-0.03,49,-145,273,0,3.37,0.47,0.018,0.0811,20.26,19.8,14.39
1018.722,flow_only,51.7,52.1377662,21.1611199,90.14,52.137744,21.1611646,28,0.52,1.322,255,0.1676,0.3351,0.0506,-0.0931,2.812,3.355,-4.46,-0.61,329.16,0.03,0.0,0.0,0.08,99695,1507,3,0.29,0.09,0.07,-0.03,49,-54,266,0,3.35,0.46,0.0233,0.0793,20.0,18.12,14.2
1018.823,flow_only,51.801,52.1377672,21.1611187,90.14,52.1377456,21.1611618,28,0.52,1.281,255,0.1675,0.1675,0.0952,-0.0029,2.792,3.351,-3.93,-0.82,329.56,0.03,0.0,0.01,0.08,99695,1507,3,0.29,0.1,0.07,-0.03,49,-26,195,0,3.34,0.45,0.0258,0.0792,19.57,17.51,15.48
1018.922,flow_only,51.9,52.1377682,21.1611175,90.13,52.1377456,21.1611618,28,0.52,1.281,255,0.0,0.3351,-0.0634,-0.0105,2.814,3.343,-3.88,-0.83,329.11,0.03,0.0,0.08,0.07,99695,1507,3,0.29,0.1,0.07,-0.03,49,-3,-57,0,3.3,0.43,0.0228,0.0815,20.07,20.96,18.07
1019.023,flow_only,52.001,52.137769,21.1611162,90.12,52.137747,21.1611592,28,0.52,1.201,255,0.0,0.5028,-0.0932,-0.081,2.794,3.337,-4.36,-1.2,328.22,0.03,0.0,0.01,0.07,99695,1507,3,0.29,0.09,0.07,-0.03,49,112,7,0,3.3,0.43,0.0255,0.0726,21.62,20.13,17.25
1019.122,flow_only,52.1,52.1377697,21.1611148,90.12,52.137747,21.1611592,28,0.52,1.201,255,0.1675,0.3351,0.0646,-0.1687,2.822,3.334,-4.21,-2.0,326.99,0.03,0.0,0.03,0.07,99695,1507,3,0.29,0.09,0.07,-0.03,49,-157,-97,0,3.28,0.41,0.0221,0.0676,19.7,20.49,16.2
1019.223,flow_only,52.201,52.1377705,21.1611135,90.11,52.1377482,21.1611564,28,0.52,1.173,255,0.3351,0.1676,0.0808,-0.1741,2.832,3.328,-3.73,-3.24,325.55,0.03,0.0,0.06,0.08,99695,1507,3,0.29,0.09,0.07,-0.03,49,-29,19,0,3.26,0.38,0.0199,0.0699,19.16,19.18,15.14
1019.322,flow_only,52.3,52.1377713,21.1611122,90.11,52.1377482,21.1611564,28,0.52,1.173,255,0.3352,0.3352,0.1089,0.035,2.798,3.324,-2.94,-3.6,324.01,0.03,0.0,0.02,0.07,99695,1507,3,0.29,0.09,0.07,-0.03,49,63,25,0,3.25,0.35,0.0156,0.0587,24.41,20.31,15.31
1019.423,flow_only,52.401,52.137772,21.1611108,90.11,52.1377482,21.1611564,28,0.52,1.173,255,0.1675,0.335,-0.032,0.0032,2.83,3.321,-2.65,-3.49,322.58,0.03,0.0,0.03,0.07,99695,1507,3,0.29,0.09,0.07,-0.03,49,150,267,0,3.25,0.34,0.0152,0.0516,25.59,18.04,16.41
1019.523,flow_only,52.501,52.1377728,21.1611093,90.1,52.1377494,21.1611536,28,0.52,1.189,255,0.0,0.3351,-0.0339,-0.0142,2.827,3.316,-2.87,-3.63,321.51,0.03,0.0,0.05,0.06,99695,1507,3,0.29,0.09,0.07,-0.03,49,-73,306,0,3.23,0.34,0.0217,0.0601,20.66,19.87,14.4
1019.623,flow_only,52.601,52.1377737,21.1611078,90.1,52.1377505,21.1611506,28,0.52,1.262,255,0.1676,0.3351,0.1151,-0.0573,2.834,3.311,-2.32,-3.81,320.77,0.03,0.0,0.04,0.06,99695,1507,3,0.29,0.09,0.07,-0.03,49,-143,-36,0,3.22,0.31,0.0217,0.0568,22.18,21.39,14.32
1019.722,flow_only,52.7,52.1377745,21.1611064,90.09,52.1377505,21.1611506,28,0.52,1.262,255,0.1676,0.1676,0.0772,-0.0578,2.826,3.306,-1.77,-4.33,320.39,0.03,0.0,0.04,0.06,99695,1507,3,0.29,0.09,0.07,-0.03,49,-66,38,0,3.21,0.3,0.0249,0.0596,22.16,23.78,16.77
1019.823,flow_only,52.801,52.1377754,21.161105,90.08,52.1377516,21.1611475,28,0.52,1.214,255,0.0,0.3351,-0.022,0.0438,2.842,3.299,-1.53,-4.2,320.18,0.03,0.0,0.05,0.07,99695,1507,3,0.29,0.1,0.07,-0.03,49,-198,-69,0,3.2,0.28,0.026,0.0621,21.19,25.06,13.84
1019.922,flow_only,52.901,52.1377762,21.1611036,90.08,52.1377516,21.1611475,28,0.52,1.214,255,0.0,0.1676,-0.1047,-0.0079,2.85,3.295,-2.18,-4.1,320.25,0.03,0.0,0.02,0.06,99695,1507,3,0.29,0.1,0.07,-0.03,49,22,231,0,3.19,0.27,0.0108,0.0429,21.14,24.07,19.17
1020.023,flow_only,53.001,52.137777,21.1611021,90.07,52.1377529,21.1611446,28,0.52,1.29,255,0.0,0.3352,0.025,0.0208,2.86,3.289,-2.29,-3.92,320.49,0.03,0.0,0.06,0.08,99695,1507,3,0.29,0.1,0.07,-0.03,49,-55,223,0,3.17,0.24,0.0166,0.053,24.33,27.69,16.03
1020.122,flow_only,53.1,52.1377779,21.1611006,90.07,52.1377529,21.1611446,28,0.52,1.29,255,0.1676,0.1676,0.0823,-0.0697,2.854,3.286,-1.91,-4.2,320.75,0.03,0.0,0.01,0.09,99695,1507,3,0.29,0.1,0.07,-0.03,49,19,-59,0,3.17,0.23,0.0152,0.0429,25.24,25.65,18.03
1020.223,flow_only,53.201,52.1377786,21.1610993,90.07,52.1377543,21.1611415,28,0.52,1.311,255,0.0,0.5028,-0.0574,0.0461,2.88,3.288,-1.93,-3.8,320.85,0.03,0.0,0.01,0.08,99695,1507,3,0.29,0.1,0.07,-0.03,49,-105,-177,0,3.18,0.23,0.0458,0.0824,25.96,26.83,18.95
1020.322,flow_only,53.3,52.1377793,21.1610981,90.08,52.1377543,21.1611415,28,0.52,1.311,255,0.0,0.3351,-0.0764,-0.1297,2.894,3.298,-2.47,-4.26,321.04,0.03,0.0,0.02,0.08,99695,1507,3,0.29,0.1,0.07,-0.03,49,33,-145,0,3.2,0.24,0.0435,0.0805,29.45,24.43,20.86
1020.423,flow_only,53.401,52.13778,21.1610969,90.09,52.1377543,21.1611415,28,0.52,1.311,255,0.0,0.3351,0.0474,-0.2007,2.914,3.309,-2.35,-5.21,321.22,0.03,0.0,0.0,0.09,99695,1507,3,0.29,0.1,0.07,-0.03,49,55,-64,0,3.21,0.23,0.0321,0.066,30.17,24.0,20.49
1020.523,flow_only,53.501,52.1377807,21.1610955,90.1,52.1377557,21.1611384,28,0.52,1.28,255,0.1676,0.3352,0.0615,-0.0538,2.926,3.319,-1.98,-5.94,321.39,0.03,0.0,0.01,0.06,99695,1507,3,0.29,0.1,0.07,-0.03,49,6,-115,0,3.21,0.22,0.0328,0.0722,27.98,28.47,21.25
1020.623,flow_only,53.601,52.1377813,21.161094,90.11,52.1377571,21.1611356,28,0.52,1.336,255,0.1676,0.6704,0.0049,-0.0537,2.944,3.326,-1.89,-6.12,321.76,0.03,0.0,0.02,0.09,99695,1507,3,0.29,0.09,0.07,-0.03,49,12,-207,0,3.21,0.21,0.0403,0.0882,28.11,24.91,21.97
1020.722,flow_only,53.7,52.1377818,21.1610926,90.11,52.1377571,21.1611356,28,0.52,1.336,255,0.1676,0.3352,0.0373,-0.0967,2.934,3.326,-1.78,-6.57,322.08,0.03,0.0,0.05,0.09,99695,1507,3,0.29,0.09,0.07,-0.03,49,68,-5,0,3.2,0.18,0.0372,0.0867,24.27,25.2,17.74
1020.823,flow_only,53.801,52.1377825,21.1610912,90.11,52.1377586,21.1611326,28,0.52,1.327,255,0.0,0.1676,-0.0038,0.0099,2.95,3.322,-1.81,-6.78,322.51,0.03,0.0,0.05,0.08,99695,1507,3,0.29,0.09,0.07,-0.03,49,-108,11,0,3.19,0.17,0.0306,0.0717,26.02,25.33,19.55
1020.922,flow_only,53.901,52.1377833,21.1610897,90.1,52.1377586,21.1611326,28,0.52,1.327,255,0.1676,0.3352,0.1232,-0.0723,2.96,3.314,-1.41,-6.88,323.01,0.03,0.0,0.04,0.09,99695,1507,3,0.29,0.09,0.07,-0.03,49,36,-132,0,3.17,0.15,0.0202,0.0598,24.62,25.22,17.95
1021.023,flow_only,54.001,52.1377842,21.161088,90.1,52.1377604,21.1611296,28,0.52,1.597,255,0.1676,0.838,-0.0155,0.077,2.97,3.31,-1.17,-7.01,323.48,0.03,0.0,0.0,0.09,99695,1507,3,0.29,0.09,0.07,-0.03,49,-19,-27,0,3.18,0.15,0.0206,0.0459,27.65,28.37,20.91
1021.122,flow_only,54.101,52.1377851,21.1610864,90.09,52.1377604,21.1611296,28,0.52,1.597,255,0.0,0.5028,-0.0115,0.1269,2.958,3.309,-1.43,-6.23,323.69,0.03,0.0,0.02,0.08,99695,1507,3,0.29,0.09,0.07,-0.03,49,168,-104,0,3.18,0.13,0.0277,0.0677,26.91,25.22,18.35
1021.223,flow_only,54.201,52.1377859,21.1610848,90.09,52.1377625,21.1611264,28,0.52,1.57,255,0.0,0.3352,-0.0087,0.0674,2.972,3.302,-1.48,-5.82,323.75,0.03,0.0,0.07,0.1,99695,1507,3,0.29,0.09,0.07,-0.03,49,-45,277,0,3.15,0.13,0.01,0.0369,24.9,22.28,16.92
1021.322,flow_only,54.3,52.137787,21.1610833,90.08,52.1377625,21.1611264,28,0.52,1.57,255,0.0,0.5028,0.0276,0.07,2.942,3.293,-1.37,-5.36,323.73,0.03,0.0,0.03,0.09,99695,1507,3,0.29,0.09,0.07,-0.03,49,-67,409,0,3.14,0.1,0.0242,0.0426,23.57,23.14,14.85
1021.422,flow_only,54.4,52.1377882,21.1610817,90.07,52.1377625,21.1611264,28,0.52,1.57,255,0.0,0.8379,-0.0538,0.0325,2.904,3.284,-1.49,-5.2,323.55,0.03,0.0,0.02,0.1,99695,1507,3,0.29,0.09,0.07,-0.03,49,144,474,0,3.14,0.11,0.0554,0.0947,25.76,28.19,18.43
1021.523,flow_only,54.501,52.1377895,21.1610799,90.06,52.1377646,21.1611231,28,0.52,1.671,255,0.0,0.6704,-0.0418,0.1962,2.922,3.274,-1.8,-4.35,323.15,0.03,0.0,0.03,0.09,99695,1507,3,0.29,0.09,0.07,-0.03,49,29,-213,0,3.12,0.11,0.0119,0.0348,27.88,26.47,18.81
1021.623,flow_only,54.601,52.1377907,21.1610784,90.05,52.1377669,21.1611198,28,0.52,1.584,255,0.0,0.503,-0.0677,0.1253,2.956,3.267,-2.1,-3.5,322.58,0.03,0.0,0.02,0.08,99695,1507,3,0.29,0.09,0.07,-0.03,49,45,-185,0,3.12,0.13,0.0363,0.0743,26.22,25.98,18.22
1021.722,flow_only,54.7,52.1377917,21.1610769,90.04,52.1377669,21.1611198,28,0.52,1.584,255,0.0,0.8378,-0.0069,0.0962,2.942,3.257,-2.23,-2.93,321.76,0.03,0.0,0.05,0.08,99695,1507,3,0.29,0.09,0.07,-0.03,49,25,192,0,3.1,0.06,0.0149,0.0425,25.7,27.53,19.29
1021.822,flow_only,54.801,52.1377928,21.1610754,90.04,52.1377692,21.1611168,28,0.52,1.678,255,0.0,0.8382,-0.0947,-0.0132,2.928,3.251,-2.46,-2.8,321.18,0.03,0.0,0.02,0.07,99695,1507,3,0.29,0.09,0.07,-0.03,49,-32,254,0,3.1,0.06,0.0103,0.0284,27.31,28.84,18.88
1021.922,flow_only,54.9,52.1377939,21.1610739,90.03,52.1377692,21.1611168,28,0.52,1.678,255,0.0,0.3351,-0.045,-0.0461,2.936,3.248,-2.89,-3.09,320.71,0.03,0.0,0.0,0.08,99695,1507,3,0.29,0.09,0.07,-0.03,49,-42,12,0,3.1,0.08,0.0067,0.0223,33.77,24.2,21.37
1022.023,flow_only,55.001,52.1377949,21.1610725,90.03,52.1377692,21.1611168,28,0.52,1.678,255,0.0,0.3351,0.0264,-0.0763,2.938,3.247,-2.82,-3.57,320.37,0.03,0.0,0.01,0.08,99695,1507,3,0.29,0.09,0.07,-0.03,49,4,61,0,3.1,0.08,0.0057,0.0118,30.75,25.69,21.74
1022.122,flow_only,55.1,52.137796,21.1610712,90.03,52.1377715,21.161114,28,0.52,1.509,255,-0.1676,0.3351,-0.0073,0.0666,2.98,3.249,-2.63,-3.4,320.21,0.03,0.0,0.0,0.08,99695,1507,3,0.29,0.09,0.07,-0.03,49,-45,-185,0,3.11,0.09,0.0277,0.0486,28.33,27.21,18.44
1022.222,flow_only,55.2,52.1377971,21.1610699,90.04,52.1377715,21.161114,28,0.52,1.509,255,0.0,0.838,-0.0053,-0.0543,2.958,3.259,-2.73,-3.55,320.05,0.03,0.0,0.03,0.08,99695,1507,3,0.29,0.09,0.07,-0.03,49,-125,14,0,3.13,0.08,0.0132,0.0258,24.87,24.08,18.66
1022.322,flow_only,55.3,52.1377983,21.1610684,90.06,52.1377737,21.1611112,28,0.52,1.591,255,0.0,0.3351,0.0089,0.0174,2.96,3.271,-2.55,-3.69,319.97,0.03,0.0,0.0,0.08,99695,1507,3,0.29,0.09,0.07,-0.03,49,-16,-150,0,3.14,0.09,0.0178,0.0395,25.97,23.66,17.45
1022.422,flow_only,55.4,52.1377994,21.161067,90.07,52.1377737,21.1611112,28,0.52,1.591,255,-0.1675,0.5026,-0.0947,0.1236,2.972,3.286,-2.94,-3.2,320.04,0.03,0.0,0.03,0.09,99695,1507,3,0.29,0.09,0.07,-0.03,49,96,-252,0,3.16,0.11,0.0285,0.06,22.77,24.45,14.83
1022.523,flow_only,55.501,52.1378003,21.1610657,90.09,52.137776,21.1611084,28,0.52,1.632,255,0.0,0.335,0.0367,-0.025,2.96,3.306,-3.11,-2.99,320.11,0.03,0.0,0.05,0.09,99695,1507,3,0.29,0.09,0.07,-0.03,49,-142,-171,0,3.19,0.14,0.0438,0.0884,23.44,21.9,15.53
1022.623,flow_only,55.601,52.1378012,21.1610645,90.11,52.1377783,21.1611056,28,0.52,1.606,255,0.0,0.6705,0.0468,-0.018,2.99,3.329,-2.85,-3.1,320.3,0.03,0.0,0.05,0.08,99695,1507,3,0.29,0.09,0.07,-0.03,49,-38,386,0,3.22,0.14,0.0152,0.0571,22.11,25.35,14.23
1022.722,flow_only,55.7,52.1378023,21.1610632,90.13,52.1377783,21.1611056,28,0.52,1.606,255,0.0,0.3351,0.0431,-0.1604,2.99,3.345,-2.66,-3.74,320.37,0.03,0.0,0.02,0.08,99695,1507,3,0.29,0.09,0.07,-0.03,49,-16,-98,0,3.21,0.14,0.0069,0.0325,26.53,26.51,17.98
1022.823,flow_only,55.801,52.1378035,21.1610617,90.14,52.1377804,21.1611028,28,0.52,1.529,255,0.0,0.3351,0.0221,0.0116,2.996,3.352,-2.52,-4.13,320.51,0.03,0.0,0.02,0.09,99695,1507,3,0.29,0.09,0.07,-0.03,49,-30,-5,0,3.2,0.13,0.0208,0.0411,28.03,29.66,20.54
1022.922,flow_only,55.9,52.1378046,21.1610604,90.14,52.1377804,21.1611028,28,0.52,1.529,255,0.0,0.3351,-0.0451,-0.0044,2.974,3.354,-2.56,-3.88,320.69,0.03,0.0,0.01,0.08,99695,1507,3,0.29,0.09,0.07,-0.03,49,-16,-211,0,3.2,0.12,0.0058,0.0123,29.13,30.11,20.7
1023.023,flow_only,56.001,52.1378056,21.1610592,90.14,52.1377826,21.1611,28,0.52,1.495,255,0.0,0.6702,0.0304,-0.016,2.984,3.351,-2.7,-4.08,320.81,0.03,0.0,0.03,0.09,99695,1507,3,0.29,0.09,0.07,-0.03,49,-102,-80,0,3.18,0.12,0.0209,0.0326,26.63,29.64,18.87
1023.122,flow_only,56.101,52.1378066,21.1610581,90.13,52.1377826,21.1611,28,0.52,1.495,255,0.0,0.5028,-0.057,0.0591,2.958,3.345,-2.59,-3.68,320.96,0.03,0.0,0.02,0.05,99695,1507,3,0.29,0.09,0.07,-0.03,49,-44,139,0,3.17,0.11,0.0217,0.0298,28.03,29.65,19.99
1023.223,flow_only,56.201,52.1378077,21.161057,90.12,52.1377826,21.1611,28,0.52,1.495,255,-0.1676,0.3351,-0.1252,-0.099,2.922,3.339,-3.38,-3.98,321.1,0.03,0.0,0.01,0.08,99695,1507,3,0.29,0.09,0.07,-0.03,49,12,245,0,3.16,0.09,0.0138,0.0218,29.21,28.2,21.81
1023.322,flow_only,56.3,52.1378088,21.1610557,90.12,52.1377847,21.1610973,28,0.52,1.511,255,0.0,0.335,-0.0454,0.018,2.91,3.33,-3.64,-4.08,321.05,0.03,0.0,0.03,0.09,99695,1507,3,0.29,0.08,0.07,-0.03,49,79,220,0,3.14,0.14,0.0245,0.0437,31.04,29.11,17.39
1023.422,flow_only,56.4,52.1378098,21.1610543,90.11,52.1377847,21.1610973,28,0.52,1.511,255,-0.1675,0.67,-0.0774,-0.0441,2.908,3.322,-4.07,-4.18,320.93,0.03,0.0,0.02,0.09,99695,1507,3,0.29,0.08,0.07,-0.03,49,103,-148,0,3.13,0.14,0.0179,0.0373,27.43,29.69,19.0
1023.523,flow_only,56.501,52.1378107,21.161053,90.1,52.1377868,21.1610947,28,0.52,1.444,255,-0.1675,0.335,0.0393,0.0116,2.882,3.313,-4.02,-4.17,320.77,0.03,0.0,0.05,0.07,99695,1507,3,0.29,0.08,0.07,-0.03,49,-5,-142,0,3.1,0.12,0.0266,0.0529,32.14,29.9,23.41
1023.623,flow_only,56.601,52.1378117,21.1610518,90.09,52.137789,21.1610921,28,0.52,1.571,255,0.1676,0.5029,0.0772,-0.0668,2.886,3.308,-3.66,-4.37,320.9,0.03,0.0,0.0,0.08,99695,1507,3,0.29,0.09,0.07,-0.03,49,-50,-111,0,3.11,0.14,0.0051,0.0067,30.19,27.63,22.36
1023.723,flow_only,56.701,52.1378128,21.1610504,90.09,52.137789,21.1610921,28,0.52,1.571,255,0.0,0.3351,0.0057,-0.0796,2.886,3.305,-3.44,-4.77,320.94,0.03,0.0,0.03,0.08,99695,1507,3,0.29,0.09,0.07,-0.03,49,-26,-92,0,3.09,0.13,0.0169,0.0283,30.94,30.6,22.29
1023.823,flow_only,56.801,52.1378139,21.161049,90.09,52.1377912,21.1610894,28,0.52,1.474,255,0.0,0.8378,0.0018,0.0494,2.878,3.308,-3.37,-4.94,320.81,0.03,0.0,0.02,0.06,99695,1507,3,0.29,0.09,0.07,-0.03,49,-6,278,0,3.11,0.13,0.0313,0.0572,32.58,26.94,24.14
1023.922,flow_only,56.901,52.137815,21.1610476,90.1,52.1377912,21.1610894,28,0.52,1.474,255,-0.1676,0.5027,-0.1096,0.0878,2.895,3.313,-3.79,-4.31,320.82,0.03,0.0,0.03,0.07,99695,1507,3,0.29,0.09,0.07,-0.03,49,8,-105,0,3.1,0.13,0.0043,0.0093,28.17,29.43,20.86
1024.023,flow_only,57.001,52.137816,21.1610463,90.11,52.1377912,21.1610894,28,0.52,1.474,255,-0.1676,0.3351,-0.0164,-0.0223,2.898,3.321,-4.11,-4.16,320.83,0.03,0.0,0.02,0.09,99695,1507,3,0.29,0.09,0.07,-0.03,49,107,-46,0,3.11,0.14,0.0085,0.0188,24.9,31.41,17.01
1024.122,flow_only,57.1,52.1378171,21.1610448,90.11,52.1377933,21.1610867,28,0.52,1.556,255,0.0,0.335,0.0825,-0.0139,2.94,3.325,-3.8,-4.47,320.71,0.03,0.0,0.04,0.06,99695,1507,3,0.29,0.09,0.07,-0.03,49,-20,-79,0,3.1,0.13,0.0125,0.0256,24.39,29.72,19.24
1024.223,flow_only,57.201,52.1378182,21.1610433,90.11,52.1377954,21.1610839,28,0.52,1.545,255,0.0,0.5026,0.0061,-0.0038,2.936,3.327,-3.55,-4.42,320.54,0.03,0.0,0.03,0.07,99695,1507,3,0.29,0.09,0.07,-0.03,49,-93,-183,0,3.1,0.09,0.0118,0.021,24.89,28.69,16.91
1024.322,flow_only,57.3,52.1378193,21.161042,90.11,52.1377954,21.1610839,28,0.52,1.545,255,-0.1676,0.3351,0.0214,0.0693,2.938,3.327,-3.64,-4.27,320.53,0.03,0.0,0.03,0.09,99695,1507,3,0.29,0.09,0.07,-0.03,49,24,-161,0,3.09,0.08,0.0094,0.0166,29.36,29.88,16.81
1024.422,flow_only,57.4,52.1378203,21.1610408,90.11,52.1377954,21.1610839,28,0.52,1.545,255,-0.1676,0.3351,-0.0959,0.0095,2.954,3.324,-3.78,-3.85,320.25,0.03,0.0,0.04,0.09,99695,1507,3,0.29,0.09,0.07,-0.03,49,-6,419,0,3.08,0.06,0.0195,0.0349,29.51,31.02,18.87
1024.523,flow_only,57.501,52.1378214,21.1610395,90.11,52.1377976,21.1610811,28,0.52,1.574,255,-0.1675,0.3351,-0.0127,-0.0332,2.96,3.329,-4.09,-4.09,319.75,0.03,0.0,0.03,0.07,99695,1507,3,0.29,0.09,0.07,-0.03,49,-85,407,0,3.1,0.07,0.0392,0.069,27.74,31.12,17.97
1024.623,flow_only,57.601,52.1378226,21.161038,90.12,52.1377997,21.1610783,28,0.52,1.524,255,0.0,0.6703,-0.0332,-0.0296,2.992,3.339,-4.03,-4.37,319.5,0.03,0.0,0.04,0.07,99695,1507,3,0.29,0.08,0.07,-0.03,49,-12,89,0,3.13,0.09,0.0246,0.0498,26.39,31.23,17.81
1024.723,flow_only,57.701,52.1378237,21.1610366,90.14,52.1377997,21.1610783,28,0.52,1.524,255,0.0,0.3353,0.0034,0.0621,2.98,3.351,-4.16,-4.11,319.49,0.03,0.0,0.01,0.06,99695,1507,3,0.29,0.08,0.07,-0.03,49,26,-48,0,3.14,0.08,0.0059,0.025,29.45,29.79,18.7
1024.823,flow_only,57.801,52.1378247,21.1610353,90.14,52.1378018,21.1610754,28,0.52,1.556,255,0.0,0.3352,0.0372,-0.0134,2.976,3.358,-4.05,-4.14,319.6,0.03,0.0,0.02,0.09,99695,1507,3,0.3,0.09,0.07,-0.03,49,-25,-178,0,3.14,0.07,0.0167,0.0298,29.29,27.91,21.36
1024.923,flow_only,57.901,52.1378257,21.1610339,90.14,52.1378018,21.1610754,28,0.52,1.556,255,0.0,0.838,0.033,0.0307,2.964,3.36,-3.68,-3.96,319.8,0.03,0.0,0.02,0.06,99695,1507,3,0.3,0.09,0.07,-0.03,49,85,354,0,3.13,0.08,0.0104,0.0209,27.66,30.79,20.65
1025.023,flow_only,58.001,52.1378266,21.1610323,90.14,52.1378018,21.1610754,28,0.52,1.556,255,0.0,0.6702,-0.0439,-0.0147,2.966,3.353,-3.98,-4.03,320.09,0.03,0.0,0.05,0.08,99695,1507,3,0.3,0.09,0.07,-0.03,49,174,368,0,3.11,0.06,0.0354,0.0632,25.41,29.98,16.26
1025.122,flow_only,58.1,52.1378275,21.1610306,90.13,52.1378038,21.1610725,28,0.52,1.515,255,0.0,0.3352,0.0943,-0.0145,2.942,3.347,-3.7,-4.05,320.29,0.03,0.0,0.01,0.06,99695,1507,3,0.3,0.08,0.07,-0.03,49,-70,-146,0,3.1,0.08,0.0183,0.0378,26.06,28.63,18.37
1025.223,flow_only,58.201,52.1378283,21.1610291,90.12,52.1378058,21.1610695,28,0.52,1.52,255,0.0,0.3352,0.1011,0.0241,2.926,3.338,-3.08,-4.04,320.35,0.03,0.0,0.04,0.08,99695,1507,3,0.3,0.09,0.07,-0.03,49,19,-293,0,3.09,0.08,0.0323,0.0632,31.98,25.16,22.66
1025.322,flow_only,58.301,52.1378292,21.1610276,90.11,52.1378058,21.1610695,28,0.52,1.52,255,0.0,0.8378,0.0036,-0.016,2.944,3.328,-2.87,-3.95,320.31,0.03,0.0,0.05,0.08,99695,1507,3,0.3,0.09,0.07,-0.03,49,78,-184,0,3.07,0.05,0.0247,0.0531,32.67,25.24,22.53
1025.422,flow_only,58.4,52.1378301,21.1610259,90.1,52.1378058,21.1610695,28,0.52,1.52,255,0.0,0.6705,0.0207,-0.0099,2.935,3.317,-2.92,-4.13,320.3,0.03,0.0,0.03,0.09,99695,1507,3,0.3,0.09,0.07,-0.03,49,4,-117,0,3.06,0.04,0.0152,0.0357,27.16,30.74,18.36
1025.523,flow_only,58.501,52.1378311,21.1610243,90.1,52.1378077,21.1610665,28,0.52,1.509,255,0.0,0.1676,0.0238,-0.0336,2.945,3.311,-2.78,-4.34,320.1,0.03,0.0,0.01,0.08,99695,1507,3,0.3,0.08,0.07,-0.03,49,-54,-111,0,3.06,0.04,0.0092,0.0209,26.29,30.24,19.7
1025.623,flow_only,58.601,52.137832,21.1610229,90.09,52.1378097,21.1610635,28,0.52,1.548,255,0.1676,0.5027,0.0027,0.0778,2.948,3.309,-2.54,-4.02,320.04,0.03,0.0,0.0,0.06,99695,1507,3,0.3,0.08,0.07,-0.03,49,78,-195,0,3.06,0.03,0.0243,0.0438,32.95,24.81,22.84
1025.723,flow_only,58.701,52.1378328,21.1610215,90.1,52.1378097,21.1610635,28,0.52,1.548,255,0.0,0.6702,-0.0156,-0.0477,2.972,3.318,-2.66,-3.93,320.29,0.03,0.0,0.06,0.07,99695,1507,3,0.3,0.08,0.07,-0.03,49,164,348,0,3.09,0.06,0.0206,0.045,29.74,25.99,21.33
1025.823,flow_only,58.801,52.1378338,21.1610199,90.12,52.1378117,21.1610605,28,0.52,1.452,255,0.0,0.1676,0.0542,-0.0866,2.976,3.335,-2.56,-4.61,320.34,0.03,0.0,0.03,0.08,99695,1507,3,0.3,0.08,0.07,-0.03,49,-68,353,0,3.11,0.08,0.0348,0.0707,24.97,28.11,16.92
1025.923,flow_only,58.901,52.1378348,21.1610182,90.15,52.1378117,21.1610605,28,0.52,1.452,255,0.1676,0.5028,0.0332,0.0381,2.988,3.362,-2.22,-4.48,320.21,0.03,0.0,0.09,0.07,99695,1507,3,0.3,0.08,0.07,-0.03,49,-91,-94,0,3.16,0.1,0.0193,0.0669,28.75,26.76,20.7
1026.023,flow_only,59.001,52.1378357,21.1610168,90.18,52.1378117,21.1610605,28,0.52,1.452,255,0.0,0.5027,0.0627,0.0204,2.988,3.396,-1.85,-4.43,320.07,0.03,0.0,0.08,0.07,99695,1507,3,0.3,0.08,0.07,-0.03,49,-54,-104,0,3.21,0.1,0.0167,0.0743,27.42,27.38,20.71
1026.122,flow_only,59.1,52.1378367,21.1610152,90.22,52.1378137,21.1610575,28,0.52,1.565,255,0.0,0.6702,-0.0167,-0.02,2.966,3.433,-1.77,-4.52,320.06,0.03,0.0,0.08,0.08,99695,1507,3,0.3,0.08,0.07,-0.03,49,99,232,0,3.25,0.18,0.0236,0.0888,25.46,26.09,16.88
1026.223,flow_only,59.201,52.1378377,21.1610134,90.25,52.1378158,21.1610548,28,0.52,1.463,255,0.0,0.3351,0.0882,-0.0356,2.976,3.466,-1.54,-4.86,320.04,0.03,0.0,0.03,0.07,99695,1507,3,0.3,0.08,0.07,-0.03,49,-55,292,0,3.27,0.21,0.0396,0.0993,27.61,22.37,17.42
1026.322,flow_only,59.3,52.1378388,21.1610116,90.28,52.1378158,21.1610548,28,0.52,1.463,255,0.1676,0.3351,0.0822,0.0666,2.988,3.492,-0.92,-4.51,320.06,0.03,0.0,0.03,0.08,99695,1507,3,0.3,0.08,0.07,-0.03,49,-153,316,0,3.28,0.23,0.0439,0.098,23.03,24.82,15.92
1026.422,flow_only,59.4,52.1378399,21.16101,90.3,52.1378158,21.1610548,28,0.52,1.463,255,0.1676,0.3351,0.0924,0.1165,2.954,3.515,-0.54,-4.11,320.21,0.03,0.0,0.03,0.09,99695,1507,3,0.3,0.08,0.07,-0.03,49,-60,-22,0,3.29,0.24,0.0167,0.0586,27.49,22.4,18.93
1026.523,flow_only,59.501,52.1378409,21.1610085,90.31,52.1378177,21.1610519,28,0.52,1.518,255,0.0,0.5028,0.0117,0.1283,2.958,3.527,-0.31,-3.26,320.65,0.03,0.0,0.03,0.06,99695,1507,3,0.3,0.08,0.07,-0.03,49,96,-105,0,3.27,0.22,0.0197,0.0391,26.25,28.54,20.66
1026.623,flow_only,59.601,52.1378419,21.1610071,90.32,52.1378197,21.161049,28,0.52,1.471,255,-0.1675,0.5026,-0.0766,-0.009,2.96,3.534,-0.67,-2.96,321.01,0.03,0.0,0.0,0.06,99695,1507,3,0.3,0.08,0.07,-0.03,49,35,-22,0,3.27,0.23,0.017,0.0357,26.66,26.6,19.97
1026.723,flow_only,59.701,52.1378431,21.1610055,90.33,52.1378197,21.161049,28,0.52,1.471,255,-0.1675,0.3351,-0.0708,-0.0152,2.936,3.546,-1.14,-3.06,321.01,0.03,0.0,0.04,0.08,99695,1507,3,0.3,0.08,0.07,-0.03,49,-99,38,0,3.28,0.24,0.0429,0.0815,26.84,26.28,16.79
1026.823,flow_only,59.801,52.1378444,21.1610039,90.34,52.1378197,21.161049,28,0.52,1.471,255,0.0,0.6703,0.0332,0.0439,2.932,3.559,-1.07,-3.11,320.8,0.03,0.0,0.03,0.07,99695,1507,3,0.3,0.08,0.07,-0.03,49,-27,-103,0,3.29,0.25,0.0108,0.0337,29.54,33.19,21.06
1026.923,flow_only,59.901,52.1378454,21.1610027,90.36,52.1378219,21.1610463,28,0.52,1.516,255,-0.1676,1.0054,-0.0811,0.0939,2.955,3.573,-1.43,-2.38,320.52,0.03,0.0,0.01,0.06,99695,1507,3,0.3,0.08,0.07,-0.03,49,-5,-223,0,3.29,0.28,0.0146,0.0293,32.47,30.06,23.08
1027.023,flow_only,60.001,52.1378466,21.1610013,90.38,52.1378219,21.1610463,28,0.52,1.516,255,-0.3352,0.3352,-0.1524,-0.1199,2.918,3.591,-2.01,-2.76,320.24,0.03,0.0,0.05,0.07,99695,1507,3,0.3,0.08,0.07,-0.03,49,95,-127,0,3.31,0.28,0.007,0.0318,29.33,29.8,19.15
1027.122,flow_only,60.1,52.1378478,21.161,90.39,52.1378241,21.1610439,29,0.51,1.449,255,-0.1676,0.5027,-0.0577,-0.048,2.894,3.602,-2.46,-3.13,319.88,0.03,0.0,0.02,0.07,99695,1507,3,0.3,0.09,0.07,-0.03,49,-38,-18,0,3.3,0.28,0.0138,0.0262,24.69,32.14,17.31
1027.223,flow_only,60.201,52.1378488,21.1609989,90.39,52.1378263,21.1610417,29,0.51,1.425,255,-0.1676,0.6704,-0.0526,0.0109,2.882,3.608,-2.65,-3.18,319.39,0.03,0.0,0.0,0.08,99695,1507,3,0.3,0.1,0.07,-0.03,49,-100,-86,0,3.29,0.29,0.0211,0.0355,30.96,31.73,21.0
1027.322,flow_only,60.3,52.1378499,21.1609979,90.4,52.1378263,21.1610417,29,0.51,1.425,255,-0.1675,0.3351,-0.0798,-0.0599,2.876,3.612,-3.23,-3.3,319.15,0.03,0.0,0.0,0.07,99695,1507,3,0.3,0.1,0.07,-0.03,49,-6,240,0,3.27,0.31,0.0134,0.0237,29.97,34.5,18.5
1027.422,flow_only,60.401,52.137851,21.1609967,90.4,52.1378263,21.1610417,29,0.51,1.425,255,0.0,0.3351,-0.0625,-0.1114,2.858,3.615,-3.54,-4.02,319.12,0.03,0.0,0.02,0.07,99695,1507,3,0.3,0.1,0.07,-0.03,49,-36,203,0,3.25,0.3,0.0151,0.029,30.15,33.27,19.53
1027.523,flow_only,60.501,52.1378521,21.1609954,90.4,52.1378283,21.1610395,29,0.51,1.363,255,0.0,0.3351,-0.0114,0.0062,2.844,3.611,-3.66,-4.11,319.22,0.03,0.0,0.03,0.07,99695,1507,3,0.3,0.1,0.07,-0.03,49,-103,-84,0,3.22,0.29,0.0051,0.026,31.02,29.93,21.42
1027.622,flow_only,60.601,52.1378532,21.1609942,90.39,52.1378283,21.1610395,29,0.51,1.363,255,-0.1677,0.3353,0.0548,0.034,2.836,3.605,-3.57,-4.02,319.47,0.03,0.0,0.03,0.06,99695,1507,3,0.3,0.1,0.07,-0.03,49,-150,-90,0,3.21,0.28,0.0207,0.0476,31.36,27.21,19.6
1027.723,flow_only,60.701,52.1378542,21.160993,90.38,52.1378304,21.1610374,29,0.51,1.419,255,-0.1675,0.3351,-0.037,-0.0346,2.864,3.597,-3.6,-4.01,319.77,0.03,0.0,0.05,0.08,99695,1507,3,0.3,0.1,0.07,-0.03,49,61,61,0,3.18,0.28,0.0199,0.0507,28.27,31.1,18.71
1027.823,flow_only,60.801,52.1378554,21.1609917,90.37,52.1378325,21.1610353,29,0.51,1.376,255,0.0,0.3351,-0.06,0.0228,2.824,3.587,-3.97,-4.13,320.11,0.03,0.0,0.06,0.07,99695,1507,3,0.3,0.09,0.07,-0.03,49,-85,248,0,3.15,0.23,0.0309,0.0718,24.29,33.67,16.18
1027.922,flow_only,60.901,52.1378567,21.1609903,90.36,52.1378325,21.1610353,29,0.51,1.376,255,0.0,0.3351,-0.0071,0.021,2.844,3.576,-4.07,-3.92,320.53,0.03,0.0,0.03,0.08,99695,1507,3,0.3,0.09,0.07,-0.03,49,-88,156,0,3.13,0.21,0.0272,0.065,24.48,32.89,16.88
1028.023,flow_only,61.001,52.1378578,21.1609891,90.35,52.1378325,21.1610353,29,0.51,1.376,255,-0.1675,0.3351,-0.0311,0.0633,2.842,3.567,-4.19,-3.54,320.85,0.03,0.0,0.05,0.06,99695,1507,3,0.3,0.09,0.07,-0.03,49,-131,-179,0,3.12,0.21,0.0177,0.0577,23.38,31.59,20.27
1028.122,flow_only,61.1,52.1378588,21.160988,90.34,52.1378345,21.1610331,29,0.51,1.348,255,0.0,0.335,0.0236,0.0796,2.86,3.555,-4.16,-3.19,321.08,0.03,0.0,0.07,0.05,99695,1507,3,0.3,0.09,0.07,-0.03,49,60,-172,0,3.08,0.17,0.0355,0.0874,27.7,31.37,17.16
1028.223,flow_only,61.201,52.1378598,21.1609868,90.33,52.1378365,21.1610311,29,0.51,1.331,255,0.0,0.3352,-0.0944,-0.0549,2.848,3.542,-4.52,-3.13,321.38,0.03,0.0,0.06,0.07,99695,1507,3,0.3,0.09,0.07,-0.03,49,32,-15,0,3.07,0.17,0.0133,0.0639,30.31,27.9,22.51
1028.322,flow_only,61.3,52.1378609,21.1609854,90.32,52.1378365,21.1610311,29,0.51,1.331,255,0.0,0.1676,0.0302,-0.0748,2.872,3.53,-4.74,-3.74,321.6,0.03,0.0,0.03,0.06,99695,1507,3,0.3,0.09,0.07,-0.03,49,96,-10,0,3.06,0.13,0.0154,0.0564,27.95,29.1,17.86
1028.422,flow_only,61.4,52.1378619,21.1609839,90.3,52.1378365,21.1610311,29,0.51,1.331,255,0.1676,0.5027,0.0324,0.0223,2.847,3.518,-4.45,-3.68,321.76,0.03,0.0,0.07,0.05,99695,1507,3,0.3,0.09,0.07,-0.03,49,-70,-151,0,3.04,0.1,0.0116,0.0608,30.22,27.54,22.92
1028.523,flow_only,61.501,52.1378629,21.1609826,90.29,52.1378385,21.1610289,29,0.51,1.345,255,0.0,0.3351,0.0079,0.0187,2.854,3.505,-4.36,-3.6,321.92,0.03,0.0,0.06,0.05,99695,1507,3,0.3,0.09,0.07,-0.03,49,-34,-140,0,3.02,0.09,0.021,0.0695,24.21,26.86,19.09
1028.623,flow_only,61.601,52.1378638,21.1609813,90.28,52.1378404,21.1610266,29,0.51,1.315,255,0.0,0.3351,0.0211,0.0341,2.87,3.492,-4.33,-3.4,322.13,0.03,0.0,0.05,0.07,99695,1507,3,0.3,0.09,0.07,-0.03,49,-34,178,0,3.0,0.08,0.0145,0.0603,22.33,25.52,16.32
1028.722,flow_only,61.7,52.1378647,21.16098,90.27,52.1378404,21.1610266,29,0.51,1.315,255,0.1676,0.3351,0.0777,-0.0405,2.91,3.483,-3.95,-3.63,322.33,0.03,0.0,0.01,0.06,99695,1507,3,0.3,0.09,0.07,-0.03,49,-89,102,0,3.01,0.06,0.0178,0.0493,24.49,21.61,17.71
1028.823,flow_only,61.801,52.1378656,21.1609788,90.26,52.1378422,21.1610242,29,0.51,1.302,255,0.0,0.1676,-0.0458,-0.0107,2.9,3.476,-4.02,-3.69,322.73,0.03,0.0,0.06,0.06,99695,1507,3,0.3,0.09,0.07,-0.03,49,1,217,0,3.0,0.01,0.0153,0.0475,27.08,24.72,19.36
1028.923,flow_only,61.901,52.1378666,21.1609775,90.25,52.1378422,21.1610242,29,0.51,1.302,255,0.0,0.3351,0.0847,-0.0073,2.908,3.468,-3.95,-3.9,323.15,0.03,0.0,0.04,0.06,99695,1507,3,0.3,0.09,0.07,-0.03,49,15,-94,0,2.99,0.02,0.0141,0.0459,28.36,25.4,20.35
1029.023,flow_only,62.001,52.1378674,21.1609764,90.24,52.1378439,21.1610217,29,0.51,1.296,255,0.0,0.3351,0.0284,0.0265,2.928,3.459,-3.64,-3.74,323.48,0.03,0.0,0.06,0.04,99695,1507,3,0.3,0.08,0.07,-0.03,49,46,-149,0,2.98,0.0,0.0393,0.0855,25.35,22.36,17.54
1029.122,flow_only,62.1,52.1378682,21.1609753,90.23,52.1378439,21.1610217,29,0.51,1.296,255,0.0,0.5027,-0.0327,-0.1095,2.928,3.449,-3.74,-4.06,323.79,0.03,0.0,0.04,0.06,99695,1507,3,0.3,0.08,0.07,-0.03,49,-66,225,0,2.98,-0.01,0.0327,0.0746,24.51,22.0,14.73
1029.223,flow_only,62.201,52.137869,21.1609741,90.22,52.1378457,21.161019,29,0.51,1.391,255,0.0,0.3352,0.0309,-0.1096,2.94,3.44,-3.83,-4.82,323.99,0.03,0.0,0.04,0.07,99695,1507,3,0.3,0.08,0.07,-0.03,49,-26,173,0,2.97,-0.03,0.0136,0.0457,25.46,26.18,17.26
1029.322,flow_only,62.301,52.1378699,21.1609728,90.22,52.1378457,21.161019,29,0.51,1.391,255,0.0,0.1676,0.0393,-0.0088,2.948,3.432,-3.39,-4.93,324.05,0.03,0.0,0.02,0.05,99695,1507,3,0.3,0.08,0.07,-0.03,49,27,231,0,2.98,-0.03,0.0051,0.0255,22.81,27.86,18.95
1029.422,flow_only,62.4,52.1378708,21.1609715,90.21,52.1378457,21.161019,29,0.51,1.391,255,0.0,0.3351,-0.0476,0.0025,2.956,3.426,-3.58,-4.97,323.95,0.03,0.0,0.03,0.09,99695,1507,3,0.3,0.08,0.07,-0.03,49,-36,-302,0,2.98,-0.04,0.0361,0.0722,24.26,27.29,18.65
1029.523,flow_only,62.501,52.1378715,21.1609703,90.21,52.1378475,21.1610163,29,0.51,1.367,255,0.0,0.6702,0.0141,0.0216,2.984,3.42,-3.59,-4.76,323.8,0.03,0.0,0.04,0.07,99695,1507,3,0.3,0.09,0.07,-0.03,49,-45,-29,0,2.97,-0.06,0.038,0.0769,21.22,27.19,16.88
1029.623,flow_only,62.601,52.1378724,21.160969,90.2,52.1378493,21.1610134,29,0.51,1.448,255,0.1676,0.6702,0.0083,-0.036,2.986,3.414,-3.47,-4.86,323.54,0.03,0.0,0.03,0.07,99695,1507,3,0.3,0.09,0.07,-0.03,49,80,15,0,2.97,-0.08,0.0134,0.0338,20.83,21.69,16.26
1029.722,flow_only,62.7,52.1378734,21.1609675,90.19,52.1378493,21.1610134,29,0.51,1.448,255,0.0,0.3351,0.0103,0.0034,3.002,3.407,-3.51,-4.93,323.32,0.03,0.0,0.05,0.05,99695,1507,3,0.3,0.09,0.07,-0.03,49,-47,-167,0,2.96,-0.08,0.011,0.0309,20.64,20.8,15.68
1029.823,flow_only,62.801,52.1378743,21.160966,90.18,52.1378512,21.1610105,29,0.51,1.474,255,0.1676,0.5027,0.061,0.0337,3.006,3.398,-3.21,-4.97,323.0,0.03,0.0,0.04,0.07,99695,1507,3,0.3,0.09,0.07,-0.03,49,-125,-165,0,2.96,-0.1,0.0355,0.0692,21.16,19.11,14.92
1029.923,flow_only,62.901,52.1378751,21.1609648,90.17,52.1378512,21.1610105,29,0.51,1.474,255,0.0,0.8378,0.031,0.0923,3.015,3.389,-3.07,-4.47,322.73,0.03,0.0,0.03,0.06,99695,1507,3,0.3,0.09,0.07,-0.03,49,-114,-227,0,2.96,-0.12,0.0426,0.0819,21.91,21.04,14.07
1030.023,flow_only,63.001,52.137876,21.1609633,90.16,52.1378531,21.1610074,29,0.51,1.556,255,0.0,0.3351,0.0926,-0.0619,3.016,3.378,-2.64,-4.66,322.45,0.03,0.0,0.04,0.06,99695,1507,3,0.3,0.09,0.07,-0.03,49,70,-66,0,2.95,-0.14,0.0204,0.0439,23.27,21.34,16.24
1030.122,flow_only,63.1,52.1378769,21.1609618,90.15,52.1378531,21.1610074,29,0.51,1.556,255,0.0,0.335,-0.0231,0.0169,3.014,3.367,-2.55,-4.77,322.27,0.03,0.0,0.03,0.07,99695,1507,3,0.3,0.09,0.07,-0.03,49,39,-154,0,2.94,-0.15,0.0153,0.0324,23.51,27.04,16.28
1030.223,flow_only,63.201,52.1378778,21.1609602,90.14,52.1378551,21.1610041,29,0.51,1.629,255,0.0,0.5027,0.09,0.035,3.018,3.355,-2.36,-4.77,322.21,0.03,0.0,0.04,0.07,99695,1507,3,0.31,0.1,0.07,-0.03,49,116,-187,0,2.94,-0.16,0.0332,0.0619,24.41,24.39,16.15
1030.322,flow_only,63.3,52.1378786,21.1609587,90.13,52.1378551,21.1610041,29,0.51,1.629,255,0.0,0.5027,0.0718,0.0197,3.008,3.341,-2.01,-4.42,322.18,0.03,0.0,0.04,0.08,99695,1507,3,0.31,0.1,0.07,-0.03,49,40,59,0,2.93,-0.17,0.0246,0.0499,25.03,22.51,15.72
1030.422,flow_only,63.4,52.1378796,21.1609572,90.12,52.1378551,21.1610041,29,0.51,1.629,255,0.0,0.3351,-0.0177,-0.0533,3.0,3.331,-1.94,-4.77,322.16,0.03,0.0,0.01,0.07,99695,1507,3,0.31,0.1,0.07,-0.03,49,-89,363,0,2.94,-0.15,0.0135,0.019,25.15,24.49,16.35
1030.523,flow_only,63.501,52.1378806,21.1609558,90.11,52.1378572,21.1610009,29,0.51,1.595,255,0.0,0.5027,-0.0263,-0.0278,3.006,3.323,-2.04,-4.98,322.05,0.03,0.0,0.04,0.09,99695,1507,3,0.31,0.1,0.07,-0.03,49,-14,-22,0,2.93,-0.14,0.0088,0.0146,26.83,25.11,16.4
1030.623,flow_only,63.601,52.1378817,21.1609544,90.1,52.1378594,21.1609978,29,0.51,1.679,255,-0.1677,0.8383,-0.0848,0.1175,3.02,3.313,-2.3,-4.6,321.88,0.03,0.0,0.03,0.09,99695,1507,3,0.31,0.1,0.07,-0.03,49,-11,-263,0,2.93,-0.15,0.0249,0.0449,27.25,25.77,17.89
1030.722,flow_only,63.701,52.1378828,21.1609531,90.09,52.1378594,21.1609978,29,0.51,1.679,255,0.0,0.5027,-0.0818,-0.0233,3.026,3.301,-2.76,-4.36,321.7,0.03,0.0,0.05,0.08,99695,1507,3,0.31,0.1,0.07,-0.03,49,93,-123,0,2.92,-0.18,0.014,0.0277,26.57,26.11,17.1
1030.822,flow_only,63.801,52.1378838,21.1609517,90.08,52.1378594,21.1609978,29,0.51,1.679,255,-0.1676,0.3352,-0.0388,0.0127,3.026,3.29,-2.94,-4.4,321.46,0.03,0.0,0.02,0.08,99695,1507,3,0.31,0.1,0.07,-0.03,49,10,-69,0,2.91,-0.18,0.0044,0.0085,29.12,23.45,19.78
1030.923,flow_only,63.901,52.1378849,21.1609502,90.07,52.1378617,21.1609946,29,0.51,1.688,255,-0.1675,0.8375,-0.0469,0.0084,3.054,3.282,-3.16,-4.35,321.46,0.03,0.0,0.01,0.07,99695,1507,3,0.31,0.1,0.07,-0.03,49,14,-63,0,2.92,-0.18,0.0125,0.0212,27.44,27.39,20.33
1031.023,flow_only,64.001,52.1378859,21.1609488,90.06,52.1378617,21.1609946,29,0.51,1.688,255,0.0,0.6701,0.0204,-0.0809,3.076,3.274,-3.2,-4.63,321.65,0.03,0.0,0.03,0.06,99695,1507,3,0.31,0.1,0.07,-0.03,49,25,-64,0,2.91,-0.2,0.0123,0.0206,24.72,25.44,17.16
1031.122,flow_only,64.1,52.137887,21.1609473,90.05,52.1378639,21.1609914,29,0.51,1.635,255,0.0,0.3351,0.0187,0.0598,3.06,3.266,-2.95,-4.46,321.86,0.03,0.0,0.01,0.05,99695,1507,3,0.31,0.1,0.07,-0.03,49,-58,-364,0,2.92,-0.22,0.0221,0.038,26.81,22.98,18.97
1031.222,flow_only,64.201,52.137888,21.160946,90.05,52.1378639,21.1609914,29,0.51,1.635,255,0.1676,0.5029,-0.0072,0.0334,3.078,3.261,-2.97,-4.16,321.95,0.03,0.0,0.0,0.08,99695,1507,3,0.31,0.1,0.07,-0.03,49,-4,-110,0,2.93,-0.23,0.0191,0.0367,27.05,23.12,18.23
1031.322,flow_only,64.3,52.137889,21.1609447,90.04,52.1378663,21.1609882,29,0.51,1.778,255,0.0,0.6702,-0.0129,-0.0584,3.077,3.258,-3.03,-4.33,322.08,0.03,0.0,0.01,0.07,99695,1507,3,0.31,0.1,0.07,-0.03,49,-19,-50,0,2.94,-0.21,0.0216,0.0458,23.73,22.54,16.79
1031.422,flow_only,64.4,52.1378899,21.1609434,90.04,52.1378663,21.1609882,29,0.51,1.778,255,0.0,0.5028,-0.0148,-0.0336,3.064,3.254,-3.26,-4.46,322.18,0.03,0.0,0.03,0.09,99695,1507,3,0.31,0.1,0.07,-0.03,49,44,158,0,2.93,-0.21,0.0093,0.0242,27.15,22.44,15.83
1031.523,flow_only,64.501,52.1378909,21.160942,90.03,52.1378687,21.160985,29,0.51,1.756,255,0.1676,0.3351,0.0557,0.0258,3.06,3.25,-3.04,-4.49,322.16,0.03,0.0,0.0,0.07,99695,1507,3,0.31,0.1,0.07,-0.03,49,-61,321,0,2.94,-0.2,0.0117,0.0273,26.25,21.52,18.34
1031.623,flow_only,64.601,52.1378919,21.1609405,90.03,52.1378711,21.1609816,29,0.51,1.797,255,0.0,0.3352,-0.0367,-0.048,3.072,3.247,-3.2,-4.51,322.06,0.03,0.0,0.01,0.09,99695,1507,3,0.31,0.1,0.07,-0.03,49,20,-87,0,2.94,-0.2,0.0157,0.0384,24.82,23.36,18.55
1031.722,flow_only,64.7,52.1378929,21.1609391,90.03,52.1378711,21.1609816,29,0.51,1.797,255,0.3351,0.8378,0.1389,-0.0582,3.084,3.248,-2.72,-4.8,321.9,0.03,0.0,0.02,0.06,99695,1507,3,0.31,0.1,0.07,-0.03,49,-134,-162,0,2.96,-0.19,0.0321,0.0643,21.43,26.12,15.93
1031.822,flow_only,64.801,52.1378939,21.1609376,90.04,52.1378711,21.1609816,29,0.51,1.797,255,0.1676,0.5027,0.1104,0.0103,3.086,3.25,-1.88,-4.8,321.6,0.03,0.0,0.0,0.08,99695,1507,3,0.31,0.1,0.07,-0.03,49,-58,-231,0,2.96,-0.19,0.0151,0.0414,25.51,25.81,15.87
1031.923,flow_only,64.901,52.1378949,21.160936,90.04,52.1378735,21.1609781,29,0.51,1.793,255,0.0,0.5027,0.0599,-0.0396,3.082,3.253,-1.51,-5.03,321.3,0.03,0.0,0.01,0.07,99695,1507,3,0.31,0.1,0.07,-0.03,49,-109,-9,0,2.97,-0.2,0.0164,0.0389,24.98,23.58,18.13
1032.023,flow_only,65.002,52.1378961,21.1609344,90.04,52.1378735,21.1609781,29,0.51,1.793,255,0.0,0.5028,-0.0359,0.0901,3.074,3.254,-1.53,-4.72,321.07,0.03,0.0,0.0,0.06,99695,1507,3,0.31,0.1,0.07,-0.03,49,-96,294,0,2.97,-0.2,0.0371,0.0715,23.73,23.36,16.58
1032.122,flow_only,65.1,52.1378972,21.1609327,90.04,52.137876,21.1609745,29,0.51,1.875,255,0.0,0.8381,0.001,0.0942,3.084,3.255,-1.86,-4.54,320.81,0.03,0.0,0.01,0.09,99695,1507,3,0.31,0.1,0.07,-0.03,49,29,-129,0,2.99,-0.17,0.0086,0.0358,26.58,19.28,18.27
1032.222,flow_only,65.2,52.1378982,21.1609312,90.04,52.137876,21.1609745,29,0.51,1.875,255,0.1676,0.5027,0.0472,0.0874,3.088,3.255,-1.61,-3.85,320.69,0.03,0.0,0.0,0.09,99695,1507,3,0.31,0.1,0.07,-0.03,49,-76,-202,0,2.98,-0.17,0.0184,0.039,24.89,21.86,18.11
1032.322,flow_only,65.3,52.1378993,21.1609296,90.04,52.1378785,21.1609708,29,0.51,1.884,255,0.1676,0.3351,0.0286,0.0243,3.106,3.254,-1.5,-3.76,320.67,0.03,0.0,0.0,0.08,99695,1507,3,0.31,0.09,0.07,-0.03,49,-52,-108,0,2.99,-0.18,0.0158,0.0407,25.54,18.94,17.14
1032.422,flow_only,65.4,52.1379006,21.160928,90.04,52.1378785,21.1609708,29,0.51,1.884,255,0.1676,0.8379,0.0862,0.0066,3.116,3.253,-1.07,-3.72,320.61,0.03,0.0,0.0,0.07,99695,1507,3,0.31,0.09,0.07,-0.03,49,-81,-270,0,2.99,-0.18,0.0161,0.0385,24.87,21.91,18.14
1032.523,flow_only,65.501,52.1379017,21.1609265,90.04,52.1378811,21.160967,29,0.51,1.926,255,0.0,1.0055,-0.0617,0.1196,3.114,3.253,-1.04,-3.21,320.49,0.03,0.0,0.02,0.06,99695,1507,3,0.31,0.09,0.07,-0.03,49,106,-136,0,3.0,-0.19,0.0119,0.0338,23.31,22.38,17.41
1032.623,flow_only,65.601,52.1379028,21.160925,90.04,52.1378836,21.1609633,29,0.51,1.819,255,0.0,0.5027,-0.0895,0.0076,3.11,3.256,-1.57,-2.94,320.38,0.03,0.0,0.04,0.09,99695,1507,3,0.31,0.1,0.07,-0.03,49,85,541,0,3.02,-0.18,0.0309,0.0705,24.75,20.69,17.94
1032.722,flow_only,65.7,52.137904,21.1609232,90.05,52.1378836,21.1609633,29,0.51,1.819,255,0.0,0.3351,0.018,-0.0311,3.112,3.265,-1.6,-3.01,320.18,0.03,0.0,0.04,0.07,99695,1507,3,0.31,0.1,0.07,-0.03,49,4,268,0,3.04,-0.17,0.0421,0.093,24.3,21.21,17.29
1032.822,flow_only,65.801,52.1379052,21.1609214,90.06,52.1378836,21.1609633,29,0.51,1.819,255,0.1676,1.0053,0.0794,0.0623,3.102,3.275,-1.22,-2.97,320.01,0.03,0.0,0.04,0.05,99695,1507,3,0.31,0.1,0.07,-0.03,49,-99,288,0,3.06,-0.13,0.0407,0.0932,22.76,21.84,15.0
1032.922,flow_only,65.9,52.1379065,21.1609197,90.07,52.137886,21.1609598,29,0.51,1.763,255,0.0,0.8379,0.0385,0.0185,3.084,3.289,-0.88,-2.66,319.87,0.03,0.0,0.07,0.07,99695,1507,3,0.31,0.1,0.07,-0.03,49,-77,50,0,3.09,-0.09,0.0268,0.0826,23.12,20.61,16.74
1033.025,flow_only,66.003,52.1379077,21.160918,90.09,52.1378885,21.1609561,29,0.51,1.929,255,0.0,0.5028,0.0358,0.0793,3.072,3.305,-0.54,-2.22,319.68,0.03,0.0,0.05,0.06,99695,1507,3,0.31,0.1,0.07,-0.03,49,-83,-129,0,3.11,-0.06,0.0177,0.0696,24.33,20.8,16.77
1033.124,flow_only,66.103,52.1379089,21.1609164,90.11,52.1378885,21.1609561,29,0.51,1.929,255,0.0,0.3351,-0.0906,0.0705,3.036,3.322,-0.69,-1.88,319.44,0.03,0.0,0.05,0.06,99695,1507,3,0.31,0.1,0.07,-0.03,49,140,400,0,3.13,-0.02,0.0348,0.0942,21.56,21.67,17.32
1033.224,flow_only,66.203,52.1379101,21.1609147,90.13,52.1378885,21.1609561,29,0.51,1.929,255,0.0,0.5027,-0.0212,-0.02,3.068,3.341,-1.0,-1.58,319.25,0.03,0.0,0.05,0.08,99695,1507,3,0.31,0.1,0.07,-0.03,49,-83,222,0,3.15,-0.02,0.0363,0.0945,21.07,21.41,16.79
1033.324,flow_only,66.302,52.1379113,21.1609131,90.14,52.1378911,21.1609525,29,0.51,1.825,255,0.0,0.3351,-0.058,-0.009,3.04,3.359,-1.12,-1.73,318.94,0.03,0.0,0.06,0.06,99695,1507,3,0.31,0.1,0.07,-0.03,49,18,14,0,3.17,0.02,0.024,0.0806,20.86,22.63,15.25
1033.424,flow_only,66.403,52.1379124,21.1609116,90.16,52.1378911,21.1609525,29,0.51,1.825,255,-0.1675,0.5026,-0.0765,0.0617,3.062,3.377,-1.51,-1.61,318.69,0.03,0.0,0.06,0.06,99695,1507,3,0.31,0.1,0.07,-0.03,49,85,-152,0,3.18,0.02,0.0252,0.0702,23.34,21.72,16.12
1033.524,flow_only,66.503,52.1379134,21.1609102,90.18,52.1378936,21.1609493,29,0.51,1.688,255,0.0,0.5027,0.0715,-0.016,3.062,3.397,-1.49,-1.29,318.72,0.03,0.0,0.07,0.05,99695,1507,3,0.31,0.1,0.07,-0.03,49,89,-98,0,3.2,0.07,0.0171,0.0719,21.87,21.8,13.8
1033.624,flow_only,66.603,52.1379146,21.1609085,90.2,52.1378961,21.1609462,29,0.51,1.64,255,0.0,0.6705,0.0201,-0.1048,3.08,3.416,-1.17,-1.82,318.97,0.03,0.0,0.03,0.07,99695,1507,3,0.31,0.11,0.07,-0.03,49,-54,-82,0,3.21,0.07,0.0272,0.078,22.74,22.79,15.61
1033.724,flow_only,66.702,52.1379158,21.160907,90.21,52.1378961,21.1609462,29,0.51,1.64,255,0.0,0.5028,0.0212,0.0651,3.06,3.425,-1.08,-1.89,319.3,0.03,0.0,0.02,0.07,99695,1507,3,0.31,0.11,0.07,-0.03,49,15,-95,0,3.19,0.03,0.0083,0.0329,21.14,20.72,13.95
1033.824,flow_only,66.803,52.1379168,21.1609057,90.21,52.1378985,21.1609433,29,0.51,1.644,255,0.0,0.5029,-0.0975,0.0225,3.046,3.425,-1.48,-1.59,319.67,0.03,0.0,0.02,0.07,99695,1507,3,0.31,0.11,0.07,-0.03,49,100,-211,0,3.17,0.02,0.021,0.0335,23.53,18.55,16.21
1033.924,flow_only,66.903,52.1379178,21.1609044,90.21,52.1378985,21.1609433,29,0.51,1.644,255,-0.1676,0.5027,-0.0767,0.0229,3.058,3.422,-1.89,-1.39,319.99,0.03,0.0,0.03,0.07,99695,1507,3,0.31,0.11,0.07,-0.03,49,-88,329,0,3.17,0.03,0.0203,0.0411,24.31,17.32,16.02
1034.024,flow_only,67.003,52.1379188,21.1609029,90.21,52.1379008,21.1609405,29,0.51,1.565,255,0.0,0.5027,0.0212,-0.0856,3.044,3.421,-2.02,-1.8,320.1,0.03,0.0,0.03,0.06,99695,1507,3,0.31,0.1,0.07,-0.03,49,37,284,0,3.17,0.05,0.0326,0.0637,25.22,22.83,18.99
1034.124,flow_only,67.103,52.1379199,21.1609015,90.21,52.1379008,21.1609405,29,0.51,1.565,255,0.0,0.5026,0.0321,-0.0672,3.058,3.421,-1.82,-2.33,320.04,0.03,0.0,0.01,0.07,99695,1507,3,0.31,0.1,0.07,-0.03,49,-153,-50,0,3.17,0.04,0.0145,0.0309,23.4,22.49,17.65
1034.224,flow_only,67.202,52.137921,21.1609001,90.2,52.1379031,21.1609377,29,0.51,1.584,255,0.0,0.5027,-0.0646,0.0467,3.013,3.42,-2.09,-2.3,320.06,0.03,0.0,0.0,0.08,99695,1507,3,0.31,0.11,0.07,-0.03,49,24,-80,0,3.16,0.03,0.0023,0.0076,21.8,20.34,15.79
1034.324,flow_only,67.303,52.137922,21.1608988,90.2,52.1379031,21.1609377,29,0.51,1.584,255,0.0,0.5027,-0.001,0.0183,3.028,3.416,-2.26,-2.01,320.16,0.03,0.0,0.0,0.07,99695,1507,3,0.31,0.11,0.07,-0.03,49,-83,313,0,3.15,0.04,0.0169,0.0308,21.51,17.8,16.0
1034.424,flow_only,67.403,52.1379231,21.1608974,90.2,52.1379031,21.1609377,29,0.51,1.584,255,0.0,0.6705,0.1012,-0.0228,3.016,3.414,-1.78,-2.1,320.3,0.03,0.0,0.03,0.05,99695,1507,3,0.31,0.11,0.07,-0.03,49,-5,371,0,3.15,0.04,0.0392,0.0713,20.78,20.02,15.71
1034.525,flow_only,67.503,52.1379242,21.1608959,90.2,52.1379054,21.1609349,29,0.51,1.561,255,0.0,0.6702,-0.0222,-0.0409,2.988,3.417,-1.72,-2.36,320.49,0.03,0.0,0.04,0.08,99695,1507,3,0.31,0.1,0.07,-0.03,49,133,396,0,3.16,0.06,0.05,0.0933,21.98,22.12,14.85
1034.624,flow_only,67.602,52.1379254,21.1608943,90.21,52.1379076,21.1609321,29,0.51,1.533,255,0.0,0.5026,-0.0351,0.0369,2.986,3.423,-1.93,-2.23,320.81,0.03,0.0,0.01,0.06,99695,1507,3,0.31,0.1,0.07,-0.03,49,60,-139,0,3.15,0.06,0.02,0.0418,23.77,20.41,15.84
1034.724,flow_only,67.703,52.1379264,21.1608931,90.21,52.1379076,21.1609321,29,0.51,1.533,255,0.0,0.5028,0.0911,0.0218,2.996,3.426,-1.78,-1.94,321.36,0.03,0.0,0.0,0.04,99695,1507,3,0.31,0.1,0.07,-0.03,49,-142,-169,0,3.14,0.07,0.0193,0.0316,20.28,23.38,15.15
1034.824,flow_only,67.803,52.1379274,21.160892,90.21,52.1379098,21.1609293,29,0.51,1.537,255,0.0,0.8378,-0.0706,0.0225,2.98,3.424,-1.73,-1.88,322.12,0.03,0.0,0.03,0.07,99695,1507,3,0.31,0.1,0.07,-0.03,49,156,-96,0,3.13,0.07,0.0078,0.0187,22.69,22.88,17.29
1034.924,flow_only,67.903,52.1379285,21.1608908,90.2,52.1379098,21.1609293,29,0.51,1.537,255,-0.1676,0.6702,-0.1187,-0.1163,2.964,3.416,-2.44,-2.17,322.85,0.03,0.0,0.04,0.07,99695,1507,3,0.31,0.1,0.07,-0.03,49,140,-78,0,3.1,0.04,0.0266,0.0558,21.47,23.98,16.83
1035.025,flow_only,68.003,52.1379295,21.1608893,90.19,52.1379121,21.1609269,29,0.51,1.424,255,-0.1676,0.3352,-0.1861,-0.1048,2.954,3.403,-3.56,-2.79,323.41,0.03,0.0,0.03,0.04,99695,1507,3,0.31,0.1,0.07,-0.03,49,50,-182,0,3.08,0.04,0.0257,0.0585,24.92,22.12,15.98
1035.124,flow_only,68.103,52.1379305,21.160888,90.17,52.1379121,21.1609269,29,0.51,1.424,255,0.0,0.5027,0.082,0.0612,2.934,3.386,-3.71,-2.93,324.04,0.03,0.0,0.07,0.07,99695,1507,3,0.31,0.1,0.07,-0.03,49,19,-189,0,3.05,0.01,0.017,0.0593,25.06,24.86,16.11
1035.224,flow_only,68.202,52.1379314,21.1608869,90.15,52.1379143,21.1609245,29,0.51,1.445,255,0.1676,0.838,0.1044,0.0517,2.942,3.366,-3.02,-2.31,324.8,0.03,0.0,0.04,0.06,99695,1507,3,0.31,0.1,0.07,-0.03,49,-92,-42,0,3.02,0.01,0.0182,0.0633,22.07,21.5,16.55
1035.324,flow_only,68.303,52.1379324,21.1608858,90.14,52.1379143,21.1609245,29,0.51,1.445,255,0.1676,0.5027,-0.0409,-0.075,2.936,3.351,-2.85,-2.47,325.47,0.03,0.0,0.0,0.05,99695,1507,3,0.31,0.1,0.07,-0.03,49,-73,44,0,3.02,0.0,0.0147,0.0463,20.75,19.92,12.96
1035.424,flow_only,68.403,52.1379335,21.1608846,90.13,52.1379143,21.1609245,29,0.51,1.445,255,0.0,0.1676,-0.1187,-0.048,2.938,3.342,-3.22,-2.81,325.74,0.03,0.0,0.01,0.03,99695,1507,3,0.31,0.1,0.07,-0.03,49,44,-212,0,3.02,0.0,0.0067,0.0341,19.87,21.04,15.27
1035.525,flow_only,68.503,52.1379346,21.1608833,90.12,52.1379164,21.1609219,29,0.51,1.447,255,0.0,0.3351,-0.1061,-0.0037,2.934,3.331,-3.91,-3.02,325.7,0.03,0.0,0.07,0.08,99695,1507,3,0.32,0.09,0.07,-0.03,49,-198,-85,0,2.99,-0.04,0.0187,0.0588,25.5,26.44,18.15
1035.624,flow_only,68.603,52.1379356,21.1608823,90.1,52.1379185,21.1609193,29,0.51,1.397,255,-0.1675,0.6702,-0.0422,0.0149,2.96,3.316,-4.25,-2.95,325.44,0.03,0.0,0.07,0.06,99695,1507,3,0.32,0.1,0.07,-0.03,49,93,-160,0,2.96,-0.06,0.0212,0.0717,23.91,23.15,16.17
1035.724,flow_only,68.703,52.1379365,21.1608814,90.08,52.1379185,21.1609193,29,0.51,1.397,255,-0.1676,0.6702,-0.0591,-0.052,2.95,3.298,-4.52,-3.03,325.01,0.03,0.0,0.06,0.07,99695,1507,3,0.32,0.1,0.07,-0.03,49,-113,-147,0,2.95,-0.08,0.0396,0.0971,26.21,23.34,15.89
1035.824,flow_only,68.803,52.1379374,21.1608805,90.06,52.1379207,21.1609167,29,0.51,1.487,255,0.0,0.5028,-0.0522,-0.0569,2.986,3.279,-4.69,-3.27,324.32,0.03,0.0,0.05,0.05,99695,1507,3,0.32,0.09,0.07,-0.03,49,28,223,0,2.93,-0.1,0.0165,0.0666,20.46,21.66,16.64
1035.924,flow_only,68.903,52.1379384,21.1608793,90.05,52.1379207,21.1609167,29,0.51,1.487,255,0.0,0.3352,-0.0451,-0.0564,2.976,3.262,-4.81,-3.71,323.62,0.03,0.0,0.02,0.02,99695,1507,3,0.32,0.09,0.07,-0.03,49,9,263,0,2.93,-0.11,0.024,0.0599,24.03,21.49,14.56
1036.025,flow_only,69.003,52.1379394,21.160878,90.03,52.1379229,21.160914,29,0.51,1.533,255,0.0,0.6702,0.0454,0.0198,2.976,3.246,-4.78,-3.88,323.14,0.03,0.0,0.05,0.04,99695,1507,3,0.32,0.09,0.07,-0.03,49,8,-286,0,2.92,-0.11,0.0225,0.062,22.24,21.75,14.15
1036.124,flow_only,69.103,52.1379402,21.1608769,90.02,52.1379229,21.160914,29,0.51,1.533,255,0.0,0.3351,0.009,-0.0533,2.96,3.231,-4.39,-3.91,322.99,0.03,0.0,0.04,0.04,99695,1507,3,0.32,0.09,0.07,-0.03,49,250,-314,0,2.91,-0.13,0.059,0.114,24.0,18.22,15.76
1036.224,flow_only,69.202,52.137941,21.1608756,90.0,52.137925,21.1609112,28,0.52,1.521,255,-0.1676,0.1676,-0.0643,-0.1059,2.988,3.215,-4.66,-4.37,322.96,0.03,0.0,0.06,0.07,99695,1507,3,0.32,0.09,0.07,-0.03,49,161,444,0,2.89,-0.15,0.028,0.0676,24.13,22.78,15.09
1036.324,flow_only,69.303,52.1379419,21.1608742,89.99,52.137925,21.1609112,28,0.52,1.521,255,0.0,0.3351,0.0338,0.0289,2.988,3.2,-4.64,-4.47,322.8,0.03,0.0,0.02,0.07,99695,1507,3,0.32,0.09,0.07,-0.03,49,-152,276,0,2.89,-0.15,0.0183,0.0469,26.02,26.33,18.25
1036.424,flow_only,69.403,52.1379428,21.1608727,89.97,52.137925,21.1609112,28,0.52,1.521,255,0.1675,0.335,0.0816,0.0156,3.006,3.185,-4.17,-4.46,322.57,0.03,0.0,0.07,0.07,99695,1507,3,0.32,0.09,0.07,-0.03,49,92,166,0,2.87,-0.18,0.0178,0.0529,22.68,25.05,18.18
1036.524,flow_only,69.503,52.1379437,21.1608712,89.95,52.1379272,21.1609083,28,0.52,1.6,255,0.0,0.3352,-0.0189,0.0491,3.008,3.165,-4.12,-4.26,322.45,0.03,0.0,0.09,0.06,99695,1507,3,0.32,0.09,0.07,-0.03,49,117,-206,0,2.85,-0.23,0.0215,0.0666,25.0,23.3,16.34
1036.624,flow_only,69.603,52.1379445,21.1608699,89.93,52.1379296,21.1609054,28,0.52,1.623,255,0.0,0.5027,0.012,0.0065,3.042,3.144,-4.17,-4.0,322.43,0.03,0.0,0.06,0.07,99695,1507,3,0.32,0.09,0.07,-0.03,49,-1,-221,0,2.84,-0.25,0.0414,0.0927,26.79,25.64,17.79
1036.724,flow_only,69.703,52.1379453,21.1608687,89.91,52.1379296,21.1609054,28,0.52,1.623,255,0.0,0.1675,0.0917,-0.0855,3.03,3.122,-3.87,-4.4,322.47,0.03,0.0,0.05,0.06,99695,1507,3,0.32,0.09,0.07,-0.03,49,-80,-94,0,2.84,-0.28,0.0282,0.0733,25.31,24.59,18.1
1036.824,flow_only,69.802,52.1379462,21.1608674,89.89,52.1379319,21.1609022,28,0.52,1.752,255,0.0,0.6702,0.048,-0.0633,3.062,3.1,-3.48,-4.98,322.43,0.03,0.0,0.04,0.06,99695,1507,3,0.32,0.09,0.07,-0.03,49,65,-63,0,2.83,-0.29,0.0185,0.0542,24.77,23.69,15.95
1036.924,flow_only,69.903,52.1379471,21.1608661,89.87,52.1379319,21.1609022,28,0.52,1.752,255,0.0,0.3352,0.0556,-0.0185,3.068,3.082,-3.26,-5.14,322.41,0.03,0.0,0.02,0.04,99695,1507,3,0.32,0.09,0.07,-0.03,49,-49,182,0,2.84,-0.3,0.011,0.0353,25.84,26.63,16.06
1037.025,flow_only,70.003,52.1379481,21.1608648,89.85,52.1379343,21.160899,28,0.52,1.625,255,0.0,0.3352,-0.021,-0.0311,3.074,3.066,-3.36,-5.16,322.55,0.03,0.0,0.03,0.09,99695,1507,3,0.32,0.09,0.07,-0.03,49,154,465,0,2.83,-0.31,0.0277,0.0504,24.7,25.1,17.81
1037.124,flow_only,70.103,52.1379492,21.1608633,89.84,52.1379343,21.160899,28,0.52,1.625,255,0.0,0.6703,-0.0247,0.0372,3.07,3.051,-3.52,-5.26,322.75,0.03,0.0,0.05,0.08,99695,1507,3,0.32,0.09,0.07,-0.03,49,-7,-16,0,2.83,-0.32,0.0082,0.0295,25.68,22.55,15.98
1037.224,flow_only,70.203,52.1379502,21.1608618,89.82,52.1379366,21.1608958,28,0.52,1.741,255,0.0,0.8378,0.0543,0.0747,3.1,3.034,-3.39,-4.91,322.83,0.03,0.0,0.03,0.07,99695,1507,3,0.32,0.09,0.07,-0.03,49,-13,-103,0,2.83,-0.33,0.0076,0.0267,25.3,27.83,17.31
1037.324,flow_only,70.303,52.1379512,21.1608606,89.81,52.1379366,21.1608958,28,0.52,1.741,255,0.0,0.3351,-0.0295,0.0788,3.088,3.02,-3.42,-4.46,322.84,0.03,0.0,0.02,0.06,99695,1507,3,0.32,0.09,0.07,-0.03,49,-76,-296,0,2.83,-0.32,0.0339,0.0668,22.26,25.37,17.78
1037.424,flow_only,70.402,52.1379522,21.1608594,89.79,52.1379366,21.1608958,28,0.52,1.741,255,0.0,0.3352,-0.0511,0.0093,3.108,3.009,-3.71,-4.12,322.78,0.03,0.0,0.02,0.09,99695,1507,3,0.32,0.09,0.07,-0.03,49,13,204,0,2.83,-0.35,0.0157,0.0349,23.63,25.87,20.21
1037.524,flow_only,70.503,52.1379533,21.1608582,89.78,52.137939,21.1608925,28,0.52,1.79,255,0.0,0.838,-0.0736,0.0037,3.11,2.995,-4.07,-4.2,322.69,0.03,0.0,0.05,0.06,99695,1507,3,0.32,0.09,0.07,-0.03,49,30,283,0,2.82,-0.37,0.0159,0.0342,21.71,22.3,16.53
1037.624,flow_only,70.603,52.1379545,21.1608568,89.76,52.1379416,21.160889,28,0.52,1.907,255,0.0,0.8378,-0.0302,0.0323,3.118,2.98,-4.37,-4.26,322.37,0.03,0.0,0.02,0.06,99695,1507,3,0.32,0.09,0.07,-0.03,49,-107,281,0,2.81,-0.37,0.0207,0.0393,25.13,23.2,16.59
1037.724,flow_only,70.703,52.1379556,21.1608556,89.76,52.1379416,21.160889,28,0.52,1.907,255,-0.1676,0.5027,-0.0203,0.0587,3.124,2.971,-4.45,-3.96,321.98,0.03,0.0,0.03,0.06,99695,1507,3,0.32,0.09,0.07,-0.03,49,8,-143,0,2.84,-0.35,0.0258,0.0543,23.92,26.19,17.06
1037.824,flow_only,70.803,52.1379566,21.1608543,89.75,52.1379443,21.1608853,28,0.52,1.959,255,0.0,0.5027,-0.0436,0.0061,3.112,2.969,-4.74,-3.71,321.61,0.03,0.0,0.03,0.06,99695,1507,3,0.32,0.1,0.07,-0.03,49,35,-131,0,2.87,-0.33,0.0313,0.0667,23.6,25.96,19.52
1037.924,flow_only,70.902,52.1379577,21.1608529,89.75,52.1379443,21.1608853,28,0.52,1.959,255,0.0,1.0054,0.0191,0.0059,3.124,2.97,-4.7,-3.7,321.3,0.03,0.0,0.0,0.05,99695,1507,3,0.32,0.1,0.07,-0.03,49,-16,-247,0,2.87,-0.31,0.0225,0.0518,20.7,23.43,16.02
1038.025,flow_only,71.003,52.1379588,21.1608514,89.76,52.137947,21.1608816,28,0.52,1.898,255,0.0,0.5029,0.0668,0.0075,3.144,2.971,-4.32,-3.59,320.98,0.03,0.0,0.02,0.05,99695,1507,3,0.32,0.1,0.07,-0.03,49,-94,-113,0,2.88,-0.31,0.0195,0.0506,25.07,24.12,19.23
1038.124,flow_only,71.102,52.1379599,21.1608499,89.76,52.137947,21.1608816,28,0.52,1.898,255,0.0,0.3351,0.0246,0.0263,3.154,2.975,-4.04,-3.65,320.83,0.03,0.0,0.02,0.06,99695,1507,3,0.32,0.1,0.07,-0.03,49,85,-42,0,2.91,-0.31,0.0137,0.0485,20.21,21.92,15.97
1038.224,flow_only,71.203,52.137961,21.1608484,89.76,52.1379496,21.1608777,28,0.52,1.948,255,0.1676,0.5027,0.082,0.0675,3.152,2.977,-3.62,-3.42,320.67,0.03,0.0,0.0,0.05,99695,1507,3,0.32,0.09,0.07,-0.03,49,-130,231,0,2.91,-0.31,0.0275,0.0625,18.06,22.43,14.44
1038.324,flow_only,71.303,52.1379622,21.1608468,89.76,52.1379496,21.1608777,28,0.52,1.948,255,0.0,0.838,-0.0267,0.0493,3.174,2.978,-3.56,-3.1,320.58,0.03,0.0,0.0,0.08,99695,1507,3,0.32,0.09,0.07,-0.03,49,-121,-159,0,2.92,-0.31,0.0252,0.0594,21.55,18.76,15.04
1038.424,flow_only,71.402,52.1379634,21.1608451,89.76,52.1379496,21.1608777,28,0.52,1.948,255,0.0,0.5029,-0.0344,0.0646,3.184,2.977,-3.71,-2.68,320.55,0.03,0.0,0.01,0.06,99695,1507,3,0.32,0.09,0.07,-0.03,49,-40,-151,0,2.93,-0.3,0.0175,0.0483,17.43,20.82,13.55
1038.525,flow_only,71.503,52.1379646,21.1608432,89.76,52.137952,21.1608736,28,0.52,1.901,255,0.1676,0.5027,0.1227,0.0844,3.158,2.977,-3.39,-2.27,320.53,0.03,0.0,0.03,0.07,99695,1507,3,0.32,0.09,0.07,-0.03,49,-46,-162,0,2.95,-0.3,0.0217,0.0589,20.78,19.45,15.28
1038.624,flow_only,71.602,52.1379657,21.1608417,89.76,52.1379542,21.1608692,28,0.52,2.002,255,0.1676,0.5027,0.1008,0.0777,3.146,2.978,-2.67,-1.65,320.63,0.03,0.0,0.02,0.09,99695,1507,3,0.32,0.09,0.07,-0.03,49,-56,-206,0,2.96,-0.29,0.0301,0.0667,21.72,20.84,17.04
1038.724,flow_only,71.703,52.1379666,21.1608403,89.76,52.1379542,21.1608692,28,0.52,2.002,255,0.1676,0.8378,0.0405,-0.0267,3.138,2.976,-2.37,-1.47,320.83,0.03,0.0,0.0,0.05,99695,1507,3,0.32,0.09,0.07,-0.03,49,36,-127,0,2.96,-0.28,0.0359,0.0705,18.27,21.5,15.06
1038.824,flow_only,71.802,52.1379675,21.1608389,89.76,52.1379565,21.1608648,28,0.52,1.904,255,0.1676,0.3351,0.0449,-0.0819,3.128,2.974,-2.11,-1.75,320.92,0.03,0.0,0.03,0.06,99695,1507,3,0.32,0.09,0.07,-0.03,49,197,314,0,2.97,-0.26,0.0128,0.0454,19.87,19.61,13.19
1038.924,flow_only,71.903,52.1379684,21.1608372,89.76,52.1379565,21.1608648,28,0.52,1.904,255,0.1677,0.3353,0.0065,-0.0882,3.114,2.975,-1.95,-2.31,320.87,0.03,0.0,0.03,0.06,99695,1507,3,0.32,0.09,0.07,-0.03,49,203,215,0,2.98,-0.23,0.0287,0.0695,22.83,19.82,16.2
1039.025,flow_only,72.003,52.1379694,21.1608354,89.76,52.1379587,21.1608604,28,0.52,1.977,255,0.0,0.3351,0.0272,0.0032,3.118,2.979,-1.96,-2.5,320.77,0.03,0.0,0.04,0.07,99695,1507,3,0.32,0.09,0.07,-0.03,49,103,-9,0,2.99,-0.21,0.0218,0.0638,21.19,20.24,15.42
1039.124,flow_only,72.103,52.1379702,21.1608337,89.77,52.1379587,21.1608604,28,0.52,1.977,255,0.3351,1.0053,0.1079,0.0084,3.146,2.984,-1.44,-2.39,320.59,0.03,0.0,0.02,0.07,99695,1507,3,0.32,0.09,0.07,-0.03,49,-17,-243,0,3.0,-0.21,0.0319,0.0688,20.7,20.46,16.33
1039.224,flow_only,72.203,52.1379711,21.160832,89.77,52.137961,21.1608561,28,0.52,1.851,255,0.1675,0.335,0.11,-0.0508,3.094,2.984,-0.75,-2.57,320.42,0.03,0.0,0.02,0.06,99695,1507,3,0.32,0.09,0.07,-0.03,49,-67,-174,0,2.99,-0.21,0.0096,0.0319,18.63,20.48,13.66
1039.324,flow_only,72.303,52.1379721,21.1608302,89.76,52.137961,21.1608561,28,0.52,1.851,255,0.3352,0.3352,0.0487,0.0046,3.106,2.98,-0.28,-2.58,320.39,0.03,0.0,0.01,0.06,99695,1507,3,0.32,0.09,0.07,-0.03,49,-34,333,0,2.99,-0.21,0.0272,0.057,19.48,18.52,12.69
1039.424,flow_only,72.402,52.1379731,21.1608284,89.76,52.137961,21.1608561,28,0.52,1.851,255,0.3351,0.8378,0.0801,-0.0004,3.078,2.971,0.06,-2.8,320.49,0.03,0.0,0.04,0.06,99695,1507,3,0.32,0.09,0.07,-0.03,49,-118,-34,0,2.96,-0.21,0.0149,0.0267,22.03,20.72,15.93
1039.525,flow_only,72.503,52.1379741,21.1608269,89.74,52.1379632,21.1608518,28,0.52,1.948,255,0.3351,1.0053,0.1087,0.0933,3.072,2.956,0.72,-2.41,320.67,0.03,0.0,0.01,0.06,99695,1507,3,0.32,0.09,0.07,-0.03,49,11,-56,0,2.96,-0.21,0.0032,0.0041,19.57,19.86,15.68
1039.624,flow_only,72.602,52.1379751,21.1608253,89.72,52.1379656,21.1608476,28,0.52,1.943,255,0.0,0.5027,-0.0279,0.03,3.062,2.94,0.87,-2.11,320.81,0.03,0.0,0.02,0.06,99695,1507,3,0.32,0.09,0.07,-0.03,49,-130,-123,0,2.93,-0.21,0.0031,0.0101,19.12,17.66,12.64
1039.724,flow_only,72.703,52.1379762,21.1608237,89.71,52.1379656,21.1608476,28,0.52,1.943,255,-0.1676,0.3351,-0.1592,0.0365,3.058,2.926,0.15,-2.05,320.81,0.03,0.0,0.01,0.07,99695,1507,3,0.32,0.09,0.07,-0.03,49,50,-74,0,2.94,-0.21,0.0132,0.0262,18.0,19.08,12.54
1039.824,flow_only,72.802,52.1379772,21.1608222,89.7,52.137968,21.1608436,28,0.52,1.837,255,-0.1675,1.0052,-0.0489,0.04,3.054,2.916,-0.41,-1.82,320.61,0.03,0.0,0.01,0.04,99695,1507,3,0.32,0.09,0.07,-0.03,49,103,-273,0,2.93,-0.22,0.0227,0.0383,17.77,21.92,14.04
1039.924,flow_only,72.903,52.1379781,21.1608208,89.69,52.137968,21.1608436,28,0.52,1.837,255,-0.1675,0.8376,-0.1022,-0.0255,3.045,2.906,-0.88,-1.78,320.19,0.03,0.0,0.0,0.07,99695,1507,3,0.32,0.09,0.07,-0.03,49,63,-57,0,2.92,-0.21,0.0351,0.0599,18.75,17.95,15.17
1040.025,flow_only,73.003,52.1379789,21.1608195,89.68,52.1379706,21.1608398,28,0.52,1.912,255,-0.1675,0.5026,-0.0628,-0.1152,3.062,2.896,-1.4,-2.26,319.71,0.03,0.0,0.01,0.07,99695,1507,3,0.32,0.1,0.07,-0.03,49,-80,397,0,2.91,-0.21,0.0143,0.0308,17.94,16.27,11.74
1040.124,flow_only,73.103,52.1379799,21.160818,89.67,52.1379706,21.1608398,28,0.52,1.912,255,0.0,0.5027,0.0627,-0.0369,3.054,2.89,-1.27,-2.54,319.35,0.03,0.0,0.0,0.07,99695,1507,3,0.32,0.1,0.07,-0.03,49,0,166,0,2.91,-0.22,0.0252,0.0445,19.23,19.3,14.11
1040.224,flow_only,73.203,52.1379811,21.1608165,89.67,52.1379706,21.1608398,28,0.52,1.912,255,0.0,1.0053,0.013,0.0024,3.052,2.886,-1.03,-2.57,319.27,0.03,0.0,0.0,0.05,99695,1507,3,0.32,0.1,0.07,-0.03,49,150,-222,0,2.92,-0.22,0.0101,0.0217,17.79,18.11,12.85
1040.324,flow_only,73.303,52.1379821,21.1608151,89.67,52.1379731,21.1608361,28,0.52,1.877,255,0.0,0.6703,0.0979,0.0313,3.058,2.881,-0.76,-2.49,319.37,0.03,0.0,0.01,0.06,99695,1507,3,0.32,0.09,0.07,-0.03,49,-18,116,0,2.92,-0.22,0.0127,0.0258,18.97,17.57,14.09
1040.424,flow_only,73.402,52.1379832,21.1608135,89.66,52.1379731,21.1608361,28,0.52,1.877,255,0.0,0.3352,0.0096,-0.0368,3.076,2.88,-0.32,-2.53,319.43,0.03,0.0,0.04,0.06,99695,1507,3,0.32,0.09,0.07,-0.03,49,69,275,0,2.94,-0.21,0.0312,0.0617,18.32,17.71,14.65
1040.524,flow_only,73.503,52.1379844,21.1608119,89.67,52.1379756,21.1608323,28,0.52,1.889,255,-0.1676,0.6703,-0.0651,0.0962,3.076,2.88,-0.63,-2.38,319.41,0.03,0.0,0.01,0.05,99695,1507,3,0.32,0.1,0.07,-0.03,49,44,334,0,2.94,-0.21,0.0443,0.0833,18.14,15.71,13.78
1040.624,flow_only,73.603,52.1379856,21.1608102,89.67,52.1379783,21.1608285,28,0.52,2.007,255,0.0,1.0057,-0.0398,0.0943,3.068,2.881,-0.85,-1.98,319.26,0.03,0.0,0.01,0.06,99695,1507,3,0.32,0.11,0.07,-0.03,49,-79,-127,0,2.95,-0.21,0.0154,0.0354,14.98,14.83,13.24
1040.724,flow_only,73.702,52.1379867,21.1608088,89.67,52.1379783,21.1608285,28,0.52,2.007,255,0.0,0.5027,-0.1061,0.1173,3.048,2.881,-1.44,-1.25,319.22,0.03,0.0,0.01,0.08,99695,1507,3,0.32,0.11,0.07,-0.03,49,114,-178,0,2.95,-0.2,0.0155,0.0258,15.96,16.22,14.92
1040.824,flow_only,73.803,52.1379876,21.1608074,89.67,52.1379811,21.1608248,28,0.52,1.964,255,0.0,0.5027,0.0514,0.0086,3.046,2.881,-1.55,-0.97,319.19,0.03,0.0,0.01,0.08,99695,1507,3,0.32,0.1,0.07,-0.03,49,112,-119,0,2.96,-0.17,0.0357,0.0616,17.59,16.58,13.06
1040.924,flow_only,73.902,52.1379887,21.1608059,89.67,52.1379811,21.1608248,28,0.52,1.964,255,0.0,0.5025,0.0845,0.036,3.068,2.882,-1.07,-0.73,319.21,0.03,0.0,0.0,0.06,99695,1507,3,0.32,0.1,0.07,-0.03,49,-38,-76,0,2.97,-0.16,0.0076,0.0205,16.36,21.53,10.76
1041.025,flow_only,74.003,52.1379899,21.1608042,89.67,52.1379838,21.1608212,28,0.52,1.933,255,0.0,0.5027,0.0024,-0.0209,3.034,2.882,-0.91,-0.75,319.27,0.03,0.0,0.01,0.06,99695,1507,3,0.32,0.1,0.07,-0.03,49,-11,-232,0,2.98,-0.15,0.0171,0.0381,15.81,19.22,12.09
1041.124,flow_only,74.103,52.137991,21.1608027,89.67,52.1379838,21.1608212,28,0.52,1.933,255,0.0,0.6704,0.0539,0.0655,3.046,2.883,-0.79,-0.43,319.33,0.03,0.0,0.02,0.06,99695,1507,3,0.32,0.1,0.07,-0.03,49,33,-105,0,2.99,-0.12,0.0096,0.0275,17.23,17.56,12.55
1041.224,flow_only,74.203,52.137992,21.1608012,89.67,52.1379838,21.1608212,28,0.52,1.933,255,0.0,0.3351,0.0429,-0.0242,3.056,2.887,-0.51,-0.36,319.33,0.03,0.0,0.02,0.05,99695,1507,3,0.32,0.1,0.07,-0.03,49,-19,301,0,3.0,-0.11,0.0333,0.0661,15.92,16.67,12.56
1041.324,flow_only,74.302,52.1379932,21.1607997,89.68,52.1379865,21.1608176,28,0.52,1.929,255,0.0,0.8378,-0.0574,-0.0233,3.014,2.892,-0.55,-0.51,319.12,0.03,0.0,0.02,0.07,99695,1507,3,0.32,0.11,0.07,-0.03,49,46,337,0,3.01,-0.13,0.0401,0.0789,15.23,17.27,10.72
1041.424,flow_only,74.403,52.1379944,21.1607981,89.68,52.1379865,21.1608176,28,0.52,1.929,255,-0.1676,0.8378,-0.0493,0.0129,3.002,2.897,-0.94,-0.63,318.88,0.03,0.0,0.0,0.06,99695,1507,3,0.32,0.11,0.07,-0.03,49,101,-151,0,3.01,-0.1,0.0186,0.0434,15.19,16.82,12.61
1041.524,flow_only,74.503,52.1379954,21.1607968,89.68,52.1379891,21.1608142,28,0.52,1.807,255,-0.1676,0.3351,-0.0362,0.015,2.994,2.899,-1.03,-0.55,318.67,0.03,0.0,0.0,0.06,99695,1507,3,0.32,0.11,0.07,-0.03,49,77,-8,0,3.01,-0.07,0.0073,0.0193,16.03,16.72,12.93
1041.624,flow_only,74.603,52.1379965,21.1607954,89.69,52.1379891,21.1608142,28,0.52,1.807,255,-0.1676,0.5027,-0.0178,0.022,3.008,2.901,-1.17,-0.47,318.36,0.03,0.0,0.03,0.06,99695,1507,3,0.32,0.11,0.07,-0.03,49,-81,2,0,3.02,-0.07,0.0035,0.0176,15.53,16.96,11.89
1041.724,flow_only,74.703,52.1379975,21.160794,89.69,52.1379918,21.160811,28,0.52,1.846,255,-0.1676,0.6705,-0.0346,-0.0569,3.014,2.905,-1.37,-0.74,318.06,0.03,0.0,0.0,0.08,99695,1507,3,0.32,0.11,0.07,-0.03,49,-90,517,0,3.02,-0.07,0.0379,0.0696,17.37,17.53,11.32
1041.824,flow_only,74.803,52.1379988,21.1607925,89.69,52.1379918,21.160811,28,0.52,1.846,255,-0.1675,1.0052,0.0189,0.0458,3.024,2.907,-1.35,-0.83,317.81,0.03,0.0,0.01,0.04,99695,1507,3,0.32,0.11,0.07,-0.03,49,70,392,0,3.02,-0.08,0.0492,0.0899,15.9,16.6,10.74
1041.924,flow_only,74.903,52.1379999,21.1607911,89.69,52.1379944,21.1608078,28,0.52,1.735,255,0.0,0.5027,-0.0459,0.0462,3.022,2.907,-1.51,-0.59,317.78,0.03,0.0,0.0,0.06,99695,1507,3,0.32,0.11,0.07,-0.03,49,-94,-205,0,3.01,-0.09,0.0096,0.0188,15.46,19.17,11.86
1042.025,flow_only,75.003,52.138001,21.1607899,89.69,52.1379944,21.1608078,28,0.52,1.735,255,-0.1676,0.5027,0.0084,0.0657,3.032,2.905,-1.53,-0.27,317.92,0.03,0.0,0.0,0.06,99695,1507,3,0.32,0.11,0.07,-0.03,49,79,-202,0,3.01,-0.09,0.017,0.0282,15.62,18.94,10.6
1042.124,flow_only,75.102,52.1380021,21.1607887,89.69,52.1379969,21.1608045,28,0.52,1.768,255,0.0,0.6702,0.0084,0.0128,3.028,2.902,-1.43,-0.14,318.02,0.03,0.0,0.01,0.05,99695,1507,3,0.32,0.1,0.07,-0.03,49,25,13,0,3.02,-0.09,0.0121,0.0226,16.13,16.39,12.91
1042.224,flow_only,75.203,52.1380032,21.1607874,89.68,52.1379993,21.1608012,28,0.52,1.713,255,-0.3351,0.8378,-0.067,0.0594,3.018,2.899,-1.73,0.03,317.84,0.03,0.0,0.02,0.06,99695,1507,3,0.32,0.11,0.07,-0.03,49,110,-169,0,3.01,-0.09,0.0066,0.014,14.45,16.04,10.68
1042.324,flow_only,75.302,52.1380042,21.1607861,89.68,52.1379993,21.1608012,28,0.52,1.713,255,-0.1676,0.5027,-0.069,0.1361,3.016,2.896,-2.06,0.58,317.38,0.03,0.0,0.01,0.05,99695,1507,3,0.32,0.11,0.07,-0.03,49,-68,-58,0,3.02,-0.08,0.0258,0.0447,15.4,15.97,10.12
1042.424,flow_only,75.403,52.1380053,21.1607849,89.68,52.1379993,21.1608012,28,0.52,1.713,255,0.0,0.3352,-0.0645,0.1226,3.038,2.896,-2.49,1.29,316.94,0.03,0.0,0.01,0.04,99695,1507,3,0.32,0.11,0.07,-0.03,49,140,-102,0,3.02,-0.07,0.0047,0.011,15.54,16.09,9.09
1042.525,flow_only,75.503,52.1380062,21.1607837,89.68,52.1380016,21.1607982,28,0.52,1.532,255,-0.1675,1.005,-0.0146,0.0573,3.012,2.894,-2.78,1.88,316.76,0.03,0.0,0.03,0.02,99695,1507,3,0.32,0.11,0.07,-0.03,49,-64,-73,0,3.01,-0.1,0.0099,0.0195,16.41,16.6,11.22
1042.624,flow_only,75.603,52.1380072,21.1607823,89.68,52.1380037,21.1607953,28,0.52,1.622,255,0.1676,0.8378,0.2523,0.0677,3.028,2.893,-1.95,2.08,317.06,0.03,0.0,0.01,0.04,99695,1507,3,0.32,0.11,0.07,-0.03,49,7,17,0,3.02,-0.1,0.0211,0.0376,18.68,18.02,11.69
1042.724,flow_only,75.702,52.1380083,21.160781,89.67,52.1380037,21.1607953,28,0.52,1.622,255,0.0,0.3351,0.0631,0.22,3.057,2.889,-0.99,3.03,318.05,0.03,0.0,0.04,0.04,99695,1507,3,0.32,0.11,0.07,-0.03,49,-211,-38,0,3.0,-0.1,0.0432,0.0761,16.92,19.46,10.32
1042.824,flow_only,75.803,52.1380093,21.1607796,89.67,52.1380058,21.1607924,28,0.52,1.356,255,0.0,0.5027,0.0542,0.2556,3.017,2.883,-0.82,4.49,319.48,0.03,0.0,0.02,0.05,99695,1507,3,0.33,0.11,0.07,-0.03,49,54,-183,0,3.0,-0.11,0.0306,0.0608,17.53,19.12,12.9
1042.924,flow_only,75.903,52.1380102,21.1607784,89.66,52.1380058,21.1607924,28,0.52,1.356,255,0.0,1.1729,0.0704,0.3123,3.072,2.877,-0.26,6.24,320.82,0.03,0.0,0.04,0.05,99695,1507,3,0.33,0.11,0.07,-0.03,49,-68,-176,0,3.01,-0.11,0.006,0.0152,15.42,16.77,14.63
1043.025,flow_only,76.003,52.138011,21.1607775,89.66,52.1380076,21.1607901,28,0.52,1.238,255,-0.1676,0.5028,-0.091,0.1461,3.08,2.873,-0.42,7.59,321.78,0.03,0.0,0.01,0.04,99695,1507,3,0.33,0.11,0.07,-0.03,49,44,388,0,3.02,-0.08,0.0192,0.0379,16.1,15.77,11.09
1043.124,flow_only,76.102,52.1380117,21.1607767,89.66,52.1380076,21.1607901,28,0.52,1.238,255,-0.1676,0.3351,-0.0648,0.0325,3.094,2.876,-0.88,7.95,322.16,0.03,0.0,0.04,0.05,99695,1507,3,0.33,0.11,0.07,-0.03,49,-39,304,0,3.04,-0.08,0.0224,0.0484,13.27,17.49,10.54
1043.224,flow_only,76.203,52.1380123,21.1607759,89.67,52.1380093,21.1607882,28,0.52,1.018,255,0.0,0.1676,-0.0835,0.06,3.094,2.885,-1.16,8.28,321.93,0.03,0.0,0.05,0.04,99695,1507,3,0.33,0.12,0.07,-0.03,49,38,10,0,3.06,-0.08,0.0159,0.0437,14.74,17.55,12.28
1043.324,flow_only,76.303,52.1380128,21.1607753,89.68,52.1380093,21.1607882,28,0.52,1.018,255,-0.1676,0.1676,-0.0759,0.0299,3.092,2.893,-1.72,8.43,321.33,0.03,0.0,0.0,0.02,99695,1507,3,0.33,0.12,0.07,-0.03,49,96,-63,0,3.05,-0.07,0.0154,0.0313,14.66,14.43,9.95
1043.424,flow_only,76.403,52.138013,21.1607748,89.68,52.1380093,21.1607882,28,0.52,1.018,255,0.0,0.0,0.0384,-0.0679,3.11,2.893,-2.07,8.18,320.39,0.03,0.0,0.02,0.03,99695,1507,3,0.33,0.12,0.07,-0.03,49,52,52,0,3.04,-0.08,0.0192,0.0406,14.51,12.69,10.33
1043.525,flow_only,76.503,52.1380132,21.1607742,89.68,52.1380105,21.1607869,28,0.52,0.591,255,0.0,0.0,0.0784,-0.1369,3.082,2.89,-1.84,7.39,319.22,0.03,0.0,0.0,0.03,99695,1507,3,0.33,0.11,0.07,-0.03,49,-50,119,0,3.04,-0.09,0.0114,0.0261,14.54,13.59,9.87
1043.624,flow_only,76.603,52.1380134,21.1607738,89.67,52.1380112,21.160786,28,0.52,0.381,255,0.0,-0.1676,-0.0197,-0.1808,3.06,2.886,-1.89,6.41,318.05,0.03,0.0,0.02,0.04,99695,1507,3,0.33,0.12,0.07,-0.03,49,-59,222,0,3.04,-0.09,0.0197,0.0347,16.23,14.39,9.68
1043.724,flow_only,76.703,52.1380136,21.1607735,89.67,52.1380112,21.160786,28,0.52,0.381,255,0.0,-0.1676,0.0714,-0.1802,3.048,2.88,-1.93,5.27,316.86,0.03,0.0,0.0,0.03,99695,1507,3,0.33,0.12,0.07,-0.03,49,38,112,0,3.03,-0.07,0.0235,0.0438,14.84,20.07,11.07
1043.824,flow_only,76.802,52.1380136,21.1607732,89.66,52.1380114,21.1607855,28,0.52,0.109,255,0.0,-0.1675,0.1467,-0.0212,3.032,2.872,-1.33,4.8,315.77,0.03,0.0,0.02,0.04,99695,1507,3,0.33,0.13,0.07,-0.03,49,67,-62,0,3.02,-0.08,0.0073,0.0214,16.3,19.68,13.9
1043.924,flow_only,76.903,52.1380136,21.160773,89.65,52.1380114,21.1607855,28,0.52,0.109,255,0.0,0.0,0.071,-0.1048,3.026,2.864,-0.81,4.58,315.02,0.03,0.0,0.01,0.04,99695,1507,3,0.33,0.13,0.07,-0.03,49,-134,-9,0,3.02,-0.07,0.0025,0.0106,22.91,25.11,13.62
1044.025,flow_only,77.003,52.1380135,21.1607729,89.64,52.1380113,21.1607852,28,0.52,0.128,255,0.0,-0.3351,0.0215,-0.1913,3.03,2.859,-0.6,3.62,314.55,0.03,0.0,0.0,0.05,99695,1507,3,0.33,0.13,0.07,-0.03,49,-67,23,0,3.02,-0.07,0.0041,0.0106,21.8,25.38,14.87
1044.124,flow_only,77.103,52.1380134,21.1607729,89.64,52.1380113,21.1607852,28,0.52,0.128,255,0.0,-0.1676,0.0521,-0.1692,3.004,2.854,-0.46,2.54,314.14,0.03,0.0,0.01,0.03,99695,1507,3,0.33,0.13,0.07,-0.03,49,-23,-250,0,3.01,-0.08,0.0083,0.0155,19.11,20.56,13.6
1044.224,flow_only,77.202,52.1380133,21.1607731,89.63,52.1380111,21.1607853,28,0.52,0.132,255,0.0,-0.1676,0.0055,-0.1955,3.005,2.846,-0.16,1.53,313.81,0.03,0.0,0.01,0.03,99695,1507,3,0.33,0.11,0.07,-0.03,49,-95,-261,0,3.0,-0.08,0.0257,0.0492,18.04,23.05,14.19
1044.324,flow_only,77.303,52.1380131,21.1607734,89.63,52.1380111,21.1607853,28,0.52,0.132,255,0.0,-0.3352,-0.0277,-0.3029,3.01,2.84,-0.37,-0.17,313.5,0.03,0.0,0.01,0.03,99695,1507,3,0.33,0.11,0.07,-0.03,49,45,247,0,3.0,-0.08,0.009,0.0168,22.07,23.1,12.41
1044.424,flow_only,77.403,52.138013,21.1607735,89.62,52.1380111,21.1607853,28,0.52,0.132,255,0.0,-0.1676,0.0137,-0.1492,3.016,2.834,-0.39,-1.41,313.23,0.03,0.0,0.0,0.03,99695,1507,3,0.33,0.11,0.07,-0.03,49,13,157,0,2.99,-0.08,0.0197,0.0373,22.03,23.82,14.05
1044.525,flow_only,77.503,52.1380129,21.1607736,89.61,52.1380109,21.1607856,28,0.52,0.151,255,0.0,0.0,0.049,0.0313,3.012,2.828,-0.32,-1.65,313.05,0.03,0.0,0.01,0.03,99695,1507,3,0.33,0.09,0.07,-0.03,49,-8,-114,0,2.99,-0.1,0.0025,0.0104,21.12,25.08,13.38
1044.624,flow_only,77.602,52.1380128,21.1607738,89.61,52.1380107,21.160786,28,0.52,0.196,255,0.0,0.0,-0.0036,0.0421,3.006,2.823,-0.11,-1.47,313.0,0.03,0.0,0.0,0.02,99695,1507,3,0.33,0.11,0.07,-0.03,49,-37,49,0,2.99,-0.1,0.0052,0.0139,20.23,26.96,12.52
1044.724,flow_only,77.703,52.1380128,21.1607739,89.6,52.1380107,21.160786,28,0.52,0.196,255,-0.1676,0.0,-0.0195,0.0672,3.014,2.817,-0.38,-1.12,313.3,0.03,0.0,0.01,0.04,99695,1507,3,0.33,0.11,0.07,-0.03,49,47,28,0,2.98,-0.11,0.0039,0.0136,23.58,26.95,12.74
1044.824,flow_only,77.803,52.1380128,21.1607741,89.59,52.1380105,21.1607864,28,0.52,0.168,255,0.0,0.0,0.0187,0.0955,3.022,2.809,-0.27,-0.55,313.93,0.03,0.0,0.04,0.09,99695,1507,3,0.33,0.12,0.07,-0.03,49,0,-20,0,2.96,-0.12,0.0116,0.0295,25.84,28.09,13.45
1044.924,flow_only,77.903,52.1380128,21.1607742,89.59,52.1380105,21.1607864,28,0.52,0.168,255,-0.1676,0.0,-0.1317,0.0068,3.014,2.801,-0.74,-0.27,314.83,0.03,0.0,0.01,0.1,99695,1507,3,0.33,0.12,0.07,-0.03,49,67,-25,0,2.96,-0.14,0.0059,0.0228,22.69,26.63,14.42
1045.024,flow_only,78.003,52.1380128,21.1607742,89.58,52.1380103,21.1607865,28,0.52,0.048,255,-0.5027,0.1676,-0.1128,0.0717,3.032,2.799,-1.53,0.07,315.87,0.03,0.0,0.03,0.12,99695,1507,3,0.34,0.17,0.07,-0.03,49,181,25,0,2.98,-0.14,0.0137,0.0319,23.41,25.84,12.42
1045.124,flow_only,78.103,52.1380127,21.1607743,89.59,52.1380103,21.1607865,28,0.52,0.048,255,0.0,0.0,0.0077,0.0553,3.06,2.805,-1.84,0.48,316.91,0.03,0.0,0.04,0.12,99695,1507,3,0.34,0.17,0.07,-0.03,49,-49,-7,0,3.0,-0.11,0.0113,0.0271,21.04,25.55,13.11
1045.224,flow_only,78.202,52.1380126,21.1607744,89.6,52.1380102,21.1607866,28,0.52,0.132,255,0.0,0.0,0.0679,0.0156,3.058,2.814,-1.45,0.78,317.66,0.03,0.0,0.0,0.04,99695,1507,3,0.34,0.13,0.07,-0.03,49,-56,-6,0,3.01,-0.13,0.0129,0.0249,21.12,24.17,15.12
1045.325,flow_only,78.303,52.1380125,21.1607745,89.61,52.1380102,21.1607866,28,0.52,0.132,255,0.0,0.0,-0.0361,-0.0716,3.06,2.82,-1.42,0.42,318.06,0.03,0.0,0.0,0.05,99695,1507,3,0.34,0.13,0.07,-0.03,49,-2,124,0,3.01,-0.12,0.0058,0.0074,20.76,21.96,12.89
1045.424,flow_only,78.402,52.1380125,21.1607745,89.61,52.1380102,21.1607866,28,0.52,0.132,255,0.1676,0.0,0.1134,-0.0366,3.062,2.822,-1.13,0.09,317.97,0.03,0.0,0.01,0.07,99695,1507,3,0.34,0.13,0.07,-0.03,49,-23,-46,0,3.01,-0.12,0.003,0.003,18.51,17.71,10.83
1045.524,flow_only,78.503,52.1380125,21.1607746,89.61,52.13801,21.1607868,28,0.52,0.143,255,0.0,0.0,0.0322,0.001,3.056,2.82,-0.71,-0.11,317.46,0.03,0.0,0.01,0.06,99695,1507,3,0.34,0.09,0.07,-0.03,49,-62,81,0,3.01,-0.12,0.0193,0.034,19.74,17.98,11.91
1045.624,flow_only,78.602,52.1380125,21.1607746,89.6,52.1380099,21.1607871,28,0.52,0.18,255,0.0,0.0,-0.0037,0.0257,3.056,2.816,-0.62,-0.01,316.77,0.03,0.0,0.0,0.04,99695,1507,3,0.34,0.12,0.07,-0.03,49,157,33,0,3.01,-0.12,0.0058,0.0101,17.61,24.1,12.53
1045.724,flow_only,78.703,52.1380125,21.1607746,89.6,52.1380099,21.1607871,28,0.52,0.18,255,0.0,0.0,0.0082,-0.0072,3.054,2.811,-0.59,-0.13,316.02,0.03,0.0,0.01,0.05,99695,1507,3,0.34,0.12,0.07,-0.03,49,12,21,0,3.02,-0.11,0.0028,0.0058,19.43,19.51,13.5
1045.824,flow_only,78.803,52.1380125,21.1607746,89.59,52.1380097,21.1607873,28,0.52,0.01,255,0.0,0.0,0.0132,0.0348,3.048,2.805,-0.57,-0.09,315.39,0.03,0.0,0.02,0.04,99695,1507,3,0.34,0.15,0.07,-0.03,49,13,43,0,3.01,-0.13,0.005,0.0123,24.18,22.09,12.69
1045.924,flow_only,78.903,52.1380124,21.1607748,89.58,52.1380097,21.1607873,28,0.52,0.01,255,0.0,0.0,-0.0414,0.0353,3.062,2.795,-0.64,0.18,315.08,0.03,0.0,0.02,0.03,99695,1507,3,0.34,0.15,0.07,-0.03,49,-4,3,0,3.0,-0.13,0.0165,0.0348,20.51,22.36,14.3
1046.025,flow_only,79.003,52.1380123,21.1607749,89.57,52.1380097,21.1607874,28,0.52,0.059,255,0.0,0.0,-0.0099,0.0105,3.064,2.784,-0.85,0.15,315.11,0.03,0.0,0.02,0.04,99695,1507,3,0.34,0.15,0.07,-0.03,49,63,40,0,2.98,-0.14,0.0139,0.0298,19.31,23.48,12.43
1046.124,flow_only,79.103,52.1380122,21.1607749,89.56,52.1380097,21.1607874,28,0.52,0.059,255,0.1675,0.0,0.0378,-0.0053,3.04,2.774,-0.7,0.17,315.27,0.03,0.0,0.0,0.05,99695,1507,3,0.34,0.15,0.07,-0.03,49,-25,15,0,2.98,-0.16,0.0082,0.0194,20.71,24.96,11.83
1046.224,flow_only,79.203,52.1380121,21.1607749,89.55,52.1380096,21.1607875,28,0.52,0.134,255,0.1675,-0.1675,0.0469,0.0043,3.048,2.765,-0.39,0.08,315.49,0.03,0.0,0.03,0.04,99695,1507,3,0.34,0.14,0.07,-0.03,49,107,-101,0,2.97,-0.16,0.0156,0.034,19.78,25.86,12.3
1046.324,flow_only,79.303,52.138012,21.160775,89.54,52.1380096,21.1607875,28,0.52,0.134,255,0.0,-0.1676,-0.058,0.0036,3.054,2.755,-0.55,0.19,315.7,0.03,0.0,0.0,0.03,99695,1507,3,0.34,0.14,0.07,-0.03,49,9,0,0,2.97,-0.16,0.0101,0.0234,18.15,22.63,10.43
1046.424,flow_only,79.403,52.1380119,21.160775,89.53,52.1380096,21.1607875,28,0.52,0.134,255,0.0,-0.1676,0.0747,-0.0371,3.062,2.749,-0.45,0.05,315.78,0.03,0.0,0.0,0.03,99695,1507,3,0.34,0.14,0.07,-0.03,49,-28,61,0,2.97,-0.16,0.0147,0.0298,20.41,21.93,12.05
1046.524,flow_only,79.503,52.1380117,21.1607752,89.53,52.1380093,21.1607876,28,0.52,0.233,255,0.0,-0.1675,0.0072,-0.0232,3.056,2.747,-0.18,-0.05,315.55,0.03,0.0,0.0,0.04,99695,1507,3,0.34,0.13,0.07,-0.03,49,-72,49,0,2.97,-0.17,0.0192,0.0421,18.29,21.19,12.03
1046.624,flow_only,79.603,52.1380116,21.1607754,89.53,52.138009,21.1607878,29,0.51,0.111,255,0.0,0.0,0.0317,-0.0562,3.068,2.746,-0.1,-0.32,315.15,0.03,0.0,0.0,0.03,99695,999,3,0.34,0.13,0.07,-0.03,49,-17,-85,0,2.97,-0.17,0.0218,0.047,18.53,20.51,11.05
1046.724,flow_only,79.703,52.1380116,21.1607756,89.53,52.138009,21.1607878,29,0.51,0.111,255,0.1676,0.0,0.0635,-0.0136,3.076,2.743,0.18,-0.49,314.6,0.03,0.0,0.01,0.05,99695,999,3,0.34,0.13,0.07,-0.03,49,-45,-64,0,2.97,-0.18,0.0194,0.0437,16.66,20.23,10.88
1046.825,after,79.803,52.1380094,21.1607869,89.53,52.1380087,21.1607879,29,0.51,0.205,255,0.1676,0.0,0.061,-0.0084,3.07,2.74,0.63,-0.54,314.06,0.05,0.0,0.0,0.04,108415,999,3,0.34,0.13,0.08,0.0,48,77,59,0,2.99,-0.18,0.0152,0.0151,16.8,18.55,10.43
1046.925,after,79.903,52.1380093,21.1607869,89.53,52.1380087,21.1607879,29,0.51,0.205,255,0.1676,-0.1676,-0.0124,-0.071,3.078,2.744,0.78,-0.72,313.62,0.05,0.0,0.01,0.05,108415,999,3,0.34,0.13,0.08,0.0,48,-73,56,0,3.0,-0.14,0.0129,0.0222,18.5,18.4,11.99
1047.025,after,80.004,52.1380092,21.160787,89.54,52.1380084,21.1607879,29,0.51,0.135,255,0.0,-0.1675,-0.1482,-0.2134,3.068,2.751,0.33,-1.58,313.37,0.04,0.0,0.03,0.03,108415,999,3,0.34,0.14,0.06,0.05,48,10,-19,0,3.03,-0.13,0.0206,0.0491,19.98,18.73,11.67
1047.125,after,80.103,52.138009,21.1607869,89.55,52.1380084,21.1607879,29,0.51,0.135,255,-0.3351,-0.6702,-0.2799,-0.4553,3.075,2.759,-1.12,-3.77,313.23,0.04,0.0,0.0,0.05,108415,999,3,0.34,0.14,0.06,0.05,48,212,5,0,3.04,-0.12,0.0153,0.0365,18.6,19.22,11.63
1047.225,after,80.203,52.1380089,21.1607868,89.55,52.1380082,21.1607878,29,0.51,0.091,255,-0.1676,-0.8381,-0.2443,-0.5825,3.038,2.765,-2.54,-6.81,313.31,0.03,0.0,0.01,0.02,108415,999,3,0.34,0.14,-0.01,0.02,48,232,25,0,3.06,-0.1,0.0128,0.0412,17.36,18.12,10.53
1047.325,after,80.303,52.1380089,21.1607864,89.56,52.1380082,21.1607878,29,0.51,0.091,255,0.0,-0.5027,-0.1241,-0.4861,3.104,2.773,-3.73,-10.08,313.73,0.03,0.0,0.02,0.05,108415,999,3,0.34,0.14,-0.01,0.02,48,36,108,0,3.07,-0.08,0.0103,0.0366,16.27,17.4,10.36
1047.425,after,80.403,52.1380089,21.1607859,89.56,52.1380082,21.1607878,29,0.51,0.091,255,0.1676,0.0,0.1456,0.0139,3.096,2.778,-3.56,-11.09,314.3,0.03,0.0,0.0,0.06,108415,999,3,0.34,0.14,-0.01,0.02,48,-72,-141,0,3.06,-0.05,0.0076,0.0264,17.51,17.54,10.84
1047.525,after,80.503,52.1380089,21.1607852,89.57,52.1380081,21.1607871,29,0.51,0.374,255,0.5027,0.8378,0.1727,0.4465,3.11,2.781,-2.66,-9.48,314.94,0.01,0.0,0.01,0.07,108415,999,3,0.34,0.08,0.02,0.02,48,76,-4,0,3.07,-0.06,0.0086,0.0253,18.56,19.47,11.69
1047.625,after,80.603,52.138009,21.1607843,89.57,52.1380082,21.1607857,29,0.51,0.538,255,0.3351,1.173,0.181,0.606,3.074,2.783,-2.03,-6.0,315.8,0.01,0.0,0.0,0.04,108415,999,3,0.34,0.07,-0.03,0.0,48,-37,-129,0,3.07,-0.06,0.0031,0.0175,19.65,21.46,12.27
1047.725,after,80.703,52.1380091,21.1607833,89.57,52.1380082,21.1607857,29,0.51,0.538,255,0.5029,0.6705,0.4251,0.5697,3.07,2.785,-0.13,-2.64,316.86,0.01,0.0,0.03,0.07,108415,999,5,0.34,0.07,-0.03,0.0,48,-310,-112,0,3.08,-0.07,0.0042,0.0216,19.75,20.22,11.8
1047.825,after,80.803,52.1380092,21.1607822,89.57,52.1380082,21.1607837,29,0.51,0.817,255,0.5029,0.3352,0.3996,0.4886,3.08,2.785,2.4,0.42,318.02,0.08,0.01,0.0,0.07,108415,999,5,0.34,0.08,0.19,0.12,48,-91,-70,0,3.07,-0.08,0.0318,0.023,18.45,20.5,12.54
1047.925,after,80.903,52.1380092,21.1607811,89.57,52.1380082,21.1607837,29,0.51,0.817,255,0.6702,0.8378,0.4437,0.486,3.078,2.788,4.71,3.1,319.36,0.08,0.01,0.04,0.07,108415,999,5,0.34,0.08,0.19,0.12,48,295,326,0,3.09,-0.08,0.0221,0.0244,22.18,25.28,10.7
1048.025,after,81.003,52.1380093,21.1607802,89.58,52.1380083,21.1607816,29,0.51,0.643,255,0.3351,0.3351,0.3604,0.2045,3.076,2.795,7.23,4.7,320.62,0.08,0.01,0.05,0.07,108415,999,5,0.34,0.08,0.19,0.12,48,-93,-96,0,3.1,-0.03,0.0158,0.0301,22.77,22.69,13.67
1048.125,after,81.103,52.1380094,21.1607795,89.59,52.1380083,21.1607816,29,0.51,0.643,255,0.1676,0.1676,0.0611,0.0115,3.044,2.802,8.17,5.0,321.68,0.03,0.0,0.0,0.08,108415,999,5,0.34,0.08,-0.08,-0.01,48,4,40,0,3.1,-0.01,0.0048,0.0226,27.15,19.55,16.09
1048.225,after,81.203,52.1380095,21.160779,89.59,52.1380086,21.1607803,29,0.51,0.351,255,0.0,0.0,-0.0141,-0.099,3.026,2.806,8.23,4.54,322.62,0.03,0.0,0.01,0.08,108415,999,5,0.34,0.08,-0.08,-0.01,48,77,77,0,3.1,0.01,0.0043,0.0187,24.96,18.4,16.87
1048.325,after,81.303,52.1380095,21.1607787,89.59,52.1380086,21.1607803,29,0.51,0.351,255,0.0,-0.1676,-0.1765,-0.1162,3.02,2.809,7.79,3.8,323.4,0.02,0.0,0.02,0.05,108415,999,5,0.34,0.08,-0.01,-0.04,48,-2,12,0,3.11,0.04,0.0082,0.0216,21.9,18.62,14.4
1048.425,after,81.403,52.1380096,21.1607787,89.6,52.1380086,21.1607803,29,0.51,0.351,255,-0.1676,0.0,-0.2744,-0.1176,3.034,2.811,6.33,3.04,324.03,0.02,0.0,0.0,0.02,108415,999,5,0.34,0.08,-0.01,-0.04,48,93,-97,0,3.1,0.03,0.0069,0.0145,19.58,16.68,13.91
1048.525,after,81.503,52.1380097,21.1607788,89.6,52.1380087,21.1607797,29,0.51,0.044,255,-0.1676,-0.1676,-0.1606,-0.1349,3.043,2.811,5.18,2.17,324.36,0.03,0.0,0.03,0.08,108415,999,5,0.35,0.15,0.04,-0.03,48,66,-38,0,3.09,0.01,0.012,0.0177,17.12,13.77,12.38
1048.625,after,81.603,52.1380097,21.1607791,89.59,52.1380087,21.16078,29,0.51,0.248,255,-0.1676,-0.1676,-0.2024,-0.1563,3.04,2.809,4.2,1.34,324.49,0.03,0.0,0.01,0.06,108415,999,5,0.35,0.1,0.04,-0.03,48,53,-29,0,3.08,-0.01,0.0095,0.0153,18.2,16.29,13.25
1048.725,after,81.703,52.1380097,21.1607796,89.59,52.1380087,21.16078,29,0.51,0.248,255,-0.3351,-0.3351,-0.1438,-0.1461,3.026,2.804,3.16,0.42,324.42,0.03,0.01,0.0,0.05,108415,999,5,0.35,0.1,0.01,-0.1,48,-65,42,0,3.07,-0.02,0.0165,0.0233,16.88,19.26,13.55
1048.825,after,81.803,52.1380098,21.1607801,89.58,52.1380086,21.1607808,29,0.51,0.339,255,-0.1676,-0.1676,-0.1269,-0.0894,3.024,2.798,2.4,-0.25,324.14,0.03,0.01,0.0,0.03,108415,999,5,0.35,0.08,0.01,-0.1,48,68,0,0,3.07,-0.03,0.0123,0.0211,16.9,21.65,13.68
1048.925,after,81.903,52.1380097,21.1607806,89.58,52.1380086,21.1607808,29,0.51,0.339,255,-0.1676,0.0,-0.2057,-0.0895,2.996,2.794,1.35,-0.7,323.81,0.05,0.01,0.0,0.03,108415,999,5,0.35,0.08,0.09,-0.05,48,246,124,0,3.07,-0.03,0.017,0.0243,18.28,18.78,15.01
1049.025,after,82.003,52.1380097,21.1607811,89.58,52.1380085,21.1607818,29,0.51,0.419,255,-0.1676,-0.1676,-0.0653,-0.1306,3.004,2.791,0.69,-1.38,323.31,0.05,0.01,0.0,0.06,108415,999,5,0.35,0.09,0.09,-0.05,48,-58,-22,0,3.07,-0.01,0.0118,0.0193,16.69,20.44,14.09
1049.125,after,82.103,52.1380097,21.1607817,89.58,52.1380085,21.1607818,29,0.51,0.419,255,-0.1675,-0.3351,-0.0906,-0.088,2.99,2.796,0.19,-1.89,322.82,0.03,0.01,0.06,0.05,108415,999,5,0.35,0.09,0.04,-0.07,48,9,-177,0,3.08,0.0,0.0161,0.0267,18.88,20.0,15.1
1049.225,after,82.203,52.1380097,21.1607822,89.58,52.1380086,21.160783,29,0.51,0.374,255,-0.1676,-0.1676,-0.052,-0.0687,2.98,2.799,-0.09,-2.39,322.35,0.03,0.01,0.01,0.05,108415,999,5,0.35,0.09,0.04,-0.07,48,0,-174,0,3.08,0.0,0.0107,0.0177,16.6,17.34,11.58
1049.325,after,82.303,52.1380097,21.1607828,89.59,52.1380086,21.160783,29,0.51,0.374,255,-0.1676,0.0,-0.0706,-0.0571,3.004,2.802,-0.46,-2.8,321.96,0.01,0.01,0.0,0.05,108415,999,5,0.35,0.09,-0.01,-0.01,48,-22,-42,0,3.08,0.0,0.0083,0.0164,13.94,22.12,13.48
1049.425,after,82.403,52.1380097,21.1607832,89.59,52.1380086,21.160783,29,0.51,0.374,255,-0.1676,-0.3352,-0.0111,-0.0517,3.016,2.805,-0.64,-3.09,321.65,0.01,0.01,0.0,0.04,108415,999,5,0.35,0.09,-0.01,-0.01,48,131,94,0,3.08,0.0,0.0054,0.0121,17.04,23.02,14.99
1049.525,after,82.503,52.1380097,21.1607837,89.59,52.1380086,21.1607841,29,0.51,0.394,255,-0.1675,-0.3351,-0.0753,-0.0484,3.018,2.808,-0.92,-3.33,321.41,0.03,0.01,0.01,0.05,108415,999,5,0.35,0.08,-0.01,-0.09,48,125,-77,0,3.09,0.0,0.0127,0.0187,19.36,24.56,16.77
1049.625,after,82.603,52.1380097,21.160784,89.6,52.1380086,21.1607851,29,0.51,0.244,255,-0.1676,0.0,-0.0045,-0.0258,3.03,2.811,-1.08,-3.6,321.19,0.03,0.01,0.0,0.07,108415,999,5,0.35,0.08,-0.01,-0.09,48,101,-71,0,3.09,-0.01,0.0085,0.0141,17.79,24.94,16.71
1049.725,after,82.703,52.1380097,21.1607844,89.6,52.1380086,21.1607851,29,0.51,0.244,255,0.0,0.0,-0.0317,-0.0267,2.99,2.814,-1.25,-3.65,321.1,0.01,0.01,0.02,0.04,108415,999,5,0.35,0.08,0.03,-0.01,48,-66,20,0,3.09,0.0,0.0074,0.0147,15.33,25.44,15.7
1049.825,after,82.803,52.1380097,21.1607846,89.6,52.1380086,21.1607851,29,0.51,0.244,255,0.0,0.0,-0.033,0.0062,2.98,2.815,-1.38,-3.68,321.06,0.01,0.01,0.0,0.05,108415,999,5,0.35,0.08,0.03,-0.01,48,-92,-147,0,3.09,0.01,0.0045,0.011,16.97,21.83,14.45
1049.925,after,82.903,52.1380097,21.1607848,89.6,52.1380086,21.1607857,29,0.51,0.163,255,0.0,0.0,0.0469,0.0288,2.985,2.814,-1.33,-3.68,321.08,0.06,0.01,0.05,0.07,108415,999,5,0.35,0.11,0.04,-0.01,48,-93,12,0,3.08,0.01,0.0064,0.0149,19.78,26.39,17.5
1050.025,after,83.003,52.1380097,21.1607849,89.6,52.1380086,21.1607857,29,0.51,0.163,255,0.0,0.0,0.0393,0.0309,2.988,2.812,-1.05,-3.5,321.12,0.06,0.01,0.0,0.05,108415,999,5,0.35,0.11,0.04,-0.01,48,-20,-33,0,3.08,0.01,0.0033,0.0118,19.92,25.98,15.62
1050.125,after,83.103,52.1380097,21.1607849,89.6,52.1380088,21.160786,29,0.51,0.064,255,0.0,0.0,0.0424,-0.006,2.978,2.814,-0.94,-3.38,321.26,0.03,0.0,0.01,0.08,108415,999,5,0.35,0.14,0.0,0.03,48,1,-56,0,3.09,0.02,0.0031,0.005,19.35,23.17,14.98
1050.225,after,83.203,52.1380097,21.1607849,89.6,52.1380089,21.1607861,29,0.51,0.063,255,0.0,0.0,0.0311,0.084,2.974,2.814,-0.64,-3.04,321.51,0.03,0.0,0.0,0.06,108415,999,5,0.35,0.11,0.0,0.03,48,-67,-58,0,3.08,0.02,0.0015,0.0052,16.5,22.12,14.66
1050.325,after,83.303,52.1380097,21.1607848,89.6,52.1380089,21.1607861,29,0.51,0.063,255,0.0,0.1677,0.067,0.0508,2.976,2.817,-0.4,-2.83,321.75,0.02,0.0,0.01,0.06,108415,999,5,0.35,0.11,0.01,-0.05,48,-18,104,0,3.09,0.03,0.003,0.0072,16.55,20.27,13.11
1050.425,after,83.403,52.1380098,21.1607847,89.6,52.1380089,21.1607861,29,0.51,0.063,255,0.0,0.1676,-0.039,0.107,2.978,2.819,-0.43,-2.3,321.95,0.02,0.0,0.0,0.06,108415,999,5,0.35,0.11,0.01,-0.05,48,-20,-117,0,3.09,0.02,0.0015,0.0059,15.48,15.95,10.94
1050.525,after,83.503,52.1380098,21.1607846,89.61,52.1380092,21.160786,29,0.51,0.092,255,0.0,0.3352,0.0355,0.1824,2.96,2.824,-0.32,-1.31,321.99,0.03,0.0,0.02,0.05,108415,999,5,0.35,0.1,-0.02,-0.07,48,-36,-52,0,3.1,0.04,0.0084,0.0148,17.18,17.02,11.29
1050.625,after,83.603,52.1380099,21.1607845,89.62,52.1380095,21.1607858,29,0.51,0.084,255,0.0,0.0,-0.0298,0.0147,2.956,2.832,-0.38,-0.92,321.99,0.03,0.0,0.04,0.07,108415,999,5,0.35,0.1,-0.02,-0.07,48,3,54,0,3.11,0.06,0.0059,0.0158,15.95,14.49,10.26
1050.725,after,83.703,52.1380099,21.1607844,89.62,52.1380095,21.1607858,29,0.51,0.084,255,0.0,0.0,-0.0084,0.0034,2.96,2.84,-0.47,-0.92,321.93,0.02,0.0,0.02,0.05,108415,999,5,0.35,0.1,0.03,-0.02,48,0,-37,0,3.11,0.07,0.0048,0.0126,14.76,12.57,10.39
1050.825,after,83.803,52.1380099,21.1607843,89.63,52.1380095,21.1607858,29,0.51,0.084,255,0.0,0.1676,0.0341,0.2085,2.958,2.846,-0.35,-0.28,321.87,0.02,0.0,0.01,0.05,108415,999,5,0.35,0.1,0.03,-0.02,48,-55,-159,0,3.12,0.07,0.0028,0.0094,19.02,14.9,11.47
1050.925,after,83.903,52.1380099,21.1607842,89.64,52.1380096,21.1607856,29,0.51,0.083,255,0.0,0.3351,-0.0225,0.2036,2.968,2.852,-0.36,0.99,321.83,0.01,0.0,0.01,0.06,108415,999,5,0.35,0.08,0.02,-0.03,48,-57,-98,0,3.12,0.08,0.0041,0.0107,17.39,16.09,12.41
1051.025,after,84.003,52.1380099,21.1607841,89.64,52.1380096,21.1607855,29,0.51,0.075,255,0.0,0.3351,-0.0111,0.2387,2.976,2.857,-0.37,2.49,321.74,0.01,0.0,0.01,0.06,108415,999,5,0.35,0.11,0.02,-0.03,48,138,-90,0,3.12,0.07,0.0023,0.0078,14.8,14.78,11.22
1051.125,after,84.103,52.1380098,21.1607842,89.65,52.1380096,21.1607855,29,0.51,0.075,255,0.0,0.1676,0.0295,-0.0154,2.966,2.862,-0.35,2.86,321.72,0.02,0.01,0.01,0.06,108415,999,5,0.35,0.11,0.02,-0.07,48,-22,-152,0,3.12,0.07,0.0061,0.0121,16.55,17.94,12.07
1051.225,after,84.203,52.1380097,21.1607842,89.65,52.1380094,21.1607855,29,0.51,0.201,255,0.0,0.0,0.0065,-0.0632,2.966,2.867,-0.17,2.45,321.72,0.02,0.01,0.01,0.04,108415,999,5,0.35,0.11,0.02,-0.07,48,-88,-84,0,3.13,0.08,0.0035,0.0086,16.99,16.3,10.81
1051.325,after,84.303,52.1380095,21.1607843,89.66,52.1380094,21.1607855,29,0.51,0.201,255,0.0,0.0,0.0488,0.1061,2.962,2.87,-0.05,2.71,321.72,0.03,0.0,0.02,0.05,108415,999,5,0.35,0.11,0.06,-0.01,48,-41,-117,0,3.13,0.08,0.0039,0.0075,14.15,16.92,9.48
1051.425,after,84.403,52.1380092,21.1607844,89.66,52.1380094,21.1607855,29,0.51,0.201,255,0.0,-0.1676,-0.0215,-0.0574,2.952,2.871,-0.07,2.96,321.78,0.03,0.0,0.02,0.04,108415,999,5,0.35,0.11,0.06,-0.01,48,120,-12,0,3.12,0.08,0.0035,0.0127,15.04,21.86,12.18
1051.525,after,84.503,52.1380089,21.1607847,89.65,52.1380089,21.1607856,29,0.51,0.299,255,0.0,-0.1676,0.0238,-0.0685,2.95,2.867,-0.02,2.48,321.86,0.06,0.0,0.0,0.06,108415,999,5,0.35,0.11,-0.02,0.0,48,-40,192,0,3.1,0.07,0.0087,0.0261,13.5,17.84,11.73
1051.625,after,84.603,52.1380085,21.160785,89.65,52.1380082,21.160786,29,0.51,0.408,255,0.0,-0.3351,0.0311,-0.1175,2.922,2.864,0.09,1.8,321.99,0.06,0.0,0.03,0.04,108415,999,5,0.35,0.09,-0.02,0.0,48,125,74,0,3.11,0.08,0.0058,0.0143,18.54,21.48,11.62
1051.725,after,84.703,52.1380081,21.1607853,89.64,52.1380082,21.160786,29,0.51,0.408,255,0.0,0.0,0.0221,-0.0479,2.942,2.86,0.27,1.4,322.03,0.04,0.0,0.0,0.04,108415,999,5,0.35,0.09,-0.04,-0.03,48,-70,-113,0,3.09,0.08,0.0086,0.0213,15.31,17.01,10.47
1051.825,after,84.803,52.1380077,21.1607857,89.64,52.1380074,21.1607867,29,0.51,0.643,255,0.0,-0.3351,-0.0314,-0.0808,2.944,2.853,0.07,1.2,322.06,0.04,0.0,0.04,0.05,108415,999,5,0.34,0.1,-0.04,-0.03,48,24,-161,0,3.08,0.05,0.0081,0.0278,15.37,17.77,10.63
1051.925,after,84.903,52.1380072,21.1607862,89.63,52.1380074,21.1607867,29,0.51,0.643,255,0.0,-0.3351,-0.0194,-0.0353,2.944,2.849,0.04,0.84,322.05,0.05,0.0,0.01,0.03,108415,999,5,0.34,0.1,0.13,-0.01,48,-18,110,0,3.08,0.06,0.0061,0.019,14.53,15.63,11.1
1052.025,after,85.003,52.1380067,21.1607867,89.63,52.1380063,21.1607875,29,0.51,0.675,255,0.0,-0.1675,-0.0055,-0.0566,2.896,2.843,-0.12,0.59,321.99,0.05,0.0,0.02,0.05,108415,999,5,0.34,0.1,0.13,-0.01,48,165,-114,0,3.07,0.05,0.0046,0.0196,17.16,20.72,10.22
1052.125,after,85.103,52.1380062,21.1607872,89.62,52.1380063,21.1607875,29,0.51,0.675,255,0.0,-0.1676,-0.0192,-0.0585,2.888,2.839,-0.16,0.3,321.83,0.01,0.0,0.01,0.06,108415,999,5,0.34,0.1,0.04,-0.02,48,-42,94,0,3.07,0.07,0.0055,0.0192,16.38,15.74,8.87
1052.225,after,85.203,52.1380056,21.1607877,89.62,52.1380052,21.1607886,29,0.51,0.72,255,0.0,-0.1676,0.0164,-0.0515,2.888,2.834,-0.06,-0.02,321.68,0.01,0.0,0.03,0.05,108415,999,5,0.34,0.1,0.04,-0.02,48,-31,115,0,3.06,0.08,0.0043,0.0216,16.57,16.57,12.12
1052.325,after,85.303,52.138005,21.1607883,89.61,52.1380052,21.1607886,29,0.51,0.72,255,0.0,-0.1676,-0.0211,0.005,2.87,2.829,-0.17,-0.18,321.53,0.02,0.01,0.04,0.05,108415,999,5,0.34,0.1,0.02,-0.04,48,-25,-216,0,3.05,0.08,0.0049,0.0246,16.13,17.72,12.47
1052.425,after,85.403,52.1380044,21.1607889,89.61,52.1380052,21.1607886,29,0.51,0.72,255,0.1675,-0.3351,0.0356,-0.0403,2.892,2.822,-0.01,-0.22,321.36,0.02,0.01,0.04,0.05,108415,999,5,0.34,0.1,0.02,-0.04,48,-51,-106,0,3.04,0.08,0.0043,0.0268,14.59,13.52,10.19
1052.525,after,85.503,52.1380038,21.1607895,89.6,52.138004,21.1607897,29,0.51,0.773,255,0.0,-0.1676,-0.0002,-0.0477,2.916,2.819,-0.01,-0.48,321.26,0.03,0.0,0.01,0.05,108415,999,5,0.34,0.1,0.06,0.0,48,-32,136,0,3.04,0.08,0.0051,0.0182,16.15,16.22,11.29
1052.625,after,85.603,52.1380032,21.1607902,89.6,52.1380027,21.1607909,29,0.51,0.805,255,0.1676,-0.1676,0.0272,-0.0029,2.882,2.817,0.26,-0.64,321.13,0.03,0.0,0.03,0.04,108415,999,5,0.34,0.1,0.06,0.0,48,-95,-37,0,3.03,0.04,0.0039,0.0203,16.79,16.87,10.64
1052.725,after,85.703,52.1380025,21.1607908,89.6,52.1380027,21.1607909,29,0.51,0.805,255,0.0,-0.1676,0.0272,-0.0586,2.91,2.818,0.3,-0.8,321.02,0.02,0.01,0.0,0.06,108415,999,5,0.34,0.1,0.06,0.0,48,-26,108,0,3.04,0.04,0.0063,0.0139,16.0,16.27,11.82
1052.825,after,85.803,52.1380019,21.1607914,89.61,52.1380014,21.1607922,29,0.51,0.877,255,0.0,-0.1676,0.0041,0.0012,2.898,2.821,0.49,-0.86,320.9,0.02,0.01,0.0,0.03,108415,999,5,0.34,0.09,0.06,0.0,48,97,102,0,3.04,0.05,0.004,0.0104,14.51,16.01,11.76
1052.925,after,85.903,52.1380013,21.1607922,89.61,52.1380014,21.1607922,29,0.51,0.877,255,0.1676,-0.3351,-0.0098,0.0003,2.916,2.824,0.39,-0.88,320.82,0.04,0.01,0.02,0.07,108415,999,5,0.34,0.09,0.05,-0.08,48,0,-61,0,3.04,0.04,0.007,0.0168,15.42,16.58,11.27
1053.025,after,86.004,52.1380006,21.1607929,89.61,52.1380001,21.1607937,29,0.51,0.792,255,0.0,-0.5028,0.0231,-0.0048,2.924,2.825,0.51,-1.02,320.68,0.04,0.01,0.03,0.05,108415,999,5,0.34,0.09,0.05,-0.08,48,149,-43,0,3.04,0.03,0.0041,0.0172,14.35,15.2,9.33
1053.125,after,86.103,52.138,21.1607936,89.61,52.1380001,21.1607937,29,0.51,0.792,255,0.0,-0.3351,-0.0031,0.0171,2.946,2.825,0.44,-0.95,320.63,0.02,0.01,0.01,0.06,108415,999,5,0.34,0.09,0.0,0.0,48,148,84,0,3.04,0.01,0.0042,0.0181,16.01,18.97,11.91
1053.225,after,86.203,52.1379994,21.1607943,89.61,52.137999,21.1607952,29,0.51,0.818,255,0.0,-0.1676,-0.0198,0.097,2.954,2.825,0.47,-0.48,320.65,0.02,0.01,0.02,0.05,108415,999,5,0.34,0.09,0.0,0.0,48,-46,51,0,3.04,0.0,0.0037,0.0176,16.27,18.2,11.52
1053.325,after,86.303,52.1379988,21.1607952,89.61,52.137999,21.1607952,29,0.51,0.818,255,0.0,-0.1676,-0.0524,0.0885,2.968,2.825,0.19,-0.03,320.77,0.02,0.01,0.02,0.05,108415,999,5,0.34,0.09,-0.05,-0.05,48,-132,22,0,3.04,0.0,0.0064,0.0179,15.45,17.84,11.67
1053.425,after,86.403,52.1379982,21.160796,89.61,52.137999,21.1607952,29,0.51,0.818,255,0.0,-0.3351,-0.0224,0.0424,2.968,2.827,0.0,0.26,320.89,0.02,0.01,0.0,0.05,108415,999,5,0.34,0.09,-0.05,-0.05,48,-119,44,0,3.04,0.0,0.0051,0.0129,17.38,20.26,11.56
1053.525,after,86.503,52.1379976,21.1607968,89.61,52.1379977,21.1607968,29,0.51,0.93,255,0.0,-0.1676,-0.0955,-0.0003,2.984,2.828,-0.45,0.52,321.1,0.05,0.0,0.0,0.04,108415,999,5,0.34,0.1,0.1,-0.03,48,-103,49,0,3.04,-0.02,0.0072,0.0169,17.04,18.78,12.31
1053.625,after,86.603,52.1379969,21.1607977,89.61,52.1379964,21.1607986,29,0.51,0.861,255,0.0,-0.3352,-0.0046,0.0256,3.002,2.827,-0.62,0.6,321.32,0.05,0.0,0.02,0.05,108415,999,5,0.34,0.09,0.1,-0.03,48,29,-43,0,3.04,-0.02,0.0043,0.0144,15.83,18.18,11.52
1053.725,after,86.703,52.1379963,21.1607986,89.61,52.1379964,21.1607986,29,0.51,0.861,255,0.0,-0.3352,-0.0275,0.0097,3.01,2.827,-0.77,0.7,321.57,0.03,0.01,0.0,0.06,108415,999,5,0.34,0.09,-0.06,-0.06,48,40,-54,0,3.05,-0.02,0.0063,0.0127,16.64,17.08,11.57
1053.825,after,86.803,52.1379956,21.1607996,89.61,52.1379953,21.1608004,29,0.51,0.914,255,0.0,-0.1677,-0.0052,-0.0176,3.026,2.826,-0.84,0.66,321.76,0.03,0.01,0.02,0.03,108415,999,5,0.34,0.1,-0.06,-0.06,48,22,-17,0,3.05,-0.03,0.0045,0.0108,15.9,18.21,9.78
1053.925,after,86.903,52.1379949,21.1608005,89.61,52.1379953,21.1608004,29,0.51,0.914,255,-0.1676,-0.3352,-0.0418,0.0133,3.024,2.827,-1.05,0.64,322.0,0.0,0.01,0.0,0.05,108415,999,5,0.34,0.1,-0.02,0.0,48,49,149,0,3.06,-0.05,0.0048,0.0091,14.3,13.96,9.82
1054.025,after,87.003,52.1379942,21.1608015,89.61,52.137994,21.1608021,29,0.51,0.931,255,0.0,-0.1676,0.0266,0.0255,3.038,2.828,-1.03,0.68,322.14,0.0,0.01,0.0,0.05,108415,999,5,0.34,0.1,-0.02,0.0,48,42,-185,0,3.06,-0.04,0.0043,0.0063,13.42,12.46,8.66
1054.125,after,87.103,52.1379935,21.1608024,89.61,52.137994,21.1608021,29,0.51,0.931,255,0.0,-0.3351,-0.0453,0.0507,3.058,2.829,-1.17,0.95,322.25,0.02,0.01,0.01,0.04,108415,999,5,0.34,0.1,-0.04,0.02,48,0,123,0,3.07,-0.04,0.0071,0.0081,13.94,13.34,8.02
1054.225,after,87.203,52.1379927,21.1608033,89.61,52.1379926,21.1608039,29,0.51,1.004,255,0.0,-0.1676,0.0329,0.0092,3.047,2.828,-1.17,1.19,322.34,0.02,0.01,0.04,0.04,108415,999,5,0.34,0.09,-0.04,0.02,48,36,-56,0,3.06,-0.06,0.0065,0.0115,15.1,18.13,12.05
1054.325,after,87.303,52.137992,21.1608044,89.61,52.1379926,21.1608039,29,0.51,1.004,255,0.1676,-0.3351,-0.009,0.0045,3.034,2.825,-1.0,1.18,322.4,0.04,0.01,0.01,0.04,108415,999,5,0.34,0.09,-0.09,-0.05,48,-56,28,0,3.06,-0.07,0.0101,0.0151,14.78,18.65,10.78
1054.425,after,87.403,52.1379912,21.1608054,89.61,52.1379926,21.1608039,29,0.51,1.004,255,0.0,-0.5027,0.0406,-0.0108,3.056,2.821,-0.97,1.06,322.44,0.04,0.01,0.01,0.06,108415,999,5,0.34,0.09,-0.09,-0.05,48,24,212,0,3.06,-0.06,0.0077,0.0123,16.2,16.2,10.09
1054.525,after,87.503,52.1379904,21.1608064,89.6,52.1379911,21.1608058,29,0.51,1.079,255,0.0,-0.5027,-0.0107,0.0229,3.056,2.818,-0.84,1.12,322.43,0.02,0.0,0.01,0.05,108415,999,5,0.34,0.1,0.01,0.03,48,127,195,0,3.06,-0.06,0.0072,0.0131,14.05,14.76,9.57
1054.625,after,87.603,52.1379895,21.1608074,89.6,52.1379895,21.1608077,29,0.51,1.126,255,0.0,-0.3352,-0.009,-0.0412,3.044,2.813,-0.97,1.15,322.37,0.02,0.0,0.01,0.05,108415,999,5,0.34,0.1,0.01,0.03,48,22,9,0,3.06,-0.07,0.0063,0.0117,13.83,12.29,8.06
1054.725,after,87.703,52.1379887,21.1608084,89.59,52.1379895,21.1608077,29,0.51,1.126,255,0.0,-0.3351,0.0312,-0.052,3.058,2.806,-0.72,0.83,322.2,0.04,0.01,0.0,0.02,108415,999,5,0.34,0.1,-0.05,-0.02,48,-68,-395,0,3.06,-0.08,0.0072,0.0129,14.14,15.76,8.56
1054.825,after,87.803,52.1379878,21.1608094,89.59,52.1379878,21.1608098,29,0.51,1.205,255,0.0,-0.6703,0.004,-0.0425,3.07,2.801,-0.7,0.44,322.01,0.04,0.01,0.0,0.06,108415,999,5,0.34,0.1,-0.05,-0.02,48,-9,-12,0,3.06,-0.07,0.0057,0.0097,15.03,14.05,9.82
1054.925,after,87.903,52.1379869,21.1608105,89.58,52.1379878,21.1608098,29,0.51,1.205,255,0.1676,-0.6703,0.0301,0.0192,3.036,2.793,-0.56,0.45,321.7,0.03,0.01,0.01,0.04,108415,999,5,0.34,0.1,0.01,-0.02,48,123,68,0,3.05,-0.08,0.0035,0.0085,13.98,13.54,8.93
1055.025,after,88.003,52.137986,21.1608116,89.57,52.137986,21.1608118,29,0.51,1.283,255,0.0,-0.3351,-0.014,-0.0203,3.042,2.789,-0.58,0.5,321.43,0.03,0.01,0.01,0.03,108415,999,5,0.34,0.11,0.01,-0.02,48,-9,224,0,3.06,-0.06,0.0026,0.005,12.02,14.65,7.57
1055.125,after,88.103,52.1379851,21.1608127,89.57,52.137986,21.1608118,29,0.51,1.283,255,0.0,-0.1676,0.0328,0.0479,3.066,2.784,-0.4,0.56,321.23,0.03,0.0,0.01,0.05,108415,999,5,0.34,0.11,0.07,0.05,48,-25,-45,0,3.05,-0.06,0.0072,0.0087,14.31,14.39,8.58
1055.225,after,88.203,52.1379841,21.1608138,89.57,52.1379841,21.1608139,29,0.51,1.237,255,0.0,-0.1676,-0.002,0.1615,3.078,2.782,-0.27,1.16,321.15,0.03,0.0,0.02,0.05,108415,999,5,0.34,0.1,0.07,0.05,48,-59,-317,0,3.06,-0.06,0.0058,0.011,15.0,18.2,9.33
1055.325,after,88.303,52.1379831,21.1608149,89.56,52.1379841,21.1608139,29,0.51,1.237,255,0.0,-0.1676,0.057,0.1263,3.118,2.778,-0.14,1.94,321.23,0.02,0.0,0.03,0.05,108415,999,5,0.34,0.1,-0.02,0.0,48,144,106,0,3.05,-0.09,0.0043,0.0062,13.05,17.9,9.4
1055.425,after,88.403,52.1379821,21.1608161,89.56,52.1379841,21.1608139,29,0.51,1.237,255,0.0,-0.3351,0.0033,0.0225,3.096,2.775,0.05,2.37,321.33,0.02,0.0,0.0,0.05,108415,999,5,0.34,0.1,-0.02,0.0,48,87,167,0,3.06,-0.13,0.0039,0.006,14.44,15.9,9.33
1055.525,after,88.503,52.1379811,21.1608173,89.56,52.1379822,21.1608161,29,0.51,1.299,255,-0.1675,-0.3351,-0.0437,-0.0142,3.14,2.772,-0.19,2.39,321.47,0.02,0.01,0.0,0.05,108415,999,5,0.34,0.1,-0.06,0.01,48,26,114,0,3.06,-0.14,0.0089,0.0144,12.99,13.38,9.39
1055.625,after,88.603,52.1379801,21.1608185,89.55,52.1379802,21.1608184,29,0.51,1.457,255,0.0,-0.6702,-0.0019,-0.059,3.112,2.768,-0.17,2.07,321.56,0.02,0.01,0.01,0.05,108415,999,5,0.34,0.1,-0.06,0.01,48,-188,24,0,3.06,-0.13,0.007,0.012,17.46,13.58,9.85
1055.725,after,88.703,52.1379791,21.1608198,89.55,52.1379802,21.1608184,29,0.51,1.457,255,0.0,-0.3351,-0.0436,-0.0777,3.145,2.766,-0.33,1.71,321.67,0.02,0.01,0.0,0.05,108415,999,5,0.34,0.1,0.02,-0.04,48,11,198,0,3.07,-0.13,0.0019,0.0054,13.6,20.46,10.3
1055.825,after,88.803,52.137978,21.1608212,89.55,52.137978,21.1608209,29,0.51,1.52,255,0.0,-0.3352,0.024,-0.1232,3.154,2.763,-0.41,1.06,321.77,0.02,0.01,0.0,0.04,108415,999,5,0.34,0.11,0.02,-0.04,48,21,278,0,3.08,-0.14,0.0021,0.006,13.47,15.47,10.03
1055.925,after,88.903,52.1379769,21.1608226,89.54,52.137978,21.1608209,29,0.51,1.52,255,0.0,-0.3351,-0.04,-0.0883,3.152,2.759,-0.49,0.56,321.86,0.03,0.01,0.0,0.06,108415,999,5,0.34,0.11,0.04,-0.03,48,15,-84,0,3.07,-0.14,0.003,0.005,14.43,15.94,11.73
1056.025,after,89.003,52.1379758,21.160824,89.54,52.1379757,21.1608236,29,0.51,1.643,255,-0.1676,-0.8379,-0.0723,-0.0877,3.15,2.755,-0.83,0.03,321.93,0.03,0.01,0.0,0.05,108415,999,5,0.34,0.11,0.04,-0.03,48,-108,-238,0,3.08,-0.15,0.0019,0.0053,13.82,20.78,11.92
1056.125,after,89.103,52.1379746,21.1608254,89.54,52.1379757,21.1608236,29,0.51,1.643,255,0.0,-0.5027,0.021,-0.0519,3.136,2.754,-1.01,-0.47,321.86,0.06,0.01,0.0,0.05,108415,999,5,0.34,0.11,0.13,-0.05,48,63,107,0,3.1,-0.13,0.0113,0.0203,14.53,21.46,11.17
1056.225,after,89.203,52.1379735,21.1608268,89.54,52.1379734,21.1608263,29,0.51,1.506,255,0.0,-0.3351,0.0403,-0.0404,3.144,2.755,-0.77,-0.76,321.63,0.06,0.01,0.03,0.05,108415,999,5,0.34,0.11,0.13,-0.05,48,-38,55,0,3.12,-0.11,0.0079,0.0217,14.14,20.51,12.22
1056.325,after,89.303,52.1379724,21.1608282,89.54,52.1379734,21.1608263,29,0.51,1.506,255,0.0,-0.8379,0.0028,-0.0544,3.126,2.755,-0.68,-0.98,321.41,0.03,0.01,0.02,0.05,108415,999,5,0.34,0.11,-0.02,0.0,48,137,-298,0,3.12,-0.09,0.0056,0.0168,15.17,16.4,12.7
1056.425,after,89.403,52.1379713,21.1608295,89.54,52.1379734,21.1608263,29,0.51,1.506,255,0.1676,-1.0053,0.0535,-0.0718,3.17,2.754,-0.41,-1.32,321.23,0.03,0.01,0.01,0.05,108415,999,5,0.34,0.11,-0.02,0.0,48,-51,-115,0,3.13,-0.09,0.0046,0.0166,13.75,12.72,11.35
1056.525,after,89.503,52.1379702,21.1608308,89.53,52.1379711,21.160829,29,0.51,1.547,255,0.1676,-0.3352,0.0267,0.0031,3.13,2.749,-0.08,-1.46,321.08,0.03,0.01,0.03,0.04,108415,999,5,0.34,0.11,0.08,0.02,48,72,-115,0,3.12,-0.09,0.0095,0.0166,14.76,17.21,11.84
1056.625,after,89.603,52.1379691,21.1608321,89.53,52.1379688,21.1608316,29,0.51,1.509,255,0.0,-0.3352,0.0283,-0.1049,3.146,2.742,-0.12,-1.9,321.05,0.03,0.01,0.01,0.05,108415,999,5,0.34,0.11,0.08,0.02,48,174,368,0,3.12,-0.09,0.0064,0.0114,14.02,16.35,11.89
1056.725,after,89.703,52.137968,21.1608334,89.52,52.1379688,21.1608316,29,0.51,1.509,255,0.0,-0.8375,0.0054,-0.0132,3.16,2.733,-0.0,-2.13,321.2,0.01,0.01,0.0,0.05,108415,999,5,0.34,0.11,0.01,-0.05,48,-48,33,0,3.12,-0.09,0.0044,0.009,18.45,17.38,11.29
1056.825,after,89.803,52.137967,21.1608347,89.51,52.1379667,21.1608342,29,0.51,1.366,255,0.0,-0.5027,0.0124,0.0095,3.136,2.723,-0.04,-2.15,321.42,0.01,0.01,0.01,0.04,108415,999,5,0.34,0.11,0.01,-0.05,48,6,157,0,3.12,-0.12,0.0024,0.0057,17.15,19.75,12.59
1056.925,after,89.903,52.137966,21.1608359,89.5,52.1379667,21.1608342,29,0.51,1.366,255,0.0,-0.3351,-0.0387,-0.0221,3.124,2.716,-0.07,-2.23,321.68,0.04,0.01,0.0,0.05,108415,999,5,0.34,0.11,-0.08,-0.04,48,-6,140,0,3.12,-0.1,0.0043,0.0073,13.21,16.83,12.27
1057.025,after,90.004,52.137965,21.1608372,89.49,52.1379647,21.1608367,29,0.51,1.447,255,-0.1676,-0.3351,-0.0155,-0.0046,3.102,2.708,-0.34,-2.29,321.9,0.04,0.01,0.0,0.05,108415,999,5,0.34,0.11,-0.08,-0.04,48,-102,110,0,3.12,-0.09,0.0038,0.0068,13.41,14.48,9.93
1057.125,after,90.103,52.1379641,21.1608384,89.48,52.1379647,21.1608367,29,0.51,1.447,255,-0.1676,-0.5028,-0.0701,0.1041,3.112,2.698,-0.56,-1.92,322.09,0.04,0.01,0.0,0.05,108415,999,5,0.34,0.11,0.08,-0.03,48,-124,-138,0,3.11,-0.1,0.0038,0.0069,14.37,17.79,11.08
1057.225,after,90.204,52.1379631,21.1608396,89.47,52.1379626,21.160839,29,0.51,1.308,255,0.0,-0.1676,0.0233,0.1153,3.122,2.687,-0.7,-1.45,322.26,0.04,0.01,0.02,0.07,108415,999,5,0.34,0.11,0.08,-0.03,48,81,183,0,3.11,-0.09,0.002,0.0051,11.91,16.24,11.8
1057.325,after,90.303,52.1379622,21.1608407,89.46,52.1379626,21.160839,29,0.51,1.308,255,0.0,-0.1676,-0.0307,0.0377,3.108,2.672,-0.76,-0.89,322.42,0.05,0.02,0.01,0.06,108415,999,5,0.34,0.11,0.03,0.05,48,0,-48,0,3.09,-0.1,0.008,0.0165,14.63,16.99,14.27
1057.425,after,90.403,52.1379613,21.1608418,89.44,52.1379626,21.160839,29,0.51,1.308,255,-0.1676,-0.3351,0.0156,-0.0003,3.098,2.658,-0.8,-0.83,322.49,0.05,0.02,0.01,0.07,108415,999,5,0.34,0.11,0.03,0.05,48,33,69,0,3.08,-0.11,0.0056,0.012,12.13,17.8,10.82
1057.525,after,90.503,52.1379604,21.160843,89.43,52.1379608,21.1608413,29,0.51,1.268,255,0.1675,-0.5026,0.0224,0.0819,3.09,2.645,-0.53,-0.56,322.47,0.03,0.01,0.0,0.04,108415,999,5,0.34,0.1,-0.01,-0.07,48,-55,72,0,3.07,-0.11,0.0029,0.0087,13.92,13.65,9.05
1057.625,after,90.603,52.1379595,21.1608441,89.42,52.137959,21.1608437,29,0.51,1.248,255,0.0,-0.1676,-0.0177,0.0766,3.108,2.635,-0.67,-0.09,322.48,0.03,0.01,0.0,0.05,108415,999,5,0.34,0.11,-0.01,-0.07,48,27,-174,0,3.08,-0.09,0.0019,0.0043,15.58,15.9,7.54
1057.725,after,90.703,52.1379586,21.1608452,89.41,52.137959,21.1608437,29,0.51,1.248,255,0.0,-0.3352,0.0579,0.0326,3.112,2.627,-0.47,0.14,322.43,0.03,0.01,0.02,0.04,108415,999,5,0.34,0.11,-0.02,-0.01,48,-11,-135,0,3.08,-0.09,0.0025,0.0037,17.25,17.66,9.41
1057.825,after,90.803,52.1379577,21.1608463,89.41,52.1379573,21.1608459,29,0.51,1.229,255,0.0,-0.1676,-0.0342,0.028,3.104,2.623,-0.52,0.42,322.36,0.03,0.01,0.01,0.04,108415,999,5,0.34,0.1,-0.02,-0.01,48,1,10,0,3.08,-0.11,0.0026,0.008,14.58,14.27,9.13
1057.925,after,90.903,52.1379568,21.1608475,89.4,52.1379573,21.1608459,29,0.51,1.229,255,0.0,-0.5025,0.0093,0.0656,3.112,2.62,-0.45,0.68,322.28,0.01,0.01,0.01,0.04,108415,999,5,0.34,0.1,-0.01,-0.01,48,-20,205,0,3.09,-0.11,0.0023,0.0087,14.02,17.88,10.87
1058.025,after,91.003,52.1379559,21.1608486,89.4,52.1379555,21.1608482,29,0.51,1.328,255,0.0,-0.335,-0.0088,0.035,3.108,2.617,-0.54,0.9,322.21,0.01,0.01,0.0,0.04,108415,999,5,0.34,0.1,-0.01,-0.01,48,35,222,0,3.09,-0.1,0.0029,0.01,13.98,15.57,10.83
1058.125,after,91.103,52.1379549,21.1608498,89.4,52.1379555,21.1608482,29,0.51,1.328,255,0.0,-0.1675,-0.0132,0.0305,3.118,2.619,-0.59,1.12,322.12,0.04,0.01,0.02,0.05,108415,999,5,0.34,0.1,0.06,0.0,48,2,53,0,3.11,-0.08,0.0064,0.0216,12.19,13.1,9.81
1058.225,after,91.203,52.137954,21.160851,89.4,52.1379537,21.1608504,29,0.51,1.254,255,-0.1676,-0.3351,-0.0148,0.029,3.106,2.619,-0.71,1.37,322.1,0.04,0.01,0.02,0.05,108415,999,5,0.34,0.1,0.06,0.0,48,22,-101,0,3.1,-0.1,0.0038,0.011,13.57,12.48,9.35
1058.325,after,91.303,52.137953,21.1608521,89.4,52.1379537,21.1608504,29,0.51,1.254,255,0.0,-0.6702,0.0294,0.0406,3.092,2.619,-0.49,1.53,322.05,0.03,0.01,0.0,0.04,108415,999,5,0.34,0.1,0.0,0.05,48,-14,77,0,3.11,-0.08,0.0077,0.017,13.07,13.58,9.25
1058.425,after,91.403,52.137952,21.1608533,89.4,52.1379537,21.1608504,29,0.51,1.254,255,0.0,-0.1676,-0.0169,-0.0032,3.152,2.618,-0.49,1.59,322.05,0.03,0.01,0.0,0.05,108415,999,5,0.34,0.1,0.0,0.05,48,-17,70,0,3.11,-0.06,0.0056,0.0119,12.16,11.29,9.62
1058.525,after,91.503,52.137951,21.1608545,89.4,52.137952,21.1608528,29,0.51,1.386,255,0.0,-0.1675,0.0461,-0.0325,3.115,2.616,-0.42,1.36,322.07,0.03,0.01,0.0,0.04,108415,999,5,0.34,0.1,-0.03,-0.08,48,12,133,0,3.12,-0.07,0.0064,0.0139,14.53,17.16,11.61
1058.625,after,91.603,52.13795,21.1608558,89.4,52.1379502,21.1608554,29,0.51,1.356,255,0.0,-0.8378,0.0372,-0.0494,3.132,2.611,-0.18,1.11,322.07,0.03,0.01,0.01,0.03,108415,999,5,0.34,0.1,-0.03,-0.08,48,-42,152,0,3.11,-0.08,0.005,0.0101,13.42,19.46,11.04
1058.725,after,91.703,52.137949,21.1608571,89.39,52.1379502,21.1608554,29,0.51,1.356,255,0.0,-0.6703,-0.0534,-0.0653,3.108,2.605,-0.32,0.81,322.13,0.02,0.0,0.0,0.04,108415,999,5,0.34,0.1,-0.05,0.01,48,13,171,0,3.11,-0.08,0.0072,0.0119,14.32,19.2,10.24
1058.825,after,91.803,52.137948,21.1608584,89.38,52.1379483,21.1608579,29,0.51,1.374,255,0.0,-0.3351,-0.027,-0.0202,3.11,2.6,-0.54,0.65,322.22,0.02,0.0,0.0,0.04,108415,999,5,0.34,0.1,-0.05,0.01,48,47,2,0,3.11,-0.07,0.0059,0.0112,15.76,16.3,11.32
1058.925,after,91.903,52.137947,21.1608597,89.38,52.1379483,21.1608579,29,0.51,1.374,255,0.0,-0.3351,-0.0368,0.0205,3.116,2.592,-0.59,0.74,322.36,0.02,0.0,0.0,0.06,108415,999,5,0.34,0.1,-0.04,0.02,48,7,-214,0,3.1,-0.08,0.0081,0.0126,14.97,13.23,10.02
1059.025,after,92.003,52.137946,21.160861,89.37,52.1379483,21.1608579,29,0.51,1.374,255,-0.1676,-0.6702,-0.035,0.0155,3.08,2.586,-0.83,0.77,322.67,0.02,0.0,0.01,0.04,108415,999,5,0.34,0.1,-0.04,0.02,48,-98,-198,0,3.11,-0.08,0.0062,0.0111,15.37,22.82,12.41
1059.125,after,92.103,52.1379451,21.1608624,89.36,52.1379465,21.1608606,29,0.51,1.403,255,0.0,-0.6703,0.0263,0.0407,3.078,2.58,-0.72,0.88,323.03,0.04,0.0,0.01,0.03,108415,999,5,0.34,0.09,-0.11,-0.03,48,-15,119,0,3.1,-0.08,0.013,0.0204,13.37,19.44,10.35
1059.225,after,92.203,52.1379441,21.1608637,89.36,52.1379446,21.1608634,29,0.51,1.456,255,0.0,-0.5027,-0.0749,-0.0033,3.088,2.575,-0.94,0.99,323.45,0.04,0.0,0.02,0.04,108415,999,5,0.34,0.09,-0.11,-0.03,48,3,98,0,3.11,-0.05,0.0093,0.0171,14.77,15.39,12.59
1059.325,after,92.303,52.1379431,21.1608651,89.35,52.1379446,21.1608634,29,0.51,1.456,255,0.0,-0.3351,-0.02,-0.0399,3.07,2.564,-1.25,0.91,323.81,0.07,0.0,0.01,0.04,108415,999,5,0.34,0.09,-0.04,-0.01,48,101,-181,0,3.08,-0.05,0.0106,0.0204,13.91,17.36,12.32
1059.425,after,92.403,52.1379421,21.1608665,89.34,52.1379446,21.1608634,29,0.51,1.456,255,-0.1676,-0.6702,-0.0127,0.0174,3.062,2.557,-1.22,0.91,324.07,0.07,0.0,0.03,0.05,108415,999,5,0.34,0.09,-0.04,-0.01,48,4,-322,0,3.09,-0.05,0.0067,0.0128,13.12,17.46,12.17
1059.525,after,92.503,52.137941,21.1608678,89.34,52.1379427,21.1608662,29,0.51,1.429,255,0.0,-0.838,-0.0472,-0.0309,3.078,2.554,-1.48,0.82,324.25,0.04,0.02,0.01,0.05,108415,999,5,0.34,0.09,-0.05,0.0,48,-108,-191,0,3.1,-0.04,0.0127,0.0264,15.9,13.55,11.17
1059.625,after,92.603,52.13794,21.1608691,89.34,52.1379407,21.160869,29,0.51,1.58,255,0.0,-0.5026,0.0642,-0.0485,3.092,2.555,-1.41,0.45,324.2,0.04,0.02,0.04,0.05,108415,999,5,0.34,0.09,-0.05,0.0,48,47,219,0,3.11,-0.05,0.009,0.0246,11.88,13.06,10.59
1059.725,after,92.703,52.137939,21.1608705,89.34,52.1379407,21.160869,29,0.51,1.58,255,0.0,-0.5027,-0.0198,-0.062,3.102,2.557,-1.33,0.23,323.96,0.04,0.01,0.01,0.04,108415,999,5,0.34,0.09,0.0,-0.11,48,-27,183,0,3.11,-0.06,0.0091,0.0209,11.2,10.56,9.09
1059.825,after,92.803,52.137938,21.1608718,89.34,52.1379386,21.1608719,29,0.51,1.529,255,0.0,-0.8382,-0.0132,-0.0749,3.09,2.557,-1.46,-0.16,323.64,0.04,0.01,0.0,0.05,108415,999,5,0.34,0.1,0.0,-0.11,48,45,65,0,3.11,-0.07,0.0055,0.0141,10.74,10.44,7.67
1059.925,after,92.903,52.1379369,21.1608732,89.34,52.1379386,21.1608719,29,0.51,1.529,255,0.1675,-0.8375,0.0507,-0.0261,3.075,2.558,-1.23,-0.53,323.25,0.03,0.01,0.02,0.05,108415,999,5,0.34,0.1,0.06,0.05,48,-43,244,0,3.12,-0.05,0.004,0.0148,10.6,12.81,6.49
1060.025,after,93.004,52.1379358,21.1608744,89.34,52.1379364,21.1608744,29,0.51,1.513,255,0.0,-0.5027,0.0033,-0.1061,3.033,2.555,-1.2,-0.87,322.96,0.03,0.01,0.04,0.05,108415,999,5,0.33,0.09,0.06,0.05,48,-3,35,0,3.11,-0.04,0.002,0.0019,13.33,18.61,9.2
1060.125,after,93.103,52.1379347,21.1608757,89.34,52.1379364,21.1608744,29,0.51,1.513,255,0.0,-0.5028,0.0461,-0.1258,3.048,2.551,-0.89,-1.47,322.72,0.02,0.0,0.0,0.03,108415,999,5,0.33,0.09,0.06,0.03,48,-78,245,0,3.11,-0.03,0.0058,0.0029,16.44,18.99,12.95
1060.225,after,93.203,52.1379337,21.1608769,89.33,52.1379343,21.160877,29,0.51,1.491,255,0.0,-0.5027,0.0081,-0.3002,3.048,2.545,-0.85,-2.78,322.56,0.02,0.0,0.01,0.05,108415,999,5,0.33,0.09,0.06,0.03,48,-11,383,0,3.1,-0.03,0.0044,0.0036,16.31,15.67,14.77
1060.325,after,93.303,52.1379327,21.1608781,89.32,52.1379343,21.160877,29,0.51,1.491,255,0.1676,-1.1732,0.075,-0.3568,3.076,2.54,-0.54,-4.84,322.34,0.02,0.01,0.0,0.05,108415,999,5,0.33,0.09,0.03,-0.02,48,-41,122,0,3.1,-0.03,0.0038,0.0033,14.15,13.68,11.78
1060.425,after,93.403,52.1379317,21.1608791,89.32,52.1379343,21.160877,29,0.51,1.491,255,0.0,-1.173,-0.01,-0.4763,3.068,2.537,-0.48,-7.07,322.24,0.02,0.01,0.02,0.05,108415,999,5,0.33,0.09,0.03,-0.02,48,85,304,0,3.11,-0.05,0.0031,0.006,13.55,19.97,11.69
1060.525,after,93.503,52.1379309,21.1608802,89.32,52.1379324,21.1608795,29,0.51,1.334,255,0.0,-0.5028,0.0613,-0.4697,3.104,2.535,-0.26,-9.99,322.22,0.04,0.02,0.0,0.06,108415,999,5,0.33,0.09,0.0,-0.08,48,-23,286,0,3.11,-0.04,0.0074,0.0153,14.71,20.61,12.86
1060.625,after,93.603,52.1379301,21.160881,89.32,52.1379324,21.1608795,29,0.51,1.334,255,0.0,-0.3351,0.0264,-0.2371,3.126,2.533,-0.05,-12.02,322.27,0.04,0.02,0.0,0.06,108415,999,5,0.33,0.09,0.0,-0.08,48,-55,295,0,3.11,-0.04,0.0046,0.0097,13.17,15.18,10.79
1060.725,after,93.703,52.1379296,21.1608818,89.32,52.1379309,21.1608817,29,0.51,0.999,255,0.0,-0.3351,-0.0554,-0.0309,3.118,2.535,-0.32,-12.54,322.49,0.03,0.02,0.01,0.06,108415,999,5,0.33,0.09,-0.05,-0.04,48,17,104,0,3.12,-0.04,0.0101,0.0205,13.35,16.19,11.91
1060.825,after,93.803,52.1379292,21.1608824,89.32,52.1379297,21.1608833,29,0.51,0.797,255,0.0,0.0,-0.0145,0.1256,3.1,2.535,-0.54,-12.22,322.73,0.03,0.02,0.0,0.08,108415,999,5,0.33,0.09,-0.05,-0.04,48,32,40,0,3.12,-0.03,0.0064,0.014,12.09,19.3,10.68
1060.925,after,93.903,52.1379289,21.1608828,89.32,52.1379297,21.1608833,29,0.51,0.797,255,0.0,0.0,-0.051,0.2364,3.094,2.539,-0.68,-11.04,322.96,0.06,0.02,0.0,0.08,108415,999,5,0.33,0.09,0.07,-0.06,48,2,-31,0,3.13,0.0,0.0084,0.0185,14.14,18.32,10.98
1061.025,after,94.003,52.1379287,21.1608831,89.33,52.137929,21.1608842,29,0.51,0.372,255,0.0,0.1675,-0.0293,0.1968,3.088,2.54,-1.08,-9.82,323.18,0.06,0.02,0.01,0.09,108415,999,5,0.33,0.12,0.07,-0.06,48,75,65,0,3.12,-0.01,0.0046,0.0095,13.62,13.22,12.46
1061.125,after,94.103,52.1379286,21.1608832,89.33,52.137929,21.1608842,29,0.51,0.372,255,-0.1675,0.6701,-0.0062,0.7118,3.086,2.548,-1.08,-7.2,323.24,0.09,0.02,0.02,0.09,108415,999,5,0.33,0.12,0.07,0.11,48,-17,-180,0,3.14,0.0,0.0097,0.0217,12.37,11.66,9.39
1061.225,after,94.203,52.1379286,21.1608833,89.34,52.1379286,21.1608842,29,0.51,0.191,255,0.0,1.0053,-0.0228,1.3411,3.074,2.555,-1.25,-0.49,323.23,0.09,0.02,0.0,0.07,108415,999,5,0.33,0.14,0.07,0.11,48,31,-553,0,3.14,-0.01,0.0069,0.0146,12.66,12.24,6.91
1061.325,after,94.303,52.1379285,21.1608833,89.35,52.1379286,21.1608842,29,0.51,0.191,255,0.0,0.6704,0.103,0.9026,3.068,2.567,-1.0,5.75,323.03,0.08,0.01,0.04,0.08,108415,999,5,0.33,0.14,0.07,0.08,48,-165,515,0,3.17,0.0,0.0139,0.0307,13.75,12.83,7.86
1061.425,after,94.403,52.1379283,21.1608834,89.36,52.1379286,21.1608842,29,0.51,0.191,255,0.0,0.5028,0.025,0.5555,3.105,2.574,-0.68,9.74,322.73,0.08,0.01,0.0,0.04,108415,999,5,0.33,0.14,0.07,0.08,48,-117,519,0,3.16,0.04,0.0092,0.0194,15.19,14.47,10.12
1061.525,after,94.503,52.1379281,21.1608836,89.36,52.1379285,21.1608843,29,0.51,0.062,255,0.0,0.3353,0.0121,0.2232,3.146,2.579,-0.66,11.82,322.38,0.07,0.02,0.0,0.04,108415,999,5,0.33,0.12,-0.2,0.02,48,-30,221,0,3.16,0.04,0.019,0.0305,17.19,14.58,10.96
1061.625,after,94.603,52.1379278,21.160884,89.37,52.1379283,21.1608849,29,0.51,0.471,255,0.0,0.0,0.0402,0.088,3.146,2.584,-0.51,12.45,322.0,0.07,0.02,0.04,0.02,108415,999,5,0.33,0.1,-0.2,0.02,48,124,-27,0,3.17,0.03,0.0132,0.0256,16.11,15.11,10.81
1061.725,after,94.703,52.1379273,21.1608847,89.37,52.1379283,21.1608849,29,0.51,0.471,255,0.0,-0.1675,-0.0159,-0.0652,3.142,2.586,-0.55,12.38,321.65,0.02,0.02,0.0,0.01,108415,999,5,0.33,0.1,0.0,-0.08,48,-31,-21,0,3.16,0.03,0.0112,0.0206,15.22,15.05,9.13
1061.825,after,94.803,52.1379267,21.1608856,89.37,52.1379272,21.1608862,29,0.51,0.995,255,0.0,-0.5028,0.0192,-0.1957,3.13,2.586,-0.62,11.54,321.26,0.02,0.02,0.01,0.02,108415,999,5,0.33,0.12,0.0,-0.08,48,0,20,0,3.16,0.03,0.0068,0.0128,14.42,13.86,10.69
1061.925,after,94.903,52.1379259,21.1608867,89.37,52.1379272,21.1608862,29,0.51,0.995,255,0.0,-0.8375,-0.0169,-0.2266,3.118,2.584,-0.68,10.35,320.9,0.05,0.01,0.01,0.03,108415,999,5,0.33,0.12,0.14,0.05,48,144,25,0,3.15,0.04,0.0044,0.0064,13.19,13.49,8.99
1062.025,after,95.003,52.1379249,21.1608879,89.37,52.1379255,21.1608882,29,0.51,1.341,255,0.0,-0.5028,0.0409,-0.2835,3.084,2.581,-0.75,8.79,320.57,0.05,0.01,0.0,0.02,108415,999,5,0.33,0.1,0.14,0.05,48,174,171,0,3.15,0.02,0.0037,0.0039,13.7,13.85,11.38
1062.125,after,95.103,52.1379239,21.1608893,89.36,52.1379255,21.1608882,29,0.51,1.341,255,0.1675,-0.6701,0.053,-0.2962,3.072,2.572,-0.39,7.08,320.24,0.05,0.01,0.0,0.03,108415,999,5,0.33,0.1,-0.03,-0.09,48,-104,87,0,3.13,0.0,0.0067,0.0116,16.3,17.2,12.03
1062.225,after,95.203,52.1379227,21.1608908,89.35,52.1379235,21.1608909,29,0.51,1.487,255,0.0,-0.6702,0.0104,-0.3616,3.022,2.561,-0.38,5.19,320.01,0.05,0.01,0.02,0.03,108415,999,5,0.33,0.1,-0.03,-0.09,48,158,-503,0,3.11,0.0,0.0055,0.0146,16.95,18.47,10.84
1062.325,after,95.303,52.1379216,21.1608924,89.33,52.1379235,21.1608909,29,0.51,1.487,255,0.0,-0.5027,0.006,-0.2421,2.996,2.549,-0.2,3.55,319.87,0.06,0.01,0.03,0.03,108415,999,5,0.33,0.1,-0.06,0.06,48,-58,-515,0,3.1,-0.01,0.0077,0.0155,15.04,18.24,11.52
1062.425,after,95.403,52.1379204,21.1608941,89.32,52.1379235,21.1608909,29,0.51,1.487,255,0.0,-0.6705,-0.063,-0.1423,2.996,2.54,-0.48,2.45,319.96,0.06,0.01,0.01,0.04,108415,999,5,0.33,0.1,-0.06,0.06,48,172,286,0,3.09,0.01,0.005,0.0103,16.61,16.69,10.31
1062.525,after,95.503,52.1379191,21.1608957,89.32,52.137921,21.1608939,29,0.51,1.844,255,0.0,-0.5027,-0.0075,-0.1792,2.992,2.534,-0.66,1.52,320.16,0.04,0.02,0.0,0.03,108415,999,5,0.33,0.11,0.1,-0.01,48,42,210,0,3.09,0.0,0.0058,0.0086,17.85,17.09,13.57
1062.625,after,95.603,52.1379179,21.1608974,89.31,52.1379183,21.1608972,29,0.51,1.916,255,0.0,-0.6704,-0.0843,-0.2686,2.968,2.529,-0.97,0.33,320.46,0.04,0.02,0.0,0.05,108415,999,5,0.33,0.11,0.1,-0.01,48,9,99,0,3.08,0.01,0.005,0.0095,16.64,18.47,14.64
1062.725,after,95.703,52.1379166,21.1608991,89.31,52.1379183,21.1608972,29,0.51,1.916,255,0.0,-1.6754,0.0063,-0.4551,2.988,2.526,-1.18,-2.06,320.82,0.04,0.0,0.0,0.04,108415,999,5,0.33,0.11,0.12,-0.02,48,-103,-504,0,3.08,0.01,0.0122,0.0174,16.37,21.24,13.06
1062.825,after,95.803,52.1379153,21.1609008,89.31,52.1379156,21.1609005,29,0.51,1.797,255,0.0,-0.6702,0.0021,-0.385,2.954,2.522,-1.16,-4.51,321.21,0.04,0.0,0.02,0.04,108415,999,5,0.33,0.11,0.12,-0.02,48,150,-433,0,3.07,0.0,0.0091,0.0176,19.17,21.84,10.3
1062.925,after,95.903,52.1379141,21.1609024,89.3,52.1379156,21.1609005,29,0.51,1.797,255,0.0,-0.5027,-0.0492,-0.3008,2.938,2.518,-1.49,-6.17,321.67,0.03,0.0,0.01,0.04,108415,999,5,0.33,0.11,0.05,0.03,48,-119,-454,0,3.06,0.01,0.0109,0.0199,19.5,18.7,8.76
1063.025,after,96.003,52.1379129,21.1609038,89.3,52.1379132,21.1609035,29,0.51,1.504,255,0.0,-0.5027,0.0196,-0.3406,2.972,2.517,-1.45,-8.02,322.03,0.03,0.0,0.0,0.06,108415,999,5,0.33,0.11,0.05,0.03,48,-21,205,0,3.06,0.04,0.0076,0.0154,17.91,17.88,9.44
1063.125,after,96.103,52.1379119,21.1609051,89.3,52.1379132,21.1609035,29,0.51,1.504,255,0.0,-0.8378,-0.011,-0.5896,2.982,2.516,-1.59,-10.88,322.35,0.05,0.0,0.01,0.06,108415,999,5,0.33,0.11,-0.11,0.07,48,22,311,0,3.06,0.04,0.0071,0.0091,15.96,18.47,11.22
1063.225,after,96.203,52.137911,21.1609062,89.3,52.1379112,21.1609059,29,0.51,1.272,255,0.0,-0.5028,-0.0242,-0.2622,3.016,2.516,-1.65,-13.19,322.52,0.05,0.0,0.01,0.07,108415,999,5,0.34,0.11,-0.11,0.07,48,0,187,0,3.05,0.02,0.0055,0.0103,13.53,15.8,9.82
1063.325,after,96.303,52.1379103,21.160907,89.3,52.1379112,21.1609059,29,0.51,1.272,255,0.0,-0.3351,0.0891,-0.0101,3.026,2.519,-1.49,-13.87,322.53,0.03,0.0,0.0,0.07,108415,999,5,0.34,0.11,0.02,0.07,48,-36,-12,0,3.06,0.02,0.0082,0.0123,12.98,19.74,11.41
1063.425,after,96.403,52.1379097,21.1609076,89.31,52.1379112,21.1609059,29,0.51,1.272,255,0.0,-0.1676,0.0503,0.0807,3.016,2.52,-1.1,-13.52,322.39,0.03,0.0,0.01,0.06,108415,999,5,0.34,0.11,0.02,0.07,48,-93,-199,0,3.05,0.01,0.0059,0.0123,13.57,20.55,12.42
1063.525,after,96.503,52.1379092,21.1609081,89.3,52.1379097,21.1609077,29,0.51,0.814,255,0.1676,0.0,0.0593,0.1915,3.008,2.52,-0.74,-12.61,322.27,0.05,0.01,0.0,0.09,108415,999,5,0.34,0.1,-0.05,-0.11,48,-58,-20,0,3.05,0.01,0.0084,0.0173,13.59,15.84,13.28
1063.625,after,96.603,52.1379089,21.1609085,89.3,52.1379089,21.1609088,29,0.51,0.416,255,0.0,0.1676,0.0496,0.2643,3.004,2.517,-0.25,-11.25,322.1,0.05,0.01,0.02,0.08,108415,999,5,0.34,0.11,-0.05,-0.11,48,-86,-18,0,3.04,0.0,0.0066,0.0192,14.7,14.1,12.7
1063.725,after,96.703,52.1379088,21.1609086,89.3,52.1379089,21.1609088,29,0.51,0.416,255,-0.1676,0.0,-0.0258,0.2095,2.992,2.515,-0.4,-9.99,321.85,0.05,0.0,0.03,0.09,108415,999,5,0.34,0.11,-0.05,0.11,48,161,32,0,3.04,0.0,0.0096,0.0175,11.22,17.88,11.23
1063.825,after,96.803,52.1379088,21.1609086,89.3,52.1379084,21.1609092,29,0.51,0.201,255,0.1676,0.1676,0.2109,0.2472,2.986,2.516,0.34,-8.64,321.51,0.05,0.0,0.01,0.07,108415,999,5,0.34,0.11,-0.05,0.11,48,-67,-17,0,3.05,0.0,0.0063,0.0107,9.92,16.63,10.13
1063.925,after,96.903,52.1379088,21.1609086,89.3,52.1379084,21.1609092,29,0.51,0.201,255,0.1676,0.3351,0.3564,0.2935,3.008,2.519,2.11,-7.0,321.42,0.02,0.0,0.0,0.09,108415,999,5,0.34,0.11,0.06,-0.01,48,-126,-90,0,3.05,0.0,0.003,0.0078,12.53,16.61,11.53
1064.025,after,97.003,52.1379089,21.1609086,89.31,52.1379085,21.1609093,29,0.51,0.199,255,0.3353,0.1677,0.4322,0.2331,3.01,2.524,4.42,-5.66,321.55,0.02,0.0,0.02,0.04,108415,999,5,0.34,0.11,0.06,-0.01,48,-54,-92,0,3.06,0.0,0.0014,0.0036,18.56,18.44,10.87
1064.125,after,97.103,52.1379092,21.1609085,89.31,52.1379085,21.1609093,29,0.51,0.199,255,0.1676,0.3351,0.3581,0.2253,3.026,2.528,6.58,-4.35,321.89,0.03,0.0,0.01,0.05,108415,999,5,0.34,0.11,-0.09,0.03,48,-8,-145,0,3.06,-0.01,0.007,0.0099,16.06,16.42,11.7
1064.225,after,97.203,52.1379096,21.1609086,89.32,52.1379091,21.1609093,29,0.51,0.382,255,0.0,0.1676,0.112,0.1716,3.026,2.532,7.71,-3.18,322.27,0.03,0.0,0.01,0.05,108415,999,5,0.34,0.12,-0.09,0.03,48,350,192,0,3.07,-0.01,0.0042,0.0054,15.86,15.24,11.97
1064.325,after,97.303,52.1379101,21.1609088,89.32,52.1379091,21.1609093,29,0.51,0.382,255,-0.1676,0.1676,0.0623,0.1358,3.023,2.539,8.11,-2.43,322.48,0.01,0.01,0.04,0.08,108415,999,5,0.34,0.12,-0.02,-0.01,48,-118,89,0,3.09,0.01,0.0049,0.0126,15.3,14.51,9.56
1064.425,after,97.403,52.1379107,21.1609092,89.33,52.1379091,21.1609093,29,0.51,0.382,255,0.0,0.1676,-0.0402,0.1713,3.042,2.545,8.2,-1.56,322.52,0.01,0.01,0.0,0.08,108415,999,5,0.34,0.12,-0.02,-0.01,48,130,-101,0,3.09,0.01,0.0027,0.0068,13.8,12.37,9.95
1064.525,after,97.503,52.1379113,21.1609097,89.34,52.13791,21.1609097,29,0.51,0.584,255,-0.1676,0.1676,-0.182,0.1181,3.036,2.556,7.4,-0.74,322.54,0.02,0.0,0.04,0.1,108415,999,5,0.34,0.11,0.06,-0.01,48,101,59,0,3.11,0.03,0.0047,0.0163,11.63,13.0,9.52
1064.625,after,97.603,52.137912,21.1609104,89.35,52.1379111,21.1609109,29,0.51,0.834,255,-0.5027,0.1676,-0.1627,0.031,3.032,2.568,6.39,-0.35,322.52,0.02,0.0,0.04,0.07,108415,999,5,0.34,0.11,0.06,-0.01,48,-75,113,0,3.13,0.03,0.0049,0.0212,13.93,13.68,10.12
1064.725,after,97.703,52.1379127,21.1609114,89.37,52.1379111,21.1609109,29,0.51,0.834,255,-0.5027,0.1676,-0.0025,0.1194,3.022,2.582,6.08,0.26,322.5,0.04,0.0,0.04,0.08,108415,999,5,0.34,0.11,0.06,-0.11,48,-118,-5,0,3.14,0.04,0.0118,0.0253,18.74,18.81,11.01
1064.825,after,97.803,52.1379134,21.1609124,89.38,52.1379124,21.1609126,29,0.51,1.078,255,-0.1676,0.0,-0.0324,0.041,3.034,2.595,6.09,0.63,322.5,0.04,0.0,0.04,0.06,108415,999,5,0.33,0.1,0.06,-0.11,48,-207,-5,0,3.15,0.06,0.0089,0.025,20.53,20.52,13.91
1064.925,after,97.903,52.1379142,21.1609137,89.39,52.1379124,21.1609126,29,0.51,1.078,255,-0.3351,0.0,-0.0528,0.0031,3.056,2.603,5.7,0.71,322.4,0.03,0.0,0.02,0.05,108415,999,5,0.33,0.1,0.0,-0.04,48,85,-93,0,3.15,0.06,0.0081,0.0181,17.24,16.67,12.06
1065.025,after,98.003,52.137915,21.160915,89.39,52.1379139,21.1609148,29,0.51,1.143,255,-0.5027,0.1676,-0.1824,0.0102,3.054,2.61,4.93,0.74,322.21,0.03,0.0,0.03,0.05,108415,999,5,0.33,0.1,0.0,-0.04,48,155,-58,0,3.16,0.03,0.0056,0.0167,17.88,19.47,13.11
1065.125,after,98.103,52.1379157,21.1609164,89.4,52.1379139,21.1609148,29,0.51,1.143,255,-1.1728,0.0,-0.2594,-0.0146,3.044,2.617,3.53,0.78,321.96,0.02,0.0,0.04,0.06,108415,999,5,0.33,0.1,0.05,0.02,48,128,-62,0,3.16,0.04,0.0057,0.0185,17.48,16.32,12.25
1065.225,after,98.203,52.1379165,21.1609179,89.41,52.1379154,21.1609175,29,0.51,1.298,255,-1.0052,-0.1675,-0.2364,-0.0373,3.014,2.623,2.09,0.46,321.56,0.02,0.0,0.03,0.03,108415,999,5,0.33,0.09,0.05,0.02,48,338,49,0,3.17,0.05,0.0045,0.0172,21.08,19.44,11.36
1065.325,after,98.303,52.1379172,21.1609195,89.41,52.1379154,21.1609175,29,0.51,1.298,255,-0.5027,-0.1676,-0.2274,-0.0216,3.018,2.629,0.69,0.27,320.99,0.02,0.0,0.05,0.02,108415,999,5,0.33,0.09,0.05,-0.03,48,170,44,0,3.17,0.07,0.0068,0.0205,22.23,20.94,13.57
1065.425,after,98.403,52.1379179,21.1609211,89.42,52.1379154,21.1609175,29,0.51,1.298,255,-0.5028,0.0,-0.1819,-0.0912,3.046,2.637,-0.47,-0.03,320.31,0.02,0.0,0.06,0.03,108415,999,5,0.33,0.09,0.05,-0.03,48,123,48,0,3.18,0.08,0.0058,0.0254,19.77,18.91,11.18
1065.525,after,98.503,52.1379186,21.1609226,89.43,52.137917,21.1609205,29,0.51,1.368,255,-0.5027,0.0,-0.0492,-0.0618,3.02,2.643,-1.03,-0.53,319.63,0.03,0.01,0.03,0.06,108415,999,5,0.33,0.09,-0.05,-0.03,48,86,135,0,3.18,0.08,0.0024,0.0146,19.06,18.32,9.41
1065.625,after,98.603,52.1379192,21.1609241,89.43,52.1379184,21.1609237,29,0.51,1.288,255,-1.0053,-0.3351,-0.2833,-0.0619,2.988,2.647,-1.99,-1.0,319.05,0.03,0.01,0.04,0.02,108415,999,5,0.33,0.1,-0.05,-0.03,48,-32,104,0,3.18,0.08,0.0024,0.0169,21.57,21.75,13.24
1065.725,after,98.703,52.1379198,21.1609256,89.43,52.1379184,21.1609237,29,0.51,1.288,255,-0.5027,-0.1676,-0.4759,-0.0668,2.982,2.645,-4.27,-1.37,318.68,0.05,0.0,0.0,0.02,108415,999,5,0.33,0.1,0.06,-0.02,48,232,-58,0,3.16,0.08,0.0041,0.0051,21.28,21.65,14.33
1065.825,after,98.803,52.1379203,21.160927,89.43,52.1379194,21.1609265,29,0.51,0.95,255,-0.6702,-0.1676,-0.5937,-0.0564,2.982,2.642,-7.72,-1.71,318.67,0.05,0.0,0.03,0.05,108415,999,5,0.33,0.09,0.06,-0.02,48,272,-42,0,3.16,0.1,0.0023,0.0049,18.11,21.37,15.06
1065.925,after,98.903,52.1379206,21.1609281,89.43,52.1379194,21.1609265,29,0.51,0.95,255,-0.8378,-0.1676,-0.1983,-0.0505,2.996,2.643,-9.83,-2.07,318.81,0.07,0.0,0.04,0.01,108415,999,5,0.33,0.09,0.17,0.09,48,137,-33,0,3.17,0.1,0.0137,0.0202,20.08,21.74,12.04
1066.025,after,99.003,52.1379209,21.1609291,89.43,52.13792,21.1609288,29,0.51,0.745,255,-0.1676,-0.3352,0.0234,-0.017,2.992,2.646,-10.04,-2.16,319.01,0.07,0.0,0.05,0.03,108415,999,5,0.33,0.09,0.17,0.09,48,-337,-90,0,3.17,0.14,0.0097,0.0192,20.32,18.41,12.96
1066.125,after,99.103,52.137921,21.1609299,89.43,52.13792,21.1609288,29,0.51,0.745,255,0.0,0.0,0.0876,-0.0012,2.982,2.65,-9.68,-2.18,319.3,0.04,0.0,0.02,0.01,108415,999,5,0.33,0.09,0.11,0.01,48,-27,-90,0,3.16,0.13,0.0136,0.0209,22.21,19.79,14.03
1066.225,after,99.203,52.1379211,21.1609304,89.44,52.1379203,21.1609304,29,0.51,0.433,255,0.1675,-0.1675,0.2595,-0.0138,2.964,2.654,-8.51,-2.3,319.6,0.04,0.0,0.03,0.02,108415,999,5,0.33,0.07,0.11,0.01,48,-39,-67,0,3.15,0.13,0.0091,0.0164,19.95,20.58,13.78
1066.325,after,99.303,52.1379211,21.1609308,89.44,52.1379203,21.1609304,29,0.51,0.433,255,0.1675,0.0,0.1523,-0.0065,2.958,2.657,-7.48,-2.24,319.86,0.04,0.0,0.01,0.03,108415,999,5,0.33,0.07,0.12,0.01,48,-87,44,0,3.13,0.12,0.0138,0.0207,17.76,23.95,14.57
1066.425,after,99.403,52.1379209,21.160931,89.45,52.1379203,21.1609304,29,0.51,0.433,255,0.335,0.0,0.2131,-0.0256,2.942,2.66,-6.44,-2.3,320.11,0.04,0.0,0.01,0.03,108415,999,5,0.33,0.07,0.12,0.01,48,27,53,0,3.12,0.11,0.0088,0.0151,17.14,18.35,11.02
1066.525,after,99.503,52.1379208,21.1609311,89.45,52.1379203,21.1609312,29,0.51,0.179,255,0.1676,0.0,0.1631,0.0227,2.948,2.663,-5.26,-2.29,320.34,0.02,0.0,0.0,0.02,108415,999,5,0.33,0.08,0.04,0.01,48,-50,42,0,3.12,0.1,0.0096,0.0169,16.03,18.25,10.68
1066.625,after,99.603,52.1379206,21.160931,89.45,52.1379202,21.1609314,29,0.51,0.111,255,0.1676,0.0,0.1527,0.0059,2.934,2.665,-4.5,-2.17,320.71,0.02,0.0,0.01,0.03,108415,999,5,0.33,0.12,0.04,0.01,48,175,-151,0,3.12,0.1,0.0058,0.0119,20.76,20.04,10.24
1066.725,after,99.703,52.1379205,21.1609308,89.45,52.1379202,21.1609314,29,0.51,0.111,255,0.5027,0.0,0.1723,0.0146,2.936,2.666,-3.52,-1.94,321.14,0.04,0.0,0.0,0.03,108415,999,5,0.33,0.12,-0.08,0.04,48,110,8,0,3.11,0.09,0.0077,0.0156,17.77,17.64,11.01
1066.825,after,99.803,52.1379203,21.1609306,89.45,52.1379199,21.1609312,29,0.51,0.294,255,0.1676,0.0,0.0424,0.0461,2.918,2.669,-2.78,-1.8,321.66,0.04,0.0,0.04,0.05,108415,999,5,0.33,0.11,-0.08,0.04,48,-88,-134,0,3.12,0.1,0.0055,0.0074,16.76,17.0,10.03
1066.925,after,99.903,52.13792,21.1609303,89.46,52.1379199,21.1609312,29,0.51,0.294,255,0.0,0.0,0.0475,0.0315,2.904,2.674,-2.67,-1.6,322.24,0.02,0.0,0.0,0.04,108415,999,5,0.33,0.11,0.04,0.03,48,71,-2,0,3.11,0.1,0.0053,0.0093,18.58,17.18,12.24
1067.025,after,100.003,52.1379198,21.1609301,89.46,52.1379195,21.1609307,29,0.51,0.32,255,0.335,0.0,0.2804,-0.0033,2.91,2.678,-1.72,-1.62,322.78,0.02,0.0,0.0,0.03,108415,999,5,0.33,0.1,0.04,0.03,48,-32,32,0,3.11,0.12,0.0036,0.0073,17.06,16.01,10.68
1067.125,after,100.103,52.1379195,21.1609297,89.47,52.1379195,21.1609307,29,0.51,0.32,255,0.8376,0.0,0.2986,-0.0133,2.908,2.682,0.05,-1.56,323.33,0.02,0.0,0.0,0.04,108415,999,5,0.33,0.1,-0.04,0.02,48,-91,14,0,3.11,0.12,0.0067,0.01,17.2,22.2,10.73
1067.225,after,100.203,52.1379193,21.1609294,89.47,52.1379191,21.16093,29,0.51,0.347,255,0.5027,-0.1676,0.2443,-0.0129,2.895,2.685,1.6,-1.68,323.8,0.02,0.0,0.0,0.05,108415,999,5,0.33,0.1,-0.04,0.02,48,-224,-103,0,3.1,0.11,0.0051,0.0107,18.65,18.04,10.26
1067.325,after,100.303,52.1379191,21.1609291,89.47,52.1379191,21.16093,29,0.51,0.347,255,0.1675,0.0,0.1543,0.0521,2.88,2.684,2.62,-1.57,324.23,0.02,0.0,0.01,0.04,108415,999,5,0.33,0.1,0.03,0.0,48,49,14,0,3.09,0.09,0.0042,0.0182,13.26,14.89,8.93
1067.425,after,100.403,52.1379189,21.1609289,89.47,52.1379191,21.16093,29,0.51,0.347,255,0.1675,0.0,0.1875,-0.0009,2.896,2.683,3.58,-1.32,324.52,0.02,0.0,0.0,0.04,108415,999,5,0.33,0.1,0.03,0.0,48,-84,-34,0,3.08,0.11,0.0036,0.0165,11.85,14.66,7.93
1067.525,after,100.503,52.1379188,21.1609288,89.47,52.1379187,21.1609296,29,0.51,0.225,255,0.1676,-0.1676,0.0899,0.0143,2.88,2.682,4.37,-1.27,324.45,0.01,0.01,0.01,0.05,108415,999,5,0.33,0.11,0.0,-0.02,48,127,17,0,3.07,0.11,0.0052,0.0206,12.92,12.49,7.92
1067.625,after,100.603,52.1379187,21.1609288,89.47,52.1379185,21.1609294,29,0.51,0.11,255,0.1675,0.0,0.0489,-0.0188,2.878,2.682,4.64,-1.33,324.03,0.01,0.01,0.0,0.02,108415,999,5,0.33,0.13,0.0,-0.02,48,64,25,0,3.07,0.11,0.0044,0.0177,15.32,13.61,10.38
1067.725,after,100.703,52.1379187,21.160929,89.47,52.1379185,21.1609294,29,0.51,0.11,255,0.0,-0.1676,0.0288,-0.0121,2.882,2.683,4.88,-1.39,323.29,0.02,0.01,0.01,0.02,108415,999,5,0.33,0.13,-0.04,0.01,48,97,-106,0,3.07,0.11,0.0071,0.0204,14.47,13.94,9.48
1067.825,after,100.803,52.1379187,21.1609292,89.47,52.1379184,21.1609295,29,0.51,0.106,255,0.0,0.0,-0.0266,-0.0523,2.886,2.685,4.85,-1.45,322.52,0.02,0.01,0.01,0.04,108415,999,5,0.33,0.1,-0.04,0.01,48,0,37,0,3.07,0.11,0.0057,0.0194,15.73,14.42,11.29
1067.925,after,100.903,52.1379188,21.1609295,89.47,52.1379184,21.1609295,29,0.51,0.106,255,0.0,-0.1675,-0.0189,0.0137,2.89,2.688,4.88,-1.42,321.83,0.02,0.0,0.01,0.03,108415,999,5,0.33,0.1,-0.04,0.04,48,24,-119,0,3.07,0.1,0.008,0.0197,15.05,14.31,11.02
1068.025,after,101.003,52.1379189,21.1609298,89.48,52.1379186,21.1609301,29,0.51,0.316,255,0.0,0.0,-0.0631,0.0132,2.902,2.695,4.6,-1.37,321.41,0.02,0.0,0.02,0.05,108415,999,5,0.33,0.1,-0.04,0.04,48,-55,-141,0,3.08,0.11,0.0055,0.0106,16.98,19.35,11.12
1068.125,after,101.103,52.1379189,21.1609303,89.49,52.1379186,21.1609301,29,0.51,0.316,255,-0.1675,0.0,-0.0175,-0.019,2.902,2.701,4.38,-1.45,321.19,0.03,0.01,0.04,0.05,108415,999,5,0.33,0.1,0.0,-0.01,48,-15,41,0,3.08,0.1,0.0047,0.0148,16.11,17.45,10.71
1068.225,after,101.203,52.1379191,21.1609309,89.5,52.1379189,21.1609311,29,0.51,0.443,255,-0.3351,0.0,-0.1184,0.0058,2.912,2.71,3.94,-1.4,321.21,0.03,0.01,0.05,0.05,108415,999,5,0.33,0.09,0.0,-0.01,48,14,-146,0,3.1,0.11,0.0037,0.0064,16.99,15.27,10.25
1068.325,after,101.303,52.1379194,21.1609315,89.5,52.1379189,21.1609311,29,0.51,0.443,255,-0.3351,0.0,-0.0555,0.0112,2.918,2.717,3.4,-1.53,321.33,0.03,0.01,0.01,0.03,108415,999,5,0.33,0.09,-0.01,-0.01,48,93,68,0,3.09,0.1,0.0053,0.0123,15.41,16.72,10.75
1068.425,after,101.403,52.1379197,21.1609323,89.51,52.1379189,21.1609311,29,0.51,0.443,255,-0.1676,0.0,-0.1319,0.0061,2.934,2.721,2.8,-1.43,321.63,0.03,0.01,0.02,0.05,108415,999,5,0.33,0.09,-0.01,-0.01,48,-60,2,0,3.09,0.09,0.0044,0.0148,17.86,17.29,10.9
1068.525,after,101.503,52.1379199,21.160933,89.51,52.1379192,21.1609324,29,0.51,0.553,255,-0.3351,0.0,-0.183,-0.0277,2.938,2.724,1.92,-1.46,322.09,0.02,0.0,0.02,0.03,108415,999,5,0.33,0.09,0.06,0.0,48,163,20,0,3.09,0.08,0.0033,0.0141,17.05,18.05,12.05
1068.625,after,101.603,52.1379202,21.1609338,89.51,52.1379196,21.160934,29,0.51,0.587,255,-0.8379,0.0,-0.4123,0.0354,2.936,2.728,0.2,-1.46,322.54,0.02,0.0,0.02,0.05,108415,999,5,0.33,0.09,0.06,0.0,48,218,69,0,3.1,0.08,0.0021,0.007,17.26,15.02,10.26
1068.725,after,101.703,52.1379205,21.1609346,89.52,52.1379196,21.160934,29,0.51,0.587,255,-1.0054,0.0,-0.3719,-0.0014,2.97,2.732,-2.35,-1.38,323.01,0.03,0.0,0.0,0.02,108415,999,5,0.33,0.09,0.04,0.0,48,168,-10,0,3.1,0.07,0.0043,0.0107,17.44,15.8,10.36
1068.825,after,101.803,52.1379207,21.1609354,89.52,52.1379201,21.1609354,29,0.51,0.561,255,-0.3352,0.0,-0.1455,-0.0087,2.976,2.734,-3.67,-1.38,323.39,0.03,0.0,0.01,0.04,108415,999,5,0.33,0.09,0.04,0.0,48,178,16,0,3.1,0.04,0.0034,0.0124,15.29,16.77,10.76
1068.925,after,101.903,52.137921,21.160936,89.52,52.1379201,21.1609354,29,0.51,0.561,255,-0.335,0.0,-0.1106,0.0348,2.972,2.734,-4.37,-1.27,323.75,0.01,0.0,0.02,0.05,108415,999,5,0.33,0.09,0.01,0.01,48,141,14,0,3.09,0.03,0.004,0.0181,15.24,12.18,9.32
1069.025,after,102.003,52.1379212,21.1609366,89.52,52.1379206,21.1609367,29,0.51,0.496,255,-0.3351,0.0,0.0318,-0.0104,2.992,2.734,-4.56,-1.29,324.0,0.01,0.0,0.0,0.03,108415,999,5,0.33,0.09,0.01,0.01,48,247,19,0,3.09,0.04,0.0029,0.014,16.45,14.5,12.63
1069.125,after,102.103,52.1379213,21.1609372,89.51,52.1379206,21.1609367,29,0.51,0.496,255,-0.1676,-0.1676,-0.0059,-0.0364,2.986,2.73,-4.48,-1.32,324.18,0.02,0.0,0.05,0.02,108415,999,5,0.33,0.09,-0.02,-0.01,48,114,16,0,3.08,0.02,0.0056,0.0253,15.58,14.93,10.3
1069.225,after,102.203,52.1379215,21.1609376,89.51,52.1379209,21.1609377,29,0.51,0.274,255,-0.1676,0.0,0.0427,0.0118,2.984,2.725,-4.46,-1.49,324.32,0.02,0.0,0.01,0.04,108415,999,5,0.33,0.08,-0.02,-0.01,48,-30,-88,0,3.08,0.01,0.0044,0.0212,17.03,13.98,11.92
1069.325,after,102.303,52.1379215,21.1609379,89.51,52.1379209,21.1609377,29,0.51,0.274,255,0.0,0.0,0.1052,0.0295,2.988,2.721,-4.04,-1.41,324.25,0.04,0.0,0.03,0.03,108415,999,5,0.33,0.08,0.09,0.04,48,33,11,0,3.07,0.01,0.0062,0.0213,14.52,15.71,12.86
1069.425,after,102.403,52.1379216,21.1609381,89.5,52.1379209,21.1609377,29,0.51,0.274,255,0.0,0.0,0.0193,-0.0132,2.99,2.717,-3.78,-1.32,324.06,0.04,0.0,0.01,0.02,108415,999,5,0.33,0.08,0.09,0.04,48,25,-11,0,3.07,0.0,0.0043,0.0179,17.64,17.01,12.71
1069.525,after,102.503,52.1379216,21.1609383,89.5,52.137921,21.1609383,29,0.51,0.136,255,0.0,0.0,0.1525,0.0079,2.99,2.715,-3.16,-1.5,323.76,0.02,0.0,0.0,0.05,108415,999,5,0.33,0.07,0.03,0.04,48,-239,55,0,3.07,0.0,0.0072,0.0162,17.0,16.64,12.73
1069.625,after,102.603,52.1379215,21.1609383,89.5,52.137921,21.1609386,29,0.51,0.123,255,0.0,0.0,-0.0436,-0.0296,2.988,2.713,-3.08,-1.55,323.48,0.02,0.0,0.02,0.05,108415,999,5,0.33,0.1,0.03,0.04,48,32,21,0,3.07,0.0,0.0046,0.0145,16.5,16.63,12.29
1069.725,after,102.703,52.1379215,21.1609384,89.49,52.137921,21.1609386,29,0.51,0.123,255,0.0,0.0,0.118,0.0306,2.988,2.71,-2.94,-1.58,323.25,0.04,0.0,0.0,0.03,108415,999,5,0.33,0.1,0.0,0.0,48,-98,-113,0,3.07,0.0,0.0046,0.0151,16.42,16.83,10.55
1069.825,after,102.803,52.1379214,21.1609384,89.49,52.1379209,21.1609387,29,0.51,0.128,255,0.3351,0.0,0.1683,0.0267,2.98,2.708,-1.91,-1.5,322.93,0.04,0.0,0.01,0.05,108415,999,5,0.33,0.11,0.0,0.0,48,173,-4,0,3.06,0.0,0.0032,0.0133,17.87,17.55,10.18
1069.925,after,102.903,52.1379213,21.1609383,89.49,52.1379209,21.1609387,29,0.51,0.128,255,0.6703,0.0,0.5126,-0.0262,2.986,2.706,-0.07,-1.44,322.62,0.05,0.0,0.01,0.03,108415,999,5,0.33,0.11,0.11,0.07,48,146,-22,0,3.06,0.0,0.0095,0.018,18.03,19.44,11.09
1070.025,after,103.003,52.1379213,21.1609382,89.49,52.1379208,21.1609386,29,0.51,0.076,255,0.6703,0.0,0.7544,0.0097,3.006,2.704,4.22,-1.46,322.27,0.05,0.0,0.01,0.05,108415,999,5,0.33,0.11,0.11,0.07,48,-223,42,0,3.06,0.0,0.0059,0.0137,15.88,20.09,11.93
1070.125,after,103.103,52.1379213,21.1609383,89.49,52.1379208,21.1609386,29,0.51,0.076,255,0.3353,0.0,0.3446,0.0044,3.028,2.703,7.14,-1.42,321.92,0.03,0.0,0.0,0.06,108415,999,5,0.33,0.11,0.03,0.05,48,-140,24,0,3.07,-0.03,0.0075,0.0134,19.84,22.03,13.26
1070.225,after,103.203,52.1379213,21.1609384,89.49,52.1379209,21.1609386,29,0.51,0.082,255,0.1676,-0.1676,0.1804,-0.0337,3.04,2.704,8.28,-1.51,321.68,0.03,0.0,0.0,0.07,108415,999,5,0.33,0.07,0.03,0.05,48,-18,16,0,3.07,-0.01,0.0038,0.0072,18.09,17.9,11.48
1070.325,after,103.303,52.1379214,21.1609387,89.49,52.1379209,21.1609386,29,0.51,0.082,255,0.0,-0.1676,0.0364,0.0178,3.038,2.705,8.94,-1.47,321.65,0.02,0.01,0.0,0.08,108415,999,5,0.33,0.07,0.01,0.04,48,82,-3,0,3.07,-0.01,0.005,0.0082,18.49,19.66,10.73
1070.425,after,103.403,52.1379216,21.1609392,89.49,52.1379209,21.1609386,29,0.51,0.082,255,-0.1676,0.0,-0.1002,0.0162,3.062,2.706,8.57,-1.42,321.9,0.02,0.01,0.0,0.09,108415,999,5,0.33,0.07,0.01,0.04,48,3,-7,0,3.08,-0.01,0.0023,0.0042,15.36,20.02,13.27
1070.525,after,103.503,52.1379219,21.1609399,89.49,52.1379211,21.1609393,29,0.51,0.482,255,-0.3351,0.0,-0.1073,0.0269,3.054,2.707,8.01,-1.44,322.21,0.02,0.01,0.01,0.07,108415,999,5,0.33,0.09,-0.03,-0.01,48,73,23,0,3.08,-0.01,0.0047,0.0056,17.89,18.5,12.34
1070.625,after,103.603,52.1379223,21.1609407,89.49,52.1379219,21.1609407,29,0.51,0.77,255,-0.3351,0.0,-0.1865,-0.0026,3.046,2.706,7.0,-1.38,322.55,0.02,0.01,0.04,0.1,108415,999,5,0.33,0.1,-0.03,-0.01,48,-101,-9,0,3.07,-0.03,0.0041,0.0081,18.44,20.84,12.83
1070.725,after,103.703,52.1379228,21.1609417,89.49,52.1379219,21.1609407,29,0.51,0.77,255,-0.5027,0.0,-0.1362,0.0356,3.038,2.705,6.15,-1.29,322.81,0.04,0.01,0.0,0.07,108415,999,5,0.33,0.1,-0.08,-0.06,48,76,0,0,3.08,-0.02,0.0116,0.0155,16.89,18.75,10.52
1070.825,after,103.803,52.1379233,21.1609428,89.49,52.1379228,21.1609427,29,0.51,0.941,255,-0.3352,0.1676,-0.2197,0.0484,3.028,2.703,5.11,-1.02,323.12,0.04,0.01,0.03,0.05,108415,999,5,0.33,0.1,-0.08,-0.06,48,-89,-46,0,3.07,-0.03,0.0088,0.0144,18.33,20.91,12.71
1070.925,after,103.903,52.1379239,21.160944,89.49,52.1379228,21.1609427,29,0.51,0.941,255,-0.3351,0.0,-0.1415,-0.0081,3.022,2.704,4.06,-1.05,323.39,0.07,0.01,0.0,0.04,108415,999,5,0.33,0.1,0.08,-0.1,48,24,-14,0,3.08,-0.02,0.011,0.0151,17.23,16.92,11.51
1071.025,after,104.003,52.1379245,21.1609454,89.49,52.1379238,21.1609452,29,0.51,1.067,255,-0.3351,0.0,-0.1367,-0.0361,3.004,2.701,3.37,-1.22,323.62,0.07,0.01,0.05,0.04,108415,999,5,0.33,0.09,0.08,-0.1,48,-47,30,0,3.07,-0.02,0.0079,0.0143,16.63,20.62,13.98
1071.125,after,104.103,52.137925,21.1609468,89.49,52.1379238,21.1609452,29,0.51,1.067,255,-0.6703,0.0,-0.1506,-0.0118,3.018,2.702,2.45,-1.3,323.88,0.06,0.01,0.0,0.02,108415,999,5,0.33,0.09,0.1,-0.07,48,-308,27,0,3.08,0.0,0.0127,0.0168,16.14,20.42,12.01
1071.225,after,104.203,52.1379256,21.1609483,89.49,52.137925,21.1609479,29,0.51,1.1,255,-0.3352,0.0,-0.1194,-0.0084,3.022,2.702,1.83,-1.27,323.96,0.06,0.01,0.0,0.03,108415,999,5,0.33,0.09,0.1,-0.07,48,-191,-174,0,3.09,-0.01,0.0089,0.0141,18.57,19.63,14.49
1071.325,after,104.303,52.1379262,21.1609498,89.49,52.137925,21.1609479,29,0.51,1.1,255,-0.3352,-0.1676,-0.154,-0.0121,3.012,2.703,1.03,-1.36,324.06,0.05,0.01,0.04,0.04,108415,999,5,0.33,0.09,0.05,0.03,48,-325,-137,0,3.08,-0.01,0.0061,0.0082,17.02,19.38,14.43
1071.425,after,104.403,52.1379268,21.1609513,89.49,52.137925,21.1609479,29,0.51,1.1,255,-0.5027,0.0,-0.072,-0.0341,3.01,2.703,0.33,-1.57,324.13,0.05,0.01,0.0,0.02,108415,999,5,0.33,0.09,0.05,0.03,48,199,-109,0,3.09,0.0,0.0042,0.0083,20.37,20.24,14.74
1071.525,after,104.503,52.1379274,21.1609527,89.49,52.1379262,21.1609507,29,0.51,1.208,255,-0.3351,0.0,-0.0713,-0.0048,3.012,2.704,-0.08,-1.66,324.21,0.02,0.01,0.01,0.04,108415,999,5,0.33,0.09,0.01,-0.04,48,124,27,0,3.09,0.0,0.0049,0.0073,18.09,21.49,14.19
1071.625,after,104.603,52.137928,21.1609542,89.49,52.1379274,21.1609537,29,0.51,1.226,255,-0.5026,0.0,-0.0445,-0.041,3.022,2.706,-0.48,-1.75,324.18,0.02,0.01,0.0,0.04,108415,999,5,0.33,0.09,0.01,-0.04,48,141,-138,0,3.09,0.0,0.0036,0.0081,17.92,20.95,12.5
1071.725,after,104.703,52.1379285,21.1609557,89.49,52.1379274,21.1609537,29,0.51,1.226,255,-0.3352,0.0,-0.0129,-0.005,3.004,2.707,-0.55,-1.83,323.99,0.03,0.01,0.01,0.04,108415,999,5,0.33,0.09,0.04,-0.08,48,237,27,0,3.09,0.0,0.0075,0.0114,17.94,19.25,15.1
