t_log_s,phase,t_since_src2_s,ekf_lat,ekf_lon,ekf_alt,gps_lat,gps_lon,gps_nsats,gps_hdop,gps_spd,of_qual,of_flowX,of_flowY,of_bodyX,of_bodyY,rfnd_dist,ctun_alt,roll,pitch,yaw,xkf4_SV,xkf4_SP,xkf4_SH,xkf4_SM,xkf4_SS,rc7,mode,gpa_hacc,gpa_sacc,xkf3_IVN,xkf3_IVE,xkf4_TS,xkf5_FIX,xkf5_FIY,xkf5_AFI,xkf5_HAGL,xkf5_RI,xkf5_eVel,xkf5_ePos,vibe_x,vibe_y,vibe_z
120.358,before,-24.999,52.1380885,21.1609658,88.07,52.1380904,21.160971,30,0.48,1.477,255,0.0,0.3347,-0.0665,-0.0095,3.218,3.132,-0.04,-1.92,237.23,0.03,0.0,0.0,0.01,108415,999,3,0.38,0.06,0.0,-0.02,48,-117,-284,0,3.31,-0.01,0.0026,0.0117,17.49,18.45,12.22
120.458,before,-24.899,52.1380878,21.1609639,88.06,52.1380889,21.1609673,30,0.48,1.519,255,0.0,0.6698,-0.0475,-0.0034,3.245,3.13,-0.29,-1.92,237.14,0.04,0.0,0.01,0.01,108415,999,3,0.38,0.06,0.06,0.0,48,82,-108,0,3.3,0.0,0.0053,0.008,19.38,18.03,13.36
120.558,before,-24.799,52.1380871,21.160962,88.06,52.1380889,21.1609673,30,0.48,1.519,255,0.0,0.1673,-0.0128,0.0204,3.225,3.126,-0.38,-1.82,237.06,0.04,0.0,0.0,0.01,108415,999,3,0.38,0.06,0.06,0.0,48,49,-138,0,3.3,-0.01,0.0036,0.0064,19.12,16.3,11.93
120.658,before,-24.699,52.1380864,21.1609601,88.06,52.1380875,21.1609635,30,0.48,1.508,255,0.0,0.3349,0.0007,-0.0067,3.23,3.122,-0.34,-1.8,237.02,0.01,0.0,0.02,0.01,108415,999,3,0.38,0.06,0.0,0.01,48,3,-135,0,3.3,-0.02,0.0033,0.0056,18.45,19.16,12.51
120.758,before,-24.599,52.1380857,21.1609582,88.06,52.1380875,21.1609635,30,0.48,1.508,255,0.0,0.8367,-0.0214,-0.0122,3.228,3.121,-0.37,-1.81,236.96,0.01,0.0,0.0,0.0,108415,999,3,0.38,0.06,0.0,0.01,48,5,-139,0,3.3,0.0,0.0031,0.0088,18.75,18.87,11.88
120.858,before,-24.499,52.138085,21.1609563,88.05,52.1380862,21.1609597,30,0.48,1.522,255,0.0,0.3346,-0.0081,0.0021,3.254,3.12,-0.43,-1.8,236.86,0.01,0.0,0.0,0.01,108415,999,3,0.38,0.06,-0.02,0.03,48,29,32,0,3.3,0.0,0.0042,0.0093,18.62,21.77,11.74
120.958,before,-24.399,52.1380843,21.1609544,88.06,52.1380862,21.1609597,30,0.48,1.522,255,-0.1674,0.3349,-0.009,-0.0355,3.242,3.125,-0.35,-1.89,236.71,0.01,0.0,0.07,0.01,108415,999,3,0.38,0.06,-0.02,0.03,48,-32,211,0,3.32,0.0,0.006,0.0261,19.18,20.1,11.73
121.058,before,-24.299,52.1380836,21.1609526,88.06,52.1380849,21.1609559,30,0.48,1.482,255,-0.1674,0.6696,-0.0527,-0.0041,3.232,3.13,-0.52,-1.93,236.57,0.0,0.0,0.0,0.01,108415,999,3,0.38,0.07,-0.01,0.0,48,54,-115,0,3.33,0.0,0.0057,0.0221,17.6,19.6,12.46
121.158,before,-24.199,52.1380828,21.1609507,88.06,52.1380849,21.1609559,30,0.48,1.482,255,0.0,0.3348,-0.0013,0.0069,3.22,3.128,-0.58,-1.87,236.46,0.0,0.0,0.06,0.01,108415,999,3,0.38,0.07,-0.01,0.0,48,9,13,0,3.31,-0.01,0.0025,0.004,20.67,19.01,12.36
121.258,before,-24.099,52.1380821,21.1609488,88.06,52.1380835,21.1609522,30,0.48,1.456,255,0.0,0.3349,-0.0153,-0.0101,3.218,3.125,-0.6,-1.86,236.4,0.01,0.0,0.01,0.0,108415,999,3,0.38,0.07,-0.02,-0.02,48,21,-133,0,3.31,0.0,0.0033,0.0064,16.38,21.61,12.41
121.358,before,-23.999,52.1380814,21.160947,88.06,52.1380835,21.1609522,30,0.48,1.456,255,0.0,0.6695,0.0185,-0.0192,3.246,3.122,-0.5,-1.87,236.37,0.01,0.0,0.0,0.01,108415,999,3,0.38,0.07,-0.02,-0.02,48,-14,205,0,3.3,0.0,0.0027,0.0057,19.28,20.15,12.48
121.458,before,-23.899,52.1380807,21.1609451,88.05,52.138082,21.1609485,30,0.48,1.566,255,0.0,0.3348,-0.0041,-0.0072,3.242,3.118,-0.39,-1.89,236.36,0.05,0.0,0.02,0.0,108415,999,3,0.38,0.07,0.11,0.01,48,-24,-112,0,3.31,-0.01,0.0089,0.0124,17.7,19.32,13.26
121.558,before,-23.799,52.1380799,21.1609433,88.05,52.138082,21.1609485,30,0.48,1.566,255,0.0,0.3348,-0.0218,0.0412,3.228,3.116,-0.54,-1.75,236.32,0.05,0.0,0.0,0.0,108415,999,3,0.38,0.07,0.11,0.01,48,29,-125,0,3.3,-0.01,0.0063,0.01,20.34,17.21,13.57
121.658,before,-23.699,52.1380791,21.1609414,88.05,52.1380804,21.1609448,30,0.48,1.537,255,-0.1674,0.8368,-0.0214,0.0158,3.232,3.113,-0.65,-1.55,236.27,0.03,0.0,0.0,0.0,108415,999,3,0.38,0.07,0.02,0.01,48,16,-12,0,3.29,-0.01,0.0054,0.0062,18.73,20.33,12.61
121.758,before,-23.599,52.1380784,21.1609396,88.04,52.1380804,21.1609448,30,0.48,1.537,255,0.0,0.5022,0.0061,-0.0006,3.206,3.109,-0.63,-1.5,236.24,0.03,0.0,0.01,0.0,108415,999,3,0.38,0.07,0.02,0.01,48,-6,182,0,3.3,-0.01,0.0034,0.0063,19.48,21.57,12.76
121.858,before,-23.499,52.1380776,21.1609378,88.04,52.138079,21.1609411,30,0.48,1.452,255,0.0,0.3348,0.0414,-0.0252,3.194,3.107,-0.37,-1.53,236.25,0.02,0.0,0.01,0.0,108415,999,3,0.38,0.07,-0.05,-0.01,48,-223,196,0,3.3,0.0,0.0033,0.0085,18.02,19.82,12.54
121.958,before,-23.399,52.1380769,21.160936,88.04,52.138079,21.1609411,30,0.48,1.452,255,0.0,0.3348,0.0103,-0.0349,3.194,3.102,-0.24,-1.64,236.25,0.02,0.0,0.03,0.01,108415,999,3,0.38,0.07,-0.05,-0.01,48,-16,-114,0,3.28,0.0,0.0025,0.0032,20.98,17.86,12.8
122.058,before,-23.299,52.1380761,21.1609342,88.03,52.1380775,21.1609376,30,0.48,1.434,255,-0.1674,0.3348,-0.0022,-0.0243,3.196,3.098,-0.2,-1.72,236.26,0.03,0.0,0.01,0.01,108415,999,3,0.38,0.07,0.02,-0.06,48,-13,-118,0,3.28,0.0,0.006,0.0075,18.11,19.47,12.61
122.158,before,-23.199,52.1380754,21.1609325,88.03,52.1380775,21.1609376,30,0.48,1.434,255,0.0,0.6696,-0.005,-0.0265,3.162,3.097,-0.23,-1.77,236.22,0.03,0.0,0.02,0.01,108415,999,3,0.38,0.07,0.02,-0.06,48,3,-113,0,3.29,0.01,0.005,0.0114,18.65,23.09,12.38
122.258,before,-23.099,52.1380746,21.1609307,88.03,52.1380759,21.1609342,30,0.48,1.49,255,0.0,0.6696,0.0223,-0.0371,3.152,3.096,-0.15,-1.94,236.25,0.03,0.0,0.01,0.01,108415,999,3,0.39,0.07,0.07,-0.03,48,5,-89,0,3.28,0.01,0.0083,0.0129,20.69,21.68,13.55
122.358,before,-22.999,52.1380738,21.160929,88.03,52.1380759,21.1609342,30,0.48,1.49,255,0.0,0.3348,0.0147,-0.0195,3.162,3.099,-0.08,-2.06,236.3,0.03,0.0,0.03,0.01,108415,999,3,0.39,0.07,0.07,-0.03,48,-24,-84,0,3.29,0.05,0.0065,0.0175,20.37,22.38,12.61
122.458,before,-22.899,52.1380731,21.1609272,88.04,52.1380744,21.1609307,30,0.48,1.418,255,0.0,0.3348,0.0295,-0.0024,3.164,3.101,0.09,-2.11,236.35,0.02,0.0,0.02,0.01,108415,999,3,0.39,0.07,-0.05,0.0,48,-31,-100,0,3.28,0.04,0.0046,0.0114,17.4,19.12,12.99
122.558,before,-22.799,52.1380724,21.1609255,88.04,52.1380744,21.1609307,30,0.48,1.418,255,0.0,0.3347,0.0289,0.001,3.152,3.104,0.25,-2.04,236.38,0.02,0.0,0.0,0.0,108415,999,3,0.39,0.07,-0.05,0.0,48,-24,178,0,3.28,0.04,0.0038,0.0111,18.47,15.81,11.19
122.657,before,-22.7,52.1380716,21.1609237,88.04,52.138073,21.1609271,30,0.48,1.453,255,0.0,0.3347,-0.007,-0.0077,3.164,3.107,0.26,-2.04,236.43,0.03,0.0,0.03,0.0,108415,999,3,0.39,0.08,0.01,-0.02,48,-1,-122,0,3.28,0.04,0.0042,0.0107,17.81,17.16,11.0
122.758,before,-22.6,52.1380709,21.1609219,88.04,52.138073,21.1609271,30,0.48,1.453,255,0.0,0.8368,-0.0007,0.0081,3.18,3.109,0.25,-2.04,236.49,0.03,0.0,0.0,0.01,108415,999,3,0.39,0.08,0.01,-0.02,48,-8,-119,0,3.28,0.03,0.003,0.0089,17.14,18.2,11.79
122.858,before,-22.5,52.1380701,21.1609201,88.04,52.1380715,21.1609235,30,0.48,1.487,255,-0.1674,0.3348,0.0019,-0.0057,3.146,3.108,0.2,-1.99,236.57,0.02,0.0,0.01,0.01,108415,999,3,0.39,0.06,-0.02,0.05,48,13,-146,0,3.27,0.03,0.004,0.0053,19.17,17.81,12.08
122.958,before,-22.4,52.1380694,21.1609183,88.04,52.1380715,21.1609235,30,0.48,1.487,255,0.0,0.1674,0.0133,-0.0082,3.148,3.105,0.22,-2.1,236.64,0.02,0.0,0.03,0.01,108415,999,3,0.39,0.06,-0.02,0.05,48,4,-263,0,3.26,0.0,0.0032,0.0063,17.2,18.69,11.05
123.058,before,-22.3,52.1380687,21.1609165,88.04,52.1380701,21.16092,30,0.48,1.462,255,0.0,0.335,-0.0053,-0.0086,3.142,3.103,0.24,-2.11,236.67,0.07,0.0,0.0,0.01,108415,999,3,0.39,0.06,0.01,-0.06,48,-178,206,0,3.28,0.05,0.0062,0.0126,20.71,17.41,12.91
123.157,before,-22.2,52.138068,21.1609147,88.04,52.1380701,21.16092,30,0.48,1.462,255,0.0,0.1674,-0.0216,-0.008,3.152,3.104,0.12,-2.18,236.63,0.07,0.0,0.01,0.02,108415,999,3,0.39,0.06,0.01,-0.06,48,21,-120,0,3.27,0.04,0.004,0.0071,17.65,18.32,11.89
123.257,before,-22.1,52.1380672,21.1609129,88.04,52.1380686,21.1609163,30,0.48,1.512,255,0.0,0.3348,-0.0093,-0.0181,3.128,3.104,0.05,-2.28,236.54,0.04,0.0,0.01,0.02,108415,999,3,0.39,0.05,-0.04,0.09,48,37,-97,0,3.26,0.04,0.0084,0.0111,20.36,21.07,13.93
123.357,before,-22.0,52.1380665,21.160911,88.04,52.1380686,21.1609163,30,0.48,1.512,255,0.0,0.6696,-0.0248,-0.006,3.134,3.103,0.02,-2.34,236.43,0.04,0.0,0.03,0.0,108415,999,3,0.39,0.05,-0.04,0.09,48,-146,215,0,3.25,0.03,0.0057,0.0078,18.46,19.88,12.88
123.457,before,-21.9,52.1380658,21.1609091,88.04,52.1380672,21.1609125,30,0.48,1.509,255,-0.1673,0.3347,-0.0281,0.0129,3.13,3.102,-0.16,-2.27,236.31,0.02,0.0,0.0,0.01,108415,999,3,0.39,0.05,0.0,0.01,48,46,37,0,3.25,0.03,0.0057,0.0077,19.09,20.56,13.38
123.557,before,-21.8,52.1380651,21.1609072,88.04,52.1380672,21.1609125,30,0.48,1.509,255,0.0,0.5022,-0.0314,0.0091,3.14,3.102,-0.26,-2.22,236.18,0.02,0.0,0.0,0.01,108415,999,3,0.39,0.05,0.0,0.01,48,34,18,0,3.25,0.03,0.0039,0.0057,18.3,19.64,13.22
123.657,before,-21.7,52.1380643,21.1609053,88.04,52.1380657,21.1609089,30,0.48,1.502,255,0.0,0.6695,-0.0215,0.0177,3.142,3.103,-0.39,-2.08,236.08,0.01,0.0,0.0,0.0,108415,999,3,0.39,0.05,0.02,-0.01,48,30,6,0,3.25,0.02,0.0016,0.0025,20.6,18.88,13.84
123.758,before,-21.6,52.1380636,21.1609034,88.04,52.1380657,21.1609089,30,0.48,1.502,255,0.0,0.3348,-0.0005,0.011,3.12,3.105,-0.41,-1.95,236.03,0.01,0.0,0.01,0.0,108415,999,3,0.39,0.05,0.02,-0.01,48,-153,-179,0,3.25,0.02,0.0017,0.0055,20.21,19.98,13.16
123.858,before,-21.5,52.1380628,21.1609016,88.04,52.1380641,21.1609052,30,0.48,1.527,255,0.0,0.3348,0.0292,0.0231,3.134,3.104,-0.35,-1.85,236.03,0.01,0.0,0.03,0.01,108415,999,3,0.39,0.05,0.01,0.02,48,4,168,0,3.24,0.02,0.0028,0.0077,19.6,21.23,11.66
123.958,before,-21.4,52.1380621,21.1608997,88.04,52.1380641,21.1609052,30,0.48,1.527,255,-0.1674,0.837,0.0215,0.0176,3.134,3.102,-0.2,-1.71,236.07,0.01,0.0,0.0,0.01,108415,999,3,0.39,0.05,0.01,0.02,48,-19,-7,0,3.24,0.02,0.0018,0.0057,16.64,19.29,11.1
124.058,before,-21.3,52.1380613,21.1608979,88.03,52.1380625,21.1609016,30,0.48,1.522,255,-0.1674,0.3348,0.0213,-0.0021,3.152,3.099,-0.15,-1.68,236.2,0.02,0.0,0.01,0.0,108415,999,3,0.39,0.05,0.02,-0.04,48,-13,-157,0,3.23,0.01,0.0049,0.0086,16.24,21.99,11.47
124.157,before,-21.2,52.1380605,21.1608961,88.03,52.1380625,21.1609016,30,0.48,1.522,255,0.0,0.1674,0.0261,0.0045,3.146,3.097,-0.05,-1.61,236.3,0.02,0.0,0.01,0.01,108415,999,3,0.39,0.05,0.02,-0.04,48,-21,5,0,3.23,0.0,0.0033,0.0073,17.96,20.43,11.12
124.257,before,-21.1,52.1380597,21.1608943,88.03,52.1380609,21.1608979,30,0.48,1.523,255,0.0,0.6698,0.0541,-0.0271,3.14,3.093,0.12,-1.66,236.44,0.02,0.0,0.0,0.02,108415,999,3,0.39,0.05,0.04,0.0,48,-21,-148,0,3.22,0.0,0.0059,0.0121,17.85,18.77,11.82
124.358,before,-21.0,52.1380589,21.1608925,88.02,52.1380609,21.1608979,30,0.48,1.523,255,0.0,0.3348,0.038,-0.0107,3.134,3.089,0.35,-1.77,236.57,0.02,0.0,0.0,0.01,108415,999,3,0.39,0.05,0.04,0.0,48,-46,-121,0,3.22,0.0,0.0037,0.0076,18.88,15.78,11.15
124.457,before,-20.9,52.1380582,21.1608906,88.02,52.1380594,21.1608943,30,0.48,1.449,255,0.0,0.3348,-0.0017,-0.0185,3.144,3.085,0.43,-1.84,236.71,0.04,0.0,0.01,0.01,108415,999,3,0.39,0.05,-0.13,0.0,48,-16,-133,0,3.22,0.0,0.008,0.0073,21.27,18.33,12.69
124.557,before,-20.8,52.1380575,21.1608888,88.02,52.1380594,21.1608943,30,0.48,1.449,255,-0.1674,0.3348,-0.0239,-0.0217,3.134,3.083,0.4,-1.91,236.78,0.04,0.0,0.0,0.02,108415,999,3,0.39,0.05,-0.13,0.0,48,0,202,0,3.22,0.0,0.0058,0.0058,18.52,16.14,11.89
124.657,before,-20.7,52.1380567,21.160887,88.01,52.138058,21.1608906,30,0.48,1.511,255,-0.1674,0.3349,-0.0311,-0.0412,3.12,3.08,0.25,-2.1,236.77,0.02,0.0,0.02,0.0,108415,999,3,0.39,0.05,0.0,0.0,48,-134,226,0,3.22,-0.01,0.0049,0.0066,18.71,21.16,12.24
124.758,before,-20.6,52.138056,21.1608852,88.01,52.138058,21.1608906,30,0.48,1.511,255,-0.1674,0.8371,-0.0194,0.0022,3.106,3.077,0.16,-2.18,236.67,0.02,0.0,0.01,0.01,108415,999,3,0.39,0.05,0.0,0.0,48,-1,215,0,3.21,0.01,0.0034,0.0053,18.42,21.83,12.47
124.858,before,-20.5,52.1380553,21.1608834,88.01,52.1380565,21.1608869,30,0.48,1.504,255,-0.1674,0.6696,-0.0389,-0.006,3.134,3.074,0.01,-2.11,236.56,0.0,0.0,0.01,0.0,108415,999,3,0.39,0.05,0.0,0.0,48,28,-175,0,3.21,0.01,0.0017,0.0021,20.11,20.92,13.06
124.957,before,-20.4,52.1380545,21.1608815,88.01,52.1380565,21.1608869,30,0.48,1.504,255,0.0,0.3348,-0.0194,0.0053,3.117,3.072,-0.11,-2.09,236.46,0.0,0.0,0.0,0.01,108415,999,3,0.39,0.05,0.0,0.0,48,25,-156,0,3.21,0.01,0.0012,0.0023,18.39,19.65,11.1
125.057,before,-20.3,52.1380538,21.1608797,88.01,52.138055,21.1608833,30,0.48,1.47,255,0.0,0.3347,0.0168,0.0239,3.128,3.071,-0.08,-1.92,236.41,0.03,0.0,0.0,0.01,108415,999,3,0.39,0.05,-0.02,-0.04,48,15,343,0,3.21,0.0,0.0043,0.005,18.52,17.92,11.64
125.157,before,-20.2,52.1380531,21.1608779,88.0,52.138055,21.1608833,30,0.48,1.47,255,0.0,0.3348,-0.0012,0.0127,3.128,3.069,-0.08,-1.78,236.39,0.03,0.0,0.0,0.01,108415,999,3,0.39,0.05,-0.02,-0.04,48,-164,-342,0,3.21,0.0,0.0029,0.0036,17.02,21.21,10.67
125.257,before,-20.1,52.1380523,21.160876,88.0,52.1380535,21.1608797,30,0.48,1.518,255,0.0,0.3348,-0.0119,-0.0043,3.128,3.064,-0.13,-1.78,236.41,0.06,0.0,0.03,0.01,108415,999,3,0.39,0.05,0.09,-0.01,48,16,-142,0,3.18,0.0,0.0099,0.0209,19.68,18.89,12.12
125.358,before,-20.0,52.1380516,21.1608742,87.99,52.1380535,21.1608797,30,0.48,1.518,255,0.0,0.6696,-0.0003,-0.0139,3.104,3.053,-0.13,-1.81,236.41,0.06,0.0,0.04,0.0,108415,999,3,0.39,0.05,0.09,-0.01,48,-159,-161,0,3.17,-0.03,0.0078,0.0236,18.49,18.33,11.3
125.458,before,-19.9,52.1380508,21.1608724,87.98,52.1380519,21.1608759,30,0.48,1.534,255,0.0,0.3347,0.0034,-0.0004,3.094,3.044,-0.07,-1.82,236.44,0.03,0.0,0.02,0.0,108415,999,3,0.38,0.04,-0.04,0.03,48,-185,-146,0,3.18,-0.03,0.0048,0.0137,18.14,17.88,10.92
125.558,before,-19.8,52.13805,21.1608705,87.97,52.1380519,21.1608759,30,0.48,1.534,255,0.0,0.3348,0.0185,-0.0109,3.1,3.035,0.05,-1.86,236.44,0.03,0.0,0.01,0.0,108415,999,3,0.38,0.04,-0.04,0.03,48,-18,357,0,3.17,-0.01,0.0034,0.0114,20.77,19.02,11.72
125.658,before,-19.7,52.1380493,21.1608686,87.96,52.1380505,21.1608721,30,0.48,1.54,255,0.0,0.3348,-0.0067,-0.0153,3.084,3.026,0.13,-1.94,236.4,0.03,0.0,0.02,0.0,108415,999,3,0.38,0.05,0.0,0.04,48,-21,-146,0,3.15,-0.01,0.0067,0.0192,18.51,20.74,11.6
125.758,before,-19.6,52.1380485,21.1608668,87.95,52.1380505,21.1608721,30,0.48,1.54,255,0.0,0.3348,-0.0101,0.0101,3.072,3.017,0.13,-1.9,236.37,0.03,0.0,0.0,0.01,108415,999,3,0.38,0.05,0.0,0.04,48,-4,-159,0,3.16,-0.02,0.0041,0.0103,18.42,19.58,10.74
125.858,before,-19.5,52.1380478,21.1608649,87.95,52.138049,21.1608683,30,0.48,1.508,255,0.0,0.5022,-0.0022,-0.0038,3.078,3.011,0.19,-1.84,236.32,0.01,0.0,0.0,0.0,108415,999,3,0.38,0.05,-0.01,0.0,48,-158,331,0,3.16,0.0,0.0025,0.0044,15.49,17.99,10.65
125.957,before,-19.4,52.1380471,21.160863,87.94,52.138049,21.1608683,30,0.48,1.508,255,-0.1674,0.6695,-0.0456,0.0062,3.096,3.008,0.08,-1.75,236.27,0.01,0.0,0.01,0.0,108415,999,3,0.38,0.05,-0.01,0.0,48,0,170,0,3.15,0.0,0.0018,0.0034,20.28,15.92,10.77
126.057,before,-19.3,52.1380463,21.1608611,87.94,52.1380476,21.1608645,30,0.48,1.557,255,0.0,0.3348,-0.0305,-0.0032,3.108,3.004,-0.08,-1.71,236.17,0.03,0.0,0.02,0.01,108415,999,3,0.38,0.04,0.0,0.04,48,25,317,0,3.14,-0.02,0.006,0.0122,19.12,17.58,11.39
126.158,before,-19.2,52.1380456,21.1608592,87.93,52.1380476,21.1608645,30,0.48,1.557,255,0.0,0.3348,-0.0431,-0.0017,3.118,2.999,-0.19,-1.69,236.08,0.03,0.0,0.03,0.01,108415,999,3,0.38,0.04,0.0,0.04,48,-321,161,0,3.14,-0.04,0.0043,0.0129,18.41,16.43,10.86
126.257,before,-19.1,52.1380448,21.1608573,87.93,52.138046,21.1608607,30,0.48,1.551,255,-0.3348,0.6696,-0.0446,-0.0017,3.096,2.993,-0.44,-1.67,236.04,0.03,0.0,0.0,0.0,108415,999,3,0.38,0.05,0.09,0.0,48,52,-14,0,3.14,-0.05,0.009,0.0159,18.68,19.04,12.26
126.358,before,-19.0,52.138044,21.1608554,87.92,52.138046,21.1608607,30,0.48,1.551,255,-0.1673,0.8367,0.0006,0.008,3.08,2.987,-0.48,-1.64,236.0,0.03,0.0,0.04,0.0,108415,999,3,0.38,0.05,0.09,0.0,48,14,0,0,3.13,-0.05,0.0063,0.0164,18.3,17.07,11.63
126.458,before,-18.9,52.1380433,21.1608535,87.91,52.1380445,21.160857,30,0.48,1.507,255,0.0,0.5022,0.0114,0.0537,3.09,2.977,-0.36,-1.38,236.02,0.03,0.0,0.03,0.01,108415,999,3,0.38,0.04,-0.03,0.0,48,12,-184,0,3.12,-0.06,0.0053,0.0213,17.77,18.07,10.38
126.558,before,-18.8,52.1380425,21.1608517,87.9,52.1380445,21.160857,30,0.48,1.507,255,0.0,0.5022,0.0219,0.0104,3.056,2.968,-0.33,-1.15,236.12,0.03,0.0,0.0,0.0,108415,999,3,0.38,0.04,-0.03,0.0,48,8,288,0,3.13,-0.04,0.0023,0.009,19.76,18.28,12.8
126.657,before,-18.7,52.1380418,21.1608499,87.9,52.138043,21.1608533,30,0.48,1.499,255,0.0,0.3347,0.0433,-0.0151,3.066,2.96,-0.12,-1.22,236.23,0.03,0.0,0.03,0.01,108415,999,3,0.38,0.05,0.03,-0.02,48,-186,-149,0,3.11,-0.04,0.0059,0.0177,17.42,18.56,13.04
126.758,before,-18.6,52.138041,21.1608481,87.89,52.138043,21.1608533,30,0.48,1.499,255,0.0,0.3348,0.0626,-0.012,3.068,2.95,0.14,-1.35,236.34,0.03,0.0,0.02,0.0,108415,999,3,0.38,0.05,0.03,-0.02,48,-19,-147,0,3.11,-0.04,0.0039,0.0133,19.4,17.46,10.95
126.857,before,-18.5,52.1380403,21.1608463,87.88,52.1380415,21.1608496,30,0.48,1.501,255,0.0,0.6694,0.0344,-0.0221,3.078,2.942,0.36,-1.46,236.42,0.02,0.0,0.02,0.0,108415,999,3,0.38,0.05,-0.03,0.02,48,-38,-128,0,3.11,-0.04,0.0021,0.009,21.53,20.35,13.69
126.958,before,-18.4,52.1380395,21.1608445,87.87,52.1380415,21.1608496,30,0.48,1.501,255,0.0,0.3348,-0.0031,-0.0112,3.092,2.937,0.32,-1.56,236.49,0.02,0.0,0.0,0.01,108415,999,3,0.38,0.05,-0.03,0.02,48,17,-127,0,3.11,-0.04,0.0017,0.0021,19.18,19.77,12.17
127.058,before,-18.3,52.1380388,21.1608426,87.87,52.1380401,21.1608458,30,0.48,1.526,255,-0.1674,0.3348,0.0013,-0.0406,3.102,2.933,0.24,-1.77,236.55,0.03,0.0,0.01,0.0,108415,999,3,0.38,0.04,0.01,0.09,48,13,210,0,3.12,-0.05,0.0089,0.0123,19.66,15.73,11.8
127.158,before,-18.2,52.1380381,21.1608408,87.87,52.1380401,21.1608458,30,0.48,1.526,255,-0.1674,0.5022,-0.0182,-0.0099,3.114,2.931,0.17,-2.03,236.56,0.03,0.0,0.0,0.0,108415,999,3,0.38,0.04,0.01,0.09,48,11,66,0,3.13,-0.06,0.0061,0.0106,16.82,19.2,10.48
127.257,before,-18.1,52.1380374,21.1608389,87.86,52.1380387,21.1608421,30,0.48,1.471,255,0.0,0.3349,-0.0162,0.0035,3.087,2.93,-0.0,-2.03,236.57,0.01,0.0,0.0,0.01,108415,999,3,0.38,0.05,-0.01,0.02,48,45,192,0,3.13,-0.06,0.0067,0.012,15.6,19.0,10.27
127.358,before,-18.0,52.1380366,21.160837,87.86,52.1380387,21.1608421,30,0.48,1.471,255,-0.1674,0.3348,-0.0299,0.0328,3.076,2.925,-0.14,-1.97,236.61,0.01,0.0,0.04,0.03,108415,999,3,0.38,0.05,-0.01,0.02,48,31,18,0,3.12,-0.05,0.0042,0.0074,16.62,18.68,10.98
127.457,before,-17.9,52.1380359,21.1608352,87.85,52.1380372,21.1608385,30,0.48,1.478,255,-0.1673,0.6694,-0.0283,0.049,3.09,2.917,-0.35,-1.75,236.66,0.03,0.0,0.02,0.0,108415,999,3,0.38,0.05,0.03,-0.03,48,-124,-174,0,3.11,-0.05,0.0033,0.0096,16.5,19.32,11.44
127.558,before,-17.8,52.1380352,21.1608334,87.84,52.1380372,21.1608385,30,0.48,1.478,255,0.0,0.3347,0.0033,0.0267,3.08,2.908,-0.4,-1.59,236.73,0.03,0.0,0.03,0.01,108415,999,3,0.38,0.05,0.03,-0.03,48,15,-7,0,3.1,-0.05,0.0026,0.0114,17.09,19.65,11.79
127.657,before,-17.7,52.1380344,21.1608316,87.84,52.1380357,21.1608349,30,0.48,1.492,255,0.0,0.5022,0.0232,0.013,3.098,2.9,-0.31,-1.52,236.79,0.05,0.0,0.03,0.01,108415,999,3,0.38,0.05,0.06,-0.03,48,-169,163,0,3.11,-0.05,0.0079,0.0089,15.78,21.17,11.55
127.758,before,-17.6,52.1380337,21.1608298,87.83,52.1380357,21.1608349,30,0.48,1.492,255,0.0,0.6696,0.0352,-0.0134,3.082,2.894,-0.11,-1.53,236.86,0.05,0.0,0.0,0.02,108415,999,3,0.38,0.05,0.06,-0.03,48,-29,-170,0,3.11,-0.05,0.0051,0.006,17.87,19.68,11.54
127.858,before,-17.5,52.138033,21.160828,87.83,52.1380342,21.1608313,29,0.49,1.475,255,0.0,0.3348,0.0196,-0.0411,3.078,2.891,0.08,-1.71,236.88,0.09,0.0,0.01,0.01,108415,999,3,0.38,0.04,-0.08,0.04,48,-45,-137,0,3.12,-0.04,0.0076,0.0174,16.62,19.83,11.7
127.958,before,-17.4,52.1380323,21.1608262,87.83,52.1380342,21.1608313,29,0.49,1.475,255,0.0,0.1675,-0.0074,-0.0447,3.074,2.892,0.12,-1.96,236.85,0.09,0.0,0.01,0.0,108415,999,3,0.38,0.04,-0.08,0.04,48,-29,-101,0,3.13,-0.03,0.0066,0.0202,20.72,18.9,13.16
128.058,before,-17.3,52.1380316,21.1608243,87.83,52.1380329,21.1608276,29,0.49,1.434,255,-0.1673,0.6693,-0.0229,-0.0085,3.074,2.893,0.02,-2.05,236.84,0.02,0.0,0.0,0.01,108415,999,3,0.38,0.04,-0.06,0.02,48,9,-123,0,3.13,-0.03,0.0092,0.0187,19.54,17.34,12.23
128.157,before,-17.2,52.1380309,21.1608225,87.83,52.1380329,21.1608276,29,0.49,1.434,255,0.0,0.3348,-0.0394,-0.0032,3.078,2.89,-0.14,-2.05,236.79,0.02,0.0,0.03,0.02,108415,999,3,0.38,0.04,-0.06,0.02,48,28,-146,0,3.12,-0.04,0.0062,0.0102,21.11,18.21,13.51
128.258,before,-17.1,52.1380302,21.1608206,87.82,52.1380315,21.1608239,29,0.49,1.504,255,-0.1673,0.502,-0.0267,-0.0057,3.092,2.883,-0.33,-2.05,236.72,0.05,0.0,0.02,0.0,108415,999,3,0.38,0.05,0.02,0.03,48,-119,173,0,3.1,-0.06,0.0051,0.0108,19.01,18.09,11.46
128.358,before,-17.0,52.1380295,21.1608188,87.81,52.1380315,21.1608239,29,0.49,1.504,255,-0.1674,0.6696,-0.0204,0.0036,3.084,2.874,-0.48,-2.12,236.67,0.05,0.0,0.0,0.0,108415,999,3,0.38,0.05,0.02,0.03,48,33,-126,0,3.1,-0.06,0.0028,0.0058,19.29,17.79,12.55
128.458,before,-16.9,52.1380287,21.1608169,87.8,52.13803,21.1608203,29,0.49,1.518,255,0.0,0.3348,0.0082,0.0301,3.074,2.869,-0.56,-2.06,236.58,0.04,0.0,0.03,0.01,108415,999,3,0.38,0.04,0.09,-0.02,48,22,-160,0,3.12,-0.04,0.0081,0.0168,18.55,18.87,11.57
128.557,before,-16.8,52.1380279,21.1608151,87.8,52.13803,21.1608203,29,0.49,1.518,255,0.0,0.3348,0.0152,0.0339,3.056,2.866,-0.47,-1.85,236.49,0.04,0.0,0.01,0.01,108415,999,3,0.38,0.04,0.09,-0.02,48,-10,324,0,3.12,-0.05,0.0055,0.0116,20.77,25.15,12.55
128.658,before,-16.7,52.1380272,21.1608132,87.8,52.1380285,21.1608166,29,0.49,1.483,255,0.0,0.3349,0.0101,0.0239,3.042,2.863,-0.43,-1.78,236.4,0.0,0.0,0.0,0.0,108415,999,3,0.38,0.04,0.0,0.0,48,0,-168,0,3.12,-0.02,0.0035,0.0102,18.79,20.29,11.43
128.758,before,-16.6,52.1380264,21.1608114,87.8,52.1380285,21.1608166,29,0.49,1.483,255,-0.1673,0.3347,-0.0059,0.0092,3.04,2.861,-0.46,-1.74,236.31,0.0,0.0,0.0,0.01,108415,999,3,0.38,0.04,0.0,0.0,48,-6,6,0,3.12,-0.01,0.0031,0.0119,18.88,16.21,11.36
128.857,before,-16.5,52.1380257,21.1608096,87.8,52.138027,21.160813,29,0.49,1.525,255,0.0,0.6695,0.02,0.0104,3.028,2.862,-0.4,-1.68,236.26,0.02,0.0,0.03,0.01,108415,999,3,0.38,0.04,0.03,0.0,48,1,13,0,3.13,-0.01,0.0067,0.0241,18.13,16.51,10.69
128.957,before,-16.4,52.1380249,21.1608078,87.8,52.138027,21.160813,29,0.49,1.525,255,0.0,0.6696,0.0165,-0.0075,3.044,2.867,-0.25,-1.7,236.24,0.02,0.0,0.02,0.01,108415,999,3,0.38,0.04,0.03,0.0,48,-35,15,0,3.14,0.01,0.006,0.026,18.44,17.2,11.2
129.057,before,-16.3,52.1380241,21.160806,87.8,52.1380253,21.1608094,29,0.49,1.522,255,0.0,0.3348,0.015,-0.0109,3.046,2.868,-0.21,-1.66,236.24,0.03,0.0,0.05,0.0,108415,999,3,0.38,0.04,0.07,-0.03,48,-22,162,0,3.12,0.0,0.0088,0.0128,15.75,18.92,10.73
129.157,before,-16.2,52.1380233,21.1608042,87.8,52.1380253,21.1608094,29,0.49,1.522,255,0.0,0.3348,0.0186,-0.0103,3.038,2.866,-0.1,-1.74,236.23,0.03,0.0,0.0,0.01,108415,999,3,0.38,0.04,0.07,-0.03,48,-28,-130,0,3.12,-0.01,0.0059,0.0108,19.6,21.16,12.93
129.257,before,-16.1,52.1380225,21.1608024,87.8,52.1380238,21.1608059,29,0.49,1.462,255,0.0,0.3348,0.0671,0.0153,3.042,2.866,0.11,-1.69,236.21,0.03,0.0,0.03,0.0,108415,999,3,0.38,0.04,-0.09,0.01,48,-28,-158,0,3.13,-0.01,0.0052,0.0169,19.49,22.01,12.8
129.357,before,-16.0,52.1380218,21.1608006,87.8,52.1380238,21.1608059,29,0.49,1.462,255,0.0,0.3348,0.0092,0.0131,3.05,2.866,0.33,-1.6,236.18,0.03,0.0,0.0,0.01,108415,999,3,0.38,0.04,-0.09,0.01,48,-81,331,0,3.12,0.0,0.0043,0.0133,20.49,23.04,12.35
129.458,before,-15.899,52.138021,21.1607988,87.8,52.1380223,21.1608022,29,0.49,1.513,255,0.0,0.6696,-0.0033,0.0011,3.052,2.865,0.28,-1.63,236.16,0.01,0.0,0.0,0.01,108415,999,3,0.38,0.04,-0.01,0.03,48,12,347,0,3.12,0.0,0.0044,0.0102,16.7,22.1,12.83
129.557,before,-15.8,52.1380203,21.160797,87.8,52.1380223,21.1608022,29,0.49,1.513,255,0.0,0.3347,-0.0033,0.0206,3.053,2.863,0.32,-1.62,236.13,0.01,0.0,0.0,0.01,108415,999,3,0.38,0.04,-0.01,0.03,48,15,-139,0,3.12,-0.02,0.0033,0.0074,17.12,21.87,11.82
129.658,before,-15.7,52.1380195,21.1607952,87.8,52.1380208,21.1607986,29,0.49,1.494,255,-0.1674,0.3348,-0.0273,0.0647,3.066,2.862,0.18,-1.4,236.12,0.03,0.0,0.03,0.01,108415,999,3,0.38,0.04,0.03,-0.03,48,24,-156,0,3.13,-0.02,0.0064,0.0214,20.54,19.05,12.82
129.757,before,-15.6,52.1380188,21.1607934,87.8,52.1380208,21.1607986,29,0.49,1.494,255,0.0,0.8371,-0.0176,0.1142,3.064,2.864,0.08,-0.87,236.1,0.03,0.0,0.0,0.01,108415,999,3,0.38,0.04,0.03,-0.03,48,-137,-223,0,3.13,0.0,0.0049,0.0179,19.57,23.92,13.61
129.857,before,-15.5,52.1380181,21.1607916,87.8,52.1380192,21.160795,29,0.49,1.458,255,-0.1674,0.5022,-0.0106,0.1394,3.064,2.864,-0.01,-0.1,236.1,0.01,0.0,0.01,0.0,108415,999,3,0.38,0.04,0.0,-0.02,48,-153,-103,0,3.13,0.0,0.0051,0.013,20.42,20.94,11.77
129.957,before,-15.4,52.1380173,21.1607899,87.8,52.1380192,21.160795,29,0.49,1.458,255,0.0,0.5022,-0.0132,0.1147,3.066,2.865,-0.07,0.62,236.07,0.01,0.0,0.02,0.0,108415,999,3,0.38,0.04,0.0,-0.02,48,7,243,0,3.13,-0.01,0.0045,0.0158,20.81,20.26,12.56
130.058,before,-15.3,52.1380166,21.1607882,87.8,52.1380178,21.1607916,29,0.49,1.409,255,-0.1674,0.837,-0.0123,0.1263,3.054,2.864,-0.08,1.36,236.03,0.05,0.0,0.04,0.01,108415,999,3,0.38,0.04,0.0,-0.01,48,-10,-266,0,3.13,-0.02,0.0055,0.0108,17.36,19.13,12.21
130.157,before,-15.2,52.138016,21.1607866,87.8,52.1380178,21.1607916,29,0.49,1.409,255,-0.1674,0.5023,-0.0157,0.1542,3.062,2.861,-0.16,2.23,236.03,0.05,0.0,0.02,0.0,112511,999,3,0.38,0.04,0.0,-0.01,48,-148,-236,0,3.12,-0.01,0.0032,0.0044,18.9,18.59,11.37
130.258,before,-15.1,52.1380153,21.1607851,87.79,52.1380164,21.1607883,29,0.49,1.325,255,0.0,0.5022,0.0236,0.1329,3.05,2.855,-0.07,3.02,236.08,0.01,0.0,0.02,0.01,112511,999,3,0.38,0.05,0.01,0.01,48,3,-84,0,3.11,-0.01,0.0014,0.0039,17.81,18.31,11.88
130.358,before,-15.0,52.1380147,21.1607836,87.78,52.1380164,21.1607883,29,0.49,1.325,255,0.0,0.8367,0.0132,0.1304,3.044,2.849,0.04,3.8,236.2,0.01,0.0,0.0,0.0,112511,999,3,0.38,0.05,0.01,0.01,48,-16,117,0,3.11,-0.01,0.0005,0.0013,16.41,20.69,11.67
130.457,before,-14.9,52.1380141,21.1607823,87.78,52.1380151,21.1607852,29,0.49,1.268,255,0.0,0.3347,0.0033,0.1055,3.026,2.843,0.07,4.46,236.32,0.03,0.0,0.0,0.0,112511,999,3,0.38,0.05,0.02,0.06,48,3,-184,0,3.1,-0.01,0.0063,0.0088,16.43,19.98,11.4
130.557,before,-14.8,52.1380136,21.160781,87.77,52.1380151,21.1607852,29,0.49,1.268,255,0.0,0.3346,0.0128,0.1218,3.06,2.836,0.14,5.16,236.43,0.03,0.0,0.0,0.01,112511,999,3,0.38,0.05,0.02,0.06,48,-181,-134,0,3.09,-0.01,0.004,0.0045,17.0,18.84,10.44
130.658,before,-14.7,52.1380132,21.1607799,87.76,52.138014,21.1607824,29,0.49,1.015,255,0.0,0.502,0.0206,0.0944,3.07,2.83,0.31,5.77,236.54,0.05,0.0,0.01,0.01,112511,999,3,0.38,0.06,0.04,0.05,48,-24,-100,0,3.08,-0.01,0.0094,0.0124,18.34,18.67,11.56
130.757,before,-14.6,52.1380128,21.1607789,87.76,52.138014,21.1607824,29,0.49,1.015,255,0.0,0.1674,0.003,0.0447,3.07,2.821,0.38,6.15,236.61,0.05,0.0,0.03,0.01,112511,999,3,0.38,0.06,0.04,0.05,48,-10,-28,0,3.08,-0.04,0.0061,0.0103,15.26,18.98,10.15
130.857,before,-14.5,52.1380124,21.160778,87.75,52.1380131,21.1607802,29,0.49,0.741,255,0.0,0.0,-0.0321,0.0149,3.054,2.811,0.29,6.39,236.59,0.03,0.0,0.02,0.01,112511,999,3,0.38,0.05,-0.07,0.01,48,-146,196,0,3.07,-0.05,0.0085,0.016,13.54,17.55,10.92
130.958,before,-14.4,52.1380122,21.1607774,87.74,52.1380131,21.1607802,29,0.49,0.741,255,-0.1674,0.1674,-0.0444,-0.0841,3.048,2.801,0.1,6.16,236.5,0.03,0.0,0.03,0.01,112511,999,3,0.38,0.05,-0.07,0.01,48,-121,-49,0,3.06,-0.05,0.0062,0.0135,16.42,18.31,9.93
131.058,before,-14.3,52.138012,21.1607768,87.72,52.1380127,21.1607786,29,0.49,0.516,255,0.0,0.0,-0.0161,-0.1074,3.024,2.79,-0.04,5.53,236.36,0.04,0.0,0.01,0.0,112511,999,3,0.38,0.05,-0.09,0.06,48,52,120,0,3.05,-0.04,0.0179,0.0206,18.63,27.68,13.39
131.158,before,-14.2,52.1380119,21.1607763,87.71,52.1380127,21.1607786,29,0.49,0.516,255,-0.1674,0.0,-0.035,-0.1078,3.022,2.78,-0.19,4.89,236.22,0.04,0.0,0.02,0.01,112511,999,3,0.38,0.05,-0.09,0.06,48,45,-14,0,3.05,-0.05,0.0125,0.0167,18.17,27.27,15.85
131.257,before,-14.1,52.1380118,21.160776,87.71,52.1380124,21.1607774,29,0.49,0.321,255,0.0,0.0,-0.0237,-0.1408,3.012,2.772,-0.39,4.08,236.18,0.02,0.0,0.05,0.02,112511,999,3,0.38,0.04,0.01,0.03,48,-116,50,0,3.05,-0.04,0.0091,0.0118,17.29,30.44,15.33
131.357,before,-14.0,52.1380118,21.1607758,87.7,52.1380124,21.1607774,29,0.49,0.321,255,0.0,0.0,0.0161,-0.1195,3.008,2.767,-0.4,3.25,236.22,0.02,0.0,0.02,0.01,112511,999,3,0.38,0.04,0.01,0.03,48,-155,-68,0,3.04,-0.04,0.0056,0.0092,17.18,28.44,13.45
131.457,before,-13.9,52.1380118,21.1607756,87.7,52.1380123,21.1607769,29,0.49,0.119,255,0.0,0.0,0.0358,-0.1216,3.008,2.761,-0.33,2.47,236.26,0.02,0.0,0.03,0.0,112511,999,3,0.38,0.05,-0.06,0.0,48,-5,-84,0,3.04,-0.04,0.0113,0.0138,19.76,19.62,11.09
131.557,before,-13.8,52.1380118,21.1607756,87.69,52.1380123,21.1607769,29,0.49,0.119,255,0.0,-0.1674,0.0131,-0.113,3.0,2.756,-0.25,1.79,236.26,0.02,0.0,0.03,0.0,112511,999,3,0.38,0.05,-0.06,0.0,48,-28,95,0,3.04,-0.04,0.0073,0.0112,17.78,24.06,12.11
131.657,before,-13.7,52.1380119,21.1607756,87.69,52.1380124,21.1607766,29,0.49,0.076,255,0.0,-0.1674,0.0088,-0.109,2.99,2.753,-0.25,1.18,236.3,0.03,0.0,0.01,0.0,112511,999,3,0.38,0.12,-0.06,0.02,48,-12,93,0,3.04,-0.04,0.0145,0.0167,13.99,19.24,9.68
131.757,before,-13.6,52.1380119,21.1607756,87.69,52.1380124,21.1607766,29,0.49,0.076,255,0.0,0.0,-0.0053,-0.1229,2.988,2.752,-0.24,0.55,236.26,0.03,0.0,0.02,0.0,112511,999,3,0.38,0.12,-0.06,0.02,48,-14,-64,0,3.04,-0.03,0.0091,0.012,13.45,20.38,9.59
131.858,before,-13.5,52.138012,21.1607756,87.69,52.1380125,21.1607767,29,0.49,0.085,255,0.0,-0.1674,0.0067,-0.0978,2.98,2.75,-0.19,-0.02,236.22,0.02,0.0,0.04,0.0,112511,999,3,0.38,0.09,-0.04,0.03,48,-11,-43,0,3.04,-0.03,0.012,0.0151,18.08,20.28,11.31
131.957,before,-13.4,52.1380121,21.1607757,87.68,52.1380125,21.1607767,29,0.49,0.085,255,0.0,0.0,-0.0334,-0.1291,2.972,2.747,-0.25,-0.6,236.21,0.02,0.0,0.03,0.01,112511,999,3,0.38,0.09,-0.04,0.03,48,-13,107,0,3.04,-0.02,0.0072,0.011,22.16,18.45,11.27
132.057,before,-13.3,52.1380122,21.1607756,87.68,52.1380126,21.1607769,29,0.49,0.115,255,0.0,-0.1674,-0.0145,-0.0736,2.988,2.744,-0.32,-1.1,236.29,0.02,0.0,0.03,0.01,108415,999,3,0.38,0.05,0.02,-0.06,48,7,-50,0,3.03,-0.02,0.0062,0.0119,25.15,15.96,13.58
132.157,before,-13.2,52.1380122,21.1607757,87.67,52.1380126,21.1607769,29,0.49,0.115,255,0.0,0.0,-0.0186,-0.0355,2.99,2.733,-0.34,-1.3,236.4,0.02,0.0,0.11,0.03,108415,999,3,0.38,0.05,0.02,-0.06,48,-11,56,0,2.99,-0.07,0.0086,0.0419,21.41,17.4,13.17
132.257,before,-13.1,52.1380122,21.1607758,87.65,52.1380127,21.1607772,29,0.49,0.085,255,0.0,0.0,-0.0052,0.0153,2.994,2.716,-0.38,-1.29,236.43,0.02,0.0,0.05,0.17,108415,999,3,0.38,0.09,-0.03,-0.01,48,-2,22,0,2.98,-0.08,0.0089,0.0423,21.68,22.02,11.42
132.357,before,-13.0,52.1380122,21.1607759,87.63,52.1380127,21.1607772,29,0.49,0.085,255,0.0,0.0,0.016,0.0258,2.994,2.699,-0.31,-1.13,236.37,0.02,0.0,0.03,0.14,108415,999,3,0.38,0.09,-0.03,-0.01,48,-24,-19,0,2.96,-0.11,0.0075,0.0387,19.01,23.8,11.6
132.458,before,-12.9,52.1380122,21.160776,87.62,52.1380127,21.1607774,29,0.49,0.045,255,0.0,0.0,0.0175,0.0286,3.002,2.686,-0.2,-0.96,236.28,0.02,0.0,0.03,0.17,108415,999,3,0.38,0.11,0.02,-0.01,48,-21,-12,0,2.96,-0.12,0.0065,0.0296,19.77,18.05,10.37
132.557,before,-12.8,52.1380122,21.160776,87.61,52.1380127,21.1607774,29,0.49,0.045,255,0.0,0.0,0.0209,0.0475,3.014,2.671,-0.1,-0.73,236.2,0.02,0.0,0.08,0.15,108415,999,3,0.38,0.11,0.02,-0.01,48,-11,-24,0,2.95,-0.14,0.0074,0.0415,16.92,27.12,11.62
132.657,before,-12.7,52.1380122,21.1607761,87.59,52.1380127,21.1607775,29,0.49,0.076,255,0.0,0.1674,0.0274,0.0115,3.026,2.654,0.03,-0.58,236.13,0.01,0.0,0.05,0.11,108415,999,3,0.38,0.08,0.02,-0.02,48,-32,134,0,2.93,-0.16,0.0101,0.0444,20.26,26.03,10.14
132.758,before,-12.6,52.1380122,21.1607761,87.57,52.1380127,21.1607775,29,0.49,0.076,255,0.0,0.0,0.0258,0.0004,3.03,2.636,0.14,-0.53,236.1,0.01,0.0,0.03,0.01,108415,999,3,0.38,0.08,0.02,-0.02,48,-33,-21,0,2.93,-0.18,0.0081,0.0364,19.5,28.71,12.05
132.857,before,-12.5,52.1380122,21.1607762,87.56,52.1380126,21.1607777,29,0.49,0.039,255,0.0,0.0,0.0161,0.0016,3.032,2.622,0.24,-0.49,236.08,0.02,0.0,0.04,0.0,108415,999,3,0.38,0.11,-0.04,-0.01,48,144,10,0,2.92,-0.18,0.0062,0.0286,18.26,25.86,10.19
132.957,before,-12.4,52.1380122,21.1607763,87.54,52.1380126,21.1607777,29,0.49,0.039,255,0.0,0.0,0.0167,-0.0114,3.044,2.607,0.36,-0.49,236.03,0.02,0.0,0.06,0.0,108415,999,3,0.38,0.11,-0.04,-0.01,48,-39,-179,0,2.92,-0.2,0.0058,0.0318,19.05,23.13,9.41
133.057,before,-12.3,52.1380122,21.1607764,87.53,52.1380126,21.1607778,29,0.49,0.017,255,0.0,0.0,-0.0155,0.0049,3.052,2.593,0.3,-0.51,235.94,0.03,0.0,0.04,0.01,108415,999,3,0.38,0.12,-0.01,0.02,48,15,-2,0,2.92,-0.21,0.0019,0.0209,16.79,28.04,11.03
133.157,before,-12.2,52.1380121,21.1607764,87.52,52.1380126,21.1607778,29,0.49,0.017,255,0.0,0.0,-0.0101,0.0084,3.054,2.58,0.21,-0.44,235.87,0.03,0.0,0.05,0.01,108415,999,3,0.38,0.12,-0.01,0.02,48,3,-8,0,2.91,-0.22,0.0027,0.0229,17.5,23.12,11.53
133.258,before,-12.1,52.1380121,21.1607764,87.5,52.1380125,21.1607779,29,0.49,0.039,255,0.0,0.1674,0.0232,0.0096,3.064,2.564,0.24,-0.35,235.86,0.02,0.0,0.08,0.0,108415,999,3,0.38,0.11,0.02,0.0,48,1,-9,0,2.89,-0.24,0.0044,0.029,22.15,21.37,10.23
133.357,before,-12.0,52.1380121,21.1607764,87.48,52.1380125,21.1607779,29,0.49,0.039,255,0.1673,0.0,0.014,-0.0163,3.058,2.548,0.29,-0.41,235.86,0.02,0.0,0.02,0.01,108415,999,3,0.38,0.11,0.02,0.0,48,-13,-9,0,2.9,-0.25,0.0036,0.0198,21.82,25.13,11.39
133.457,before,-11.9,52.1380121,21.1607764,87.47,52.1380125,21.1607779,29,0.49,0.059,255,0.0,0.0,0.0091,-0.0152,3.076,2.532,0.35,-0.54,235.84,0.02,0.0,0.03,0.0,108415,999,3,0.38,0.12,0.03,-0.03,48,4,17,0,2.89,-0.25,0.0073,0.0176,19.95,24.15,13.65
133.557,before,-11.8,52.1380121,21.1607765,87.45,52.1380125,21.1607779,29,0.49,0.059,255,-0.1673,0.0,-0.0117,0.0059,3.076,2.519,0.23,-0.59,235.81,0.02,0.0,0.01,0.01,108415,999,3,0.38,0.12,0.03,-0.03,48,24,15,0,2.89,-0.26,0.0056,0.0106,17.94,25.98,10.91
133.657,before,-11.7,52.1380121,21.1607765,87.44,52.1380125,21.160778,29,0.49,0.049,255,0.0,0.0,-0.0012,0.0138,3.08,2.504,0.25,-0.51,235.84,0.02,0.0,0.06,0.0,108415,999,3,0.38,0.14,-0.07,0.02,48,14,-1,0,2.87,-0.28,0.0045,0.0182,19.91,23.26,10.08
133.757,before,-11.6,52.1380121,21.1607765,87.42,52.1380125,21.160778,29,0.49,0.049,255,0.0,0.0,-0.0324,0.0014,3.08,2.489,0.16,-0.45,235.86,0.02,0.0,0.01,0.0,108415,999,3,0.38,0.14,-0.07,0.02,48,4,-11,0,2.88,-0.28,0.0024,0.0075,18.06,26.09,11.54
133.857,before,-11.5,52.1380122,21.1607765,87.41,52.1380126,21.1607779,29,0.49,0.103,255,-0.1674,0.0,-0.0377,0.0066,3.074,2.477,-0.04,-0.46,235.9,0.03,0.0,0.0,0.01,108415,999,3,0.38,0.13,-0.06,0.04,48,42,8,0,2.88,-0.28,0.0066,0.0088,17.3,22.91,11.31
133.957,before,-11.4,52.1380122,21.1607765,87.4,52.1380126,21.1607779,29,0.49,0.103,255,0.0,0.0,-0.0352,-0.0136,3.072,2.466,-0.17,-0.48,235.97,0.03,0.0,0.04,0.0,108415,999,3,0.38,0.13,-0.06,0.04,48,-124,-8,0,2.88,-0.28,0.004,0.0063,26.32,26.8,10.36
134.058,before,-11.3,52.1380122,21.1607765,87.39,52.1380128,21.1607778,29,0.49,0.073,255,0.0,0.0,-0.0357,-0.0093,3.072,2.455,-0.38,-0.56,236.07,0.02,0.0,0.03,0.0,108415,999,3,0.38,0.16,-0.05,0.03,48,58,16,0,2.87,-0.28,0.0075,0.0103,19.0,29.3,12.33
134.157,before,-11.2,52.1380122,21.1607765,87.38,52.1380128,21.1607778,29,0.49,0.073,255,0.0,0.0,-0.0093,-0.0037,3.06,2.446,-0.47,-0.57,236.19,0.02,0.0,0.0,0.01,108415,999,3,0.38,0.16,-0.05,0.03,48,35,4,0,2.88,-0.27,0.0047,0.0129,24.48,21.55,12.5
134.257,before,-11.1,52.1380122,21.1607765,87.37,52.1380129,21.1607778,28,0.52,0.034,255,0.0,0.0,-0.0219,-0.0105,3.074,2.437,-0.54,-0.6,236.3,0.01,0.0,0.04,0.0,108415,999,3,0.38,0.14,0.0,0.01,48,23,7,0,2.87,-0.27,0.0029,0.0056,19.13,21.95,11.12
134.358,before,-11.0,52.1380123,21.1607765,87.36,52.1380129,21.1607778,28,0.52,0.034,255,0.0,0.0,0.0113,0.0115,3.078,2.426,-0.56,-0.56,236.42,0.01,0.0,0.02,0.0,108415,999,3,0.38,0.14,0.0,0.01,48,33,-11,0,2.87,-0.28,0.0012,0.0042,20.67,22.47,12.86
134.457,before,-10.9,52.1380123,21.1607765,87.35,52.1380129,21.1607777,28,0.52,0.016,255,0.0,0.0,-0.002,-0.0004,3.082,2.417,-0.43,-0.54,236.55,0.02,0.0,0.01,0.0,108415,999,3,0.38,0.15,0.01,0.01,48,-20,-8,0,2.88,-0.28,0.0025,0.0104,21.53,28.24,10.75
134.558,before,-10.8,52.1380123,21.1607765,87.35,52.1380129,21.1607777,28,0.52,0.016,255,0.0,0.1674,0.0053,0.0106,3.096,2.411,-0.4,-0.46,236.68,0.02,0.0,0.02,0.01,108415,999,3,0.38,0.15,0.01,0.01,48,-16,-20,0,2.89,-0.28,0.0038,0.0206,17.12,31.21,12.05
134.657,before,-10.7,52.1380123,21.1607765,87.34,52.1380129,21.1607777,28,0.52,0.026,255,0.0,0.0,0.0091,-0.0096,3.09,2.41,-0.25,-0.45,236.74,0.03,0.0,0.02,0.0,108415,999,3,0.38,0.18,-0.03,0.02,48,-39,-24,0,2.91,-0.27,0.008,0.036,20.03,20.49,10.0
134.757,before,-10.6,52.1380123,21.1607765,87.34,52.1380129,21.1607777,28,0.52,0.026,255,0.0,0.0,0.0032,-0.0066,3.092,2.407,-0.18,-0.45,236.78,0.03,0.0,0.06,0.0,108415,999,3,0.38,0.18,-0.03,0.02,48,147,7,0,2.89,-0.28,0.0034,0.0143,17.19,31.24,12.21
134.857,before,-10.5,52.1380122,21.1607765,87.34,52.138013,21.1607777,28,0.52,0.032,255,0.0,0.0,0.005,-0.0243,3.098,2.404,-0.06,-0.54,236.79,0.02,0.0,0.02,0.0,108415,999,3,0.38,0.15,0.01,0.0,48,-34,12,0,2.91,-0.27,0.006,0.0275,21.52,25.88,11.55
134.957,before,-10.4,52.1380122,21.1607765,87.34,52.138013,21.1607777,28,0.52,0.032,255,0.0,0.0,-0.0245,0.0085,3.106,2.402,-0.08,-0.52,236.77,0.02,0.0,0.0,0.0,108415,999,3,0.38,0.15,0.01,0.0,48,-27,-170,0,2.91,-0.27,0.005,0.0253,21.42,23.31,12.86
135.058,before,-10.3,52.1380122,21.1607765,87.34,52.1380129,21.1607778,28,0.52,0.037,255,0.0,0.0,-0.0113,0.0103,3.102,2.404,-0.15,-0.44,236.73,0.07,0.0,0.02,0.01,108415,999,3,0.38,0.17,0.0,-0.05,48,-5,-7,0,2.93,-0.25,0.0119,0.0441,21.64,24.34,13.74
135.157,before,-10.2,52.1380122,21.1607765,87.34,52.1380129,21.1607778,28,0.52,0.037,255,0.0,0.0,0.0256,-0.0006,3.11,2.406,-0.1,-0.46,236.66,0.07,0.0,0.01,0.0,108415,999,3,0.38,0.17,0.0,-0.05,48,-9,162,0,2.94,-0.25,0.0083,0.0323,22.22,25.32,14.28
135.257,before,-10.1,52.1380122,21.1607766,87.34,52.1380128,21.1607779,28,0.52,0.056,255,0.0,0.0,0.0263,-0.0096,3.108,2.407,-0.0,-0.48,236.59,0.04,0.0,0.01,0.01,108415,999,3,0.39,0.16,0.03,-0.01,48,-18,3,0,2.94,-0.25,0.0097,0.0312,22.02,24.11,12.84
135.357,before,-10.0,52.1380122,21.1607766,87.34,52.1380128,21.1607779,28,0.52,0.056,255,0.0,0.0,0.0355,-0.0062,3.104,2.405,0.13,-0.54,236.55,0.04,0.0,0.02,0.01,108415,999,3,0.39,0.16,0.03,-0.01,48,-30,16,0,2.94,-0.25,0.0065,0.02,23.6,25.55,11.73
135.457,before,-9.9,52.1380122,21.1607766,87.34,52.1380128,21.1607779,28,0.52,0.045,255,0.1674,-0.1674,0.0221,-0.0047,3.104,2.402,0.25,-0.61,236.54,0.03,0.0,0.0,0.0,108415,999,3,0.39,0.15,0.01,0.03,48,-21,17,0,2.94,-0.24,0.0068,0.0249,24.71,19.38,14.62
135.557,before,-9.8,52.1380122,21.1607767,87.33,52.1380128,21.1607779,28,0.52,0.045,255,0.0,0.0,-0.0004,-0.0167,3.086,2.398,0.28,-0.75,236.55,0.03,0.0,0.0,0.01,108415,999,3,0.39,0.15,0.01,0.03,48,-22,1,0,2.94,-0.24,0.0052,0.0216,22.82,22.66,11.28
135.657,before,-9.7,52.1380122,21.1607767,87.33,52.1380127,21.1607779,28,0.52,0.028,255,0.0,0.0,0.0093,0.0108,3.09,2.393,0.31,-0.8,236.58,0.01,0.0,0.02,0.01,108415,999,3,0.39,0.17,0.0,0.03,48,-2,22,0,2.94,-0.24,0.0047,0.0143,18.58,23.46,10.38
135.758,before,-9.6,52.1380122,21.1607767,87.32,52.1380127,21.1607779,28,0.52,0.028,255,0.0,0.0,0.0058,0.0332,3.088,2.385,0.34,-0.69,236.62,0.01,0.0,0.01,0.0,108415,999,3,0.39,0.17,0.0,0.03,48,4,-25,0,2.93,-0.24,0.0033,0.0103,21.52,24.62,10.2
135.857,before,-9.5,52.1380121,21.1607767,87.31,52.1380126,21.1607779,28,0.52,0.055,255,0.0,0.0,-0.0128,0.0136,3.082,2.375,0.3,-0.62,236.63,0.01,0.0,0.04,0.0,108415,999,3,0.39,0.17,0.02,-0.02,48,170,-24,0,2.92,-0.25,0.0035,0.0039,24.27,18.8,14.44
135.957,before,-9.4,52.1380121,21.1607767,87.3,52.1380126,21.1607779,28,0.52,0.055,255,0.0,0.0,-0.0123,0.0067,3.062,2.364,0.19,-0.58,236.57,0.01,0.0,0.01,0.01,108415,999,3,0.39,0.17,0.02,-0.02,48,12,-9,0,2.91,-0.25,0.0029,0.0036,26.79,19.78,12.7
136.057,before,-9.3,52.1380121,21.1607767,87.29,52.1380126,21.1607779,28,0.52,0.02,255,0.0,0.0,0.0084,0.0337,3.064,2.352,0.18,-0.53,236.47,0.03,0.0,0.04,0.0,108415,999,3,0.39,0.16,-0.03,0.03,48,8,7,0,2.9,-0.25,0.0025,0.0031,19.55,27.82,13.99
136.157,before,-9.2,52.1380121,21.1607767,87.28,52.1380126,21.1607779,28,0.52,0.02,255,0.0,0.0,-0.0115,0.0193,3.058,2.343,0.26,-0.38,236.4,0.03,0.0,0.0,0.01,108415,999,3,0.39,0.16,-0.03,0.03,48,-36,-36,0,2.9,-0.24,0.0016,0.0043,19.99,21.41,11.86
136.257,before,-9.1,52.138012,21.1607767,87.27,52.1380125,21.160778,28,0.52,0.173,255,0.0,0.0,-0.0178,0.0167,3.06,2.335,0.17,-0.33,236.3,0.05,0.0,0.01,0.01,108415,999,3,0.39,0.16,0.14,-0.03,48,1,-7,0,2.9,-0.25,0.0123,0.0144,17.77,26.91,13.64
136.358,before,-8.999,52.138012,21.1607767,87.26,52.1380125,21.160778,28,0.52,0.173,255,0.0,0.0,0.0127,0.009,3.052,2.33,0.15,-0.29,236.14,0.05,0.0,0.0,0.0,108415,999,3,0.39,0.16,0.14,-0.03,48,-6,-12,0,2.9,-0.24,0.0085,0.0134,18.26,22.65,11.41
136.458,before,-8.899,52.1380119,21.1607767,87.26,52.1380124,21.1607781,28,0.52,0.004,255,0.0,0.0,0.0162,0.0282,3.056,2.328,0.28,-0.19,236.02,0.06,0.0,0.0,0.01,108415,999,3,0.39,0.18,-0.03,0.02,48,-30,-36,0,2.9,-0.24,0.0056,0.0179,19.33,21.79,12.4
136.558,before,-8.799,52.1380119,21.1607767,87.26,52.1380124,21.1607781,28,0.52,0.004,255,0.0,0.0,0.0321,0.0128,3.053,2.325,0.42,-0.11,235.98,0.06,0.0,0.03,0.01,108415,999,3,0.39,0.18,-0.03,0.02,48,-22,-20,0,2.9,-0.23,0.003,0.0089,18.63,24.5,12.89
136.658,before,-8.699,52.1380119,21.1607767,87.25,52.1380123,21.1607781,28,0.52,0.098,255,0.0,0.1673,0.0121,0.0124,3.058,2.319,0.5,-0.05,236.04,0.03,0.0,0.02,0.0,108415,999,3,0.4,0.14,0.07,0.02,48,133,-16,0,2.9,-0.23,0.008,0.0112,23.48,26.96,10.56
136.758,before,-8.599,52.1380119,21.1607767,87.25,52.1380123,21.1607781,28,0.52,0.098,255,0.0,0.0,-0.0054,-0.0132,3.034,2.314,0.48,-0.14,236.08,0.03,0.0,0.01,0.0,108415,999,3,0.4,0.14,0.07,0.02,48,2,7,0,2.89,-0.23,0.0055,0.0084,20.46,31.14,12.5
136.858,before,-8.499,52.1380119,21.1607767,87.24,52.1380122,21.1607781,28,0.52,0.017,255,0.0,0.0,-0.0082,0.0065,3.034,2.306,0.44,-0.15,236.17,0.01,0.0,0.03,0.01,108415,999,3,0.4,0.17,-0.02,-0.01,48,4,16,0,2.88,-0.24,0.0027,0.0062,19.51,27.34,12.56
136.958,before,-8.399,52.1380119,21.1607767,87.23,52.1380122,21.1607781,28,0.52,0.017,255,0.0,0.0,-0.0024,-0.0024,3.042,2.299,0.36,-0.21,236.33,0.01,0.0,0.0,0.02,108415,999,3,0.4,0.17,-0.02,-0.01,48,21,26,0,2.88,-0.23,0.0017,0.0029,19.37,25.17,10.29
137.058,before,-8.299,52.1380118,21.1607767,87.23,52.1380122,21.1607781,28,0.52,0.037,255,0.0,0.0,-0.0043,-0.0023,3.042,2.291,0.38,-0.28,236.47,0.02,0.0,0.04,0.01,108415,999,3,0.4,0.14,0.03,0.0,48,2,22,0,2.88,-0.24,0.0037,0.0062,18.45,22.41,11.29
137.158,before,-8.199,52.1380118,21.1607767,87.22,52.1380122,21.1607781,28,0.52,0.037,255,0.0,0.0,0.007,-0.0019,3.052,2.283,0.38,-0.26,236.59,0.02,0.0,0.0,0.0,108415,999,3,0.4,0.14,0.03,0.0,48,4,-3,0,2.88,-0.25,0.0025,0.004,17.62,27.15,12.02
137.258,before,-8.099,52.1380118,21.1607767,87.21,52.1380123,21.1607782,28,0.52,0.032,255,0.0,0.0,-0.0042,-0.0434,3.05,2.279,0.46,-0.38,236.64,0.04,0.0,0.0,0.01,108415,999,3,0.4,0.13,0.0,-0.01,48,-16,10,0,2.88,-0.25,0.004,0.0104,21.05,24.83,11.59
137.358,before,-7.999,52.1380118,21.1607767,87.21,52.1380123,21.1607782,28,0.52,0.032,255,0.0,0.0,-0.0245,-0.0354,3.038,2.278,0.43,-0.56,236.63,0.04,0.0,0.01,0.02,108415,999,3,0.4,0.13,0.0,-0.01,48,-7,43,0,2.89,-0.24,0.0032,0.0135,24.66,22.57,11.29
137.458,before,-7.899,52.1380118,21.1607768,87.21,52.1380123,21.1607783,27,0.54,0.03,255,0.0,0.0,-0.0345,-0.0431,3.05,2.275,0.36,-0.75,236.56,0.03,0.0,0.03,0.01,108415,999,3,0.4,0.11,0.02,0.0,48,12,24,0,2.89,-0.23,0.0039,0.0112,19.88,20.39,12.66
137.558,before,-7.799,52.1380119,21.1607768,87.21,52.1380123,21.1607783,27,0.54,0.03,255,0.0,-0.1674,-0.0387,0.0162,3.04,2.273,0.11,-0.76,236.47,0.03,0.0,0.01,0.01,108415,999,3,0.4,0.11,0.02,0.0,48,53,13,0,2.89,-0.23,0.0023,0.008,21.8,17.21,10.59
137.658,before,-7.699,52.1380119,21.1607768,87.21,52.1380124,21.1607783,27,0.54,0.004,255,0.0,0.1674,-0.0103,0.0317,3.044,2.272,-0.03,-0.56,236.42,0.02,0.0,0.0,0.0,108415,999,3,0.4,0.12,0.03,-0.01,48,34,-32,0,2.9,-0.23,0.0056,0.0138,16.03,20.86,8.02
137.758,before,-7.599,52.1380119,21.1607768,87.2,52.1380124,21.1607783,27,0.54,0.004,255,0.0,0.0,0.0222,0.0088,3.05,2.269,0.09,-0.46,236.35,0.02,0.0,0.03,0.01,108415,999,3,0.4,0.12,0.03,-0.01,48,6,-14,0,2.88,-0.23,0.0031,0.0048,14.94,22.01,11.92
137.858,before,-7.499,52.1380119,21.1607768,87.2,52.1380124,21.1607783,27,0.54,0.014,255,0.0,0.0,0.0319,-0.0083,3.044,2.263,0.24,-0.48,236.29,0.01,0.0,0.01,0.01,108415,999,3,0.4,0.12,0.02,0.0,48,-5,11,0,2.88,-0.25,0.0039,0.0056,19.03,24.63,12.61
137.958,before,-7.399,52.1380119,21.1607768,87.19,52.1380124,21.1607783,27,0.54,0.014,255,0.0,0.0,0.0172,-0.0022,3.044,2.256,0.3,-0.53,236.25,0.01,0.0,0.0,0.0,108415,999,3,0.4,0.12,0.02,0.0,48,172,31,0,2.88,-0.25,0.0023,0.0037,25.24,28.04,10.62
138.058,before,-7.299,52.138012,21.1607769,87.19,52.1380124,21.1607784,27,0.54,0.033,255,0.0,0.0,0.0011,-0.0147,3.046,2.253,0.27,-0.65,236.18,0.02,0.0,0.02,0.02,108415,999,3,0.4,0.09,0.06,-0.03,48,23,36,0,2.89,-0.23,0.0075,0.0143,22.4,22.27,12.33
138.158,before,-7.199,52.138012,21.1607769,87.18,52.1380124,21.1607784,27,0.54,0.033,255,0.0,0.0,-0.011,0.0075,3.05,2.247,0.15,-0.73,236.09,0.02,0.0,0.05,0.0,108415,999,3,0.4,0.09,0.06,-0.03,48,42,33,0,2.88,-0.24,0.0048,0.0075,20.2,19.14,12.36
138.258,before,-7.099,52.1380119,21.1607769,87.18,52.1380124,21.1607784,27,0.54,0.041,255,0.0,0.0,0.0073,0.0028,3.038,2.242,0.1,-0.77,236.05,0.03,0.0,0.0,0.0,108415,999,3,0.4,0.09,0.06,-0.05,48,23,28,0,2.88,-0.25,0.0096,0.0131,21.76,18.75,13.77
138.358,before,-6.999,52.1380119,21.1607769,87.17,52.1380124,21.1607784,27,0.54,0.041,255,0.0,0.0,0.0277,0.0264,3.044,2.237,0.13,-0.7,236.06,0.03,0.0,0.0,0.01,108415,999,3,0.4,0.09,0.06,-0.05,48,174,10,0,2.88,-0.24,0.0059,0.0096,17.06,15.61,10.15
138.458,before,-6.899,52.1380119,21.1607769,87.17,52.1380124,21.1607785,27,0.54,0.026,255,0.0,0.0,0.0211,-0.0045,3.04,2.237,0.22,-0.7,236.09,0.04,0.0,0.01,0.0,108415,999,3,0.4,0.1,0.04,-0.03,48,2,184,0,2.9,-0.24,0.0091,0.0209,17.8,14.47,10.65
138.558,before,-6.799,52.1380119,21.1607769,87.17,52.1380124,21.1607785,27,0.54,0.026,255,0.0,0.0,0.0045,-0.0233,3.028,2.24,0.22,-0.69,236.14,0.04,0.0,0.01,0.0,108415,999,3,0.4,0.1,0.04,-0.03,48,15,7,0,2.9,-0.22,0.0057,0.0184,17.77,15.34,12.61
138.658,before,-6.699,52.1380119,21.1607769,87.18,52.1380124,21.1607784,28,0.51,0.036,255,0.0,0.0,0.0014,-0.0054,3.028,2.243,0.24,-0.71,236.2,0.02,0.0,0.0,0.01,108415,999,3,0.4,0.09,0.0,0.01,48,-5,-2,0,2.91,-0.2,0.0048,0.0204,16.28,26.8,11.56
138.758,before,-6.599,52.1380119,21.1607769,87.18,52.1380124,21.1607784,28,0.51,0.036,255,-0.1674,0.0,-0.0272,-0.01,3.03,2.247,0.17,-0.64,236.27,0.02,0.0,0.0,0.0,108415,999,3,0.4,0.09,0.0,0.01,48,12,-28,0,2.92,-0.19,0.0032,0.0174,18.41,21.51,10.09
138.858,before,-6.499,52.1380119,21.1607769,87.18,52.1380123,21.1607783,28,0.51,0.087,255,0.0,0.0,-0.005,-0.0001,3.035,2.249,0.12,-0.6,236.32,0.03,0.0,0.0,0.0,108415,999,3,0.4,0.1,0.07,0.02,48,14,-7,0,2.92,-0.19,0.0063,0.0134,22.57,25.72,10.55
138.958,before,-6.399,52.1380119,21.1607769,87.18,52.1380123,21.1607783,28,0.51,0.087,255,0.0,0.0,0.0104,0.0019,3.03,2.247,0.26,-0.56,236.35,0.03,0.0,0.03,0.0,108415,999,3,0.4,0.1,0.07,0.02,48,-20,-24,0,2.91,-0.19,0.004,0.0059,20.5,22.43,11.95
139.058,before,-6.299,52.1380119,21.1607769,87.18,52.1380122,21.1607783,29,0.49,0.048,255,0.0,0.0,-0.0218,0.0149,3.036,2.244,0.29,-0.5,236.38,0.02,0.0,0.0,0.0,108415,999,3,0.39,0.05,0.03,0.01,48,-16,-21,0,2.91,-0.2,0.0051,0.008,17.05,24.76,10.26
139.158,before,-6.199,52.1380119,21.1607768,87.18,52.1380122,21.1607783,29,0.49,0.048,255,0.0,0.0,0.0048,0.0257,3.036,2.242,0.32,-0.42,236.39,0.02,0.0,0.0,0.0,108415,999,3,0.39,0.05,0.03,0.01,48,-1,-31,0,2.91,-0.2,0.0031,0.0076,18.54,20.82,10.08
139.258,before,-6.099,52.1380119,21.1607768,87.18,52.1380122,21.1607782,30,0.48,0.045,255,-0.1674,0.0,0.0082,0.0457,3.028,2.242,0.28,-0.24,236.33,0.03,0.0,0.01,0.0,108415,999,3,0.39,0.09,0.03,0.01,48,20,118,0,2.92,-0.18,0.0051,0.0156,18.84,18.16,11.07
139.358,before,-5.999,52.1380119,21.1607767,87.18,52.1380122,21.1607782,30,0.48,0.045,255,0.0,0.0,-0.0037,0.0298,3.034,2.244,0.16,-0.11,236.27,0.03,0.0,0.0,0.01,108415,999,3,0.39,0.09,0.03,0.01,48,38,-35,0,2.93,-0.18,0.0032,0.0132,18.27,22.91,11.45
139.458,before,-5.899,52.1380119,21.1607767,87.18,52.1380122,21.1607781,29,0.49,0.079,255,0.0,0.0,0.0172,0.0144,3.038,2.243,0.14,-0.03,236.21,0.03,0.0,0.02,0.0,108415,999,3,0.39,0.08,0.08,0.01,48,16,-32,0,2.92,-0.2,0.0073,0.0105,19.13,23.33,10.74
139.558,before,-5.799,52.1380119,21.1607766,87.18,52.1380122,21.1607781,29,0.49,0.079,255,0.0,0.0,-0.0053,-0.0123,3.036,2.244,0.07,-0.03,236.15,0.03,0.0,0.03,0.0,108415,999,3,0.39,0.08,0.08,0.01,48,15,-28,0,2.93,-0.19,0.0043,0.0135,22.87,27.89,11.39
139.658,before,-5.699,52.1380119,21.1607766,87.18,52.1380121,21.160778,30,0.48,0.031,255,0.0,0.0,-0.0172,-0.0035,3.044,2.244,-0.09,-0.07,236.11,0.03,0.0,0.0,0.0,108415,999,3,0.39,0.11,0.08,0.01,48,-132,-3,0,2.93,-0.18,0.0022,0.0088,19.61,24.87,13.8
139.758,before,-5.599,52.1380119,21.1607766,87.18,52.1380121,21.160778,30,0.48,0.031,255,0.0,0.0,-0.0046,0.0001,3.04,2.241,-0.15,-0.07,236.08,0.02,0.0,0.02,0.01,108415,999,3,0.39,0.11,0.06,-0.01,48,23,-179,0,2.93,-0.2,0.0049,0.007,17.84,24.78,12.5
139.858,before,-5.499,52.1380119,21.1607766,87.17,52.1380121,21.1607779,30,0.48,0.03,255,0.0,0.0,-0.0073,-0.0184,3.044,2.235,-0.12,-0.16,236.06,0.01,0.0,0.01,0.01,108415,999,3,0.39,0.11,0.0,0.02,48,-1,10,0,2.92,-0.2,0.0035,0.0083,21.2,26.3,10.39
139.958,before,-5.399,52.1380119,21.1607766,87.16,52.1380121,21.1607779,30,0.48,0.03,255,0.0,0.0,0.0214,-0.0309,3.05,2.229,-0.05,-0.35,236.0,0.01,0.0,0.0,0.0,108415,999,3,0.39,0.11,0.0,0.02,48,2,40,0,2.92,-0.2,0.0025,0.0052,18.24,20.72,11.63
140.058,before,-5.3,52.1380118,21.1607766,87.16,52.1380122,21.1607779,30,0.48,0.015,255,0.0,0.0,0.0206,-0.011,3.044,2.227,-0.03,-0.49,235.89,0.01,0.0,0.03,0.0,108415,999,3,0.39,0.1,0.03,0.0,48,19,28,0,2.93,-0.19,0.0017,0.0076,15.53,31.41,11.96
140.157,before,-5.2,52.1380118,21.1607766,87.16,52.1380122,21.1607779,30,0.48,0.015,255,0.0,0.0,0.0016,-0.0212,3.036,2.224,-0.01,-0.55,235.76,0.01,0.0,0.02,0.01,108415,999,3,0.39,0.1,0.03,0.0,48,4,33,0,2.92,-0.2,0.001,0.0018,21.27,22.97,10.68
140.257,before,-5.1,52.1380118,21.1607766,87.16,52.1380123,21.1607779,30,0.48,0.029,255,0.0,0.0,0.0171,-0.0041,3.03,2.224,0.07,-0.56,235.63,0.04,0.0,0.01,0.01,108415,999,3,0.39,0.12,0.0,0.0,48,-9,19,0,2.94,-0.19,0.0041,0.0127,25.59,23.52,10.04
140.357,before,-5.0,52.1380118,21.1607766,87.16,52.1380123,21.1607779,30,0.48,0.029,255,0.0,0.0,0.0007,-0.0154,3.024,2.223,0.11,-0.53,235.51,0.04,0.0,0.02,0.0,108415,999,3,0.39,0.12,0.0,0.0,48,-10,-11,0,2.93,-0.19,0.0029,0.0057,18.4,24.91,12.3
140.457,before,-4.9,52.1380119,21.1607766,87.15,52.1380124,21.1607779,30,0.48,0.077,255,0.0,0.0,0.0023,-0.007,3.014,2.22,0.16,-0.57,235.43,0.05,0.0,0.04,0.0,108415,999,3,0.39,0.12,-0.01,0.05,48,-20,4,0,2.93,-0.18,0.0067,0.0086,18.62,25.11,11.52
140.557,before,-4.8,52.1380119,21.1607766,87.15,52.1380124,21.1607779,30,0.48,0.077,255,0.0,0.0,-0.0139,0.0131,3.02,2.214,0.2,-0.52,235.45,0.05,0.0,0.04,0.0,108415,999,3,0.39,0.12,-0.01,0.05,48,-10,-2,0,2.92,-0.18,0.0052,0.0106,18.63,21.62,10.1
140.658,before,-4.7,52.1380119,21.1607766,87.14,52.1380125,21.1607778,30,0.48,0.034,255,-0.1675,0.0,-0.0558,0.0069,3.022,2.208,0.04,-0.39,235.56,0.05,0.0,0.01,0.02,108415,999,3,0.39,0.1,-0.01,0.05,48,14,-28,0,2.91,-0.18,0.0046,0.0098,21.62,26.63,10.47
140.758,before,-4.6,52.138012,21.1607766,87.14,52.1380125,21.1607778,30,0.48,0.034,255,0.0,0.0,-0.0424,0.0057,3.018,2.206,-0.14,-0.31,235.7,0.04,0.0,0.01,0.01,108415,999,3,0.39,0.1,0.03,-0.06,48,22,160,0,2.92,-0.18,0.0038,0.0059,17.58,21.44,11.23
140.858,before,-4.5,52.138012,21.1607766,87.14,52.1380125,21.1607779,30,0.48,0.071,255,0.0,0.0,-0.0268,-0.0189,3.02,2.205,-0.32,-0.36,235.86,0.04,0.0,0.0,0.0,108415,999,3,0.39,0.08,0.09,-0.03,48,48,2,0,2.93,-0.17,0.0072,0.0079,15.49,22.87,11.57
140.958,before,-4.4,52.138012,21.1607766,87.14,52.1380125,21.1607779,30,0.48,0.071,255,0.0,0.0,-0.0159,-0.0101,3.03,2.205,-0.37,-0.4,236.01,0.04,0.0,0.0,0.0,108415,999,3,0.39,0.08,0.09,-0.03,48,-152,26,0,2.93,-0.17,0.004,0.0061,17.87,25.14,12.14
141.058,before,-4.3,52.138012,21.1607767,87.14,52.1380126,21.160778,30,0.48,0.021,255,0.0,0.0,0.0131,-0.0233,3.04,2.206,-0.32,-0.51,236.17,0.0,0.0,0.0,0.0,108415,999,3,0.39,0.11,0.0,0.01,48,20,18,0,2.93,-0.18,0.0014,0.0048,21.14,21.27,10.3
141.157,before,-4.2,52.138012,21.1607767,87.14,52.1380126,21.160778,30,0.48,0.021,255,0.0,0.0,0.0221,-0.0176,3.032,2.206,-0.2,-0.59,236.33,0.0,0.0,0.0,0.01,108415,999,3,0.39,0.11,0.0,0.01,48,-20,39,0,2.93,-0.18,0.0008,0.003,23.78,25.19,9.57
141.257,before,-4.1,52.138012,21.1607767,87.14,52.1380127,21.160778,30,0.48,0.032,255,0.0,0.0,0.0113,-0.0234,3.03,2.207,-0.09,-0.74,236.43,0.01,0.0,0.02,0.0,108415,999,3,0.39,0.08,0.01,-0.03,48,-22,31,0,2.94,-0.17,0.0031,0.009,20.66,20.06,12.76
141.357,before,-4.0,52.138012,21.1607768,87.14,52.1380127,21.160778,30,0.48,0.032,255,0.0,0.0,0.0108,-0.0016,3.02,2.204,-0.06,-0.78,236.46,0.01,0.0,0.04,0.01,108415,999,3,0.39,0.08,0.01,-0.03,48,-10,-147,0,2.93,-0.17,0.0029,0.0069,16.15,25.67,12.07
141.457,before,-3.9,52.138012,21.1607768,87.13,52.1380127,21.1607781,30,0.48,0.038,255,0.0,0.0,0.0002,-0.0167,3.036,2.199,-0.02,-0.74,236.45,0.01,0.0,0.0,0.01,108415,999,3,0.39,0.09,0.03,-0.02,48,-6,-20,0,2.93,-0.18,0.0031,0.0061,19.43,24.6,12.15
141.557,before,-3.8,52.1380121,21.1607768,87.13,52.1380127,21.1607781,30,0.48,0.038,255,0.1674,0.0,-0.0123,-0.0202,3.026,2.196,-0.02,-0.81,236.43,0.01,0.0,0.01,0.01,108415,999,3,0.39,0.09,0.03,-0.02,48,-9,7,0,2.94,-0.18,0.0022,0.0034,20.13,19.05,10.37
141.658,before,-3.699,52.1380121,21.1607769,87.13,52.1380127,21.1607781,30,0.48,0.008,255,0.0,0.0,0.0032,-0.0064,3.01,2.194,0.1,-0.82,236.4,0.01,0.0,0.01,0.0,108415,999,3,0.39,0.11,0.03,-0.02,48,-17,20,0,2.94,-0.18,0.0021,0.0042,16.65,16.29,9.51
141.758,before,-3.6,52.1380121,21.1607769,87.13,52.1380127,21.1607781,30,0.48,0.008,255,0.0,0.0,0.0092,0.0064,3.01,2.193,0.17,-0.8,236.38,0.0,0.0,0.01,0.02,108415,999,3,0.39,0.11,0.02,0.0,48,0,8,0,2.94,-0.16,0.0013,0.0053,18.86,19.08,10.43
141.858,before,-3.5,52.1380121,21.1607769,87.13,52.1380127,21.1607782,30,0.48,0.056,255,0.0,0.1674,-0.009,0.019,3.018,2.193,0.16,-0.76,236.35,0.01,0.0,0.02,0.0,108415,999,3,0.39,0.09,-0.03,0.02,48,20,3,0,2.95,-0.15,0.0056,0.011,16.99,21.66,10.59
141.957,before,-3.4,52.1380121,21.1607768,87.13,52.1380127,21.1607782,30,0.48,0.056,255,0.0,0.0,0.0125,0.0329,3.026,2.192,0.07,-0.7,236.32,0.01,0.0,0.0,0.0,108415,999,3,0.39,0.09,-0.03,0.02,48,53,5,0,2.95,-0.15,0.0048,0.0086,15.01,21.44,13.37
142.058,before,-3.3,52.1380121,21.1607768,87.13,52.1380127,21.1607781,30,0.48,0.058,255,-0.1674,0.0,-0.0276,0.0317,3.018,2.193,-0.12,-0.59,236.31,0.02,0.0,0.03,0.01,108415,999,3,0.39,0.1,0.05,0.04,48,-111,-23,0,2.95,-0.14,0.0048,0.0105,15.32,24.51,12.76
142.158,before,-3.2,52.1380121,21.1607768,87.13,52.1380127,21.1607781,30,0.48,0.058,255,0.0,0.0,-0.0071,0.0084,3.016,2.195,-0.24,-0.51,236.35,0.02,0.0,0.0,0.01,108415,999,3,0.39,0.1,0.05,0.04,48,44,-27,0,2.95,-0.14,0.0038,0.0085,19.07,22.82,13.63
142.257,before,-3.1,52.1380121,21.1607768,87.13,52.1380127,21.1607781,30,0.48,0.015,255,0.0,0.0,-0.016,0.014,3.024,2.198,-0.26,-0.4,236.4,0.0,0.0,0.03,0.01,108415,999,3,0.39,0.11,0.01,-0.01,48,3,-8,0,2.96,-0.13,0.001,0.0107,20.32,19.0,11.31
142.357,before,-3.0,52.1380122,21.1607768,87.13,52.1380127,21.1607781,30,0.48,0.015,255,0.0,0.0,-0.0088,0.0037,3.028,2.198,-0.23,-0.37,236.48,0.0,0.0,0.02,0.01,108415,999,3,0.39,0.11,0.01,-0.01,48,5,145,0,2.96,-0.15,0.0016,0.0027,23.67,26.57,10.71
142.457,before,-2.9,52.1380122,21.1607768,87.13,52.1380126,21.1607781,30,0.48,0.03,255,0.0,0.0,-0.0173,-0.0055,3.014,2.197,-0.3,-0.4,236.57,0.01,0.0,0.0,0.01,108415,999,3,0.39,0.06,0.02,0.0,48,17,-1,0,2.96,-0.15,0.0013,0.0012,24.24,20.52,11.02
142.557,before,-2.8,52.1380121,21.1607768,87.13,52.1380126,21.1607781,30,0.48,0.03,255,0.0,-0.1674,-0.0095,-0.0171,3.028,2.196,-0.36,-0.47,236.64,0.01,0.0,0.0,0.0,108415,999,3,0.39,0.06,0.02,0.0,48,24,9,0,2.95,-0.15,0.0012,0.0016,17.9,19.38,12.17
142.657,before,-2.7,52.1380121,21.1607768,87.13,52.1380126,21.1607781,30,0.48,0.018,255,0.0,0.0,0.0154,-0.0033,3.024,2.194,-0.35,-0.51,236.7,0.0,0.0,0.0,0.0,108415,999,3,0.39,0.08,0.0,0.0,48,9,4,0,2.96,-0.15,0.0013,0.0012,16.65,28.67,13.04
142.758,before,-2.6,52.1380121,21.1607768,87.13,52.1380126,21.1607781,30,0.48,0.018,255,0.0,0.0,0.0153,0.0007,3.018,2.194,-0.29,-0.51,236.77,0.0,0.0,0.01,0.0,108415,999,3,0.39,0.08,0.0,0.0,48,0,-8,0,2.96,-0.14,0.0015,0.0023,22.91,18.59,13.16
142.858,before,-2.5,52.1380121,21.1607768,87.13,52.1380127,21.1607781,30,0.48,0.028,255,0.0,0.0,0.0121,-0.0199,3.02,2.192,-0.27,-0.57,236.82,0.02,0.0,0.0,0.01,108415,999,3,0.39,0.11,-0.02,0.01,48,-1,17,0,2.96,-0.14,0.0047,0.0058,18.42,15.36,9.72
142.958,before,-2.399,52.1380121,21.1607768,87.12,52.1380127,21.1607781,30,0.48,0.028,255,0.0,0.0,0.0212,0.0014,3.008,2.188,-0.14,-0.66,236.86,0.02,0.0,0.02,0.0,108415,999,3,0.39,0.11,-0.02,0.01,48,-25,31,0,2.95,-0.15,0.0045,0.0098,18.32,17.91,10.36
143.057,before,-2.3,52.1380121,21.1607768,87.12,52.1380126,21.1607781,30,0.48,0.038,255,0.1674,0.0,0.0123,-0.0192,3.006,2.184,-0.03,-0.77,236.86,0.01,0.0,0.0,0.01,108415,999,3,0.39,0.11,0.02,0.02,48,-29,19,0,2.95,-0.14,0.0037,0.0079,17.2,20.79,12.0
143.157,before,-2.2,52.1380121,21.1607768,87.11,52.1380126,21.1607781,30,0.48,0.038,255,0.0,-0.1674,0.0327,0.0043,3.004,2.18,0.02,-0.91,236.81,0.01,0.0,0.0,0.01,108415,999,3,0.39,0.11,0.02,0.02,48,0,29,0,2.95,-0.14,0.0031,0.0066,14.95,28.93,11.15
143.257,before,-2.1,52.1380121,21.1607768,87.11,52.1380126,21.1607781,30,0.48,0.023,255,0.1675,0.0,0.012,0.0284,3.006,2.178,0.05,-0.84,236.73,0.0,0.0,0.02,0.0,108415,999,3,0.39,0.12,0.0,0.0,48,-4,-18,0,2.95,-0.13,0.0021,0.0025,13.8,32.95,12.43
143.357,before,-2.0,52.1380121,21.1607768,87.11,52.1380126,21.1607781,30,0.48,0.023,255,0.0,0.0,0.0294,0.0215,3.012,2.173,0.13,-0.68,236.65,0.0,0.0,0.04,0.02,108415,999,3,0.39,0.12,0.0,0.0,48,-7,-30,0,2.94,-0.13,0.0032,0.0108,17.4,21.61,11.63
143.457,before,-1.9,52.1380121,21.1607768,87.1,52.1380126,21.1607782,30,0.48,0.007,255,0.0,0.0,-0.025,0.03,3.014,2.167,0.16,-0.45,236.63,0.02,0.0,0.01,0.01,108415,999,3,0.39,0.12,-0.01,0.03,48,149,96,0,2.93,-0.15,0.0054,0.0144,22.98,21.7,11.19
143.557,before,-1.8,52.1380121,21.1607767,87.1,52.1380126,21.1607782,30,0.48,0.007,255,0.0,0.0,-0.0209,0.0175,3.004,2.161,0.15,-0.3,236.6,0.02,0.0,0.0,0.0,108415,999,3,0.39,0.12,-0.01,0.03,48,-4,-38,0,2.94,-0.15,0.004,0.0096,23.87,23.74,10.81
143.658,before,-1.7,52.1380121,21.1607767,87.09,52.1380125,21.1607782,30,0.48,0.036,255,0.0,0.0,-0.0151,-0.0116,3.008,2.157,0.05,-0.31,236.6,0.02,0.0,0.0,0.01,108415,999,3,0.39,0.11,-0.01,0.03,48,8,-1,0,2.93,-0.15,0.0031,0.0066,19.97,22.43,12.7
143.758,before,-1.6,52.1380121,21.1607767,87.09,52.1380125,21.1607782,30,0.48,0.036,255,0.0,0.0,-0.0189,-0.0095,3.016,2.155,-0.14,-0.37,236.61,0.01,0.0,0.01,0.01,108415,999,3,0.39,0.11,0.02,0.02,48,36,7,0,2.94,-0.14,0.0023,0.0032,17.71,21.76,12.71
143.857,before,-1.5,52.1380121,21.1607767,87.09,52.1380125,21.1607782,30,0.48,0.039,255,0.0,0.0,-0.0081,-0.0055,3.024,2.156,-0.27,-0.38,236.62,0.02,0.0,0.01,0.0,108415,999,3,0.39,0.1,0.05,-0.01,48,35,8,0,2.95,-0.14,0.004,0.0079,18.03,22.6,12.85
143.957,before,-1.4,52.1380121,21.1607767,87.09,52.1380125,21.1607782,30,0.48,0.039,255,0.0,0.0,0.0057,0.0144,3.016,2.158,-0.29,-0.37,236.63,0.02,0.0,0.0,0.0,108415,999,3,0.39,0.1,0.05,-0.01,48,4,12,0,2.95,-0.16,0.0022,0.0042,15.52,29.05,12.2
144.057,before,-1.3,52.1380121,21.1607767,87.09,52.1380125,21.1607782,30,0.51,0.019,255,0.0,0.0,0.0152,-0.0038,3.028,2.159,-0.19,-0.42,236.61,0.01,0.0,0.0,0.0,108415,999,3,0.39,0.1,-0.01,-0.01,48,-17,8,0,2.95,-0.16,0.0028,0.0071,17.89,18.99,10.44
144.157,before,-1.2,52.1380121,21.1607767,87.1,52.1380125,21.1607782,30,0.51,0.019,255,0.0,0.0,0.0145,-0.0016,3.016,2.161,-0.12,-0.52,236.59,0.01,0.0,0.01,0.0,108415,999,3,0.39,0.1,-0.01,-0.01,48,-8,34,0,2.96,-0.14,0.0022,0.0074,17.68,14.73,9.52
144.257,before,-1.1,52.1380121,21.1607768,87.1,52.1380125,21.1607782,30,0.51,0.017,255,0.0,0.0,0.0341,-0.0094,3.016,2.164,0.0,-0.62,236.55,0.01,0.0,0.01,0.0,108415,999,3,0.39,0.11,0.01,0.0,48,-25,37,0,2.97,-0.13,0.0026,0.0111,22.88,20.11,9.67
144.358,before,-1.0,52.1380121,21.1607768,87.1,52.1380125,21.1607782,30,0.51,0.017,255,0.0,0.0,0.0234,-0.0023,3.018,2.169,0.09,-0.67,236.52,0.01,0.0,0.04,0.01,108415,999,3,0.39,0.11,0.01,0.0,48,-6,22,0,2.98,-0.11,0.0038,0.0196,15.59,24.34,10.52
144.457,before,-0.9,52.1380121,21.1607768,87.11,52.1380125,21.1607782,29,0.51,0.024,255,0.0,0.0,0.0231,-0.0123,3.016,2.172,0.17,-0.7,236.48,0.02,0.0,0.04,0.0,108415,999,3,0.39,0.12,0.01,0.02,48,-28,-4,0,2.97,-0.13,0.0015,0.0009,15.6,23.86,12.11
144.558,before,-0.8,52.1380121,21.1607768,87.11,52.1380125,21.1607782,29,0.51,0.024,255,0.0,0.0,-0.0079,0.0035,3.006,2.172,0.2,-0.62,236.44,0.02,0.0,0.03,0.01,108415,999,3,0.39,0.12,0.01,0.02,48,-42,-6,0,2.98,-0.12,0.0013,0.0077,17.49,23.41,12.45
144.658,before,-0.699,52.1380121,21.1607768,87.11,52.1380126,21.1607782,30,0.51,0.052,255,0.0,0.1674,-0.0394,0.0109,3.01,2.171,0.14,-0.53,236.42,0.02,0.0,0.03,0.01,108415,999,3,0.39,0.11,0.01,0.02,48,-10,0,0,2.97,-0.11,0.0017,0.0042,21.35,18.95,12.04
144.758,before,-0.6,52.1380121,21.1607768,87.1,52.1380126,21.1607782,30,0.51,0.052,255,0.0,0.1674,-0.0009,0.0138,3.008,2.166,0.19,-0.38,236.41,0.03,0.0,0.01,0.0,108415,999,3,0.39,0.11,-0.04,0.02,48,1,-27,0,2.97,-0.12,0.0052,0.0073,21.15,21.05,10.07
144.857,before,-0.5,52.1380121,21.1607768,87.1,52.1380127,21.1607782,30,0.51,0.009,255,0.0,0.0,-0.0286,-0.0038,3.012,2.16,0.01,-0.37,236.42,0.01,0.0,0.05,0.01,108415,999,3,0.39,0.12,0.0,-0.02,48,37,0,0,2.95,-0.13,0.0063,0.018,21.88,23.15,11.97
144.957,before,-0.4,52.1380121,21.1607768,87.09,52.1380127,21.1607782,30,0.51,0.009,255,0.0,0.0,-0.0273,-0.0359,3.016,2.153,-0.2,-0.4,236.41,0.01,0.0,0.0,0.0,108415,999,3,0.39,0.12,0.0,-0.02,48,40,-8,0,2.95,-0.14,0.0046,0.0135,18.79,25.1,12.69
145.058,before,-0.3,52.1380121,21.1607768,87.09,52.1380128,21.1607782,30,0.51,0.049,255,0.0,0.0,-0.0294,-0.0291,3.018,2.151,-0.31,-0.62,236.34,0.02,0.01,0.03,0.0,108415,999,3,0.39,0.11,-0.03,-0.02,48,22,54,0,2.97,-0.13,0.0072,0.0113,15.5,28.05,11.76
145.157,before,-0.2,52.1380121,21.1607768,87.09,52.1380128,21.1607782,30,0.51,0.049,255,0.0,0.0,0.0135,0.0012,3.02,2.151,-0.25,-0.69,236.25,0.02,0.01,0.0,0.0,108415,999,3,0.39,0.11,-0.03,-0.02,48,-20,-148,0,2.97,-0.13,0.005,0.008,19.86,23.52,11.71
145.257,before,-0.1,52.1380121,21.1607768,87.09,52.1380128,21.1607782,30,0.51,0.007,255,0.0,0.0,0.0258,0.0046,3.028,2.151,-0.17,-0.74,236.15,0.03,0.0,0.01,0.01,108415,1507,3,0.39,0.12,0.01,-0.03,48,-13,23,0,2.97,-0.13,0.0058,0.0096,20.67,24.03,11.25
145.358,flow_only,0.001,52.1380122,21.1607768,87.09,52.1380128,21.1607782,30,0.51,0.007,255,0.0,0.0,0.0264,0.0025,3.032,2.153,-0.11,-0.83,236.09,0.03,0.0,0.03,0.0,108415,1507,3,0.39,0.12,0.01,-0.03,48,-4,42,0,2.98,-0.13,0.0045,0.0121,17.08,16.93,10.54
145.457,flow_only,0.1,52.1380122,21.1607768,87.09,52.1380129,21.1607782,30,0.51,0.052,255,0.0,0.0,0.0153,-0.0003,3.014,2.158,-0.06,-0.83,236.1,0.03,0.0,0.04,0.0,108415,1507,3,0.39,0.1,0.01,-0.03,48,-21,-1,0,2.99,-0.12,0.0047,0.019,16.18,24.46,11.88
145.557,flow_only,0.2,52.1380122,21.1607768,87.1,52.1380129,21.1607782,30,0.51,0.052,255,0.0,0.0,-0.0175,0.0098,3.02,2.163,-0.06,-0.7,236.18,0.03,0.0,0.0,0.0,108415,1507,3,0.39,0.1,0.01,-0.03,48,-44,-26,0,2.99,-0.12,0.0042,0.0123,17.41,28.73,11.55
145.658,flow_only,0.3,52.1380122,21.1607768,87.1,52.1380129,21.1607782,30,0.51,0.036,255,0.0,0.0,-0.0286,0.0013,3.01,2.166,-0.1,-0.62,236.31,0.03,0.0,0.01,0.0,108415,1507,3,0.39,0.11,0.01,-0.03,48,5,-26,0,3.0,-0.1,0.0042,0.0122,20.73,20.45,10.72
145.758,flow_only,0.4,52.1380122,21.1607768,87.1,52.1380129,21.1607782,30,0.51,0.036,255,0.0,0.0,-0.0306,0.027,3.018,2.168,-0.24,-0.53,236.52,0.03,0.0,0.0,0.0,108415,1507,3,0.39,0.11,0.01,-0.03,48,24,-7,0,3.0,-0.1,0.0022,0.0079,26.66,29.93,9.13
145.857,flow_only,0.5,52.1380122,21.1607767,87.1,52.138013,21.1607781,30,0.51,0.053,255,0.0,0.0,-0.031,0.0164,3.026,2.168,-0.32,-0.38,236.75,0.03,0.0,0.01,0.0,108415,1507,3,0.39,0.1,0.01,-0.03,48,-158,117,0,2.99,-0.11,0.0088,0.0129,23.86,24.19,10.13
145.957,flow_only,0.6,52.1380122,21.1607767,87.1,52.138013,21.1607781,30,0.51,0.053,255,0.0,0.0,0.0018,-0.0132,3.016,2.166,-0.4,-0.42,236.99,0.03,0.0,0.01,0.0,108415,1507,3,0.39,0.1,0.01,-0.03,48,36,-13,0,2.99,-0.12,0.0026,0.0067,19.92,23.38,12.54
146.058,flow_only,0.7,52.1380122,21.1607766,87.1,52.138013,21.1607781,30,0.51,0.065,255,0.0,0.0,0.0004,-0.0301,3.014,2.163,-0.4,-0.53,237.14,0.03,0.0,0.0,0.0,108415,1507,3,0.39,0.1,0.01,-0.03,48,0,7,0,2.99,-0.11,0.0029,0.0069,16.2,31.88,12.45
146.157,flow_only,0.8,52.1380122,21.1607766,87.09,52.138013,21.1607781,30,0.51,0.065,255,0.0,0.0,-0.0093,-0.0226,3.01,2.159,-0.44,-0.6,237.25,0.03,0.0,0.02,0.03,108415,1507,3,0.39,0.1,0.01,-0.03,48,7,0,0,2.98,-0.11,0.003,0.0104,14.73,26.56,12.45
146.257,flow_only,0.9,52.1380122,21.1607765,87.09,52.138013,21.160778,30,0.51,0.035,255,0.0,0.0,0.0195,0.0161,3.006,2.153,-0.28,-0.51,237.3,0.03,0.0,0.03,0.0,108415,1507,3,0.39,0.1,0.01,-0.03,48,-10,0,0,2.97,-0.11,0.0034,0.0154,16.45,18.93,11.27
146.357,flow_only,1.0,52.1380122,21.1607765,87.08,52.138013,21.160778,30,0.51,0.035,255,0.0,0.0,0.0258,0.0262,3.018,2.146,-0.1,-0.4,237.3,0.03,0.0,0.0,0.0,108415,1507,3,0.39,0.1,0.01,-0.03,48,-11,-4,0,2.97,-0.12,0.0039,0.0117,17.63,16.55,10.21
146.457,flow_only,1.1,52.1380122,21.1607765,87.08,52.138013,21.1607781,30,0.51,0.012,255,0.0,0.0,0.0066,0.0203,3.014,2.143,-0.08,-0.32,237.29,0.03,0.0,0.01,0.0,108415,1507,3,0.39,0.12,0.01,-0.03,48,173,-8,0,2.97,-0.12,0.0072,0.0108,17.68,16.42,10.07
146.557,flow_only,1.2,52.1380122,21.1607766,87.08,52.138013,21.1607781,30,0.51,0.012,255,0.0,0.0,0.02,-0.0036,3.014,2.142,-0.12,-0.33,237.28,0.03,0.0,0.02,0.01,108415,1507,3,0.39,0.12,0.01,-0.03,48,28,-5,0,2.98,-0.11,0.0063,0.0105,18.4,16.04,9.86
146.657,flow_only,1.3,52.1380122,21.1607766,87.08,52.138013,21.1607782,30,0.51,0.04,255,0.0,0.0,0.0154,-0.0147,3.014,2.141,-0.12,-0.43,237.26,0.03,0.0,0.01,0.0,108415,1507,3,0.39,0.1,0.01,-0.03,48,0,34,0,2.97,-0.11,0.0019,0.0042,18.95,18.51,8.61
146.757,flow_only,1.4,52.1380122,21.1607766,87.08,52.138013,21.1607782,30,0.51,0.04,255,0.0,0.0,0.0183,-0.0051,3.018,2.14,-0.09,-0.48,237.21,0.03,0.0,0.0,0.0,108415,1507,3,0.39,0.1,0.01,-0.03,48,0,8,0,2.98,-0.11,0.0021,0.0046,18.77,15.42,7.81
146.857,flow_only,1.5,52.1380122,21.1607766,87.08,52.1380131,21.1607782,30,0.51,0.014,255,0.0,0.0,-0.0266,-0.0122,3.016,2.143,-0.13,-0.48,237.17,0.03,0.0,0.05,0.01,108415,1507,3,0.39,0.12,0.01,-0.03,48,160,-9,0,3.0,-0.09,0.0096,0.0215,21.11,15.25,9.87
146.957,flow_only,1.6,52.1380122,21.1607766,87.08,52.1380131,21.1607782,30,0.51,0.014,255,0.0,0.0,-0.0317,-0.0165,3.016,2.146,-0.14,-0.51,237.1,0.03,0.0,0.0,0.0,108415,1507,3,0.39,0.12,0.01,-0.03,48,-19,-2,0,2.99,-0.09,0.0052,0.0118,15.17,20.71,10.26
147.058,flow_only,1.7,52.1380122,21.1607765,87.09,52.1380131,21.1607782,30,0.51,0.006,255,0.0,0.0,0.002,0.0016,3.014,2.151,-0.12,-0.54,237.05,0.03,0.0,0.03,0.01,108415,1507,3,0.39,0.12,0.01,-0.03,48,-185,8,0,3.01,-0.09,0.0154,0.0304,16.24,16.66,10.75
147.158,flow_only,1.8,52.1380122,21.1607765,87.09,52.1380131,21.1607782,30,0.51,0.006,255,0.0,0.0,-0.0134,0.004,3.002,2.157,-0.23,-0.54,237.03,0.03,0.0,0.0,0.02,108415,1507,3,0.39,0.12,0.01,-0.03,48,33,-6,0,3.01,-0.08,0.0086,0.019,15.5,17.11,11.46
147.257,flow_only,1.9,52.1380122,21.1607765,87.09,52.1380131,21.1607783,30,0.51,0.024,255,0.0,0.0,-0.0457,0.0085,3.008,2.157,-0.48,-0.5,237.01,0.03,0.0,0.06,0.01,108415,1507,3,0.39,0.11,0.01,-0.03,48,25,-8,0,2.99,-0.08,0.0038,0.0125,15.65,21.07,11.08
147.357,flow_only,2.0,52.1380122,21.1607765,87.09,52.1380131,21.1607783,30,0.51,0.024,255,0.0,0.0,-0.019,-0.0118,3.014,2.154,-0.67,-0.52,236.99,0.03,0.0,0.0,0.02,108415,1507,3,0.39,0.11,0.01,-0.03,48,-112,1,0,2.99,-0.09,0.0065,0.0137,14.88,30.28,10.91
147.457,flow_only,2.1,52.1380123,21.1607764,87.09,52.1380131,21.1607784,30,0.51,0.031,255,0.1674,0.0,0.0536,-0.024,3.012,2.15,-0.53,-0.73,236.92,0.03,0.0,0.0,0.0,108415,1507,3,0.39,0.12,0.01,-0.03,48,12,40,0,2.99,-0.1,0.011,0.0222,18.34,21.36,11.36
147.557,flow_only,2.2,52.1380124,21.1607765,87.08,52.1380131,21.1607784,30,0.51,0.031,255,0.1674,-0.1674,0.0283,0.0322,3.01,2.148,-0.42,-0.74,236.9,0.03,0.0,0.01,0.0,108415,1507,3,0.39,0.12,0.01,-0.03,48,-21,-138,0,3.0,-0.09,0.0197,0.037,21.53,22.3,11.23
147.658,flow_only,2.3,52.1380125,21.1607765,87.08,52.1380131,21.1607785,30,0.51,0.021,255,0.0,0.0,-0.0742,0.0059,3.008,2.145,-0.58,-0.54,236.94,0.03,0.0,0.02,0.0,108415,1507,3,0.39,0.12,0.01,-0.03,48,-3,-53,0,2.99,-0.1,0.0187,0.0368,23.01,20.85,9.73
147.758,flow_only,2.4,52.1380126,21.1607766,87.08,52.1380131,21.1607785,30,0.51,0.021,255,0.0,0.0,-0.0196,-0.0651,3.014,2.144,-0.83,-0.87,236.96,0.03,0.0,0.03,0.0,108415,1507,3,0.39,0.12,0.01,-0.03,48,52,67,0,3.0,-0.1,0.0071,0.0144,18.45,23.67,12.62
147.858,flow_only,2.5,52.1380126,21.1607767,87.08,52.1380131,21.1607786,30,0.51,0.069,255,0.0,0.0,0.0079,-0.0842,3.004,2.146,-0.87,-1.23,236.91,0.03,0.0,0.0,0.0,108415,1507,3,0.38,0.1,0.01,-0.03,48,11,58,0,3.0,-0.08,0.008,0.0148,15.05,22.74,11.3
147.957,flow_only,2.6,52.1380125,21.1607767,87.08,52.1380131,21.1607786,30,0.51,0.069,255,0.0,0.0,0.0262,0.0035,3.012,2.148,-0.62,-1.29,236.83,0.03,0.0,0.01,0.02,108415,1507,3,0.38,0.1,0.01,-0.03,48,-61,-12,0,3.01,-0.08,0.0044,0.0115,14.98,29.8,12.09
148.058,flow_only,2.7,52.1380126,21.1607767,87.08,52.138013,21.1607787,30,0.51,0.008,255,0.1673,0.1673,0.0619,0.0681,3.002,2.149,-0.33,-1.09,236.75,0.03,0.0,0.01,0.0,108415,1507,3,0.38,0.11,0.01,-0.03,48,-71,-49,0,3.01,-0.08,0.0104,0.0205,18.85,22.88,10.73
148.157,flow_only,2.8,52.1380126,21.1607768,87.08,52.138013,21.1607787,30,0.51,0.008,255,0.0,0.1674,-0.0288,0.0123,3.01,2.15,-0.43,-0.85,236.74,0.03,0.0,0.0,0.01,108415,1507,3,0.38,0.11,0.01,-0.03,48,137,-68,0,3.01,-0.07,0.0083,0.017,20.67,21.31,11.18
148.257,flow_only,2.9,52.1380126,21.1607769,87.09,52.1380129,21.1607788,29,0.51,0.075,255,0.0,0.0,0.0033,-0.0184,3.004,2.151,-0.5,-0.97,236.66,0.03,0.0,0.01,0.0,108415,1507,3,0.38,0.09,0.01,-0.03,48,16,13,0,3.02,-0.06,0.0088,0.0188,17.45,17.38,11.45
148.358,flow_only,3.0,52.1380126,21.160777,87.09,52.1380129,21.1607788,29,0.51,0.075,255,0.1674,0.0,0.0781,-0.0126,2.992,2.153,-0.26,-1.18,236.56,0.03,0.0,0.0,0.01,108415,1507,3,0.38,0.09,0.01,-0.03,48,-25,30,0,3.02,-0.07,0.002,0.0057,16.25,14.22,12.16
148.457,flow_only,3.1,52.1380126,21.1607771,87.09,52.1380128,21.1607788,30,0.51,0.038,255,0.0,0.0,-0.0024,0.0433,3.0,2.154,-0.14,-0.99,236.54,0.03,0.0,0.0,0.01,108415,1507,3,0.38,0.1,0.01,-0.03,48,-73,-34,0,3.02,-0.06,0.0022,0.0063,15.51,25.73,10.68
148.557,flow_only,3.2,52.1380125,21.1607771,87.09,52.1380128,21.1607788,30,0.51,0.038,255,0.0,0.0,0.0076,0.0041,3.002,2.155,-0.06,-0.9,236.52,0.03,0.0,0.0,0.01,108415,1507,3,0.38,0.1,0.01,-0.03,48,-22,-49,0,3.02,-0.06,0.006,0.0126,17.94,21.89,10.91
148.657,flow_only,3.3,52.1380125,21.1607773,87.09,52.1380127,21.1607788,30,0.51,0.097,255,0.0,0.0,-0.0238,0.0168,3.004,2.155,-0.1,-0.84,236.49,0.03,0.0,0.02,0.0,108415,1507,3,0.38,0.14,0.01,-0.03,48,-22,-11,0,3.01,-0.07,0.0095,0.0206,22.87,18.66,9.32
148.758,flow_only,3.4,52.1380124,21.1607774,87.09,52.1380127,21.1607788,30,0.51,0.097,255,0.0,0.0,0.0139,-0.0349,2.99,2.15,-0.05,-0.9,236.44,0.03,0.0,0.04,0.01,108415,1507,3,0.38,0.14,0.01,-0.03,48,-10,-25,0,3.0,-0.09,0.0076,0.0235,24.07,27.49,9.75
148.857,flow_only,3.5,52.1380124,21.1607774,87.08,52.1380125,21.1607788,30,0.51,0.135,255,0.0,0.0,0.031,-0.0246,2.988,2.143,0.06,-1.05,236.41,0.03,0.0,0.0,0.01,108415,1507,3,0.38,0.15,0.01,-0.03,48,-32,22,0,2.99,-0.08,0.0037,0.0162,22.2,19.08,11.42
148.957,flow_only,3.6,52.1380124,21.1607774,87.07,52.1380125,21.1607788,30,0.51,0.135,255,0.0,0.0,0.0039,-0.0454,3.0,2.136,0.14,-1.23,236.34,0.03,0.0,0.02,0.0,108415,1507,3,0.38,0.15,0.01,-0.03,48,114,13,0,2.98,-0.08,0.0079,0.0243,18.78,23.49,11.82
149.058,flow_only,3.7,52.1380122,21.1607775,87.06,52.1380124,21.1607786,30,0.51,0.075,255,0.0,0.0,0.0169,0.0263,2.992,2.129,0.25,-1.18,236.32,0.03,0.0,0.01,0.0,108415,1507,3,0.39,0.1,0.01,-0.03,48,134,-23,0,2.98,-0.09,0.014,0.0336,15.43,30.81,12.01
149.158,flow_only,3.8,52.1380121,21.1607774,87.06,52.1380124,21.1607786,30,0.51,0.075,255,0.0,0.0,-0.0212,0.0878,2.98,2.126,0.34,-0.78,236.38,0.03,0.0,0.04,0.0,108415,1507,3,0.39,0.1,0.01,-0.03,48,-57,80,0,3.0,-0.08,0.0191,0.0415,19.31,22.66,10.1
149.258,flow_only,3.9,52.138012,21.1607773,87.07,52.1380123,21.1607786,30,0.51,0.099,255,0.0,0.1674,-0.0001,0.0217,2.988,2.13,0.25,-0.57,236.43,0.03,0.0,0.03,0.0,100223,1507,3,0.39,0.09,0.01,-0.03,48,7,105,0,3.01,-0.06,0.0159,0.0368,19.43,19.87,9.95
149.357,flow_only,4.0,52.1380119,21.1607771,87.07,52.1380123,21.1607786,30,0.51,0.099,255,0.0,0.0,0.0369,-0.0007,2.996,2.137,0.33,-0.51,236.43,0.03,0.0,0.02,0.0,100223,1507,3,0.39,0.09,0.01,-0.03,48,-14,-30,0,3.02,-0.04,0.0173,0.0416,14.54,18.0,12.75
149.457,flow_only,4.1,52.1380118,21.1607769,87.08,52.1380122,21.1607785,30,0.51,0.1,255,0.0,0.1674,0.0115,0.0338,3.004,2.144,0.52,-0.3,236.45,0.03,0.0,0.0,0.01,100223,1507,3,0.39,0.09,0.01,-0.03,48,-32,107,0,3.02,-0.04,0.0189,0.0434,15.39,21.99,11.31
149.558,flow_only,4.2,52.1380117,21.1607766,87.08,52.1380122,21.1607785,30,0.51,0.1,255,0.1674,0.1674,-0.03,0.0677,3.008,2.149,0.54,0.09,236.52,0.03,0.0,0.01,0.0,100223,1507,3,0.39,0.09,0.01,-0.03,48,-16,108,0,3.03,-0.05,0.0206,0.0482,19.44,18.88,11.06
149.657,flow_only,4.3,52.1380116,21.1607763,87.09,52.1380121,21.1607784,30,0.51,0.085,255,-0.1674,0.0,-0.0467,0.041,3.008,2.152,0.31,0.37,236.6,0.03,0.0,0.03,0.0,100223,1507,3,0.39,0.06,0.01,-0.03,48,44,-92,0,3.02,-0.06,0.0101,0.0251,25.16,18.49,10.61
149.758,flow_only,4.4,52.1380116,21.1607761,87.09,52.1380121,21.1607784,30,0.51,0.085,255,0.0,0.1675,-0.0477,-0.0107,3.0,2.151,0.01,0.48,236.64,0.03,0.0,0.0,0.0,100223,1507,3,0.39,0.06,0.01,-0.03,48,63,-66,0,3.02,-0.06,0.0086,0.0212,18.87,18.6,13.17
149.858,flow_only,4.5,52.1380115,21.160776,87.09,52.138012,21.1607783,30,0.51,0.068,255,0.0,0.1674,0.0178,-0.0248,3.0,2.153,0.01,0.41,236.63,0.03,0.0,0.02,0.01,100223,1507,3,0.39,0.05,0.01,-0.03,48,6,-8,0,3.04,-0.04,0.0075,0.0183,15.6,28.44,12.77
149.957,flow_only,4.6,52.1380114,21.160776,87.09,52.138012,21.1607783,30,0.51,0.068,255,0.0,0.0,0.0266,0.0204,2.998,2.154,0.27,0.47,236.65,0.03,0.0,0.01,0.01,100223,1507,3,0.39,0.05,0.01,-0.03,48,-57,-17,0,3.03,-0.05,0.0006,0.001,17.38,22.57,10.85
150.057,flow_only,4.7,52.1380115,21.160776,87.09,52.138012,21.1607783,30,0.51,0.026,255,0.0,0.0,-0.0195,-0.0225,3.006,2.154,0.22,0.45,236.67,0.03,0.0,0.0,0.0,100223,1507,3,0.38,0.08,0.01,-0.03,48,5,-4,0,3.03,-0.05,0.0032,0.0058,18.55,18.59,9.63
150.157,flow_only,4.8,52.1380115,21.160776,87.09,52.138012,21.1607783,30,0.51,0.026,255,0.0,-0.1674,-0.0099,-0.1038,3.002,2.158,0.14,0.09,236.64,0.03,0.0,0.06,0.0,100223,1507,3,0.38,0.08,0.01,-0.03,48,22,61,0,3.06,-0.03,0.0068,0.023,17.48,17.82,12.77
150.257,flow_only,4.9,52.1380115,21.160776,87.1,52.138012,21.1607783,30,0.51,0.044,255,0.0,0.0,-0.0228,-0.0191,3.002,2.164,0.19,-0.23,236.55,0.03,0.0,0.0,0.01,100223,1507,3,0.38,0.08,0.01,-0.03,48,-11,-104,0,3.06,-0.03,0.0037,0.0145,15.2,19.49,11.01
150.357,flow_only,5.0,52.1380115,21.160776,87.1,52.138012,21.1607783,30,0.51,0.044,255,0.0,0.0,-0.0186,0.0196,2.998,2.166,0.13,-0.15,236.49,0.03,0.0,0.01,0.0,100223,1507,3,0.38,0.08,0.01,-0.03,48,41,15,0,3.05,-0.03,0.0041,0.0096,19.6,19.03,11.43
150.457,flow_only,5.1,52.1380115,21.1607761,87.1,52.138012,21.1607785,30,0.51,0.034,255,0.0,-0.1675,-0.0128,-0.0679,2.994,2.167,-0.04,-0.32,236.4,0.03,0.0,0.0,0.0,100223,1507,3,0.38,0.06,0.01,-0.03,48,41,-1,0,3.05,-0.03,0.0055,0.0126,23.69,16.82,11.37
150.557,flow_only,5.2,52.1380114,21.1607761,87.1,52.138012,21.1607785,30,0.51,0.034,255,0.0,0.0,0.0066,-0.0325,2.998,2.167,0.01,-0.53,236.25,0.03,0.0,0.0,0.0,100223,1507,3,0.38,0.06,0.01,-0.03,48,-6,74,0,3.05,-0.03,0.0094,0.0215,17.57,19.2,13.34
150.658,flow_only,5.3,52.1380114,21.1607761,87.1,52.1380122,21.1607785,30,0.51,0.099,255,0.1674,0.0,0.0264,0.0372,2.986,2.164,0.28,-0.46,236.12,0.03,0.0,0.01,0.0,100223,1507,3,0.38,0.09,0.01,-0.03,48,-27,-127,0,3.04,-0.03,0.0031,0.0097,18.99,18.93,10.41
150.758,flow_only,5.4,52.1380115,21.1607762,87.09,52.1380122,21.1607785,30,0.51,0.099,255,0.0,0.0,-0.0272,0.0166,2.986,2.159,0.24,-0.26,236.02,0.03,0.0,0.03,0.0,100223,1507,3,0.38,0.09,0.01,-0.03,48,0,-21,0,3.03,-0.03,0.0064,0.021,16.13,28.82,11.23
150.858,flow_only,5.5,52.1380115,21.1607762,87.09,52.1380123,21.1607787,30,0.51,0.102,255,0.0,-0.1673,-0.0218,-0.0672,2.988,2.154,0.06,-0.48,235.83,0.03,0.0,0.0,0.0,100223,1507,3,0.38,0.07,0.01,-0.03,48,34,46,0,3.03,-0.03,0.003,0.0108,20.85,24.13,10.61
150.957,flow_only,5.6,52.1380116,21.1607763,87.08,52.1380123,21.1607787,30,0.51,0.102,255,0.0,-0.1673,0.0077,-0.0282,3.002,2.15,0.15,-0.66,235.65,0.03,0.0,0.01,0.01,100223,1507,3,0.38,0.07,0.01,-0.03,48,-28,62,0,3.02,-0.04,0.003,0.0131,24.02,21.75,10.23
151.057,flow_only,5.7,52.1380116,21.1607765,87.08,52.1380125,21.1607789,30,0.51,0.085,255,0.0,0.0,-0.0305,0.0166,2.996,2.147,0.21,-0.6,235.54,0.03,0.0,0.01,0.02,100223,1507,3,0.38,0.09,0.01,-0.03,48,-20,21,0,3.03,-0.05,0.0071,0.0171,21.37,19.53,10.98
151.157,flow_only,5.8,52.1380117,21.1607766,87.08,52.1380125,21.1607789,30,0.51,0.085,255,-0.1674,0.0,-0.0333,-0.0505,2.994,2.147,-0.07,-0.75,235.42,0.03,0.0,0.0,0.0,100223,1507,3,0.38,0.09,0.01,-0.03,48,-100,47,0,3.03,-0.04,0.0071,0.0161,19.53,19.04,11.13
151.257,flow_only,5.9,52.1380118,21.1607766,87.08,52.1380126,21.1607791,30,0.51,0.059,255,0.0,0.0,0.0312,-0.0394,2.998,2.147,-0.05,-0.98,235.25,0.03,0.0,0.0,0.0,100223,1507,3,0.38,0.08,0.01,-0.03,48,31,-112,0,3.03,-0.04,0.0049,0.0123,18.02,24.14,11.24
151.358,flow_only,6.0,52.1380119,21.1607767,87.08,52.1380126,21.1607791,30,0.51,0.059,255,0.0,0.0,-0.0325,0.0406,2.992,2.147,0.06,-0.85,235.14,0.03,0.0,0.0,0.0,100223,1507,3,0.38,0.08,0.01,-0.03,48,151,-8,0,3.03,-0.04,0.0169,0.0385,20.36,28.8,10.58
151.458,flow_only,6.1,52.1380119,21.160777,87.08,52.1380127,21.1607792,30,0.51,0.087,255,0.0,0.0,0.0155,-0.037,3.0,2.15,-0.08,-0.93,235.01,0.03,0.0,0.02,0.0,100223,1507,3,0.38,0.09,0.01,-0.03,48,51,3,0,3.04,-0.04,0.0139,0.0328,22.25,28.47,9.39
151.557,flow_only,6.2,52.1380119,21.1607771,87.09,52.1380127,21.1607792,30,0.51,0.087,255,0.0,0.0,0.0293,-0.038,3.008,2.155,0.04,-1.17,234.92,0.03,0.0,0.02,0.0,100223,1507,3,0.38,0.09,0.01,-0.03,48,-11,66,0,3.06,-0.01,0.008,0.022,18.31,23.96,10.23
151.658,flow_only,6.3,52.1380118,21.1607771,87.09,52.1380128,21.1607793,30,0.51,0.08,255,0.0,0.0,-0.005,0.0318,3.002,2.16,0.21,-1.03,234.86,0.03,0.0,0.0,0.0,100223,1507,3,0.38,0.1,0.01,-0.03,48,-52,2,0,3.06,-0.01,0.0061,0.0145,19.61,26.23,9.92
151.757,flow_only,6.4,52.1380119,21.1607772,87.1,52.1380128,21.1607793,30,0.51,0.08,255,0.0,0.0,0.0353,-0.008,3.02,2.163,0.23,-1.13,234.79,0.03,0.0,0.0,0.01,100223,1507,3,0.38,0.1,0.01,-0.03,48,17,48,0,3.06,-0.03,0.0044,0.012,20.34,25.26,11.71
151.857,flow_only,6.5,52.1380119,21.1607772,87.1,52.1380129,21.1607793,30,0.51,0.052,255,0.0,0.0,0.0214,0.0194,3.012,2.165,0.34,-1.06,234.82,0.03,0.0,0.0,0.0,100223,1507,3,0.38,0.1,0.01,-0.03,48,3,-12,0,3.06,-0.03,0.0041,0.0098,23.14,24.34,11.92
151.957,flow_only,6.6,52.138012,21.1607773,87.1,52.1380129,21.1607793,30,0.51,0.052,255,0.0,0.1674,-0.0501,0.0135,2.998,2.167,0.23,-0.91,234.96,0.03,0.0,0.01,0.01,100223,1507,3,0.38,0.1,0.01,-0.03,48,19,-20,0,3.06,-0.03,0.0055,0.014,18.81,22.5,10.92
152.058,flow_only,6.7,52.138012,21.1607773,87.1,52.138013,21.1607794,30,0.51,0.022,255,0.0,-0.1674,-0.0212,-0.0129,3.005,2.168,0.05,-1.0,235.06,0.03,0.0,0.01,0.0,100223,1507,3,0.38,0.05,0.01,-0.03,48,66,2,0,3.06,-0.03,0.0047,0.0108,19.34,23.3,10.51
152.157,flow_only,6.8,52.1380121,21.1607772,87.1,52.138013,21.1607794,30,0.51,0.022,255,0.0,-0.1674,0.034,-0.0187,3.004,2.169,0.08,-1.15,235.12,0.03,0.0,0.0,0.01,100223,1507,3,0.38,0.05,0.01,-0.03,48,-148,44,0,3.06,-0.03,0.0174,0.0394,25.11,23.0,11.33
152.257,flow_only,6.9,52.1380121,21.160777,87.11,52.138013,21.1607793,30,0.51,0.079,255,0.0,0.0,-0.0164,0.0287,3.008,2.171,0.08,-1.05,235.23,0.03,0.0,0.02,0.01,100223,1507,3,0.38,0.09,0.01,-0.03,48,-8,-6,0,3.07,-0.01,0.0131,0.0316,18.26,24.28,10.6
152.357,flow_only,7.0,52.1380122,21.1607768,87.11,52.138013,21.1607793,30,0.51,0.079,255,0.0,0.1675,-0.0745,0.0627,3.004,2.175,-0.15,-0.75,235.41,0.03,0.0,0.0,0.0,100223,1507,3,0.38,0.09,0.01,-0.03,48,-142,118,0,3.07,-0.01,0.0196,0.0456,20.42,26.33,10.06
152.458,flow_only,7.1,52.1380122,21.1607767,87.11,52.1380131,21.1607792,30,0.51,0.071,255,0.0,0.0,-0.0397,0.0142,2.998,2.178,-0.48,-0.65,235.61,0.03,0.0,0.0,0.0,100223,1507,3,0.38,0.1,0.01,-0.03,48,85,-37,0,3.07,-0.01,0.0018,0.0056,17.91,26.28,10.74
152.558,flow_only,7.2,52.1380122,21.1607767,87.11,52.1380131,21.1607792,30,0.51,0.071,255,0.0,0.0,0.0121,-0.0152,2.978,2.179,-0.56,-0.67,235.77,0.03,0.0,0.01,0.0,100223,1507,3,0.38,0.1,0.01,-0.03,48,38,-6,0,3.07,0.0,0.0083,0.0172,21.83,26.51,10.13
152.658,flow_only,7.3,52.1380122,21.1607766,87.11,52.1380131,21.1607792,30,0.48,0.028,255,0.0,0.0,0.0319,0.0071,2.986,2.177,-0.41,-0.65,235.94,0.03,0.0,0.0,0.0,100223,1507,3,0.38,0.09,0.01,-0.03,48,-33,-6,0,3.06,0.0,0.0027,0.0072,19.98,30.23,10.43
152.757,flow_only,7.4,52.1380122,21.1607766,87.11,52.1380131,21.1607792,30,0.48,0.028,255,0.0,0.0,-0.0004,0.0569,2.966,2.174,-0.24,-0.38,236.13,0.03,0.0,0.02,0.01,100223,1507,3,0.38,0.09,0.01,-0.03,48,-42,108,0,3.05,0.0,0.008,0.021,19.8,28.16,10.07
152.857,flow_only,7.5,52.1380122,21.1607765,87.1,52.1380131,21.1607792,30,0.48,0.05,255,0.0,0.1674,0.0226,-0.0338,2.96,2.168,-0.2,-0.45,236.27,0.03,0.0,0.02,0.0,100223,1507,3,0.38,0.1,0.01,-0.03,48,-6,20,0,3.04,-0.01,0.0049,0.0195,17.73,24.21,10.21
152.957,flow_only,7.6,52.1380122,21.1607764,87.1,52.1380131,21.1607792,30,0.48,0.05,255,-0.1674,0.0,0.0269,-0.0255,2.968,2.163,-0.14,-0.62,236.31,0.03,0.0,0.0,0.0,100223,1507,3,0.38,0.1,0.01,-0.03,48,8,-133,0,3.04,-0.01,0.0094,0.0245,15.74,30.7,11.8
153.058,flow_only,7.7,52.1380122,21.1607765,87.09,52.1380131,21.1607791,30,0.48,0.073,255,0.0,0.0,0.0101,0.016,2.966,2.16,-0.02,-0.52,236.36,0.03,0.0,0.0,0.0,100223,1507,3,0.38,0.09,0.01,-0.03,48,-50,-1,0,3.04,-0.01,0.0085,0.0205,17.62,22.85,10.79
153.157,flow_only,7.8,52.1380123,21.1607764,87.09,52.1380131,21.1607791,30,0.48,0.073,255,0.0,0.0,-0.0313,0.0054,2.97,2.158,-0.05,-0.4,236.44,0.03,0.0,0.0,0.0,100223,1507,3,0.38,0.09,0.01,-0.03,48,-22,140,0,3.04,-0.01,0.0078,0.0192,20.05,26.9,10.93
153.257,flow_only,7.9,52.1380123,21.1607763,87.09,52.1380132,21.160779,30,0.48,0.062,255,0.0,0.0,-0.0393,-0.0045,2.975,2.159,-0.27,-0.45,236.45,0.03,0.0,0.02,0.0,100223,1507,3,0.38,0.08,0.01,-0.03,48,31,1,0,3.05,0.0,0.0025,0.0058,17.97,26.79,11.4
153.358,flow_only,8.0,52.1380122,21.1607763,87.1,52.1380132,21.160779,30,0.48,0.062,255,-0.1674,0.0,0.0093,-0.0142,2.976,2.167,-0.4,-0.59,236.4,0.03,0.0,0.03,0.01,100223,1507,3,0.38,0.08,0.01,-0.03,48,40,14,0,3.07,0.0,0.0071,0.0205,17.68,18.01,9.24
153.458,flow_only,8.1,52.1380121,21.1607762,87.11,52.1380132,21.1607789,30,0.48,0.029,255,0.0,0.0,0.0394,0.012,2.988,2.176,-0.28,-0.63,236.32,0.03,0.0,0.01,0.0,100223,1507,3,0.38,0.07,0.01,-0.03,48,-13,7,0,3.08,0.02,0.0061,0.0191,19.37,22.38,11.81
153.558,flow_only,8.2,52.1380122,21.1607763,87.12,52.1380132,21.1607789,30,0.48,0.029,255,0.0,0.0,0.0369,0.025,2.982,2.184,-0.07,-0.44,236.29,0.03,0.0,0.0,0.0,100223,1507,3,0.38,0.07,0.01,-0.03,48,-44,-48,0,3.08,0.02,0.0123,0.0284,19.07,19.54,10.71
153.658,flow_only,8.3,52.1380122,21.1607764,87.12,52.1380133,21.1607789,30,0.48,0.055,255,0.0,0.0,-0.0008,-0.0108,2.976,2.19,0.07,-0.35,236.3,0.03,0.0,0.0,0.02,100223,1507,3,0.38,0.08,0.01,-0.03,48,-39,-27,0,3.08,0.01,0.0138,0.0305,22.4,22.59,10.67
153.758,flow_only,8.4,52.1380123,21.1607765,87.12,52.1380133,21.1607789,30,0.48,0.055,255,0.0,0.0,-0.0415,-0.0313,2.984,2.186,0.04,-0.45,236.37,0.03,0.0,0.09,0.01,100223,1507,3,0.38,0.08,0.01,-0.03,48,-15,19,0,3.05,0.01,0.0102,0.0358,18.4,26.81,12.67
153.858,flow_only,8.5,52.1380123,21.1607765,87.11,52.1380133,21.1607789,30,0.48,0.023,255,0.0,0.0,-0.0485,-0.0185,2.988,2.178,-0.19,-0.59,236.45,0.03,0.0,0.01,0.01,100223,1507,3,0.38,0.11,0.01,-0.03,48,27,12,0,3.05,-0.01,0.0035,0.016,17.22,21.23,10.44
153.957,flow_only,8.6,52.1380123,21.1607766,87.11,52.1380133,21.1607789,30,0.48,0.023,255,0.0,0.0,-0.0181,-0.0648,2.982,2.174,-0.44,-0.8,236.54,0.03,0.0,0.0,0.0,100223,1507,3,0.38,0.11,0.01,-0.03,48,50,27,0,3.05,-0.01,0.0103,0.0243,22.24,24.04,11.96
154.058,flow_only,8.7,52.1380123,21.1607766,87.11,52.1380133,21.1607789,30,0.48,0.068,255,0.0,0.0,0.0193,-0.0357,2.976,2.174,-0.36,-1.01,236.58,0.03,0.0,0.02,0.0,100223,1507,3,0.38,0.09,0.01,-0.03,48,3,-110,0,3.06,-0.01,0.0086,0.0193,16.81,24.22,11.49
154.157,flow_only,8.8,52.1380123,21.1607768,87.11,52.1380133,21.1607789,30,0.48,0.068,255,0.0,0.0,0.0354,0.0315,2.976,2.177,-0.06,-0.85,236.6,0.03,0.0,0.02,0.0,100223,1507,3,0.38,0.09,0.01,-0.03,48,-42,22,0,3.07,0.0,0.0102,0.0239,19.72,22.91,10.81
154.257,flow_only,8.9,52.1380124,21.1607769,87.12,52.1380133,21.160779,30,0.48,0.017,255,0.0,0.0,0.0178,-0.0005,2.984,2.184,0.18,-0.82,236.63,0.03,0.0,0.03,0.0,100223,1507,3,0.38,0.12,0.01,-0.03,48,-46,-1,0,3.09,0.02,0.0123,0.0319,20.57,25.21,14.64
154.357,flow_only,9.0,52.1380124,21.1607771,87.13,52.1380133,21.160779,30,0.48,0.017,255,0.0,0.0,-0.0345,-0.0347,3.004,2.192,-0.01,-0.9,236.7,0.03,0.0,0.0,0.01,100223,1507,3,0.38,0.12,0.01,-0.03,48,25,9,0,3.09,0.02,0.0076,0.0215,16.98,23.06,12.08
154.457,flow_only,9.1,52.1380123,21.1607772,87.14,52.1380133,21.1607789,30,0.48,0.049,255,0.0,0.0,-0.0053,-0.062,2.986,2.201,-0.11,-1.15,236.74,0.03,0.0,0.01,0.0,100223,1507,3,0.38,0.1,0.01,-0.03,48,15,24,0,3.1,0.01,0.0067,0.0198,20.45,22.33,11.26
154.557,flow_only,9.2,52.1380123,21.1607772,87.14,52.1380133,21.1607789,30,0.48,0.049,255,0.0,0.0,0.0442,0.0043,3.002,2.208,0.17,-1.3,236.74,0.03,0.0,0.01,0.0,100223,1507,3,0.38,0.1,0.01,-0.03,48,-58,30,0,3.11,0.02,0.0069,0.0183,21.59,23.19,11.95
154.657,flow_only,9.3,52.1380122,21.1607772,87.15,52.1380133,21.1607789,30,0.48,0.043,255,0.0,0.0,0.0253,0.055,2.992,2.214,0.34,-1.11,236.77,0.03,0.0,0.01,0.02,100223,1507,3,0.38,0.1,0.01,-0.03,48,-33,-41,0,3.11,0.02,0.0076,0.0193,18.16,21.8,10.72
154.757,flow_only,9.4,52.1380122,21.1607772,87.16,52.1380133,21.1607789,30,0.48,0.043,255,0.0,0.0,-0.025,0.0471,2.99,2.221,0.19,-0.83,236.86,0.03,0.0,0.02,0.0,100223,1507,3,0.38,0.1,0.01,-0.03,48,30,-59,0,3.12,0.02,0.0127,0.0305,19.88,19.9,10.26
154.857,flow_only,9.5,52.1380122,21.1607773,87.16,52.1380132,21.1607788,30,0.48,0.077,255,-0.1674,0.1674,-0.026,0.0043,2.984,2.226,-0.02,-0.69,236.93,0.03,0.0,0.01,0.01,100223,1507,3,0.38,0.04,0.01,-0.03,48,33,108,0,3.12,0.04,0.0084,0.0194,25.99,21.65,11.78
154.957,flow_only,9.6,52.1380121,21.1607773,87.16,52.1380132,21.1607788,30,0.48,0.077,255,0.0,0.0,0.0367,-0.0329,2.988,2.228,0.15,-0.91,236.91,0.03,0.0,0.01,0.01,100223,1507,3,0.38,0.04,0.01,-0.03,48,3,15,0,3.11,0.04,0.0074,0.017,18.56,17.54,12.85
155.057,flow_only,9.7,52.1380121,21.1607774,87.16,52.1380133,21.1607786,30,0.48,0.107,255,0.0,0.0,0.0872,0.0293,2.988,2.227,0.47,-0.94,236.89,0.03,0.0,0.0,0.01,100223,1507,3,0.38,0.08,0.01,-0.03,48,-29,28,0,3.11,0.04,0.0057,0.012,18.61,17.34,11.48
155.158,flow_only,9.801,52.1380121,21.1607775,87.16,52.1380133,21.1607786,30,0.48,0.107,255,0.1673,0.0,0.0013,0.0035,2.978,2.228,0.59,-0.78,236.94,0.03,0.0,0.01,0.0,100223,1507,3,0.38,0.08,0.01,-0.03,48,-50,-61,0,3.12,0.05,0.0126,0.0262,18.68,19.02,9.71
155.258,flow_only,9.9,52.1380122,21.1607774,87.17,52.1380133,21.1607784,30,0.48,0.061,255,-0.1674,0.0,-0.0745,-0.0051,2.97,2.234,0.34,-0.84,236.96,0.03,0.0,0.04,0.01,99695,1507,3,0.38,0.07,0.01,-0.03,49,16,-11,0,3.13,0.07,0.0063,0.0203,15.98,29.37,11.36
155.358,flow_only,10.0,52.1380121,21.1607773,87.18,52.1380133,21.1607784,30,0.48,0.061,255,0.0,0.0,-0.0161,-0.0027,2.974,2.243,0.07,-0.96,236.93,0.03,0.0,0.01,0.0,99695,1507,3,0.38,0.07,0.01,-0.03,49,-99,17,0,3.14,0.07,0.0076,0.0223,14.79,26.1,11.97
155.458,flow_only,10.1,52.1380122,21.1607772,87.18,52.1380134,21.1607782,30,0.48,0.089,255,-0.1674,0.1674,0.0301,0.0044,2.978,2.25,0.06,-0.95,236.88,0.03,0.0,0.0,0.01,99695,1507,3,0.38,0.06,0.01,-0.03,49,23,-18,0,3.14,0.08,0.0023,0.0112,18.99,22.5,12.03
155.558,flow_only,10.2,52.1380122,21.160777,87.19,52.1380134,21.1607782,30,0.48,0.089,255,0.0,0.0,-0.0078,0.0397,2.966,2.255,0.11,-0.75,236.89,0.03,0.0,0.0,0.01,99695,1507,3,0.38,0.06,0.01,-0.03,49,3,-67,0,3.14,0.08,0.0134,0.0303,22.69,21.73,10.21
155.657,flow_only,10.3,52.1380122,21.1607769,87.19,52.1380134,21.160778,30,0.48,0.092,255,0.0,0.0,-0.0652,0.0515,2.976,2.259,-0.03,-0.45,236.96,0.03,0.0,0.01,0.01,99695,1507,3,0.38,0.09,0.01,-0.03,49,17,-50,0,3.14,0.09,0.007,0.0162,19.95,24.32,12.66
155.757,flow_only,10.4,52.1380123,21.1607767,87.2,52.1380134,21.160778,30,0.48,0.092,255,0.0,0.0,-0.0343,-0.0271,2.97,2.262,-0.36,-0.41,236.99,0.03,0.0,0.01,0.0,99695,1507,3,0.38,0.09,0.01,-0.03,49,-82,-61,0,3.14,0.08,0.009,0.0206,15.54,23.18,11.1
155.857,flow_only,10.5,52.1380123,21.1607766,87.2,52.1380133,21.1607778,30,0.48,0.134,255,0.0,0.0,-0.0337,-0.0015,2.964,2.263,-0.51,-0.41,237.01,0.03,0.0,0.02,0.0,99695,1507,3,0.38,0.05,0.01,-0.03,49,-134,1,0,3.13,0.07,0.0127,0.0293,17.93,17.93,10.02
155.957,flow_only,10.6,52.1380124,21.1607764,87.2,52.1380133,21.1607778,30,0.48,0.134,255,0.0,0.0,0.0307,0.0297,2.958,2.262,-0.43,-0.39,237.03,0.03,0.0,0.0,0.0,99695,1507,3,0.38,0.05,0.01,-0.03,49,14,10,0,3.13,0.08,0.0044,0.0124,19.99,22.0,10.22
156.057,flow_only,10.7,52.1380124,21.1607764,87.2,52.1380132,21.1607776,30,0.48,0.083,255,-0.1674,0.1674,-0.0074,0.0123,2.962,2.264,-0.53,-0.32,237.11,0.03,0.0,0.02,0.02,99695,1507,3,0.38,0.06,0.01,-0.03,49,35,-19,0,3.14,0.08,0.0041,0.0082,18.46,16.71,11.02
156.158,flow_only,10.801,52.1380124,21.1607762,87.2,52.1380132,21.1607776,30,0.48,0.083,255,0.0,0.0,-0.0453,0.0052,2.962,2.266,-0.7,-0.25,237.23,0.03,0.0,0.01,0.0,99695,1507,3,0.38,0.06,0.01,-0.03,49,39,-33,0,3.13,0.09,0.0089,0.0209,16.72,24.67,11.02
156.257,flow_only,10.9,52.1380125,21.1607761,87.2,52.1380132,21.1607774,30,0.48,0.045,255,0.0,0.0,-0.0218,-0.0205,2.96,2.267,-0.85,-0.36,237.27,0.03,0.0,0.01,0.0,99695,1507,3,0.38,0.1,0.01,-0.03,49,23,14,0,3.12,0.08,0.0046,0.0143,14.13,30.23,12.15
156.357,flow_only,11.0,52.1380125,21.1607761,87.2,52.1380132,21.1607774,30,0.48,0.045,255,0.0,0.0,0.0145,-0.0327,2.944,2.266,-0.92,-0.46,237.22,0.03,0.0,0.0,0.0,99695,1507,3,0.38,0.1,0.01,-0.03,49,-146,-12,0,3.12,0.07,0.0099,0.0243,16.71,21.28,11.01
156.457,flow_only,11.1,52.1380125,21.160776,87.2,52.1380131,21.1607773,30,0.48,0.098,255,0.1674,0.0,0.0253,-0.0205,2.958,2.265,-0.68,-0.51,237.12,0.03,0.0,0.0,0.0,99695,1507,3,0.38,0.08,0.01,-0.03,49,-45,6,0,3.12,0.08,0.0082,0.0216,19.44,20.0,10.8
156.558,flow_only,11.2,52.1380125,21.1607757,87.2,52.1380131,21.1607773,30,0.48,0.098,255,0.0,0.0,0.0084,0.0426,2.966,2.265,-0.48,-0.45,237.0,0.03,0.0,0.01,0.0,99695,1507,3,0.38,0.08,0.01,-0.03,49,-35,26,0,3.12,0.08,0.0166,0.036,20.8,17.76,12.36
156.657,flow_only,11.3,52.1380125,21.1607756,87.21,52.138013,21.1607773,30,0.48,0.071,255,0.0,0.0,-0.0203,0.0527,2.964,2.27,-0.6,-0.15,236.96,0.03,0.0,0.02,0.0,99695,1507,3,0.38,0.09,0.01,-0.03,49,16,-51,0,3.14,0.09,0.008,0.019,19.49,22.7,14.03
156.758,flow_only,11.4,52.1380125,21.1607755,87.21,52.138013,21.1607773,30,0.48,0.071,255,0.0,0.1674,-0.0411,0.0108,2.958,2.275,-0.85,0.02,236.93,0.03,0.0,0.02,0.0,99695,1507,3,0.38,0.09,0.01,-0.03,49,42,-49,0,3.13,0.09,0.005,0.013,18.46,22.39,11.49
156.858,flow_only,11.5,52.1380124,21.1607754,87.21,52.138013,21.1607773,30,0.48,0.04,255,0.0,0.0,-0.0011,-0.0028,2.966,2.277,-0.9,-0.02,236.84,0.03,0.0,0.0,0.0,99695,1507,3,0.38,0.07,0.01,-0.03,49,-2,-11,0,3.13,0.08,0.0142,0.0309,17.33,20.43,10.41
156.957,flow_only,11.6,52.1380124,21.1607753,87.21,52.138013,21.1607773,30,0.48,0.04,255,0.1674,0.0,0.0625,0.0207,2.96,2.276,-0.7,-0.07,236.71,0.03,0.0,0.04,0.0,99695,1507,3,0.38,0.07,0.01,-0.03,49,-51,12,0,3.11,0.07,0.0112,0.0316,19.67,20.67,9.88
157.058,flow_only,11.7,52.1380123,21.1607752,87.21,52.1380129,21.1607772,30,0.48,0.084,255,0.0,0.0,0.0551,0.0091,2.954,2.273,-0.43,-0.08,236.59,0.03,0.0,0.0,0.0,99695,1507,3,0.38,0.1,0.01,-0.03,49,-56,17,0,3.12,0.07,0.0183,0.041,17.68,22.87,10.39
157.158,flow_only,11.801,52.1380122,21.160775,87.21,52.1380129,21.1607772,30,0.48,0.084,255,0.0,0.0,0.037,0.0433,2.952,2.271,-0.27,0.08,236.52,0.03,0.0,0.01,0.0,99695,1507,3,0.38,0.1,0.01,-0.03,49,-77,-41,0,3.11,0.07,0.0097,0.0251,15.43,29.86,10.88
157.257,flow_only,11.9,52.1380121,21.160775,87.2,52.1380128,21.1607773,30,0.48,0.027,255,0.0,0.0,-0.0195,0.0315,2.934,2.269,-0.16,0.39,236.5,0.03,0.0,0.0,0.01,99695,1507,3,0.38,0.07,0.01,-0.03,49,97,-61,0,3.11,0.07,0.0046,0.013,16.39,25.17,11.34
157.358,flow_only,12.0,52.1380121,21.1607751,87.2,52.1380128,21.1607773,30,0.48,0.027,255,0.0,0.1674,-0.019,-0.0182,2.938,2.267,-0.2,0.4,236.54,0.03,0.0,0.02,0.01,99695,1507,3,0.38,0.07,0.01,-0.03,49,-10,-15,0,3.1,0.08,0.0066,0.0194,19.65,21.03,11.71
157.458,flow_only,12.1,52.1380121,21.1607753,87.2,52.1380127,21.1607774,30,0.48,0.145,255,0.0,-0.1674,-0.0085,-0.0667,2.948,2.263,-0.3,0.15,236.61,0.03,0.0,0.03,0.0,99695,1507,3,0.38,0.09,0.01,-0.03,49,11,37,0,3.09,0.07,0.0049,0.0227,22.61,17.42,10.87
157.557,flow_only,12.2,52.1380121,21.1607754,87.19,52.1380127,21.1607774,30,0.48,0.145,255,0.0,0.0,0.014,-0.0759,2.952,2.259,-0.28,-0.18,236.66,0.03,0.0,0.01,0.0,99695,1507,3,0.38,0.09,0.01,-0.03,49,-23,-104,0,3.09,0.06,0.0119,0.0299,21.41,18.13,10.8
157.658,flow_only,12.3,52.1380121,21.1607757,87.19,52.1380125,21.1607777,30,0.48,0.151,255,0.1673,0.0,0.0752,-0.024,2.97,2.258,0.06,-0.43,236.63,0.03,0.0,0.0,0.01,99695,1507,3,0.38,0.08,0.01,-0.03,49,88,70,0,3.1,0.06,0.0127,0.0283,24.47,24.0,9.1
157.758,flow_only,12.4,52.138012,21.1607759,87.19,52.1380125,21.1607777,30,0.48,0.151,255,0.1674,-0.1674,0.07,-0.0174,2.982,2.258,0.34,-0.68,236.58,0.03,0.0,0.0,0.0,99695,1507,3,0.38,0.08,0.01,-0.03,49,103,-78,0,3.1,0.04,0.0199,0.0421,21.45,24.83,10.24
157.857,flow_only,12.5,52.138012,21.1607762,87.2,52.1380124,21.160778,30,0.48,0.072,255,0.0,-0.1673,0.0195,-0.0099,2.986,2.261,0.47,-0.68,236.59,0.03,0.0,0.02,0.0,99695,1507,3,0.38,0.1,0.01,-0.03,49,-31,29,0,3.11,0.05,0.0062,0.0139,18.49,26.57,12.32
157.957,flow_only,12.6,52.138012,21.1607764,87.2,52.1380124,21.160778,30,0.48,0.072,255,0.0,0.0,-0.037,-0.0399,2.998,2.263,0.47,-0.82,236.64,0.03,0.0,0.02,0.01,99695,1507,3,0.38,0.1,0.01,-0.03,49,111,35,0,3.1,0.04,0.0079,0.0184,16.44,22.69,10.98
158.057,flow_only,12.7,52.138012,21.1607766,87.2,52.1380124,21.1607783,30,0.48,0.132,255,0.0,-0.1674,-0.0111,-0.0497,2.992,2.265,0.34,-1.08,236.64,0.03,0.0,0.0,0.01,99695,1507,3,0.38,0.08,0.01,-0.03,49,11,-101,0,3.11,0.02,0.0072,0.0169,21.67,19.46,9.77
158.158,flow_only,12.8,52.1380119,21.1607767,87.2,52.1380124,21.1607783,30,0.48,0.132,255,0.0,0.0,-0.0196,-0.0215,3.0,2.268,0.25,-1.22,236.6,0.03,0.0,0.02,0.01,99695,1507,3,0.38,0.08,0.01,-0.03,49,-4,70,0,3.12,0.03,0.0072,0.0155,18.7,26.45,9.35
158.258,flow_only,12.9,52.1380119,21.1607768,87.2,52.1380123,21.1607786,30,0.48,0.113,255,0.1674,0.0,0.0822,0.0521,3.008,2.27,0.48,-1.23,236.5,0.03,0.0,0.02,0.01,99695,1507,3,0.38,0.09,0.01,-0.03,49,-34,60,0,3.11,0.03,0.0014,0.0042,15.36,30.22,10.79
158.358,flow_only,13.0,52.138012,21.1607769,87.21,52.1380123,21.1607786,30,0.48,0.113,255,0.0,0.0,-0.008,0.0106,3.012,2.271,0.56,-1.05,236.5,0.03,0.0,0.02,0.0,99695,1507,3,0.38,0.09,0.01,-0.03,49,138,-21,0,3.12,0.03,0.0057,0.0137,20.65,24.56,10.14
158.457,flow_only,13.1,52.1380119,21.160777,87.21,52.1380122,21.1607789,30,0.48,0.076,255,0.0,0.0,-0.032,0.0252,3.012,2.273,0.57,-0.9,236.57,0.03,0.0,0.0,0.02,99695,1507,3,0.38,0.1,0.01,-0.03,49,-40,-11,0,3.12,0.03,0.0036,0.0089,20.95,24.17,11.54
158.558,flow_only,13.2,52.138012,21.1607771,87.21,52.1380122,21.1607789,30,0.48,0.076,255,0.0,0.0,-0.0246,-0.0059,3.006,2.278,0.45,-0.86,236.66,0.03,0.0,0.03,0.0,99695,1507,3,0.38,0.1,0.01,-0.03,49,4,6,0,3.14,0.03,0.0048,0.0193,20.14,23.82,11.19
158.657,flow_only,13.3,52.1380119,21.1607772,87.22,52.1380122,21.160779,30,0.48,0.024,255,0.0,0.0,-0.0193,-0.0561,3.002,2.284,0.26,-1.01,236.74,0.03,0.0,0.01,0.0,99695,1507,3,0.38,0.11,0.01,-0.03,49,25,22,0,3.14,0.04,0.0065,0.02,19.93,21.78,8.47
158.758,flow_only,13.4,52.1380119,21.1607772,87.22,52.1380122,21.160779,30,0.48,0.024,255,0.1674,0.0,0.0126,-0.0097,3.014,2.289,0.34,-1.18,236.78,0.03,0.0,0.0,0.01,99695,1507,3,0.38,0.11,0.01,-0.03,49,6,71,0,3.14,0.05,0.0076,0.0193,17.41,21.22,9.02
158.857,flow_only,13.5,52.1380119,21.1607772,87.23,52.1380121,21.160779,30,0.48,0.108,255,0.0,0.1674,0.0364,0.0496,3.012,2.296,0.58,-1.12,236.79,0.03,0.0,0.03,0.01,99695,1507,3,0.38,0.09,0.01,-0.03,49,-23,-146,0,3.16,0.06,0.0073,0.0253,16.91,23.6,9.07
158.957,flow_only,13.6,52.1380119,21.1607773,87.24,52.1380121,21.160779,30,0.48,0.108,255,0.0,0.0,0.0015,0.0501,3.006,2.305,0.54,-0.81,236.88,0.03,0.0,0.04,0.01,99695,1507,3,0.38,0.09,0.01,-0.03,49,173,-48,0,3.18,0.06,0.0141,0.0395,15.55,27.11,9.29
159.057,flow_only,13.7,52.1380119,21.1607775,87.25,52.138012,21.160779,30,0.48,0.025,255,0.0,0.0,-0.0395,-0.0116,2.998,2.314,0.36,-0.73,236.97,0.03,0.0,0.01,0.0,99695,1507,3,0.38,0.08,0.01,-0.03,49,5,-26,0,3.17,0.08,0.0139,0.0313,14.21,28.23,11.02
159.158,flow_only,13.8,52.1380119,21.1607775,87.25,52.138012,21.160779,30,0.48,0.025,255,0.0,0.0,0.0261,-0.044,2.986,2.316,0.41,-0.98,236.98,0.03,0.0,0.02,0.01,99695,1507,3,0.38,0.08,0.01,-0.03,49,13,44,0,3.16,0.08,0.0104,0.0218,15.95,24.56,10.46
159.257,flow_only,13.9,52.1380118,21.1607775,87.25,52.138012,21.160779,30,0.48,0.04,255,0.0,0.0,0.0336,-0.047,2.992,2.316,0.53,-1.26,236.94,0.03,0.0,0.0,0.01,99695,1507,3,0.38,0.12,0.01,-0.03,49,-16,26,0,3.16,0.08,0.0036,0.0086,18.87,21.75,8.44
159.358,flow_only,14.0,52.1380118,21.1607775,87.25,52.138012,21.160779,30,0.48,0.04,255,0.0,0.0,0.0129,-0.0041,2.99,2.317,0.67,-1.29,236.83,0.03,0.0,0.0,0.01,99695,1507,3,0.38,0.12,0.01,-0.03,49,129,-10,0,3.16,0.08,0.0113,0.0232,19.26,16.18,13.14
159.457,flow_only,14.1,52.1380117,21.1607775,87.25,52.138012,21.1607789,30,0.48,0.062,255,0.0,0.0,0.0005,0.0449,2.99,2.314,0.86,-1.03,236.72,0.03,0.0,0.02,0.02,99695,1507,3,0.38,0.11,0.01,-0.03,49,-48,-75,0,3.14,0.07,0.0048,0.0139,26.74,25.2,9.95
159.557,flow_only,14.2,52.1380117,21.1607775,87.24,52.138012,21.1607789,30,0.48,0.062,255,0.0,0.1674,-0.005,0.0652,2.972,2.308,0.79,-0.77,236.63,0.03,0.0,0.02,0.01,99695,1507,3,0.38,0.11,0.01,-0.03,49,24,127,0,3.13,0.06,0.008,0.0216,19.11,29.67,11.15
159.657,flow_only,14.3,52.1380116,21.1607773,87.24,52.1380119,21.1607787,30,0.48,0.078,255,0.0,0.1675,-0.0169,0.0482,2.964,2.303,0.66,-0.47,236.6,0.03,0.0,0.01,0.02,99695,1507,3,0.38,0.09,0.01,-0.03,49,31,89,0,3.13,0.07,0.0183,0.0367,17.86,21.16,10.21
159.758,flow_only,14.401,52.1380115,21.1607772,87.24,52.1380119,21.1607787,30,0.48,0.078,255,0.0,0.0,-0.0417,0.0611,2.956,2.3,0.41,-0.17,236.6,0.03,0.0,0.01,0.0,99695,1507,3,0.38,0.09,0.01,-0.03,49,49,98,0,3.12,0.07,0.0168,0.0353,16.94,24.86,10.85
159.857,flow_only,14.5,52.1380115,21.160777,87.23,52.1380119,21.1607786,30,0.48,0.105,255,0.0,0.0,0.0083,0.0066,2.974,2.298,0.42,-0.09,236.6,0.03,0.0,0.0,0.0,99695,1507,3,0.38,0.08,0.01,-0.03,49,32,105,0,3.12,0.08,0.012,0.026,21.68,22.58,9.95
159.957,flow_only,14.6,52.1380114,21.1607768,87.23,52.1380119,21.1607786,30,0.48,0.105,255,0.0,0.0,-0.0161,-0.0201,2.978,2.3,0.37,-0.05,236.62,0.03,0.0,0.03,0.02,99695,1507,3,0.38,0.08,0.01,-0.03,49,23,-51,0,3.13,0.08,0.0035,0.0099,16.82,30.92,11.68
160.057,flow_only,14.7,52.1380114,21.1607767,87.24,52.138012,21.1607783,30,0.48,0.112,255,0.0,0.0,0.0399,0.0407,2.976,2.305,0.56,-0.03,236.66,0.03,0.0,0.01,0.01,99695,1507,3,0.38,0.08,0.01,-0.03,49,-10,1,0,3.14,0.08,0.0032,0.0107,17.17,18.61,9.99
160.158,flow_only,14.801,52.1380114,21.1607767,87.24,52.138012,21.1607783,30,0.48,0.112,255,0.0,0.0,-0.0026,-0.0036,2.972,2.31,0.5,0.0,236.75,0.03,0.0,0.01,0.01,99695,1507,3,0.38,0.08,0.01,-0.03,49,45,-21,0,3.13,0.07,0.0066,0.0121,19.97,19.54,11.21
160.258,flow_only,14.901,52.1380115,21.1607766,87.25,52.1380121,21.1607781,30,0.48,0.097,255,0.0,0.0,-0.0196,0.0063,2.988,2.314,0.64,0.14,236.84,0.03,0.0,0.01,0.0,99695,1507,3,0.38,0.1,0.01,-0.03,49,-158,-17,0,3.14,0.07,0.0106,0.0207,23.17,21.45,9.92
160.358,flow_only,15.001,52.1380116,21.1607766,87.25,52.1380121,21.1607781,30,0.48,0.097,255,-0.3348,0.0,-0.0513,-0.0317,2.978,2.317,0.33,0.01,236.97,0.03,0.0,0.0,0.01,99695,1507,3,0.38,0.1,0.01,-0.03,49,77,16,0,3.14,0.08,0.0051,0.0103,27.37,22.57,11.42
160.458,flow_only,15.101,52.1380116,21.1607766,87.25,52.1380122,21.1607779,30,0.48,0.102,255,-0.1673,0.0,-0.0635,-0.0187,2.968,2.32,-0.06,-0.15,237.1,0.03,0.0,0.0,0.01,99695,1507,3,0.38,0.09,0.01,-0.03,49,86,46,0,3.14,0.07,0.0094,0.0182,21.08,19.33,11.93
160.558,flow_only,15.201,52.1380117,21.1607765,87.26,52.1380122,21.1607779,30,0.48,0.102,255,0.0,-0.1675,0.0252,-0.0486,2.956,2.323,-0.14,-0.48,237.14,0.03,0.0,0.01,0.01,99695,1507,3,0.38,0.09,0.01,-0.03,49,-100,48,0,3.14,0.09,0.0085,0.0162,21.24,21.2,10.85
160.658,flow_only,15.301,52.1380117,21.1607763,87.26,52.1380123,21.1607777,30,0.48,0.059,255,0.0,0.0,-0.0165,0.0055,2.96,2.327,0.04,-0.45,237.15,0.03,0.0,0.0,0.0,99695,1507,3,0.38,0.08,0.01,-0.03,49,-41,-8,0,3.15,0.09,0.0101,0.0197,20.67,22.28,11.34
160.758,flow_only,15.401,52.1380118,21.1607762,87.27,52.1380123,21.1607777,30,0.48,0.059,255,-0.1674,0.1674,-0.0105,0.0438,2.94,2.331,0.0,-0.24,237.17,0.03,0.0,0.0,0.0,99695,1507,3,0.38,0.08,0.01,-0.03,49,22,-30,0,3.15,0.11,0.002,0.0052,20.93,19.15,11.69
160.858,flow_only,15.501,52.1380118,21.1607762,87.27,52.1380124,21.1607776,30,0.48,0.082,255,0.0,0.0,-0.0452,-0.0314,2.96,2.334,-0.21,-0.15,237.14,0.03,0.0,0.0,0.0,99695,1507,3,0.38,0.1,0.01,-0.03,49,69,-25,0,3.15,0.11,0.0083,0.0145,22.01,20.93,11.62
160.958,flow_only,15.601,52.1380118,21.1607762,87.27,52.1380124,21.1607776,30,0.48,0.082,255,0.0,-0.1674,0.0652,0.0157,2.93,2.34,-0.05,-0.29,237.06,0.03,0.0,0.01,0.01,99695,1507,3,0.38,0.1,0.01,-0.03,49,-29,-120,0,3.16,0.12,0.0116,0.0226,22.01,20.57,10.48
161.058,flow_only,15.701,52.138012,21.1607762,87.28,52.1380125,21.1607775,30,0.48,0.097,255,-0.1673,0.0,-0.0494,0.0062,2.932,2.342,-0.2,-0.18,237.05,0.03,0.0,0.02,0.0,99695,1507,3,0.38,0.1,0.01,-0.03,49,66,1,0,3.15,0.12,0.0081,0.0163,22.02,22.54,8.59
161.158,flow_only,15.801,52.1380121,21.1607763,87.28,52.1380125,21.1607775,30,0.48,0.097,255,-0.1673,-0.1673,-0.0123,-0.047,2.946,2.348,-0.32,-0.39,236.94,0.03,0.0,0.03,0.0,99695,1507,3,0.38,0.1,0.01,-0.03,49,-118,27,0,3.16,0.14,0.01,0.0209,15.22,24.76,9.46
161.258,flow_only,15.901,52.1380121,21.1607763,87.29,52.1380126,21.1607774,30,0.48,0.042,255,-0.1673,0.0,-0.0088,-0.0705,2.93,2.353,-0.35,-0.69,236.75,0.03,0.0,0.01,0.0,99695,1507,3,0.38,0.09,0.01,-0.03,49,7,-115,0,3.16,0.14,0.0086,0.0176,16.2,21.53,11.86
161.358,flow_only,16.001,52.1380121,21.1607762,87.29,52.1380126,21.1607774,30,0.48,0.042,255,0.0,0.0,0.0032,0.0095,2.94,2.354,-0.24,-0.77,236.56,0.03,0.0,0.02,0.01,99695,1507,3,0.38,0.09,0.01,-0.03,49,-187,68,0,3.15,0.12,0.0164,0.0334,23.22,23.79,10.85
161.458,flow_only,16.101,52.1380122,21.1607761,87.29,52.1380127,21.1607774,30,0.48,0.086,255,0.0,0.0,-0.0216,0.0249,2.942,2.353,-0.4,-0.69,236.44,0.03,0.0,0.0,0.0,99695,1507,3,0.38,0.09,0.01,-0.03,49,45,15,0,3.14,0.13,0.0088,0.0201,24.76,20.35,13.29
161.558,flow_only,16.201,52.1380123,21.1607761,87.29,52.1380127,21.1607774,30,0.48,0.086,255,0.0,0.0,-0.0576,0.0133,2.936,2.353,-0.68,-0.6,236.32,0.03,0.0,0.0,0.0,99695,1507,3,0.38,0.09,0.01,-0.03,49,59,-7,0,3.14,0.11,0.0031,0.0105,19.64,23.19,10.61
161.658,flow_only,16.301,52.1380123,21.1607761,87.29,52.1380128,21.1607774,30,0.48,0.081,255,0.0,0.0,0.0174,-0.0012,2.94,2.356,-0.83,-0.72,236.17,0.03,0.0,0.01,0.0,99695,1507,3,0.38,0.09,0.01,-0.03,49,50,60,0,3.15,0.11,0.011,0.0202,16.35,29.53,11.76
161.758,flow_only,16.401,52.1380122,21.1607761,87.29,52.1380128,21.1607774,30,0.48,0.081,255,0.0,0.0,0.056,-0.0215,2.946,2.36,-0.61,-0.79,236.01,0.03,0.0,0.0,0.01,99695,1507,3,0.38,0.09,0.01,-0.03,49,-39,-135,0,3.15,0.13,0.0074,0.0143,22.61,22.44,10.32
161.858,flow_only,16.501,52.1380123,21.1607762,87.3,52.1380129,21.1607774,30,0.48,0.022,255,0.1674,0.0,0.0204,0.0546,2.946,2.364,-0.22,-0.54,235.95,0.03,0.0,0.0,0.0,99695,1507,3,0.38,0.11,0.01,-0.03,49,89,129,0,3.15,0.12,0.0063,0.0113,21.35,28.45,12.19
161.958,flow_only,16.601,52.1380122,21.1607762,87.3,52.1380129,21.1607774,30,0.48,0.022,255,0.0,0.0,-0.0108,-0.034,2.942,2.366,-0.27,-0.55,235.87,0.03,0.0,0.02,0.01,99695,1507,3,0.38,0.11,0.01,-0.03,49,-15,-24,0,3.15,0.12,0.0024,0.0094,19.9,25.69,10.76
162.058,flow_only,16.701,52.1380122,21.1607762,87.3,52.1380129,21.1607775,30,0.48,0.036,255,0.0,0.0,0.0014,-0.03,2.945,2.368,-0.27,-0.66,235.8,0.03,0.0,0.0,0.0,99695,1507,3,0.38,0.1,0.01,-0.03,49,-10,41,0,3.15,0.12,0.0059,0.0116,17.21,25.5,12.41
162.158,flow_only,16.801,52.1380122,21.1607762,87.3,52.1380129,21.1607775,30,0.48,0.036,255,0.0,0.0,0.0572,0.0316,2.952,2.37,-0.02,-0.75,235.71,0.03,0.0,0.02,0.0,99695,1507,3,0.38,0.1,0.01,-0.03,49,-25,-109,0,3.14,0.12,0.0049,0.013,20.11,20.01,10.96
162.258,flow_only,16.901,52.1380122,21.1607763,87.31,52.1380129,21.1607775,30,0.48,0.017,255,0.0,0.0,-0.0371,0.0324,2.95,2.371,-0.1,-0.58,235.72,0.03,0.0,0.0,0.0,99695,1507,3,0.38,0.11,0.01,-0.03,49,161,-21,0,3.15,0.12,0.0085,0.016,21.19,27.23,10.42
162.358,flow_only,17.001,52.1380122,21.1607764,87.31,52.1380129,21.1607775,30,0.48,0.017,255,-0.1673,0.0,-0.1407,0.0129,2.954,2.375,-0.67,-0.43,235.78,0.03,0.0,0.0,0.0,99695,1507,3,0.38,0.11,0.01,-0.03,49,59,-22,0,3.15,0.12,0.0134,0.0256,19.6,24.32,10.65
162.458,flow_only,17.101,52.1380121,21.1607766,87.31,52.1380128,21.1607776,30,0.48,0.05,255,0.0,0.0,-0.0648,-0.0494,2.964,2.379,-1.2,-0.56,235.83,0.03,0.0,0.0,0.01,99695,1507,3,0.38,0.1,0.01,-0.03,49,-65,9,0,3.16,0.12,0.0051,0.0105,24.18,23.61,9.81
162.558,flow_only,17.201,52.1380121,21.1607767,87.32,52.1380128,21.1607776,30,0.48,0.05,255,0.0,0.0,-0.0946,-0.0512,2.966,2.381,-1.66,-0.79,235.88,0.03,0.0,0.01,0.0,99695,1507,3,0.38,0.1,0.01,-0.03,49,44,39,0,3.15,0.11,0.0074,0.0147,17.33,25.16,10.15
162.658,flow_only,17.301,52.138012,21.1607769,87.32,52.1380128,21.1607777,30,0.48,0.042,255,0.0,0.0,-0.097,0.0424,2.98,2.383,-2.08,-0.74,235.86,0.03,0.0,0.0,0.0,99695,1507,3,0.38,0.1,0.01,-0.03,49,14,1,0,3.15,0.1,0.0117,0.0226,17.89,24.62,10.91
162.758,flow_only,17.401,52.1380119,21.160777,87.32,52.1380128,21.1607777,30,0.48,0.042,255,-0.1674,0.0,-0.1166,0.0197,2.984,2.389,-2.78,-0.58,235.03,0.03,0.0,0.03,0.0,99695,1507,3,0.38,0.1,0.01,-0.03,49,-82,-29,0,3.17,0.11,0.008,0.0166,22.45,32.46,12.86
162.858,flow_only,17.501,52.1380118,21.1607771,87.33,52.1380126,21.1607779,30,0.48,0.141,255,0.0,0.0,-0.0985,0.0166,2.986,2.395,-3.37,-0.63,232.59,0.03,0.0,0.0,0.0,99695,1507,3,0.38,0.09,0.01,-0.03,49,42,-15,0,3.17,0.11,0.0099,0.0191,18.84,27.27,11.74
162.958,flow_only,17.601,52.1380117,21.1607773,87.33,52.1380126,21.1607779,30,0.48,0.141,255,0.0,0.3348,-0.0789,0.0164,2.99,2.396,-3.81,-0.95,228.5,0.03,0.0,0.02,0.01,99695,1507,3,0.38,0.09,0.01,-0.03,49,29,182,0,3.16,0.11,0.012,0.0234,13.24,18.7,8.99
163.058,flow_only,17.701,52.1380116,21.1607775,87.34,52.1380124,21.1607782,30,0.48,0.182,255,0.0,0.0,-0.1631,0.0373,2.992,2.402,-4.55,-1.12,223.41,0.03,0.0,0.05,0.01,99695,1507,3,0.38,0.09,0.01,-0.03,49,-166,-15,0,3.19,0.12,0.0214,0.0436,11.05,13.32,6.75
163.158,flow_only,17.801,52.1380114,21.1607778,87.35,52.1380124,21.1607782,30,0.48,0.182,255,0.1674,0.1674,-0.1431,-0.0558,2.978,2.41,-5.12,-1.71,217.51,0.03,0.0,0.01,0.01,99695,1507,3,0.38,0.09,0.01,-0.03,49,-166,-25,0,3.19,0.13,0.0194,0.0407,8.87,10.46,6.53
163.258,flow_only,17.901,52.1380113,21.160778,87.35,52.1380121,21.1607786,30,0.48,0.227,255,0.1673,0.3347,-0.1519,-0.0828,2.99,2.419,-5.64,-2.68,211.01,0.03,0.0,0.0,0.02,99695,1507,3,0.38,0.11,0.01,-0.03,49,-3,38,0,3.2,0.14,0.0341,0.0692,9.38,9.68,5.69
163.358,flow_only,18.001,52.1380111,21.1607787,87.35,52.1380121,21.1607786,30,0.48,0.227,255,0.1674,-0.1674,-0.0873,-0.0579,2.996,2.42,-5.89,-3.95,204.13,0.03,0.0,0.03,0.06,99695,1507,3,0.38,0.11,0.01,-0.03,49,633,-582,0,3.18,0.12,0.0638,0.1213,8.47,9.87,6.85
163.458,flow_only,18.101,52.1380109,21.1607799,87.35,52.1380115,21.1607792,30,0.48,0.503,255,0.0,0.1673,-0.1073,-0.0906,2.994,2.418,-6.03,-5.01,197.04,0.03,0.0,0.01,0.07,99695,1507,3,0.38,0.1,0.01,-0.03,49,1082,-16,0,3.17,0.11,0.0468,0.0943,11.76,12.01,7.15
163.558,flow_only,18.201,52.1380104,21.1607808,87.35,52.1380115,21.1607792,30,0.48,0.503,255,0.3348,0.0,0.0979,-0.1382,3.01,2.416,-5.05,-6.47,189.81,0.03,0.0,0.0,0.04,99695,1507,3,0.38,0.1,0.01,-0.03,49,-273,525,0,3.17,0.1,0.0332,0.0554,13.06,14.03,8.92
163.658,flow_only,18.301,52.1380097,21.1607815,87.35,52.1380104,21.1607802,30,0.48,0.833,255,0.1674,0.1674,0.0842,-0.0511,3.028,2.416,-3.5,-7.46,182.39,0.03,0.0,0.01,0.02,99695,1507,3,0.38,0.09,0.01,-0.03,49,-195,55,0,3.17,0.1,0.0377,0.067,13.23,16.95,9.25
163.758,flow_only,18.401,52.1380089,21.160782,87.35,52.1380104,21.1607802,30,0.48,0.833,255,0.0,0.5022,0.0697,0.1967,3.026,2.417,-2.01,-7.35,175.01,0.03,0.0,0.0,0.04,99695,1507,3,0.38,0.09,0.01,-0.03,49,-136,-19,0,3.17,0.08,0.0342,0.064,12.82,14.85,8.58
163.858,flow_only,18.501,52.138008,21.1607828,87.35,52.138009,21.1607817,30,0.48,0.999,255,0.1675,0.8373,-0.0844,0.2103,2.972,2.418,-1.41,-6.35,167.77,0.03,0.0,0.0,0.06,99695,1507,3,0.38,0.09,0.01,-0.03,49,86,344,0,3.17,0.07,0.0346,0.0649,14.25,16.48,7.9
163.958,flow_only,18.601,52.138007,21.1607837,87.35,52.138009,21.1607817,30,0.48,0.999,255,0.0,0.5022,-0.1259,0.1886,3.004,2.418,-1.24,-5.43,160.7,0.03,0.0,0.0,0.06,99695,1507,3,0.38,0.09,0.01,-0.03,49,58,-201,0,3.17,0.07,0.0056,0.0143,14.12,15.76,8.88
164.058,flow_only,18.701,52.138006,21.1607846,87.35,52.1380072,21.1607834,30,0.48,1.268,255,0.0,0.3349,-0.09,0.1267,2.988,2.418,-1.29,-4.69,153.69,0.03,0.0,0.0,0.06,99695,1507,3,0.38,0.09,0.01,-0.03,49,-16,-59,0,3.17,0.08,0.007,0.0164,16.4,14.68,10.32
164.158,flow_only,18.801,52.1380049,21.1607857,87.35,52.1380072,21.1607834,30,0.48,1.268,255,0.0,0.837,-0.0818,0.1091,2.98,2.416,-1.02,-4.09,146.83,0.03,0.0,0.02,0.05,99695,1507,3,0.38,0.09,0.01,-0.03,49,-74,-78,0,3.16,0.08,0.0162,0.0342,15.45,16.51,10.69
164.258,flow_only,18.901,52.1380038,21.1607869,87.35,52.138005,21.1607854,30,0.48,1.424,255,-0.1674,0.5022,-0.0638,0.1628,2.98,2.413,-0.91,-3.4,140.42,0.03,0.0,0.0,0.03,99695,1507,3,0.38,0.09,0.01,-0.03,49,-17,-96,0,3.15,0.08,0.008,0.0131,14.48,18.16,11.94
164.358,flow_only,19.001,52.1380027,21.1607882,87.35,52.138005,21.1607854,30,0.48,1.424,255,-0.1675,0.335,-0.0557,0.1003,2.982,2.414,-1.05,-2.69,135.13,0.03,0.0,0.01,0.05,99695,1507,3,0.38,0.09,0.01,-0.03,49,-104,372,0,3.16,0.09,0.0288,0.0515,14.77,20.42,10.52
164.458,flow_only,19.101,52.1380016,21.1607895,87.36,52.1380026,21.1607876,30,0.48,1.588,255,-0.1674,0.3348,-0.006,0.0889,2.976,2.421,-0.95,-2.31,131.62,0.03,0.0,0.04,0.05,99695,1507,3,0.38,0.09,0.01,-0.03,49,54,-215,0,3.17,0.11,0.0104,0.0202,16.64,17.38,9.93
164.558,flow_only,19.201,52.1380007,21.1607908,87.37,52.1380026,21.1607876,30,0.48,1.588,255,0.0,0.502,0.037,0.1051,2.965,2.43,-0.77,-1.78,129.95,0.03,0.0,0.02,0.06,99695,1507,3,0.38,0.09,0.01,-0.03,49,-88,293,0,3.18,0.11,0.0075,0.0214,18.31,18.5,11.18
164.658,flow_only,19.301,52.1379996,21.1607921,87.37,52.1380003,21.1607903,30,0.48,1.567,255,-0.1674,0.5022,0.0109,0.065,2.968,2.439,-0.7,-1.32,129.64,0.03,0.0,0.0,0.04,99695,1507,3,0.37,0.08,0.01,-0.03,49,83,-49,0,3.19,0.14,0.0053,0.0146,15.89,17.34,10.4
164.758,flow_only,19.401,52.1379986,21.1607933,87.38,52.1380003,21.1607903,30,0.48,1.567,255,-0.1674,1.0045,-0.0298,0.0833,2.972,2.449,-0.72,-0.86,130.27,0.03,0.0,0.03,0.05,99695,1507,3,0.37,0.08,0.01,-0.03,49,-84,-207,0,3.2,0.15,0.0286,0.0488,17.57,19.91,11.91
164.858,flow_only,19.501,52.1379975,21.1607946,87.39,52.1379981,21.1607932,30,0.48,1.496,255,0.0,0.3348,-0.0185,-0.014,2.984,2.459,-0.9,-0.7,131.6,0.03,0.0,0.01,0.06,99695,1507,3,0.37,0.07,0.01,-0.03,49,-38,3,0,3.2,0.14,0.0278,0.0459,18.25,19.96,12.87
164.958,flow_only,19.601,52.1379964,21.1607959,87.4,52.1379981,21.1607932,30,0.48,1.496,255,0.0,0.5022,-0.023,0.0112,2.972,2.469,-1.04,-0.67,133.26,0.03,0.0,0.01,0.06,99695,1507,3,0.37,0.07,0.01,-0.03,49,-63,-141,0,3.21,0.14,0.0219,0.0363,19.42,21.15,11.81
165.058,flow_only,19.701,52.1379953,21.160797,87.41,52.137996,21.1607961,30,0.48,1.533,255,0.0,0.1673,0.0504,0.0245,2.98,2.479,-0.96,-0.58,135.03,0.03,0.0,0.01,0.06,99695,1507,3,0.37,0.07,0.01,-0.03,49,60,206,0,3.21,0.15,0.0162,0.0296,17.91,20.51,10.74
165.158,flow_only,19.8,52.1379943,21.1607983,87.42,52.137996,21.1607961,30,0.48,1.533,255,0.0,0.5022,-0.0052,-0.0392,2.986,2.489,-0.97,-0.67,136.74,0.03,0.0,0.03,0.07,99695,1507,3,0.37,0.07,0.01,-0.03,49,68,-73,0,3.22,0.15,0.0168,0.0291,18.07,23.31,11.23
165.257,flow_only,19.9,52.1379935,21.1607995,87.44,52.137994,21.1607992,30,0.48,1.459,255,0.0,0.837,-0.0352,-0.0133,2.976,2.502,-0.96,-0.68,138.28,0.03,0.0,0.04,0.06,99695,1507,3,0.37,0.07,0.01,-0.03,49,8,-74,0,3.23,0.16,0.0192,0.0352,20.57,21.92,11.88
165.358,flow_only,20.0,52.1379926,21.1608008,87.45,52.137994,21.1607992,30,0.48,1.459,255,0.1674,0.5022,0.025,-0.097,2.976,2.514,-1.08,-1.03,139.64,0.03,0.0,0.01,0.06,99695,1507,3,0.37,0.07,0.01,-0.03,49,69,293,0,3.24,0.17,0.0142,0.0276,17.7,19.69,12.02
165.458,flow_only,20.1,52.1379918,21.1608021,87.46,52.1379921,21.1608023,30,0.48,1.424,255,0.0,0.3348,0.0285,-0.0652,2.98,2.524,-1.01,-1.51,140.71,0.03,0.0,0.0,0.07,99695,1507,3,0.37,0.07,0.01,-0.03,49,-26,9,0,3.24,0.17,0.0113,0.0225,18.31,19.18,12.2
165.557,flow_only,20.2,52.1379909,21.1608034,87.47,52.1379921,21.1608023,30,0.48,1.424,255,0.0,0.3348,0.0748,-0.1096,2.992,2.53,-0.7,-2.01,141.4,0.03,0.0,0.0,0.07,99695,1507,3,0.37,0.07,0.01,-0.03,49,-66,-23,0,3.24,0.18,0.0102,0.0157,16.55,19.27,11.04
165.657,flow_only,20.3,52.13799,21.1608048,87.47,52.1379903,21.1608054,30,0.48,1.453,255,0.0,0.3348,0.03,-0.0798,3.016,2.534,-0.31,-2.43,141.79,0.03,0.0,0.0,0.05,99695,1507,3,0.37,0.07,0.01,-0.03,49,40,-40,0,3.23,0.15,0.011,0.0171,14.25,16.39,11.79
165.758,flow_only,20.4,52.1379891,21.1608061,87.47,52.1379903,21.1608054,30,0.48,1.453,255,0.1674,0.1674,0.0406,0.043,3.004,2.536,-0.07,-2.51,141.95,0.03,0.0,0.01,0.05,99695,1507,3,0.37,0.07,0.01,-0.03,49,-91,-48,0,3.23,0.15,0.0086,0.0091,15.48,16.6,11.01
165.857,flow_only,20.5,52.1379883,21.1608074,87.47,52.1379885,21.1608087,30,0.48,1.468,255,0.1674,0.837,0.0169,0.0385,2.97,2.54,0.01,-2.28,141.9,0.03,0.0,0.02,0.03,99695,1507,3,0.37,0.07,0.01,-0.03,49,119,-130,0,3.24,0.15,0.0492,0.0714,12.85,15.09,10.2
165.957,flow_only,20.6,52.1379876,21.1608087,87.48,52.1379885,21.1608087,30,0.48,1.468,255,0.0,0.5021,-0.0692,-0.0483,2.976,2.546,-0.2,-2.29,141.71,0.03,0.0,0.02,0.02,99695,1507,3,0.37,0.07,0.01,-0.03,49,182,425,0,3.24,0.17,0.0365,0.0518,16.05,18.26,10.15
166.058,flow_only,20.701,52.1379867,21.1608103,87.49,52.1379866,21.1608118,30,0.48,1.489,255,0.1674,0.3347,0.0151,-0.0988,2.952,2.551,-0.28,-2.82,141.48,0.03,0.0,0.0,0.02,99695,1507,3,0.37,0.07,0.01,-0.03,49,1,-46,0,3.24,0.18,0.0239,0.0366,14.45,17.23,8.91
166.157,flow_only,20.8,52.1379859,21.1608117,87.49,52.1379866,21.1608118,30,0.48,1.489,255,0.0,0.3348,0.0333,-0.0149,2.956,2.559,-0.05,-2.95,141.15,0.03,0.0,0.04,0.04,99695,1507,3,0.37,0.07,0.01,-0.03,49,-79,-63,0,3.25,0.18,0.0109,0.0227,19.03,18.27,12.15
166.257,flow_only,20.9,52.1379848,21.1608132,87.5,52.1379847,21.160815,30,0.48,1.537,255,0.0,0.3348,0.0221,0.0392,2.958,2.569,0.15,-2.86,140.78,0.03,0.0,0.02,0.03,99695,1507,3,0.37,0.07,0.01,-0.03,49,-70,398,0,3.25,0.21,0.0457,0.0664,16.43,16.36,10.81
166.358,flow_only,21.0,52.1379837,21.1608147,87.51,52.1379847,21.160815,30,0.48,1.537,255,0.0,0.5022,0.0444,0.0451,2.972,2.579,0.23,-2.83,140.5,0.03,0.0,0.02,0.01,99695,1507,3,0.37,0.07,0.01,-0.03,49,-18,-118,0,3.26,0.21,0.0183,0.0316,17.28,16.65,10.07
166.458,flow_only,21.1,52.1379826,21.1608163,87.52,52.1379826,21.1608182,30,0.48,1.637,255,0.1674,1.0044,-0.0261,0.1479,2.956,2.589,0.35,-2.07,140.31,0.03,0.0,0.02,0.02,99695,1507,3,0.37,0.07,0.01,-0.03,49,98,382,0,3.26,0.23,0.0549,0.0834,16.17,16.2,11.38
166.557,flow_only,21.2,52.1379815,21.160818,87.54,52.1379826,21.1608182,30,0.48,1.637,255,0.0,0.5022,-0.0087,0.0906,2.948,2.6,0.21,-1.53,140.27,0.03,0.0,0.02,0.04,99695,1507,3,0.37,0.07,0.01,-0.03,49,8,-231,0,3.27,0.23,0.0081,0.0187,15.99,15.59,10.41
166.658,flow_only,21.3,52.1379804,21.1608195,87.54,52.1379804,21.1608214,30,0.48,1.54,255,0.0,0.5022,-0.0394,0.0855,2.934,2.609,-0.06,-0.96,140.26,0.03,0.0,0.0,0.04,99695,1507,3,0.37,0.07,0.01,-0.03,49,53,-97,0,3.27,0.23,0.0164,0.0294,16.4,16.41,10.67
166.758,flow_only,21.4,52.1379792,21.1608211,87.55,52.1379804,21.1608214,30,0.48,1.54,255,0.0,0.3347,-0.0128,0.0077,2.932,2.618,-0.08,-0.82,140.22,0.03,0.0,0.02,0.03,99695,1507,3,0.37,0.07,0.01,-0.03,49,-14,-170,0,3.27,0.25,0.0207,0.036,15.74,19.23,12.04
166.858,flow_only,21.5,52.1379782,21.1608226,87.56,52.1379784,21.1608247,30,0.48,1.581,255,0.0,0.8371,-0.0329,-0.0339,2.944,2.627,-0.2,-0.82,140.14,0.03,0.0,0.0,0.04,99695,1507,3,0.37,0.07,0.01,-0.03,49,175,-174,0,3.27,0.25,0.0135,0.0199,17.4,19.62,10.74
166.958,flow_only,21.6,52.1379771,21.1608243,87.57,52.1379784,21.1608247,30,0.48,1.581,255,0.0,0.3348,0.0367,0.0584,2.924,2.635,-0.15,-0.72,140.06,0.03,0.0,0.0,0.05,99695,1507,3,0.37,0.07,0.01,-0.03,49,17,-122,0,3.27,0.25,0.0149,0.0263,18.11,19.64,11.5
167.057,flow_only,21.7,52.1379758,21.1608259,87.58,52.1379763,21.160828,30,0.48,1.58,255,0.0,0.502,0.0291,0.0434,2.928,2.643,-0.11,-0.59,140.13,0.03,0.0,0.02,0.03,99695,1507,3,0.37,0.07,0.01,-0.03,49,-13,-19,0,3.27,0.25,0.0301,0.0504,18.47,19.88,10.75
167.158,flow_only,21.8,52.1379747,21.1608275,87.59,52.1379763,21.160828,30,0.48,1.58,255,0.0,0.3348,-0.0257,0.0888,2.92,2.65,-0.03,-0.09,140.17,0.03,0.0,0.0,0.04,99695,1507,3,0.37,0.07,0.01,-0.03,49,110,273,0,3.27,0.25,0.034,0.0549,16.75,19.67,10.93
167.258,flow_only,21.9,52.1379736,21.1608292,87.59,52.1379743,21.1608311,30,0.48,1.53,255,0.0,0.3347,-0.0411,-0.0296,2.924,2.659,-0.29,0.05,140.19,0.03,0.0,0.03,0.05,99695,1507,3,0.37,0.07,0.01,-0.03,49,42,306,0,3.27,0.27,0.0479,0.0763,15.39,19.17,12.61
167.357,flow_only,22.0,52.1379724,21.1608309,87.6,52.1379743,21.1608311,30,0.48,1.53,255,0.0,0.837,-0.0003,0.0253,2.924,2.669,-0.37,0.03,140.21,0.03,0.0,0.02,0.04,99695,1507,3,0.37,0.07,0.01,-0.03,49,-11,199,0,3.28,0.27,0.0427,0.0701,17.18,18.49,11.21
167.457,flow_only,22.1,52.1379713,21.1608325,87.62,52.1379723,21.1608342,30,0.48,1.481,255,0.1673,0.8364,0.0615,0.0419,2.93,2.682,-0.19,0.15,140.18,0.03,0.0,0.04,0.05,99695,1507,3,0.37,0.06,0.01,-0.03,49,-46,23,0,3.29,0.29,0.0131,0.0304,15.59,19.78,12.85
167.557,flow_only,22.2,52.1379703,21.1608339,87.63,52.1379723,21.1608342,30,0.48,1.481,255,0.1673,0.3347,0.0193,-0.0139,2.932,2.695,-0.03,0.23,140.07,0.03,0.0,0.0,0.04,99695,1507,3,0.37,0.06,0.01,-0.03,49,-61,-173,0,3.28,0.28,0.012,0.0127,19.86,17.36,11.85
167.657,flow_only,22.3,52.1379693,21.1608352,87.64,52.1379704,21.160837,30,0.48,1.383,255,0.0,0.3348,-0.0257,-0.0186,2.924,2.704,0.1,0.29,139.96,0.03,0.0,0.01,0.04,99695,1507,3,0.37,0.07,0.01,-0.03,49,-43,234,0,3.28,0.27,0.0098,0.015,16.1,19.84,12.16
167.758,flow_only,22.4,52.1379684,21.1608365,87.65,52.1379704,21.160837,30,0.48,1.383,255,0.0,0.3347,-0.0411,-0.0363,2.926,2.713,-0.06,0.07,139.97,0.03,0.0,0.0,0.03,99695,1507,3,0.37,0.07,0.01,-0.03,49,36,-66,0,3.28,0.27,0.02,0.0322,19.38,18.26,11.19
167.858,flow_only,22.5,52.1379676,21.1608377,87.66,52.1379686,21.1608398,30,0.48,1.374,255,0.0,0.1673,-0.0133,-0.1021,2.922,2.72,-0.27,-0.29,139.98,0.03,0.0,0.0,0.05,99695,1507,3,0.37,0.07,0.01,-0.03,49,-117,-209,0,3.28,0.27,0.0389,0.0625,18.3,17.45,10.79
167.957,flow_only,22.6,52.1379668,21.1608388,87.66,52.1379686,21.1608398,30,0.48,1.374,255,0.0,0.6696,0.0379,-0.1466,2.888,2.727,-0.14,-1.13,139.98,0.03,0.0,0.0,0.03,99695,1507,3,0.37,0.07,0.01,-0.03,49,-10,78,0,3.27,0.27,0.0075,0.0158,16.96,17.12,11.0
168.057,flow_only,22.7,52.1379659,21.16084,87.67,52.1379668,21.1608424,30,0.48,1.329,255,0.0,0.3348,0.046,-0.0754,2.882,2.735,-0.01,-1.88,140.01,0.03,0.0,0.02,0.04,99695,1507,3,0.37,0.07,0.01,-0.03,49,158,91,0,3.27,0.3,0.0132,0.0232,17.6,15.06,11.94
168.158,flow_only,22.8,52.137965,21.1608412,87.68,52.1379668,21.1608424,30,0.48,1.329,255,0.0,0.3349,-0.0515,-0.0192,2.882,2.742,-0.04,-2.0,140.06,0.03,0.0,0.01,0.03,99695,1507,3,0.37,0.07,0.01,-0.03,49,-23,285,0,3.26,0.3,0.0124,0.0186,16.71,21.63,12.91
168.257,flow_only,22.9,52.1379641,21.1608426,87.68,52.137965,21.1608451,30,0.48,1.347,255,0.0,0.5022,-0.0332,-0.008,2.886,2.748,-0.18,-2.1,140.04,0.03,0.0,0.0,0.04,99695,1507,3,0.37,0.07,0.01,-0.03,49,15,-64,0,3.26,0.3,0.0086,0.0177,16.13,19.46,12.21
168.358,flow_only,23.0,52.1379632,21.1608439,87.69,52.137965,21.1608451,30,0.48,1.347,255,0.0,0.1674,-0.0278,-0.0297,2.896,2.754,-0.4,-2.19,139.95,0.03,0.0,0.02,0.04,99695,1507,3,0.37,0.07,0.01,-0.03,49,38,-88,0,3.25,0.28,0.0134,0.0289,19.96,18.87,12.56
168.457,flow_only,23.1,52.1379623,21.1608453,87.69,52.1379631,21.1608476,30,0.48,1.344,255,0.0,0.3347,0.0251,0.0101,2.89,2.758,-0.35,-2.32,139.69,0.03,0.0,0.0,0.03,99695,1507,3,0.37,0.07,0.01,-0.03,49,-9,-66,0,3.24,0.26,0.0162,0.0304,17.57,17.91,11.67
168.558,flow_only,23.2,52.1379613,21.1608467,87.7,52.1379631,21.1608476,30,0.48,1.344,255,0.1673,0.6694,0.0637,0.0179,2.896,2.762,-0.14,-2.31,139.38,0.03,0.0,0.01,0.05,99695,1507,3,0.37,0.07,0.01,-0.03,49,-25,-108,0,3.24,0.26,0.005,0.0204,19.34,18.13,10.39
168.657,flow_only,23.3,52.1379602,21.1608481,87.7,52.1379613,21.1608503,30,0.48,1.398,255,0.0,0.3348,-0.0271,0.0614,2.89,2.766,0.04,-1.94,139.17,0.03,0.0,0.0,0.05,99695,1507,3,0.37,0.07,0.01,-0.03,49,-73,-140,0,3.24,0.26,0.0079,0.0183,18.39,18.88,11.75
168.758,flow_only,23.401,52.1379591,21.1608495,87.71,52.1379613,21.1608503,30,0.48,1.398,255,0.0,0.3348,-0.03,0.0201,2.888,2.771,-0.18,-1.68,139.05,0.03,0.0,0.0,0.04,99695,1507,3,0.37,0.07,0.01,-0.03,49,59,-195,0,3.23,0.26,0.007,0.02,19.0,18.19,12.23
168.858,flow_only,23.5,52.137958,21.1608511,87.71,52.1379594,21.1608529,30,0.48,1.308,255,0.0,0.6696,-0.0121,-0.007,2.866,2.776,-0.28,-1.65,138.93,0.03,0.0,0.01,0.05,99695,1507,3,0.37,0.07,0.01,-0.03,49,24,-143,0,3.23,0.26,0.0169,0.0352,19.5,18.93,13.08
168.957,flow_only,23.6,52.137957,21.1608525,87.71,52.1379594,21.1608529,30,0.48,1.308,255,0.0,0.3348,0.0391,0.0821,2.864,2.779,-0.06,-1.34,138.84,0.03,0.0,0.01,0.04,99695,1507,3,0.37,0.07,0.01,-0.03,49,-40,17,0,3.22,0.27,0.004,0.021,16.53,15.33,10.46
169.057,flow_only,23.7,52.137956,21.1608539,87.72,52.1379576,21.1608554,30,0.48,1.387,255,0.0,0.5022,0.0274,0.0611,2.868,2.781,-0.0,-0.97,138.86,0.03,0.0,0.01,0.04,99695,1507,3,0.36,0.07,0.01,-0.03,49,10,333,0,3.22,0.27,0.0145,0.0346,15.73,19.23,9.88
169.158,flow_only,23.8,52.1379549,21.1608553,87.71,52.1379576,21.1608554,30,0.48,1.387,255,0.0,0.3347,0.0134,-0.0007,2.868,2.778,0.02,-0.87,138.96,0.03,0.0,0.07,0.05,99695,1507,3,0.36,0.07,0.01,-0.03,49,10,-145,0,3.19,0.24,0.0123,0.0451,14.05,19.67,10.81
169.257,flow_only,23.9,52.1379539,21.1608566,87.71,52.1379557,21.1608581,30,0.48,1.364,255,0.0,0.3349,-0.0294,0.006,2.884,2.774,-0.03,-0.85,139.08,0.03,0.0,0.0,0.03,99695,1507,3,0.36,0.07,0.01,-0.03,49,21,-129,0,3.19,0.24,0.0179,0.0413,14.4,20.39,11.94
169.358,flow_only,24.0,52.1379529,21.160858,87.71,52.1379557,21.1608581,30,0.48,1.364,255,0.0,0.3348,-0.0175,-0.0376,2.896,2.776,-0.16,-0.99,139.15,0.03,0.0,0.0,0.04,99695,1507,3,0.36,0.07,0.01,-0.03,49,41,-98,0,3.2,0.24,0.0115,0.026,17.09,22.78,11.99
169.458,flow_only,24.1,52.1379519,21.1608594,87.71,52.1379539,21.1608607,30,0.48,1.34,255,0.0,0.5023,0.0179,-0.0542,2.858,2.778,-0.17,-1.34,139.19,0.03,0.0,0.04,0.03,99695,1507,3,0.36,0.07,0.01,-0.03,49,17,-72,0,3.18,0.21,0.0083,0.0306,18.1,17.2,10.58
169.557,flow_only,24.2,52.1379509,21.1608609,87.71,52.1379539,21.1608607,30,0.48,1.34,255,0.0,0.5023,0.0536,-0.0194,2.878,2.776,0.02,-1.5,139.17,0.03,0.0,0.04,0.04,99695,1507,3,0.36,0.07,0.01,-0.03,49,-18,-265,0,3.16,0.19,0.0097,0.0378,21.49,18.6,11.3
169.658,flow_only,24.3,52.1379498,21.1608623,87.71,52.1379521,21.1608634,30,0.48,1.329,255,0.0,0.3349,0.0241,0.0344,2.884,2.775,0.31,-1.32,139.17,0.03,0.0,0.0,0.03,99695,1507,3,0.36,0.06,0.01,-0.03,49,-72,-151,0,3.17,0.21,0.0093,0.0256,19.24,20.22,12.66
169.758,flow_only,24.4,52.1379488,21.1608635,87.71,52.1379521,21.1608634,30,0.48,1.329,255,0.0,0.5024,-0.0221,0.0528,2.904,2.777,0.36,-0.98,139.25,0.03,0.0,0.01,0.03,99695,1507,3,0.36,0.06,0.01,-0.03,49,-14,154,0,3.17,0.2,0.0094,0.024,16.47,17.8,10.94
169.858,flow_only,24.5,52.1379479,21.1608648,87.72,52.1379503,21.160866,30,0.48,1.341,255,-0.1674,0.3348,-0.0663,-0.02,2.902,2.781,0.12,-0.94,139.32,0.03,0.0,0.01,0.02,99695,1507,3,0.36,0.06,0.01,-0.03,49,30,193,0,3.17,0.2,0.0035,0.0166,16.2,18.07,10.86
169.958,flow_only,24.6,52.137947,21.160866,87.72,52.1379503,21.160866,30,0.48,1.341,255,-0.1674,0.5022,-0.0451,-0.0462,2.89,2.784,-0.18,-1.18,139.33,0.03,0.0,0.02,0.03,99695,1507,3,0.36,0.06,0.01,-0.03,49,-107,-68,0,3.17,0.19,0.0303,0.0578,14.4,18.81,10.55
170.058,flow_only,24.7,52.137946,21.1608671,87.72,52.1379485,21.1608687,30,0.48,1.341,255,0.0,0.3349,-0.0169,-0.0905,2.88,2.786,-0.32,-1.61,139.26,0.03,0.0,0.01,0.05,99695,1507,3,0.36,0.06,0.01,-0.03,49,35,-44,0,3.16,0.17,0.0209,0.0423,19.51,17.92,11.23
170.158,flow_only,24.8,52.1379451,21.1608683,87.72,52.1379485,21.1608687,30,0.48,1.341,255,-0.1674,0.1674,-0.0166,-0.095,2.896,2.788,-0.41,-2.15,139.2,0.03,0.0,0.02,0.04,99695,1507,3,0.36,0.06,0.01,-0.03,49,38,-179,0,3.16,0.17,0.0334,0.066,18.72,18.39,10.9
170.258,flow_only,24.9,52.1379443,21.1608694,87.72,52.1379466,21.1608714,30,0.48,1.335,255,0.0,0.6693,0.0288,-0.0404,2.896,2.788,-0.34,-2.36,139.15,0.03,0.0,0.02,0.05,99695,1507,3,0.36,0.06,0.01,-0.03,49,15,-19,0,3.16,0.18,0.0259,0.0546,19.19,19.81,12.48
170.358,flow_only,25.0,52.1379435,21.1608706,87.73,52.1379466,21.1608714,30,0.48,1.335,255,0.0,0.3347,0.0161,-0.0609,2.886,2.791,-0.13,-2.59,139.1,0.03,0.0,0.01,0.04,99695,1507,3,0.36,0.06,0.01,-0.03,49,-39,-60,0,3.17,0.19,0.0276,0.0547,18.66,18.31,11.57
170.458,flow_only,25.1,52.1379426,21.1608719,87.73,52.1379448,21.160874,30,0.48,1.315,255,0.0,0.3348,-0.0174,-0.024,2.888,2.796,-0.07,-2.83,139.15,0.03,0.0,0.01,0.04,99695,1507,3,0.36,0.06,0.01,-0.03,49,-18,-54,0,3.17,0.19,0.0087,0.021,15.12,19.41,10.63
170.557,flow_only,25.2,52.1379416,21.1608734,87.74,52.1379448,21.160874,30,0.48,1.315,255,0.0,0.837,0.0476,0.021,2.868,2.801,0.05,-2.78,139.29,0.03,0.0,0.0,0.03,99695,1507,3,0.36,0.06,0.01,-0.03,49,14,-122,0,3.17,0.2,0.0052,0.0084,18.27,19.5,11.78
170.657,flow_only,25.3,52.1379406,21.1608747,87.74,52.137943,21.1608766,30,0.48,1.403,255,0.0,0.5023,-0.003,0.0352,2.896,2.808,0.07,-2.57,139.49,0.03,0.0,0.0,0.03,99695,1507,3,0.36,0.06,0.01,-0.03,49,-1,175,0,3.17,0.2,0.0045,0.007,21.32,23.9,10.95
170.758,flow_only,25.401,52.1379396,21.1608761,87.75,52.137943,21.1608766,30,0.48,1.403,255,0.0,0.3349,0.0003,0.0191,2.92,2.815,0.02,-2.45,139.64,0.03,0.0,0.0,0.03,99695,1507,3,0.36,0.06,0.01,-0.03,49,18,184,0,3.17,0.2,0.0059,0.0094,19.04,19.77,10.34
170.857,flow_only,25.5,52.1379386,21.1608775,87.76,52.1379411,21.1608794,30,0.48,1.392,255,0.0,0.6697,0.0131,0.0259,2.924,2.822,0.1,-2.41,139.72,0.03,0.0,0.01,0.04,99695,1507,3,0.36,0.06,0.01,-0.03,49,-23,-124,0,3.17,0.17,0.0193,0.0359,22.29,18.4,11.41
170.957,flow_only,25.6,52.1379376,21.1608789,87.76,52.1379411,21.1608794,30,0.48,1.392,255,0.0,0.3348,0.0312,-0.0209,2.936,2.826,0.16,-2.39,139.79,0.03,0.0,0.04,0.03,99695,1507,3,0.36,0.06,0.01,-0.03,49,4,13,0,3.16,0.17,0.0038,0.0167,20.2,17.39,11.99
171.058,flow_only,25.7,52.1379366,21.1608802,87.76,52.1379392,21.1608822,30,0.48,1.443,255,0.1673,0.3347,0.0089,-0.012,2.944,2.825,0.31,-2.38,139.87,0.03,0.0,0.03,0.03,99695,1507,3,0.36,0.06,0.01,-0.03,49,-37,-137,0,3.15,0.14,0.0129,0.0313,16.87,16.85,11.89
171.158,flow_only,25.8,52.1379355,21.1608816,87.76,52.1379392,21.1608822,30,0.48,1.443,255,0.0,0.5021,-0.0349,0.0234,2.926,2.821,0.3,-2.23,139.86,0.03,0.0,0.02,0.0,99695,1507,3,0.36,0.06,0.01,-0.03,49,-11,199,0,3.15,0.14,0.0115,0.0302,19.88,21.08,12.91
171.258,flow_only,25.9,52.1379345,21.1608829,87.75,52.1379372,21.1608851,30,0.48,1.454,255,0.0,0.3347,-0.0165,0.0593,2.898,2.816,0.16,-2.03,139.83,0.03,0.0,0.04,0.02,99695,1507,3,0.36,0.06,0.01,-0.03,49,57,-7,0,3.13,0.11,0.0101,0.0315,18.76,21.08,12.33
171.357,flow_only,26.0,52.1379335,21.1608844,87.75,52.1379372,21.1608851,30,0.48,1.454,255,0.0,0.3349,0.0047,0.0235,2.906,2.811,-0.01,-1.93,139.78,0.03,0.0,0.01,0.02,99695,1507,3,0.36,0.06,0.01,-0.03,49,61,-190,0,3.14,0.13,0.0157,0.0316,19.24,20.9,10.68
171.458,flow_only,26.1,52.1379323,21.1608858,87.75,52.1379351,21.1608879,30,0.48,1.521,255,0.0,0.837,-0.0062,-0.0064,2.926,2.812,-0.05,-1.88,139.74,0.03,0.0,0.0,0.02,99695,1507,3,0.36,0.07,0.01,-0.03,49,6,-200,0,3.14,0.15,0.0058,0.0109,18.08,18.4,11.28
171.557,flow_only,26.2,52.1379312,21.1608873,87.75,52.1379351,21.1608879,30,0.48,1.521,255,0.0,0.3348,-0.0229,0.0313,2.924,2.816,-0.1,-1.7,139.68,0.03,0.0,0.01,0.04,99695,1507,3,0.36,0.07,0.01,-0.03,49,14,-53,0,3.15,0.15,0.0167,0.0342,18.78,17.45,11.04
171.657,flow_only,26.3,52.13793,21.1608888,87.76,52.1379331,21.1608907,30,0.48,1.472,255,0.0,0.502,-0.0253,0.037,2.924,2.82,-0.16,-1.43,139.63,0.03,0.0,0.03,0.03,99695,1507,3,0.36,0.06,0.01,-0.03,49,1,109,0,3.14,0.13,0.005,0.0126,19.64,15.84,12.2
171.758,flow_only,26.4,52.137929,21.1608903,87.76,52.1379331,21.1608907,30,0.48,1.472,255,-0.1674,0.6696,-0.014,0.034,2.912,2.823,-0.22,-1.12,139.59,0.03,0.0,0.01,0.04,99695,1507,3,0.36,0.06,0.01,-0.03,49,14,272,0,3.14,0.13,0.0111,0.0219,17.31,20.1,11.36
171.857,flow_only,26.5,52.1379279,21.1608919,87.76,52.1379311,21.1608936,30,0.48,1.504,255,0.0,0.3348,-0.0109,0.0097,2.914,2.825,-0.27,-1.0,139.59,0.03,0.0,0.01,0.05,99695,1507,3,0.36,0.06,0.01,-0.03,49,28,-26,0,3.14,0.13,0.0068,0.0142,16.56,20.94,12.44
171.958,flow_only,26.6,52.1379268,21.1608934,87.76,52.1379311,21.1608936,30,0.48,1.504,255,0.0,0.3348,0.0317,0.0235,2.924,2.828,-0.13,-0.93,139.59,0.03,0.0,0.0,0.04,99695,1507,3,0.36,0.06,0.01,-0.03,49,7,170,0,3.14,0.13,0.0132,0.0258,17.74,20.82,12.34
172.058,flow_only,26.7,52.1379258,21.1608949,87.77,52.1379291,21.1608965,30,0.48,1.488,255,0.0,0.3348,0.0526,0.0216,2.91,2.831,0.06,-0.93,139.56,0.03,0.0,0.0,0.04,99695,1507,3,0.36,0.06,0.01,-0.03,49,155,9,0,3.15,0.13,0.014,0.0268,19.88,24.0,13.57
172.158,flow_only,26.8,52.1379248,21.1608963,87.77,52.1379291,21.1608965,30,0.48,1.488,255,0.0,0.3348,0.0147,-0.0371,2.942,2.838,0.12,-0.97,139.53,0.03,0.0,0.02,0.03,99695,1507,3,0.36,0.06,0.01,-0.03,49,-29,-19,0,3.16,0.14,0.0172,0.034,18.99,18.36,11.63
172.257,flow_only,26.9,52.1379239,21.1608979,87.78,52.1379271,21.1608994,30,0.48,1.455,255,0.1674,0.6696,-0.0195,-0.0671,2.936,2.846,0.13,-1.19,139.55,0.03,0.0,0.0,0.02,99695,1507,3,0.36,0.06,0.01,-0.03,49,-19,-144,0,3.16,0.14,0.0152,0.0313,20.96,19.16,12.6
172.358,flow_only,27.001,52.137923,21.1608993,87.79,52.1379271,21.1608994,30,0.48,1.455,255,0.0,0.6695,0.0296,-0.0011,2.946,2.855,0.24,-1.36,139.55,0.03,0.0,0.0,0.03,99695,1507,3,0.36,0.06,0.01,-0.03,49,-12,-80,0,3.17,0.14,0.0216,0.0439,19.22,20.16,11.97
172.457,flow_only,27.1,52.1379221,21.1609007,87.8,52.1379252,21.1609022,30,0.48,1.405,255,0.0,0.3348,0.0401,-0.0183,2.916,2.864,0.39,-1.51,139.56,0.03,0.0,0.01,0.03,99695,1507,3,0.36,0.06,0.01,-0.03,49,159,51,0,3.18,0.14,0.0171,0.0377,18.93,22.59,11.72
172.557,flow_only,27.2,52.1379212,21.1609021,87.81,52.1379252,21.1609022,30,0.48,1.405,255,0.0,0.1673,0.0047,-0.0476,2.906,2.875,0.49,-1.73,139.59,0.03,0.0,0.01,0.04,99695,1507,3,0.36,0.06,0.01,-0.03,49,-11,239,0,3.18,0.16,0.0082,0.0223,17.67,19.87,11.64
172.658,flow_only,27.3,52.1379202,21.1609036,87.82,52.1379233,21.160905,30,0.48,1.375,255,0.0,0.3348,0.001,-0.0354,2.914,2.884,0.55,-1.9,139.63,0.03,0.0,0.0,0.02,99695,1507,3,0.36,0.06,0.01,-0.03,49,-16,-102,0,3.18,0.19,0.0044,0.0145,18.05,24.05,12.82
172.758,flow_only,27.4,52.1379191,21.160905,87.83,52.1379233,21.160905,30,0.48,1.375,255,0.0,0.5022,0.0193,0.0198,2.95,2.891,0.61,-1.91,139.64,0.03,0.0,0.01,0.01,99695,1507,3,0.36,0.06,0.01,-0.03,49,2,-116,0,3.18,0.19,0.002,0.0062,18.88,21.77,11.3
172.858,flow_only,27.5,52.137918,21.1609065,87.83,52.1379214,21.1609076,30,0.48,1.411,255,0.1674,0.6696,0.0435,0.0312,2.942,2.898,0.75,-1.86,139.65,0.03,0.0,0.03,0.01,99695,1507,3,0.36,0.06,0.01,-0.03,49,2,17,0,3.19,0.16,0.0138,0.0331,19.26,20.82,12.07
172.957,flow_only,27.6,52.1379169,21.1609079,87.84,52.1379214,21.1609076,30,0.48,1.411,255,0.0,0.3348,-0.053,0.0446,2.938,2.907,0.61,-1.64,139.68,0.03,0.0,0.01,0.02,99695,1507,3,0.36,0.06,0.01,-0.03,49,1,-192,0,3.19,0.15,0.0097,0.0181,17.11,21.13,11.3
173.057,flow_only,27.7,52.1379159,21.1609092,87.85,52.1379195,21.1609101,30,0.48,1.351,255,0.0,0.3348,-0.0564,0.0583,2.936,2.915,0.38,-1.26,139.72,0.03,0.0,0.01,0.02,99695,1507,3,0.35,0.06,0.01,-0.03,49,36,-221,0,3.19,0.17,0.0409,0.0762,16.85,21.06,10.47
173.157,flow_only,27.8,52.1379151,21.1609104,87.86,52.1379195,21.1609101,30,0.48,1.351,255,-0.1674,0.6696,-0.0406,-0.0522,2.926,2.92,0.12,-1.24,139.76,0.03,0.0,0.01,0.03,99695,1507,3,0.35,0.06,0.01,-0.03,49,-112,198,0,3.19,0.17,0.0243,0.046,18.34,19.61,12.19
173.258,flow_only,27.9,52.1379143,21.1609115,87.86,52.1379175,21.1609126,30,0.48,1.407,255,0.0,0.1674,0.0061,-0.1102,2.948,2.922,0.01,-1.8,139.78,0.03,0.0,0.03,0.03,99695,1507,3,0.35,0.06,0.01,-0.03,49,44,-222,0,3.17,0.14,0.0335,0.0658,17.71,21.48,12.76
173.357,flow_only,28.0,52.1379134,21.1609128,87.85,52.1379175,21.1609126,30,0.48,1.407,255,0.0,0.3348,0.0092,-0.0894,2.95,2.92,0.05,-2.39,139.8,0.03,0.0,0.02,0.04,99695,1507,3,0.35,0.06,0.01,-0.03,49,6,-27,0,3.16,0.14,0.0147,0.0331,17.78,19.13,11.19
173.457,flow_only,28.1,52.1379124,21.160914,87.85,52.1379156,21.1609152,30,0.48,1.345,255,-0.1674,0.6695,0.0013,-0.0653,2.928,2.918,0.05,-2.87,139.79,0.03,0.0,0.0,0.04,99695,1507,3,0.35,0.06,0.01,-0.03,49,-153,-211,0,3.16,0.13,0.0205,0.0399,19.19,20.94,11.03
173.558,flow_only,28.2,52.1379116,21.1609151,87.85,52.1379156,21.1609152,30,0.48,1.345,255,0.0,0.3348,-0.0019,-0.0324,2.912,2.916,0.08,-2.98,139.75,0.03,0.0,0.02,0.03,99695,1507,3,0.35,0.06,0.01,-0.03,49,3,-111,0,3.15,0.12,0.0354,0.0707,18.56,19.89,11.02
173.657,flow_only,28.3,52.1379107,21.1609162,87.85,52.1379137,21.1609178,30,0.48,1.454,255,0.0,0.3347,-0.0163,-0.0284,2.94,2.913,0.04,-3.1,139.69,0.03,0.0,0.01,0.02,99695,1507,3,0.35,0.07,0.01,-0.03,49,21,-121,0,3.15,0.14,0.0412,0.0827,15.79,18.4,10.47
173.758,flow_only,28.4,52.1379099,21.1609173,87.85,52.1379137,21.1609178,30,0.48,1.454,255,0.0,0.5024,0.0105,-0.0501,2.936,2.912,-0.0,-3.34,139.67,0.03,0.0,0.0,0.02,99695,1507,3,0.35,0.07,0.01,-0.03,49,-142,242,0,3.15,0.14,0.0166,0.0353,19.87,20.77,10.48
173.857,flow_only,28.5,52.1379089,21.1609185,87.85,52.1379117,21.1609204,30,0.48,1.45,255,0.0,0.3347,0.0009,-0.0375,2.95,2.914,0.07,-3.65,139.7,0.03,0.0,0.0,0.03,99695,1507,3,0.35,0.06,0.01,-0.03,49,6,-94,0,3.15,0.12,0.0151,0.0317,20.98,20.92,14.55
173.958,flow_only,28.6,52.137908,21.1609197,87.85,52.1379117,21.1609204,30,0.48,1.45,255,0.0,0.502,-0.0221,0.0104,2.952,2.913,0.04,-3.75,139.74,0.03,0.0,0.06,0.03,99695,1507,3,0.35,0.06,0.01,-0.03,49,15,-110,0,3.13,0.12,0.0214,0.0474,18.85,18.99,11.63
174.058,flow_only,28.7,52.1379071,21.1609209,87.85,52.1379096,21.1609232,30,0.48,1.504,255,0.0,0.837,0.0085,0.0084,2.944,2.91,0.08,-3.63,139.79,0.03,0.0,0.0,0.03,99695,1507,3,0.35,0.06,0.01,-0.03,49,17,-34,0,3.13,0.09,0.0248,0.0518,21.02,21.25,12.05
174.158,flow_only,28.8,52.1379063,21.1609221,87.85,52.1379096,21.1609232,30,0.48,1.504,255,0.0,0.3348,0.0216,-0.0435,2.94,2.912,0.12,-3.71,139.86,0.03,0.0,0.02,0.03,99695,1507,3,0.35,0.06,0.01,-0.03,49,18,166,0,3.15,0.09,0.0127,0.0282,21.37,23.5,12.62
174.257,flow_only,28.9,52.1379053,21.1609235,87.85,52.1379075,21.1609263,30,0.48,1.644,255,0.0,0.5022,0.0226,-0.0131,2.926,2.918,0.21,-3.82,139.94,0.03,0.0,0.01,0.03,99695,1507,3,0.35,0.06,0.01,-0.03,49,-5,-142,0,3.16,0.12,0.0152,0.0322,18.16,18.1,11.41
174.357,flow_only,29.0,52.1379043,21.1609248,87.86,52.1379075,21.1609263,30,0.48,1.644,255,-0.1673,0.6694,0.0104,0.0283,2.954,2.925,0.31,-3.74,140.03,0.03,0.0,0.0,0.03,99695,1507,3,0.35,0.06,0.01,-0.03,49,-15,-14,0,3.16,0.15,0.0088,0.0201,19.93,19.12,12.21
174.458,flow_only,29.1,52.1379031,21.1609262,87.87,52.1379052,21.1609294,30,0.48,1.679,255,0.0,0.5022,0.0076,0.0447,2.936,2.932,0.34,-3.56,140.13,0.03,0.0,0.01,0.01,99695,1507,3,0.35,0.06,0.01,-0.03,49,18,-65,0,3.15,0.14,0.0153,0.0304,19.89,17.2,12.34
174.557,flow_only,29.2,52.1379019,21.1609277,87.87,52.1379052,21.1609294,30,0.48,1.679,255,0.0,0.502,-0.0359,0.0703,2.932,2.937,0.27,-3.24,140.24,0.03,0.0,0.0,0.02,99695,1507,3,0.35,0.06,0.01,-0.03,49,-10,250,0,3.16,0.12,0.0272,0.0551,17.04,16.0,10.73
174.658,flow_only,29.3,52.1379005,21.1609292,87.88,52.1379028,21.1609326,30,0.48,1.781,255,0.0,0.6694,-0.0573,0.104,2.914,2.943,0.07,-2.73,140.31,0.03,0.0,0.0,0.01,99695,1507,3,0.35,0.06,0.01,-0.03,49,-131,377,0,3.16,0.14,0.0458,0.0933,19.11,18.02,10.66
174.758,flow_only,29.4,52.1378993,21.1609307,87.89,52.1379028,21.1609326,30,0.48,1.781,255,0.0,0.502,-0.0463,0.119,2.89,2.95,-0.1,-2.02,140.35,0.03,0.0,0.01,0.02,99695,1507,3,0.35,0.06,0.01,-0.03,49,43,-169,0,3.17,0.17,0.0055,0.0172,18.35,16.01,11.62
174.857,flow_only,29.5,52.137898,21.1609324,87.89,52.1379003,21.1609359,30,0.48,1.776,255,0.0,0.5022,-0.0254,0.0733,2.89,2.959,-0.33,-1.44,140.37,0.03,0.0,0.01,0.02,99695,1507,3,0.35,0.06,0.01,-0.03,49,59,-193,0,3.17,0.19,0.0189,0.0437,17.54,19.2,12.98
174.957,flow_only,29.6,52.1378966,21.1609342,87.9,52.1379003,21.1609359,30,0.48,1.776,255,0.0,0.8371,0.0163,0.0741,2.878,2.97,-0.29,-1.06,140.41,0.03,0.0,0.01,0.03,99695,1507,3,0.35,0.06,0.01,-0.03,49,2,-133,0,3.17,0.2,0.0287,0.0624,20.02,21.68,12.13
175.058,flow_only,29.7,52.1378953,21.160936,87.92,52.137898,21.1609394,30,0.48,1.793,255,0.0,0.6696,0.0247,0.0876,2.86,2.981,-0.22,-0.51,140.42,0.03,0.0,0.0,0.05,99695,1507,3,0.35,0.06,0.01,-0.03,49,0,502,0,3.18,0.22,0.0545,0.1106,20.01,20.17,13.74
175.157,flow_only,29.8,52.1378938,21.1609379,87.93,52.137898,21.1609394,30,0.48,1.793,255,0.0,0.5022,0.0194,0.0348,2.848,2.993,-0.05,-0.21,140.41,0.03,0.0,0.01,0.04,99695,1507,3,0.35,0.06,0.01,-0.03,49,-38,361,0,3.18,0.23,0.0699,0.1421,19.77,22.49,14.27
175.257,flow_only,29.9,52.1378924,21.1609398,87.94,52.1378956,21.1609429,30,0.48,1.726,255,0.0,0.5023,-0.0046,0.1127,2.838,3.007,-0.02,0.28,140.41,0.03,0.0,0.02,0.03,99695,1507,3,0.35,0.06,0.01,-0.03,49,-13,-317,0,3.19,0.24,0.0138,0.0419,18.57,22.29,13.57
175.357,flow_only,30.0,52.1378911,21.1609415,87.96,52.1378956,21.1609429,30,0.48,1.726,255,0.0,0.6698,-0.0024,0.109,2.842,3.021,-0.04,1.0,140.34,0.03,0.0,0.0,0.04,99695,1507,3,0.35,0.06,0.01,-0.03,49,-6,-198,0,3.19,0.26,0.0188,0.0476,21.35,20.25,13.54
175.457,flow_only,30.1,52.1378898,21.1609433,87.97,52.1378933,21.160946,30,0.48,1.609,255,0.0,0.5022,-0.0076,0.0078,2.856,3.031,-0.06,1.19,140.2,0.03,0.0,0.02,0.02,99695,1507,3,0.35,0.07,0.01,-0.03,49,-17,-83,0,3.19,0.27,0.0345,0.0746,19.58,18.63,11.34
175.557,flow_only,30.2,52.1378885,21.1609449,87.97,52.1378933,21.160946,30,0.48,1.609,255,0.0,0.8368,-0.0152,0.0409,2.844,3.039,-0.14,1.29,140.03,0.03,0.0,0.01,0.03,99695,1507,3,0.35,0.07,0.01,-0.03,49,-1,-208,0,3.18,0.26,0.0072,0.0214,20.28,18.99,11.59
175.658,flow_only,30.3,52.1378873,21.1609466,87.98,52.1378912,21.1609492,30,0.48,1.574,255,0.0,0.3348,0.0276,0.0017,2.852,3.047,-0.07,1.32,139.91,0.03,0.0,0.0,0.04,99695,1507,3,0.35,0.06,0.01,-0.03,49,-1,-36,0,3.18,0.25,0.0197,0.0439,18.77,16.53,11.96
175.758,flow_only,30.4,52.1378861,21.1609482,87.99,52.1378912,21.1609492,30,0.48,1.574,255,0.0,0.335,0.0249,-0.0115,2.862,3.054,0.07,1.17,139.78,0.03,0.0,0.01,0.03,99695,1507,3,0.35,0.06,0.01,-0.03,49,-31,-149,0,3.18,0.25,0.0104,0.026,20.64,17.05,12.0
175.857,flow_only,30.5,52.137885,21.1609497,87.99,52.1378893,21.1609521,30,0.48,1.381,255,0.0,0.6697,0.0197,-0.0353,2.88,3.057,0.15,1.02,139.64,0.03,0.0,0.05,0.04,99695,1507,3,0.35,0.06,0.01,-0.03,49,-17,-152,0,3.15,0.21,0.0093,0.0296,18.96,19.61,12.98
175.958,flow_only,30.6,52.137884,21.160951,87.99,52.1378893,21.1609521,30,0.48,1.381,255,0.0,0.3348,-0.0174,-0.0411,2.862,3.056,0.16,0.84,139.55,0.03,0.0,0.02,0.03,99695,1507,3,0.35,0.06,0.01,-0.03,49,-21,-283,0,3.14,0.18,0.0316,0.0599,17.81,18.01,11.16
176.058,flow_only,30.7,52.1378832,21.1609521,87.99,52.1378875,21.1609548,30,0.48,1.375,255,0.0,0.5024,-0.0185,-0.0698,2.884,3.051,0.21,0.62,139.48,0.03,0.0,0.05,0.05,99695,1507,3,0.35,0.06,0.01,-0.03,49,-38,248,0,3.13,0.16,0.0111,0.0388,18.01,16.86,11.5
176.158,flow_only,30.8,52.1378822,21.1609534,87.98,52.1378875,21.1609548,30,0.48,1.375,255,0.0,0.3348,-0.028,-0.1514,2.872,3.047,0.08,-0.14,139.43,0.03,0.0,0.0,0.04,99695,1507,3,0.35,0.06,0.01,-0.03,49,9,-140,0,3.13,0.17,0.008,0.0245,16.81,16.81,10.0
176.258,flow_only,30.9,52.1378814,21.1609546,87.98,52.1378857,21.1609573,30,0.48,1.209,255,0.0,0.3347,0.0014,-0.1147,2.868,3.045,-0.03,-0.92,139.38,0.03,0.0,0.05,0.03,99695,1507,3,0.35,0.06,0.01,-0.03,49,13,50,0,3.11,0.16,0.0124,0.0388,15.41,20.07,11.52
176.357,flow_only,31.0,52.1378806,21.1609558,87.98,52.1378857,21.1609573,30,0.48,1.209,255,0.0,0.1674,0.068,-0.0921,2.884,3.04,0.12,-1.5,139.37,0.03,0.0,0.02,0.04,99695,1507,3,0.35,0.06,0.01,-0.03,49,-10,4,0,3.11,0.16,0.009,0.0313,21.31,18.99,9.84
176.458,flow_only,31.1,52.1378798,21.160957,87.97,52.1378842,21.1609598,30,0.48,1.227,255,0.0,0.5022,0.0236,-0.0453,2.886,3.037,0.38,-1.83,139.43,0.03,0.0,0.03,0.02,99695,1507,3,0.35,0.06,0.01,-0.03,49,-88,-193,0,3.1,0.14,0.0206,0.0479,20.47,20.85,10.89
176.558,flow_only,31.2,52.1378791,21.1609579,87.97,52.1378842,21.1609598,30,0.48,1.227,255,0.1674,0.3349,-0.005,-0.0354,2.882,3.031,0.4,-1.95,139.5,0.03,0.0,0.06,0.03,99695,1507,3,0.35,0.06,0.01,-0.03,49,-29,-225,0,3.08,0.14,0.0451,0.0937,16.66,17.55,9.84
176.658,flow_only,31.3,52.1378784,21.1609589,87.96,52.1378825,21.1609623,30,0.48,1.27,255,0.0,0.1673,-0.0631,-0.0972,2.882,3.025,0.26,-2.35,139.57,0.03,0.0,0.03,0.02,99695,1507,3,0.35,0.06,0.01,-0.03,49,-20,-193,0,3.08,0.1,0.0384,0.0817,16.83,18.66,10.37
176.758,flow_only,31.4,52.1378777,21.1609599,87.95,52.1378825,21.1609623,30,0.48,1.27,255,0.0,0.1674,-0.0235,-0.1239,2.884,3.016,0.01,-3.03,139.62,0.03,0.0,0.09,0.04,99695,1507,3,0.35,0.06,0.01,-0.03,49,55,209,0,3.05,0.1,0.0206,0.0659,21.43,16.65,10.93
176.858,flow_only,31.5,52.137877,21.160961,87.94,52.1378809,21.1609649,30,0.48,1.299,255,0.0,0.3348,0.0404,-0.0985,2.884,3.002,0.05,-3.79,139.66,0.03,0.0,0.06,0.02,99695,1507,3,0.35,0.06,0.01,-0.03,49,5,217,0,3.03,0.06,0.0116,0.0533,19.6,20.43,13.54
176.957,flow_only,31.6,52.1378762,21.1609622,87.93,52.1378809,21.1609649,30,0.48,1.299,255,0.1674,0.6696,0.0673,-0.021,2.9,2.992,0.32,-4.1,139.74,0.03,0.0,0.0,0.04,99695,1507,3,0.35,0.06,0.01,-0.03,49,-53,-37,0,3.04,0.07,0.0151,0.0445,16.93,15.8,10.23
177.057,flow_only,31.7,52.1378753,21.1609635,87.92,52.1378792,21.1609675,30,0.48,1.333,255,0.0,0.6699,-0.0117,0.0394,2.92,2.987,0.47,-3.89,139.9,0.03,0.0,0.02,0.02,99695,1507,3,0.35,0.07,0.01,-0.03,49,-52,-171,0,3.04,0.05,0.0071,0.0276,15.24,23.57,12.02
177.157,flow_only,31.8,52.1378743,21.1609648,87.92,52.1378792,21.1609675,30,0.48,1.333,255,0.0,0.5022,-0.0283,0.0314,2.914,2.984,0.38,-3.7,140.07,0.03,0.0,0.03,0.04,99695,1507,3,0.35,0.07,0.01,-0.03,49,10,1,0,3.03,0.03,0.005,0.024,18.98,20.69,11.54
177.258,flow_only,31.9,52.1378734,21.1609663,87.92,52.1378774,21.1609704,30,0.48,1.449,255,0.0,0.3348,-0.0107,0.0104,2.93,2.981,0.23,-3.51,140.24,0.03,0.0,0.02,0.01,99695,1507,3,0.35,0.06,0.01,-0.03,49,38,133,0,3.03,0.02,0.0189,0.0364,17.38,20.81,11.46
177.357,flow_only,32.0,52.1378724,21.1609679,87.91,52.1378774,21.1609704,30,0.48,1.449,255,0.0,0.5022,0.0347,0.0313,2.942,2.977,0.33,-3.36,140.27,0.03,0.0,0.05,0.03,99695,1507,3,0.35,0.06,0.01,-0.03,49,-22,159,0,3.02,0.0,0.0225,0.0467,15.51,17.28,9.16
177.458,flow_only,32.1,52.1378713,21.1609694,87.91,52.1378755,21.1609734,30,0.48,1.524,255,0.1674,0.3349,0.0458,0.1221,2.94,2.97,0.66,-2.87,140.21,0.03,0.0,0.05,0.02,99695,1507,3,0.35,0.07,0.01,-0.03,49,-74,-73,0,3.01,0.0,0.0081,0.0313,16.8,19.68,13.7
177.558,flow_only,32.2,52.1378703,21.1609708,87.9,52.1378755,21.1609734,30,0.48,1.524,255,0.1673,0.8367,0.0325,0.1078,2.946,2.963,0.8,-2.26,140.07,0.03,0.0,0.01,0.02,99695,1507,3,0.35,0.07,0.01,-0.03,49,-13,-278,0,3.02,0.0,0.0303,0.0559,15.46,21.81,11.2
177.658,flow_only,32.3,52.1378694,21.1609722,87.89,52.1378735,21.1609764,30,0.48,1.536,255,0.0,0.335,-0.0503,0.0341,2.944,2.958,0.67,-1.86,139.98,0.03,0.0,0.01,0.02,99695,1507,3,0.35,0.07,0.01,-0.03,49,185,-96,0,3.02,-0.01,0.025,0.0491,15.48,22.65,11.33
177.758,flow_only,32.4,52.1378685,21.1609736,87.89,52.1378735,21.1609764,30,0.48,1.536,255,-0.1674,0.5021,-0.043,0.0034,2.96,2.955,0.44,-1.72,139.91,0.03,0.0,0.01,0.02,99695,1507,3,0.35,0.07,0.01,-0.03,49,28,-48,0,3.03,0.0,0.0362,0.0715,18.11,18.01,12.39
177.858,flow_only,32.5,52.1378677,21.160975,87.89,52.1378714,21.1609793,30,0.48,1.549,255,0.0,0.3348,0.0241,-0.0407,2.972,2.952,0.53,-1.81,139.89,0.03,0.0,0.02,0.03,99695,1507,3,0.35,0.07,0.01,-0.03,49,36,-188,0,3.02,-0.01,0.0374,0.0758,17.7,19.3,12.58
177.958,flow_only,32.6,52.137867,21.1609763,87.88,52.1378714,21.1609793,30,0.48,1.549,255,0.0,0.3348,0.0126,-0.0936,2.966,2.95,0.56,-2.18,139.85,0.03,0.0,0.02,0.01,99695,1507,3,0.35,0.07,0.01,-0.03,49,-9,-126,0,3.02,-0.02,0.0408,0.0822,17.97,15.61,10.74
178.058,flow_only,32.7,52.1378661,21.1609776,87.88,52.1378693,21.1609823,30,0.48,1.553,255,0.0,0.1674,0.0205,-0.1617,2.99,2.948,0.74,-2.89,139.77,0.03,0.0,0.0,0.02,99695,1507,3,0.35,0.07,0.01,-0.03,49,-25,-75,0,3.03,-0.02,0.0145,0.0329,21.27,21.64,11.99
178.158,flow_only,32.8,52.1378652,21.1609789,87.88,52.1378693,21.1609823,30,0.48,1.553,255,0.0,0.6694,0.0477,-0.033,2.996,2.947,0.94,-3.38,139.61,0.03,0.0,0.02,0.03,99695,1507,3,0.35,0.07,0.01,-0.03,49,-17,-220,0,3.03,-0.03,0.0161,0.0338,19.86,18.77,12.25
178.257,flow_only,32.9,52.1378642,21.1609802,87.88,52.1378672,21.1609853,30,0.48,1.598,255,0.0,0.5022,0.02,0.0638,3.018,2.944,1.13,-3.25,139.46,0.03,0.0,0.03,0.02,99695,1507,3,0.35,0.07,0.01,-0.03,49,-19,339,0,3.02,-0.05,0.0134,0.0216,17.06,23.38,12.77
178.357,flow_only,33.0,52.1378631,21.1609815,87.88,52.1378672,21.1609853,30,0.48,1.598,255,-0.1673,0.3347,-0.0693,0.0425,3.002,2.943,0.83,-2.98,139.4,0.03,0.0,0.02,0.0,99695,1507,3,0.35,0.07,0.01,-0.03,49,69,255,0,3.04,-0.04,0.0145,0.0277,19.14,21.14,11.78
178.457,flow_only,33.1,52.137862,21.1609829,87.88,52.1378649,21.1609884,30,0.48,1.69,255,-0.1674,0.8371,-0.0783,0.0389,2.996,2.943,0.39,-2.79,139.37,0.03,0.0,0.02,0.02,99695,1507,3,0.35,0.06,0.01,-0.03,49,103,-61,0,3.04,-0.06,0.0102,0.0221,19.47,18.13,11.29
178.557,flow_only,33.2,52.1378609,21.1609843,87.88,52.1378649,21.1609884,30,0.48,1.69,255,-0.1674,0.5022,-0.013,0.0081,3.0,2.943,0.12,-2.75,139.31,0.03,0.0,0.0,0.01,99695,1507,3,0.35,0.06,0.01,-0.03,49,88,-197,0,3.04,-0.03,0.0053,0.016,19.23,17.83,9.92
178.658,flow_only,33.301,52.1378598,21.1609858,87.88,52.1378626,21.1609916,30,0.48,1.675,255,0.0,0.3348,0.0167,0.0249,2.996,2.942,0.08,-2.68,139.23,0.03,0.0,0.03,0.03,99695,1507,3,0.35,0.06,0.01,-0.03,49,52,-54,0,3.04,-0.04,0.0212,0.0373,18.89,16.89,10.85
178.758,flow_only,33.4,52.1378586,21.1609874,87.87,52.1378626,21.1609916,30,0.48,1.675,255,0.0,0.8371,-0.0068,0.0939,3.032,2.937,0.04,-2.29,139.22,0.03,0.0,0.03,0.02,99695,1507,3,0.35,0.06,0.01,-0.03,49,6,-93,0,3.03,-0.05,0.0107,0.0198,20.09,19.17,13.95
178.858,flow_only,33.5,52.1378574,21.1609891,87.86,52.1378603,21.1609948,30,0.48,1.751,255,0.0,0.6693,-0.0111,0.1051,3.046,2.926,0.05,-1.59,139.28,0.03,0.0,0.05,0.03,99695,1507,3,0.35,0.06,0.01,-0.03,49,7,-29,0,3.01,-0.08,0.0198,0.0391,19.75,17.99,12.93
178.958,flow_only,33.6,52.1378561,21.1609909,87.85,52.1378603,21.1609948,30,0.48,1.751,255,0.0,0.5022,-0.0196,0.0813,3.058,2.915,0.04,-1.09,139.42,0.03,0.0,0.0,0.03,99695,1507,3,0.35,0.06,0.01,-0.03,49,24,-188,0,3.02,-0.11,0.0306,0.0595,19.21,17.06,11.92
179.058,flow_only,33.7,52.1378549,21.1609926,87.84,52.1378578,21.160998,30,0.48,1.766,255,0.0,1.0045,-0.008,0.1171,3.058,2.907,0.03,-0.44,139.54,0.03,0.0,0.01,0.04,99695,1507,3,0.35,0.06,0.01,-0.03,49,20,167,0,3.01,-0.12,0.0246,0.0496,16.99,19.93,11.47
179.158,flow_only,33.8,52.1378537,21.1609942,87.83,52.1378578,21.160998,30,0.48,1.766,255,0.0,0.502,0.0333,0.0524,3.064,2.895,0.13,-0.02,139.62,0.03,0.0,0.06,0.03,99695,1507,3,0.35,0.06,0.01,-0.03,49,29,165,0,2.99,-0.15,0.0174,0.0398,20.11,18.81,12.78
179.258,flow_only,33.9,52.1378525,21.1609957,87.82,52.1378554,21.1610011,30,0.48,1.66,255,0.0,0.502,0.026,0.0144,3.066,2.882,0.17,0.18,139.73,0.03,0.0,0.01,0.03,99695,1507,3,0.35,0.06,0.01,-0.03,49,28,-282,0,2.99,-0.15,0.0212,0.0337,21.34,19.32,12.85
179.357,flow_only,34.0,52.1378514,21.1609971,87.8,52.1378554,21.1610011,30,0.48,1.66,255,-0.1673,0.3347,0.0038,-0.0349,3.064,2.869,0.2,0.07,139.83,0.03,0.0,0.03,0.03,99695,1507,3,0.35,0.06,0.01,-0.03,49,11,-38,0,2.98,-0.16,0.0031,0.0119,19.85,16.29,11.33
179.457,flow_only,34.1,52.1378504,21.1609984,87.79,52.1378531,21.1610042,30,0.48,1.678,255,0.0,0.3347,-0.0203,-0.0621,3.082,2.854,0.16,-0.25,139.91,0.03,0.0,0.04,0.04,99695,1507,3,0.35,0.07,0.01,-0.03,49,35,-152,0,2.96,-0.16,0.0252,0.0439,18.04,18.54,11.38
179.558,flow_only,34.2,52.1378494,21.1609996,87.78,52.1378531,21.1610042,30,0.48,1.678,255,0.0,0.3349,-0.001,-0.0859,3.068,2.841,0.15,-0.7,139.89,0.03,0.0,0.01,0.03,99695,1507,3,0.35,0.07,0.01,-0.03,49,-146,225,0,2.97,-0.18,0.0174,0.0299,18.24,23.34,13.83
179.657,flow_only,34.3,52.1378484,21.1610008,87.77,52.1378508,21.1610072,30,0.48,1.625,255,-0.1674,0.6695,0.0046,-0.09,3.074,2.832,0.09,-1.34,139.79,0.03,0.0,0.0,0.03,99695,1507,3,0.35,0.06,0.01,-0.03,49,42,-58,0,2.98,-0.17,0.0158,0.0294,16.0,18.77,10.63
179.758,flow_only,34.4,52.1378475,21.161002,87.76,52.1378508,21.1610072,30,0.48,1.625,255,0.0,0.3347,-0.0194,-0.0761,3.052,2.828,0.06,-1.67,139.67,0.03,0.0,0.03,0.02,99695,1507,3,0.35,0.06,0.01,-0.03,49,-11,-270,0,2.99,-0.16,0.0287,0.0574,19.01,17.65,11.72
179.857,flow_only,34.5,52.1378465,21.1610033,87.76,52.1378487,21.1610102,30,0.48,1.529,255,0.0,0.3348,-0.0048,-0.0307,3.056,2.827,0.17,-1.94,139.54,0.03,0.0,0.0,0.01,99695,1507,3,0.35,0.06,0.01,-0.03,49,-4,-98,0,2.99,-0.14,0.0114,0.0312,18.83,18.99,10.55
179.958,flow_only,34.6,52.1378454,21.1610047,87.76,52.1378487,21.1610102,30,0.48,1.529,255,0.0,0.3348,0.0071,0.0039,3.082,2.824,0.11,-2.01,139.53,0.03,0.0,0.0,0.04,99695,1507,3,0.35,0.06,0.01,-0.03,49,49,-167,0,2.99,-0.14,0.0078,0.0241,15.86,22.66,14.02
180.057,flow_only,34.7,52.1378445,21.161006,87.76,52.1378466,21.161013,30,0.48,1.512,255,0.0,0.5022,-0.0169,0.041,3.092,2.821,-0.01,-1.86,139.57,0.03,0.0,0.03,0.03,99695,1507,3,0.35,0.06,0.01,-0.03,49,35,-202,0,2.99,-0.16,0.0239,0.0462,15.94,18.79,11.75
180.157,flow_only,34.8,52.1378436,21.1610073,87.75,52.1378466,21.161013,30,0.48,1.512,255,0.0,0.8369,0.0015,-0.0043,3.08,2.815,-0.04,-1.76,139.55,0.03,0.0,0.01,0.03,99695,1507,3,0.35,0.06,0.01,-0.03,49,19,309,0,2.99,-0.18,0.0119,0.0199,16.99,20.46,13.66
180.257,flow_only,34.9,52.1378427,21.1610087,87.74,52.1378444,21.1610161,30,0.48,1.684,255,0.0,0.5022,0.0411,-0.0996,3.092,2.808,0.14,-2.17,139.52,0.03,0.0,0.0,0.04,99695,1507,3,0.34,0.06,0.01,-0.03,49,140,-104,0,2.99,-0.18,0.0227,0.0448,20.1,18.4,12.64
180.357,flow_only,35.0,52.1378418,21.1610101,87.74,52.1378444,21.1610161,30,0.48,1.684,255,0.0,0.5023,0.0339,0.0277,3.096,2.804,0.45,-2.14,139.47,0.03,0.0,0.04,0.02,99695,1507,3,0.34,0.06,0.01,-0.03,49,-50,-97,0,3.0,-0.18,0.0172,0.0422,16.21,18.53,11.02
180.458,flow_only,35.1,52.1378411,21.1610114,87.74,52.1378422,21.1610193,30,0.48,1.685,255,0.0,0.3348,0.0346,0.0076,3.064,2.804,0.54,-2.07,139.47,0.03,0.0,0.0,0.02,99695,1507,3,0.34,0.06,0.01,-0.03,49,-3,-171,0,3.01,-0.16,0.0356,0.0721,16.0,19.74,9.89
180.557,flow_only,35.2,52.1378402,21.1610127,87.74,52.1378422,21.1610193,30,0.48,1.685,255,0.0,0.8369,0.0157,-0.0833,3.054,2.804,0.65,-2.29,139.58,0.03,0.0,0.03,0.02,99695,1507,3,0.34,0.06,0.01,-0.03,49,-33,369,0,3.02,-0.14,0.0068,0.0334,20.9,21.38,10.24
180.658,flow_only,35.3,52.1378393,21.161014,87.74,52.1378399,21.1610224,30,0.48,1.654,255,0.0,0.3348,0.0481,-0.0765,3.056,2.807,0.82,-2.9,139.68,0.03,0.0,0.01,0.01,99695,1507,3,0.34,0.06,0.01,-0.03,49,-8,297,0,3.03,-0.12,0.0213,0.0483,20.01,18.77,12.71
180.758,flow_only,35.401,52.1378382,21.1610155,87.74,52.1378399,21.1610224,30,0.48,1.654,255,0.0,0.5022,0.021,0.0397,3.036,2.806,0.92,-3.05,139.83,0.03,0.0,0.03,0.02,99695,1507,3,0.34,0.06,0.01,-0.03,49,-3,193,0,3.01,-0.12,0.0271,0.0505,18.3,22.49,12.96
180.858,flow_only,35.5,52.1378371,21.1610169,87.74,52.1378375,21.1610256,30,0.48,1.775,255,-0.1674,0.3348,-0.0994,0.0975,3.045,2.801,0.63,-2.52,140.04,0.03,0.0,0.02,0.0,99695,1507,3,0.34,0.06,0.01,-0.03,49,52,-124,0,3.0,-0.12,0.0053,0.0121,21.31,19.05,11.5
180.958,flow_only,35.6,52.137836,21.1610184,87.73,52.1378375,21.1610256,30,0.48,1.775,255,0.0,0.5022,-0.0159,0.0328,3.052,2.793,0.32,-2.28,140.21,0.03,0.0,0.01,0.01,99695,1507,3,0.34,0.06,0.01,-0.03,49,106,-119,0,3.0,-0.13,0.0081,0.0147,19.61,16.91,11.48
181.058,flow_only,35.7,52.1378351,21.1610198,87.72,52.137835,21.1610288,30,0.48,1.772,255,0.0,0.837,0.0116,0.0163,3.044,2.786,0.28,-2.11,140.36,0.03,0.0,0.01,0.02,99695,1507,3,0.34,0.06,0.01,-0.03,49,-3,269,0,2.99,-0.13,0.0114,0.0199,17.23,19.3,12.27
181.158,flow_only,35.8,52.137834,21.1610213,87.71,52.137835,21.1610288,30,0.48,1.772,255,-0.1673,0.8367,-0.0076,0.0385,3.06,2.776,0.4,-1.94,140.54,0.03,0.0,0.03,0.02,99695,1507,3,0.34,0.06,0.01,-0.03,49,-38,-71,0,2.98,-0.15,0.0027,0.0081,17.81,18.98,11.26
181.257,flow_only,35.9,52.137833,21.1610227,87.7,52.1378325,21.1610319,30,0.48,1.764,255,0.0,0.3349,0.0025,-0.0318,3.052,2.767,0.32,-1.95,140.67,0.03,0.0,0.0,0.03,99695,1507,3,0.34,0.06,0.01,-0.03,49,33,278,0,2.98,-0.16,0.0203,0.0369,17.6,16.63,11.33
181.358,flow_only,36.0,52.1378319,21.1610242,87.7,52.1378325,21.1610319,30,0.48,1.764,255,0.0,0.5023,0.0313,-0.0204,3.046,2.761,0.55,-2.04,140.78,0.03,0.0,0.02,0.01,99695,1507,3,0.34,0.06,0.01,-0.03,49,-39,-35,0,2.99,-0.15,0.0028,0.0122,17.1,18.01,10.8
181.458,flow_only,36.1,52.1378308,21.1610256,87.69,52.13783,21.161035,30,0.48,1.777,255,0.0,0.5022,0.0132,0.0512,3.056,2.758,0.72,-1.86,140.89,0.03,0.0,0.0,0.02,99695,1507,3,0.34,0.06,0.01,-0.03,49,-29,-82,0,2.99,-0.13,0.0088,0.0175,18.93,18.75,12.37
181.557,flow_only,36.2,52.1378297,21.161027,87.69,52.13783,21.161035,30,0.48,1.777,255,0.0,0.3348,-0.059,0.0069,3.084,2.759,0.42,-1.62,140.98,0.03,0.0,0.04,0.01,99695,1507,3,0.34,0.06,0.01,-0.03,49,11,250,0,3.01,-0.13,0.0192,0.0466,17.22,19.63,10.99
181.657,flow_only,36.3,52.1378285,21.1610286,87.7,52.1378275,21.1610382,30,0.48,1.753,255,-0.1673,0.8367,-0.0479,-0.0132,3.098,2.764,0.12,-1.68,141.05,0.03,0.0,0.02,0.03,99695,1507,3,0.34,0.07,0.01,-0.03,49,73,470,0,3.02,-0.14,0.0447,0.0875,19.79,22.84,12.05
181.758,flow_only,36.4,52.1378272,21.1610301,87.71,52.1378275,21.1610382,30,0.48,1.753,255,0.0,0.5022,0.035,0.0799,3.068,2.771,0.19,-1.6,141.05,0.03,0.0,0.02,0.01,99695,1507,3,0.34,0.07,0.01,-0.03,49,-145,144,0,3.03,-0.13,0.0344,0.0754,17.46,19.22,12.87
181.858,flow_only,36.5,52.1378259,21.1610315,87.71,52.137825,21.1610415,30,0.48,1.857,255,0.0,0.3348,0.0081,0.1086,3.082,2.777,0.22,-1.06,141.04,0.03,0.0,0.02,0.01,99695,1507,3,0.34,0.06,0.01,-0.03,49,35,205,0,3.04,-0.13,0.0377,0.0829,18.53,18.6,10.97
181.958,flow_only,36.6,52.1378246,21.1610329,87.72,52.137825,21.1610415,30,0.48,1.857,255,-0.1674,1.0045,-0.1302,0.077,3.088,2.781,-0.26,-0.53,141.04,0.03,0.0,0.0,0.03,99695,1507,3,0.34,0.06,0.01,-0.03,49,27,-167,0,3.04,-0.12,0.0162,0.0426,19.03,18.29,13.3
182.057,flow_only,36.7,52.1378232,21.1610345,87.72,52.1378224,21.1610446,30,0.48,1.734,255,-0.1673,0.3347,-0.0507,0.0102,3.088,2.782,-0.71,-0.51,140.99,0.03,0.0,0.0,0.03,99695,1507,3,0.34,0.07,0.01,-0.03,49,-22,-112,0,3.04,-0.12,0.0325,0.0695,17.45,18.24,12.17
182.157,flow_only,36.8,52.137822,21.1610359,87.72,52.1378224,21.1610446,30,0.48,1.734,255,0.0,0.3348,0.0027,0.0543,3.094,2.785,-0.86,-0.32,140.84,0.03,0.0,0.05,0.05,99695,1507,3,0.34,0.07,0.01,-0.03,49,49,-57,0,3.06,-0.11,0.0089,0.0377,18.0,18.47,12.04
182.258,flow_only,36.9,52.137821,21.1610373,87.72,52.1378198,21.1610476,30,0.48,1.775,255,0.0,0.8369,-0.0459,0.0429,3.108,2.789,-0.97,0.04,140.71,0.03,0.0,0.03,0.04,99695,1507,3,0.34,0.06,0.01,-0.03,49,3,-90,0,3.08,-0.09,0.0188,0.0449,19.11,18.12,11.35
182.358,flow_only,37.0,52.13782,21.1610386,87.73,52.1378198,21.1610476,30,0.48,1.775,255,0.0,0.3348,0.0082,-0.0517,3.096,2.794,-1.1,-0.07,140.64,0.03,0.0,0.01,0.05,99695,1507,3,0.34,0.06,0.01,-0.03,49,-124,338,0,3.08,-0.09,0.0161,0.0448,17.47,21.28,13.4
182.457,flow_only,37.1,52.1378189,21.1610399,87.73,52.1378174,21.1610507,30,0.48,1.678,255,0.0,0.5022,0.0474,-0.1218,3.09,2.796,-0.86,-0.69,140.53,0.03,0.0,0.0,0.05,99695,1507,3,0.34,0.07,0.01,-0.03,49,-15,-70,0,3.08,-0.1,0.0175,0.0358,17.68,21.92,12.76
182.558,flow_only,37.2,52.1378179,21.1610411,87.73,52.1378174,21.1610507,30,0.48,1.678,255,0.0,0.6696,0.0172,-0.0606,3.072,2.796,-0.71,-1.11,140.46,0.03,0.0,0.0,0.04,99695,1507,3,0.34,0.07,0.01,-0.03,49,-21,-93,0,3.07,-0.1,0.0155,0.0309,18.53,19.18,12.14
182.658,flow_only,37.3,52.1378168,21.1610424,87.73,52.137815,21.1610538,30,0.48,1.707,255,0.0,0.3348,-0.0407,-0.004,3.02,2.792,-0.69,-1.21,140.48,0.03,0.0,0.0,0.05,99695,1507,3,0.34,0.07,0.01,-0.03,49,-21,27,0,3.07,-0.08,0.025,0.0501,17.92,20.66,12.01
182.758,flow_only,37.401,52.1378157,21.1610439,87.72,52.137815,21.1610538,30,0.48,1.707,255,0.0,0.3348,-0.0218,-0.0543,3.038,2.788,-0.94,-1.38,140.56,0.03,0.0,0.0,0.04,99695,1507,3,0.34,0.07,0.01,-0.03,49,223,8,0,3.07,-0.07,0.018,0.0319,18.65,19.14,11.28
182.858,flow_only,37.5,52.1378147,21.1610453,87.72,52.1378128,21.161057,30,0.48,1.647,255,0.0,0.5022,0.0285,0.0082,3.046,2.784,-0.78,-1.47,140.6,0.03,0.0,0.0,0.05,99695,1507,3,0.34,0.06,0.01,-0.03,49,-16,-108,0,3.06,-0.06,0.0086,0.0158,17.77,17.12,11.22
182.957,flow_only,37.6,52.1378138,21.1610466,87.71,52.1378128,21.161057,30,0.48,1.647,255,0.1674,0.3348,0.1067,0.009,3.032,2.778,-0.31,-1.45,140.54,0.03,0.0,0.01,0.04,99695,1507,3,0.34,0.06,0.01,-0.03,49,-53,26,0,3.05,-0.07,0.0106,0.0186,19.44,21.5,12.3
183.057,flow_only,37.7,52.1378129,21.161048,87.71,52.1378106,21.1610602,30,0.48,1.664,255,0.1673,0.8367,0.0452,-0.0289,3.046,2.771,-0.06,-1.55,140.53,0.03,0.0,0.0,0.05,99695,1507,3,0.34,0.07,0.01,-0.03,49,116,12,0,3.04,-0.08,0.006,0.0108,18.74,24.07,13.7
183.158,flow_only,37.8,52.1378119,21.1610493,87.7,52.1378106,21.1610602,30,0.48,1.664,255,0.1674,0.837,-0.0457,-0.0094,3.036,2.764,-0.12,-1.62,140.54,0.03,0.0,0.0,0.03,99695,1507,3,0.34,0.07,0.01,-0.03,49,139,39,0,3.03,-0.09,0.0061,0.0115,17.49,20.39,10.98
183.257,flow_only,37.9,52.137811,21.1610507,87.69,52.1378083,21.1610634,30,0.48,1.666,255,0.0,0.3348,0.012,-0.0449,3.014,2.759,-0.21,-1.85,140.47,0.03,0.0,0.0,0.01,99695,1507,3,0.34,0.07,0.01,-0.03,49,0,-103,0,3.03,-0.08,0.0192,0.0375,15.58,20.68,11.24
183.357,flow_only,38.0,52.1378102,21.161052,87.69,52.1378083,21.1610634,30,0.48,1.666,255,0.0,0.3348,0.0442,-0.0757,3.004,2.755,-0.03,-2.16,140.4,0.03,0.0,0.0,0.04,99695,1507,3,0.34,0.07,0.01,-0.03,49,-52,424,0,3.03,-0.06,0.018,0.0309,18.57,17.57,10.69
183.457,flow_only,38.1,52.1378092,21.1610535,87.69,52.1378061,21.1610666,30,0.48,1.673,255,0.1674,0.5022,0.0151,-0.0031,3.024,2.752,0.24,-2.27,140.4,0.03,0.0,0.0,0.04,99695,1507,3,0.34,0.07,0.01,-0.03,49,102,77,0,3.03,-0.06,0.0196,0.0332,18.91,21.22,11.21
183.557,flow_only,38.2,52.137808,21.1610553,87.69,52.1378061,21.1610666,30,0.48,1.673,255,0.0,0.5022,-0.011,0.0479,3.014,2.752,0.22,-2.18,140.45,0.03,0.0,0.02,0.02,99695,1507,3,0.34,0.07,0.01,-0.03,49,-20,10,0,3.04,-0.06,0.0368,0.0671,17.49,19.53,10.77
183.658,flow_only,38.3,52.1378069,21.161057,87.69,52.1378038,21.1610699,30,0.48,1.718,255,0.0,0.8367,-0.0095,0.041,3.032,2.75,0.17,-1.84,140.45,0.03,0.0,0.03,0.0,99695,1507,3,0.34,0.07,0.01,-0.03,49,162,264,0,3.02,-0.06,0.0462,0.0826,17.84,17.85,10.49
183.758,flow_only,38.4,52.1378057,21.1610588,87.68,52.1378038,21.1610699,30,0.48,1.718,255,0.0,0.5022,0.0295,0.1023,3.012,2.743,0.33,-1.42,140.42,0.03,0.0,0.03,0.02,99695,1507,3,0.34,0.07,0.01,-0.03,49,-37,272,0,3.01,-0.07,0.046,0.0878,15.53,17.49,10.5
183.858,flow_only,38.5,52.1378046,21.1610603,87.67,52.1378015,21.1610732,30,0.48,1.694,255,0.0,0.5023,0.0316,0.1333,3.012,2.735,0.54,-0.76,140.44,0.03,0.0,0.0,0.03,99695,1507,3,0.34,0.06,0.01,-0.03,49,-49,-102,0,3.01,-0.09,0.0062,0.0185,18.7,19.08,12.0
183.958,flow_only,38.6,52.1378034,21.1610619,87.66,52.1378015,21.1610732,30,0.48,1.694,255,0.0,0.3348,-0.0506,0.0217,3.042,2.728,0.35,-0.27,140.45,0.03,0.0,0.01,0.02,99695,1507,3,0.34,0.06,0.01,-0.03,49,26,-132,0,3.0,-0.09,0.0158,0.0364,17.06,17.27,11.51
184.058,flow_only,38.7,52.1378023,21.1610634,87.66,52.1377992,21.1610763,30,0.48,1.661,255,0.0,0.5022,-0.0256,-0.0073,3.03,2.724,0.12,-0.37,140.35,0.03,0.0,0.03,0.01,99695,1507,3,0.34,0.06,0.01,-0.03,49,35,25,0,3.01,-0.09,0.0053,0.0079,19.24,16.87,10.99
184.157,flow_only,38.8,52.1378013,21.1610649,87.66,52.1377992,21.1610763,30,0.48,1.661,255,0.0,0.5022,0.0234,0.0019,3.012,2.724,0.19,-0.45,140.18,0.03,0.0,0.0,0.03,99695,1507,3,0.34,0.06,0.01,-0.03,49,-33,18,0,3.02,-0.1,0.0239,0.047,17.8,17.18,10.68
184.258,flow_only,38.9,52.1378002,21.1610663,87.66,52.1377969,21.1610796,30,0.48,1.668,255,0.0,0.837,-0.0049,-0.0064,3.006,2.725,0.13,-0.52,140.07,0.03,0.0,0.0,0.02,99695,1507,3,0.34,0.06,0.01,-0.03,49,-24,-164,0,3.03,-0.07,0.0036,0.0099,19.69,18.05,11.71
184.358,flow_only,39.0,52.1377991,21.1610678,87.66,52.1377969,21.1610796,30,0.48,1.668,255,0.0,0.3347,-0.0274,0.0036,2.992,2.727,0.11,-0.46,139.98,0.03,0.0,0.01,0.01,99695,1507,3,0.34,0.06,0.01,-0.03,49,-16,-169,0,3.03,-0.06,0.0027,0.0107,16.22,17.28,12.58
184.457,flow_only,39.1,52.1377981,21.1610692,87.67,52.1377947,21.1610827,30,0.48,1.54,255,0.0,0.3349,-0.0153,-0.031,2.984,2.73,-0.05,-0.63,139.89,0.03,0.0,0.0,0.02,99695,1507,3,0.34,0.06,0.01,-0.03,49,33,-147,0,3.04,-0.05,0.0033,0.009,18.54,16.41,10.99
184.557,flow_only,39.2,52.1377971,21.1610707,87.67,52.1377947,21.1610827,30,0.48,1.54,255,0.0,0.8371,0.0392,-0.0435,3.006,2.733,0.07,-0.91,139.83,0.03,0.0,0.0,0.02,99695,1507,3,0.34,0.06,0.01,-0.03,49,-17,-109,0,3.04,-0.04,0.0031,0.0084,20.5,21.81,13.36
184.658,flow_only,39.3,52.1377962,21.1610719,87.67,52.1377926,21.1610856,30,0.48,1.559,255,0.0,0.3348,0.0231,-0.0333,3.017,2.737,0.3,-1.01,139.84,0.03,0.0,0.03,0.04,99695,1507,3,0.34,0.07,0.01,-0.03,49,-52,-119,0,3.05,-0.02,0.0275,0.0494,18.98,18.37,11.98
184.757,flow_only,39.4,52.1377952,21.1610732,87.67,52.1377926,21.1610856,30,0.48,1.559,255,0.0,0.3348,-0.0317,-0.0473,2.99,2.737,0.33,-1.17,139.9,0.03,0.0,0.05,0.02,99695,1507,3,0.34,0.07,0.01,-0.03,49,146,-114,0,3.03,-0.05,0.0126,0.0259,18.1,18.47,11.9
184.858,flow_only,39.5,52.1377943,21.1610745,87.67,52.1377905,21.1610885,30,0.48,1.561,255,0.0,0.3348,-0.0095,-0.0392,2.994,2.734,0.3,-1.42,140.04,0.03,0.0,0.02,0.02,99695,1507,3,0.34,0.07,0.01,-0.03,49,32,114,0,3.04,-0.04,0.0062,0.0093,18.07,18.9,11.91
184.958,flow_only,39.6,52.1377935,21.1610758,87.67,52.1377905,21.1610885,30,0.48,1.561,255,-0.1674,0.3348,-0.0271,-0.051,3.028,2.732,0.08,-1.68,140.21,0.03,0.0,0.01,0.02,99695,1507,3,0.34,0.07,0.01,-0.03,49,47,-87,0,3.03,-0.04,0.0151,0.0313,15.08,21.22,11.19
185.057,flow_only,39.7,52.1377927,21.1610771,87.66,52.1377883,21.1610914,30,0.48,1.545,255,0.0,0.3348,0.0193,-0.0771,3.034,2.728,0.04,-1.98,140.36,0.03,0.0,0.03,0.03,99695,1507,3,0.34,0.07,0.01,-0.03,49,10,-77,0,3.02,-0.07,0.0229,0.0493,15.37,21.26,13.15
185.157,flow_only,39.8,52.1377918,21.1610783,87.66,52.1377883,21.1610914,30,0.48,1.545,255,0.1674,0.5022,0.0185,-0.0579,3.048,2.726,0.18,-2.41,140.42,0.03,0.0,0.04,0.02,99695,1507,3,0.34,0.07,0.01,-0.03,49,-35,-28,0,3.04,-0.07,0.0107,0.0239,15.51,19.43,12.5
185.257,flow_only,39.9,52.1377909,21.1610796,87.67,52.1377861,21.1610943,30,0.48,1.56,255,0.0,0.5022,0.0496,-0.0403,3.042,2.732,0.38,-2.77,140.35,0.03,0.0,0.05,0.02,99695,1507,3,0.34,0.07,0.01,-0.03,49,-21,-27,0,3.07,-0.07,0.0155,0.0385,16.94,19.8,12.27
185.357,flow_only,40.0,52.1377901,21.1610807,87.67,52.1377861,21.1610943,30,0.48,1.56,255,0.0,0.3349,0.0513,-0.013,3.008,2.734,0.61,-2.91,140.19,0.03,0.0,0.04,0.02,99695,1507,3,0.34,0.07,0.01,-0.03,49,-30,262,0,3.05,-0.08,0.0098,0.0191,15.84,14.71,10.95
185.457,flow_only,40.1,52.1377892,21.1610819,87.66,52.137784,21.1610971,30,0.48,1.555,255,0.0,0.6696,-0.041,0.0127,3.016,2.73,0.53,-2.9,140.08,0.03,0.0,0.02,0.02,99695,1507,3,0.34,0.07,0.01,-0.03,49,30,32,0,3.04,-0.05,0.0107,0.0236,16.3,17.99,11.66
185.557,flow_only,40.2,52.1377882,21.1610832,87.66,52.137784,21.1610971,30,0.48,1.555,255,0.0,0.5023,-0.0634,0.0225,3.07,2.724,0.26,-2.76,140.03,0.03,0.0,0.0,0.02,99695,1507,3,0.34,0.07,0.01,-0.03,49,51,-174,0,3.04,-0.05,0.0071,0.0162,18.52,18.24,11.71
185.657,flow_only,40.3,52.1377871,21.1610846,87.65,52.1377818,21.1611001,30,0.48,1.649,255,0.0,0.3348,-0.0352,-0.0018,3.038,2.719,0.0,-2.71,140.03,0.03,0.0,0.02,0.02,99695,1507,3,0.34,0.07,0.01,-0.03,49,66,341,0,3.03,-0.09,0.0225,0.0376,18.26,15.93,11.68
185.758,flow_only,40.4,52.137786,21.1610862,87.65,52.1377818,21.1611001,30,0.48,1.649,255,0.0,0.8373,-0.0023,0.0264,3.034,2.711,-0.09,-2.68,140.01,0.03,0.0,0.02,0.02,99695,1507,3,0.34,0.07,0.01,-0.03,49,34,169,0,3.02,-0.1,0.0296,0.0527,16.86,19.86,10.74
185.858,flow_only,40.5,52.1377849,21.1610877,87.64,52.1377795,21.1611032,30,0.48,1.661,255,0.0,0.3348,0.013,0.0632,3.02,2.702,-0.11,-2.3,140.01,0.03,0.0,0.01,0.02,99695,1507,3,0.34,0.07,0.01,-0.03,49,8,425,0,3.02,-0.09,0.0416,0.0765,15.39,20.81,11.31
185.958,flow_only,40.6,52.1377836,21.1610895,87.63,52.1377795,21.1611032,30,0.48,1.661,255,0.0,0.5022,0.0326,0.0583,3.036,2.691,0.06,-1.92,140.03,0.03,0.0,0.03,0.02,99695,1507,3,0.34,0.07,0.01,-0.03,49,-19,231,0,3.0,-0.09,0.0522,0.1006,17.73,19.91,12.86
186.057,flow_only,40.7,52.1377824,21.1610911,87.62,52.1377772,21.1611065,30,0.48,1.715,255,0.0,1.0042,0.0558,0.1184,3.058,2.684,0.4,-1.35,140.0,0.03,0.0,0.03,0.02,99695,1507,3,0.34,0.07,0.01,-0.03,49,-42,-248,0,3.02,-0.09,0.015,0.033,16.37,21.9,11.88
186.157,flow_only,40.8,52.1377811,21.1610928,87.61,52.1377772,21.1611065,30,0.48,1.715,255,0.0,0.5021,-0.0135,0.124,3.018,2.678,0.51,-0.61,139.95,0.03,0.0,0.02,0.03,99695,1507,3,0.34,0.07,0.01,-0.03,49,136,-159,0,3.01,-0.1,0.0188,0.0404,16.53,17.65,10.92
186.257,flow_only,40.9,52.1377798,21.1610946,87.61,52.1377749,21.1611096,30,0.48,1.626,255,0.0,0.3348,-0.0393,0.1051,3.01,2.673,0.38,-0.02,139.93,0.03,0.0,0.0,0.03,99695,1507,3,0.34,0.07,0.01,-0.03,49,20,18,0,3.01,-0.09,0.035,0.0663,15.19,20.24,10.67
186.357,flow_only,41.0,52.1377787,21.1610962,87.6,52.1377749,21.1611096,30,0.48,1.626,255,0.0,1.0047,0.0119,0.0875,3.042,2.664,0.25,0.49,139.93,0.03,0.0,0.04,0.01,99695,1507,3,0.34,0.07,0.01,-0.03,49,39,-113,0,2.99,-0.11,0.0177,0.0357,16.32,19.57,11.95
186.457,flow_only,41.1,52.1377776,21.1610979,87.59,52.1377726,21.1611125,30,0.48,1.599,255,0.0,0.3348,0.0057,-0.0035,3.05,2.656,0.25,0.69,139.97,0.03,0.0,0.01,0.03,99695,1507,3,0.34,0.07,0.01,-0.03,49,-7,-49,0,3.0,-0.12,0.0138,0.0274,19.24,18.97,12.2
186.557,flow_only,41.2,52.1377765,21.1610994,87.59,52.1377726,21.1611125,30,0.48,1.599,255,0.0,0.3347,-0.0222,-0.0309,3.024,2.651,0.23,0.5,140.04,0.03,0.0,0.0,0.03,99695,1507,3,0.34,0.07,0.01,-0.03,49,5,364,0,3.0,-0.12,0.0241,0.0457,17.44,17.2,11.09
186.657,flow_only,41.3,52.1377755,21.1611009,87.58,52.1377704,21.1611154,30,0.48,1.55,255,-0.1674,0.5022,0.021,-0.0565,3.004,2.649,0.22,0.14,140.02,0.03,0.0,0.01,0.01,99695,1507,3,0.34,0.07,0.01,-0.03,49,23,-144,0,3.01,-0.09,0.0039,0.0094,19.24,17.04,11.42
186.758,flow_only,41.4,52.1377745,21.1611023,87.58,52.1377704,21.1611154,30,0.48,1.55,255,0.0,0.3349,0.034,-0.0549,3.008,2.648,0.41,-0.15,139.96,0.03,0.0,0.0,0.02,99695,1507,3,0.34,0.07,0.01,-0.03,49,-36,-108,0,3.01,-0.09,0.0159,0.029,17.36,18.02,11.57
186.858,flow_only,41.5,52.1377737,21.1611035,87.58,52.1377683,21.1611181,30,0.48,1.479,255,0.0,0.3348,0.0273,-0.1142,3.02,2.645,0.5,-0.51,139.84,0.03,0.0,0.01,0.03,99695,1507,3,0.34,0.07,0.01,-0.03,49,-23,79,0,3.0,-0.09,0.0242,0.0449,17.34,17.96,12.13
186.957,flow_only,41.6,52.1377729,21.1611046,87.58,52.1377683,21.1611181,30,0.48,1.479,255,0.0,0.3348,-0.0095,-0.0791,3.05,2.641,0.7,-0.99,139.75,0.03,0.0,0.0,0.02,99695,1507,3,0.34,0.07,0.01,-0.03,49,-46,-187,0,3.0,-0.1,0.0367,0.0698,19.06,21.0,12.86
187.058,flow_only,41.7,52.1377721,21.1611056,87.58,52.1377662,21.1611207,30,0.48,1.422,255,-0.1674,0.3348,-0.0229,-0.0747,3.07,2.64,0.64,-1.43,139.72,0.03,0.0,0.03,0.02,99695,1507,3,0.34,0.07,0.01,-0.03,49,18,-21,0,3.02,-0.11,0.032,0.0641,16.29,16.01,11.17
187.157,flow_only,41.8,52.1377712,21.1611068,87.58,52.1377662,21.1611207,30,0.48,1.422,255,-0.1674,0.6696,-0.0349,-0.1234,3.043,2.641,0.41,-2.04,139.8,0.03,0.0,0.0,0.02,99695,1507,3,0.34,0.07,0.01,-0.03,49,53,-192,0,3.01,-0.11,0.0184,0.0396,19.91,17.55,12.97
187.258,flow_only,41.901,52.1377704,21.1611078,87.58,52.1377642,21.1611233,30,0.48,1.463,255,0.0,0.3348,-0.0111,-0.0785,3.038,2.644,0.24,-2.59,139.91,0.03,0.0,0.03,0.02,99695,1507,3,0.34,0.07,0.01,-0.03,49,-111,5,0,3.03,-0.09,0.0288,0.0552,16.71,17.77,12.75
187.358,flow_only,42.001,52.1377694,21.1611089,87.58,52.1377642,21.1611233,30,0.48,1.463,255,0.0,0.1674,0.0454,-0.0533,3.036,2.644,0.41,-3.03,139.99,0.03,0.0,0.01,0.01,99695,1507,3,0.34,0.07,0.01,-0.03,49,-168,317,0,3.02,-0.09,0.0234,0.0451,18.05,17.05,10.89
187.458,flow_only,42.101,52.1377684,21.1611099,87.58,52.1377622,21.1611259,30,0.48,1.389,255,-0.1674,0.837,-0.0398,0.0408,3.034,2.646,0.26,-2.98,140.17,0.03,0.0,0.02,0.02,99695,1507,3,0.34,0.06,0.01,-0.03,49,46,-119,0,3.04,-0.08,0.0263,0.0516,18.88,23.51,11.71
187.558,flow_only,42.201,52.1377674,21.1611111,87.58,52.1377622,21.1611259,30,0.48,1.389,255,0.0,0.5023,-0.0807,0.0084,3.046,2.646,-0.13,-2.88,140.34,0.03,0.0,0.01,0.02,99695,1507,3,0.34,0.06,0.01,-0.03,49,76,15,0,3.03,-0.08,0.0131,0.0283,18.21,17.74,11.55
187.658,flow_only,42.301,52.1377662,21.1611124,87.58,52.1377601,21.1611286,30,0.48,1.591,255,0.0,0.5023,0.0085,0.0076,3.042,2.643,-0.33,-3.03,140.43,0.03,0.0,0.01,0.01,99695,1507,3,0.34,0.07,0.01,-0.03,49,62,-105,0,3.02,-0.1,0.0099,0.0145,15.39,16.91,11.77
187.758,flow_only,42.401,52.1377652,21.1611137,87.57,52.1377601,21.1611286,30,0.48,1.591,255,0.0,0.8369,-0.0153,0.0778,3.04,2.637,-0.43,-2.7,140.53,0.03,0.0,0.02,0.03,99695,1507,3,0.34,0.07,0.01,-0.03,49,-126,125,0,3.01,-0.11,0.0087,0.02,18.45,18.12,12.89
187.858,flow_only,42.501,52.1377641,21.161115,87.57,52.1377578,21.1611315,30,0.48,1.584,255,0.0,0.5021,-0.0342,0.0796,3.03,2.632,-0.43,-2.15,140.53,0.03,0.0,0.01,0.02,99695,1507,3,0.34,0.07,0.01,-0.03,49,-4,243,0,3.02,-0.1,0.0158,0.0324,18.85,19.77,12.96
187.958,flow_only,42.601,52.137763,21.1611164,87.57,52.1377578,21.1611315,30,0.48,1.584,255,-0.1674,0.3349,-0.0515,0.0337,3.018,2.631,-0.72,-1.93,140.51,0.03,0.0,0.02,0.04,99695,1507,3,0.34,0.07,0.01,-0.03,49,64,-61,0,3.03,-0.08,0.0047,0.0125,15.51,18.97,12.04
188.058,flow_only,42.701,52.1377619,21.1611179,87.56,52.1377556,21.1611344,30,0.48,1.589,255,-0.1673,0.8367,0.0085,-0.0053,3.01,2.628,-0.81,-1.81,140.41,0.03,0.0,0.02,0.04,99695,1507,3,0.34,0.07,0.01,-0.03,49,35,278,0,3.02,-0.08,0.0118,0.0188,17.18,19.62,12.04
188.158,flow_only,42.801,52.1377609,21.1611193,87.56,52.1377556,21.1611344,30,0.48,1.589,255,0.0,0.3348,0.0387,0.0029,3.038,2.626,-0.56,-1.77,140.29,0.03,0.0,0.01,0.03,99695,1507,3,0.34,0.07,0.01,-0.03,49,-50,1,0,3.02,-0.08,0.0064,0.0129,17.36,16.57,11.6
188.258,flow_only,42.901,52.1377599,21.1611207,87.56,52.1377534,21.1611374,30,0.48,1.602,255,0.0,0.5022,0.035,0.0243,3.044,2.621,-0.27,-1.75,140.1,0.03,0.0,0.03,0.03,99695,1507,3,0.34,0.07,0.01,-0.03,49,-53,7,0,3.01,-0.08,0.0083,0.0154,16.56,19.89,11.41
188.358,flow_only,43.001,52.1377588,21.1611222,87.55,52.1377534,21.1611374,30,0.48,1.602,255,0.0,0.5022,0.0236,0.0227,3.028,2.616,-0.22,-1.67,139.93,0.03,0.0,0.0,0.04,99695,1507,3,0.34,0.07,0.01,-0.03,49,-3,-25,0,3.01,-0.11,0.0126,0.023,18.54,18.15,11.16
188.458,flow_only,43.101,52.1377577,21.1611237,87.54,52.1377513,21.1611406,30,0.48,1.629,255,0.0,0.3348,-0.02,0.0494,3.035,2.61,-0.26,-1.46,139.89,0.03,0.0,0.01,0.03,99695,1507,3,0.34,0.07,0.01,-0.03,49,-2,-206,0,3.01,-0.12,0.0115,0.0218,18.39,17.47,11.52
188.559,flow_only,43.201,52.1377569,21.161125,87.54,52.1377513,21.1611406,30,0.48,1.629,255,0.0,0.8371,0.0166,0.0104,3.005,2.6,-0.26,-1.31,139.81,0.03,0.0,0.03,0.04,99695,1507,3,0.34,0.07,0.01,-0.03,49,-7,-25,0,2.99,-0.12,0.0267,0.0527,18.67,19.95,12.73
188.658,flow_only,43.301,52.1377559,21.1611264,87.52,52.1377491,21.1611438,30,0.48,1.641,255,0.1674,0.6696,0.0846,-0.0815,3.006,2.59,-0.02,-1.62,139.7,0.03,0.0,0.01,0.03,99695,1507,3,0.34,0.07,0.01,-0.03,49,-55,254,0,2.99,-0.11,0.008,0.02,18.89,15.66,11.49
188.758,flow_only,43.401,52.1377549,21.1611277,87.52,52.1377491,21.1611438,30,0.48,1.641,255,0.0,0.3347,-0.0008,-0.061,3.034,2.581,0.21,-1.96,139.65,0.03,0.0,0.0,0.03,99695,1507,3,0.34,0.07,0.01,-0.03,49,-95,-112,0,2.98,-0.11,0.0132,0.0252,17.15,17.41,11.12
188.858,flow_only,43.501,52.137754,21.161129,87.51,52.1377468,21.1611468,30,0.48,1.637,255,0.0,0.3348,-0.0117,0.0148,3.024,2.578,0.26,-2.0,139.66,0.03,0.0,0.03,0.01,99695,1507,3,0.34,0.07,0.01,-0.03,49,2,-134,0,3.0,-0.12,0.0235,0.0434,16.5,20.99,11.45
188.958,flow_only,43.601,52.137753,21.1611303,87.51,52.1377468,21.1611468,30,0.48,1.637,255,0.0,0.3349,-0.0461,-0.0221,3.002,2.576,-0.0,-2.09,139.73,0.03,0.0,0.02,0.02,99695,1507,3,0.34,0.07,0.01,-0.03,49,45,346,0,2.99,-0.12,0.003,0.0086,16.07,17.78,10.16
189.058,flow_only,43.701,52.1377521,21.1611316,87.5,52.1377447,21.16115,30,0.48,1.612,255,0.0,0.1674,-0.0273,-0.049,3.004,2.569,-0.15,-2.39,139.79,0.03,0.0,0.03,0.01,99695,1507,3,0.34,0.07,0.01,-0.03,49,-157,214,0,2.98,-0.12,0.0141,0.0297,17.44,18.22,11.69
189.158,flow_only,43.801,52.1377511,21.1611329,87.49,52.1377447,21.16115,30,0.48,1.612,255,0.0,0.3348,0.0001,-0.0369,3.026,2.558,-0.22,-2.53,139.82,0.03,0.0,0.04,0.04,99695,1507,3,0.34,0.07,0.01,-0.03,49,-4,7,0,2.97,-0.12,0.0165,0.0368,14.62,19.24,10.98
189.258,flow_only,43.901,52.1377501,21.1611343,87.48,52.1377425,21.1611533,30,0.48,1.697,255,0.0,0.5022,0.0264,0.0126,3.04,2.546,-0.08,-2.61,139.79,0.03,0.0,0.03,0.01,99695,1507,3,0.34,0.07,0.01,-0.03,49,126,340,0,2.96,-0.14,0.0116,0.0255,17.38,16.88,10.5
189.358,flow_only,44.001,52.1377492,21.1611358,87.47,52.1377425,21.1611533,30,0.48,1.697,255,0.1674,0.3348,0.0475,-0.0109,3.028,2.538,-0.03,-2.69,139.8,0.03,0.0,0.01,0.03,99695,1507,3,0.34,0.07,0.01,-0.03,49,151,-207,0,2.97,-0.14,0.0189,0.0364,21.28,19.55,11.22
189.458,flow_only,44.101,52.1377484,21.1611372,87.47,52.1377403,21.1611566,30,0.48,1.662,255,0.0,1.0043,0.0079,0.0823,3.024,2.53,0.25,-2.31,139.87,0.03,0.0,0.03,0.03,99695,1507,3,0.34,0.07,0.01,-0.03,49,-105,-218,0,2.96,-0.14,0.0323,0.0635,16.56,18.31,11.72
189.558,flow_only,44.201,52.1377475,21.1611384,87.46,52.1377403,21.1611566,30,0.48,1.662,255,0.1674,1.0044,0.0614,0.0826,3.036,2.525,0.49,-1.83,139.98,0.03,0.0,0.01,0.02,99695,1507,3,0.34,0.07,0.01,-0.03,49,-33,437,0,2.97,-0.13,0.0057,0.0124,17.34,17.47,10.41
189.658,flow_only,44.301,52.1377466,21.1611397,87.46,52.1377381,21.1611601,30,0.48,1.711,255,0.0,0.5021,-0.0299,0.0811,3.03,2.523,0.46,-1.42,140.06,0.03,0.0,0.0,0.02,99695,1507,3,0.34,0.07,0.01,-0.03,49,-21,-86,0,2.98,-0.14,0.0167,0.0306,19.07,20.53,11.13
189.758,flow_only,44.401,52.1377456,21.1611412,87.45,52.1377381,21.1611601,30,0.48,1.711,255,0.1674,0.5022,0.0239,0.0854,3.037,2.52,0.43,-0.99,140.13,0.03,0.0,0.01,0.0,99695,1507,3,0.34,0.07,0.01,-0.03,49,178,-263,0,2.97,-0.14,0.0251,0.0499,18.55,15.78,9.73
189.858,flow_only,44.501,52.1377447,21.1611428,87.45,52.137736,21.1611636,30,0.48,1.684,255,0.0,0.6696,0.0483,0.2211,3.042,2.516,0.8,0.1,140.23,0.03,0.0,0.0,0.02,99695,1507,3,0.34,0.07,0.01,-0.03,49,43,-195,0,2.97,-0.14,0.0183,0.0373,17.53,23.6,13.96
189.958,flow_only,44.601,52.1377438,21.1611445,87.45,52.137736,21.1611636,30,0.48,1.684,255,0.0,0.502,0.0208,0.1782,3.06,2.513,0.79,1.27,140.35,0.03,0.0,0.0,0.03,99695,1507,3,0.34,0.07,0.01,-0.03,49,-13,-78,0,2.98,-0.14,0.0251,0.0439,18.61,17.21,13.26
190.058,flow_only,44.701,52.1377429,21.161146,87.44,52.1377338,21.1611669,30,0.48,1.569,255,0.0,1.0041,0.0837,0.209,3.044,2.509,1.18,2.27,140.38,0.03,0.0,0.01,0.02,99695,1507,3,0.34,0.07,0.01,-0.03,49,-88,-171,0,2.97,-0.16,0.0144,0.0268,15.98,16.44,11.18
190.158,flow_only,44.801,52.1377421,21.1611472,87.44,52.1377338,21.1611669,30,0.48,1.569,255,0.0,0.3347,0.0363,0.1681,3.072,2.505,1.45,3.35,140.37,0.03,0.0,0.0,0.03,99695,1507,3,0.34,0.07,0.01,-0.03,49,-97,-189,0,2.97,-0.16,0.024,0.0409,16.41,23.44,14.0
190.258,flow_only,44.901,52.1377413,21.1611482,87.44,52.1377317,21.1611698,30,0.48,1.546,255,0.0,0.5022,-0.0145,0.1627,3.062,2.502,1.67,4.44,140.31,0.03,0.0,0.01,0.02,99695,1507,3,0.34,0.07,0.01,-0.03,49,-78,357,0,2.99,-0.15,0.0161,0.0271,20.55,19.03,13.65
190.358,flow_only,45.001,52.1377405,21.1611492,87.43,52.1377317,21.1611698,30,0.48,1.546,255,0.0,0.8371,-0.052,0.0835,3.072,2.499,1.32,4.98,140.23,0.03,0.0,0.0,0.02,99695,1507,3,0.34,0.07,0.01,-0.03,49,71,-7,0,2.98,-0.15,0.0041,0.0068,17.17,21.14,13.41
190.458,flow_only,45.101,52.1377397,21.1611503,87.43,52.1377298,21.1611726,30,0.48,1.303,255,-0.1673,0.3347,-0.072,0.1198,3.09,2.493,0.95,5.54,140.12,0.03,0.0,0.04,0.04,99695,1507,3,0.34,0.07,0.01,-0.03,49,57,-153,0,2.97,-0.16,0.0129,0.0243,17.28,17.48,11.35
190.558,flow_only,45.201,52.137739,21.1611513,87.42,52.1377298,21.1611726,30,0.48,1.303,255,0.0,0.3348,-0.0364,0.0585,3.088,2.489,0.62,6.01,139.97,0.03,0.0,0.01,0.02,99695,1507,3,0.34,0.07,0.01,-0.03,49,56,-94,0,2.98,-0.15,0.0188,0.0356,18.51,17.8,11.22
190.658,flow_only,45.301,52.1377385,21.1611522,87.42,52.1377282,21.1611749,30,0.48,1.086,255,0.0,0.8364,0.0614,0.1424,3.076,2.483,0.85,6.66,139.78,0.03,0.0,0.01,0.04,99695,1507,3,0.34,0.07,0.01,-0.03,49,-67,225,0,2.98,-0.16,0.0268,0.0505,20.4,17.15,10.57
190.758,flow_only,45.401,52.1377379,21.161153,87.42,52.1377282,21.1611749,30,0.48,1.086,255,0.0,0.1673,-0.0124,0.031,3.084,2.482,0.77,7.02,139.71,0.03,0.0,0.03,0.03,99695,1507,3,0.34,0.07,0.01,-0.03,49,-29,-67,0,2.99,-0.13,0.014,0.032,20.15,17.92,9.18
190.858,flow_only,45.501,52.1377373,21.1611538,87.42,52.1377268,21.1611767,30,0.48,0.878,255,0.0,0.1674,-0.0068,0.0032,3.078,2.481,0.89,7.12,139.66,0.03,0.0,0.01,0.04,99695,1507,3,0.34,0.07,0.01,-0.03,49,-30,-105,0,2.99,-0.13,0.0246,0.0506,18.18,14.86,8.48
190.958,flow_only,45.601,52.1377368,21.1611543,87.41,52.1377268,21.1611767,30,0.48,0.878,255,-0.1674,0.1674,-0.0556,-0.0666,3.09,2.475,0.5,6.85,139.72,0.03,0.0,0.03,0.02,99695,1507,3,0.34,0.07,0.01,-0.03,49,97,-160,0,2.98,-0.14,0.0138,0.03,20.75,14.87,7.93
191.058,flow_only,45.701,52.1377365,21.1611548,87.4,52.1377258,21.1611781,30,0.48,0.61,255,0.0,0.0,-0.0058,-0.1257,3.087,2.468,0.47,6.25,139.79,0.03,0.0,0.01,0.04,99695,1507,3,0.34,0.07,0.01,-0.03,49,18,113,0,2.98,-0.16,0.0211,0.0436,19.04,16.79,8.96
191.158,flow_only,45.801,52.1377362,21.1611551,87.39,52.1377258,21.1611781,30,0.48,0.61,255,0.0,0.0,-0.016,-0.1347,3.082,2.457,0.36,5.49,139.98,0.03,0.0,0.05,0.04,99695,1507,3,0.34,0.07,0.01,-0.03,49,47,20,0,2.96,-0.18,0.0167,0.0369,20.81,21.96,10.81
191.258,flow_only,45.901,52.137736,21.1611553,87.38,52.1377251,21.161179,30,0.48,0.348,255,0.0,-0.1673,0.0042,-0.2015,3.078,2.44,0.35,4.41,140.17,0.03,0.0,0.04,0.04,99695,1507,3,0.34,0.07,0.01,-0.03,49,-131,-34,0,2.94,-0.2,0.0139,0.0361,19.6,27.12,12.33
191.358,flow_only,46.001,52.1377359,21.1611554,87.36,52.1377251,21.161179,30,0.48,0.348,255,0.0,0.0,0.0513,-0.0863,3.052,2.422,0.7,3.76,140.38,0.03,0.0,0.03,0.02,99695,1507,3,0.34,0.07,0.01,-0.03,49,-8,128,0,2.92,-0.22,0.0182,0.0438,18.04,19.95,10.61
191.458,flow_only,46.101,52.1377357,21.1611555,87.34,52.1377248,21.1611794,30,0.48,0.145,255,0.0,0.0,-0.036,-0.1234,3.058,2.403,0.55,3.04,140.65,0.03,0.0,0.03,0.03,99695,1507,3,0.34,0.08,0.01,-0.03,49,13,-80,0,2.91,-0.22,0.0107,0.0321,25.01,25.9,10.98
191.558,flow_only,46.201,52.1377356,21.1611555,87.32,52.1377248,21.1611794,30,0.48,0.145,255,0.0,-0.1674,-0.0091,-0.0665,3.062,2.385,0.61,2.59,140.91,0.03,0.0,0.03,0.02,99695,1507,3,0.34,0.08,0.01,-0.03,49,14,93,0,2.9,-0.23,0.0195,0.045,21.44,23.9,9.93
191.658,flow_only,46.301,52.1377355,21.1611556,87.3,52.1377246,21.1611795,30,0.48,0.073,255,0.0,-0.1674,-0.0669,-0.0867,3.056,2.367,0.24,2.08,141.17,0.03,0.0,0.03,0.03,99695,1507,3,0.34,0.08,0.01,-0.03,49,89,-77,0,2.89,-0.25,0.0136,0.0339,16.44,31.38,13.13
191.758,flow_only,46.401,52.1377354,21.1611556,87.29,52.1377246,21.1611795,30,0.48,0.073,255,0.0,-0.1674,0.0092,-0.1703,3.054,2.351,0.11,1.21,141.25,0.03,0.0,0.02,0.03,99695,1507,3,0.34,0.08,0.01,-0.03,49,50,176,0,2.88,-0.25,0.0272,0.056,16.51,23.42,10.43
191.858,flow_only,46.501,52.1377353,21.1611556,87.27,52.1377246,21.1611794,30,0.48,0.07,255,0.0,0.0,0.0713,-0.0092,3.062,2.333,0.51,0.78,141.21,0.03,0.0,0.04,0.03,99695,1507,3,0.34,0.12,0.01,-0.03,49,-73,-39,0,2.87,-0.27,0.0163,0.0409,17.7,20.48,11.57
191.958,flow_only,46.601,52.1377354,21.1611556,87.25,52.1377246,21.1611794,30,0.48,0.07,255,-0.1674,0.0,-0.0515,0.0037,3.064,2.315,0.29,0.78,141.25,0.03,0.0,0.03,0.01,99695,1507,3,0.34,0.12,0.01,-0.03,49,62,47,0,2.86,-0.28,0.0125,0.0291,18.86,24.93,14.6
192.058,flow_only,46.701,52.1377354,21.1611556,87.24,52.1377246,21.1611792,30,0.48,0.1,255,0.0,-0.1674,0.0271,-0.0941,3.066,2.301,0.26,0.49,141.2,0.03,0.0,0.0,0.16,99695,1507,3,0.34,0.09,0.01,-0.03,49,11,-61,0,2.86,-0.28,0.0126,0.0209,18.06,19.87,11.12
192.158,flow_only,46.801,52.1377355,21.1611555,87.23,52.1377246,21.1611792,30,0.48,0.1,255,0.1674,0.0,0.0375,0.0172,3.068,2.294,0.63,0.35,141.12,0.03,0.0,0.01,0.15,99695,1507,3,0.34,0.09,0.01,-0.03,49,-60,-42,0,2.88,-0.27,0.0081,0.0143,19.17,19.89,13.57
192.258,flow_only,46.901,52.1377357,21.1611553,87.22,52.1377248,21.161179,30,0.48,0.134,255,0.0,0.0,-0.0403,-0.0215,3.072,2.286,0.45,0.35,141.16,0.03,0.0,0.03,0.18,99695,1507,3,0.34,0.07,0.01,-0.03,49,20,47,0,2.87,-0.28,0.0139,0.0242,19.14,24.16,12.89
192.358,flow_only,47.001,52.1377358,21.1611551,87.21,52.1377248,21.161179,30,0.48,0.134,255,0.0,0.0,0.0661,-0.0666,3.06,2.273,0.52,-0.16,141.11,0.03,0.0,0.04,0.19,99695,1507,3,0.34,0.07,0.01,-0.03,49,27,-1,0,2.86,-0.3,0.006,0.0174,15.96,22.15,12.09
192.458,flow_only,47.101,52.1377359,21.1611549,87.2,52.137725,21.1611787,30,0.48,0.143,255,0.0,0.0,-0.013,0.0384,3.062,2.261,0.84,-0.05,141.06,0.03,0.0,0.01,0.19,99695,1507,3,0.34,0.07,0.01,-0.03,49,88,-147,0,2.85,-0.29,0.0089,0.0184,17.94,20.87,10.94
192.558,flow_only,47.201,52.137736,21.1611548,87.18,52.137725,21.1611787,30,0.48,0.143,255,0.0,0.0,-0.0462,-0.0419,3.072,2.246,0.48,-0.09,140.98,0.03,0.0,0.04,0.06,99695,1507,3,0.34,0.07,0.01,-0.03,49,75,70,0,2.84,-0.31,0.0224,0.0324,18.8,25.51,13.43
192.658,flow_only,47.301,52.1377362,21.1611548,87.17,52.1377251,21.1611784,30,0.48,0.141,255,0.0,0.0,0.0272,-0.0066,3.08,2.235,0.44,-0.26,140.97,0.03,0.0,0.0,0.01,99695,1507,3,0.34,0.07,0.01,-0.03,49,42,-55,0,2.85,-0.31,0.0184,0.0301,17.12,23.95,11.4
192.758,flow_only,47.401,52.1377363,21.1611548,87.16,52.1377251,21.1611784,30,0.48,0.141,255,0.0,-0.1674,0.074,-0.0529,3.09,2.224,0.68,-0.53,140.91,0.03,0.0,0.01,0.02,99695,1507,3,0.34,0.07,0.01,-0.03,49,-26,79,0,2.84,-0.31,0.0102,0.0135,18.48,24.08,10.42
192.858,flow_only,47.501,52.1377362,21.1611548,87.15,52.1377253,21.1611782,30,0.48,0.099,255,0.0,0.0,0.0185,0.0557,3.092,2.212,1.07,-0.35,140.85,0.03,0.0,0.02,0.03,99695,1507,3,0.34,0.08,0.01,-0.03,49,-103,38,0,2.83,-0.33,0.0135,0.0272,17.74,25.11,11.67
192.958,flow_only,47.601,52.1377362,21.1611547,87.14,52.1377253,21.1611782,30,0.48,0.099,255,0.0,0.0,-0.0381,0.0229,3.106,2.204,0.94,-0.17,140.81,0.03,0.0,0.01,0.01,99695,1507,3,0.34,0.08,0.01,-0.03,49,40,8,0,2.84,-0.33,0.0081,0.0193,18.19,26.55,12.24
193.058,flow_only,47.701,52.1377362,21.1611546,87.13,52.1377254,21.1611778,30,0.48,0.191,255,0.0,0.0,-0.0368,0.0495,3.106,2.196,0.65,0.01,140.83,0.03,0.0,0.01,0.01,99695,1507,3,0.34,0.07,0.01,-0.03,49,-95,28,0,2.84,-0.33,0.0107,0.0225,18.77,21.86,11.47
193.158,flow_only,47.801,52.1377361,21.1611544,87.12,52.1377254,21.1611778,30,0.48,0.191,255,0.0,0.0,-0.0347,-0.0011,3.124,2.187,0.45,0.16,140.77,0.03,0.0,0.01,0.02,99695,1507,3,0.34,0.07,0.01,-0.03,49,-102,32,0,2.83,-0.35,0.0247,0.0449,18.61,25.54,11.88
193.258,flow_only,47.901,52.137736,21.1611541,87.11,52.1377256,21.1611775,30,0.48,0.131,255,0.0,0.0,-0.0389,0.058,3.144,2.176,0.39,0.4,140.72,0.03,0.0,0.02,0.02,99695,1507,3,0.34,0.11,0.01,-0.03,49,-123,6,0,2.83,-0.38,0.0267,0.0482,18.18,24.65,11.13
193.358,flow_only,48.001,52.137736,21.1611539,87.1,52.1377256,21.1611775,30,0.48,0.131,255,-0.1674,0.0,-0.1135,-0.0111,3.142,2.166,-0.26,0.5,140.77,0.03,0.0,0.0,0.02,99695,1507,3,0.34,0.11,0.01,-0.03,49,140,-5,0,2.83,-0.38,0.0077,0.0175,20.3,26.81,11.86
193.458,flow_only,48.101,52.137736,21.1611536,87.09,52.1377257,21.1611771,30,0.48,0.194,255,0.0,-0.1674,0.0009,-0.0542,3.14,2.158,-0.49,0.15,140.69,0.03,0.0,0.01,0.02,99695,1507,3,0.34,0.09,0.01,-0.03,49,-60,-63,0,2.85,-0.38,0.0126,0.0267,17.1,29.19,12.43
193.558,flow_only,48.201,52.137736,21.1611533,87.09,52.1377257,21.1611771,30,0.48,0.194,255,0.1674,0.0,-0.0122,-0.0051,3.138,2.153,-0.33,0.21,140.65,0.03,0.0,0.0,0.02,99695,1507,3,0.34,0.09,0.01,-0.03,49,-23,20,0,2.85,-0.37,0.0192,0.0393,21.51,22.24,10.06
193.658,flow_only,48.301,52.137736,21.1611531,87.08,52.1377258,21.1611767,30,0.48,0.15,255,-0.1674,0.0,-0.0397,-0.0585,3.128,2.148,-0.55,-0.02,140.66,0.03,0.0,0.01,0.03,99695,1507,3,0.34,0.09,0.01,-0.03,49,61,79,0,2.86,-0.36,0.0069,0.0263,20.08,23.49,10.97
193.758,flow_only,48.401,52.1377359,21.1611529,87.08,52.1377258,21.1611767,30,0.48,0.15,255,0.0,0.0,0.0561,0.0029,3.134,2.142,-0.49,-0.34,140.56,0.03,0.0,0.01,0.02,99695,1507,3,0.34,0.09,0.01,-0.03,49,24,-36,0,2.85,-0.36,0.0095,0.0262,16.66,25.91,11.76
193.858,flow_only,48.501,52.1377359,21.1611527,87.07,52.137726,21.1611764,30,0.48,0.156,255,0.0,0.0,-0.0465,0.0264,3.134,2.137,-0.51,-0.12,140.55,0.03,0.0,0.02,0.03,99695,1507,3,0.34,0.08,0.01,-0.03,49,176,-7,0,2.86,-0.35,0.0066,0.0241,20.79,20.9,10.31
193.958,flow_only,48.601,52.1377359,21.1611527,87.07,52.137726,21.1611764,30,0.48,0.156,255,0.0,0.0,-0.0093,-0.0146,3.14,2.133,-0.66,-0.15,140.56,0.03,0.0,0.01,0.03,99695,1507,3,0.34,0.08,0.01,-0.03,49,20,33,0,2.87,-0.35,0.01,0.0261,17.68,24.29,11.41
194.058,flow_only,48.701,52.137736,21.1611528,87.06,52.1377263,21.1611763,30,0.48,0.175,255,0.0,0.0,0.0522,0.0261,3.148,2.13,-0.43,-0.04,140.55,0.03,0.0,0.01,0.04,99695,1507,3,0.34,0.08,0.01,-0.03,49,-4,40,0,2.86,-0.35,0.0077,0.0252,18.73,22.74,10.97
194.158,flow_only,48.801,52.137736,21.1611528,87.06,52.1377263,21.1611763,30,0.48,0.175,255,0.0,0.0,0.0568,0.0215,3.14,2.124,-0.19,0.09,140.64,0.03,0.0,0.0,0.02,99695,1507,3,0.34,0.08,0.01,-0.03,49,118,9,0,2.86,-0.37,0.0087,0.0204,24.71,25.06,11.88
194.258,flow_only,48.901,52.1377361,21.1611528,87.05,52.1377267,21.1611763,30,0.48,0.205,255,0.0,0.0,-0.0048,0.0282,3.148,2.113,-0.0,0.24,140.66,0.03,0.0,0.03,0.02,99695,1507,3,0.34,0.08,0.01,-0.03,49,72,9,0,2.85,-0.38,0.0131,0.0255,21.43,24.32,12.31
194.358,flow_only,49.001,52.1377363,21.1611528,87.03,52.1377267,21.1611763,30,0.48,0.205,255,0.0,0.0,0.0231,-0.0785,3.152,2.099,0.04,0.08,140.65,0.03,0.0,0.02,0.02,99695,1507,3,0.34,0.08,0.01,-0.03,49,-14,24,0,2.84,-0.39,0.0074,0.015,20.54,21.64,12.36
194.458,flow_only,49.101,52.1377364,21.1611527,87.02,52.137727,21.1611762,30,0.48,0.144,255,0.1674,0.0,0.1085,0.0097,3.14,2.085,0.53,-0.2,140.53,0.03,0.0,0.0,0.01,99695,1507,3,0.34,0.08,0.01,-0.03,49,-98,-43,0,2.83,-0.4,0.0173,0.0294,19.17,21.21,10.78
194.558,flow_only,49.201,52.1377365,21.1611526,87.01,52.137727,21.1611762,30,0.48,0.144,255,0.0,0.0,-0.0563,-0.0129,3.134,2.076,0.48,-0.14,140.51,0.03,0.0,0.02,0.01,99695,1507,3,0.34,0.08,0.01,-0.03,49,0,12,0,2.84,-0.39,0.0102,0.0236,17.91,22.44,11.29
194.658,flow_only,49.301,52.1377365,21.1611526,87.0,52.1377273,21.1611761,30,0.48,0.157,255,0.0,-0.1674,-0.0252,-0.0213,3.136,2.069,0.38,-0.27,140.49,0.03,0.0,0.01,0.01,99695,1507,3,0.34,0.08,0.01,-0.03,49,-18,45,0,2.85,-0.37,0.0039,0.0179,17.85,17.75,10.7
194.758,flow_only,49.401,52.1377366,21.1611526,87.0,52.1377273,21.1611761,30,0.48,0.157,255,0.0,-0.1674,-0.0318,-0.0343,3.125,2.065,0.17,-0.38,140.48,0.03,0.0,0.01,0.02,99695,1507,3,0.34,0.08,0.01,-0.03,49,36,29,0,2.86,-0.36,0.0041,0.0206,20.8,17.59,12.03
194.858,flow_only,49.501,52.1377366,21.1611526,87.0,52.1377275,21.1611762,30,0.48,0.151,255,0.0,0.0,0.0785,0.0118,3.13,2.061,0.25,-0.65,140.4,0.03,0.0,0.01,0.03,99695,1507,3,0.34,0.07,0.01,-0.03,49,6,-71,0,2.86,-0.35,0.0061,0.0231,18.82,22.85,13.82
194.958,flow_only,49.601,52.1377368,21.1611526,86.99,52.1377275,21.1611762,30,0.48,0.151,255,0.1674,0.0,-0.023,0.0673,3.128,2.056,0.48,-0.19,140.36,0.03,0.0,0.0,0.04,99695,1507,3,0.34,0.07,0.01,-0.03,49,69,-79,0,2.85,-0.35,0.0225,0.0457,18.06,20.99,11.95
195.058,flow_only,49.701,52.137737,21.1611527,86.98,52.1377278,21.1611761,30,0.48,0.179,255,0.0,0.0,0.0027,-0.0471,3.122,2.048,0.33,-0.16,140.33,0.03,0.0,0.01,0.02,99695,1507,3,0.34,0.07,0.01,-0.03,49,2,4,0,2.84,-0.35,0.0259,0.051,18.23,27.8,11.93
195.158,flow_only,49.801,52.1377372,21.1611528,86.97,52.1377278,21.1611761,30,0.48,0.179,255,0.0,0.0,0.1142,0.0698,3.132,2.036,0.79,-0.1,140.28,0.03,0.0,0.02,0.02,99695,1507,3,0.34,0.07,0.01,-0.03,49,-100,18,0,2.83,-0.38,0.0075,0.0166,16.96,22.66,11.02
195.258,flow_only,49.901,52.1377373,21.1611529,86.96,52.1377281,21.1611761,30,0.48,0.151,255,0.0,0.0,0.0204,0.1074,3.134,2.028,1.0,0.41,140.36,0.03,0.0,0.03,0.02,99695,1507,3,0.34,0.08,0.01,-0.03,49,140,-72,0,2.85,-0.37,0.0231,0.0475,19.76,24.57,9.93
195.358,flow_only,50.001,52.1377375,21.1611529,86.96,52.1377281,21.1611761,30,0.48,0.151,255,0.0,0.1675,0.0015,0.1028,3.138,2.02,1.15,1.07,140.42,0.03,0.0,0.0,0.02,99695,1507,3,0.34,0.08,0.01,-0.03,49,111,68,0,2.84,-0.37,0.0196,0.0419,18.92,28.03,11.06
195.458,flow_only,50.101,52.1377377,21.161153,86.95,52.1377284,21.1611762,30,0.48,0.191,255,0.0,0.1674,-0.0082,0.1024,3.142,2.016,1.11,1.69,140.55,0.03,0.0,0.02,0.01,99695,1507,3,0.34,0.07,0.01,-0.03,49,-7,88,0,2.85,-0.37,0.0097,0.027,17.41,24.85,11.72
195.558,flow_only,50.201,52.1377378,21.161153,86.95,52.1377284,21.1611762,30,0.48,0.191,255,0.0,0.1673,0.0619,0.1333,3.142,2.014,1.28,2.25,141.4,0.03,0.0,0.03,0.02,99695,1507,3,0.34,0.07,0.01,-0.03,49,-6,-57,0,2.86,-0.36,0.006,0.0256,20.04,19.68,11.88
195.658,flow_only,50.301,52.137738,21.1611528,86.95,52.1377288,21.1611761,30,0.48,0.224,255,0.0,0.1674,-0.008,0.2008,3.152,2.015,1.62,3.35,143.88,0.03,0.0,0.04,0.04,99695,1507,3,0.34,0.07,0.01,-0.03,49,-66,-174,0,2.88,-0.34,0.0219,0.0473,19.92,22.2,11.78
195.758,flow_only,50.401,52.1377382,21.1611526,86.95,52.1377288,21.1611761,30,0.48,0.224,255,0.0,0.0,-0.0021,0.1307,3.156,2.012,1.8,4.17,148.05,0.03,0.0,0.0,0.01,99695,1507,3,0.34,0.07,0.01,-0.03,49,44,51,0,2.87,-0.34,0.01,0.0281,16.95,19.56,10.06
195.858,flow_only,50.501,52.1377385,21.1611522,86.94,52.1377292,21.1611759,30,0.48,0.321,255,0.0,0.0,0.0059,0.1015,3.152,2.006,2.15,4.57,153.31,0.03,0.0,0.01,0.04,99695,1507,3,0.34,0.07,0.01,-0.03,49,-443,-174,0,2.86,-0.34,0.0423,0.0667,13.01,17.58,9.71
195.958,flow_only,50.601,52.1377387,21.1611516,86.93,52.1377292,21.1611759,30,0.48,0.321,255,0.5021,-0.6695,-0.0112,0.0956,3.138,1.998,2.66,4.91,159.42,0.03,0.0,0.01,0.04,99695,1507,3,0.34,0.07,0.01,-0.03,49,-89,3,0,2.86,-0.35,0.0318,0.0513,10.49,14.92,9.02
196.058,flow_only,50.701,52.1377391,21.1611509,86.93,52.1377298,21.1611755,30,0.48,0.426,255,0.0,0.0,0.0055,0.1094,3.148,1.991,3.3,5.16,166.17,0.03,0.0,0.02,0.05,99695,1507,3,0.34,0.1,0.01,-0.03,49,89,28,0,2.87,-0.33,0.0138,0.027,11.43,13.82,8.3
196.158,flow_only,50.801,52.1377394,21.1611502,86.92,52.1377298,21.1611755,30,0.48,0.426,255,-0.3348,0.0,-0.0434,0.1201,3.134,1.99,3.65,5.42,173.33,0.03,0.0,0.04,0.06,99695,1507,3,0.34,0.1,0.01,-0.03,49,30,30,0,2.89,-0.31,0.0105,0.029,12.19,14.09,8.8
196.258,flow_only,50.901,52.1377399,21.1611496,86.92,52.1377307,21.1611748,30,0.48,0.579,255,-0.3348,-0.1674,0.0696,0.0136,3.13,1.988,4.41,5.13,180.65,0.03,0.0,0.0,0.02,99695,1507,3,0.34,0.11,0.01,-0.03,49,180,-256,0,2.88,-0.31,0.0172,0.0409,15.64,18.45,11.81
196.358,flow_only,51.001,52.1377404,21.1611488,86.92,52.1377307,21.1611748,30,0.48,0.579,255,-0.1673,-0.1673,0.0978,0.0792,3.112,1.988,5.68,4.84,188.08,0.03,0.0,0.03,0.05,99695,1507,3,0.34,0.11,0.01,-0.03,49,80,141,0,2.89,-0.29,0.0122,0.0287,21.42,23.0,14.04
196.458,flow_only,51.101,52.1377409,21.1611478,86.92,52.1377317,21.1611738,30,0.48,0.751,255,-0.3347,-0.1673,0.0171,-0.0239,3.112,1.989,6.28,4.08,195.57,0.03,0.0,0.03,0.04,99695,1507,3,0.34,0.13,0.01,-0.03,49,-260,146,0,2.9,-0.26,0.0343,0.0587,23.77,26.98,16.7
196.558,flow_only,51.201,52.1377415,21.1611466,86.92,52.1377317,21.1611738,30,0.48,0.751,255,-0.3348,-0.1674,-0.101,-0.003,3.132,1.99,6.6,3.15,202.84,0.03,0.0,0.02,0.01,99695,1507,3,0.34,0.13,0.01,-0.03,49,110,-322,0,2.9,-0.26,0.0178,0.032,22.68,24.47,14.15
196.658,flow_only,51.301,52.1377423,21.1611455,86.92,52.1377329,21.1611724,30,0.48,0.9,255,-0.5022,-0.1674,-0.1342,-0.0147,3.12,1.987,6.1,2.39,209.9,0.03,0.0,0.0,0.02,99695,1507,3,0.34,0.13,0.01,-0.03,49,-141,-190,0,2.89,-0.26,0.0223,0.0424,21.18,25.56,14.49
196.758,flow_only,51.401,52.1377433,21.1611443,86.92,52.1377329,21.1611724,30,0.48,0.9,255,-0.837,-0.1674,-0.1352,-0.0513,3.12,1.983,5.47,1.46,216.58,0.03,0.0,0.02,0.01,99695,1507,3,0.34,0.13,0.01,-0.03,49,-447,-138,0,2.89,-0.29,0.0503,0.0903,21.3,28.93,13.78
196.858,flow_only,51.501,52.1377444,21.1611429,86.91,52.1377345,21.1611708,30,0.48,1.117,255,-0.5022,-0.1674,-0.169,-0.1117,3.118,1.979,4.59,0.35,222.94,0.03,0.0,0.02,0.0,99695,1507,3,0.35,0.15,0.01,-0.03,49,-349,-115,0,2.89,-0.28,0.0586,0.107,23.27,29.2,16.85
196.958,flow_only,51.601,52.1377457,21.1611415,86.91,52.1377345,21.1611708,30,0.48,1.117,255,-0.5022,0.0,-0.1693,0.0118,3.094,1.974,3.77,-0.2,229.01,0.03,0.0,0.0,0.03,99695,1507,3,0.35,0.15,0.01,-0.03,49,132,-171,0,2.89,-0.3,0.0359,0.0714,22.73,27.19,15.1
197.058,flow_only,51.701,52.1377467,21.1611403,86.9,52.1377363,21.1611688,30,0.48,1.379,255,-1.1715,-0.1674,-0.1883,-0.0323,3.094,1.967,2.44,-0.66,234.99,0.03,0.0,0.0,0.05,99695,1507,3,0.35,0.14,0.01,-0.03,49,406,40,0,2.89,-0.28,0.0244,0.0352,24.15,25.56,16.68
197.158,flow_only,51.801,52.1377477,21.1611393,86.9,52.1377363,21.1611688,30,0.48,1.379,255,-0.5022,0.0,-0.1251,-0.0019,3.096,1.966,1.5,-0.9,240.81,0.03,0.0,0.04,0.06,99695,1507,3,0.35,0.14,0.01,-0.03,49,-344,-166,0,2.9,-0.27,0.0296,0.0487,20.75,26.41,15.37
197.258,flow_only,51.901,52.1377487,21.1611384,86.9,52.1377383,21.1611665,30,0.48,1.28,255,-0.5022,0.0,-0.0014,-0.0553,3.1,1.967,1.16,-1.15,246.5,0.03,0.0,0.04,0.05,99695,1507,3,0.35,0.12,0.01,-0.03,49,71,-202,0,2.91,-0.26,0.0433,0.0696,21.23,29.0,16.4
197.358,flow_only,52.001,52.1377497,21.1611375,86.91,52.1377383,21.1611665,30,0.48,1.28,255,-0.837,0.0,-0.0456,-0.0733,3.087,1.971,0.71,-1.66,252.07,0.03,0.0,0.03,0.07,99695,1507,3,0.35,0.12,0.01,-0.03,49,39,-20,0,2.92,-0.25,0.0411,0.0723,20.86,23.59,13.51
197.458,flow_only,52.101,52.1377507,21.1611367,86.91,52.1377402,21.1611643,30,0.48,1.292,255,-0.3347,0.0,-0.0032,-0.1405,3.076,1.976,0.37,-2.3,257.61,0.03,0.0,0.02,0.06,99695,1507,3,0.35,0.13,0.01,-0.03,49,17,-50,0,2.93,-0.25,0.0303,0.0579,21.6,24.84,13.27
197.558,flow_only,52.201,52.1377517,21.1611357,86.91,52.1377402,21.1611643,30,0.48,1.292,255,-0.3348,0.0,0.04,-0.0332,3.076,1.978,0.25,-2.82,263.12,0.03,0.0,0.01,0.08,99695,1507,3,0.35,0.13,0.01,-0.03,49,-57,94,0,2.93,-0.22,0.0134,0.0355,19.53,21.42,12.52
197.658,flow_only,52.301,52.1377527,21.1611348,86.92,52.137742,21.1611619,30,0.48,1.318,255,-0.5022,0.5022,-0.0325,-0.04,3.072,1.982,-0.17,-2.99,268.81,0.03,0.0,0.03,0.08,99695,1507,3,0.35,0.12,0.01,-0.03,49,-191,-47,0,2.95,-0.21,0.0167,0.0419,21.88,22.94,12.06
197.758,flow_only,52.401,52.1377538,21.1611338,86.93,52.137742,21.1611619,30,0.48,1.318,255,-0.3348,0.1674,0.0071,-0.0235,3.086,1.994,-0.47,-3.12,274.62,0.03,0.0,0.08,0.08,99695,1507,3,0.35,0.12,0.01,-0.03,49,48,-81,0,2.98,-0.17,0.0207,0.0539,20.41,23.55,13.26
197.858,flow_only,52.501,52.1377548,21.1611327,86.94,52.1377438,21.1611592,30,0.48,1.426,255,-0.1673,0.1673,-0.0103,-0.0464,3.074,2.009,-1.04,-3.24,280.62,0.03,0.0,0.05,0.1,99695,1507,3,0.35,0.11,0.01,-0.03,49,84,-109,0,3.0,-0.15,0.0278,0.0644,21.24,25.35,14.33
197.958,flow_only,52.601,52.137756,21.1611317,86.96,52.1377438,21.1611592,30,0.48,1.426,255,-0.1674,0.3349,0.0403,-0.0691,3.058,2.026,-1.22,-3.54,286.58,0.03,0.0,0.04,0.09,99695,1507,3,0.35,0.11,0.01,-0.03,49,-503,71,0,3.02,-0.13,0.0541,0.1013,22.47,26.94,13.48
198.058,flow_only,52.701,52.1377572,21.1611307,86.97,52.1377456,21.1611563,30,0.48,1.454,255,-0.3348,0.1674,-0.0153,-0.0561,3.054,2.037,-1.6,-3.69,292.73,0.03,0.0,0.0,0.09,99695,1507,3,0.35,0.11,0.01,-0.03,49,-202,-161,0,3.01,-0.13,0.0464,0.0833,20.68,25.99,13.5
198.158,flow_only,52.801,52.1377584,21.1611296,86.98,52.1377456,21.1611563,30,0.48,1.454,255,-0.1675,0.3349,-0.0663,0.0611,3.066,2.049,-2.24,-3.34,299.0,0.03,0.0,0.06,0.13,99695,1507,3,0.35,0.11,0.01,-0.03,49,298,-67,0,3.04,-0.1,0.0139,0.0476,19.31,23.71,10.71
198.258,flow_only,52.901,52.1377595,21.1611284,87.0,52.1377476,21.1611532,30,0.48,1.56,255,-0.5022,0.837,-0.0636,0.0298,3.064,2.065,-3.08,-2.76,305.39,0.03,0.0,0.06,0.07,99695,1507,3,0.35,0.1,0.01,-0.03,49,119,-166,0,3.06,-0.07,0.0149,0.0444,21.09,24.07,11.53
198.358,flow_only,53.001,52.1377604,21.1611272,87.02,52.1377476,21.1611532,30,0.48,1.56,255,0.0,0.3349,0.0528,0.0076,3.05,2.081,-3.31,-2.34,311.77,0.03,0.0,0.04,0.06,99695,1507,3,0.35,0.1,0.01,-0.03,49,-195,227,0,3.08,-0.05,0.0097,0.0437,20.0,26.88,12.37
198.458,flow_only,53.101,52.1377614,21.161126,87.03,52.1377494,21.1611499,30,0.48,1.504,255,0.0,0.3348,0.131,-0.0504,3.046,2.096,-3.05,-2.24,318.02,0.03,0.0,0.04,0.04,99695,1507,3,0.35,0.09,0.01,-0.03,49,-42,-59,0,3.09,-0.03,0.0251,0.0515,21.78,24.48,11.69
198.558,flow_only,53.201,52.1377623,21.1611248,87.05,52.1377494,21.1611499,30,0.48,1.504,255,0.0,0.6697,0.0186,-0.021,3.037,2.111,-2.78,-2.0,323.5,0.03,0.0,0.04,0.06,99695,1507,3,0.35,0.09,0.01,-0.03,49,37,-122,0,3.11,-0.01,0.0229,0.0461,21.28,24.06,13.75
198.658,flow_only,53.301,52.1377631,21.1611237,87.06,52.1377511,21.1611465,30,0.48,1.568,255,0.1673,0.1673,0.0206,-0.1272,3.045,2.125,-2.87,-2.25,327.32,0.03,0.0,0.02,0.07,99695,1507,3,0.35,0.09,0.01,-0.03,49,-45,-73,0,3.11,-0.01,0.0322,0.054,21.18,21.1,14.36
198.758,flow_only,53.401,52.137764,21.1611222,87.08,52.1377511,21.1611465,30,0.48,1.568,255,0.1674,0.1674,0.025,-0.122,3.028,2.143,-2.82,-2.82,329.29,0.03,0.0,0.09,0.09,99695,1507,3,0.35,0.09,0.01,-0.03,49,37,-148,0,3.15,0.02,0.0134,0.0404,16.94,19.83,12.22
198.858,flow_only,53.501,52.1377649,21.1611209,87.1,52.1377529,21.1611428,30,0.48,1.631,255,0.3349,0.6697,0.0562,-0.0121,3.046,2.16,-2.6,-3.2,329.87,0.03,0.0,0.04,0.08,99695,1507,3,0.35,0.09,0.01,-0.03,49,4,25,0,3.16,0.02,0.0081,0.0314,15.3,17.92,11.01
198.958,flow_only,53.601,52.1377658,21.1611194,87.11,52.1377529,21.1611428,30,0.48,1.631,255,0.1674,0.3348,0.0588,0.0088,3.022,2.176,-2.43,-3.27,329.6,0.03,0.0,0.04,0.09,99695,1507,3,0.35,0.09,0.01,-0.03,49,177,435,0,3.17,0.05,0.0233,0.0347,15.04,15.65,11.45
199.058,flow_only,53.701,52.1377667,21.1611178,87.12,52.1377546,21.161139,30,0.48,1.588,255,0.1674,0.3349,0.0221,0.0315,2.994,2.188,-2.11,-3.14,328.72,0.03,0.0,0.02,0.1,99695,1507,3,0.35,0.08,0.01,-0.03,49,-60,-146,0,3.17,0.04,0.0079,0.0168,15.13,17.56,12.58
199.158,flow_only,53.801,52.1377676,21.1611163,87.13,52.1377546,21.161139,30,0.48,1.588,255,0.3347,0.8368,-0.0042,0.0372,3.002,2.196,-2.0,-2.88,327.37,0.03,0.0,0.0,0.07,99695,1507,3,0.35,0.08,0.01,-0.03,49,6,-177,0,3.16,0.08,0.0297,0.0475,17.07,17.33,12.61
199.258,flow_only,53.901,52.1377685,21.1611147,87.14,52.1377564,21.1611352,30,0.48,1.612,255,0.0,0.3348,0.0038,-0.0484,2.998,2.201,-1.91,-2.94,325.74,0.03,0.0,0.01,0.08,99695,1507,3,0.35,0.08,0.01,-0.03,49,1,-138,0,3.16,0.08,0.0188,0.0276,15.58,16.75,11.58
199.358,flow_only,54.001,52.1377693,21.161113,87.15,52.1377564,21.1611352,30,0.48,1.612,255,0.1674,0.3348,0.0712,0.0326,2.982,2.212,-1.4,-3.1,324.0,0.03,0.0,0.07,0.05,99695,1507,3,0.35,0.08,0.01,-0.03,49,-231,-114,0,3.18,0.1,0.0112,0.016,15.91,15.27,10.92
199.458,flow_only,54.101,52.1377703,21.1611114,87.15,52.1377582,21.1611314,30,0.48,1.708,255,0.1674,0.8371,0.0334,0.0586,2.996,2.217,-1.08,-2.85,322.45,0.03,0.0,0.02,0.07,99695,1507,3,0.35,0.08,0.01,-0.03,49,-12,313,0,3.16,0.08,0.0264,0.04,18.32,19.45,12.16
199.558,flow_only,54.201,52.1377713,21.1611097,87.16,52.1377582,21.1611314,30,0.48,1.708,255,0.1674,0.5023,-0.0409,0.015,2.982,2.221,-1.14,-2.71,321.12,0.03,0.0,0.02,0.06,99695,1507,3,0.35,0.08,0.01,-0.03,49,-146,-42,0,3.16,0.09,0.0183,0.0259,18.63,20.58,14.01
199.658,flow_only,54.301,52.1377722,21.1611082,87.16,52.1377601,21.1611273,30,0.48,1.8,255,0.0,0.5022,0.0324,0.0348,2.962,2.23,-1.02,-2.68,320.02,0.03,0.0,0.05,0.04,99695,1507,3,0.35,0.08,0.01,-0.03,49,-91,-148,0,3.17,0.11,0.0187,0.0266,19.08,17.57,12.43
199.758,flow_only,54.401,52.137773,21.1611067,87.17,52.1377601,21.1611273,30,0.48,1.8,255,0.1674,0.8371,-0.0188,0.0046,2.996,2.239,-0.99,-2.51,319.24,0.03,0.0,0.02,0.06,99695,1507,3,0.35,0.08,0.01,-0.03,49,39,-22,0,3.18,0.13,0.0272,0.0467,17.94,18.08,10.84
199.858,flow_only,54.501,52.1377738,21.1611051,87.19,52.1377622,21.161123,30,0.48,1.908,255,0.1674,0.3347,0.0076,-0.0007,2.98,2.253,-0.87,-2.48,318.75,0.03,0.0,0.05,0.04,99695,1507,3,0.35,0.1,0.01,-0.03,49,69,349,0,3.2,0.15,0.015,0.0226,16.85,16.08,11.31
199.958,flow_only,54.601,52.1377747,21.1611034,87.2,52.1377622,21.161123,30,0.48,1.908,255,0.1674,0.3347,0.0313,-0.1155,2.938,2.266,-0.77,-2.92,318.44,0.03,0.0,0.02,0.07,99695,1507,3,0.35,0.1,0.01,-0.03,49,-85,248,0,3.2,0.14,0.0211,0.0284,18.37,19.41,11.53
200.058,flow_only,54.701,52.1377756,21.1611017,87.21,52.1377643,21.1611187,30,0.48,1.811,255,0.0,0.5022,0.0549,0.0146,2.938,2.278,-0.43,-3.09,318.31,0.03,0.0,0.02,0.07,99695,1507,3,0.36,0.09,0.01,-0.03,49,-149,38,0,3.21,0.16,0.0125,0.0185,19.8,18.24,10.32
200.158,flow_only,54.801,52.1377767,21.1610998,87.23,52.1377643,21.1611187,30,0.48,1.811,255,0.1674,0.5022,0.0945,0.0964,2.968,2.291,-0.0,-2.78,318.37,0.03,0.0,0.05,0.07,99695,1507,3,0.36,0.09,0.01,-0.03,49,15,-46,0,3.22,0.19,0.0429,0.0607,18.25,19.87,11.06
200.258,flow_only,54.901,52.1377778,21.1610978,87.24,52.1377663,21.1611146,30,0.48,1.792,255,0.1673,1.1714,0.0146,0.1213,2.942,2.303,0.14,-2.21,318.63,0.03,0.0,0.0,0.09,99695,1507,3,0.36,0.1,0.01,-0.03,49,15,565,0,3.22,0.19,0.0775,0.1146,18.63,21.98,11.05
200.358,flow_only,55.001,52.1377791,21.1610958,87.25,52.1377663,21.1611146,30,0.48,1.792,255,0.1674,1.0044,0.0006,0.1591,2.918,2.314,0.16,-1.43,318.92,0.03,0.0,0.02,0.07,99695,1507,3,0.36,0.1,0.01,-0.03,49,-68,19,0,3.22,0.18,0.0428,0.0703,16.7,20.95,12.08
200.458,flow_only,55.101,52.1377805,21.1610937,87.26,52.1377683,21.1611106,30,0.48,1.787,255,0.1674,0.5022,0.0148,0.1225,2.928,2.324,0.23,-0.68,319.17,0.03,0.0,0.01,0.06,99695,1507,3,0.36,0.1,0.01,-0.03,49,-60,-210,0,3.22,0.2,0.0451,0.0781,15.6,20.0,12.28
200.558,flow_only,55.201,52.1377819,21.1610916,87.27,52.1377683,21.1611106,30,0.48,1.787,255,0.0,0.502,-0.0266,0.1312,2.948,2.334,0.31,0.1,319.34,0.03,0.0,0.02,0.05,99695,1507,3,0.36,0.1,0.01,-0.03,49,-83,-183,0,3.23,0.22,0.0509,0.0894,15.54,19.66,11.2
200.658,flow_only,55.301,52.137783,21.1610898,87.28,52.1377705,21.1611066,30,0.48,1.877,255,0.0,0.5022,-0.042,0.176,2.922,2.345,0.13,1.06,319.49,0.03,0.0,0.03,0.05,99695,1507,3,0.36,0.1,0.01,-0.03,49,-18,-178,0,3.23,0.21,0.0111,0.0261,17.21,19.62,10.79
200.758,flow_only,55.401,52.1377841,21.1610881,87.29,52.1377705,21.1611066,30,0.48,1.877,255,0.0,0.3347,-0.0339,-0.0116,2.91,2.36,-0.13,1.49,319.61,0.03,0.0,0.05,0.07,99695,1507,3,0.36,0.1,0.01,-0.03,49,10,408,0,3.25,0.23,0.0243,0.0456,17.76,19.09,11.85
200.858,flow_only,55.501,52.1377852,21.1610864,87.31,52.1377726,21.1611027,30,0.48,1.672,255,0.1673,0.8367,0.0782,-0.0381,2.922,2.373,0.11,1.12,319.63,0.03,0.0,0.0,0.06,99695,1507,3,0.36,0.1,0.01,-0.03,49,87,280,0,3.24,0.24,0.0328,0.0539,15.96,18.82,11.6
200.958,flow_only,55.601,52.1377862,21.1610847,87.32,52.1377726,21.1611027,30,0.48,1.672,255,0.0,0.5021,-0.0438,-0.0273,2.916,2.382,0.03,0.99,319.61,0.03,0.0,0.0,0.05,99695,1507,3,0.36,0.1,0.01,-0.03,49,-9,-124,0,3.24,0.24,0.0189,0.0379,16.97,18.42,10.01
201.058,flow_only,55.701,52.1377871,21.1610831,87.33,52.1377746,21.1610991,30,0.48,1.572,255,0.0,0.3347,0.0297,-0.0885,2.902,2.392,0.02,0.58,319.45,0.03,0.0,0.02,0.05,99695,1507,3,0.36,0.1,0.01,-0.03,49,176,237,0,3.24,0.23,0.0319,0.0522,17.97,18.42,10.29
201.158,flow_only,55.801,52.1377882,21.1610814,87.34,52.1377746,21.1610991,30,0.48,1.572,255,0.0,0.502,0.0527,-0.0826,2.9,2.402,0.31,0.03,319.3,0.03,0.0,0.02,0.06,99695,1507,3,0.36,0.1,0.01,-0.03,49,-93,492,0,3.24,0.26,0.0461,0.0741,17.04,17.73,11.01
201.258,flow_only,55.901,52.1377893,21.1610799,87.35,52.1377765,21.1610958,30,0.48,1.494,255,0.0,0.5023,0.015,0.0707,2.898,2.414,0.64,0.14,319.21,0.03,0.0,0.02,0.06,99695,1507,3,0.36,0.09,0.01,-0.03,49,-94,-229,0,3.25,0.27,0.0069,0.0137,15.08,16.36,9.43
201.358,flow_only,56.001,52.1377903,21.1610784,87.36,52.1377765,21.1610958,30,0.48,1.494,255,0.0,0.3347,-0.0589,-0.0368,2.942,2.428,0.37,0.27,319.15,0.03,0.0,0.02,0.06,99695,1507,3,0.36,0.09,0.01,-0.03,49,15,-168,0,3.25,0.27,0.0077,0.0187,15.93,15.29,9.86
201.458,flow_only,56.101,52.1377914,21.1610769,87.38,52.1377783,21.1610929,30,0.48,1.314,255,-0.1673,0.5019,-0.0143,-0.0433,2.876,2.443,0.24,-0.05,319.06,0.03,0.0,0.04,0.06,99695,1507,3,0.36,0.09,0.01,-0.03,49,26,-24,0,3.28,0.27,0.0252,0.043,15.31,15.23,8.87
201.558,flow_only,56.201,52.1377923,21.1610754,87.39,52.1377783,21.1610929,30,0.48,1.314,255,0.0,0.3348,0.019,0.0456,2.854,2.457,0.23,-0.09,319.1,0.03,0.0,0.0,0.05,99695,1507,3,0.36,0.09,0.01,-0.03,49,18,-214,0,3.27,0.31,0.0171,0.032,14.32,19.21,10.0
201.658,flow_only,56.301,52.1377932,21.1610742,87.4,52.13778,21.1610901,30,0.48,1.364,255,0.0,0.3347,-0.0686,0.0137,2.848,2.465,-0.03,0.17,319.3,0.03,0.0,0.03,0.05,99695,1507,3,0.36,0.09,0.01,-0.03,49,41,199,0,3.25,0.3,0.0122,0.0345,13.87,20.35,10.09
201.758,flow_only,56.401,52.1377941,21.1610729,87.4,52.13778,21.1610901,30,0.48,1.364,255,0.0,0.5022,0.011,-0.1035,2.844,2.469,-0.2,-0.38,319.48,0.03,0.0,0.01,0.05,99695,1507,3,0.36,0.09,0.01,-0.03,49,75,-50,0,3.24,0.31,0.0195,0.0484,14.98,18.92,10.81
201.858,flow_only,56.501,52.1377948,21.1610719,87.41,52.1377817,21.1610874,30,0.48,1.307,255,0.1673,0.1673,0.0718,-0.065,2.834,2.47,0.04,-0.89,319.72,0.03,0.0,0.02,0.05,99695,1507,3,0.36,0.08,0.01,-0.03,49,162,-119,0,3.22,0.29,0.0348,0.0758,17.17,18.46,11.11
201.958,flow_only,56.601,52.1377956,21.1610707,87.41,52.1377817,21.1610874,30,0.48,1.307,255,0.0,0.3348,-0.0246,-0.0923,2.838,2.472,0.12,-1.28,320.03,0.03,0.0,0.01,0.05,99695,1507,3,0.36,0.08,0.01,-0.03,49,-44,-171,0,3.22,0.3,0.0267,0.059,17.34,18.38,9.95
202.058,flow_only,56.701,52.1377965,21.1610697,87.41,52.1377833,21.1610847,30,0.48,1.252,255,0.0,0.3348,-0.0239,-0.1181,2.83,2.477,-0.03,-2.0,320.27,0.03,0.0,0.0,0.04,99695,1507,3,0.36,0.08,0.01,-0.03,49,36,80,0,3.22,0.3,0.0133,0.0404,18.95,16.54,11.22
202.158,flow_only,56.801,52.1377973,21.1610685,87.42,52.1377833,21.1610847,30,0.48,1.252,255,0.0,0.1674,0.0138,-0.0723,2.83,2.484,-0.15,-2.56,320.46,0.03,0.0,0.01,0.04,99695,1507,3,0.36,0.08,0.01,-0.03,49,-126,225,0,3.22,0.3,0.008,0.0314,17.18,16.52,9.16
202.258,flow_only,56.901,52.1377982,21.1610675,87.43,52.137785,21.1610822,30,0.48,1.298,255,0.0,0.3349,-0.0369,-0.0036,2.822,2.493,-0.07,-2.66,320.64,0.03,0.0,0.01,0.05,99695,1507,3,0.36,0.08,0.01,-0.03,49,-33,-28,0,3.23,0.3,0.0152,0.0353,13.5,18.54,9.52
202.358,flow_only,57.001,52.1377991,21.1610664,87.44,52.137785,21.1610822,30,0.48,1.298,255,0.0,0.502,-0.0565,-0.0403,2.842,2.502,-0.54,-2.76,320.82,0.03,0.0,0.01,0.06,99695,1507,3,0.36,0.08,0.01,-0.03,49,110,-44,0,3.22,0.31,0.024,0.0542,14.75,18.42,8.78
202.458,flow_only,57.101,52.1377999,21.1610652,87.45,52.1377868,21.1610798,30,0.48,1.308,255,0.0,0.3349,0.0066,-0.0358,2.845,2.511,-0.64,-3.04,320.93,0.03,0.0,0.01,0.06,99695,1507,3,0.36,0.08,0.01,-0.03,49,46,-162,0,3.22,0.31,0.0277,0.0614,14.99,15.5,10.02
202.558,flow_only,57.201,52.1378007,21.1610641,87.45,52.1377868,21.1610798,30,0.48,1.308,255,0.0,0.1674,0.0217,-0.0586,2.854,2.519,-0.59,-3.29,320.99,0.03,0.0,0.0,0.05,99695,1507,3,0.36,0.08,0.01,-0.03,49,7,152,0,3.22,0.29,0.0239,0.0554,18.15,21.06,12.04
202.658,flow_only,57.301,52.1378015,21.1610629,87.46,52.1377888,21.1610774,30,0.48,1.384,255,0.0,0.3347,0.0493,0.0483,2.89,2.529,-0.22,-3.15,321.0,0.03,0.0,0.01,0.06,99695,1507,3,0.36,0.08,0.01,-0.03,49,91,224,0,3.22,0.29,0.0168,0.0364,16.95,18.79,10.5
202.758,flow_only,57.401,52.1378025,21.1610615,87.47,52.1377888,21.1610774,30,0.48,1.384,255,0.0,0.3348,-0.0315,-0.038,2.892,2.54,-0.37,-3.14,320.98,0.03,0.0,0.01,0.05,99695,1507,3,0.36,0.08,0.01,-0.03,49,0,53,0,3.23,0.27,0.012,0.0279,18.51,17.91,12.43
202.858,flow_only,57.501,52.1378036,21.16106,87.49,52.1377907,21.1610749,30,0.48,1.349,255,0.0,0.6694,0.0559,0.0217,2.88,2.551,-0.27,-3.3,320.79,0.03,0.0,0.0,0.05,99695,1507,3,0.36,0.07,0.01,-0.03,49,-131,307,0,3.23,0.26,0.0317,0.0579,16.24,16.24,10.43
202.958,flow_only,57.601,52.1378048,21.1610585,87.5,52.1377907,21.1610749,30,0.48,1.349,255,0.0,0.3347,0.0078,0.0878,2.902,2.564,-0.12,-2.92,320.61,0.03,0.0,0.04,0.07,99695,1507,3,0.36,0.07,0.01,-0.03,49,130,339,0,3.25,0.28,0.0435,0.0794,17.79,17.43,11.13
203.058,flow_only,57.701,52.137806,21.161057,87.51,52.1377927,21.1610723,30,0.48,1.434,255,0.0,0.5021,-0.031,0.177,2.9,2.576,-0.14,-2.02,320.48,0.03,0.0,0.01,0.07,99695,1507,3,0.36,0.07,0.01,-0.03,49,-1,-265,0,3.25,0.27,0.0061,0.0185,14.42,18.84,11.07
203.158,flow_only,57.801,52.1378071,21.1610553,87.52,52.1377927,21.1610723,30,0.48,1.434,255,0.0,0.5023,-0.0051,0.118,2.92,2.587,-0.3,-1.18,320.38,0.03,0.0,0.02,0.06,99695,1507,3,0.36,0.07,0.01,-0.03,49,59,-129,0,3.27,0.27,0.0261,0.0508,16.47,21.52,11.37
203.258,flow_only,57.901,52.1378082,21.1610537,87.53,52.1377949,21.1610698,30,0.48,1.497,255,0.0,0.3347,-0.0075,0.0888,2.94,2.597,-0.36,-0.64,320.32,0.03,0.0,0.01,0.06,99695,1507,3,0.36,0.07,0.01,-0.03,49,-133,-59,0,3.26,0.25,0.0077,0.019,18.07,18.91,10.69
203.358,flow_only,58.001,52.1378093,21.1610522,87.54,52.1377949,21.1610698,30,0.48,1.497,255,0.0,0.3348,0.0053,-0.0028,2.912,2.602,-0.31,-0.58,320.29,0.03,0.0,0.02,0.06,99695,1507,3,0.36,0.07,0.01,-0.03,49,4,-129,0,3.24,0.23,0.0066,0.0269,17.55,18.15,11.43
203.458,flow_only,58.101,52.1378103,21.1610508,87.54,52.137797,21.1610672,30,0.48,1.459,255,0.0,0.3347,0.002,-0.0401,2.906,2.604,-0.24,-0.69,320.2,0.03,0.0,0.01,0.06,99695,1507,3,0.36,0.08,0.01,-0.03,49,13,67,0,3.24,0.22,0.0072,0.0262,15.48,18.37,12.49
203.558,flow_only,58.201,52.1378114,21.1610495,87.54,52.137797,21.1610672,30,0.48,1.459,255,0.0,0.3347,-0.0198,-0.0156,2.914,2.602,-0.31,-0.79,320.1,0.03,0.0,0.04,0.04,99695,1507,3,0.36,0.08,0.01,-0.03,49,29,-94,0,3.22,0.25,0.0169,0.0452,17.18,18.92,12.22
203.658,flow_only,58.301,52.1378124,21.1610482,87.54,52.1377992,21.1610647,30,0.48,1.391,255,0.0,0.1674,0.0656,-0.0509,2.88,2.6,-0.3,-1.16,320.01,0.03,0.0,0.01,0.04,99695,1507,3,0.35,0.07,0.01,-0.03,49,-107,-73,0,3.23,0.24,0.0091,0.0232,19.07,15.98,13.18
203.758,flow_only,58.401,52.1378134,21.1610469,87.54,52.1377992,21.1610647,30,0.48,1.391,255,0.0,0.6696,-0.0452,0.0228,2.872,2.602,-0.17,-1.08,320.0,0.03,0.0,0.0,0.05,99695,1507,3,0.35,0.07,0.01,-0.03,49,116,62,0,3.23,0.25,0.0078,0.0225,14.43,16.12,10.62
203.858,flow_only,58.501,52.1378144,21.1610455,87.54,52.1378011,21.1610623,30,0.48,1.333,255,-0.1674,0.6696,-0.0188,-0.0089,2.882,2.603,-0.5,-1.1,320.13,0.03,0.0,0.02,0.04,99695,1507,3,0.35,0.08,0.01,-0.03,49,103,227,0,3.21,0.25,0.0145,0.0349,16.86,17.46,11.68
203.958,flow_only,58.601,52.1378153,21.1610442,87.54,52.1378011,21.1610623,30,0.48,1.333,255,-0.1673,0.3347,-0.0181,-0.0266,2.87,2.607,-0.6,-1.25,320.29,0.03,0.0,0.02,0.04,99695,1507,3,0.35,0.08,0.01,-0.03,49,24,-71,0,3.22,0.25,0.0303,0.0612,17.57,18.37,11.58
204.058,flow_only,58.701,52.1378161,21.161043,87.55,52.137803,21.1610599,30,0.48,1.289,255,0.0,0.1674,0.0257,-0.1104,2.872,2.616,-0.54,-1.63,320.4,0.03,0.0,0.01,0.05,99695,1507,3,0.35,0.08,0.01,-0.03,49,-148,-66,0,3.22,0.26,0.0202,0.0393,15.72,17.81,11.59
204.158,flow_only,58.801,52.1378172,21.1610417,87.56,52.137803,21.1610599,30,0.48,1.289,255,0.0,0.3348,0.0375,-0.057,2.896,2.628,-0.31,-2.12,320.49,0.03,0.0,0.02,0.04,99695,1507,3,0.35,0.08,0.01,-0.03,49,-32,-167,0,3.24,0.28,0.0091,0.0146,13.83,19.46,10.01
204.258,flow_only,58.901,52.1378183,21.1610404,87.58,52.1378049,21.1610577,30,0.48,1.307,255,0.1673,0.1673,0.0428,0.0052,2.9,2.642,-0.17,-2.33,320.53,0.03,0.0,0.01,0.05,99695,1507,3,0.35,0.08,0.01,-0.03,49,-11,287,0,3.25,0.28,0.0166,0.0309,17.32,19.28,12.04
204.358,flow_only,59.001,52.1378193,21.1610391,87.59,52.1378049,21.1610577,30,0.48,1.307,255,0.0,0.6694,-0.0684,0.0416,2.888,2.656,-0.21,-2.06,320.58,0.03,0.0,0.01,0.05,99695,1507,3,0.35,0.08,0.01,-0.03,49,-34,-132,0,3.25,0.27,0.0109,0.0174,14.52,17.37,10.45
204.458,flow_only,59.101,52.1378202,21.1610379,87.61,52.1378069,21.1610555,30,0.48,1.358,255,0.0,0.3347,-0.0126,0.0508,2.934,2.67,-0.4,-1.75,320.63,0.03,0.0,0.0,0.06,99695,1507,3,0.35,0.08,0.01,-0.03,49,97,-144,0,3.26,0.27,0.0294,0.0562,15.9,20.32,9.79
204.558,flow_only,59.201,52.1378213,21.1610369,87.61,52.1378069,21.1610555,30,0.48,1.358,255,0.0,0.3348,-0.0786,-0.0405,2.916,2.679,-0.76,-1.82,320.69,0.03,0.0,0.04,0.06,99695,1507,3,0.35,0.08,0.01,-0.03,49,-88,-115,0,3.24,0.25,0.0351,0.0633,15.67,17.5,11.21
204.658,flow_only,59.301,52.1378223,21.1610359,87.62,52.137809,21.1610532,30,0.48,1.361,255,-0.1674,0.6696,-0.0795,-0.0363,2.916,2.682,-1.16,-2.1,320.68,0.03,0.0,0.01,0.06,99695,1507,3,0.35,0.08,0.01,-0.03,49,110,-223,0,3.23,0.23,0.0327,0.0637,15.24,19.59,11.15
204.758,flow_only,59.401,52.1378233,21.161035,87.62,52.137809,21.1610532,30,0.48,1.361,255,-0.1674,0.3348,-0.045,-0.0464,2.918,2.685,-1.49,-2.26,320.68,0.03,0.0,0.0,0.05,99695,1507,3,0.35,0.08,0.01,-0.03,49,-73,-75,0,3.23,0.23,0.0385,0.0741,17.8,19.88,10.88
204.858,flow_only,59.501,52.1378243,21.1610341,87.62,52.1378111,21.1610509,30,0.48,1.376,255,0.0,0.3347,-0.033,-0.0561,2.92,2.685,-1.65,-2.65,320.69,0.03,0.0,0.04,0.05,99695,1507,3,0.35,0.08,0.01,-0.03,49,-114,312,0,3.22,0.22,0.0314,0.0626,18.53,16.83,10.96
204.958,flow_only,59.601,52.1378254,21.161033,87.62,52.1378111,21.1610509,30,0.48,1.376,255,-0.1674,0.5021,-0.0187,-0.0554,2.885,2.684,-1.79,-2.93,320.69,0.03,0.0,0.0,0.04,99695,1507,3,0.35,0.08,0.01,-0.03,49,52,-60,0,3.22,0.22,0.0155,0.0366,18.31,18.53,11.42
205.058,flow_only,59.701,52.1378264,21.1610319,87.62,52.1378131,21.1610485,30,0.48,1.373,255,0.0,0.3348,-0.0142,0.0281,2.894,2.687,-1.89,-2.99,320.72,0.03,0.0,0.01,0.06,99695,1507,3,0.35,0.08,0.01,-0.03,49,-126,-56,0,3.22,0.25,0.0214,0.0417,16.64,17.53,11.18
205.158,flow_only,59.801,52.1378275,21.1610307,87.63,52.1378131,21.1610485,30,0.48,1.373,255,0.0,0.3347,-0.0095,-0.0123,2.896,2.69,-1.96,-3.01,320.72,0.03,0.0,0.02,0.06,99695,1507,3,0.35,0.08,0.01,-0.03,49,32,357,0,3.22,0.25,0.0129,0.0285,16.94,21.7,10.95
205.258,flow_only,59.901,52.1378286,21.1610293,87.63,52.137815,21.1610459,30,0.48,1.361,255,0.0,0.6698,0.0076,0.0106,2.9,2.696,-1.99,-2.94,320.66,0.03,0.0,0.02,0.05,99695,1507,3,0.35,0.08,0.01,-0.03,49,31,202,0,3.23,0.25,0.016,0.0309,16.97,21.05,10.78
205.358,flow_only,60.001,52.1378296,21.1610278,87.64,52.137815,21.1610459,30,0.48,1.361,255,0.0,0.5022,0.0921,0.0797,2.898,2.704,-1.62,-2.71,320.53,0.03,0.0,0.0,0.05,99695,1507,3,0.35,0.08,0.01,-0.03,49,-32,15,0,3.23,0.26,0.0004,0.0024,16.12,16.87,10.62
205.458,flow_only,60.101,52.1378306,21.1610263,87.65,52.137817,21.1610433,30,0.48,1.487,255,0.0,0.5022,0.0256,0.0318,2.882,2.711,-1.42,-2.36,320.43,0.03,0.0,0.02,0.07,99695,1507,3,0.35,0.08,0.01,-0.03,49,102,-53,0,3.22,0.24,0.0245,0.0478,17.92,20.8,10.89
205.558,flow_only,60.201,52.1378316,21.1610248,87.65,52.137817,21.1610433,30,0.48,1.487,255,0.0,0.5022,0.0653,0.0644,2.876,2.714,-1.0,-2.0,320.31,0.03,0.0,0.02,0.04,99695,1507,3,0.35,0.08,0.01,-0.03,49,68,-222,0,3.21,0.23,0.0172,0.0374,15.04,20.02,10.33
205.658,flow_only,60.301,52.1378325,21.1610233,87.65,52.137819,21.1610404,30,0.48,1.463,255,0.0,0.3348,0.0634,0.015,2.872,2.716,-0.84,-1.85,320.31,0.03,0.0,0.0,0.05,99695,1507,3,0.35,0.07,0.01,-0.03,49,-22,-2,0,3.21,0.25,0.0124,0.0275,14.62,17.95,9.62
205.758,flow_only,60.401,52.1378335,21.1610219,87.65,52.137819,21.1610404,30,0.48,1.463,255,0.0,0.3347,-0.0129,0.016,2.926,2.718,-0.7,-1.77,320.34,0.03,0.0,0.01,0.05,99695,1507,3,0.35,0.07,0.01,-0.03,49,-51,339,0,3.2,0.24,0.0142,0.0276,17.15,19.4,11.18
205.858,flow_only,60.501,52.1378346,21.1610205,87.66,52.137821,21.1610375,30,0.48,1.467,255,0.1673,0.6694,0.0127,-0.0616,2.898,2.72,-0.68,-1.92,320.31,0.03,0.0,0.02,0.05,99695,1507,3,0.35,0.08,0.01,-0.03,49,-30,-133,0,3.19,0.22,0.024,0.0476,15.58,20.11,12.11
205.958,flow_only,60.601,52.1378355,21.1610192,87.66,52.137821,21.1610375,30,0.48,1.467,255,0.0,0.3347,0.0018,-0.0129,2.878,2.722,-0.62,-2.09,320.24,0.03,0.0,0.01,0.06,99695,1507,3,0.35,0.08,0.01,-0.03,49,-37,-95,0,3.19,0.2,0.0249,0.0496,16.76,19.31,10.34
206.058,flow_only,60.701,52.1378365,21.1610178,87.66,52.137823,21.1610347,30,0.48,1.482,255,0.1674,0.3348,0.0261,-0.0455,2.884,2.722,-0.64,-2.4,320.12,0.03,0.0,0.01,0.08,99695,1507,3,0.35,0.07,0.01,-0.03,49,-5,386,0,3.19,0.2,0.0108,0.0251,18.52,18.76,11.37
206.158,flow_only,60.801,52.1378376,21.1610165,87.66,52.137823,21.1610347,30,0.48,1.482,255,0.0,0.3348,-0.0747,-0.0084,2.88,2.722,-0.73,-2.51,320.07,0.03,0.0,0.02,0.03,99695,1507,3,0.35,0.07,0.01,-0.03,49,-49,-126,0,3.18,0.21,0.0157,0.0343,18.04,18.17,11.24
206.258,flow_only,60.901,52.1378386,21.1610152,87.66,52.137825,21.1610318,30,0.48,1.442,255,0.0,0.5023,0.025,0.064,2.87,2.724,-0.76,-2.22,320.07,0.03,0.0,0.0,0.05,99695,1507,3,0.35,0.08,0.01,-0.03,49,-143,318,0,3.19,0.22,0.0193,0.0365,16.72,20.69,10.67
206.358,flow_only,61.001,52.1378396,21.1610139,87.66,52.137825,21.1610318,30,0.48,1.442,255,0.0,0.8369,-0.0605,0.0036,2.876,2.728,-1.0,-2.09,320.19,0.03,0.0,0.01,0.06,99695,1507,3,0.35,0.08,0.01,-0.03,49,15,-183,0,3.18,0.23,0.0275,0.0531,19.63,22.01,10.47
206.458,flow_only,61.101,52.1378407,21.1610125,87.67,52.137827,21.1610289,30,0.48,1.517,255,0.0,0.6696,-0.0227,-0.049,2.904,2.733,-1.23,-2.27,320.26,0.03,0.0,0.0,0.05,99695,1507,3,0.35,0.08,0.01,-0.03,49,39,-142,0,3.19,0.23,0.0048,0.0113,17.37,17.64,10.07
206.558,flow_only,61.201,52.1378418,21.1610109,87.68,52.137827,21.1610289,30,0.48,1.517,255,0.0,0.3347,0.001,0.0073,2.892,2.74,-1.17,-2.26,320.24,0.03,0.0,0.0,0.04,99695,1507,3,0.35,0.08,0.01,-0.03,49,-32,-13,0,3.19,0.21,0.013,0.0259,14.42,18.69,10.22
206.658,flow_only,61.301,52.1378429,21.1610093,87.68,52.1378289,21.1610259,30,0.48,1.523,255,0.0,0.3347,0.068,0.0737,2.894,2.746,-1.02,-2.13,320.2,0.03,0.0,0.02,0.04,99695,1507,3,0.35,0.07,0.01,-0.03,49,-32,326,0,3.19,0.21,0.027,0.0529,16.8,19.22,9.65
206.758,flow_only,61.401,52.1378439,21.1610076,87.68,52.1378289,21.1610259,30,0.48,1.523,255,0.0,0.3348,-0.0121,0.1007,2.908,2.747,-0.91,-1.5,320.21,0.03,0.0,0.05,0.05,99695,1507,3,0.35,0.07,0.01,-0.03,49,84,-268,0,3.17,0.21,0.0158,0.0377,15.23,16.94,9.83
206.858,flow_only,61.501,52.1378448,21.1610061,87.68,52.1378309,21.1610228,30,0.48,1.534,255,0.1673,0.3347,-0.0033,-0.0127,2.898,2.746,-0.91,-1.27,320.2,0.03,0.0,0.02,0.04,99695,1507,3,0.35,0.07,0.01,-0.03,49,145,-89,0,3.17,0.18,0.0267,0.0554,15.14,19.48,11.3
206.958,flow_only,61.601,52.1378458,21.1610045,87.68,52.1378309,21.1610228,30,0.48,1.534,255,0.1673,0.8367,0.0339,-0.0406,2.89,2.743,-0.73,-1.38,320.17,0.03,0.0,0.04,0.05,99695,1507,3,0.35,0.07,0.01,-0.03,49,-40,183,0,3.16,0.16,0.0101,0.0338,17.21,18.05,10.74
207.058,flow_only,61.701,52.1378466,21.161003,87.67,52.1378329,21.1610197,30,0.48,1.517,255,0.0,0.3347,0.1018,-0.0219,2.884,2.739,-0.3,-1.74,320.12,0.03,0.0,0.03,0.04,99695,1507,3,0.35,0.07,0.01,-0.03,49,-64,-89,0,3.14,0.17,0.0186,0.0453,16.82,16.95,9.41
207.158,flow_only,61.801,52.1378476,21.1610016,87.67,52.1378329,21.1610197,30,0.48,1.517,255,0.0,0.3348,0.0349,-0.0547,2.908,2.734,-0.01,-1.92,320.15,0.03,0.0,0.02,0.04,99695,1507,3,0.35,0.07,0.01,-0.03,49,63,364,0,3.14,0.16,0.0125,0.0321,16.81,19.33,11.6
207.258,flow_only,61.901,52.1378486,21.1610001,87.67,52.1378348,21.1610167,30,0.48,1.434,255,0.1674,0.837,0.0099,0.0239,2.942,2.731,0.23,-1.94,320.22,0.03,0.0,0.0,0.07,99695,1507,3,0.35,0.07,0.01,-0.03,49,81,-154,0,3.14,0.15,0.0132,0.0297,18.92,21.3,11.33
207.358,flow_only,62.001,52.1378496,21.1609985,87.67,52.1378348,21.1610167,30,0.48,1.434,255,0.1674,0.3348,0.017,0.0254,2.918,2.733,0.18,-1.8,320.33,0.03,0.0,0.0,0.05,99695,1507,3,0.35,0.07,0.01,-0.03,49,4,-193,0,3.15,0.14,0.0136,0.0279,16.01,17.01,11.49
207.458,flow_only,62.101,52.1378506,21.1609968,87.67,52.1378367,21.1610137,30,0.48,1.486,255,0.0,0.5023,-0.0463,0.0089,2.912,2.737,0.07,-1.69,320.41,0.03,0.0,0.0,0.07,99695,1507,3,0.35,0.08,0.01,-0.03,49,-37,306,0,3.15,0.14,0.025,0.0492,15.51,21.17,11.85
207.558,flow_only,62.201,52.1378517,21.1609951,87.68,52.1378367,21.1610137,30,0.48,1.486,255,0.0,0.837,-0.0187,-0.0071,2.918,2.741,-0.09,-1.67,320.41,0.03,0.0,0.01,0.04,99695,1507,3,0.35,0.08,0.01,-0.03,49,13,162,0,3.15,0.14,0.0241,0.0487,18.26,17.35,9.85
207.658,flow_only,62.301,52.1378527,21.1609934,87.68,52.1378387,21.1610107,30,0.48,1.488,255,0.0,0.3348,0.12,0.0951,2.928,2.746,0.35,-1.45,320.34,0.03,0.0,0.0,0.06,99695,1507,3,0.35,0.08,0.01,-0.03,49,-67,331,0,3.15,0.15,0.0289,0.058,16.86,17.06,11.53
207.758,flow_only,62.401,52.1378538,21.1609917,87.69,52.1378387,21.1610107,30,0.48,1.488,255,0.0,0.3347,-0.0352,0.0528,2.93,2.753,0.48,-1.0,320.33,0.03,0.0,0.0,0.06,99695,1507,3,0.35,0.08,0.01,-0.03,49,85,-96,0,3.16,0.15,0.0138,0.031,18.38,17.95,10.72
207.858,flow_only,62.501,52.1378547,21.1609902,87.7,52.1378407,21.1610078,30,0.48,1.567,255,0.0,0.837,-0.0055,0.0183,2.93,2.761,0.25,-0.74,320.37,0.03,0.0,0.0,0.04,99695,1507,3,0.35,0.08,0.01,-0.03,49,42,-219,0,3.16,0.15,0.0335,0.0622,18.66,16.16,11.75
207.958,flow_only,62.601,52.1378557,21.1609887,87.7,52.1378407,21.1610078,30,0.48,1.567,255,0.1674,0.3348,0.0505,-0.0597,2.96,2.766,0.44,-0.97,320.36,0.03,0.0,0.02,0.04,99695,1507,3,0.35,0.08,0.01,-0.03,49,-44,54,0,3.16,0.15,0.0103,0.0217,15.37,17.77,10.57
208.058,flow_only,62.701,52.1378567,21.1609872,87.7,52.1378427,21.161005,30,0.48,1.331,255,0.0,0.3348,0.0129,-0.0768,2.952,2.766,0.56,-1.45,320.27,0.03,0.0,0.05,0.06,99695,1507,3,0.35,0.08,0.01,-0.03,49,-16,-234,0,3.14,0.11,0.0241,0.0465,17.58,17.35,10.58
208.158,flow_only,62.801,52.1378576,21.160986,87.7,52.1378427,21.161005,30,0.48,1.331,255,0.0,0.6696,-0.025,-0.0064,2.962,2.762,0.72,-1.46,320.21,0.03,0.0,0.01,0.05,99695,1507,3,0.35,0.08,0.01,-0.03,49,-30,-93,0,3.14,0.1,0.024,0.0466,15.6,19.97,11.72
208.258,flow_only,62.901,52.1378585,21.160985,87.69,52.1378446,21.1610025,30,0.48,1.36,255,0.0,0.502,-0.0377,-0.0374,2.966,2.76,0.44,-1.58,320.21,0.03,0.0,0.0,0.06,99695,1507,3,0.35,0.08,0.01,-0.03,49,68,-129,0,3.14,0.1,0.0357,0.0691,14.41,20.64,9.37
208.358,flow_only,63.001,52.1378594,21.1609838,87.7,52.1378446,21.1610025,30,0.48,1.36,255,-0.1674,0.1674,-0.0641,-0.1231,2.962,2.76,0.18,-2.2,320.14,0.03,0.0,0.0,0.06,99695,1507,3,0.35,0.08,0.01,-0.03,49,31,-224,0,3.15,0.09,0.0277,0.0551,18.82,20.27,12.11
208.458,flow_only,63.101,52.1378603,21.1609824,87.7,52.1378467,21.1609999,30,0.48,1.528,255,0.0,0.502,-0.0444,-0.0793,2.958,2.761,-0.09,-2.69,320.07,0.03,0.0,0.02,0.04,99695,1507,3,0.35,0.08,0.01,-0.03,49,63,-229,0,3.14,0.09,0.0191,0.0382,16.67,16.12,10.88
208.558,flow_only,63.201,52.1378613,21.1609812,87.7,52.1378467,21.1609999,30,0.48,1.528,255,0.0,0.5019,0.058,0.0229,2.954,2.761,-0.06,-2.84,320.06,0.03,0.0,0.0,0.06,99695,1507,3,0.35,0.08,0.01,-0.03,49,50,251,0,3.14,0.1,0.01,0.0169,15.49,17.54,9.97
208.658,flow_only,63.301,52.1378623,21.1609798,87.7,52.1378489,21.1609973,30,0.48,1.406,255,0.0,0.3348,-0.0465,-0.0037,2.952,2.761,-0.07,-2.81,320.05,0.03,0.0,0.01,0.07,99695,1507,3,0.35,0.08,0.01,-0.03,49,0,343,0,3.14,0.1,0.0247,0.0442,21.72,18.11,9.66
208.758,flow_only,63.401,52.1378634,21.1609783,87.7,52.1378489,21.1609973,30,0.48,1.406,255,-0.1674,0.8371,-0.0216,0.0187,2.94,2.764,-0.27,-2.68,320.03,0.03,0.0,0.0,0.06,99695,1507,3,0.35,0.08,0.01,-0.03,49,66,-186,0,3.15,0.11,0.0136,0.0268,17.62,19.51,10.29
208.858,flow_only,63.501,52.1378644,21.160977,87.7,52.137851,21.1609948,30,0.48,1.552,255,0.0,0.3347,0.0638,0.0796,2.932,2.767,-0.19,-2.45,319.99,0.03,0.0,0.0,0.07,99695,1507,3,0.35,0.08,0.01,-0.03,49,44,-170,0,3.15,0.11,0.0205,0.0394,16.33,22.08,10.51
208.958,flow_only,63.601,52.1378652,21.1609758,87.71,52.137851,21.1609948,30,0.48,1.552,255,0.0,0.3348,-0.0373,0.0388,2.928,2.77,-0.04,-1.93,320.06,0.03,0.0,0.01,0.05,99695,1507,3,0.35,0.08,0.01,-0.03,49,-64,-86,0,3.14,0.12,0.0298,0.0563,17.17,19.53,10.85
209.058,flow_only,63.701,52.1378662,21.1609746,87.71,52.1378533,21.1609922,30,0.48,1.523,255,0.0,0.6696,-0.0318,-0.1198,2.918,2.771,-0.27,-2.24,320.19,0.03,0.0,0.02,0.05,99695,1507,3,0.35,0.08,0.01,-0.03,49,-92,158,0,3.13,0.11,0.0126,0.024,19.65,18.36,10.84
209.158,flow_only,63.801,52.1378672,21.1609734,87.71,52.1378533,21.1609922,30,0.48,1.523,255,0.0,0.3347,0.0542,-0.0157,2.908,2.773,-0.13,-2.8,320.21,0.03,0.0,0.0,0.05,99695,1507,3,0.35,0.08,0.01,-0.03,49,33,-2,0,3.14,0.13,0.0104,0.0215,16.31,18.76,11.27
209.258,flow_only,63.901,52.1378681,21.1609723,87.71,52.1378556,21.1609896,30,0.48,1.52,255,-0.1673,0.3347,-0.0825,0.0045,2.926,2.773,-0.29,-2.66,320.3,0.03,0.0,0.04,0.05,99695,1507,3,0.35,0.08,0.01,-0.03,49,-6,-196,0,3.12,0.12,0.0398,0.0763,15.28,18.8,10.71
209.358,flow_only,64.001,52.1378691,21.1609711,87.71,52.1378556,21.1609896,30,0.48,1.52,255,0.0,0.6695,-0.0393,-0.0929,2.936,2.773,-0.63,-2.94,320.38,0.03,0.0,0.0,0.05,99695,1507,3,0.35,0.08,0.01,-0.03,49,-81,-139,0,3.12,0.11,0.0129,0.0269,18.77,18.34,11.64
209.458,flow_only,64.101,52.1378701,21.1609697,87.71,52.1378578,21.1609869,30,0.48,1.577,255,0.0,0.3348,0.0041,0.0175,2.928,2.774,-0.69,-3.16,320.4,0.03,0.0,0.0,0.05,99695,1507,3,0.35,0.08,0.01,-0.03,49,40,-128,0,3.12,0.1,0.0069,0.0115,17.89,18.58,10.43
209.558,flow_only,64.201,52.1378712,21.1609684,87.71,52.1378578,21.1609869,30,0.48,1.577,255,0.0,0.3347,0.0341,0.0217,2.95,2.776,-0.61,-3.12,320.36,0.03,0.0,0.01,0.05,99695,1507,3,0.35,0.08,0.01,-0.03,49,16,-197,0,3.12,0.1,0.0111,0.0215,17.69,18.0,11.39
209.658,flow_only,64.301,52.1378722,21.1609671,87.71,52.1378602,21.1609841,30,0.48,1.634,255,0.0,1.0045,-0.0243,0.0748,2.968,2.775,-0.47,-2.69,320.36,0.03,0.0,0.02,0.05,99695,1507,3,0.35,0.08,0.01,-0.03,49,-191,-218,0,3.11,0.07,0.0244,0.0457,16.87,18.15,12.04
209.758,flow_only,64.401,52.1378733,21.1609658,87.71,52.1378602,21.1609841,30,0.48,1.634,255,0.0,0.3348,-0.008,-0.0332,2.964,2.777,-0.7,-2.56,320.39,0.03,0.0,0.01,0.07,99695,1507,3,0.35,0.08,0.01,-0.03,49,91,-76,0,3.12,0.08,0.0032,0.0065,16.52,17.56,11.42
209.858,flow_only,64.501,52.1378746,21.1609642,87.72,52.1378626,21.1609813,30,0.48,1.654,255,0.0,0.3348,0.0167,0.0209,2.972,2.781,-0.61,-2.69,320.35,0.03,0.0,0.01,0.05,99695,1507,3,0.35,0.08,0.01,-0.03,49,8,-158,0,3.13,0.07,0.0218,0.0432,18.05,18.9,13.17
209.958,flow_only,64.601,52.1378758,21.1609627,87.72,52.1378626,21.1609813,30,0.48,1.654,255,0.0,1.0037,0.006,0.0928,2.95,2.787,-0.71,-2.35,320.35,0.03,0.0,0.0,0.06,99695,1507,3,0.35,0.08,0.01,-0.03,49,19,-78,0,3.13,0.07,0.0114,0.0262,17.86,21.07,12.18
210.058,flow_only,64.701,52.1378769,21.1609613,87.73,52.137865,21.1609783,30,0.48,1.725,255,0.0,0.502,-0.0341,0.1126,2.954,2.793,-0.64,-1.61,320.4,0.03,0.0,0.01,0.06,99695,1507,3,0.35,0.08,0.01,-0.03,49,-7,-149,0,3.14,0.09,0.0099,0.0209,16.86,21.02,11.33
210.158,flow_only,64.801,52.1378779,21.1609598,87.73,52.137865,21.1609783,30,0.48,1.725,255,-0.1674,0.5021,-0.0199,0.007,2.956,2.799,-0.88,-1.3,320.45,0.03,0.0,0.0,0.06,99695,1507,3,0.35,0.08,0.01,-0.03,49,58,221,0,3.14,0.1,0.0143,0.0284,16.25,20.74,13.09
210.258,flow_only,64.901,52.1378789,21.1609583,87.74,52.1378675,21.1609755,30,0.48,1.649,255,0.0,0.3346,0.0436,-0.0513,2.956,2.805,-0.8,-1.46,320.51,0.03,0.0,0.01,0.06,99695,1507,3,0.35,0.08,0.01,-0.03,49,18,-19,0,3.14,0.11,0.0185,0.0358,18.04,20.6,13.04
210.358,flow_only,65.001,52.1378799,21.160957,87.75,52.1378675,21.1609755,30,0.48,1.649,255,0.0,0.5022,0.0401,-0.0666,2.962,2.814,-0.59,-1.92,320.47,0.03,0.0,0.03,0.05,99695,1507,3,0.35,0.08,0.01,-0.03,49,-43,55,0,3.16,0.12,0.0159,0.0368,15.74,20.05,12.03
210.458,flow_only,65.101,52.1378811,21.1609556,87.76,52.1378699,21.1609725,30,0.48,1.743,255,0.0,0.6696,-0.0194,-0.0538,2.982,2.824,-0.52,-2.21,320.41,0.03,0.0,0.0,0.06,99695,1507,3,0.35,0.08,0.01,-0.03,49,-25,-153,0,3.16,0.11,0.0151,0.0341,18.58,18.24,12.34
210.558,flow_only,65.201,52.1378822,21.1609542,87.77,52.1378699,21.1609725,30,0.48,1.743,255,0.0,0.837,0.0458,0.0936,2.962,2.83,-0.31,-2.06,320.33,0.03,0.0,0.02,0.04,99695,1507,3,0.35,0.08,0.01,-0.03,49,2,-171,0,3.16,0.11,0.0158,0.0287,17.67,18.52,11.98
210.658,flow_only,65.301,52.1378832,21.1609529,87.77,52.1378724,21.1609695,30,0.48,1.721,255,0.0,0.5021,-0.0549,0.0491,2.97,2.83,-0.48,-1.64,320.37,0.03,0.0,0.03,0.05,99695,1507,3,0.35,0.07,0.01,-0.03,49,25,222,0,3.14,0.09,0.0077,0.0158,16.4,17.41,11.37
210.758,flow_only,65.401,52.1378843,21.1609515,87.76,52.1378724,21.1609695,30,0.48,1.721,255,0.0,0.3349,-0.0179,-0.0609,2.954,2.827,-0.67,-1.77,320.31,0.03,0.0,0.02,0.04,99695,1507,3,0.35,0.07,0.01,-0.03,49,37,-8,0,3.13,0.08,0.0037,0.0109,15.67,17.79,12.3
210.858,flow_only,65.501,52.1378853,21.16095,87.76,52.137875,21.1609666,30,0.48,1.711,255,-0.1674,0.3348,-0.0115,0.0165,2.948,2.823,-0.8,-1.83,320.25,0.03,0.0,0.0,0.07,99695,1507,3,0.35,0.07,0.01,-0.03,49,20,-137,0,3.13,0.08,0.0082,0.0151,19.47,18.84,12.52
210.958,flow_only,65.601,52.1378864,21.1609486,87.76,52.137875,21.1609666,30,0.48,1.711,255,0.0,0.3348,0.0142,-0.0287,2.968,2.82,-0.79,-2.02,320.16,0.03,0.0,0.0,0.05,99695,1507,3,0.35,0.07,0.01,-0.03,49,20,-13,0,3.12,0.08,0.0088,0.0182,17.7,17.91,11.27
211.058,flow_only,65.701,52.1378877,21.1609472,87.75,52.1378775,21.1609636,30,0.48,1.737,255,0.0,0.8367,-0.0226,-0.0116,2.968,2.82,-0.74,-2.02,320.05,0.03,0.0,0.0,0.05,99695,1507,3,0.35,0.07,0.01,-0.03,49,-12,-47,0,3.12,0.07,0.0231,0.0439,17.38,17.69,11.46
211.158,flow_only,65.801,52.137889,21.1609456,87.76,52.1378775,21.1609636,30,0.48,1.737,255,0.0,0.6695,0.0172,0.1053,2.958,2.825,-0.69,-1.75,319.95,0.03,0.0,0.05,0.07,99695,1507,3,0.35,0.07,0.01,-0.03,49,14,-65,0,3.15,0.09,0.0319,0.0655,16.38,19.78,11.62
211.258,flow_only,65.901,52.1378902,21.160944,87.77,52.1378799,21.1609606,30,0.48,1.636,255,-0.1673,0.502,-0.0628,0.0818,3.02,2.833,-0.95,-1.3,319.91,0.03,0.0,0.01,0.05,99695,1507,3,0.35,0.07,0.01,-0.03,49,56,-106,0,3.14,0.1,0.0156,0.036,16.95,19.37,8.93
211.358,flow_only,66.001,52.1378914,21.1609424,87.78,52.1378799,21.1609606,30,0.48,1.636,255,0.0,1.0041,0.0364,0.1189,3.01,2.84,-0.89,-0.64,319.86,0.03,0.0,0.02,0.05,99695,1507,3,0.35,0.07,0.01,-0.03,49,-170,187,0,3.16,0.07,0.0222,0.0493,16.4,18.37,11.2
211.458,flow_only,66.101,52.1378926,21.160941,87.78,52.1378823,21.1609577,30,0.48,1.693,255,0.0,0.5022,-0.0325,-0.0054,2.976,2.848,-1.0,-0.42,319.89,0.03,0.0,0.0,0.05,99695,1507,3,0.35,0.07,0.01,-0.03,49,-191,-133,0,3.16,0.06,0.023,0.0464,17.78,19.99,12.51
211.558,flow_only,66.201,52.1378937,21.1609397,87.79,52.1378823,21.1609577,30,0.48,1.693,255,0.0,0.3347,-0.0281,0.0219,3.004,2.856,-1.0,-0.28,319.93,0.03,0.0,0.03,0.04,99695,1507,3,0.35,0.07,0.01,-0.03,49,20,-176,0,3.17,0.06,0.0166,0.0364,19.48,20.3,12.96
211.658,flow_only,66.301,52.1378947,21.1609385,87.79,52.1378847,21.1609548,30,0.48,1.567,255,-0.1674,0.6696,-0.0497,-0.0615,2.992,2.859,-1.38,-0.48,320.07,0.03,0.0,0.04,0.04,99695,1507,3,0.35,0.07,0.01,-0.03,49,77,-153,0,3.15,0.1,0.0215,0.0366,16.74,21.4,12.39
211.758,flow_only,66.401,52.1378956,21.1609372,87.79,52.1378847,21.1609548,30,0.48,1.567,255,0.0,0.3347,0.0131,-0.1291,2.96,2.859,-1.47,-1.15,320.14,0.03,0.0,0.0,0.04,99695,1507,3,0.35,0.07,0.01,-0.03,49,26,122,0,3.15,0.06,0.0111,0.0182,17.66,19.8,12.0
211.858,flow_only,66.501,52.1378966,21.1609359,87.79,52.1378869,21.1609518,30,0.48,1.664,255,0.0,0.3348,0.0214,-0.1202,2.954,2.856,-1.31,-1.78,320.14,0.03,0.0,0.03,0.04,99695,1507,3,0.35,0.07,0.01,-0.03,49,-33,457,0,3.14,0.07,0.0372,0.0669,18.34,20.52,11.22
211.958,flow_only,66.601,52.1378977,21.1609344,87.79,52.1378869,21.1609518,30,0.48,1.664,255,0.1674,0.8368,0.0939,0.0129,2.97,2.851,-0.9,-2.22,320.02,0.03,0.0,0.0,0.05,99695,1507,3,0.35,0.07,0.01,-0.03,49,-24,-33,0,3.13,0.09,0.0255,0.0474,15.84,20.31,11.78
212.058,flow_only,66.701,52.1378988,21.160933,87.78,52.1378892,21.1609488,30,0.48,1.569,255,0.0,0.3347,-0.0661,0.0517,2.954,2.845,-0.97,-1.88,319.99,0.03,0.0,0.04,0.05,99695,1507,3,0.35,0.08,0.01,-0.03,49,-86,-223,0,3.11,0.06,0.0092,0.0246,19.14,17.58,13.78
212.158,flow_only,66.801,52.1378999,21.1609313,87.77,52.1378892,21.1609488,30,0.48,1.569,255,0.0,0.3347,0.0612,0.0579,2.962,2.839,-0.82,-1.54,319.98,0.03,0.0,0.0,0.05,99695,1507,3,0.35,0.08,0.01,-0.03,49,-159,-54,0,3.11,0.06,0.0234,0.046,16.89,16.48,11.5
212.258,flow_only,66.901,52.137901,21.1609298,87.77,52.1378914,21.1609458,30,0.48,1.666,255,0.0,0.3348,0.0294,0.0501,2.984,2.834,-0.7,-1.29,320.06,0.03,0.0,0.02,0.05,99695,1507,3,0.35,0.08,0.01,-0.03,49,-49,-40,0,3.1,0.05,0.0149,0.0324,17.74,16.74,10.29
212.358,flow_only,67.001,52.1379021,21.1609283,87.76,52.1378914,21.1609458,30,0.48,1.666,255,0.0,0.502,-0.0154,0.0223,2.984,2.829,-0.49,-1.01,320.19,0.03,0.0,0.0,0.05,99695,1507,3,0.35,0.08,0.01,-0.03,49,74,263,0,3.1,0.05,0.0273,0.0539,18.42,15.96,11.16
212.458,flow_only,67.101,52.1379032,21.1609268,87.76,52.1378937,21.1609426,30,0.48,1.614,255,0.0,0.8365,-0.0434,-0.0336,2.972,2.826,-0.76,-1.1,320.35,0.03,0.0,0.01,0.05,99695,1507,3,0.35,0.07,0.01,-0.03,49,29,-164,0,3.09,0.02,0.0029,0.013,16.97,14.75,11.58
212.558,flow_only,67.201,52.1379043,21.1609252,87.76,52.1378937,21.1609426,30,0.48,1.614,255,0.0,0.837,0.0254,-0.0333,3.002,2.825,-0.77,-1.38,320.37,0.03,0.0,0.0,0.06,99695,1507,3,0.35,0.07,0.01,-0.03,49,-11,-105,0,3.1,0.04,0.02,0.0403,17.54,16.63,11.47
212.658,flow_only,67.301,52.1379054,21.1609235,87.76,52.1378959,21.1609395,30,0.48,1.593,255,0.0,0.3347,0.0413,0.0822,3.006,2.828,-0.48,-1.08,320.32,0.03,0.0,0.01,0.05,99695,1507,3,0.35,0.07,0.01,-0.03,49,72,-60,0,3.11,0.02,0.0378,0.0736,14.01,18.29,10.48
212.758,flow_only,67.401,52.1379066,21.1609217,87.77,52.1378959,21.1609395,30,0.48,1.593,255,0.0,0.5022,0.0118,0.0584,3.01,2.831,-0.55,-0.93,320.27,0.03,0.0,0.01,0.05,99695,1507,3,0.35,0.07,0.01,-0.03,49,189,316,0,3.11,0.02,0.0634,0.1203,14.83,17.52,10.36
212.858,flow_only,67.501,52.1379078,21.1609198,87.77,52.137898,21.1609364,30,0.48,1.499,255,0.0,0.5022,0.0226,0.1392,3.012,2.833,-0.33,-0.19,320.24,0.03,0.0,0.0,0.06,99695,1507,3,0.35,0.07,0.01,-0.03,49,-71,-266,0,3.12,0.02,0.0212,0.046,14.44,22.07,12.1
212.958,flow_only,67.601,52.1379088,21.1609183,87.77,52.137898,21.1609364,30,0.48,1.499,255,0.0,0.3347,0.0144,0.0316,3.028,2.836,-0.32,0.24,320.26,0.03,0.0,0.0,0.07,99695,1507,3,0.35,0.07,0.01,-0.03,49,-11,-106,0,3.12,0.02,0.0058,0.0088,14.97,19.05,9.92
213.058,flow_only,67.701,52.1379098,21.1609168,87.77,52.1379,21.1609336,30,0.48,1.449,255,0.0,0.6694,-0.0119,-0.0157,3.052,2.838,-0.34,0.17,320.26,0.03,0.0,0.0,0.07,99695,1507,3,0.35,0.07,0.01,-0.03,49,-30,350,0,3.12,0.01,0.0187,0.0371,15.51,18.1,10.7
213.158,flow_only,67.801,52.1379108,21.1609154,87.77,52.1379,21.1609336,30,0.48,1.449,255,0.0,0.3346,0.0133,-0.0465,3.056,2.837,-0.41,-0.2,320.22,0.03,0.0,0.01,0.05,99695,1507,3,0.35,0.07,0.01,-0.03,49,8,-82,0,3.11,0.0,0.0049,0.0066,17.69,21.9,12.22
213.258,flow_only,67.901,52.1379118,21.1609142,87.77,52.1379021,21.1609308,30,0.48,1.491,255,0.0,0.3347,-0.0006,-0.0837,3.064,2.834,-0.32,-0.49,320.2,0.03,0.0,0.0,0.03,99695,1507,3,0.35,0.08,0.01,-0.03,49,-38,-106,0,3.11,-0.02,0.0198,0.0354,18.52,20.36,11.79
213.358,flow_only,68.001,52.1379126,21.160913,87.76,52.1379021,21.1609308,30,0.48,1.491,255,0.0,0.5022,-0.026,-0.0666,3.032,2.83,-0.37,-0.86,320.21,0.03,0.0,0.0,0.07,99695,1507,3,0.35,0.08,0.01,-0.03,49,-21,-228,0,3.11,-0.03,0.0366,0.0677,18.51,18.43,12.08
213.458,flow_only,68.101,52.1379135,21.1609119,87.76,52.1379041,21.1609281,30,0.48,1.408,255,0.0,0.1673,0.0053,-0.1099,2.994,2.825,-0.49,-1.51,320.19,0.03,0.0,0.01,0.05,99695,1507,3,0.35,0.07,0.01,-0.03,49,-148,20,0,3.1,-0.04,0.0218,0.0427,17.43,16.93,11.78
213.558,flow_only,68.201,52.1379144,21.1609109,87.75,52.1379041,21.1609281,30,0.48,1.408,255,0.0,0.1673,-0.0206,-0.1126,3.02,2.817,-0.53,-2.06,320.15,0.03,0.0,0.02,0.05,99695,1507,3,0.35,0.07,0.01,-0.03,49,9,-22,0,3.09,0.0,0.0274,0.0553,18.74,18.81,12.37
213.658,flow_only,68.301,52.1379152,21.1609099,87.75,52.137906,21.1609255,30,0.48,1.388,255,0.0,0.6694,-0.0327,-0.0567,3.028,2.81,-0.61,-2.48,320.1,0.03,0.0,0.01,0.04,99695,1507,3,0.35,0.08,0.01,-0.03,49,8,13,0,3.09,0.0,0.0166,0.0354,16.1,17.73,10.71
213.758,flow_only,68.401,52.1379162,21.1609086,87.74,52.137906,21.1609255,30,0.48,1.388,255,0.0,0.3347,0.025,-0.0245,3.025,2.803,-0.7,-2.81,320.05,0.03,0.0,0.04,0.06,99695,1507,3,0.35,0.08,0.01,-0.03,49,41,-234,0,3.07,-0.03,0.0106,0.0261,18.12,22.35,10.92
213.858,flow_only,68.501,52.1379171,21.1609073,87.73,52.137908,21.1609228,30,0.48,1.503,255,0.0,0.3347,-0.0299,-0.034,3.032,2.797,-0.69,-2.89,320.01,0.03,0.0,0.01,0.05,99695,1507,3,0.35,0.08,0.01,-0.03,49,-48,385,0,3.08,-0.03,0.02,0.0323,14.61,23.88,11.23
213.958,flow_only,68.601,52.1379181,21.1609059,87.73,52.137908,21.1609228,30,0.48,1.503,255,0.0,0.3347,0.0156,0.0504,3.036,2.791,-0.66,-2.8,319.97,0.03,0.0,0.0,0.06,99695,1507,3,0.35,0.08,0.01,-0.03,49,3,228,0,3.07,-0.04,0.026,0.0448,14.94,20.25,8.88
214.058,flow_only,68.701,52.1379192,21.1609045,87.72,52.13791,21.1609199,30,0.48,1.451,255,0.0,0.3347,0.0093,0.0606,3.012,2.787,-0.77,-2.62,319.98,0.03,0.0,0.0,0.05,99695,1507,3,0.35,0.08,0.01,-0.03,49,29,-167,0,3.07,-0.04,0.0041,0.0069,18.7,21.68,11.42
214.158,flow_only,68.801,52.1379203,21.1609029,87.72,52.13791,21.1609199,30,0.48,1.451,255,0.0,1.0041,-0.0064,0.079,2.996,2.783,-0.67,-2.08,320.01,0.03,0.0,0.0,0.04,99695,1507,3,0.35,0.08,0.01,-0.03,49,-47,-98,0,3.07,-0.02,0.015,0.0281,15.85,18.84,10.97
214.258,flow_only,68.901,52.1379212,21.1609016,87.71,52.137912,21.1609169,30,0.48,1.538,255,0.0,0.3348,0.0825,0.078,2.996,2.777,-0.42,-1.74,320.08,0.03,0.0,0.02,0.05,99695,1507,3,0.35,0.08,0.01,-0.03,49,-24,-193,0,3.06,-0.03,0.0238,0.0424,15.6,19.97,11.51
214.358,flow_only,69.001,52.1379221,21.1609003,87.7,52.137912,21.1609169,30,0.48,1.538,255,0.0,0.3347,-0.0512,-0.0221,2.998,2.769,-0.52,-1.59,320.22,0.03,0.0,0.01,0.06,99695,1507,3,0.35,0.08,0.01,-0.03,49,327,322,0,3.05,-0.02,0.0331,0.0603,18.87,19.39,10.92
214.458,flow_only,69.101,52.1379229,21.1608988,87.7,52.1379141,21.160914,30,0.48,1.503,255,0.0,0.6694,-0.0048,-0.0714,3.006,2.762,-0.57,-1.97,320.27,0.03,0.0,0.01,0.03,99695,1507,3,0.34,0.07,0.01,-0.03,49,-20,-70,0,3.04,-0.03,0.0295,0.0548,16.69,17.64,10.91
214.558,flow_only,69.201,52.1379237,21.1608973,87.69,52.1379141,21.160914,30,0.48,1.503,255,0.0,0.3347,0.0567,-0.0436,3.01,2.757,-0.5,-2.26,320.3,0.03,0.0,0.0,0.06,99695,1507,3,0.34,0.07,0.01,-0.03,49,-18,-92,0,3.04,-0.03,0.0137,0.0281,17.05,18.46,12.08
214.658,flow_only,69.301,52.1379247,21.1608957,87.69,52.1379161,21.1609111,30,0.48,1.553,255,0.0,0.3347,0.0297,-0.0273,2.982,2.755,-0.2,-2.53,320.25,0.03,0.0,0.0,0.04,99695,1507,3,0.34,0.08,0.01,-0.03,49,87,219,0,3.05,-0.04,0.0237,0.0448,18.06,18.25,11.59
214.758,flow_only,69.401,52.1379256,21.1608942,87.69,52.1379161,21.1609111,30,0.48,1.553,255,0.0,0.6696,0.0505,-0.0195,3.004,2.756,0.06,-2.62,320.13,0.03,0.0,0.01,0.05,99695,1507,3,0.34,0.08,0.01,-0.03,49,-55,-137,0,3.05,-0.01,0.006,0.0143,17.44,17.28,9.74
214.858,flow_only,69.501,52.1379267,21.1608927,87.69,52.1379183,21.1609081,30,0.48,1.564,255,0.1673,0.3347,0.0325,0.0297,3.026,2.758,0.29,-2.49,320.06,0.03,0.0,0.0,0.05,99695,1507,3,0.34,0.08,0.01,-0.03,49,-57,-165,0,3.05,-0.01,0.0098,0.0161,17.41,17.26,10.59
214.958,flow_only,69.601,52.1379279,21.1608912,87.69,52.1379183,21.1609081,30,0.48,1.564,255,0.0,0.5023,-0.0301,0.0802,3.0,2.76,0.25,-2.18,320.0,0.03,0.0,0.0,0.03,99695,1507,3,0.34,0.08,0.01,-0.03,49,-23,-206,0,3.05,-0.03,0.0121,0.0213,16.38,17.05,11.54
215.058,flow_only,69.701,52.1379289,21.1608898,87.69,52.1379205,21.1609052,30,0.48,1.592,255,-0.1674,0.6696,-0.0369,0.055,2.982,2.758,-0.05,-1.89,319.96,0.03,0.0,0.03,0.04,99695,1507,3,0.34,0.07,0.01,-0.03,49,75,-216,0,3.04,-0.03,0.0193,0.0338,17.89,19.43,11.12
215.158,flow_only,69.801,52.1379299,21.1608885,87.69,52.1379205,21.1609052,30,0.48,1.592,255,0.0,0.5021,-0.017,0.0161,2.994,2.754,-0.29,-1.7,319.87,0.03,0.0,0.01,0.06,99695,1507,3,0.34,0.07,0.01,-0.03,49,-121,469,0,3.04,-0.03,0.0237,0.0417,17.47,18.35,11.69
215.258,flow_only,69.901,52.1379311,21.160887,87.69,52.1379227,21.1609024,30,0.48,1.557,255,0.0,0.3347,-0.0015,-0.0391,2.966,2.75,-0.27,-1.83,319.69,0.03,0.0,0.01,0.03,99695,1507,3,0.34,0.07,0.01,-0.03,49,-1,-197,0,3.04,-0.03,0.0039,0.0098,16.72,19.12,13.99
215.358,flow_only,70.001,52.1379321,21.1608858,87.68,52.1379227,21.1609024,30,0.48,1.557,255,0.0,0.502,-0.0113,0.0291,3.0,2.748,-0.25,-1.67,319.59,0.03,0.0,0.02,0.04,99695,1507,3,0.34,0.07,0.01,-0.03,49,1,-135,0,3.05,-0.02,0.0194,0.0357,19.16,23.11,13.39
215.458,flow_only,70.101,52.1379331,21.1608844,87.68,52.137925,21.1608996,30,0.48,1.602,255,0.0,0.3349,-0.0252,-0.0162,2.99,2.75,-0.36,-1.67,319.6,0.03,0.0,0.0,0.04,99695,1507,3,0.34,0.07,0.01,-0.03,49,25,-196,0,3.05,-0.01,0.0097,0.0192,16.99,21.04,13.16
215.558,flow_only,70.201,52.1379341,21.160883,87.69,52.137925,21.1608996,30,0.48,1.602,255,-0.1674,0.6697,-0.0349,-0.0904,2.988,2.754,-0.56,-1.96,319.66,0.03,0.0,0.01,0.04,99695,1507,3,0.34,0.07,0.01,-0.03,49,39,363,0,3.06,-0.01,0.013,0.0267,19.1,20.33,14.01
215.658,flow_only,70.301,52.1379351,21.1608815,87.69,52.1379273,21.1608968,30,0.48,1.572,255,0.0,0.5022,0.0802,0.0281,2.994,2.756,-0.3,-2.21,319.72,0.03,0.0,0.01,0.06,99695,1507,3,0.34,0.08,0.01,-0.03,49,-164,272,0,3.06,-0.01,0.0228,0.0406,19.53,21.17,14.32
215.758,flow_only,70.401,52.1379362,21.1608802,87.69,52.1379273,21.1608968,30,0.48,1.572,255,0.0,0.3348,-0.0068,0.063,2.99,2.757,-0.2,-1.92,319.9,0.03,0.0,0.0,0.04,99695,1507,3,0.34,0.08,0.01,-0.03,49,-34,-217,0,3.06,-0.02,0.018,0.0333,19.34,19.96,12.67
215.858,flow_only,70.501,52.1379373,21.1608789,87.69,52.1379295,21.160894,30,0.48,1.548,255,0.0,0.6697,-0.0391,-0.0113,2.992,2.757,-0.32,-1.84,320.04,0.03,0.0,0.01,0.04,99695,1507,3,0.34,0.08,0.01,-0.03,49,5,-41,0,3.06,-0.01,0.0091,0.0195,17.16,18.58,12.17
215.958,flow_only,70.601,52.1379384,21.1608775,87.69,52.1379295,21.160894,30,0.48,1.548,255,-0.1674,0.3347,-0.0087,-0.0338,3.01,2.759,-0.51,-1.98,320.09,0.03,0.0,0.0,0.06,99695,1507,3,0.34,0.08,0.01,-0.03,49,56,-148,0,3.06,-0.01,0.0189,0.0324,18.16,22.4,12.53
216.058,flow_only,70.701,52.1379394,21.1608763,87.69,52.1379316,21.1608912,30,0.48,1.54,255,-0.1673,0.3347,-0.0373,0.0131,2.998,2.759,-0.47,-1.88,320.16,0.03,0.0,0.0,0.04,99695,1507,3,0.34,0.08,0.01,-0.03,49,-19,333,0,3.06,-0.02,0.0106,0.0201,16.53,19.45,11.56
216.158,flow_only,70.801,52.1379404,21.1608751,87.7,52.1379316,21.1608912,30,0.48,1.54,255,-0.1674,0.6695,-0.0255,-0.1098,2.972,2.761,-0.66,-2.25,320.16,0.03,0.0,0.01,0.02,99695,1507,3,0.34,0.08,0.01,-0.03,49,-115,-109,0,3.07,-0.01,0.0305,0.0585,17.27,19.83,11.79
216.258,flow_only,70.901,52.1379415,21.1608741,87.7,52.1379338,21.1608882,30,0.48,1.598,255,0.0,0.3347,-0.0251,-0.0317,2.98,2.761,-0.71,-2.45,320.09,0.03,0.0,0.01,0.05,99695,1507,3,0.34,0.08,0.01,-0.03,49,13,-143,0,3.06,0.0,0.0302,0.0569,17.59,17.65,11.02
216.358,flow_only,71.001,52.1379425,21.1608729,87.69,52.1379338,21.1608882,30,0.48,1.598,255,0.0,0.3347,-0.0311,-0.0468,2.982,2.759,-0.88,-2.81,319.96,0.03,0.0,0.02,0.04,99695,1507,3,0.34,0.08,0.01,-0.03,49,48,234,0,3.05,0.0,0.0034,0.0103,16.99,17.3,11.77
216.458,flow_only,71.101,52.1379435,21.1608717,87.69,52.137936,21.1608855,30,0.48,1.531,255,-0.1675,0.6699,-0.0764,0.0006,2.998,2.759,-1.3,-2.87,319.87,0.03,0.0,0.03,0.06,99695,1507,3,0.34,0.08,0.01,-0.03,49,56,-123,0,3.07,0.0,0.015,0.0292,15.67,21.03,12.7
216.558,flow_only,71.201,52.1379444,21.1608705,87.7,52.137936,21.1608855,30,0.48,1.531,255,0.0,0.3347,-0.0313,-0.0069,3.01,2.761,-1.53,-2.88,319.8,0.03,0.0,0.01,0.06,99695,1507,3,0.34,0.08,0.01,-0.03,49,-116,-156,0,3.07,-0.01,0.0317,0.0606,16.1,18.65,11.52
216.658,flow_only,71.301,52.1379453,21.1608695,87.7,52.1379383,21.1608827,30,0.48,1.62,255,0.0,0.1674,-0.0115,-0.1095,2.994,2.764,-1.64,-3.27,319.68,0.03,0.0,0.0,0.04,99695,1507,3,0.34,0.07,0.01,-0.03,49,19,-111,0,3.07,-0.01,0.0381,0.0724,17.25,18.92,10.91
216.758,flow_only,71.401,52.1379462,21.1608683,87.7,52.1379383,21.1608827,30,0.48,1.62,255,0.0,0.3347,0.0093,-0.0575,2.988,2.764,-1.49,-3.64,319.54,0.03,0.0,0.02,0.06,99695,1507,3,0.34,0.07,0.01,-0.03,49,-25,-260,0,3.06,-0.01,0.025,0.0493,16.05,17.16,9.85
216.858,flow_only,71.501,52.1379471,21.1608671,87.7,52.1379405,21.1608796,30,0.48,1.642,255,0.0,0.3348,0.0217,0.0268,2.97,2.761,-1.42,-3.69,319.46,0.03,0.0,0.01,0.06,99695,1507,3,0.34,0.07,0.01,-0.03,49,7,209,0,3.05,-0.02,0.0057,0.0163,16.09,18.58,10.85
216.958,flow_only,71.601,52.1379481,21.1608657,87.69,52.1379405,21.1608796,30,0.48,1.642,255,0.0,0.8367,-0.0194,-0.0062,2.952,2.759,-1.52,-3.63,319.48,0.03,0.0,0.0,0.06,99695,1507,3,0.34,0.07,0.01,-0.03,49,27,161,0,3.06,0.0,0.0045,0.0106,17.93,18.54,8.87
217.058,flow_only,71.701,52.1379491,21.1608644,87.69,52.1379428,21.1608763,30,0.48,1.714,255,0.0,0.3349,0.0443,0.0299,2.966,2.755,-1.36,-3.7,319.47,0.03,0.0,0.05,0.04,99695,1507,3,0.34,0.07,0.01,-0.03,49,-36,-161,0,3.04,0.0,0.0178,0.0387,17.48,18.98,10.28
217.158,flow_only,71.801,52.1379502,21.1608629,87.69,52.1379428,21.1608763,30,0.48,1.714,255,0.1673,0.3347,0.0577,-0.0009,2.97,2.751,-1.1,-3.65,319.45,0.03,0.0,0.01,0.05,99695,1507,3,0.34,0.07,0.01,-0.03,49,116,288,0,3.05,0.0,0.0152,0.0249,16.88,18.07,9.61
217.258,flow_only,71.901,52.1379512,21.1608616,87.68,52.1379451,21.1608728,30,0.48,1.779,255,0.0,0.8367,-0.0169,0.0576,2.984,2.75,-0.93,-3.35,319.51,0.03,0.0,0.02,0.06,99695,1507,3,0.34,0.07,0.01,-0.03,49,-82,-225,0,3.04,-0.01,0.0176,0.0349,16.15,17.46,10.21
217.358,flow_only,72.001,52.1379522,21.1608603,87.69,52.1379451,21.1608728,30,0.48,1.779,255,0.0,0.3348,0.0092,0.065,2.982,2.75,-0.89,-2.91,319.61,0.03,0.0,0.01,0.04,99695,1507,3,0.34,0.07,0.01,-0.03,49,17,-99,0,3.05,0.0,0.0223,0.0425,19.29,16.47,12.57
217.458,flow_only,72.101,52.1379533,21.1608588,87.69,52.1379474,21.1608693,30,0.48,1.811,255,-0.1673,0.502,-0.0596,-0.0135,3.013,2.756,-1.2,-2.87,319.75,0.03,0.0,0.03,0.05,99695,1507,3,0.34,0.07,0.01,-0.03,49,32,-70,0,3.07,0.0,0.0076,0.0205,18.57,17.23,11.84
217.558,flow_only,72.201,52.1379543,21.1608573,87.7,52.1379474,21.1608693,30,0.48,1.811,255,0.0,0.3348,0.0359,0.0121,3.005,2.764,-1.24,-2.87,319.85,0.03,0.0,0.0,0.04,99695,1507,3,0.34,0.07,0.01,-0.03,49,15,-175,0,3.08,0.0,0.021,0.0395,17.2,19.5,11.96
217.658,flow_only,72.301,52.1379553,21.1608559,87.7,52.1379498,21.1608657,30,0.48,1.834,255,0.0,0.3347,0.0539,-0.0329,2.996,2.77,-0.96,-3.01,319.87,0.03,0.0,0.01,0.06,99695,1507,3,0.34,0.07,0.01,-0.03,49,95,311,0,3.07,-0.01,0.0159,0.0285,17.86,17.48,11.27
217.758,flow_only,72.401,52.1379564,21.1608543,87.71,52.1379498,21.1608657,30,0.48,1.834,255,0.0,1.0042,0.0219,-0.0164,2.998,2.774,-0.8,-3.05,319.84,0.03,0.0,0.01,0.05,99695,1507,3,0.34,0.07,0.01,-0.03,49,-54,-41,0,3.09,0.0,0.0084,0.019,16.94,18.37,13.13
217.858,flow_only,72.501,52.1379576,21.1608525,87.72,52.1379522,21.160862,30,0.48,1.849,255,0.0,1.0042,-0.004,0.0732,2.992,2.783,-0.53,-2.81,319.78,0.03,0.0,0.06,0.04,99695,1507,3,0.34,0.07,0.01,-0.03,49,-101,-97,0,3.11,0.03,0.0343,0.0697,17.46,17.92,12.75
217.958,flow_only,72.601,52.1379589,21.1608507,87.73,52.1379522,21.160862,30,0.48,1.849,255,0.1674,0.5021,0.0064,0.1469,2.99,2.793,-0.57,-2.14,319.76,0.03,0.0,0.0,0.04,99695,1507,3,0.34,0.07,0.01,-0.03,49,-10,-183,0,3.12,0.04,0.0378,0.0746,18.05,18.11,13.49
218.058,flow_only,72.701,52.1379602,21.1608489,87.73,52.1379547,21.1608583,30,0.48,1.888,255,0.0,0.502,-0.0546,0.1341,2.982,2.798,-0.82,-1.37,319.76,0.03,0.0,0.02,0.05,99695,1507,3,0.34,0.07,0.01,-0.03,49,29,475,0,3.11,0.02,0.0517,0.0974,17.98,18.23,12.05
218.158,flow_only,72.801,52.1379615,21.1608471,87.73,52.1379547,21.1608583,30,0.48,1.888,255,0.1673,0.502,0.0065,0.0512,2.988,2.799,-0.94,-0.96,319.66,0.03,0.0,0.0,0.05,99695,1507,3,0.34,0.07,0.01,-0.03,49,29,-183,0,3.1,0.03,0.0223,0.0471,18.13,17.54,11.3
218.258,flow_only,72.901,52.1379626,21.1608454,87.73,52.1379571,21.1608545,30,0.48,1.882,255,0.0,0.502,0.021,0.1241,2.998,2.797,-0.65,-0.27,319.68,0.03,0.0,0.01,0.04,99695,1507,3,0.34,0.07,0.01,-0.03,49,-70,-143,0,3.09,0.03,0.0031,0.0072,19.55,19.35,11.91
218.358,flow_only,73.001,52.1379638,21.160844,87.73,52.1379571,21.1608545,30,0.48,1.882,255,0.0,0.8367,0.0094,-0.048,3.0,2.797,-0.63,-0.16,319.71,0.03,0.0,0.03,0.05,99695,1507,3,0.34,0.07,0.01,-0.03,49,-24,385,0,3.1,0.02,0.0174,0.0368,18.75,18.55,10.69
218.458,flow_only,73.101,52.1379649,21.1608424,87.74,52.1379595,21.1608508,30,0.48,1.754,255,0.0,0.3347,-0.0317,-0.0614,2.988,2.8,-0.74,-0.61,319.66,0.03,0.0,0.0,0.03,99695,1507,3,0.34,0.08,0.01,-0.03,49,161,413,0,3.11,0.02,0.0353,0.068,18.51,16.45,10.77
218.558,flow_only,73.201,52.1379659,21.1608406,87.74,52.1379595,21.1608508,30,0.48,1.754,255,0.0,0.3347,0.0609,-0.0075,2.986,2.804,-0.79,-0.89,319.58,0.03,0.0,0.01,0.04,99695,1507,3,0.34,0.08,0.01,-0.03,49,20,-124,0,3.11,0.03,0.0212,0.0406,17.12,18.48,10.44
218.658,flow_only,73.301,52.1379669,21.160839,87.75,52.1379617,21.1608471,30,0.48,1.737,255,0.1674,1.0045,0.0427,0.008,2.974,2.811,-0.45,-0.77,319.54,0.03,0.0,0.04,0.05,99695,1507,3,0.34,0.08,0.01,-0.03,49,74,313,0,3.13,0.05,0.0238,0.0516,18.35,19.3,10.94
218.758,flow_only,73.401,52.1379679,21.1608373,87.75,52.1379617,21.1608471,30,0.48,1.737,255,0.0,0.3348,0.043,-0.0603,2.946,2.819,-0.2,-0.93,319.52,0.03,0.0,0.0,0.05,99695,1507,3,0.34,0.08,0.01,-0.03,49,95,-170,0,3.12,0.06,0.0188,0.0387,16.39,17.24,10.51
218.858,flow_only,73.501,52.1379688,21.1608355,87.76,52.1379638,21.1608436,30,0.48,1.605,255,0.0,0.3347,0.0294,-0.0415,2.948,2.825,0.02,-1.2,319.55,0.03,0.0,0.0,0.07,99695,1507,3,0.34,0.08,0.01,-0.03,49,94,412,0,3.12,0.07,0.0343,0.0685,17.21,18.52,10.44
218.958,flow_only,73.601,52.1379697,21.1608338,87.77,52.1379638,21.1608436,30,0.48,1.605,255,0.1673,0.8367,0.0964,0.0148,2.96,2.831,0.33,-1.39,319.7,0.03,0.0,0.01,0.04,99695,1507,3,0.34,0.08,0.01,-0.03,49,118,402,0,3.13,0.09,0.0348,0.0698,17.59,17.94,11.14
219.058,flow_only,73.701,52.1379707,21.1608321,87.77,52.1379659,21.1608403,30,0.48,1.684,255,0.0,0.3348,0.0042,0.0267,2.964,2.837,0.56,-1.22,319.9,0.03,0.0,0.0,0.06,99695,1507,3,0.34,0.08,0.01,-0.03,49,-124,-18,0,3.13,0.09,0.0128,0.0292,15.11,20.03,10.48
219.158,flow_only,73.801,52.1379718,21.1608303,87.78,52.1379659,21.1608403,30,0.48,1.684,255,0.0,0.3348,0.0245,-0.0475,2.968,2.841,0.72,-1.34,320.05,0.03,0.0,0.01,0.07,99695,1507,3,0.34,0.08,0.01,-0.03,49,-38,-3,0,3.12,0.07,0.0366,0.0687,16.3,18.81,10.82
219.258,flow_only,73.901,52.1379729,21.1608287,87.78,52.1379681,21.160837,30,0.48,1.598,255,0.1674,1.0045,0.0534,0.1314,2.952,2.843,1.04,-1.03,320.17,0.03,0.0,0.01,0.06,99695,1507,3,0.34,0.07,0.01,-0.03,49,-64,-148,0,3.12,0.06,0.0054,0.0154,17.17,17.93,10.89
219.358,flow_only,74.001,52.1379738,21.1608272,87.78,52.1379681,21.160837,30,0.48,1.598,255,0.0,0.5021,-0.071,0.0078,2.946,2.844,0.77,-0.61,320.29,0.03,0.0,0.0,0.05,99695,1507,3,0.34,0.07,0.01,-0.03,49,28,252,0,3.11,0.07,0.0112,0.0251,14.5,17.4,10.74
219.458,flow_only,74.101,52.1379747,21.1608259,87.78,52.1379702,21.1608339,30,0.48,1.601,255,0.0,0.3347,-0.0071,-0.1052,2.94,2.844,0.57,-1.06,320.29,0.03,0.0,0.01,0.06,99695,1507,3,0.34,0.08,0.01,-0.03,49,-125,-59,0,3.1,0.07,0.0141,0.0268,15.72,17.49,10.25
219.558,flow_only,74.201,52.1379757,21.1608247,87.78,52.1379702,21.1608339,30,0.48,1.601,255,0.0,0.8367,0.003,-0.0405,2.934,2.845,0.74,-1.27,320.25,0.03,0.0,0.02,0.05,99695,1507,3,0.34,0.08,0.01,-0.03,49,-53,-96,0,3.11,0.09,0.021,0.0378,15.14,20.06,12.25
219.658,flow_only,74.301,52.1379767,21.1608234,87.79,52.1379724,21.1608309,30,0.48,1.627,255,0.0,0.3347,-0.0661,-0.0606,2.95,2.851,0.38,-1.59,320.34,0.03,0.0,0.02,0.06,99695,1507,3,0.34,0.08,0.01,-0.03,49,85,-77,0,3.13,0.09,0.012,0.0234,16.98,17.43,9.23
219.758,flow_only,74.401,52.1379777,21.1608221,87.8,52.1379724,21.1608309,30,0.48,1.627,255,0.0,0.3349,-0.0598,-0.0617,2.944,2.86,-0.05,-2.08,320.34,0.03,0.0,0.02,0.06,99695,1507,3,0.34,0.08,0.01,-0.03,49,-91,-51,0,3.13,0.11,0.0058,0.0151,17.16,15.69,10.42
219.858,flow_only,74.501,52.1379788,21.1608209,87.8,52.1379746,21.160828,30,0.48,1.515,255,-0.1673,0.3347,-0.0648,-0.0451,2.94,2.869,-0.38,-2.28,320.35,0.03,0.0,0.0,0.07,99695,1507,3,0.34,0.08,0.01,-0.03,49,-89,-70,0,3.13,0.1,0.0148,0.0267,17.12,17.24,11.59
219.958,flow_only,74.601,52.1379799,21.1608197,87.81,52.1379746,21.160828,30,0.48,1.515,255,0.0,0.3347,-0.0121,0.0766,2.95,2.876,-0.37,-2.17,320.4,0.03,0.0,0.0,0.05,99695,1507,3,0.34,0.08,0.01,-0.03,49,-99,-253,0,3.14,0.1,0.0116,0.023,19.33,17.74,12.49
220.058,flow_only,74.701,52.137981,21.1608185,87.82,52.1379767,21.1608251,30,0.48,1.545,255,-0.1674,0.837,-0.0782,0.0377,2.94,2.883,-0.77,-1.82,320.52,0.03,0.0,0.0,0.05,99695,1507,3,0.34,0.08,0.01,-0.03,49,72,308,0,3.13,0.11,0.0118,0.0214,18.07,19.14,11.81
220.158,flow_only,74.801,52.137982,21.1608172,87.82,52.1379767,21.1608251,30,0.48,1.545,255,0.0,0.3348,-0.0517,-0.0244,2.944,2.887,-1.19,-1.93,320.57,0.03,0.0,0.0,0.04,99695,1507,3,0.34,0.08,0.01,-0.03,49,-66,385,0,3.13,0.11,0.0249,0.0457,16.71,17.84,10.9
220.258,flow_only,74.901,52.1379831,21.1608158,87.83,52.137979,21.1608222,30,0.48,1.58,255,0.0,0.3348,0.0472,-0.0244,2.938,2.892,-1.19,-2.18,320.5,0.03,0.0,0.0,0.04,99695,1507,3,0.34,0.08,0.01,-0.03,49,64,-81,0,3.13,0.11,0.0123,0.0232,14.84,17.64,10.91
220.358,flow_only,75.001,52.1379841,21.1608143,87.83,52.137979,21.1608222,30,0.48,1.58,255,0.0,0.8366,0.0289,0.0308,2.95,2.894,-1.0,-2.09,320.42,0.03,0.0,0.02,0.06,99695,1507,3,0.34,0.08,0.01,-0.03,49,-20,24,0,3.13,0.1,0.0211,0.0412,16.69,20.29,11.07
220.458,flow_only,75.101,52.1379853,21.1608127,87.83,52.1379812,21.1608194,30,0.48,1.576,255,0.0,0.502,0.0211,0.0461,2.948,2.894,-0.76,-1.81,320.39,0.03,0.0,0.0,0.04,99695,1507,3,0.34,0.07,0.01,-0.03,49,-34,-199,0,3.12,0.09,0.0205,0.041,17.86,19.9,10.88
220.558,flow_only,75.201,52.1379864,21.1608112,87.82,52.1379812,21.1608194,30,0.48,1.576,255,0.1673,0.3347,0.0318,0.0295,2.936,2.889,-0.71,-1.73,320.27,0.03,0.0,0.07,0.04,99695,1507,3,0.34,0.07,0.01,-0.03,49,167,151,0,3.09,0.09,0.0275,0.0622,16.7,17.84,9.98
220.658,flow_only,75.301,52.1379875,21.1608096,87.81,52.1379834,21.1608165,30,0.48,1.501,255,0.0,0.8367,0.0123,0.0938,2.928,2.879,-0.53,-1.31,320.17,0.03,0.0,0.03,0.04,99695,1507,3,0.34,0.07,0.01,-0.03,49,-33,-195,0,3.08,0.04,0.0097,0.0395,16.62,16.07,10.02
220.758,flow_only,75.401,52.1379886,21.1608081,87.8,52.1379834,21.1608165,30,0.48,1.501,255,0.0,0.5022,-0.0104,0.0501,2.936,2.869,-0.43,-0.88,320.09,0.03,0.0,0.01,0.04,99695,1507,3,0.34,0.07,0.01,-0.03,49,-17,-72,0,3.07,0.05,0.0115,0.0379,16.74,17.63,10.93
220.858,flow_only,75.501,52.1379897,21.1608064,87.8,52.1379855,21.1608138,30,0.48,1.5,255,0.0,0.3347,-0.0487,-0.0311,2.934,2.864,-0.7,-0.88,319.95,0.03,0.0,0.02,0.05,99695,1507,3,0.34,0.07,0.01,-0.03,49,41,-19,0,3.08,0.06,0.0247,0.0514,16.52,19.23,10.34
220.958,flow_only,75.601,52.1379908,21.1608048,87.8,52.1379855,21.1608138,30,0.48,1.5,255,0.0,0.6696,0.0835,0.0512,2.952,2.865,-0.48,-0.84,319.72,0.03,0.0,0.01,0.04,99695,1507,3,0.34,0.07,0.01,-0.03,49,-142,234,0,3.09,0.07,0.02,0.04,15.64,17.1,10.9
221.058,flow_only,75.701,52.1379919,21.1608034,87.8,52.1379876,21.160811,30,0.48,1.533,255,0.0,0.3348,0.0328,0.0409,2.968,2.867,-0.23,-0.65,319.54,0.03,0.0,0.02,0.04,99695,1507,3,0.34,0.07,0.01,-0.03,49,-37,-18,0,3.08,0.04,0.0106,0.023,15.46,19.21,11.85
221.158,flow_only,75.801,52.1379928,21.160802,87.8,52.1379876,21.160811,30,0.48,1.533,255,0.0,0.3348,-0.0606,0.0232,2.952,2.866,-0.33,-0.42,319.39,0.03,0.0,0.02,0.03,99695,1507,3,0.34,0.07,0.01,-0.03,49,0,-184,0,3.07,0.03,0.0261,0.0479,16.4,17.91,10.19
221.258,flow_only,75.901,52.1379938,21.1608006,87.8,52.1379897,21.1608083,30,0.48,1.426,255,-0.1673,0.1673,-0.0341,-0.111,2.942,2.865,-0.63,-0.72,319.25,0.03,0.0,0.0,0.03,99695,1507,3,0.34,0.07,0.01,-0.03,49,67,-108,0,3.08,0.04,0.0141,0.0286,16.19,17.88,10.27
221.358,flow_only,76.001,52.1379947,21.1607994,87.8,52.1379897,21.1608083,30,0.48,1.426,255,0.0,0.5019,0.0576,-0.038,2.947,2.864,-0.35,-1.03,319.08,0.03,0.0,0.01,0.05,99695,1507,3,0.34,0.07,0.01,-0.03,49,-31,-51,0,3.07,0.04,0.0228,0.0445,18.61,17.11,10.29
221.458,flow_only,76.101,52.1379956,21.1607982,87.8,52.1379917,21.1608056,30,0.48,1.436,255,0.0,0.6694,0.0375,-0.0421,2.928,2.862,-0.18,-1.31,318.98,0.03,0.0,0.01,0.04,99695,1507,3,0.34,0.07,0.01,-0.03,49,11,277,0,3.07,0.04,0.0145,0.0257,18.06,20.69,10.94
221.558,flow_only,76.201,52.1379967,21.1607969,87.8,52.1379917,21.1608056,30,0.48,1.436,255,0.0,0.6694,-0.0314,-0.0332,2.954,2.862,-0.27,-1.55,318.93,0.03,0.0,0.0,0.04,99695,1507,3,0.34,0.07,0.01,-0.03,49,46,-74,0,3.07,0.05,0.0055,0.014,18.47,17.91,12.24
221.658,flow_only,76.301,52.1379976,21.1607957,87.79,52.1379937,21.1608031,30,0.48,1.368,255,0.0,0.502,-0.0717,-0.0071,2.924,2.858,-0.57,-1.62,318.94,0.03,0.0,0.06,0.06,99695,1507,3,0.34,0.07,0.01,-0.03,49,55,-76,0,3.05,0.02,0.013,0.0351,17.27,17.45,11.26
221.758,flow_only,76.401,52.1379984,21.1607946,87.79,52.1379937,21.1608031,30,0.48,1.368,255,0.0,0.3347,0.0168,-0.0617,2.94,2.855,-0.71,-1.78,318.98,0.03,0.0,0.01,0.04,99695,1507,3,0.34,0.07,0.01,-0.03,49,-86,-105,0,3.06,0.02,0.0367,0.0718,16.25,15.47,10.18
221.858,flow_only,76.501,52.1379992,21.1607935,87.79,52.1379957,21.1608005,30,0.48,1.429,255,0.0,0.3347,0.0126,-0.1231,2.948,2.856,-0.65,-2.35,319.01,0.03,0.0,0.0,0.05,99695,1507,3,0.34,0.07,0.01,-0.03,49,9,152,0,3.07,0.05,0.0189,0.0399,18.19,16.71,10.63
221.958,flow_only,76.601,52.138,21.1607924,87.79,52.1379957,21.1608005,30,0.48,1.429,255,0.0,0.3347,0.0869,-0.0685,2.958,2.86,-0.36,-3.08,319.04,0.03,0.0,0.0,0.03,99695,1507,3,0.34,0.07,0.01,-0.03,49,-174,-98,0,3.07,0.04,0.0255,0.0542,17.37,17.74,10.06
222.058,flow_only,76.701,52.1380009,21.1607915,87.8,52.1379977,21.1607978,30,0.48,1.456,255,0.0,0.6693,-0.0442,0.0392,2.946,2.862,-0.29,-3.01,319.22,0.03,0.0,0.03,0.04,99695,1507,3,0.34,0.07,0.01,-0.03,49,-18,-89,0,3.07,0.02,0.0385,0.0804,14.69,21.34,12.4
222.158,flow_only,76.801,52.1380018,21.1607905,87.8,52.1379977,21.1607978,30,0.48,1.456,255,0.0,0.3346,-0.0178,0.0285,2.95,2.861,-0.6,-2.88,319.38,0.03,0.0,0.01,0.03,99695,1507,3,0.34,0.07,0.01,-0.03,49,98,-130,0,3.06,0.02,0.022,0.0475,15.14,21.21,12.33
222.258,flow_only,76.901,52.1380026,21.1607894,87.8,52.1379997,21.1607951,30,0.48,1.392,255,0.0,0.502,-0.0036,0.0999,2.91,2.861,-0.62,-2.49,319.6,0.03,0.0,0.0,0.04,99695,1507,3,0.34,0.07,0.01,-0.03,49,25,-133,0,3.07,0.04,0.0255,0.0529,15.22,21.19,12.91
222.358,flow_only,77.001,52.1380035,21.1607883,87.8,52.1379997,21.1607951,30,0.48,1.392,255,0.0,0.8371,0.0058,0.1367,2.938,2.863,-0.57,-1.7,319.82,0.03,0.0,0.0,0.06,99695,1507,3,0.34,0.07,0.01,-0.03,49,-4,-66,0,3.07,0.05,0.0224,0.047,19.22,20.89,11.38
222.458,flow_only,77.101,52.1380043,21.1607872,87.8,52.1380016,21.1607924,30,0.48,1.472,255,0.0,0.3347,0.0585,0.0794,2.964,2.866,-0.42,-1.11,320.07,0.03,0.0,0.01,0.04,99695,1507,3,0.34,0.08,0.01,-0.03,49,-5,-87,0,3.07,0.07,0.0268,0.0556,18.82,19.67,10.61
222.558,flow_only,77.201,52.1380052,21.1607859,87.8,52.1380016,21.1607924,30,0.48,1.472,255,0.0,0.5022,-0.0202,0.1815,2.997,2.867,-0.15,-0.27,320.31,0.03,0.0,0.03,0.04,99695,1507,3,0.34,0.08,0.01,-0.03,49,72,-62,0,3.06,0.01,0.0079,0.0146,19.7,20.23,11.17
222.658,flow_only,77.301,52.138006,21.1607847,87.8,52.1380037,21.1607896,30,0.48,1.491,255,0.0,0.5021,-0.031,0.1497,3.0,2.867,-0.43,0.71,320.42,0.03,0.0,0.0,0.04,99695,1507,3,0.34,0.07,0.01,-0.03,49,58,-308,0,3.06,0.0,0.0277,0.0536,16.14,19.51,12.36
222.758,flow_only,77.401,52.1380068,21.1607837,87.8,52.1380037,21.1607896,30,0.48,1.491,255,0.1674,0.5021,-0.0027,0.196,3.004,2.867,-0.29,1.86,320.46,0.03,0.0,0.0,0.04,99695,1507,3,0.34,0.07,0.01,-0.03,49,-48,221,0,3.07,0.0,0.006,0.0146,16.19,19.01,11.17
222.858,flow_only,77.501,52.1380075,21.1607827,87.8,52.1380057,21.1607868,30,0.48,1.472,255,0.0,0.6695,-0.041,0.0989,3.02,2.869,-0.51,2.62,320.48,0.03,0.0,0.0,0.04,99695,1507,3,0.34,0.07,0.01,-0.03,49,41,-64,0,3.08,0.0,0.0172,0.0338,18.03,19.58,12.64
222.958,flow_only,77.601,52.1380082,21.1607816,87.8,52.1380057,21.1607868,30,0.48,1.472,255,0.0,0.6694,0.002,0.1068,3.022,2.868,-0.51,3.24,320.47,0.03,0.0,0.02,0.04,99695,1507,3,0.34,0.07,0.01,-0.03,49,-1,-167,0,3.07,-0.01,0.0138,0.0276,18.44,20.3,11.16
223.058,flow_only,77.701,52.1380089,21.1607806,87.8,52.1380076,21.1607841,30,0.48,1.294,255,0.0,0.3348,0.0364,0.1707,3.048,2.866,-0.3,4.14,320.51,0.03,0.0,0.01,0.04,99695,1507,3,0.34,0.07,0.01,-0.03,49,-41,-18,0,3.07,-0.02,0.0049,0.0079,17.88,21.81,11.46
223.158,flow_only,77.801,52.1380096,21.1607797,87.8,52.1380076,21.1607841,30,0.48,1.294,255,0.0,0.5021,-0.0081,0.0947,3.052,2.862,-0.37,4.86,320.51,0.03,0.0,0.01,0.05,99695,1507,3,0.34,0.07,0.01,-0.03,49,192,197,0,3.07,-0.04,0.0235,0.0477,16.71,19.25,11.33
223.258,flow_only,77.901,52.1380101,21.1607787,87.8,52.1380092,21.1607819,30,0.48,1.081,255,0.0,0.3347,0.0088,0.1329,3.05,2.86,-0.2,5.52,320.52,0.03,0.0,0.02,0.04,99695,1507,3,0.34,0.08,0.01,-0.03,49,-14,-78,0,3.08,-0.04,0.0108,0.0265,16.51,20.82,11.32
223.358,flow_only,78.001,52.1380105,21.1607779,87.79,52.1380092,21.1607819,30,0.48,1.081,255,0.0,0.1673,0.0009,0.0059,3.024,2.853,-0.34,5.95,320.49,0.03,0.0,0.07,0.04,99695,1507,3,0.34,0.08,0.01,-0.03,49,26,11,0,3.05,-0.05,0.0176,0.0416,20.78,21.03,11.09
223.458,flow_only,78.101,52.1380109,21.1607773,87.77,52.1380106,21.1607801,30,0.48,0.81,255,0.0,0.3347,0.0585,-0.0228,3.026,2.837,0.04,5.87,320.37,0.03,0.0,0.05,0.05,99695,1507,3,0.34,0.08,0.01,-0.03,49,-53,106,0,3.03,-0.06,0.0094,0.0335,19.78,20.33,11.17
223.558,flow_only,78.201,52.1380112,21.1607767,87.76,52.1380106,21.1607801,30,0.48,0.81,255,0.0,0.1674,0.0157,-0.1378,3.036,2.821,0.11,5.33,320.21,0.03,0.0,0.02,0.03,99695,1507,3,0.34,0.08,0.01,-0.03,49,-14,1,0,3.02,-0.06,0.0078,0.0287,20.42,22.03,13.08
223.658,flow_only,78.301,52.1380113,21.1607762,87.74,52.1380115,21.1607788,30,0.48,0.662,255,0.0,0.0,0.0253,-0.1784,3.042,2.806,0.2,4.42,320.06,0.03,0.0,0.02,0.05,99695,1507,3,0.34,0.07,0.01,-0.03,49,-15,-15,0,3.01,-0.08,0.0125,0.0342,18.6,21.0,11.67
223.758,flow_only,78.401,52.1380115,21.1607758,87.73,52.1380115,21.1607788,30,0.48,0.662,255,0.1673,0.1673,0.0642,-0.0808,3.045,2.791,0.58,3.74,319.98,0.03,0.0,0.02,0.05,99695,1507,3,0.34,0.07,0.01,-0.03,49,-63,35,0,3.0,-0.09,0.0041,0.0199,16.57,19.0,13.18
223.858,flow_only,78.501,52.1380116,21.1607756,87.71,52.1380123,21.1607776,30,0.48,0.476,255,0.0,0.0,-0.0298,-0.1487,3.03,2.776,0.47,3.1,320.01,0.03,0.0,0.04,0.05,99695,1507,3,0.34,0.09,0.01,-0.03,49,36,-2,0,2.99,-0.12,0.0056,0.0219,17.23,20.96,12.65
223.958,flow_only,78.6,52.1380118,21.1607755,87.69,52.1380123,21.1607776,30,0.48,0.476,255,0.0,0.0,0.0075,-0.12,3.01,2.758,0.51,2.29,319.99,0.03,0.0,0.05,0.04,99695,1507,3,0.34,0.09,0.01,-0.03,49,-5,80,0,2.97,-0.15,0.0177,0.0392,19.82,23.14,11.6
224.058,flow_only,78.7,52.138012,21.1607754,87.67,52.1380129,21.160777,30,0.48,0.292,255,-0.1673,0.0,-0.0547,-0.081,2.988,2.74,0.23,1.78,320.07,0.03,0.0,0.05,0.04,99695,1507,3,0.34,0.08,0.01,-0.03,49,77,28,0,2.95,-0.14,0.0156,0.0402,16.22,24.0,11.88
224.157,flow_only,78.8,52.1380121,21.1607753,87.66,52.1380129,21.160777,30,0.48,0.292,255,0.0,-0.1674,-0.0404,-0.0943,2.976,2.725,-0.02,1.24,320.05,0.03,0.0,0.0,0.04,99695,1507,3,0.34,0.08,0.01,-0.03,49,-98,54,0,2.95,-0.13,0.0245,0.0479,15.89,22.27,11.87
224.258,flow_only,78.9,52.1380123,21.1607754,87.65,52.1380133,21.1607767,30,0.48,0.248,255,0.0,0.0,-0.0456,-0.0403,2.988,2.714,-0.31,0.84,320.06,0.03,0.0,0.01,0.04,99695,1507,3,0.34,0.08,0.01,-0.03,49,88,37,0,2.95,-0.1,0.0232,0.0453,16.49,20.24,13.03
224.357,flow_only,79.0,52.1380125,21.1607753,87.64,52.1380133,21.1607767,30,0.48,0.248,255,-0.1674,0.0,-0.0207,-0.0581,2.992,2.704,-0.53,0.47,319.98,0.03,0.0,0.04,0.04,99695,1507,3,0.34,0.08,0.01,-0.03,49,81,20,0,2.93,-0.13,0.0155,0.0358,15.48,20.75,10.99
224.457,flow_only,79.1,52.1380127,21.1607754,87.63,52.1380137,21.1607766,30,0.48,0.177,255,0.0,-0.1673,-0.0174,-0.0254,3.016,2.692,-0.73,0.21,319.97,0.03,0.0,0.04,0.04,99695,1507,3,0.34,0.09,0.01,-0.03,49,-98,40,0,2.92,-0.15,0.0234,0.0512,15.01,22.0,12.43
224.557,flow_only,79.2,52.1380128,21.1607753,87.61,52.1380137,21.1607766,30,0.48,0.177,255,0.0,0.0,-0.0599,-0.0177,3.008,2.679,-0.97,0.06,319.94,0.03,0.0,0.04,0.04,99695,1507,3,0.34,0.09,0.01,-0.03,49,43,9,0,2.91,-0.15,0.0141,0.0369,13.6,21.41,11.38
224.657,flow_only,79.3,52.138013,21.1607752,87.6,52.1380139,21.1607767,30,0.48,0.102,255,-0.1674,0.0,0.031,-0.0145,3.02,2.665,-1.08,-0.08,319.91,0.03,0.0,0.04,0.07,99695,1507,3,0.34,0.08,0.01,-0.03,49,58,178,0,2.9,-0.19,0.0244,0.0554,15.19,21.45,13.07
224.758,flow_only,79.4,52.1380131,21.160775,87.59,52.1380139,21.1607767,30,0.48,0.102,255,0.0,0.0,-0.0174,0.0954,3.018,2.65,-0.93,0.27,319.95,0.03,0.0,0.04,0.09,99695,1507,3,0.34,0.08,0.01,-0.03,49,-51,-49,0,2.88,-0.21,0.013,0.0387,15.58,25.93,11.42
224.858,flow_only,79.501,52.1380131,21.1607748,87.57,52.138014,21.1607767,30,0.48,0.081,255,0.0,0.0,0.0447,-0.0162,3.01,2.638,-0.95,0.41,319.97,0.03,0.0,0.0,0.13,99695,1507,3,0.34,0.12,0.01,-0.03,49,37,-58,0,2.89,-0.21,0.0085,0.0266,18.54,22.89,10.83
224.957,flow_only,79.6,52.1380132,21.1607747,87.56,52.138014,21.1607767,30,0.48,0.081,255,0.1674,0.1674,0.0294,0.0659,3.017,2.629,-0.56,0.7,320.05,0.03,0.0,0.02,0.12,99695,1507,3,0.34,0.12,0.01,-0.03,49,-83,-41,0,2.89,-0.21,0.005,0.0116,20.54,16.97,9.08
225.057,flow_only,79.7,52.1380132,21.1607746,87.55,52.1380141,21.1607768,30,0.48,0.049,255,0.0,0.0,0.0104,-0.0419,3.018,2.619,-0.61,0.74,320.14,0.03,0.0,0.03,0.14,99695,1507,3,0.34,0.13,0.01,-0.03,49,22,-19,0,2.88,-0.21,0.0094,0.028,23.03,17.88,10.98
225.157,flow_only,79.8,52.1380132,21.1607745,87.54,52.1380141,21.1607768,30,0.48,0.049,255,0.1673,0.0,0.0371,0.0091,3.034,2.608,-0.31,0.69,320.21,0.03,0.0,0.04,0.01,99695,1507,3,0.34,0.13,0.01,-0.03,49,-15,53,0,2.87,-0.23,0.0068,0.0225,21.09,21.39,9.56
225.257,flow_only,79.9,52.1380132,21.1607745,87.53,52.1380141,21.1607769,30,0.48,0.048,255,0.1673,0.0,0.0226,-0.0159,3.044,2.598,-0.14,0.74,320.3,0.03,0.0,0.0,0.04,99695,1507,3,0.34,0.14,0.01,-0.03,49,-20,-6,0,2.87,-0.23,0.0034,0.0078,19.94,18.06,10.95
225.357,flow_only,80.0,52.1380132,21.1607745,87.53,52.1380141,21.1607769,30,0.48,0.048,255,0.0,0.0,-0.0229,-0.0204,3.052,2.591,-0.12,0.62,320.37,0.03,0.0,0.0,0.04,99695,1507,3,0.34,0.14,0.01,-0.03,49,-10,40,0,2.88,-0.25,0.0057,0.0124,19.9,16.69,10.75
225.458,flow_only,80.1,52.1380132,21.1607746,87.52,52.1380141,21.1607771,30,0.48,0.055,255,-0.1673,0.0,-0.0171,-0.0549,3.052,2.586,-0.28,0.45,320.43,0.03,0.0,0.01,0.03,99695,1507,3,0.34,0.14,0.01,-0.03,49,-123,48,0,2.87,-0.25,0.0139,0.0283,18.13,16.9,9.46
225.557,flow_only,80.2,52.1380132,21.1607748,87.52,52.1380141,21.1607771,30,0.48,0.055,255,0.0,-0.1673,-0.0102,0.0014,3.06,2.581,-0.23,0.34,320.44,0.03,0.0,0.0,0.04,99695,1507,3,0.34,0.14,0.01,-0.03,49,2,-85,0,2.88,-0.25,0.0117,0.0267,18.07,17.31,11.11
225.657,flow_only,80.3,52.1380131,21.160775,87.51,52.1380141,21.1607772,30,0.48,0.061,255,0.0,0.0,-0.0503,-0.0372,3.068,2.58,-0.52,0.31,320.5,0.03,0.0,0.02,0.04,99695,1507,3,0.34,0.13,0.01,-0.03,49,61,44,0,2.9,-0.24,0.0048,0.0235,13.29,16.15,10.99
225.758,flow_only,80.4,52.138013,21.160775,87.51,52.1380141,21.1607772,30,0.48,0.061,255,0.0,-0.1673,-0.0154,-0.0421,3.094,2.578,-0.64,0.03,320.49,0.03,0.0,0.02,0.04,99695,1507,3,0.34,0.13,0.01,-0.03,49,36,-76,0,2.9,-0.25,0.0092,0.019,16.06,14.98,10.91
225.858,flow_only,80.501,52.1380129,21.1607751,87.51,52.138014,21.1607775,30,0.48,0.084,255,0.0,0.0,0.0212,-0.0278,3.114,2.574,-0.65,-0.08,320.5,0.03,0.0,0.0,0.02,99695,1507,3,0.34,0.09,0.01,-0.03,49,21,99,0,2.9,-0.27,0.0073,0.0185,17.87,14.18,10.21
225.958,flow_only,80.6,52.1380129,21.1607752,87.5,52.138014,21.1607775,30,0.48,0.084,255,0.0,0.0,0.0283,-0.0457,3.132,2.567,-0.49,-0.31,320.47,0.03,0.0,0.03,0.04,99695,1507,3,0.34,0.09,0.01,-0.03,49,-24,97,0,2.89,-0.29,0.0026,0.0044,19.27,14.14,11.53
226.058,flow_only,80.7,52.1380127,21.1607754,87.49,52.138014,21.1607777,30,0.48,0.162,255,0.1674,0.0,0.0366,0.0007,3.134,2.557,-0.25,-0.37,320.46,0.03,0.0,0.01,0.02,99695,1507,3,0.34,0.11,0.01,-0.03,49,-23,-64,0,2.89,-0.31,0.01,0.0209,15.94,19.27,10.58
226.157,flow_only,80.8,52.1380126,21.1607755,87.48,52.138014,21.1607777,30,0.48,0.162,255,0.0,0.0,-0.0126,-0.0487,3.13,2.545,-0.26,-0.54,320.42,0.03,0.0,0.02,0.04,99695,1507,3,0.34,0.11,0.01,-0.03,49,157,-97,0,2.89,-0.33,0.0212,0.0378,17.2,20.35,11.25
226.257,flow_only,80.9,52.1380125,21.1607755,87.47,52.1380138,21.1607781,30,0.48,0.148,255,0.1674,0.0,0.0679,-0.0109,3.122,2.53,-0.11,-0.87,320.38,0.03,0.0,0.03,0.04,99695,1507,3,0.34,0.13,0.01,-0.03,49,-149,141,0,2.87,-0.33,0.0073,0.0118,15.33,22.32,11.03
226.358,flow_only,81.0,52.1380124,21.1607756,87.45,52.1380138,21.1607781,30,0.48,0.148,255,0.0,0.0,-0.034,0.016,3.124,2.514,-0.12,-0.76,320.37,0.03,0.0,0.01,0.05,99695,1507,3,0.34,0.13,0.01,-0.03,49,-1,13,0,2.87,-0.34,0.0053,0.0124,18.3,18.38,8.51
226.458,flow_only,81.1,52.1380123,21.1607757,87.43,52.1380137,21.1607784,30,0.48,0.138,255,0.0,0.0,0.0546,-0.0214,3.132,2.499,-0.12,-1.03,320.34,0.03,0.0,0.0,0.06,99695,1507,3,0.34,0.1,0.01,-0.03,49,42,99,0,2.87,-0.34,0.0079,0.0144,21.34,21.38,9.01
226.558,flow_only,81.2,52.1380123,21.1607757,87.42,52.1380137,21.1607784,30,0.48,0.138,255,0.0,0.0,-0.0442,0.0423,3.13,2.487,-0.14,-0.81,320.39,0.03,0.0,0.0,0.04,99695,1507,3,0.34,0.1,0.01,-0.03,49,3,-14,0,2.86,-0.34,0.0067,0.0142,19.46,17.76,8.65
226.658,flow_only,81.3,52.1380123,21.1607758,87.41,52.1380136,21.1607786,30,0.48,0.087,255,0.0,0.0,0.0422,0.0002,3.134,2.476,-0.16,-0.91,320.34,0.03,0.0,0.0,0.04,99695,1507,3,0.34,0.06,0.01,-0.03,49,23,82,0,2.87,-0.35,0.0111,0.0221,20.28,16.25,9.4
226.758,flow_only,81.4,52.1380123,21.1607758,87.4,52.1380136,21.1607786,30,0.48,0.087,255,0.0,0.0,-0.0493,0.0606,3.142,2.465,-0.25,-0.63,320.39,0.03,0.0,0.01,0.03,99695,1507,3,0.34,0.06,0.01,-0.03,49,31,-21,0,2.86,-0.35,0.0053,0.0135,14.86,25.66,10.4
226.858,flow_only,81.5,52.1380123,21.1607758,87.39,52.1380135,21.1607788,30,0.48,0.114,255,0.0,0.0,0.0075,-0.0286,3.142,2.457,-0.4,-0.68,320.4,0.03,0.0,0.01,0.05,99695,1507,3,0.34,0.1,0.01,-0.03,49,59,-14,0,2.87,-0.35,0.0057,0.0196,13.88,22.08,9.79
226.958,flow_only,81.6,52.1380123,21.1607758,87.39,52.1380135,21.1607788,30,0.48,0.114,255,0.0,0.0,-0.0019,0.0251,3.14,2.45,-0.28,-0.56,320.42,0.03,0.0,0.02,0.04,99695,1507,3,0.34,0.1,0.01,-0.03,49,-16,19,0,2.88,-0.34,0.0071,0.0275,15.84,15.56,9.72
227.057,flow_only,81.7,52.1380122,21.1607758,87.38,52.1380134,21.1607791,30,0.48,0.129,255,0.0,0.0,0.0001,0.0327,3.142,2.447,-0.16,-0.37,320.47,0.03,0.0,0.03,0.05,99695,1507,3,0.34,0.07,0.01,-0.03,49,-1,-2,0,2.88,-0.34,0.0067,0.0345,15.18,15.6,8.43
227.158,flow_only,81.8,52.1380122,21.1607758,87.38,52.1380134,21.1607791,30,0.48,0.129,255,0.0,0.0,-0.0293,-0.0546,3.134,2.445,-0.36,-0.4,320.5,0.03,0.0,0.0,0.04,99695,1507,3,0.34,0.07,0.01,-0.03,49,46,-3,0,2.89,-0.33,0.0065,0.0299,14.46,13.31,7.48
227.258,flow_only,81.9,52.1380123,21.1607759,87.38,52.1380133,21.1607793,30,0.48,0.097,255,0.0,-0.1673,0.0434,0.0381,3.14,2.442,-0.05,-0.49,320.5,0.03,0.0,0.02,0.04,99695,1507,3,0.34,0.07,0.01,-0.03,49,-37,82,0,2.89,-0.32,0.0137,0.0399,15.34,14.35,10.86
227.358,flow_only,82.0,52.1380123,21.160776,87.37,52.1380133,21.1607793,30,0.48,0.097,255,0.0,0.0,-0.0812,0.0153,3.14,2.44,-0.39,-0.31,320.59,0.03,0.0,0.0,0.04,99695,1507,3,0.34,0.07,0.01,-0.03,49,66,-28,0,2.89,-0.33,0.0082,0.0327,15.82,22.06,10.1
227.457,flow_only,82.1,52.1380123,21.160776,87.37,52.1380132,21.1607796,30,0.49,0.142,255,0.0,0.0,-0.0037,-0.0053,3.14,2.435,-0.59,-0.45,320.61,0.03,0.0,0.01,0.04,99695,1507,3,0.34,0.06,0.01,-0.03,49,68,65,0,2.88,-0.34,0.0084,0.0235,18.1,21.73,8.7
227.558,flow_only,82.2,52.1380123,21.160776,87.36,52.1380132,21.1607796,30,0.49,0.142,255,-0.1674,-0.1674,0.004,0.0176,3.142,2.426,-0.66,-0.44,320.67,0.03,0.0,0.01,0.04,99695,1507,3,0.34,0.06,0.01,-0.03,49,43,20,0,2.87,-0.35,0.0099,0.0205,12.85,23.01,9.9
227.658,flow_only,82.3,52.1380123,21.1607759,87.35,52.1380131,21.16078,30,0.48,0.138,255,0.0,0.0,-0.0122,0.0362,3.134,2.417,-0.54,-0.18,320.73,0.03,0.0,0.01,0.04,99695,1507,3,0.34,0.1,0.01,-0.03,49,-23,-45,0,2.87,-0.35,0.0057,0.0189,12.82,18.17,10.27
227.758,flow_only,82.401,52.1380123,21.1607759,87.34,52.1380131,21.16078,30,0.48,0.138,255,0.0,0.0,0.0147,-0.0471,3.144,2.408,-0.57,-0.23,320.78,0.03,0.0,0.01,0.04,99695,1507,3,0.34,0.1,0.01,-0.03,49,27,-19,0,2.86,-0.36,0.0067,0.0151,14.0,20.0,11.23
227.858,flow_only,82.5,52.1380122,21.160776,87.33,52.1380129,21.1607804,30,0.48,0.168,255,0.0,0.0,0.0625,0.0061,3.148,2.398,-0.27,-0.41,320.72,0.03,0.0,0.0,0.04,99695,1507,3,0.34,0.09,0.01,-0.03,49,-21,-77,0,2.86,-0.36,0.0103,0.0227,13.41,15.9,9.12
227.957,flow_only,82.6,52.1380121,21.1607761,87.32,52.1380129,21.1607804,30,0.48,0.168,255,0.0,0.0,0.0371,-0.0149,3.15,2.389,-0.12,-0.5,320.64,0.03,0.0,0.0,0.04,99695,1507,3,0.34,0.09,0.01,-0.03,49,138,27,0,2.86,-0.37,0.0147,0.0291,15.89,14.66,8.85
228.057,flow_only,82.7,52.1380121,21.1607763,87.31,52.1380128,21.1607807,30,0.48,0.149,255,0.0,0.0,-0.0389,-0.0185,3.15,2.379,-0.06,-0.5,320.56,0.03,0.0,0.0,0.05,99695,1507,3,0.34,0.08,0.01,-0.03,49,-46,-146,0,2.86,-0.38,0.0302,0.0576,13.45,16.98,7.96
228.158,flow_only,82.8,52.138012,21.1607765,87.3,52.1380128,21.1607807,30,0.48,0.149,255,0.0,0.0,-0.0424,-0.0399,3.156,2.369,-0.27,-0.69,320.46,0.03,0.0,0.01,0.03,99695,1507,3,0.34,0.08,0.01,-0.03,49,38,57,0,2.85,-0.38,0.0134,0.0281,16.18,18.69,10.24
228.257,flow_only,82.9,52.1380119,21.1607766,87.29,52.1380127,21.160781,30,0.48,0.133,255,0.0,-0.1673,-0.0224,-0.0928,3.158,2.359,-0.47,-1.09,320.3,0.03,0.0,0.0,0.03,99695,1507,3,0.34,0.07,0.01,-0.03,49,51,-93,0,2.85,-0.39,0.0153,0.03,18.19,18.34,8.46
228.358,flow_only,83.0,52.1380118,21.1607766,87.28,52.1380127,21.160781,30,0.48,0.133,255,0.0,0.0,0.0441,-0.0222,3.15,2.348,-0.32,-1.34,320.08,0.03,0.0,0.0,0.03,99695,1507,3,0.34,0.07,0.01,-0.03,49,-24,-97,0,2.84,-0.39,0.021,0.0405,15.81,16.54,9.66
228.458,flow_only,83.1,52.1380117,21.1607768,87.27,52.1380126,21.1607814,30,0.48,0.132,255,0.0,0.0,0.0476,0.0251,3.14,2.337,-0.15,-1.38,319.91,0.03,0.0,0.0,0.04,99695,1507,3,0.34,0.06,0.01,-0.03,49,-11,-118,0,2.85,-0.39,0.0324,0.0613,13.81,12.93,9.08
228.557,flow_only,83.2,52.1380115,21.1607771,87.27,52.1380126,21.1607814,30,0.48,0.132,255,0.0,0.0,-0.0565,0.0105,3.136,2.33,-0.26,-1.23,319.84,0.03,0.0,0.04,0.05,99695,1507,3,0.34,0.06,0.01,-0.03,49,-36,-18,0,2.86,-0.37,0.0242,0.0527,15.85,14.15,8.76
228.658,flow_only,83.3,52.1380114,21.1607773,87.26,52.1380125,21.1607817,30,0.48,0.106,255,0.0,-0.3347,0.0253,-0.0816,3.13,2.325,-0.36,-1.68,319.71,0.03,0.0,0.0,0.03,99695,1507,3,0.34,0.06,0.01,-0.03,49,68,48,0,2.85,-0.37,0.0136,0.0325,13.96,16.2,9.88
228.758,flow_only,83.4,52.1380114,21.1607775,87.25,52.1380125,21.1607817,30,0.48,0.106,255,0.0,0.0,-0.0532,0.0138,3.126,2.319,-0.34,-1.65,319.67,0.03,0.0,0.0,0.05,99695,1507,3,0.34,0.06,0.01,-0.03,49,-36,-125,0,2.84,-0.37,0.022,0.0476,18.59,17.94,8.88
228.857,flow_only,83.5,52.1380113,21.1607776,87.25,52.1380127,21.160782,30,0.48,0.133,255,-0.1674,0.0,-0.0401,-0.0787,3.106,2.314,-0.74,-1.89,319.6,0.03,0.0,0.02,0.05,99695,1507,3,0.34,0.07,0.01,-0.03,49,113,21,0,2.85,-0.37,0.0127,0.0322,20.89,19.92,8.74
228.957,flow_only,83.6,52.1380113,21.1607777,87.25,52.1380127,21.160782,30,0.48,0.133,255,0.0,0.0,0.0002,0.0446,3.108,2.311,-0.6,-1.88,319.5,0.03,0.0,0.02,0.04,99695,1507,3,0.34,0.07,0.01,-0.03,49,-4,45,0,2.86,-0.33,0.0066,0.0253,16.63,20.86,11.17
229.058,flow_only,83.7,52.1380114,21.1607778,87.24,52.1380129,21.1607822,30,0.48,0.132,255,0.0,0.0,-0.0085,0.059,3.096,2.306,-0.74,-1.59,319.49,0.03,0.0,0.01,0.05,99695,1507,3,0.34,0.06,0.01,-0.03,49,49,-60,0,2.85,-0.34,0.0067,0.0188,15.18,24.47,12.41
229.158,flow_only,83.8,52.1380114,21.1607778,87.23,52.1380129,21.1607822,30,0.48,0.132,255,0.0,0.0,-0.0515,0.0318,3.102,2.299,-0.99,-1.34,319.52,0.03,0.0,0.0,0.04,99695,1507,3,0.34,0.06,0.01,-0.03,49,47,-59,0,2.84,-0.34,0.0128,0.0249,16.19,19.73,10.53
229.257,flow_only,83.9,52.1380114,21.1607779,87.23,52.1380131,21.1607823,30,0.48,0.101,255,0.0,0.0,0.0364,-0.0263,3.086,2.293,-1.03,-1.44,319.51,0.03,0.0,0.0,0.03,99695,1507,3,0.34,0.09,0.01,-0.03,49,-132,-9,0,2.85,-0.34,0.016,0.0344,16.69,21.45,9.58
229.358,flow_only,84.0,52.1380116,21.160778,87.22,52.1380131,21.1607823,30,0.48,0.101,255,0.0,0.1673,-0.0401,0.0699,3.1,2.289,-0.83,-1.11,319.57,0.03,0.0,0.01,0.02,99695,1507,3,0.34,0.09,0.01,-0.03,49,-54,63,0,2.85,-0.33,0.0186,0.0393,15.92,19.66,9.9
229.458,flow_only,84.1,52.1380117,21.160778,87.22,52.1380133,21.1607824,30,0.48,0.126,255,0.0,0.1674,-0.0387,0.0356,3.106,2.286,-1.11,-0.83,319.69,0.03,0.0,0.01,0.04,99695,1507,3,0.34,0.07,0.01,-0.03,49,-100,76,0,2.85,-0.33,0.0226,0.0451,20.04,22.35,9.98
229.558,flow_only,84.2,52.1380119,21.160778,87.22,52.1380133,21.1607824,30,0.48,0.126,255,-0.1673,0.1673,-0.0543,0.0427,3.108,2.284,-1.39,-0.64,319.75,0.03,0.0,0.0,0.03,99695,1507,3,0.34,0.07,0.01,-0.03,49,-111,-75,0,2.85,-0.33,0.0205,0.0437,16.93,25.89,10.44
229.658,flow_only,84.3,52.1380121,21.160778,87.22,52.1380135,21.1607825,30,0.48,0.101,255,0.0,0.0,0.0169,0.0303,3.108,2.282,-1.53,-0.53,319.75,0.03,0.0,0.01,0.02,99695,1507,3,0.34,0.09,0.01,-0.03,49,-97,99,0,2.86,-0.33,0.0184,0.041,17.13,19.46,9.91
229.758,flow_only,84.4,52.1380122,21.160778,87.22,52.1380135,21.1607825,30,0.48,0.101,255,0.0,0.0,-0.0602,0.0663,3.114,2.281,-1.54,-0.11,319.82,0.03,0.0,0.01,0.05,99695,1507,3,0.34,0.09,0.01,-0.03,49,-25,45,0,2.86,-0.33,0.0135,0.0318,14.28,20.02,10.92
229.858,flow_only,84.501,52.1380123,21.1607781,87.22,52.1380136,21.1607824,30,0.48,0.062,255,0.0,0.1674,-0.038,0.0186,3.11,2.281,-1.81,0.12,319.93,0.03,0.0,0.02,0.05,99695,1507,3,0.34,0.11,0.01,-0.03,49,-107,69,0,2.87,-0.32,0.0136,0.0342,18.13,20.07,10.44
229.958,flow_only,84.601,52.1380124,21.160778,87.22,52.1380136,21.1607824,30,0.48,0.062,255,0.0,0.0,-0.0124,0.0008,3.114,2.283,-1.91,0.14,320.0,0.03,0.0,0.03,0.03,99695,1507,3,0.34,0.11,0.01,-0.03,49,26,-36,0,2.88,-0.32,0.0068,0.0253,19.21,27.11,9.82
230.058,flow_only,84.701,52.1380124,21.160778,87.22,52.1380136,21.1607822,30,0.48,0.061,255,0.0,-0.1674,0.0629,-0.0434,3.102,2.285,-1.84,-0.09,320.05,0.03,0.0,0.02,0.06,99695,1507,3,0.34,0.09,0.01,-0.03,49,9,17,0,2.89,-0.3,0.0051,0.0214,15.34,19.45,9.07
230.158,flow_only,84.801,52.1380124,21.160778,87.22,52.1380136,21.1607822,30,0.48,0.061,255,0.1674,0.0,0.0064,0.02,3.11,2.286,-1.47,0.05,320.11,0.03,0.0,0.01,0.05,99695,1507,3,0.34,0.09,0.01,-0.03,49,60,-65,0,2.89,-0.3,0.0166,0.0324,13.66,21.66,9.83
230.258,flow_only,84.901,52.1380123,21.160778,87.22,52.1380136,21.1607821,30,0.48,0.025,255,0.0,0.0,0.0064,-0.0357,3.112,2.285,-1.43,-0.02,320.19,0.03,0.0,0.01,0.04,99695,1507,3,0.34,0.13,0.01,-0.03,49,-39,-12,0,2.89,-0.3,0.0153,0.0297,16.56,22.82,10.24
230.358,flow_only,85.0,52.1380122,21.1607779,87.22,52.1380136,21.1607821,30,0.48,0.025,255,0.0,-0.1674,0.0264,-0.0929,3.124,2.286,-1.4,-0.35,320.22,0.03,0.0,0.03,0.04,99695,1507,3,0.34,0.13,0.01,-0.03,49,-36,37,0,2.9,-0.28,0.0052,0.0205,17.92,21.34,10.1
230.458,flow_only,85.1,52.1380122,21.1607779,87.22,52.1380136,21.1607819,30,0.48,0.086,255,0.1674,0.0,0.1039,-0.0041,3.108,2.287,-0.89,-0.65,320.17,0.03,0.0,0.02,0.04,99695,1507,3,0.34,0.08,0.01,-0.03,49,-148,-134,0,2.91,-0.29,0.0242,0.0492,15.42,18.67,11.44
230.557,flow_only,85.2,52.1380121,21.160778,87.22,52.1380136,21.1607819,30,0.48,0.086,255,0.0,0.0,0.0364,0.0217,3.112,2.288,-0.75,-0.59,320.19,0.03,0.0,0.01,0.05,99695,1507,3,0.34,0.08,0.01,-0.03,49,89,-4,0,2.91,-0.28,0.012,0.028,16.97,19.26,10.56
230.658,flow_only,85.3,52.1380121,21.1607779,87.22,52.1380136,21.1607816,30,0.48,0.124,255,0.0,0.0,-0.026,-0.0095,3.114,2.285,-0.79,-0.56,320.24,0.03,0.0,0.0,0.03,99695,1507,3,0.34,0.06,0.01,-0.03,49,-38,-29,0,2.91,-0.28,0.0102,0.0204,16.46,17.87,10.28
230.758,flow_only,85.401,52.138012,21.1607779,87.22,52.1380136,21.1607816,30,0.48,0.124,255,0.0,0.0,0.0101,-0.0571,3.1,2.282,-0.84,-0.86,320.23,0.03,0.0,0.01,0.04,99695,1507,3,0.34,0.06,0.01,-0.03,49,-5,40,0,2.91,-0.28,0.0034,0.0112,15.02,17.78,9.82
230.858,flow_only,85.5,52.138012,21.1607778,87.21,52.1380135,21.1607813,30,0.48,0.091,255,0.0,0.0,0.0861,-0.004,3.104,2.276,-0.62,-1.1,320.16,0.03,0.0,0.01,0.03,99695,1507,3,0.34,0.07,0.01,-0.03,49,122,-112,0,2.9,-0.28,0.0099,0.0178,16.16,22.21,10.44
230.957,flow_only,85.6,52.1380119,21.1607778,87.21,52.1380135,21.1607813,30,0.48,0.091,255,0.0,0.0,0.0101,0.0396,3.108,2.27,-0.41,-0.87,320.14,0.03,0.0,0.01,0.05,99695,1507,3,0.34,0.07,0.01,-0.03,49,-91,-44,0,2.9,-0.28,0.012,0.0237,14.88,19.41,10.4
231.057,flow_only,85.7,52.1380119,21.1607778,87.2,52.1380135,21.1607811,30,0.48,0.083,255,0.0,0.0,-0.0295,0.0279,3.106,2.264,-0.48,-0.7,320.19,0.03,0.0,0.01,0.05,99695,1507,3,0.34,0.1,0.01,-0.03,49,-16,124,0,2.9,-0.28,0.0116,0.0217,12.98,18.83,10.28
231.158,flow_only,85.801,52.1380119,21.1607778,87.2,52.1380135,21.1607811,30,0.48,0.083,255,0.0,0.0,-0.0037,-0.0523,3.102,2.262,-0.59,-0.9,320.2,0.03,0.0,0.03,0.04,99695,1507,3,0.34,0.1,0.01,-0.03,49,7,18,0,2.91,-0.28,0.0067,0.0155,12.73,17.05,9.91
231.258,flow_only,85.9,52.138012,21.1607777,87.19,52.1380135,21.1607808,30,0.48,0.1,255,0.0,0.0,-0.0329,0.0098,3.102,2.258,-0.64,-0.94,320.23,0.03,0.0,0.01,0.04,99695,1507,3,0.34,0.06,0.01,-0.03,49,-8,-31,0,2.9,-0.28,0.0073,0.0141,19.52,18.17,8.24
231.358,flow_only,86.0,52.138012,21.1607777,87.19,52.1380135,21.1607808,30,0.48,0.1,255,0.0,0.1673,-0.018,0.067,3.092,2.254,-0.69,-0.65,320.3,0.03,0.0,0.01,0.05,99695,1507,3,0.34,0.06,0.01,-0.03,49,-3,-39,0,2.9,-0.27,0.0042,0.0091,18.84,20.01,9.49
231.458,flow_only,86.1,52.138012,21.1607777,87.19,52.1380136,21.1607806,30,0.48,0.073,255,0.0,0.1673,-0.0274,-0.0434,3.09,2.251,-0.85,-0.6,320.38,0.03,0.0,0.02,0.04,99695,1507,3,0.34,0.11,0.01,-0.03,49,6,89,0,2.91,-0.27,0.0047,0.0108,14.62,18.81,10.05
231.558,flow_only,86.2,52.138012,21.1607776,87.18,52.1380136,21.1607806,30,0.48,0.073,255,0.0,0.0,0.0014,0.014,3.07,2.248,-0.75,-0.65,320.43,0.03,0.0,0.0,0.04,99695,1507,3,0.34,0.11,0.01,-0.03,49,-50,9,0,2.9,-0.26,0.0058,0.0121,14.93,17.15,9.82
231.658,flow_only,86.3,52.1380121,21.1607775,87.18,52.1380136,21.1607803,30,0.48,0.102,255,0.1674,0.0,0.0056,0.0463,3.074,2.243,-0.69,-0.41,320.56,0.03,0.0,0.0,0.04,99695,1507,3,0.34,0.07,0.01,-0.03,49,134,-68,0,2.9,-0.26,0.0075,0.0127,16.75,14.68,10.09
231.758,flow_only,86.4,52.138012,21.1607775,87.18,52.1380136,21.1607803,30,0.48,0.102,255,0.0,0.0,-0.0078,-0.0197,3.052,2.241,-0.8,-0.35,320.7,0.03,0.0,0.02,0.05,99695,1507,3,0.34,0.07,0.01,-0.03,49,0,-38,0,2.91,-0.24,0.0162,0.0295,16.71,20.22,9.68
231.857,flow_only,86.5,52.1380119,21.1607773,87.17,52.1380136,21.16078,30,0.48,0.113,255,0.0,0.1674,0.0355,-0.0387,3.058,2.238,-0.66,-0.48,320.75,0.03,0.0,0.0,0.02,99695,1507,3,0.34,0.09,0.01,-0.03,49,-53,-9,0,2.91,-0.23,0.006,0.0111,14.78,16.01,9.45
231.957,flow_only,86.6,52.1380118,21.1607772,87.17,52.1380136,21.16078,30,0.48,0.113,255,0.1674,0.0,0.0721,0.0175,3.062,2.237,-0.21,-0.61,320.78,0.03,0.0,0.01,0.04,99695,1507,3,0.34,0.09,0.01,-0.03,49,39,15,0,2.91,-0.24,0.0147,0.0299,17.1,18.6,11.62
232.057,flow_only,86.7,52.1380117,21.160777,87.17,52.1380136,21.1607798,30,0.48,0.074,255,0.1673,0.0,0.0092,0.0062,3.046,2.236,-0.09,-0.54,320.83,0.03,0.0,0.01,0.04,99695,1507,3,0.34,0.06,0.01,-0.03,49,116,-30,0,2.91,-0.23,0.026,0.0513,18.77,16.88,12.04
232.158,flow_only,86.8,52.1380116,21.1607767,87.17,52.1380136,21.1607798,30,0.48,0.074,255,0.0,0.0,0.0314,-0.0476,3.048,2.236,-0.0,-0.61,320.84,0.03,0.0,0.02,0.05,99695,1507,3,0.34,0.06,0.01,-0.03,49,-39,-32,0,2.92,-0.22,0.0149,0.0315,18.38,20.45,12.66
232.258,flow_only,86.9,52.1380116,21.1607764,87.17,52.1380136,21.1607796,30,0.48,0.08,255,0.0,0.0,0.0688,0.0145,3.048,2.24,0.4,-0.69,320.86,0.03,0.0,0.03,0.05,99695,1507,3,0.34,0.06,0.01,-0.03,49,-99,30,0,2.93,-0.19,0.0167,0.0356,15.33,17.98,10.15
232.358,flow_only,87.0,52.1380115,21.1607761,87.18,52.1380136,21.1607796,30,0.48,0.08,255,0.0,0.1673,0.0115,0.0496,3.038,2.242,0.69,-0.44,320.92,0.03,0.0,0.0,0.03,99695,999,3,0.34,0.06,0.01,-0.03,49,59,-65,0,2.93,-0.2,0.0144,0.032,16.62,18.58,9.89
232.458,after,87.101,52.1380115,21.160776,87.18,52.1380137,21.1607794,30,0.48,0.072,255,0.0,0.0,-0.0064,-0.0166,3.04,2.246,0.61,-0.33,320.98,0.03,0.0,0.03,0.04,99695,999,3,0.34,0.08,0.01,-0.03,49,-4,-70,0,2.95,-0.18,0.0075,0.0183,13.45,17.07,8.75
232.557,after,87.2,52.1380114,21.1607759,87.18,52.1380137,21.1607794,30,0.48,0.072,255,0.0,0.0,0.0103,-0.0073,3.042,2.249,0.79,-0.35,320.98,0.03,0.0,0.01,0.04,99695,999,3,0.34,0.08,0.01,-0.03,49,-58,-20,0,2.95,-0.18,0.0036,0.0112,13.79,16.16,9.57
232.658,after,87.3,52.1380143,21.1607783,87.19,52.1380138,21.1607792,30,0.48,0.091,255,0.0,0.1674,-0.0145,0.0351,3.046,2.255,0.83,-0.22,321.02,0.01,0.0,0.03,0.04,108415,999,3,0.34,0.07,-0.01,0.01,48,-35,-44,0,2.96,-0.17,0.0056,0.0173,12.24,16.76,9.68
232.758,after,87.4,52.1380144,21.1607783,87.2,52.1380138,21.1607792,30,0.48,0.091,255,-0.1673,0.0,-0.1241,-0.0595,3.038,2.262,0.34,-0.31,321.03,0.01,0.0,0.02,0.04,108415,999,3,0.34,0.07,-0.01,0.01,48,84,17,0,2.97,-0.15,0.0052,0.0164,16.62,18.43,11.11
232.858,after,87.5,52.1380144,21.1607783,87.2,52.1380139,21.1607791,30,0.48,0.067,255,-0.1673,0.1673,-0.3497,0.1628,3.016,2.269,-1.08,0.11,321.06,0.03,0.0,0.01,0.04,108415,999,3,0.34,0.09,-0.02,-0.02,48,148,21,0,2.99,-0.13,0.0082,0.0216,20.24,17.74,10.54
232.957,after,87.6,52.1380144,21.1607782,87.21,52.1380139,21.1607791,30,0.48,0.067,255,-0.6696,0.3348,-0.4585,0.1969,3.038,2.276,-3.7,1.35,321.05,0.03,0.0,0.01,0.04,108415,999,3,0.34,0.09,-0.02,-0.02,48,-225,88,0,2.99,-0.12,0.0068,0.0169,18.39,18.95,10.26
233.057,after,87.7,52.1380144,21.1607782,87.22,52.138014,21.1607792,30,0.48,0.022,255,-0.1673,0.0,-0.094,0.0263,3.056,2.286,-5.16,1.85,320.98,0.05,0.0,0.01,0.04,108415,999,3,0.34,0.13,-0.01,-0.02,48,43,-163,0,3.01,-0.09,0.0107,0.0265,15.11,28.08,13.21
233.158,after,87.8,52.1380143,21.1607781,87.23,52.138014,21.1607792,30,0.48,0.022,255,0.1673,0.1673,0.1108,-0.0185,3.052,2.296,-4.74,1.89,320.97,0.05,0.0,0.01,0.05,108415,999,3,0.34,0.13,-0.01,-0.02,48,-82,-14,0,3.02,-0.08,0.008,0.0195,12.91,28.18,11.03
233.258,after,87.9,52.1380143,21.1607781,87.24,52.138014,21.160779,30,0.48,0.12,255,0.1674,-0.1674,0.2783,-0.1375,3.04,2.304,-3.53,1.23,320.87,0.04,0.0,0.0,0.06,108415,999,3,0.34,0.08,0.0,0.03,48,-55,125,0,3.03,-0.09,0.0096,0.02,14.65,23.16,9.65
233.357,after,88.0,52.1380142,21.1607779,87.25,52.138014,21.160779,30,0.48,0.12,255,0.3347,-0.1674,0.2979,-0.0858,3.02,2.312,-1.85,0.57,320.77,0.04,0.0,0.03,0.05,108415,999,3,0.34,0.08,0.0,0.03,48,-25,-25,0,3.04,-0.07,0.0078,0.0181,15.19,22.85,9.12
233.457,after,88.1,52.138014,21.1607777,87.26,52.1380137,21.1607788,30,0.48,0.196,255,0.3347,-0.1674,0.1711,-0.0815,3.016,2.321,-0.66,0.15,320.68,0.02,0.0,0.02,0.04,108415,999,3,0.34,0.07,-0.02,-0.03,48,213,85,0,3.05,-0.05,0.0089,0.0185,17.46,21.73,9.58
233.558,after,88.2,52.1380138,21.1607776,87.27,52.1380137,21.1607788,30,0.48,0.196,255,0.3347,-0.1673,0.1492,-0.0761,3.036,2.331,0.26,-0.43,320.49,0.02,0.0,0.04,0.04,108415,999,3,0.34,0.07,-0.02,-0.03,48,-87,-21,0,3.06,-0.03,0.0073,0.0202,12.84,25.99,10.23
233.657,after,88.3,52.1380136,21.1607774,87.28,52.1380134,21.1607786,30,0.48,0.26,255,0.1673,-0.1673,0.1043,-0.0079,3.032,2.34,0.9,-0.62,320.36,0.01,0.0,0.02,0.04,108415,999,3,0.34,0.07,0.02,0.0,48,-38,-94,0,3.06,-0.04,0.0029,0.0158,10.06,16.79,10.03
233.757,after,88.4,52.1380134,21.1607773,87.28,52.1380134,21.1607786,30,0.48,0.26,255,0.0,0.0,-0.0267,-0.0522,3.05,2.347,0.92,-0.7,320.26,0.01,0.0,0.01,0.05,108415,999,3,0.34,0.07,0.02,0.0,48,-73,40,0,3.07,-0.05,0.0023,0.0097,15.2,15.06,10.18
233.857,after,88.5,52.1380133,21.1607772,87.28,52.138013,21.1607784,30,0.48,0.23,255,0.1674,0.0,0.0149,-0.011,3.046,2.348,1.02,-0.93,320.14,0.03,0.0,0.0,0.04,108415,999,3,0.34,0.09,0.0,-0.03,48,107,112,0,3.05,-0.06,0.0053,0.0141,14.97,17.87,9.09
233.957,after,88.6,52.1380132,21.1607772,87.28,52.138013,21.1607784,30,0.48,0.23,255,0.0,0.0,-0.0378,0.039,3.032,2.345,0.93,-0.78,320.1,0.03,0.0,0.01,0.05,108415,999,3,0.34,0.09,0.0,-0.03,48,115,-147,0,3.05,-0.07,0.0043,0.0132,19.62,15.69,12.89
234.057,after,88.7,52.138013,21.1607771,87.28,52.1380126,21.1607782,30,0.48,0.15,255,0.0,-0.1673,-0.07,-0.046,3.028,2.344,0.5,-0.78,320.06,0.0,0.0,0.02,0.05,108415,999,3,0.34,0.08,-0.01,0.01,48,30,-6,0,3.06,-0.06,0.0043,0.0094,16.35,22.94,12.08
234.158,after,88.8,52.1380129,21.1607771,87.28,52.1380126,21.1607782,30,0.48,0.15,255,0.1674,0.0,0.003,0.0147,3.03,2.341,0.39,-0.92,319.94,0.0,0.0,0.01,0.04,108415,999,3,0.34,0.08,-0.01,0.01,48,1,75,0,3.05,-0.06,0.0048,0.0152,15.11,20.72,10.31
234.258,after,88.9,52.1380129,21.1607771,87.27,52.1380124,21.1607781,30,0.48,0.102,255,0.0,0.0,-0.0103,0.0305,3.032,2.337,0.3,-0.78,319.89,0.01,0.0,0.0,0.04,108415,999,3,0.34,0.09,-0.01,0.02,48,-15,-1,0,3.05,-0.06,0.0063,0.0143,17.84,16.45,10.86
234.358,after,89.0,52.1380128,21.160777,87.27,52.1380124,21.1607781,30,0.48,0.102,255,-0.1674,0.0,-0.0508,-0.003,3.026,2.334,0.08,-0.67,319.82,0.01,0.0,0.0,0.06,108415,999,3,0.34,0.09,-0.01,0.02,48,3,-5,0,3.04,-0.06,0.0057,0.0163,16.04,25.41,10.69
234.458,after,89.1,52.1380128,21.160777,87.27,52.1380124,21.160778,30,0.48,0.041,255,0.0,0.0,0.0163,0.0379,3.018,2.334,0.06,-0.72,319.73,0.01,0.0,0.03,0.05,108415,999,3,0.34,0.08,-0.03,0.01,48,-32,37,0,3.05,-0.05,0.0081,0.0101,12.81,18.56,10.78
234.558,after,89.2,52.1380127,21.160777,87.27,52.1380124,21.160778,30,0.48,0.041,255,0.0,0.0,-0.0359,0.0248,3.014,2.338,-0.09,-0.49,319.75,0.01,0.0,0.03,0.03,108415,999,3,0.34,0.08,-0.03,0.01,48,-21,-47,0,3.06,-0.04,0.0062,0.008,17.67,15.84,11.82
234.658,after,89.3,52.1380127,21.160777,87.28,52.1380124,21.1607779,30,0.48,0.02,255,0.0,0.1673,-0.0372,-0.0181,3.01,2.342,-0.29,-0.52,319.74,0.03,0.0,0.02,0.03,108415,999,3,0.34,0.09,-0.09,0.0,48,21,177,0,3.07,-0.02,0.0157,0.0174,20.32,14.87,11.2
234.758,after,89.4,52.1380127,21.1607769,87.28,52.1380124,21.1607779,30,0.48,0.02,255,0.0,0.0,0.0382,0.0478,3.012,2.345,-0.21,-0.5,319.72,0.03,0.0,0.0,0.04,108415,999,3,0.34,0.09,-0.09,0.0,48,4,30,0,3.06,-0.02,0.0111,0.0143,20.45,20.86,9.22
234.857,after,89.5,52.1380128,21.1607769,87.28,52.1380124,21.1607779,30,0.48,0.045,255,0.0,0.0,-0.0692,0.0212,3.006,2.346,-0.47,-0.22,319.75,0.02,0.0,0.0,0.04,108415,999,3,0.34,0.07,0.0,0.04,48,18,-73,0,3.07,-0.03,0.0094,0.0137,22.6,24.86,8.62
234.957,after,89.6,52.1380128,21.1607769,87.28,52.1380124,21.1607779,30,0.48,0.045,255,0.0,0.0,0.017,0.0172,3.006,2.345,-0.5,-0.23,319.69,0.02,0.0,0.02,0.04,108415,999,3,0.34,0.07,0.0,0.04,48,-1,26,0,3.06,-0.03,0.007,0.0183,22.75,21.91,9.45
235.058,after,89.7,52.1380128,21.1607769,87.28,52.1380125,21.1607778,30,0.48,0.035,255,-0.1674,0.0,-0.0336,0.0257,3.01,2.343,-0.69,-0.07,319.68,0.02,0.0,0.0,0.03,108415,999,3,0.34,0.08,-0.02,0.01,48,23,-23,0,3.06,-0.03,0.0077,0.0175,17.13,18.98,11.44
235.158,after,89.8,52.1380128,21.1607769,87.28,52.1380125,21.1607778,30,0.48,0.035,255,0.0,0.0,-0.0286,-0.0149,3.008,2.344,-0.87,-0.1,319.61,0.02,0.0,0.02,0.06,108415,999,3,0.34,0.08,-0.02,0.01,48,24,9,0,3.06,-0.03,0.0052,0.011,15.58,24.27,11.57
235.258,after,89.9,52.1380128,21.1607768,87.28,52.1380125,21.1607777,30,0.48,0.018,255,0.0,0.0,0.0633,0.0242,3.0,2.347,-0.77,-0.2,319.49,0.01,0.0,0.02,0.02,108415,999,3,0.34,0.06,0.0,0.0,48,-34,-130,0,3.07,-0.01,0.0044,0.0092,14.61,19.47,10.23
235.358,after,90.0,52.1380128,21.1607768,87.29,52.1380125,21.1607777,30,0.48,0.018,255,0.0,0.0,-0.0149,0.0224,3.01,2.352,-0.75,-0.02,319.45,0.01,0.0,0.02,0.03,108415,999,3,0.34,0.06,0.0,0.0,48,3,-16,0,3.08,-0.01,0.0027,0.0064,12.23,16.98,10.4
235.458,after,90.1,52.1380128,21.1607768,87.29,52.1380125,21.1607778,30,0.48,0.093,255,0.0,0.0,-0.0105,-0.0101,3.0,2.357,-0.79,-0.04,319.39,0.05,0.0,0.0,0.03,108415,999,3,0.34,0.12,0.07,-0.03,48,170,-15,0,3.09,0.0,0.0057,0.004,15.24,20.37,10.26
235.557,after,90.2,52.1380128,21.1607768,87.3,52.1380125,21.1607778,30,0.48,0.093,255,0.0,0.0,0.0479,-0.0329,2.998,2.362,-0.71,-0.24,319.33,0.05,0.0,0.0,0.03,108415,999,3,0.34,0.12,0.07,-0.03,48,1,24,0,3.08,0.0,0.0038,0.0031,13.7,16.98,9.53
235.657,after,90.3,52.1380127,21.1607768,87.3,52.1380124,21.1607779,30,0.48,0.041,255,0.0,0.0,-0.0456,0.0134,2.998,2.363,-0.67,-0.15,319.36,0.01,0.0,0.02,0.04,108415,999,3,0.34,0.07,-0.03,-0.02,48,-73,-163,0,3.08,0.0,0.0051,0.0128,16.51,17.66,8.9
235.758,after,90.4,52.1380127,21.1607768,87.3,52.1380124,21.1607779,30,0.48,0.041,255,0.0,0.0,0.0029,-0.0441,3.0,2.362,-0.8,-0.34,319.34,0.01,0.0,0.01,0.04,108415,999,3,0.34,0.07,-0.03,-0.02,48,25,18,0,3.07,0.0,0.0042,0.0168,16.05,16.47,10.07
235.857,after,90.5,52.1380127,21.1607768,87.3,52.1380124,21.1607779,30,0.48,0.088,255,0.0,-0.1674,0.0153,-0.0327,2.994,2.363,-0.77,-0.5,319.34,0.05,0.0,0.0,0.05,108415,999,3,0.34,0.13,0.04,-0.01,48,-25,29,0,3.08,0.0,0.0041,0.0055,19.56,18.38,8.61
235.957,after,90.6,52.1380126,21.1607768,87.3,52.1380124,21.1607779,30,0.48,0.088,255,0.0,0.0,-0.0173,0.0328,2.998,2.365,-0.69,-0.38,319.43,0.05,0.0,0.0,0.02,108415,999,3,0.34,0.13,0.04,-0.01,48,-33,-18,0,3.08,0.0,0.0025,0.0074,17.17,18.33,8.98
236.058,after,90.7,52.1380126,21.1607768,87.3,52.1380123,21.1607779,30,0.48,0.065,255,0.0,0.0,-0.0398,0.0268,2.998,2.366,-0.8,-0.21,319.58,0.03,0.0,0.02,0.06,108415,999,3,0.34,0.13,-0.01,-0.01,48,0,-20,0,3.08,0.0,0.0027,0.0104,15.45,16.31,9.66
236.158,after,90.8,52.1380126,21.1607768,87.3,52.1380123,21.1607779,30,0.48,0.065,255,-0.1673,0.0,-0.0002,-0.0336,2.99,2.366,-0.94,-0.32,319.73,0.03,0.0,0.0,0.03,108415,999,3,0.34,0.13,-0.01,-0.01,48,21,37,0,3.08,0.0,0.0018,0.0116,13.66,13.66,10.84
236.258,after,90.9,52.1380126,21.1607768,87.3,52.1380123,21.160778,30,0.48,0.018,255,0.1673,0.0,0.0444,0.0032,2.988,2.368,-0.83,-0.42,319.86,0.02,0.01,0.02,0.04,108415,999,3,0.34,0.07,-0.05,-0.02,48,-16,28,0,3.09,0.01,0.0067,0.011,13.9,21.21,10.19
236.358,after,91.0,52.1380126,21.1607768,87.31,52.1380123,21.160778,30,0.48,0.018,255,0.0,0.0,-0.0155,0.0178,2.994,2.372,-0.77,-0.28,320.0,0.02,0.01,0.02,0.03,108415,999,3,0.34,0.07,-0.05,-0.02,48,109,-14,0,3.09,0.02,0.0042,0.0061,13.93,21.4,11.06
236.458,after,91.1,52.1380125,21.1607769,87.31,52.1380123,21.160778,30,0.48,0.063,255,0.0,-0.1674,-0.0129,-0.0282,2.992,2.375,-0.92,-0.36,320.05,0.03,0.01,0.01,0.04,108415,999,3,0.34,0.13,0.04,-0.01,48,28,6,0,3.09,0.01,0.0031,0.0061,15.82,27.25,12.73
236.558,after,91.2,52.1380125,21.1607769,87.31,52.1380123,21.160778,30,0.48,0.063,255,0.1674,0.0,0.0496,0.0248,2.98,2.379,-0.79,-0.46,320.02,0.03,0.01,0.01,0.03,108415,999,3,0.34,0.13,0.04,-0.01,48,-16,59,0,3.1,0.02,0.0018,0.0033,17.7,24.56,11.86
236.657,after,91.3,52.1380125,21.1607769,87.32,52.1380122,21.160778,30,0.48,0.032,255,0.0,0.0,-0.0319,0.0054,2.984,2.384,-0.82,-0.21,319.97,0.02,0.01,0.01,0.05,108415,999,3,0.34,0.13,-0.04,0.0,48,-20,-53,0,3.11,0.03,0.0053,0.0081,18.85,22.89,10.77
236.758,after,91.4,52.1380125,21.1607769,87.32,52.1380122,21.160778,30,0.48,0.032,255,0.0,-0.1673,0.0362,-0.0246,2.984,2.389,-0.78,-0.44,319.82,0.02,0.01,0.0,0.04,108415,999,3,0.34,0.13,-0.04,0.0,48,-17,-96,0,3.11,0.04,0.0032,0.0057,22.24,21.1,10.34
236.858,after,91.5,52.1380125,21.1607769,87.32,52.1380122,21.160778,30,0.48,0.057,255,0.0,0.0,-0.002,0.0295,2.978,2.388,-0.7,-0.35,319.76,0.05,0.01,0.02,0.03,108415,999,3,0.34,0.14,0.04,-0.04,48,-35,-15,0,3.09,0.01,0.008,0.0237,25.06,27.03,8.25
236.957,after,91.6,52.1380124,21.1607769,87.32,52.1380122,21.160778,30,0.48,0.057,255,0.0,-0.1673,-0.0312,-0.0206,2.974,2.383,-0.84,-0.35,319.69,0.05,0.01,0.0,0.03,108415,999,3,0.34,0.14,0.04,-0.04,48,-9,-3,0,3.08,0.01,0.0061,0.0201,22.71,22.96,8.56
237.057,after,91.7,52.1380124,21.1607769,87.31,52.1380121,21.1607781,30,0.48,0.049,255,0.0,0.0,0.0437,0.0187,2.98,2.379,-0.62,-0.45,319.61,0.02,0.01,0.0,0.04,108415,999,3,0.34,0.1,-0.01,-0.04,48,-25,59,0,3.08,0.02,0.008,0.0233,21.18,18.44,10.48
237.158,after,91.8,52.1380124,21.1607769,87.31,52.1380121,21.1607781,30,0.48,0.049,255,0.1674,0.0,-0.0072,0.0251,2.974,2.373,-0.62,-0.34,319.65,0.02,0.01,0.01,0.05,108415,999,3,0.34,0.1,-0.01,-0.04,48,-23,0,0,3.07,0.02,0.0063,0.0233,17.42,21.59,11.65
237.258,after,91.9,52.1380124,21.160777,87.31,52.138012,21.1607781,30,0.48,0.04,255,0.0,0.0,-0.0316,-0.0208,2.976,2.37,-0.76,-0.36,319.68,0.02,0.0,0.02,0.06,108415,999,3,0.34,0.11,-0.04,0.01,48,-8,-3,0,3.07,0.01,0.0061,0.016,18.77,23.12,11.13
237.358,after,92.0,52.1380124,21.160777,87.3,52.138012,21.1607781,30,0.48,0.04,255,0.0,0.0,0.0587,0.0092,2.974,2.368,-0.63,-0.51,319.69,0.02,0.0,0.01,0.06,108415,999,3,0.34,0.11,-0.04,0.01,48,-14,-109,0,3.07,0.01,0.005,0.0173,16.38,16.03,11.59
237.458,after,92.1,52.1380124,21.160777,87.3,52.1380119,21.160778,30,0.48,0.071,255,0.0,0.0,0.0138,0.0486,2.968,2.366,-0.53,-0.3,319.78,0.01,0.0,0.01,0.05,108415,999,3,0.34,0.07,0.03,0.0,48,138,-27,0,3.07,0.01,0.0042,0.0139,20.15,16.98,9.53
237.558,after,92.2,52.1380123,21.160777,87.3,52.1380119,21.160778,30,0.48,0.071,255,0.0,0.0,-0.0573,0.0312,2.974,2.366,-0.7,-0.1,319.84,0.01,0.0,0.0,0.02,108415,999,3,0.34,0.07,0.03,0.0,48,6,-32,0,3.07,0.02,0.0035,0.0109,19.61,20.39,8.72
237.658,after,92.3,52.1380123,21.1607769,87.3,52.1380118,21.1607779,30,0.48,0.046,255,0.0,0.0,0.0216,-0.0231,2.976,2.365,-0.75,-0.23,319.86,0.0,0.0,0.02,0.05,108415,999,3,0.34,0.08,-0.01,0.0,48,-5,29,0,3.07,0.01,0.0036,0.014,17.52,17.79,8.86
237.758,after,92.401,52.1380123,21.1607769,87.3,52.1380118,21.1607779,30,0.48,0.046,255,0.0,-0.1674,0.0471,-0.0362,2.968,2.366,-0.58,-0.45,319.86,0.0,0.0,0.01,0.02,108415,999,3,0.34,0.08,-0.01,0.0,48,-31,48,0,3.07,0.01,0.0026,0.0088,20.73,20.67,7.82
237.857,after,92.5,52.1380123,21.1607769,87.3,52.1380118,21.1607778,30,0.48,0.02,255,0.1674,0.0,0.0112,0.0496,2.98,2.369,-0.39,-0.28,319.97,0.04,0.0,0.0,0.04,108415,999,3,0.34,0.14,-0.01,0.0,48,-29,-37,0,3.09,0.03,0.0019,0.002,16.45,17.43,7.12
237.957,after,92.6,52.1380123,21.1607768,87.31,52.1380118,21.1607778,30,0.48,0.02,255,0.0,0.0,-0.0243,0.0225,2.972,2.372,-0.44,-0.07,320.12,0.04,0.0,0.02,0.03,108415,999,3,0.34,0.14,-0.01,0.0,48,146,-59,0,3.08,0.02,0.0013,0.008,16.05,15.84,9.42
238.058,after,92.7,52.1380123,21.1607768,87.31,52.1380118,21.1607778,30,0.48,0.043,255,0.0,0.0,0.0079,-0.0401,2.988,2.373,-0.58,-0.25,320.26,0.03,0.0,0.02,0.03,108415,999,3,0.34,0.14,0.02,0.0,48,20,0,0,3.08,0.01,0.0014,0.0066,13.1,19.13,10.7
238.157,after,92.8,52.1380123,21.1607768,87.31,52.1380118,21.1607778,30,0.48,0.043,255,0.1674,0.0,0.032,-0.0002,2.984,2.373,-0.33,-0.24,320.42,0.03,0.0,0.02,0.04,108415,999,3,0.34,0.14,0.02,0.0,48,-76,-167,0,3.08,0.0,0.0017,0.0112,14.46,17.26,9.72
238.257,after,92.9,52.1380122,21.1607768,87.31,52.1380117,21.1607777,30,0.48,0.043,255,0.0,0.0,-0.0313,0.0237,3.008,2.372,-0.29,-0.09,320.63,0.02,0.0,0.01,0.05,108415,999,3,0.34,0.13,0.01,0.0,48,-43,-27,0,3.08,0.0,0.0024,0.0088,16.88,17.45,8.28
238.357,after,93.0,52.1380122,21.1607768,87.31,52.1380117,21.1607777,30,0.48,0.043,255,0.0,-0.1674,-0.0244,-0.0586,2.988,2.371,-0.46,-0.24,320.79,0.02,0.0,0.02,0.04,108415,999,3,0.34,0.13,0.01,0.0,48,18,18,0,3.07,-0.01,0.0026,0.0128,19.41,15.55,7.17
238.458,after,93.1,52.1380122,21.1607767,87.31,52.1380117,21.1607776,29,0.48,0.067,255,0.0,-0.1673,-0.0002,-0.0186,2.988,2.371,-0.46,-0.47,320.83,0.02,0.0,0.01,0.04,108415,999,3,0.34,0.12,0.03,-0.02,48,-4,46,0,3.08,-0.01,0.0038,0.0058,14.61,16.3,8.52
238.557,after,93.2,52.1380122,21.1607767,87.31,52.1380117,21.1607776,29,0.48,0.067,255,0.0,0.0,-0.0027,0.036,2.992,2.373,-0.38,-0.31,320.87,0.02,0.0,0.0,0.02,108415,999,3,0.34,0.12,0.03,-0.02,48,136,-165,0,3.08,0.0,0.0029,0.006,14.08,18.35,9.42
238.657,after,93.3,52.1380122,21.1607767,87.31,52.1380116,21.1607776,30,0.48,0.05,255,0.0,0.0,0.002,-0.0397,2.992,2.374,-0.44,-0.32,320.79,0.01,0.0,0.0,0.04,108415,999,3,0.34,0.06,0.0,0.03,48,5,128,0,3.08,0.01,0.0037,0.0068,13.89,12.61,9.74
238.758,after,93.4,52.1380122,21.1607767,87.31,52.1380116,21.1607776,30,0.48,0.05,255,0.0,0.0,-0.0134,0.0583,3.0,2.373,-0.34,-0.19,320.62,0.01,0.0,0.02,0.01,108415,999,3,0.34,0.06,0.0,0.03,48,-52,14,0,3.08,0.0,0.0038,0.012,16.07,17.78,10.62
238.858,after,93.5,52.1380122,21.1607767,87.3,52.1380115,21.1607774,30,0.48,0.039,255,0.0,0.0,0.0031,-0.0347,3.015,2.369,-0.42,-0.21,320.35,0.01,0.0,0.0,0.04,108415,999,3,0.34,0.1,0.0,0.02,48,20,-42,0,3.07,0.0,0.0053,0.0134,17.43,20.94,11.77
238.958,after,93.6,52.1380122,21.1607766,87.3,52.1380115,21.1607774,30,0.48,0.039,255,0.0,0.0,-0.0042,0.0069,2.998,2.368,-0.44,-0.23,320.0,0.01,0.0,0.02,0.04,108415,999,3,0.34,0.1,0.0,0.02,48,0,1,0,3.08,-0.01,0.0037,0.0065,15.96,20.55,10.97
239.057,after,93.7,52.1380122,21.1607766,87.3,52.1380115,21.1607773,30,0.48,0.055,255,0.0,0.0,-0.0293,0.0158,3.012,2.369,-0.48,-0.08,319.65,0.01,0.0,0.0,0.03,108415,999,3,0.34,0.07,0.04,0.01,48,-18,-17,0,3.08,-0.01,0.0058,0.0092,15.24,15.94,10.24
239.157,after,93.8,52.1380122,21.1607766,87.3,52.1380115,21.1607773,30,0.48,0.055,255,0.0,0.0,0.0358,-0.0332,3.022,2.369,-0.49,-0.28,319.29,0.01,0.0,0.01,0.04,108415,999,3,0.34,0.07,0.04,0.01,48,35,8,0,3.08,-0.01,0.0045,0.0087,19.71,16.69,10.63
239.257,after,93.9,52.1380121,21.1607765,87.3,52.1380114,21.1607773,30,0.48,0.021,255,0.1673,0.0,-0.0048,0.022,3.018,2.368,-0.38,-0.15,319.06,0.01,0.0,0.02,0.03,108415,999,3,0.34,0.12,0.0,-0.03,48,-59,-12,0,3.08,-0.01,0.0028,0.0098,19.84,17.31,10.75
239.357,after,94.0,52.1380121,21.1607765,87.3,52.1380114,21.1607773,30,0.48,0.021,255,0.0,0.0,-0.0235,-0.0387,3.014,2.367,-0.49,-0.31,318.78,0.01,0.0,0.01,0.03,108415,999,3,0.34,0.12,0.0,-0.03,48,2,16,0,3.08,-0.01,0.0018,0.0049,16.81,19.47,12.45
239.458,after,94.1,52.1380121,21.1607765,87.3,52.1380114,21.1607773,30,0.48,0.04,255,0.0,0.0,0.0165,0.0358,3.01,2.367,-0.46,-0.28,318.57,0.03,0.0,0.02,0.05,108415,999,3,0.34,0.12,0.06,0.0,48,7,-140,0,3.08,-0.01,0.0065,0.0105,18.4,16.31,12.9
239.558,after,94.2,52.1380121,21.1607765,87.3,52.1380114,21.1607773,30,0.48,0.04,255,-0.1674,0.0,-0.047,-0.0288,3.02,2.367,-0.71,-0.17,318.48,0.03,0.0,0.0,0.03,108415,999,3,0.34,0.12,0.06,0.0,48,36,-38,0,3.09,0.0,0.0045,0.0081,16.81,21.06,13.03
239.657,after,94.3,52.1380121,21.1607765,87.3,52.1380113,21.1607773,30,0.48,0.043,255,0.0,0.0,0.0197,-0.0185,3.016,2.367,-0.64,-0.34,318.46,0.02,0.0,0.0,0.04,108415,999,3,0.34,0.1,0.06,-0.01,48,-18,31,0,3.08,0.0,0.0096,0.0142,19.02,23.16,13.04
239.758,after,94.4,52.1380121,21.1607765,87.3,52.1380113,21.1607773,30,0.48,0.043,255,0.0,0.0,-0.0031,0.0407,3.016,2.367,-0.53,-0.16,318.54,0.02,0.0,0.03,0.02,108415,999,3,0.34,0.1,0.06,-0.01,48,-32,-27,0,3.09,0.0,0.0062,0.0119,19.83,20.86,11.63
239.858,after,94.5,52.138012,21.1607765,87.31,52.1380112,21.1607773,30,0.48,0.071,255,0.0,0.0,-0.0137,-0.0703,3.002,2.37,-0.69,-0.32,318.6,0.03,0.0,0.02,0.03,108415,999,3,0.34,0.07,0.04,0.07,48,21,29,0,3.1,0.0,0.0102,0.0198,18.34,22.1,10.51
239.957,after,94.6,52.138012,21.1607765,87.31,52.1380112,21.1607773,30,0.48,0.071,255,0.0,0.0,0.0111,0.0239,3.006,2.374,-0.56,-0.35,318.67,0.03,0.0,0.0,0.05,108415,999,3,0.34,0.07,0.04,0.07,48,-35,-168,0,3.1,0.0,0.0067,0.013,15.9,18.18,10.27
240.057,after,94.7,52.1380119,21.1607765,87.31,52.1380111,21.1607772,30,0.48,0.003,255,0.0,0.0,-0.0024,0.0114,3.012,2.376,-0.54,-0.21,318.78,0.02,0.0,0.01,0.03,108415,999,3,0.34,0.13,-0.02,0.0,48,-17,-22,0,3.1,0.0,0.0036,0.0082,17.25,21.42,12.04
240.157,after,94.8,52.1380119,21.1607764,87.31,52.1380111,21.1607772,30,0.48,0.003,255,0.0,0.0,0.0752,-0.0186,3.007,2.376,-0.39,-0.38,318.87,0.02,0.0,0.01,0.03,108415,999,3,0.34,0.13,-0.02,0.0,48,6,5,0,3.09,0.0,0.0022,0.0051,24.2,21.67,11.68
240.257,after,94.9,52.1380119,21.1607764,87.31,52.1380111,21.1607772,30,0.48,0.06,255,0.0,0.0,0.0187,0.0153,3.002,2.372,-0.15,-0.35,319.04,0.02,0.0,0.04,0.05,108415,999,3,0.34,0.09,0.03,-0.04,48,-89,5,0,3.08,0.0,0.0049,0.0159,23.86,24.89,9.62
240.357,after,95.0,52.1380119,21.1607764,87.3,52.1380111,21.1607772,30,0.48,0.06,255,0.0,0.0,-0.0431,0.0084,2.996,2.364,-0.28,-0.18,319.26,0.02,0.0,0.04,0.03,108415,999,3,0.34,0.09,0.03,-0.04,48,-3,-36,0,3.06,-0.02,0.0049,0.0228,22.47,22.73,10.77
240.457,after,95.1,52.1380118,21.1607764,87.29,52.138011,21.1607772,30,0.48,0.037,255,0.0,-0.1674,0.038,-0.0179,2.994,2.357,-0.3,-0.37,319.41,0.02,0.0,0.04,0.03,108415,999,3,0.34,0.12,0.01,0.0,48,-125,36,0,3.07,-0.01,0.0039,0.0095,20.15,17.41,11.2
240.557,after,95.2,52.1380118,21.1607764,87.29,52.138011,21.1607772,30,0.48,0.037,255,0.0,0.0,-0.0119,0.0123,2.996,2.354,-0.35,-0.27,319.64,0.02,0.0,0.01,0.04,108415,999,3,0.34,0.12,0.01,0.0,48,3,-185,0,3.07,0.0,0.0019,0.0041,15.92,24.29,11.42
240.658,after,95.3,52.1380118,21.1607764,87.29,52.1380109,21.1607773,30,0.48,0.054,255,0.0,0.0,-0.0314,-0.0321,2.996,2.354,-0.46,-0.38,319.83,0.03,0.0,0.03,0.03,108415,999,3,0.34,0.11,0.04,-0.04,48,-143,10,0,3.08,0.0,0.0064,0.0092,16.71,23.5,11.92
240.758,after,95.4,52.1380117,21.1607764,87.29,52.1380109,21.1607773,30,0.48,0.054,255,0.0,0.0,0.0527,-0.0009,2.992,2.353,-0.32,-0.55,319.98,0.03,0.0,0.03,0.03,108415,999,3,0.34,0.11,0.04,-0.04,48,-16,49,0,3.06,0.0,0.0045,0.0098,15.17,24.34,10.92
240.858,after,95.501,52.1380117,21.1607765,87.29,52.1380109,21.1607774,30,0.48,0.039,255,0.0,0.0,0.0117,0.0158,2.994,2.35,-0.2,-0.49,320.18,0.01,0.0,0.0,0.03,108415,999,3,0.34,0.07,0.0,-0.02,48,-17,-2,0,3.06,0.0,0.0042,0.0076,14.89,18.2,10.52
240.957,after,95.6,52.1380117,21.1607765,87.29,52.1380109,21.1607774,30,0.48,0.039,255,0.0,0.0,-0.0218,-0.0645,2.998,2.351,-0.34,-0.62,320.29,0.01,0.0,0.01,0.04,108415,999,3,0.34,0.07,0.0,-0.02,48,35,20,0,3.07,0.0,0.0021,0.0035,20.05,16.64,9.19
241.058,after,95.7,52.1380117,21.1607765,87.29,52.1380108,21.1607774,30,0.48,0.045,255,0.0,0.0,0.0208,0.0152,2.992,2.352,-0.16,-0.71,320.27,0.01,0.0,0.0,0.04,108415,999,3,0.34,0.08,0.04,0.0,48,8,69,0,3.07,0.0,0.0043,0.0072,14.27,15.54,8.89
241.158,after,95.8,52.1380117,21.1607766,87.29,52.1380108,21.1607774,30,0.48,0.045,255,0.0,0.0,-0.0319,-0.0143,2.996,2.352,-0.24,-0.65,320.24,0.01,0.0,0.01,0.03,108415,999,3,0.34,0.08,0.04,0.0,48,172,-20,0,3.07,0.0,0.0024,0.0055,16.08,17.36,8.41
241.258,after,95.9,52.1380116,21.1607766,87.29,52.1380108,21.1607774,29,0.48,0.022,255,-0.1674,0.0,-0.0196,-0.0513,2.996,2.354,-0.42,-0.83,320.11,0.03,0.0,0.01,0.04,108415,999,3,0.34,0.12,0.0,0.0,48,37,11,0,3.08,0.0,0.0028,0.0084,16.13,15.96,8.78
241.357,after,96.0,52.1380116,21.1607766,87.29,52.1380108,21.1607774,29,0.48,0.022,255,0.0,0.0,0.0012,0.0421,2.996,2.358,-0.24,-0.76,319.99,0.03,0.0,0.0,0.04,108415,999,3,0.34,0.12,0.0,0.0,48,-46,-162,0,3.08,0.0,0.0021,0.0068,18.22,17.77,7.96
241.457,after,96.1,52.1380116,21.1607766,87.3,52.1380109,21.1607775,29,0.48,0.025,255,0.0,0.0,-0.0188,0.0042,3.002,2.362,-0.34,-0.65,319.89,0.03,0.0,0.01,0.04,108415,999,3,0.34,0.13,0.04,0.0,48,27,134,0,3.08,0.0,0.0038,0.0068,16.88,17.29,8.18
241.557,after,96.2,52.1380116,21.1607767,87.3,52.1380109,21.1607775,29,0.48,0.025,255,0.0,0.0,0.0299,-0.0183,2.992,2.365,-0.35,-0.77,319.77,0.03,0.0,0.01,0.03,108415,999,3,0.34,0.13,0.04,0.0,48,20,26,0,3.08,0.0,0.0017,0.0022,19.24,17.77,8.96
241.658,after,96.301,52.1380116,21.1607767,87.3,52.1380109,21.1607775,29,0.48,0.038,255,0.0,0.0,-0.0342,0.0376,3.0,2.366,-0.33,-0.59,319.73,0.02,0.0,0.01,0.03,108415,999,3,0.34,0.12,0.0,0.01,48,-34,-3,0,3.09,0.0,0.0028,0.0031,17.27,16.89,9.51
241.758,after,96.4,52.1380116,21.1607767,87.3,52.1380109,21.1607775,29,0.48,0.038,255,0.0,0.0,-0.0269,-0.0187,3.006,2.365,-0.51,-0.6,319.71,0.02,0.0,0.03,0.05,108415,999,3,0.34,0.12,0.0,0.01,48,55,-33,0,3.08,0.0,0.0014,0.0081,18.92,19.77,9.06
241.858,after,96.5,52.1380116,21.1607767,87.29,52.138011,21.1607774,29,0.48,0.062,255,0.0,0.0,0.0403,0.0059,3.002,2.359,-0.49,-0.71,319.69,0.04,0.0,0.04,0.04,108415,999,3,0.34,0.12,-0.01,0.02,48,28,15,0,3.06,-0.02,0.0065,0.0246,16.68,19.42,9.27
241.958,after,96.6,52.1380117,21.1607767,87.29,52.138011,21.1607774,29,0.48,0.062,255,0.0,0.1673,-0.0452,0.0392,2.99,2.351,-0.57,-0.42,319.77,0.04,0.0,0.01,0.03,108415,999,3,0.34,0.12,-0.01,0.02,48,-15,109,0,3.05,-0.03,0.0055,0.0216,17.58,18.62,8.56
242.057,after,96.7,52.1380117,21.1607767,87.28,52.1380111,21.1607774,29,0.48,0.055,255,0.0,0.0,0.0052,-0.009,2.984,2.341,-0.65,-0.45,319.78,0.01,0.0,0.04,0.04,108415,999,3,0.34,0.11,-0.02,-0.01,48,53,-10,0,3.04,-0.03,0.007,0.0272,19.28,21.19,8.63
242.157,after,96.8,52.1380118,21.1607767,87.27,52.1380111,21.1607774,29,0.48,0.055,255,0.0,0.0,0.0298,0.0478,3.0,2.333,-0.57,-0.43,319.82,0.01,0.0,0.01,0.04,108415,999,3,0.34,0.11,-0.02,-0.01,48,13,11,0,3.04,-0.03,0.0047,0.0149,16.36,18.59,9.8
242.258,after,96.9,52.1380118,21.1607767,87.26,52.1380112,21.1607773,29,0.48,0.152,255,0.0,0.0,-0.0406,0.0171,3.004,2.329,-0.71,-0.19,319.88,0.04,0.0,0.01,0.04,108415,999,3,0.34,0.08,-0.12,0.01,48,46,-82,0,3.04,-0.03,0.0132,0.0179,18.37,17.34,10.79
242.358,after,97.0,52.1380119,21.1607767,87.26,52.1380112,21.1607773,29,0.48,0.152,255,0.0,0.0,0.0203,-0.0091,3.008,2.327,-0.69,-0.34,319.87,0.04,0.0,0.01,0.04,108415,999,3,0.34,0.08,-0.12,0.01,48,2,15,0,3.05,-0.03,0.0095,0.0132,14.62,17.76,10.28
242.458,after,97.1,52.138012,21.1607767,87.26,52.1380114,21.1607773,29,0.48,0.022,255,0.0,0.1674,0.0095,0.0607,2.99,2.325,-0.6,-0.14,319.89,0.03,0.0,0.0,0.03,108415,999,3,0.34,0.14,0.02,0.01,48,-17,113,0,3.04,-0.03,0.0063,0.0113,16.27,16.36,11.34
242.558,after,97.2,52.1380121,21.1607767,87.26,52.1380114,21.1607773,29,0.48,0.022,255,0.0,0.0,-0.0487,-0.0324,2.996,2.322,-0.82,-0.02,319.91,0.03,0.0,0.01,0.03,108415,999,3,0.34,0.14,0.02,0.01,48,184,95,0,3.04,-0.03,0.0047,0.0099,16.11,16.64,13.04
242.657,after,97.3,52.1380121,21.1607767,87.26,52.1380115,21.1607773,29,0.48,0.078,255,0.0,0.0,0.0049,-0.0254,3.006,2.321,-0.82,-0.16,319.86,0.0,0.0,0.01,0.04,108415,999,3,0.34,0.07,-0.01,0.0,48,-129,31,0,3.04,-0.03,0.0039,0.0063,17.59,18.02,11.67
242.758,after,97.4,52.1380122,21.1607767,87.26,52.1380115,21.1607773,29,0.48,0.078,255,0.0,0.0,0.0171,0.0485,3.0,2.321,-0.65,-0.05,319.84,0.0,0.0,0.01,0.04,108415,999,3,0.34,0.07,-0.01,0.0,48,-11,10,0,3.05,-0.03,0.0028,0.0057,18.35,14.53,11.66
242.858,after,97.5,52.1380122,21.1607767,87.26,52.1380116,21.1607773,29,0.48,0.01,255,0.0,0.0,-0.0211,-0.0114,3.002,2.323,-0.81,0.04,319.85,0.01,0.0,0.02,0.04,108415,999,3,0.34,0.13,0.02,-0.01,48,44,-50,0,3.05,-0.03,0.0004,0.0068,18.77,16.3,11.56
242.957,after,97.6,52.1380122,21.1607767,87.26,52.1380116,21.1607773,29,0.48,0.01,255,0.0,0.0,-0.0035,-0.0344,3.006,2.326,-0.8,-0.07,319.85,0.01,0.0,0.0,0.03,108415,999,3,0.34,0.13,0.02,-0.01,48,5,8,0,3.05,-0.03,0.0005,0.006,15.74,22.86,10.76
243.057,after,97.7,52.1380122,21.1607767,87.26,52.1380116,21.1607773,29,0.48,0.01,255,0.0,0.0,0.0129,-0.0028,3.002,2.327,-0.75,-0.2,319.86,0.01,0.0,0.01,0.03,108415,999,3,0.34,0.14,0.01,0.0,48,2,34,0,3.05,-0.03,0.0018,0.0045,15.31,18.95,10.5
243.158,after,97.8,52.1380122,21.1607767,87.26,52.1380116,21.1607773,29,0.48,0.01,255,0.0,0.0,0.035,0.0156,3.004,2.328,-0.64,-0.25,319.92,0.01,0.0,0.0,0.03,108415,999,3,0.34,0.14,0.01,0.0,48,-10,30,0,3.06,-0.03,0.0014,0.005,13.94,18.83,8.72
243.258,after,97.9,52.1380122,21.1607767,87.26,52.1380116,21.1607773,29,0.48,0.021,255,0.0,0.0,-0.0326,0.0259,3.006,2.328,-0.75,-0.09,320.07,0.02,0.0,0.03,0.03,108415,999,3,0.34,0.13,0.0,0.0,48,31,-14,0,3.05,-0.02,0.0015,0.0017,18.41,17.11,8.7
243.357,after,98.0,52.1380122,21.1607767,87.26,52.1380116,21.1607773,29,0.48,0.021,255,0.0,0.0,-0.0088,-0.0148,3.008,2.327,-0.83,-0.13,320.18,0.02,0.0,0.0,0.04,108415,999,3,0.34,0.13,0.0,0.0,48,25,-16,0,3.05,-0.03,0.0011,0.0013,17.84,17.41,9.72
243.457,after,98.1,52.1380122,21.1607766,87.26,52.1380116,21.1607773,29,0.48,0.033,255,0.0,0.0,0.0272,-0.0157,3.002,2.326,-0.78,-0.33,320.22,0.04,0.0,0.02,0.04,108415,999,3,0.34,0.13,-0.02,0.0,48,14,30,0,3.06,-0.03,0.0037,0.0046,15.73,20.69,10.04
243.558,after,98.2,52.1380122,21.1607766,87.26,52.1380116,21.1607773,29,0.48,0.033,255,0.0,-0.1674,0.0303,0.0037,3.008,2.328,-0.7,-0.37,320.22,0.04,0.0,0.01,0.02,108415,999,3,0.34,0.13,-0.02,0.0,48,-8,-7,0,3.06,-0.02,0.0033,0.0083,16.19,17.63,10.47
243.658,after,98.3,52.1380122,21.1607766,87.27,52.1380117,21.1607773,29,0.48,0.021,255,0.0,0.0,0.0416,0.0127,3.012,2.33,-0.52,-0.32,320.24,0.01,0.0,0.0,0.03,108415,999,3,0.34,0.06,-0.03,-0.03,48,141,-17,0,3.06,-0.02,0.0049,0.0082,15.31,17.26,11.6
243.758,after,98.4,52.1380123,21.1607766,87.27,52.1380117,21.1607773,29,0.48,0.021,255,0.0,0.0,-0.0144,0.0377,3.018,2.332,-0.38,-0.07,320.3,0.01,0.0,0.01,0.04,108415,999,3,0.34,0.06,-0.03,-0.03,48,114,-45,0,3.07,-0.02,0.0037,0.0086,18.96,23.14,10.94
243.858,after,98.5,52.1380123,21.1607766,87.27,52.1380117,21.1607773,29,0.48,0.059,255,0.0,0.0,-0.0596,0.0115,3.02,2.335,-0.54,0.03,320.37,0.05,0.0,0.0,0.03,108415,999,3,0.34,0.12,0.01,0.04,48,4,-11,0,3.08,-0.02,0.0057,0.0146,21.24,20.52,10.98
243.958,after,98.6,52.1380123,21.1607766,87.27,52.1380117,21.1607773,29,0.48,0.059,255,0.0,0.0,-0.029,-0.0157,3.022,2.339,-0.81,-0.05,320.38,0.05,0.0,0.0,0.03,108415,999,3,0.34,0.12,0.01,0.04,48,52,21,0,3.08,-0.02,0.004,0.012,16.58,21.59,10.13
244.058,after,98.7,52.1380122,21.1607766,87.28,52.1380117,21.1607771,29,0.48,0.037,255,0.0,0.0,0.0167,-0.053,3.012,2.343,-0.83,-0.27,320.31,0.02,0.0,0.0,0.03,108415,999,3,0.34,0.11,0.03,0.01,48,4,-110,0,3.08,-0.02,0.0055,0.0123,15.55,17.63,9.68
244.158,after,98.8,52.1380122,21.1607766,87.28,52.1380117,21.1607771,29,0.48,0.037,255,0.0,-0.1673,0.0282,-0.0556,3.016,2.344,-0.68,-0.49,320.22,0.02,0.0,0.02,0.03,108415,999,3,0.34,0.11,0.03,0.01,48,-35,31,0,3.07,-0.01,0.0029,0.0037,18.27,16.11,9.71
244.257,after,98.9,52.1380122,21.1607765,87.28,52.1380116,21.1607771,29,0.48,0.066,255,0.0,0.0,0.0154,0.0247,3.008,2.341,-0.42,-0.45,320.21,0.04,0.0,0.0,0.04,108415,999,3,0.34,0.11,0.05,0.01,48,-57,37,0,3.06,-0.02,0.0067,0.0115,15.79,23.3,11.61
244.358,after,99.0,52.1380122,21.1607765,87.27,52.1380116,21.1607771,29,0.48,0.066,255,0.0,0.0,-0.0104,0.042,3.01,2.336,-0.46,-0.21,320.27,0.04,0.0,0.0,0.03,108415,999,3,0.34,0.11,0.05,0.01,48,0,-29,0,3.06,-0.03,0.0045,0.0098,15.84,19.23,11.45
244.457,after,99.1,52.1380122,21.1607765,87.27,52.1380115,21.1607771,29,0.48,0.024,255,0.0,0.0,-0.0316,-0.0728,3.002,2.333,-0.64,-0.36,320.33,0.04,0.0,0.0,0.03,108415,999,3,0.34,0.13,0.0,0.0,48,20,1,0,3.07,-0.02,0.0036,0.0058,21.71,22.27,8.43
244.557,after,99.2,52.1380122,21.1607765,87.27,52.1380115,21.1607771,29,0.48,0.024,255,0.1674,-0.1674,0.0082,-0.0006,3.014,2.332,-0.53,-0.5,320.39,0.04,0.0,0.0,0.04,108415,999,3,0.34,0.13,0.0,0.0,48,-206,43,0,3.06,-0.02,0.0019,0.0034,16.47,19.17,9.34
244.657,after,99.3,52.1380122,21.1607765,87.26,52.1380115,21.1607771,29,0.48,0.07,255,0.0,0.0,0.0243,0.0414,3.006,2.33,-0.39,-0.36,320.52,0.02,0.0,0.0,0.04,108415,999,3,0.34,0.08,0.07,-0.01,48,-33,-18,0,3.06,-0.03,0.0076,0.0101,14.67,20.04,9.73
244.758,after,99.4,52.1380121,21.1607765,87.26,52.1380115,21.1607771,29,0.48,0.07,255,0.0,0.0,-0.0449,-0.0068,3.006,2.327,-0.66,-0.19,320.68,0.02,0.0,0.0,0.04,108415,999,3,0.34,0.08,0.07,-0.01,48,53,-32,0,3.06,-0.03,0.0048,0.0068,16.3,17.34,9.28
244.858,after,99.5,52.1380121,21.1607765,87.26,52.1380114,21.1607772,29,0.48,0.036,255,0.0,0.0,0.0075,-0.0365,3.018,2.328,-0.69,-0.42,320.74,0.01,0.0,0.04,0.03,108415,999,3,0.34,0.08,-0.01,-0.02,48,-6,54,0,3.07,-0.01,0.004,0.0117,13.82,18.94,9.29
244.957,after,99.6,52.1380121,21.1607765,87.26,52.1380114,21.1607772,29,0.48,0.036,255,0.0,-0.1673,0.0451,0.006,2.996,2.33,-0.57,-0.56,320.75,0.01,0.0,0.0,0.02,108415,999,3,0.34,0.08,-0.01,-0.02,48,-2,-118,0,3.07,-0.02,0.0025,0.0065,11.43,16.72,10.62
245.058,after,99.7,52.138012,21.1607765,87.27,52.1380114,21.1607773,29,0.48,0.06,255,0.0,0.1673,0.0007,0.0197,3.0,2.33,-0.54,-0.46,320.84,0.02,0.0,0.02,0.03,108415,999,3,0.34,0.1,0.05,-0.02,48,-32,-20,0,3.06,-0.02,0.0058,0.0074,13.48,22.12,11.08
245.158,after,99.8,52.138012,21.1607766,87.26,52.1380114,21.1607773,29,0.48,0.06,255,0.0,0.0,-0.0432,-0.0113,3.002,2.329,-0.67,-0.44,320.92,0.02,0.0,0.01,0.03,108415,999,3,0.34,0.1,0.05,-0.02,48,-4,-6,0,3.06,-0.02,0.0037,0.0058,19.49,19.56,10.17
245.258,after,99.9,52.138012,21.1607767,87.26,52.1380114,21.1607773,29,0.48,0.047,255,0.0,-0.1673,0.0083,-0.0649,2.992,2.329,-0.75,-0.71,320.92,0.06,0.0,0.02,0.03,108415,999,3,0.34,0.13,-0.02,-0.04,48,26,38,0,3.07,-0.02,0.0061,0.0074,20.07,17.23,8.95
245.358,after,100.0,52.138012,21.1607767,87.27,52.1380114,21.1607773,29,0.48,0.047,255,0.0,0.0,-0.0128,-0.0099,3.004,2.331,-0.7,-0.8,320.86,0.06,0.0,0.0,0.03,108415,999,3,0.34,0.13,-0.02,-0.04,48,-24,25,0,3.07,-0.01,0.0043,0.0061,15.44,25.04,10.42
245.458,after,100.1,52.138012,21.1607767,87.27,52.1380114,21.1607774,29,0.48,0.029,255,0.0,0.0,0.0381,0.0662,3.006,2.333,-0.59,-0.66,320.82,0.06,0.0,0.02,0.04,108415,999,3,0.34,0.14,0.0,-0.01,48,-17,-4,0,3.07,-0.01,0.006,0.0093,12.28,22.95,9.5
245.558,after,100.2,52.138012,21.1607767,87.27,52.1380114,21.1607774,29,0.48,0.029,255,0.0,0.0,-0.0309,0.0101,2.992,2.335,-0.71,-0.43,320.85,0.06,0.0,0.0,0.05,108415,999,3,0.34,0.14,0.0,-0.01,48,31,119,0,3.07,-0.01,0.0038,0.0065,11.65,18.5,8.15
245.658,after,100.3,52.138012,21.1607767,87.27,52.1380114,21.1607774,29,0.48,0.024,255,-0.1673,-0.1673,0.0157,-0.0061,3.004,2.336,-0.77,-0.62,320.8,0.02,0.0,0.05,0.02,108415,999,3,0.34,0.12,0.0,0.0,48,-147,49,0,3.06,-0.01,0.0022,0.0063,15.3,16.49,9.51
245.758,after,100.4,52.138012,21.1607767,87.27,52.1380114,21.1607774,29,0.48,0.024,255,0.0,0.0,0.0293,0.0253,3.002,2.334,-0.72,-0.59,320.81,0.02,0.0,0.0,0.04,108415,999,3,0.34,0.12,0.0,0.0,48,-5,-8,0,3.06,-0.01,0.0018,0.0062,17.64,12.65,8.45
245.858,after,100.5,52.138012,21.1607767,87.27,52.1380115,21.1607773,29,0.48,0.051,255,0.0,0.0,-0.0473,0.0521,3.002,2.333,-0.73,-0.28,320.85,0.01,0.0,0.01,0.04,108415,999,3,0.34,0.08,-0.02,0.03,48,128,-47,0,3.07,-0.01,0.0052,0.0077,16.1,16.83,9.41
245.957,after,100.6,52.138012,21.1607767,87.27,52.1380115,21.1607773,29,0.48,0.051,255,0.0,0.0,-0.0018,-0.0353,3.002,2.334,-0.85,-0.31,320.79,0.01,0.0,0.0,0.03,108415,999,3,0.34,0.08,-0.02,0.03,48,49,-46,0,3.07,-0.01,0.0038,0.006,14.36,18.18,10.2
246.057,after,100.7,52.138012,21.1607767,87.27,52.1380115,21.1607772,29,0.48,0.04,255,0.0,0.0,0.002,-0.0157,2.992,2.335,-0.82,-0.33,320.71,0.01,0.0,0.01,0.03,108415,999,3,0.34,0.07,0.02,-0.03,48,-8,13,0,3.07,-0.01,0.0011,0.0029,16.18,16.75,9.26
246.157,after,100.8,52.138012,21.1607767,87.27,52.1380115,21.1607772,29,0.48,0.04,255,0.1674,0.0,0.0444,0.0283,3.01,2.336,-0.56,-0.33,320.6,0.01,0.0,0.01,0.03,108415,999,3,0.34,0.07,0.02,-0.03,48,-27,22,0,3.08,-0.01,0.0009,0.0049,17.23,18.66,10.51
246.258,after,100.9,52.138012,21.1607767,87.27,52.1380115,21.1607772,29,0.48,0.015,255,0.0,0.0,0.0134,0.0197,3.01,2.334,-0.61,-0.22,320.51,0.04,0.0,0.03,0.04,108415,999,3,0.34,0.13,0.01,-0.02,48,26,-26,0,3.05,-0.01,0.0055,0.0147,17.16,20.19,12.96
246.358,after,101.0,52.138012,21.1607767,87.26,52.1380115,21.1607772,29,0.48,0.015,255,0.0,0.1673,-0.0589,0.0021,2.998,2.328,-0.76,-0.16,320.48,0.04,0.0,0.0,0.04,108415,999,3,0.34,0.13,0.01,-0.02,48,1,-12,0,3.05,-0.03,0.0039,0.0102,14.09,21.17,12.69
246.458,after,101.1,52.138012,21.1607767,87.26,52.1380114,21.1607772,29,0.48,0.056,255,0.0,0.0,0.0068,-0.0424,3.012,2.326,-0.91,-0.39,320.42,0.03,0.0,0.02,0.04,108415,999,3,0.34,0.09,0.07,-0.03,48,42,48,0,3.06,-0.02,0.0062,0.0071,14.53,16.79,9.93
246.558,after,101.2,52.138012,21.1607767,87.26,52.1380114,21.1607772,29,0.48,0.056,255,0.0,0.0,0.0208,-0.0347,3.013,2.327,-0.86,-0.6,320.3,0.03,0.0,0.0,0.03,108415,999,3,0.34,0.09,0.07,-0.03,48,4,-120,0,3.07,-0.02,0.0039,0.0056,15.67,12.06,9.96
246.658,after,101.3,52.138012,21.1607767,87.26,52.1380114,21.1607773,29,0.48,0.012,255,0.0,0.0,0.0209,0.0037,2.994,2.327,-0.53,-0.53,320.21,0.01,0.0,0.0,0.05,108415,999,3,0.34,0.13,0.03,-0.01,48,82,-34,0,3.06,-0.02,0.0057,0.0067,19.16,13.09,9.55
246.758,after,101.4,52.138012,21.1607767,87.26,52.1380114,21.1607773,29,0.48,0.012,255,0.1673,0.0,0.043,0.0258,2.998,2.324,-0.39,-0.46,320.2,0.01,0.0,0.02,0.03,108415,999,3,0.34,0.13,0.03,-0.01,48,-5,170,0,3.06,-0.02,0.004,0.0085,16.96,14.49,8.65
246.857,after,101.5,52.138012,21.1607767,87.26,52.1380114,21.1607772,29,0.48,0.014,255,0.0,0.0,0.0028,-0.0059,2.994,2.322,-0.41,-0.44,320.28,0.01,0.0,0.02,0.03,108415,999,3,0.34,0.13,0.0,0.0,48,-19,-14,0,3.06,-0.02,0.0022,0.0023,15.33,17.15,10.14
246.957,after,101.6,52.138012,21.1607767,87.25,52.1380114,21.1607772,29,0.48,0.014,255,0.0,0.0,-0.0558,0.0147,2.994,2.32,-0.55,-0.4,320.39,0.01,0.0,0.02,0.03,108415,999,3,0.34,0.13,0.0,0.0,48,-6,7,0,3.05,-0.02,0.0023,0.0066,14.87,21.2,11.5
247.058,after,101.7,52.138012,21.1607767,87.25,52.1380114,21.1607772,29,0.48,0.02,255,0.0,0.0,-0.0325,-0.0317,2.986,2.317,-0.82,-0.43,320.5,0.01,0.0,0.01,0.02,108415,999,3,0.34,0.1,0.0,0.0,48,54,-2,0,3.05,-0.02,0.0017,0.0067,15.12,16.48,10.24
247.157,after,101.8,52.138012,21.1607767,87.25,52.1380114,21.1607772,29,0.48,0.02,255,0.0,-0.1673,-0.0177,-0.0397,2.996,2.315,-0.91,-0.54,320.58,0.01,0.0,0.02,0.03,108415,999,3,0.34,0.1,0.0,0.0,48,15,0,0,3.04,-0.02,0.0022,0.0095,20.86,19.16,8.78
247.257,after,101.9,52.138012,21.1607767,87.25,52.1380114,21.1607772,29,0.48,0.04,255,0.0,0.0,0.05,0.0166,3.0,2.311,-0.75,-0.66,320.59,0.02,0.0,0.0,0.02,108415,999,3,0.34,0.12,-0.02,-0.01,48,-28,16,0,3.04,-0.02,0.0044,0.0121,20.19,21.14,8.61
247.357,after,102.0,52.138012,21.1607766,87.24,52.1380114,21.1607772,29,0.48,0.04,255,0.0,0.0,0.0381,0.0418,2.998,2.307,-0.58,-0.51,320.68,0.02,0.0,0.0,0.04,108415,999,3,0.34,0.12,-0.02,-0.01,48,-30,-15,0,3.04,-0.03,0.0033,0.0074,21.66,22.34,9.69
247.458,after,102.1,52.138012,21.1607766,87.24,52.1380115,21.1607772,29,0.48,0.037,255,0.0,0.0,-0.0362,0.0348,2.998,2.305,-0.67,-0.28,320.83,0.01,0.0,0.0,0.04,108415,999,3,0.34,0.08,-0.04,0.0,48,-17,-49,0,3.04,-0.04,0.0063,0.0094,22.47,20.97,9.64
247.558,after,102.2,52.138012,21.1607766,87.24,52.1380115,21.1607772,29,0.48,0.037,255,0.0,0.0,-0.037,0.0207,3.002,2.305,-0.88,-0.18,320.96,0.01,0.0,0.01,0.03,108415,999,3,0.34,0.08,-0.04,0.0,48,29,-26,0,3.05,-0.03,0.0046,0.0068,19.98,20.47,9.48
247.658,after,102.3,52.1380121,21.1607766,87.24,52.1380116,21.1607771,29,0.48,0.089,255,0.0,-0.1673,0.0215,-0.0211,3.002,2.306,-0.9,-0.31,320.99,0.02,0.0,0.0,0.05,108415,999,3,0.33,0.07,-0.05,0.0,48,18,15,0,3.05,-0.03,0.009,0.0123,20.28,18.29,9.4
247.758,after,102.4,52.1380121,21.1607765,87.24,52.1380116,21.1607771,29,0.48,0.089,255,0.0,0.0,0.029,-0.0249,3.016,2.307,-0.81,-0.43,320.95,0.02,0.0,0.0,0.04,108415,999,3,0.33,0.07,-0.05,0.0,48,-7,-7,0,3.05,-0.03,0.0064,0.0092,20.48,17.56,9.01
247.858,after,102.5,52.1380122,21.1607765,87.24,52.1380117,21.160777,29,0.48,0.044,255,0.0,0.0,0.0074,0.0204,3.007,2.308,-0.61,-0.3,320.86,0.02,0.0,0.02,0.02,108415,999,3,0.33,0.12,-0.02,0.0,48,-54,-45,0,3.05,-0.03,0.0068,0.0109,15.48,26.33,8.97
247.958,after,102.6,52.1380122,21.1607765,87.24,52.1380117,21.160777,29,0.48,0.044,255,0.0,0.0,0.0063,0.0377,3.01,2.31,-0.5,-0.1,320.8,0.02,0.0,0.03,0.05,108415,999,3,0.33,0.12,-0.02,0.0,48,124,-43,0,3.06,-0.03,0.0049,0.0139,15.13,21.91,10.81
248.057,after,102.7,52.1380122,21.1607764,87.25,52.1380118,21.160777,29,0.48,0.016,255,0.0,0.0,-0.0479,0.0345,3.008,2.313,-0.6,0.09,320.76,0.02,0.0,0.02,0.03,108415,999,3,0.33,0.14,0.0,0.0,48,0,134,0,3.06,-0.02,0.0036,0.0095,14.57,14.54,10.63
248.157,after,102.8,52.1380123,21.1607764,87.25,52.1380118,21.160777,29,0.48,0.016,255,-0.1674,0.0,-0.0143,-0.0231,3.018,2.315,-0.82,0.12,320.7,0.02,0.0,0.0,0.01,108415,999,3,0.33,0.14,0.0,0.0,48,-131,0,0,3.06,-0.02,0.0025,0.0081,18.09,14.11,11.93
248.258,after,102.9,52.1380123,21.1607764,87.25,52.1380118,21.1607769,29,0.48,0.04,255,0.0,0.0,0.0567,-0.0017,3.016,2.316,-0.69,0.05,320.66,0.04,0.0,0.01,0.01,108415,999,3,0.33,0.14,-0.02,0.0,48,-2,11,0,3.06,-0.02,0.0038,0.0057,14.92,13.89,10.22
248.358,after,103.0,52.1380123,21.1607764,87.25,52.1380118,21.1607769,29,0.48,0.04,255,0.0,0.0,0.0057,0.0352,3.006,2.314,-0.49,0.23,320.72,0.04,0.0,0.0,0.03,108415,999,3,0.33,0.14,-0.02,0.0,48,-76,-19,0,3.06,-0.03,0.0026,0.004,16.65,13.96,9.35
248.457,after,103.1,52.1380123,21.1607763,87.25,52.1380119,21.1607769,29,0.48,0.02,255,-0.1674,0.1674,-0.0482,0.0175,3.002,2.31,-0.62,0.34,320.84,0.01,0.0,0.0,0.03,108415,999,3,0.33,0.13,-0.01,0.0,48,3,-34,0,3.05,-0.04,0.0033,0.0058,19.99,16.38,7.54
248.557,after,103.2,52.1380124,21.1607763,87.24,52.1380119,21.1607769,29,0.48,0.02,255,0.0,0.0,0.007,-0.038,3.01,2.309,-0.68,0.24,320.91,0.01,0.0,0.02,0.03,108415,999,3,0.33,0.13,-0.01,0.0,48,18,10,0,3.06,-0.02,0.0017,0.006,14.71,13.7,8.04
248.658,after,103.3,52.1380124,21.1607764,87.24,52.1380119,21.1607769,29,0.48,0.032,255,0.0,-0.1674,0.0222,-0.0325,3.008,2.308,-0.65,0.03,320.96,0.02,0.0,0.01,0.02,108415,999,3,0.33,0.13,0.03,0.0,48,4,-112,0,3.05,-0.03,0.003,0.0039,14.61,22.42,10.61
248.758,after,103.4,52.1380124,21.1607764,87.24,52.1380119,21.1607769,29,0.48,0.032,255,0.0,0.0,-0.0279,0.039,3.018,2.305,-0.56,0.18,321.03,0.02,0.0,0.0,0.05,108415,999,3,0.33,0.13,0.03,0.0,48,-28,-36,0,3.05,-0.03,0.002,0.0023,18.19,19.05,8.74
248.858,after,103.5,52.1380123,21.1607764,87.24,52.1380118,21.1607769,29,0.48,0.061,255,0.0,0.0,-0.0221,-0.0169,3.008,2.306,-0.73,0.22,321.08,0.02,0.0,0.02,0.03,108415,999,3,0.33,0.1,0.0,-0.02,48,25,3,0,3.06,-0.02,0.0025,0.009,20.43,18.8,10.0
248.957,after,103.6,52.1380123,21.1607764,87.24,52.1380118,21.1607769,29,0.48,0.061,255,0.0,-0.1674,-0.0093,-0.072,3.012,2.308,-0.82,-0.05,321.0,0.02,0.0,0.0,0.03,108415,999,3,0.33,0.1,0.0,-0.02,48,-138,33,0,3.06,-0.02,0.0018,0.0069,16.21,19.56,10.15
249.057,after,103.7,52.1380123,21.1607764,87.25,52.1380118,21.1607771,29,0.48,0.081,255,0.0,-0.1674,0.0143,-0.0326,3.012,2.311,-0.71,-0.27,320.79,0.02,0.0,0.0,0.04,108415,999,3,0.33,0.11,0.02,-0.03,48,-13,74,0,3.07,-0.02,0.005,0.0104,12.38,16.95,11.34
249.158,after,103.8,52.1380123,21.1607765,87.25,52.1380118,21.1607771,29,0.48,0.081,255,0.1674,0.0,0.047,0.0173,3.004,2.313,-0.53,-0.33,320.5,0.02,0.0,0.0,0.01,108415,999,3,0.33,0.11,0.02,-0.03,48,-14,56,0,3.07,-0.02,0.0034,0.007,12.24,13.66,10.44
249.257,after,103.9,52.1380123,21.1607765,87.25,52.1380118,21.1607773,29,0.48,0.069,255,0.0,0.0,-0.0076,0.0064,3.01,2.314,-0.61,-0.35,320.18,0.03,0.0,0.01,0.04,108415,999,3,0.33,0.11,-0.04,-0.02,48,22,19,0,3.07,-0.02,0.0048,0.007,11.04,16.79,9.6
249.357,after,104.0,52.1380123,21.1607766,87.25,52.1380118,21.1607773,29,0.48,0.069,255,0.0,0.0,-0.0344,0.0155,3.016,2.314,-0.76,-0.24,319.91,0.03,0.0,0.0,0.02,108415,999,3,0.33,0.11,-0.04,-0.02,48,32,-19,0,3.06,-0.02,0.0029,0.0043,18.75,16.81,9.45
249.457,after,104.1,52.1380123,21.1607767,87.25,52.1380118,21.1607774,29,0.48,0.058,255,0.0,0.0,-0.0282,-0.021,3.008,2.314,-0.91,-0.3,319.7,0.01,0.0,0.0,0.02,108415,999,3,0.33,0.06,-0.02,-0.01,48,39,14,0,3.06,-0.03,0.0039,0.0055,19.57,19.65,10.76
249.558,after,104.2,52.1380123,21.1607768,87.25,52.1380118,21.1607774,29,0.48,0.058,255,0.0,0.0,-0.0419,-0.0079,3.014,2.313,-1.04,-0.41,319.56,0.01,0.0,0.01,0.02,108415,999,3,0.33,0.06,-0.02,-0.01,48,13,36,0,3.06,-0.03,0.0023,0.0051,16.92,22.91,10.56
249.658,after,104.3,52.1380123,21.1607768,87.25,52.1380118,21.1607775,29,0.48,0.041,255,0.0,0.0,-0.0139,-0.0292,3.014,2.312,-1.16,-0.54,319.5,0.01,0.0,0.0,0.03,108415,999,3,0.33,0.13,0.0,0.0,48,27,39,0,3.06,-0.03,0.0016,0.0025,15.54,20.06,10.42
249.758,after,104.4,52.1380123,21.1607769,87.25,52.1380118,21.1607775,29,0.48,0.041,255,0.0,-0.1674,0.0189,-0.008,3.02,2.311,-1.19,-0.71,319.52,0.01,0.0,0.01,0.04,108415,999,3,0.33,0.13,0.0,0.0,48,16,45,0,3.06,-0.03,0.0007,0.0037,16.7,25.28,10.47
249.858,after,104.5,52.1380123,21.1607769,87.25,52.1380117,21.1607776,29,0.48,0.081,255,0.0,0.0,-0.0023,-0.0105,3.018,2.311,-1.16,-0.7,319.5,0.02,0.0,0.02,0.03,108415,999,3,0.33,0.11,0.04,0.0,48,-17,-1,0,3.07,-0.03,0.0043,0.0082,17.74,19.82,10.96
249.958,after,104.6,52.1380123,21.1607769,87.25,52.1380117,21.1607776,29,0.48,0.081,255,0.0,0.0,-0.0099,-0.007,3.018,2.312,-1.2,-0.63,319.45,0.02,0.0,0.01,0.02,108415,999,3,0.33,0.11,0.04,0.0,48,-9,-16,0,3.07,-0.02,0.0029,0.0037,21.14,21.33,10.74
250.058,after,104.7,52.1380123,21.1607769,87.25,52.1380116,21.1607776,29,0.48,0.096,255,0.0,0.0,0.0111,0.0091,3.018,2.311,-1.05,-0.53,319.39,0.02,0.0,0.0,0.03,108415,999,3,0.33,0.09,0.03,0.0,48,-57,-13,0,3.06,-0.03,0.0052,0.0068,20.09,18.86,13.13
250.157,after,104.8,52.1380122,21.1607768,87.25,52.1380116,21.1607776,29,0.48,0.096,255,0.0,0.0,0.0468,0.016,3.006,2.311,-0.81,-0.53,319.37,0.02,0.0,0.04,0.03,108415,999,3,0.33,0.09,0.03,0.0,48,-44,13,0,3.07,-0.02,0.0039,0.0113,17.81,20.44,12.46
250.258,after,104.9,52.1380122,21.1607768,87.25,52.1380116,21.1607775,29,0.48,0.063,255,0.0,0.0,0.0448,0.0515,3.0,2.312,-0.59,-0.36,319.47,0.04,0.0,0.01,0.05,108415,999,3,0.33,0.13,-0.08,0.03,48,-36,-17,0,3.07,-0.02,0.0062,0.0078,15.61,22.82,11.84
250.358,after,105.0,52.1380122,21.1607767,87.25,52.1380116,21.1607775,29,0.48,0.063,255,0.0,0.0,-0.0318,0.015,2.994,2.312,-0.72,-0.15,319.68,0.04,0.0,0.0,0.03,108415,999,3,0.33,0.13,-0.08,0.03,48,32,-45,0,3.07,-0.01,0.0043,0.0058,13.9,16.88,10.04
250.458,after,105.1,52.1380122,21.1607767,87.25,52.1380117,21.1607775,29,0.48,0.01,255,0.0,0.0,0.0005,0.0061,3.005,2.312,-0.76,-0.22,319.86,0.01,0.0,0.0,0.01,108415,999,3,0.33,0.1,-0.01,-0.04,48,10,-1,0,3.07,-0.01,0.0041,0.0064,16.47,20.12,10.0
250.558,after,105.2,52.1380122,21.1607767,87.25,52.1380117,21.1607775,29,0.48,0.01,255,0.0,0.0,0.0206,-0.0096,3.006,2.313,-0.73,-0.3,320.03,0.01,0.0,0.02,0.04,108415,999,3,0.33,0.1,-0.01,-0.04,48,-18,-1,0,3.08,-0.01,0.0028,0.0086,13.97,17.81,10.22
250.658,after,105.3,52.1380122,21.1607767,87.25,52.1380116,21.1607775,29,0.48,0.084,255,0.0,0.0,0.0262,-0.0001,2.986,2.314,-0.63,-0.34,320.13,0.02,0.0,0.02,0.03,108415,999,3,0.33,0.07,0.07,-0.03,48,-26,4,0,3.07,-0.01,0.0064,0.0072,16.23,15.88,10.43
250.758,after,105.4,52.1380122,21.1607767,87.25,52.1380116,21.1607775,29,0.48,0.084,255,0.0,0.0,-0.0221,0.02,2.996,2.312,-0.63,-0.19,320.22,0.02,0.0,0.0,0.03,108415,999,3,0.33,0.07,0.07,-0.03,48,-30,-35,0,3.06,-0.01,0.0045,0.0062,17.79,16.95,10.09
250.858,after,105.501,52.1380121,21.1607767,87.25,52.1380116,21.1607774,29,0.48,0.041,255,0.0,0.0,-0.0066,0.0191,2.992,2.311,-0.62,-0.02,320.38,0.0,0.0,0.01,0.02,108415,999,3,0.33,0.07,0.0,0.0,48,-19,-39,0,3.07,0.0,0.0024,0.0036,18.14,18.91,10.81
250.957,after,105.6,52.1380121,21.1607766,87.25,52.1380116,21.1607774,29,0.48,0.041,255,0.0,0.0,-0.0234,-0.0091,2.99,2.313,-0.66,-0.06,320.55,0.0,0.0,0.01,0.02,108415,999,3,0.33,0.07,0.0,0.0,48,-5,12,0,3.07,0.0,0.0018,0.0049,18.08,23.48,11.68
251.058,after,105.7,52.1380121,21.1607766,87.25,52.1380115,21.1607773,29,0.48,0.031,255,0.0,0.0,0.0105,-0.0392,2.982,2.313,-0.65,-0.22,320.72,0.0,0.0,0.03,0.04,108415,999,3,0.33,0.09,0.0,-0.01,48,-21,32,0,3.06,0.0,0.0011,0.0049,14.35,22.86,10.44
251.157,after,105.8,52.1380121,21.1607766,87.25,52.1380115,21.1607773,29,0.48,0.031,255,0.0,0.0,0.0064,-0.0228,2.984,2.312,-0.6,-0.39,320.91,0.0,0.0,0.01,0.04,108415,999,3,0.33,0.09,0.0,-0.01,48,-17,45,0,3.06,-0.01,0.0013,0.0075,14.73,15.56,9.32
251.257,after,105.9,52.138012,21.1607766,87.24,52.1380115,21.1607774,29,0.48,0.05,255,0.0,0.0,0.0125,-0.0331,2.99,2.309,-0.55,-0.51,321.12,0.03,0.0,0.0,0.02,108415,999,3,0.33,0.09,0.03,-0.05,48,154,11,0,3.06,-0.01,0.0057,0.0104,16.36,17.6,7.5
251.357,after,106.0,52.138012,21.1607766,87.24,52.1380115,21.1607774,29,0.48,0.05,255,0.0,0.0,0.016,-0.0066,2.996,2.308,-0.43,-0.55,321.29,0.03,0.0,0.0,0.03,108415,999,3,0.33,0.09,0.03,-0.05,48,-28,-136,0,3.06,-0.01,0.0037,0.0077,19.09,15.67,7.23
251.457,after,106.1,52.138012,21.1607766,87.24,52.1380114,21.1607773,29,0.48,0.054,255,0.1674,0.0,-0.0079,-0.0069,3.002,2.306,-0.45,-0.54,321.42,0.03,0.0,0.0,0.03,108415,999,3,0.33,0.11,0.0,0.03,48,-12,8,0,3.05,-0.01,0.0038,0.0102,13.16,16.57,9.65
251.558,after,106.2,52.138012,21.1607766,87.24,52.1380114,21.1607773,29,0.48,0.054,255,0.0,0.0,0.0001,-0.0046,2.998,2.305,-0.47,-0.53,321.48,0.03,0.0,0.01,0.03,108415,999,3,0.33,0.11,0.0,0.03,48,4,5,0,3.05,-0.02,0.0022,0.0044,12.5,15.67,8.16
251.657,after,106.3,52.138012,21.1607765,87.24,52.1380114,21.1607772,29,0.48,0.063,255,0.0,0.0,0.0054,0.002,3.006,2.305,-0.41,-0.51,321.45,0.01,0.0,0.0,0.03,108415,999,3,0.33,0.08,0.01,0.02,48,-14,4,0,3.06,-0.02,0.0042,0.0049,14.38,23.6,12.85
251.758,after,106.4,52.138012,21.1607765,87.24,52.1380114,21.1607772,29,0.48,0.063,255,0.0,0.0,0.0117,0.0236,3.007,2.305,-0.4,-0.54,321.34,0.01,0.0,0.01,0.03,108415,999,3,0.33,0.08,0.01,0.02,48,-2,17,0,3.06,-0.03,0.0031,0.0047,13.44,21.24,10.07
251.857,after,106.5,52.1380119,21.1607765,87.24,52.1380113,21.1607772,29,0.48,0.065,255,0.0,0.1674,0.0524,0.0222,3.0,2.307,-0.27,-0.48,321.17,0.05,0.0,0.01,0.05,108415,999,3,0.33,0.14,0.07,-0.03,48,-5,6,0,3.07,-0.01,0.008,0.0139,15.9,15.99,10.13
251.957,after,106.6,52.1380119,21.1607765,87.25,52.1380113,21.1607772,29,0.48,0.065,255,0.0,0.0,0.0232,0.0087,3.014,2.311,-0.12,-0.41,320.98,0.05,0.0,0.0,0.05,108415,999,3,0.33,0.14,0.07,-0.03,48,-26,-17,0,3.07,-0.01,0.0053,0.0104,16.87,15.8,11.86
252.057,after,106.7,52.1380119,21.1607765,87.25,52.1380112,21.1607772,29,0.48,0.026,255,0.0,0.0,-0.014,0.0003,3.006,2.316,-0.12,-0.34,320.81,0.06,0.0,0.0,0.04,108415,999,3,0.33,0.15,0.0,0.0,48,4,-20,0,3.09,0.0,0.0074,0.0172,18.02,17.17,8.76
252.158,after,106.8,52.1380119,21.1607764,87.25,52.1380112,21.1607772,29,0.48,0.026,255,0.0,0.0,-0.0351,-0.0206,3.01,2.319,-0.24,-0.35,320.66,0.06,0.0,0.05,0.04,108415,999,3,0.33,0.15,0.0,0.0,48,20,-6,0,3.07,-0.01,0.003,0.0039,18.52,18.7,9.52
252.258,after,106.9,52.1380119,21.1607765,87.25,52.1380112,21.1607772,29,0.48,0.038,255,0.0,0.0,-0.0273,-0.0004,2.998,2.317,-0.32,-0.29,320.54,0.01,0.0,0.0,0.04,108415,999,3,0.33,0.07,0.01,-0.03,48,1,-27,0,3.07,-0.02,0.0041,0.0057,17.09,15.03,9.45
252.358,after,107.0,52.1380119,21.1607765,87.25,52.1380112,21.1607772,29,0.48,0.038,255,0.0,0.0,0.0123,0.0382,3.0,2.318,-0.38,-0.26,320.42,0.01,0.0,0.02,0.04,108415,999,3,0.33,0.07,0.01,-0.03,48,-128,21,0,3.08,-0.01,0.0028,0.0064,17.04,18.58,10.97
252.458,after,107.1,52.1380119,21.1607765,87.25,52.1380113,21.1607772,29,0.48,0.079,255,0.0,0.0,0.0052,0.0127,2.998,2.319,-0.45,-0.18,320.35,0.01,0.0,0.0,0.05,108415,999,3,0.33,0.08,-0.04,0.0,48,-138,-35,0,3.08,0.0,0.0036,0.0052,17.17,18.27,12.0
252.557,after,107.2,52.1380119,21.1607765,87.25,52.1380113,21.1607772,29,0.48,0.079,255,0.0,0.0,-0.027,0.0058,2.992,2.319,-0.6,-0.15,320.37,0.01,0.0,0.02,0.03,108415,999,3,0.33,0.08,-0.04,0.0,48,-144,-18,0,3.07,0.0,0.0027,0.005,14.06,18.32,11.31
252.658,after,107.3,52.1380119,21.1607765,87.25,52.1380114,21.1607772,29,0.48,0.028,255,0.0,0.0,-0.0435,0.0062,3.002,2.317,-0.71,-0.1,320.41,0.01,0.0,0.0,0.03,108415,999,3,0.33,0.09,0.0,0.0,48,10,-16,0,3.07,0.0,0.0025,0.0032,14.61,20.58,10.75
252.758,after,107.4,52.1380119,21.1607765,87.25,52.1380114,21.1607772,29,0.48,0.028,255,-0.1674,0.0,-0.0244,-0.0112,3.006,2.318,-0.85,-0.12,320.44,0.01,0.0,0.0,0.04,108415,999,3,0.33,0.09,0.0,0.0,48,29,-4,0,3.08,0.0,0.002,0.0027,12.07,24.68,10.89
252.857,after,107.5,52.138012,21.1607765,87.25,52.1380115,21.1607773,29,0.48,0.06,255,0.0,0.0,-0.0103,-0.0504,3.01,2.316,-0.95,-0.27,320.43,0.03,0.0,0.02,0.02,108415,999,3,0.33,0.11,0.03,-0.05,48,24,18,0,3.06,-0.01,0.0043,0.0102,13.72,18.69,9.61
252.957,after,107.6,52.138012,21.1607765,87.25,52.1380115,21.1607773,29,0.48,0.06,255,0.0,0.0,0.005,-0.0199,3.006,2.313,-0.9,-0.39,320.35,0.03,0.0,0.01,0.04,108415,999,3,0.33,0.11,0.03,-0.05,48,14,43,0,3.06,-0.03,0.0033,0.0112,14.91,14.37,8.97
253.058,after,107.7,52.138012,21.1607766,87.24,52.1380115,21.1607774,29,0.48,0.016,255,0.0,0.0,0.0331,0.0198,3.01,2.308,-0.74,-0.39,320.23,0.01,0.0,0.01,0.03,108415,999,3,0.33,0.08,0.02,0.0,48,-3,23,0,3.06,-0.03,0.0031,0.0103,11.79,11.88,9.67
253.158,after,107.8,52.138012,21.1607766,87.24,52.1380115,21.1607774,29,0.48,0.016,255,0.0,0.0,0.0271,0.0229,3.006,2.305,-0.62,-0.34,320.12,0.01,0.0,0.02,0.03,108415,999,3,0.33,0.08,0.02,0.0,48,-6,-5,0,3.06,-0.03,0.0013,0.0021,13.77,15.25,10.44
253.258,after,107.9,52.138012,21.1607766,87.24,52.1380116,21.1607774,29,0.48,0.043,255,0.0,0.0,0.0143,0.0123,3.006,2.305,-0.62,-0.32,320.03,0.0,0.0,0.02,0.04,108415,999,3,0.33,0.08,-0.01,-0.01,48,2,-6,0,3.07,-0.02,0.0017,0.0051,12.98,22.03,10.57
253.358,after,108.0,52.138012,21.1607766,87.24,52.1380116,21.1607774,29,0.48,0.043,255,0.0,0.0,-0.013,-0.0096,3.004,2.305,-0.67,-0.32,319.95,0.0,0.0,0.02,0.02,108415,999,3,0.33,0.08,-0.01,-0.01,48,-10,-19,0,3.06,-0.02,0.0015,0.0034,13.21,16.74,9.47
253.457,after,108.1,52.1380121,21.1607766,87.24,52.1380117,21.1607773,29,0.48,0.053,255,0.0,0.1673,-0.0217,0.023,3.004,2.301,-0.64,-0.16,319.89,0.01,0.0,0.03,0.03,108415,999,3,0.33,0.11,0.0,0.02,48,-27,127,0,3.05,-0.03,0.0045,0.014,14.51,13.48,9.25
253.558,after,108.2,52.1380121,21.1607766,87.23,52.1380117,21.1607773,29,0.48,0.053,255,0.0,0.1674,0.0248,0.0432,3.01,2.294,-0.64,-0.02,319.87,0.01,0.0,0.03,0.02,108415,999,3,0.33,0.11,0.0,0.02,48,-7,-30,0,3.04,-0.03,0.0044,0.0174,12.43,15.69,10.91
253.658,after,108.3,52.1380121,21.1607766,87.22,52.1380117,21.1607772,29,0.48,0.057,255,0.0,0.0,0.0083,0.0172,3.012,2.287,-0.68,0.08,319.87,0.02,0.0,0.02,0.02,108415,999,3,0.33,0.09,0.0,0.05,48,28,-16,0,3.03,-0.05,0.0083,0.0203,14.61,25.49,11.01
253.758,after,108.4,52.1380121,21.1607766,87.22,52.1380117,21.1607772,29,0.48,0.057,255,0.0,0.0,0.0099,0.0016,3.016,2.28,-0.73,0.09,319.91,0.02,0.0,0.0,0.03,108415,999,3,0.33,0.09,0.0,0.05,48,-3,-26,0,3.03,-0.05,0.006,0.015,12.39,22.79,9.66
253.858,after,108.5,52.1380121,21.1607766,87.21,52.1380118,21.1607771,29,0.48,0.048,255,0.0,0.0,-0.0327,-0.0031,3.014,2.276,-0.78,0.1,319.97,0.01,0.0,0.0,0.01,108415,999,3,0.33,0.11,-0.01,0.0,48,-16,-13,0,3.03,-0.06,0.0058,0.0125,14.12,19.55,10.38
253.958,after,108.6,52.1380122,21.1607765,87.21,52.1380118,21.1607771,29,0.48,0.048,255,0.0,0.0,-0.0017,-0.0165,3.014,2.272,-0.82,0.0,320.03,0.01,0.0,0.0,0.02,108415,999,3,0.33,0.11,-0.01,0.0,48,9,10,0,3.03,-0.06,0.0041,0.0091,12.99,21.07,11.64
254.058,after,108.7,52.1380122,21.1607765,87.21,52.1380119,21.1607771,29,0.48,0.011,255,0.0,0.0,0.0231,-0.0282,3.014,2.272,-0.74,-0.06,320.08,0.02,0.0,0.01,0.03,108415,999,3,0.33,0.13,0.03,-0.02,48,-7,3,0,3.04,-0.05,0.0013,0.0041,13.09,23.63,10.38
254.157,after,108.8,52.1380122,21.1607765,87.21,52.1380119,21.1607771,29,0.48,0.011,255,0.0,-0.1674,-0.0002,-0.0172,3.02,2.275,-0.65,-0.16,320.08,0.02,0.0,0.04,0.04,108415,999,3,0.33,0.13,0.03,-0.02,48,-28,21,0,3.05,-0.05,0.0027,0.0142,13.0,22.52,9.42
254.258,after,108.9,52.1380122,21.1607764,87.22,52.1380119,21.160777,29,0.48,0.005,255,0.0,0.0,0.0702,0.0074,3.016,2.282,-0.42,-0.28,320.04,0.03,0.0,0.01,0.02,108415,999,3,0.33,0.13,0.0,0.0,48,-41,-120,0,3.07,-0.02,0.0056,0.0214,14.05,22.03,10.43
254.358,after,109.0,52.1380122,21.1607764,87.22,52.1380119,21.160777,29,0.48,0.005,255,0.0,0.0,0.028,0.026,3.02,2.288,-0.27,-0.18,320.07,0.03,0.0,0.01,0.02,108415,999,3,0.33,0.13,0.0,0.0,48,99,-183,0,3.06,-0.03,0.0031,0.011,13.24,21.07,11.3
254.457,after,109.1,52.1380122,21.1607764,87.23,52.1380119,21.160777,29,0.48,0.011,255,0.0,0.0,-0.0184,0.0378,3.022,2.291,-0.26,0.05,320.2,0.0,0.0,0.01,0.01,108415,999,3,0.33,0.07,-0.01,0.0,48,-33,-40,0,3.07,-0.02,0.0038,0.0121,16.38,25.3,11.45
254.557,after,109.2,52.1380122,21.1607764,87.23,52.1380119,21.160777,29,0.48,0.011,255,0.0,0.0,-0.0476,0.0087,3.02,2.295,-0.46,0.15,320.32,0.0,0.0,0.02,0.04,108415,999,3,0.33,0.07,-0.01,0.0,48,22,137,0,3.08,-0.02,0.0035,0.0155,14.69,27.02,10.69
254.657,after,109.3,52.1380122,21.1607764,87.23,52.1380119,21.160777,29,0.48,0.016,255,0.0,0.0,-0.0086,-0.0067,3.016,2.299,-0.59,0.15,320.45,0.03,0.0,0.0,0.04,108415,999,3,0.33,0.13,0.0,0.01,48,-132,-6,0,3.08,-0.02,0.0056,0.0167,15.64,22.67,10.52
254.758,after,109.4,52.1380122,21.1607764,87.24,52.1380119,21.160777,29,0.48,0.016,255,0.0,0.0,0.0668,-0.0138,3.02,2.303,-0.47,0.12,320.54,0.03,0.0,0.0,0.05,108415,999,3,0.33,0.13,0.0,0.01,48,4,3,0,3.08,-0.01,0.0039,0.0129,14.1,19.43,10.16
254.858,after,109.5,52.1380122,21.1607764,87.24,52.138012,21.1607769,29,0.48,0.018,255,0.1673,0.0,0.0873,-0.0004,3.024,2.306,0.07,0.09,320.6,0.01,0.01,0.0,0.04,108415,999,3,0.33,0.11,-0.03,0.01,48,74,24,0,3.08,-0.01,0.0057,0.0118,17.17,18.97,9.22
254.957,after,109.6,52.1380122,21.1607764,87.24,52.138012,21.1607769,29,0.48,0.018,255,0.0,0.0,0.1394,0.0272,3.018,2.307,0.68,0.07,320.57,0.01,0.01,0.0,0.02,108415,999,3,0.33,0.11,-0.03,0.01,48,84,40,0,3.08,-0.02,0.0037,0.0072,19.7,17.63,8.0
255.058,after,109.7,52.1380123,21.1607764,87.24,52.1380119,21.160777,30,0.48,0.054,255,0.0,0.0,0.1225,0.0358,3.04,2.305,1.42,0.32,320.55,0.01,0.0,0.02,0.04,108415,999,3,0.33,0.09,0.03,0.0,48,47,-25,0,3.08,-0.02,0.0014,0.0029,15.64,20.5,7.83
255.158,after,109.801,52.1380123,21.1607766,87.24,52.1380119,21.160777,30,0.48,0.054,255,0.1673,0.1673,0.1222,0.0971,3.02,2.301,2.24,0.82,321.0,0.01,0.0,0.02,0.04,108415,999,3,0.33,0.09,0.03,0.0,48,45,-27,0,3.07,-0.02,0.0014,0.0074,16.08,18.8,8.64
255.258,after,109.9,52.1380123,21.1607768,87.23,52.1380119,21.1607772,30,0.48,0.112,255,0.0,0.0,0.0768,0.0447,3.018,2.297,2.7,1.1,322.78,0.01,0.0,0.01,0.05,108415,999,3,0.33,0.05,-0.01,-0.02,48,109,93,0,3.07,-0.04,0.002,0.0031,15.56,17.09,9.41
255.357,after,110.0,52.1380124,21.1607771,87.23,52.1380119,21.1607772,30,0.48,0.112,255,0.0,0.0,0.0608,-0.0173,3.018,2.295,3.12,0.96,326.17,0.01,0.0,0.01,0.04,108415,999,3,0.33,0.05,-0.01,-0.02,48,-9,0,0,3.07,-0.02,0.0015,0.0034,15.85,19.06,9.94
255.457,after,110.1,52.1380125,21.1607774,87.23,52.1380119,21.1607776,30,0.48,0.21,255,-0.3347,0.502,0.1206,0.0014,3.02,2.295,3.7,0.52,330.84,0.03,0.0,0.0,0.04,108415,999,3,0.33,0.07,0.08,-0.02,48,-473,77,0,3.07,-0.02,0.0062,0.0093,17.05,21.67,10.44
255.557,after,110.2,52.1380125,21.1607779,87.23,52.1380119,21.1607776,30,0.48,0.21,255,-0.1673,0.3346,0.096,-0.0208,3.014,2.296,4.31,0.1,336.57,0.03,0.0,0.03,0.02,108415,999,3,0.33,0.07,0.08,-0.02,48,10,-140,0,3.08,-0.01,0.0049,0.0133,13.49,16.85,8.33
255.658,after,110.3,52.1380126,21.1607785,87.23,52.1380119,21.1607782,30,0.48,0.253,255,-0.1673,0.3347,0.047,0.0007,3.024,2.297,4.77,-0.42,342.97,0.03,0.0,0.01,0.03,108415,999,3,0.33,0.07,0.02,0.02,48,-122,11,0,3.07,-0.01,0.0052,0.0075,10.61,12.32,6.31
255.758,after,110.4,52.1380127,21.1607792,87.23,52.1380119,21.1607782,30,0.48,0.253,255,-1.5066,0.3348,0.0705,-0.0818,3.008,2.297,4.91,-1.28,349.85,0.03,0.0,0.0,0.03,108415,999,3,0.33,0.07,0.02,0.02,48,149,49,0,3.07,-0.01,0.0036,0.0057,8.61,9.53,7.0
255.857,after,110.5,52.1380129,21.1607801,87.23,52.1380121,21.1607791,30,0.48,0.387,255,-0.5021,0.3347,0.0819,-0.0781,3.01,2.296,5.17,-2.33,357.06,0.01,0.0,0.0,0.03,108415,999,3,0.33,0.05,0.05,0.0,48,-877,408,0,3.07,-0.02,0.0058,0.0069,12.45,15.89,9.39
255.957,after,110.6,52.1380131,21.160781,87.23,52.1380121,21.1607791,30,0.48,0.387,255,0.3347,0.5021,0.13,-0.0022,3.022,2.293,5.44,-3.25,4.52,0.01,0.0,0.01,0.05,108415,999,3,0.33,0.05,0.05,0.0,48,-346,208,0,3.06,-0.02,0.0041,0.0073,17.67,14.45,8.74
256.057,after,110.7,52.1380133,21.1607821,87.22,52.1380124,21.1607804,30,0.48,0.572,255,-0.5023,0.0,-0.0371,-0.0458,3.014,2.288,5.0,-4.05,12.08,0.03,0.0,0.02,0.02,108415,999,3,0.33,0.05,-0.02,0.04,48,1004,250,0,3.05,-0.04,0.0057,0.0159,16.79,18.79,16.29
256.158,after,110.801,52.1380136,21.1607833,87.22,52.1380124,21.1607804,30,0.48,0.572,255,-0.3348,0.0,0.059,-0.0162,3.016,2.284,4.39,-4.96,19.46,0.03,0.0,0.01,0.03,108415,999,3,0.33,0.05,-0.02,0.04,48,-169,114,0,3.05,-0.04,0.0036,0.0084,17.78,23.54,13.19
256.257,after,110.9,52.1380139,21.1607846,87.22,52.1380129,21.1607822,30,0.48,0.763,255,0.0,0.1674,-0.0635,0.0966,3.0,2.28,3.63,-5.09,26.83,0.02,0.0,0.0,0.03,108415,999,3,0.33,0.05,-0.03,0.03,48,61,-220,0,3.05,-0.03,0.0069,0.012,16.46,19.94,11.4
256.358,after,111.0,52.1380142,21.1607861,87.21,52.1380129,21.1607822,30,0.48,0.763,255,-0.3348,0.1674,-0.051,0.0665,3.012,2.278,2.67,-5.03,33.86,0.02,0.0,0.0,0.04,108415,999,3,0.33,0.05,-0.03,0.03,48,166,1,0,3.05,-0.02,0.0046,0.0075,22.48,28.78,11.39
256.458,after,111.1,52.1380146,21.1607876,87.21,52.1380138,21.1607844,30,0.48,1.017,255,-0.1673,0.502,-0.0384,0.0473,2.988,2.28,1.8,-4.92,40.51,0.01,0.01,0.02,0.03,108415,999,3,0.33,0.05,-0.03,-0.02,48,-21,-215,0,3.06,-0.03,0.0053,0.0096,19.89,30.77,12.84
256.558,after,111.2,52.1380151,21.1607893,87.22,52.1380138,21.1607844,30,0.48,1.017,255,-0.1674,0.3348,0.0058,0.1839,3.0,2.282,1.3,-4.3,46.96,0.01,0.01,0.01,0.05,108415,999,3,0.33,0.05,-0.03,-0.02,48,-133,40,0,3.06,-0.01,0.0033,0.0075,21.94,22.89,11.51
256.658,after,111.301,52.1380155,21.160791,87.22,52.1380147,21.1607873,30,0.48,1.241,255,-0.1674,0.3348,-0.0404,0.0721,2.98,2.285,0.6,-3.66,53.18,0.01,0.01,0.0,0.04,108415,999,3,0.33,0.05,-0.03,-0.02,48,63,128,0,3.06,-0.01,0.002,0.0059,18.04,21.05,10.42
256.758,after,111.4,52.138016,21.1607928,87.22,52.1380147,21.1607873,30,0.48,1.241,255,-0.1673,0.502,0.0336,0.1118,2.984,2.288,0.31,-3.2,59.17,0.01,0.02,0.0,0.04,108415,999,3,0.33,0.05,-0.03,0.02,48,-48,-10,0,3.06,0.0,0.0056,0.0095,17.39,22.35,11.14
256.858,after,111.5,52.1380165,21.1607946,87.23,52.1380157,21.1607906,30,0.48,1.322,255,-0.1674,0.3348,0.0403,0.1146,2.96,2.291,0.18,-2.59,65.06,0.03,0.0,0.02,0.03,108415,999,3,0.33,0.05,0.06,-0.04,48,102,459,0,3.07,0.01,0.0034,0.0106,16.98,21.14,9.11
256.958,after,111.6,52.1380169,21.1607965,87.23,52.1380157,21.1607906,30,0.48,1.322,255,0.0,0.502,-0.0101,0.0587,2.972,2.295,-0.05,-2.09,70.49,0.03,0.0,0.01,0.04,108415,999,3,0.33,0.05,0.06,-0.04,48,51,-237,0,3.07,0.02,0.0024,0.0045,18.99,22.05,8.25
257.057,after,111.7,52.1380174,21.1607984,87.24,52.1380168,21.1607943,30,0.48,1.471,255,0.0,1.0041,0.0441,0.054,3.0,2.3,-0.05,-1.85,74.56,0.05,0.01,0.0,0.03,108415,999,3,0.33,0.05,-0.02,-0.08,48,28,344,0,3.08,0.03,0.0082,0.0129,16.79,20.36,10.04
257.158,after,111.801,52.1380179,21.1608004,87.24,52.1380168,21.1607943,30,0.48,1.471,255,0.0,0.3347,0.0583,0.0894,2.976,2.307,0.11,-1.5,76.91,0.05,0.01,0.0,0.04,108415,999,3,0.33,0.05,-0.02,-0.08,48,-52,-181,0,3.09,0.0,0.0058,0.0109,15.85,17.15,10.69
257.257,after,111.9,52.1380184,21.1608023,87.25,52.1380179,21.1607982,30,0.48,1.439,255,0.0,0.502,-0.0103,0.1333,2.97,2.314,0.07,-0.82,77.85,0.01,0.01,0.02,0.03,108415,999,3,0.33,0.05,0.0,0.0,48,87,-244,0,3.1,0.01,0.0051,0.015,14.27,15.33,8.76
257.357,after,112.0,52.1380189,21.1608043,87.26,52.1380179,21.1607982,30,0.48,1.439,255,0.1674,0.5022,0.0207,0.0545,2.988,2.322,0.12,-0.38,77.71,0.01,0.01,0.01,0.03,108415,999,3,0.33,0.05,0.0,0.0,48,-75,-51,0,3.1,0.05,0.0037,0.0129,13.01,14.58,7.45
