t_log_s,phase,t_since_src2_s,ekf_lat,ekf_lon,ekf_alt,gps_lat,gps_lon,gps_nsats,gps_hdop,gps_spd,of_qual,of_flowX,of_flowY,of_bodyX,of_bodyY,rfnd_dist,ctun_alt,roll,pitch,yaw,xkf4_SV,xkf4_SP,xkf4_SH,xkf4_SM,xkf4_SS,rc7,mode,gpa_hacc,gpa_sacc,xkf3_IVN,xkf3_IVE,xkf4_TS,xkf5_FIX,xkf5_FIY,xkf5_AFI,xkf5_HAGL,xkf5_RI,xkf5_eVel,xkf5_ePos,vibe_x,vibe_y,vibe_z
525.502,before,-25.0,52.1377668,21.1606395,92.41,52.1377692,21.160644,28,0.51,1.51,255,0.0,0.8367,0.0389,-0.0414,2.89,2.044,0.06,-2.04,224.87,0.03,0.02,0.03,0.01,108415,999,3,0.36,0.07,0.01,0.0,48,-223,-206,0,2.95,-0.03,0.0048,0.0156,18.33,17.85,9.63
525.602,before,-24.9,52.1377658,21.160638,92.41,52.1377673,21.160641,28,0.51,1.47,255,0.0,0.3347,-0.0242,0.0095,2.896,2.048,0.12,-2.08,224.87,0.01,0.0,0.0,0.03,108415,999,3,0.36,0.07,-0.01,-0.04,48,-48,-147,0,2.94,-0.03,0.0078,0.0147,19.07,19.71,9.83
525.702,before,-24.8,52.1377648,21.1606366,92.42,52.1377673,21.160641,28,0.51,1.47,255,0.0,0.502,0.0317,0.0107,2.89,2.051,0.14,-1.94,224.95,0.01,0.0,0.02,0.01,108415,999,3,0.36,0.07,-0.01,-0.04,48,-154,-222,0,2.96,-0.02,0.0056,0.015,19.93,20.98,10.29
525.803,before,-24.699,52.1377638,21.1606351,92.42,52.1377654,21.160638,28,0.51,1.495,255,0.0,0.8365,0.0514,0.0018,2.896,2.055,0.39,-1.95,225.09,0.02,0.0,0.03,0.01,108415,999,3,0.36,0.07,-0.05,0.03,48,-44,-177,0,2.97,-0.01,0.0059,0.0204,19.34,20.84,10.36
525.902,before,-24.6,52.1377629,21.1606335,92.42,52.1377654,21.160638,28,0.51,1.495,255,0.0,0.502,-0.0102,-0.0328,2.896,2.058,0.44,-2.12,225.2,0.02,0.0,0.02,0.01,108415,999,3,0.36,0.07,-0.05,0.03,48,-32,166,0,2.96,-0.01,0.0035,0.0075,19.96,20.74,10.3
526.002,before,-24.5,52.1377619,21.160632,92.42,52.1377635,21.1606348,28,0.51,1.531,255,0.0,0.3347,-0.0388,-0.008,2.854,2.057,0.33,-2.21,225.21,0.04,0.0,0.0,0.0,108415,999,3,0.36,0.06,-0.09,0.09,48,-185,162,0,2.96,0.0,0.0129,0.0157,19.31,20.31,10.35
526.102,before,-24.4,52.137761,21.1606304,92.42,52.1377635,21.1606348,28,0.51,1.531,255,0.0,0.8367,-0.0224,-0.0006,2.836,2.057,0.16,-2.21,225.3,0.04,0.0,0.01,0.01,108415,999,3,0.36,0.06,-0.09,0.09,48,46,-194,0,2.96,0.01,0.0088,0.0111,19.31,19.49,10.35
526.202,before,-24.3,52.1377601,21.1606288,92.42,52.1377616,21.1606316,28,0.51,1.552,255,0.0,0.5019,-0.0174,0.0362,2.852,2.055,-0.02,-2.06,225.36,0.03,0.0,0.0,0.02,108415,999,3,0.36,0.07,0.09,0.0,48,51,-208,0,2.95,0.01,0.0048,0.0055,20.01,18.33,8.96
526.302,before,-24.2,52.1377591,21.1606272,92.42,52.1377616,21.1606316,28,0.51,1.552,255,-0.1673,0.3346,-0.0137,-0.0112,2.87,2.052,-0.12,-2.07,225.3,0.03,0.0,0.0,0.02,108415,999,3,0.36,0.07,0.09,0.0,48,29,-194,0,2.95,0.01,0.0033,0.0051,19.39,20.74,9.55
526.402,before,-24.1,52.1377581,21.1606256,92.41,52.1377597,21.1606283,28,0.51,1.561,255,-0.1673,0.8364,-0.0184,0.0241,2.864,2.05,-0.21,-2.13,225.19,0.03,0.0,0.0,0.01,108415,999,3,0.36,0.06,0.09,0.0,48,-163,-172,0,2.94,0.0,0.0024,0.0047,18.99,20.72,10.48
526.502,before,-24.0,52.1377572,21.160624,92.41,52.1377597,21.1606283,28,0.51,1.561,255,0.0,0.5019,0.0329,0.0446,2.862,2.049,-0.11,-1.9,225.19,0.04,0.01,0.02,0.01,108415,999,3,0.36,0.06,-0.05,0.09,48,35,-231,0,2.94,-0.01,0.0066,0.011,18.72,18.87,9.97
526.602,before,-23.9,52.1377562,21.1606224,92.41,52.1377579,21.160625,28,0.51,1.496,255,-0.1673,0.3347,0.0117,-0.0177,2.87,2.048,0.07,-1.92,225.16,0.02,0.0,0.03,0.01,108415,999,3,0.36,0.07,-0.03,0.0,48,-53,-221,0,2.95,0.0,0.0074,0.0118,18.51,16.98,9.69
526.702,before,-23.8,52.1377553,21.1606208,92.42,52.1377579,21.160625,28,0.51,1.496,255,-0.1673,0.5019,-0.0566,0.0072,2.872,2.052,-0.13,-2.02,225.17,0.02,0.0,0.01,0.01,108415,999,3,0.36,0.07,-0.03,0.0,48,12,-2,0,2.95,0.0,0.005,0.0108,19.2,19.41,9.62
526.803,before,-23.7,52.1377544,21.1606192,92.42,52.1377561,21.1606218,28,0.51,1.503,255,0.0,0.8364,0.0018,0.003,2.882,2.056,-0.21,-1.86,225.23,0.03,0.0,0.0,0.01,108415,999,3,0.36,0.06,-0.07,0.04,48,-132,270,0,2.95,0.0,0.0108,0.016,19.48,19.41,10.73
526.902,before,-23.6,52.1377535,21.1606175,92.42,52.1377561,21.1606218,28,0.51,1.503,255,-0.1673,0.3346,-0.0063,-0.0589,2.888,2.058,-0.17,-2.05,225.23,0.03,0.0,0.01,0.01,108415,999,3,0.36,0.06,-0.07,0.04,48,-175,-169,0,2.95,-0.01,0.0068,0.0104,18.09,18.24,9.6
527.002,before,-23.5,52.1377525,21.1606159,92.42,52.1377543,21.1606186,28,0.51,1.52,255,-0.1673,0.5019,-0.0279,0.0266,2.89,2.059,-0.39,-2.03,225.21,0.02,0.0,0.0,0.01,108415,999,3,0.36,0.07,0.0,0.0,48,-123,-176,0,2.96,-0.01,0.0048,0.0087,17.48,20.14,10.24
527.102,before,-23.4,52.1377516,21.1606144,92.43,52.1377543,21.1606186,28,0.51,1.52,255,0.0,0.8367,0.014,0.0025,2.87,2.06,-0.41,-1.93,225.17,0.02,0.0,0.01,0.01,108415,999,3,0.36,0.07,0.0,0.0,48,16,-54,0,2.96,-0.01,0.0025,0.0051,17.77,19.72,9.6
527.202,before,-23.3,52.1377507,21.1606128,92.42,52.1377524,21.1606155,28,0.51,1.51,255,0.0,0.502,0.0173,0.015,2.888,2.059,-0.41,-2.06,225.12,0.01,0.0,0.0,0.02,108415,999,3,0.36,0.06,0.0,0.02,48,-149,33,0,2.96,0.0,0.0031,0.0066,18.11,19.14,10.6
527.302,before,-23.2,52.1377497,21.1606112,92.42,52.1377524,21.1606155,28,0.51,1.51,255,0.0,0.3346,0.0236,-0.0054,2.892,2.059,-0.32,-1.98,225.08,0.01,0.0,0.0,0.01,108415,999,3,0.36,0.06,0.0,0.02,48,-176,293,0,2.96,-0.01,0.0014,0.0038,20.65,19.18,10.69
527.402,before,-23.1,52.1377488,21.1606096,92.42,52.1377506,21.1606123,28,0.51,1.5,255,-0.1673,0.8365,-0.0322,0.0061,2.886,2.059,-0.43,-2.08,225.04,0.01,0.0,0.0,0.01,108415,999,3,0.36,0.07,0.0,0.02,48,33,176,0,2.96,-0.01,0.0006,0.002,19.23,21.16,9.51
527.502,before,-23.0,52.1377478,21.1606081,92.43,52.1377506,21.1606123,28,0.51,1.5,255,-0.1673,0.5019,0.0254,-0.0059,2.908,2.063,-0.38,-1.97,224.99,0.03,0.01,0.02,0.01,108415,999,3,0.36,0.07,-0.01,0.01,48,-148,-204,0,2.97,0.0,0.0042,0.013,19.14,21.49,10.53
527.602,before,-22.9,52.1377469,21.1606066,92.44,52.1377487,21.1606093,28,0.51,1.44,255,0.0,0.3347,-0.0325,-0.016,2.896,2.07,-0.39,-2.14,224.94,0.03,0.0,0.05,0.01,108415,999,3,0.36,0.07,-0.03,-0.08,48,-188,-152,0,2.99,0.0,0.0102,0.0241,18.21,20.07,10.51
527.702,before,-22.8,52.137746,21.1606051,92.44,52.1377487,21.1606093,28,0.51,1.44,255,0.0,0.8365,0.031,0.0275,2.886,2.077,-0.39,-1.98,224.92,0.03,0.0,0.01,0.03,108415,999,3,0.36,0.07,-0.03,-0.08,48,33,309,0,2.98,0.0,0.0068,0.0141,18.49,18.58,8.91
527.802,before,-22.7,52.137745,21.1606036,92.44,52.1377469,21.1606064,28,0.51,1.46,255,-0.1673,0.3346,0.0034,-0.0374,2.898,2.08,-0.22,-2.11,224.86,0.02,0.0,0.0,0.01,108415,999,3,0.36,0.07,-0.06,0.0,48,-53,-160,0,2.98,0.0,0.0091,0.0138,17.15,19.84,9.99
527.902,before,-22.6,52.1377441,21.1606021,92.45,52.1377469,21.1606064,28,0.51,1.46,255,0.0,0.3346,0.0317,0.0217,2.89,2.08,-0.15,-2.14,224.84,0.02,0.0,0.0,0.02,108415,999,3,0.36,0.07,-0.06,0.0,48,3,-142,0,2.98,0.0,0.0057,0.009,19.25,19.48,9.39
528.002,before,-22.5,52.1377432,21.1606005,92.44,52.137745,21.1606033,28,0.51,1.557,255,0.0,0.5019,0.0288,-0.0333,2.894,2.078,0.02,-2.25,224.87,0.04,0.0,0.02,0.01,108415,999,3,0.36,0.07,0.02,0.07,48,-200,-182,0,2.97,0.0,0.0058,0.014,18.67,19.57,10.06
528.102,before,-22.4,52.1377422,21.160599,92.44,52.137745,21.1606033,28,0.51,1.557,255,0.0,0.3348,-0.0305,0.0067,2.874,2.073,-0.03,-2.37,224.94,0.04,0.0,0.0,0.01,108415,999,3,0.36,0.07,0.02,0.07,48,-20,21,0,2.96,-0.01,0.0039,0.011,18.9,18.87,9.25
528.202,before,-22.3,52.1377412,21.1605974,92.43,52.137743,21.1606001,28,0.51,1.605,255,0.0,0.5019,-0.0231,0.0248,2.872,2.066,-0.24,-2.21,225.03,0.04,0.0,0.03,0.01,108415,999,3,0.36,0.07,0.1,0.05,48,-153,450,0,2.95,-0.02,0.012,0.0215,18.47,18.9,9.67
528.302,before,-22.2,52.1377402,21.1605959,92.42,52.137743,21.1606001,28,0.51,1.605,255,0.0,0.6692,0.0129,-0.0217,2.872,2.058,-0.13,-2.17,225.12,0.04,0.0,0.03,0.01,108415,999,3,0.36,0.07,0.1,0.05,48,-37,285,0,2.94,-0.01,0.0094,0.0241,18.38,17.67,9.72
528.402,before,-22.1,52.1377392,21.1605943,92.41,52.1377409,21.160597,28,0.51,1.538,255,-0.1673,0.6692,-0.0124,0.0237,2.88,2.05,-0.12,-2.16,225.12,0.04,0.0,0.0,0.02,108415,999,3,0.36,0.07,0.1,0.05,48,-18,-197,0,2.94,-0.02,0.0068,0.0188,18.88,16.74,9.28
528.502,before,-22.0,52.1377382,21.1605928,92.41,52.1377409,21.160597,28,0.51,1.538,255,0.0,0.5021,0.0388,0.063,2.9,2.044,-0.03,-1.89,225.13,0.01,0.01,0.0,0.01,108415,999,3,0.36,0.07,0.03,-0.02,48,7,-68,0,2.94,-0.02,0.0065,0.0135,18.18,18.65,9.46
528.602,before,-21.9,52.1377373,21.1605912,92.41,52.137739,21.160594,28,0.51,1.448,255,0.0,0.502,0.048,0.0045,2.914,2.042,0.19,-1.75,225.13,0.03,0.0,0.01,0.02,108415,999,3,0.36,0.07,-0.07,0.0,48,-53,251,0,2.94,-0.03,0.0049,0.0096,17.76,18.93,9.1
528.702,before,-21.8,52.1377363,21.1605897,92.41,52.137739,21.160594,28,0.51,1.448,255,-0.1673,0.3347,0.0125,-0.0389,2.904,2.041,0.25,-1.93,225.09,0.03,0.0,0.0,0.01,108415,999,3,0.36,0.07,-0.07,0.0,48,-41,-15,0,2.95,-0.05,0.0032,0.0052,18.56,19.15,9.74
528.802,before,-21.7,52.1377353,21.1605882,92.41,52.1377369,21.1605911,28,0.51,1.593,255,-0.1673,0.5019,-0.0276,0.0019,2.9,2.041,0.18,-2.01,225.01,0.06,0.0,0.0,0.01,108415,999,3,0.36,0.08,0.16,-0.08,48,-22,-4,0,2.96,-0.04,0.0167,0.0207,17.84,19.21,9.71
528.902,before,-21.6,52.1377343,21.1605867,92.41,52.1377369,21.1605911,28,0.51,1.593,255,-0.1673,0.8366,-0.0082,0.0105,2.906,2.043,0.04,-1.97,224.94,0.06,0.0,0.01,0.01,108415,999,3,0.36,0.08,0.16,-0.08,48,10,-205,0,2.97,-0.03,0.012,0.0167,19.06,20.88,10.34
529.002,before,-21.5,52.1377333,21.1605852,92.41,52.1377348,21.1605881,28,0.51,1.548,255,0.0,0.8365,0.0185,0.03,2.916,2.045,0.1,-1.84,224.97,0.03,0.0,0.01,0.01,108415,999,3,0.36,0.07,0.0,0.03,48,-15,-207,0,2.96,-0.01,0.0065,0.0097,18.47,20.03,10.67
529.102,before,-21.4,52.1377323,21.1605837,92.41,52.1377348,21.1605881,28,0.51,1.548,255,-0.1673,0.3346,0.0354,-0.0039,2.914,2.045,0.34,-1.75,225.01,0.03,0.0,0.01,0.03,108415,999,3,0.36,0.07,0.0,0.03,48,-83,124,0,2.96,-0.03,0.0046,0.0087,19.42,20.14,10.24
529.202,before,-21.3,52.1377313,21.1605821,92.41,52.1377329,21.1605849,28,0.51,1.543,255,0.0,0.502,0.0006,-0.0305,2.912,2.042,0.49,-1.9,224.99,0.02,0.0,0.02,0.02,108415,999,3,0.36,0.07,0.0,0.02,48,-208,164,0,2.96,-0.04,0.0051,0.0134,17.65,19.45,10.4
529.302,before,-21.2,52.1377303,21.1605806,92.4,52.1377329,21.1605849,28,0.51,1.543,255,-0.1673,0.3347,-0.0265,-0.0084,2.9,2.037,0.34,-1.95,224.97,0.02,0.0,0.0,0.01,108415,999,3,0.36,0.07,0.0,0.02,48,-143,-201,0,2.96,-0.03,0.0034,0.0091,18.86,17.48,9.68
529.403,before,-21.1,52.1377293,21.160579,92.4,52.1377309,21.1605819,28,0.51,1.529,255,0.0,0.5019,-0.0266,0.0204,2.912,2.036,0.27,-1.87,224.97,0.02,0.0,0.02,0.01,108415,999,3,0.36,0.07,0.0,0.02,48,-157,-206,0,2.97,-0.02,0.0017,0.005,20.6,18.47,9.67
529.502,before,-21.0,52.1377283,21.1605775,92.4,52.1377309,21.1605819,28,0.51,1.529,255,0.0,0.5019,-0.0354,0.0434,2.914,2.034,0.05,-1.64,225.06,0.05,0.01,0.01,0.01,108415,999,3,0.36,0.07,0.1,-0.08,48,-148,122,0,2.96,-0.03,0.0103,0.0148,18.32,20.7,9.7
529.602,before,-20.9,52.1377273,21.160576,92.4,52.1377289,21.160579,28,0.51,1.476,255,0.0,0.8365,0.0422,-0.0086,2.904,2.03,0.15,-1.56,225.19,0.03,0.0,0.02,0.01,108415,999,3,0.36,0.07,-0.04,0.0,48,23,-65,0,2.95,-0.03,0.0067,0.0169,19.49,20.3,9.65
529.702,before,-20.8,52.1377264,21.1605745,92.39,52.1377289,21.160579,28,0.51,1.476,255,0.0,0.1673,0.0243,-0.0443,2.872,2.024,0.37,-1.73,225.31,0.03,0.0,0.0,0.01,108415,999,3,0.36,0.07,-0.04,0.0,48,-209,-163,0,2.95,-0.03,0.0042,0.011,18.25,21.04,10.11
529.802,before,-20.7,52.1377254,21.160573,92.39,52.137727,21.1605758,28,0.51,1.51,255,-0.1673,0.3346,0.0125,-0.0285,2.886,2.021,0.55,-1.93,225.32,0.03,0.0,0.01,0.01,108415,999,3,0.35,0.06,-0.03,0.09,48,-46,-161,0,2.96,-0.01,0.0063,0.0054,19.33,19.25,9.92
529.902,before,-20.6,52.1377245,21.1605714,92.39,52.137727,21.1605758,28,0.51,1.51,255,-0.1673,0.6694,-0.0257,-0.0295,2.9,2.02,0.46,-2.08,225.24,0.03,0.0,0.0,0.0,108415,999,3,0.35,0.06,-0.03,0.09,48,10,-168,0,2.96,0.0,0.0046,0.0046,19.03,18.95,9.24
530.002,before,-20.5,52.1377236,21.1605698,92.39,52.1377251,21.1605727,28,0.51,1.523,255,0.0,0.502,-0.0665,0.0194,2.89,2.023,0.18,-2.06,225.14,0.05,0.0,0.01,0.02,108415,999,3,0.35,0.07,0.07,-0.01,48,47,320,0,2.98,0.0,0.007,0.0168,20.45,19.3,10.94
530.102,before,-20.4,52.1377226,21.1605682,92.39,52.1377251,21.1605727,28,0.51,1.523,255,-0.1673,0.5019,-0.0206,0.0158,2.885,2.03,-0.05,-1.9,225.04,0.05,0.0,0.0,0.01,108415,999,3,0.35,0.07,0.07,-0.01,48,-110,-49,0,2.98,0.0,0.0048,0.0124,20.11,18.35,10.38
530.202,before,-20.3,52.1377217,21.1605667,92.4,52.1377232,21.1605696,28,0.51,1.464,255,0.0,0.8364,0.0073,-0.013,2.924,2.036,-0.06,-1.89,224.99,0.01,0.0,0.01,0.01,108415,999,3,0.35,0.06,-0.04,-0.01,48,9,-188,0,2.98,0.01,0.0037,0.0108,19.02,18.26,10.22
530.302,before,-20.2,52.1377208,21.1605651,92.41,52.1377232,21.1605696,28,0.51,1.464,255,-0.1673,0.3347,0.0197,-0.0372,2.926,2.041,0.12,-2.04,224.96,0.01,0.0,0.0,0.01,108415,999,3,0.35,0.06,-0.04,-0.01,48,-33,-147,0,2.99,-0.01,0.0029,0.0092,19.33,16.96,9.36
530.402,before,-20.1,52.1377198,21.1605636,92.41,52.1377215,21.1605665,28,0.51,1.5,255,-0.1673,0.5019,-0.0143,-0.0224,2.918,2.045,0.13,-2.18,224.92,0.01,0.0,0.0,0.01,108415,999,3,0.35,0.06,-0.04,-0.01,48,0,-149,0,2.99,-0.01,0.0023,0.0073,18.66,18.34,10.1
530.502,before,-20.0,52.1377189,21.160562,92.41,52.1377215,21.1605665,28,0.51,1.5,255,-0.3348,0.6696,-0.0276,-0.0426,2.934,2.047,0.02,-2.36,224.81,0.02,0.01,0.0,0.01,108415,999,3,0.35,0.06,0.0,0.04,48,31,188,0,2.99,-0.01,0.0029,0.0046,18.85,16.08,9.01
530.602,before,-19.9,52.137718,21.1605604,92.41,52.1377196,21.1605632,28,0.51,1.532,255,0.0,0.3346,0.0063,0.0199,2.924,2.047,-0.12,-2.35,224.77,0.02,0.0,0.01,0.01,108415,999,3,0.35,0.07,0.0,0.03,48,48,-151,0,2.99,-0.02,0.0047,0.0077,18.53,17.22,8.65
530.702,before,-19.8,52.1377171,21.1605589,92.41,52.1377196,21.1605632,28,0.51,1.532,255,-0.1673,0.502,0.0071,0.0349,2.924,2.045,-0.02,-2.17,224.78,0.02,0.0,0.0,0.01,108415,999,3,0.35,0.07,0.0,0.03,48,2,-36,0,2.99,-0.01,0.0032,0.0051,18.04,19.63,9.07
530.802,before,-19.7,52.1377162,21.1605573,92.41,52.1377178,21.1605601,28,0.51,1.452,255,-0.1673,0.8367,-0.0154,0.0268,2.928,2.044,-0.06,-2.06,224.85,0.0,0.0,0.01,0.01,108415,999,3,0.35,0.07,0.0,-0.02,48,-339,310,0,2.99,-0.01,0.001,0.0022,19.62,18.55,8.86
530.902,before,-19.6,52.1377152,21.1605557,92.41,52.1377178,21.1605601,28,0.51,1.452,255,0.0,0.3347,0.022,-0.0123,2.926,2.044,-0.02,-2.0,224.99,0.0,0.0,0.01,0.01,108415,999,3,0.35,0.07,0.0,-0.02,48,-168,300,0,3.0,-0.01,0.0011,0.0051,18.43,18.23,9.11
531.002,before,-19.5,52.1377143,21.1605542,92.41,52.137716,21.1605569,28,0.51,1.487,255,0.0,0.3347,0.0083,-0.0005,2.904,2.044,0.03,-2.09,225.1,0.01,0.0,0.0,0.01,108415,999,3,0.35,0.06,-0.03,0.0,48,1,-153,0,3.0,-0.01,0.0042,0.0063,18.7,17.63,9.46
531.102,before,-19.4,52.1377134,21.1605526,92.41,52.137716,21.1605569,28,0.51,1.487,255,-0.1673,0.6693,0.0097,-0.0191,2.886,2.046,0.02,-2.14,225.16,0.01,0.0,0.04,0.02,108415,999,3,0.35,0.06,-0.03,0.0,48,-150,-174,0,3.01,0.02,0.0037,0.0141,19.25,17.67,8.76
531.202,before,-19.3,52.1377125,21.1605511,92.41,52.1377142,21.1605538,28,0.51,1.452,255,-0.1673,0.3346,-0.0066,-0.0115,2.906,2.049,-0.04,-2.31,225.18,0.02,0.0,0.01,0.01,108415,999,3,0.35,0.06,-0.03,0.0,48,-152,-119,0,3.01,0.02,0.0064,0.012,19.1,19.57,8.59
531.302,before,-19.2,52.1377115,21.1605495,92.42,52.1377142,21.1605538,28,0.51,1.452,255,0.0,0.3346,0.0126,0.0052,2.928,2.052,0.0,-2.33,225.14,0.02,0.0,0.01,0.0,108415,999,3,0.35,0.06,-0.03,0.0,48,-156,-168,0,3.01,0.02,0.0046,0.0114,17.56,21.68,10.6
531.402,before,-19.1,52.1377106,21.160548,92.42,52.1377142,21.1605538,28,0.51,1.452,255,0.0,0.3347,-0.0256,-0.0188,2.928,2.055,-0.06,-2.44,225.1,0.02,0.0,0.01,0.01,108415,999,3,0.35,0.06,-0.03,0.0,48,9,173,0,3.0,0.01,0.0027,0.0045,18.14,21.02,10.46
531.502,before,-19.0,52.1377097,21.1605464,92.42,52.1377124,21.1605507,28,0.51,1.478,255,-0.1673,0.5019,-0.0325,0.0124,2.914,2.058,-0.21,-2.38,225.09,0.01,0.02,0.03,0.01,108415,999,3,0.35,0.07,-0.03,0.0,48,-135,-193,0,3.01,0.0,0.0068,0.0148,17.76,19.04,9.6
531.602,before,-18.9,52.1377088,21.1605449,92.43,52.1377105,21.1605475,28,0.51,1.561,255,0.0,0.502,0.0016,-0.0073,2.894,2.061,-0.21,-2.39,225.06,0.07,0.0,0.0,0.01,108415,999,3,0.35,0.07,0.08,0.02,48,-148,-177,0,3.0,0.0,0.0053,0.0068,18.69,17.6,9.29
531.702,before,-18.8,52.1377079,21.1605433,92.42,52.1377105,21.1605475,28,0.51,1.561,255,-0.1673,0.6691,-0.0023,0.0143,2.886,2.058,-0.24,-2.33,225.09,0.07,0.0,0.01,0.01,108415,999,3,0.35,0.07,0.08,0.02,48,18,316,0,2.99,0.01,0.0043,0.0093,17.17,18.53,9.82
531.802,before,-18.7,52.1377069,21.1605418,92.42,52.1377086,21.1605443,28,0.51,1.527,255,0.0,0.3347,0.0247,0.0388,2.912,2.053,-0.2,-2.16,225.11,0.05,0.0,0.02,0.01,108415,999,3,0.35,0.06,-0.05,0.07,48,9,301,0,2.98,0.0,0.0105,0.0241,17.89,20.89,11.14
531.902,before,-18.6,52.137706,21.1605402,92.41,52.1377086,21.1605443,28,0.51,1.527,255,-0.1673,0.3346,0.0183,0.004,2.922,2.048,-0.08,-2.11,225.14,0.05,0.0,0.01,0.01,108415,999,3,0.35,0.06,-0.05,0.07,48,-18,-29,0,2.98,-0.01,0.0064,0.0131,18.73,19.72,10.12
532.002,before,-18.5,52.137705,21.1605386,92.41,52.1377068,21.160541,28,0.51,1.536,255,0.0,0.5019,0.0153,-0.0106,2.91,2.044,0.06,-2.08,225.16,0.01,0.0,0.01,0.01,108415,999,3,0.35,0.07,0.01,0.02,48,-30,-193,0,2.98,-0.01,0.0071,0.0155,18.38,18.36,10.04
532.102,before,-18.4,52.1377041,21.160537,92.41,52.1377068,21.160541,28,0.51,1.536,255,0.0,0.3347,-0.0161,-0.0126,2.928,2.041,0.05,-2.16,225.21,0.01,0.0,0.0,0.01,108415,999,3,0.35,0.07,0.01,0.02,48,-20,-3,0,2.98,-0.02,0.0044,0.0102,19.4,19.39,10.22
532.202,before,-18.3,52.1377031,21.1605354,92.41,52.1377049,21.1605378,28,0.51,1.481,255,0.0,0.3346,-0.0105,0.0011,2.922,2.04,-0.01,-2.18,225.28,0.03,0.0,0.0,0.01,108415,999,3,0.35,0.07,-0.02,-0.03,48,19,-14,0,2.99,-0.02,0.0032,0.0062,19.38,21.6,10.3
532.302,before,-18.2,52.1377022,21.1605338,92.41,52.1377049,21.1605378,28,0.51,1.481,255,-0.1673,0.8366,-0.022,0.0129,2.918,2.044,-0.13,-2.13,225.34,0.03,0.0,0.02,0.0,108415,999,3,0.35,0.07,-0.02,-0.03,48,-149,327,0,3.0,0.0,0.0031,0.0101,19.84,21.54,11.29
532.402,before,-18.1,52.1377012,21.1605322,92.41,52.1377049,21.1605378,28,0.51,1.481,255,0.0,0.8369,-0.0014,-0.0019,2.932,2.047,-0.14,-2.17,225.36,0.03,0.0,0.01,0.01,108415,999,3,0.35,0.07,-0.02,-0.03,48,-170,-1,0,3.0,0.0,0.0015,0.0029,18.99,19.85,10.31
532.502,before,-18.0,52.1377003,21.1605306,92.42,52.137703,21.1605347,28,0.51,1.566,255,0.0,0.3346,0.0042,-0.0225,2.924,2.051,-0.21,-2.26,225.34,0.02,0.02,0.0,0.0,108415,999,3,0.35,0.07,0.05,0.02,48,-150,-160,0,3.01,0.0,0.0029,0.0059,18.84,19.51,9.72
532.602,before,-17.9,52.1376994,21.1605291,92.42,52.137701,21.1605315,28,0.51,1.525,255,0.0,0.3347,-0.0008,-0.0114,2.924,2.054,-0.24,-2.41,225.26,0.03,0.0,0.02,0.0,108415,999,3,0.35,0.06,-0.03,0.05,48,-177,183,0,3.01,0.0,0.0051,0.0084,18.56,18.88,10.14
532.702,before,-17.8,52.1376984,21.1605275,92.42,52.137701,21.1605315,28,0.51,1.525,255,-0.1673,0.3347,-0.0051,0.0243,2.926,2.057,-0.26,-2.35,225.13,0.03,0.0,0.01,0.01,108415,999,3,0.35,0.06,-0.03,0.05,48,3,-177,0,3.01,0.0,0.0032,0.0073,18.17,18.97,9.29
532.802,before,-17.7,52.1376975,21.1605259,92.43,52.1376992,21.1605282,28,0.51,1.501,255,-0.1674,0.3347,-0.0305,0.0208,2.92,2.061,-0.35,-2.24,224.92,0.03,0.0,0.03,0.01,108415,999,3,0.35,0.06,-0.08,0.06,48,5,-196,0,3.02,0.0,0.0124,0.0209,19.26,19.29,9.48
532.902,before,-17.6,52.1376965,21.1605242,92.43,52.1376992,21.1605282,28,0.51,1.501,255,-0.1673,0.8366,-0.0374,0.0132,2.924,2.065,-0.53,-2.17,224.76,0.03,0.0,0.02,0.01,108415,999,3,0.35,0.06,-0.08,0.06,48,48,-177,0,3.02,0.01,0.0078,0.0122,18.69,19.04,9.52
533.002,before,-17.5,52.1376956,21.1605226,92.43,52.1376973,21.1605249,28,0.51,1.575,255,0.0,0.6695,0.0093,0.0064,2.934,2.067,-0.55,-2.12,224.67,0.02,0.0,0.0,0.02,108415,999,3,0.35,0.06,0.03,0.06,48,16,-193,0,3.02,0.0,0.009,0.0136,20.05,20.11,10.16
533.102,before,-17.4,52.1376946,21.160521,92.44,52.1376973,21.1605249,28,0.51,1.575,255,0.0,0.502,0.0007,0.0115,2.948,2.07,-0.55,-2.06,224.64,0.02,0.0,0.02,0.01,108415,999,3,0.35,0.06,0.03,0.06,48,4,136,0,3.03,0.0,0.0059,0.0122,20.05,22.12,10.87
533.202,before,-17.3,52.1376937,21.1605194,92.44,52.1376954,21.1605217,28,0.51,1.546,255,0.0,0.3346,0.0058,0.0262,2.944,2.076,-0.55,-1.92,224.65,0.01,0.0,0.02,0.01,108415,999,3,0.35,0.07,0.0,0.03,48,-152,134,0,3.03,0.0,0.0077,0.017,20.25,22.09,10.74
533.302,before,-17.2,52.1376927,21.1605178,92.45,52.1376954,21.1605217,28,0.51,1.546,255,0.0,0.3347,0.0233,0.0338,2.964,2.081,-0.49,-1.79,224.71,0.01,0.0,0.01,0.01,108415,999,3,0.35,0.07,0.0,0.03,48,-16,-212,0,3.03,0.0,0.0043,0.0093,19.69,21.3,9.87
533.402,before,-17.1,52.1376917,21.1605162,92.45,52.1376954,21.1605217,28,0.51,1.546,255,0.0,0.3346,0.0313,-0.028,2.954,2.083,-0.26,-1.85,224.79,0.01,0.0,0.0,0.0,108415,999,3,0.35,0.07,0.0,0.03,48,-57,-4,0,3.03,0.0,0.0023,0.0056,18.93,19.74,9.57
533.502,before,-17.0,52.1376908,21.1605146,92.45,52.1376935,21.1605186,28,0.51,1.483,255,-0.1673,0.3347,0.0013,-0.0215,2.922,2.085,-0.17,-2.06,224.83,0.02,0.01,0.0,0.01,108415,999,3,0.35,0.07,-0.06,0.0,48,-42,-120,0,3.04,0.0,0.0063,0.01,20.1,20.02,9.79
533.602,before,-16.9,52.1376898,21.1605131,92.45,52.1376916,21.1605155,28,0.51,1.494,255,-0.1673,0.6692,-0.0183,0.0065,2.926,2.087,-0.28,-2.11,224.91,0.03,0.0,0.0,0.01,108415,999,3,0.35,0.07,-0.02,0.0,48,-146,-158,0,3.04,0.01,0.0083,0.0153,18.5,20.57,10.78
533.702,before,-16.8,52.1376889,21.1605116,92.45,52.1376916,21.1605155,28,0.51,1.494,255,0.0,0.3347,0.0202,0.0389,2.948,2.089,-0.3,-1.94,225.01,0.03,0.0,0.02,0.01,108415,999,3,0.35,0.07,-0.02,0.0,48,-164,-19,0,3.03,0.01,0.0047,0.0069,18.34,18.91,9.9
533.802,before,-16.7,52.137688,21.1605101,92.45,52.1376898,21.1605124,28,0.51,1.47,255,0.0,0.3347,0.0221,-0.0246,2.95,2.09,-0.18,-1.93,225.08,0.03,0.01,0.0,0.01,108415,999,3,0.35,0.07,-0.08,0.03,48,-205,-28,0,3.03,0.01,0.0111,0.0155,18.84,19.11,9.5
533.902,before,-16.6,52.137687,21.1605085,92.46,52.1376898,21.1605124,28,0.51,1.47,255,-0.1673,0.3347,0.0073,-0.049,2.932,2.09,-0.13,-2.2,225.02,0.03,0.01,0.0,0.01,108415,999,3,0.35,0.07,-0.08,0.03,48,-198,-138,0,3.03,0.0,0.0067,0.0096,19.22,19.53,10.37
534.002,before,-16.5,52.1376861,21.160507,92.45,52.1376879,21.1605093,28,0.51,1.486,255,-0.1673,0.1673,-0.0168,-0.0178,2.928,2.088,-0.26,-2.36,224.89,0.04,0.0,0.06,0.01,108415,999,3,0.35,0.06,-0.07,0.05,48,-145,188,0,3.02,-0.01,0.0126,0.0187,20.47,21.73,10.64
534.102,before,-16.4,52.1376852,21.1605054,92.45,52.1376879,21.1605093,28,0.51,1.486,255,0.0,0.502,-0.0279,0.0273,2.924,2.086,-0.36,-2.28,224.82,0.04,0.0,0.01,0.01,108415,999,3,0.35,0.06,-0.07,0.05,48,8,-181,0,3.02,0.01,0.0073,0.0134,18.61,19.48,10.76
534.202,before,-16.3,52.1376843,21.1605039,92.45,52.1376861,21.1605062,28,0.51,1.49,255,-0.1673,0.8365,-0.0053,-0.0167,2.924,2.083,-0.36,-2.2,224.8,0.01,0.0,0.01,0.01,108415,999,3,0.35,0.07,0.0,0.0,48,-181,-200,0,3.02,0.01,0.0054,0.011,18.46,19.01,9.42
534.302,before,-16.2,52.1376833,21.1605024,92.45,52.1376861,21.1605062,28,0.51,1.49,255,0.0,0.1673,-0.0191,-0.0444,2.924,2.082,-0.32,-2.43,224.72,0.01,0.0,0.0,0.02,108415,999,3,0.35,0.07,0.0,0.0,48,-26,-135,0,3.02,0.01,0.0025,0.0061,18.93,19.24,9.98
534.402,before,-16.1,52.1376824,21.1605008,92.45,52.1376861,21.1605062,28,0.51,1.49,255,0.0,0.5019,-0.0388,0.0025,2.916,2.084,-0.46,-2.49,224.62,0.01,0.0,0.02,0.01,108415,999,3,0.35,0.07,0.0,0.0,48,-163,-168,0,3.03,0.01,0.0017,0.0033,19.12,20.5,9.75
534.502,before,-16.0,52.1376815,21.1604993,92.45,52.1376841,21.1605032,28,0.51,1.493,255,0.0,0.502,0.0154,0.0315,2.922,2.087,-0.51,-2.38,224.58,0.02,0.01,0.01,0.01,108415,999,3,0.35,0.06,-0.03,0.02,48,-168,299,0,3.02,0.02,0.0037,0.0075,18.27,19.92,9.94
534.602,before,-15.9,52.1376805,21.1604978,92.45,52.1376821,21.1605002,28,0.51,1.541,255,0.0,0.3346,0.0203,0.0201,2.93,2.088,-0.45,-2.18,224.63,0.03,0.0,0.04,0.01,108415,999,3,0.35,0.07,0.08,-0.02,48,-33,-205,0,3.01,0.01,0.0081,0.0158,17.66,20.39,9.67
534.702,before,-15.8,52.1376795,21.1604963,92.45,52.1376821,21.1605002,28,0.51,1.541,255,0.0,0.3347,0.0293,-0.0147,2.944,2.087,-0.3,-2.21,224.76,0.03,0.0,0.0,0.01,108415,999,3,0.35,0.07,0.08,-0.02,48,-39,-19,0,3.01,0.0,0.0067,0.0113,18.45,18.97,9.53
534.802,before,-15.7,52.1376785,21.1604948,92.45,52.13768,21.1604972,28,0.51,1.551,255,0.0,0.8367,0.0291,-0.0142,2.95,2.086,-0.14,-2.26,224.92,0.02,0.0,0.0,0.01,108415,999,3,0.35,0.07,0.03,0.02,48,-36,163,0,3.01,0.0,0.0089,0.0145,18.94,19.54,9.54
534.902,before,-15.6,52.1376775,21.1604933,92.45,52.13768,21.1604972,28,0.51,1.551,255,0.0,0.6694,0.0142,-0.0246,2.944,2.085,-0.0,-2.39,225.04,0.02,0.0,0.0,0.03,108415,999,3,0.35,0.07,0.03,0.02,48,-59,181,0,3.01,0.0,0.007,0.0122,19.33,17.79,9.3
535.002,before,-15.5,52.1376765,21.1604917,92.45,52.1376778,21.1604943,28,0.51,1.582,255,-0.1673,0.3347,0.0029,0.0063,2.942,2.084,0.08,-2.37,225.09,0.06,0.0,0.01,0.0,108415,999,3,0.35,0.08,0.14,-0.1,48,-49,-178,0,3.01,-0.01,0.0218,0.0304,18.41,17.94,10.13
535.102,before,-15.4,52.1376754,21.1604903,92.45,52.1376778,21.1604943,28,0.51,1.582,255,0.0,0.5019,-0.0013,0.0217,2.942,2.083,0.07,-2.28,225.09,0.06,0.0,0.0,0.01,108415,999,3,0.35,0.08,0.14,-0.1,48,-31,-34,0,3.01,-0.01,0.0158,0.0235,19.55,20.76,10.47
535.202,before,-15.3,52.1376744,21.1604888,92.45,52.1376758,21.1604913,28,0.51,1.523,255,0.0,0.3347,0.0402,0.0289,2.942,2.083,0.22,-2.03,225.07,0.03,0.0,0.0,0.01,108415,999,3,0.35,0.06,-0.06,0.04,48,-41,-76,0,3.02,-0.01,0.0039,0.0095,18.95,20.55,10.48
535.302,before,-15.2,52.1376733,21.1604873,92.45,52.1376758,21.1604913,28,0.51,1.523,255,-0.1673,0.502,0.0278,0.0323,2.944,2.084,0.44,-1.81,225.09,0.03,0.0,0.0,0.01,108415,999,3,0.35,0.06,-0.06,0.04,48,-79,279,0,3.02,0.0,0.0031,0.008,19.47,19.65,10.31
535.402,before,-15.1,52.1376723,21.1604857,92.45,52.1376758,21.1604913,28,0.51,1.523,255,0.0,0.6691,-0.0104,0.0224,2.948,2.085,0.5,-1.73,225.14,0.03,0.0,0.01,0.01,108415,999,3,0.35,0.06,-0.06,0.04,48,-40,138,0,3.02,0.0,0.0026,0.0074,19.99,18.91,9.84
535.502,before,-15.0,52.1376713,21.1604842,92.45,52.1376738,21.1604882,28,0.51,1.553,255,0.0,0.8364,-0.0117,-0.0118,2.966,2.086,0.48,-1.72,225.18,0.0,0.01,0.0,0.01,108415,999,3,0.35,0.07,0.02,0.0,48,-27,-191,0,3.02,0.0,0.003,0.0073,18.86,20.16,9.71
535.602,before,-14.9,52.1376703,21.1604827,92.45,52.1376718,21.160485,28,0.51,1.535,255,-0.1673,0.3347,0.0021,-0.0587,2.968,2.087,0.51,-1.91,225.18,0.03,0.0,0.02,0.02,108415,999,3,0.35,0.06,-0.06,0.08,48,-2,-164,0,3.03,0.0,0.0075,0.0083,19.42,19.96,9.32
535.702,before,-14.8,52.1376694,21.1604811,92.46,52.1376718,21.160485,28,0.51,1.535,255,0.0,0.3347,-0.0165,-0.012,2.954,2.091,0.48,-2.13,225.15,0.03,0.0,0.01,0.03,108415,999,3,0.35,0.06,-0.06,0.08,48,-18,217,0,3.04,-0.01,0.0048,0.009,18.35,20.0,11.0
535.802,before,-14.7,52.1376684,21.1604795,92.46,52.13767,21.1604818,28,0.51,1.516,255,-0.1673,0.3346,-0.0429,0.0133,2.96,2.095,0.29,-2.11,225.05,0.03,0.0,0.0,0.01,108415,999,3,0.35,0.07,-0.05,0.03,48,11,-8,0,3.05,0.0,0.0094,0.015,19.51,19.89,10.32
535.902,before,-14.6,52.1376675,21.1604779,92.46,52.13767,21.1604818,28,0.51,1.516,255,-0.1673,0.3347,-0.0436,0.0337,2.956,2.099,0.02,-2.0,224.99,0.03,0.0,0.01,0.01,108415,999,3,0.35,0.07,-0.05,0.03,48,57,-174,0,3.04,0.0,0.0056,0.0081,18.75,18.82,9.95
536.002,before,-14.5,52.1376666,21.1604763,92.47,52.1376681,21.1604786,28,0.51,1.505,255,0.0,0.8367,-0.0317,0.0326,2.958,2.104,-0.17,-1.78,225.0,0.03,0.0,0.01,0.01,108415,999,3,0.35,0.07,0.0,-0.01,48,45,-205,0,3.06,0.0,0.006,0.0163,18.05,18.24,9.86
536.102,before,-14.4,52.1376656,21.1604747,92.47,52.1376681,21.1604786,28,0.51,1.505,255,-0.3346,0.6692,-0.0273,0.0009,2.97,2.109,-0.28,-1.69,225.07,0.03,0.0,0.01,0.0,108415,999,3,0.35,0.07,0.0,-0.01,48,26,-196,0,3.06,0.01,0.0032,0.0083,18.14,19.16,9.39
536.202,before,-14.3,52.1376647,21.1604731,92.48,52.1376662,21.1604755,28,0.51,1.491,255,0.0,0.3347,0.015,-0.0108,2.932,2.114,-0.26,-1.71,225.15,0.03,0.0,0.01,0.01,108415,999,3,0.35,0.06,-0.01,0.0,48,-174,325,0,3.06,0.0,0.0021,0.0039,19.72,19.76,10.41
536.302,before,-14.2,52.1376638,21.1604715,92.48,52.1376662,21.1604755,28,0.51,1.491,255,-0.1673,0.3347,0.01,-0.0256,2.932,2.115,-0.1,-1.86,225.22,0.03,0.0,0.0,0.01,108415,999,3,0.35,0.06,-0.01,0.0,48,-35,-136,0,3.06,0.0,0.001,0.0019,18.82,20.82,9.52
536.402,before,-14.1,52.1376629,21.16047,92.48,52.1376662,21.1604755,28,0.51,1.491,255,0.0,0.3347,-0.0209,-0.0018,2.916,2.118,-0.09,-1.9,225.25,0.03,0.0,0.03,0.01,108415,999,3,0.35,0.06,-0.01,0.0,48,-6,16,0,3.06,0.05,0.0015,0.0085,18.77,19.39,9.23
536.502,before,-14.0,52.1376619,21.1604684,92.49,52.1376643,21.1604724,28,0.51,1.474,255,0.0,0.3346,-0.0021,-0.0262,2.934,2.122,-0.21,-1.97,225.27,0.02,0.01,0.02,0.02,108415,999,3,0.35,0.07,0.0,-0.01,48,28,7,0,3.06,0.06,0.0035,0.0064,18.02,19.22,9.68
536.602,before,-13.9,52.137661,21.1604669,92.49,52.1376623,21.1604694,28,0.51,1.534,255,0.0,0.6695,0.0102,-0.0128,2.95,2.125,-0.19,-2.07,225.26,0.06,0.0,0.01,0.01,108415,999,3,0.35,0.07,0.14,-0.09,48,-7,-138,0,3.06,0.05,0.0183,0.0224,18.48,21.74,11.24
536.702,before,-13.8,52.13766,21.1604654,92.49,52.1376623,21.1604694,28,0.51,1.534,255,0.0,0.502,0.0248,-0.0134,2.952,2.127,-0.17,-2.21,225.17,0.06,0.0,0.02,0.01,108415,999,3,0.35,0.07,0.14,-0.09,48,-7,3,0,3.05,0.02,0.0132,0.0179,19.16,19.92,10.63
536.802,before,-13.7,52.137659,21.160464,92.49,52.1376604,21.1604664,28,0.51,1.454,255,0.0,0.1673,0.0324,-0.026,2.972,2.128,-0.02,-2.37,225.02,0.06,0.0,0.02,0.01,108415,999,3,0.35,0.06,-0.12,0.04,48,-197,-145,0,3.05,0.01,0.0042,0.0027,19.48,18.02,9.73
536.902,before,-13.6,52.1376581,21.1604624,92.5,52.1376604,21.1604664,28,0.51,1.454,255,0.0,0.3345,0.0042,0.0055,2.964,2.132,0.07,-2.43,224.82,0.06,0.0,0.03,0.0,108415,999,3,0.35,0.06,-0.12,0.04,48,-24,-140,0,3.06,0.01,0.0035,0.0087,19.45,17.41,9.46
537.002,before,-13.5,52.1376572,21.1604609,92.5,52.1376586,21.1604632,28,0.51,1.513,255,0.0,0.3344,-0.0112,0.0165,2.946,2.137,0.05,-2.39,224.67,0.04,0.0,0.01,0.01,108415,999,3,0.35,0.06,-0.05,0.09,48,0,176,0,3.06,0.0,0.0108,0.0117,19.12,18.91,9.2
537.102,before,-13.4,52.1376562,21.1604593,92.5,52.1376586,21.1604632,28,0.51,1.513,255,-0.1673,0.3346,-0.0078,0.0163,2.956,2.139,-0.0,-2.3,224.51,0.04,0.0,0.03,0.0,108415,999,3,0.35,0.06,-0.05,0.09,48,35,151,0,3.05,0.02,0.007,0.0107,18.31,20.43,9.99
537.202,before,-13.3,52.1376553,21.1604577,92.5,52.1376569,21.1604599,28,0.51,1.42,255,0.0,0.6691,-0.0278,0.0156,2.944,2.139,-0.11,-2.23,224.44,0.04,0.0,0.02,0.01,108415,999,3,0.35,0.06,-0.12,-0.01,48,18,0,0,3.05,0.01,0.0137,0.0184,18.64,19.62,10.65
537.302,before,-13.2,52.1376544,21.1604561,92.5,52.1376569,21.1604599,28,0.51,1.42,255,0.0,0.8365,-0.0236,0.0239,2.944,2.139,-0.2,-2.12,224.47,0.04,0.0,0.0,0.02,108415,999,3,0.35,0.06,-0.12,-0.01,48,17,-181,0,3.05,0.02,0.0086,0.0113,19.76,21.97,10.86
537.402,before,-13.1,52.1376535,21.1604545,92.51,52.1376569,21.1604599,28,0.51,1.42,255,0.0,0.3346,-0.0247,0.0174,2.962,2.14,-0.31,-2.0,224.56,0.04,0.0,0.0,0.01,108415,999,3,0.35,0.06,-0.12,-0.01,48,28,-192,0,3.05,0.02,0.0051,0.0069,19.68,20.62,9.89
537.502,before,-13.0,52.1376526,21.1604529,92.51,52.137655,21.1604569,28,0.51,1.516,255,0.0,0.3346,-0.0218,-0.0039,2.952,2.146,-0.45,-2.02,224.68,0.05,0.01,0.01,0.01,108415,999,3,0.35,0.07,0.08,-0.05,48,-143,3,0,3.07,0.03,0.0064,0.0124,20.03,20.1,10.13
537.602,before,-12.9,52.1376516,21.1604514,92.52,52.137653,21.1604538,28,0.51,1.532,255,0.0,0.1673,0.0273,-0.0181,2.964,2.152,-0.45,-2.09,224.84,0.03,0.0,0.01,0.01,108415,999,3,0.35,0.07,0.02,0.02,48,-159,177,0,3.06,0.02,0.0056,0.0079,19.28,19.21,9.8
537.702,before,-12.8,52.1376506,21.1604499,92.52,52.137653,21.1604538,28,0.51,1.532,255,0.0,0.5019,0.0035,-0.0174,2.972,2.152,-0.41,-2.16,224.93,0.03,0.0,0.03,0.02,108415,999,3,0.35,0.07,0.02,0.02,48,-26,-146,0,3.05,0.0,0.0051,0.0123,19.32,19.27,10.05
537.802,before,-12.7,52.1376497,21.1604483,92.51,52.1376509,21.1604507,28,0.51,1.546,255,0.0,0.3346,0.0352,-0.0034,2.96,2.15,-0.27,-2.15,224.99,0.01,0.0,0.01,0.0,108415,999,3,0.35,0.06,0.04,0.0,48,-2,-170,0,3.05,0.0,0.0094,0.0182,20.09,19.82,10.0
537.902,before,-12.6,52.1376487,21.1604468,92.51,52.1376509,21.1604507,28,0.51,1.546,255,0.0,0.6693,0.0057,0.0091,2.96,2.147,-0.18,-2.15,225.02,0.01,0.0,0.0,0.01,108415,999,3,0.35,0.06,0.04,0.0,48,-39,324,0,3.05,0.0,0.007,0.0142,18.73,18.67,9.31
538.002,before,-12.5,52.1376477,21.1604452,92.51,52.1376489,21.1604476,28,0.51,1.535,255,0.0,0.3347,0.015,0.0292,2.96,2.145,-0.12,-2.02,225.05,0.02,0.0,0.0,0.01,108415,999,3,0.35,0.07,0.01,0.02,48,-9,-34,0,3.04,0.0,0.0084,0.0182,18.32,19.2,9.87
538.102,before,-12.4,52.1376467,21.1604437,92.51,52.1376489,21.1604476,28,0.51,1.535,255,0.0,0.3347,0.0116,0.012,2.966,2.143,-0.02,-1.93,225.08,0.02,0.0,0.0,0.0,108415,999,3,0.35,0.07,0.01,0.02,48,-34,-188,0,3.05,0.0,0.0058,0.0118,17.59,21.37,10.03
538.202,before,-12.3,52.1376457,21.1604421,92.51,52.1376469,21.1604445,28,0.51,1.471,255,-0.1673,0.6693,-0.0038,0.0068,2.966,2.142,-0.02,-1.87,225.08,0.02,0.0,0.01,0.01,108415,999,3,0.35,0.07,-0.03,-0.01,48,-4,-180,0,3.04,0.0,0.0043,0.0133,18.76,19.82,9.99
538.302,before,-12.2,52.1376447,21.1604406,92.5,52.1376469,21.1604445,28,0.51,1.471,255,0.0,0.3347,0.0185,-0.006,2.957,2.14,-0.0,-1.87,225.04,0.02,0.0,0.0,0.04,108415,999,3,0.35,0.07,-0.03,-0.01,48,-163,-10,0,3.04,0.0,0.0031,0.0096,18.2,18.94,9.97
538.402,before,-12.1,52.1376438,21.160439,92.5,52.1376469,21.1604445,28,0.51,1.471,255,-0.1673,0.5019,0.0371,-0.0177,2.962,2.138,0.15,-1.95,224.95,0.02,0.0,0.01,0.02,108415,999,3,0.35,0.07,-0.03,-0.01,48,-33,173,0,3.04,0.0,0.0029,0.0105,17.98,20.2,10.63
538.502,before,-12.0,52.1376428,21.1604375,92.5,52.137645,21.1604415,28,0.51,1.498,255,0.0,0.8363,-0.0037,-0.012,2.972,2.136,0.16,-2.04,224.84,0.03,0.01,0.01,0.01,108415,999,3,0.35,0.07,0.0,-0.01,48,-178,353,0,3.04,0.0,0.0046,0.0095,17.94,20.21,9.92
538.602,before,-11.9,52.1376419,21.160436,92.5,52.137643,21.1604385,28,0.51,1.534,255,0.0,0.502,-0.0012,-0.0005,2.992,2.135,0.21,-2.12,224.77,0.04,0.01,0.0,0.01,108415,999,3,0.35,0.07,0.06,0.0,48,-19,-155,0,3.03,-0.01,0.0103,0.02,17.08,19.94,10.57
538.702,before,-11.8,52.1376409,21.1604344,92.5,52.137643,21.1604385,28,0.51,1.534,255,-0.1673,0.3346,-0.0242,0.0012,2.992,2.132,0.14,-2.09,224.74,0.04,0.01,0.0,0.0,108415,999,3,0.35,0.07,0.06,0.0,48,-174,175,0,3.04,-0.03,0.0069,0.0121,18.64,19.5,10.3
538.802,before,-11.7,52.1376399,21.1604329,92.5,52.137641,21.1604354,28,0.51,1.546,255,-0.1673,0.8366,-0.0047,0.0008,2.988,2.131,0.09,-2.09,224.77,0.02,0.01,0.01,0.01,108415,999,3,0.35,0.07,0.04,0.02,48,10,340,0,3.05,-0.03,0.0105,0.0178,18.65,20.96,10.18
538.902,before,-11.6,52.1376389,21.1604313,92.5,52.137641,21.1604354,28,0.51,1.546,255,0.0,0.3347,0.0016,0.016,2.986,2.131,0.14,-1.97,224.85,0.02,0.01,0.0,0.0,108415,999,3,0.35,0.07,0.04,0.02,48,-8,-192,0,3.05,-0.02,0.0071,0.012,19.37,20.01,9.99
539.002,before,-11.5,52.1376379,21.1604298,92.5,52.1376389,21.1604322,28,0.51,1.573,255,0.0,0.3346,0.0173,0.0599,2.98,2.133,0.21,-1.73,224.92,0.03,0.01,0.02,0.02,108415,999,3,0.35,0.07,0.08,0.03,48,-14,-199,0,3.06,-0.01,0.0148,0.0245,18.85,20.45,9.64
539.102,before,-11.4,52.1376369,21.1604282,92.5,52.1376389,21.1604322,28,0.51,1.573,255,0.0,0.6696,-0.0027,0.1057,2.98,2.137,0.16,-1.25,224.96,0.03,0.01,0.0,0.01,108415,999,3,0.35,0.07,0.08,0.03,48,0,-85,0,3.07,0.0,0.0099,0.0178,19.42,18.33,8.87
539.202,before,-11.3,52.1376359,21.1604266,92.51,52.1376371,21.1604289,28,0.51,1.436,255,0.0,0.5019,0.0164,0.1443,2.996,2.141,0.17,-0.54,224.99,0.08,0.0,0.0,0.02,108415,999,3,0.35,0.06,-0.14,0.06,48,-161,-111,0,3.08,0.0,0.0124,0.0224,18.55,19.01,9.63
539.302,before,-11.2,52.137635,21.160425,92.51,52.1376371,21.1604289,28,0.51,1.436,255,0.0,0.502,0.0027,0.1339,3.008,2.148,0.19,0.24,224.99,0.08,0.0,0.02,0.01,108415,999,3,0.35,0.06,-0.14,0.06,48,-154,376,0,3.08,0.0,0.008,0.0113,18.52,19.17,10.09
539.402,before,-11.1,52.1376341,21.1604235,92.52,52.1376354,21.1604258,28,0.51,1.452,255,0.0,0.8364,-0.0228,0.1054,2.99,2.151,0.05,0.88,224.99,0.08,0.0,0.0,0.01,108415,999,3,0.35,0.07,-0.14,0.06,48,51,-257,0,3.08,0.0,0.0053,0.0071,19.66,18.29,9.89
539.502,before,-11.0,52.1376332,21.160422,92.52,52.1376354,21.1604258,28,0.51,1.452,255,-0.1673,0.5019,-0.0338,0.1327,2.99,2.151,-0.12,1.59,224.98,0.01,0.0,0.03,0.0,108415,999,3,0.35,0.07,0.02,0.0,48,46,-258,0,3.07,0.0,0.0019,0.0063,19.18,19.98,10.75
539.602,before,-10.9,52.1376324,21.1604206,92.51,52.1376336,21.1604229,28,0.51,1.364,255,0.0,0.5019,-0.0279,0.1415,3.0,2.149,-0.24,2.39,224.99,0.02,0.0,0.01,0.0,108415,999,3,0.35,0.07,0.03,0.0,48,42,239,0,3.06,-0.01,0.0045,0.0131,17.86,19.02,10.72
539.702,before,-10.8,52.1376316,21.1604193,92.51,52.1376336,21.1604229,28,0.51,1.364,255,0.0,0.6695,-0.011,0.1345,2.992,2.145,-0.3,3.14,225.09,0.02,0.0,0.0,0.01,108415,999,3,0.35,0.07,0.03,0.0,48,29,265,0,3.06,-0.01,0.0027,0.0079,18.45,18.55,9.92
539.802,before,-10.7,52.1376309,21.160418,92.51,52.137632,21.1604203,28,0.51,1.13,255,0.0,0.3346,0.0057,0.1536,2.992,2.143,-0.27,3.97,225.17,0.03,0.0,0.0,0.01,108415,999,3,0.35,0.07,-0.05,-0.08,48,12,-56,0,3.07,0.0,0.0091,0.0089,18.88,17.53,8.75
539.902,before,-10.6,52.1376302,21.160417,92.51,52.137632,21.1604203,28,0.51,1.13,255,-0.1673,0.3346,0.0205,0.1135,3.008,2.143,-0.19,4.72,225.34,0.03,0.0,0.01,0.01,108415,999,3,0.35,0.07,-0.05,-0.08,48,0,-181,0,3.07,0.01,0.0069,0.008,17.19,17.45,8.82
540.002,before,-10.5,52.1376296,21.160416,92.51,52.1376306,21.1604181,28,0.51,1.02,255,-0.1673,0.6693,-0.0165,0.0884,3.004,2.144,-0.28,5.3,225.47,0.01,0.0,0.01,0.01,108415,999,3,0.35,0.07,0.04,-0.01,48,0,-108,0,3.07,0.01,0.0095,0.0094,16.2,18.05,9.25
540.102,before,-10.4,52.1376291,21.1604152,92.51,52.1376306,21.1604181,28,0.51,1.02,255,-0.1674,0.1674,0.0088,0.0459,3.008,2.144,-0.31,5.67,225.65,0.01,0.0,0.01,0.01,108415,999,3,0.35,0.07,0.04,-0.01,48,7,-48,0,3.07,0.0,0.0069,0.0075,16.6,18.25,9.31
540.202,before,-10.3,52.1376286,21.1604145,92.51,52.1376296,21.1604162,28,0.51,0.761,255,0.0,0.1674,0.029,0.0131,3.024,2.142,-0.2,5.86,225.65,0.03,0.0,0.04,0.02,108415,999,3,0.35,0.06,-0.09,0.03,48,-27,17,0,3.05,0.0,0.0147,0.0155,16.07,17.08,8.36
540.302,before,-10.2,52.1376283,21.1604138,92.5,52.1376296,21.1604162,28,0.51,0.761,255,-0.1674,0.1674,0.0037,-0.0278,3.028,2.14,-0.16,5.77,225.14,0.03,0.0,0.03,0.02,108415,999,3,0.35,0.06,-0.09,0.03,48,-2,-45,0,3.07,-0.01,0.0111,0.0079,15.79,16.1,8.4
540.402,before,-10.1,52.137628,21.1604133,92.5,52.1376296,21.1604162,28,0.51,0.761,255,0.0,0.0,-0.0103,-0.0824,3.042,2.138,-0.19,5.38,224.73,0.03,0.0,0.05,0.02,108415,999,3,0.35,0.06,-0.09,0.03,48,13,52,0,3.05,-0.02,0.0089,0.0131,15.05,15.32,8.24
540.502,before,-10.0,52.1376278,21.1604129,92.5,52.1376289,21.1604147,28,0.51,0.499,255,0.0,0.0,-0.0167,-0.1175,3.026,2.132,-0.31,4.77,224.37,0.03,0.0,0.0,0.01,108415,999,3,0.35,0.06,-0.05,0.03,48,-124,-28,0,3.05,-0.04,0.0191,0.018,14.47,14.44,7.73
540.602,before,-9.9,52.1376277,21.1604126,92.49,52.1376285,21.1604136,29,0.51,0.335,255,0.0,0.0,0.002,-0.1312,3.01,2.125,-0.35,4.0,224.14,0.01,0.0,0.06,0.02,108415,999,3,0.35,0.05,-0.02,0.03,48,-128,7,0,3.04,-0.05,0.0236,0.0277,12.85,14.97,8.06
540.702,before,-9.8,52.1376276,21.1604124,92.48,52.1376285,21.1604136,29,0.51,0.335,255,0.0,-0.1673,-0.0188,-0.1571,3.012,2.113,-0.42,3.12,224.06,0.01,0.0,0.04,0.02,108415,999,3,0.35,0.05,-0.02,0.03,48,28,51,0,3.03,-0.04,0.0163,0.0274,12.94,14.76,8.19
540.802,before,-9.7,52.1376276,21.1604122,92.47,52.1376283,21.160413,29,0.51,0.142,255,0.0,-0.1673,-0.0357,-0.1399,3.022,2.1,-0.53,2.29,224.17,0.03,0.0,0.04,0.03,108415,999,3,0.35,0.08,-0.08,0.0,48,40,97,0,3.02,-0.06,0.0245,0.0332,14.07,16.68,8.27
540.902,before,-9.6,52.1376276,21.160412,92.45,52.1376283,21.160413,29,0.51,0.142,255,0.0,-0.1673,-0.0035,-0.1074,2.996,2.086,-0.62,1.65,224.22,0.03,0.0,0.04,0.04,108415,999,3,0.35,0.08,-0.08,0.0,48,53,-81,0,3.01,-0.07,0.0161,0.0306,13.29,15.33,8.33
541.002,before,-9.5,52.1376277,21.1604119,92.44,52.1376285,21.1604126,29,0.51,0.236,255,0.0,0.0,-0.0105,-0.1106,3.016,2.073,-0.64,1.02,224.33,0.08,0.0,0.03,0.0,108415,999,3,0.35,0.15,-0.18,0.09,48,-145,-67,0,3.01,-0.07,0.0517,0.0442,13.66,16.03,7.78
541.102,before,-9.4,52.1376279,21.1604118,92.43,52.1376285,21.1604126,29,0.51,0.236,255,0.0,-0.1673,-0.0275,-0.1442,3.03,2.062,-0.7,0.27,223.86,0.08,0.0,0.05,0.01,108415,999,3,0.35,0.15,-0.18,0.09,48,39,-37,0,3.0,-0.09,0.0336,0.0377,14.3,15.97,8.09
541.202,before,-9.3,52.137628,21.1604117,92.42,52.1376288,21.1604123,29,0.51,0.037,255,-0.1672,-0.1672,-0.0517,-0.1205,3.014,2.05,-1.0,-0.47,223.7,0.02,0.0,0.03,0.01,108415,999,3,0.35,0.15,0.05,0.0,48,71,-23,0,2.99,-0.11,0.0137,0.0266,13.39,14.82,8.34
541.302,before,-9.2,52.1376281,21.1604117,92.4,52.1376288,21.1604123,29,0.51,0.037,255,-0.1673,-0.1673,-0.0372,-0.1062,3.014,2.037,-1.29,-1.13,224.02,0.02,0.0,0.07,0.01,108415,999,3,0.35,0.15,0.05,0.0,48,85,-29,0,2.98,-0.11,0.0077,0.0313,14.09,15.35,8.22
541.402,before,-9.1,52.1376281,21.1604116,92.39,52.1376288,21.1604123,29,0.51,0.037,255,-0.1673,0.0,-0.0359,-0.0574,3.01,2.022,-1.55,-1.64,224.48,0.02,0.0,0.05,0.01,108415,999,3,0.35,0.15,0.05,0.0,48,55,-45,0,2.97,-0.12,0.0047,0.0291,13.09,15.27,7.92
541.502,before,-9.0,52.1376282,21.1604116,92.37,52.1376289,21.1604123,29,0.51,0.065,255,-0.1673,0.0,-0.0059,-0.0157,3.02,2.009,-1.68,-1.82,224.91,0.02,0.0,0.05,0.01,108415,999,3,0.35,0.14,-0.02,-0.02,48,29,-108,0,2.97,-0.12,0.0035,0.0234,14.64,16.25,7.95
541.602,before,-8.9,52.1376282,21.1604116,92.36,52.137629,21.1604123,29,0.51,0.082,255,0.0,0.0,0.0292,0.0305,3.012,1.997,-1.54,-1.69,225.22,0.03,0.0,0.06,0.05,108415,999,3,0.35,0.15,-0.06,0.04,48,0,19,0,2.96,-0.14,0.0094,0.0264,13.54,15.0,7.83
541.702,before,-8.8,52.1376283,21.1604116,92.35,52.137629,21.1604123,29,0.51,0.082,255,0.0,0.0,0.053,0.0341,3.02,1.985,-1.33,-1.49,225.31,0.03,0.0,0.04,0.16,108415,999,3,0.35,0.15,-0.06,0.04,48,-35,-25,0,2.95,-0.14,0.0052,0.0236,13.99,16.95,8.62
541.802,before,-8.7,52.1376283,21.1604116,92.34,52.1376291,21.1604123,29,0.51,0.066,255,0.0,0.0,0.0284,0.0307,3.02,1.974,-1.14,-1.33,225.35,0.04,0.0,0.03,0.13,108415,999,3,0.35,0.12,-0.07,-0.03,48,-42,-29,0,2.96,-0.15,0.011,0.0186,12.96,15.22,8.62
541.902,before,-8.6,52.1376283,21.1604116,92.33,52.1376291,21.1604123,29,0.51,0.066,255,0.1673,0.1673,-0.0029,0.008,3.012,1.966,-1.1,-1.25,225.33,0.04,0.0,0.04,0.16,108415,999,3,0.35,0.12,-0.07,-0.03,48,-16,145,0,2.96,-0.14,0.0068,0.0164,13.99,15.8,8.45
542.002,before,-8.5,52.1376283,21.1604116,92.32,52.1376291,21.1604124,29,0.51,0.115,255,0.0,0.0,-0.0103,-0.0077,3.028,1.958,-1.07,-1.22,225.33,0.02,0.0,0.02,0.17,108415,999,3,0.35,0.12,0.04,-0.02,48,144,-6,0,2.96,-0.14,0.0069,0.008,13.05,14.35,8.47
542.102,before,-8.4,52.1376282,21.1604116,92.32,52.1376291,21.1604124,29,0.51,0.115,255,0.0,0.0,-0.0007,0.0294,3.024,1.953,-1.15,-1.11,225.37,0.02,0.0,0.02,0.13,108415,999,3,0.35,0.12,0.04,-0.02,48,164,-25,0,2.96,-0.15,0.0067,0.0065,12.92,13.69,8.5
542.202,before,-8.3,52.1376282,21.1604116,92.31,52.1376289,21.1604126,29,0.51,0.172,255,0.0,0.1673,0.0435,0.0518,3.044,1.947,-0.99,-0.79,225.49,0.03,0.0,0.05,0.01,108415,999,3,0.35,0.13,0.07,-0.05,48,-46,-74,0,2.95,-0.15,0.0155,0.017,13.69,15.19,8.68
542.302,before,-8.2,52.1376282,21.1604117,92.31,52.1376289,21.1604126,29,0.51,0.172,255,0.1673,0.0,0.0466,0.0011,3.074,1.94,-0.72,-0.67,225.69,0.03,0.0,0.01,0.01,108415,999,3,0.35,0.13,0.07,-0.05,48,76,-36,0,2.96,-0.17,0.0128,0.0141,13.83,14.69,8.3
542.403,before,-8.1,52.1376281,21.1604118,92.3,52.1376287,21.1604127,29,0.51,0.107,255,0.0,0.0,0.0333,-0.0148,3.102,1.933,-0.43,-0.73,225.82,0.03,0.0,0.03,0.01,108415,999,3,0.35,0.11,0.07,-0.05,48,66,-11,0,2.95,-0.19,0.0108,0.0137,15.24,16.0,8.67
542.502,before,-8.0,52.137628,21.1604118,92.29,52.1376287,21.1604127,29,0.51,0.107,255,0.0,0.0,0.0095,0.0275,3.096,1.928,-0.28,-0.66,225.88,0.04,0.0,0.04,0.01,108415,999,3,0.35,0.11,0.0,0.01,48,99,133,0,2.96,-0.22,0.0086,0.0095,14.12,15.01,7.96
542.602,before,-7.9,52.1376279,21.1604119,92.29,52.1376284,21.1604128,29,0.51,0.158,255,0.1674,0.1674,0.0134,0.0354,3.09,1.922,-0.23,-0.44,225.95,0.02,0.0,0.0,0.01,108415,999,3,0.35,0.12,0.05,0.03,48,127,-52,0,2.97,-0.21,0.0114,0.0139,14.05,15.08,8.86
542.702,before,-7.8,52.1376278,21.1604119,92.28,52.1376284,21.1604128,29,0.51,0.158,255,0.0,0.0,0.0291,0.0218,3.086,1.917,-0.11,-0.23,226.03,0.02,0.0,0.0,0.01,108415,999,3,0.35,0.12,0.05,0.03,48,-53,-58,0,2.98,-0.19,0.0094,0.0154,14.55,14.92,8.95
542.802,before,-7.7,52.1376277,21.160412,92.28,52.1376282,21.1604129,29,0.51,0.171,255,0.0,0.0,0.0238,0.0049,3.066,1.911,0.12,-0.11,226.04,0.02,0.0,0.02,0.01,108415,999,3,0.35,0.13,0.05,-0.03,48,88,124,0,2.98,-0.2,0.0133,0.0167,14.12,14.66,8.8
542.902,before,-7.6,52.1376275,21.1604121,92.27,52.1376282,21.1604129,29,0.51,0.171,255,0.1673,0.0,0.0082,-0.0206,3.072,1.902,0.24,-0.17,225.98,0.02,0.0,0.03,0.01,108415,999,3,0.35,0.13,0.05,-0.03,48,-70,-6,0,2.97,-0.18,0.0105,0.0126,15.6,15.67,8.62
543.002,before,-7.5,52.1376274,21.1604121,92.25,52.137628,21.1604131,29,0.51,0.114,255,0.0,0.0,0.0108,-0.0144,3.067,1.89,0.34,-0.23,225.84,0.01,0.0,0.04,0.01,108415,999,3,0.35,0.12,0.0,-0.02,48,110,-1,0,2.96,-0.2,0.0094,0.0107,14.46,15.0,8.63
543.102,before,-7.4,52.1376274,21.1604122,92.24,52.137628,21.1604131,29,0.51,0.114,255,0.0,0.0,-0.0046,0.011,3.062,1.879,0.3,-0.22,225.68,0.01,0.0,0.01,0.01,108415,999,3,0.35,0.12,0.0,-0.02,48,-32,-12,0,2.96,-0.19,0.0077,0.0087,14.29,15.27,9.11
543.202,before,-7.3,52.1376273,21.1604123,92.24,52.1376279,21.1604132,29,0.51,0.049,255,0.0,0.0,-0.0042,0.018,3.07,1.87,0.23,-0.15,225.54,0.05,0.0,0.01,0.01,108415,999,3,0.35,0.11,-0.02,0.0,48,-10,-17,0,2.96,-0.19,0.0062,0.0134,14.69,14.94,9.16
543.302,before,-7.2,52.1376273,21.1604124,92.23,52.1376279,21.1604132,29,0.51,0.049,255,0.0,0.0,-0.0073,0.0107,3.068,1.865,0.21,-0.09,225.44,0.05,0.0,0.02,0.0,108415,999,3,0.35,0.11,-0.02,0.0,48,-26,163,0,2.96,-0.19,0.0048,0.0094,13.79,14.6,8.53
543.402,before,-7.1,52.1376273,21.1604124,92.22,52.1376279,21.1604132,29,0.51,0.049,255,0.0,0.0,0.004,0.0042,3.074,1.857,0.2,-0.06,225.42,0.05,0.0,0.04,0.01,108415,999,3,0.35,0.11,-0.02,0.0,48,151,-10,0,2.95,-0.2,0.0038,0.0041,14.88,15.7,8.15
543.502,before,-7.0,52.1376273,21.1604125,92.22,52.1376279,21.1604133,29,0.51,0.027,255,0.0,-0.1673,0.0278,-0.0195,3.074,1.852,0.28,-0.13,225.42,0.05,0.0,0.01,0.01,108415,999,3,0.35,0.12,-0.04,0.0,48,-26,22,0,2.96,-0.19,0.0047,0.0126,13.37,13.87,7.71
543.602,before,-6.9,52.1376273,21.1604126,92.21,52.137628,21.1604134,29,0.51,0.067,255,0.0,-0.1673,-0.0081,-0.0551,3.076,1.848,0.28,-0.41,225.39,0.04,0.0,0.0,0.02,108415,999,3,0.35,0.13,-0.05,-0.01,48,-26,29,0,2.97,-0.19,0.0095,0.0249,14.26,16.59,8.3
543.702,before,-6.8,52.1376273,21.1604126,92.21,52.137628,21.1604134,29,0.51,0.067,255,0.0,0.0,-0.034,-0.0164,3.07,1.846,0.16,-0.62,225.35,0.04,0.0,0.03,0.01,108415,999,3,0.35,0.13,-0.05,-0.01,48,5,69,0,2.96,-0.18,0.0055,0.0146,11.65,14.35,7.85
543.802,before,-6.7,52.1376273,21.1604126,92.21,52.1376282,21.1604135,29,0.51,0.097,255,0.0,0.0,-0.0328,-0.0118,3.068,1.843,-0.02,-0.72,225.33,0.03,0.0,0.0,0.01,108415,999,3,0.35,0.12,-0.07,0.02,48,29,42,0,2.97,-0.19,0.0105,0.0239,12.58,15.11,8.8
543.902,before,-6.6,52.1376273,21.1604127,92.21,52.1376282,21.1604135,29,0.51,0.097,255,-0.1672,0.0,-0.0377,0.0061,3.072,1.841,-0.22,-0.66,225.39,0.03,0.0,0.03,0.01,108415,999,3,0.35,0.12,-0.07,0.02,48,39,21,0,2.96,-0.19,0.0058,0.0137,13.85,14.72,8.27
544.002,before,-6.5,52.1376274,21.1604127,92.2,52.1376283,21.1604136,29,0.51,0.057,255,0.0,0.0,-0.0215,-0.0072,3.084,1.837,-0.35,-0.66,225.46,0.01,0.0,0.01,0.01,108415,999,3,0.35,0.07,0.03,-0.02,48,37,8,0,2.97,-0.18,0.005,0.0185,13.01,13.74,7.78
544.102,before,-6.4,52.1376275,21.1604127,92.2,52.1376283,21.1604136,29,0.51,0.057,255,0.0,0.0,-0.017,0.0045,3.084,1.834,-0.41,-0.69,225.49,0.01,0.0,0.0,0.02,108415,999,3,0.35,0.07,0.03,-0.02,48,17,18,0,2.97,-0.18,0.0039,0.0146,14.5,15.7,7.63
544.202,before,-6.3,52.1376275,21.1604128,92.2,52.1376283,21.1604137,29,0.51,0.075,255,0.0,0.0,0.0299,0.0008,3.078,1.831,-0.4,-0.7,225.57,0.04,0.0,0.01,0.01,108415,999,3,0.35,0.12,-0.03,0.0,48,12,14,0,2.98,-0.19,0.0067,0.0225,12.78,13.96,7.96
544.302,before,-6.2,52.1376276,21.1604128,92.19,52.1376283,21.1604137,29,0.51,0.075,255,0.0,0.0,0.0155,-0.0304,3.08,1.829,-0.26,-0.81,225.67,0.04,0.0,0.0,0.01,108415,999,3,0.35,0.12,-0.03,0.0,48,-32,18,0,2.98,-0.18,0.0044,0.017,13.74,13.9,8.22
544.403,before,-6.099,52.1376276,21.1604128,92.19,52.1376285,21.1604138,29,0.51,0.017,255,0.0,-0.1673,0.0014,-0.0269,3.08,1.824,-0.28,-1.01,225.68,0.04,0.0,0.01,0.01,108415,999,3,0.35,0.06,-0.03,0.0,48,20,48,0,2.97,-0.19,0.0028,0.0099,13.11,14.47,8.3
544.502,before,-6.0,52.1376277,21.1604129,92.18,52.1376285,21.1604138,29,0.51,0.017,255,0.0,0.0,0.0068,-0.0044,3.074,1.819,-0.29,-1.11,225.67,0.01,0.01,0.01,0.01,108415,999,3,0.35,0.06,0.01,0.0,48,14,38,0,2.97,-0.19,0.0029,0.0089,14.47,12.83,8.09
544.602,before,-5.9,52.1376277,21.1604129,92.18,52.1376285,21.1604138,29,0.51,0.004,255,0.0,0.0,-0.0299,0.0114,3.074,1.813,-0.41,-1.08,225.6,0.01,0.0,0.01,0.01,108415,999,3,0.34,0.14,0.03,0.01,48,4,16,0,2.96,-0.19,0.0044,0.0035,13.72,14.51,8.5
544.702,before,-5.8,52.1376277,21.1604129,92.17,52.1376285,21.1604138,29,0.51,0.004,255,0.0,0.0,-0.0227,0.0047,3.068,1.804,-0.53,-1.03,225.52,0.01,0.0,0.01,0.01,108415,999,3,0.34,0.14,0.03,0.01,48,33,1,0,2.95,-0.2,0.0042,0.0027,13.89,14.19,7.99
544.802,before,-5.7,52.1376277,21.1604129,92.16,52.1376286,21.1604138,29,0.51,0.02,255,0.0,0.0,0.0031,0.0204,3.068,1.796,-0.51,-0.9,225.47,0.01,0.01,0.0,0.01,108415,999,3,0.34,0.11,-0.02,0.0,48,10,1,0,2.95,-0.2,0.0006,0.0061,14.04,17.55,8.65
544.902,before,-5.6,52.1376278,21.1604129,92.16,52.1376286,21.1604138,29,0.51,0.02,255,0.0,0.0,-0.0057,0.0159,3.072,1.79,-0.55,-0.77,225.5,0.01,0.01,0.0,0.01,108415,999,3,0.34,0.11,-0.02,0.0,48,0,-27,0,2.96,-0.19,0.0011,0.009,12.87,15.73,8.53
545.002,before,-5.5,52.1376278,21.1604129,92.15,52.1376286,21.1604138,29,0.51,0.041,255,0.0,0.0,0.0039,0.02,3.072,1.786,-0.55,-0.68,225.55,0.02,0.0,0.0,0.01,108415,999,3,0.34,0.11,0.03,-0.04,48,10,-25,0,2.96,-0.2,0.0069,0.0136,13.54,14.57,8.47
545.102,before,-5.4,52.1376278,21.1604129,92.15,52.1376286,21.1604138,29,0.51,0.041,255,0.0,0.0,0.0103,0.0078,3.062,1.783,-0.48,-0.59,225.54,0.02,0.0,0.01,0.01,108415,999,3,0.34,0.11,0.03,-0.04,48,0,-17,0,2.96,-0.19,0.0057,0.0145,13.13,15.45,8.94
545.202,before,-5.3,52.1376278,21.1604129,92.14,52.1376285,21.1604139,29,0.51,0.106,255,0.0,0.0,0.0226,-0.0173,3.076,1.78,-0.39,-0.63,225.54,0.03,0.0,0.01,0.01,108415,999,3,0.34,0.13,0.08,-0.01,48,150,6,0,2.95,-0.19,0.0124,0.013,13.87,14.17,8.87
545.302,before,-5.2,52.1376277,21.1604129,92.14,52.1376285,21.1604139,29,0.51,0.106,255,0.0,0.0,0.0123,-0.0084,3.066,1.773,-0.26,-0.66,225.51,0.03,0.0,0.03,0.01,108415,999,3,0.34,0.13,0.08,-0.01,48,125,0,0,2.94,-0.19,0.0095,0.0099,13.85,15.03,8.82
545.402,before,-5.1,52.1376277,21.1604129,92.13,52.1376285,21.1604139,29,0.51,0.106,255,0.0,0.0,0.0125,-0.0207,3.068,1.766,-0.08,-0.73,225.51,0.03,0.0,0.01,0.01,108415,999,3,0.34,0.13,0.08,-0.01,48,-49,-2,0,2.95,-0.21,0.0072,0.0096,13.83,14.38,8.53
545.502,before,-5.0,52.1376277,21.160413,92.13,52.1376284,21.1604139,29,0.51,0.055,255,0.0,0.0,0.001,-0.006,3.064,1.763,-0.01,-0.77,225.51,0.04,0.0,0.01,0.01,108415,999,3,0.34,0.1,0.05,0.0,48,130,-3,0,2.96,-0.19,0.0093,0.0184,15.24,15.47,8.24
545.602,before,-4.9,52.1376276,21.160413,92.13,52.1376283,21.160414,29,0.51,0.099,255,0.0,0.0,-0.0065,-0.0178,3.076,1.762,0.02,-0.8,225.49,0.02,0.0,0.01,0.01,108415,999,3,0.34,0.11,0.05,-0.02,48,-28,-14,0,2.96,-0.19,0.0129,0.023,13.57,13.38,8.2
545.702,before,-4.8,52.1376276,21.160413,92.13,52.1376283,21.160414,29,0.51,0.099,255,0.0,0.0,0.0094,-0.0013,3.068,1.76,0.06,-0.8,225.43,0.02,0.0,0.02,0.01,108415,999,3,0.34,0.11,0.05,-0.02,48,-3,14,0,2.96,-0.2,0.0089,0.0135,13.54,13.14,8.58
545.802,before,-4.7,52.1376276,21.160413,92.12,52.1376283,21.160414,29,0.51,0.011,255,0.0,0.0,-0.0166,0.004,3.072,1.754,0.02,-0.73,225.4,0.03,0.0,0.04,0.01,108415,999,3,0.34,0.13,-0.02,0.0,48,-15,-17,0,2.95,-0.2,0.004,0.006,13.79,13.63,8.59
545.902,before,-4.6,52.1376276,21.160413,92.11,52.1376283,21.160414,29,0.51,0.011,255,-0.1673,0.0,-0.0195,0.0006,3.064,1.749,-0.03,-0.63,225.39,0.03,0.0,0.0,0.01,108415,999,3,0.34,0.13,-0.02,0.0,48,8,-20,0,2.95,-0.2,0.0028,0.0063,13.61,14.6,8.69
546.002,before,-4.5,52.1376276,21.160413,92.11,52.1376283,21.160414,29,0.51,0.004,255,0.0,0.1673,-0.0182,0.0153,3.076,1.744,-0.1,-0.52,225.38,0.01,0.0,0.01,0.0,108415,999,3,0.34,0.11,-0.02,0.0,48,2,-25,0,2.94,-0.21,0.0018,0.0044,14.82,15.71,8.39
546.102,before,-4.4,52.1376276,21.160413,92.1,52.1376283,21.160414,29,0.51,0.004,255,0.0,0.0,-0.0108,-0.0029,3.056,1.738,-0.08,-0.47,225.39,0.01,0.0,0.01,0.01,108415,999,3,0.34,0.11,-0.02,0.0,48,-1,151,0,2.94,-0.21,0.001,0.0009,14.22,15.34,8.38
546.202,before,-4.3,52.1376276,21.160413,92.1,52.1376282,21.160414,29,0.51,0.113,255,0.0,0.0,-0.0183,0.0001,3.068,1.732,-0.08,-0.43,225.37,0.03,0.0,0.0,0.01,108415,999,3,0.34,0.13,0.09,-0.06,48,-15,-9,0,2.94,-0.21,0.0109,0.0122,15.27,15.06,7.75
546.302,before,-4.2,52.1376276,21.160413,92.09,52.1376282,21.160414,29,0.51,0.113,255,0.0,0.0,-0.0161,0.008,3.056,1.726,-0.11,-0.38,225.24,0.03,0.0,0.02,0.0,108415,999,3,0.34,0.13,0.09,-0.06,48,-14,-19,0,2.93,-0.21,0.0075,0.0089,14.26,13.84,7.85
546.402,before,-4.1,52.1376276,21.160413,92.08,52.1376282,21.160414,29,0.51,0.113,255,0.0,0.0,-0.0146,0.0025,3.064,1.717,-0.1,-0.34,225.17,0.03,0.0,0.03,0.01,108415,999,3,0.34,0.13,0.09,-0.06,48,-9,-20,0,2.92,-0.22,0.0056,0.011,14.77,14.56,7.82
546.502,before,-4.0,52.1376275,21.160413,92.07,52.1376281,21.160414,29,0.51,0.075,255,0.0,0.0,-0.0112,-0.0083,3.064,1.706,-0.14,-0.36,225.11,0.02,0.0,0.0,0.01,108415,999,3,0.34,0.14,0.06,-0.03,48,-17,1,0,2.91,-0.22,0.0095,0.014,13.39,13.93,8.03
546.602,before,-3.9,52.1376274,21.1604131,92.06,52.1376281,21.160414,29,0.51,0.026,255,0.0,0.0,0.0122,-0.0088,3.058,1.695,-0.04,-0.39,225.06,0.02,0.0,0.04,0.01,108415,999,3,0.34,0.06,0.0,0.03,48,-19,0,0,2.9,-0.24,0.005,0.0122,13.89,16.28,8.61
546.702,before,-3.8,52.1376274,21.1604131,92.05,52.1376281,21.160414,29,0.51,0.026,255,0.0,0.0,-0.009,-0.0015,3.052,1.685,-0.04,-0.41,225.09,0.02,0.0,0.0,0.01,108415,999,3,0.34,0.06,0.0,0.03,48,-13,1,0,2.9,-0.24,0.0031,0.0062,13.29,14.58,8.54
546.803,before,-3.699,52.1376274,21.1604131,92.05,52.1376282,21.1604139,29,0.51,0.102,255,-0.1673,0.0,-0.0149,0.0023,3.06,1.681,-0.13,-0.43,225.17,0.07,0.0,0.03,0.01,108415,999,3,0.34,0.13,-0.07,0.03,48,22,13,0,2.93,-0.22,0.0108,0.0251,14.09,14.29,8.01
546.903,before,-3.599,52.1376274,21.1604131,92.05,52.1376282,21.1604139,29,0.51,0.102,255,0.0,0.0,0.0049,-0.0081,3.058,1.685,-0.14,-0.46,225.3,0.07,0.0,0.01,0.02,108415,999,3,0.34,0.13,-0.07,0.03,48,12,4,0,2.94,-0.2,0.0081,0.0232,12.24,14.39,8.41
547.003,before,-3.499,52.1376275,21.1604131,92.05,52.1376283,21.1604137,29,0.51,0.056,255,-0.1673,-0.1673,-0.0018,-0.015,3.054,1.689,-0.13,-0.55,225.4,0.03,0.0,0.0,0.01,108415,999,3,0.34,0.14,-0.03,0.02,48,-5,14,0,2.95,-0.2,0.011,0.0265,12.49,15.92,8.64
547.103,before,-3.399,52.1376275,21.160413,92.06,52.1376283,21.1604137,29,0.51,0.056,255,-0.1673,0.0,-0.0302,-0.0096,3.06,1.693,-0.28,-0.6,225.47,0.03,0.0,0.0,0.01,108415,999,3,0.34,0.14,-0.03,0.02,48,25,8,0,2.95,-0.19,0.0075,0.0202,13.32,12.92,7.95
547.203,before,-3.299,52.1376276,21.160413,92.06,52.1376284,21.1604137,29,0.51,0.033,255,0.0,0.0,-0.0109,-0.0115,3.068,1.696,-0.38,-0.67,225.49,0.0,0.0,0.02,0.01,108415,999,3,0.34,0.11,0.0,0.0,48,-145,-140,0,2.96,-0.18,0.0063,0.0214,13.78,15.16,8.63
547.303,before,-3.2,52.1376276,21.160413,92.06,52.1376284,21.1604137,29,0.51,0.033,255,0.0,0.0,-0.0044,0.0026,3.068,1.697,-0.44,-0.68,225.49,0.0,0.0,0.01,0.01,108415,999,3,0.34,0.11,0.0,0.0,48,29,6,0,2.95,-0.18,0.0036,0.0117,12.67,13.97,8.03
547.403,before,-3.099,52.1376276,21.1604129,92.06,52.1376284,21.1604137,29,0.51,0.033,255,-0.1673,0.0,-0.007,-0.0096,3.064,1.695,-0.53,-0.7,225.48,0.0,0.0,0.01,0.02,108415,999,3,0.34,0.11,0.0,0.0,48,38,9,0,2.95,-0.2,0.0021,0.0064,12.88,14.52,7.99
547.503,before,-2.999,52.1376277,21.1604129,92.05,52.1376284,21.1604137,28,0.51,0.017,255,0.0,0.0,0.0013,-0.0154,3.066,1.69,-0.48,-0.78,225.41,0.02,0.0,0.0,0.01,108415,999,3,0.34,0.13,0.04,-0.01,48,-8,18,0,2.94,-0.2,0.002,0.0013,12.96,12.92,7.67
547.603,before,-2.9,52.1376277,21.1604129,92.05,52.1376284,21.1604137,28,0.51,0.034,255,0.0,0.0,-0.0001,0.0042,3.062,1.685,-0.47,-0.78,225.37,0.04,0.0,0.0,0.03,108415,999,3,0.34,0.13,0.0,0.04,48,-11,-2,0,2.95,-0.2,0.0043,0.0098,13.79,16.05,8.72
547.703,before,-2.8,52.1376277,21.1604129,92.05,52.1376284,21.1604137,28,0.51,0.034,255,0.0,0.0,0.0178,0.0063,3.054,1.683,-0.4,-0.72,225.4,0.04,0.0,0.01,0.02,108415,999,3,0.34,0.13,0.0,0.04,48,-5,-12,0,2.95,-0.2,0.003,0.0093,13.04,13.24,8.07
547.803,before,-2.699,52.1376277,21.1604129,92.05,52.1376284,21.1604136,28,0.51,0.011,255,0.0,0.0,0.009,0.0061,3.065,1.681,-0.32,-0.68,225.44,0.05,0.0,0.0,0.01,108415,999,3,0.34,0.12,0.03,0.0,48,-6,0,0,2.96,-0.19,0.0067,0.0203,13.82,15.3,7.93
547.903,before,-2.599,52.1376277,21.1604129,92.04,52.1376284,21.1604136,28,0.51,0.011,255,0.0,0.0,0.0127,0.0049,3.056,1.678,-0.28,-0.66,225.45,0.05,0.0,0.05,0.01,108415,999,3,0.34,0.12,0.03,0.0,48,0,-6,0,2.94,-0.19,0.0026,0.0033,13.76,13.48,6.98
548.003,before,-2.499,52.1376277,21.1604129,92.04,52.1376285,21.1604136,28,0.51,0.05,255,0.0,0.0,-0.0037,-0.0041,3.058,1.673,-0.23,-0.69,225.48,0.02,0.0,0.01,0.01,108415,999,3,0.34,0.11,-0.03,0.0,48,-27,12,0,2.94,-0.19,0.0041,0.0067,13.97,14.96,7.84
548.102,before,-2.4,52.1376278,21.1604128,92.03,52.1376285,21.1604136,28,0.51,0.05,255,0.0,0.0,-0.0123,0.0018,3.058,1.668,-0.33,-0.66,225.53,0.02,0.0,0.01,0.02,108415,999,3,0.34,0.11,-0.03,0.0,48,7,3,0,2.94,-0.2,0.0023,0.0033,14.6,13.24,7.64
548.203,before,-2.299,52.1376278,21.1604128,92.02,52.1376286,21.1604136,28,0.51,0.074,255,0.0,0.0,-0.0048,-0.013,3.054,1.66,-0.41,-0.72,225.53,0.02,0.0,0.04,0.02,108415,999,3,0.34,0.1,-0.06,0.0,48,17,4,0,2.93,-0.21,0.0082,0.0138,14.25,15.04,8.81
548.303,before,-2.199,52.1376278,21.1604128,92.02,52.1376286,21.1604136,28,0.51,0.074,255,0.0,0.0,-0.0005,-0.0205,3.046,1.652,-0.45,-0.8,225.5,0.02,0.0,0.01,0.03,108415,999,3,0.34,0.1,-0.06,0.0,48,23,8,0,2.92,-0.21,0.0055,0.0106,14.16,13.62,8.57
548.403,before,-2.099,52.1376279,21.1604128,92.01,52.1376286,21.1604136,28,0.51,0.074,255,0.0,0.0,-0.0025,-0.0146,3.04,1.645,-0.46,-0.92,225.42,0.02,0.0,0.0,0.01,108415,999,3,0.34,0.1,-0.06,0.0,48,17,28,0,2.92,-0.21,0.0036,0.006,13.5,15.01,8.68
548.503,before,-2.0,52.1376279,21.1604128,92.01,52.1376287,21.1604136,28,0.51,0.025,255,0.0,0.0,-0.0019,-0.0129,3.048,1.643,-0.49,-0.99,225.31,0.01,0.0,0.03,0.01,108415,999,3,0.34,0.13,0.02,-0.01,48,7,7,0,2.93,-0.19,0.0015,0.0071,13.31,13.21,8.67
548.603,before,-1.899,52.1376279,21.1604128,92.0,52.1376286,21.1604135,28,0.51,0.043,255,0.0,-0.1672,-0.0027,0.0032,3.046,1.64,-0.54,-1.02,225.17,0.01,0.0,0.02,0.02,108415,999,3,0.34,0.12,0.03,0.01,48,8,9,0,2.92,-0.2,0.0028,0.0027,13.24,14.74,8.75
548.703,before,-1.799,52.1376279,21.1604128,92.0,52.1376286,21.1604135,28,0.51,0.043,255,0.0,0.1673,0.0209,0.0058,3.05,1.638,-0.49,-1.0,225.02,0.01,0.0,0.02,0.0,108415,999,3,0.34,0.12,0.03,0.01,48,-9,-3,0,2.93,-0.2,0.0019,0.0057,13.27,13.42,8.43
548.803,before,-1.699,52.1376279,21.1604127,92.0,52.1376285,21.1604136,28,0.51,0.136,255,0.0,0.0,0.0287,0.0274,3.046,1.635,-0.35,-0.91,224.89,0.05,0.0,0.0,0.01,108415,999,3,0.33,0.13,0.11,-0.06,48,-19,-24,0,2.93,-0.21,0.0131,0.0151,12.89,14.67,8.39
548.903,before,-1.599,52.1376279,21.1604128,92.0,52.1376285,21.1604136,28,0.51,0.136,255,0.0,0.1673,0.0158,0.0432,3.048,1.631,-0.33,-0.75,224.77,0.05,0.0,0.0,0.01,108415,999,3,0.33,0.13,0.11,-0.06,48,-9,-40,0,2.92,-0.2,0.0093,0.012,13.14,14.11,8.12
549.003,before,-1.499,52.1376278,21.1604128,91.99,52.1376284,21.1604136,28,0.51,0.03,255,0.0,0.0,0.026,0.0391,3.053,1.627,-0.19,-0.55,224.72,0.03,0.0,0.0,0.01,108415,999,3,0.33,0.13,-0.02,0.0,48,-25,127,0,2.92,-0.22,0.0056,0.0088,13.77,14.81,8.14
549.103,before,-1.4,52.1376278,21.1604128,91.99,52.1376284,21.1604136,28,0.51,0.03,255,0.0,0.0,0.0055,0.003,3.05,1.621,-0.06,-0.47,224.73,0.03,0.0,0.0,0.01,108415,999,3,0.33,0.13,-0.02,0.0,48,-36,-30,0,2.92,-0.22,0.0038,0.0062,14.13,13.45,8.09
549.203,before,-1.299,52.1376278,21.1604128,91.98,52.1376284,21.1604136,28,0.51,0.107,255,0.0,0.0,0.0255,0.0179,3.05,1.617,0.05,-0.39,224.64,0.04,0.0,0.02,0.02,108415,999,3,0.33,0.13,0.08,-0.02,48,-37,-18,0,2.92,-0.22,0.0094,0.0118,13.83,14.92,8.25
549.303,before,-1.199,52.1376277,21.1604128,91.98,52.1376284,21.1604136,28,0.51,0.107,255,0.0,0.0,-0.0007,0.0135,3.05,1.615,0.11,-0.25,224.46,0.04,0.0,0.04,0.01,108415,999,3,0.33,0.13,0.08,-0.02,48,-33,-42,0,2.93,-0.2,0.0058,0.0118,13.28,13.61,7.5
549.403,before,-1.099,52.1376277,21.1604128,91.98,52.1376284,21.1604136,28,0.51,0.107,255,0.0,0.0,-0.0121,0.0016,3.046,1.611,0.06,-0.22,224.25,0.04,0.0,0.01,0.01,108415,999,3,0.33,0.13,0.08,-0.02,48,0,-20,0,2.92,-0.21,0.004,0.0067,13.14,14.62,7.83
549.503,before,-1.0,52.1376276,21.1604127,91.97,52.1376283,21.1604135,28,0.51,0.034,255,0.0,0.0,0.0039,-0.0118,3.052,1.607,0.07,-0.3,224.03,0.02,0.0,0.01,0.0,108415,999,3,0.33,0.12,0.0,0.01,48,-2,17,0,2.92,-0.2,0.0028,0.0036,12.9,16.0,8.39
549.603,before,-0.9,52.1376276,21.1604127,91.97,52.1376283,21.1604135,28,0.51,0.028,255,0.1674,0.0,-0.0002,0.0195,3.042,1.606,0.09,-0.23,223.86,0.01,0.0,0.02,0.02,108415,999,3,0.33,0.13,0.02,-0.01,48,-8,-22,0,2.93,-0.19,0.0025,0.01,13.49,14.75,8.3
549.703,before,-0.8,52.1376276,21.1604127,91.97,52.1376283,21.1604135,28,0.51,0.028,255,0.0,0.0,-0.0455,-0.0387,3.042,1.606,-0.06,-0.36,223.75,0.01,0.0,0.0,0.01,108415,999,3,0.33,0.13,0.02,-0.01,48,-147,24,0,2.93,-0.19,0.0014,0.0084,12.85,15.19,8.57
549.803,before,-0.699,52.1376276,21.1604127,91.97,52.1376283,21.1604135,28,0.51,0.026,255,-0.1673,0.0,-0.0217,-0.0194,3.036,1.607,-0.24,-0.51,223.73,0.03,0.0,0.01,0.01,108415,999,3,0.33,0.13,0.0,0.0,48,28,-135,0,2.95,-0.18,0.0036,0.0153,14.19,15.61,8.27
549.903,before,-0.599,52.1376276,21.1604127,91.97,52.1376283,21.1604135,28,0.51,0.026,255,0.0,0.0,-0.0171,-0.0262,3.042,1.606,-0.29,-0.59,223.8,0.03,0.0,0.03,0.04,108415,999,3,0.33,0.13,0.0,0.0,48,27,14,0,2.93,-0.19,0.0009,0.0019,14.14,17.5,8.47
550.003,before,-0.5,52.1376276,21.1604127,91.97,52.1376283,21.1604134,28,0.51,0.046,255,0.0,0.0,-0.0266,-0.0146,3.048,1.605,-0.42,-0.66,223.93,0.01,0.0,0.01,0.01,108415,999,3,0.33,0.09,-0.01,0.04,48,16,-142,0,2.94,-0.19,0.0051,0.0079,15.04,18.23,7.91
550.103,before,-0.399,52.1376276,21.1604127,91.97,52.1376283,21.1604134,28,0.51,0.046,255,0.0,0.0,0.0063,0.0173,3.054,1.607,-0.44,-0.58,224.1,0.01,0.0,0.03,0.02,108415,999,3,0.33,0.09,-0.01,0.04,48,19,0,0,2.95,-0.18,0.0041,0.0121,14.09,17.62,8.92
550.203,before,-0.3,52.1376276,21.1604127,91.97,52.1376283,21.1604134,28,0.51,0.078,255,0.0,0.0,-0.0003,0.0088,3.045,1.607,-0.45,-0.51,224.34,0.03,0.0,0.0,0.02,108415,999,3,0.33,0.14,0.09,-0.02,48,14,-4,0,2.95,-0.18,0.0068,0.0092,15.16,17.82,8.74
550.303,before,-0.2,52.1376276,21.1604127,91.97,52.1376283,21.1604134,28,0.51,0.078,255,0.0,0.0,-0.0042,0.0116,3.042,1.606,-0.5,-0.42,224.67,0.03,0.0,0.0,0.01,108415,999,3,0.33,0.14,0.09,-0.02,48,9,-12,0,2.95,-0.18,0.0043,0.0076,14.33,17.85,9.05
550.403,before,-0.1,52.1376276,21.1604128,91.97,52.1376283,21.1604134,28,0.51,0.078,255,0.0,0.0,0.0342,-0.0069,3.056,1.605,-0.38,-0.41,225.0,0.03,0.0,0.01,0.01,108415,1507,3,0.33,0.14,0.09,-0.02,48,-14,-3,0,2.95,-0.17,0.0027,0.0067,13.99,16.2,8.11
550.503,flow_only,0.001,52.1376276,21.1604128,91.97,52.1376283,21.1604135,28,0.51,0.049,255,0.0,0.0,0.0237,-0.0175,3.046,1.608,-0.21,-0.48,225.33,0.04,0.0,0.02,0.01,108415,1507,3,0.33,0.12,-0.05,0.0,48,-45,15,0,2.96,-0.17,0.0043,0.0152,14.49,16.14,8.51
550.602,flow_only,0.1,52.1376276,21.1604128,91.97,52.1376284,21.1604136,28,0.51,0.049,255,0.0,0.0,-0.0129,-0.0498,3.052,1.608,-0.15,-0.67,225.6,0.04,0.0,0.01,0.01,108415,1507,3,0.33,0.13,-0.05,0.0,48,-22,37,0,2.96,-0.17,0.0039,0.0074,13.47,13.73,8.14
550.703,flow_only,0.201,52.1376276,21.1604128,91.97,52.1376284,21.1604136,28,0.51,0.049,255,0.0,-0.1673,-0.0006,-0.0355,3.04,1.606,-0.15,-0.91,225.74,0.04,0.0,0.0,0.01,108415,1507,3,0.33,0.13,-0.05,0.0,48,-9,-128,0,2.96,-0.17,0.0042,0.0065,12.63,16.2,8.89
550.803,flow_only,0.301,52.1376276,21.1604128,91.97,52.1376284,21.1604136,28,0.51,0.024,255,0.0,0.0,-0.0228,-0.0059,3.038,1.601,-0.17,-0.94,225.76,0.04,0.0,0.02,0.01,108415,1507,3,0.33,0.07,-0.05,0.0,48,5,10,0,2.95,-0.17,0.0024,0.0051,12.46,14.44,8.42
550.902,flow_only,0.4,52.1376276,21.1604128,91.96,52.1376284,21.1604136,28,0.51,0.024,255,0.0,0.0,-0.0076,-0.0021,3.038,1.597,-0.27,-0.88,225.75,0.04,0.0,0.01,0.01,108415,1507,3,0.33,0.07,-0.05,0.0,48,13,-6,0,2.95,-0.17,0.0011,0.0013,13.58,15.49,8.52
551.002,flow_only,0.5,52.1376276,21.1604128,91.96,52.1376284,21.1604137,28,0.51,0.055,255,0.0,0.0,-0.015,0.0042,3.04,1.593,-0.33,-0.89,225.67,0.04,0.0,0.0,0.01,108415,1507,3,0.33,0.12,-0.05,0.0,48,0,-1,0,2.95,-0.17,0.0013,0.0021,13.83,17.97,9.49
551.102,flow_only,0.6,52.1376276,21.1604128,91.95,52.1376284,21.1604137,28,0.51,0.055,255,0.0,0.0,-0.0111,0.0346,3.036,1.589,-0.4,-0.71,225.58,0.04,0.0,0.0,0.01,108415,1507,3,0.33,0.12,-0.05,0.0,48,18,-28,0,2.94,-0.17,0.0025,0.0052,12.91,15.0,8.11
551.202,flow_only,0.7,52.1376276,21.1604129,91.95,52.1376285,21.1604138,28,0.51,0.028,255,0.0,0.0,-0.0083,0.0253,3.034,1.586,-0.48,-0.57,225.55,0.04,0.0,0.01,0.03,108415,1507,3,0.33,0.07,-0.05,0.0,48,10,-9,0,2.95,-0.17,0.0039,0.0059,12.46,13.36,8.2
551.302,flow_only,0.8,52.1376276,21.160413,91.95,52.1376285,21.1604138,28,0.51,0.028,255,0.0,0.0,0.0366,-0.0203,3.04,1.584,-0.3,-0.59,225.52,0.04,0.0,0.01,0.01,108415,1507,3,0.33,0.07,-0.05,0.0,48,-49,-1,0,2.95,-0.17,0.0041,0.0057,14.2,14.85,8.85
551.403,flow_only,0.901,52.1376276,21.160413,91.95,52.1376285,21.1604138,28,0.51,0.027,255,0.1673,0.0,0.0387,-0.0291,3.035,1.585,0.0,-0.72,225.52,0.04,0.0,0.03,0.01,108415,1507,3,0.33,0.11,-0.05,0.0,48,-62,23,0,2.96,-0.16,0.0069,0.0134,14.29,13.93,8.49
551.502,flow_only,1.0,52.1376276,21.160413,91.95,52.1376285,21.1604138,28,0.51,0.027,255,0.0,-0.1673,0.0053,-0.0288,3.05,1.588,0.06,-0.91,225.52,0.04,0.0,0.03,0.01,108415,1507,3,0.33,0.11,-0.05,0.0,48,-26,30,0,2.97,-0.15,0.004,0.0142,13.94,13.56,7.73
551.602,flow_only,1.1,52.1376276,21.160413,91.95,52.1376285,21.1604139,28,0.51,0.058,255,0.0,0.0,0.0241,-0.003,3.048,1.589,0.13,-0.96,225.51,0.04,0.0,0.01,0.02,108415,1507,3,0.33,0.11,-0.05,0.0,48,-17,-153,0,2.96,-0.17,0.0146,0.023,14.58,14.91,9.28
551.703,flow_only,1.201,52.1376277,21.1604131,91.96,52.1376285,21.1604139,28,0.51,0.058,255,0.0,0.0,0.0029,0.0054,3.054,1.59,0.18,-0.93,225.52,0.04,0.0,0.01,0.02,108415,1507,3,0.33,0.11,-0.05,0.0,48,177,4,0,2.97,-0.17,0.0133,0.0223,14.68,16.13,8.45
551.803,flow_only,1.301,52.1376277,21.1604133,91.96,52.1376285,21.160414,28,0.51,0.036,255,0.0,0.0,0.0018,-0.0214,3.046,1.591,0.07,-1.08,225.5,0.04,0.0,0.0,0.01,108415,1507,3,0.33,0.12,-0.05,0.0,48,17,50,0,2.97,-0.16,0.0077,0.0139,13.28,15.97,8.68
551.903,flow_only,1.4,52.1376277,21.1604133,91.96,52.1376285,21.160414,28,0.51,0.036,255,0.0,0.0,-0.0158,0.0083,3.042,1.591,0.02,-1.11,225.49,0.04,0.0,0.0,0.01,108415,1507,3,0.33,0.12,-0.05,0.0,48,-11,19,0,2.97,-0.15,0.0041,0.0085,12.49,14.72,8.58
552.002,flow_only,1.5,52.1376277,21.1604134,91.96,52.1376284,21.160414,28,0.51,0.055,255,0.0,0.0,0.0022,0.04,3.048,1.591,-0.02,-0.98,225.53,0.04,0.0,0.01,0.01,108415,1507,3,0.33,0.11,-0.05,0.0,48,18,-11,0,2.97,-0.15,0.0036,0.0082,14.53,15.14,8.66
552.102,flow_only,1.6,52.1376277,21.1604134,91.95,52.1376284,21.160414,28,0.51,0.055,255,0.0,0.1673,0.0034,0.048,3.048,1.59,-0.11,-0.72,225.58,0.04,0.0,0.0,0.05,108415,1507,3,0.33,0.11,-0.05,0.0,48,11,-41,0,2.97,-0.15,0.0047,0.0092,13.79,15.91,8.93
552.202,flow_only,1.7,52.1376276,21.1604135,91.95,52.1376284,21.160414,28,0.51,0.006,255,0.0,0.0,0.0287,0.0026,3.046,1.587,-0.0,-0.6,225.65,0.04,0.0,0.0,0.01,108415,1507,3,0.33,0.12,-0.05,0.0,48,-15,139,0,2.97,-0.16,0.0037,0.0069,13.16,14.99,8.84
552.302,flow_only,1.8,52.1376276,21.1604134,91.95,52.1376284,21.160414,28,0.51,0.006,255,0.0,0.0,0.0463,-0.0425,3.042,1.586,0.22,-0.77,225.68,0.04,0.0,0.01,0.01,108415,1507,3,0.33,0.12,-0.05,0.0,48,-46,5,0,2.97,-0.15,0.0132,0.0227,12.72,14.72,8.17
552.403,flow_only,1.901,52.1376276,21.1604133,91.95,52.1376285,21.1604139,28,0.51,0.035,255,0.0,0.0,0.0113,-0.043,3.046,1.588,0.26,-1.04,225.68,0.04,0.0,0.03,0.0,108415,1507,3,0.33,0.12,-0.05,0.0,48,17,36,0,2.98,-0.14,0.0139,0.0259,14.77,14.12,8.04
552.502,flow_only,2.0,52.1376276,21.1604131,91.95,52.1376285,21.1604139,28,0.51,0.035,255,0.0,0.0,-0.0066,0.0087,3.043,1.59,0.19,-1.19,225.65,0.04,0.0,0.01,0.02,108415,1507,3,0.33,0.12,-0.05,0.0,48,-136,-127,0,2.99,-0.14,0.0143,0.0264,12.53,16.92,9.21
552.602,flow_only,2.1,52.1376277,21.160413,91.96,52.1376285,21.1604139,28,0.51,0.102,255,-0.1673,0.0,-0.0319,0.0177,3.04,1.591,0.07,-1.09,225.62,0.04,0.0,0.0,0.02,108415,1507,3,0.33,0.12,-0.05,0.0,48,22,-27,0,2.99,-0.13,0.0074,0.0139,12.8,14.86,9.42
552.703,flow_only,2.201,52.1376277,21.1604129,91.95,52.1376285,21.1604139,28,0.51,0.102,255,0.0,0.0,-0.0319,0.0283,3.032,1.589,-0.13,-0.95,225.59,0.04,0.0,0.01,0.01,108415,1507,3,0.33,0.12,-0.05,0.0,48,-123,-43,0,2.98,-0.14,0.0124,0.0223,13.27,16.09,8.87
552.803,flow_only,2.301,52.1376277,21.1604129,91.95,52.1376283,21.1604139,28,0.51,0.091,255,0.0,0.0,0.0036,0.0191,3.036,1.588,-0.18,-0.77,225.63,0.04,0.0,0.02,0.01,108415,1507,3,0.33,0.1,-0.05,0.0,48,23,-35,0,2.99,-0.13,0.0042,0.0092,13.76,17.25,9.48
552.902,flow_only,2.4,52.1376277,21.1604128,91.95,52.1376283,21.1604139,28,0.51,0.091,255,0.0,0.0,-0.0,0.049,3.03,1.586,-0.17,-0.63,225.73,0.04,0.0,0.0,0.03,108415,1507,3,0.33,0.1,-0.05,0.0,48,3,-27,0,2.98,-0.13,0.002,0.0047,13.36,15.6,9.82
553.002,flow_only,2.5,52.1376277,21.1604127,91.95,52.1376283,21.1604138,28,0.51,0.031,255,0.0,0.0,-0.0155,0.0425,3.03,1.587,-0.15,-0.31,225.81,0.04,0.0,0.04,0.02,108415,1507,3,0.33,0.12,-0.05,0.0,48,0,88,0,3.0,-0.11,0.0044,0.0115,14.47,15.48,8.96
553.102,flow_only,2.6,52.1376277,21.1604125,91.95,52.1376283,21.1604138,28,0.51,0.031,255,0.0,0.0,-0.0335,-0.0181,3.018,1.588,-0.33,-0.35,225.8,0.04,0.0,0.0,0.02,108415,1507,3,0.33,0.12,-0.05,0.0,48,40,-18,0,2.99,-0.12,0.0095,0.0192,13.88,15.66,9.08
553.202,flow_only,2.7,52.1376277,21.1604124,91.96,52.1376283,21.1604138,28,0.51,0.103,255,-0.1673,0.0,-0.0189,0.0082,3.03,1.591,-0.45,-0.37,225.76,0.04,0.0,0.03,0.01,108415,1507,3,0.33,0.14,-0.05,0.0,48,21,-3,0,3.0,-0.09,0.0045,0.0132,12.09,14.38,8.7
553.302,flow_only,2.8,52.1376277,21.1604123,91.96,52.1376283,21.1604138,28,0.51,0.103,255,0.0,0.1673,-0.0123,0.0146,3.03,1.595,-0.49,-0.28,225.69,0.04,0.0,0.01,0.01,108415,1507,3,0.33,0.14,-0.05,0.0,48,-146,139,0,3.01,-0.09,0.0149,0.0312,14.08,15.53,8.61
553.403,flow_only,2.901,52.1376277,21.1604121,91.96,52.1376283,21.1604137,28,0.51,0.015,255,0.0,0.0,0.0169,0.0042,3.024,1.595,-0.5,-0.26,225.68,0.04,0.0,0.0,0.01,108415,1507,3,0.33,0.11,-0.05,0.0,48,15,-3,0,3.0,-0.1,0.0065,0.0141,13.81,16.27,8.48
553.502,flow_only,3.0,52.1376277,21.160412,91.96,52.1376283,21.1604137,28,0.51,0.015,255,0.0,0.0,0.0039,0.016,3.004,1.594,-0.44,-0.17,225.69,0.04,0.0,0.0,0.02,108415,1507,3,0.33,0.11,-0.05,0.0,48,0,-24,0,3.0,-0.11,0.0025,0.0055,12.44,14.1,7.92
553.602,flow_only,3.1,52.1376277,21.160412,91.96,52.1376283,21.1604137,28,0.51,0.019,255,0.0,0.0,0.0193,0.0013,3.008,1.592,-0.38,-0.13,225.67,0.04,0.0,0.0,0.01,108415,1507,3,0.33,0.12,-0.05,0.0,48,-2,-7,0,3.0,-0.1,0.0026,0.0062,13.64,15.2,8.43
553.703,flow_only,3.201,52.1376277,21.160412,91.95,52.1376283,21.1604137,28,0.51,0.019,255,0.0,0.0,-0.0182,-0.0026,3.006,1.588,-0.38,-0.09,225.65,0.04,0.0,0.0,0.01,108415,1507,3,0.33,0.12,-0.05,0.0,48,-5,-11,0,2.99,-0.09,0.0039,0.0098,12.38,14.86,8.08
553.803,flow_only,3.301,52.1376277,21.160412,91.95,52.1376284,21.1604137,28,0.51,0.073,255,0.0,0.0,-0.0171,-0.0505,3.01,1.583,-0.44,-0.27,225.6,0.04,0.0,0.01,0.0,108415,1507,3,0.33,0.1,-0.05,0.0,48,13,33,0,2.99,-0.09,0.0029,0.0118,12.46,16.15,8.36
553.903,flow_only,3.401,52.1376277,21.160412,91.94,52.1376284,21.1604137,28,0.51,0.073,255,0.0,0.0,-0.0138,-0.041,3.004,1.578,-0.49,-0.48,225.52,0.04,0.0,0.01,0.01,108415,1507,3,0.33,0.1,-0.05,0.0,48,17,44,0,2.98,-0.1,0.0081,0.021,13.79,14.31,8.06
554.002,flow_only,3.5,52.1376277,21.160412,91.94,52.1376285,21.1604139,28,0.51,0.07,255,0.0,0.0,-0.0104,-0.0103,3.006,1.574,-0.59,-0.65,225.39,0.04,0.0,0.01,0.01,108415,1507,3,0.33,0.11,-0.05,0.0,48,0,28,0,2.98,-0.1,0.0068,0.0159,15.09,14.45,8.6
554.102,flow_only,3.6,52.1376277,21.160412,91.94,52.1376285,21.1604139,28,0.51,0.07,255,0.0,0.0,-0.0099,0.0487,2.998,1.576,-0.71,-0.46,225.23,0.04,0.0,0.03,0.01,108415,1507,3,0.33,0.11,-0.05,0.0,48,16,0,0,3.0,-0.1,0.0052,0.0122,13.22,14.6,8.69
554.202,flow_only,3.7,52.1376277,21.1604121,91.94,52.1376286,21.1604141,28,0.51,0.087,255,0.0,0.0,0.0089,-0.0069,3.0,1.578,-0.72,-0.37,225.09,0.04,0.0,0.01,0.01,108415,1507,3,0.33,0.11,-0.05,0.0,48,-3,-18,0,2.99,-0.09,0.0076,0.0165,14.05,14.24,8.56
554.302,flow_only,3.8,52.1376277,21.1604122,91.95,52.1376286,21.1604141,28,0.51,0.087,255,0.0,0.0,0.0511,-0.0301,3.016,1.581,-0.52,-0.56,225.02,0.04,0.0,0.01,0.0,108415,1507,3,0.33,0.11,-0.05,0.0,48,-32,49,0,3.0,-0.08,0.0007,0.0011,13.28,15.15,7.93
554.403,flow_only,3.901,52.1376276,21.1604123,91.95,52.1376286,21.1604144,28,0.51,0.079,255,0.0,0.0,0.0522,0.0273,3.02,1.585,-0.23,-0.58,224.97,0.04,0.0,0.02,0.01,108415,1507,3,0.33,0.06,-0.05,0.0,48,84,32,0,3.01,-0.08,0.0128,0.0288,12.83,14.11,7.86
554.502,flow_only,4.0,52.1376276,21.1604124,91.95,52.1376286,21.1604144,28,0.51,0.079,255,0.1673,0.0,0.0702,0.0089,3.012,1.589,0.13,-0.49,224.87,0.04,0.0,0.0,0.02,100223,1507,3,0.33,0.06,-0.05,0.0,48,81,-7,0,3.01,-0.08,0.0098,0.0222,13.76,14.92,8.76
554.603,flow_only,4.1,52.1376275,21.1604126,91.95,52.1376287,21.1604146,28,0.51,0.096,255,0.0,-0.1673,0.0453,-0.0288,3.012,1.589,0.4,-0.58,224.69,0.04,0.0,0.01,0.01,100223,1507,3,0.33,0.08,-0.05,0.0,48,-63,34,0,3.01,-0.09,0.0072,0.0172,13.73,15.27,9.42
554.702,flow_only,4.2,52.1376274,21.1604126,91.95,52.1376287,21.1604146,28,0.51,0.096,255,0.0,0.0,0.0398,-0.0273,3.016,1.586,0.58,-0.77,224.44,0.04,0.0,0.01,0.01,100223,1507,3,0.33,0.08,-0.05,0.0,48,-42,40,0,3.0,-0.09,0.0084,0.0199,14.73,18.31,10.86
554.803,flow_only,4.301,52.1376274,21.1604126,91.95,52.1376287,21.1604149,28,0.51,0.098,255,0.0,-0.1673,0.0021,0.0021,3.026,1.581,0.63,-0.83,224.17,0.04,0.0,0.02,0.02,100223,1507,3,0.33,0.08,-0.05,0.0,48,-26,-141,0,2.99,-0.1,0.0109,0.0259,15.41,16.61,9.95
554.903,flow_only,4.401,52.1376275,21.1604126,91.94,52.1376287,21.1604149,28,0.51,0.098,255,0.0,0.0,-0.0502,0.0231,3.014,1.576,0.37,-0.79,223.98,0.04,0.0,0.0,0.04,100223,1507,3,0.33,0.08,-0.05,0.0,48,45,4,0,2.99,-0.1,0.0039,0.0124,15.22,16.56,9.71
555.003,flow_only,4.5,52.1376275,21.1604127,91.94,52.1376288,21.1604152,28,0.51,0.074,255,0.0,0.0,-0.0224,0.0123,3.02,1.572,0.18,-0.74,223.95,0.04,0.0,0.0,0.01,100223,1507,3,0.33,0.12,-0.05,0.0,48,38,9,0,2.99,-0.1,0.0034,0.0115,13.49,15.99,10.08
555.102,flow_only,4.6,52.1376275,21.1604128,91.94,52.1376288,21.1604152,28,0.51,0.074,255,0.0,0.0,-0.0147,-0.0162,3.028,1.57,0.06,-0.74,224.04,0.04,0.0,0.01,0.0,100223,1507,3,0.33,0.12,-0.05,0.0,48,12,2,0,3.0,-0.1,0.0038,0.0086,13.56,16.8,9.33
555.202,flow_only,4.7,52.1376275,21.1604129,91.93,52.1376287,21.1604155,28,0.51,0.118,255,0.0,0.0,0.0341,-0.0214,3.034,1.569,0.11,-0.81,224.21,0.04,0.0,0.01,0.0,100223,1507,3,0.33,0.1,-0.05,0.0,48,0,26,0,3.0,-0.11,0.0093,0.0211,13.4,17.6,9.32
555.302,flow_only,4.8,52.1376276,21.160413,91.93,52.1376287,21.1604155,28,0.51,0.118,255,0.0,0.0,0.0317,-0.022,3.024,1.567,0.29,-0.93,224.5,0.04,0.0,0.0,0.03,100223,1507,3,0.33,0.1,-0.05,0.0,48,-34,39,0,3.0,-0.11,0.0032,0.0082,13.66,17.74,9.15
555.402,flow_only,4.9,52.1376276,21.1604132,91.93,52.1376287,21.1604155,28,0.51,0.118,255,0.0,0.0,0.0167,-0.0227,3.022,1.565,0.37,-1.01,224.83,0.04,0.0,0.0,0.0,100223,1507,3,0.33,0.1,-0.05,0.0,48,141,-148,0,3.0,-0.11,0.0274,0.0611,14.65,17.51,8.65
555.503,flow_only,5.0,52.1376276,21.1604135,91.93,52.1376287,21.1604158,29,0.51,0.089,255,0.0,-0.1673,0.0348,-0.0181,3.02,1.565,0.43,-1.11,225.17,0.04,0.0,0.01,0.01,100223,1507,3,0.33,0.08,-0.05,0.0,48,-2,42,0,3.0,-0.1,0.0131,0.0307,14.11,15.23,8.31
555.602,flow_only,5.1,52.1376277,21.1604137,91.93,52.1376287,21.1604159,29,0.51,0.024,255,0.0,0.0,0.0577,-0.0366,3.032,1.562,0.72,-1.28,225.46,0.04,0.0,0.02,0.03,100223,1507,3,0.33,0.1,-0.05,0.0,48,-47,48,0,3.0,-0.11,0.0108,0.027,13.7,15.49,8.63
555.702,flow_only,5.2,52.1376277,21.1604138,91.93,52.1376287,21.1604159,29,0.51,0.024,255,0.0,-0.1673,0.0129,-0.0293,3.032,1.56,0.88,-1.49,225.63,0.04,0.0,0.02,0.02,100223,1507,3,0.33,0.1,-0.05,0.0,48,-16,-111,0,3.0,-0.1,0.0136,0.0316,13.44,16.49,9.12
555.802,flow_only,5.3,52.1376278,21.1604138,91.93,52.1376288,21.160416,29,0.51,0.052,255,0.0,-0.1673,-0.0517,-0.0221,3.042,1.563,0.7,-1.67,225.69,0.04,0.0,0.03,0.02,100223,1507,3,0.33,0.15,-0.05,0.0,48,48,39,0,3.02,-0.1,0.0029,0.0113,12.29,15.6,8.88
555.902,flow_only,5.4,52.1376278,21.1604138,91.93,52.1376288,21.160416,29,0.51,0.052,255,0.0,0.0,-0.0541,0.0041,3.026,1.567,0.33,-1.69,225.71,0.04,0.0,0.02,0.03,100223,1507,3,0.33,0.15,-0.05,0.0,48,-88,-12,0,3.02,-0.09,0.0127,0.0295,13.52,14.71,8.81
556.002,flow_only,5.5,52.1376279,21.1604137,91.93,52.1376288,21.1604159,29,0.51,0.031,255,0.0,0.0,-0.0369,0.0551,3.026,1.565,0.11,-1.49,225.7,0.04,0.0,0.04,0.02,100223,1507,3,0.33,0.07,-0.05,0.0,48,68,-10,0,3.0,-0.1,0.004,0.0119,13.21,15.89,9.05
556.102,flow_only,5.6,52.1376279,21.1604136,91.93,52.1376288,21.1604159,29,0.51,0.031,255,0.0,0.0,-0.0284,0.0511,3.03,1.565,-0.13,-1.17,225.75,0.04,0.0,0.02,0.01,100223,1507,3,0.33,0.07,-0.05,0.0,48,76,114,0,3.01,-0.09,0.0083,0.0179,12.75,15.09,8.98
556.202,flow_only,5.7,52.1376279,21.1604134,91.93,52.1376288,21.1604158,29,0.51,0.055,255,0.0,0.0,0.013,-0.0019,3.03,1.563,-0.15,-1.1,225.73,0.04,0.0,0.01,0.01,100223,1507,3,0.33,0.12,-0.05,0.0,48,-132,-39,0,3.01,-0.1,0.0138,0.0315,13.06,15.98,9.37
556.302,flow_only,5.8,52.137628,21.160413,91.93,52.1376288,21.1604158,29,0.51,0.055,255,0.0,0.0,-0.0263,0.044,3.04,1.562,-0.24,-1.04,225.66,0.04,0.0,0.01,0.01,100223,1507,3,0.33,0.12,-0.05,0.0,48,54,-1,0,3.02,-0.09,0.0142,0.0332,13.2,16.11,8.73
556.402,flow_only,5.9,52.1376281,21.1604129,91.93,52.1376288,21.1604158,29,0.51,0.055,255,0.0,0.1673,-0.0741,0.0608,3.032,1.562,-0.62,-0.71,225.67,0.04,0.0,0.01,0.02,100223,1507,3,0.33,0.12,-0.05,0.0,48,88,-66,0,3.02,-0.09,0.0064,0.0131,13.61,17.37,9.02
556.502,flow_only,6.0,52.137628,21.1604128,91.92,52.1376288,21.1604156,29,0.51,0.097,255,0.0,0.0,-0.0198,0.0054,3.024,1.56,-0.89,-0.58,225.76,0.04,0.0,0.02,0.01,100223,1507,3,0.33,0.09,-0.05,0.0,48,-79,110,0,3.01,-0.09,0.0105,0.025,13.42,16.31,8.86
556.602,flow_only,6.1,52.137628,21.1604126,91.92,52.1376288,21.1604154,29,0.51,0.059,255,0.0,0.0,0.0105,-0.0148,3.014,1.552,-0.88,-0.68,225.81,0.04,0.0,0.04,0.01,100223,1507,3,0.33,0.08,-0.05,0.0,48,13,6,0,2.99,-0.1,0.0084,0.0268,13.44,15.88,8.8
556.702,flow_only,6.2,52.1376279,21.1604125,91.91,52.1376288,21.1604154,29,0.51,0.059,255,0.0,0.0,0.0042,0.0557,3.022,1.544,-0.91,-0.52,225.83,0.04,0.0,0.0,0.0,100223,1507,3,0.33,0.08,-0.05,0.0,48,18,-44,0,2.99,-0.12,0.0063,0.0189,12.53,15.51,8.73
556.802,flow_only,6.3,52.1376279,21.1604125,91.9,52.1376288,21.1604152,29,0.51,0.066,255,0.1673,0.0,0.0486,0.0121,3.012,1.537,-0.68,-0.26,225.86,0.04,0.0,0.0,0.01,100223,1507,3,0.33,0.1,-0.05,0.0,48,-33,98,0,2.99,-0.11,0.014,0.0328,14.47,15.21,8.47
556.902,flow_only,6.4,52.1376278,21.1604124,91.9,52.1376288,21.1604152,29,0.51,0.066,255,0.0,0.0,-0.0058,-0.0261,3.0,1.532,-0.5,-0.36,225.79,0.04,0.0,0.01,0.01,100223,1507,3,0.33,0.1,-0.05,0.0,48,104,-24,0,2.99,-0.1,0.0113,0.028,12.83,15.03,8.26
557.002,flow_only,6.5,52.1376277,21.1604123,91.89,52.1376288,21.160415,29,0.51,0.041,255,0.0,0.0,0.034,0.0448,2.994,1.527,-0.42,-0.16,225.72,0.04,0.0,0.01,0.02,100223,1507,3,0.33,0.14,-0.05,0.0,48,7,-25,0,2.99,-0.09,0.0057,0.0144,13.97,15.33,8.8
557.102,flow_only,6.6,52.1376277,21.1604122,91.89,52.1376288,21.160415,29,0.51,0.041,255,0.0,0.0,0.0207,-0.023,3.004,1.523,-0.14,-0.17,225.58,0.04,0.0,0.01,0.01,100223,1507,3,0.33,0.14,-0.05,0.0,48,-51,-47,0,2.98,-0.1,0.0056,0.0158,13.85,15.22,8.97
557.202,flow_only,6.7,52.1376276,21.1604121,91.89,52.1376288,21.1604149,29,0.51,0.059,255,0.0,0.1672,-0.0098,0.0586,3.008,1.521,-0.21,0.0,225.5,0.04,0.0,0.0,0.01,100223,1507,3,0.33,0.11,-0.05,0.0,48,177,-7,0,2.98,-0.1,0.0076,0.0181,13.83,14.53,9.3
557.302,flow_only,6.8,52.1376276,21.1604122,91.88,52.1376288,21.1604149,29,0.51,0.059,255,0.0,0.0,0.0259,-0.02,3.026,1.519,-0.19,0.03,225.45,0.04,0.0,0.0,0.02,100223,1507,3,0.33,0.11,-0.05,0.0,48,7,-34,0,2.99,-0.09,0.0088,0.0188,14.28,15.66,8.71
557.402,flow_only,6.9,52.1376276,21.1604122,91.88,52.1376288,21.1604149,29,0.51,0.059,255,0.0,0.0,0.0077,-0.0067,3.004,1.516,-0.17,-0.16,225.38,0.04,0.0,0.03,0.02,100223,1507,3,0.33,0.11,-0.05,0.0,48,-6,46,0,2.98,-0.12,0.0036,0.0149,12.65,16.39,8.65
557.502,flow_only,7.0,52.1376276,21.1604123,91.87,52.1376288,21.1604149,29,0.51,0.037,255,0.0,0.0,0.0346,0.0123,3.004,1.51,-0.02,-0.13,225.42,0.04,0.0,0.03,0.01,100223,1507,3,0.33,0.12,-0.05,0.0,48,-31,2,0,2.96,-0.13,0.0047,0.0219,12.84,14.93,9.01
557.602,flow_only,7.1,52.1376276,21.1604123,91.87,52.1376287,21.1604151,29,0.51,0.144,255,0.0,0.0,0.0569,-0.0422,3.016,1.504,0.3,-0.21,225.55,0.04,0.0,0.01,0.0,100223,1507,3,0.33,0.12,-0.05,0.0,48,-54,0,0,2.97,-0.11,0.0089,0.0208,13.3,17.46,9.59
557.702,flow_only,7.2,52.1376276,21.1604122,91.87,52.1376287,21.1604151,29,0.51,0.144,255,0.0,0.0,-0.0442,-0.0404,3.016,1.501,0.28,-0.46,225.63,0.04,0.0,0.0,0.02,100223,1507,3,0.33,0.12,-0.05,0.0,48,0,57,0,2.97,-0.11,0.0129,0.029,12.97,15.75,9.01
557.802,flow_only,7.3,52.1376276,21.1604121,91.86,52.1376286,21.1604152,29,0.51,0.073,255,0.0,0.0,-0.0185,0.0173,3.028,1.498,0.13,-0.37,225.74,0.04,0.0,0.0,0.02,100223,1507,3,0.33,0.11,-0.05,0.0,48,50,25,0,2.97,-0.13,0.0076,0.0186,14.36,17.67,9.32
557.903,flow_only,7.401,52.1376276,21.160412,91.86,52.1376286,21.1604152,29,0.51,0.073,255,0.0,0.0,-0.0468,-0.0461,3.024,1.496,-0.01,-0.44,225.83,0.04,0.0,0.0,0.01,100223,1507,3,0.33,0.11,-0.05,0.0,48,17,13,0,2.97,-0.13,0.0041,0.0098,12.68,17.25,9.14
558.002,flow_only,7.5,52.1376276,21.160412,91.86,52.1376287,21.1604153,29,0.51,0.074,255,-0.1673,0.0,-0.0294,-0.0039,3.016,1.494,-0.29,-0.56,225.87,0.04,0.0,0.0,0.01,100223,1507,3,0.33,0.15,-0.05,0.0,48,55,55,0,2.97,-0.13,0.0082,0.0184,13.98,14.92,8.06
558.103,flow_only,7.601,52.1376276,21.160412,91.85,52.1376287,21.1604153,29,0.51,0.074,255,0.0,0.0,-0.0049,0.0401,3.028,1.49,-0.42,-0.43,225.91,0.04,0.0,0.02,0.01,100223,1507,3,0.33,0.15,-0.05,0.0,48,44,3,0,2.96,-0.14,0.0055,0.0155,12.2,14.21,8.53
558.202,flow_only,7.7,52.1376276,21.160412,91.85,52.1376288,21.1604154,29,0.51,0.081,255,0.1672,0.0,0.0378,-0.0217,3.042,1.484,-0.23,-0.49,225.95,0.04,0.0,0.0,0.02,100223,1507,3,0.33,0.06,-0.05,0.0,48,-11,11,0,2.96,-0.14,0.0025,0.0099,13.26,16.69,9.37
558.302,flow_only,7.8,52.1376276,21.160412,91.85,52.1376288,21.1604154,29,0.51,0.081,255,0.0,0.0,-0.0559,0.0062,3.034,1.48,-0.43,-0.61,225.86,0.04,0.0,0.0,0.0,100223,1507,3,0.33,0.06,-0.05,0.0,48,19,-124,0,2.97,-0.15,0.0074,0.0157,12.23,15.32,9.28
558.402,flow_only,7.9,52.1376277,21.160412,91.84,52.1376288,21.1604154,29,0.51,0.081,255,0.0,0.0,0.0151,0.0403,3.04,1.477,-0.52,-0.44,225.82,0.04,0.0,0.0,0.01,100223,1507,3,0.33,0.06,-0.05,0.0,48,45,-13,0,2.97,-0.15,0.008,0.0176,14.49,15.42,8.69
558.502,flow_only,8.0,52.1376277,21.1604121,91.84,52.1376289,21.1604155,29,0.51,0.036,255,0.0,0.0,0.0503,-0.0162,3.045,1.471,-0.38,-0.36,225.82,0.04,0.0,0.02,0.01,100223,1507,3,0.33,0.06,-0.05,0.0,48,-21,-10,0,2.96,-0.16,0.0066,0.0174,14.29,14.82,8.43
558.602,flow_only,8.1,52.1376277,21.1604122,91.83,52.1376289,21.1604157,29,0.51,0.088,255,0.1673,-0.1673,0.0299,-0.0439,3.062,1.468,-0.22,-0.62,225.77,0.04,0.0,0.01,0.0,100223,1507,3,0.33,0.09,-0.05,0.0,48,-21,-101,0,2.97,-0.15,0.011,0.0244,13.5,14.46,8.28
558.702,flow_only,8.2,52.1376277,21.1604124,91.83,52.1376289,21.1604157,29,0.51,0.088,255,0.0,0.0,-0.0362,-0.028,3.058,1.464,-0.26,-0.86,225.72,0.04,0.0,0.0,0.0,100223,1507,3,0.33,0.09,-0.05,0.0,48,0,-92,0,2.97,-0.17,0.0229,0.0505,13.68,16.12,8.9
558.803,flow_only,8.301,52.1376278,21.1604127,91.83,52.1376289,21.1604158,29,0.51,0.021,255,0.0,0.0,-0.0124,-0.0099,3.058,1.461,-0.43,-1.0,225.68,0.04,0.0,0.01,0.01,100223,1507,3,0.33,0.13,-0.05,0.0,48,18,-108,0,2.97,-0.17,0.0219,0.0489,12.81,14.89,9.33
558.903,flow_only,8.401,52.1376279,21.160413,91.82,52.1376289,21.1604158,29,0.51,0.021,255,0.0,0.0,-0.018,-0.0081,3.058,1.455,-0.59,-1.11,225.71,0.04,0.0,0.04,0.0,100223,1507,3,0.33,0.13,-0.05,0.0,48,20,47,0,2.96,-0.18,0.0112,0.0272,14.67,14.54,9.16
559.002,flow_only,8.5,52.1376279,21.1604132,91.81,52.137629,21.1604159,29,0.51,0.057,255,0.0,0.0,-0.0138,-0.0343,3.058,1.446,-0.65,-1.23,225.77,0.04,0.0,0.01,0.0,100223,1507,3,0.33,0.13,-0.05,0.0,48,8,26,0,2.95,-0.19,0.0068,0.019,12.68,14.99,8.48
559.103,flow_only,8.601,52.1376278,21.1604133,91.8,52.137629,21.1604159,29,0.51,0.057,255,0.0,0.0,0.0081,0.0109,3.058,1.439,-0.64,-1.33,225.79,0.04,0.0,0.01,0.01,100223,1507,3,0.33,0.13,-0.05,0.0,48,-17,52,0,2.95,-0.18,0.005,0.0104,13.36,14.64,7.74
559.202,flow_only,8.7,52.1376278,21.1604134,91.8,52.137629,21.160416,29,0.51,0.085,255,0.0,0.0,0.0527,0.0279,3.082,1.432,-0.43,-1.2,225.8,0.04,0.0,0.0,0.02,100223,1507,3,0.33,0.11,-0.05,0.0,48,140,-23,0,2.95,-0.19,0.0115,0.0252,13.52,13.41,7.85
559.302,flow_only,8.8,52.1376277,21.1604135,91.79,52.137629,21.160416,29,0.51,0.085,255,0.0,0.0,0.0696,0.0212,3.072,1.427,-0.09,-1.05,225.79,0.04,0.0,0.01,0.01,100223,1507,3,0.33,0.11,-0.05,0.0,48,-74,-24,0,2.96,-0.19,0.0072,0.0172,12.58,14.43,8.59
559.402,flow_only,8.9,52.1376277,21.1604137,91.79,52.137629,21.160416,29,0.51,0.085,255,0.1673,0.0,0.0649,-0.0027,3.082,1.421,0.31,-1.07,225.72,0.04,0.0,0.0,0.01,100223,1507,3,0.33,0.11,-0.05,0.0,48,-82,3,0,2.95,-0.2,0.0032,0.0085,13.32,14.56,8.73
559.502,flow_only,9.0,52.1376276,21.1604138,91.78,52.1376289,21.1604161,29,0.51,0.06,255,0.0,0.0,0.0444,0.005,3.086,1.418,0.61,-1.1,225.62,0.04,0.0,0.02,0.01,100223,1507,3,0.33,0.13,-0.05,0.0,48,79,13,0,2.96,-0.2,0.0118,0.028,12.0,16.39,9.01
559.602,flow_only,9.1,52.1376275,21.1604139,91.78,52.1376288,21.1604161,29,0.51,0.066,255,0.0,0.0,0.011,0.0015,3.094,1.417,0.81,-1.05,225.52,0.04,0.0,0.01,0.01,100223,1507,3,0.33,0.14,-0.05,0.0,48,-59,-25,0,2.97,-0.2,0.0038,0.0139,13.44,15.07,8.93
559.702,flow_only,9.2,52.1376275,21.1604139,91.78,52.1376288,21.1604161,29,0.51,0.066,255,0.0,0.1673,-0.0188,0.0053,3.087,1.417,0.81,-0.95,225.32,0.04,0.0,0.01,0.02,100223,1507,3,0.33,0.14,-0.05,0.0,48,-12,-41,0,2.97,-0.2,0.0073,0.02,12.91,14.07,8.11
559.803,flow_only,9.301,52.1376275,21.1604139,91.78,52.1376287,21.160416,29,0.51,0.077,255,-0.1673,0.0,-0.0343,0.0025,3.087,1.417,0.62,-0.9,225.09,0.04,0.0,0.01,0.02,100223,1507,3,0.33,0.1,-0.05,0.0,48,37,-21,0,2.97,-0.2,0.0065,0.0197,12.53,15.36,8.42
559.903,flow_only,9.401,52.1376275,21.1604139,91.78,52.1376287,21.160416,29,0.51,0.077,255,0.0,0.0,-0.0277,0.0094,3.086,1.419,0.41,-0.83,224.9,0.04,0.0,0.02,0.03,100223,1507,3,0.33,0.1,-0.05,0.0,48,54,-20,0,2.98,-0.18,0.0095,0.0264,12.96,14.62,8.02
560.003,flow_only,9.5,52.1376274,21.1604138,91.78,52.1376286,21.1604158,29,0.51,0.11,255,0.0,0.0,-0.0126,0.0424,3.084,1.419,0.29,-0.7,224.73,0.04,0.0,0.0,0.02,100223,1507,3,0.33,0.06,-0.05,0.0,48,-143,127,0,2.98,-0.18,0.0153,0.0349,13.81,15.56,8.66
560.103,flow_only,9.601,52.1376274,21.1604135,91.79,52.1376286,21.1604158,29,0.51,0.11,255,-0.1673,0.0,-0.0127,0.0506,3.076,1.422,0.23,-0.44,224.68,0.04,0.0,0.03,0.03,100223,1507,3,0.33,0.06,-0.05,0.0,48,-143,106,0,2.99,-0.17,0.0205,0.0475,13.87,15.68,8.78
560.202,flow_only,9.7,52.1376274,21.1604133,91.79,52.1376285,21.1604156,29,0.51,0.093,255,0.0,0.1673,-0.0327,0.0554,3.064,1.427,0.08,-0.15,224.73,0.04,0.0,0.03,0.01,100223,1507,3,0.33,0.1,-0.05,0.0,48,34,-67,0,3.01,-0.15,0.0081,0.0301,13.75,15.68,8.89
560.302,flow_only,9.8,52.1376274,21.1604132,91.79,52.1376285,21.1604156,29,0.51,0.093,255,0.0,0.0,-0.0299,0.0323,3.062,1.429,-0.15,0.1,224.91,0.04,0.0,0.0,0.03,100223,1507,3,0.33,0.1,-0.05,0.0,48,-102,-68,0,3.01,-0.14,0.0095,0.027,14.44,16.74,8.98
560.403,flow_only,9.901,52.1376275,21.160413,91.79,52.1376285,21.1604156,29,0.51,0.093,255,0.0,0.0,0.0254,-0.001,3.046,1.427,-0.07,0.12,225.11,0.04,0.0,0.01,0.0,100223,1507,3,0.33,0.1,-0.05,0.0,48,23,-20,0,3.0,-0.14,0.0122,0.0271,13.32,15.77,8.2
560.502,flow_only,10.0,52.1376276,21.1604128,91.79,52.1376285,21.1604153,29,0.51,0.099,255,0.0,-0.1673,-0.0498,-0.022,3.044,1.423,-0.22,-0.0,225.29,0.04,0.0,0.0,0.0,99695,1507,3,0.33,0.09,-0.05,0.0,49,51,21,0,2.99,-0.13,0.0049,0.0126,13.1,15.27,8.58
560.602,flow_only,10.1,52.1376276,21.1604129,91.78,52.1376286,21.1604152,29,0.51,0.015,255,-0.1673,0.0,-0.0442,-0.0294,3.01,1.418,-0.53,-0.16,225.49,0.04,0.0,0.0,0.02,99695,1507,3,0.33,0.14,-0.05,0.0,49,72,23,0,2.99,-0.13,0.0124,0.0235,13.74,16.7,8.61
560.702,flow_only,10.2,52.1376277,21.1604129,91.78,52.1376286,21.1604152,29,0.51,0.015,255,0.0,0.0,-0.0269,-0.0317,3.012,1.418,-0.65,-0.33,225.7,0.04,0.0,0.04,0.01,99695,1507,3,0.33,0.14,-0.05,0.0,49,45,32,0,3.0,-0.09,0.0043,0.0165,14.0,15.56,8.49
560.803,flow_only,10.301,52.1376277,21.1604129,91.79,52.1376286,21.1604151,29,0.51,0.093,255,0.0,0.0,-0.0118,-0.0305,3.024,1.421,-0.71,-0.5,225.84,0.04,0.0,0.01,0.01,99695,1507,3,0.33,0.14,-0.05,0.0,49,34,-129,0,3.0,-0.08,0.0208,0.0444,13.6,15.88,8.64
560.903,flow_only,10.401,52.1376279,21.160413,91.79,52.1376286,21.1604151,29,0.51,0.093,255,0.0,-0.1673,0.0264,-0.0407,3.012,1.421,-0.69,-0.68,225.93,0.04,0.0,0.0,0.0,99695,1507,3,0.33,0.14,-0.05,0.0,49,17,50,0,3.0,-0.1,0.0069,0.0162,14.51,14.56,9.45
561.002,flow_only,10.5,52.1376279,21.160413,91.79,52.1376286,21.1604151,29,0.51,0.006,255,0.0,-0.1673,-0.0079,-0.0801,2.996,1.421,-0.66,-1.16,225.87,0.04,0.0,0.0,0.02,99695,1507,3,0.33,0.11,-0.05,0.0,49,-1,68,0,3.0,-0.09,0.0013,0.0039,12.78,16.85,9.34
561.102,flow_only,10.6,52.1376279,21.160413,91.79,52.1376286,21.1604151,29,0.51,0.006,255,-0.1673,0.0,-0.0181,-0.0064,2.992,1.42,-0.75,-1.39,225.68,0.04,0.0,0.0,0.01,99695,1507,3,0.33,0.11,-0.05,0.0,49,28,-85,0,2.99,-0.09,0.0028,0.0047,12.99,15.9,9.19
561.203,flow_only,10.701,52.137628,21.160413,91.79,52.1376286,21.1604151,29,0.51,0.091,255,0.0,0.1673,0.0108,0.0457,3.004,1.422,-0.75,-1.22,225.46,0.04,0.0,0.02,0.03,99695,1507,3,0.33,0.15,-0.05,0.0,49,16,-3,0,3.0,-0.07,0.0088,0.0195,13.97,14.78,9.09
561.302,flow_only,10.8,52.1376281,21.160413,91.79,52.1376286,21.1604151,29,0.51,0.091,255,0.0,0.0,0.0135,0.0133,2.992,1.425,-0.67,-1.06,225.29,0.04,0.0,0.0,0.01,99695,1507,3,0.33,0.15,-0.05,0.0,49,0,135,0,3.0,-0.08,0.0047,0.0096,13.96,16.64,8.69
561.402,flow_only,10.9,52.137628,21.1604129,91.79,52.1376286,21.1604151,29,0.51,0.091,255,0.0,0.0,-0.0082,-0.0404,3.01,1.426,-0.61,-1.2,225.13,0.04,0.0,0.0,0.02,99695,1507,3,0.33,0.15,-0.05,0.0,49,146,5,0,3.0,-0.08,0.0153,0.0298,14.54,16.43,9.08
561.502,flow_only,11.0,52.1376279,21.1604129,91.79,52.1376285,21.1604152,29,0.51,0.079,255,0.0,0.1673,0.016,0.0143,2.986,1.427,-0.55,-1.18,225.01,0.04,0.0,0.0,0.01,99695,1507,3,0.33,0.12,-0.05,0.0,49,-28,-11,0,3.0,-0.09,0.0113,0.0233,14.0,15.42,8.18
561.602,flow_only,11.1,52.1376278,21.1604127,91.79,52.1376284,21.1604152,29,0.51,0.052,255,0.0,0.1674,0.017,0.0447,3.014,1.426,-0.46,-0.96,224.93,0.04,0.0,0.01,0.01,99695,1507,3,0.33,0.07,-0.05,0.0,49,-11,108,0,3.0,-0.08,0.0251,0.0519,13.72,15.12,8.39
561.702,flow_only,11.2,52.1376277,21.1604125,91.79,52.1376284,21.1604152,29,0.51,0.052,255,0.0,0.1673,0.0345,0.075,3.004,1.429,-0.32,-0.61,224.91,0.04,0.0,0.02,0.03,99695,1507,3,0.33,0.07,-0.05,0.0,49,-34,-87,0,3.01,-0.08,0.0174,0.0378,13.97,16.1,8.49
561.803,flow_only,11.301,52.1376276,21.1604123,91.8,52.1376283,21.1604152,29,0.51,0.051,255,0.0,0.1673,0.0197,0.0927,3.01,1.433,-0.24,-0.05,224.98,0.04,0.0,0.01,0.01,99695,1507,3,0.33,0.11,-0.05,0.0,49,-12,42,0,3.02,-0.07,0.0199,0.043,13.72,16.52,8.08
561.903,flow_only,11.401,52.1376275,21.160412,91.8,52.1376283,21.1604152,29,0.51,0.051,255,0.0,0.1672,0.0116,0.036,3.01,1.436,-0.11,0.29,225.12,0.04,0.0,0.0,0.02,99695,1507,3,0.33,0.11,-0.05,0.0,49,-22,-90,0,3.02,-0.06,0.0121,0.0274,13.79,15.62,8.52
562.002,flow_only,11.5,52.1376275,21.160412,91.81,52.1376282,21.1604154,29,0.51,0.099,255,0.0,0.0,-0.0077,0.0148,3.0,1.441,-0.1,0.4,225.25,0.04,0.0,0.03,0.01,99695,1507,3,0.33,0.12,-0.05,0.0,49,-19,-55,0,3.03,-0.06,0.0073,0.0184,13.44,17.01,8.7
562.103,flow_only,11.6,52.1376274,21.160412,91.81,52.1376282,21.1604154,29,0.51,0.099,255,0.0,0.0,-0.0245,-0.0076,3.01,1.443,-0.25,0.39,225.37,0.04,0.0,0.02,0.01,99695,1507,3,0.33,0.12,-0.05,0.0,49,13,-8,0,3.02,-0.05,0.0069,0.0123,13.51,14.97,8.38
562.202,flow_only,11.7,52.1376273,21.160412,91.81,52.1376281,21.1604154,29,0.51,0.039,255,0.0,0.0,-0.0165,0.0003,2.99,1.445,-0.39,0.31,225.41,0.04,0.0,0.01,0.01,99695,1507,3,0.33,0.08,-0.05,0.0,49,22,15,0,3.03,-0.05,0.0105,0.0224,12.99,14.62,8.53
562.302,flow_only,11.8,52.1376272,21.160412,91.81,52.1376281,21.1604154,29,0.51,0.039,255,0.0,0.0,0.0325,0.0236,3.018,1.448,-0.31,0.41,225.49,0.04,0.0,0.01,0.01,99695,1507,3,0.33,0.08,-0.05,0.0,49,-14,-10,0,3.03,-0.05,0.0058,0.0135,13.88,15.43,8.69
562.402,flow_only,11.9,52.1376272,21.160412,91.81,52.1376281,21.1604154,29,0.51,0.039,255,0.0,0.0,0.0544,-0.0129,3.032,1.449,-0.08,0.41,225.59,0.04,0.0,0.0,0.01,99695,1507,3,0.33,0.08,-0.05,0.0,49,113,-10,0,3.03,-0.05,0.0088,0.0175,13.38,13.94,7.95
562.502,flow_only,12.0,52.1376271,21.1604121,91.81,52.137628,21.1604154,29,0.51,0.062,255,0.0,0.0,0.0437,-0.0282,3.016,1.446,0.12,0.24,225.67,0.04,0.0,0.02,0.01,99695,1507,3,0.33,0.13,-0.05,0.0,49,-29,43,0,3.02,-0.08,0.0102,0.0239,13.17,15.25,8.61
562.602,flow_only,12.1,52.137627,21.1604122,91.81,52.1376281,21.1604156,29,0.51,0.075,255,0.1673,0.0,0.0155,-0.0374,3.012,1.445,0.3,-0.02,225.66,0.04,0.0,0.03,0.0,99695,1507,3,0.33,0.13,-0.05,0.0,49,122,65,0,3.03,-0.06,0.0146,0.0298,12.79,14.2,7.93
562.702,flow_only,12.2,52.1376269,21.1604123,91.81,52.1376281,21.1604156,29,0.51,0.075,255,0.0,0.0,0.0132,-0.0339,3.014,1.447,0.41,-0.19,225.61,0.04,0.0,0.01,0.0,99695,1507,3,0.33,0.13,-0.05,0.0,49,-47,38,0,3.04,-0.06,0.0171,0.0351,14.01,14.15,7.86
562.802,flow_only,12.3,52.1376268,21.1604124,91.81,52.1376282,21.1604157,29,0.51,0.108,255,0.0,0.0,0.0102,0.0055,3.036,1.448,0.44,-0.25,225.51,0.04,0.0,0.0,0.02,99695,1507,3,0.33,0.11,-0.05,0.0,49,-14,-147,0,3.04,-0.06,0.005,0.0116,12.55,16.7,9.34
562.903,flow_only,12.401,52.1376267,21.1604125,91.81,52.1376282,21.1604157,29,0.51,0.108,255,0.0,0.0,0.0,0.023,3.024,1.447,0.44,-0.11,225.36,0.04,0.0,0.0,0.03,99695,1507,3,0.33,0.11,-0.05,0.0,49,-9,1,0,3.04,-0.07,0.0016,0.005,13.12,15.85,9.8
563.003,flow_only,12.501,52.1376268,21.1604126,91.81,52.1376283,21.1604159,29,0.51,0.103,255,0.0,0.0,-0.0216,0.0133,3.036,1.448,0.43,-0.03,225.26,0.04,0.0,0.01,0.04,99695,1507,3,0.33,0.09,-0.05,0.0,49,-10,14,0,3.04,-0.07,0.0029,0.0044,13.95,16.67,8.74
563.103,flow_only,12.6,52.1376268,21.1604126,91.81,52.1376283,21.1604159,29,0.51,0.103,255,0.0,0.0,-0.0018,0.0048,3.02,1.448,0.34,0.0,225.24,0.04,0.0,0.0,0.01,99695,1507,3,0.33,0.09,-0.05,0.0,49,25,21,0,3.04,-0.06,0.0011,0.0033,13.11,17.0,9.26
563.202,flow_only,12.7,52.1376268,21.1604127,91.81,52.1376285,21.160416,29,0.51,0.115,255,0.0,-0.1673,0.0255,-0.0278,3.03,1.445,0.46,-0.09,225.27,0.04,0.0,0.01,0.03,99695,1507,3,0.33,0.12,-0.05,0.0,49,-10,24,0,3.03,-0.07,0.0025,0.0096,12.39,15.37,8.61
563.302,flow_only,12.8,52.1376269,21.1604128,91.81,52.1376285,21.160416,29,0.51,0.115,255,0.0,-0.1673,0.0044,-0.0378,3.027,1.441,0.5,-0.35,225.32,0.04,0.0,0.0,0.04,99695,1507,3,0.33,0.12,-0.05,0.0,49,-1,-90,0,3.03,-0.07,0.0047,0.0119,12.91,17.41,9.33
563.402,flow_only,12.9,52.1376269,21.1604128,91.81,52.1376285,21.160416,29,0.51,0.115,255,0.0,-0.1673,-0.0106,-0.0469,3.025,1.44,0.53,-0.58,225.36,0.04,0.0,0.02,0.01,99695,1507,3,0.33,0.12,-0.05,0.0,49,-3,67,0,3.04,-0.07,0.0067,0.012,12.69,14.68,8.64
563.502,flow_only,13.0,52.1376269,21.1604127,91.8,52.1376287,21.1604162,29,0.51,0.114,255,0.0,0.0,-0.036,-0.0321,3.034,1.439,0.4,-0.78,225.39,0.04,0.0,0.0,0.0,99695,1507,3,0.33,0.08,-0.05,0.0,49,17,67,0,3.04,-0.07,0.0128,0.0242,13.83,14.65,8.58
563.603,flow_only,13.1,52.1376269,21.1604127,91.8,52.137629,21.1604163,29,0.51,0.15,255,0.0,0.0,-0.0294,-0.0089,3.014,1.438,0.25,-0.85,225.41,0.04,0.0,0.0,0.03,99695,1507,3,0.33,0.1,-0.05,0.0,49,35,28,0,3.04,-0.07,0.0142,0.0273,13.25,15.27,8.57
563.702,flow_only,13.2,52.1376268,21.1604126,91.8,52.137629,21.1604163,29,0.51,0.15,255,0.0,0.0,-0.0114,0.0281,3.002,1.44,0.19,-0.72,225.37,0.04,0.0,0.02,0.01,99695,1507,3,0.33,0.1,-0.05,0.0,49,13,-11,0,3.05,-0.04,0.0107,0.0218,13.83,13.81,8.41
563.802,flow_only,13.3,52.1376269,21.1604126,91.81,52.1376293,21.1604164,29,0.51,0.193,255,0.0,0.0,-0.025,0.0239,3.0,1.446,0.13,-0.59,225.32,0.04,0.0,0.04,0.01,99695,1507,3,0.33,0.14,-0.05,0.0,49,26,2,0,3.06,-0.04,0.0059,0.019,15.2,13.75,8.71
563.903,flow_only,13.401,52.1376269,21.1604125,91.82,52.1376293,21.1604164,29,0.51,0.193,255,0.0,0.0,-0.0288,0.0371,3.008,1.45,0.0,-0.35,225.33,0.04,0.0,0.0,0.01,99695,1507,3,0.33,0.14,-0.05,0.0,49,25,-195,0,3.06,-0.02,0.0169,0.0312,14.34,15.12,9.31
564.003,flow_only,13.501,52.137627,21.1604127,91.82,52.1376296,21.1604165,29,0.51,0.179,255,0.0,0.0,0.0223,-0.0056,3.0,1.453,-0.03,-0.25,225.4,0.04,0.0,0.0,0.01,99695,1507,3,0.33,0.09,-0.05,0.0,49,-133,3,0,3.06,-0.02,0.0151,0.0286,12.97,14.8,8.72
564.102,flow_only,13.6,52.1376272,21.1604127,91.82,52.1376296,21.1604165,29,0.51,0.179,255,-0.1673,-0.1673,0.0333,-0.0554,2.998,1.455,0.14,-0.43,225.49,0.04,0.0,0.01,0.0,99695,1507,3,0.33,0.09,-0.05,0.0,49,-195,-132,0,3.06,-0.02,0.0281,0.0544,13.28,16.66,9.38
564.202,flow_only,13.7,52.1376274,21.1604126,91.82,52.1376299,21.1604167,29,0.51,0.12,255,0.0,-0.1673,-0.0253,-0.075,2.986,1.457,0.11,-0.82,225.54,0.04,0.0,0.0,0.01,99695,1507,3,0.33,0.08,-0.05,0.0,49,18,93,0,3.06,-0.01,0.0135,0.0278,13.18,15.91,9.77
564.302,flow_only,13.8,52.1376274,21.1604125,91.82,52.1376299,21.1604167,29,0.51,0.12,255,0.0,0.0,-0.0627,-0.0325,2.988,1.456,-0.16,-1.16,225.51,0.04,0.0,0.02,0.02,99695,1507,3,0.33,0.08,-0.05,0.0,49,54,106,0,3.05,-0.01,0.0101,0.0198,13.16,16.38,8.93
564.402,flow_only,13.9,52.1376276,21.1604125,91.82,52.1376299,21.1604167,29,0.51,0.12,255,0.0,0.0,-0.0439,0.0229,3.002,1.453,-0.47,-1.1,225.48,0.04,0.0,0.0,0.01,99695,1507,3,0.33,0.08,-0.05,0.0,49,-66,27,0,3.05,-0.02,0.0158,0.0333,13.41,17.21,9.37
564.502,flow_only,14.0,52.1376277,21.1604125,91.81,52.1376302,21.1604167,29,0.51,0.202,255,-0.1673,0.0,-0.0216,0.0227,3.002,1.449,-0.62,-0.94,225.49,0.04,0.0,0.02,0.01,99695,1507,3,0.33,0.12,-0.05,0.0,49,-115,3,0,3.04,-0.04,0.0293,0.0602,12.57,14.97,9.16
564.602,flow_only,14.1,52.137628,21.1604124,91.81,52.1376306,21.1604168,29,0.51,0.141,255,0.0,0.0,-0.0172,-0.0217,2.997,1.446,-0.75,-0.94,225.54,0.04,0.0,0.0,0.01,99695,1507,3,0.33,0.11,-0.05,0.0,49,58,26,0,3.04,-0.04,0.0216,0.0465,12.13,16.26,9.71
564.702,flow_only,14.2,52.1376282,21.1604123,91.81,52.1376306,21.1604168,29,0.51,0.141,255,0.0,0.0,-0.0284,-0.0509,2.988,1.443,-0.83,-1.24,225.66,0.04,0.0,0.0,0.04,99695,1507,3,0.33,0.11,-0.05,0.0,49,-129,-81,0,3.04,-0.03,0.0225,0.0476,12.45,15.48,9.05
564.802,flow_only,14.3,52.1376283,21.1604122,91.8,52.1376307,21.1604169,29,0.51,0.059,255,0.0,0.0,-0.0336,-0.0135,2.978,1.439,-1.06,-1.39,225.78,0.04,0.0,0.01,0.01,99695,1507,3,0.33,0.11,-0.05,0.0,49,70,44,0,3.03,-0.03,0.0043,0.017,13.8,13.94,7.97
564.903,flow_only,14.401,52.1376284,21.1604122,91.8,52.1376307,21.1604169,29,0.51,0.059,255,0.0,0.0,-0.0048,-0.0097,2.982,1.435,-1.21,-1.49,225.91,0.04,0.0,0.01,0.01,99695,1507,3,0.33,0.11,-0.05,0.0,49,-131,-129,0,3.03,-0.04,0.0132,0.0307,12.76,15.03,8.84
565.003,flow_only,14.501,52.1376285,21.1604122,91.79,52.1376309,21.160417,29,0.51,0.141,255,0.0,0.0,0.0111,0.0145,2.974,1.428,-1.12,-1.46,226.0,0.04,0.0,0.02,0.01,99695,1507,3,0.33,0.14,-0.05,0.0,49,-24,0,0,3.02,-0.04,0.0184,0.041,13.54,15.96,8.53
565.102,flow_only,14.6,52.1376287,21.1604123,91.78,52.1376309,21.160417,29,0.51,0.141,255,0.0,0.0,-0.0105,0.0028,2.972,1.42,-1.17,-1.36,226.07,0.04,0.0,0.03,0.01,99695,1507,3,0.33,0.14,-0.05,0.0,49,10,-3,0,3.01,-0.05,0.0134,0.0353,13.7,16.32,9.22
565.202,flow_only,14.7,52.1376287,21.1604123,91.78,52.1376311,21.160417,29,0.51,0.058,255,0.0,0.0,0.0028,-0.0104,2.984,1.412,-1.13,-1.38,226.12,0.04,0.0,0.01,0.01,99695,1507,3,0.33,0.13,-0.05,0.0,49,-9,11,0,3.0,-0.05,0.0095,0.0277,12.03,14.11,8.67
565.302,flow_only,14.8,52.1376287,21.1604124,91.77,52.1376311,21.160417,29,0.51,0.058,255,0.0,0.0,0.0098,-0.0082,2.978,1.409,-1.07,-1.41,226.11,0.04,0.0,0.01,0.01,99695,1507,3,0.33,0.13,-0.05,0.0,49,-15,7,0,3.01,-0.05,0.0049,0.0134,13.99,15.36,8.77
565.403,flow_only,14.901,52.1376288,21.1604124,91.77,52.1376311,21.160417,29,0.51,0.058,255,0.0,0.0,0.0291,-0.0016,2.994,1.408,-0.96,-1.45,226.05,0.04,0.0,0.0,0.01,99695,1507,3,0.33,0.13,-0.05,0.0,49,-25,4,0,3.01,-0.05,0.003,0.0098,14.06,16.27,9.54
565.502,flow_only,15.0,52.1376288,21.1604124,91.77,52.1376312,21.1604171,29,0.51,0.021,255,0.0,0.0,0.003,0.0365,2.988,1.406,-0.9,-1.34,225.92,0.04,0.0,0.02,0.0,99695,1507,3,0.33,0.14,-0.05,0.0,49,-20,-6,0,3.01,-0.07,0.0058,0.0156,12.24,15.93,9.09
565.602,flow_only,15.1,52.1376288,21.1604124,91.77,52.1376312,21.1604171,29,0.51,0.055,255,0.0,0.0,-0.0097,0.0177,3.008,1.402,-0.87,-1.22,225.74,0.04,0.0,0.02,0.0,99695,1507,3,0.33,0.11,-0.05,0.0,49,-32,141,0,3.0,-0.07,0.0102,0.0224,14.18,14.57,8.58
565.702,flow_only,15.2,52.1376287,21.1604123,91.77,52.1376312,21.1604171,29,0.51,0.055,255,0.0,0.0,0.0058,0.0164,3.017,1.4,-0.88,-1.1,225.54,0.04,0.0,0.0,0.01,99695,1507,3,0.33,0.11,-0.05,0.0,49,-15,-48,0,3.0,-0.08,0.0051,0.0128,13.51,13.71,8.13
565.802,flow_only,15.3,52.1376287,21.1604123,91.76,52.1376311,21.1604171,29,0.51,0.026,255,0.0,0.0,0.0109,0.037,3.027,1.399,-0.8,-0.9,225.34,0.04,0.0,0.0,0.01,99695,1507,3,0.33,0.13,-0.05,0.0,49,-35,-53,0,3.01,-0.09,0.0101,0.0197,12.54,15.78,8.64
565.903,flow_only,15.401,52.1376287,21.1604122,91.76,52.1376311,21.1604171,29,0.51,0.026,255,0.0,0.0,0.0099,0.0212,3.032,1.4,-0.71,-0.74,225.12,0.04,0.0,0.0,0.03,99695,1507,3,0.33,0.13,-0.05,0.0,49,-37,-34,0,3.02,-0.09,0.0088,0.0162,13.88,14.92,8.7
566.003,flow_only,15.501,52.1376287,21.1604122,91.77,52.1376311,21.1604171,29,0.51,0.017,255,0.0,0.0,-0.0146,-0.0001,3.038,1.402,-0.71,-0.72,224.9,0.04,0.0,0.01,0.01,99695,1507,3,0.33,0.13,-0.05,0.0,49,-34,-22,0,3.03,-0.09,0.0106,0.0206,14.07,14.24,8.54
566.102,flow_only,15.6,52.1376286,21.1604121,91.77,52.1376311,21.1604171,29,0.51,0.017,255,0.0,0.0,0.0007,0.0024,3.046,1.404,-0.69,-0.67,224.72,0.04,0.0,0.0,0.0,99695,1507,3,0.33,0.13,-0.05,0.0,49,-9,-19,0,3.03,-0.09,0.0072,0.0142,14.4,15.47,8.4
566.202,flow_only,15.7,52.1376286,21.160412,91.77,52.1376311,21.1604172,29,0.51,0.133,255,0.0,0.0,-0.0125,0.0182,3.036,1.407,-0.7,-0.61,224.61,0.04,0.0,0.02,0.04,99695,1507,3,0.33,0.13,-0.05,0.0,49,-28,-32,0,3.04,-0.08,0.0075,0.0176,14.55,14.27,8.69
566.302,flow_only,15.8,52.1376285,21.1604121,91.77,52.1376311,21.1604172,29,0.51,0.133,255,0.1673,0.0,0.0049,0.0247,3.038,1.409,-0.71,-0.45,224.65,0.04,0.0,0.0,0.02,99695,1507,3,0.33,0.13,-0.05,0.0,49,-31,-51,0,3.04,-0.08,0.0048,0.0097,14.68,16.58,8.43
566.403,flow_only,15.901,52.1376285,21.1604121,91.77,52.1376311,21.1604172,29,0.51,0.133,255,0.0,0.0,0.0194,0.0031,3.044,1.409,-0.66,-0.4,224.75,0.04,0.0,0.0,0.02,99695,1507,3,0.33,0.13,-0.05,0.0,49,-35,144,0,3.04,-0.08,0.0067,0.0138,13.46,18.61,9.51
566.502,flow_only,16.0,52.1376284,21.1604121,91.77,52.137631,21.1604174,29,0.51,0.048,255,0.0,0.0,0.022,-0.0306,3.026,1.408,-0.56,-0.49,224.85,0.04,0.0,0.0,0.03,99695,1507,3,0.33,0.15,-0.05,0.0,49,112,-12,0,3.04,-0.08,0.0077,0.0145,15.35,15.94,8.32
566.602,flow_only,16.1,52.1376283,21.1604122,91.77,52.1376308,21.1604175,29,0.51,0.208,255,0.0,0.0,0.0026,-0.0023,3.016,1.404,-0.52,-0.59,224.85,0.04,0.0,0.01,0.02,99695,1507,3,0.33,0.12,-0.05,0.0,49,-51,12,0,3.04,-0.08,0.004,0.0076,14.68,17.01,9.49
566.702,flow_only,16.2,52.1376282,21.1604122,91.77,52.1376308,21.1604175,29,0.51,0.208,255,0.3347,0.0,0.0494,-0.0016,3.02,1.401,-0.33,-0.61,224.68,0.04,0.0,0.0,0.01,99695,1507,3,0.33,0.12,-0.05,0.0,49,106,-4,0,3.04,-0.06,0.0067,0.0127,14.8,17.11,8.92
566.802,flow_only,16.3,52.137628,21.1604124,91.76,52.1376306,21.1604178,29,0.51,0.106,255,0.1672,0.0,0.028,0.0021,3.016,1.398,-0.15,-0.64,224.38,0.04,0.0,0.0,0.0,99695,1507,3,0.33,0.13,-0.05,0.0,49,-70,0,0,3.03,-0.06,0.0158,0.0303,14.58,15.86,8.64
566.903,flow_only,16.401,52.1376279,21.1604125,91.76,52.1376306,21.1604178,29,0.51,0.106,255,0.0,0.0,0.0726,0.0172,3.038,1.394,0.13,-0.63,224.05,0.04,0.0,0.0,0.01,99695,1507,3,0.33,0.13,-0.05,0.0,49,-82,-9,0,3.03,-0.07,0.0011,0.0021,13.73,16.87,9.22
567.003,flow_only,16.501,52.1376279,21.1604126,91.76,52.1376305,21.160418,29,0.51,0.138,255,0.1673,0.0,0.0209,0.0155,3.045,1.393,0.43,-0.53,223.73,0.04,0.0,0.01,0.02,99695,1507,3,0.33,0.12,-0.05,0.0,49,83,-23,0,3.03,-0.07,0.0171,0.0314,15.73,16.58,8.77
567.102,flow_only,16.6,52.1376279,21.1604128,91.76,52.1376305,21.160418,29,0.51,0.138,255,0.0,0.0,-0.0256,-0.0101,3.05,1.393,0.39,-0.5,223.54,0.04,0.0,0.0,0.02,99695,1507,3,0.33,0.12,-0.05,0.0,49,-38,-10,0,3.04,-0.09,0.0123,0.0236,14.62,18.05,9.43
567.203,flow_only,16.7,52.1376279,21.1604129,91.76,52.1376304,21.1604181,29,0.51,0.071,255,0.1673,0.0,-0.0189,-0.0308,3.054,1.391,0.26,-0.6,223.44,0.04,0.0,0.01,0.0,99695,1507,3,0.33,0.15,-0.05,0.0,49,2,7,0,3.03,-0.1,0.008,0.016,15.94,17.24,9.03
567.302,flow_only,16.8,52.1376279,21.160413,91.75,52.1376304,21.1604181,29,0.51,0.071,255,0.0,0.0,-0.0048,-0.0201,3.05,1.386,0.15,-0.72,223.48,0.04,0.0,0.01,0.02,99695,1507,3,0.33,0.15,-0.05,0.0,49,-18,11,0,3.02,-0.11,0.0029,0.0087,14.99,17.42,9.2
567.402,flow_only,16.9,52.1376279,21.160413,91.75,52.1376304,21.1604181,29,0.51,0.071,255,0.0,0.0,0.0008,-0.0082,3.05,1.382,0.14,-0.82,223.68,0.04,0.0,0.0,0.01,99695,1507,3,0.33,0.15,-0.05,0.0,49,-20,17,0,3.02,-0.11,0.0026,0.0044,15.51,16.89,9.43
567.503,flow_only,17.001,52.1376279,21.160413,91.75,52.1376304,21.1604183,29,0.51,0.134,255,0.0,0.0,0.0124,-0.0057,3.046,1.381,0.14,-0.88,223.93,0.04,0.0,0.02,0.01,99695,1507,3,0.33,0.16,-0.05,0.0,49,-14,5,0,3.03,-0.1,0.0032,0.0086,15.7,16.04,9.28
567.602,flow_only,17.1,52.1376279,21.160413,91.75,52.1376302,21.1604186,29,0.51,0.178,255,0.0,0.0,0.0074,-0.0003,3.05,1.383,0.1,-0.91,224.18,0.04,0.0,0.02,0.02,99695,1507,3,0.33,0.15,-0.05,0.0,49,0,-1,0,3.04,-0.09,0.004,0.0143,15.29,17.17,9.6
567.702,flow_only,17.2,52.1376279,21.1604129,91.75,52.1376302,21.1604186,29,0.51,0.178,255,0.0,0.0,0.013,0.0019,3.04,1.384,0.13,-1.01,224.39,0.04,0.0,0.0,0.01,99695,1507,3,0.33,0.15,-0.05,0.0,49,-18,22,0,3.04,-0.09,0.0051,0.0122,14.25,16.24,9.9
567.802,flow_only,17.3,52.1376278,21.1604129,91.74,52.13763,21.1604188,29,0.51,0.155,255,0.0,0.0,0.0071,0.0136,3.042,1.38,0.18,-1.0,224.62,0.04,0.0,0.02,0.03,99695,1507,3,0.33,0.11,-0.05,0.0,49,-17,-2,0,3.03,-0.1,0.0045,0.009,14.26,15.68,9.07
567.903,flow_only,17.401,52.1376278,21.1604128,91.74,52.13763,21.1604188,29,0.51,0.155,255,0.0,0.0,-0.0081,0.0268,3.036,1.376,0.11,-0.93,224.85,0.04,0.0,0.01,0.02,99695,1507,3,0.33,0.11,-0.05,0.0,49,-5,-7,0,3.03,-0.09,0.0032,0.006,14.28,16.33,9.06
568.003,flow_only,17.501,52.1376278,21.1604128,91.74,52.1376298,21.160419,29,0.51,0.123,255,0.1673,0.1673,-0.0208,0.005,3.04,1.372,-0.01,-0.91,225.1,0.04,0.0,0.0,0.04,99695,1507,3,0.33,0.15,-0.05,0.0,49,8,-17,0,3.02,-0.09,0.0048,0.0085,12.95,17.15,9.51
568.102,flow_only,17.6,52.1376278,21.1604128,91.73,52.1376298,21.160419,29,0.51,0.123,255,0.0,0.0,-0.0202,0.022,3.04,1.369,-0.08,-0.83,225.36,0.04,0.0,0.0,0.02,99695,1507,3,0.33,0.15,-0.05,0.0,49,8,-20,0,3.03,-0.09,0.005,0.009,13.62,15.47,8.95
568.202,flow_only,17.7,52.1376278,21.1604128,91.73,52.1376297,21.1604191,29,0.51,0.072,255,0.0,0.0,0.021,0.0171,3.037,1.363,-0.06,-0.75,225.66,0.04,0.0,0.03,0.0,99695,1507,3,0.33,0.11,-0.05,0.0,49,6,146,0,3.01,-0.09,0.0075,0.0174,13.9,16.05,8.71
568.302,flow_only,17.8,52.1376277,21.1604128,91.72,52.1376297,21.1604191,29,0.51,0.072,255,0.0,0.0,0.0053,0.0135,3.032,1.354,-0.07,-0.65,225.98,0.04,0.0,0.01,0.01,99695,1507,3,0.33,0.11,-0.05,0.0,49,-4,-21,0,3.0,-0.11,0.0116,0.025,12.45,14.79,9.06
568.402,flow_only,17.9,52.1376277,21.1604128,91.72,52.1376297,21.1604191,29,0.51,0.072,255,0.0,0.1674,0.0398,0.0454,3.018,1.351,0.11,-0.41,226.26,0.04,0.0,0.03,0.01,99695,1507,3,0.33,0.11,-0.05,0.0,49,-31,-51,0,3.01,-0.1,0.0075,0.015,12.63,16.9,9.15
568.502,flow_only,18.0,52.1376277,21.1604129,91.72,52.1376295,21.1604192,29,0.51,0.135,255,0.0,0.0,0.0144,0.0246,3.008,1.351,0.31,-0.19,226.55,0.04,0.0,0.01,0.01,99695,1507,3,0.33,0.12,-0.05,0.0,49,-54,-63,0,3.02,-0.08,0.0123,0.0233,14.2,15.14,8.98
568.602,flow_only,18.1,52.1376278,21.1604129,91.71,52.1376293,21.1604194,29,0.51,0.153,255,0.0,0.0,0.0034,-0.014,2.996,1.349,0.35,-0.16,226.78,0.04,0.0,0.01,0.02,99695,1507,3,0.33,0.15,-0.05,0.0,49,148,-17,0,3.01,-0.08,0.0147,0.0282,13.87,13.95,8.1
568.702,flow_only,18.2,52.1376278,21.1604131,91.71,52.1376293,21.1604194,29,0.51,0.153,255,0.0,0.0,-0.0133,-0.0452,2.996,1.349,0.32,-0.37,226.92,0.04,0.0,0.01,0.0,99695,1507,3,0.33,0.15,-0.05,0.0,49,171,29,0,3.02,-0.05,0.0214,0.0409,13.72,15.59,8.95
568.802,flow_only,18.3,52.1376277,21.1604132,91.71,52.1376291,21.1604195,29,0.51,0.118,255,0.0,-0.1673,-0.0002,-0.0594,2.996,1.348,0.25,-0.68,226.92,0.04,0.0,0.01,0.0,99695,1507,3,0.33,0.14,-0.05,0.0,49,20,49,0,3.01,-0.06,0.0174,0.0337,12.81,19.46,9.65
568.903,flow_only,18.401,52.1376277,21.1604132,91.71,52.1376291,21.1604195,29,0.51,0.118,255,0.0,0.0,0.006,-0.0175,3.006,1.349,0.24,-0.93,226.77,0.04,0.0,0.02,0.03,99695,1507,3,0.33,0.14,-0.05,0.0,49,8,41,0,3.02,-0.05,0.0163,0.0323,12.04,15.9,8.71
569.003,flow_only,18.501,52.1376276,21.1604132,91.71,52.137629,21.1604196,29,0.51,0.066,255,0.0,0.0,0.0057,0.0201,3.01,1.35,0.24,-0.9,226.57,0.04,0.0,0.0,0.01,99695,1507,3,0.33,0.1,-0.05,0.0,49,0,-29,0,3.02,-0.06,0.0099,0.0211,14.35,14.45,9.29
569.102,flow_only,18.6,52.1376276,21.1604132,91.72,52.137629,21.1604196,29,0.51,0.066,255,0.0,0.0,-0.0248,0.0255,2.996,1.351,0.19,-0.81,226.34,0.04,0.0,0.0,0.0,99695,1507,3,0.33,0.1,-0.05,0.0,49,8,-20,0,3.02,-0.06,0.0071,0.0164,13.73,14.65,9.19
569.202,flow_only,18.7,52.1376276,21.1604132,91.72,52.1376289,21.1604195,29,0.51,0.057,255,0.0,0.1673,-0.0168,0.0418,2.996,1.351,0.02,-0.58,226.17,0.04,0.0,0.02,0.01,99695,1507,3,0.33,0.11,-0.05,0.0,49,48,-42,0,3.01,-0.06,0.0084,0.0178,13.15,15.18,9.22
569.302,flow_only,18.8,52.1376276,21.1604133,91.71,52.1376289,21.1604195,29,0.51,0.057,255,0.0,0.0,0.0061,0.033,3.004,1.35,0.08,-0.36,226.1,0.04,0.0,0.0,0.03,99695,1507,3,0.33,0.11,-0.05,0.0,49,-1,-42,0,3.01,-0.06,0.0101,0.02,13.99,16.8,9.91
569.402,flow_only,18.9,52.1376275,21.1604132,91.71,52.1376289,21.1604195,29,0.51,0.057,255,0.0,0.1673,0.0045,-0.013,3.005,1.349,0.17,-0.32,226.09,0.04,0.0,0.0,0.01,99695,1507,3,0.33,0.11,-0.05,0.0,49,-12,137,0,3.02,-0.06,0.0135,0.0259,12.59,14.97,8.82
569.502,flow_only,19.0,52.1376274,21.1604132,91.71,52.1376289,21.1604194,29,0.51,0.082,255,0.0,0.0,0.0092,-0.0335,2.99,1.347,0.28,-0.47,226.04,0.04,0.0,0.0,0.01,99695,1507,3,0.33,0.1,-0.05,0.0,49,144,9,0,3.01,-0.07,0.017,0.0334,13.21,15.63,8.4
569.603,flow_only,19.1,52.1376273,21.1604131,91.71,52.1376288,21.1604193,29,0.51,0.061,255,0.0,0.0,-0.0157,-0.0117,3.012,1.346,0.26,-0.56,225.96,0.04,0.0,0.0,0.02,99695,1507,3,0.33,0.05,-0.05,0.0,49,4,-8,0,3.01,-0.07,0.0116,0.0239,13.37,15.36,8.69
569.702,flow_only,19.2,52.1376273,21.1604131,91.71,52.1376288,21.1604193,29,0.51,0.061,255,0.0,0.0,-0.0207,0.026,3.004,1.349,0.12,-0.46,225.89,0.04,0.0,0.03,0.01,99695,1507,3,0.33,0.05,-0.05,0.0,49,38,-29,0,3.03,-0.05,0.0109,0.0235,12.35,13.69,8.26
569.802,flow_only,19.3,52.1376272,21.1604131,91.72,52.1376288,21.1604192,29,0.51,0.029,255,0.0,0.1673,0.0066,0.0328,3.0,1.352,0.12,-0.27,225.85,0.04,0.0,0.0,0.01,99695,1507,3,0.33,0.13,-0.05,0.0,49,-161,-44,0,3.03,-0.05,0.0059,0.0089,13.99,18.11,9.08
569.903,flow_only,19.401,52.1376273,21.1604131,91.72,52.1376288,21.1604192,29,0.51,0.029,255,0.0,0.0,-0.0058,0.0175,3.01,1.352,0.07,-0.11,225.85,0.04,0.0,0.01,0.01,99695,1507,3,0.33,0.13,-0.05,0.0,49,25,-24,0,3.02,-0.05,0.007,0.0116,12.97,15.87,9.14
570.003,flow_only,19.501,52.1376273,21.1604131,91.72,52.1376288,21.1604192,29,0.51,0.045,255,0.0,0.0,-0.0376,-0.0123,3.006,1.353,-0.0,-0.12,225.87,0.04,0.0,0.01,0.01,99695,1507,3,0.33,0.12,-0.05,0.0,49,30,-1,0,3.03,-0.05,0.0062,0.0114,13.69,15.5,8.7
570.102,flow_only,19.6,52.1376274,21.1604131,91.72,52.1376288,21.1604192,29,0.51,0.045,255,-0.1673,0.0,-0.013,-0.029,2.998,1.356,-0.14,-0.27,225.89,0.04,0.0,0.01,0.02,99695,1507,3,0.33,0.12,-0.05,0.0,49,51,17,0,3.04,-0.04,0.0055,0.0117,12.87,14.02,7.78
570.202,flow_only,19.7,52.1376274,21.1604132,91.73,52.1376288,21.1604191,29,0.51,0.058,255,0.0,0.0,0.0065,-0.0358,2.996,1.364,-0.14,-0.51,225.91,0.04,0.0,0.05,0.01,99695,1507,3,0.33,0.13,-0.05,0.0,49,22,-135,0,3.06,-0.02,0.0113,0.0279,13.38,16.16,8.77
570.302,flow_only,19.8,52.1376274,21.1604132,91.74,52.1376288,21.1604191,29,0.51,0.058,255,0.0,0.0,0.0222,-0.0253,3.006,1.37,-0.08,-0.66,225.93,0.04,0.0,0.01,0.01,99695,1507,3,0.33,0.13,-0.05,0.0,49,8,44,0,3.05,-0.02,0.0055,0.0137,13.9,16.56,8.53
570.403,flow_only,19.9,52.1376275,21.1604133,91.74,52.1376288,21.1604191,29,0.51,0.058,255,0.0,0.0,0.0031,0.0067,3.01,1.374,-0.02,-0.67,225.98,0.04,0.0,0.0,0.0,99695,1507,3,0.33,0.13,-0.05,0.0,49,-13,11,0,3.06,-0.02,0.0072,0.015,13.31,15.53,8.86
570.502,flow_only,20.0,52.1376275,21.1604134,91.74,52.1376289,21.1604189,29,0.51,0.047,255,0.0,0.0,-0.0071,-0.0059,3.006,1.375,-0.0,-0.65,226.08,0.04,0.0,0.01,0.0,99695,1507,3,0.33,0.07,-0.05,0.0,49,9,-10,0,3.05,-0.04,0.005,0.0101,14.02,17.14,9.29
570.602,flow_only,20.1,52.1376275,21.1604134,91.74,52.1376289,21.1604189,29,0.51,0.021,255,0.0,0.0,-0.0168,-0.018,3.013,1.376,-0.09,-0.72,226.18,0.04,0.0,0.0,0.03,99695,1507,3,0.33,0.12,-0.05,0.0,49,18,14,0,3.05,-0.03,0.0033,0.0067,12.9,14.75,8.36
570.702,flow_only,20.2,52.1376275,21.1604134,91.74,52.1376289,21.1604189,29,0.51,0.021,255,0.0,0.0,0.0069,-0.0079,2.996,1.376,-0.07,-0.82,226.26,0.04,0.0,0.0,0.02,99695,1507,3,0.33,0.12,-0.05,0.0,49,16,23,0,3.06,-0.03,0.0064,0.0114,13.3,16.54,8.73
570.803,flow_only,20.3,52.1376275,21.1604134,91.74,52.137629,21.1604188,29,0.51,0.096,255,0.0,0.0,-0.0068,0.0022,3.012,1.373,-0.13,-0.81,226.32,0.04,0.0,0.02,0.02,99695,1507,3,0.33,0.14,-0.05,0.0,49,32,-12,0,3.04,-0.03,0.0067,0.0143,12.67,14.02,8.46
570.903,flow_only,20.4,52.1376276,21.1604134,91.74,52.137629,21.1604188,29,0.51,0.096,255,0.0,0.0,0.0038,0.0306,3.022,1.373,-0.16,-0.75,226.39,0.04,0.0,0.02,0.0,99695,1507,3,0.33,0.14,-0.05,0.0,49,23,0,0,3.05,-0.04,0.0058,0.0103,12.55,15.62,8.54
571.003,flow_only,20.501,52.1376276,21.1604133,91.74,52.1376291,21.1604186,29,0.51,0.066,255,0.0,0.0,0.0179,0.0164,2.998,1.377,-0.08,-0.64,226.43,0.04,0.0,0.03,0.01,99695,1507,3,0.33,0.07,-0.05,0.0,49,-170,143,0,3.07,-0.03,0.0215,0.0406,12.77,14.31,8.22
571.103,flow_only,20.601,52.1376277,21.1604131,91.74,52.1376291,21.1604186,29,0.51,0.066,255,0.0,0.1673,-0.0101,0.0101,3.0,1.38,-0.06,-0.58,226.49,0.04,0.0,0.0,0.0,99695,1507,3,0.33,0.07,-0.05,0.0,49,28,-11,0,3.07,-0.01,0.0117,0.0233,13.5,15.83,8.66
571.202,flow_only,20.7,52.1376277,21.160413,91.75,52.1376291,21.1604184,29,0.51,0.091,255,0.0,0.0,-0.0185,0.0147,3.008,1.386,-0.2,-0.52,226.51,0.04,0.0,0.04,0.02,99695,1507,3,0.33,0.12,-0.05,0.0,49,57,-9,0,3.08,0.0,0.0062,0.0204,12.98,17.03,8.64
571.302,flow_only,20.8,52.1376277,21.1604128,91.76,52.1376291,21.1604184,29,0.51,0.091,255,-0.1673,0.0,-0.0306,0.0031,3.012,1.393,-0.38,-0.53,226.5,0.04,0.0,0.01,0.02,99695,1507,3,0.33,0.12,-0.05,0.0,49,-107,-3,0,3.09,0.0,0.015,0.0325,12.35,15.74,8.73
571.403,flow_only,20.901,52.1376277,21.1604125,91.76,52.1376292,21.1604183,29,0.51,0.042,255,0.0,0.0,-0.0144,0.0107,3.014,1.399,-0.53,-0.5,226.41,0.04,0.0,0.0,0.01,99695,1507,3,0.33,0.12,-0.05,0.0,49,-107,-2,0,3.09,0.0,0.0214,0.0431,13.92,15.43,8.33
571.503,flow_only,21.0,52.1376277,21.1604122,91.77,52.1376292,21.1604183,29,0.51,0.042,255,-0.1673,0.0,-0.0687,0.0208,3.022,1.403,-0.78,-0.49,226.3,0.04,0.0,0.01,0.01,99695,1507,3,0.33,0.12,-0.05,0.0,49,74,5,0,3.1,0.0,0.0154,0.033,12.88,17.39,9.26
571.603,flow_only,21.1,52.1376277,21.1604121,91.77,52.1376293,21.1604182,29,0.51,0.015,255,-0.1674,0.0,-0.0481,0.0429,3.032,1.406,-1.13,-0.3,226.21,0.04,0.0,0.0,0.02,99695,1507,3,0.33,0.13,-0.05,0.0,49,81,-38,0,3.09,0.0,0.0084,0.0157,13.82,15.51,9.34
571.703,flow_only,21.201,52.1376277,21.160412,91.77,52.1376293,21.1604182,29,0.51,0.015,255,0.0,0.0,-0.0227,0.0519,3.028,1.407,-1.34,-0.07,226.1,0.04,0.0,0.0,0.02,99695,1507,3,0.33,0.13,-0.05,0.0,49,57,-36,0,3.09,-0.01,0.0043,0.0053,12.54,16.22,8.96
571.802,flow_only,21.3,52.1376277,21.160412,91.77,52.1376292,21.1604182,29,0.51,0.051,255,0.0,0.1673,-0.0589,0.0098,3.03,1.403,-1.53,0.09,226.04,0.04,0.0,0.02,0.02,99695,1507,3,0.33,0.12,-0.05,0.0,49,30,-30,0,3.08,-0.03,0.0108,0.0206,13.56,15.73,8.35
571.903,flow_only,21.401,52.1376277,21.1604122,91.77,52.1376292,21.1604182,29,0.51,0.051,255,-0.1673,0.0,-0.0601,-0.0091,3.014,1.4,-1.96,0.08,226.07,0.04,0.0,0.01,0.0,99695,1507,3,0.33,0.12,-0.05,0.0,49,-76,0,0,3.08,-0.03,0.0073,0.0137,13.45,15.59,8.85
572.003,flow_only,21.501,52.1376277,21.1604123,91.76,52.1376291,21.1604182,29,0.51,0.138,255,0.0,-0.1673,-0.036,-0.0374,3.014,1.398,-2.28,-0.08,226.1,0.04,0.0,0.0,0.01,99695,1507,3,0.33,0.14,-0.05,0.0,49,61,42,0,3.08,-0.02,0.0026,0.0054,13.52,14.52,8.74
572.103,flow_only,21.601,52.1376277,21.1604123,91.76,52.1376291,21.1604182,29,0.51,0.138,255,0.0,0.0,-0.0637,-0.064,3.01,1.398,-2.61,-0.46,225.95,0.04,0.0,0.02,0.01,99695,1507,3,0.33,0.14,-0.05,0.0,49,52,83,0,3.09,0.0,0.0117,0.021,12.79,15.39,8.47
572.202,flow_only,21.7,52.1376276,21.1604125,91.76,52.1376289,21.1604184,29,0.51,0.136,255,0.0,-0.1673,-0.0945,-0.0275,2.998,1.398,-3.1,-0.86,224.87,0.04,0.0,0.0,0.02,99695,1507,3,0.33,0.14,-0.05,0.0,49,27,-87,0,3.08,0.0,0.0051,0.0095,14.69,14.9,9.04
572.302,flow_only,21.8,52.1376275,21.1604127,91.77,52.1376289,21.1604184,29,0.51,0.136,255,0.0,0.0,-0.1038,0.0196,3.004,1.404,-3.62,-0.93,222.21,0.04,0.0,0.04,0.02,99695,1507,3,0.33,0.14,-0.05,0.0,49,39,-3,0,3.1,0.0,0.006,0.0167,14.09,15.76,8.5
572.402,flow_only,21.9,52.1376274,21.160413,91.77,52.1376289,21.1604184,29,0.51,0.136,255,-0.1673,0.0,-0.0631,-0.0599,2.994,1.408,-3.92,-1.37,217.97,0.04,0.0,0.0,0.01,99695,1507,3,0.33,0.14,-0.05,0.0,49,-3,7,0,3.1,0.02,0.0036,0.0103,22.07,19.95,11.27
572.502,flow_only,22.0,52.1376272,21.1604134,91.78,52.1376287,21.1604186,29,0.51,0.209,255,0.0,0.0,-0.0573,-0.0678,3.008,1.411,-4.03,-2.13,212.57,0.04,0.0,0.0,0.02,99695,1507,3,0.33,0.1,-0.05,0.0,49,-76,55,0,3.1,0.02,0.0083,0.0144,23.01,24.63,11.91
572.602,flow_only,22.1,52.137627,21.1604137,91.78,52.1376283,21.160419,29,0.51,0.256,255,0.0,0.0,-0.0977,-0.0436,3.012,1.41,-4.17,-2.81,206.31,0.04,0.0,0.01,0.05,99695,1507,3,0.33,0.1,-0.05,0.0,49,95,-154,0,3.09,0.01,0.0036,0.0092,25.95,28.45,12.85
572.702,flow_only,22.2,52.1376267,21.1604143,91.78,52.1376283,21.160419,29,0.51,0.256,255,0.0,0.0,-0.122,-0.0201,3.004,1.411,-4.4,-3.43,199.4,0.04,0.0,0.01,0.09,99695,1507,3,0.33,0.1,-0.05,0.0,49,634,-20,0,3.09,0.0,0.0487,0.0883,26.08,27.53,15.29
572.802,flow_only,22.3,52.1376263,21.1604152,91.77,52.1376278,21.1604195,28,0.56,0.398,255,0.8363,-0.3345,-0.0469,-0.0451,2.992,1.409,-4.29,-4.21,192.11,0.04,0.0,0.0,0.08,99695,1507,3,0.33,0.1,-0.05,0.0,49,14,-1037,0,3.08,0.0,0.0292,0.0561,25.18,25.0,13.01
572.902,flow_only,22.4,52.1376259,21.1604163,91.77,52.1376278,21.1604195,28,0.56,0.398,255,0.3346,-0.3346,-0.0233,-0.0342,2.992,1.409,-3.65,-4.93,184.38,0.04,0.0,0.01,0.08,99695,1507,3,0.33,0.1,-0.05,0.0,49,-81,-59,0,3.09,0.02,0.0376,0.0733,21.53,21.95,12.71
573.003,flow_only,22.501,52.1376254,21.1604177,91.78,52.1376269,21.1604203,29,0.56,0.633,255,0.1674,0.3347,-0.0021,-0.0404,2.99,1.411,-3.03,-5.61,176.64,0.04,0.0,0.01,0.05,99695,1507,3,0.33,0.12,-0.05,0.0,49,-218,-90,0,3.09,0.02,0.0423,0.0838,20.19,21.29,11.69
573.103,flow_only,22.601,52.1376248,21.160419,91.78,52.1376269,21.1604203,29,0.56,0.633,255,0.3347,0.1673,0.163,0.0172,3.0,1.411,-1.56,-5.97,169.09,0.04,0.0,0.01,0.07,99695,1507,3,0.33,0.12,-0.05,0.0,49,-22,-33,0,3.08,0.01,0.0436,0.0857,20.52,18.28,11.19
573.202,flow_only,22.7,52.137624,21.1604203,91.77,52.1376259,21.1604212,29,0.56,0.678,255,0.1673,0.3345,0.1672,0.0384,2.978,1.408,0.19,-5.91,161.71,0.04,0.0,0.02,0.08,99695,1507,3,0.33,0.13,-0.05,0.0,49,-229,-88,0,3.07,0.0,0.0181,0.0369,16.87,17.21,9.83
573.302,flow_only,22.8,52.1376234,21.1604213,91.78,52.1376259,21.1604212,29,0.56,0.678,255,0.1673,0.1673,0.0314,0.1277,2.978,1.411,1.35,-5.33,154.63,0.04,0.0,0.03,0.07,99695,1507,3,0.33,0.13,-0.05,0.0,49,31,185,0,3.09,0.03,0.0094,0.0149,15.56,15.55,9.25
573.403,flow_only,22.901,52.1376223,21.1604225,91.78,52.1376259,21.1604212,29,0.56,0.678,255,0.3345,0.8363,-0.0304,0.1441,2.982,1.415,1.96,-4.4,147.86,0.04,0.0,0.01,0.07,99695,1507,3,0.33,0.13,-0.05,0.0,49,1,53,0,3.09,0.03,0.0461,0.0878,16.15,14.07,8.5
573.503,flow_only,23.001,52.1376212,21.1604236,91.78,52.1376243,21.1604224,29,0.51,1.024,255,-0.1673,1.0039,-0.0958,0.2371,2.984,1.418,1.95,-3.06,141.43,0.04,0.0,0.0,0.06,99695,1507,3,0.33,0.13,-0.05,0.0,49,-16,-37,0,3.09,0.03,0.0337,0.0647,15.08,13.26,7.59
573.602,flow_only,23.1,52.1376201,21.1604246,91.79,52.1376224,21.160424,29,0.51,1.066,255,-0.1673,0.5019,-0.168,0.1835,2.974,1.427,1.39,-1.7,135.87,0.04,0.0,0.05,0.08,99695,1507,3,0.33,0.11,-0.05,0.0,49,-85,234,0,3.12,0.05,0.0343,0.0677,14.37,13.19,7.69
573.702,flow_only,23.2,52.1376191,21.1604256,91.8,52.1376224,21.160424,29,0.51,1.066,255,0.0,0.3347,-0.1395,0.0094,2.978,1.44,0.73,-1.35,131.94,0.04,0.0,0.04,0.06,99695,1507,3,0.33,0.11,-0.05,0.0,49,-9,64,0,3.13,0.07,0.0246,0.0522,15.64,15.04,8.64
573.803,flow_only,23.3,52.1376181,21.1604267,91.82,52.1376204,21.1604256,29,0.51,1.174,255,-0.3348,0.3348,-0.1007,0.0351,2.974,1.456,0.05,-1.2,129.86,0.04,0.0,0.04,0.08,99695,1507,3,0.33,0.11,-0.05,0.0,49,18,-62,0,3.15,0.1,0.0089,0.0285,17.47,19.01,9.08
573.903,flow_only,23.401,52.1376171,21.1604277,91.84,52.1376204,21.1604256,29,0.51,1.174,255,0.0,0.1673,-0.0123,0.0422,2.974,1.473,-0.13,-0.93,129.28,0.04,0.0,0.03,0.1,99695,1507,3,0.33,0.11,-0.05,0.0,49,-32,-86,0,3.17,0.11,0.0195,0.0427,16.35,18.02,9.35
574.003,flow_only,23.501,52.1376161,21.1604287,91.85,52.1376184,21.1604274,29,0.51,1.065,255,-0.1673,0.1673,0.0205,-0.0383,2.97,1.49,0.01,-0.96,129.62,0.04,0.0,0.03,0.1,99695,1507,3,0.33,0.11,-0.05,0.0,49,-98,-203,0,3.18,0.12,0.0281,0.0565,14.53,17.22,8.98
574.103,flow_only,23.601,52.1376152,21.1604295,91.87,52.1376184,21.1604274,29,0.51,1.065,255,-0.1673,0.5019,-0.0247,-0.028,2.964,1.504,-0.07,-1.16,130.55,0.04,0.0,0.01,0.08,99695,1507,3,0.33,0.11,-0.05,0.0,49,-48,10,0,3.19,0.13,0.0249,0.0492,14.19,16.21,8.54
574.202,flow_only,23.7,52.1376143,21.1604303,91.89,52.1376166,21.1604291,29,0.51,1.059,255,-0.1673,0.1673,-0.0318,0.0106,2.945,1.52,-0.34,-1.08,131.91,0.04,0.0,0.05,0.06,99695,1507,3,0.32,0.12,-0.05,0.0,49,-32,-189,0,3.21,0.16,0.0337,0.0674,13.55,16.36,8.83
574.302,flow_only,23.8,52.1376135,21.1604311,91.9,52.1376166,21.1604291,29,0.51,1.059,255,-0.1673,0.1673,0.011,-0.0157,2.946,1.536,-0.3,-1.02,133.6,0.04,0.0,0.01,0.1,99695,1507,3,0.32,0.12,-0.05,0.0,49,-69,-213,0,3.21,0.17,0.0352,0.0688,14.5,17.55,9.43
574.402,flow_only,23.9,52.1376126,21.1604317,91.91,52.1376166,21.1604291,29,0.51,1.059,255,-0.1673,0.3346,-0.0125,-0.0675,2.968,1.549,-0.27,-1.3,135.35,0.04,0.0,0.01,0.08,99695,1507,3,0.32,0.12,-0.05,0.0,49,-123,27,0,3.22,0.19,0.0344,0.0673,15.22,17.33,9.04
574.502,flow_only,24.0,52.1376118,21.1604325,91.92,52.137615,21.1604308,29,0.51,1.006,255,-0.1673,0.3346,-0.0327,-0.0785,2.958,1.556,-0.37,-1.68,136.99,0.04,0.0,0.01,0.07,99695,1507,3,0.32,0.11,-0.05,0.0,49,44,52,0,3.21,0.15,0.0125,0.0297,15.37,18.43,9.57
574.602,flow_only,24.1,52.137611,21.1604334,91.93,52.1376135,21.1604327,29,0.51,0.929,255,0.0,0.1673,-0.0384,-0.0719,2.958,1.565,-0.67,-2.02,138.41,0.04,0.0,0.03,0.07,99695,1507,3,0.32,0.1,-0.05,0.0,49,-93,36,0,3.22,0.16,0.0141,0.0326,15.05,17.6,9.09
574.702,flow_only,24.2,52.1376102,21.1604342,91.94,52.1376135,21.1604327,29,0.51,0.929,255,0.0,0.5021,-0.0057,-0.0453,2.956,1.578,-0.79,-2.26,139.58,0.04,0.0,0.04,0.07,99695,1507,3,0.32,0.1,-0.05,0.0,49,36,-135,0,3.23,0.19,0.0295,0.0587,14.41,15.45,9.1
574.802,flow_only,24.3,52.1376095,21.1604351,91.96,52.1376118,21.1604347,29,0.51,1.148,255,0.0,0.1673,0.0105,-0.0627,2.952,1.591,-0.77,-2.54,140.49,0.04,0.0,0.02,0.07,99695,1507,3,0.32,0.1,-0.05,0.0,49,-9,34,0,3.24,0.19,0.0049,0.02,14.36,16.1,8.79
574.903,flow_only,24.4,52.1376087,21.1604361,91.97,52.1376118,21.1604347,29,0.51,1.148,255,0.0,0.1673,0.043,-0.0498,2.948,1.604,-0.62,-2.83,141.14,0.04,0.0,0.01,0.04,99695,1507,3,0.32,0.1,-0.05,0.0,49,-38,34,0,3.24,0.21,0.01,0.0251,15.46,15.18,7.72
575.003,flow_only,24.501,52.1376079,21.1604372,91.98,52.1376103,21.1604368,29,0.51,1.028,255,0.1673,0.669,0.0471,-0.0399,2.96,1.613,-0.32,-3.06,141.53,0.04,0.0,0.0,0.05,99695,1507,3,0.32,0.09,-0.05,0.0,49,-100,13,0,3.24,0.2,0.0039,0.0121,15.16,13.74,8.12
575.103,flow_only,24.601,52.1376072,21.1604384,91.99,52.1376103,21.1604368,29,0.51,1.028,255,0.0,0.1673,0.0238,-0.0392,2.972,1.62,-0.04,-3.27,141.68,0.04,0.0,0.0,0.06,99695,1507,3,0.32,0.09,-0.05,0.0,49,86,2,0,3.24,0.19,0.0232,0.042,15.41,16.26,8.91
575.202,flow_only,24.7,52.1376064,21.1604396,91.99,52.1376087,21.1604389,29,0.51,1.094,255,0.0,0.1673,0.0317,-0.0393,2.946,1.628,0.09,-3.41,141.61,0.04,0.0,0.02,0.05,99695,1507,3,0.32,0.08,-0.05,0.0,49,-69,167,0,3.25,0.2,0.0064,0.0106,15.75,16.34,8.19
575.302,flow_only,24.8,52.1376056,21.1604409,92.01,52.1376087,21.1604389,29,0.51,1.094,255,0.0,0.5018,0.0496,-0.0249,2.936,1.64,0.34,-3.59,141.39,0.04,0.0,0.05,0.05,99695,1507,3,0.32,0.08,-0.05,0.0,49,-94,332,0,3.26,0.23,0.0159,0.0264,15.41,16.06,7.52
575.402,flow_only,24.9,52.1376047,21.1604423,92.02,52.1376087,21.1604389,29,0.51,1.094,255,0.0,0.3346,-0.0032,0.06,2.93,1.657,0.42,-3.49,141.1,0.04,0.0,0.05,0.02,99695,1507,3,0.32,0.08,-0.05,0.0,49,96,-51,0,3.28,0.23,0.0095,0.0252,15.4,15.44,8.45
575.502,flow_only,25.0,52.1376038,21.1604437,92.04,52.1376069,21.1604413,29,0.51,1.099,255,0.1673,0.502,-0.0014,0.0676,2.92,1.677,0.42,-3.1,140.79,0.04,0.0,0.05,0.03,99695,1507,3,0.32,0.08,-0.05,0.0,49,-39,-145,0,3.3,0.29,0.0074,0.0272,15.55,14.84,8.04
575.602,flow_only,25.1,52.1376027,21.1604452,92.06,52.137605,21.1604439,29,0.51,1.252,255,0.0,0.6693,0.0001,0.0817,2.93,1.697,0.47,-2.7,140.49,0.04,0.0,0.02,0.03,99695,1507,3,0.31,0.08,-0.05,0.0,49,-54,23,0,3.31,0.29,0.019,0.0377,16.06,15.37,8.16
575.702,flow_only,25.2,52.1376017,21.1604465,92.08,52.137605,21.1604439,29,0.51,1.252,255,0.0,0.502,-0.0065,0.0945,2.932,1.711,0.48,-2.24,140.22,0.04,0.0,0.0,0.04,99695,1507,3,0.31,0.08,-0.05,0.0,49,-23,174,0,3.31,0.3,0.0166,0.0296,15.56,16.52,9.43
575.802,flow_only,25.3,52.1376007,21.1604479,92.08,52.137603,21.1604466,29,0.51,1.279,255,0.0,0.3347,-0.0185,0.0597,2.936,1.717,0.35,-1.82,140.06,0.04,0.0,0.04,0.05,99695,1507,3,0.31,0.08,-0.05,0.0,49,-14,167,0,3.29,0.27,0.0233,0.0434,16.18,16.96,8.52
575.903,flow_only,25.401,52.1375997,21.1604493,92.09,52.137603,21.1604466,29,0.51,1.279,255,0.0,0.3347,-0.0096,0.0399,2.928,1.72,0.28,-1.6,139.98,0.04,0.0,0.0,0.05,99695,1507,3,0.31,0.08,-0.05,0.0,49,3,-139,0,3.28,0.27,0.0129,0.0255,17.12,15.78,8.13
576.003,flow_only,25.501,52.1375987,21.1604507,92.09,52.1376011,21.1604492,29,0.51,1.246,255,0.0,0.3346,0.0117,0.0122,2.942,1.723,0.37,-1.44,139.92,0.04,0.0,0.0,0.05,99695,1507,3,0.31,0.08,-0.05,0.0,49,-52,-122,0,3.28,0.26,0.01,0.0246,17.99,16.74,7.95
576.103,flow_only,25.601,52.1375977,21.160452,92.09,52.1376011,21.1604492,29,0.51,1.246,255,0.0,0.6692,-0.0042,-0.0096,2.934,1.728,0.4,-1.47,139.91,0.04,0.0,0.03,0.04,99695,1507,3,0.31,0.08,-0.05,0.0,49,-36,-101,0,3.28,0.26,0.0094,0.0189,17.95,15.22,7.6
576.202,flow_only,25.7,52.1375967,21.1604533,92.1,52.1375991,21.1604519,29,0.51,1.295,255,0.1673,0.6694,-0.013,-0.0066,2.908,1.735,0.37,-1.5,139.94,0.04,0.0,0.01,0.05,99695,1507,3,0.31,0.08,-0.05,0.0,49,-4,-90,0,3.29,0.27,0.0089,0.0166,17.73,14.48,7.25
576.302,flow_only,25.8,52.1375957,21.1604547,92.11,52.1375991,21.1604519,29,0.51,1.295,255,-0.1673,0.3346,-0.029,0.0039,2.914,1.741,0.28,-1.48,139.97,0.04,0.0,0.0,0.04,99695,1507,3,0.31,0.08,-0.05,0.0,49,-7,-257,0,3.28,0.29,0.013,0.0248,18.18,13.99,7.98
576.403,flow_only,25.901,52.1375947,21.160456,92.11,52.1375991,21.1604519,29,0.51,1.295,255,-0.1674,0.3347,-0.0022,-0.0173,2.91,1.746,0.14,-1.5,140.0,0.04,0.0,0.0,0.04,99695,1507,3,0.31,0.08,-0.05,0.0,49,-8,-285,0,3.27,0.28,0.0188,0.0348,17.64,14.64,8.42
576.502,flow_only,26.0,52.1375939,21.1604572,92.11,52.1375972,21.1604547,29,0.51,1.323,255,0.0,0.3346,-0.0146,-0.0294,2.926,1.748,0.09,-1.64,139.93,0.04,0.0,0.01,0.06,99695,1507,3,0.31,0.08,-0.05,0.0,49,-8,262,0,3.26,0.27,0.0099,0.0262,15.96,18.29,8.88
576.602,flow_only,26.1,52.1375929,21.1604586,92.12,52.1375953,21.1604573,29,0.51,1.222,255,0.0,0.1673,0.0188,-0.0599,2.918,1.751,0.1,-2.04,139.84,0.04,0.0,0.0,0.05,99695,1507,3,0.3,0.08,-0.05,0.0,49,159,329,0,3.26,0.26,0.0232,0.0399,15.6,17.52,8.51
576.702,flow_only,26.2,52.1375921,21.16046,92.12,52.1375953,21.1604573,29,0.51,1.222,255,0.0,0.6691,0.0225,-0.0504,2.915,1.756,0.27,-2.34,139.74,0.04,0.0,0.01,0.05,99695,1507,3,0.3,0.08,-0.05,0.0,49,-54,-207,0,3.26,0.26,0.0238,0.0453,16.04,17.43,9.01
576.802,flow_only,26.3,52.1375912,21.1604613,92.13,52.1375934,21.1604599,29,0.51,1.26,255,0.0,0.6692,0.0102,-0.0023,2.902,1.763,0.4,-2.4,139.54,0.04,0.0,0.01,0.05,99695,1507,3,0.3,0.08,-0.05,0.0,49,-51,-263,0,3.27,0.26,0.0185,0.0349,16.56,15.93,8.45
576.902,flow_only,26.4,52.1375902,21.1604626,92.14,52.1375934,21.1604599,29,0.51,1.26,255,0.0,0.3346,0.0049,-0.0153,2.906,1.771,0.42,-2.46,139.38,0.04,0.0,0.0,0.05,99695,1507,3,0.3,0.08,-0.05,0.0,49,-16,-87,0,3.27,0.29,0.0054,0.0136,15.2,15.6,8.25
577.002,flow_only,26.5,52.1375892,21.1604639,92.14,52.1375916,21.1604626,29,0.51,1.313,255,0.0,0.3346,-0.0192,0.032,2.908,1.778,0.43,-2.38,139.24,0.04,0.0,0.0,0.06,99695,1507,3,0.3,0.08,-0.05,0.0,49,-20,55,0,3.27,0.28,0.008,0.0186,15.05,14.72,8.27
577.102,flow_only,26.6,52.1375883,21.1604652,92.15,52.1375916,21.1604626,29,0.51,1.313,255,0.0,0.3346,-0.0237,0.016,2.914,1.787,0.27,-2.21,139.16,0.04,0.0,0.02,0.04,99695,1507,3,0.3,0.08,-0.05,0.0,49,20,41,0,3.28,0.29,0.0124,0.024,14.16,16.88,8.92
577.202,flow_only,26.7,52.1375874,21.1604665,92.16,52.1375898,21.1604652,29,0.51,1.252,255,0.0,0.3346,-0.0147,0.0061,2.92,1.798,0.22,-2.14,139.12,0.04,0.0,0.01,0.06,99695,1507,3,0.3,0.08,-0.05,0.0,49,-21,-108,0,3.28,0.29,0.0186,0.0353,14.77,17.1,8.75
577.302,flow_only,26.8,52.1375865,21.1604678,92.17,52.1375898,21.1604652,29,0.51,1.252,255,0.0,0.6692,0.0232,-0.0466,2.912,1.808,0.28,-2.28,139.13,0.04,0.0,0.0,0.04,99695,1507,3,0.3,0.08,-0.05,0.0,49,-17,245,0,3.28,0.27,0.0017,0.0077,15.08,18.57,9.46
577.402,flow_only,26.9,52.1375855,21.1604692,92.18,52.1375898,21.1604652,29,0.51,1.252,255,0.0,0.6692,0.0204,-0.0012,2.906,1.816,0.42,-2.45,139.21,0.04,0.0,0.0,0.05,99695,1507,3,0.3,0.08,-0.05,0.0,49,-41,283,0,3.28,0.27,0.0181,0.0321,13.32,19.35,10.2
577.502,flow_only,27.0,52.1375846,21.1604706,92.19,52.1375878,21.160468,29,0.51,1.246,255,0.0,0.3347,0.0215,0.036,2.898,1.827,0.57,-2.28,139.36,0.04,0.0,0.03,0.03,99695,1507,3,0.3,0.08,-0.05,0.0,49,-49,-126,0,3.29,0.3,0.0087,0.0158,14.3,16.52,8.89
577.602,flow_only,27.1,52.1375837,21.1604719,92.2,52.1375859,21.1604708,29,0.51,1.316,255,0.0,0.3346,0.0338,0.0213,2.894,1.838,0.79,-2.11,139.45,0.04,0.0,0.01,0.05,99695,1507,3,0.29,0.07,-0.05,0.0,49,-72,-141,0,3.29,0.31,0.0279,0.0509,15.23,16.29,8.56
577.702,flow_only,27.2,52.1375828,21.1604732,92.21,52.1375859,21.1604708,29,0.51,1.316,255,0.0,0.3345,0.0033,-0.0309,2.898,1.847,0.84,-2.17,139.55,0.04,0.0,0.01,0.05,99695,1507,3,0.29,0.07,-0.05,0.0,49,-15,-105,0,3.28,0.31,0.0148,0.0295,14.18,17.52,8.83
577.802,flow_only,27.3,52.1375819,21.1604746,92.22,52.137584,21.1604737,29,0.51,1.324,255,0.0,0.1673,0.0035,-0.0427,2.914,1.854,0.85,-2.44,139.61,0.04,0.0,0.0,0.05,99695,1507,3,0.29,0.07,-0.05,0.0,49,150,-206,0,3.28,0.3,0.0386,0.0741,14.91,17.58,8.24
577.902,flow_only,27.4,52.1375812,21.1604758,92.22,52.137584,21.1604737,29,0.51,1.324,255,0.0,0.6691,-0.0185,-0.0599,2.898,1.86,0.81,-2.66,139.52,0.04,0.0,0.01,0.05,99695,1507,3,0.29,0.07,-0.05,0.0,49,-22,100,0,3.27,0.28,0.032,0.0646,15.06,15.38,7.92
578.002,flow_only,27.5,52.1375805,21.1604771,92.23,52.1375821,21.1604765,29,0.51,1.34,255,0.0,0.5019,0.0065,-0.0621,2.918,1.865,0.76,-3.02,139.41,0.04,0.0,0.0,0.04,99695,1507,3,0.29,0.07,-0.05,0.0,49,-8,-197,0,3.27,0.28,0.0424,0.0844,13.69,16.89,8.57
578.102,flow_only,27.6,52.1375798,21.1604782,92.24,52.1375821,21.1604765,29,0.51,1.34,255,0.0,0.3347,0.0111,-0.0054,2.906,1.872,0.9,-3.17,139.41,0.04,0.0,0.01,0.06,99695,1507,3,0.29,0.07,-0.05,0.0,49,-51,-62,0,3.28,0.28,0.05,0.098,14.94,16.58,8.49
578.202,flow_only,27.7,52.137579,21.1604793,92.24,52.1375802,21.1604793,29,0.51,1.372,255,0.0,0.3347,0.0334,-0.073,2.91,1.878,1.12,-3.38,139.5,0.04,0.0,0.01,0.04,99695,1507,3,0.29,0.07,-0.05,0.0,49,-36,242,0,3.27,0.28,0.0132,0.0328,16.23,15.25,8.19
578.302,flow_only,27.8,52.1375781,21.1604804,92.25,52.1375802,21.1604793,29,0.51,1.372,255,0.0,0.3347,-0.003,-0.0879,2.9,1.883,1.14,-3.89,139.59,0.04,0.0,0.0,0.04,99695,1507,3,0.29,0.07,-0.05,0.0,49,-32,-186,0,3.27,0.28,0.0257,0.0544,16.45,17.96,8.26
578.402,flow_only,27.9,52.1375774,21.1604814,92.25,52.1375782,21.1604821,29,0.51,1.381,255,0.0,0.3346,-0.0539,-0.0334,2.892,1.888,0.94,-4.19,139.66,0.04,0.0,0.0,0.03,99695,1507,3,0.29,0.07,-0.05,0.0,49,5,-213,0,3.27,0.28,0.0436,0.0883,15.6,19.36,9.45
578.502,flow_only,28.0,52.1375766,21.1604826,92.26,52.1375782,21.1604821,29,0.51,1.381,255,-0.1673,0.502,-0.045,-0.0574,2.886,1.893,0.69,-4.44,139.68,0.04,0.0,0.0,0.04,99695,1507,3,0.29,0.07,-0.05,0.0,49,43,-241,0,3.27,0.3,0.0405,0.0838,15.52,18.55,9.5
578.602,flow_only,28.1,52.1375759,21.1604838,92.26,52.1375762,21.160485,29,0.51,1.47,255,0.0,0.6695,-0.0143,-0.0161,2.902,1.897,0.47,-4.66,139.71,0.04,0.0,0.02,0.04,99695,1507,3,0.29,0.07,-0.05,0.0,49,35,-56,0,3.26,0.29,0.0344,0.0743,16.97,18.66,9.71
578.702,flow_only,28.2,52.137575,21.160485,92.26,52.1375762,21.160485,29,0.51,1.47,255,0.1673,0.5019,0.0355,-0.0057,2.886,1.898,0.58,-4.67,139.78,0.04,0.0,0.03,0.04,99695,1507,3,0.29,0.07,-0.05,0.0,49,-11,217,0,3.24,0.26,0.0127,0.0384,16.53,18.29,9.73
578.802,flow_only,28.3,52.1375741,21.1604865,92.26,52.137574,21.160488,29,0.51,1.62,255,0.0,0.5019,0.0468,0.0117,2.876,1.897,0.78,-4.69,139.91,0.04,0.0,0.01,0.04,99695,1507,3,0.28,0.06,-0.05,0.0,49,-44,26,0,3.24,0.25,0.0141,0.035,17.51,17.15,9.12
578.902,flow_only,28.4,52.1375731,21.160488,92.26,52.137574,21.160488,29,0.51,1.62,255,0.0,0.5018,0.074,0.0531,2.872,1.899,1.11,-4.46,139.97,0.04,0.0,0.0,0.05,99695,1507,3,0.28,0.06,-0.05,0.0,49,-69,-33,0,3.24,0.28,0.005,0.0181,17.24,16.14,9.1
579.002,flow_only,28.5,52.1375719,21.1604896,92.27,52.1375716,21.1604912,29,0.51,1.68,255,0.0,0.3346,-0.0079,0.0713,2.857,1.904,1.24,-4.11,139.94,0.04,0.0,0.0,0.04,99695,1507,3,0.28,0.06,-0.05,0.0,49,-27,-81,0,3.24,0.28,0.0348,0.0659,17.36,15.39,8.9
579.102,flow_only,28.6,52.1375706,21.1604915,92.27,52.1375716,21.1604912,29,0.51,1.68,255,0.0,1.0041,-0.0257,0.1374,2.862,1.908,1.08,-3.49,139.89,0.04,0.0,0.01,0.03,99695,1507,3,0.28,0.06,-0.05,0.0,49,24,-162,0,3.23,0.29,0.0473,0.092,17.57,19.43,9.95
579.202,flow_only,28.7,52.1375693,21.1604934,92.28,52.1375691,21.1604945,29,0.51,1.772,255,0.0,1.1714,-0.0252,0.2091,2.868,1.915,0.92,-2.43,139.86,0.04,0.0,0.01,0.03,99695,1507,3,0.28,0.06,-0.05,0.0,49,-149,266,0,3.24,0.3,0.0401,0.0824,18.24,19.53,9.97
579.302,flow_only,28.8,52.137568,21.1604952,92.29,52.1375691,21.1604945,29,0.51,1.772,255,0.0,0.5019,0.0287,0.1479,2.892,1.924,1.08,-1.42,139.82,0.04,0.0,0.0,0.04,99695,1507,3,0.28,0.06,-0.05,0.0,49,0,-257,0,3.24,0.29,0.0089,0.0242,17.35,20.06,9.1
579.402,flow_only,28.9,52.1375666,21.1604969,92.3,52.1375691,21.1604945,29,0.51,1.772,255,0.0,0.5019,-0.0164,0.0511,2.878,1.935,1.13,-0.89,139.75,0.04,0.0,0.0,0.06,99695,1507,3,0.28,0.06,-0.05,0.0,49,-25,-189,0,3.24,0.28,0.0222,0.0509,16.73,18.95,9.44
579.502,flow_only,29.0,52.1375653,21.1604986,92.32,52.1375666,21.1604979,29,0.51,1.719,255,-0.1674,0.5021,-0.0572,0.043,2.878,1.95,0.92,-0.57,139.64,0.04,0.0,0.04,0.03,99695,1507,3,0.28,0.06,-0.05,0.0,49,-147,402,0,3.26,0.3,0.0434,0.0936,17.5,17.26,9.31
579.602,flow_only,29.1,52.1375638,21.1605002,92.33,52.1375642,21.1605011,29,0.51,1.658,255,0.0,0.5021,-0.0631,0.0639,2.862,1.969,0.58,-0.28,139.58,0.04,0.0,0.02,0.05,99695,1507,3,0.28,0.06,-0.05,0.0,49,-260,254,0,3.28,0.31,0.0508,0.1099,18.82,18.29,9.06
579.702,flow_only,29.2,52.1375624,21.1605015,92.36,52.1375642,21.1605011,29,0.51,1.658,255,-0.1673,0.8365,-0.0748,0.0735,2.886,1.991,0.22,0.17,139.51,0.04,0.0,0.04,0.04,99695,1507,3,0.28,0.06,-0.05,0.0,49,-91,-106,0,3.3,0.31,0.0296,0.0649,17.63,16.62,8.9
579.802,flow_only,29.3,52.137561,21.1605028,92.38,52.1375619,21.160504,29,0.51,1.568,255,-0.1673,0.8365,-0.0752,0.0062,2.894,2.01,-0.18,0.4,139.44,0.04,0.0,0.0,0.07,99695,1507,3,0.28,0.06,-0.05,0.0,49,100,-241,0,3.3,0.34,0.0146,0.0339,16.98,17.14,9.36
579.902,flow_only,29.4,52.1375597,21.1605042,92.39,52.1375619,21.160504,29,0.51,1.568,255,-0.1673,0.3346,-0.0887,-0.0172,2.882,2.024,-0.69,0.37,139.36,0.04,0.0,0.01,0.06,99695,1507,3,0.28,0.06,-0.05,0.0,49,105,-189,0,3.29,0.33,0.0075,0.0224,17.03,16.82,9.24
580.002,flow_only,29.5,52.1375586,21.1605056,92.4,52.1375596,21.1605069,29,0.51,1.506,255,-0.1673,0.3346,-0.0287,0.0053,2.908,2.037,-1.01,0.37,139.29,0.04,0.0,0.01,0.08,99695,1507,3,0.28,0.06,-0.05,0.0,49,80,189,0,3.3,0.32,0.0177,0.0329,16.46,17.28,9.26
580.102,flow_only,29.6,52.1375576,21.1605071,92.42,52.1375596,21.1605069,29,0.51,1.506,255,0.0,0.3347,0.0238,-0.0449,2.894,2.052,-1.01,0.26,139.29,0.04,0.0,0.02,0.08,99695,1507,3,0.28,0.06,-0.05,0.0,49,0,220,0,3.31,0.33,0.0308,0.0607,16.99,18.66,8.76
580.202,flow_only,29.7,52.1375565,21.1605087,92.43,52.1375576,21.1605096,29,0.51,1.371,255,0.1673,0.3345,0.0871,-0.0289,2.872,2.064,-0.66,-0.01,139.32,0.04,0.0,0.0,0.06,99695,1507,3,0.27,0.06,-0.05,0.0,49,-76,-73,0,3.31,0.33,0.0061,0.0148,16.86,18.2,8.84
580.302,flow_only,29.8,52.1375554,21.1605101,92.44,52.1375576,21.1605096,29,0.51,1.371,255,0.1673,0.6692,0.0804,-0.0009,2.91,2.072,-0.15,-0.03,139.41,0.04,0.0,0.02,0.06,99695,1507,3,0.27,0.06,-0.05,0.0,49,-79,224,0,3.29,0.33,0.0215,0.0457,17.83,17.16,8.56
580.402,flow_only,29.9,52.1375543,21.1605115,92.44,52.1375576,21.1605096,29,0.51,1.371,255,0.1673,0.6693,0.0293,-0.0245,2.904,2.076,0.16,-0.11,139.5,0.04,0.0,0.01,0.06,99695,1507,3,0.27,0.06,-0.05,0.0,49,86,210,0,3.29,0.31,0.0221,0.0464,16.19,17.33,8.94
580.502,flow_only,30.0,52.1375532,21.1605129,92.44,52.1375557,21.1605123,29,0.51,1.357,255,0.0,0.3347,-0.0298,-0.0452,2.908,2.079,0.17,-0.34,139.61,0.04,0.0,0.01,0.06,99695,1507,3,0.27,0.06,-0.05,0.0,49,-43,-76,0,3.28,0.29,0.0061,0.0198,17.21,18.88,9.91
580.602,flow_only,30.1,52.1375523,21.1605142,92.44,52.1375539,21.1605151,29,0.51,1.321,255,0.0,0.1673,-0.0001,-0.0728,2.904,2.08,0.13,-0.64,139.74,0.04,0.0,0.02,0.06,99695,1507,3,0.27,0.06,-0.05,0.0,49,8,-52,0,3.27,0.28,0.0084,0.0248,17.28,20.92,10.59
580.702,flow_only,30.2,52.1375514,21.1605154,92.44,52.1375539,21.1605151,29,0.51,1.321,255,0.0,0.1673,-0.0291,-0.0917,2.872,2.076,0.05,-1.06,139.82,0.04,0.0,0.04,0.06,99695,1507,3,0.27,0.06,-0.05,0.0,49,-15,-202,0,3.25,0.26,0.015,0.0418,17.43,19.38,10.0
580.802,flow_only,30.3,52.1375506,21.1605166,92.44,52.1375521,21.1605178,29,0.51,1.29,255,0.0,0.1673,-0.0116,-0.0672,2.876,2.072,-0.05,-1.45,139.83,0.04,0.0,0.0,0.07,99695,1507,3,0.27,0.06,-0.05,0.0,49,-163,163,0,3.25,0.26,0.0135,0.0349,17.03,17.43,10.01
580.902,flow_only,30.4,52.1375497,21.1605177,92.43,52.1375521,21.1605178,29,0.51,1.29,255,0.0,0.5019,-0.0194,-0.0557,2.85,2.069,-0.1,-1.76,139.89,0.04,0.0,0.04,0.04,99695,1507,3,0.27,0.06,-0.05,0.0,49,-10,138,0,3.22,0.27,0.0108,0.0385,16.28,16.26,8.8
581.002,flow_only,30.5,52.1375488,21.1605188,92.43,52.1375505,21.1605204,29,0.51,1.197,255,0.0,0.3347,-0.0112,-0.0595,2.866,2.063,-0.17,-2.03,140.02,0.04,0.0,0.02,0.06,99695,1507,3,0.27,0.06,-0.05,0.0,49,3,-200,0,3.21,0.27,0.0249,0.0599,16.08,16.43,9.06
581.102,flow_only,30.6,52.137548,21.1605201,92.42,52.1375505,21.1605204,29,0.51,1.197,255,0.1674,0.3347,-0.0153,-0.0846,2.866,2.057,-0.18,-2.41,140.11,0.04,0.0,0.05,0.05,99695,1507,3,0.27,0.06,-0.05,0.0,49,132,-24,0,3.19,0.27,0.0257,0.0609,15.62,16.56,9.15
581.202,flow_only,30.7,52.1375472,21.1605216,92.41,52.1375488,21.160523,29,0.51,1.279,255,0.0,0.3346,0.0206,-0.0719,2.87,2.048,-0.07,-2.87,140.12,0.04,0.0,0.04,0.05,99695,1507,3,0.27,0.06,-0.05,0.0,49,-14,171,0,3.17,0.22,0.0255,0.0601,16.5,18.96,9.07
581.302,flow_only,30.8,52.1375463,21.1605231,92.41,52.1375488,21.160523,29,0.51,1.279,255,0.0,0.3346,0.0386,0.0293,2.872,2.04,0.17,-2.89,140.06,0.04,0.0,0.04,0.06,99695,1507,3,0.27,0.06,-0.05,0.0,49,-80,-206,0,3.16,0.22,0.0168,0.0544,15.85,18.7,9.81
581.402,flow_only,30.9,52.1375455,21.1605247,92.4,52.1375488,21.160523,29,0.51,1.279,255,0.0,0.5019,0.0645,0.0426,2.882,2.033,0.47,-2.58,140.02,0.04,0.0,0.02,0.05,99695,1507,3,0.27,0.06,-0.05,0.0,49,-79,-145,0,3.15,0.19,0.0214,0.0571,16.57,16.98,9.25
581.502,flow_only,31.0,52.1375447,21.1605263,92.39,52.1375471,21.1605258,29,0.51,1.294,255,0.0,0.3347,0.0919,0.0348,2.888,2.027,0.96,-2.36,140.01,0.04,0.0,0.05,0.04,99695,1507,3,0.27,0.06,-0.05,0.0,49,-124,-153,0,3.14,0.17,0.0122,0.0476,16.5,16.16,8.24
581.602,flow_only,31.1,52.1375438,21.1605277,92.39,52.1375455,21.1605286,29,0.51,1.342,255,0.1673,0.3346,0.0886,0.017,2.868,2.021,1.42,-2.23,140.03,0.04,0.0,0.03,0.04,99695,1507,3,0.27,0.06,-0.05,0.0,49,-106,207,0,3.13,0.16,0.0088,0.0383,15.73,17.87,8.87
581.702,flow_only,31.2,52.1375428,21.1605291,92.38,52.1375455,21.1605286,29,0.51,1.342,255,0.0,0.1673,0.0156,-0.0203,2.862,2.015,1.6,-2.38,140.03,0.04,0.0,0.03,0.04,99695,1507,3,0.27,0.06,-0.05,0.0,49,-62,246,0,3.12,0.17,0.0304,0.068,15.95,18.18,8.51
581.802,flow_only,31.3,52.1375417,21.1605304,92.38,52.1375437,21.1605314,29,0.51,1.353,255,-0.1673,0.6694,-0.0662,0.0104,2.868,2.011,1.36,-2.47,140.02,0.04,0.0,0.02,0.02,99695,1507,3,0.26,0.06,-0.05,0.0,49,27,-272,0,3.12,0.16,0.0175,0.0419,15.88,18.22,8.58
581.902,flow_only,31.4,52.1375407,21.1605316,92.38,52.1375437,21.1605314,29,0.51,1.353,255,-0.1672,0.8362,-0.1049,0.0575,2.88,2.011,0.74,-2.26,139.98,0.04,0.0,0.0,0.04,99695,1507,3,0.26,0.06,-0.05,0.0,49,120,-143,0,3.13,0.18,0.009,0.0235,15.39,18.23,9.17
582.002,flow_only,31.5,52.1375396,21.1605329,92.38,52.1375419,21.1605341,29,0.51,1.326,255,0.0,0.3347,-0.0836,0.0242,2.884,2.012,0.23,-2.07,140.04,0.04,0.0,0.02,0.04,99695,1507,3,0.26,0.06,-0.05,0.0,49,-77,0,0,3.12,0.16,0.0214,0.048,15.46,18.55,9.18
582.102,flow_only,31.6,52.1375384,21.1605342,92.38,52.1375419,21.1605341,29,0.51,1.326,255,-0.1673,0.3346,-0.0187,0.0191,2.882,2.017,-0.02,-1.94,140.15,0.04,0.0,0.01,0.05,99695,1507,3,0.26,0.06,-0.05,0.0,49,-108,179,0,3.14,0.17,0.0294,0.0618,15.24,18.28,9.47
582.202,flow_only,31.7,52.1375373,21.1605354,92.39,52.13754,21.1605368,29,0.51,1.347,255,0.0,0.3346,-0.0363,0.0161,2.894,2.022,-0.1,-1.81,140.22,0.04,0.0,0.04,0.06,99695,1507,3,0.26,0.06,-0.05,0.0,49,11,-169,0,3.13,0.16,0.0158,0.0342,15.49,17.61,9.2
582.302,flow_only,31.8,52.1375362,21.1605366,92.39,52.13754,21.1605368,29,0.51,1.347,255,0.0,0.3346,-0.0521,-0.0156,2.94,2.024,-0.39,-1.79,140.26,0.04,0.0,0.02,0.05,99695,1507,3,0.26,0.06,-0.05,0.0,49,34,-154,0,3.13,0.14,0.0063,0.0175,16.8,15.29,8.36
582.402,flow_only,31.9,52.1375352,21.1605379,92.39,52.13754,21.1605368,29,0.51,1.347,255,0.0,0.6694,-0.029,-0.0268,2.93,2.026,-0.61,-1.88,140.28,0.04,0.0,0.02,0.07,99695,1507,3,0.26,0.06,-0.05,0.0,49,-117,219,0,3.13,0.11,0.0072,0.0198,16.61,16.25,8.93
582.502,flow_only,32.0,52.1375341,21.1605391,92.39,52.1375382,21.1605394,29,0.51,1.3,255,0.0,0.3347,0.0031,-0.0154,2.932,2.027,-0.67,-1.98,140.31,0.04,0.0,0.02,0.05,99695,1507,3,0.26,0.06,-0.05,0.0,49,-156,216,0,3.13,0.11,0.0252,0.0539,16.48,17.85,8.53
582.602,flow_only,32.1,52.137533,21.1605403,92.39,52.1375364,21.1605421,29,0.51,1.376,255,0.0,0.3347,-0.0095,0.0248,2.928,2.028,-0.69,-1.88,140.35,0.04,0.0,0.02,0.05,99695,1507,3,0.26,0.06,-0.05,0.0,49,10,-150,0,3.13,0.11,0.0166,0.0342,16.04,18.85,9.84
582.702,flow_only,32.2,52.1375319,21.1605415,92.39,52.1375364,21.1605421,29,0.51,1.376,255,0.0,0.502,-0.0172,0.0192,2.928,2.024,-0.84,-1.72,140.42,0.04,0.0,0.06,0.05,99695,1507,3,0.26,0.06,-0.05,0.0,49,23,-176,0,3.11,0.09,0.0142,0.0373,17.07,15.56,9.06
582.802,flow_only,32.3,52.1375309,21.1605428,92.38,52.1375347,21.160545,29,0.51,1.369,255,0.0,0.3346,0.02,-0.0003,2.96,2.019,-0.87,-1.69,140.48,0.04,0.0,0.0,0.05,99695,1507,3,0.26,0.06,-0.05,0.0,49,192,-153,0,3.11,0.1,0.02,0.0391,16.79,17.94,8.24
582.902,flow_only,32.4,52.13753,21.1605442,92.38,52.1375347,21.160545,29,0.51,1.369,255,0.1673,0.1673,0.0508,-0.021,2.948,2.015,-0.75,-1.82,140.45,0.04,0.0,0.03,0.06,99695,1507,3,0.26,0.06,-0.05,0.0,49,-29,239,0,3.1,0.06,0.0087,0.0182,16.63,16.73,8.72
583.002,flow_only,32.5,52.1375292,21.1605456,92.38,52.137533,21.160548,29,0.51,1.36,255,0.1673,0.502,0.0723,-0.0623,2.92,2.011,-0.36,-2.13,140.38,0.04,0.0,0.01,0.06,99695,1507,3,0.26,0.06,-0.05,0.0,49,-96,104,0,3.1,0.05,0.0106,0.0251,16.46,17.51,9.17
583.102,flow_only,32.6,52.1375283,21.160547,92.37,52.137533,21.160548,29,0.51,1.36,255,0.1673,0.1673,0.0492,-0.0451,2.928,2.007,-0.03,-2.48,140.24,0.04,0.0,0.03,0.03,99695,1507,3,0.26,0.06,-0.05,0.0,49,82,-226,0,3.09,0.09,0.0373,0.0786,16.61,17.88,8.52
583.202,flow_only,32.7,52.1375276,21.1605484,92.37,52.1375313,21.1605511,29,0.51,1.399,255,0.0,0.3346,0.0298,-0.0449,2.952,2.004,0.12,-2.73,140.07,0.04,0.0,0.0,0.05,99695,1507,3,0.26,0.06,-0.05,0.0,49,100,74,0,3.1,0.09,0.0267,0.0582,15.68,17.8,9.27
583.302,flow_only,32.8,52.1375268,21.16055,92.37,52.1375313,21.1605511,29,0.51,1.399,255,0.1673,0.6691,0.0568,-0.0318,2.962,2.003,0.39,-2.94,139.96,0.04,0.0,0.01,0.04,99695,1507,3,0.26,0.06,-0.05,0.0,49,-100,243,0,3.09,0.07,0.0147,0.0307,17.29,16.73,8.73
583.402,flow_only,32.9,52.137526,21.1605515,92.37,52.1375313,21.1605511,29,0.51,1.399,255,0.0,0.3346,0.0536,-0.0076,2.98,2.003,0.72,-3.08,139.88,0.04,0.0,0.02,0.06,99695,1507,3,0.26,0.06,-0.05,0.0,49,-102,-118,0,3.09,0.05,0.015,0.0352,16.19,18.09,9.04
583.502,flow_only,33.0,52.1375251,21.1605532,92.37,52.1375296,21.1605542,29,0.51,1.4,255,0.1673,0.3347,0.0531,0.0013,2.96,2.001,1.04,-3.08,139.82,0.04,0.0,0.03,0.04,99695,1507,3,0.26,0.06,-0.05,0.0,49,82,-149,0,3.09,0.02,0.0173,0.035,16.42,16.69,8.85
583.602,flow_only,33.1,52.137524,21.160555,92.36,52.1375279,21.1605572,29,0.51,1.411,255,0.1673,0.6694,0.0212,0.0514,2.952,1.998,1.22,-2.85,139.82,0.04,0.0,0.01,0.03,99695,1507,3,0.26,0.06,-0.05,0.0,49,-71,-42,0,3.09,0.04,0.025,0.0466,15.17,17.55,9.41
583.702,flow_only,33.2,52.137523,21.1605567,92.36,52.1375279,21.1605572,29,0.51,1.411,255,0.0,0.3347,0.0253,0.1107,2.998,1.995,1.33,-2.3,139.85,0.04,0.0,0.01,0.04,99695,1507,3,0.26,0.06,-0.05,0.0,49,106,260,0,3.09,0.05,0.0324,0.0603,15.41,17.2,8.37
583.802,flow_only,33.3,52.137522,21.1605586,92.36,52.1375261,21.1605601,29,0.51,1.351,255,0.0,0.5017,0.0291,0.082,2.982,1.996,1.46,-1.81,139.94,0.04,0.0,0.0,0.02,99695,1507,3,0.25,0.06,-0.05,0.0,49,-50,405,0,3.09,0.04,0.0437,0.0831,16.79,17.4,8.37
583.902,flow_only,33.4,52.1375209,21.1605604,92.36,52.1375261,21.1605601,29,0.51,1.351,255,0.1674,0.6695,0.0373,0.0538,2.99,1.997,1.71,-1.53,140.0,0.04,0.0,0.0,0.02,99695,1507,3,0.25,0.06,-0.05,0.0,49,94,-220,0,3.09,0.03,0.0164,0.0353,17.16,16.09,8.84
584.002,flow_only,33.5,52.1375199,21.1605621,92.37,52.1375243,21.1605632,30,0.5,1.502,255,0.0,0.5019,0.0015,0.0543,2.98,2.002,1.79,-1.21,140.03,0.04,0.0,0.02,0.03,99695,1507,3,0.25,0.06,-0.05,0.0,49,-60,-58,0,3.11,0.04,0.0138,0.0364,17.5,17.51,9.26
584.102,flow_only,33.6,52.1375189,21.1605637,92.37,52.1375243,21.1605632,30,0.5,1.502,255,0.0,0.3347,-0.002,0.05,2.964,2.008,1.8,-0.97,140.03,0.04,0.0,0.0,0.05,99695,1507,3,0.25,0.06,-0.05,0.0,49,-22,-198,0,3.11,0.05,0.0107,0.0282,16.21,18.73,9.39
584.202,flow_only,33.7,52.1375179,21.1605651,92.38,52.1375224,21.1605662,30,0.5,1.437,255,0.0,0.6694,0.0037,-0.0007,2.974,2.012,1.82,-0.88,140.02,0.04,0.0,0.01,0.03,99695,1507,3,0.25,0.06,-0.05,0.0,49,-24,-206,0,3.11,0.06,0.0228,0.0443,17.51,18.67,9.09
584.302,flow_only,33.8,52.137517,21.1605663,92.38,52.1375224,21.1605662,30,0.5,1.437,255,0.0,0.3346,-0.0493,-0.0683,2.978,2.014,1.76,-1.14,140.02,0.04,0.0,0.01,0.05,99695,1507,3,0.25,0.06,-0.05,0.0,49,-167,-134,0,3.1,0.05,0.0298,0.0541,17.53,17.33,9.16
584.402,flow_only,33.9,52.137516,21.1605678,92.38,52.1375224,21.1605662,30,0.5,1.437,255,0.0,0.1674,-0.049,-0.0956,2.96,2.016,1.47,-1.72,140.02,0.04,0.0,0.01,0.04,99695,1507,3,0.25,0.06,-0.05,0.0,49,209,-65,0,3.11,0.05,0.0181,0.0367,16.95,18.03,8.76
584.502,flow_only,34.0,52.137515,21.1605692,92.38,52.1375205,21.1605689,30,0.5,1.362,255,-0.1673,0.3346,-0.0136,-0.012,2.936,2.019,1.28,-2.03,139.99,0.04,0.0,0.01,0.04,99695,1507,3,0.25,0.08,-0.05,0.0,49,75,-65,0,3.11,0.06,0.012,0.0269,15.28,17.02,8.71
584.602,flow_only,34.1,52.1375141,21.1605706,92.38,52.1375186,21.1605715,30,0.5,1.361,255,0.0,0.3346,-0.0233,-0.0272,2.954,2.02,1.15,-2.15,139.93,0.04,0.0,0.01,0.03,99695,1507,3,0.25,0.08,-0.05,0.0,49,29,201,0,3.11,0.06,0.0108,0.0206,14.27,17.28,8.54
584.702,flow_only,34.2,52.1375132,21.1605719,92.38,52.1375186,21.1605715,30,0.5,1.361,255,0.0,0.3345,-0.0001,0.0047,2.966,2.018,1.13,-2.19,139.9,0.04,0.0,0.03,0.04,99695,1507,3,0.25,0.08,-0.05,0.0,49,28,-129,0,3.09,0.05,0.0284,0.0577,14.88,20.02,9.85
584.802,flow_only,34.3,52.1375124,21.1605731,92.38,52.1375167,21.160574,30,0.5,1.36,255,0.0,0.5018,0.0061,-0.0309,2.928,2.016,1.1,-2.26,139.89,0.04,0.0,0.01,0.04,99695,1507,3,0.25,0.07,-0.05,0.0,49,12,-126,0,3.09,0.05,0.0389,0.0786,16.58,17.54,9.48
584.902,flow_only,34.4,52.1375116,21.1605742,92.38,52.1375167,21.160574,30,0.5,1.36,255,0.0,0.3346,0.0354,-0.0793,2.954,2.013,1.25,-2.64,139.9,0.04,0.0,0.03,0.05,99695,1507,3,0.25,0.07,-0.05,0.0,49,0,-72,0,3.08,0.05,0.0276,0.0582,16.64,18.39,9.61
585.002,flow_only,34.5,52.1375107,21.1605754,92.38,52.1375147,21.1605765,30,0.5,1.412,255,0.0,0.3346,-0.0095,-0.0646,2.95,2.012,1.29,-3.06,139.92,0.04,0.0,0.03,0.04,99695,1507,3,0.25,0.07,-0.05,0.0,49,21,-46,0,3.09,0.06,0.0254,0.0545,16.93,16.85,8.44
585.102,flow_only,34.6,52.1375099,21.1605765,92.38,52.1375147,21.1605765,30,0.5,1.412,255,0.0,0.3346,-0.0183,-0.0412,2.944,2.017,1.19,-3.35,139.96,0.04,0.0,0.0,0.04,99695,1507,3,0.25,0.07,-0.05,0.0,49,38,87,0,3.1,0.06,0.0164,0.0392,17.37,15.27,8.45
585.202,flow_only,34.7,52.137509,21.1605778,92.39,52.1375126,21.160579,30,0.5,1.455,255,0.0,0.3346,-0.005,-0.0463,2.942,2.023,1.19,-3.63,140.03,0.04,0.0,0.0,0.03,99695,1507,3,0.25,0.06,-0.05,0.0,49,48,-93,0,3.1,0.06,0.0172,0.0402,15.72,17.94,8.23
585.302,flow_only,34.8,52.137508,21.1605789,92.39,52.1375126,21.160579,30,0.5,1.455,255,0.0,0.3346,-0.0222,-0.0157,2.98,2.028,1.15,-3.74,140.06,0.04,0.0,0.0,0.02,99695,1507,3,0.25,0.06,-0.05,0.0,49,-132,-275,0,3.1,0.07,0.0283,0.0549,16.19,16.32,8.43
585.402,flow_only,34.9,52.137507,21.1605799,92.4,52.1375126,21.160579,30,0.5,1.455,255,0.0,0.6694,-0.0437,-0.0175,2.97,2.031,0.96,-3.78,140.07,0.04,0.0,0.02,0.03,99695,1507,3,0.25,0.06,-0.05,0.0,49,63,197,0,3.1,0.05,0.0083,0.0197,15.77,16.37,8.85
585.502,flow_only,35.0,52.137506,21.1605811,92.4,52.1375105,21.1605815,30,0.5,1.465,255,-0.1673,0.6692,-0.024,-0.0172,2.958,2.033,0.84,-3.87,140.07,0.04,0.0,0.0,0.04,99695,1507,3,0.25,0.06,-0.05,0.0,49,-91,207,0,3.1,0.05,0.0075,0.0155,16.36,16.55,8.49
585.602,flow_only,35.1,52.137505,21.1605824,92.4,52.1375083,21.1605841,30,0.5,1.498,255,0.0,0.3347,-0.0394,0.0001,2.938,2.036,0.68,-3.91,140.06,0.04,0.0,0.0,0.02,99695,1507,3,0.25,0.06,-0.05,0.0,49,59,-144,0,3.11,0.06,0.0169,0.0353,16.25,15.71,8.55
585.702,flow_only,35.2,52.1375039,21.1605836,92.4,52.1375083,21.1605841,30,0.5,1.498,255,0.0,0.502,-0.0236,0.0349,2.944,2.037,0.57,-3.74,140.04,0.04,0.0,0.04,0.02,99695,1507,3,0.25,0.06,-0.05,0.0,49,59,-197,0,3.09,0.07,0.0137,0.0274,15.62,18.84,9.48
585.802,flow_only,35.3,52.1375028,21.160585,92.4,52.137506,21.1605867,30,0.5,1.576,255,-0.1673,0.5019,-0.03,0.0268,2.942,2.036,0.48,-3.55,139.99,0.04,0.0,0.0,0.06,99695,1507,3,0.25,0.06,-0.05,0.0,49,38,-214,0,3.09,0.07,0.0083,0.0161,16.0,18.59,10.45
585.902,flow_only,35.4,52.1375017,21.1605863,92.4,52.137506,21.1605867,30,0.5,1.576,255,0.0,0.5019,-0.0167,0.0375,2.954,2.037,0.48,-3.35,139.89,0.04,0.0,0.0,0.03,99695,1507,3,0.25,0.06,-0.05,0.0,49,-131,-62,0,3.09,0.07,0.0174,0.0321,15.91,18.61,10.01
586.002,flow_only,35.5,52.1375006,21.1605875,92.4,52.1375036,21.1605894,30,0.5,1.637,255,-0.1673,1.0038,-0.0339,0.0222,2.948,2.038,0.42,-3.13,139.76,0.04,0.0,0.01,0.05,99695,1507,3,0.25,0.06,-0.05,0.0,49,36,261,0,3.09,0.07,0.0146,0.0275,17.61,17.82,9.58
586.102,flow_only,35.6,52.1374994,21.1605889,92.4,52.1375036,21.1605894,30,0.5,1.637,255,-0.1673,1.0037,-0.0427,0.0404,2.938,2.039,0.28,-2.97,139.66,0.04,0.0,0.01,0.05,99695,1507,3,0.25,0.06,-0.05,0.0,49,-109,-59,0,3.09,0.05,0.0121,0.0214,17.48,15.75,9.75
586.202,flow_only,35.7,52.1374984,21.1605902,92.4,52.1375012,21.1605923,30,0.5,1.66,255,0.0,0.5021,-0.0175,0.0533,2.918,2.038,0.13,-2.67,139.6,0.04,0.0,0.02,0.06,99695,1507,3,0.25,0.06,-0.05,0.0,49,82,-236,0,3.08,0.05,0.0221,0.0409,17.19,18.18,8.89
586.302,flow_only,35.8,52.1374974,21.1605915,92.4,52.1375012,21.1605923,30,0.5,1.66,255,0.0,0.3347,-0.0126,-0.025,2.934,2.036,0.11,-2.58,139.58,0.04,0.0,0.02,0.07,99695,1507,3,0.25,0.06,-0.05,0.0,49,-106,262,0,3.08,0.06,0.0102,0.0206,17.54,17.65,8.85
586.402,flow_only,35.9,52.1374964,21.1605927,92.4,52.1375012,21.1605923,30,0.5,1.66,255,0.0,0.502,0.0077,-0.047,2.934,2.039,0.19,-2.83,139.55,0.04,0.0,0.04,0.06,99695,1507,3,0.25,0.06,-0.05,0.0,49,38,-136,0,3.1,0.07,0.0258,0.0514,17.42,18.47,8.79
586.502,flow_only,36.0,52.1374956,21.1605939,92.41,52.1374988,21.1605952,30,0.5,1.708,255,0.0,0.3346,-0.0102,-0.0664,2.962,2.049,0.22,-3.11,139.49,0.04,0.0,0.04,0.05,99695,1507,3,0.25,0.06,-0.05,0.0,49,25,-140,0,3.11,0.1,0.0354,0.0724,16.6,18.78,9.34
586.602,flow_only,36.1,52.1374946,21.1605953,92.43,52.1374963,21.1605982,30,0.5,1.714,255,0.0,0.6691,0.0296,-0.0752,2.954,2.062,0.43,-3.49,139.43,0.04,0.0,0.02,0.05,99695,1507,3,0.24,0.06,-0.05,0.0,49,12,61,0,3.13,0.09,0.0064,0.0311,15.52,20.72,10.79
586.702,flow_only,36.2,52.1374936,21.1605966,92.44,52.1374963,21.1605982,30,0.5,1.714,255,0.0,0.6694,0.0142,-0.0149,2.964,2.075,0.58,-3.71,139.35,0.04,0.0,0.0,0.04,99695,1507,3,0.24,0.06,-0.05,0.0,49,-15,-127,0,3.13,0.09,0.0156,0.0376,16.17,20.03,10.94
586.802,flow_only,36.3,52.1374926,21.160598,92.45,52.1374938,21.1606014,30,0.5,1.742,255,-0.1673,0.3346,-0.0107,0.0103,2.968,2.086,0.6,-3.68,139.25,0.04,0.0,0.0,0.03,99695,1507,3,0.24,0.06,-0.05,0.0,49,17,317,0,3.13,0.09,0.0097,0.023,15.81,21.58,11.91
586.902,flow_only,36.4,52.1374915,21.1605993,92.46,52.1374938,21.1606014,30,0.5,1.742,255,0.0,0.5018,0.0022,0.0035,2.944,2.095,0.62,-3.66,139.18,0.04,0.0,0.01,0.05,99695,1507,3,0.24,0.06,-0.05,0.0,49,-161,-31,0,3.14,0.09,0.0248,0.049,15.38,21.01,11.82
587.002,flow_only,36.5,52.1374904,21.1606006,92.47,52.1374913,21.1606046,30,0.5,1.81,255,0.0,0.5019,-0.009,0.0503,2.958,2.105,0.63,-3.47,139.13,0.04,0.0,0.01,0.07,99695,1507,3,0.24,0.06,-0.05,0.0,49,19,-58,0,3.15,0.1,0.0156,0.0358,15.94,20.23,11.48
587.102,flow_only,36.6,52.1374892,21.160602,92.48,52.1374913,21.1606046,30,0.5,1.81,255,0.0,0.502,-0.0318,0.0301,2.964,2.114,0.49,-3.31,139.15,0.04,0.0,0.01,0.05,99695,1507,3,0.24,0.06,-0.05,0.0,49,49,-69,0,3.15,0.11,0.0255,0.0504,16.31,20.1,10.91
587.202,flow_only,36.7,52.137488,21.1606036,92.48,52.1374887,21.1606079,30,0.5,1.835,255,0.0,1.0041,-0.012,0.0757,2.958,2.119,0.3,-3.05,139.24,0.04,0.0,0.0,0.04,99695,1507,3,0.24,0.06,-0.05,0.0,49,34,-249,0,3.15,0.11,0.009,0.0163,17.35,18.58,10.36
587.302,flow_only,36.8,52.1374869,21.1606052,92.49,52.1374887,21.1606079,30,0.5,1.835,255,0.0,1.0036,0.0232,0.0808,2.964,2.126,0.24,-2.57,139.31,0.04,0.0,0.03,0.04,99695,1507,3,0.24,0.06,-0.05,0.0,49,39,-119,0,3.16,0.12,0.0121,0.0276,18.55,18.98,9.58
587.402,flow_only,36.9,52.1374858,21.1606068,92.5,52.1374887,21.1606079,30,0.5,1.835,255,0.0,0.5019,0.0549,0.0085,2.962,2.134,0.4,-2.41,139.44,0.04,0.0,0.0,0.04,99695,1507,3,0.24,0.06,-0.05,0.0,49,-3,-106,0,3.16,0.11,0.0061,0.02,18.47,17.96,10.67
587.502,flow_only,37.0,52.1374848,21.1606083,92.5,52.1374861,21.1606112,30,0.5,1.831,255,0.0,0.5019,0.0474,0.0235,2.948,2.14,0.66,-2.35,139.55,0.04,0.0,0.01,0.07,99695,1507,3,0.24,0.05,-0.05,0.0,49,-38,-41,0,3.16,0.11,0.0027,0.0074,18.61,19.49,10.25
587.602,flow_only,37.1,52.1374837,21.1606098,92.51,52.1374835,21.1606146,30,0.5,1.824,255,0.0,0.3346,0.0545,0.0117,2.956,2.145,0.91,-2.26,139.65,0.04,0.0,0.03,0.04,99695,1507,3,0.24,0.06,-0.05,0.0,49,-11,289,0,3.17,0.12,0.0135,0.0316,17.42,19.25,10.19
587.702,flow_only,37.2,52.1374825,21.1606113,92.52,52.1374835,21.1606146,30,0.5,1.824,255,0.0,0.3346,0.0137,-0.0151,2.942,2.15,0.99,-2.36,139.73,0.04,0.0,0.01,0.04,99695,1507,3,0.24,0.06,-0.05,0.0,49,-21,327,0,3.16,0.12,0.0355,0.0697,17.25,19.79,10.69
587.802,flow_only,37.3,52.1374812,21.1606129,92.52,52.137481,21.160618,30,0.5,1.826,255,0.0,1.0038,-0.0013,0.0436,2.928,2.158,0.98,-2.31,139.88,0.04,0.0,0.05,0.06,99695,1507,3,0.24,0.05,-0.05,0.0,49,7,-33,0,3.18,0.15,0.0233,0.0533,18.98,20.36,11.09
587.902,flow_only,37.4,52.1374799,21.1606146,92.53,52.137481,21.160618,30,0.5,1.826,255,-0.1673,1.0038,-0.0502,0.0793,2.928,2.169,0.73,-1.93,140.03,0.04,0.0,0.01,0.04,99695,1507,3,0.24,0.05,-0.05,0.0,49,60,-106,0,3.18,0.17,0.0379,0.0783,20.27,18.51,10.65
588.002,flow_only,37.5,52.1374785,21.1606164,92.54,52.1374784,21.1606215,30,0.5,1.875,255,0.0,0.5018,-0.0297,0.0918,2.95,2.177,0.52,-1.49,140.14,0.04,0.0,0.02,0.05,99695,1507,3,0.24,0.06,-0.05,0.0,49,31,-129,0,3.17,0.16,0.0458,0.0934,18.34,18.83,9.78
588.102,flow_only,37.6,52.1374771,21.1606181,92.55,52.1374784,21.1606215,30,0.5,1.875,255,0.0,0.5019,-0.0198,0.1229,2.97,2.182,0.4,-0.87,140.16,0.04,0.0,0.01,0.05,99695,1507,3,0.24,0.06,-0.05,0.0,49,-164,512,0,3.16,0.13,0.069,0.138,18.53,20.35,10.03
588.202,flow_only,37.7,52.1374757,21.1606198,92.55,52.1374758,21.160625,30,0.5,1.857,255,0.0,0.502,-0.0184,0.0803,2.984,2.188,0.34,-0.32,140.18,0.04,0.0,0.02,0.05,99695,1507,3,0.24,0.06,-0.05,0.0,49,-155,359,0,3.18,0.13,0.0689,0.1416,18.03,19.37,9.92
588.302,flow_only,37.8,52.1374742,21.1606214,92.56,52.1374758,21.160625,30,0.5,1.857,255,0.0,0.5019,-0.0385,0.0957,2.976,2.196,0.22,0.18,140.15,0.04,0.0,0.01,0.04,99695,1507,3,0.24,0.06,-0.05,0.0,49,16,-137,0,3.18,0.11,0.037,0.083,17.39,19.23,10.08
588.402,flow_only,37.9,52.1374728,21.1606231,92.57,52.1374758,21.160625,30,0.5,1.857,255,-0.1673,1.0039,-0.0532,0.0379,2.964,2.206,0.01,0.54,140.08,0.04,0.0,0.03,0.05,99695,1507,3,0.24,0.06,-0.05,0.0,49,35,390,0,3.2,0.12,0.0451,0.0979,17.98,17.83,10.13
588.502,flow_only,38.0,52.1374716,21.1606247,92.58,52.1374734,21.1606284,30,0.5,1.742,255,0.0,1.0038,-0.0037,0.0194,2.968,2.217,-0.16,0.7,140.05,0.04,0.0,0.01,0.05,99695,1507,3,0.24,0.05,-0.05,0.0,49,-146,283,0,3.2,0.14,0.0382,0.0856,18.18,19.9,9.8
588.602,flow_only,38.1,52.1374704,21.1606262,92.59,52.1374712,21.1606317,30,0.5,1.593,255,0.0,0.3346,-0.0076,-0.0064,2.972,2.227,-0.09,0.71,140.02,0.04,0.0,0.03,0.04,99695,1507,3,0.24,0.06,-0.05,0.0,49,-17,-13,0,3.21,0.17,0.0134,0.0399,17.13,18.88,10.2
588.702,flow_only,38.2,52.1374692,21.1606277,92.6,52.1374712,21.1606317,30,0.5,1.593,255,0.0,0.3347,0.0129,-0.0273,2.958,2.235,-0.09,0.6,139.99,0.04,0.0,0.02,0.05,99695,1507,3,0.24,0.06,-0.05,0.0,49,-21,20,0,3.2,0.16,0.0199,0.045,17.89,18.74,9.32
588.802,flow_only,38.3,52.1374679,21.1606292,92.6,52.1374691,21.1606347,30,0.5,1.47,255,0.0,0.3345,-0.0064,-0.0374,2.934,2.239,-0.11,0.37,139.99,0.04,0.0,0.01,0.06,99695,1507,3,0.24,0.05,-0.05,0.0,49,-12,-115,0,3.19,0.15,0.028,0.0591,17.5,18.26,9.94
588.902,flow_only,38.4,52.1374668,21.1606307,92.6,52.1374691,21.1606347,30,0.5,1.47,255,0.0,0.3346,-0.0298,-0.0033,2.938,2.24,-0.18,0.28,140.02,0.04,0.0,0.0,0.05,99695,1507,3,0.24,0.05,-0.05,0.0,49,-2,215,0,3.18,0.17,0.0284,0.0588,17.82,17.37,9.35
589.002,flow_only,38.5,52.1374657,21.1606322,92.61,52.1374672,21.1606376,30,0.5,1.406,255,0.0,0.6692,-0.0107,-0.0089,2.944,2.242,-0.19,0.27,140.09,0.04,0.0,0.01,0.07,99695,1507,3,0.24,0.06,-0.05,0.0,49,-24,214,0,3.19,0.17,0.028,0.0569,17.0,16.75,8.74
589.102,flow_only,38.6,52.1374647,21.1606336,92.61,52.1374672,21.1606376,30,0.5,1.406,255,0.0,0.1673,0.0122,-0.0411,2.944,2.244,-0.1,0.1,140.17,0.04,0.0,0.01,0.07,99695,1507,3,0.24,0.06,-0.05,0.0,49,-45,-85,0,3.18,0.15,0.0053,0.012,16.09,16.37,8.17
589.202,flow_only,38.7,52.1374637,21.160635,92.61,52.1374655,21.1606403,30,0.5,1.272,255,0.0,0.1673,-0.0018,-0.0449,2.916,2.243,-0.05,-0.11,140.26,0.04,0.0,0.03,0.06,99695,1507,3,0.24,0.05,-0.05,0.0,49,-46,-74,0,3.16,0.13,0.014,0.0315,15.34,16.97,8.57
589.302,flow_only,38.8,52.1374627,21.1606365,92.6,52.1374655,21.1606403,30,0.5,1.272,255,0.0,0.3345,0.0186,-0.0509,2.934,2.239,0.01,-0.44,140.33,0.04,0.0,0.02,0.04,99695,1507,3,0.24,0.05,-0.05,0.0,49,-26,452,0,3.15,0.15,0.0413,0.081,15.13,17.2,8.88
589.402,flow_only,38.9,52.1374616,21.1606379,92.6,52.1374655,21.1606403,30,0.5,1.272,255,0.1673,0.6692,0.0048,-0.0251,2.904,2.235,0.05,-0.67,140.36,0.04,0.0,0.02,0.07,99695,1507,3,0.24,0.05,-0.05,0.0,49,-29,-220,0,3.14,0.14,0.0075,0.0255,15.07,17.03,9.12
589.502,flow_only,39.0,52.1374607,21.1606392,92.59,52.137464,21.160643,30,0.5,1.278,255,0.0,0.3347,-0.0035,0.0001,2.892,2.23,0.04,-0.64,140.36,0.04,0.0,0.03,0.04,99695,1507,3,0.24,0.06,-0.05,0.0,49,-42,-80,0,3.12,0.13,0.013,0.0347,16.46,16.31,9.01
589.602,flow_only,39.1,52.1374598,21.1606404,92.59,52.1374625,21.1606456,30,0.5,1.143,255,0.0,0.3347,-0.0177,-0.0812,2.902,2.225,0.04,-0.89,140.3,0.04,0.0,0.0,0.05,99695,1507,3,0.24,0.06,-0.05,0.0,49,-20,-220,0,3.12,0.13,0.0142,0.0321,16.0,17.46,8.26
589.702,flow_only,39.2,52.137459,21.1606416,92.59,52.1374625,21.1606456,30,0.5,1.143,255,0.1673,0.1673,-0.0106,-0.0703,2.904,2.223,-0.07,-1.29,140.19,0.04,0.0,0.0,0.06,99695,1507,3,0.24,0.06,-0.05,0.0,49,-6,-172,0,3.12,0.13,0.0151,0.0304,15.39,17.58,9.07
589.802,flow_only,39.3,52.1374581,21.1606428,92.59,52.137461,21.1606481,30,0.5,1.202,255,0.0,0.1673,0.0167,-0.0816,2.918,2.224,0.01,-1.79,140.07,0.04,0.0,0.01,0.06,99695,1507,3,0.24,0.05,-0.05,0.0,49,-39,199,0,3.11,0.13,0.0091,0.0231,16.2,16.85,9.47
589.902,flow_only,39.4,52.1374573,21.160644,92.59,52.137461,21.1606481,30,0.5,1.202,255,0.0,0.1673,0.0181,-0.0665,2.944,2.223,0.16,-2.29,139.99,0.04,0.0,0.03,0.03,99695,1507,3,0.24,0.05,-0.05,0.0,49,-57,-130,0,3.1,0.1,0.0109,0.0314,16.53,17.93,9.04
590.002,flow_only,39.5,52.1374565,21.1606452,92.59,52.1374596,21.1606506,30,0.5,1.175,255,0.0,0.5019,0.0134,-0.0289,2.936,2.221,0.17,-2.57,139.94,0.04,0.0,0.02,0.05,99695,1507,3,0.23,0.05,-0.05,0.0,49,-32,-5,0,3.09,0.06,0.022,0.0493,16.11,17.8,8.82
590.102,flow_only,39.6,52.1374557,21.1606463,92.58,52.1374596,21.1606506,30,0.5,1.175,255,0.1673,0.1673,0.0199,-0.0466,2.922,2.216,0.3,-2.81,139.91,0.04,0.0,0.04,0.04,99695,1507,3,0.23,0.05,-0.05,0.0,49,-51,-29,0,3.08,0.06,0.0142,0.0395,14.32,17.41,9.13
590.202,flow_only,39.7,52.1374549,21.1606475,92.58,52.1374581,21.1606532,30,0.5,1.257,255,0.0,0.3347,0.0014,-0.0243,2.918,2.21,0.39,-3.07,139.9,0.04,0.0,0.03,0.06,99695,1507,3,0.23,0.05,-0.05,0.0,49,129,-13,0,3.08,0.05,0.0132,0.0403,13.98,18.31,9.26
590.302,flow_only,39.8,52.1374542,21.1606487,92.57,52.1374581,21.1606532,30,0.5,1.257,255,0.0,0.1673,-0.0121,-0.0103,2.936,2.203,0.28,-3.16,139.92,0.04,0.0,0.04,0.04,99695,1507,3,0.23,0.05,-0.05,0.0,49,-27,-231,0,3.06,0.06,0.0285,0.0658,13.49,17.86,9.57
590.402,flow_only,39.9,52.1374533,21.1606499,92.56,52.1374581,21.1606532,30,0.5,1.257,255,0.0,0.1673,0.0161,-0.0304,2.94,2.197,0.32,-3.22,139.93,0.04,0.0,0.0,0.03,99695,1507,3,0.23,0.05,-0.05,0.0,49,-19,-263,0,3.07,0.05,0.0228,0.0498,13.09,18.22,9.35
590.502,flow_only,40.0,52.1374526,21.160651,92.56,52.1374565,21.1606559,30,0.5,1.311,255,0.0,0.5019,0.0131,-0.0586,2.948,2.195,0.37,-3.44,139.91,0.04,0.0,0.02,0.04,99695,1507,3,0.23,0.06,-0.05,0.0,49,-53,-230,0,3.07,0.04,0.0398,0.0799,13.89,17.98,9.88
590.602,flow_only,40.1,52.1374518,21.1606521,92.56,52.1374548,21.1606587,30,0.5,1.336,255,0.0,0.6694,0.016,-0.0789,2.952,2.193,0.54,-3.73,139.88,0.04,0.0,0.02,0.04,99695,1507,3,0.23,0.05,-0.05,0.0,49,-59,284,0,3.06,0.03,0.0116,0.03,14.99,18.56,10.09
590.702,flow_only,40.2,52.137451,21.1606532,92.55,52.1374548,21.1606587,30,0.5,1.336,255,0.0,0.3346,-0.0345,-0.0568,2.968,2.187,0.46,-4.08,139.85,0.04,0.0,0.06,0.01,99695,1507,3,0.23,0.05,-0.05,0.0,49,-19,-213,0,3.04,0.0,0.0283,0.0641,16.96,15.44,9.29
590.802,flow_only,40.3,52.1374502,21.1606544,92.54,52.1374531,21.1606616,30,0.5,1.404,255,0.0,0.3347,-0.0259,-0.0021,2.968,2.177,0.32,-4.11,139.84,0.04,0.0,0.05,0.06,99695,1507,3,0.23,0.05,-0.05,0.0,49,12,-92,0,3.03,-0.01,0.0307,0.0721,17.33,17.32,9.02
590.902,flow_only,40.4,52.1374493,21.1606557,92.53,52.1374531,21.1606616,30,0.5,1.404,255,0.0,0.1673,-0.0046,0.0015,2.946,2.166,0.26,-4.13,139.89,0.04,0.0,0.01,0.03,99695,1507,3,0.23,0.05,-0.05,0.0,49,0,-122,0,3.03,-0.02,0.0073,0.0317,17.72,17.07,8.76
591.002,flow_only,40.5,52.1374484,21.1606569,92.52,52.1374513,21.1606647,30,0.5,1.514,255,0.0,0.3346,0.0063,0.0458,2.962,2.157,0.28,-4.02,139.99,0.04,0.0,0.03,0.04,99695,1507,3,0.23,0.05,-0.05,0.0,49,-23,22,0,3.02,-0.02,0.0226,0.054,16.43,17.22,8.94
591.102,flow_only,40.6,52.1374476,21.1606581,92.52,52.1374513,21.1606647,30,0.5,1.514,255,0.1673,0.8366,-0.001,0.0299,2.974,2.15,0.29,-3.79,140.05,0.04,0.0,0.0,0.06,99695,1507,3,0.23,0.05,-0.05,0.0,49,-24,155,0,3.02,-0.01,0.0157,0.038,16.31,16.0,8.46
591.202,flow_only,40.7,52.1374467,21.1606595,92.51,52.1374494,21.160668,30,0.5,1.54,255,0.0,0.8365,-0.0158,-0.0233,3.0,2.146,0.32,-3.8,140.13,0.04,0.0,0.01,0.06,99695,1507,3,0.23,0.05,-0.05,0.0,49,153,-182,0,3.03,-0.03,0.0268,0.0584,16.45,17.52,9.09
591.302,flow_only,40.8,52.1374459,21.1606609,92.51,52.1374494,21.160668,30,0.5,1.54,255,0.1673,0.3346,0.0095,0.0109,2.996,2.144,0.34,-3.79,140.19,0.04,0.0,0.0,0.03,99695,1507,3,0.23,0.05,-0.05,0.0,49,-21,-137,0,3.03,-0.05,0.0297,0.0639,16.1,17.31,8.71
591.403,flow_only,40.901,52.1374451,21.1606625,92.51,52.1374494,21.160668,30,0.5,1.54,255,0.0,0.3346,0.0645,-0.0012,3.0,2.142,0.51,-3.75,140.29,0.04,0.0,0.02,0.03,99695,1507,3,0.23,0.05,-0.05,0.0,49,132,328,0,3.03,-0.05,0.0302,0.0582,16.26,16.14,8.8
591.502,flow_only,41.0,52.1374442,21.1606643,92.51,52.1374475,21.1606713,30,0.5,1.58,255,0.0,0.3346,0.1283,0.0026,3.036,2.142,1.07,-3.82,140.36,0.04,0.0,0.02,0.03,99695,1507,3,0.23,0.05,-0.05,0.0,49,-99,335,0,3.05,-0.03,0.0315,0.0537,16.51,18.22,9.68
591.602,flow_only,41.1,52.1374432,21.160666,92.51,52.1374454,21.1606747,30,0.5,1.69,255,0.0,0.5019,0.0833,0.0707,3.004,2.146,1.6,-3.63,140.35,0.04,0.0,0.01,0.03,99695,1507,3,0.23,0.06,-0.05,0.0,49,15,-22,0,3.06,-0.04,0.0174,0.0377,17.14,19.08,10.03
591.702,flow_only,41.2,52.137442,21.1606677,92.51,52.1374454,21.1606747,30,0.5,1.69,255,0.0,0.5019,0.0046,0.0636,3.016,2.148,1.76,-3.21,140.25,0.04,0.0,0.03,0.01,99695,1507,3,0.23,0.06,-0.05,0.0,49,81,-131,0,3.05,-0.04,0.0138,0.0269,17.15,17.34,9.43
591.802,flow_only,41.3,52.1374409,21.1606695,92.51,52.1374432,21.1606781,30,0.5,1.692,255,0.0,1.0042,-0.046,0.1126,3.022,2.145,1.53,-2.65,140.11,0.04,0.0,0.03,0.02,99695,1507,3,0.23,0.06,-0.05,0.0,49,1,-155,0,3.04,-0.04,0.0186,0.0357,16.82,17.32,9.53
591.902,flow_only,41.4,52.1374399,21.1606712,92.51,52.1374432,21.1606781,30,0.5,1.692,255,0.0,0.5019,0.0071,0.1146,2.99,2.144,1.54,-2.0,139.95,0.04,0.0,0.01,0.02,99695,1507,3,0.23,0.06,-0.05,0.0,49,-9,352,0,3.06,-0.04,0.0185,0.0364,17.69,20.19,9.56
592.002,flow_only,41.5,52.1374388,21.1606729,92.51,52.137441,21.1606816,30,0.5,1.682,255,0.0,0.3346,-0.0294,0.0516,3.002,2.144,1.52,-1.53,139.85,0.04,0.0,0.0,0.01,99695,1507,3,0.23,0.06,-0.05,0.0,49,-16,363,0,3.06,-0.03,0.0306,0.0589,16.69,19.95,9.39
592.102,flow_only,41.6,52.1374376,21.1606745,92.51,52.137441,21.1606816,30,0.5,1.682,255,0.0,0.8369,0.008,0.0265,2.995,2.147,1.53,-1.34,139.79,0.04,0.0,0.02,0.02,99695,1507,3,0.23,0.06,-0.05,0.0,49,-13,-239,0,3.07,-0.01,0.0209,0.0405,17.2,18.98,10.31
592.202,flow_only,41.7,52.1374366,21.1606759,92.51,52.1374388,21.1606849,30,0.5,1.682,255,0.0,0.3346,-0.0038,0.0136,2.976,2.148,1.52,-1.16,139.74,0.04,0.0,0.02,0.03,99695,1507,3,0.23,0.06,-0.05,0.0,49,0,-57,0,3.06,-0.02,0.0182,0.034,17.27,20.89,10.56
592.302,flow_only,41.8,52.1374355,21.1606774,92.51,52.1374388,21.1606849,30,0.5,1.682,255,0.0,0.3346,-0.0295,-0.0853,2.988,2.149,1.43,-1.4,139.64,0.04,0.0,0.01,0.03,99695,1507,3,0.23,0.06,-0.05,0.0,49,14,475,0,3.07,0.01,0.0188,0.038,17.48,18.7,10.1
592.403,flow_only,41.901,52.1374344,21.1606789,92.52,52.1374388,21.1606849,30,0.5,1.682,255,0.0,0.837,-0.0595,-0.0452,2.998,2.151,1.22,-1.83,139.51,0.04,0.0,0.0,0.04,99695,1507,3,0.23,0.06,-0.05,0.0,49,49,-90,0,3.07,0.0,0.0076,0.0201,18.17,19.0,9.97
592.502,flow_only,42.0,52.1374335,21.1606803,92.52,52.1374366,21.1606881,30,0.5,1.612,255,0.0,0.3347,-0.0102,-0.0091,3.002,2.154,1.06,-1.82,139.39,0.04,0.0,0.01,0.02,99695,1507,3,0.23,0.06,-0.05,0.0,49,48,-168,0,3.08,0.0,0.025,0.0524,18.27,17.42,8.98
592.602,flow_only,42.1,52.1374325,21.1606818,92.53,52.1374344,21.1606912,30,0.5,1.571,255,0.0,0.3347,0.0202,-0.0282,2.996,2.16,1.11,-1.96,139.33,0.04,0.0,0.02,0.05,99695,1507,3,0.23,0.06,-0.05,0.0,49,22,-154,0,3.09,0.02,0.0135,0.0363,17.21,18.54,8.92
592.702,flow_only,42.2,52.1374316,21.1606831,92.53,52.1374344,21.1606912,30,0.5,1.571,255,0.0,0.6692,0.0186,0.0129,2.996,2.17,1.14,-1.93,139.35,0.04,0.0,0.03,0.03,99695,1507,3,0.23,0.06,-0.05,0.0,49,32,-158,0,3.11,0.02,0.0263,0.0604,17.45,17.38,8.91
592.802,flow_only,42.3,52.1374306,21.1606845,92.55,52.1374322,21.1606943,30,0.5,1.642,255,0.0,0.3347,0.0243,-0.0558,2.996,2.181,1.25,-2.1,139.46,0.04,0.0,0.01,0.02,99695,1507,3,0.23,0.06,-0.05,0.0,49,12,358,0,3.12,0.02,0.0153,0.0397,17.97,16.78,9.69
592.902,flow_only,42.4,52.1374295,21.1606859,92.55,52.1374322,21.1606943,30,0.5,1.642,255,-0.1673,0.3346,0.0244,-0.0582,2.994,2.19,1.33,-2.49,139.64,0.04,0.0,0.0,0.05,99695,1507,3,0.23,0.06,-0.05,0.0,49,16,-91,0,3.12,0.03,0.0087,0.028,18.04,18.04,9.32
593.002,flow_only,42.5,52.1374284,21.1606872,92.56,52.1374299,21.1606974,30,0.5,1.617,255,0.0,0.6692,0.0019,0.0126,2.988,2.198,1.37,-2.56,139.82,0.04,0.0,0.02,0.03,99695,1507,3,0.23,0.06,-0.05,0.0,49,37,-138,0,3.13,0.03,0.0155,0.0359,17.75,17.14,9.83
593.102,flow_only,42.6,52.1374274,21.1606885,92.57,52.1374299,21.1606974,30,0.5,1.617,255,0.0,0.3346,-0.0348,0.0089,2.976,2.207,1.18,-2.5,139.9,0.04,0.0,0.03,0.04,99695,1507,3,0.23,0.06,-0.05,0.0,49,70,-156,0,3.14,0.06,0.0112,0.0355,17.89,16.65,10.0
593.202,flow_only,42.7,52.1374264,21.1606897,92.58,52.1374277,21.1607004,30,0.5,1.576,255,0.0,0.3347,-0.0315,0.0016,2.992,2.214,0.83,-2.5,139.93,0.04,0.0,0.01,0.02,99695,1507,3,0.23,0.05,-0.05,0.0,49,113,-147,0,3.13,0.06,0.0306,0.0606,17.86,17.99,10.47
593.302,flow_only,42.8,52.1374255,21.1606909,92.58,52.1374277,21.1607004,30,0.5,1.576,255,0.0,0.6691,-0.0043,-0.0352,2.992,2.215,0.74,-2.64,139.92,0.04,0.0,0.05,0.01,99695,1507,3,0.23,0.05,-0.05,0.0,49,-102,-149,0,3.11,0.03,0.0308,0.0582,17.55,18.09,10.21
593.403,flow_only,42.901,52.1374244,21.160692,92.58,52.1374277,21.1607004,30,0.5,1.576,255,0.0,0.3346,-0.0395,-0.0679,2.976,2.212,0.54,-2.94,139.89,0.04,0.0,0.0,0.05,99695,1507,3,0.23,0.05,-0.05,0.0,49,49,32,0,3.11,0.03,0.0084,0.0168,16.91,19.07,9.48
593.502,flow_only,43.0,52.1374232,21.1606933,92.57,52.1374255,21.1607032,30,0.5,1.584,255,0.0,0.3346,-0.053,0.0214,2.982,2.208,0.25,-3.01,139.89,0.04,0.0,0.01,0.04,99695,1507,3,0.23,0.06,-0.05,0.0,49,-96,-119,0,3.1,0.04,0.0239,0.0483,16.91,19.67,10.17
593.602,flow_only,43.1,52.1374219,21.1606945,92.57,52.1374232,21.1607063,30,0.5,1.667,255,-0.1673,1.0036,-0.0284,0.0931,2.986,2.205,0.08,-2.57,139.89,0.04,0.0,0.0,0.03,99695,1507,3,0.23,0.06,-0.05,0.0,49,84,273,0,3.1,0.04,0.0249,0.0509,18.09,20.16,10.67
593.702,flow_only,43.2,52.1374208,21.1606959,92.57,52.1374232,21.1607063,30,0.5,1.667,255,0.0,0.5019,0.011,0.0166,2.982,2.205,-0.03,-2.31,139.89,0.04,0.0,0.02,0.04,99695,1507,3,0.23,0.06,-0.05,0.0,49,99,253,0,3.11,0.03,0.0188,0.0363,18.15,19.17,10.47
593.802,flow_only,43.3,52.1374196,21.1606974,92.57,52.1374209,21.1607094,30,0.5,1.632,255,0.0,0.3346,0.0018,0.0226,2.968,2.208,-0.11,-2.3,139.86,0.04,0.0,0.0,0.05,99695,1507,3,0.23,0.06,-0.05,0.0,49,51,3,0,3.11,0.03,0.0133,0.0251,19.46,18.04,10.29
593.902,flow_only,43.4,52.1374184,21.1606989,92.57,52.1374209,21.1607094,30,0.5,1.632,255,0.0,0.8364,0.0092,0.0399,2.966,2.208,-0.1,-2.16,139.77,0.04,0.0,0.03,0.05,99695,1507,3,0.23,0.06,-0.05,0.0,49,25,-45,0,3.09,0.04,0.026,0.049,19.41,16.16,9.27
594.002,flow_only,43.5,52.1374171,21.1607006,92.57,52.1374186,21.1607126,30,0.5,1.675,255,0.0,0.3347,0.0316,0.0701,2.99,2.206,-0.03,-1.89,139.73,0.04,0.0,0.01,0.04,99695,1507,3,0.23,0.05,-0.05,0.0,49,34,-69,0,3.09,0.03,0.0308,0.0593,16.87,16.68,9.14
594.102,flow_only,43.6,52.137416,21.1607022,92.57,52.1374186,21.1607126,30,0.5,1.675,255,0.0,0.502,0.0089,0.1352,2.966,2.207,0.05,-1.2,139.75,0.04,0.0,0.04,0.05,99695,1507,3,0.23,0.05,-0.05,0.0,49,4,359,0,3.11,0.03,0.0318,0.0644,15.02,19.31,10.11
594.202,flow_only,43.7,52.1374148,21.1607038,92.58,52.1374163,21.1607158,30,0.5,1.707,255,0.1673,0.8364,0.0318,0.0611,2.964,2.214,0.15,-0.62,139.79,0.04,0.0,0.01,0.05,99695,1507,3,0.23,0.06,-0.05,0.0,49,-15,205,0,3.11,0.04,0.0272,0.0578,14.8,19.06,9.54
594.302,flow_only,43.8,52.1374136,21.1607054,92.59,52.1374163,21.1607158,30,0.5,1.707,255,0.1673,0.3346,0.0076,0.0248,2.964,2.222,0.28,-0.44,139.85,0.04,0.0,0.02,0.06,99695,1507,3,0.23,0.06,-0.05,0.0,49,-12,-61,0,3.12,0.07,0.0138,0.0355,15.25,18.15,9.72
594.402,flow_only,43.9,52.1374124,21.160707,92.6,52.1374163,21.1607158,30,0.5,1.707,255,0.0,0.5021,0.0582,-0.0014,2.966,2.23,0.44,-0.38,139.87,0.04,0.0,0.0,0.04,99695,1507,3,0.23,0.06,-0.05,0.0,49,5,301,0,3.13,0.07,0.028,0.06,15.85,20.09,9.64
594.502,flow_only,44.0,52.1374112,21.1607085,92.6,52.1374141,21.1607189,30,0.5,1.573,255,0.0,0.6691,0.0326,-0.017,2.957,2.239,0.68,-0.54,139.84,0.04,0.0,0.01,0.05,99695,1507,3,0.23,0.06,-0.05,0.0,49,-39,369,0,3.14,0.09,0.0352,0.0744,16.84,19.02,9.58
594.602,flow_only,44.1,52.1374101,21.16071,92.61,52.1374119,21.1607219,30,0.5,1.584,255,0.0,0.3345,-0.0365,0.0112,2.974,2.248,0.5,-0.58,139.74,0.04,0.0,0.02,0.04,99695,1507,3,0.23,0.06,-0.05,0.0,49,-3,18,0,3.15,0.09,0.0147,0.037,18.05,18.91,9.54
594.702,flow_only,44.2,52.1374089,21.1607115,92.62,52.1374119,21.1607219,30,0.5,1.584,255,0.0,0.3346,-0.0178,0.0066,2.96,2.257,0.3,-0.51,139.7,0.04,0.0,0.0,0.04,99695,1507,3,0.23,0.06,-0.05,0.0,49,-117,-171,0,3.14,0.09,0.0082,0.022,18.2,18.45,9.88
594.802,flow_only,44.3,52.1374078,21.160713,92.63,52.1374098,21.1607248,30,0.5,1.415,255,0.0,0.8367,-0.0073,0.0081,2.94,2.264,0.26,-0.42,139.75,0.04,0.0,0.0,0.05,99695,1507,3,0.23,0.06,-0.05,0.0,49,13,-181,0,3.14,0.1,0.002,0.0114,18.78,19.3,9.32
594.902,flow_only,44.4,52.1374068,21.1607144,92.64,52.1374098,21.1607248,30,0.5,1.415,255,0.0,0.3345,-0.0106,-0.0193,2.928,2.271,0.23,-0.41,139.81,0.04,0.0,0.02,0.03,99695,1507,3,0.23,0.06,-0.05,0.0,49,13,199,0,3.15,0.13,0.0062,0.0211,17.28,17.54,9.2
595.002,flow_only,44.5,52.1374058,21.1607157,92.65,52.1374079,21.1607274,30,0.5,1.393,255,0.0,0.3346,0.0053,-0.058,2.95,2.282,0.22,-0.68,139.87,0.04,0.0,0.03,0.06,99695,1507,3,0.23,0.07,-0.05,0.0,49,-1,254,0,3.17,0.13,0.0157,0.0375,16.05,17.66,9.72
595.102,flow_only,44.6,52.1374048,21.1607171,92.66,52.1374079,21.1607274,30,0.5,1.393,255,0.0,0.3347,0.0335,-0.0486,2.996,2.293,0.38,-0.99,139.95,0.04,0.0,0.01,0.04,99695,1507,3,0.23,0.07,-0.05,0.0,49,-32,-61,0,3.17,0.14,0.0055,0.021,16.0,19.76,10.71
595.202,flow_only,44.7,52.1374038,21.1607185,92.67,52.137406,21.1607301,30,0.5,1.331,255,0.0,0.3346,0.0371,-0.0281,2.96,2.304,0.54,-1.18,140.02,0.04,0.0,0.0,0.04,99695,1507,3,0.23,0.07,-0.05,0.0,49,-19,-247,0,3.17,0.13,0.0084,0.0204,15.31,21.14,10.48
595.302,flow_only,44.8,52.1374028,21.1607198,92.67,52.137406,21.1607301,30,0.5,1.331,255,0.0,0.3347,0.0109,-0.0361,2.984,2.31,0.65,-1.41,140.12,0.04,0.0,0.03,0.02,99695,1507,3,0.23,0.07,-0.05,0.0,49,-35,255,0,3.16,0.11,0.0172,0.0358,15.23,20.05,10.07
595.402,flow_only,44.9,52.1374018,21.1607211,92.67,52.137406,21.1607301,30,0.5,1.331,255,0.0,0.502,0.0159,-0.0135,2.998,2.309,0.66,-1.58,140.19,0.04,0.0,0.02,0.03,99695,1507,3,0.23,0.07,-0.05,0.0,49,-21,-69,0,3.15,0.09,0.0034,0.0127,13.98,18.21,9.92
595.502,flow_only,45.0,52.1374009,21.1607224,92.67,52.1374043,21.1607326,30,0.5,1.28,255,0.0,0.3347,-0.0231,-0.0376,2.974,2.307,0.53,-1.71,140.18,0.04,0.0,0.0,0.03,99695,1507,3,0.23,0.08,-0.05,0.0,49,-17,-270,0,3.15,0.06,0.0169,0.0323,14.3,17.97,9.47
595.602,flow_only,45.1,52.1374,21.1607237,92.67,52.1374025,21.1607353,30,0.5,1.389,255,0.0,0.1673,-0.0213,-0.046,2.962,2.304,0.46,-1.87,140.07,0.04,0.0,0.01,0.06,99695,1507,3,0.23,0.08,-0.05,0.0,49,3,-248,0,3.14,0.07,0.0162,0.034,15.61,18.95,10.34
595.702,flow_only,45.2,52.1373993,21.1607248,92.66,52.1374025,21.1607353,30,0.5,1.389,255,0.0,0.1673,-0.0126,-0.0565,2.944,2.298,0.44,-2.11,139.92,0.04,0.0,0.02,0.03,99695,1507,3,0.23,0.08,-0.05,0.0,49,-154,-192,0,3.13,0.08,0.044,0.0841,17.94,17.95,10.13
595.802,flow_only,45.3,52.1373986,21.1607258,92.66,52.1374007,21.160738,30,0.5,1.334,255,0.0,0.1673,0.0084,-0.0938,2.944,2.292,0.47,-2.65,139.78,0.04,0.0,0.01,0.04,99695,1507,3,0.23,0.08,-0.05,0.0,49,-10,22,0,3.12,0.08,0.0317,0.0679,17.36,19.35,9.71
595.902,flow_only,45.4,52.1373979,21.1607269,92.65,52.1374007,21.160738,30,0.5,1.334,255,0.0,0.3346,0.0218,-0.1135,2.956,2.285,0.47,-3.29,139.7,0.04,0.0,0.02,0.04,99695,1507,3,0.23,0.08,-0.05,0.0,49,10,-130,0,3.11,0.08,0.0437,0.0916,17.36,20.02,10.65
596.002,flow_only,45.5,52.1373973,21.1607279,92.65,52.1373989,21.1607406,30,0.5,1.356,255,0.0,0.3346,0.016,-0.081,2.94,2.281,0.53,-3.89,139.59,0.04,0.0,0.0,0.04,99695,1507,3,0.23,0.08,-0.05,0.0,49,-3,-123,0,3.11,0.07,0.0376,0.0793,18.74,17.07,10.0
596.102,flow_only,45.6,52.1373966,21.1607289,92.64,52.1373989,21.1607406,30,0.5,1.356,255,0.0,0.3346,0.0313,-0.1039,2.948,2.28,0.68,-4.48,139.57,0.04,0.0,0.0,0.05,99695,1507,3,0.23,0.08,-0.05,0.0,49,-35,-135,0,3.11,0.08,0.0379,0.0777,18.08,16.77,9.64
596.202,flow_only,45.7,52.1373959,21.1607299,92.65,52.1373971,21.1607433,30,0.5,1.347,255,0.0,0.1673,0.0176,-0.0674,2.948,2.283,0.84,-4.92,139.58,0.04,0.0,0.01,0.05,99695,1507,3,0.23,0.08,-0.05,0.0,49,141,-172,0,3.11,0.09,0.0514,0.1064,17.09,17.41,8.98
596.302,flow_only,45.8,52.1373953,21.160731,92.65,52.1373971,21.1607433,30,0.5,1.347,255,0.0,0.5021,0.008,-0.0618,2.952,2.286,0.85,-5.19,139.65,0.04,0.0,0.02,0.06,99695,1507,3,0.23,0.08,-0.05,0.0,49,-13,-35,0,3.11,0.08,0.0361,0.0782,16.04,17.53,8.71
596.402,flow_only,45.9,52.1373944,21.1607322,92.65,52.1373971,21.1607433,30,0.5,1.347,255,0.0,0.3346,0.0179,-0.0346,2.958,2.286,0.97,-5.42,139.77,0.04,0.0,0.02,0.05,99695,1507,3,0.23,0.08,-0.05,0.0,49,-17,110,0,3.1,0.06,0.0079,0.0273,15.95,17.74,9.06
596.502,flow_only,46.0,52.1373935,21.1607335,92.65,52.1373953,21.1607461,30,0.5,1.417,255,0.0,0.3345,0.0099,0.0367,2.962,2.285,1.08,-5.35,139.89,0.04,0.0,0.0,0.02,99695,1507,3,0.23,0.08,-0.05,0.0,49,-14,-287,0,3.1,0.06,0.0092,0.0252,16.89,17.91,9.11
596.602,flow_only,46.1,52.1373925,21.1607348,92.65,52.1373934,21.1607491,30,0.5,1.512,255,0.0,0.8365,-0.0028,0.0827,2.972,2.282,0.99,-4.94,139.95,0.04,0.0,0.03,0.01,99695,1507,3,0.23,0.08,-0.05,0.0,49,13,298,0,3.09,0.06,0.011,0.0247,16.47,18.42,9.11
596.702,flow_only,46.2,52.1373914,21.1607362,92.65,52.1373934,21.1607491,30,0.5,1.512,255,-0.1673,0.5018,0.0073,0.0619,2.952,2.281,0.97,-4.58,140.05,0.04,0.0,0.0,0.03,99695,1507,3,0.23,0.08,-0.05,0.0,49,22,446,0,3.09,0.03,0.0275,0.0515,17.0,20.02,10.75
596.802,flow_only,46.3,52.1373902,21.1607378,92.64,52.1373912,21.1607522,30,0.5,1.69,255,0.0,0.5019,0.0031,0.0725,2.962,2.28,0.96,-4.28,140.16,0.04,0.0,0.0,0.04,99695,1507,3,0.23,0.08,-0.05,0.0,49,10,-61,0,3.09,0.03,0.011,0.0224,17.41,21.77,11.55
596.903,flow_only,46.401,52.137389,21.1607394,92.65,52.1373912,21.1607522,30,0.5,1.69,255,0.1673,1.0038,-0.0378,0.0897,2.945,2.284,0.77,-3.81,140.25,0.04,0.0,0.03,0.04,99695,1507,3,0.23,0.08,-0.05,0.0,49,28,-118,0,3.11,0.07,0.0161,0.0328,19.3,20.53,11.06
597.002,flow_only,46.5,52.1373877,21.1607412,92.66,52.1373888,21.1607556,30,0.5,1.763,255,0.0,0.5019,0.0104,0.1314,2.934,2.292,0.62,-3.17,140.28,0.04,0.0,0.02,0.03,99695,1507,3,0.23,0.08,-0.05,0.0,49,32,-150,0,3.12,0.09,0.0289,0.0549,17.62,20.64,10.58
597.102,flow_only,46.6,52.1373866,21.1607429,92.67,52.1373888,21.1607556,30,0.5,1.763,255,0.0,0.5019,0.0155,0.1252,2.978,2.307,0.72,-2.39,140.23,0.04,0.0,0.07,0.03,99695,1507,3,0.23,0.08,-0.05,0.0,49,-36,-186,0,3.15,0.09,0.0135,0.0377,18.13,21.18,10.2
597.202,flow_only,46.7,52.1373855,21.1607445,92.69,52.1373865,21.160759,30,0.5,1.66,255,0.1673,0.8364,0.0064,0.0701,2.982,2.325,0.8,-1.77,140.18,0.04,0.0,0.02,0.04,99695,1507,3,0.23,0.08,-0.05,0.0,49,-2,364,0,3.16,0.1,0.0141,0.0404,18.9,18.6,9.79
597.303,flow_only,46.801,52.1373844,21.1607461,92.71,52.1373865,21.160759,30,0.5,1.66,255,0.0,0.8365,-0.0086,0.0144,2.96,2.344,0.78,-1.58,140.2,0.04,0.0,0.03,0.02,99695,1507,3,0.23,0.08,-0.05,0.0,49,-5,-53,0,3.18,0.11,0.0066,0.0314,18.23,19.52,10.45
597.403,flow_only,46.901,52.1373833,21.1607475,92.73,52.1373865,21.160759,30,0.5,1.66,255,0.0,0.502,0.0124,0.0262,2.946,2.364,0.85,-1.48,140.22,0.04,0.0,0.04,0.03,99695,1507,3,0.23,0.08,-0.05,0.0,49,-28,-34,0,3.2,0.16,0.0205,0.0483,18.43,21.09,10.46
597.503,flow_only,47.0,52.1373822,21.160749,92.74,52.1373843,21.1607623,30,0.5,1.675,255,0.0,0.3346,-0.0113,-0.0093,2.962,2.38,0.88,-1.42,140.29,0.04,0.0,0.0,0.03,99695,1507,3,0.23,0.08,-0.05,0.0,49,-13,295,0,3.2,0.15,0.0109,0.0309,19.89,18.6,10.41
597.602,flow_only,47.1,52.1373812,21.1607504,92.75,52.137382,21.1607655,29,0.51,1.636,255,0.0,0.3346,-0.0008,-0.0557,2.952,2.39,0.85,-1.62,140.36,0.04,0.0,0.0,0.03,99695,1507,3,0.23,0.08,-0.05,0.0,49,18,-157,0,3.2,0.15,0.015,0.0302,19.03,18.22,9.91
597.702,flow_only,47.2,52.1373802,21.1607518,92.77,52.137382,21.1607655,29,0.51,1.636,255,0.0,0.5017,-0.0244,-0.0489,2.96,2.405,0.77,-1.84,140.44,0.04,0.0,0.07,0.03,99695,1507,3,0.23,0.08,-0.05,0.0,49,14,-127,0,3.23,0.19,0.0156,0.0419,19.25,20.0,10.53
597.803,flow_only,47.3,52.1373791,21.1607533,92.79,52.1373798,21.1607687,29,0.51,1.596,255,0.0,0.8367,0.0107,-0.0562,2.974,2.422,0.81,-2.15,140.56,0.04,0.0,0.03,0.04,99695,1507,3,0.23,0.08,-0.05,0.0,49,-6,-105,0,3.24,0.19,0.009,0.0346,19.07,18.49,10.85
597.903,flow_only,47.4,52.1373781,21.1607546,92.81,52.1373798,21.1607687,29,0.51,1.596,255,0.0,0.8368,0.0342,-0.0199,2.966,2.44,0.94,-2.3,140.62,0.04,0.0,0.04,0.04,99695,1507,3,0.23,0.08,-0.05,0.0,49,-43,-112,0,3.25,0.2,0.0216,0.0495,18.86,19.6,10.92
598.002,flow_only,47.5,52.1373772,21.1607558,92.82,52.1373775,21.1607718,29,0.51,1.638,255,0.0,0.3345,-0.0095,-0.0669,2.946,2.455,1.0,-2.55,140.61,0.04,0.0,0.0,0.03,99695,1507,3,0.23,0.08,-0.05,0.0,49,138,405,0,3.25,0.2,0.0138,0.0317,19.01,21.4,11.56
598.102,flow_only,47.6,52.1373762,21.1607573,92.83,52.1373775,21.1607718,29,0.51,1.638,255,0.0,0.3346,-0.0202,-0.0576,2.95,2.462,0.88,-2.82,140.62,0.04,0.0,0.02,0.01,99695,1507,3,0.23,0.08,-0.05,0.0,49,11,75,0,3.24,0.19,0.0113,0.0202,20.15,22.53,11.42
598.202,flow_only,47.7,52.1373751,21.1607587,92.83,52.1373753,21.1607748,29,0.51,1.588,255,0.0,0.3347,-0.0078,-0.0257,2.948,2.465,0.86,-2.99,140.58,0.04,0.0,0.0,0.05,99695,1507,3,0.23,0.08,-0.05,0.0,49,-2,55,0,3.23,0.2,0.0084,0.0153,19.39,20.31,10.69
598.303,flow_only,47.801,52.1373739,21.1607603,92.83,52.1373753,21.1607748,29,0.51,1.588,255,0.0,0.3345,-0.0087,0.0125,2.958,2.469,0.87,-2.96,140.52,0.04,0.0,0.0,0.03,99695,1507,3,0.23,0.08,-0.05,0.0,49,-4,-2,0,3.23,0.2,0.0318,0.0623,19.05,21.58,11.71
598.403,flow_only,47.901,52.1373727,21.1607619,92.84,52.1373753,21.1607748,29,0.51,1.588,255,0.0,0.8365,-0.0165,0.0809,2.912,2.476,0.81,-2.65,140.42,0.04,0.0,0.03,0.02,99695,1507,3,0.23,0.08,-0.05,0.0,49,14,-51,0,3.24,0.19,0.0179,0.038,19.0,21.38,10.64
598.502,flow_only,48.0,52.1373717,21.1607634,92.85,52.1373731,21.1607778,29,0.51,1.549,255,0.0,1.0038,0.0115,0.0733,2.898,2.485,0.84,-2.11,140.29,0.04,0.0,0.02,0.04,99695,1507,3,0.23,0.08,-0.05,0.0,49,3,-244,0,3.24,0.21,0.0062,0.0119,18.05,19.67,11.72
598.602,flow_only,48.1,52.1373705,21.160765,92.86,52.137371,21.1607809,29,0.51,1.576,255,0.0,0.5019,0.0203,0.0513,2.896,2.498,0.93,-1.76,140.23,0.04,0.0,0.04,0.03,99695,1507,3,0.23,0.08,-0.05,0.0,49,5,-41,0,3.26,0.24,0.0192,0.0444,19.87,19.14,11.4
598.702,flow_only,48.2,52.1373692,21.1607666,92.88,52.137371,21.1607809,29,0.51,1.576,255,0.1673,0.5019,0.029,0.0417,2.884,2.511,0.98,-1.58,140.23,0.04,0.0,0.01,0.01,99695,1507,3,0.23,0.08,-0.05,0.0,49,7,-23,0,3.26,0.28,0.0288,0.0632,20.04,19.35,11.06
598.802,flow_only,48.3,52.137368,21.1607681,92.89,52.1373689,21.160784,29,0.51,1.484,255,0.0,0.5019,0.0078,0.0538,2.876,2.524,1.04,-1.28,140.28,0.04,0.0,0.0,0.03,99695,1507,3,0.23,0.08,-0.05,0.0,49,-36,309,0,3.26,0.29,0.0319,0.0691,18.2,19.9,11.07
598.902,flow_only,48.4,52.1373668,21.1607696,92.9,52.1373689,21.160784,29,0.51,1.484,255,0.0,0.3346,0.0149,0.0062,2.894,2.538,1.07,-1.19,140.43,0.04,0.0,0.03,0.03,99695,1507,3,0.23,0.08,-0.05,0.0,49,-4,323,0,3.27,0.3,0.033,0.0717,18.55,21.52,11.12
599.003,flow_only,48.5,52.1373656,21.1607711,92.92,52.1373669,21.1607869,29,0.51,1.536,255,0.0,0.8367,-0.0457,0.0018,2.878,2.551,1.01,-1.12,140.56,0.04,0.0,0.0,0.05,99695,1507,3,0.23,0.08,-0.05,0.0,49,-19,-167,0,3.26,0.3,0.0096,0.0245,19.25,19.21,10.44
599.102,flow_only,48.6,52.1373644,21.1607726,92.93,52.1373669,21.1607869,29,0.51,1.536,255,0.0,0.8364,-0.0279,0.02,2.866,2.566,0.77,-0.99,140.72,0.04,0.0,0.03,0.03,99695,1507,3,0.23,0.08,-0.05,0.0,49,-129,-8,0,3.27,0.3,0.03,0.0665,19.7,17.63,10.39
599.202,flow_only,48.7,52.137363,21.1607742,92.94,52.1373648,21.1607899,29,0.51,1.461,255,0.0,0.3344,0.0058,0.02,2.862,2.577,0.82,-0.98,140.83,0.04,0.0,0.02,0.03,99695,1507,3,0.23,0.08,-0.05,0.0,49,-15,27,0,3.26,0.32,0.0431,0.0914,18.72,18.69,11.12
599.303,flow_only,48.801,52.1373618,21.1607757,92.95,52.1373648,21.1607899,29,0.51,1.461,255,-0.1673,0.3346,-0.0522,0.0943,2.865,2.586,0.61,-0.66,140.9,0.04,0.0,0.0,0.03,99695,1507,3,0.23,0.08,-0.05,0.0,49,44,158,0,3.27,0.32,0.0289,0.0628,18.88,19.42,10.17
599.403,flow_only,48.901,52.1373606,21.1607772,92.96,52.1373648,21.1607899,29,0.51,1.461,255,0.0,0.502,0.0307,0.0524,2.86,2.592,0.49,-0.33,141.01,0.04,0.0,0.02,0.03,99695,1507,3,0.23,0.08,-0.05,0.0,49,6,329,0,3.25,0.3,0.0415,0.0859,17.99,18.13,8.98
599.502,flow_only,49.0,52.1373594,21.1607787,92.96,52.1373628,21.1607926,29,0.51,1.44,255,0.0,0.3346,-0.0042,-0.0087,2.86,2.595,0.53,-0.31,141.06,0.04,0.0,0.02,0.03,99695,1507,3,0.23,0.08,-0.05,0.0,49,-41,-169,0,3.23,0.3,0.0126,0.0373,17.34,18.09,9.59
599.602,flow_only,49.1,52.1373584,21.16078,92.96,52.1373609,21.1607952,29,0.51,1.255,255,-0.1673,0.6692,-0.0146,-0.0061,2.856,2.598,0.33,-0.33,140.98,0.04,0.0,0.0,0.04,99695,1507,3,0.23,0.08,-0.05,0.0,49,15,-108,0,3.23,0.29,0.0115,0.0285,16.71,16.52,10.15
599.702,flow_only,49.2,52.1373575,21.1607812,92.96,52.1373609,21.1607952,29,0.51,1.255,255,-0.1673,0.5019,-0.0383,-0.0605,2.87,2.598,0.04,-0.48,140.78,0.04,0.0,0.04,0.02,99695,1507,3,0.23,0.08,-0.05,0.0,49,32,252,0,3.21,0.27,0.011,0.0359,16.42,18.63,10.55
599.802,flow_only,49.3,52.1373567,21.1607824,92.96,52.1373592,21.1607974,29,0.51,1.178,255,0.0,0.1673,0.0388,-0.1003,2.856,2.597,0.11,-1.01,140.55,0.04,0.0,0.02,0.05,99695,1507,3,0.24,0.08,-0.05,0.0,49,4,-164,0,3.2,0.25,0.0249,0.0571,17.37,17.24,9.33
599.903,flow_only,49.4,52.1373559,21.1607834,92.96,52.1373592,21.1607974,29,0.51,1.178,255,0.0,0.1673,0.0098,-0.102,2.872,2.592,0.2,-1.59,140.36,0.04,0.0,0.05,0.05,99695,1507,3,0.24,0.08,-0.05,0.0,49,-33,37,0,3.18,0.24,0.0274,0.0667,16.92,17.04,9.69
600.002,flow_only,49.5,52.1373551,21.1607845,92.95,52.1373576,21.1607997,29,0.51,1.13,255,0.0,0.3346,-0.0307,-0.1285,2.864,2.587,0.12,-2.29,140.22,0.04,0.0,0.02,0.03,99695,1507,3,0.24,0.08,-0.05,0.0,49,183,-114,0,3.17,0.24,0.0197,0.0564,17.53,17.75,8.82
600.102,flow_only,49.6,52.1373543,21.1607857,92.94,52.1373576,21.1607997,29,0.51,1.13,255,0.0,0.3346,0.0045,-0.0795,2.864,2.579,0.08,-2.89,140.1,0.04,0.0,0.05,0.05,99695,1507,3,0.24,0.08,-0.05,0.0,49,8,-121,0,3.15,0.19,0.0222,0.0645,15.78,17.19,8.48
600.202,flow_only,49.7,52.1373535,21.1607869,92.94,52.137356,21.160802,29,0.51,1.25,255,0.1673,0.3346,0.0359,-0.0456,2.876,2.574,0.18,-3.21,139.97,0.04,0.0,0.01,0.04,99695,1507,3,0.24,0.08,-0.05,0.0,49,-27,-16,0,3.15,0.2,0.0168,0.0511,15.55,17.25,9.24
600.303,flow_only,49.801,52.1373528,21.160788,92.93,52.137356,21.160802,29,0.51,1.25,255,0.0,0.5019,0.0295,-0.0201,2.866,2.569,0.37,-3.4,139.86,0.04,0.0,0.03,0.05,99695,1507,3,0.24,0.08,-0.05,0.0,49,129,-189,0,3.14,0.19,0.0437,0.099,14.46,18.3,10.06
600.403,flow_only,49.901,52.1373522,21.1607891,92.93,52.1373543,21.1608043,29,0.51,1.169,255,0.1673,0.1673,0.0381,-0.001,2.894,2.563,0.56,-3.43,139.71,0.04,0.0,0.05,0.04,99695,1507,3,0.24,0.08,-0.05,0.0,49,-37,-227,0,3.12,0.17,0.0545,0.1193,14.2,18.65,10.41
600.502,flow_only,50.0,52.1373516,21.1607901,92.92,52.1373543,21.1608043,29,0.51,1.169,255,0.0,0.3347,0.0368,0.0104,2.902,2.56,0.85,-3.38,139.61,0.04,0.0,0.0,0.04,99695,1507,3,0.24,0.08,-0.05,0.0,49,-71,265,0,3.13,0.17,0.0186,0.0496,14.17,18.78,10.06
600.602,flow_only,50.1,52.1373508,21.1607913,92.93,52.1373527,21.1608069,29,0.51,1.323,255,0.0,0.3346,0.0075,0.0601,2.904,2.561,0.91,-3.21,139.61,0.04,0.0,0.0,0.04,99695,1507,3,0.24,0.08,-0.05,0.0,49,-42,82,0,3.13,0.14,0.0106,0.0331,15.31,18.63,9.34
600.702,flow_only,50.2,52.1373501,21.1607924,92.93,52.1373527,21.1608069,29,0.51,1.323,255,0.0,0.5019,0.0179,0.1139,2.92,2.561,1.01,-2.62,139.6,0.04,0.0,0.04,0.03,99695,1507,3,0.24,0.08,-0.05,0.0,49,-44,13,0,3.12,0.12,0.0151,0.042,15.66,18.77,8.87
600.802,flow_only,50.3,52.1373491,21.1607937,92.93,52.137351,21.1608094,29,0.51,1.214,255,0.0,0.3346,0.0185,0.134,2.904,2.563,1.08,-1.91,139.59,0.04,0.0,0.0,0.03,99695,1507,3,0.24,0.08,-0.05,0.0,49,-15,-48,0,3.13,0.13,0.0098,0.0231,16.68,15.96,8.84
600.902,flow_only,50.4,52.1373481,21.160795,92.93,52.137351,21.1608094,29,0.51,1.214,255,0.0,0.8365,-0.0122,0.1993,2.9,2.568,1.1,-0.92,139.57,0.04,0.0,0.0,0.01,99695,1507,3,0.24,0.08,-0.05,0.0,49,154,-257,0,3.14,0.13,0.0059,0.0104,17.67,16.1,9.62
601.003,flow_only,50.5,52.1373473,21.1607963,92.94,52.1373494,21.1608119,30,0.5,1.177,255,0.0,0.3348,-0.0248,0.2286,2.906,2.572,0.91,0.4,139.55,0.04,0.0,0.02,0.02,99695,1507,3,0.24,0.07,-0.05,0.0,49,19,347,0,3.13,0.14,0.0212,0.0401,16.97,16.49,9.61
601.103,flow_only,50.601,52.1373464,21.1607975,92.93,52.1373494,21.1608119,30,0.5,1.177,255,0.0,0.5018,-0.0025,0.2157,2.97,2.569,0.92,1.62,139.55,0.04,0.0,0.06,0.04,99695,1507,3,0.24,0.07,-0.05,0.0,49,-18,382,0,3.11,0.11,0.0241,0.0509,16.91,16.14,9.43
601.202,flow_only,50.7,52.1373456,21.1607987,92.93,52.1373478,21.1608142,30,0.5,1.153,255,0.0,0.8366,0.0144,0.2102,2.97,2.563,0.97,2.82,139.57,0.04,0.0,0.03,0.05,99695,1507,3,0.24,0.08,-0.05,0.0,49,-26,-112,0,3.1,0.09,0.0068,0.029,15.73,17.91,9.78
601.303,flow_only,50.801,52.137345,21.1607998,92.92,52.1373478,21.1608142,30,0.5,1.153,255,0.0,0.5019,0.0122,0.1692,2.988,2.555,1.02,3.89,139.58,0.04,0.0,0.03,0.04,99695,1507,3,0.24,0.08,-0.05,0.0,49,-29,-40,0,3.09,0.04,0.0265,0.0626,14.29,18.89,9.9
601.403,flow_only,50.901,52.1373445,21.1608007,92.92,52.1373478,21.1608142,30,0.5,1.153,255,0.0,0.3347,0.0505,0.1097,2.956,2.55,1.22,4.6,139.63,0.04,0.0,0.0,0.03,99695,1507,3,0.24,0.08,-0.05,0.0,49,-45,-117,0,3.1,0.04,0.0155,0.0353,13.99,18.58,9.96
601.502,flow_only,51.0,52.137344,21.1608014,92.91,52.1373464,21.1608163,30,0.5,0.958,255,0.1673,0.5019,-0.0071,0.0718,2.952,2.548,1.36,5.07,139.71,0.04,0.0,0.0,0.03,99695,1507,3,0.24,0.08,-0.05,0.0,49,-63,-75,0,3.11,0.06,0.0171,0.0332,14.32,17.62,9.9
601.602,flow_only,51.1,52.1373437,21.1608019,92.91,52.1373452,21.160818,30,0.5,0.756,255,0.0,0.3346,-0.0163,0.0218,2.928,2.544,1.31,5.32,139.82,0.04,0.0,0.02,0.04,99695,1507,3,0.24,0.08,-0.05,0.0,49,14,-158,0,3.1,0.08,0.0359,0.0739,14.67,16.89,9.58
601.702,flow_only,51.2,52.1373433,21.1608024,92.91,52.1373452,21.160818,30,0.5,0.756,255,0.0,0.1673,-0.0042,-0.0971,2.938,2.541,1.23,5.05,139.95,0.04,0.0,0.01,0.04,99695,1507,3,0.24,0.08,-0.05,0.0,49,-147,-57,0,3.09,0.1,0.0195,0.0344,13.33,16.88,9.1
601.802,flow_only,51.3,52.1373431,21.1608027,92.9,52.1373443,21.1608192,30,0.5,0.508,255,-0.1673,0.0,-0.0196,-0.1343,2.934,2.539,1.21,4.31,140.07,0.04,0.0,0.01,0.05,99695,1507,3,0.24,0.07,-0.05,0.0,49,-2,-69,0,3.09,0.1,0.0157,0.03,12.73,17.01,8.55
601.903,flow_only,51.401,52.1373428,21.1608029,92.9,52.1373443,21.1608192,30,0.5,0.508,255,0.0,0.0,-0.045,-0.1566,2.942,2.534,1.05,3.52,140.13,0.04,0.0,0.04,0.04,99695,1507,3,0.24,0.07,-0.05,0.0,49,-143,-29,0,3.08,0.07,0.0198,0.0356,12.92,16.29,8.76
602.002,flow_only,51.5,52.1373427,21.160803,92.89,52.1373438,21.1608201,30,0.5,0.279,255,0.0,0.0,-0.0152,-0.1801,2.94,2.529,0.88,2.57,140.12,0.04,0.0,0.02,0.04,99695,1507,3,0.24,0.07,-0.05,0.0,49,38,33,0,3.07,0.06,0.0058,0.0179,12.51,16.5,7.86
602.102,flow_only,51.6,52.1373425,21.1608032,92.89,52.1373438,21.1608201,30,0.5,0.279,255,0.0,0.0,-0.021,-0.1259,2.938,2.524,0.84,1.73,140.03,0.04,0.0,0.03,0.03,99695,1507,3,0.24,0.07,-0.05,0.0,49,12,-120,0,3.06,0.04,0.0072,0.0238,13.43,16.29,8.08
602.202,flow_only,51.7,52.1373424,21.1608033,92.88,52.1373434,21.1608206,30,0.5,0.207,255,0.0,0.0,-0.0129,-0.1036,2.948,2.517,0.72,1.16,139.91,0.04,0.0,0.03,0.05,99695,1507,3,0.24,0.08,-0.05,0.0,49,31,15,0,3.05,0.04,0.0065,0.0217,12.48,14.98,7.89
602.303,flow_only,51.801,52.1373423,21.1608035,92.87,52.1373434,21.1608206,30,0.5,0.207,255,0.0,0.0,0.0153,-0.0943,2.95,2.51,0.79,0.62,139.75,0.04,0.0,0.03,0.03,99695,1507,3,0.24,0.08,-0.05,0.0,49,-7,31,0,3.04,0.02,0.0098,0.0247,12.3,12.51,7.2
602.403,flow_only,51.901,52.1373422,21.1608036,92.87,52.1373432,21.1608209,30,0.5,0.14,255,0.0,0.0,0.0221,-0.0593,2.96,2.502,0.9,0.22,139.58,0.04,0.0,0.03,0.05,99695,1507,3,0.24,0.07,-0.05,0.0,49,-3,27,0,3.04,0.0,0.012,0.028,12.9,13.87,7.34
602.503,flow_only,52.001,52.1373421,21.1608038,92.86,52.1373432,21.1608209,30,0.5,0.14,255,0.0,0.0,0.0063,-0.0564,2.976,2.495,0.94,-0.1,139.43,0.04,0.0,0.03,0.03,99695,1507,3,0.24,0.07,-0.05,0.0,49,9,19,0,3.03,0.0,0.0106,0.0271,12.23,13.73,7.67
602.602,flow_only,52.1,52.137342,21.1608039,92.85,52.1373429,21.160821,30,0.5,0.139,255,0.0,0.0,-0.0236,-0.046,2.976,2.485,0.85,-0.32,139.28,0.04,0.0,0.05,0.02,99695,1507,3,0.24,0.07,-0.05,0.0,49,7,-7,0,3.02,-0.04,0.0081,0.0264,11.94,12.51,7.6
602.702,flow_only,52.2,52.1373419,21.1608039,92.84,52.1373429,21.160821,30,0.5,0.139,255,0.0,-0.1673,-0.0199,-0.0577,2.99,2.473,0.72,-0.58,139.18,0.04,0.0,0.04,0.02,99695,1507,3,0.24,0.07,-0.05,0.0,49,-136,-171,0,3.01,-0.05,0.0104,0.0267,12.56,14.18,8.12
602.803,flow_only,52.301,52.1373418,21.1608039,92.83,52.1373428,21.160821,30,0.5,0.031,255,0.0,0.0,-0.0014,-0.0722,3.004,2.46,0.71,-0.94,139.1,0.04,0.0,0.05,0.04,99695,1507,3,0.24,0.12,-0.05,0.0,49,7,24,0,2.99,-0.07,0.0051,0.0254,12.3,14.16,7.61
602.903,flow_only,52.4,52.1373418,21.1608038,92.81,52.1373428,21.160821,30,0.5,0.031,255,0.0,0.0,-0.008,-0.0354,3.012,2.442,0.66,-1.26,139.03,0.04,0.0,0.08,0.03,99695,1507,3,0.24,0.12,-0.05,0.0,49,16,42,0,2.97,-0.11,0.0083,0.0373,12.46,14.9,8.23
603.002,flow_only,52.5,52.1373418,21.1608038,92.79,52.1373427,21.160821,30,0.5,0.04,255,0.0,0.0,0.0208,0.0092,3.02,2.421,0.73,-1.32,139.03,0.04,0.0,0.05,0.2,99695,1507,3,0.24,0.13,-0.05,0.0,49,4,-7,0,2.95,-0.13,0.0069,0.0344,12.35,14.49,7.15
603.102,flow_only,52.6,52.1373417,21.1608038,92.77,52.1373427,21.160821,30,0.5,0.04,255,0.0,0.0,-0.0072,0.032,3.022,2.402,0.74,-1.23,139.04,0.04,0.0,0.04,0.19,99695,1507,3,0.24,0.13,-0.05,0.0,49,1,-33,0,2.94,-0.15,0.0068,0.0294,11.94,16.02,8.15
603.203,flow_only,52.701,52.1373417,21.1608038,92.75,52.1373426,21.1608209,30,0.5,0.075,255,0.0,0.0,0.0057,0.0416,3.036,2.381,0.7,-1.05,139.08,0.04,0.0,0.07,0.21,99695,1507,3,0.24,0.09,-0.05,0.0,49,30,135,0,2.92,-0.18,0.0091,0.0355,12.31,13.76,7.66
603.302,flow_only,52.8,52.1373415,21.1608038,92.72,52.1373426,21.1608209,30,0.5,0.075,255,0.0,0.1673,-0.0059,0.0325,3.044,2.357,0.65,-0.91,139.12,0.04,0.0,0.06,0.21,99695,1507,3,0.24,0.09,-0.05,0.0,49,37,-53,0,2.9,-0.21,0.0121,0.0454,11.98,15.42,8.16
603.403,flow_only,52.901,52.1373414,21.1608037,92.7,52.1373425,21.160821,30,0.5,0.055,255,0.0,0.0,-0.0103,0.0639,3.046,2.335,0.57,-0.62,139.24,0.04,0.0,0.04,0.2,99695,1507,3,0.24,0.08,-0.05,0.0,49,37,97,0,2.9,-0.23,0.017,0.0519,13.66,15.16,7.95
603.503,flow_only,53.001,52.1373412,21.1608036,92.68,52.1373425,21.160821,30,0.5,0.055,255,0.0,0.0,-0.0493,0.0522,3.06,2.316,0.33,-0.32,139.38,0.04,0.0,0.02,0.06,99695,1507,3,0.24,0.08,-0.05,0.0,49,57,-74,0,2.89,-0.24,0.0077,0.0218,12.1,13.78,7.77
603.602,flow_only,53.1,52.1373412,21.1608035,92.66,52.1373424,21.1608211,30,0.5,0.053,255,0.0,0.0,-0.038,0.0302,3.072,2.298,0.03,-0.11,139.52,0.04,0.0,0.04,0.03,99695,1507,3,0.24,0.11,-0.05,0.0,49,-101,-64,0,2.89,-0.26,0.012,0.0263,12.64,14.55,7.48
603.702,flow_only,53.2,52.1373412,21.1608034,92.65,52.1373424,21.1608211,30,0.5,0.053,255,0.0,0.0,-0.0193,-0.0324,3.082,2.282,-0.14,-0.14,139.66,0.04,0.0,0.03,0.05,99695,1507,3,0.24,0.11,-0.05,0.0,49,-112,-30,0,2.88,-0.27,0.0145,0.0276,12.72,13.66,7.83
603.802,flow_only,53.3,52.1373412,21.1608033,92.63,52.1373424,21.1608212,30,0.5,0.058,255,0.0,-0.1673,0.004,-0.0575,3.094,2.262,-0.18,-0.4,139.75,0.04,0.0,0.07,0.06,99695,1507,3,0.24,0.14,-0.05,0.0,49,30,37,0,2.86,-0.3,0.0053,0.0195,12.39,13.53,7.2
603.903,flow_only,53.4,52.1373412,21.1608033,92.61,52.1373424,21.1608212,30,0.5,0.058,255,0.0,0.0,0.0126,-0.0664,3.092,2.241,-0.13,-0.76,139.79,0.04,0.0,0.05,0.05,99695,1507,3,0.24,0.14,-0.05,0.0,49,-8,39,0,2.85,-0.33,0.0053,0.0203,12.09,13.46,7.4
604.002,flow_only,53.5,52.1373412,21.1608032,92.59,52.1373425,21.1608213,30,0.5,0.086,255,0.0,0.0,0.0213,-0.0219,3.092,2.22,-0.02,-0.94,139.76,0.04,0.0,0.03,0.03,99695,1507,3,0.24,0.13,-0.05,0.0,49,-12,-137,0,2.84,-0.34,0.0149,0.0297,12.03,13.66,7.35
604.102,flow_only,53.6,52.1373413,21.1608031,92.57,52.1373425,21.1608213,30,0.5,0.086,255,0.1673,0.0,0.0486,-0.0227,3.102,2.201,0.25,-0.97,139.7,0.04,0.0,0.03,0.04,99695,1507,3,0.24,0.13,-0.05,0.0,49,-68,-7,0,2.83,-0.35,0.0115,0.0211,10.73,13.7,7.76
604.202,flow_only,53.7,52.1373413,21.1608031,92.55,52.1373426,21.1608215,30,0.5,0.086,255,0.1673,0.0,0.0145,-0.011,3.114,2.18,0.43,-1.05,139.64,0.04,0.0,0.04,0.04,99695,1507,3,0.24,0.07,-0.05,0.0,49,-35,11,0,2.82,-0.36,0.0023,0.0094,12.38,14.39,7.61
604.302,flow_only,53.8,52.1373414,21.160803,92.52,52.1373426,21.1608215,30,0.5,0.086,255,0.0,0.0,0.0135,0.0078,3.124,2.159,0.47,-1.01,139.62,0.04,0.0,0.04,0.06,99695,1507,3,0.24,0.07,-0.05,0.0,49,-9,-8,0,2.81,-0.38,0.0131,0.0246,12.24,13.88,6.88
604.403,flow_only,53.901,52.1373415,21.1608029,92.5,52.1373426,21.1608215,30,0.5,0.086,255,0.0,0.0,0.0023,-0.0054,3.126,2.138,0.52,-0.98,139.59,0.04,0.0,0.04,0.02,99695,1507,3,0.24,0.07,-0.05,0.0,49,-10,-5,0,2.8,-0.41,0.0101,0.0188,12.14,13.5,6.83
604.503,flow_only,54.001,52.1373416,21.1608029,92.48,52.1373427,21.1608217,30,0.5,0.097,255,0.0,0.0,-0.0308,-0.0094,3.134,2.116,0.43,-1.02,139.59,0.04,0.0,0.04,0.07,99695,1507,3,0.25,0.08,-0.05,0.0,49,0,-158,0,2.79,-0.42,0.0192,0.0405,12.5,13.45,7.22
604.602,flow_only,54.1,52.1373418,21.1608029,92.46,52.1373429,21.160822,30,0.5,0.116,255,0.0,0.0,0.0033,-0.0233,3.15,2.095,0.35,-1.15,139.58,0.04,0.0,0.04,0.03,99695,1507,3,0.25,0.12,-0.05,0.0,49,16,24,0,2.78,-0.45,0.0113,0.0259,11.36,13.0,7.31
604.702,flow_only,54.2,52.1373419,21.160803,92.44,52.1373429,21.160822,30,0.5,0.116,255,0.1673,0.0,0.0702,-0.0316,3.154,2.075,0.62,-1.34,139.59,0.04,0.0,0.03,0.04,99695,1507,3,0.25,0.12,-0.05,0.0,49,105,39,0,2.77,-0.46,0.0137,0.0275,10.91,13.78,7.52
604.802,flow_only,54.3,52.1373421,21.1608031,92.42,52.1373429,21.1608223,30,0.5,0.076,255,0.0,-0.1673,0.0284,-0.0082,3.158,2.055,0.86,-1.44,139.56,0.04,0.0,0.02,0.04,99695,1507,3,0.25,0.13,-0.05,0.0,49,91,-138,0,2.76,-0.47,0.0202,0.0438,11.24,14.87,7.34
604.902,flow_only,54.4,52.1373422,21.1608031,92.4,52.1373429,21.1608223,30,0.5,0.076,255,0.1673,0.0,0.0226,-0.0404,3.172,2.038,1.0,-1.61,139.54,0.04,0.0,0.01,0.03,99695,1507,3,0.25,0.13,-0.05,0.0,49,-55,33,0,2.76,-0.48,0.0062,0.0165,11.22,12.79,7.23
605.003,flow_only,54.5,52.1373423,21.1608031,92.39,52.137343,21.1608226,30,0.5,0.146,255,0.0,0.0,0.0275,-0.0209,3.18,2.027,1.15,-1.8,139.46,0.04,0.0,0.01,0.04,99695,1507,3,0.25,0.13,-0.05,0.0,49,124,38,0,2.78,-0.48,0.0098,0.0306,11.23,14.88,7.72
605.102,flow_only,54.6,52.1373423,21.1608032,92.38,52.137343,21.1608226,30,0.5,0.146,255,0.1673,0.0,-0.0052,0.0306,3.19,2.02,1.2,-1.79,139.4,0.04,0.0,0.01,0.03,99695,1507,3,0.25,0.13,-0.05,0.0,49,-35,11,0,2.79,-0.48,0.0092,0.0364,11.91,12.68,6.72
605.202,flow_only,54.7,52.1373424,21.1608033,92.37,52.1373431,21.160823,30,0.5,0.1,255,0.0,0.0,0.0031,0.0314,3.186,2.009,1.21,-1.65,139.32,0.04,0.0,0.03,0.05,99695,1507,3,0.25,0.12,-0.05,0.0,49,-34,-36,0,2.77,-0.5,0.0086,0.0291,11.95,14.04,7.34
605.302,flow_only,54.8,52.1373424,21.1608034,92.36,52.1373431,21.160823,30,0.5,0.1,255,0.0,0.0,0.0128,0.033,3.196,1.996,1.24,-1.51,139.25,0.04,0.0,0.01,0.05,99695,1507,3,0.25,0.12,-0.05,0.0,49,-12,-29,0,2.77,-0.5,0.0059,0.0254,13.26,15.23,7.68
605.403,flow_only,54.901,52.1373424,21.1608035,92.35,52.1373431,21.160823,30,0.5,0.1,255,0.0,0.0,0.0108,0.0389,3.2,1.987,1.31,-1.32,139.18,0.04,0.0,0.02,0.01,99695,1507,3,0.25,0.12,-0.05,0.0,49,-26,121,0,2.78,-0.5,0.0187,0.0484,12.06,14.85,7.83
605.503,flow_only,55.001,52.1373423,21.1608036,92.34,52.1373431,21.1608233,30,0.5,0.079,255,0.0,0.0,-0.005,0.0334,3.184,1.977,1.34,-1.18,139.16,0.04,0.0,0.0,0.01,99695,1507,3,0.25,0.08,-0.05,0.0,49,-8,-45,0,2.78,-0.5,0.009,0.0352,13.39,14.37,7.58
605.602,flow_only,55.1,52.1373423,21.1608037,92.33,52.137343,21.1608235,30,0.5,0.065,255,0.0,0.0,-0.0283,0.0294,3.198,1.965,1.22,-0.98,139.14,0.04,0.0,0.02,0.05,99695,1507,3,0.25,0.11,-0.05,0.0,49,15,-69,0,2.77,-0.5,0.0049,0.0258,12.49,14.26,7.84
605.702,flow_only,55.2,52.1373423,21.1608037,92.32,52.137343,21.1608235,30,0.5,0.065,255,0.0,0.1673,-0.008,0.0158,3.198,1.955,1.1,-0.84,139.12,0.04,0.0,0.03,0.01,99695,1507,3,0.25,0.11,-0.05,0.0,49,28,107,0,2.78,-0.5,0.0097,0.0393,12.86,13.77,7.59
605.802,flow_only,55.3,52.1373422,21.1608038,92.31,52.1373429,21.1608237,30,0.5,0.105,255,0.0,0.0,-0.0014,0.009,3.196,1.943,1.02,-0.81,139.1,0.04,0.0,0.01,0.03,99695,1507,3,0.25,0.08,-0.05,0.0,49,19,127,0,2.77,-0.52,0.0149,0.0395,13.4,13.4,7.73
605.903,flow_only,55.401,52.1373421,21.160804,92.3,52.1373429,21.1608237,30,0.5,0.105,255,0.0,0.1673,-0.0135,0.0105,3.19,1.933,0.98,-0.75,139.09,0.04,0.0,0.01,0.06,99695,1507,3,0.25,0.08,-0.05,0.0,49,-8,-45,0,2.77,-0.51,0.0095,0.0369,12.97,15.03,7.29
606.003,flow_only,55.5,52.137342,21.160804,92.29,52.1373429,21.160824,30,0.5,0.091,255,0.0,0.0,0.0027,0.048,3.192,1.926,0.97,-0.46,139.13,0.04,0.0,0.02,0.01,99695,1507,3,0.25,0.08,-0.05,0.0,49,10,79,0,2.78,-0.51,0.0134,0.0466,11.79,13.09,7.58
606.102,flow_only,55.6,52.1373419,21.160804,92.28,52.1373429,21.160824,30,0.5,0.091,255,0.0,0.0,-0.0175,0.085,3.192,1.919,0.91,-0.04,139.18,0.04,0.0,0.01,0.03,99695,1507,3,0.25,0.08,-0.05,0.0,49,18,-101,0,2.78,-0.5,0.0096,0.0427,12.46,14.79,8.13
606.202,flow_only,55.7,52.1373419,21.160804,92.28,52.1373429,21.1608242,30,0.5,0.05,255,0.0,0.1673,-0.0261,0.1302,3.195,1.912,0.77,0.6,139.24,0.04,0.0,0.0,0.03,99695,1507,3,0.25,0.08,-0.05,0.0,49,45,48,0,2.78,-0.49,0.0081,0.0366,11.72,13.0,7.64
606.303,flow_only,55.8,52.1373419,21.160804,92.27,52.1373429,21.1608242,30,0.5,0.05,255,0.0,0.1673,-0.0131,0.0967,3.204,1.904,0.63,1.25,139.28,0.04,0.0,0.01,0.04,99695,1507,3,0.25,0.08,-0.05,0.0,49,-127,28,0,2.78,-0.5,0.0108,0.039,12.27,15.63,8.16
606.403,flow_only,55.901,52.1373418,21.160804,92.26,52.1373429,21.1608242,30,0.5,0.05,255,0.0,0.1673,0.0039,0.0952,3.21,1.897,0.65,1.77,139.32,0.04,0.0,0.0,0.06,99695,1507,3,0.25,0.08,-0.05,0.0,49,14,68,0,2.78,-0.5,0.0176,0.0456,12.15,13.72,7.41
606.503,flow_only,56.001,52.1373418,21.160804,92.25,52.1373429,21.1608243,30,0.5,0.029,255,0.0,0.0,-0.009,0.1028,3.228,1.887,0.63,2.31,138.92,0.04,0.0,0.0,0.03,99695,1507,3,0.25,0.11,-0.05,0.0,49,14,78,0,2.77,-0.51,0.0246,0.052,12.61,14.54,7.8
606.603,flow_only,56.1,52.1373417,21.160804,92.24,52.1373429,21.1608242,30,0.5,0.057,255,0.0,0.1672,-0.0131,0.1099,3.238,1.876,0.47,2.87,137.24,0.04,0.0,0.0,0.05,99695,1507,3,0.25,0.12,-0.05,0.0,49,17,92,0,2.77,-0.52,0.0242,0.0495,13.11,13.66,8.69
606.702,flow_only,56.2,52.1373418,21.1608039,92.23,52.1373429,21.1608242,30,0.5,0.057,255,0.0,0.0,-0.0005,0.1046,3.224,1.864,0.25,3.45,133.82,0.04,0.0,0.01,0.04,99695,1507,3,0.25,0.12,-0.05,0.0,49,-10,-55,0,2.76,-0.54,0.0094,0.0296,18.08,16.57,9.26
606.802,flow_only,56.3,52.1373419,21.1608038,92.22,52.1373431,21.1608239,30,0.5,0.254,255,0.0,0.1673,-0.023,0.0828,3.218,1.852,-0.13,3.93,129.02,0.04,0.0,0.0,0.06,99695,1507,3,0.25,0.09,-0.05,0.0,49,-11,-27,0,2.76,-0.54,0.0116,0.0317,23.53,22.2,10.03
606.903,flow_only,56.4,52.1373421,21.1608036,92.2,52.1373431,21.1608239,30,0.5,0.254,255,0.0,0.0,-0.0384,0.0645,3.21,1.835,-0.75,4.21,123.29,0.04,0.0,0.02,0.07,99695,1507,3,0.25,0.09,-0.05,0.0,49,167,32,0,2.74,-0.55,0.0232,0.0424,23.63,26.61,10.91
607.003,flow_only,56.5,52.1373424,21.1608035,92.18,52.1373435,21.1608234,30,0.5,0.314,255,-2.3427,0.8367,-0.003,0.0491,3.19,1.817,-1.32,4.37,116.88,0.04,0.0,0.01,0.03,99695,1507,3,0.25,0.08,-0.05,0.0,49,120,74,0,2.74,-0.54,0.027,0.0462,23.52,24.0,14.13
607.102,flow_only,56.6,52.1373427,21.1608033,92.17,52.1373435,21.1608234,30,0.5,0.314,255,-1.171,0.0,0.0041,0.0403,3.17,1.803,-1.81,4.41,109.98,0.04,0.0,0.02,0.01,99695,1507,3,0.25,0.08,-0.05,0.0,49,223,-68,0,2.74,-0.52,0.0321,0.057,24.09,27.33,12.76
607.202,flow_only,56.7,52.1373432,21.1608031,92.16,52.1373439,21.1608226,30,0.5,0.415,255,-0.502,0.0,0.021,0.069,3.182,1.79,-2.29,4.45,102.73,0.04,0.0,0.01,0.01,99695,1507,3,0.25,0.08,-0.05,0.0,49,20,106,0,2.74,-0.5,0.0317,0.0547,19.89,22.76,12.91
607.302,flow_only,56.8,52.1373435,21.1608027,92.15,52.1373439,21.1608226,30,0.5,0.415,255,0.3346,0.0,0.0321,0.0783,3.195,1.782,-2.65,4.5,95.32,0.04,0.0,0.01,0.02,99695,1507,3,0.25,0.08,-0.05,0.0,49,-27,104,0,2.74,-0.49,0.0477,0.0926,20.69,20.66,11.93
607.403,flow_only,56.901,52.1373437,21.1608023,92.14,52.1373439,21.1608226,30,0.5,0.415,255,0.5019,0.1673,-0.0879,0.0219,3.19,1.774,-3.39,4.33,87.85,0.04,0.0,0.0,0.03,99695,1507,3,0.25,0.08,-0.05,0.0,49,-13,130,0,2.74,-0.52,0.0464,0.0773,19.78,20.47,10.05
607.503,flow_only,57.001,52.1373441,21.1608021,92.13,52.1373445,21.1608215,30,0.5,0.572,255,0.0,0.0,-0.095,0.0066,3.2,1.769,-4.44,3.84,80.51,0.04,0.0,0.02,0.04,99695,1507,3,0.25,0.09,-0.05,0.0,49,8,147,0,2.75,-0.51,0.087,0.1328,17.04,20.13,9.47
607.602,flow_only,57.1,52.1373448,21.160802,92.13,52.1373454,21.16082,30,0.5,0.763,255,0.8365,-0.1673,-0.0584,0.0965,3.22,1.769,-5.26,3.53,73.27,0.04,0.0,0.04,0.06,99695,1507,3,0.25,0.1,-0.05,0.0,49,467,263,0,2.77,-0.49,0.0788,0.1177,15.19,18.17,8.62
607.702,flow_only,57.2,52.1373455,21.1608016,92.13,52.1373454,21.16082,30,0.5,0.763,255,0.1674,0.0,0.0258,0.1062,3.23,1.768,-5.65,3.44,66.26,0.04,0.0,0.01,0.05,99695,1507,3,0.25,0.1,-0.05,0.0,49,21,11,0,2.77,-0.51,0.0431,0.0702,15.06,15.23,8.73
607.802,flow_only,57.3,52.1373463,21.1608012,92.13,52.1373465,21.1608182,30,0.51,0.994,255,0.3347,0.0,0.0867,0.0837,3.232,1.763,-5.54,3.27,59.44,0.04,0.0,0.0,0.06,99695,1507,3,0.25,0.1,-0.05,0.0,49,-290,-25,0,2.77,-0.51,0.0441,0.0743,15.04,15.95,8.97
607.903,flow_only,57.4,52.1373469,21.1608005,92.12,52.1373465,21.1608182,30,0.51,0.994,255,0.3346,0.0,0.0875,0.0547,3.222,1.759,-5.26,3.04,52.88,0.04,0.0,0.01,0.08,99695,1507,3,0.25,0.1,-0.05,0.0,49,-190,-13,0,2.78,-0.51,0.0369,0.0745,14.39,16.66,9.86
608.002,flow_only,57.5,52.1373475,21.1607997,92.12,52.137348,21.1608159,30,0.5,1.26,255,0.3346,0.0,0.0197,-0.0201,3.222,1.753,-5.21,2.52,46.52,0.04,0.0,0.0,0.09,99695,1507,3,0.25,0.11,-0.05,0.0,49,156,-4,0,2.78,-0.5,0.023,0.0532,15.26,17.13,10.26
608.102,flow_only,57.6,52.1373481,21.1607987,92.11,52.137348,21.1608159,30,0.5,1.26,255,0.3346,0.0,0.0281,-0.0631,3.194,1.745,-5.24,1.67,40.33,0.04,0.0,0.0,0.08,99695,1507,3,0.25,0.11,-0.05,0.0,49,-330,44,0,2.78,-0.49,0.0471,0.0896,16.27,18.3,10.44
608.202,flow_only,57.7,52.1373486,21.1607978,92.1,52.1373496,21.160813,30,0.5,1.395,255,0.6692,0.0,0.0448,-0.0899,3.172,1.737,-5.08,0.7,34.26,0.04,0.0,0.0,0.07,99695,1507,3,0.26,0.1,-0.05,0.0,49,-197,13,0,2.78,-0.49,0.0547,0.1002,14.92,17.92,9.83
608.302,flow_only,57.8,52.1373492,21.1607967,92.09,52.1373496,21.160813,30,0.5,1.395,255,0.3346,0.1673,0.0327,-0.0742,3.17,1.729,-4.84,-0.28,28.26,0.04,0.0,0.0,0.07,99695,1507,3,0.26,0.1,-0.05,0.0,49,-214,-9,0,2.77,-0.48,0.0419,0.0786,14.65,17.01,9.91
608.403,flow_only,57.901,52.1373498,21.1607957,92.08,52.1373515,21.1608099,29,0.51,1.552,255,0.5019,0.0,0.0413,-0.0239,3.164,1.717,-4.5,-1.02,22.3,0.04,0.0,0.02,0.08,99695,1507,3,0.26,0.1,-0.05,0.0,49,-33,64,0,2.76,-0.49,0.0398,0.0735,14.36,16.59,10.26
608.503,flow_only,58.001,52.1373505,21.1607945,92.07,52.1373515,21.1608099,29,0.51,1.552,255,0.5019,0.1673,0.0493,-0.0086,3.214,1.703,-4.06,-1.49,16.37,0.04,0.0,0.01,0.08,99695,1507,3,0.26,0.1,-0.05,0.0,49,279,135,0,2.74,-0.5,0.0174,0.0376,16.03,15.64,10.26
608.603,flow_only,58.1,52.1373512,21.1607932,92.05,52.1373536,21.1608065,29,0.51,1.774,255,0.5019,0.1673,0.0466,-0.0017,3.188,1.688,-3.62,-1.89,10.47,0.04,0.0,0.0,0.09,99695,1507,3,0.26,0.1,-0.05,0.0,49,-73,-65,0,2.75,-0.54,0.0161,0.0311,15.33,17.27,10.13
608.702,flow_only,58.2,52.137352,21.1607918,92.04,52.1373536,21.1608065,29,0.51,1.774,255,0.3344,0.1672,0.1027,0.0384,3.172,1.677,-2.93,-2.04,4.6,0.04,0.0,0.03,0.08,99695,1507,3,0.26,0.1,-0.05,0.0,49,-68,-137,0,2.75,-0.53,0.0265,0.0455,14.8,16.65,9.51
608.802,flow_only,58.3,52.1373527,21.1607903,92.03,52.1373558,21.1608028,29,0.51,1.74,255,1.0037,0.6691,0.1096,0.0483,3.174,1.668,-2.07,-1.97,358.75,0.04,0.0,0.01,0.07,99695,1507,3,0.26,0.11,-0.05,0.0,49,377,100,0,2.76,-0.5,0.0403,0.0442,13.88,16.12,9.63
608.902,flow_only,58.4,52.1373535,21.1607887,92.02,52.1373558,21.1608028,29,0.51,1.74,255,0.3346,0.3346,0.1099,0.0291,3.186,1.66,-1.26,-1.91,352.89,0.04,0.0,0.01,0.07,99695,1507,3,0.26,0.11,-0.05,0.0,49,-55,-102,0,2.76,-0.49,0.0247,0.0399,15.87,17.84,9.07
609.002,flow_only,58.5,52.1373542,21.1607872,92.02,52.1373581,21.160799,29,0.51,1.95,255,0.3345,0.3345,0.0881,0.0424,3.172,1.65,-0.4,-1.7,347.1,0.04,0.0,0.0,0.08,99695,1507,3,0.26,0.11,-0.05,0.0,49,-217,-167,0,2.75,-0.5,0.032,0.0541,19.0,17.21,9.54
609.102,flow_only,58.6,52.1373551,21.1607857,92.01,52.1373581,21.160799,29,0.51,1.95,255,0.1673,0.502,0.0117,-0.0245,3.176,1.642,-0.01,-1.66,341.36,0.04,0.0,0.02,0.07,99695,1507,3,0.26,0.11,-0.05,0.0,49,-104,-4,0,2.76,-0.49,0.0202,0.0191,16.12,15.25,9.27
609.202,flow_only,58.7,52.137356,21.1607842,92.0,52.1373607,21.160795,29,0.52,2.042,255,0.1673,0.502,0.005,-0.0173,3.172,1.638,0.29,-1.73,335.55,0.04,0.0,0.04,0.07,99695,1507,3,0.26,0.11,-0.05,0.0,49,9,-166,0,2.77,-0.49,0.0118,0.0229,18.97,19.82,10.47
609.302,flow_only,58.8,52.1373569,21.1607828,92.0,52.1373607,21.160795,29,0.52,2.042,255,0.1673,0.3346,-0.0265,-0.0275,3.15,1.631,0.48,-1.75,329.71,0.04,0.0,0.01,0.08,99695,1507,3,0.26,0.11,-0.05,0.0,49,75,462,0,2.76,-0.49,0.039,0.073,18.71,15.85,11.89
609.403,flow_only,58.901,52.1373581,21.1607814,91.99,52.1373607,21.160795,29,0.52,2.042,255,0.1673,1.0039,-0.0652,0.001,3.192,1.623,0.5,-1.77,323.8,0.04,0.0,0.01,0.08,99695,1507,3,0.26,0.11,-0.05,0.0,49,-151,-67,0,2.77,-0.47,0.0328,0.0679,18.59,16.22,11.9
609.503,flow_only,59.001,52.1373593,21.1607801,91.98,52.1373633,21.160791,29,0.51,1.98,255,0.0,0.5019,-0.1304,0.0652,3.168,1.614,0.16,-1.46,318.4,0.04,0.0,0.0,0.08,99695,1507,3,0.26,0.11,-0.05,0.0,49,3,-157,0,2.76,-0.47,0.0224,0.052,19.01,17.0,10.47
609.602,flow_only,59.1,52.1373605,21.1607788,91.97,52.137366,21.1607869,29,0.51,2.117,255,0.0,0.502,-0.1229,0.0425,3.174,1.605,-0.53,-1.15,314.28,0.04,0.0,0.0,0.08,99695,1507,3,0.26,0.12,-0.05,0.0,49,-74,352,0,2.77,-0.49,0.0444,0.0909,16.04,15.71,9.44
609.702,flow_only,59.2,52.1373617,21.1607775,91.96,52.137366,21.1607869,29,0.51,2.117,255,-0.1673,0.3346,-0.0797,0.0211,3.17,1.594,-1.0,-1.06,311.87,0.04,0.0,0.0,0.07,99695,1507,3,0.26,0.12,-0.05,0.0,49,122,-106,0,2.77,-0.48,0.0147,0.0395,15.4,18.71,9.82
609.802,flow_only,59.3,52.1373627,21.1607761,91.95,52.1373687,21.1607826,29,0.51,2.086,255,0.0,0.3346,-0.0692,0.0142,3.19,1.586,-1.38,-0.96,310.86,0.04,0.0,0.02,0.07,99695,1507,3,0.26,0.13,-0.05,0.0,49,-33,-99,0,2.78,-0.47,0.0042,0.0126,17.94,20.66,10.02
609.903,flow_only,59.401,52.1373638,21.1607747,91.94,52.1373687,21.1607826,29,0.51,2.086,255,-0.1673,1.0037,0.0077,-0.0047,3.192,1.578,-1.5,-0.96,310.8,0.04,0.0,0.0,0.05,99695,1507,3,0.26,0.13,-0.05,0.0,49,123,-72,0,2.78,-0.47,0.0308,0.0487,17.36,22.5,10.69
610.002,flow_only,59.5,52.1373648,21.1607732,91.94,52.1373713,21.1607783,29,0.51,2.043,255,-0.1673,1.0039,0.0373,0.0395,3.184,1.573,-1.36,-0.85,311.44,0.04,0.0,0.04,0.07,99695,1507,3,0.26,0.12,-0.05,0.0,49,30,-53,0,2.8,-0.48,0.0162,0.0241,18.08,22.13,9.97
610.102,flow_only,59.6,52.1373657,21.1607717,91.94,52.1373713,21.1607783,29,0.51,2.043,255,-0.1673,0.5019,0.034,0.0239,3.166,1.574,-1.2,-0.61,312.6,0.04,0.0,0.06,0.07,99695,1507,3,0.26,0.12,-0.05,0.0,49,23,422,0,2.82,-0.45,0.0405,0.0637,17.0,19.49,10.44
610.202,flow_only,59.7,52.1373668,21.1607702,91.94,52.1373738,21.1607739,29,0.51,2.043,255,0.0,0.502,0.103,-0.0227,3.178,1.579,-0.77,-0.76,314.01,0.04,0.0,0.05,0.04,99695,1507,3,0.27,0.12,-0.05,0.0,49,-37,-17,0,2.84,-0.41,0.0238,0.057,18.3,20.17,10.11
610.302,flow_only,59.8,52.1373678,21.1607688,91.94,52.1373738,21.1607739,29,0.51,2.043,255,0.0,0.5019,0.0393,0.0075,3.164,1.58,-0.37,-0.76,315.52,0.04,0.0,0.0,0.07,99695,1507,3,0.27,0.12,-0.05,0.0,49,107,-39,0,2.83,-0.42,0.0159,0.037,18.36,19.83,10.95
610.403,flow_only,59.901,52.1373689,21.1607673,91.94,52.1373738,21.1607739,29,0.51,2.043,255,0.0,0.5018,0.0184,-0.0036,3.148,1.58,-0.34,-0.75,317.01,0.04,0.0,0.03,0.06,99695,1507,3,0.27,0.12,-0.05,0.0,49,5,-58,0,2.85,-0.42,0.0468,0.0799,17.52,20.77,11.01
610.503,flow_only,60.001,52.13737,21.1607657,91.95,52.1373762,21.1607696,29,0.51,1.981,255,0.1673,1.0041,0.0565,0.0242,3.164,1.582,-0.14,-0.67,318.32,0.04,0.0,0.04,0.08,99695,1507,3,0.27,0.12,-0.05,0.0,49,-41,-51,0,2.86,-0.39,0.0278,0.0575,16.95,19.21,10.76
610.603,flow_only,60.101,52.1373711,21.1607642,91.95,52.1373786,21.1607653,29,0.51,1.991,255,0.0,0.6691,0.0082,0.0272,3.144,1.584,-0.19,-0.56,319.4,0.04,0.0,0.03,0.04,99695,1507,3,0.27,0.12,-0.05,0.0,49,20,287,0,2.87,-0.39,0.0475,0.0781,16.74,17.01,9.53
610.703,flow_only,60.2,52.1373721,21.1607627,91.95,52.1373786,21.1607653,29,0.51,1.991,255,0.0,0.502,0.0135,-0.0157,3.162,1.585,-0.15,-0.57,320.13,0.04,0.0,0.03,0.06,99695,1507,3,0.27,0.12,-0.05,0.0,49,-42,-222,0,2.88,-0.36,0.0179,0.0406,15.09,15.97,9.7
610.802,flow_only,60.3,52.1373731,21.1607613,91.95,52.1373811,21.1607609,29,0.51,2.078,255,0.0,0.5019,-0.0348,-0.0312,3.16,1.588,-0.2,-0.63,320.5,0.04,0.0,0.05,0.05,99695,1507,3,0.27,0.13,-0.05,0.0,49,-50,-12,0,2.9,-0.35,0.0049,0.029,16.13,16.51,9.86
610.903,flow_only,60.4,52.137374,21.1607599,91.96,52.1373811,21.1607609,29,0.51,2.078,255,0.0,0.3346,-0.0171,-0.0136,3.12,1.595,-0.3,-0.68,320.64,0.04,0.0,0.06,0.09,99695,1507,3,0.27,0.13,-0.05,0.0,49,170,356,0,2.92,-0.32,0.0283,0.0546,16.23,15.92,9.48
611.003,flow_only,60.5,52.137375,21.1607585,91.97,52.1373835,21.1607567,29,0.51,1.925,255,0.0,0.5019,0.0026,-0.0534,3.102,1.602,-0.35,-0.97,320.6,0.04,0.0,0.03,0.07,99695,1507,3,0.27,0.13,-0.05,0.0,49,-27,48,0,2.93,-0.27,0.0248,0.0499,15.85,15.2,9.03
611.103,flow_only,60.6,52.1373759,21.1607571,91.97,52.1373835,21.1607567,29,0.51,1.925,255,0.1673,1.0035,0.0103,0.0122,3.096,1.606,-0.38,-1.05,320.48,0.04,0.0,0.02,0.07,99695,1507,3,0.27,0.13,-0.05,0.0,49,-27,-116,0,2.94,-0.25,0.0041,0.024,14.88,16.31,9.3
611.202,flow_only,60.7,52.137377,21.1607557,91.98,52.137386,21.1607526,29,0.51,2.025,255,0.0,0.3346,0.0483,-0.0081,3.112,1.611,-0.16,-1.03,320.24,0.04,0.0,0.04,0.07,99695,1507,3,0.27,0.12,-0.05,0.0,49,-61,-7,0,2.95,-0.23,0.0399,0.0676,14.81,18.07,9.9
611.303,flow_only,60.8,52.137378,21.1607543,91.98,52.137386,21.1607526,29,0.51,2.025,255,0.0,0.3346,0.0124,-0.0148,3.11,1.619,-0.07,-1.18,319.93,0.04,0.0,0.07,0.09,99695,1507,3,0.27,0.12,-0.05,0.0,49,118,57,0,2.98,-0.21,0.0259,0.0531,15.51,16.65,9.61
611.402,flow_only,60.9,52.137379,21.1607528,91.99,52.137386,21.1607526,29,0.51,2.025,255,0.1673,1.0037,-0.0187,0.0258,3.116,1.628,-0.14,-1.1,319.6,0.04,0.0,0.04,0.08,99695,1507,3,0.27,0.12,-0.05,0.0,49,0,341,0,2.98,-0.21,0.0507,0.0857,14.79,16.7,9.04
611.503,flow_only,61.001,52.1373801,21.1607513,92.0,52.1373885,21.1607484,29,0.51,2.069,255,0.0,0.5021,-0.0024,0.0029,3.096,1.634,-0.2,-1.05,319.23,0.04,0.0,0.02,0.08,99695,1507,3,0.27,0.1,-0.05,0.0,49,0,-150,0,2.98,-0.21,0.0201,0.0413,14.42,17.49,9.47
611.603,flow_only,61.101,52.1373811,21.16075,92.01,52.1373911,21.1607445,30,0.5,1.921,255,0.0,0.5019,-0.025,0.033,3.096,1.641,-0.29,-0.9,318.92,0.04,0.0,0.05,0.08,99695,1507,3,0.27,0.09,-0.05,0.0,49,21,8,0,3.0,-0.18,0.0048,0.0241,13.68,16.56,9.43
611.702,flow_only,61.2,52.1373822,21.1607486,92.02,52.1373911,21.1607445,30,0.5,1.921,255,0.0,0.8365,-0.007,-0.0196,3.066,1.65,-0.31,-0.82,318.65,0.04,0.0,0.05,0.07,99695,1507,3,0.27,0.09,-0.05,0.0,49,-8,488,0,3.01,-0.18,0.0401,0.07,15.28,15.81,8.86
611.802,flow_only,61.3,52.1373833,21.1607471,92.02,52.1373935,21.1607407,30,0.5,1.935,255,0.0,0.3346,-0.0345,0.0118,3.052,1.658,-0.46,-0.92,318.45,0.04,0.0,0.02,0.06,99695,1507,3,0.27,0.09,-0.05,0.0,49,-6,39,0,3.02,-0.13,0.0319,0.0565,14.69,16.74,9.31
611.903,flow_only,61.401,52.1373844,21.1607457,92.03,52.1373935,21.1607407,30,0.5,1.935,255,0.0,0.5018,-0.0096,0.0588,3.06,1.664,-0.51,-0.58,318.31,0.04,0.0,0.03,0.07,99695,1507,3,0.27,0.09,-0.05,0.0,49,-1,-27,0,3.02,-0.13,0.0229,0.0422,15.47,17.51,9.65
612.002,flow_only,61.5,52.1373856,21.1607441,92.04,52.1373961,21.1607368,30,0.5,2.015,255,0.0,0.5019,-0.008,0.0549,3.08,1.673,-0.54,-0.25,318.32,0.04,0.0,0.04,0.05,99695,1507,3,0.27,0.08,-0.05,0.0,49,3,-46,0,3.03,-0.11,0.0429,0.0731,15.36,15.98,9.51
612.102,flow_only,61.6,52.1373868,21.1607424,92.04,52.1373961,21.1607368,30,0.5,2.015,255,0.0,0.3347,0.0373,0.087,3.06,1.679,-0.41,0.16,318.47,0.04,0.0,0.01,0.07,99695,1507,3,0.27,0.08,-0.05,0.0,49,-6,-54,0,3.04,-0.1,0.0545,0.0923,15.63,16.13,9.02
612.202,flow_only,61.7,52.137388,21.1607409,92.05,52.1373986,21.1607327,30,0.5,1.96,255,0.0,0.5019,0.0066,0.0787,3.062,1.684,-0.3,0.63,318.74,0.04,0.0,0.03,0.07,99695,1507,3,0.27,0.08,-0.05,0.0,49,-24,604,0,3.04,-0.11,0.0699,0.1185,15.33,17.45,10.03
612.302,flow_only,61.8,52.1373893,21.1607393,92.05,52.1373986,21.1607327,30,0.5,1.96,255,0.0,1.0039,-0.0024,0.0465,3.026,1.687,-0.31,0.93,319.05,0.04,0.0,0.0,0.05,99695,1507,3,0.27,0.08,-0.05,0.0,49,3,467,0,3.04,-0.1,0.0805,0.1363,16.02,16.78,8.66
612.402,flow_only,61.9,52.1373906,21.1607376,92.05,52.1373986,21.1607327,30,0.5,1.96,255,0.0,0.5019,-0.0244,0.0516,3.04,1.688,-0.37,1.12,319.32,0.04,0.0,0.02,0.06,99695,1507,3,0.27,0.08,-0.05,0.0,49,-1,-174,0,3.04,-0.06,0.0336,0.0645,16.03,17.76,9.3
612.503,flow_only,62.001,52.1373918,21.1607361,92.05,52.1374011,21.1607288,29,0.51,1.89,255,0.0,0.5019,-0.0177,0.0403,3.026,1.687,-0.5,1.44,319.54,0.04,0.0,0.0,0.06,99695,1507,3,0.27,0.08,-0.05,0.0,49,5,127,0,3.03,-0.07,0.0551,0.0976,16.09,18.05,9.13
612.603,flow_only,62.101,52.1373931,21.1607344,92.05,52.1374034,21.1607252,29,0.51,1.685,255,0.0,0.5018,-0.034,0.0059,3.044,1.687,-0.64,1.47,319.73,0.04,0.0,0.02,0.08,99695,1507,3,0.27,0.08,-0.05,0.0,49,-2,-131,0,3.04,-0.08,0.0616,0.1082,17.19,16.39,8.61
612.702,flow_only,62.2,52.1373943,21.1607328,92.05,52.1374034,21.1607252,29,0.51,1.685,255,0.0,0.502,0.0122,0.0431,3.022,1.687,-0.66,1.63,319.86,0.04,0.0,0.0,0.09,99695,1507,3,0.27,0.08,-0.05,0.0,49,26,36,0,3.04,-0.06,0.0391,0.0727,16.9,16.48,8.15
612.802,flow_only,62.3,52.1373955,21.1607312,92.05,52.1374056,21.1607218,29,0.51,1.659,255,0.0,0.502,0.016,0.0235,3.01,1.689,-0.54,1.76,319.95,0.04,0.0,0.02,0.08,99695,1507,3,0.27,0.08,-0.05,0.0,49,-21,19,0,3.05,-0.05,0.0424,0.0787,16.19,16.42,8.01
612.902,flow_only,62.4,52.1373968,21.1607295,92.05,52.1374056,21.1607218,29,0.51,1.659,255,0.0,0.8364,-0.0062,0.0426,3.004,1.685,-0.53,1.91,320.0,0.04,0.0,0.04,0.05,99695,1507,3,0.27,0.08,-0.05,0.0,49,140,-120,0,3.03,-0.06,0.0358,0.0709,15.99,16.18,7.66
613.002,flow_only,62.5,52.1373978,21.1607281,92.05,52.1374077,21.1607185,29,0.51,1.533,255,0.0,0.3346,0.0127,0.0476,3.022,1.681,-0.5,2.22,320.02,0.04,0.0,0.0,0.05,99695,1507,3,0.27,0.08,-0.05,0.0,49,-23,364,0,3.03,-0.05,0.0355,0.069,15.82,15.47,8.53
613.102,flow_only,62.6,52.1373989,21.1607266,92.04,52.1374077,21.1607185,29,0.51,1.533,255,0.0,0.3346,0.0196,-0.0438,3.016,1.675,-0.34,2.11,320.02,0.04,0.0,0.02,0.08,99695,1507,3,0.27,0.08,-0.05,0.0,49,123,430,0,3.01,-0.07,0.0418,0.0789,15.73,15.87,8.72
613.202,flow_only,62.7,52.1373999,21.1607252,92.03,52.1374096,21.1607154,29,0.51,1.474,255,0.1673,0.3346,0.0141,-0.0473,3.013,1.666,-0.23,1.76,319.92,0.04,0.0,0.02,0.06,99695,1507,3,0.27,0.09,-0.05,0.0,49,-56,-9,0,3.0,-0.09,0.0172,0.0481,15.88,16.37,9.52
613.302,flow_only,62.8,52.1374008,21.1607238,92.02,52.1374096,21.1607154,29,0.51,1.474,255,0.0,0.3346,-0.0035,-0.022,2.996,1.657,-0.19,1.57,319.79,0.04,0.0,0.0,0.06,99695,1507,3,0.27,0.09,-0.05,0.0,49,-31,-26,0,2.99,-0.09,0.0085,0.0375,17.09,17.58,9.01
613.402,flow_only,62.9,52.1374017,21.1607225,92.01,52.1374096,21.1607154,29,0.51,1.474,255,0.0,0.3345,0.0049,-0.0961,2.974,1.647,-0.22,1.14,319.57,0.04,0.0,0.02,0.07,99695,1507,3,0.27,0.09,-0.05,0.0,49,-12,18,0,2.98,-0.09,0.0185,0.0493,15.89,18.0,9.56
613.503,flow_only,63.001,52.1374025,21.1607213,92.0,52.1374114,21.1607126,29,0.51,1.381,255,0.1673,0.6691,0.0056,-0.0466,2.986,1.638,-0.2,0.71,319.36,0.04,0.0,0.0,0.06,99695,1507,3,0.27,0.09,-0.05,0.0,49,-31,-135,0,2.98,-0.08,0.0103,0.0378,14.49,17.06,9.27
613.603,flow_only,63.101,52.1374033,21.1607201,91.99,52.1374132,21.1607099,29,0.51,1.323,255,0.0,0.1673,0.0252,-0.0325,3.01,1.629,-0.11,0.5,319.23,0.04,0.0,0.03,0.05,99695,1507,3,0.27,0.09,-0.05,0.0,49,-25,344,0,2.97,-0.09,0.0219,0.052,16.14,17.28,8.85
613.703,flow_only,63.2,52.1374042,21.1607188,91.99,52.1374132,21.1607099,29,0.51,1.323,255,0.0,0.3345,0.034,-0.0625,3.016,1.621,0.03,0.13,319.19,0.04,0.0,0.0,0.09,99695,1507,3,0.27,0.09,-0.05,0.0,49,121,11,0,2.97,-0.11,0.0124,0.0413,15.13,17.63,9.62
613.802,flow_only,63.3,52.137405,21.1607176,91.98,52.1374148,21.1607073,30,0.5,1.238,255,0.1673,0.5018,0.0419,-0.0378,3.022,1.615,0.24,-0.19,319.19,0.04,0.0,0.0,0.08,99695,1507,3,0.27,0.09,-0.05,0.0,49,-51,42,0,2.97,-0.12,0.0058,0.0285,14.79,17.93,9.54
613.903,flow_only,63.4,52.1374058,21.1607165,91.97,52.1374148,21.1607073,30,0.5,1.238,255,0.0,0.3346,0.0195,-0.0608,3.018,1.608,0.33,-0.53,319.19,0.04,0.0,0.02,0.1,99695,1507,3,0.27,0.09,-0.05,0.0,49,140,197,0,2.97,-0.13,0.0087,0.0352,15.75,19.0,9.44
614.003,flow_only,63.5,52.1374066,21.1607153,91.97,52.1374164,21.1607049,30,0.5,1.173,255,0.0,0.1672,-0.0124,-0.0822,2.998,1.601,0.24,-0.99,319.18,0.04,0.0,0.01,0.06,99695,1507,3,0.27,0.09,-0.05,0.0,49,2,51,0,2.96,-0.14,0.0064,0.0316,15.14,16.77,9.06
614.102,flow_only,63.6,52.1374074,21.1607141,91.96,52.1374164,21.1607049,30,0.5,1.173,255,0.0,0.5019,0.0004,-0.0525,2.994,1.593,0.18,-1.31,319.14,0.04,0.0,0.02,0.08,99695,1507,3,0.27,0.09,-0.05,0.0,49,-1,-139,0,2.96,-0.13,0.0181,0.0461,15.65,17.45,9.29
614.202,flow_only,63.7,52.1374082,21.160713,91.95,52.137418,21.1607026,30,0.5,1.233,255,0.0,0.1672,-0.0042,-0.0259,3.028,1.586,0.14,-1.5,319.12,0.04,0.0,0.0,0.07,99695,1507,3,0.26,0.08,-0.05,0.0,49,-15,0,0,2.95,-0.12,0.0092,0.0325,14.97,16.59,9.73
614.302,flow_only,63.8,52.1374089,21.1607119,91.94,52.137418,21.1607026,30,0.5,1.233,255,0.0,0.3346,-0.0188,-0.022,2.992,1.577,0.05,-1.58,319.13,0.04,0.0,0.02,0.08,99695,1507,3,0.26,0.08,-0.05,0.0,49,21,-15,0,2.95,-0.15,0.0272,0.0595,14.73,18.31,9.77
614.402,flow_only,63.9,52.1374096,21.1607109,91.93,52.137418,21.1607026,30,0.5,1.233,255,0.0,0.5019,-0.0026,-0.0395,3.002,1.569,0.09,-1.7,319.21,0.04,0.0,0.01,0.07,99695,1507,3,0.26,0.08,-0.05,0.0,49,-11,322,0,2.94,-0.14,0.0129,0.0387,15.85,18.3,9.54
614.503,flow_only,64.001,52.1374103,21.1607099,91.93,52.1374196,21.1607002,30,0.5,1.247,255,0.1673,0.3346,0.0134,-0.0582,2.994,1.562,0.09,-2.01,319.33,0.04,0.0,0.0,0.05,99695,1507,3,0.26,0.08,-0.05,0.0,49,0,-144,0,2.95,-0.14,0.0411,0.0804,14.18,18.02,9.85
614.603,flow_only,64.101,52.137411,21.1607089,91.92,52.1374212,21.1606978,30,0.5,1.178,255,0.0,0.3347,-0.0007,-0.054,2.992,1.554,0.1,-2.28,319.44,0.04,0.0,0.03,0.08,99695,1507,3,0.26,0.08,-0.05,0.0,49,-15,4,0,2.94,-0.13,0.0348,0.0718,13.65,15.53,9.65
614.702,flow_only,64.2,52.1374117,21.1607078,91.91,52.1374212,21.1606978,30,0.5,1.178,255,0.0,0.1673,0.0098,-0.0641,2.998,1.547,0.14,-2.61,319.57,0.04,0.0,0.0,0.06,99695,1507,3,0.26,0.08,-0.05,0.0,49,161,184,0,2.94,-0.14,0.0187,0.0476,14.49,18.55,9.79
614.802,flow_only,64.3,52.1374124,21.1607068,91.91,52.1374229,21.1606954,30,0.5,1.312,255,0.0,0.3346,0.0142,-0.0213,3.01,1.54,0.14,-2.82,319.69,0.04,0.0,0.02,0.08,99695,1507,3,0.26,0.08,-0.05,0.0,49,-4,-168,0,2.93,-0.14,0.0405,0.0841,14.09,16.3,9.24
614.903,flow_only,64.4,52.1374131,21.1607058,91.9,52.1374229,21.1606954,30,0.5,1.312,255,0.0,0.1673,0.0175,-0.0331,3.03,1.536,0.27,-2.96,319.81,0.04,0.0,0.0,0.04,99695,1507,3,0.26,0.08,-0.05,0.0,49,-28,-33,0,2.94,-0.14,0.0375,0.0759,14.92,16.8,9.28
615.002,flow_only,64.5,52.1374139,21.1607046,91.9,52.1374248,21.160693,30,0.5,1.343,255,0.0,0.5018,0.0138,-0.0471,3.036,1.532,0.31,-3.23,319.86,0.04,0.0,0.01,0.06,99695,1507,3,0.26,0.08,-0.05,0.0,49,-9,-37,0,2.94,-0.17,0.0159,0.0374,14.68,16.27,9.28
615.102,flow_only,64.6,52.1374148,21.1607035,91.89,52.1374248,21.160693,30,0.5,1.343,255,0.0,0.5019,0.0086,0.0006,3.046,1.528,0.37,-3.3,319.91,0.04,0.0,0.0,0.09,99695,1507,3,0.26,0.08,-0.05,0.0,49,-9,-71,0,2.95,-0.18,0.0236,0.0484,15.18,15.86,8.49
615.202,flow_only,64.7,52.1374156,21.1607024,91.89,52.1374267,21.1606905,30,0.5,1.425,255,0.0,0.3346,0.0005,0.0078,3.042,1.523,0.4,-3.26,319.95,0.04,0.0,0.0,0.08,99695,1507,3,0.26,0.08,-0.05,0.0,49,-13,219,0,2.95,-0.18,0.0112,0.0257,14.75,16.26,9.21
615.302,flow_only,64.8,52.1374165,21.1607012,91.88,52.1374267,21.1606905,30,0.5,1.425,255,0.0,0.3346,-0.0259,0.0222,3.03,1.518,0.31,-3.15,319.95,0.04,0.0,0.01,0.06,99695,1507,3,0.26,0.08,-0.05,0.0,49,29,-129,0,2.94,-0.18,0.0297,0.0596,14.77,15.45,9.07
615.402,flow_only,64.9,52.1374174,21.1607001,91.88,52.1374267,21.1606905,30,0.5,1.425,255,0.0,0.3346,-0.036,0.017,3.036,1.512,0.13,-3.08,319.9,0.04,0.0,0.01,0.08,99695,1507,3,0.26,0.08,-0.05,0.0,49,17,-140,0,2.94,-0.17,0.0466,0.0905,14.57,17.85,9.19
615.503,flow_only,65.001,52.1374182,21.160699,91.87,52.1374288,21.1606879,30,0.5,1.454,255,0.0,0.3345,-0.0324,-0.024,3.04,1.508,-0.05,-3.06,319.78,0.04,0.0,0.0,0.07,99695,1507,3,0.26,0.08,-0.05,0.0,49,26,-149,0,2.95,-0.17,0.0345,0.07,16.03,16.46,8.98
615.603,flow_only,65.101,52.1374191,21.1606977,91.87,52.1374309,21.1606851,30,0.5,1.598,255,0.0,0.5019,-0.0386,-0.0377,3.055,1.504,-0.19,-3.27,319.62,0.04,0.0,0.01,0.06,99695,1507,3,0.26,0.08,-0.05,0.0,49,48,-116,0,2.95,-0.17,0.0072,0.0197,14.3,16.7,9.15
615.702,flow_only,65.2,52.1374201,21.1606964,91.87,52.1374309,21.1606851,30,0.5,1.598,255,0.0,0.8366,0.007,0.0356,3.058,1.501,-0.24,-3.17,319.49,0.04,0.0,0.0,0.08,99695,1507,3,0.26,0.08,-0.05,0.0,49,32,-141,0,2.96,-0.17,0.0184,0.0385,15.85,16.21,8.9
615.803,flow_only,65.301,52.1374212,21.1606949,91.86,52.1374332,21.1606823,30,0.5,1.566,255,0.0,0.5019,-0.003,0.0739,3.076,1.499,-0.23,-2.77,319.4,0.04,0.0,0.0,0.08,99695,1507,3,0.26,0.08,-0.05,0.0,49,0,-235,0,2.96,-0.18,0.0141,0.0296,14.61,16.88,9.39
615.903,flow_only,65.4,52.1374223,21.1606934,91.86,52.1374332,21.1606823,30,0.5,1.566,255,0.0,0.5019,-0.0031,0.1221,3.086,1.495,-0.21,-2.16,319.4,0.04,0.0,0.01,0.09,99695,1507,3,0.26,0.08,-0.05,0.0,49,6,-124,0,2.96,-0.19,0.0035,0.0112,15.78,16.28,8.58
616.002,flow_only,65.5,52.1374234,21.1606919,91.86,52.1374354,21.1606793,30,0.5,1.613,255,0.0,0.5019,0.0279,0.1039,3.1,1.496,-0.1,-1.55,319.46,0.04,0.0,0.04,0.06,99695,1507,3,0.26,0.08,-0.05,0.0,49,12,200,0,2.98,-0.17,0.0053,0.0173,14.91,18.14,9.79
616.102,flow_only,65.6,52.1374244,21.1606903,91.87,52.1374354,21.1606793,30,0.5,1.613,255,0.0,0.5019,-0.0043,0.0343,3.074,1.5,-0.02,-1.19,319.52,0.04,0.0,0.03,0.1,99695,1507,3,0.26,0.08,-0.05,0.0,49,-14,236,0,3.0,-0.17,0.0094,0.029,14.68,16.79,9.44
616.202,flow_only,65.7,52.1374254,21.1606889,91.87,52.1374378,21.1606763,30,0.5,1.674,255,0.0,0.8365,0.0288,0.0049,3.086,1.502,0.07,-1.13,319.59,0.04,0.0,0.0,0.06,99695,1507,3,0.26,0.09,-0.05,0.0,49,-5,-201,0,3.0,-0.16,0.036,0.0677,15.36,15.61,8.36
616.302,flow_only,65.8,52.1374264,21.1606875,91.87,52.1374378,21.1606763,30,0.5,1.674,255,0.0,0.6692,-0.0042,-0.0138,3.082,1.506,0.18,-1.17,319.62,0.04,0.0,0.04,0.06,99695,1507,3,0.26,0.09,-0.05,0.0,49,-20,-189,0,3.01,-0.14,0.0225,0.0459,14.4,16.63,8.87
616.403,flow_only,65.901,52.1374275,21.1606861,91.87,52.1374378,21.1606763,30,0.5,1.674,255,0.0,0.3346,-0.0116,0.0261,3.06,1.506,0.07,-1.17,319.63,0.04,0.0,0.01,0.04,99695,1507,3,0.26,0.09,-0.05,0.0,49,-124,-182,0,3.01,-0.16,0.0252,0.0429,14.46,17.04,9.24
616.503,flow_only,66.001,52.1374285,21.1606848,91.86,52.1374402,21.1606734,29,0.51,1.675,255,0.0,0.3346,0.0087,0.0243,3.064,1.5,0.03,-1.04,319.73,0.04,0.0,0.03,0.1,99695,1507,3,0.26,0.09,-0.05,0.0,49,33,119,0,2.99,-0.16,0.0123,0.0225,15.42,17.21,8.65
616.603,flow_only,66.101,52.1374295,21.1606834,91.86,52.1374425,21.1606704,29,0.51,1.623,255,0.0,0.3345,-0.002,-0.0128,3.05,1.492,0.01,-1.03,319.8,0.04,0.0,0.0,0.09,99695,1507,3,0.26,0.08,-0.05,0.0,49,-144,-7,0,2.99,-0.15,0.0311,0.0529,15.55,16.76,8.57
616.702,flow_only,66.2,52.1374305,21.1606822,91.85,52.1374425,21.1606704,29,0.51,1.623,255,-0.1673,0.5019,-0.0173,-0.0233,3.062,1.484,-0.14,-1.13,319.83,0.04,0.0,0.0,0.07,99695,1507,3,0.26,0.08,-0.05,0.0,49,28,-4,0,2.98,-0.15,0.0224,0.0401,15.23,17.22,8.91
616.802,flow_only,66.3,52.1374315,21.160681,91.84,52.1374449,21.1606675,29,0.51,1.64,255,0.0,0.8365,-0.0125,-0.0336,3.062,1.474,-0.28,-1.28,319.82,0.04,0.0,0.01,0.05,99695,1507,3,0.26,0.08,-0.05,0.0,49,36,164,0,2.97,-0.15,0.0135,0.0278,16.34,16.89,8.78
616.902,flow_only,66.4,52.1374324,21.1606799,91.83,52.1374449,21.1606675,29,0.51,1.64,255,0.0,0.3346,-0.0091,-0.0649,3.058,1.465,-0.32,-1.54,319.73,0.04,0.0,0.0,0.08,99695,1507,3,0.26,0.08,-0.05,0.0,49,24,-145,0,2.97,-0.17,0.0412,0.0765,16.5,16.35,9.65
617.002,flow_only,66.5,52.1374332,21.1606788,91.82,52.1374473,21.1606647,29,0.51,1.594,255,-0.1673,0.3347,-0.037,-0.084,3.056,1.459,-0.43,-1.91,319.59,0.04,0.0,0.0,0.04,99695,1507,3,0.26,0.08,-0.05,0.0,49,19,-122,0,2.97,-0.17,0.0449,0.0854,15.36,15.43,9.36
617.102,flow_only,66.6,52.1374341,21.1606776,91.82,52.1374473,21.1606647,29,0.51,1.594,255,0.0,0.6691,-0.0324,-0.0868,3.07,1.455,-0.6,-2.34,319.39,0.04,0.0,0.0,0.09,99695,1507,3,0.26,0.08,-0.05,0.0,49,36,-99,0,2.97,-0.17,0.0238,0.0483,15.95,17.87,9.99
617.202,flow_only,66.7,52.137435,21.1606763,91.82,52.1374497,21.1606618,29,0.51,1.719,255,0.0,0.3346,0.0171,-0.0379,3.06,1.453,-0.55,-2.62,319.17,0.04,0.0,0.02,0.04,99695,1507,3,0.26,0.08,-0.05,0.0,49,5,-118,0,2.98,-0.17,0.0313,0.0622,17.97,17.27,9.21
617.302,flow_only,66.8,52.1374358,21.1606751,91.82,52.1374497,21.1606618,29,0.51,1.719,255,0.0,0.3346,0.0285,0.0101,3.046,1.455,-0.46,-2.59,318.94,0.04,0.0,0.02,0.08,99695,1507,3,0.26,0.08,-0.05,0.0,49,-4,155,0,2.99,-0.15,0.0174,0.0387,17.2,18.59,9.55
617.402,flow_only,66.9,52.1374367,21.1606738,91.82,52.1374497,21.1606618,29,0.51,1.719,255,0.0,0.8364,0.0419,-0.0009,3.046,1.454,-0.23,-2.59,318.75,0.04,0.0,0.02,0.08,99695,1507,3,0.26,0.08,-0.05,0.0,49,-34,-168,0,2.99,-0.14,0.0379,0.0717,16.74,17.92,10.0
617.503,flow_only,67.001,52.1374376,21.1606726,91.82,52.1374522,21.1606588,29,0.51,1.67,255,0.0,0.3346,0.0436,-0.0055,3.052,1.455,-0.07,-2.59,318.7,0.04,0.0,0.03,0.07,99695,1507,3,0.26,0.08,-0.05,0.0,49,-20,-15,0,3.0,-0.12,0.039,0.0762,17.5,18.64,9.97
617.603,flow_only,67.101,52.1374385,21.1606713,91.82,52.1374547,21.1606558,29,0.51,1.674,255,0.0,0.3345,0.0304,-0.0487,3.046,1.455,0.06,-2.81,318.64,0.04,0.0,0.0,0.08,99695,1507,3,0.26,0.08,-0.05,0.0,49,5,-131,0,3.0,-0.14,0.0115,0.0263,17.05,19.45,9.87
617.702,flow_only,67.2,52.1374395,21.1606699,91.82,52.1374547,21.1606558,29,0.51,1.674,255,0.0,0.6689,0.0119,-0.0497,3.084,1.457,0.19,-3.15,318.54,0.04,0.0,0.03,0.08,99695,1507,3,0.26,0.08,-0.05,0.0,49,-27,23,0,3.01,-0.12,0.0048,0.0175,17.66,20.64,10.21
617.802,flow_only,67.3,52.1374404,21.1606685,91.83,52.1374572,21.1606527,29,0.51,1.765,255,-0.1673,0.3345,-0.0229,0.0477,3.046,1.463,0.15,-3.02,318.45,0.04,0.0,0.02,0.08,99695,1507,3,0.26,0.08,-0.05,0.0,49,2,-194,0,3.03,-0.13,0.0221,0.0442,17.9,20.18,9.46
617.903,flow_only,67.401,52.1374415,21.1606671,91.83,52.1374572,21.1606527,29,0.51,1.765,255,-0.1673,0.5019,0.009,0.0466,3.037,1.466,0.18,-2.68,318.38,0.04,0.0,0.0,0.06,99695,1507,3,0.26,0.08,-0.05,0.0,49,34,-106,0,3.03,-0.12,0.009,0.0167,19.08,18.94,9.97
618.002,flow_only,67.5,52.1374426,21.1606657,91.83,52.1374598,21.1606496,29,0.51,1.765,255,-0.1672,1.0034,0.0018,0.0482,3.06,1.467,0.17,-2.43,318.34,0.04,0.0,0.0,0.07,99695,1507,3,0.26,0.08,-0.05,0.0,49,32,-79,0,3.03,-0.09,0.0133,0.0237,18.04,20.79,10.51
618.102,flow_only,67.6,52.1374437,21.1606643,91.83,52.1374598,21.1606496,29,0.51,1.765,255,0.0,0.5017,-0.023,0.0094,3.066,1.466,0.06,-2.34,318.26,0.04,0.0,0.0,0.07,99695,1507,3,0.26,0.08,-0.05,0.0,49,53,438,0,3.03,-0.1,0.0219,0.0405,18.04,20.27,9.9
618.202,flow_only,67.7,52.1374449,21.1606628,91.83,52.1374624,21.1606464,29,0.51,1.882,255,0.0,0.5019,-0.0396,0.0557,3.062,1.467,-0.14,-2.21,318.27,0.04,0.0,0.02,0.08,99695,1507,3,0.26,0.08,-0.05,0.0,49,-108,269,0,3.04,-0.11,0.0254,0.0483,18.28,19.44,10.13
618.302,flow_only,67.8,52.1374461,21.1606613,91.83,52.1374624,21.1606464,29,0.51,1.882,255,0.0,1.1713,0.0008,0.0789,3.054,1.468,-0.21,-1.71,318.37,0.04,0.0,0.01,0.06,99695,1507,3,0.26,0.08,-0.05,0.0,49,-136,-166,0,3.04,-0.1,0.0147,0.024,18.26,19.37,10.22
618.402,flow_only,67.9,52.1374474,21.1606596,91.83,52.1374624,21.1606464,29,0.51,1.882,255,-0.1672,0.5017,-0.0378,0.0468,3.05,1.467,-0.26,-1.33,318.41,0.04,0.0,0.0,0.07,99695,1507,3,0.26,0.08,-0.05,0.0,49,11,4,0,3.04,-0.1,0.0351,0.0693,17.83,19.58,10.54
618.503,flow_only,68.001,52.1374488,21.1606578,91.83,52.1374652,21.1606432,29,0.51,1.815,255,0.0,0.6693,-0.042,0.1333,3.05,1.465,-0.51,-0.83,318.44,0.04,0.0,0.0,0.05,99695,1507,3,0.26,0.09,-0.05,0.0,49,72,-189,0,3.03,-0.1,0.0379,0.076,18.31,20.44,10.46
618.603,flow_only,68.101,52.1374501,21.160656,91.83,52.1374679,21.16064,29,0.51,1.844,255,-0.1673,1.1711,0.0249,0.1418,3.054,1.463,-0.6,-0.04,318.51,0.04,0.0,0.01,0.06,99695,1507,3,0.26,0.09,-0.05,0.0,49,-127,287,0,3.04,-0.09,0.0332,0.0693,18.5,20.37,10.31
618.702,flow_only,68.2,52.1374514,21.1606543,91.83,52.1374679,21.16064,29,0.51,1.844,255,0.0,0.3346,0.0106,0.0706,3.046,1.461,-0.49,0.42,318.52,0.04,0.0,0.0,0.06,99695,1507,3,0.26,0.09,-0.05,0.0,49,-4,-219,0,3.03,-0.09,0.0067,0.0219,18.75,19.87,9.71
618.802,flow_only,68.3,52.1374526,21.1606525,91.82,52.1374707,21.1606368,29,0.51,1.816,255,0.0,0.502,-0.0161,0.0716,3.062,1.456,-0.49,0.82,318.56,0.04,0.0,0.02,0.05,99695,1507,3,0.26,0.08,-0.05,0.0,49,7,-163,0,3.03,-0.1,0.0143,0.0362,18.33,20.69,10.18
618.902,flow_only,68.4,52.1374539,21.1606508,91.81,52.1374707,21.1606368,29,0.51,1.816,255,0.0,0.8365,0.0405,0.0065,3.048,1.449,-0.29,1.09,318.59,0.04,0.0,0.0,0.06,99695,1507,3,0.26,0.08,-0.05,0.0,49,0,371,0,3.03,-0.11,0.0285,0.0604,18.61,21.6,10.81
619.002,flow_only,68.5,52.1374551,21.1606491,91.81,52.1374734,21.1606335,29,0.51,1.832,255,0.0,0.3348,-0.0072,-0.0278,3.044,1.444,-0.21,0.99,318.55,0.04,0.0,0.0,0.07,99695,1507,3,0.26,0.08,-0.05,0.0,49,-26,286,0,3.03,-0.11,0.0345,0.071,17.56,21.55,10.79
619.102,flow_only,68.6,52.1374562,21.1606475,91.8,52.1374734,21.1606335,29,0.51,1.832,255,0.0,0.3346,0.0059,0.069,3.025,1.44,-0.23,1.17,318.54,0.04,0.0,0.0,0.05,99695,1507,3,0.26,0.08,-0.05,0.0,49,29,-216,0,3.02,-0.1,0.0069,0.008,17.7,21.05,9.97
619.202,flow_only,68.7,52.1374574,21.1606459,91.8,52.1374759,21.1606305,29,0.51,1.595,255,0.0,0.8365,0.0336,-0.0313,2.992,1.435,-0.12,1.16,318.54,0.04,0.0,0.0,0.05,99695,1507,3,0.26,0.08,-0.05,0.0,49,-8,-221,0,3.02,-0.08,0.0032,0.0141,18.73,22.2,10.34
619.302,flow_only,68.8,52.1374585,21.1606444,91.8,52.1374759,21.1606305,29,0.51,1.595,255,0.0,0.5017,-0.0317,-0.001,2.986,1.432,-0.26,1.04,318.62,0.04,0.0,0.0,0.05,99695,1507,3,0.26,0.08,-0.05,0.0,49,31,-159,0,3.02,-0.06,0.0111,0.0269,17.98,19.57,10.28
619.402,flow_only,68.9,52.1374596,21.1606428,91.79,52.1374759,21.1606305,29,0.51,1.595,255,0.0,0.3345,0.0235,-0.0521,2.996,1.429,-0.14,0.94,318.73,0.04,0.0,0.0,0.06,99695,1507,3,0.26,0.08,-0.05,0.0,49,-14,318,0,3.02,-0.04,0.0315,0.0628,19.54,18.85,10.56
619.503,flow_only,69.001,52.1374607,21.1606412,91.79,52.1374783,21.1606277,29,0.51,1.585,255,-0.1673,0.6691,-0.0218,-0.0012,2.998,1.428,-0.16,0.71,318.83,0.04,0.0,0.0,0.06,99695,1507,3,0.26,0.08,-0.05,0.0,49,9,214,0,3.02,-0.04,0.0304,0.0607,18.75,19.37,10.29
619.603,flow_only,69.101,52.1374618,21.1606397,91.79,52.1374806,21.160625,29,0.51,1.513,255,-0.1673,0.3346,0.0392,0.0239,3.022,1.427,-0.16,0.83,318.98,0.04,0.0,0.0,0.06,99695,1507,3,0.26,0.08,-0.05,0.0,49,14,-191,0,3.02,-0.06,0.0134,0.0186,16.98,19.99,9.48
619.702,flow_only,69.2,52.1374627,21.1606385,91.79,52.1374806,21.160625,29,0.51,1.513,255,0.0,0.3345,-0.0138,-0.0486,3.006,1.427,-0.04,0.66,319.1,0.04,0.0,0.01,0.05,99695,1507,3,0.26,0.08,-0.05,0.0,49,-58,-152,0,3.02,-0.05,0.0227,0.0364,17.25,18.73,9.03
619.802,flow_only,69.3,52.1374637,21.1606373,91.79,52.1374827,21.1606224,29,0.51,1.397,255,-0.1673,0.669,-0.0155,-0.0527,3.014,1.427,-0.1,0.47,319.31,0.04,0.0,0.0,0.08,99695,1507,3,0.26,0.08,-0.05,0.0,49,21,240,0,3.02,-0.06,0.0055,0.008,15.37,17.28,8.86
619.903,flow_only,69.4,52.1374646,21.1606362,91.79,52.1374827,21.1606224,29,0.51,1.397,255,0.0,0.3345,0.0065,-0.1149,2.998,1.429,-0.02,-0.09,319.48,0.04,0.0,0.01,0.04,99695,1507,3,0.26,0.08,-0.05,0.0,49,-163,-31,0,3.03,-0.05,0.0185,0.0321,15.54,18.8,9.64
620.003,flow_only,69.5,52.1374655,21.1606352,91.8,52.1374848,21.1606199,29,0.51,1.364,255,0.0,0.3346,-0.0493,-0.057,3.012,1.43,-0.25,-0.66,319.64,0.04,0.0,0.0,0.04,99695,1507,3,0.26,0.08,-0.05,0.0,49,52,-150,0,3.03,-0.05,0.0274,0.0497,14.39,18.69,9.25
620.102,flow_only,69.6,52.1374665,21.1606342,91.79,52.1374848,21.1606199,29,0.51,1.364,255,0.0,0.5018,-0.0532,-0.048,3.01,1.429,-0.5,-1.0,319.81,0.04,0.0,0.01,0.06,99695,1507,3,0.26,0.08,-0.05,0.0,49,61,-46,0,3.02,-0.06,0.0171,0.0328,13.83,16.8,8.6
620.202,flow_only,69.7,52.1374674,21.1606332,91.79,52.1374868,21.1606176,29,0.51,1.317,255,-0.1672,0.1672,-0.0288,-0.0423,3.01,1.426,-0.73,-1.24,319.98,0.04,0.0,0.01,0.06,99695,1507,3,0.26,0.08,-0.05,0.0,49,55,-62,0,3.02,-0.07,0.0195,0.0387,14.83,15.79,8.09
620.302,flow_only,69.8,52.1374683,21.1606322,91.79,52.1374868,21.1606176,29,0.51,1.317,255,0.0,0.3346,-0.0103,-0.0884,3.017,1.422,-0.7,-1.56,320.09,0.04,0.0,0.01,0.08,99695,1507,3,0.26,0.08,-0.05,0.0,49,-2,281,0,3.02,-0.07,0.0153,0.0311,14.3,16.18,9.17
620.402,flow_only,69.9,52.1374692,21.1606312,91.78,52.1374868,21.1606176,29,0.51,1.317,255,-0.1673,0.5019,-0.0358,-0.0569,3.006,1.416,-0.83,-2.06,320.12,0.04,0.0,0.01,0.08,99695,1507,3,0.26,0.08,-0.05,0.0,49,21,-10,0,3.01,-0.08,0.0083,0.0221,14.1,16.42,8.43
620.503,flow_only,70.001,52.1374701,21.16063,91.78,52.1374888,21.1606152,29,0.51,1.34,255,0.0,0.3346,-0.0242,0.0107,3.014,1.411,-1.08,-2.17,320.14,0.04,0.0,0.0,0.08,99695,1507,3,0.26,0.08,-0.05,0.0,49,43,-84,0,3.01,-0.08,0.0173,0.0348,14.39,18.39,9.03
620.603,flow_only,70.101,52.137471,21.1606288,91.77,52.1374909,21.1606127,29,0.51,1.448,255,0.0,0.3346,0.0214,-0.0367,3.024,1.409,-0.95,-2.17,320.13,0.04,0.0,0.01,0.02,99695,1507,3,0.26,0.08,-0.05,0.0,49,-41,-134,0,3.02,-0.08,0.0135,0.0254,15.01,15.66,9.02
620.703,flow_only,70.201,52.137472,21.1606275,91.77,52.1374909,21.1606127,29,0.51,1.448,255,0.0,0.3346,-0.0041,-0.0148,3.002,1.41,-0.81,-2.31,320.01,0.04,0.0,0.01,0.04,99695,1507,3,0.26,0.08,-0.05,0.0,49,-45,-118,0,3.03,-0.06,0.0201,0.0348,14.13,16.51,8.03
620.802,flow_only,70.3,52.1374731,21.1606262,91.78,52.1374931,21.1606099,29,0.51,1.461,255,0.0,0.3347,-0.0294,0.0581,3.02,1.411,-0.94,-2.28,319.88,0.04,0.0,0.0,0.05,99695,1507,3,0.26,0.08,-0.05,0.0,49,13,-107,0,3.03,-0.05,0.0061,0.0107,14.46,16.6,8.79
620.903,flow_only,70.4,52.137474,21.1606251,91.78,52.1374931,21.1606099,29,0.51,1.461,255,0.0,0.3347,0.0066,0.0461,3.04,1.416,-0.92,-1.79,319.79,0.04,0.0,0.03,0.06,99695,1507,3,0.26,0.08,-0.05,0.0,49,0,-240,0,3.04,-0.06,0.0281,0.0518,14.9,16.01,8.87
621.003,flow_only,70.5,52.1374749,21.1606237,91.78,52.1374951,21.1606071,29,0.51,1.391,255,0.0,0.8365,-0.0239,-0.0354,3.032,1.42,-0.92,-1.82,319.67,0.04,0.0,0.0,0.03,99695,1507,3,0.26,0.08,-0.05,0.0,49,-24,-150,0,3.05,-0.07,0.0108,0.021,15.03,14.75,7.77
621.102,flow_only,70.6,52.1374757,21.1606225,91.79,52.1374951,21.1606071,29,0.51,1.391,255,0.0,0.6692,0.0118,0.0248,3.038,1.423,-1.08,-1.86,319.6,0.04,0.0,0.0,0.04,99695,1507,3,0.26,0.08,-0.05,0.0,49,28,-103,0,3.05,-0.07,0.0333,0.0617,14.76,16.05,7.88
621.203,flow_only,70.701,52.1374766,21.1606213,91.79,52.1374971,21.1606042,29,0.51,1.459,255,0.0,0.3347,0.0606,-0.0685,3.042,1.426,-0.72,-1.93,319.6,0.04,0.0,0.01,0.08,99695,1507,3,0.26,0.07,-0.05,0.0,49,-89,352,0,3.06,-0.06,0.0054,0.0138,14.69,16.3,8.76
621.302,flow_only,70.8,52.1374775,21.16062,91.79,52.1374971,21.1606042,29,0.51,1.459,255,0.1673,0.3346,0.0199,-0.0684,3.016,1.429,-0.44,-2.41,319.56,0.04,0.0,0.02,0.05,99695,1507,3,0.26,0.07,-0.05,0.0,49,85,-52,0,3.07,-0.04,0.0119,0.0257,14.67,15.88,8.37
621.402,flow_only,70.9,52.1374783,21.1606186,91.8,52.1374971,21.1606042,29,0.51,1.459,255,0.0,0.5019,0.0107,0.0007,3.01,1.431,-0.38,-2.62,319.52,0.04,0.0,0.0,0.06,99695,1507,3,0.26,0.07,-0.05,0.0,49,-43,-97,0,3.06,-0.04,0.0212,0.041,15.68,16.06,8.24
621.502,flow_only,71.0,52.1374792,21.1606173,91.8,52.1374992,21.1606012,29,0.51,1.52,255,0.0,0.3346,0.0176,0.0268,3.005,1.434,-0.28,-2.52,319.5,0.04,0.0,0.01,0.06,99695,1507,3,0.26,0.08,-0.05,0.0,49,-53,4,0,3.07,-0.02,0.0117,0.0245,14.69,19.27,9.47
621.603,flow_only,71.101,52.1374802,21.1606158,91.8,52.1375014,21.1605981,29,0.51,1.562,255,0.0,0.6692,0.0579,0.0072,3.022,1.437,0.04,-2.41,319.51,0.04,0.0,0.01,0.09,99695,1507,3,0.26,0.07,-0.05,0.0,49,-104,-26,0,3.07,-0.01,0.0146,0.0261,15.66,17.2,9.06
621.703,flow_only,71.201,52.1374812,21.1606142,91.8,52.1375014,21.1605981,29,0.51,1.562,255,0.0,0.6693,0.0092,0.0213,3.018,1.438,0.15,-2.49,319.4,0.04,0.0,0.0,0.04,99695,1507,3,0.26,0.07,-0.05,0.0,49,130,351,0,3.07,-0.01,0.0424,0.0766,16.06,17.31,9.78
621.802,flow_only,71.3,52.1374824,21.1606124,91.8,52.1375035,21.160595,29,0.51,1.57,255,0.0,0.5019,-0.029,0.0778,3.026,1.439,0.05,-2.12,319.28,0.04,0.0,0.0,0.06,99695,1507,3,0.26,0.08,-0.05,0.0,49,-44,-254,0,3.07,-0.03,0.0111,0.0226,16.45,18.04,9.65
621.902,flow_only,71.4,52.1374835,21.1606107,91.8,52.1375035,21.160595,29,0.51,1.57,255,0.0,0.3346,0.0163,0.1385,3.038,1.439,0.12,-1.37,319.26,0.04,0.0,0.0,0.08,99695,1507,3,0.26,0.08,-0.05,0.0,49,-13,-141,0,3.07,-0.04,0.0128,0.0268,17.41,18.76,10.19
622.002,flow_only,71.5,52.1374846,21.160609,91.81,52.1375058,21.1605918,29,0.51,1.64,255,0.0,0.5019,0.055,0.0874,3.038,1.441,0.26,-0.78,319.31,0.04,0.0,0.02,0.08,99695,1507,3,0.26,0.08,-0.05,0.0,49,143,352,0,3.08,-0.03,0.0276,0.0545,16.34,18.81,9.61
622.102,flow_only,71.6,52.1374857,21.1606073,91.81,52.1375058,21.1605918,29,0.51,1.64,255,0.0,0.3344,0.0169,0.0078,3.032,1.44,0.39,-0.65,319.35,0.04,0.0,0.01,0.06,99695,1507,3,0.26,0.08,-0.05,0.0,49,-49,433,0,3.07,-0.03,0.0315,0.0607,17.12,17.6,9.17
622.202,flow_only,71.7,52.1374868,21.1606056,91.8,52.137508,21.1605886,29,0.51,1.534,255,0.0,0.3345,-0.015,0.0473,3.052,1.44,0.34,-0.48,319.44,0.04,0.0,0.01,0.05,99695,1507,3,0.26,0.08,-0.05,0.0,49,-25,-236,0,3.08,-0.04,0.0078,0.0174,16.85,18.62,9.6
622.302,flow_only,71.8,52.1374878,21.1606041,91.8,52.137508,21.1605886,29,0.51,1.534,255,0.0,0.8363,0.044,0.0721,3.066,1.437,0.47,0.02,319.64,0.04,0.0,0.01,0.05,99695,1507,3,0.26,0.08,-0.05,0.0,49,-199,-108,0,3.07,-0.05,0.0276,0.0464,17.25,18.72,10.0
622.403,flow_only,71.901,52.1374888,21.1606028,91.8,52.137508,21.1605886,29,0.51,1.534,255,0.0,0.3346,0.0295,-0.0417,3.052,1.437,0.66,-0.07,319.85,0.04,0.0,0.02,0.05,99695,1507,3,0.26,0.08,-0.05,0.0,49,-23,1,0,3.08,-0.06,0.0117,0.0192,16.73,19.73,9.59
622.502,flow_only,72.0,52.1374899,21.1606014,91.8,52.1375102,21.1605857,29,0.51,1.521,255,0.0,0.3345,-0.0484,-0.0782,3.036,1.439,0.47,-0.52,319.98,0.04,0.0,0.03,0.07,99695,1507,3,0.26,0.08,-0.05,0.0,49,36,-86,0,3.09,-0.05,0.0082,0.0161,17.09,18.15,9.09
622.603,flow_only,72.101,52.137491,21.1606,91.81,52.1375124,21.1605828,29,0.51,1.519,255,0.0,0.1673,-0.0616,-0.0275,3.032,1.444,0.12,-0.69,320.06,0.04,0.0,0.03,0.04,99695,1507,3,0.26,0.08,-0.05,0.0,49,52,189,0,3.1,-0.01,0.0079,0.0217,15.81,15.9,9.35
622.703,flow_only,72.201,52.137492,21.1605985,91.81,52.1375124,21.1605828,29,0.51,1.519,255,-0.1673,0.3346,-0.0108,0.0119,3.022,1.448,-0.04,-0.68,320.15,0.04,0.0,0.0,0.08,99695,1507,3,0.26,0.08,-0.05,0.0,49,8,-176,0,3.1,0.0,0.0138,0.0267,16.77,17.12,9.13
622.802,flow_only,72.3,52.1374929,21.1605971,91.82,52.1375145,21.1605799,29,0.51,1.505,255,-0.1673,0.3346,0.0399,0.0136,3.008,1.451,-0.02,-0.6,320.24,0.04,0.0,0.02,0.04,99695,1507,3,0.26,0.08,-0.05,0.0,49,9,-177,0,3.11,0.0,0.0214,0.0402,15.94,18.75,9.69
622.903,flow_only,72.4,52.1374939,21.1605957,91.82,52.1375145,21.1605799,29,0.51,1.505,255,0.1673,0.669,0.017,-0.0721,3.034,1.453,0.08,-0.9,320.24,0.04,0.0,0.0,0.07,99695,1507,3,0.26,0.08,-0.05,0.0,49,-39,366,0,3.1,0.0,0.0144,0.0267,16.45,16.53,8.71
623.003,flow_only,72.5,52.1374949,21.1605943,91.82,52.1375167,21.160577,29,0.51,1.481,255,0.0,0.3345,-0.0277,-0.0253,3.03,1.454,-0.01,-1.16,320.15,0.04,0.0,0.01,0.07,99695,1507,3,0.25,0.08,-0.05,0.0,49,-13,-106,0,3.1,-0.01,0.0039,0.009,15.15,15.89,9.81
623.102,flow_only,72.6,52.1374959,21.160593,91.82,52.1375167,21.160577,29,0.51,1.481,255,0.0,0.5019,0.0041,0.0354,3.014,1.457,-0.0,-0.94,320.09,0.04,0.0,0.02,0.05,99695,1507,3,0.25,0.08,-0.05,0.0,49,4,-191,0,3.11,0.0,0.0247,0.0458,16.41,16.95,8.87
623.202,flow_only,72.7,52.1374969,21.1605916,91.82,52.1375187,21.1605743,29,0.51,1.394,255,0.0,0.5019,0.0074,-0.0451,3.014,1.458,0.02,-1.09,320.01,0.04,0.0,0.0,0.08,99695,1507,3,0.25,0.08,-0.05,0.0,49,1,-144,0,3.1,0.0,0.0037,0.0076,15.51,17.13,9.08
623.302,flow_only,72.8,52.137498,21.1605901,91.82,52.1375187,21.1605743,29,0.51,1.394,255,0.0,0.3346,-0.0454,0.0105,3.018,1.457,-0.13,-1.34,319.84,0.04,0.0,0.0,0.06,99695,1507,3,0.25,0.08,-0.05,0.0,49,28,-98,0,3.1,0.0,0.0044,0.0088,15.67,15.83,8.4
623.402,flow_only,72.9,52.1374989,21.1605888,91.82,52.1375187,21.1605743,29,0.51,1.394,255,0.0,0.5018,0.0048,0.0428,3.02,1.456,-0.19,-1.07,319.71,0.04,0.0,0.0,0.08,99695,1507,3,0.25,0.08,-0.05,0.0,49,-163,295,0,3.1,0.0,0.0138,0.0241,16.05,16.74,9.15
623.502,flow_only,73.0,52.1375,21.1605874,91.82,52.1375208,21.1605717,29,0.51,1.464,255,0.0,0.6692,0.0104,-0.0471,3.048,1.456,-0.03,-1.12,319.61,0.04,0.0,0.01,0.05,99695,1507,3,0.25,0.09,-0.05,0.0,49,-36,170,0,3.1,0.0,0.0106,0.0187,15.62,16.73,8.58
623.603,flow_only,73.101,52.1375011,21.160586,91.82,52.1375228,21.160569,29,0.51,1.428,255,0.0,0.3347,-0.0312,0.0061,3.044,1.455,-0.14,-1.2,319.51,0.04,0.0,0.0,0.05,99695,1507,3,0.26,0.1,-0.05,0.0,49,33,-159,0,3.09,-0.01,0.0163,0.0288,16.87,16.58,8.08
623.703,flow_only,73.201,52.1375021,21.1605847,91.82,52.1375228,21.160569,29,0.51,1.428,255,-0.1673,0.3345,-0.0071,0.0338,3.04,1.453,-0.32,-1.05,319.5,0.04,0.0,0.0,0.1,99695,1507,3,0.26,0.1,-0.05,0.0,49,-132,-21,0,3.09,-0.03,0.0076,0.0136,16.21,17.26,9.23
623.802,flow_only,73.3,52.1375032,21.1605833,91.82,52.1375248,21.1605662,29,0.51,1.453,255,0.0,0.6692,0.0202,-0.0266,3.07,1.452,-0.22,-1.07,319.55,0.04,0.0,0.0,0.07,99695,1507,3,0.26,0.09,-0.05,0.0,49,-2,150,0,3.09,-0.02,0.0129,0.0235,15.41,18.33,8.95
623.903,flow_only,73.401,52.1375042,21.160582,91.81,52.1375248,21.1605662,29,0.51,1.453,255,0.0,0.1673,-0.0145,-0.0195,3.046,1.446,-0.23,-1.19,319.56,0.04,0.0,0.03,0.05,99695,1507,3,0.26,0.09,-0.05,0.0,49,-19,-154,0,3.08,-0.05,0.0128,0.0278,15.79,19.26,9.33
624.002,flow_only,73.5,52.1375052,21.1605806,91.8,52.1375269,21.1605635,29,0.51,1.452,255,0.0,0.3345,-0.0428,0.0072,3.012,1.437,-0.45,-1.19,319.58,0.04,0.0,0.01,0.07,99695,1507,3,0.26,0.09,-0.05,0.0,49,32,-159,0,3.07,-0.05,0.009,0.0236,14.16,17.25,9.23
624.102,flow_only,73.6,52.1375063,21.1605793,91.79,52.1375269,21.1605635,29,0.51,1.452,255,0.0,0.6692,0.0252,0.0248,3.02,1.429,-0.41,-1.02,319.71,0.04,0.0,0.01,0.04,99695,1507,3,0.26,0.09,-0.05,0.0,49,-155,-202,0,3.06,-0.03,0.0191,0.0394,15.62,17.42,8.81
624.203,flow_only,73.701,52.1375073,21.1605782,91.79,52.1375291,21.1605608,29,0.51,1.458,255,0.0,0.3346,-0.0176,-0.0189,3.024,1.422,-0.34,-1.06,319.78,0.04,0.0,0.01,0.07,99695,1507,3,0.26,0.09,-0.05,0.0,49,-22,188,0,3.07,-0.03,0.013,0.027,15.24,15.43,8.73
624.302,flow_only,73.8,52.1375083,21.160577,91.78,52.1375291,21.1605608,29,0.51,1.458,255,0.0,0.3346,-0.0321,-0.0046,3.03,1.417,-0.63,-1.19,319.87,0.04,0.0,0.0,0.02,99695,1507,3,0.26,0.09,-0.05,0.0,49,66,218,0,3.06,-0.04,0.007,0.0146,16.15,16.08,8.6
624.402,flow_only,73.9,52.1375093,21.1605756,91.78,52.1375291,21.1605608,29,0.51,1.458,255,0.0,0.3347,0.0254,-0.0187,3.008,1.411,-0.6,-1.24,319.95,0.04,0.0,0.01,0.06,99695,1507,3,0.26,0.09,-0.05,0.0,49,8,-164,0,3.05,-0.06,0.0203,0.0396,16.73,18.08,8.86
624.502,flow_only,74.0,52.1375103,21.1605743,91.77,52.1375312,21.1605581,29,0.51,1.491,255,0.0,0.1673,-0.0054,-0.0442,3.004,1.405,-0.6,-1.53,319.93,0.04,0.0,0.0,0.06,99695,1507,3,0.26,0.09,-0.05,0.0,49,7,-103,0,3.05,-0.06,0.0071,0.0184,15.36,16.24,9.77
624.603,flow_only,74.101,52.1375113,21.1605729,91.76,52.1375332,21.1605553,29,0.51,1.415,255,0.0,0.1673,0.005,0.0092,3.006,1.396,-0.62,-1.63,319.88,0.04,0.0,0.03,0.03,99695,1507,3,0.25,0.08,-0.05,0.0,49,-5,-157,0,3.03,-0.06,0.0128,0.0306,16.29,16.15,8.9
624.703,flow_only,74.201,52.1375124,21.1605714,91.75,52.1375332,21.1605553,29,0.51,1.415,255,0.0,0.8364,0.0528,0.0143,2.994,1.389,-0.41,-1.49,319.86,0.04,0.0,0.0,0.06,99695,1507,3,0.25,0.08,-0.05,0.0,49,119,115,0,3.03,-0.05,0.0217,0.0431,15.87,16.92,9.1
624.803,flow_only,74.301,52.1375134,21.1605698,91.75,52.1375352,21.1605525,29,0.51,1.433,255,0.1673,0.3346,-0.0016,0.0083,3.038,1.384,-0.26,-1.41,319.78,0.04,0.0,0.0,0.08,99695,1507,3,0.25,0.08,-0.05,0.0,49,-76,-204,0,3.03,-0.04,0.0051,0.0132,15.25,18.13,9.74
624.902,flow_only,74.4,52.1375144,21.1605681,91.75,52.1375352,21.1605525,29,0.51,1.433,255,0.0,0.3346,0.0038,0.0524,3.002,1.38,-0.23,-1.22,319.72,0.04,0.0,0.0,0.07,99695,1507,3,0.25,0.08,-0.05,0.0,49,138,-209,0,3.03,-0.07,0.0234,0.0462,15.92,19.32,9.79
625.002,flow_only,74.5,52.1375153,21.1605666,91.74,52.1375372,21.1605497,29,0.51,1.464,255,0.0,0.6692,0.0662,0.0393,3.013,1.379,-0.0,-0.84,319.75,0.04,0.0,0.0,0.09,99695,1507,3,0.25,0.08,-0.05,0.0,49,-26,86,0,3.04,-0.04,0.0132,0.0266,15.54,16.34,9.77
625.102,flow_only,74.6,52.1375162,21.1605652,91.74,52.1375372,21.1605497,29,0.51,1.464,255,0.0,0.3345,0.0701,-0.0251,3.022,1.38,0.39,-0.89,319.77,0.04,0.0,0.0,0.05,99695,1507,3,0.25,0.08,-0.05,0.0,49,88,160,0,3.04,-0.04,0.0127,0.0256,16.27,17.41,9.68
625.202,flow_only,74.7,52.1375171,21.1605637,91.75,52.1375392,21.1605469,29,0.51,1.442,255,0.0,0.3346,-0.0052,-0.0324,3.008,1.381,0.43,-1.13,319.81,0.04,0.0,0.0,0.04,99695,1507,3,0.25,0.08,-0.05,0.0,49,-29,-117,0,3.05,-0.05,0.0244,0.0455,15.76,17.5,9.32
625.302,flow_only,74.8,52.137518,21.1605622,91.75,52.1375392,21.1605469,29,0.51,1.442,255,0.0,0.8363,0.0391,-0.0323,3.012,1.382,0.54,-1.23,319.86,0.04,0.0,0.0,0.04,99695,1507,3,0.25,0.08,-0.05,0.0,49,-34,-163,0,3.05,-0.05,0.0209,0.0406,16.47,18.31,9.47
625.402,flow_only,74.9,52.137519,21.1605606,91.75,52.1375392,21.1605469,29,0.51,1.442,255,0.1673,0.3346,0.0361,-0.065,3.014,1.386,0.8,-1.57,319.88,0.04,0.0,0.03,0.05,99695,1507,3,0.25,0.08,-0.05,0.0,49,-75,-283,0,3.06,-0.03,0.0073,0.0176,15.25,19.17,10.43
625.502,flow_only,75.0,52.1375199,21.1605592,91.76,52.1375412,21.160544,29,0.51,1.401,255,0.0,0.3345,-0.0323,0.0054,3.01,1.393,0.75,-1.67,319.93,0.04,0.0,0.01,0.08,99695,1507,3,0.25,0.08,-0.05,0.0,49,0,189,0,3.07,-0.02,0.0111,0.0258,15.75,16.88,9.41
625.603,flow_only,75.101,52.1375209,21.1605577,91.76,52.1375431,21.1605414,29,0.51,1.41,255,0.0,0.6689,0.0043,0.0317,3.0,1.399,0.69,-1.42,320.01,0.04,0.0,0.01,0.04,99695,1507,3,0.25,0.08,-0.05,0.0,49,-169,106,0,3.08,-0.01,0.0076,0.0165,16.36,17.94,9.74
625.703,flow_only,75.201,52.1375219,21.1605564,91.77,52.1375431,21.1605414,29,0.51,1.41,255,0.0,0.3346,0.0172,-0.0222,2.994,1.405,0.87,-1.43,320.05,0.04,0.0,0.01,0.09,99695,1507,3,0.25,0.08,-0.05,0.0,49,-45,-171,0,3.08,0.0,0.0189,0.0359,16.31,18.94,10.36
625.802,flow_only,75.3,52.137523,21.1605551,91.77,52.1375452,21.1605387,28,0.51,1.502,255,0.0,0.3345,-0.0835,0.0031,2.992,1.409,0.6,-1.52,320.05,0.04,0.0,0.0,0.04,99695,1507,3,0.25,0.08,-0.05,0.0,49,14,214,0,3.09,0.0,0.0088,0.0168,16.38,17.55,9.31
625.903,flow_only,75.401,52.137524,21.1605537,91.78,52.1375452,21.1605387,28,0.51,1.502,255,0.0,0.6691,-0.0123,0.0238,3.016,1.411,0.31,-1.38,320.12,0.04,0.0,0.0,0.06,99695,1507,3,0.25,0.08,-0.05,0.0,49,-75,141,0,3.08,0.0,0.0079,0.0142,16.81,17.71,8.69
626.003,flow_only,75.5,52.1375251,21.1605526,91.77,52.1375473,21.1605362,28,0.51,1.353,255,0.0,0.3346,-0.0193,-0.0059,3.008,1.408,0.21,-1.41,320.14,0.04,0.0,0.02,0.04,99695,1507,3,0.25,0.08,-0.05,0.0,49,35,-173,0,3.07,0.0,0.0226,0.0427,15.93,18.21,8.75
626.102,flow_only,75.6,52.1375262,21.1605514,91.77,52.1375473,21.1605362,28,0.51,1.353,255,0.0,0.3346,-0.0826,-0.017,3.02,1.403,-0.13,-1.58,320.08,0.04,0.0,0.03,0.03,99695,1507,3,0.25,0.08,-0.05,0.0,49,68,-132,0,3.06,-0.04,0.015,0.0329,15.49,15.38,8.45
626.202,flow_only,75.7,52.1375273,21.16055,91.76,52.1375494,21.1605337,29,0.51,1.448,255,-0.1673,0.8363,-0.0552,0.0216,3.017,1.398,-0.57,-1.6,320.03,0.04,0.0,0.0,0.08,99695,1507,3,0.25,0.08,-0.05,0.0,49,113,-170,0,3.06,-0.04,0.0108,0.0201,17.79,18.04,8.91
626.303,flow_only,75.8,52.1375283,21.1605487,91.76,52.1375494,21.1605337,29,0.51,1.448,255,0.0,0.3346,0.0123,0.0438,3.008,1.396,-0.68,-1.35,320.04,0.04,0.0,0.0,0.08,99695,1507,3,0.25,0.08,-0.05,0.0,49,41,110,0,3.07,-0.03,0.0055,0.0092,15.68,18.71,10.45
626.402,flow_only,75.9,52.1375293,21.1605473,91.76,52.1375494,21.1605337,29,0.51,1.448,255,0.0,0.3346,0.0253,-0.0278,3.014,1.395,-0.53,-1.34,319.99,0.04,0.0,0.0,0.07,99695,1507,3,0.25,0.08,-0.05,0.0,49,-19,142,0,3.07,-0.03,0.0033,0.0056,16.03,17.62,9.51
626.502,flow_only,76.0,52.1375303,21.160546,91.76,52.1375515,21.1605309,29,0.51,1.518,255,0.0,0.3346,0.0127,-0.0581,3.012,1.396,-0.36,-1.54,319.89,0.04,0.0,0.01,0.06,99695,1507,3,0.25,0.08,-0.05,0.0,49,-27,-308,0,3.07,-0.01,0.0359,0.0661,16.63,16.84,8.4
626.603,flow_only,76.101,52.1375313,21.1605448,91.76,52.1375536,21.1605282,28,0.51,1.437,255,0.0,0.3346,-0.0223,-0.0282,3.0,1.397,-0.39,-1.69,319.79,0.04,0.0,0.0,0.05,99695,1507,3,0.25,0.08,-0.05,0.0,49,33,-163,0,3.07,-0.02,0.0204,0.0384,14.93,18.16,9.86
626.703,flow_only,76.201,52.1375322,21.1605437,91.76,52.1375536,21.1605282,28,0.51,1.437,255,0.0,0.6691,0.0019,-0.0212,3.018,1.397,-0.46,-1.79,319.73,0.04,0.0,0.0,0.04,99695,1507,3,0.25,0.08,-0.05,0.0,49,26,11,0,3.07,-0.01,0.0223,0.0444,16.64,18.07,9.09
626.803,flow_only,76.3,52.1375332,21.1605425,91.76,52.1375556,21.1605254,28,0.51,1.484,255,0.0,0.6692,-0.0138,-0.0289,3.032,1.394,-0.52,-1.88,319.7,0.04,0.0,0.02,0.02,99695,1507,3,0.25,0.08,-0.05,0.0,49,25,-158,0,3.06,-0.03,0.0238,0.0476,16.33,17.14,9.59
626.902,flow_only,76.4,52.1375342,21.1605414,91.75,52.1375556,21.1605254,28,0.51,1.484,255,0.0,0.3347,0.0057,-0.0288,3.022,1.389,-0.49,-2.04,319.7,0.04,0.0,0.02,0.03,99695,1507,3,0.25,0.08,-0.05,0.0,49,-142,-140,0,3.05,-0.05,0.0249,0.0531,16.47,18.51,10.08
627.002,flow_only,76.5,52.1375353,21.1605403,91.75,52.1375556,21.1605254,28,0.51,1.484,255,0.0,0.3346,-0.0485,-0.0502,3.026,1.384,-0.61,-2.21,319.69,0.04,0.0,0.01,0.07,99695,1507,3,0.25,0.08,-0.05,0.0,49,38,19,0,3.06,-0.04,0.0165,0.0364,17.05,17.78,9.25
627.102,flow_only,76.6,52.1375363,21.1605391,91.74,52.1375577,21.1605226,28,0.51,1.496,255,-0.1673,0.1673,-0.0652,-0.0618,3.024,1.38,-0.96,-2.51,319.65,0.04,0.0,0.02,0.09,99695,1507,3,0.25,0.08,-0.05,0.0,49,66,210,0,3.05,-0.05,0.0047,0.0126,17.39,18.65,10.01
627.202,flow_only,76.7,52.1375372,21.1605377,91.74,52.1375598,21.1605197,28,0.51,1.52,255,0.0,0.3346,-0.0381,-0.0094,3.01,1.377,-1.23,-2.67,319.6,0.04,0.0,0.02,0.06,99695,1507,3,0.25,0.08,-0.05,0.0,49,61,-141,0,3.06,-0.04,0.0203,0.0374,16.68,18.83,10.35
627.302,flow_only,76.8,52.1375381,21.1605364,91.74,52.1375598,21.1605197,28,0.51,1.52,255,0.0,0.8365,0.0344,0.0263,3.02,1.376,-1.14,-2.53,319.59,0.04,0.0,0.0,0.04,99695,1507,3,0.25,0.08,-0.05,0.0,49,-3,-206,0,3.06,-0.04,0.038,0.0704,16.34,19.66,10.31
627.402,flow_only,76.9,52.137539,21.160535,91.74,52.1375598,21.1605197,28,0.51,1.52,255,0.0,0.5018,0.0688,-0.0011,3.012,1.376,-0.79,-2.42,319.61,0.04,0.0,0.0,0.07,99695,1507,3,0.25,0.08,-0.05,0.0,49,-73,-223,0,3.06,-0.04,0.0192,0.0378,17.05,17.93,10.02
627.502,flow_only,77.0,52.13754,21.1605337,91.74,52.1375619,21.1605167,28,0.51,1.561,255,0.1673,0.3346,0.0676,-0.0028,2.998,1.376,-0.41,-2.44,319.7,0.04,0.0,0.0,0.06,99695,1507,3,0.25,0.08,-0.05,0.0,49,-71,-185,0,3.06,-0.04,0.0288,0.0564,17.4,18.63,9.31
627.602,flow_only,77.1,52.1375409,21.1605325,91.74,52.137564,21.1605135,28,0.51,1.618,255,0.1672,0.6689,0.032,-0.0292,2.978,1.376,-0.15,-2.51,319.84,0.04,0.0,0.0,0.04,99695,1507,3,0.25,0.08,-0.05,0.0,49,135,141,0,3.06,-0.02,0.0037,0.0101,17.24,19.39,9.28
627.702,flow_only,77.2,52.1375419,21.1605311,91.74,52.137564,21.1605135,28,0.51,1.618,255,0.0,0.3346,-0.0373,-0.0469,2.974,1.377,-0.23,-2.76,319.92,0.04,0.0,0.01,0.06,99695,1507,3,0.25,0.08,-0.05,0.0,49,-41,-179,0,3.07,-0.01,0.0116,0.0247,17.07,18.66,9.9
627.802,flow_only,77.3,52.1375429,21.1605299,91.74,52.1375663,21.1605102,28,0.51,1.731,255,0.0,0.3346,-0.0337,-0.0148,2.994,1.377,-0.36,-2.84,319.98,0.04,0.0,0.01,0.04,99695,1507,3,0.25,0.08,-0.05,0.0,49,10,-165,0,3.06,0.0,0.024,0.0467,18.31,18.66,9.54
627.902,flow_only,77.4,52.1375438,21.1605286,91.74,52.1375663,21.1605102,28,0.51,1.731,255,0.0,0.8368,-0.0176,-0.022,2.98,1.376,-0.39,-2.85,320.03,0.04,0.0,0.01,0.04,99695,1507,3,0.25,0.08,-0.05,0.0,49,-2,133,0,3.05,0.0,0.0134,0.028,18.69,20.7,10.39
628.002,flow_only,77.5,52.1375448,21.1605273,91.74,52.1375687,21.1605066,29,0.51,1.78,255,0.0,0.5018,-0.0282,-0.0221,2.986,1.374,-0.5,-2.99,320.09,0.04,0.0,0.01,0.08,99695,1507,3,0.25,0.08,-0.05,0.0,49,-15,-186,0,3.05,-0.01,0.0207,0.0413,17.99,19.17,9.54
628.102,flow_only,77.6,52.1375457,21.1605259,91.74,52.1375687,21.1605066,29,0.51,1.78,255,0.0,0.3346,-0.0051,0.0108,2.972,1.375,-0.57,-2.92,320.19,0.04,0.0,0.01,0.09,99695,1507,3,0.25,0.08,-0.05,0.0,49,10,-211,0,3.06,0.0,0.0254,0.0491,17.04,18.12,10.72
628.202,flow_only,77.7,52.1375467,21.1605245,91.74,52.1375711,21.160503,29,0.51,1.849,255,0.0,0.8365,0.021,0.0172,2.974,1.378,-0.49,-2.79,320.32,0.04,0.0,0.0,0.04,99695,1507,3,0.25,0.08,-0.05,0.0,49,-23,-74,0,3.06,0.0,0.0009,0.0046,17.99,18.99,10.16
628.302,flow_only,77.8,52.1375478,21.160523,91.74,52.1375711,21.160503,29,0.51,1.849,255,0.0,0.5019,0.0502,0.0289,2.974,1.379,-0.31,-2.65,320.44,0.04,0.0,0.02,0.08,99695,1507,3,0.25,0.08,-0.05,0.0,49,132,-89,0,3.05,0.0,0.011,0.0215,18.91,18.49,9.91
628.403,flow_only,77.901,52.1375488,21.1605214,91.74,52.1375735,21.1604993,30,0.51,1.759,255,0.0,0.3347,0.0333,0.0298,2.978,1.378,-0.12,-2.49,320.55,0.04,0.0,0.01,0.07,99695,1507,3,0.25,0.08,-0.05,0.0,49,129,419,0,3.05,0.0,0.0311,0.0583,17.75,20.52,10.77
628.502,flow_only,78.0,52.1375499,21.1605197,91.74,52.1375735,21.1604993,30,0.51,1.759,255,0.1673,1.0039,0.037,0.0355,2.972,1.377,0.0,-2.4,320.58,0.04,0.0,0.0,0.05,99695,1507,3,0.25,0.08,-0.05,0.0,49,-23,-74,0,3.05,0.0,0.0032,0.0064,18.0,20.03,10.38
628.602,flow_only,78.1,52.137551,21.1605182,91.74,52.137576,21.1604956,30,0.51,1.92,255,0.1673,0.5019,0.0413,0.0454,2.992,1.377,0.19,-2.14,320.57,0.04,0.0,0.0,0.04,99695,1507,3,0.25,0.08,-0.05,0.0,49,-61,-121,0,3.06,0.0,0.0173,0.0315,18.32,18.53,9.37
628.702,flow_only,78.2,52.1375522,21.1605166,91.74,52.137576,21.1604956,30,0.51,1.92,255,0.0,0.3346,-0.0226,0.0306,3.0,1.378,0.16,-1.99,320.51,0.04,0.0,0.01,0.07,99695,1507,3,0.25,0.08,-0.05,0.0,49,-49,394,0,3.06,0.0,0.0256,0.048,18.61,17.17,9.34
628.802,flow_only,78.3,52.1375534,21.1605151,91.75,52.1375785,21.1604917,30,0.51,1.869,255,0.0,1.0038,-0.0363,0.0767,3.012,1.38,-0.1,-1.7,320.47,0.04,0.0,0.01,0.1,99695,1507,3,0.25,0.08,-0.05,0.0,49,31,-125,0,3.06,-0.02,0.0075,0.0164,19.51,17.53,9.77
628.902,flow_only,78.4,52.1375544,21.1605136,91.75,52.1375785,21.1604917,30,0.51,1.869,255,0.0,0.5019,-0.0234,0.0663,3.0,1.382,-0.27,-1.25,320.48,0.04,0.0,0.0,0.08,99695,1507,3,0.25,0.08,-0.05,0.0,49,25,-162,0,3.06,-0.02,0.0107,0.0176,19.18,18.3,9.35
629.002,flow_only,78.5,52.1375556,21.1605119,91.75,52.1375809,21.1604878,30,0.51,1.841,255,0.0,0.5019,0.0207,-0.0013,3.01,1.383,-0.24,-1.14,320.52,0.04,0.0,0.0,0.07,99695,1507,3,0.25,0.08,-0.05,0.0,49,-12,-133,0,3.07,-0.01,0.0104,0.0217,18.12,18.06,9.53
629.102,flow_only,78.6,52.1375567,21.1605104,91.75,52.1375809,21.1604878,30,0.51,1.841,255,0.0,0.5019,-0.0016,-0.0212,3.0,1.381,-0.19,-1.21,320.52,0.04,0.0,0.01,0.06,99695,1507,3,0.25,0.08,-0.05,0.0,49,130,-81,0,3.06,-0.01,0.0116,0.0232,18.1,16.25,9.37
629.202,flow_only,78.7,52.1375577,21.1605087,91.74,52.1375832,21.1604841,30,0.51,1.758,255,0.1673,0.5019,-0.0102,-0.0074,2.986,1.379,-0.22,-1.25,320.49,0.04,0.0,0.0,0.08,99695,1507,3,0.25,0.08,-0.05,0.0,49,-30,429,0,3.06,-0.03,0.0302,0.0593,18.03,16.71,9.54
629.302,flow_only,78.8,52.1375588,21.1605068,91.74,52.1375832,21.1604841,30,0.51,1.758,255,0.0,0.5019,0.0432,0.0287,3.016,1.378,-0.09,-1.15,320.53,0.04,0.0,0.0,0.09,99695,1507,3,0.25,0.08,-0.05,0.0,49,-45,-98,0,3.06,-0.02,0.0212,0.0436,18.21,16.58,9.89
629.402,flow_only,78.9,52.1375598,21.1605052,91.74,52.1375832,21.1604841,30,0.51,1.758,255,0.0,0.8365,0.0835,0.0459,2.994,1.376,0.29,-0.85,320.58,0.04,0.0,0.0,0.06,99695,1507,3,0.25,0.08,-0.05,0.0,49,-85,-121,0,3.06,-0.02,0.0048,0.0069,16.96,17.42,10.19
629.502,flow_only,79.0,52.137561,21.1605037,91.74,52.1375856,21.1604805,30,0.51,1.799,255,0.1673,0.5019,0.0244,-0.0334,2.966,1.374,0.61,-0.91,320.56,0.04,0.0,0.0,0.04,99695,1507,3,0.25,0.08,-0.05,0.0,49,-78,-68,0,3.06,-0.01,0.0183,0.0353,16.14,17.3,10.35
629.602,flow_only,79.1,52.1375622,21.1605022,91.74,52.137588,21.1604769,30,0.51,1.787,255,0.0,0.5021,-0.0527,0.027,2.986,1.373,0.43,-0.99,320.5,0.04,0.0,0.0,0.09,99695,1507,3,0.25,0.08,-0.05,0.0,49,22,305,0,3.06,-0.01,0.0381,0.0714,16.54,16.64,10.23
629.702,flow_only,79.2,52.1375634,21.1605005,91.74,52.137588,21.1604769,30,0.51,1.787,255,0.0,0.5019,-0.0245,0.071,3.004,1.374,0.16,-0.67,320.52,0.04,0.0,0.01,0.05,99695,1507,3,0.25,0.08,-0.05,0.0,49,57,-104,0,3.07,0.01,0.0222,0.0451,17.91,18.47,9.6
629.802,flow_only,79.3,52.1375647,21.1604987,91.74,52.1375904,21.1604732,30,0.51,1.883,255,0.0,0.5019,-0.0043,0.0221,3.0,1.375,0.07,-0.47,320.5,0.04,0.0,0.01,0.04,99695,1507,3,0.25,0.09,-0.05,0.0,49,2,-125,0,3.06,-0.02,0.0325,0.0653,18.17,18.02,9.54
629.902,flow_only,79.4,52.1375659,21.160497,91.74,52.1375904,21.1604732,30,0.51,1.883,255,0.0,0.8365,-0.0253,0.0555,2.994,1.375,-0.07,-0.28,320.43,0.04,0.0,0.0,0.02,99695,1507,3,0.25,0.09,-0.05,0.0,49,12,263,0,3.06,-0.02,0.0387,0.0775,17.03,18.06,10.0
630.002,flow_only,79.5,52.1375671,21.1604953,91.74,52.1375929,21.1604696,30,0.51,1.722,255,0.0,1.004,-0.0218,0.0907,2.982,1.375,-0.26,0.14,320.34,0.04,0.0,0.0,0.07,99695,1507,3,0.25,0.08,-0.05,0.0,49,26,216,0,3.06,-0.01,0.0296,0.0616,15.78,19.23,10.89
630.102,flow_only,79.6,52.1375683,21.1604937,91.74,52.1375929,21.1604696,30,0.51,1.722,255,0.0,0.5018,0.0262,0.0305,3.01,1.376,-0.18,0.47,320.3,0.04,0.0,0.01,0.05,99695,1507,3,0.25,0.08,-0.05,0.0,49,-5,-137,0,3.07,0.0,0.0153,0.0354,16.18,17.96,10.34
630.202,flow_only,79.7,52.1375695,21.1604919,91.74,52.1375953,21.1604661,30,0.51,1.765,255,0.0,0.3346,0.0274,-0.0253,2.978,1.378,0.03,0.4,320.22,0.04,0.0,0.0,0.06,99695,1507,3,0.25,0.09,-0.05,0.0,49,123,-62,0,3.07,-0.01,0.038,0.0778,17.29,16.29,8.75
630.302,flow_only,79.8,52.1375707,21.1604901,91.75,52.1375953,21.1604661,30,0.51,1.765,255,0.0,0.3346,-0.0061,0.0211,2.964,1.381,0.02,0.38,320.14,0.04,0.0,0.01,0.07,99695,1507,3,0.25,0.09,-0.05,0.0,49,-5,-25,0,3.08,0.0,0.0356,0.0743,16.71,17.29,8.83
630.402,flow_only,79.9,52.1375718,21.1604884,91.75,52.1375953,21.1604661,30,0.51,1.765,255,0.0,0.5019,0.0022,0.0728,2.968,1.383,0.01,0.75,320.1,0.04,0.0,0.0,0.03,99695,1507,3,0.25,0.09,-0.05,0.0,49,6,409,0,3.08,0.03,0.0439,0.0881,15.53,16.43,10.24
630.502,flow_only,80.0,52.137573,21.1604867,91.75,52.1375976,21.1604629,30,0.51,1.565,255,0.0,0.8365,0.0264,0.0326,2.986,1.384,0.16,1.06,320.14,0.04,0.0,0.01,0.04,99695,1507,3,0.25,0.08,-0.05,0.0,49,146,239,0,3.07,0.02,0.0473,0.0957,17.26,17.83,9.31
630.602,flow_only,80.1,52.1375741,21.160485,91.75,52.1375998,21.1604597,30,0.51,1.664,255,0.1673,0.3346,0.0338,-0.0033,2.96,1.383,0.27,1.07,320.17,0.04,0.0,0.01,0.02,99695,1507,3,0.25,0.09,-0.05,0.0,49,-22,-175,0,3.06,0.01,0.0194,0.0374,16.11,18.13,9.77
630.703,flow_only,80.201,52.1375751,21.1604833,91.74,52.1375998,21.1604597,30,0.51,1.664,255,0.0,0.3346,0.0033,-0.0302,2.974,1.378,0.4,0.96,320.15,0.04,0.0,0.02,0.02,99695,1507,3,0.25,0.09,-0.05,0.0,49,-16,-140,0,3.05,0.0,0.0148,0.0356,16.96,17.98,9.35
630.803,flow_only,80.301,52.1375761,21.1604818,91.74,52.137602,21.1604565,29,0.51,1.568,255,0.0,0.3346,0.0035,-0.0304,2.976,1.374,0.4,0.84,320.17,0.04,0.0,0.01,0.04,99695,1507,3,0.25,0.09,-0.05,0.0,49,4,-130,0,3.05,0.0,0.013,0.0312,18.28,17.31,10.03
630.903,flow_only,80.401,52.1375772,21.1604804,91.74,52.137602,21.1604565,29,0.51,1.568,255,0.0,0.3346,0.0151,-0.0529,2.972,1.372,0.5,0.57,320.18,0.04,0.0,0.0,0.04,99695,1507,3,0.25,0.09,-0.05,0.0,49,-4,63,0,3.05,0.0,0.013,0.0285,16.93,19.46,10.2
631.003,flow_only,80.5,52.1375781,21.1604791,91.74,52.1376041,21.1604536,29,0.51,1.438,255,0.0,0.1673,-0.0153,-0.098,2.96,1.371,0.52,0.17,320.14,0.04,0.0,0.0,0.03,99695,1507,3,0.25,0.08,-0.05,0.0,49,-17,-86,0,3.05,0.0,0.0037,0.006,17.34,17.7,9.53
631.103,flow_only,80.601,52.1375792,21.1604777,91.74,52.1376041,21.1604536,29,0.51,1.438,255,0.0,0.6692,-0.0399,-0.0834,2.964,1.372,0.35,-0.33,320.03,0.04,0.0,0.0,0.04,99695,1507,3,0.25,0.08,-0.05,0.0,49,30,-47,0,3.06,0.01,0.0123,0.025,15.66,18.8,9.89
631.202,flow_only,80.7,52.1375801,21.1604765,91.74,52.1376061,21.1604508,29,0.51,1.452,255,0.0,0.6692,-0.0424,-0.0144,2.952,1.375,0.15,-0.54,319.85,0.04,0.0,0.0,0.06,99695,1507,3,0.25,0.08,-0.05,0.0,49,55,-67,0,3.06,0.02,0.013,0.0227,16.12,17.64,10.15
631.302,flow_only,80.8,52.1375809,21.1604754,91.74,52.1376061,21.1604508,29,0.51,1.452,255,0.0,0.3346,-0.0248,-0.0219,2.992,1.379,-0.05,-0.61,319.71,0.04,0.0,0.0,0.05,99695,1507,3,0.25,0.08,-0.05,0.0,49,-276,253,0,3.07,0.03,0.0134,0.0257,15.11,17.76,9.65
631.402,flow_only,80.9,52.1375818,21.1604744,91.75,52.1376061,21.1604508,29,0.51,1.452,255,0.0,0.1673,-0.0053,-0.0818,2.996,1.383,0.03,-0.92,319.63,0.04,0.0,0.0,0.08,99695,1507,3,0.25,0.08,-0.05,0.0,49,10,-47,0,3.07,0.02,0.0125,0.0262,15.65,18.21,9.54
631.502,flow_only,81.0,52.1375827,21.1604734,91.76,52.1376082,21.1604481,29,0.51,1.417,255,0.0,0.1673,-0.0441,-0.1231,2.976,1.39,-0.08,-1.5,319.54,0.04,0.0,0.02,0.06,99695,1507,3,0.25,0.08,-0.05,0.0,49,30,-164,0,3.08,0.0,0.0324,0.0633,15.76,17.37,9.82
631.602,flow_only,81.1,52.1375835,21.1604723,91.76,52.1376102,21.1604455,29,0.51,1.384,255,0.0,0.1673,-0.058,-0.1054,2.978,1.394,-0.35,-2.14,319.44,0.04,0.0,0.01,0.04,99695,1507,3,0.25,0.09,-0.05,0.0,49,65,16,0,3.08,0.01,0.0113,0.0224,16.41,17.88,9.14
631.703,flow_only,81.201,52.1375843,21.1604712,91.76,52.1376102,21.1604455,29,0.51,1.384,255,0.0,0.6692,0.0025,-0.033,2.974,1.394,-0.48,-2.45,319.41,0.04,0.0,0.02,0.1,99695,1507,3,0.25,0.09,-0.05,0.0,49,54,-46,0,3.07,0.01,0.0248,0.0475,15.67,17.56,8.92
631.803,flow_only,81.301,52.1375851,21.16047,91.76,52.1376122,21.160443,29,0.51,1.393,255,0.0,0.8365,0.0512,-0.0168,2.986,1.393,-0.34,-2.55,319.48,0.04,0.0,0.0,0.06,99695,1507,3,0.25,0.09,-0.05,0.0,49,-176,253,0,3.07,0.0,0.0064,0.0106,15.91,17.23,8.64
631.903,flow_only,81.401,52.137586,21.1604689,91.75,52.1376122,21.160443,29,0.51,1.393,255,0.0,0.1673,0.0416,-0.0557,2.95,1.39,-0.11,-2.88,319.53,0.04,0.0,0.01,0.06,99695,1507,3,0.25,0.09,-0.05,0.0,49,-11,-61,0,3.06,0.0,0.0052,0.0141,16.38,15.84,8.93
632.003,flow_only,81.5,52.137587,21.1604677,91.75,52.1376143,21.1604403,29,0.51,1.496,255,0.0,0.3346,-0.0172,0.0048,2.948,1.386,-0.16,-3.06,319.53,0.04,0.0,0.01,0.07,99695,1507,3,0.25,0.08,-0.05,0.0,49,-1,92,0,3.06,0.01,0.0075,0.0147,16.46,19.63,9.61
632.102,flow_only,81.6,52.1375879,21.1604664,91.75,52.1376143,21.1604403,29,0.51,1.496,255,0.0,0.5019,-0.0232,0.0552,2.94,1.386,-0.28,-2.83,319.59,0.04,0.0,0.01,0.08,99695,1507,3,0.25,0.08,-0.05,0.0,49,216,353,0,3.07,0.03,0.0207,0.0379,16.0,17.12,9.99
632.202,flow_only,81.7,52.1375889,21.1604649,91.76,52.1376165,21.1604374,29,0.51,1.538,255,0.0,0.3346,0.0307,0.028,2.952,1.391,-0.2,-2.56,319.63,0.04,0.0,0.02,0.03,99695,1507,3,0.25,0.08,-0.05,0.0,49,-171,312,0,3.08,0.03,0.0237,0.0423,15.66,19.5,10.45
632.303,flow_only,81.801,52.1375899,21.1604636,91.76,52.1376165,21.1604374,29,0.51,1.538,255,0.1673,0.8363,0.0276,0.0347,2.974,1.393,0.08,-2.37,319.59,0.04,0.0,0.02,0.08,99695,1507,3,0.25,0.08,-0.05,0.0,49,-48,-175,0,3.07,0.03,0.0108,0.0221,16.73,17.54,9.41
632.402,flow_only,81.9,52.137591,21.1604621,91.76,52.1376165,21.1604374,29,0.51,1.538,255,0.0,1.0034,-0.0256,0.0337,2.988,1.395,0.05,-2.17,319.51,0.04,0.0,0.01,0.07,99695,1507,3,0.25,0.08,-0.05,0.0,49,7,-23,0,3.07,0.01,0.0156,0.0293,17.11,17.53,9.49
632.502,flow_only,82.0,52.1375921,21.1604604,91.76,52.1376186,21.1604345,29,0.51,1.551,255,0.0,0.3346,0.0062,0.082,2.988,1.395,-0.11,-1.86,319.46,0.04,0.0,0.01,0.07,99695,1507,3,0.25,0.08,-0.05,0.0,49,71,-64,0,3.07,0.0,0.0387,0.0748,16.89,17.85,9.26
632.603,flow_only,82.1,52.1375932,21.1604588,91.76,52.1376209,21.1604316,29,0.51,1.633,255,0.0,0.5019,0.045,0.0946,2.998,1.397,0.12,-1.35,319.43,0.04,0.0,0.01,0.06,99695,1507,3,0.25,0.09,-0.05,0.0,49,-18,-94,0,3.08,0.0,0.0036,0.0072,16.84,18.24,9.56
632.703,flow_only,82.201,52.1375943,21.1604574,91.76,52.1376209,21.1604316,29,0.51,1.633,255,0.0,0.3347,0.0054,0.0359,2.99,1.399,0.26,-1.05,319.37,0.04,0.0,0.0,0.04,99695,1507,3,0.25,0.09,-0.05,0.0,49,-10,284,0,3.08,0.0,0.0175,0.0332,16.99,18.16,9.27
632.803,flow_only,82.301,52.1375953,21.1604558,91.76,52.1376233,21.1604286,29,0.51,1.646,255,0.0,0.3345,-0.0102,0.0398,3.004,1.4,0.21,-0.83,319.34,0.04,0.0,0.01,0.06,99695,1507,3,0.25,0.09,-0.05,0.0,49,30,-52,0,3.08,0.0,0.0133,0.0264,15.42,17.88,10.04
632.903,flow_only,82.401,52.1375964,21.1604543,91.77,52.1376233,21.1604286,29,0.51,1.646,255,0.0,0.6691,0.0019,-0.0111,3.004,1.402,0.24,-0.72,319.29,0.04,0.0,0.01,0.04,99695,1507,3,0.25,0.09,-0.05,0.0,49,-6,-49,0,3.09,0.0,0.0068,0.0131,16.14,19.07,9.53
633.003,flow_only,82.5,52.1375974,21.1604528,91.77,52.1376256,21.1604255,29,0.51,1.66,255,0.0,0.8363,-0.0124,0.0065,3.024,1.403,0.2,-0.74,319.24,0.04,0.0,0.01,0.03,99695,1507,3,0.25,0.09,-0.05,0.0,49,9,191,0,3.08,0.0,0.0045,0.009,15.65,17.53,9.67
633.103,flow_only,82.6,52.1375983,21.1604515,91.77,52.1376256,21.1604255,29,0.51,1.66,255,0.0,0.5019,0.041,-0.0029,2.994,1.402,0.28,-0.7,319.24,0.04,0.0,0.01,0.03,99695,1507,3,0.25,0.09,-0.05,0.0,49,-141,-8,0,3.08,-0.01,0.0128,0.0264,16.91,19.51,9.82
633.203,flow_only,82.7,52.1375993,21.1604504,91.76,52.1376279,21.1604225,29,0.51,1.554,255,0.0,0.1673,-0.0177,-0.0836,2.978,1.399,0.36,-1.02,319.22,0.04,0.0,0.0,0.04,99695,1507,3,0.25,0.09,-0.05,0.0,49,0,-103,0,3.08,-0.01,0.0257,0.0518,15.29,18.99,9.73
633.302,flow_only,82.8,52.1376003,21.1604492,91.76,52.1376279,21.1604225,29,0.51,1.554,255,-0.1673,0.5019,-0.0628,-0.0515,2.992,1.397,0.05,-1.35,319.16,0.04,0.0,0.0,0.08,99695,1507,3,0.25,0.09,-0.05,0.0,49,71,-261,0,3.08,0.01,0.0203,0.0404,15.1,18.47,9.22
633.403,flow_only,82.9,52.1376013,21.160448,91.76,52.1376279,21.1604225,29,0.51,1.554,255,0.0,0.3346,-0.0125,-0.0204,2.998,1.397,-0.12,-1.47,319.17,0.04,0.0,0.0,0.08,99695,1507,3,0.25,0.09,-0.05,0.0,49,65,-126,0,3.08,0.02,0.019,0.0389,16.23,17.42,9.24
633.502,flow_only,83.0,52.1376022,21.1604468,91.76,52.1376301,21.1604196,29,0.51,1.539,255,0.0,0.6691,-0.0053,-0.0674,2.996,1.393,-0.12,-1.74,319.22,0.04,0.0,0.04,0.04,99695,1507,3,0.25,0.08,-0.05,0.0,49,20,396,0,3.07,-0.01,0.0119,0.0203,17.44,19.28,10.05
633.602,flow_only,83.1,52.1376032,21.1604454,91.76,52.1376325,21.1604167,29,0.51,1.657,255,0.0,0.6693,-0.0168,-0.0672,3.002,1.391,-0.17,-2.16,319.2,0.04,0.0,0.02,0.05,99695,1507,3,0.25,0.08,-0.05,0.0,49,24,-84,0,3.07,0.0,0.0054,0.0116,17.74,18.28,9.34
633.703,flow_only,83.201,52.1376041,21.1604441,91.75,52.1376325,21.1604167,29,0.51,1.657,255,0.0,0.3345,-0.0092,0.0219,2.988,1.387,-0.27,-2.14,319.23,0.04,0.0,0.03,0.08,99695,1507,3,0.25,0.08,-0.05,0.0,49,37,-164,0,3.06,-0.02,0.0246,0.0478,16.38,18.89,10.18
633.803,flow_only,83.301,52.1376051,21.1604427,91.75,52.1376348,21.1604138,29,0.51,1.62,255,0.0,0.5019,0.0123,0.0226,2.99,1.382,-0.22,-1.91,319.35,0.04,0.0,0.01,0.07,99695,1507,3,0.25,0.08,-0.05,0.0,49,-154,-42,0,3.05,-0.02,0.0088,0.018,16.03,18.0,9.09
633.903,flow_only,83.401,52.1376062,21.1604414,91.74,52.1376348,21.1604138,29,0.51,1.62,255,0.0,0.5019,0.0333,-0.0009,2.976,1.377,0.0,-1.88,319.48,0.04,0.0,0.0,0.06,99695,1507,3,0.25,0.08,-0.05,0.0,49,1,-19,0,3.05,-0.02,0.0072,0.0146,15.65,18.78,10.11
634.002,flow_only,83.5,52.1376072,21.1604399,91.74,52.1376372,21.1604109,29,0.51,1.598,255,0.0,0.5018,-0.0053,-0.0105,2.986,1.374,0.09,-1.9,319.61,0.04,0.0,0.0,0.03,99695,1507,3,0.25,0.08,-0.05,0.0,49,-22,0,0,3.05,-0.02,0.0027,0.0072,17.54,17.44,9.56
634.102,flow_only,83.6,52.1376083,21.1604384,91.74,52.1376372,21.1604109,29,0.51,1.598,255,0.0,0.8366,-0.0105,0.0056,3.006,1.371,0.07,-1.91,319.69,0.04,0.0,0.0,0.06,99695,1507,3,0.25,0.08,-0.05,0.0,49,7,-181,0,3.05,-0.02,0.0092,0.0175,16.18,18.89,10.19
634.202,flow_only,83.7,52.1376093,21.160437,91.74,52.1376395,21.160408,29,0.51,1.616,255,0.0,0.8366,-0.0111,0.0799,3.016,1.37,-0.06,-1.54,319.81,0.04,0.0,0.0,0.09,99695,1507,3,0.25,0.08,-0.05,0.0,49,33,-228,0,3.05,-0.02,0.0218,0.04,16.04,16.68,9.29
634.302,flow_only,83.8,52.1376103,21.1604357,91.73,52.1376395,21.160408,29,0.51,1.616,255,0.0,0.5019,0.0116,0.034,3.014,1.365,-0.0,-1.18,319.94,0.04,0.0,0.04,0.08,99695,1507,3,0.25,0.08,-0.05,0.0,49,4,411,0,3.04,-0.06,0.0136,0.0278,16.64,16.79,8.83
634.402,flow_only,83.9,52.1376113,21.1604342,91.72,52.1376395,21.160408,29,0.51,1.616,255,0.0,0.5019,0.0428,-0.0127,3.014,1.359,0.07,-1.24,320.03,0.04,0.0,0.01,0.04,99695,1507,3,0.25,0.08,-0.05,0.0,49,6,-179,0,3.03,-0.06,0.0083,0.0192,16.51,19.26,9.81
634.502,flow_only,84.0,52.1376123,21.1604328,91.72,52.1376418,21.160405,29,0.51,1.6,255,0.0,0.3347,0.0288,-0.0276,2.992,1.356,0.26,-1.34,319.98,0.04,0.0,0.02,0.06,99695,1507,3,0.25,0.08,-0.05,0.0,49,-9,-2,0,3.05,-0.05,0.0063,0.0129,17.07,17.66,9.44
634.602,flow_only,84.1,52.1376134,21.1604313,91.72,52.1376442,21.160402,29,0.51,1.675,255,0.0,0.3346,-0.0056,-0.0413,3.0,1.355,0.26,-1.59,319.82,0.04,0.0,0.0,0.04,99695,1507,3,0.25,0.08,-0.05,0.0,49,10,-141,0,3.05,-0.04,0.0116,0.0227,17.36,16.83,9.14
634.703,flow_only,84.201,52.1376145,21.1604297,91.72,52.1376442,21.160402,29,0.51,1.675,255,0.0,0.3346,-0.0088,0.0306,3.014,1.354,0.17,-1.64,319.59,0.04,0.0,0.0,0.06,99695,1507,3,0.25,0.08,-0.05,0.0,49,-126,-184,0,3.05,-0.03,0.0104,0.0207,17.65,18.19,8.86
634.803,flow_only,84.301,52.1376155,21.1604285,91.72,52.1376466,21.1603991,29,0.51,1.619,255,0.0,0.3345,-0.021,0.0636,3.0,1.351,0.1,-1.32,319.37,0.04,0.0,0.01,0.07,99695,1507,3,0.25,0.08,-0.05,0.0,49,-146,275,0,3.04,-0.03,0.0176,0.0351,17.12,20.17,10.58
634.903,flow_only,84.4,52.1376166,21.1604272,91.72,52.1376466,21.1603991,29,0.51,1.619,255,0.0,0.3346,-0.032,0.0664,3.008,1.354,-0.03,-0.97,319.15,0.04,0.0,0.04,0.02,99695,1507,3,0.25,0.08,-0.05,0.0,49,51,-67,0,3.06,-0.02,0.0104,0.0264,16.98,20.56,9.56
635.002,flow_only,84.5,52.1376177,21.1604261,91.72,52.137649,21.1603961,29,0.51,1.684,255,-0.1673,0.5019,-0.0453,0.11,2.976,1.359,-0.27,-0.46,318.97,0.04,0.0,0.0,0.05,99695,1507,3,0.25,0.08,-0.05,0.0,49,61,-74,0,3.06,-0.02,0.0233,0.0493,18.21,20.22,9.4
635.102,flow_only,84.6,52.1376187,21.1604249,91.73,52.137649,21.1603961,29,0.51,1.684,255,0.0,0.8365,-0.0342,0.0964,2.978,1.364,-0.49,0.17,318.88,0.04,0.0,0.01,0.04,99695,1507,3,0.25,0.08,-0.05,0.0,49,51,385,0,3.07,0.01,0.0104,0.0229,18.71,19.84,9.34
635.202,flow_only,84.7,52.1376196,21.1604237,91.73,52.1376515,21.1603931,29,0.51,1.666,255,0.0,0.5019,0.0214,0.0987,2.996,1.367,-0.55,0.68,318.85,0.04,0.0,0.0,0.06,99695,1507,3,0.25,0.08,-0.05,0.0,49,47,-75,0,3.07,0.01,0.0141,0.0307,18.68,22.54,9.97
635.302,flow_only,84.8,52.1376205,21.1604227,91.73,52.1376515,21.1603931,29,0.51,1.666,255,0.0,0.5017,0.0201,0.104,2.978,1.367,-0.45,1.28,318.92,0.04,0.0,0.01,0.04,99695,1507,3,0.25,0.08,-0.05,0.0,49,5,-72,0,3.06,-0.01,0.0289,0.0572,18.1,21.17,9.72
635.402,flow_only,84.9,52.1376214,21.1604215,91.73,52.1376515,21.1603931,29,0.51,1.666,255,0.0,0.3346,0.0189,0.0529,3.01,1.364,-0.35,1.67,318.99,0.04,0.0,0.02,0.06,99695,1507,3,0.25,0.08,-0.05,0.0,49,17,-39,0,3.05,-0.02,0.0041,0.0122,17.82,19.74,10.4
635.502,flow_only,85.0,52.1376222,21.1604205,91.73,52.1376538,21.1603901,29,0.51,1.56,255,0.0,0.5019,0.0075,0.0985,2.996,1.362,-0.36,2.05,319.03,0.04,0.0,0.0,0.04,99695,1507,3,0.25,0.08,-0.05,0.0,49,34,-167,0,3.05,-0.02,0.0257,0.0505,17.88,19.28,10.48
635.603,flow_only,85.1,52.137623,21.1604195,91.72,52.1376561,21.1603872,29,0.51,1.54,255,-0.1673,0.8365,-0.0266,0.1261,2.992,1.358,-0.45,2.73,319.11,0.04,0.0,0.01,0.06,99695,1507,3,0.25,0.08,-0.05,0.0,49,-116,295,0,3.05,-0.02,0.011,0.0186,18.03,18.87,9.86
635.703,flow_only,85.201,52.1376237,21.1604185,91.72,52.1376561,21.1603872,29,0.51,1.54,255,0.0,0.8365,-0.0093,0.1299,3.027,1.359,-0.56,3.41,319.2,0.04,0.0,0.02,0.04,99695,1507,3,0.25,0.08,-0.05,0.0,49,37,-8,0,3.06,-0.01,0.0082,0.0188,16.88,18.78,9.96
635.803,flow_only,85.301,52.1376244,21.1604176,91.72,52.1376581,21.1603845,29,0.51,1.335,255,0.0,0.5017,0.0069,0.1593,3.018,1.36,-0.5,4.3,319.36,0.04,0.0,0.0,0.07,99695,1507,3,0.25,0.08,-0.05,0.0,49,2,-33,0,3.06,-0.01,0.0082,0.0174,17.34,18.33,9.18
635.903,flow_only,85.4,52.1376251,21.1604167,91.73,52.1376581,21.1603845,29,0.51,1.335,255,0.0,0.5019,0.0377,0.1117,3.012,1.362,-0.33,5.08,319.53,0.04,0.0,0.01,0.06,99695,1507,3,0.25,0.08,-0.05,0.0,49,-1,317,0,3.07,-0.01,0.0205,0.0381,17.46,17.67,9.72
636.002,flow_only,85.5,52.1376257,21.1604159,91.73,52.1376599,21.1603821,29,0.51,1.131,255,0.0,0.3346,-0.0028,0.0818,3.038,1.365,-0.25,5.64,319.68,0.04,0.0,0.01,0.02,99695,1507,3,0.25,0.08,-0.05,0.0,49,-24,-110,0,3.07,0.0,0.0058,0.0145,17.27,17.11,8.3
636.102,flow_only,85.6,52.1376262,21.1604153,91.73,52.1376599,21.1603821,29,0.51,1.131,255,0.0,0.3346,-0.0059,0.0306,3.006,1.368,-0.15,6.05,319.79,0.04,0.0,0.01,0.03,99695,1507,3,0.25,0.08,-0.05,0.0,49,-27,-53,0,3.08,0.0,0.0089,0.0196,16.51,17.78,9.46
636.202,flow_only,85.7,52.1376267,21.1604147,91.74,52.1376614,21.1603801,29,0.51,0.954,255,0.0,0.5019,-0.0443,-0.037,2.998,1.373,-0.24,6.01,319.87,0.04,0.0,0.01,0.05,99695,1507,3,0.25,0.08,-0.05,0.0,49,13,-109,0,3.08,0.0,0.0044,0.0141,15.85,18.08,8.88
636.302,flow_only,85.8,52.137627,21.1604142,91.74,52.1376614,21.1603801,29,0.51,0.954,255,0.0,0.3346,-0.0253,-0.065,3.0,1.374,-0.45,5.77,319.91,0.04,0.0,0.0,0.05,99695,1507,3,0.25,0.08,-0.05,0.0,49,35,-17,0,3.08,0.02,0.0026,0.0096,14.19,16.15,8.42
636.402,flow_only,85.9,52.1376272,21.1604138,91.74,52.1376614,21.1603801,29,0.51,0.954,255,0.0,0.1673,0.0002,-0.0931,2.986,1.375,-0.5,5.34,320.0,0.04,0.0,0.0,0.07,99695,1507,3,0.25,0.08,-0.05,0.0,49,12,66,0,3.08,0.02,0.004,0.0123,14.0,16.95,8.06
636.503,flow_only,86.0,52.1376274,21.1604134,91.75,52.1376626,21.1603786,29,0.51,0.668,255,0.0,0.0,0.0577,-0.129,2.99,1.382,-0.34,4.64,320.13,0.04,0.0,0.05,0.03,99695,1507,3,0.25,0.08,-0.05,0.0,49,-19,-12,0,3.1,0.04,0.0083,0.0268,12.98,15.19,8.18
636.602,flow_only,86.1,52.1376276,21.1604131,91.76,52.1376634,21.1603774,29,0.51,0.486,255,0.1673,0.1673,0.0586,-0.1485,2.98,1.392,-0.04,3.76,320.23,0.04,0.0,0.02,0.04,99695,1507,3,0.25,0.08,-0.05,0.0,49,-38,47,0,3.11,0.06,0.0145,0.0344,13.24,16.86,8.14
636.703,flow_only,86.201,52.1376277,21.1604129,91.77,52.1376634,21.1603774,29,0.51,0.486,255,0.0,0.0,-0.0093,-0.1096,2.97,1.402,0.0,2.95,320.26,0.04,0.0,0.0,0.04,99695,1507,3,0.25,0.08,-0.05,0.0,49,0,74,0,3.11,0.06,0.0219,0.0442,12.56,14.46,7.77
636.803,flow_only,86.301,52.1376279,21.1604127,91.78,52.1376641,21.1603765,29,0.51,0.448,255,0.0,0.0,-0.0315,-0.0592,2.972,1.41,-0.17,2.49,320.3,0.04,0.0,0.0,0.04,99695,1507,3,0.25,0.09,-0.05,0.0,49,34,17,0,3.11,0.06,0.0195,0.0402,13.36,15.68,8.11
636.903,flow_only,86.4,52.137628,21.1604124,91.78,52.1376641,21.1603765,29,0.51,0.448,255,0.0,0.1672,-0.0004,-0.0324,2.987,1.417,-0.22,2.3,320.36,0.04,0.0,0.0,0.05,99695,1507,3,0.25,0.09,-0.05,0.0,49,21,149,0,3.11,0.06,0.0257,0.0521,13.09,14.59,8.05
637.002,flow_only,86.5,52.1376283,21.160412,91.78,52.1376647,21.1603757,29,0.51,0.308,255,0.0,0.0,0.0039,-0.0665,2.978,1.419,-0.13,1.98,320.41,0.04,0.0,0.02,0.04,99695,1507,3,0.25,0.08,-0.05,0.0,49,-19,152,0,3.11,0.04,0.0391,0.0771,12.94,16.11,8.58
637.103,flow_only,86.6,52.1376285,21.1604117,91.79,52.1376647,21.1603757,29,0.51,0.308,255,0.0,0.0,-0.007,-0.0475,2.978,1.421,-0.03,1.67,320.37,0.04,0.0,0.0,0.05,99695,1507,3,0.25,0.08,-0.05,0.0,49,-29,17,0,3.11,0.04,0.0394,0.0785,13.57,15.34,8.11
637.202,flow_only,86.7,52.1376287,21.1604114,91.79,52.1376652,21.1603751,29,0.51,0.271,255,0.0,0.0,-0.0222,0.012,2.964,1.424,-0.1,1.61,320.29,0.04,0.0,0.0,0.05,99695,1507,3,0.25,0.08,-0.05,0.0,49,8,-8,0,3.11,0.05,0.0257,0.0544,12.81,15.54,8.26
637.302,flow_only,86.8,52.1376289,21.1604111,91.79,52.1376652,21.1603751,29,0.51,0.271,255,0.0,0.1673,0.0109,0.0255,2.964,1.428,-0.17,1.73,320.28,0.04,0.0,0.0,0.04,99695,1507,3,0.25,0.08,-0.05,0.0,49,15,-41,0,3.11,0.06,0.0216,0.0471,12.88,14.88,9.06
637.403,flow_only,86.9,52.137629,21.1604108,91.8,52.1376652,21.1603751,29,0.51,0.271,255,0.0,0.1673,0.0456,0.0241,2.958,1.434,-0.02,1.83,320.28,0.04,0.0,0.03,0.03,99695,1507,3,0.25,0.08,-0.05,0.0,49,-17,-41,0,3.13,0.08,0.0179,0.0412,13.63,16.41,9.04
637.502,flow_only,87.0,52.1376292,21.1604106,91.8,52.1376656,21.1603747,29,0.51,0.18,255,0.1673,0.1673,0.0091,-0.0021,2.956,1.438,0.04,1.8,320.21,0.04,0.0,0.02,0.12,99695,1507,3,0.25,0.08,-0.05,0.0,49,-4,-7,0,3.12,0.07,0.0184,0.0409,14.05,14.79,8.85
637.602,flow_only,87.1,52.1376293,21.1604103,91.81,52.1376658,21.1603743,29,0.51,0.141,255,0.0,0.1673,-0.0164,0.0222,2.95,1.442,-0.02,1.86,320.1,0.04,0.0,0.01,0.07,99695,1507,3,0.25,0.08,-0.05,0.0,49,2,-19,0,3.12,0.09,0.0203,0.0491,14.84,17.0,9.13
637.703,flow_only,87.201,52.1376293,21.1604101,91.81,52.1376658,21.1603743,29,0.51,0.141,255,-0.1673,0.1673,0.0127,0.0648,2.954,1.446,-0.01,2.14,320.05,0.04,0.0,0.0,0.11,99695,1507,3,0.25,0.08,-0.05,0.0,49,-10,121,0,3.12,0.09,0.0192,0.0458,13.4,15.42,9.02
637.803,flow_only,87.301,52.1376294,21.16041,91.81,52.137666,21.1603741,29,0.51,0.05,255,0.1673,0.1673,0.032,0.0172,2.946,1.448,0.23,2.36,320.11,0.04,0.0,0.01,0.1,99695,1507,3,0.25,0.1,-0.05,0.0,49,-52,-26,0,3.12,0.09,0.0167,0.0292,14.45,17.67,8.57
637.903,flow_only,87.401,52.1376294,21.16041,91.82,52.137666,21.1603741,29,0.51,0.05,255,0.0,0.0,0.0134,-0.036,2.946,1.454,0.36,2.29,320.19,0.04,0.0,0.04,0.1,99695,1507,3,0.25,0.1,-0.05,0.0,49,-37,10,0,3.13,0.11,0.014,0.0246,13.78,17.33,8.58
638.002,flow_only,87.5,52.1376294,21.1604101,91.82,52.1376661,21.1603741,29,0.51,0.004,255,0.0,-0.1673,-0.0358,-0.0607,2.946,1.458,0.28,1.97,320.2,0.04,0.0,0.0,0.07,99695,1507,3,0.25,0.08,-0.05,0.0,49,-9,63,0,3.13,0.1,0.0124,0.0231,11.7,16.21,8.82
638.102,flow_only,87.6,52.1376294,21.1604103,91.83,52.1376661,21.1603741,29,0.51,0.004,255,0.0,0.0,-0.0594,-0.0429,2.96,1.462,-0.09,1.63,320.13,0.04,0.0,0.0,0.04,99695,1507,3,0.25,0.08,-0.05,0.0,49,69,-63,0,3.12,0.1,0.006,0.0098,13.06,16.39,8.36
638.202,flow_only,87.7,52.1376293,21.1604103,91.83,52.1376662,21.1603741,29,0.51,0.041,255,0.0,0.0,-0.0447,-0.0328,2.958,1.465,-0.39,1.39,320.03,0.04,0.0,0.0,0.06,99695,1507,3,0.25,0.07,-0.05,0.0,49,63,-77,0,3.13,0.1,0.0111,0.0215,12.21,13.67,8.4
638.303,flow_only,87.8,52.1376292,21.1604105,91.83,52.1376662,21.1603741,29,0.51,0.041,255,0.0,-0.1673,0.0115,-0.0254,2.962,1.468,-0.42,1.26,319.93,0.04,0.0,0.01,0.05,99695,1507,3,0.25,0.07,-0.05,0.0,49,21,72,0,3.12,0.08,0.0052,0.0124,14.37,18.6,9.07
638.402,flow_only,87.9,52.1376291,21.1604106,91.84,52.1376662,21.1603741,29,0.51,0.041,255,0.0,0.0,0.0286,-0.0421,2.952,1.471,-0.26,1.02,319.87,0.04,0.0,0.01,0.05,99695,1507,3,0.25,0.07,-0.05,0.0,49,-19,102,0,3.13,0.08,0.0091,0.0152,13.45,15.67,8.36
638.502,flow_only,88.0,52.137629,21.1604107,91.84,52.1376662,21.1603742,29,0.51,0.09,255,0.0,-0.1673,0.0253,-0.0252,2.958,1.474,-0.12,0.81,319.81,0.04,0.0,0.0,0.05,99695,1507,3,0.25,0.07,-0.05,0.0,49,-7,82,0,3.13,0.08,0.0182,0.032,12.43,13.52,7.93
638.602,flow_only,88.1,52.137629,21.1604108,91.84,52.1376662,21.1603744,29,0.51,0.03,255,0.0,0.0,0.0293,0.0014,2.954,1.472,0.02,0.74,319.77,0.04,0.0,0.05,0.05,99695,1507,3,0.25,0.07,-0.05,0.0,49,-11,77,0,3.11,0.07,0.0122,0.0283,12.98,12.97,8.33
638.703,flow_only,88.201,52.137629,21.1604109,91.84,52.1376662,21.1603744,29,0.51,0.03,255,0.0,0.0,0.0012,0.0,2.964,1.472,0.03,0.72,319.73,0.04,0.0,0.03,0.04,99695,1507,3,0.25,0.07,-0.05,0.0,49,21,-102,0,3.12,0.08,0.0029,0.0095,11.32,14.08,8.49
638.803,flow_only,88.301,52.1376289,21.160411,91.84,52.1376662,21.1603745,29,0.51,0.076,255,0.0,-0.1673,-0.0215,-0.0171,2.964,1.473,-0.09,0.61,319.69,0.04,0.0,0.01,0.04,99695,1507,3,0.25,0.06,-0.05,0.0,49,22,86,0,3.12,0.08,0.0103,0.0203,13.78,15.66,8.73
638.903,flow_only,88.401,52.1376289,21.1604111,91.84,52.1376662,21.1603745,29,0.51,0.076,255,0.0,0.0,-0.017,-0.0235,2.972,1.472,-0.23,0.53,319.57,0.04,0.0,0.0,0.06,99695,1507,3,0.25,0.06,-0.05,0.0,49,43,72,0,3.11,0.07,0.0112,0.0221,15.01,15.18,8.39
639.002,flow_only,88.5,52.1376288,21.1604111,91.84,52.1376662,21.1603746,29,0.51,0.076,255,0.0,0.0,-0.0094,-0.0172,2.962,1.47,-0.29,0.42,319.38,0.04,0.0,0.01,0.03,99695,1507,3,0.25,0.06,-0.05,0.0,49,27,85,0,3.11,0.06,0.0087,0.0199,13.8,15.03,8.01
639.102,flow_only,88.6,52.1376287,21.1604112,91.83,52.1376662,21.1603746,29,0.51,0.076,255,0.0,0.0,-0.0038,-0.0136,2.982,1.469,-0.31,0.37,319.18,0.04,0.0,0.0,0.06,99695,1507,3,0.25,0.06,-0.05,0.0,49,8,-95,0,3.11,0.06,0.0057,0.0139,14.53,17.63,8.56
639.203,flow_only,88.7,52.1376286,21.1604112,91.84,52.1376661,21.1603748,29,0.51,0.088,255,0.0,0.0,0.0149,0.0221,2.98,1.471,-0.27,0.47,319.02,0.04,0.0,0.02,0.05,99695,1507,3,0.25,0.06,-0.05,0.0,49,-11,52,0,3.12,0.06,0.0058,0.0101,15.85,17.87,8.78
639.302,flow_only,88.8,52.1376286,21.1604113,91.84,52.1376661,21.1603748,29,0.51,0.088,255,0.0,0.0,0.0122,0.0267,2.982,1.473,-0.19,0.61,318.97,0.04,0.0,0.01,0.04,99695,1507,3,0.25,0.06,-0.05,0.0,49,-7,21,0,3.11,0.05,0.005,0.0093,16.19,19.09,9.38
639.402,flow_only,88.9,52.1376285,21.1604113,91.84,52.1376661,21.1603748,29,0.51,0.088,255,0.0,0.0,0.013,-0.0027,2.988,1.476,-0.11,0.66,318.96,0.04,0.0,0.01,0.05,99695,1507,3,0.25,0.06,-0.05,0.0,49,-9,29,0,3.12,0.06,0.0049,0.0087,15.73,17.58,8.92
639.502,flow_only,89.0,52.1376285,21.1604114,91.84,52.1376661,21.160375,29,0.51,0.08,255,0.0,0.0,0.0146,0.0013,2.994,1.477,-0.02,0.67,319.02,0.04,0.0,0.02,0.03,99695,1507,3,0.25,0.06,-0.05,0.0,49,-3,33,0,3.11,0.04,0.0073,0.0148,14.27,14.74,8.41
639.602,flow_only,89.1,52.1376285,21.1604114,91.84,52.137666,21.1603752,29,0.51,0.115,255,0.0,-0.1672,-0.0045,-0.0099,3.002,1.477,0.06,0.65,319.07,0.04,0.0,0.0,0.04,99695,1507,3,0.25,0.07,-0.05,0.0,49,-17,45,0,3.12,0.04,0.0099,0.0184,13.33,14.91,8.9
639.703,flow_only,89.201,52.1376285,21.1604115,91.84,52.137666,21.1603752,29,0.51,0.115,255,-0.1672,0.0,-0.0087,-0.0255,2.998,1.477,0.08,0.53,319.11,0.04,0.0,0.0,0.04,99695,1507,3,0.25,0.07,-0.05,0.0,49,-11,-106,0,3.12,0.04,0.0031,0.0083,13.2,13.21,8.57
639.803,flow_only,89.301,52.1376284,21.1604116,91.84,52.1376659,21.1603754,29,0.51,0.078,255,0.0,0.0,-0.0305,-0.0255,3.01,1.478,-0.02,0.43,319.06,0.04,0.0,0.0,0.06,99695,1507,3,0.24,0.09,-0.05,0.0,49,26,62,0,3.12,0.03,0.005,0.0102,12.97,14.1,9.13
639.903,flow_only,89.4,52.1376284,21.1604118,91.85,52.1376659,21.1603754,29,0.51,0.078,255,0.0,0.0,-0.0336,-0.0085,3.004,1.481,-0.22,0.33,318.95,0.04,0.0,0.02,0.07,99695,1507,3,0.24,0.09,-0.05,0.0,49,-139,72,0,3.13,0.04,0.0099,0.0223,13.12,14.97,9.06
640.002,flow_only,89.5,52.1376284,21.160412,91.84,52.1376659,21.1603757,29,0.51,0.127,255,0.0,-0.1673,-0.0042,0.0347,3.01,1.479,-0.29,0.41,318.91,0.04,0.0,0.04,0.04,99695,1507,3,0.24,0.06,-0.05,0.0,49,-134,-128,0,3.11,0.02,0.0161,0.0365,15.26,16.05,9.13
640.103,flow_only,89.6,52.1376285,21.1604122,91.84,52.1376659,21.1603757,29,0.51,0.127,255,0.0,0.0,-0.0094,-0.0247,3.02,1.476,-0.28,0.39,318.96,0.04,0.0,0.0,0.05,99695,1507,3,0.24,0.06,-0.05,0.0,49,-157,180,0,3.11,0.02,0.0293,0.062,15.29,16.4,8.7
640.202,flow_only,89.7,52.1376286,21.1604124,91.84,52.1376658,21.1603759,29,0.51,0.113,255,-0.1673,0.0,-0.0651,-0.02,3.012,1.474,-0.58,0.19,318.95,0.04,0.0,0.0,0.04,99695,1507,3,0.24,0.08,-0.05,0.0,49,49,74,0,3.11,0.02,0.0174,0.0363,14.1,15.98,7.83
640.302,flow_only,89.8,52.1376287,21.1604126,91.84,52.1376658,21.1603759,29,0.51,0.113,255,-0.1673,0.0,-0.0634,0.0503,3.02,1.473,-1.04,0.26,318.96,0.04,0.0,0.01,0.05,99695,1507,3,0.24,0.08,-0.05,0.0,49,-68,39,0,3.12,0.01,0.0083,0.0218,14.16,15.96,8.01
640.402,flow_only,89.9,52.1376286,21.1604127,91.84,52.1376658,21.1603759,29,0.51,0.113,255,0.0,0.0,-0.0254,0.0417,3.014,1.474,-1.28,0.51,319.03,0.04,0.0,0.0,0.05,99695,1507,3,0.24,0.08,-0.05,0.0,49,63,-174,0,3.12,0.02,0.0161,0.0303,14.82,15.8,8.21
640.502,flow_only,90.0,52.1376285,21.1604128,91.84,52.1376656,21.1603761,29,0.51,0.11,255,0.0,0.0,0.0072,-0.0063,3.017,1.473,-1.29,0.64,319.2,0.04,0.0,0.0,0.06,99695,1507,3,0.24,0.08,-0.05,0.0,49,-3,-3,0,3.12,0.02,0.0143,0.0272,14.81,16.27,8.54
640.602,flow_only,90.1,52.1376284,21.1604129,91.84,52.1376655,21.1603763,29,0.51,0.099,255,0.0,0.0,0.0495,-0.0678,3.01,1.471,-1.07,0.39,319.35,0.04,0.0,0.01,0.03,99695,1507,3,0.24,0.08,-0.05,0.0,49,-31,65,0,3.11,0.01,0.0035,0.008,15.11,15.3,8.45
640.702,flow_only,90.2,52.1376284,21.1604129,91.83,52.1376655,21.1603763,29,0.51,0.099,255,0.0,0.0,0.0099,-0.0321,2.99,1.47,-0.97,0.08,319.46,0.04,0.0,0.01,0.06,99695,1507,3,0.24,0.08,-0.05,0.0,49,-14,99,0,3.11,0.02,0.0147,0.027,15.31,17.36,9.01
640.803,flow_only,90.301,52.1376283,21.1604127,91.84,52.1376655,21.1603764,29,0.51,0.067,255,0.1673,0.0,0.0263,0.0366,2.986,1.472,-0.86,0.15,319.6,0.04,0.0,0.02,0.03,99695,1507,3,0.24,0.08,-0.05,0.0,49,-35,-155,0,3.12,0.03,0.014,0.0288,14.99,16.88,8.98
640.903,flow_only,90.401,52.1376282,21.1604126,91.84,52.1376655,21.1603764,29,0.51,0.067,255,0.0,0.0,0.0705,-0.0028,2.992,1.473,-0.45,0.36,319.74,0.04,0.0,0.0,0.05,99695,1507,3,0.24,0.08,-0.05,0.0,49,63,-20,0,3.12,0.04,0.0125,0.0249,16.17,19.07,9.44
641.003,flow_only,90.501,52.1376281,21.1604125,91.84,52.1376653,21.1603765,29,0.51,0.126,255,0.0,0.0,0.0514,-0.031,2.984,1.473,-0.1,0.24,319.79,0.04,0.0,0.0,0.04,99695,1507,3,0.24,0.07,-0.05,0.0,49,64,36,0,3.11,0.04,0.0128,0.0262,16.54,16.99,9.65
641.102,flow_only,90.6,52.1376279,21.1604126,91.84,52.1376653,21.1603765,29,0.51,0.126,255,0.0,0.0,0.0229,-0.0281,2.974,1.47,0.15,0.12,319.8,0.04,0.0,0.01,0.04,99695,1507,3,0.24,0.07,-0.05,0.0,49,-87,52,0,3.1,0.03,0.0093,0.0204,15.18,15.21,9.07
641.202,flow_only,90.7,52.1376279,21.1604126,91.83,52.1376652,21.1603766,29,0.51,0.12,255,0.0,-0.1672,-0.0047,-0.0191,2.968,1.464,0.23,0.07,319.8,0.04,0.0,0.04,0.05,99695,1507,3,0.24,0.07,-0.05,0.0,49,-52,31,0,3.08,0.01,0.0105,0.0279,15.79,16.08,9.09
641.302,flow_only,90.8,52.1376279,21.1604127,91.82,52.1376652,21.1603766,29,0.51,0.12,255,0.0,-0.1673,-0.0263,0.0152,2.97,1.457,0.15,0.09,319.82,0.04,0.0,0.01,0.05,99695,1507,3,0.24,0.07,-0.05,0.0,49,-12,18,0,3.08,0.02,0.0084,0.024,14.67,15.18,9.01
641.402,flow_only,90.9,52.1376279,21.1604127,91.82,52.1376652,21.1603766,29,0.51,0.12,255,0.0,0.0,-0.0399,0.0347,2.966,1.451,-0.04,0.26,319.91,0.04,0.0,0.01,0.07,99695,1507,3,0.24,0.07,-0.05,0.0,49,31,-17,0,3.07,0.02,0.0044,0.0181,14.79,18.8,9.52
641.502,flow_only,91.0,52.1376279,21.1604127,91.81,52.137665,21.1603766,29,0.51,0.095,255,-0.1673,0.0,-0.0142,0.028,2.97,1.442,-0.21,0.48,320.09,0.04,0.0,0.04,0.04,99695,1507,3,0.24,0.07,-0.05,0.0,49,19,-32,0,3.05,0.0,0.0095,0.0289,14.89,15.96,9.28
641.602,flow_only,91.1,52.1376279,21.1604128,91.8,52.1376649,21.1603766,29,0.51,0.129,255,0.0,0.0,0.0307,-0.0212,2.974,1.432,-0.09,0.49,320.27,0.04,0.0,0.02,0.04,99695,1507,3,0.24,0.08,-0.05,0.0,49,-39,13,0,3.04,0.0,0.0141,0.0383,13.81,14.91,8.89
641.702,flow_only,91.2,52.1376279,21.160413,91.79,52.1376649,21.1603766,29,0.51,0.129,255,0.0,-0.1673,-0.0299,-0.0434,2.972,1.426,-0.07,0.24,320.38,0.04,0.0,0.0,0.05,99695,1507,3,0.24,0.08,-0.05,0.0,49,-17,-106,0,3.05,0.0,0.016,0.0371,12.37,14.83,9.14
641.803,flow_only,91.301,52.1376278,21.1604131,91.79,52.1376647,21.1603767,29,0.51,0.084,255,0.0,0.0,-0.056,-0.0027,2.984,1.426,-0.36,0.15,320.41,0.04,0.0,0.01,0.05,99695,1507,3,0.24,0.07,-0.05,0.0,49,48,30,0,3.06,0.0,0.0149,0.0304,12.96,15.48,9.41
641.903,flow_only,91.401,52.1376278,21.1604132,91.79,52.1376647,21.1603767,29,0.51,0.084,255,0.0,0.0,-0.0168,0.0062,2.924,1.427,-0.57,0.15,320.47,0.04,0.0,0.0,0.04,99695,1507,3,0.24,0.07,-0.05,0.0,49,29,21,0,3.06,0.0,0.0109,0.0214,13.5,16.28,9.86
642.002,flow_only,91.5,52.1376277,21.1604132,91.8,52.1376646,21.1603768,29,0.51,0.151,255,0.0,-0.1673,0.0231,0.0011,2.998,1.431,-0.51,0.15,320.55,0.04,0.0,0.01,0.03,99695,1507,3,0.24,0.08,-0.05,0.0,49,-7,12,0,3.07,0.0,0.008,0.0171,14.15,16.55,9.82
642.102,flow_only,91.6,52.1376277,21.1604132,91.8,52.1376646,21.1603768,29,0.51,0.151,255,0.0,0.0,0.0257,0.0037,3.0,1.433,-0.37,0.18,320.65,0.04,0.0,0.02,0.05,99695,1507,3,0.24,0.08,-0.05,0.0,49,-41,16,0,3.06,0.0,0.0037,0.0089,15.46,18.16,10.24
642.202,flow_only,91.7,52.1376277,21.1604132,91.8,52.1376644,21.1603768,29,0.51,0.072,255,0.1673,0.0,0.0511,-0.0009,2.998,1.432,-0.17,0.18,320.76,0.04,0.0,0.02,0.05,99695,1507,3,0.24,0.07,-0.05,0.0,49,-35,3,0,3.06,-0.02,0.0051,0.0143,14.72,14.9,9.55
642.302,flow_only,91.8,52.1376277,21.1604133,91.8,52.1376644,21.1603768,29,0.51,0.072,255,0.0,0.0,-0.0091,-0.0129,2.994,1.431,-0.04,0.11,320.84,0.04,0.0,0.0,0.05,99695,1507,3,0.24,0.07,-0.05,0.0,49,-31,19,0,3.06,-0.01,0.0078,0.0182,14.08,17.18,10.21
642.403,flow_only,91.901,52.1376277,21.1604133,91.79,52.1376644,21.1603768,29,0.51,0.072,255,0.1673,-0.1673,-0.0515,-0.0117,2.998,1.429,-0.22,0.01,320.83,0.04,0.0,0.01,0.06,99695,1507,3,0.24,0.07,-0.05,0.0,49,9,33,0,3.06,-0.02,0.011,0.0223,14.17,16.18,10.14
642.502,flow_only,92.0,52.1376275,21.1604133,91.79,52.1376643,21.1603768,29,0.51,0.057,255,0.0,0.0,-0.0494,-0.011,3.0,1.427,-0.52,-0.02,320.77,0.04,0.0,0.0,0.06,99695,1507,3,0.24,0.08,-0.05,0.0,49,28,14,0,3.06,-0.02,0.0266,0.0523,16.05,18.25,10.73
642.602,flow_only,92.1,52.1376274,21.1604132,91.79,52.1376642,21.1603767,29,0.51,0.073,255,0.0,0.0,0.0486,-0.0075,3.004,1.427,-0.44,-0.02,320.72,0.04,0.0,0.0,0.03,99695,1507,3,0.24,0.08,-0.05,0.0,49,-18,0,0,3.06,-0.02,0.0181,0.0371,16.6,17.31,10.18
642.702,flow_only,92.2,52.1376273,21.1604131,91.79,52.1376642,21.1603767,29,0.51,0.073,255,0.0,0.0,0.0802,0.0053,3.01,1.428,-0.02,0.02,320.69,0.04,0.0,0.01,0.05,99695,1507,3,0.24,0.08,-0.05,0.0,49,-85,0,0,3.07,-0.01,0.0085,0.019,16.62,16.66,9.73
642.803,flow_only,92.301,52.1376272,21.1604131,91.79,52.1376641,21.1603766,29,0.56,0.067,255,0.1672,0.0,0.0521,-0.0326,3.024,1.425,0.38,-0.06,320.65,0.04,0.0,0.03,0.04,99695,1507,3,0.24,0.07,-0.05,0.0,49,-96,9,0,3.06,-0.03,0.0065,0.0147,15.87,15.74,9.77
642.903,flow_only,92.401,52.1376272,21.1604131,91.78,52.1376641,21.1603766,29,0.56,0.067,255,0.0,0.0,-0.0157,-0.0251,3.02,1.419,0.45,-0.23,320.52,0.04,0.0,0.02,0.05,99695,1507,3,0.24,0.07,-0.05,0.0,49,153,16,0,3.05,-0.05,0.0076,0.0185,15.49,14.21,9.52
643.002,flow_only,92.5,52.1376272,21.160413,91.78,52.1376641,21.1603765,29,0.56,0.023,255,0.0,0.0,-0.0346,0.0004,3.026,1.414,0.32,-0.26,320.33,0.04,0.0,0.0,0.04,99695,1507,3,0.24,0.09,-0.05,0.0,49,1,6,0,3.05,-0.05,0.0052,0.0132,14.62,14.72,10.02
643.103,flow_only,92.601,52.1376272,21.1604129,91.78,52.1376641,21.1603765,29,0.56,0.023,255,0.0,0.0,-0.0297,0.0478,3.036,1.414,0.11,-0.08,320.17,0.04,0.0,0.03,0.06,99695,1507,3,0.24,0.09,-0.05,0.0,49,26,-35,0,3.06,-0.04,0.0074,0.0171,14.4,14.6,9.36
643.202,flow_only,92.7,52.1376272,21.1604127,91.78,52.1376641,21.1603765,28,0.56,0.016,255,0.0,0.0,0.0024,0.0587,3.02,1.413,0.09,0.27,320.07,0.04,0.0,0.0,0.04,99695,1507,3,0.24,0.1,-0.05,0.0,49,6,91,0,3.06,-0.04,0.0068,0.0153,14.91,18.35,10.14
643.302,flow_only,92.8,52.1376272,21.1604127,91.78,52.1376641,21.1603765,28,0.56,0.016,255,0.1672,0.0,0.0361,0.0163,3.02,1.416,0.3,0.47,320.01,0.04,0.0,0.03,0.05,99695,1507,3,0.24,0.1,-0.05,0.0,49,-35,-62,0,3.07,-0.03,0.0101,0.0244,15.77,15.99,9.95
643.402,flow_only,92.9,52.1376272,21.1604127,91.78,52.1376641,21.1603765,28,0.56,0.016,255,0.0,0.0,0.0017,-0.0283,3.018,1.418,0.42,0.46,319.95,0.04,0.0,0.0,0.03,99695,1507,3,0.24,0.1,-0.05,0.0,49,-28,-40,0,3.07,-0.02,0.0055,0.0153,15.67,16.22,8.86
643.502,flow_only,93.0,52.1376273,21.1604127,91.78,52.1376641,21.1603765,29,0.56,0.039,255,0.0,0.0,-0.0432,-0.0212,3.04,1.418,0.3,0.31,319.87,0.04,0.0,0.0,0.05,99695,1507,3,0.24,0.08,-0.05,0.0,49,22,0,0,3.07,-0.02,0.0024,0.0091,15.18,17.07,9.53
643.602,flow_only,93.1,52.1376273,21.1604126,91.78,52.1376642,21.1603765,29,0.56,0.015,255,0.0,0.0,-0.0398,0.0212,3.024,1.419,0.04,0.39,319.79,0.04,0.0,0.0,0.04,99695,1507,3,0.24,0.09,-0.05,0.0,49,55,-36,0,3.07,-0.03,0.0079,0.0176,15.78,17.7,9.35
643.702,flow_only,93.2,52.1376273,21.1604126,91.78,52.1376642,21.1603765,29,0.56,0.015,255,0.0,0.0,-0.0239,0.0391,3.02,1.418,-0.1,0.63,319.8,0.04,0.0,0.0,0.07,99695,1507,3,0.24,0.09,-0.05,0.0,49,20,-72,0,3.07,-0.03,0.0147,0.0281,15.95,18.4,9.31
643.803,flow_only,93.301,52.1376272,21.1604126,91.78,52.1376642,21.1603765,29,0.51,0.053,255,0.0,0.0,0.0351,0.0101,3.02,1.419,-0.04,0.78,319.88,0.04,0.0,0.01,0.05,99695,1507,3,0.24,0.06,-0.05,0.0,49,-18,-51,0,3.07,-0.02,0.0178,0.0349,15.52,15.71,9.1
643.903,flow_only,93.401,52.1376272,21.1604126,91.79,52.1376642,21.1603765,29,0.51,0.053,255,0.0,0.0,0.0237,-0.0483,3.014,1.422,0.19,0.67,320.0,0.04,0.0,0.02,0.05,99695,1507,3,0.24,0.06,-0.05,0.0,49,-33,6,0,3.08,-0.01,0.0123,0.0283,15.76,16.23,9.27
644.003,flow_only,93.5,52.1376272,21.1604127,91.79,52.1376643,21.1603766,29,0.51,0.059,255,0.0,-0.1673,-0.0144,-0.0755,3.03,1.426,0.24,0.33,320.07,0.04,0.0,0.02,0.04,99695,1507,3,0.24,0.07,-0.05,0.0,49,-18,-130,0,3.09,0.0,0.0178,0.0398,13.93,16.44,9.38
644.102,flow_only,93.6,52.1376271,21.160413,91.8,52.1376643,21.1603766,29,0.51,0.059,255,0.0,0.0,-0.0531,-0.0279,3.033,1.431,0.01,0.08,320.1,0.04,0.0,0.0,0.06,99695,1507,3,0.24,0.07,-0.05,0.0,49,30,-103,0,3.09,-0.01,0.0249,0.0512,12.17,12.87,9.24
644.202,flow_only,93.7,52.137627,21.1604131,91.8,52.1376644,21.1603768,29,0.51,0.068,255,0.0,0.0,-0.0255,-0.02,3.038,1.434,-0.16,-0.02,320.19,0.04,0.0,0.0,0.05,99695,1507,3,0.24,0.07,-0.05,0.0,49,54,13,0,3.09,-0.01,0.0151,0.033,12.73,14.35,9.36
644.302,flow_only,93.8,52.137627,21.1604132,91.8,52.1376644,21.1603768,29,0.51,0.068,255,-0.1673,-0.1673,0.0186,-0.0453,3.04,1.438,-0.06,-0.15,320.25,0.04,0.0,0.02,0.04,99695,1507,3,0.24,0.07,-0.05,0.0,49,-14,3,0,3.1,-0.01,0.0083,0.0245,12.97,12.65,8.94
644.402,flow_only,93.9,52.137627,21.1604133,91.81,52.1376644,21.1603768,29,0.51,0.068,255,0.0,0.0,-0.021,-0.051,3.034,1.442,-0.05,-0.4,320.25,0.04,0.0,0.0,0.05,99695,1507,3,0.24,0.07,-0.05,0.0,49,-7,20,0,3.1,-0.01,0.0047,0.0165,14.74,16.85,9.3
644.502,flow_only,94.0,52.1376271,21.1604133,91.81,52.1376644,21.160377,29,0.51,0.103,255,0.0,0.0,-0.048,0.0359,3.04,1.444,-0.3,-0.36,320.23,0.04,0.0,0.0,0.05,99695,1507,3,0.24,0.07,-0.05,0.0,49,59,-182,0,3.1,-0.01,0.0115,0.0244,15.27,15.9,9.1
644.603,flow_only,94.1,52.137627,21.1604134,91.81,52.1376644,21.1603772,29,0.51,0.065,255,0.0,0.0,-0.0007,0.0654,3.042,1.449,-0.38,-0.0,320.29,0.04,0.0,0.03,0.05,99695,1507,3,0.24,0.08,-0.05,0.0,49,-142,-87,0,3.12,0.0,0.0175,0.0393,15.37,15.06,8.47
644.702,flow_only,94.2,52.137627,21.1604135,91.82,52.1376644,21.1603772,29,0.51,0.065,255,0.0,0.0,0.0054,-0.0361,3.03,1.454,-0.24,0.07,320.31,0.04,0.0,0.01,0.04,99695,1507,3,0.24,0.08,-0.05,0.0,49,-33,-43,0,3.12,0.0,0.0196,0.042,15.79,19.41,9.58
644.803,flow_only,94.301,52.137627,21.1604137,91.82,52.1376644,21.1603774,29,0.51,0.067,255,0.0,0.0,-0.0465,-0.0245,3.032,1.456,-0.39,-0.12,320.28,0.04,0.0,0.0,0.04,99695,1507,3,0.24,0.08,-0.05,0.0,49,-123,18,0,3.11,0.0,0.0155,0.0349,14.14,15.59,9.03
644.903,flow_only,94.401,52.1376271,21.1604139,91.82,52.1376644,21.1603774,29,0.51,0.067,255,0.0,0.0,-0.007,0.0211,3.038,1.454,-0.54,-0.06,320.28,0.04,0.0,0.0,0.06,99695,1507,3,0.24,0.08,-0.05,0.0,49,-128,-40,0,3.11,0.0,0.0166,0.0368,13.87,16.58,9.54
645.003,flow_only,94.501,52.1376272,21.160414,91.82,52.1376644,21.1603776,29,0.51,0.074,255,-0.1673,0.0,-0.0196,-0.0249,3.036,1.452,-0.58,-0.16,320.23,0.04,0.0,0.0,0.05,99695,1507,3,0.24,0.04,-0.05,0.0,49,24,-10,0,3.1,0.0,0.0093,0.0217,14.23,16.32,9.07
645.102,flow_only,94.6,52.1376273,21.1604141,91.81,52.1376644,21.1603776,29,0.51,0.074,255,0.0,0.1672,-0.0294,0.0592,3.038,1.449,-0.82,-0.03,320.2,0.04,0.0,0.0,0.05,99695,1507,3,0.24,0.04,-0.05,0.0,49,-113,-10,0,3.1,-0.02,0.0134,0.03,15.65,17.32,9.13
645.203,flow_only,94.701,52.1376273,21.1604142,91.81,52.1376646,21.1603777,29,0.51,0.093,255,0.0,0.1673,-0.005,0.0068,3.04,1.441,-0.88,0.18,320.23,0.04,0.0,0.05,0.04,99695,1507,3,0.24,0.07,-0.05,0.0,49,19,86,0,3.08,-0.02,0.0063,0.0206,15.7,18.14,9.93
645.302,flow_only,94.8,52.1376274,21.1604142,91.8,52.1376646,21.1603777,29,0.51,0.093,255,0.0,0.0,-0.0251,-0.0318,3.04,1.435,-0.93,0.09,320.19,0.04,0.0,0.02,0.04,99695,1507,3,0.24,0.07,-0.05,0.0,49,-5,141,0,3.08,-0.03,0.0122,0.0236,15.74,17.8,9.22
645.403,flow_only,94.9,52.1376276,21.1604142,91.79,52.1376646,21.1603777,29,0.51,0.093,255,0.0,0.0,-0.0256,0.0369,3.024,1.428,-1.03,0.15,320.1,0.04,0.0,0.02,0.05,99695,1507,3,0.24,0.07,-0.05,0.0,49,13,-27,0,3.07,-0.05,0.011,0.0254,15.63,17.29,9.65
645.503,flow_only,95.0,52.1376277,21.1604141,91.78,52.1376647,21.1603776,29,0.51,0.069,255,0.0,0.0,0.0173,0.073,3.016,1.419,-1.0,0.59,320.08,0.04,0.0,0.01,0.05,99695,1507,3,0.24,0.08,-0.05,0.0,49,6,47,0,3.06,-0.04,0.0073,0.02,15.07,15.87,9.31
645.602,flow_only,95.1,52.1376277,21.1604141,91.77,52.1376648,21.1603776,29,0.51,0.042,255,0.0,0.1673,-0.0,0.008,3.006,1.41,-0.92,0.71,320.01,0.04,0.0,0.01,0.05,99695,1507,3,0.24,0.07,-0.05,0.0,49,-21,-59,0,3.05,-0.04,0.0079,0.0209,15.48,16.01,9.5
645.702,flow_only,95.2,52.1376277,21.160414,91.77,52.1376648,21.1603776,29,0.51,0.042,255,0.0,0.1673,0.0036,0.0479,2.988,1.404,-0.95,0.94,319.99,0.04,0.0,0.01,0.05,99695,1507,3,0.24,0.07,-0.05,0.0,49,4,-75,0,3.05,-0.03,0.002,0.0081,14.32,15.17,9.61
645.803,flow_only,95.301,52.1376278,21.160414,91.76,52.1376648,21.1603775,29,0.51,0.04,255,0.0,0.0,0.0257,-0.0159,2.992,1.4,-0.8,1.03,320.0,0.04,0.0,0.0,0.05,99695,1507,3,0.24,0.05,-0.05,0.0,49,-35,-49,0,3.05,-0.02,0.0098,0.0193,13.04,14.19,9.7
645.903,flow_only,95.401,52.1376277,21.160414,91.76,52.1376648,21.1603775,29,0.51,0.04,255,0.0,0.0,0.0008,-0.0692,2.982,1.395,-0.65,0.75,319.92,0.04,0.0,0.01,0.06,99695,1507,3,0.24,0.05,-0.05,0.0,49,125,7,0,3.04,-0.02,0.0086,0.0181,13.19,15.6,9.43
646.002,flow_only,95.5,52.1376277,21.1604139,91.75,52.1376648,21.1603773,29,0.51,0.066,255,0.0,0.0,-0.0183,-0.0221,2.978,1.389,-0.79,0.51,319.85,0.04,0.0,0.01,0.05,99695,1507,3,0.24,0.06,-0.05,0.0,49,-3,40,0,3.03,-0.03,0.0042,0.0153,14.48,17.57,9.56
646.102,flow_only,95.6,52.1376277,21.1604138,91.75,52.1376648,21.1603773,29,0.51,0.066,255,0.0,0.0,0.0381,0.0243,2.982,1.386,-0.68,0.61,319.85,0.04,0.0,0.01,0.03,99695,1507,3,0.24,0.06,-0.05,0.0,49,-4,-32,0,3.04,-0.02,0.0034,0.0088,15.05,15.38,9.22
646.202,flow_only,95.7,52.1376277,21.1604137,91.75,52.1376649,21.1603772,29,0.51,0.063,255,0.0,0.0,0.0285,-0.0321,2.972,1.385,-0.42,0.54,319.84,0.04,0.0,0.0,0.06,99695,1507,3,0.24,0.09,-0.05,0.0,49,99,-14,0,3.04,-0.02,0.0065,0.0137,16.46,15.39,9.6
646.302,flow_only,95.8,52.1376277,21.1604135,91.75,52.1376649,21.1603772,29,0.51,0.063,255,0.0,0.0,0.0058,0.026,2.982,1.389,-0.41,0.54,319.82,0.04,0.0,0.04,0.04,99695,1507,3,0.24,0.09,-0.05,0.0,49,-36,11,0,3.06,0.0,0.0087,0.0226,15.71,16.44,9.6
646.403,flow_only,95.901,52.1376277,21.1604134,91.76,52.1376649,21.160377,29,0.51,0.067,255,0.0,0.0,0.0654,-0.0026,2.97,1.395,-0.16,0.63,319.84,0.04,0.0,0.0,0.05,99695,1507,3,0.24,0.05,-0.05,0.0,49,-50,121,0,3.06,0.0,0.0099,0.0222,16.14,14.99,9.11
646.502,flow_only,96.0,52.1376277,21.1604132,91.76,52.1376649,21.160377,29,0.51,0.067,255,0.0,0.0,-0.0035,-0.0137,2.962,1.398,-0.02,0.48,319.8,0.04,0.0,0.03,0.05,99695,1507,3,0.24,0.05,-0.05,0.0,49,103,19,0,3.05,0.0,0.0162,0.035,14.83,16.48,9.92
646.602,flow_only,96.1,52.1376277,21.1604129,91.76,52.1376649,21.1603769,29,0.51,0.057,255,0.0,0.0,0.0167,0.0559,2.968,1.399,-0.03,0.65,319.8,0.04,0.0,0.0,0.04,99695,1507,3,0.24,0.09,-0.05,0.0,49,143,-44,0,3.05,0.0,0.0195,0.0422,14.68,15.58,9.51
646.702,flow_only,96.2,52.1376276,21.1604127,91.76,52.1376649,21.1603769,29,0.51,0.057,255,0.1673,0.0,0.0697,0.0177,2.958,1.399,0.24,0.84,319.82,0.04,0.0,0.0,0.06,99695,1507,3,0.24,0.09,-0.05,0.0,49,-64,125,0,3.05,0.0,0.0103,0.0232,14.32,16.55,10.06
646.803,flow_only,96.301,52.1376276,21.1604126,91.76,52.1376648,21.1603767,29,0.51,0.081,255,0.0,0.0,0.033,-0.0142,2.968,1.398,0.5,0.78,319.81,0.04,0.0,0.01,0.05,99695,1507,3,0.24,0.08,-0.05,0.0,49,-57,7,0,3.04,0.0,0.0107,0.0209,14.72,17.58,9.64
646.903,flow_only,96.401,52.1376277,21.1604125,91.77,52.1376648,21.1603767,29,0.51,0.081,255,0.0,0.0,-0.0401,0.0021,2.966,1.402,0.43,0.71,319.77,0.04,0.0,0.05,0.04,99695,1507,3,0.24,0.08,-0.05,0.0,49,-30,-1,0,3.07,0.02,0.0105,0.0248,16.64,18.88,9.8
647.003,flow_only,96.5,52.1376277,21.1604125,91.78,52.1376648,21.1603767,29,0.51,0.042,255,-0.1672,0.0,-0.0447,0.0515,2.972,1.412,0.22,0.91,319.77,0.04,0.0,0.02,0.05,99695,1507,3,0.24,0.07,-0.05,0.0,49,31,-36,0,3.08,0.02,0.0055,0.0218,16.02,18.35,9.75
647.102,flow_only,96.6,52.1376277,21.1604126,91.79,52.1376648,21.1603767,29,0.51,0.042,255,-0.1673,0.0,-0.0189,-0.0183,2.982,1.421,0.1,1.01,319.82,0.04,0.0,0.01,0.04,99695,1507,3,0.24,0.07,-0.05,0.0,49,23,-58,0,3.08,0.02,0.01,0.0221,16.74,19.03,10.18
647.202,flow_only,96.7,52.1376277,21.1604127,91.79,52.1376647,21.1603769,29,0.51,0.088,255,0.0,-0.1673,-0.0428,-0.0685,2.978,1.425,-0.06,0.72,319.8,0.04,0.0,0.01,0.03,99695,1507,3,0.24,0.07,-0.05,0.0,49,4,17,0,3.08,0.02,0.004,0.009,16.49,17.92,9.48
647.303,flow_only,96.801,52.1376277,21.1604127,91.79,52.1376647,21.1603769,29,0.51,0.088,255,0.0,-0.1672,-0.0508,-0.0134,2.98,1.429,-0.33,0.55,319.78,0.04,0.0,0.02,0.05,99695,1507,3,0.24,0.07,-0.05,0.0,49,41,-135,0,3.09,0.02,0.0074,0.0151,15.71,16.07,9.21
647.403,flow_only,96.9,52.1376277,21.1604128,91.8,52.1376647,21.1603769,29,0.51,0.088,255,0.0,0.0,-0.0048,0.0119,2.978,1.435,-0.45,0.63,319.82,0.04,0.0,0.0,0.03,99695,1507,3,0.24,0.07,-0.05,0.0,49,34,-26,0,3.09,0.02,0.0049,0.0124,16.13,16.5,9.61
647.502,flow_only,97.0,52.1376277,21.1604129,91.8,52.1376646,21.160377,29,0.51,0.054,255,0.1673,0.0,0.0159,-0.0347,2.98,1.439,-0.32,0.59,319.84,0.04,0.0,0.0,0.07,99695,1507,3,0.24,0.07,-0.05,0.0,49,-29,-11,0,3.09,0.03,0.0048,0.0112,15.22,14.93,9.81
647.602,flow_only,97.1,52.1376276,21.1604129,91.8,52.1376646,21.1603771,29,0.51,0.04,255,0.0,-0.1673,-0.0227,-0.0447,2.998,1.439,-0.38,0.31,319.8,0.04,0.0,0.04,0.05,99695,1507,3,0.24,0.08,-0.05,0.0,49,6,-120,0,3.08,0.01,0.0128,0.0258,14.9,14.31,9.49
647.702,flow_only,97.2,52.1376275,21.160413,91.8,52.1376646,21.1603771,29,0.51,0.04,255,0.0,0.0,0.0129,0.0179,2.99,1.434,-0.41,0.29,319.76,0.04,0.0,0.02,0.03,99695,1507,3,0.24,0.08,-0.05,0.0,49,-163,-160,0,3.07,0.0,0.0272,0.0541,13.73,14.61,9.75
647.803,flow_only,97.301,52.1376274,21.1604133,91.8,52.1376645,21.1603771,29,0.51,0.063,255,0.0,-0.1673,0.0592,-0.0244,2.996,1.43,-0.16,0.3,319.78,0.04,0.0,0.0,0.04,99695,1507,3,0.24,0.08,-0.05,0.0,49,-42,7,0,3.07,0.0,0.0191,0.0401,13.08,13.17,9.66
647.903,flow_only,97.401,52.1376273,21.1604134,91.79,52.1376645,21.1603771,29,0.51,0.063,255,0.0,0.0,-0.0074,-0.0937,3.008,1.427,-0.04,-0.18,319.71,0.04,0.0,0.0,0.05,99695,1507,3,0.24,0.08,-0.05,0.0,49,122,45,0,3.07,0.0,0.0066,0.0164,14.53,16.37,9.51
648.002,flow_only,97.5,52.1376273,21.1604135,91.79,52.1376646,21.1603772,29,0.51,0.041,255,-0.1673,-0.1673,-0.0379,0.0026,3.006,1.425,-0.29,-0.41,319.62,0.04,0.0,0.0,0.04,99695,1507,3,0.24,0.08,-0.05,0.0,49,26,-87,0,3.07,0.0,0.0035,0.0083,14.42,16.87,9.65
648.102,flow_only,97.6,52.1376273,21.1604136,91.79,52.1376646,21.1603772,29,0.51,0.041,255,0.0,0.0,0.0218,0.0198,3.016,1.424,-0.25,-0.28,319.62,0.04,0.0,0.01,0.05,99695,1507,3,0.24,0.08,-0.05,0.0,49,25,-20,0,3.07,-0.02,0.004,0.0106,14.28,16.07,9.25
648.203,flow_only,97.7,52.1376273,21.1604137,91.79,52.1376646,21.1603773,29,0.51,0.04,255,0.0,0.0,-0.0094,-0.0249,3.01,1.422,-0.13,-0.28,319.6,0.04,0.0,0.0,0.04,99695,1507,3,0.24,0.09,-0.05,0.0,49,-42,-17,0,3.07,-0.02,0.0058,0.0135,15.15,18.28,9.77
648.302,flow_only,97.8,52.1376273,21.1604137,91.79,52.1376646,21.1603773,29,0.51,0.04,255,0.0,0.0,-0.0522,0.006,3.014,1.422,-0.37,-0.35,319.54,0.04,0.0,0.01,0.04,99695,1507,3,0.24,0.09,-0.05,0.0,49,28,15,0,3.08,-0.02,0.004,0.0076,15.34,16.87,9.81
648.403,flow_only,97.901,52.1376274,21.1604137,91.79,52.1376647,21.1603773,29,0.51,0.023,255,0.0,0.0,-0.0189,0.0576,3.022,1.424,-0.56,-0.09,319.56,0.04,0.0,0.0,0.03,99695,1507,3,0.24,0.1,-0.05,0.0,49,-117,-48,0,3.08,-0.01,0.0064,0.0151,15.57,15.85,9.57
648.502,flow_only,98.0,52.1376274,21.1604137,91.79,52.1376647,21.1603773,29,0.51,0.023,255,0.0,0.1673,0.0132,0.0146,3.028,1.427,-0.51,0.16,319.62,0.04,0.0,0.02,0.04,99695,1507,3,0.24,0.1,-0.05,0.0,49,-2,-82,0,3.09,-0.01,0.0035,0.0128,14.18,15.59,9.75
648.603,flow_only,98.1,52.1376275,21.1604137,91.79,52.1376648,21.1603772,29,0.51,0.068,255,0.0,0.0,-0.0199,-0.0049,3.028,1.428,-0.5,0.08,319.69,0.04,0.0,0.02,0.07,99695,1507,3,0.24,0.08,-0.05,0.0,49,-8,-3,0,3.08,-0.01,0.0121,0.0232,14.36,14.54,8.92
648.702,flow_only,98.2,52.1376276,21.1604136,91.79,52.1376648,21.1603772,29,0.51,0.068,255,0.0,0.0,-0.0158,0.0608,3.02,1.426,-0.61,0.3,319.79,0.04,0.0,0.0,0.04,99695,1507,3,0.24,0.08,-0.05,0.0,49,23,-61,0,3.08,-0.03,0.0042,0.0089,16.08,15.86,8.83
648.803,flow_only,98.301,52.1376276,21.1604137,91.79,52.1376648,21.1603771,29,0.51,0.061,255,0.0,0.1673,0.0135,0.0098,3.002,1.424,-0.51,0.56,319.9,0.04,0.0,0.0,0.05,99695,1507,3,0.24,0.06,-0.05,0.0,49,-11,-76,0,3.08,-0.03,0.0145,0.0299,15.67,15.63,9.01
648.903,flow_only,98.401,52.1376277,21.1604138,91.79,52.1376648,21.1603771,29,0.51,0.061,255,0.0,0.0,-0.0289,-0.0167,3.0,1.421,-0.52,0.53,320.0,0.04,0.0,0.0,0.05,99695,1507,3,0.24,0.06,-0.05,0.0,49,-16,-32,0,3.08,-0.01,0.0108,0.0231,15.0,17.4,9.65
649.003,flow_only,98.501,52.1376277,21.1604139,91.79,52.1376649,21.1603769,29,0.51,0.043,255,0.0,0.1672,-0.0274,0.0219,3.004,1.42,-0.69,0.63,320.13,0.04,0.0,0.01,0.03,99695,999,3,0.24,0.08,-0.05,0.0,49,34,-16,0,3.08,0.0,0.0049,0.0107,14.41,15.19,9.27
649.103,after,98.601,52.1376277,21.1604139,91.78,52.1376649,21.1603769,29,0.51,0.043,255,0.0,0.0,0.0035,-0.0344,3.012,1.416,-0.76,0.57,320.27,0.04,0.0,0.04,0.03,99695,999,3,0.24,0.08,-0.05,0.0,49,26,-35,0,3.06,-0.02,0.0081,0.0186,14.34,17.95,10.09
649.203,after,98.7,52.1376655,21.1603761,91.78,52.1376649,21.1603768,29,0.51,0.033,255,0.0,-0.1673,-0.0111,-0.0571,2.998,1.411,-0.82,0.18,320.33,0.01,0.0,0.0,0.02,108415,999,3,0.24,0.04,0.03,-0.01,48,-1,56,0,3.06,-0.03,0.0091,0.0082,13.83,14.52,9.29
649.303,after,98.801,52.1376655,21.160376,91.77,52.1376649,21.1603768,29,0.51,0.033,255,0.0,0.0,-0.0285,0.1016,3.002,1.408,-0.95,0.25,320.38,0.01,0.0,0.0,0.04,108415,999,3,0.24,0.04,0.03,-0.01,48,8,34,0,3.07,-0.03,0.005,0.0087,13.42,17.26,10.06
649.403,after,98.901,52.1376654,21.160376,91.77,52.1376649,21.1603767,29,0.51,0.04,255,0.0,0.5019,0.0092,0.4062,3.006,1.408,-1.0,2.0,320.46,0.01,0.0,0.02,0.03,108415,999,3,0.24,0.06,0.03,-0.01,48,0,-88,0,3.08,0.0,0.0036,0.0117,15.2,15.47,10.44
649.503,after,99.001,52.1376654,21.160376,91.77,52.1376649,21.1603767,29,0.51,0.04,255,0.0,0.3345,-0.0504,0.5241,3.014,1.408,-1.06,4.83,320.45,0.0,0.0,0.01,0.07,108415,999,3,0.24,0.06,-0.01,0.0,48,-33,-151,0,3.07,0.0,0.0036,0.0075,16.18,15.66,10.58
649.603,after,99.1,52.1376653,21.160376,91.77,52.1376649,21.1603766,29,0.51,0.052,255,0.0,0.5019,-0.0729,0.6777,3.018,1.405,-1.47,8.47,320.43,0.02,0.0,0.03,0.05,108415,999,3,0.24,0.05,-0.05,0.02,48,-111,205,0,3.07,-0.01,0.0123,0.0154,14.41,15.62,10.43
649.703,after,99.201,52.1376651,21.160376,91.76,52.1376649,21.1603766,29,0.51,0.052,255,0.0,0.8363,-0.0524,0.6108,3.026,1.399,-1.85,12.23,320.32,0.02,0.0,0.02,0.04,108415,999,3,0.24,0.05,-0.05,0.02,48,38,-313,0,3.06,0.0,0.0104,0.0195,17.95,18.08,12.35
649.803,after,99.301,52.1376648,21.1603762,91.76,52.1376646,21.1603767,29,0.51,0.394,255,0.0,0.0,-0.047,0.1184,3.064,1.393,-2.23,13.95,320.0,0.04,0.0,0.0,0.03,108415,999,3,0.24,0.09,0.09,-0.03,48,3,-39,0,3.04,0.03,0.0069,0.0178,18.85,17.87,11.84
649.903,after,99.401,52.1376643,21.1603766,91.75,52.1376646,21.1603767,29,0.51,0.394,255,0.0,-0.1673,0.033,-0.1276,3.05,1.387,-2.42,13.66,319.52,0.04,0.0,0.01,0.02,108415,999,3,0.24,0.09,0.09,-0.03,48,0,63,0,3.03,0.0,0.0046,0.0168,17.09,16.76,11.1
650.003,after,99.501,52.1376636,21.1603772,91.75,52.1376637,21.1603774,29,0.51,0.741,255,0.1673,-1.0035,0.0918,-0.4031,3.05,1.384,-2.12,11.74,318.92,0.01,0.0,0.0,0.02,108415,999,3,0.24,0.08,0.0,-0.02,48,64,69,0,3.03,0.0,0.0014,0.0113,15.66,16.06,9.96
650.103,after,99.6,52.1376628,21.1603779,91.75,52.1376637,21.1603774,29,0.51,0.741,255,0.0,-0.6691,0.0684,-0.3653,3.045,1.384,-1.88,9.43,318.2,0.01,0.0,0.0,0.04,108415,999,3,0.24,0.08,0.0,-0.02,48,24,190,0,3.03,-0.01,0.0014,0.0109,16.73,15.01,11.64
650.203,after,99.701,52.1376619,21.1603787,91.75,52.1376623,21.1603786,29,0.51,1.064,255,0.0,-0.5018,0.1096,-0.3406,3.034,1.385,-1.35,7.56,317.54,0.04,0.0,0.0,0.01,108415,999,3,0.24,0.08,0.0,0.02,48,-187,150,0,3.04,-0.01,0.0068,0.0128,16.45,16.5,10.44
650.303,after,99.801,52.1376609,21.1603796,91.76,52.1376623,21.1603786,29,0.51,1.064,255,0.0,-0.6692,0.0466,-0.2912,3.054,1.392,-0.94,5.74,316.88,0.04,0.0,0.02,0.03,108415,999,3,0.24,0.08,0.0,0.02,48,-41,215,0,3.06,-0.03,0.0067,0.0162,17.39,17.93,10.33
650.403,after,99.901,52.1376598,21.1603806,91.77,52.1376604,21.1603804,29,0.51,1.374,255,0.1673,-0.5019,0.0423,-0.1725,3.048,1.402,-0.74,4.57,316.41,0.04,0.0,0.02,0.03,108415,999,3,0.24,0.08,0.0,0.02,48,18,-208,0,3.07,-0.02,0.0067,0.0201,19.21,19.77,9.79
650.503,after,100.0,52.1376587,21.1603816,91.78,52.1376604,21.1603804,29,0.51,1.374,255,0.1673,-1.0038,0.0444,-0.1631,3.05,1.411,-0.51,3.64,316.16,0.03,0.0,0.0,0.04,108415,999,3,0.24,0.08,0.06,-0.03,48,-152,102,0,3.09,-0.02,0.0044,0.017,19.8,21.3,9.77
650.603,after,100.101,52.1376576,21.1603827,91.79,52.1376583,21.1603824,29,0.51,1.357,255,0.3346,-0.8366,-0.0076,-0.1352,3.04,1.423,-0.43,2.76,316.0,0.05,0.0,0.06,0.03,108415,999,3,0.24,0.08,-0.06,0.04,48,-147,122,0,3.13,0.0,0.0147,0.0455,20.21,21.82,9.54
650.703,after,100.201,52.1376565,21.1603838,91.8,52.1376583,21.1603824,29,0.51,1.357,255,0.1672,-0.5017,-0.0226,-0.1022,3.05,1.44,-0.49,2.08,316.01,0.05,0.0,0.02,0.04,108415,999,3,0.24,0.08,-0.06,0.04,48,-100,247,0,3.14,0.02,0.0116,0.0381,19.4,20.27,10.22
650.803,after,100.301,52.1376554,21.1603849,91.82,52.1376561,21.1603844,29,0.51,1.505,255,0.0,-0.3345,0.017,0.0204,3.044,1.452,-0.52,1.93,316.23,0.03,0.0,0.01,0.03,108415,999,3,0.24,0.11,0.04,-0.01,48,76,-178,0,3.13,0.01,0.0039,0.0214,20.31,22.92,10.65
650.903,after,100.401,52.1376543,21.1603859,91.83,52.1376561,21.1603844,29,0.51,1.505,255,0.0,-0.3346,-0.0098,-0.0599,3.052,1.463,-0.52,1.76,316.5,0.03,0.0,0.08,0.02,108415,999,3,0.24,0.11,0.04,-0.01,48,-95,-155,0,3.16,0.03,0.0065,0.0374,18.11,22.33,10.86
651.003,after,100.501,52.1376531,21.160387,91.84,52.1376538,21.1603866,29,0.51,1.417,255,0.1673,-0.3346,0.0246,0.0435,3.032,1.478,-0.54,1.68,316.83,0.02,0.0,0.07,0.04,108415,999,3,0.24,0.1,-0.04,0.04,48,84,168,0,3.17,0.06,0.0116,0.0438,19.59,22.93,11.6
651.103,after,100.601,52.137652,21.1603881,91.86,52.1376538,21.1603866,29,0.51,1.417,255,0.1673,-0.6693,0.0084,0.0191,3.02,1.491,-0.43,1.99,317.09,0.02,0.0,0.03,0.03,108415,999,3,0.24,0.1,-0.04,0.04,48,42,-269,0,3.18,0.07,0.0096,0.0392,18.55,20.1,11.59
651.203,after,100.701,52.1376509,21.1603892,91.87,52.1376515,21.1603887,29,0.51,1.491,255,0.0,-0.3346,-0.0341,-0.0049,3.014,1.505,-0.54,1.93,317.23,0.01,0.0,0.06,0.03,108415,999,3,0.25,0.09,0.05,0.0,48,72,-200,0,3.2,0.07,0.0085,0.0423,19.99,20.89,11.71
651.303,after,100.801,52.1376498,21.1603903,91.88,52.1376515,21.1603887,29,0.51,1.491,255,0.0,-0.3345,0.0172,0.0564,3.0,1.518,-0.51,2.18,317.37,0.01,0.0,0.03,0.01,108415,999,3,0.25,0.09,0.05,0.0,48,-76,101,0,3.19,0.1,0.0069,0.036,20.37,23.9,11.26
651.403,after,100.901,52.1376487,21.1603914,91.9,52.1376515,21.1603887,29,0.51,1.491,255,0.1673,-0.3346,0.0219,-0.0269,2.982,1.53,-0.32,2.07,317.42,0.01,0.0,0.05,0.03,108415,999,3,0.25,0.09,0.05,0.0,48,36,145,0,3.2,0.12,0.0065,0.0359,20.71,23.22,12.16
651.503,after,101.001,52.1376475,21.1603925,91.9,52.1376491,21.1603909,29,0.51,1.521,255,0.1672,-0.3344,0.002,0.0059,3.008,1.538,-0.33,2.03,317.48,0.05,0.01,0.02,0.04,108415,999,3,0.25,0.09,0.06,0.02,48,90,147,0,3.18,0.12,0.0074,0.0225,18.13,21.09,10.79
651.602,after,101.1,52.1376464,21.1603936,91.91,52.1376468,21.1603932,29,0.51,1.444,255,0.0,-0.3344,-0.0275,0.0601,3.004,1.547,-0.52,2.11,317.45,0.04,0.0,0.08,0.04,108415,999,3,0.25,0.09,-0.01,0.02,48,-49,-187,0,3.18,0.12,0.0067,0.0232,20.48,22.93,12.65
651.703,after,101.201,52.1376453,21.1603947,91.92,52.1376468,21.1603932,29,0.51,1.444,255,0.1673,-0.6691,0.0283,0.0204,2.994,1.557,-0.42,2.37,317.42,0.04,0.0,0.06,0.04,108415,999,3,0.25,0.09,-0.01,0.02,48,63,-262,0,3.19,0.12,0.0055,0.0297,21.21,23.66,11.5
651.803,after,101.301,52.1376441,21.1603958,91.93,52.1376446,21.1603953,28,0.52,1.463,255,0.0,-0.3346,0.0098,-0.0301,2.966,1.569,-0.26,2.26,317.35,0.03,0.0,0.03,0.02,108415,999,3,0.25,0.09,0.02,0.06,48,-118,156,0,3.2,0.12,0.0117,0.0324,21.57,23.11,12.16
651.903,after,101.401,52.137643,21.1603969,91.95,52.1376446,21.1603953,28,0.52,1.463,255,0.1673,-0.3346,0.0244,0.0133,2.942,1.581,-0.18,2.27,317.35,0.03,0.0,0.02,0.03,108415,999,3,0.25,0.09,0.02,0.06,48,-106,124,0,3.18,0.15,0.0082,0.0235,17.99,19.83,10.98
652.003,after,101.501,52.1376418,21.160398,91.95,52.1376423,21.1603975,28,0.52,1.464,255,0.1673,-0.8365,-0.0204,-0.0279,2.952,1.588,-0.1,2.23,317.24,0.06,0.0,0.02,0.05,108415,999,3,0.25,0.09,-0.03,0.0,48,-123,126,0,3.16,0.15,0.0067,0.0074,19.58,23.23,11.92
652.103,after,101.6,52.1376407,21.1603991,91.96,52.1376423,21.1603975,28,0.52,1.464,255,0.1673,-0.3346,0.0213,0.0311,2.942,1.59,-0.15,2.26,317.2,0.06,0.0,0.0,0.03,108415,999,3,0.25,0.09,-0.03,0.0,48,-59,173,0,3.15,0.12,0.0057,0.0091,21.51,22.15,13.14
652.202,after,101.7,52.1376395,21.1604003,91.96,52.13764,21.1603999,28,0.52,1.55,255,0.0,-0.3346,-0.0407,-0.0197,2.942,1.592,-0.19,2.17,317.15,0.04,0.0,0.01,0.03,108415,999,3,0.25,0.09,0.09,0.01,48,74,139,0,3.15,0.12,0.008,0.0112,21.1,23.68,12.38
652.303,after,101.8,52.1376384,21.1604015,91.96,52.13764,21.1603999,28,0.52,1.55,255,0.0,-0.5019,-0.0178,0.0235,2.956,1.595,-0.47,2.1,317.08,0.04,0.0,0.0,0.04,108415,999,3,0.25,0.09,0.09,0.01,48,-31,202,0,3.13,0.11,0.0048,0.0106,20.62,22.4,13.03
652.403,after,101.901,52.1376372,21.1604027,91.96,52.1376376,21.1604023,28,0.52,1.514,255,0.0,-0.3347,0.0369,-0.0807,2.944,1.598,-0.43,2.05,317.07,0.04,0.0,0.01,0.03,108415,999,3,0.25,0.09,0.09,0.01,48,87,-217,0,3.13,0.11,0.0027,0.0084,20.05,20.88,12.63
652.503,after,102.001,52.1376361,21.1604038,91.97,52.1376376,21.1604023,28,0.52,1.514,255,0.1673,-0.5019,0.035,-0.289,2.922,1.602,-0.21,0.72,316.96,0.02,0.0,0.0,0.04,108415,999,3,0.25,0.09,0.02,0.04,48,-135,349,0,3.13,0.11,0.0051,0.01,20.67,22.79,12.41
652.603,after,102.1,52.1376349,21.160405,91.97,52.1376353,21.1604048,29,0.51,1.495,255,0.3345,-1.3381,0.0921,-0.3471,2.895,1.608,0.15,-1.23,316.93,0.07,0.01,0.04,0.04,108415,999,3,0.25,0.09,-0.04,-0.09,48,31,330,0,3.12,0.13,0.0083,0.0112,21.0,24.16,13.51
652.703,after,102.201,52.1376339,21.1604062,91.98,52.1376353,21.1604048,29,0.51,1.495,255,0.0,-0.6691,0.0838,-0.422,2.874,1.614,0.67,-3.56,316.82,0.07,0.01,0.03,0.04,108415,999,3,0.25,0.09,-0.04,-0.09,48,-2,220,0,3.12,0.15,0.0057,0.0047,20.85,21.41,12.31
652.803,after,102.3,52.1376329,21.1604073,91.99,52.1376332,21.1604073,29,0.51,1.373,255,0.3346,-0.6693,0.0679,-0.3226,2.914,1.62,0.98,-5.68,316.76,0.02,0.0,0.01,0.06,108415,999,3,0.25,0.09,-0.01,-0.01,48,59,-324,0,3.1,0.13,0.0083,0.0169,21.74,24.33,11.32
652.903,after,102.401,52.137632,21.1604083,91.99,52.1376332,21.1604073,29,0.51,1.373,255,0.1672,-0.5017,0.0492,-0.3034,2.938,1.624,1.31,-7.41,316.67,0.02,0.0,0.01,0.04,108415,999,3,0.25,0.09,-0.01,-0.01,48,46,-277,0,3.09,0.1,0.0061,0.0135,18.73,22.09,11.29
653.003,after,102.501,52.1376312,21.1604092,91.99,52.1376313,21.1604095,29,0.51,1.109,255,0.0,-0.3345,-0.0377,-0.1138,2.944,1.63,1.39,-8.61,316.54,0.01,0.0,0.0,0.07,108415,999,3,0.25,0.1,0.0,0.01,48,-108,180,0,3.09,0.09,0.005,0.0168,19.0,21.72,12.42
653.103,after,102.6,52.1376305,21.16041,92.0,52.1376313,21.1604095,29,0.51,1.109,255,0.1673,-0.3347,-0.0184,0.0848,2.964,1.635,1.3,-8.4,316.49,0.01,0.0,0.01,0.06,108415,999,3,0.25,0.1,0.0,0.01,48,-12,-279,0,3.09,0.08,0.0034,0.0106,15.83,18.42,10.97
653.203,after,102.701,52.13763,21.1604106,92.0,52.1376299,21.1604109,29,0.51,0.714,255,0.0,0.0,-0.0638,0.1696,2.948,1.639,1.11,-7.6,316.38,0.05,0.0,0.04,0.05,108415,999,3,0.25,0.09,-0.05,0.13,48,-20,14,0,3.08,0.08,0.0152,0.026,18.97,18.8,11.83
653.303,after,102.8,52.1376296,21.160411,92.01,52.1376299,21.1604109,29,0.51,0.714,255,0.0,0.1673,-0.0556,0.27,2.94,1.64,0.71,-6.2,316.28,0.05,0.0,0.0,0.05,108415,999,3,0.25,0.09,-0.05,0.13,48,32,9,0,3.08,0.06,0.0111,0.0232,18.64,19.04,12.56
653.403,after,102.9,52.1376292,21.1604114,92.0,52.1376299,21.1604109,29,0.51,0.714,255,0.0,0.1673,-0.0181,0.225,2.938,1.639,0.52,-4.76,316.23,0.05,0.0,0.04,0.05,108415,999,3,0.25,0.09,-0.05,0.13,48,-144,91,0,3.07,0.05,0.0089,0.03,19.49,19.54,10.96
653.503,after,103.001,52.137629,21.1604117,92.0,52.137629,21.160412,29,0.51,0.473,255,0.0,0.0,-0.0444,0.2398,2.94,1.635,0.26,-3.48,316.2,0.03,0.0,0.04,0.07,108415,999,3,0.25,0.08,-0.06,-0.04,48,32,92,0,3.05,0.03,0.011,0.0377,18.47,17.81,10.2
653.603,after,103.101,52.1376288,21.1604119,91.99,52.1376285,21.1604127,29,0.51,0.322,255,0.0,0.0,-0.0031,0.1769,2.934,1.627,0.14,-2.29,316.15,0.02,0.0,0.05,0.05,108415,999,3,0.25,0.09,0.02,0.02,48,25,50,0,3.03,0.01,0.0105,0.0483,18.73,19.79,11.77
653.703,after,103.2,52.1376287,21.1604121,91.98,52.1376285,21.1604127,29,0.51,0.322,255,-0.1673,0.0,-0.0554,0.1291,2.925,1.617,-0.12,-1.58,316.05,0.02,0.0,0.02,0.05,108415,999,3,0.25,0.09,0.02,0.02,48,35,-33,0,3.03,0.01,0.0083,0.0417,19.51,20.13,10.25
653.803,after,103.3,52.1376285,21.1604123,91.97,52.1376281,21.1604131,29,0.51,0.133,255,0.0,0.0,0.0003,0.0946,2.932,1.608,-0.24,-0.89,315.99,0.03,0.0,0.03,0.04,108415,999,3,0.25,0.08,-0.05,0.06,48,13,100,0,3.02,0.0,0.0121,0.04,16.13,19.16,10.76
653.903,after,103.401,52.1376285,21.1604123,91.97,52.1376281,21.1604131,29,0.51,0.133,255,0.0,0.0,-0.0235,0.037,2.93,1.601,-0.31,-0.61,315.88,0.03,0.0,0.02,0.05,108415,999,3,0.25,0.08,-0.05,0.06,48,9,16,0,3.02,0.0,0.0088,0.0339,15.5,17.53,9.91
654.003,after,103.501,52.1376284,21.1604124,91.96,52.1376279,21.1604133,29,0.51,0.109,255,0.0,0.0,0.0028,0.0763,2.938,1.596,-0.36,-0.2,315.83,0.01,0.0,0.02,0.03,108415,999,3,0.25,0.08,-0.02,0.01,48,15,5,0,3.02,0.0,0.0092,0.0326,14.61,17.17,9.27
654.103,after,103.6,52.1376283,21.1604125,91.96,52.1376279,21.1604133,29,0.51,0.109,255,0.0,0.0,0.0093,0.0177,2.938,1.592,-0.29,0.01,315.71,0.01,0.0,0.01,0.03,108415,999,3,0.25,0.08,-0.02,0.01,48,-24,-12,0,3.02,0.0,0.0066,0.0273,15.51,14.64,9.48
654.203,after,103.7,52.1376282,21.1604125,91.95,52.1376278,21.1604135,29,0.51,0.057,255,0.0,0.0,0.0033,0.0676,2.946,1.589,-0.33,0.28,315.66,0.04,0.0,0.03,0.06,108415,999,3,0.25,0.11,-0.04,0.0,48,9,16,0,3.0,0.0,0.0112,0.038,15.02,15.51,9.53
654.303,after,103.801,52.1376282,21.1604126,91.95,52.1376278,21.1604135,29,0.51,0.057,255,0.0,0.0,0.0185,-0.0079,2.942,1.581,-0.24,0.36,315.61,0.04,0.0,0.03,0.04,108415,999,3,0.25,0.11,-0.04,0.0,48,-16,-3,0,3.0,-0.02,0.0087,0.0357,15.0,17.22,9.32
654.403,after,103.9,52.1376282,21.1604126,91.94,52.1376278,21.1604135,29,0.51,0.057,255,0.0,0.0,-0.0093,0.0411,2.94,1.575,-0.34,0.4,315.56,0.04,0.0,0.01,0.04,108415,999,3,0.25,0.11,-0.04,0.0,48,10,44,0,3.0,-0.02,0.006,0.0272,14.96,16.67,9.15
654.503,after,104.001,52.1376281,21.1604127,91.93,52.1376278,21.1604135,29,0.51,0.026,255,0.0,0.0,0.0219,0.0014,2.948,1.568,-0.28,0.49,315.5,0.04,0.0,0.03,0.03,108415,999,3,0.25,0.11,-0.06,0.02,48,-10,8,0,2.99,-0.03,0.0106,0.0343,14.86,18.2,10.05
654.603,after,104.1,52.1376281,21.1604127,91.92,52.1376277,21.1604136,28,0.51,0.035,255,0.0,0.0,-0.0145,0.0266,2.946,1.56,-0.36,0.48,315.38,0.02,0.0,0.04,0.04,108415,999,3,0.25,0.08,-0.02,0.03,48,9,52,0,2.98,-0.04,0.0118,0.0381,14.84,17.54,9.37
654.703,after,104.2,52.1376281,21.1604127,91.91,52.1376277,21.1604136,28,0.51,0.035,255,0.0,0.0,0.0408,0.0092,2.956,1.55,-0.28,0.6,315.26,0.02,0.0,0.05,0.04,108415,999,3,0.25,0.08,-0.02,0.03,48,-11,0,0,2.97,-0.05,0.0089,0.0376,14.37,16.64,8.64
654.803,after,104.301,52.137628,21.1604127,91.91,52.1376277,21.1604135,28,0.51,0.031,255,0.0,-0.1673,-0.0228,0.0099,2.95,1.541,-0.33,0.53,315.1,0.01,0.0,0.02,0.03,108415,999,3,0.25,0.09,-0.02,0.01,48,169,48,0,2.97,-0.05,0.0089,0.0312,13.57,17.2,9.39
654.903,after,104.401,52.137628,21.1604127,91.9,52.1376277,21.1604135,28,0.51,0.031,255,0.0,0.0,0.013,-0.0139,2.955,1.533,-0.29,0.59,314.97,0.01,0.0,0.03,0.03,108415,999,3,0.25,0.09,-0.02,0.01,48,-14,6,0,2.97,-0.06,0.0059,0.0264,13.0,14.78,8.86
655.003,after,104.501,52.137628,21.1604127,91.89,52.1376276,21.1604136,28,0.51,0.048,255,0.0,0.0,-0.0152,0.0172,2.97,1.526,-0.3,0.6,314.88,0.0,0.0,0.05,0.04,108415,999,3,0.25,0.09,0.0,0.0,48,-28,31,0,2.96,-0.06,0.006,0.0297,13.79,15.93,9.16
655.103,after,104.601,52.137628,21.1604127,91.88,52.1376276,21.1604136,28,0.51,0.048,255,0.0,0.0,0.0235,-0.0319,2.974,1.518,-0.17,0.56,314.79,0.0,0.0,0.02,0.04,108415,999,3,0.25,0.09,0.0,0.0,48,-1,8,0,2.96,-0.08,0.0037,0.0221,12.75,12.92,9.46
655.203,after,104.701,52.1376279,21.1604128,91.88,52.1376275,21.1604137,28,0.51,0.112,255,0.0,0.0,-0.0043,0.0196,2.978,1.514,-0.18,0.56,314.77,0.02,0.0,0.01,0.03,108415,999,3,0.25,0.07,0.05,-0.02,48,-16,-121,0,2.97,-0.08,0.0047,0.0145,13.8,13.57,9.27
655.303,after,104.8,52.1376279,21.1604128,91.88,52.1376275,21.1604137,28,0.51,0.112,255,0.0,0.0,0.0146,-0.019,2.988,1.511,-0.11,0.55,314.8,0.02,0.0,0.0,0.05,108415,999,3,0.25,0.07,0.05,-0.02,48,-16,16,0,2.98,-0.08,0.0037,0.0079,12.86,14.14,8.76
655.403,after,104.901,52.1376278,21.1604128,91.88,52.1376275,21.1604137,28,0.51,0.112,255,0.0,-0.1673,-0.0089,-0.0022,2.988,1.51,-0.16,0.43,314.8,0.02,0.0,0.01,0.04,108415,999,3,0.25,0.07,0.05,-0.02,48,-9,68,0,2.98,-0.08,0.0032,0.0059,11.76,12.85,8.32
655.503,after,105.0,52.1376278,21.1604129,91.88,52.1376274,21.1604137,28,0.51,0.062,255,0.0,-0.1672,0.0274,-0.0219,3.002,1.511,-0.11,0.37,314.84,0.01,0.0,0.02,0.06,108415,999,3,0.25,0.07,0.0,0.0,48,1,29,0,2.99,-0.08,0.0024,0.0051,13.07,15.19,8.2
655.603,after,105.101,52.1376277,21.1604129,91.88,52.1376274,21.1604138,28,0.51,0.027,255,0.0,-0.1673,-0.0143,0.008,3.002,1.513,-0.17,0.25,314.86,0.03,0.0,0.01,0.04,108415,999,3,0.25,0.1,-0.08,0.0,48,11,62,0,3.0,-0.08,0.0079,0.0128,12.53,14.71,8.43
655.703,after,105.201,52.1376277,21.1604129,91.88,52.1376274,21.1604138,28,0.51,0.027,255,0.0,0.0,-0.0148,-0.0123,3.01,1.513,-0.2,0.24,314.9,0.03,0.0,0.07,0.04,108415,999,3,0.25,0.1,-0.08,0.0,48,-1,13,0,2.99,-0.09,0.0048,0.0106,13.7,17.72,8.88
655.803,after,105.3,52.1376277,21.1604129,91.87,52.1376274,21.1604138,28,0.51,0.023,255,0.0,0.0,-0.0294,0.0163,3.014,1.508,-0.33,0.26,314.97,0.01,0.0,0.02,0.04,108415,999,3,0.25,0.1,0.0,0.02,48,12,5,0,2.99,-0.1,0.0038,0.0094,14.64,15.4,8.57
655.903,after,105.401,52.1376277,21.1604129,91.87,52.1376274,21.1604138,28,0.51,0.023,255,0.0,0.0,-0.0084,-0.028,3.018,1.503,-0.32,0.25,314.99,0.01,0.0,0.03,0.06,108415,999,3,0.25,0.1,0.0,0.02,48,-5,13,0,2.98,-0.11,0.0021,0.0104,15.04,18.03,9.35
656.003,after,105.501,52.1376277,21.1604129,91.86,52.1376272,21.1604138,28,0.51,0.097,255,0.0,0.0,-0.0188,0.0259,3.022,1.499,-0.42,0.32,315.03,0.02,0.0,0.01,0.04,108415,999,3,0.25,0.07,0.06,0.0,48,6,-128,0,3.0,-0.1,0.0049,0.0052,15.07,16.24,9.02
656.103,after,105.6,52.1376277,21.1604129,91.86,52.1376272,21.1604138,28,0.51,0.097,255,0.1673,0.0,0.0228,-0.0265,3.026,1.499,-0.3,0.38,315.05,0.02,0.0,0.01,0.05,108415,999,3,0.25,0.07,0.06,0.0,48,-11,-18,0,3.01,-0.09,0.0048,0.0125,15.71,15.92,8.49
656.203,after,105.701,52.1376277,21.1604129,91.86,52.1376271,21.1604138,28,0.51,0.035,255,0.0,0.0,0.0016,0.0339,3.04,1.497,-0.28,0.38,315.05,0.02,0.0,0.05,0.03,108415,999,3,0.25,0.09,0.06,0.0,48,-15,42,0,3.0,-0.1,0.0032,0.005,15.19,17.89,9.06
656.303,after,105.801,52.1376276,21.1604129,91.86,52.1376271,21.1604138,28,0.51,0.035,255,0.0,0.0,0.0126,-0.0122,3.044,1.495,-0.17,0.41,315.05,0.01,0.0,0.0,0.03,108415,999,3,0.25,0.09,0.01,0.02,48,-21,-15,0,3.0,-0.11,0.0038,0.006,15.66,15.76,8.95
656.402,after,105.9,52.1376276,21.1604129,91.86,52.1376271,21.1604138,28,0.51,0.035,255,0.0,0.0,0.0106,0.0228,3.038,1.492,-0.19,0.43,315.06,0.01,0.0,0.01,0.04,108415,999,3,0.25,0.09,0.01,0.02,48,169,18,0,3.01,-0.11,0.003,0.0059,15.31,17.77,9.38
656.503,after,106.001,52.1376276,21.1604129,91.85,52.137627,21.1604137,28,0.51,0.05,255,0.0,0.0,0.0054,-0.0157,3.032,1.488,-0.07,0.41,315.04,0.01,0.0,0.04,0.04,108415,999,3,0.25,0.08,0.0,0.03,48,-42,-9,0,3.0,-0.11,0.0039,0.0062,15.81,15.94,9.5
656.603,after,106.101,52.1376276,21.1604129,91.85,52.137627,21.1604136,28,0.51,0.034,255,0.0,0.0,-0.0048,0.0166,3.022,1.481,-0.09,0.46,315.05,0.02,0.0,0.02,0.04,108415,999,3,0.25,0.12,0.02,-0.02,48,-10,-2,0,2.99,-0.11,0.0042,0.009,16.3,15.71,9.23
656.703,after,106.2,52.1376275,21.1604129,91.84,52.137627,21.1604136,28,0.51,0.034,255,0.0,0.0,-0.0038,-0.0174,3.036,1.474,-0.01,0.44,315.01,0.02,0.0,0.0,0.04,108415,999,3,0.25,0.12,0.02,-0.02,48,-32,5,0,2.99,-0.12,0.0031,0.0049,16.02,15.98,9.73
656.803,after,106.3,52.1376275,21.1604128,91.83,52.1376269,21.1604136,28,0.51,0.027,255,0.0,0.0,0.0435,0.0205,3.032,1.468,0.06,0.52,315.01,0.02,0.0,0.01,0.04,108415,999,3,0.25,0.1,0.02,0.01,48,-7,-15,0,2.99,-0.12,0.0047,0.0083,15.75,18.74,9.49
656.903,after,106.401,52.1376275,21.1604128,91.83,52.1376269,21.1604136,28,0.51,0.027,255,0.0,0.0,-0.02,-0.0047,3.032,1.464,0.05,0.42,315.01,0.02,0.0,0.0,0.05,108415,999,3,0.25,0.1,0.02,0.01,48,168,39,0,3.0,-0.11,0.0039,0.0097,15.91,17.41,9.24
657.003,after,106.501,52.1376275,21.1604128,91.83,52.1376268,21.1604136,28,0.51,0.066,255,0.0,0.0,0.0218,-0.0081,3.028,1.462,0.06,0.44,315.06,0.01,0.0,0.0,0.05,108415,999,3,0.25,0.09,0.03,-0.01,48,19,-10,0,3.0,-0.11,0.0064,0.013,15.16,15.11,9.0
657.103,after,106.601,52.1376275,21.1604128,91.82,52.1376268,21.1604136,28,0.51,0.066,255,0.0,0.0,-0.0334,-0.001,3.04,1.459,-0.05,0.34,315.08,0.01,0.0,0.03,0.05,108415,999,3,0.25,0.09,0.03,-0.01,48,-20,11,0,2.99,-0.11,0.0044,0.0072,15.89,16.54,9.11
657.203,after,106.701,52.1376275,21.1604128,91.82,52.1376267,21.1604137,28,0.51,0.027,255,0.0,0.0,-0.0063,-0.0288,3.034,1.454,-0.11,0.38,315.08,0.02,0.0,0.01,0.04,108415,999,3,0.25,0.09,0.0,-0.01,48,28,-14,0,2.99,-0.11,0.0052,0.0099,15.87,15.2,9.13
657.303,after,106.8,52.1376275,21.1604128,91.82,52.1376267,21.1604137,28,0.51,0.027,255,0.0,-0.1673,-0.0295,0.0062,3.03,1.45,-0.18,0.3,315.06,0.02,0.0,0.02,0.03,108415,999,3,0.25,0.09,0.0,-0.01,48,-7,31,0,2.99,-0.12,0.0036,0.007,16.93,17.61,9.57
657.403,after,106.901,52.1376275,21.1604128,91.81,52.1376267,21.1604137,28,0.51,0.027,255,0.0,0.0,0.0185,-0.0066,3.035,1.447,-0.15,0.36,315.04,0.02,0.0,0.0,0.04,108415,999,3,0.25,0.09,0.0,-0.01,48,17,-12,0,2.99,-0.12,0.0031,0.0091,15.74,15.91,9.46
657.503,after,107.001,52.1376275,21.1604128,91.81,52.1376267,21.1604137,28,0.51,0.02,255,0.0,0.0,-0.02,0.0013,3.046,1.444,-0.21,0.24,314.99,0.0,0.0,0.0,0.06,108415,999,3,0.25,0.09,0.0,-0.01,48,1,37,0,2.99,-0.12,0.0036,0.0101,16.13,15.65,9.34
657.603,after,107.101,52.1376275,21.1604128,91.8,52.1376267,21.1604137,28,0.51,0.019,255,0.0,0.0,0.0266,0.0381,3.042,1.44,-0.19,0.41,314.98,0.01,0.0,0.03,0.05,108415,999,3,0.25,0.09,0.02,0.0,48,-155,-30,0,2.98,-0.12,0.0046,0.0078,14.82,16.41,9.4
657.703,after,107.2,52.1376274,21.1604128,91.8,52.1376267,21.1604137,28,0.51,0.019,255,0.0,0.0,-0.0102,-0.0255,3.032,1.436,-0.15,0.31,314.94,0.01,0.0,0.0,0.05,108415,999,3,0.25,0.09,0.02,0.0,48,-28,16,0,2.99,-0.13,0.0037,0.0094,13.75,14.07,9.05
657.803,after,107.301,52.1376274,21.1604128,91.8,52.1376267,21.1604137,28,0.51,0.033,255,0.0,0.0,0.0051,0.0521,3.034,1.431,-0.23,0.47,314.94,0.01,0.0,0.03,0.04,108415,999,3,0.25,0.05,0.03,-0.02,48,38,-28,0,2.98,-0.13,0.0066,0.0092,13.52,15.05,9.27
657.903,after,107.401,52.1376274,21.1604128,91.79,52.1376267,21.1604137,28,0.51,0.033,255,0.0,0.0,0.028,-0.0141,3.046,1.427,-0.12,0.53,314.99,0.01,0.0,0.01,0.06,108415,999,3,0.25,0.05,0.03,-0.02,48,-9,-10,0,2.99,-0.13,0.0048,0.0104,13.03,16.08,9.36
658.003,after,107.501,52.1376274,21.1604129,91.79,52.1376267,21.1604138,28,0.51,0.03,255,0.1672,-0.1672,-0.0035,-0.0315,3.044,1.424,-0.06,0.36,315.0,0.01,0.0,0.0,0.06,108415,999,3,0.25,0.07,0.0,-0.03,48,-28,11,0,2.99,-0.13,0.0057,0.0132,12.64,13.32,8.48
658.103,after,107.601,52.1376274,21.1604129,91.79,52.1376267,21.1604138,28,0.51,0.03,255,0.0,0.0,-0.0171,0.0191,3.036,1.422,-0.11,0.43,315.05,0.01,0.0,0.0,0.05,108415,999,3,0.25,0.07,0.0,-0.03,48,12,8,0,2.99,-0.13,0.0041,0.0115,14.54,16.28,9.51
658.203,after,107.701,52.1376274,21.1604129,91.78,52.1376267,21.1604138,28,0.51,0.021,255,0.0,0.0,0.008,0.002,3.042,1.419,-0.08,0.52,315.16,0.02,0.0,0.01,0.05,108415,999,3,0.25,0.11,0.04,0.0,48,-1,-30,0,2.98,-0.13,0.0055,0.0089,15.49,18.56,9.45
658.303,after,107.801,52.1376274,21.1604129,91.78,52.1376267,21.1604138,28,0.51,0.021,255,0.0,0.0,-0.0049,-0.0471,3.034,1.414,-0.05,0.35,315.22,0.02,0.0,0.01,0.04,108415,999,3,0.25,0.11,0.04,0.0,48,-11,0,0,2.98,-0.14,0.0035,0.006,14.37,16.12,9.14
658.402,after,107.9,52.1376274,21.1604129,91.77,52.1376267,21.1604138,28,0.51,0.021,255,0.0,0.0,-0.0352,0.0108,3.028,1.408,-0.2,0.26,315.26,0.02,0.0,0.02,0.04,108415,999,3,0.25,0.11,0.04,0.0,48,21,38,0,2.97,-0.14,0.0022,0.0044,14.27,16.28,9.2
658.503,after,108.001,52.1376274,21.1604129,91.77,52.1376267,21.1604137,28,0.51,0.038,255,0.0,0.0,0.0203,-0.0187,3.026,1.402,-0.17,0.37,315.3,0.02,0.0,0.02,0.04,108415,999,3,0.25,0.11,-0.03,0.0,48,6,-48,0,2.97,-0.13,0.002,0.0018,13.94,15.47,9.42
658.603,after,108.1,52.1376274,21.1604129,91.76,52.1376267,21.1604137,28,0.51,0.013,255,-0.1673,0.0,-0.0199,-0.0032,3.035,1.395,-0.17,0.27,315.3,0.02,0.0,0.03,0.06,108415,999,3,0.25,0.11,0.03,0.0,48,169,17,0,2.96,-0.14,0.0029,0.0101,15.24,17.21,9.31
658.703,after,108.2,52.1376274,21.1604129,91.75,52.1376267,21.1604137,28,0.51,0.013,255,0.0,0.0,0.0027,-0.0103,3.032,1.387,-0.2,0.39,315.32,0.02,0.0,0.01,0.05,108415,999,3,0.25,0.11,0.03,0.0,48,20,-37,0,2.96,-0.16,0.0018,0.0067,16.54,17.21,9.27
658.803,after,108.3,52.1376274,21.1604129,91.75,52.1376267,21.1604137,28,0.51,0.016,255,0.0,0.0,-0.0267,0.0134,3.03,1.382,-0.24,0.35,315.32,0.02,0.0,0.02,0.06,108415,999,3,0.25,0.09,0.02,-0.01,48,1,-156,0,2.97,-0.15,0.0039,0.0107,14.98,15.3,8.95
658.903,after,108.401,52.1376274,21.1604129,91.75,52.1376267,21.1604137,28,0.51,0.016,255,0.0,0.1673,0.0157,-0.0255,3.032,1.381,-0.16,0.42,315.32,0.02,0.0,0.02,0.05,108415,999,3,0.25,0.09,0.02,-0.01,48,-192,-32,0,2.98,-0.14,0.0036,0.0156,14.54,18.34,9.42
659.003,after,108.501,52.1376274,21.1604129,91.75,52.1376266,21.1604138,28,0.51,0.077,255,0.0,0.0,-0.0048,0.0113,3.032,1.381,-0.18,0.4,315.33,0.04,0.0,0.03,0.04,108415,999,3,0.25,0.09,0.11,-0.03,48,-4,23,0,2.97,-0.14,0.0126,0.0176,13.7,16.18,8.95
659.103,after,108.601,52.1376274,21.1604129,91.74,52.1376266,21.1604138,28,0.51,0.077,255,0.0,0.0,-0.0058,-0.027,3.036,1.38,-0.15,0.34,315.36,0.04,0.0,0.0,0.05,108415,999,3,0.25,0.09,0.11,-0.03,48,-4,0,0,2.97,-0.14,0.0084,0.0148,13.07,13.6,8.77
659.203,after,108.701,52.1376274,21.1604129,91.74,52.1376266,21.1604138,28,0.51,0.065,255,0.0,0.0,0.026,0.017,3.038,1.378,-0.17,0.33,315.46,0.02,0.0,0.02,0.04,108415,999,3,0.25,0.09,-0.04,0.0,48,26,18,0,2.97,-0.14,0.0025,0.0079,13.03,16.12,9.28
659.303,after,108.801,52.1376274,21.1604129,91.74,52.1376266,21.1604138,28,0.51,0.065,255,0.0,0.0,-0.0037,-0.0211,3.03,1.377,-0.06,0.19,315.54,0.02,0.0,0.0,0.03,108415,999,3,0.25,0.09,-0.04,0.0,48,-21,13,0,2.97,-0.14,0.0021,0.009,13.3,15.76,9.03
659.403,after,108.901,52.1376274,21.1604129,91.74,52.1376266,21.1604138,28,0.51,0.065,255,0.0,0.0,-0.0029,0.0316,3.036,1.374,-0.11,0.27,315.62,0.02,0.0,0.02,0.03,108415,999,3,0.25,0.09,-0.04,0.0,48,12,10,0,2.97,-0.15,0.0009,0.002,15.07,17.01,9.07
659.503,after,109.001,52.1376274,21.1604129,91.73,52.1376267,21.1604138,28,0.51,0.057,255,-0.1673,0.0,-0.0195,-0.0165,3.038,1.368,-0.11,0.17,315.63,0.03,0.0,0.01,0.04,108415,999,3,0.25,0.09,-0.03,-0.01,48,0,-2,0,2.96,-0.16,0.0039,0.007,15.1,15.54,9.39
659.603,after,109.1,52.1376274,21.1604129,91.73,52.1376268,21.1604138,28,0.51,0.056,255,0.0,0.0,-0.0078,0.0308,3.03,1.362,-0.24,0.27,315.66,0.02,0.0,0.01,0.04,108415,999,3,0.25,0.07,-0.02,-0.03,48,33,-24,0,2.97,-0.15,0.0061,0.008,14.21,15.37,9.48
659.703,after,109.2,52.1376275,21.160413,91.72,52.1376268,21.1604138,28,0.51,0.056,255,0.0,0.0,-0.041,-0.0198,3.04,1.359,-0.29,0.24,315.65,0.02,0.0,0.01,0.06,108415,999,3,0.25,0.07,-0.02,-0.03,48,0,-13,0,2.97,-0.14,0.0044,0.0058,14.09,16.98,9.69
659.803,after,109.301,52.1376275,21.160413,91.72,52.1376269,21.1604139,28,0.51,0.066,255,0.0,0.0,-0.0109,0.0237,3.023,1.356,-0.39,0.4,315.66,0.01,0.0,0.0,0.04,108415,999,3,0.25,0.06,-0.02,-0.02,48,27,-47,0,2.97,-0.14,0.0065,0.0097,15.34,18.1,9.64
659.903,after,109.401,52.1376275,21.160413,91.72,52.1376269,21.1604139,28,0.51,0.066,255,0.0,0.0,-0.0277,0.007,3.034,1.354,-0.4,0.41,315.62,0.01,0.0,0.0,0.03,108415,999,3,0.25,0.06,-0.02,-0.02,48,6,0,0,2.97,-0.13,0.0047,0.0093,16.91,17.59,9.72
660.003,after,109.501,52.1376276,21.160413,91.72,52.1376269,21.1604139,28,0.51,0.024,255,0.0,0.0,0.0036,0.005,3.038,1.352,-0.45,0.49,315.59,0.01,0.0,0.0,0.05,108415,999,3,0.25,0.1,0.01,0.0,48,44,-23,0,2.97,-0.13,0.0017,0.0054,15.35,15.54,9.38
660.102,after,109.6,52.1376276,21.160413,91.71,52.1376269,21.1604139,28,0.51,0.024,255,0.0,0.0,-0.01,0.0202,3.032,1.349,-0.53,0.45,315.54,0.01,0.0,0.01,0.05,108415,999,3,0.25,0.1,0.01,0.0,48,6,5,0,2.97,-0.14,0.0011,0.0032,14.93,16.67,9.0
660.203,after,109.701,52.1376276,21.160413,91.71,52.1376269,21.1604139,28,0.51,0.014,255,0.0,0.0,0.0348,0.0174,3.03,1.344,-0.48,0.6,315.56,0.01,0.0,0.04,0.05,108415,999,3,0.25,0.11,0.03,0.01,48,15,-45,0,2.96,-0.15,0.003,0.0053,14.22,17.27,9.02
660.303,after,109.8,52.1376276,21.160413,91.71,52.1376269,21.1604139,28,0.51,0.014,255,0.0,0.0,-0.0079,-0.0263,3.022,1.341,-0.45,0.42,315.54,0.01,0.0,0.04,0.05,108415,999,3,0.25,0.11,0.03,0.01,48,-28,9,0,2.97,-0.13,0.0029,0.0115,13.44,14.43,9.0
660.403,after,109.9,52.1376276,21.160413,91.71,52.1376269,21.1604139,28,0.51,0.014,255,0.0,0.0,0.0167,0.0416,3.032,1.34,-0.44,0.55,315.53,0.01,0.0,0.01,0.04,108415,999,3,0.25,0.11,0.03,0.01,48,0,-183,0,2.97,-0.14,0.0017,0.0058,12.6,14.65,9.3
660.503,after,110.0,52.1376277,21.160413,91.7,52.1376269,21.1604138,28,0.51,0.035,255,0.0,0.0,0.0034,-0.0356,3.03,1.338,-0.33,0.47,315.48,0.01,0.0,0.02,0.03,108415,999,3,0.25,0.09,0.0,0.01,48,-34,147,0,2.97,-0.14,0.0024,0.0038,12.3,12.85,9.26
660.603,after,110.101,52.1376277,21.160413,91.7,52.1376269,21.1604137,28,0.51,0.018,255,0.0,0.0,-0.0009,0.0193,3.03,1.336,-0.36,0.49,315.46,0.03,0.0,0.0,0.04,108415,999,3,0.25,0.1,0.02,0.0,48,0,-3,0,2.97,-0.14,0.0051,0.0122,14.73,14.81,9.1
660.703,after,110.201,52.1376276,21.1604129,91.7,52.1376269,21.1604137,28,0.51,0.018,255,0.0,0.0,0.0112,-0.0299,3.03,1.337,-0.25,0.45,315.43,0.03,0.0,0.02,0.04,108415,999,3,0.25,0.1,0.02,0.0,48,-27,-19,0,2.98,-0.13,0.0044,0.0154,13.28,15.37,9.48
660.803,after,110.301,52.1376276,21.1604129,91.7,52.1376269,21.1604137,28,0.51,0.023,255,0.0,0.0,0.0003,0.0359,3.024,1.338,-0.21,0.54,315.42,0.01,0.0,0.01,0.04,108415,999,3,0.25,0.09,0.0,-0.01,48,-14,-19,0,2.98,-0.13,0.0035,0.0113,14.34,14.88,9.02
660.903,after,110.401,52.1376276,21.1604129,91.7,52.1376269,21.1604137,28,0.51,0.023,255,0.1673,0.0,-0.0063,-0.0324,3.024,1.339,-0.1,0.54,315.36,0.01,0.0,0.0,0.05,108415,999,3,0.25,0.09,0.0,-0.01,48,125,-20,0,2.98,-0.12,0.0022,0.0079,15.92,17.07,9.4
661.003,after,110.501,52.1376276,21.1604129,91.7,52.137627,21.1604135,28,0.51,0.048,255,0.0,0.0,0.0057,0.0258,3.025,1.338,-0.12,0.6,315.35,0.01,0.0,0.0,0.05,108415,999,3,0.25,0.08,0.0,0.01,48,9,22,0,2.98,-0.12,0.0027,0.0075,16.05,15.74,9.2
661.103,after,110.6,52.1376276,21.1604128,91.7,52.137627,21.1604135,28,0.51,0.048,255,0.0,0.0,-0.0015,-0.0478,3.025,1.336,-0.05,0.52,315.35,0.01,0.0,0.0,0.01,108415,999,3,0.25,0.08,0.0,0.01,48,-17,-30,0,2.98,-0.12,0.0019,0.0047,16.37,16.17,9.02
661.203,after,110.7,52.1376276,21.1604128,91.7,52.137627,21.1604135,28,0.51,0.012,255,0.0,0.0,-0.0203,0.0183,3.024,1.333,-0.17,0.47,315.34,0.01,0.0,0.0,0.04,108415,999,3,0.25,0.1,0.02,-0.01,48,21,38,0,2.97,-0.12,0.0023,0.0029,15.09,17.94,9.58
661.303,after,110.801,52.1376276,21.1604128,91.7,52.137627,21.1604135,28,0.51,0.012,255,0.0,0.0,0.0027,-0.01,3.022,1.33,-0.16,0.53,315.31,0.01,0.0,0.0,0.04,108415,999,3,0.25,0.1,0.02,-0.01,48,8,-28,0,2.97,-0.13,0.0011,0.0021,13.97,15.66,9.18
661.403,after,110.901,52.1376276,21.1604128,91.69,52.137627,21.1604135,28,0.51,0.012,255,0.0,0.0,0.0066,0.0232,3.026,1.326,-0.22,0.52,315.3,0.01,0.0,0.02,0.05,108415,999,3,0.25,0.1,0.02,-0.01,48,14,19,0,2.97,-0.13,0.001,0.0027,14.98,17.03,9.36
661.502,after,111.0,52.1376276,21.1604128,91.68,52.1376269,21.1604135,28,0.51,0.034,255,0.0,0.0,-0.0185,-0.0157,3.028,1.319,-0.19,0.46,315.28,0.04,0.0,0.0,0.05,108415,999,3,0.25,0.11,0.01,-0.02,48,-23,0,0,2.96,-0.15,0.0042,0.0099,14.38,14.84,9.2
661.603,after,111.1,52.1376276,21.1604128,91.68,52.1376269,21.1604135,28,0.51,0.016,255,0.0,0.0,0.006,-0.0199,3.018,1.314,-0.16,0.45,315.29,0.01,0.0,0.02,0.04,108415,999,3,0.25,0.09,-0.03,0.02,48,-13,-27,0,2.96,-0.15,0.0026,0.0046,14.04,13.88,9.31
661.703,after,111.201,52.1376276,21.1604128,91.68,52.1376269,21.1604135,28,0.51,0.016,255,0.0,0.0,-0.0046,0.0109,3.034,1.311,-0.2,0.48,315.33,0.01,0.0,0.02,0.05,108415,999,3,0.25,0.09,-0.03,0.02,48,23,-4,0,2.96,-0.13,0.0024,0.0031,14.96,16.92,9.56
661.803,after,111.301,52.1376276,21.1604128,91.67,52.1376269,21.1604134,28,0.51,0.03,255,0.0,0.0,-0.0078,-0.0238,3.03,1.307,-0.17,0.4,315.34,0.01,0.0,0.0,0.04,108415,999,3,0.25,0.06,-0.02,-0.01,48,-18,7,0,2.95,-0.14,0.0035,0.0038,13.81,15.14,9.6
661.903,after,111.401,52.1376276,21.1604128,91.67,52.1376269,21.1604134,28,0.51,0.03,255,-0.1673,0.0,0.0037,0.0166,3.032,1.305,-0.24,0.46,315.38,0.01,0.0,0.02,0.06,108415,999,3,0.25,0.06,-0.02,-0.01,48,22,-18,0,2.96,-0.14,0.0029,0.0075,15.08,18.94,9.93
662.003,after,111.501,52.1376276,21.1604128,91.67,52.1376269,21.1604134,28,0.51,0.028,255,0.0,0.0,-0.0188,-0.0119,3.03,1.303,-0.27,0.37,315.37,0.02,0.0,0.02,0.04,108415,999,3,0.25,0.09,0.0,-0.02,48,3,22,0,2.96,-0.14,0.0026,0.0055,15.85,18.35,9.41
662.103,after,111.601,52.1376276,21.1604128,91.67,52.1376269,21.1604134,28,0.51,0.028,255,0.0,0.1673,0.0233,0.0339,3.024,1.302,-0.29,0.51,315.4,0.02,0.0,0.0,0.05,108415,999,3,0.25,0.09,0.0,-0.02,48,22,4,0,2.96,-0.15,0.0017,0.0035,16.89,17.88,8.85
662.203,after,111.701,52.1376276,21.1604128,91.67,52.1376269,21.1604135,28,0.51,0.03,255,0.0,0.0,-0.007,-0.0238,3.033,1.301,-0.22,0.46,315.44,0.0,0.0,0.01,0.04,108415,999,3,0.25,0.1,0.01,0.0,48,-10,-21,0,2.97,-0.14,0.0017,0.0066,16.76,17.68,9.34
662.303,after,111.801,52.1376276,21.1604128,91.67,52.1376269,21.1604135,28,0.51,0.03,255,0.0,0.0,-0.0311,0.029,3.03,1.301,-0.39,0.4,315.47,0.0,0.0,0.0,0.03,108415,999,3,0.25,0.1,0.01,0.0,48,31,47,0,2.97,-0.14,0.0013,0.0063,15.42,15.23,9.32
662.403,after,111.9,52.1376276,21.1604128,91.66,52.1376269,21.1604135,28,0.51,0.03,255,0.0,0.1673,0.0244,0.0227,3.032,1.299,-0.37,0.6,315.53,0.0,0.0,0.02,0.03,108415,999,3,0.25,0.1,0.01,0.0,48,20,-41,0,2.96,-0.15,0.0005,0.002,15.28,17.78,9.34
662.503,after,112.001,52.1376276,21.1604128,91.66,52.1376268,21.1604134,28,0.51,0.015,255,0.0,-0.1672,-0.01,-0.0327,3.022,1.294,-0.33,0.46,315.49,0.01,0.0,0.01,0.05,108415,999,3,0.25,0.07,0.0,0.02,48,-18,25,0,2.96,-0.15,0.0028,0.0052,15.0,15.98,9.29
662.603,after,112.101,52.1376276,21.1604128,91.66,52.1376268,21.1604134,28,0.51,0.013,255,0.0,0.0,0.0197,0.0386,3.026,1.294,-0.33,0.54,315.42,0.02,0.0,0.06,0.05,108415,999,3,0.25,0.1,0.0,-0.01,48,2,8,0,2.98,-0.12,0.0051,0.0201,15.01,15.95,9.31
662.703,after,112.2,52.1376276,21.1604127,91.66,52.1376268,21.1604134,28,0.51,0.013,255,0.1672,0.0,0.052,-0.0347,3.024,1.299,-0.07,0.47,315.28,0.02,0.0,0.0,0.05,108415,999,3,0.25,0.1,0.0,-0.01,48,121,9,0,2.99,-0.12,0.0037,0.0162,15.28,16.09,9.1
662.803,after,112.301,52.1376276,21.1604127,91.67,52.1376267,21.1604134,28,0.51,0.067,255,0.0,0.0,0.0052,-0.0095,3.026,1.3,0.01,0.28,315.08,0.02,0.0,0.01,0.04,108415,999,3,0.25,0.1,0.05,-0.03,48,-6,53,0,2.98,-0.13,0.0061,0.0093,16.82,18.89,9.38
662.903,after,112.401,52.1376276,21.1604127,91.66,52.1376267,21.1604134,28,0.51,0.067,255,0.1673,0.0,0.0602,0.022,3.03,1.299,0.16,0.43,315.0,0.02,0.0,0.0,0.05,108415,999,3,0.25,0.1,0.05,-0.03,48,-18,-31,0,2.98,-0.13,0.0038,0.0055,14.8,16.68,8.76
663.003,after,112.501,52.1376275,21.1604127,91.66,52.1376266,21.1604134,28,0.51,0.058,255,0.0,0.0,0.0072,-0.0514,3.024,1.296,0.34,0.21,314.92,0.03,0.0,0.0,0.05,108415,999,3,0.25,0.09,0.05,0.02,48,-66,2,0,2.98,-0.13,0.0082,0.0127,14.54,18.06,9.54
663.103,after,112.601,52.1376275,21.1604127,91.66,52.1376266,21.1604134,28,0.51,0.058,255,0.0,0.0,0.0095,0.0298,3.03,1.295,0.26,0.18,314.91,0.03,0.0,0.0,0.05,108415,999,3,0.25,0.09,0.05,0.02,48,169,53,0,2.98,-0.12,0.0052,0.0093,14.62,15.01,8.76
663.203,after,112.7,52.1376275,21.1604127,91.66,52.1376266,21.1604133,28,0.51,0.041,255,0.0,0.0,0.0024,-0.0207,3.028,1.296,0.32,0.13,314.93,0.02,0.0,0.03,0.04,108415,999,3,0.25,0.11,-0.01,0.03,48,-13,-19,0,3.0,-0.11,0.0067,0.0197,14.59,14.58,9.15
663.303,after,112.8,52.1376275,21.1604127,91.66,52.1376266,21.1604133,28,0.51,0.041,255,0.0,0.0,-0.0219,0.0263,3.03,1.299,0.14,0.09,314.98,0.02,0.0,0.0,0.04,108415,999,3,0.25,0.11,-0.01,0.03,48,27,34,0,2.99,-0.11,0.0043,0.0127,13.96,14.74,9.33
663.403,after,112.901,52.1376275,21.1604127,91.67,52.1376266,21.1604133,28,0.51,0.041,255,0.0,0.0,0.0133,0.0137,3.032,1.3,0.17,0.24,315.07,0.02,0.0,0.0,0.04,108415,999,3,0.25,0.11,-0.01,0.03,48,-5,-45,0,2.99,-0.11,0.0027,0.008,12.14,14.15,9.02
663.503,after,113.001,52.1376275,21.1604126,91.67,52.1376268,21.1604132,28,0.51,0.081,255,0.0,0.0,-0.0284,0.0175,3.03,1.3,0.09,0.2,315.15,0.02,0.0,0.0,0.03,108415,999,3,0.25,0.08,-0.07,0.03,48,17,1,0,3.0,-0.11,0.0074,0.0121,12.91,14.15,9.33
663.603,after,113.1,52.1376275,21.1604126,91.66,52.1376269,21.1604131,28,0.51,0.065,255,0.0,0.0,0.0034,0.0373,3.032,1.3,0.03,0.42,315.27,0.01,0.0,0.0,0.05,108415,999,3,0.25,0.08,-0.02,0.02,48,31,-51,0,2.99,-0.12,0.0089,0.0134,12.76,14.32,9.6
663.703,after,113.201,52.1376276,21.1604125,91.66,52.1376269,21.1604131,28,0.51,0.065,255,0.0,0.0,-0.027,-0.0053,3.034,1.3,0.02,0.39,315.33,0.01,0.0,0.02,0.05,108415,999,3,0.25,0.08,-0.02,0.02,48,13,-4,0,3.0,-0.11,0.0065,0.0135,14.25,14.89,9.55
663.803,after,113.301,52.1376276,21.1604125,91.66,52.137627,21.1604131,28,0.51,0.059,255,0.0,0.1673,-0.0192,0.0492,3.02,1.299,-0.16,0.59,315.42,0.02,0.0,0.02,0.04,108415,999,3,0.25,0.09,0.03,-0.04,48,66,-42,0,2.99,-0.12,0.002,0.0038,16.23,17.35,9.62
663.903,after,113.401,52.1376276,21.1604125,91.66,52.137627,21.1604131,28,0.51,0.059,255,0.0,0.0,0.0099,-0.0066,3.026,1.295,-0.09,0.66,315.5,0.02,0.0,0.0,0.03,108415,999,3,0.25,0.09,0.03,-0.04,48,5,-12,0,2.99,-0.12,0.0018,0.0038,14.84,16.77,9.23
664.003,after,113.501,52.1376276,21.1604125,91.66,52.1376271,21.1604132,28,0.51,0.089,255,-0.1673,0.0,-0.0296,0.0293,3.034,1.293,-0.24,0.67,315.59,0.03,0.0,0.02,0.06,108415,999,3,0.25,0.09,-0.04,0.02,48,20,167,0,3.0,-0.11,0.0058,0.0131,15.75,16.62,8.88
664.103,after,113.601,52.1376276,21.1604125,91.66,52.1376271,21.1604132,28,0.51,0.089,255,0.0,0.0,-0.0119,-0.0214,3.02,1.294,-0.28,0.67,315.69,0.03,0.0,0.01,0.03,108415,999,3,0.25,0.09,-0.04,0.02,48,40,-40,0,3.0,-0.1,0.0043,0.0119,15.18,15.19,8.56
664.203,after,113.701,52.1376277,21.1604125,91.66,52.1376271,21.1604133,28,0.51,0.061,255,-0.1673,0.0,-0.0052,0.0294,3.024,1.296,-0.34,0.7,315.82,0.01,0.0,0.0,0.05,108415,999,3,0.25,0.07,0.04,-0.02,48,30,20,0,3.0,-0.1,0.003,0.0087,14.3,15.43,9.21
664.303,after,113.8,52.1376277,21.1604125,91.66,52.1376271,21.1604133,28,0.51,0.061,255,0.0,0.0,-0.0208,-0.0429,3.018,1.298,-0.36,0.58,315.94,0.01,0.0,0.01,0.04,108415,999,3,0.25,0.07,0.04,-0.02,48,3,3,0,3.0,-0.09,0.0023,0.0082,13.94,16.19,9.41
664.403,after,113.901,52.1376277,21.1604126,91.66,52.1376271,21.1604133,28,0.51,0.061,255,0.0,0.0,0.0063,0.0249,3.006,1.299,-0.41,0.61,316.1,0.01,0.0,0.0,0.06,108415,999,3,0.25,0.07,0.04,-0.02,48,24,18,0,3.0,-0.09,0.0015,0.0057,14.64,17.57,9.11
664.503,after,114.001,52.1376277,21.1604126,91.66,52.1376272,21.1604134,28,0.51,0.045,255,0.0,0.0,-0.001,-0.0442,3.014,1.3,-0.33,0.49,316.19,0.0,0.0,0.0,0.03,108415,999,3,0.25,0.06,0.01,0.0,48,-8,13,0,3.0,-0.09,0.0018,0.0032,16.38,19.37,9.58
664.603,after,114.101,52.1376277,21.1604126,91.66,52.1376272,21.1604135,28,0.51,0.056,255,0.0,0.0,-0.0126,0.0255,3.006,1.3,-0.4,0.47,316.28,0.02,0.0,0.0,0.04,108415,999,3,0.25,0.09,-0.02,0.02,48,26,27,0,3.01,-0.08,0.0033,0.008,16.45,16.82,9.02
664.703,after,114.201,52.1376277,21.1604127,91.67,52.1376272,21.1604135,28,0.51,0.056,255,0.0,0.0,0.0109,-0.0468,3.005,1.301,-0.31,0.39,316.29,0.02,0.0,0.0,0.03,108415,999,3,0.25,0.09,-0.02,0.02,48,-23,-7,0,3.01,-0.08,0.0019,0.0031,16.78,18.57,10.02
664.803,after,114.301,52.1376277,21.1604127,91.67,52.1376273,21.1604135,28,0.51,0.058,255,-0.1673,0.0,-0.0094,0.0257,3.01,1.301,-0.39,0.34,316.26,0.06,0.0,0.01,0.02,108415,999,3,0.25,0.1,0.0,-0.01,48,36,23,0,3.02,-0.08,0.0059,0.0129,16.01,16.25,9.16
664.903,after,114.401,52.1376277,21.1604127,91.67,52.1376273,21.1604135,28,0.51,0.058,255,0.0,0.0,0.02,-0.0056,3.016,1.304,-0.3,0.42,316.19,0.06,0.0,0.01,0.04,108415,999,3,0.25,0.1,0.0,-0.01,48,-9,-11,0,3.01,-0.07,0.0033,0.0057,16.76,16.35,9.21
665.003,after,114.501,52.1376278,21.1604128,91.67,52.1376274,21.1604136,28,0.51,0.03,255,0.0,0.0,-0.0337,0.0154,3.0,1.305,-0.44,0.37,316.14,0.0,0.0,0.01,0.05,108415,999,3,0.25,0.06,-0.01,0.0,48,-1,17,0,3.01,-0.08,0.0033,0.006,16.82,15.38,9.1
665.103,after,114.601,52.1376278,21.1604128,91.67,52.1376274,21.1604136,28,0.51,0.03,255,0.0,0.0,0.0202,-0.0063,3.0,1.304,-0.41,0.44,316.08,0.0,0.0,0.0,0.04,108415,999,3,0.25,0.06,-0.01,0.0,48,28,-21,0,3.01,-0.07,0.0023,0.0048,15.8,14.68,9.15
665.202,after,114.7,52.1376278,21.1604128,91.67,52.1376273,21.1604136,28,0.51,0.062,255,0.0,0.0,-0.0246,0.0169,2.996,1.304,-0.51,0.38,316.01,0.02,0.0,0.0,0.04,108415,999,3,0.25,0.08,0.05,-0.02,48,-3,25,0,3.01,-0.07,0.0041,0.0041,16.49,15.61,9.1
665.303,after,114.801,52.1376278,21.1604128,91.67,52.1376273,21.1604136,28,0.51,0.062,255,0.0,0.0,0.0194,0.0115,2.996,1.301,-0.47,0.51,316.02,0.02,0.0,0.03,0.05,108415,999,3,0.25,0.08,0.05,-0.02,48,21,-17,0,3.0,-0.07,0.0036,0.012,15.41,15.03,8.89
665.403,after,114.9,52.1376278,21.1604128,91.66,52.1376273,21.1604136,28,0.51,0.062,255,0.0,0.0,-0.0113,-0.0144,2.992,1.297,-0.47,0.34,316.0,0.02,0.0,0.0,0.03,108415,999,3,0.25,0.08,0.05,-0.02,48,-9,32,0,3.0,-0.07,0.0024,0.007,16.32,15.42,9.43
665.503,after,115.001,52.1376277,21.1604129,91.66,52.1376273,21.1604137,28,0.51,0.03,255,0.0,0.0,0.0213,0.0079,2.996,1.297,-0.46,0.37,316.01,0.01,0.0,0.02,0.02,108415,999,3,0.25,0.06,-0.01,-0.01,48,18,0,0,3.01,-0.06,0.0019,0.0038,14.17,14.3,9.14
665.602,after,115.1,52.1376277,21.1604129,91.66,52.1376273,21.1604137,28,0.51,0.023,255,-0.1673,0.0,-0.0171,-0.0023,2.988,1.297,-0.48,0.26,316.01,0.01,0.0,0.02,0.03,108415,999,3,0.25,0.09,0.0,0.02,48,-7,38,0,3.0,-0.07,0.0026,0.007,13.93,15.79,9.67
665.703,after,115.201,52.1376278,21.1604129,91.66,52.1376273,21.1604137,28,0.51,0.023,255,0.0,0.0,0.0207,0.0031,2.99,1.295,-0.45,0.33,316.05,0.01,0.0,0.0,0.03,108415,999,3,0.25,0.09,0.0,0.02,48,7,-19,0,3.0,-0.07,0.0022,0.0068,12.83,14.46,9.31
665.803,after,115.3,52.1376278,21.1604129,91.66,52.1376273,21.1604136,28,0.51,0.04,255,0.0,0.0,-0.0045,-0.0141,2.992,1.295,-0.39,0.18,316.04,0.02,0.0,0.0,0.03,108415,999,3,0.25,0.09,-0.02,0.05,48,-15,47,0,3.01,-0.06,0.0071,0.0091,14.3,17.8,9.55
665.903,after,115.401,52.1376278,21.1604129,91.66,52.1376273,21.1604136,28,0.51,0.04,255,0.0,0.0,0.0158,0.0401,2.995,1.295,-0.4,0.27,316.04,0.02,0.0,0.01,0.02,108415,999,3,0.25,0.09,-0.02,0.05,48,9,-6,0,3.0,-0.07,0.0048,0.0081,14.59,17.44,9.97
666.003,after,115.501,52.1376278,21.1604129,91.66,52.1376273,21.1604135,28,0.51,0.039,255,0.0,0.0,0.038,-0.0007,2.992,1.294,-0.2,0.37,316.03,0.0,0.0,0.0,0.04,108415,999,3,0.25,0.07,0.02,0.0,48,-29,-44,0,3.0,-0.07,0.0032,0.0068,14.85,16.51,9.69
666.103,after,115.601,52.1376278,21.1604129,91.66,52.1376273,21.1604135,28,0.51,0.039,255,0.0,0.0,-0.0083,0.0227,2.994,1.292,-0.26,0.35,315.97,0.0,0.0,0.02,0.03,108415,999,3,0.25,0.07,0.02,0.0,48,-28,1,0,3.0,-0.07,0.0028,0.0107,14.44,17.37,10.19
666.203,after,115.701,52.1376278,21.1604128,91.66,52.1376274,21.1604135,28,0.51,0.029,255,0.0,0.0,0.0311,0.001,2.996,1.291,-0.17,0.5,315.96,0.02,0.0,0.02,0.04,108415,999,3,0.25,0.1,-0.04,0.0,48,150,-35,0,3.01,-0.07,0.0055,0.0092,14.45,15.97,9.91
666.303,after,115.801,52.1376278,21.1604128,91.66,52.1376274,21.1604135,28,0.51,0.029,255,0.0,-0.1673,-0.0196,0.0001,3.01,1.291,-0.2,0.4,315.94,0.02,0.0,0.03,0.04,108415,999,3,0.25,0.1,-0.04,0.0,48,-19,15,0,3.0,-0.07,0.0037,0.0092,15.09,19.41,10.56
666.403,after,115.9,52.1376278,21.1604128,91.65,52.1376274,21.1604135,28,0.51,0.029,255,0.0,0.0,0.0298,0.0223,2.996,1.288,-0.16,0.55,315.93,0.02,0.0,0.01,0.04,108415,999,3,0.25,0.1,-0.04,0.0,48,3,-26,0,3.0,-0.08,0.0029,0.0106,16.6,17.59,9.03
666.503,after,116.001,52.1376278,21.1604128,91.65,52.1376274,21.1604135,28,0.51,0.03,255,0.0,0.0,-0.0194,-0.0061,2.996,1.283,-0.15,0.45,315.89,0.02,0.0,0.01,0.04,108415,999,3,0.25,0.1,0.01,-0.03,48,-23,23,0,2.99,-0.08,0.0039,0.0132,17.18,17.64,9.26
666.603,after,116.101,52.1376278,21.1604128,91.65,52.1376274,21.1604134,28,0.51,0.013,255,0.0,0.0,0.0182,0.0104,2.998,1.28,-0.16,0.57,315.92,0.0,0.0,0.01,0.03,108415,999,3,0.25,0.05,-0.01,0.0,48,18,-23,0,3.0,-0.08,0.0033,0.0073,15.07,15.61,9.17
666.703,after,116.2,52.1376278,21.1604127,91.64,52.1376274,21.1604134,28,0.51,0.013,255,0.0,-0.1673,-0.0236,-0.0231,3.004,1.279,-0.18,0.42,315.88,0.0,0.0,0.0,0.04,108415,999,3,0.25,0.05,-0.01,0.0,48,-8,35,0,3.0,-0.08,0.0022,0.004,16.21,16.85,9.56
666.803,after,116.301,52.1376278,21.1604128,91.65,52.1376274,21.1604135,28,0.51,0.085,255,0.0,0.0,0.0091,0.0333,2.988,1.28,-0.23,0.51,315.89,0.03,0.0,0.01,0.04,108415,999,3,0.25,0.09,0.06,-0.03,48,15,-2,0,3.01,-0.07,0.0059,0.0096,14.9,15.23,9.31
666.903,after,116.401,52.1376278,21.1604128,91.65,52.1376274,21.1604135,28,0.51,0.085,255,0.0,0.0,-0.0121,-0.0486,2.994,1.284,-0.19,0.41,315.84,0.03,0.0,0.0,0.03,108415,999,3,0.25,0.09,0.06,-0.03,48,-22,19,0,3.01,-0.06,0.0043,0.0076,15.16,16.22,9.71
667.003,after,116.501,52.1376278,21.1604128,91.65,52.1376273,21.1604136,28,0.51,0.083,255,0.0,0.0,-0.0334,0.0055,2.978,1.286,-0.35,0.3,315.76,0.02,0.0,0.0,0.03,108415,999,3,0.25,0.08,0.06,-0.03,48,18,60,0,3.02,-0.05,0.0091,0.0125,13.04,13.93,9.59
667.103,after,116.601,52.1376278,21.1604128,91.65,52.1376273,21.1604136,28,0.51,0.083,255,0.0,0.0,0.0208,-0.0033,2.995,1.288,-0.3,0.4,315.72,0.02,0.0,0.02,0.04,108415,999,3,0.25,0.08,0.06,-0.03,48,37,-177,0,3.01,-0.05,0.0061,0.0077,13.84,15.25,9.74
667.203,after,116.7,52.1376278,21.1604128,91.65,52.1376272,21.1604136,28,0.51,0.016,255,0.0,-0.1673,-0.0197,-0.0441,2.985,1.289,-0.26,0.16,315.64,0.01,0.0,0.0,0.03,108415,999,3,0.25,0.09,-0.02,0.01,48,-24,33,0,3.01,-0.05,0.0011,0.0028,12.03,14.12,9.61
667.303,after,116.8,52.1376278,21.1604128,91.66,52.1376272,21.1604136,28,0.51,0.016,255,0.0,0.0,-0.004,0.0246,2.982,1.292,-0.34,0.19,315.58,0.01,0.0,0.06,0.03,108415,999,3,0.25,0.09,-0.02,0.01,48,32,38,0,3.03,-0.05,0.0021,0.0147,12.99,16.89,9.73
667.403,after,116.901,52.1376278,21.1604128,91.66,52.1376272,21.1604136,28,0.51,0.016,255,0.0,0.0,0.0179,-0.0171,2.982,1.299,-0.23,0.23,315.52,0.01,0.0,0.02,0.03,108415,999,3,0.25,0.09,-0.02,0.01,48,-23,-25,0,3.04,-0.02,0.0025,0.0169,13.2,17.34,9.77
667.503,after,117.001,52.1376277,21.1604128,91.67,52.1376272,21.1604137,28,0.51,0.045,255,0.0,0.0,-0.0057,-0.0083,2.98,1.304,-0.21,0.12,315.43,0.02,0.0,0.02,0.03,108415,999,3,0.25,0.1,0.04,0.01,48,151,25,0,3.03,-0.02,0.003,0.0044,14.02,15.29,8.78
667.602,after,117.1,52.1376277,21.1604128,91.67,52.1376272,21.1604137,28,0.51,0.022,255,0.0,0.0,0.0868,0.0366,2.98,1.306,0.07,0.29,315.39,0.03,0.0,0.0,0.05,108415,999,3,0.25,0.1,0.0,-0.03,48,-31,-27,0,3.04,-0.02,0.0031,0.0084,15.62,16.41,9.29
667.703,after,117.2,52.1376277,21.1604128,91.68,52.1376272,21.1604137,28,0.51,0.022,255,0.0,0.0,0.1351,-0.01,3.014,1.312,0.79,0.38,315.38,0.03,0.0,0.03,0.04,108415,999,3,0.25,0.1,0.0,-0.03,48,52,133,0,3.05,-0.01,0.0029,0.0126,15.0,15.64,9.32
667.803,after,117.301,52.1376277,21.1604129,91.68,52.1376271,21.1604138,28,0.51,0.092,255,0.0,0.0,0.0822,0.0109,3.022,1.317,1.35,0.31,315.35,0.04,0.0,0.0,0.04,108415,999,3,0.25,0.07,0.11,-0.02,48,71,21,0,3.05,-0.03,0.0115,0.0157,15.95,14.49,8.56
667.903,after,117.401,52.1376277,21.160413,91.69,52.1376271,21.1604138,28,0.51,0.092,255,0.3347,0.0,0.1394,0.0006,3.024,1.322,2.06,0.44,315.49,0.04,0.0,0.02,0.03,108415,999,3,0.25,0.07,0.11,-0.02,48,-95,-41,0,3.06,-0.04,0.0078,0.0146,16.05,16.26,9.05
668.003,after,117.501,52.1376277,21.1604131,91.69,52.1376271,21.160414,28,0.51,0.08,255,0.0,0.0,0.095,-0.0177,3.012,1.327,2.67,0.24,316.41,0.01,0.0,0.01,0.04,108415,999,3,0.25,0.06,0.0,0.01,48,-122,6,0,3.06,-0.03,0.005,0.0091,14.19,14.22,8.66
668.103,after,117.601,52.1376278,21.1604132,91.69,52.1376271,21.160414,28,0.51,0.08,255,0.0,0.0,0.1016,-0.0229,3.008,1.329,3.27,0.06,318.91,0.01,0.0,0.0,0.08,108415,999,3,0.25,0.06,0.0,0.01,48,125,15,0,3.06,-0.03,0.0029,0.0053,12.82,14.68,8.51
668.203,after,117.701,52.1376279,21.1604135,91.69,52.1376272,21.1604142,28,0.51,0.112,255,0.0,-0.1673,0.1026,-0.0071,2.992,1.329,3.76,-0.32,323.0,0.01,0.0,0.0,0.03,108415,999,3,0.25,0.06,0.02,0.0,48,134,31,0,3.06,-0.02,0.004,0.0055,10.47,13.19,7.79
668.303,after,117.801,52.137628,21.1604138,91.69,52.1376272,21.1604142,28,0.51,0.112,255,0.3346,0.3346,0.087,-0.022,2.99,1.327,4.25,-0.78,328.27,0.01,0.0,0.0,0.04,108415,999,3,0.25,0.06,0.02,0.0,48,1,-165,0,3.06,-0.01,0.0022,0.0033,9.11,12.4,8.01
668.403,after,117.901,52.1376282,21.1604141,91.69,52.1376274,21.1604146,28,0.51,0.208,255,0.502,-0.1673,0.1035,-0.0209,3.0,1.326,4.58,-1.35,334.32,0.01,0.0,0.0,0.05,108415,999,3,0.25,0.04,0.02,0.0,48,205,-165,0,3.06,0.0,0.0014,0.0031,9.89,10.5,6.97
668.502,after,118.0,52.1376285,21.1604146,91.69,52.1376274,21.1604146,28,0.51,0.208,255,-0.1673,0.0,0.0556,-0.0446,2.99,1.326,4.8,-2.17,340.89,0.01,0.0,0.02,0.05,108415,999,3,0.25,0.04,0.04,-0.01,48,-447,177,0,3.06,0.0,0.0032,0.007,9.31,10.82,6.99
668.603,after,118.101,52.1376288,21.1604151,91.69,52.1376278,21.1604151,28,0.57,0.361,255,-0.1673,0.0,0.0829,-0.0636,2.988,1.329,4.94,-2.98,347.87,0.01,0.0,0.02,0.03,108415,999,3,0.25,0.05,-0.01,0.0,48,771,-205,0,3.07,0.0,0.0022,0.0092,10.87,13.27,6.81
668.703,after,118.201,52.1376292,21.1604157,91.7,52.1376278,21.1604151,28,0.57,0.361,255,0.0,0.1673,0.0594,-0.0339,2.976,1.332,4.85,-3.88,355.09,0.01,0.0,0.01,0.07,108415,999,3,0.25,0.05,-0.01,0.0,48,1290,-206,0,3.06,0.0,0.001,0.0022,9.39,13.26,6.78
668.802,after,118.3,52.1376296,21.1604165,91.7,52.1376284,21.1604159,28,0.52,0.556,255,-0.1673,0.3346,0.0504,-0.0532,2.988,1.335,4.62,-4.7,2.5,0.02,0.0,0.01,0.05,108415,999,3,0.25,0.05,0.04,-0.04,48,626,-440,0,3.07,0.0,0.0053,0.0069,9.73,12.52,6.67
668.903,after,118.401,52.1376301,21.1604173,91.7,52.1376284,21.1604159,28,0.52,0.556,255,0.0,0.1673,0.0244,0.0202,2.99,1.338,4.08,-5.3,9.94,0.02,0.0,0.0,0.03,108415,999,3,0.25,0.05,0.04,-0.04,48,-154,328,0,3.07,0.0,0.0033,0.0049,11.15,14.72,7.3
669.003,after,118.501,52.1376307,21.1604183,91.7,52.1376294,21.1604172,28,0.52,0.794,255,0.0,0.0,-0.0191,0.0261,2.974,1.339,3.35,-5.73,17.33,0.03,0.0,0.01,0.04,108415,999,3,0.25,0.06,0.01,-0.01,48,29,-67,0,3.06,0.0,0.0056,0.0127,12.43,16.14,7.78
669.103,after,118.601,52.1376314,21.1604193,91.7,52.1376294,21.1604172,28,0.52,0.794,255,0.0,0.3347,-0.0254,0.1231,3.002,1.339,2.38,-5.62,24.56,0.03,0.0,0.01,0.05,108415,999,3,0.25,0.06,0.01,-0.01,48,49,206,0,3.06,0.01,0.0033,0.0074,13.91,17.68,7.97
669.203,after,118.701,52.1376321,21.1604204,91.71,52.1376307,21.1604188,27,0.55,1.038,255,-0.1673,0.3347,-0.0202,0.0987,3.002,1.34,1.55,-5.25,31.54,0.02,0.0,0.0,0.05,108415,999,3,0.25,0.07,-0.04,0.04,48,188,-277,0,3.07,0.0,0.0057,0.0068,13.42,14.4,7.39
669.303,after,118.801,52.1376329,21.1604216,91.71,52.1376307,21.1604188,27,0.55,1.038,255,0.0,0.1673,0.0036,0.1535,3.03,1.343,0.85,-4.6,38.24,0.02,0.0,0.01,0.06,108415,999,3,0.25,0.07,-0.04,0.04,48,161,-145,0,3.07,0.0,0.0043,0.0058,13.37,15.74,7.54
669.403,after,118.901,52.1376337,21.1604229,91.71,52.1376307,21.1604188,27,0.55,1.038,255,0.0,0.8367,0.0222,0.1264,3.006,1.346,0.5,-3.94,44.67,0.02,0.0,0.0,0.06,108415,999,3,0.25,0.07,-0.04,0.04,48,-110,453,0,3.07,0.0,0.0034,0.0046,11.92,16.66,8.41
669.503,after,119.001,52.1376346,21.1604241,91.71,52.1376324,21.1604207,26,0.6,1.229,255,0.0,0.5019,0.0631,0.1029,3.01,1.347,0.4,-3.24,50.3,0.04,0.01,0.02,0.07,108415,999,3,0.25,0.06,0.0,0.02,48,-1,-224,0,3.07,-0.01,0.0058,0.0082,12.53,15.37,7.92
669.603,after,119.1,52.1376355,21.1604254,91.71,52.1376341,21.160423,26,0.6,1.294,255,0.0,0.3347,0.0652,0.0634,3.02,1.346,0.67,-2.84,54.39,0.06,0.0,0.0,0.06,108415,999,3,0.25,0.06,0.12,-0.06,48,-127,-181,0,3.07,-0.01,0.0123,0.0152,12.54,13.9,8.29
669.703,after,119.2,52.1376363,21.1604268,91.71,52.1376341,21.160423,26,0.6,1.294,255,0.0,0.502,0.0893,0.0445,3.03,1.343,1.0,-2.41,56.78,0.06,0.0,0.0,0.05,108415,999,3,0.25,0.06,0.12,-0.06,48,20,-211,0,3.07,-0.03,0.0083,0.0122,16.38,16.12,8.84
669.803,after,119.301,52.1376372,21.1604283,91.71,52.1376358,21.1604258,26,0.6,1.339,255,0.1673,0.3346,0.0593,0.0715,3.04,1.34,1.37,-2.18,57.88,0.05,0.0,0.0,0.03,108415,999,3,0.25,0.06,0.13,-0.05,48,0,-144,0,3.07,-0.03,0.0197,0.0242,18.88,20.72,10.3
669.903,after,119.401,52.1376381,21.1604298,91.7,52.1376358,21.1604258,26,0.6,1.339,255,0.1673,0.8365,0.0294,0.0699,3.018,1.338,1.66,-1.84,58.02,0.05,0.0,0.03,0.03,108415,999,3,0.25,0.06,0.13,-0.05,48,151,160,0,3.08,-0.03,0.0127,0.0155,20.99,21.11,10.44
670.003,after,119.5,52.1376389,21.1604313,91.7,52.1376374,21.1604287,26,0.6,1.368,255,0.0,0.8367,-0.0072,0.0877,3.016,1.339,1.59,-1.36,57.52,0.03,0.0,0.01,0.03,108415,999,3,0.25,0.06,0.08,0.0,48,-73,-209,0,3.08,-0.02,0.0164,0.0202,23.65,20.84,10.4
670.103,after,119.601,52.1376397,21.1604328,91.7,52.1376374,21.1604287,26,0.6,1.368,255,0.1673,0.3347,-0.0525,0.0733,3.008,1.338,1.46,-0.93,56.49,0.03,0.0,0.01,0.04,108415,999,3,0.25,0.06,0.08,0.0,48,55,-44,0,3.07,-0.02,0.0102,0.0144,22.05,22.72,9.95
670.203,after,119.7,52.1376405,21.1604343,91.7,52.1376391,21.1604318,26,0.6,1.444,255,0.0,0.5019,-0.0378,0.0366,3.022,1.335,1.33,-0.49,55.15,0.04,0.0,0.0,0.03,108415,999,3,0.26,0.06,0.05,-0.09,48,-40,288,0,3.07,-0.02,0.0162,0.0216,21.95,18.54,9.43
670.302,after,119.8,52.1376413,21.1604359,91.7,52.1376391,21.1604318,26,0.6,1.444,255,0.0,0.3347,-0.0494,0.0428,3.012,1.332,1.12,-0.26,53.61,0.04,0.0,0.0,0.03,108415,999,3,0.26,0.06,0.05,-0.09,48,-53,-161,0,3.06,-0.02,0.0098,0.0156,19.88,18.22,8.92
670.403,after,119.901,52.1376421,21.1604375,91.69,52.1376391,21.1604318,26,0.6,1.444,255,0.0,0.3346,-0.0378,-0.0051,2.984,1.328,0.88,-0.11,51.98,0.04,0.0,0.0,0.04,108415,999,3,0.26,0.06,0.05,-0.09,48,-6,-176,0,3.06,-0.03,0.0054,0.0104,19.22,18.09,8.86
670.503,after,120.0,52.1376429,21.1604391,91.69,52.1376406,21.1604351,26,0.6,1.375,255,0.0,0.502,-0.0339,-0.0008,3.02,1.326,0.55,-0.2,50.42,0.03,0.01,0.01,0.03,108415,999,3,0.26,0.06,0.07,-0.04,48,19,-96,0,3.06,-0.02,0.0101,0.0159,17.21,15.95,7.55
670.603,after,120.1,52.1376436,21.1604406,91.69,52.1376422,21.1604381,26,0.6,1.343,255,0.0,0.6694,-0.0865,-0.0641,3.03,1.323,0.24,-0.48,49.0,0.04,0.0,0.01,0.04,108415,999,3,0.26,0.06,-0.05,0.09,48,6,-86,0,3.06,-0.03,0.0071,0.0062,14.85,14.73,7.04
670.703,after,120.201,52.1376444,21.1604421,91.69,52.1376422,21.1604381,26,0.6,1.343,255,0.0,0.3347,-0.0225,-0.0445,3.022,1.322,-0.02,-0.67,47.82,0.04,0.0,0.0,0.03,108415,999,3,0.26,0.06,-0.05,0.09,48,-121,242,0,3.06,-0.04,0.0061,0.006,13.52,13.61,7.02
670.802,after,120.3,52.1376452,21.1604435,91.68,52.1376438,21.160441,26,0.6,1.328,255,0.0,0.3346,-0.0071,-0.0682,3.007,1.319,0.06,-1.02,46.86,0.05,0.0,0.01,0.03,108415,999,3,0.26,0.06,0.11,-0.06,48,-34,-230,0,3.06,-0.03,0.0097,0.0152,12.68,13.64,7.04
670.903,after,120.401,52.137646,21.160445,91.68,52.1376438,21.160441,26,0.6,1.328,255,0.0,0.3347,0.0139,-0.0048,3.006,1.317,0.02,-1.15,46.22,0.05,0.0,0.02,0.03,108415,999,3,0.26,0.06,0.11,-0.06,48,28,-263,0,3.07,-0.03,0.0049,0.0064,12.18,12.37,6.89
671.003,after,120.5,52.1376468,21.1604465,91.68,52.1376453,21.1604441,28,0.55,1.361,255,0.0,0.3348,-0.0023,-0.0739,2.994,1.319,0.12,-1.5,45.79,0.04,0.0,0.03,0.05,108415,999,3,0.26,0.06,0.01,-0.04,48,-3,-40,0,3.09,-0.01,0.0079,0.0186,12.07,16.11,7.67
671.103,after,120.601,52.1376476,21.160448,91.69,52.1376453,21.1604441,28,0.55,1.361,255,-0.1673,0.6694,-0.0197,0.0011,3.006,1.325,0.03,-1.57,45.58,0.04,0.0,0.01,0.03,108415,999,3,0.26,0.06,0.01,-0.04,48,11,-57,0,3.09,0.0,0.0047,0.0146,13.89,13.57,6.82
671.203,after,120.7,52.1376484,21.1604495,91.7,52.137647,21.160447,28,0.55,1.353,255,0.0,0.3347,-0.0041,-0.039,3.02,1.33,0.07,-1.72,45.5,0.01,0.0,0.0,0.04,108415,999,3,0.26,0.06,0.01,0.0,48,18,-101,0,3.09,0.0,0.0039,0.0121,12.25,13.96,7.72
671.302,after,120.8,52.1376492,21.160451,91.7,52.137647,21.160447,28,0.55,1.353,255,0.0,0.5021,0.0298,0.0272,2.998,1.336,0.04,-1.68,45.6,0.01,0.0,0.0,0.04,108415,999,3,0.26,0.06,0.01,0.0,48,38,-96,0,3.09,0.0,0.0031,0.0085,12.37,15.47,8.04
671.402,after,120.9,52.1376501,21.1604524,91.7,52.137647,21.160447,28,0.55,1.353,255,0.1673,0.6694,0.0048,-0.0302,3.014,1.339,0.13,-1.8,45.75,0.01,0.0,0.0,0.05,108415,999,3,0.26,0.06,0.01,0.0,48,-33,199,0,3.1,0.0,0.0034,0.0067,13.77,15.86,8.3
671.503,after,121.0,52.1376509,21.1604539,91.71,52.1376486,21.1604499,28,0.55,1.331,255,0.0,0.3346,0.0161,0.0428,3.022,1.344,0.19,-1.63,45.98,0.02,0.01,0.02,0.04,108415,999,3,0.26,0.06,0.06,0.01,48,2,196,0,3.1,0.0,0.006,0.0136,13.93,13.83,7.2
671.603,after,121.101,52.1376517,21.1604554,91.71,52.1376503,21.1604528,28,0.55,1.393,255,0.1673,0.3346,0.021,-0.0457,3.014,1.349,0.34,-1.68,46.16,0.0,0.0,0.02,0.04,108415,999,3,0.26,0.06,0.0,0.0,48,-38,-146,0,3.11,0.01,0.0042,0.0144,12.07,15.05,7.88
671.703,after,121.2,52.1376526,21.1604568,91.72,52.1376503,21.1604528,28,0.55,1.393,255,0.0,0.6694,0.0065,0.025,3.014,1.354,0.36,-1.74,46.35,0.0,0.0,0.0,0.04,108415,999,3,0.26,0.06,0.0,0.0,48,-7,-84,0,3.11,0.01,0.0038,0.0114,13.89,14.68,7.48
671.803,after,121.301,52.1376535,21.1604583,91.73,52.1376521,21.1604556,28,0.55,1.412,255,0.0,0.1673,0.0456,0.0085,3.026,1.36,0.46,-1.61,46.53,0.02,0.0,0.03,0.03,108415,999,3,0.26,0.06,-0.05,0.05,48,-183,-168,0,3.12,0.02,0.0122,0.0216,13.01,14.1,6.78
671.903,after,121.401,52.1376544,21.1604597,91.73,52.1376521,21.1604556,28,0.55,1.412,255,0.1673,0.3346,-0.0082,-0.0131,3.03,1.369,0.52,-1.75,46.6,0.02,0.0,0.06,0.04,108415,999,3,0.26,0.06,-0.05,0.05,48,-33,79,0,3.14,0.03,0.0107,0.0282,14.43,14.88,7.26
672.002,after,121.5,52.1376554,21.1604612,91.75,52.1376539,21.1604585,28,0.55,1.427,255,0.0,0.6692,0.0274,0.0184,3.005,1.38,0.59,-1.55,46.69,0.03,0.0,0.05,0.04,108415,999,3,0.26,0.06,0.04,0.0,48,-37,-179,0,3.15,0.04,0.0054,0.0253,13.23,15.28,7.69
672.103,after,121.601,52.1376563,21.1604627,91.76,52.1376539,21.1604585,28,0.55,1.427,255,0.0,0.3346,-0.0043,-0.0195,3.023,1.39,0.71,-1.6,46.74,0.03,0.0,0.05,0.03,108415,999,3,0.26,0.06,0.04,0.0,48,122,-143,0,3.16,0.04,0.0056,0.028,12.55,14.47,7.95
672.203,after,121.701,52.1376572,21.1604642,91.76,52.1376558,21.1604615,28,0.55,1.46,255,0.0,0.3345,0.019,0.0612,3.02,1.399,0.71,-1.38,46.84,0.01,0.0,0.0,0.04,108415,999,3,0.27,0.06,-0.01,0.03,48,7,192,0,3.16,0.06,0.0085,0.0208,14.1,14.5,7.71
672.303,after,121.801,52.1376582,21.1604656,91.77,52.1376558,21.1604615,28,0.55,1.46,255,0.0,0.3347,0.0312,-0.0185,3.02,1.405,0.88,-1.36,46.89,0.01,0.0,0.01,0.04,108415,999,3,0.27,0.06,-0.01,0.03,48,-45,-180,0,3.15,0.05,0.0069,0.0152,13.57,13.42,7.62
672.403,after,121.901,52.1376591,21.1604671,91.77,52.1376558,21.1604615,28,0.55,1.46,255,-0.1674,0.3347,0.008,0.0356,3.022,1.41,0.87,-1.37,46.93,0.01,0.0,0.01,0.03,108415,999,3,0.27,0.06,-0.01,0.03,48,-24,-111,0,3.15,0.04,0.0059,0.012,13.96,14.4,7.63
672.503,after,122.001,52.13766,21.1604686,91.77,52.1376577,21.1604645,29,0.51,1.448,255,0.0,0.6695,0.0314,-0.0195,3.024,1.409,1.03,-1.27,46.95,0.05,0.01,0.0,0.04,108415,999,3,0.27,0.06,0.06,-0.01,48,-41,-27,0,3.14,0.03,0.0039,0.0059,13.53,13.92,8.32
672.603,after,122.101,52.1376609,21.1604702,91.77,52.1376595,21.1604675,29,0.51,1.436,255,0.0,0.3348,-0.0179,0.0122,3.024,1.409,1.02,-1.29,46.94,0.02,0.0,0.04,0.03,108415,999,3,0.27,0.06,0.05,0.0,48,-36,-140,0,3.15,0.03,0.0056,0.0106,11.77,17.25,9.2
672.703,after,122.2,52.1376618,21.1604717,91.78,52.1376595,21.1604675,29,0.51,1.436,255,0.0,0.3345,0.0085,-0.0351,3.01,1.411,1.06,-1.33,46.89,0.02,0.0,0.0,0.03,108415,999,3,0.27,0.06,0.05,0.0,48,-23,181,0,3.14,0.03,0.0026,0.0041,12.78,14.51,7.48
672.803,after,122.3,52.1376627,21.1604732,91.78,52.1376613,21.1604706,29,0.51,1.483,255,0.0,0.3346,-0.0186,0.0313,3.01,1.414,1.02,-1.36,46.84,0.0,0.0,0.06,0.03,108415,999,3,0.27,0.06,0.01,-0.01,48,-1,-125,0,3.15,0.05,0.0026,0.0133,12.53,15.7,8.21
672.903,after,122.4,52.1376637,21.1604748,91.78,52.1376613,21.1604706,29,0.51,1.483,255,0.0,0.3347,0.025,-0.0095,3.012,1.417,1.02,-1.35,46.78,0.0,0.0,0.02,0.03,108415,999,3,0.27,0.06,0.01,-0.01,48,-1,-145,0,3.14,0.04,0.0007,0.0008,13.42,15.08,7.54
673.003,after,122.5,52.1376646,21.1604764,91.78,52.1376631,21.1604736,29,0.51,1.424,255,0.0,0.3346,-0.0272,0.0362,3.014,1.417,0.88,-1.33,46.76,0.02,0.0,0.0,0.03,108415,999,3,0.27,0.06,0.05,0.05,48,38,-147,0,3.13,0.04,0.0061,0.0071,12.66,14.86,8.46
673.103,after,122.601,52.1376655,21.1604779,91.78,52.1376631,21.1604736,29,0.51,1.424,255,0.0,0.3346,-0.007,-0.0217,2.998,1.418,0.85,-1.22,46.76,0.02,0.0,0.01,0.03,108415,999,3,0.27,0.06,0.05,0.05,48,9,-203,0,3.13,0.04,0.0037,0.004,12.74,13.28,8.32
673.203,after,122.701,52.1376664,21.1604795,91.78,52.137665,21.1604766,29,0.51,1.468,255,0.0,0.3346,-0.0389,-0.0041,2.968,1.418,0.73,-1.33,46.77,0.01,0.0,0.0,0.03,108415,999,3,0.27,0.06,0.0,0.03,48,11,-127,0,3.13,0.04,0.0062,0.0089,12.63,13.84,7.23
673.302,after,122.8,52.1376673,21.160481,91.78,52.137665,21.1604766,29,0.51,1.468,255,0.0,0.5019,0.0316,-0.0032,2.977,1.418,0.81,-1.2,46.83,0.01,0.0,0.01,0.03,108415,999,3,0.27,0.06,0.0,0.03,48,23,-177,0,3.12,0.05,0.0045,0.0067,13.46,15.17,8.55
673.403,after,122.901,52.1376682,21.1604826,91.79,52.137665,21.1604766,29,0.51,1.468,255,0.0,0.6691,-0.0284,-0.0265,2.974,1.421,0.84,-1.34,46.83,0.01,0.0,0.03,0.03,108415,999,3,0.27,0.06,0.0,0.03,48,-40,193,0,3.13,0.07,0.0039,0.0065,13.01,13.88,7.73
673.503,after,123.001,52.1376691,21.1604841,91.79,52.1376667,21.1604797,29,0.51,1.421,255,0.0,0.3347,0.032,0.015,2.958,1.426,0.85,-1.22,46.88,0.03,0.01,0.01,0.02,108415,999,3,0.27,0.06,0.08,0.01,48,29,-153,0,3.13,0.07,0.0069,0.0117,12.76,14.27,7.76
673.603,after,123.1,52.13767,21.1604857,91.8,52.1376685,21.1604828,29,0.51,1.457,255,0.0,0.3346,0.0022,-0.0354,2.972,1.43,0.95,-1.41,46.93,0.03,0.0,0.0,0.03,108415,999,3,0.27,0.06,-0.03,0.09,48,-17,48,0,3.13,0.08,0.0121,0.0161,13.93,15.09,8.48
673.703,after,123.2,52.1376709,21.1604872,91.8,52.1376685,21.1604828,29,0.51,1.457,255,-0.1673,0.8366,0.01,0.0202,2.994,1.436,0.81,-1.39,47.02,0.03,0.0,0.02,0.02,108415,999,3,0.27,0.06,-0.03,0.09,48,40,-145,0,3.13,0.07,0.0082,0.0123,12.36,16.35,9.4
673.803,after,123.3,52.1376718,21.1604887,91.81,52.1376704,21.1604859,29,0.51,1.498,255,0.0,0.3346,-0.0042,-0.0554,2.996,1.443,0.88,-1.56,47.03,0.08,0.0,0.01,0.03,108415,999,3,0.27,0.05,0.02,-0.01,48,-22,-135,0,3.14,0.06,0.0088,0.0222,12.52,14.84,8.09
673.903,after,123.401,52.1376727,21.1604903,91.82,52.1376704,21.1604859,29,0.51,1.498,255,-0.1673,0.3347,-0.0061,0.0443,2.982,1.456,0.84,-1.49,47.06,0.08,0.0,0.03,0.02,108415,999,3,0.27,0.05,0.02,-0.01,48,-168,182,0,3.15,0.07,0.0066,0.0193,13.2,14.93,7.82
674.003,after,123.501,52.1376736,21.1604919,91.83,52.1376722,21.1604891,29,0.51,1.5,255,0.0,0.6695,0.0093,-0.0257,2.98,1.47,0.99,-1.42,47.09,0.01,0.0,0.05,0.03,108415,999,3,0.27,0.06,0.0,0.0,48,-218,-179,0,3.16,0.09,0.0067,0.0244,14.12,14.49,7.2
