t_log_s,phase,t_since_src2_s,ekf_lat,ekf_lon,ekf_alt,gps_lat,gps_lon,gps_nsats,gps_hdop,gps_spd,of_qual,of_flowX,of_flowY,of_bodyX,of_bodyY,rfnd_dist,ctun_alt,roll,pitch,yaw,xkf4_SV,xkf4_SP,xkf4_SH,xkf4_SM,xkf4_SS,rc7,mode,gpa_hacc,gpa_sacc,xkf3_IVN,xkf3_IVE,xkf4_TS,xkf5_FIX,xkf5_FIY,xkf5_AFI,xkf5_HAGL,xkf5_RI,xkf5_eVel,xkf5_ePos,vibe_x,vibe_y,vibe_z
694.697,before,-25.0,52.1377187,21.1617703,91.8,52.1377196,21.1617752,24,0.53,1.488,255,0.0,0.1678,0.0072,0.0037,2.632,7.217,-4.33,-5.41,238.69,0.05,0.01,0.0,0.01,108415,999,3,0.26,0.05,-0.08,0.07,48,-18,-154,0,2.81,0.09,0.0111,0.0165,32.61,39.73,23.92
694.797,before,-24.899,52.1377182,21.1617684,91.81,52.1377196,21.1617752,24,0.53,1.488,255,0.0,0.3357,-0.0529,0.0137,2.664,7.221,-4.32,-5.37,238.51,0.05,0.01,0.01,0.0,108415,999,3,0.26,0.05,-0.08,0.07,48,-101,-38,0,2.81,0.09,0.008,0.0144,32.83,36.61,29.46
694.897,before,-24.799,52.1377177,21.1617664,91.81,52.1377188,21.1617713,24,0.53,1.414,255,-0.1679,0.3357,-0.0673,0.0119,2.67,7.224,-4.85,-5.16,238.43,0.07,0.01,0.02,0.01,108415,999,3,0.26,0.05,-0.12,0.01,48,-177,-219,0,2.79,0.07,0.0152,0.0234,34.42,37.81,25.7
694.997,before,-24.699,52.1377172,21.1617645,91.81,52.1377188,21.1617713,24,0.53,1.414,255,0.0,0.3357,-0.0194,0.0445,2.638,7.227,-4.75,-5.06,238.51,0.07,0.01,0.0,0.0,108415,999,3,0.26,0.05,-0.12,0.01,48,-87,154,0,2.81,0.07,0.0105,0.0179,36.05,37.06,23.62
695.097,before,-24.599,52.1377167,21.1617625,91.81,52.1377179,21.1617673,24,0.53,1.512,255,0.0,0.3357,-0.0476,-0.0664,2.666,7.23,-5.24,-5.14,238.7,0.06,0.01,0.03,0.0,108415,999,3,0.26,0.05,-0.09,0.08,48,16,-203,0,2.79,0.06,0.0169,0.027,33.61,38.16,23.7
695.197,before,-24.499,52.1377162,21.1617605,91.82,52.1377179,21.1617673,24,0.53,1.512,255,-0.1678,0.6712,0.034,-0.0543,2.644,7.231,-5.18,-5.41,238.85,0.06,0.01,0.01,0.02,108415,999,3,0.26,0.05,-0.09,0.08,48,97,-145,0,2.8,0.06,0.0111,0.0199,36.21,36.44,23.02
695.297,before,-24.4,52.1377158,21.1617584,91.82,52.137717,21.1617633,24,0.53,1.496,255,-0.1679,0.3357,-0.0367,0.0714,2.674,7.234,-5.21,-5.23,239.01,0.05,0.0,0.01,0.02,108415,999,3,0.26,0.05,-0.13,0.03,48,85,-50,0,2.8,0.06,0.0177,0.027,39.23,35.3,21.06
695.397,before,-24.299,52.1377153,21.1617564,91.82,52.137717,21.1617633,24,0.53,1.496,255,-0.1678,0.6712,-0.0271,0.0144,2.702,7.236,-5.43,-5.03,239.36,0.05,0.0,0.05,0.01,108415,999,3,0.26,0.05,-0.13,0.03,48,145,-80,0,2.79,0.04,0.0116,0.0228,40.29,32.06,21.65
695.497,before,-24.2,52.1377147,21.1617543,91.82,52.137716,21.1617592,24,0.53,1.581,255,-0.1679,0.3357,-0.07,0.0474,2.666,7.237,-5.76,-4.79,239.83,0.04,0.0,0.01,0.01,108415,999,3,0.26,0.05,0.08,0.05,48,-76,-256,0,2.79,0.04,0.004,0.0123,37.98,34.65,26.43
695.597,before,-24.099,52.1377141,21.1617523,91.83,52.137716,21.1617592,24,0.53,1.581,255,0.0,0.3357,0.0051,-0.0098,2.698,7.241,-6.01,-4.53,240.16,0.04,0.0,0.01,0.02,108415,999,3,0.26,0.05,0.08,0.05,48,-10,-277,0,2.79,0.05,0.0021,0.0077,30.99,40.44,24.95
695.697,before,-23.999,52.1377135,21.1617503,91.83,52.1377148,21.1617552,24,0.53,1.516,255,0.0,0.8391,0.059,0.0396,2.714,7.244,-5.52,-4.53,240.34,0.02,0.01,0.02,0.02,108415,999,3,0.26,0.05,-0.04,0.0,48,-179,315,0,2.79,0.03,0.0026,0.0087,32.47,36.49,27.01
695.797,before,-23.899,52.1377129,21.1617483,91.83,52.1377148,21.1617552,24,0.53,1.516,255,-0.1679,0.3358,-0.0667,0.038,2.73,7.246,-5.8,-4.21,240.46,0.02,0.01,0.04,0.0,108415,999,3,0.26,0.05,-0.04,0.0,48,70,-287,0,2.79,0.03,0.0013,0.0086,35.44,37.67,23.51
695.897,before,-23.799,52.1377123,21.1617463,91.83,52.1377136,21.1617512,24,0.53,1.592,255,0.0,0.3357,0.0466,-0.0861,2.738,7.244,-5.68,-4.39,240.48,0.05,0.0,0.04,0.0,108415,999,3,0.26,0.05,-0.01,0.05,48,19,-59,0,2.78,0.01,0.0039,0.0165,31.72,38.2,26.89
695.997,before,-23.7,52.1377116,21.1617443,91.83,52.1377136,21.1617512,24,0.53,1.592,255,0.0,0.5035,0.0229,0.0503,2.766,7.244,-5.42,-4.38,240.36,0.05,0.0,0.0,0.01,108415,999,3,0.26,0.05,-0.01,0.05,48,-32,-199,0,2.79,-0.01,0.0012,0.0056,35.33,34.06,27.39
696.097,before,-23.6,52.137711,21.1617424,91.83,52.1377123,21.1617472,24,0.53,1.441,255,-0.1679,0.5036,-0.0172,-0.0253,2.786,7.249,-5.62,-4.32,240.16,0.04,0.01,0.03,0.01,108415,999,3,0.26,0.05,-0.11,-0.04,48,-64,261,0,2.81,0.0,0.0123,0.0201,33.43,41.31,25.21
696.197,before,-23.499,52.1377104,21.1617406,91.84,52.1377123,21.1617472,24,0.53,1.441,255,0.0,0.6715,0.032,-0.0291,2.784,7.257,-5.37,-4.52,239.94,0.04,0.01,0.01,0.0,108415,999,3,0.26,0.05,-0.11,-0.04,48,-35,1,0,2.83,-0.03,0.0087,0.0175,34.94,35.6,25.53
696.297,before,-23.4,52.1377097,21.1617387,91.85,52.1377111,21.1617434,24,0.53,1.565,255,0.0,0.3357,-0.0183,-0.0643,2.802,7.265,-5.29,-4.82,239.8,0.03,0.0,0.0,0.01,108415,999,3,0.26,0.07,0.02,0.1,48,-14,-136,0,2.83,-0.02,0.0049,0.0137,33.07,36.36,25.4
696.397,before,-23.299,52.1377091,21.1617368,91.86,52.1377111,21.1617434,24,0.53,1.565,255,0.0,0.5036,0.0629,0.0379,2.79,7.271,-5.31,-4.82,239.71,0.03,0.0,0.01,0.01,108415,999,3,0.26,0.07,0.02,0.1,48,-132,-162,0,2.84,-0.01,0.0039,0.0124,32.23,37.82,23.1
696.497,before,-23.2,52.1377084,21.1617349,91.86,52.1377097,21.1617396,24,0.53,1.462,255,0.0,0.3357,0.0164,-0.0214,2.796,7.279,-5.05,-4.78,239.44,0.03,0.01,0.02,0.01,108415,999,3,0.26,0.06,-0.03,0.0,48,-26,263,0,2.85,-0.01,0.0062,0.0161,31.45,36.9,24.68
696.597,before,-23.099,52.1377077,21.1617331,91.87,52.1377097,21.1617396,24,0.53,1.462,255,0.0,0.5036,0.0733,0.0193,2.792,7.285,-4.82,-4.71,239.19,0.03,0.01,0.0,0.01,108415,999,3,0.26,0.06,-0.03,0.0,48,-7,-179,0,2.86,0.0,0.0057,0.0173,30.53,37.11,20.59
696.697,before,-23.0,52.137707,21.1617312,91.87,52.1377083,21.1617359,24,0.53,1.458,255,0.0,0.6714,0.0335,-0.013,2.772,7.29,-4.35,-4.82,238.92,0.02,0.01,0.02,0.0,108415,999,3,0.26,0.06,-0.05,0.0,48,-104,-2,0,2.87,0.0,0.0064,0.0149,32.58,34.84,27.11
696.797,before,-22.899,52.1377063,21.1617294,91.88,52.1377083,21.1617359,24,0.53,1.458,255,0.0,0.5034,0.0573,-0.0114,2.756,7.293,-4.18,-4.76,238.86,0.02,0.01,0.0,0.01,108415,999,3,0.26,0.06,-0.05,0.0,48,-48,-41,0,2.87,0.02,0.0054,0.015,32.35,37.03,27.86
696.897,before,-22.8,52.1377056,21.1617276,91.88,52.137707,21.1617323,24,0.53,1.469,255,0.0,0.3357,-0.0135,-0.0358,2.768,7.295,-4.19,-5.07,238.9,0.02,0.01,0.02,0.01,108415,999,3,0.26,0.06,-0.03,0.01,48,38,-283,0,2.86,0.01,0.0042,0.0088,34.14,38.28,28.58
696.997,before,-22.699,52.137705,21.1617258,91.88,52.137707,21.1617323,24,0.53,1.469,255,0.0,0.6714,-0.0235,-0.0431,2.76,7.298,-4.41,-5.12,238.91,0.02,0.01,0.0,0.01,108415,999,3,0.26,0.06,-0.03,0.01,48,46,332,0,2.87,0.02,0.0037,0.0106,38.93,38.51,24.36
697.097,before,-22.599,52.1377043,21.161724,91.88,52.1377057,21.1617286,24,0.53,1.438,255,0.0,0.3356,0.1024,-0.0875,2.772,7.299,-4.01,-5.55,238.99,0.02,0.01,0.04,0.01,108415,999,3,0.26,0.06,-0.03,0.04,48,-67,-109,0,2.86,0.01,0.0033,0.0059,40.45,37.22,28.08
697.197,before,-22.499,52.1377037,21.1617222,91.88,52.1377057,21.1617286,24,0.53,1.438,255,-0.1679,0.3358,-0.0897,0.0777,2.774,7.297,-4.02,-5.65,239.14,0.02,0.01,0.03,0.01,108415,999,3,0.26,0.06,-0.03,0.04,48,73,254,0,2.85,0.0,0.0015,0.0047,36.21,40.0,29.11
697.297,before,-22.4,52.1377031,21.1617204,91.88,52.1377044,21.161725,24,0.53,1.446,255,0.0,0.3357,0.0241,-0.0229,2.784,7.299,-4.19,-5.48,239.16,0.01,0.0,0.0,0.02,108415,999,3,0.26,0.06,-0.02,0.0,48,77,-245,0,2.86,0.01,0.0033,0.0069,35.41,39.85,32.36
697.397,before,-22.299,52.1377024,21.1617185,91.89,52.1377044,21.161725,24,0.53,1.446,255,0.0,0.1679,-0.0553,-0.0208,2.774,7.303,-4.46,-5.87,239.23,0.01,0.0,0.0,0.02,108415,999,3,0.26,0.06,-0.02,0.0,48,57,-69,0,2.86,0.01,0.003,0.0077,38.51,36.23,29.64
697.497,before,-22.199,52.1377018,21.1617167,91.89,52.1377032,21.1617213,24,0.53,1.453,255,-0.1678,0.6712,-0.0132,-0.0352,2.796,7.308,-4.63,-5.9,239.36,0.03,0.0,0.02,0.02,108415,999,3,0.26,0.06,-0.05,0.03,48,-266,171,0,2.87,0.01,0.0042,0.0149,35.05,39.41,27.27
697.597,before,-22.099,52.1377012,21.1617148,91.9,52.1377032,21.1617213,24,0.53,1.453,255,0.0,0.3357,0.0242,-0.0107,2.79,7.315,-4.38,-6.0,239.45,0.03,0.0,0.0,0.01,108415,999,3,0.26,0.06,-0.05,0.03,48,-43,-123,0,2.88,0.01,0.0036,0.0161,37.19,37.76,23.73
697.697,before,-21.999,52.1377006,21.161713,91.91,52.137702,21.1617177,24,0.53,1.438,255,-0.3356,0.839,-0.0524,-0.0118,2.75,7.321,-4.66,-5.99,239.55,0.03,0.01,0.03,0.01,108415,999,3,0.26,0.06,-0.08,0.03,48,-85,-189,0,2.88,0.01,0.0069,0.0124,34.94,37.58,26.47
697.797,before,-21.899,52.1377,21.1617111,91.91,52.137702,21.1617177,24,0.53,1.438,255,-0.1678,0.5035,0.0317,0.0226,2.778,7.323,-4.79,-5.96,239.58,0.03,0.01,0.02,0.02,108415,999,3,0.26,0.06,-0.08,0.03,48,-114,-30,0,2.88,0.04,0.0037,0.0078,38.7,35.84,24.59
697.897,before,-21.799,52.1376994,21.1617092,91.91,52.1377009,21.1617139,24,0.53,1.478,255,0.0,0.5036,0.0184,-0.0141,2.802,7.323,-4.59,-5.89,239.58,0.02,0.01,0.02,0.01,108415,999,3,0.26,0.05,-0.04,0.03,48,14,139,0,2.87,0.03,0.0056,0.01,34.07,36.81,25.78
697.997,before,-21.699,52.1376988,21.1617073,91.91,52.1377009,21.1617139,24,0.53,1.478,255,0.0,0.3358,-0.0169,-0.0117,2.782,7.326,-4.52,-6.1,239.39,0.02,0.01,0.03,0.01,108415,999,3,0.26,0.05,-0.04,0.03,48,-157,-168,0,2.89,0.03,0.0042,0.0148,37.17,34.32,25.92
698.097,before,-21.599,52.1376982,21.1617054,91.91,52.1376998,21.1617102,24,0.53,1.435,255,0.0,0.1678,-0.0216,0.0741,2.794,7.33,-4.74,-6.08,239.21,0.04,0.02,0.01,0.01,108415,999,3,0.26,0.06,-0.07,-0.01,48,54,6,0,2.88,0.02,0.0089,0.0159,35.71,35.09,24.86
698.197,before,-21.499,52.1376976,21.1617035,91.92,52.1376998,21.1617102,24,0.53,1.435,255,0.0,0.8395,-0.0221,-0.0737,2.78,7.334,-4.75,-6.03,239.11,0.04,0.02,0.0,0.02,108415,999,3,0.26,0.06,-0.07,-0.01,48,-135,223,0,2.88,0.02,0.0052,0.0106,34.3,37.27,22.0
698.297,before,-21.399,52.1376969,21.1617016,91.92,52.1376986,21.1617064,24,0.53,1.529,255,0.0,0.3357,0.0202,-0.0294,2.806,7.338,-4.68,-6.29,239.19,0.03,0.01,0.04,0.01,108415,999,3,0.26,0.05,0.0,0.02,48,37,46,0,2.89,0.02,0.0033,0.0153,33.78,37.09,26.14
698.397,before,-21.299,52.1376963,21.1616997,91.93,52.1376986,21.1617064,24,0.53,1.529,255,0.0,0.6715,0.0466,0.004,2.822,7.344,-4.59,-6.21,239.33,0.03,0.01,0.01,0.01,108415,999,3,0.26,0.05,0.0,0.02,48,0,-214,0,2.9,0.03,0.0035,0.0179,37.56,35.71,22.32
698.497,before,-21.199,52.1376956,21.1616978,91.94,52.1376974,21.1617025,24,0.53,1.509,255,0.0,0.3356,0.0159,0.0077,2.828,7.353,-4.32,-6.28,239.43,0.0,0.01,0.02,0.01,108415,999,3,0.26,0.06,0.0,-0.02,48,142,-178,0,2.91,0.02,0.0059,0.0248,38.97,35.2,22.09
698.597,before,-21.099,52.137695,21.1616959,91.95,52.1376974,21.1617025,24,0.53,1.509,255,0.0,0.5036,-0.0048,0.0797,2.796,7.363,-4.32,-5.86,239.6,0.0,0.01,0.0,0.01,108415,999,3,0.26,0.06,0.0,-0.02,48,-38,229,0,2.92,0.02,0.0054,0.0213,35.61,37.0,24.4
698.697,before,-21.0,52.1376943,21.1616939,91.96,52.1376961,21.1616986,24,0.53,1.559,255,0.0,0.8393,0.0358,-0.0072,2.802,7.371,-4.27,-5.84,239.74,0.01,0.01,0.01,0.01,108415,999,3,0.25,0.05,-0.05,0.01,48,-2,-8,0,2.92,0.03,0.0041,0.0148,32.51,36.86,26.84
698.797,before,-20.899,52.1376936,21.161692,91.96,52.1376961,21.1616986,24,0.53,1.559,255,0.0,0.5036,-0.0235,0.0802,2.804,7.373,-4.28,-5.55,239.84,0.01,0.01,0.06,0.01,108415,999,3,0.25,0.05,-0.05,0.01,48,31,-94,0,2.9,0.03,0.0015,0.0037,35.67,32.93,24.26
698.897,before,-20.8,52.137693,21.16169,91.95,52.1376947,21.1616946,24,0.53,1.585,255,0.0,0.6714,-0.0121,-0.0538,2.804,7.37,-4.38,-5.63,239.82,0.04,0.01,0.01,0.01,108415,999,3,0.25,0.05,0.01,0.02,48,-135,-102,0,2.89,0.02,0.0028,0.0084,34.06,35.9,27.35
698.997,before,-20.699,52.1376923,21.161688,91.95,52.1376947,21.1616946,24,0.53,1.585,255,0.1679,0.5036,0.0489,0.0403,2.82,7.367,-4.18,-5.69,239.89,0.04,0.01,0.0,0.0,108415,999,3,0.25,0.05,0.01,0.02,48,-10,-129,0,2.89,0.02,0.003,0.0046,33.67,35.64,24.5
699.097,before,-20.6,52.1376916,21.161686,91.95,52.1376933,21.1616907,24,0.53,1.592,255,0.0,0.8391,-0.0091,0.0135,2.812,7.366,-4.21,-5.46,239.96,0.01,0.02,0.01,0.01,108415,999,3,0.25,0.05,0.02,-0.01,48,0,-107,0,2.9,0.02,0.005,0.0046,31.02,35.57,26.22
699.197,before,-20.499,52.1376909,21.1616841,91.95,52.1376933,21.1616907,24,0.53,1.592,255,0.0,0.5036,0.0393,0.076,2.8,7.37,-4.08,-4.99,240.15,0.01,0.02,0.01,0.02,108415,999,3,0.25,0.05,0.02,-0.01,48,165,72,0,2.9,0.02,0.0053,0.0091,32.75,35.67,23.42
699.297,before,-20.4,52.1376902,21.1616821,91.96,52.1376918,21.1616867,24,0.53,1.597,255,0.0,0.3357,0.0491,-0.0787,2.808,7.374,-3.89,-5.17,240.42,0.07,0.0,0.02,0.01,108415,999,3,0.25,0.05,0.02,0.02,48,120,-63,0,2.9,0.0,0.0057,0.0056,31.26,34.67,25.55
699.397,before,-20.299,52.1376894,21.1616801,91.96,52.1376904,21.1616827,24,0.53,1.594,255,0.0,0.6713,-0.023,0.0912,2.81,7.378,-3.84,-5.0,240.62,0.07,0.0,0.01,0.02,108415,999,3,0.25,0.05,0.02,0.02,48,-36,-220,0,2.9,0.02,0.0051,0.0062,29.48,34.67,21.71
699.497,before,-20.2,52.1376887,21.161678,91.96,52.1376904,21.1616827,24,0.53,1.594,255,0.0,0.3357,0.0407,-0.0008,2.824,7.377,-3.76,-4.91,240.55,0.06,0.0,0.0,0.02,108415,999,3,0.25,0.05,-0.07,0.04,48,23,-223,0,2.89,0.02,0.005,0.0101,31.23,36.34,20.02
699.597,before,-20.099,52.1376881,21.161676,91.96,52.1376904,21.1616827,24,0.53,1.594,255,0.0,0.8392,-0.0066,0.0891,2.832,7.376,-3.53,-4.39,240.51,0.06,0.0,0.01,0.02,108415,999,3,0.25,0.05,-0.07,0.04,48,-59,-253,0,2.89,0.0,0.003,0.0074,32.54,36.43,23.13
699.697,before,-20.0,52.1376874,21.161674,91.96,52.137689,21.1616786,24,0.53,1.619,255,-0.1679,0.5036,-0.0212,-0.0427,2.836,7.376,-3.79,-4.38,240.5,0.02,0.0,0.0,0.01,108415,999,3,0.25,0.05,0.01,0.01,48,45,-107,0,2.9,0.0,0.0033,0.0064,35.47,35.37,26.9
699.797,before,-19.899,52.1376867,21.161672,91.96,52.137689,21.1616786,24,0.53,1.619,255,0.0,0.5036,-0.0311,0.0563,2.84,7.38,-3.9,-4.42,240.52,0.02,0.0,0.03,0.0,108415,999,3,0.25,0.05,0.01,0.01,48,14,-153,0,2.91,0.0,0.0032,0.01,33.54,34.9,23.88
699.897,before,-19.799,52.137686,21.16167,91.97,52.1376876,21.1616745,24,0.53,1.615,255,0.0,0.3357,-0.0249,0.0004,2.852,7.382,-4.04,-4.2,240.43,0.05,0.0,0.01,0.02,108415,999,3,0.25,0.05,0.0,0.04,48,41,219,0,2.9,-0.01,0.0043,0.0066,31.04,35.65,23.5
699.997,before,-19.699,52.1376854,21.161668,91.97,52.1376876,21.1616745,24,0.53,1.615,255,0.0,0.3357,0.0191,-0.0802,2.856,7.386,-3.96,-4.54,240.3,0.05,0.0,0.01,0.03,108415,999,3,0.25,0.05,0.0,0.04,48,-3,-162,0,2.92,0.0,0.0032,0.0077,33.3,35.71,24.56
700.097,before,-19.599,52.1376847,21.1616661,91.98,52.1376861,21.1616707,24,0.53,1.497,255,0.0,0.6715,-0.0363,-0.0199,2.872,7.391,-4.05,-4.67,240.29,0.03,0.01,0.01,0.01,108415,999,3,0.25,0.05,0.04,-0.07,48,-10,-154,0,2.93,0.0,0.0098,0.0161,33.08,34.8,24.63
700.197,before,-19.499,52.1376841,21.1616642,91.98,52.1376861,21.1616707,24,0.53,1.497,255,0.0,0.3357,-0.0061,-0.041,2.89,7.397,-4.21,-4.99,240.36,0.03,0.01,0.0,0.01,108415,999,3,0.25,0.05,0.04,-0.07,48,-103,-99,0,2.94,0.0,0.008,0.0153,32.31,37.43,24.98
700.297,before,-19.4,52.1376834,21.1616623,91.99,52.1376848,21.1616669,24,0.53,1.505,255,0.0,0.3357,0.0386,-0.0342,2.892,7.401,-3.97,-5.29,240.36,0.01,0.0,0.0,0.02,108415,999,3,0.25,0.05,0.02,-0.01,48,-19,230,0,2.94,-0.01,0.0091,0.0173,32.93,36.56,22.96
700.397,before,-19.299,52.1376827,21.1616605,91.99,52.1376834,21.1616631,24,0.53,1.484,255,0.0,0.3357,-0.0405,0.0117,2.876,7.403,-3.89,-5.13,240.38,0.01,0.0,0.0,0.01,108415,999,3,0.25,0.05,0.02,-0.01,48,-15,-233,0,2.95,-0.01,0.0075,0.0167,33.82,36.0,23.35
700.497,before,-19.199,52.1376821,21.1616586,91.99,52.1376834,21.1616631,24,0.53,1.484,255,0.0,0.3357,0.0134,-0.0497,2.876,7.407,-3.95,-5.38,240.41,0.01,0.0,0.03,0.03,108415,999,3,0.25,0.05,0.01,-0.04,48,48,-145,0,2.96,0.0,0.0088,0.022,31.15,35.63,22.64
700.597,before,-19.099,52.1376814,21.1616568,91.99,52.1376834,21.1616631,24,0.53,1.484,255,0.0,0.6715,0.1254,0.0291,2.864,7.409,-3.42,-5.42,240.47,0.01,0.0,0.0,0.01,108415,999,3,0.25,0.05,0.01,-0.04,48,-28,188,0,2.96,0.0,0.0068,0.0164,33.14,32.83,24.04
700.697,before,-18.999,52.1376807,21.1616549,92.0,52.1376821,21.1616594,24,0.53,1.501,255,0.0,0.3356,0.0062,-0.0348,2.87,7.41,-3.23,-5.37,240.56,0.02,0.0,0.01,0.02,108415,999,3,0.25,0.05,0.0,0.04,48,105,274,0,2.96,0.01,0.0049,0.0144,31.35,32.35,22.55
700.797,before,-18.899,52.1376801,21.161653,92.0,52.1376821,21.1616594,24,0.53,1.501,255,0.1679,0.8394,-0.0247,0.0518,2.86,7.414,-3.22,-5.14,240.7,0.02,0.0,0.03,0.02,108415,999,3,0.25,0.05,0.0,0.04,48,-36,-205,0,2.97,0.01,0.0055,0.0208,29.89,36.22,23.8
700.897,before,-18.799,52.1376794,21.1616511,92.0,52.1376807,21.1616556,24,0.53,1.499,255,-0.1679,0.5037,-0.0827,0.0164,2.872,7.415,-3.61,-5.1,240.77,0.04,0.0,0.03,0.02,108415,999,3,0.25,0.05,0.07,-0.04,48,74,-188,0,2.95,0.02,0.0092,0.0132,30.98,37.36,22.72
700.997,before,-18.699,52.1376787,21.1616492,92.0,52.1376807,21.1616556,24,0.53,1.499,255,0.0,0.1678,0.0442,0.002,2.856,7.412,-3.63,-5.0,240.79,0.04,0.0,0.02,0.02,108415,999,3,0.25,0.05,0.07,-0.04,48,-181,-199,0,2.94,0.0,0.0067,0.01,31.11,35.53,23.21
701.097,before,-18.6,52.1376781,21.1616473,91.99,52.1376794,21.1616519,24,0.53,1.479,255,0.0,0.6714,0.0065,-0.0168,2.878,7.408,-3.38,-5.11,240.69,0.01,0.01,0.02,0.03,108415,999,3,0.25,0.05,-0.02,0.0,48,-70,-5,0,2.93,-0.01,0.0038,0.0104,33.1,36.22,25.3
701.197,before,-18.5,52.1376774,21.1616454,91.99,52.1376794,21.1616519,24,0.53,1.479,255,0.0,0.3357,-0.0372,0.045,2.848,7.404,-3.5,-5.06,240.45,0.01,0.01,0.0,0.03,108415,999,3,0.25,0.05,-0.02,0.0,48,23,-160,0,2.93,0.0,0.0024,0.0043,30.22,38.2,22.29
701.297,before,-18.4,52.1376768,21.1616436,91.99,52.1376782,21.161648,24,0.53,1.503,255,0.0,0.6714,0.0907,-0.0875,2.874,7.405,-3.32,-5.29,240.32,0.02,0.0,0.05,0.01,108415,999,3,0.25,0.05,-0.01,0.02,48,36,-14,0,2.95,0.0,0.0017,0.0105,30.63,36.76,21.55
701.397,before,-18.299,52.1376762,21.1616416,92.0,52.1376782,21.161648,24,0.53,1.503,255,0.0,0.1679,-0.0488,-0.0157,2.87,7.41,-3.15,-5.68,240.34,0.02,0.0,0.02,0.03,108415,999,3,0.25,0.05,-0.01,0.02,48,104,248,0,2.95,0.0,0.003,0.0146,33.74,34.08,24.22
701.497,before,-18.2,52.1376756,21.1616397,92.0,52.137677,21.1616442,24,0.53,1.46,255,0.0,0.1679,0.0563,0.0333,2.862,7.418,-3.0,-5.65,240.36,0.0,0.0,0.01,0.02,108415,999,3,0.25,0.05,0.0,0.0,48,-170,-3,0,2.96,0.01,0.0035,0.0162,32.99,35.2,23.88
701.597,before,-18.099,52.137675,21.1616377,92.01,52.137677,21.1616442,24,0.53,1.46,255,-0.3357,0.8394,-0.0508,0.0097,2.882,7.428,-3.24,-5.36,240.46,0.0,0.0,0.02,0.01,108415,999,3,0.25,0.05,0.0,0.0,48,64,-230,0,2.97,0.03,0.0042,0.0191,33.21,31.3,22.03
701.697,before,-18.0,52.1376743,21.1616357,92.02,52.1376757,21.1616403,24,0.53,1.586,255,0.0,0.3357,-0.0153,0.0479,2.898,7.432,-3.39,-5.43,240.53,0.07,0.0,0.03,0.03,108415,999,3,0.25,0.05,0.0,0.08,48,49,196,0,2.95,0.0,0.0069,0.0099,32.31,33.41,22.29
701.797,before,-17.899,52.1376737,21.1616337,92.02,52.1376745,21.1616362,24,0.53,1.543,255,0.0,0.8395,-0.1004,0.1006,2.876,7.431,-3.78,-4.72,240.55,0.07,0.0,0.01,0.02,108415,999,3,0.25,0.05,0.0,0.08,48,79,338,0,2.95,-0.01,0.0047,0.0084,32.6,32.45,24.12
701.897,before,-17.8,52.1376731,21.1616316,92.01,52.1376745,21.1616362,24,0.53,1.543,255,0.0,0.3359,-0.0302,-0.0489,2.86,7.421,-4.23,-4.9,240.51,0.1,0.0,0.01,0.01,108415,999,3,0.25,0.05,-0.07,0.0,48,-31,-111,0,2.93,-0.03,0.0089,0.0239,34.5,34.39,22.44
701.997,before,-17.699,52.1376725,21.1616296,92.0,52.1376745,21.1616362,24,0.53,1.543,255,0.0,0.3357,0.0095,0.0652,2.824,7.41,-4.19,-4.63,240.57,0.1,0.0,0.02,0.0,108415,999,3,0.25,0.05,-0.07,0.0,48,-114,177,0,2.93,0.0,0.0058,0.0192,33.73,35.09,22.68
702.097,before,-17.6,52.137672,21.1616275,91.98,52.1376734,21.161632,24,0.53,1.611,255,-0.1679,0.5036,-0.0438,-0.0315,2.866,7.398,-4.41,-4.7,240.67,0.06,0.01,0.02,0.02,108415,999,3,0.25,0.05,0.01,0.08,48,-127,-52,0,2.91,0.0,0.0104,0.0278,34.15,37.21,23.6
702.197,before,-17.499,52.1376714,21.1616255,91.97,52.1376734,21.161632,24,0.53,1.611,255,-0.1679,0.5036,0.0034,-0.0581,2.844,7.385,-4.4,-4.87,240.6,0.06,0.01,0.02,0.0,108415,999,3,0.25,0.05,0.01,0.08,48,21,-175,0,2.9,-0.03,0.0068,0.0221,32.77,38.72,24.03
702.297,before,-17.4,52.1376708,21.1616235,91.96,52.1376723,21.161628,24,0.53,1.459,255,0.0,0.3357,-0.0038,-0.0677,2.79,7.372,-4.27,-5.33,240.48,0.03,0.0,0.02,0.01,108415,999,3,0.25,0.05,-0.04,-0.04,48,45,-264,0,2.89,-0.04,0.0061,0.0226,36.38,37.91,25.36
702.397,before,-17.299,52.1376703,21.1616216,91.94,52.1376712,21.1616241,24,0.53,1.504,255,0.0,0.3357,-0.0504,0.0613,2.832,7.36,-4.4,-5.34,240.43,0.03,0.0,0.04,0.0,108415,999,3,0.25,0.05,-0.04,-0.04,48,16,-150,0,2.88,0.0,0.0043,0.0217,36.98,41.1,29.61
702.497,before,-17.2,52.1376698,21.1616196,91.93,52.1376712,21.1616241,24,0.53,1.504,255,-0.1678,0.1678,-0.0638,0.0594,2.85,7.345,-4.76,-5.06,240.31,0.05,0.0,0.05,0.0,108415,999,3,0.25,0.05,0.03,0.0,48,-19,-67,0,2.85,-0.02,0.007,0.0329,38.72,42.36,35.67
702.597,before,-17.099,52.1376692,21.1616176,91.92,52.1376712,21.1616241,24,0.53,1.504,255,-0.1678,0.1678,-0.0936,-0.0838,2.876,7.335,-5.14,-5.13,240.23,0.05,0.0,0.05,0.01,108415,999,3,0.25,0.05,0.03,0.0,48,-61,273,0,2.84,-0.08,0.0058,0.0315,39.42,40.43,31.24
702.697,before,-17.0,52.1376686,21.1616157,91.91,52.1376701,21.1616203,24,0.53,1.41,255,0.0,0.8389,0.0049,-0.0633,2.89,7.327,-5.48,-5.66,240.41,0.03,0.01,0.0,0.02,108415,999,3,0.24,0.05,0.01,-0.06,48,130,-79,0,2.85,-0.08,0.0075,0.0226,37.18,40.79,31.02
702.797,before,-16.899,52.137668,21.1616138,91.91,52.1376691,21.1616164,24,0.53,1.519,255,0.0,0.3357,0.0448,0.0045,2.914,7.322,-5.17,-5.71,240.66,0.03,0.01,0.03,0.01,108415,999,3,0.24,0.05,0.01,-0.06,48,-22,-307,0,2.86,-0.1,0.0054,0.0199,34.52,38.59,29.06
702.897,before,-16.799,52.1376674,21.1616118,91.9,52.1376691,21.1616164,24,0.53,1.519,255,0.0,0.3357,0.0317,0.0766,2.908,7.317,-5.09,-5.32,240.92,0.03,0.01,0.0,0.02,108415,999,3,0.24,0.05,-0.05,0.03,48,15,-213,0,2.87,-0.09,0.0031,0.0103,33.2,36.58,29.56
702.997,before,-16.699,52.1376668,21.1616099,91.9,52.1376691,21.1616164,24,0.53,1.519,255,0.0,0.5034,-0.0212,-0.0336,2.882,7.314,-4.92,-5.26,241.05,0.03,0.01,0.04,0.01,108415,999,3,0.24,0.05,-0.05,0.03,48,-192,278,0,2.86,-0.09,0.0018,0.0123,33.85,36.16,28.46
703.097,before,-16.599,52.1376663,21.161608,91.9,52.1376679,21.1616125,24,0.53,1.474,255,-0.1679,0.5038,-0.0758,0.0512,2.902,7.312,-5.1,-5.38,241.05,0.07,0.02,0.05,0.0,108415,999,3,0.24,0.05,0.02,-0.05,48,12,-91,0,2.88,-0.09,0.0079,0.0104,39.29,33.34,30.44
703.197,before,-16.499,52.1376656,21.1616061,91.9,52.1376679,21.1616125,24,0.53,1.474,255,-0.3357,0.6715,-0.0278,-0.0484,2.938,7.31,-5.61,-5.33,240.96,0.07,0.02,0.03,0.0,108415,999,3,0.24,0.05,0.02,-0.05,48,-20,-229,0,2.88,-0.09,0.0054,0.0081,40.52,35.81,23.35
703.297,before,-16.399,52.137665,21.1616042,91.89,52.1376667,21.1616086,24,0.53,1.505,255,0.0,0.3357,0.0308,-0.0087,2.95,7.307,-5.29,-5.64,240.91,0.01,0.01,0.04,0.0,108415,999,3,0.24,0.05,-0.04,0.02,48,-41,250,0,2.88,-0.11,0.0038,0.0119,35.19,36.1,28.35
703.397,before,-16.299,52.1376644,21.1616023,91.88,52.1376656,21.1616047,24,0.53,1.505,255,-0.1679,0.8395,0.0191,0.0174,2.924,7.299,-5.14,-5.54,240.89,0.01,0.01,0.08,0.01,108415,999,3,0.24,0.05,-0.04,0.02,48,127,127,0,2.87,-0.15,0.0024,0.0217,35.2,37.26,22.42
703.497,before,-16.199,52.1376638,21.1616004,91.87,52.1376656,21.1616047,24,0.53,1.505,255,0.0,0.3357,0.0169,-0.0216,2.934,7.29,-5.1,-5.52,240.97,0.01,0.01,0.01,0.02,108415,999,3,0.24,0.05,0.02,0.03,48,4,-204,0,2.87,-0.13,0.0026,0.0143,33.46,38.29,27.8
703.597,before,-16.099,52.1376631,21.1615984,91.87,52.1376643,21.1616008,24,0.53,1.549,255,0.0,0.3356,0.0089,0.0243,2.97,7.284,-4.99,-5.43,241.03,0.01,0.01,0.02,0.01,108415,999,3,0.24,0.05,0.02,0.03,48,-34,-228,0,2.88,-0.12,0.0019,0.0106,34.45,35.47,27.5
703.697,before,-16.0,52.1376625,21.1615965,91.86,52.1376643,21.1616008,24,0.53,1.549,255,0.0,0.3358,0.0534,0.0481,2.926,7.277,-4.78,-5.26,241.04,0.03,0.01,0.04,0.01,108415,999,3,0.24,0.05,0.05,0.05,48,-8,-214,0,2.88,-0.15,0.0069,0.0167,34.97,36.2,25.74
703.797,before,-15.899,52.1376618,21.1615945,91.86,52.137663,21.1615969,24,0.53,1.497,255,0.0,0.5035,-0.0023,0.0596,2.868,7.272,-4.7,-4.76,240.98,0.03,0.01,0.01,0.01,108415,999,3,0.24,0.05,0.05,0.05,48,-37,-116,0,2.91,-0.09,0.005,0.0077,34.98,35.88,23.49
703.897,before,-15.8,52.1376611,21.1615926,91.85,52.137663,21.1615969,24,0.53,1.497,255,0.0,0.6715,0.0521,-0.0265,2.886,7.268,-4.64,-4.98,240.85,0.03,0.01,0.02,0.01,108415,999,3,0.24,0.05,-0.06,0.01,48,-4,-167,0,2.9,-0.05,0.0047,0.0097,35.65,34.86,24.46
703.997,before,-15.7,52.1376604,21.1615907,91.85,52.137663,21.1615969,24,0.53,1.497,255,0.0,0.5036,0.0209,0.0217,2.922,7.268,-4.46,-4.8,240.8,0.03,0.01,0.01,0.0,108415,999,3,0.24,0.05,-0.06,0.01,48,-23,283,0,2.92,-0.04,0.0034,0.0102,35.06,35.32,25.94
704.097,before,-15.599,52.1376597,21.1615888,91.86,52.1376617,21.1615931,24,0.53,1.515,255,0.0,0.5033,0.0105,-0.0486,2.956,7.271,-4.33,-4.9,240.7,0.02,0.02,0.02,0.01,108415,999,3,0.24,0.05,0.01,-0.02,48,-49,-175,0,2.92,-0.04,0.0031,0.0135,33.97,35.65,23.4
704.197,before,-15.499,52.137659,21.161587,91.86,52.1376617,21.1615931,24,0.53,1.515,255,0.1678,0.1678,0.0426,-0.0507,2.972,7.278,-4.08,-5.31,240.75,0.02,0.02,0.03,0.0,108415,999,3,0.24,0.05,0.01,-0.02,48,90,-67,0,2.95,-0.07,0.0044,0.0227,32.49,36.68,22.78
704.297,before,-15.4,52.1376584,21.1615852,91.87,52.1376602,21.1615893,24,0.53,1.511,255,0.0,0.3357,-0.0014,-0.0839,2.956,7.288,-3.94,-5.71,240.86,0.01,0.01,0.06,0.01,108415,999,3,0.24,0.05,0.03,0.02,48,-38,246,0,2.98,-0.06,0.0068,0.0365,33.19,33.62,25.07
704.397,before,-15.299,52.1376577,21.1615834,91.89,52.1376602,21.1615893,24,0.53,1.511,255,0.1679,0.6714,0.1019,0.0153,2.934,7.302,-3.49,-5.96,241.05,0.01,0.01,0.06,0.0,108415,999,3,0.24,0.05,0.03,0.02,48,-138,-108,0,3.01,-0.04,0.0087,0.0462,30.07,34.16,24.39
704.497,before,-15.2,52.137657,21.1615816,91.9,52.1376588,21.1615858,24,0.53,1.43,255,0.0,0.3357,0.015,-0.0143,2.916,7.315,-3.28,-5.89,241.25,0.02,0.01,0.02,0.02,108415,999,3,0.24,0.05,0.04,-0.06,48,46,-169,0,3.02,0.0,0.0095,0.0411,34.37,31.37,22.8
704.597,before,-15.099,52.1376563,21.1615798,91.91,52.1376588,21.1615858,24,0.53,1.43,255,0.0,0.5036,0.0119,-0.0692,2.89,7.328,-3.34,-6.18,241.38,0.02,0.01,0.01,0.01,108415,999,3,0.24,0.05,0.04,-0.06,48,149,387,0,3.02,0.01,0.0083,0.0367,36.11,32.21,23.91
704.697,before,-15.0,52.1376556,21.161578,91.92,52.1376574,21.1615823,24,0.53,1.451,255,0.1678,0.3356,0.0406,-0.0163,2.896,7.334,-3.1,-6.49,241.36,0.05,0.01,0.0,0.03,108415,999,3,0.24,0.05,-0.04,0.01,48,-58,-61,0,3.01,0.05,0.0038,0.0217,35.99,33.57,26.73
704.797,before,-14.899,52.1376549,21.1615762,91.92,52.1376561,21.1615786,24,0.53,1.5,255,0.0,0.3357,0.0029,-0.0319,2.88,7.338,-2.99,-6.54,241.28,0.05,0.01,0.01,0.02,108415,999,3,0.24,0.05,-0.04,0.01,48,-51,-10,0,3.02,0.05,0.0035,0.0212,36.63,30.46,25.75
704.897,before,-14.8,52.1376543,21.1615742,91.92,52.1376561,21.1615786,24,0.53,1.5,255,0.0,0.3356,-0.0497,0.0494,2.918,7.339,-3.15,-6.47,241.17,0.05,0.01,0.02,0.02,108415,999,3,0.24,0.05,-0.01,0.03,48,6,-172,0,3.01,0.03,0.003,0.0162,28.53,33.99,26.56
704.997,before,-14.699,52.1376536,21.1615723,91.92,52.1376561,21.1615786,24,0.53,1.5,255,0.0,0.5034,-0.0227,0.0626,2.908,7.338,-3.18,-5.77,241.12,0.05,0.01,0.06,0.01,108415,999,3,0.24,0.05,-0.01,0.03,48,-181,160,0,2.99,0.02,0.0019,0.0036,30.11,31.92,23.44
705.097,before,-14.6,52.1376529,21.1615703,91.92,52.1376547,21.1615747,24,0.53,1.6,255,0.0,0.3357,0.0009,0.0138,2.906,7.332,-3.35,-5.74,241.12,0.03,0.01,0.0,0.01,108415,999,3,0.24,0.05,0.03,0.03,48,23,171,0,2.98,0.0,0.0036,0.0067,31.35,32.29,20.88
705.197,before,-14.499,52.1376523,21.1615682,91.91,52.1376547,21.1615747,24,0.53,1.6,255,0.0,0.5036,0.0291,0.1561,2.866,7.324,-3.33,-4.98,241.14,0.03,0.01,0.06,0.01,108415,999,3,0.24,0.05,0.03,0.03,48,20,-267,0,2.96,-0.01,0.0039,0.0168,32.07,33.55,21.24
705.297,before,-14.4,52.1376516,21.1615662,91.9,52.1376533,21.1615706,24,0.53,1.578,255,0.0,0.3357,-0.0467,-0.0164,2.924,7.314,-3.39,-4.77,241.28,0.02,0.0,0.07,0.01,108415,999,3,0.24,0.05,-0.04,0.0,48,-28,364,0,2.95,-0.01,0.0043,0.0229,32.37,34.2,21.9
705.397,before,-14.299,52.1376509,21.1615641,91.89,52.1376519,21.1615666,24,0.53,1.635,255,0.0,0.3356,0.043,0.0015,2.94,7.306,-3.34,-4.77,241.28,0.02,0.0,0.01,0.01,108415,999,3,0.24,0.05,-0.04,0.0,48,-143,-213,0,2.94,-0.02,0.0022,0.0159,28.0,35.12,25.11
705.497,before,-14.199,52.1376502,21.1615621,91.88,52.1376519,21.1615666,24,0.53,1.635,255,0.0,0.5034,0.0035,0.0813,2.91,7.298,-3.04,-4.42,241.08,0.02,0.0,0.03,0.0,108415,999,3,0.24,0.05,0.05,-0.05,48,-66,-267,0,2.94,-0.07,0.0037,0.0152,30.78,33.17,19.15
705.597,before,-14.099,52.1376495,21.16156,91.88,52.1376519,21.1615666,24,0.53,1.635,255,0.0,0.5036,-0.0213,0.0301,2.922,7.291,-3.22,-4.27,240.95,0.02,0.0,0.03,0.04,108415,999,3,0.24,0.05,0.05,-0.05,48,36,-224,0,2.94,-0.06,0.0032,0.0141,33.94,30.93,22.89
705.697,before,-14.0,52.1376488,21.161558,91.87,52.1376505,21.1615625,24,0.53,1.601,255,0.0,0.6712,0.006,0.0839,2.93,7.286,-3.2,-3.66,241.01,0.02,0.0,0.0,0.01,108415,999,3,0.24,0.05,-0.02,0.0,48,13,-182,0,2.94,-0.06,0.0017,0.0098,27.95,33.34,26.18
705.797,before,-13.899,52.1376482,21.161556,91.87,52.1376491,21.1615584,24,0.53,1.582,255,0.0,0.3358,-0.1199,-0.0336,2.938,7.283,-3.51,-3.67,241.18,0.02,0.0,0.02,0.01,108415,999,3,0.24,0.05,-0.02,0.0,48,21,-212,0,2.94,-0.06,0.0012,0.0088,30.45,33.24,23.82
705.897,before,-13.8,52.1376475,21.161554,91.87,52.1376491,21.1615584,24,0.53,1.582,255,-0.1678,0.5035,-0.0211,-0.0196,2.992,7.283,-3.8,-3.8,241.27,0.02,0.01,0.0,0.01,108415,999,3,0.24,0.05,0.05,0.0,48,128,-172,0,2.95,-0.06,0.0044,0.0076,34.45,36.28,24.79
705.997,before,-13.7,52.1376468,21.161552,91.87,52.1376491,21.1615584,24,0.53,1.582,255,0.0,0.3358,0.0436,-0.0812,2.974,7.285,-3.71,-4.04,241.35,0.02,0.01,0.0,0.01,108415,999,3,0.24,0.05,0.05,0.0,48,11,-184,0,2.96,-0.08,0.0038,0.0079,31.06,36.56,20.38
706.097,before,-13.599,52.1376462,21.16155,91.87,52.1376478,21.1615544,24,0.53,1.565,255,0.0,0.5036,0.0175,0.0557,2.936,7.283,-3.56,-4.01,241.46,0.04,0.01,0.04,0.0,108415,999,3,0.24,0.05,-0.03,0.04,48,138,-149,0,2.96,-0.09,0.0043,0.0121,32.93,31.6,22.03
706.197,before,-13.499,52.1376455,21.161548,91.86,52.1376478,21.1615544,24,0.53,1.565,255,0.0,0.5034,-0.0302,-0.0156,2.95,7.279,-3.63,-3.89,241.61,0.04,0.01,0.01,0.01,108415,999,3,0.24,0.05,-0.03,0.04,48,7,-226,0,2.96,-0.06,0.0023,0.0061,34.96,29.71,23.54
706.297,before,-13.4,52.1376449,21.1615461,91.86,52.1376466,21.1615505,24,0.53,1.466,255,0.0,0.3357,0.0031,-0.0962,2.958,7.273,-3.65,-4.39,241.69,0.04,0.01,0.03,0.0,108415,999,3,0.24,0.05,-0.02,-0.05,48,2,-259,0,2.96,-0.07,0.0052,0.014,33.08,29.96,21.54
706.397,before,-13.299,52.1376443,21.1615442,91.85,52.1376466,21.1615505,24,0.53,1.466,255,0.0,0.5036,-0.0141,0.0544,2.926,7.266,-3.64,-4.24,241.73,0.04,0.01,0.02,0.0,108415,999,3,0.24,0.05,-0.02,-0.05,48,-11,-194,0,2.96,-0.07,0.0032,0.0101,33.49,29.47,22.96
706.497,before,-13.199,52.1376437,21.1615423,91.85,52.1376453,21.1615467,24,0.53,1.518,255,0.0,0.3358,-0.0066,-0.0179,2.948,7.262,-3.73,-4.16,241.73,0.03,0.0,0.01,0.01,108415,999,3,0.24,0.07,0.08,-0.01,48,-138,149,0,2.96,-0.06,0.0056,0.0064,34.27,27.98,22.31
706.597,before,-13.099,52.137643,21.1615404,91.84,52.1376439,21.161543,24,0.53,1.492,255,-0.1678,0.3357,0.0811,-0.1059,2.88,7.258,-3.64,-4.59,241.82,0.03,0.0,0.03,0.01,108415,999,3,0.24,0.07,0.08,-0.01,48,-7,-110,0,2.96,-0.04,0.0043,0.0076,31.88,30.96,20.36
706.697,before,-13.0,52.1376424,21.1615385,91.84,52.1376439,21.161543,24,0.53,1.492,255,0.0,0.3357,0.0307,0.0225,2.864,7.252,-3.24,-4.66,241.9,0.03,0.0,0.01,0.0,108415,999,3,0.24,0.07,0.02,0.01,48,-79,-332,0,2.95,0.0,0.0046,0.0098,30.43,30.91,20.79
706.797,before,-12.899,52.1376417,21.1615366,91.83,52.1376427,21.1615393,24,0.53,1.392,255,0.0,0.3357,0.0229,-0.0357,2.86,7.246,-3.21,-4.67,241.96,0.03,0.0,0.05,0.02,108415,999,3,0.24,0.06,0.02,0.01,48,-25,-47,0,2.94,0.0,0.0038,0.0135,29.25,29.64,27.12
706.897,before,-12.8,52.1376411,21.1615347,91.82,52.1376427,21.1615393,24,0.53,1.392,255,0.0,0.3357,-0.0644,0.041,2.858,7.239,-3.26,-4.64,242.1,0.04,0.0,0.0,0.0,108415,999,3,0.24,0.06,-0.1,-0.06,48,-10,30,0,2.94,0.0,0.0062,0.0095,27.96,32.79,24.04
706.997,before,-12.699,52.1376405,21.1615328,91.82,52.1376427,21.1615393,24,0.53,1.392,255,0.1679,0.1679,0.0996,-0.0388,2.896,7.235,-3.08,-4.57,242.16,0.04,0.0,0.03,0.02,108415,999,3,0.24,0.06,-0.1,-0.06,48,53,-220,0,2.93,0.0,0.0041,0.0086,30.61,33.25,21.39
707.097,before,-12.6,52.1376399,21.161531,91.82,52.1376416,21.1615355,24,0.53,1.476,255,0.0,0.1679,-0.0818,-0.0087,2.886,7.233,-3.22,-4.67,242.44,0.04,0.01,0.0,0.0,108415,999,3,0.24,0.07,-0.01,0.03,48,131,203,0,2.93,-0.02,0.0053,0.0106,33.06,26.9,22.53
707.197,before,-12.499,52.1376393,21.1615291,91.82,52.1376404,21.1615317,24,0.53,1.468,255,0.0,0.5038,-0.0068,-0.0389,2.914,7.234,-3.48,-4.82,242.7,0.04,0.01,0.0,0.01,108415,999,3,0.24,0.06,-0.01,0.03,48,38,-135,0,2.94,-0.01,0.0026,0.0051,34.34,27.03,29.63
707.297,before,-12.4,52.1376387,21.1615272,91.82,52.1376404,21.1615317,24,0.53,1.468,255,0.1679,0.3357,-0.0138,0.0077,2.908,7.237,-3.4,-4.9,242.95,0.02,0.0,0.0,0.01,108415,999,3,0.24,0.06,-0.03,-0.02,48,-46,30,0,2.95,-0.02,0.0043,0.0082,31.43,29.06,27.27
707.397,before,-12.299,52.1376381,21.1615252,91.83,52.1376391,21.1615278,24,0.53,1.547,255,0.0,0.3356,-0.0298,-0.0151,2.95,7.241,-3.64,-4.94,243.18,0.02,0.0,0.0,0.0,108415,999,3,0.24,0.07,-0.03,-0.02,48,-112,2,0,2.96,-0.02,0.0027,0.0077,31.91,28.38,28.41
707.497,before,-12.2,52.1376375,21.1615233,91.83,52.1376391,21.1615278,24,0.53,1.547,255,0.0,0.8394,-0.0355,0.0332,2.966,7.241,-3.83,-4.77,243.5,0.02,0.0,0.07,0.01,108415,999,3,0.24,0.07,0.06,0.0,48,22,303,0,2.95,-0.06,0.0031,0.0075,30.15,22.92,26.21
707.597,before,-12.099,52.1376368,21.1615214,91.83,52.1376377,21.1615239,24,0.53,1.56,255,0.0,0.3357,-0.0004,0.0329,2.984,7.24,-4.12,-4.57,243.83,0.02,0.0,0.0,0.02,108415,999,3,0.24,0.07,0.06,0.0,48,-127,-380,0,2.97,-0.08,0.003,0.0047,25.04,25.71,22.9
707.697,before,-12.0,52.1376362,21.1615194,91.82,52.1376377,21.1615239,24,0.53,1.56,255,0.0,0.3357,0.1025,0.0687,2.99,7.24,-3.78,-4.2,244.04,0.01,0.0,0.01,0.01,108415,999,3,0.24,0.07,0.04,0.02,48,-52,-222,0,2.97,-0.07,0.006,0.0098,22.02,28.09,17.25
707.797,before,-11.899,52.1376354,21.1615175,91.83,52.1376364,21.16152,24,0.53,1.532,255,0.1679,0.8393,0.1134,0.0369,2.986,7.241,-3.33,-3.8,244.37,0.01,0.0,0.0,0.0,108415,999,3,0.25,0.07,0.04,0.02,48,227,249,0,2.98,-0.08,0.005,0.0108,23.32,27.46,15.26
707.897,before,-11.799,52.1376348,21.1615156,91.83,52.1376364,21.16152,24,0.53,1.532,255,0.0,0.1678,0.0749,-0.029,2.982,7.242,-2.5,-3.91,244.71,0.01,0.0,0.02,0.03,108415,999,3,0.25,0.07,-0.02,0.01,48,-227,-168,0,2.99,-0.08,0.0034,0.0075,28.97,26.88,20.28
707.997,before,-11.699,52.1376341,21.1615136,91.83,52.1376364,21.16152,24,0.53,1.532,255,0.0,0.5036,-0.0239,-0.0327,2.946,7.245,-2.45,-4.03,244.73,0.01,0.0,0.0,0.03,108415,999,3,0.25,0.07,-0.02,0.01,48,-81,-168,0,3.0,-0.06,0.0028,0.0081,27.68,27.68,22.16
708.097,before,-11.6,52.1376334,21.1615118,91.83,52.137635,21.1615162,24,0.53,1.482,255,0.0,0.3355,-0.0543,0.0192,2.976,7.25,-2.76,-4.1,244.25,0.04,0.01,0.01,0.03,108415,999,3,0.25,0.08,0.0,-0.02,48,28,193,0,3.01,-0.03,0.0057,0.0152,28.2,27.06,22.79
708.197,before,-11.499,52.1376327,21.1615099,91.84,52.1376338,21.1615125,24,0.53,1.437,255,0.0,0.3357,-0.0081,-0.0277,3.01,7.257,-2.86,-4.0,243.74,0.04,0.01,0.0,0.02,108415,999,3,0.25,0.07,0.0,-0.02,48,-11,-213,0,3.02,-0.01,0.0051,0.0163,28.98,27.33,18.58
708.297,before,-11.399,52.1376321,21.1615081,91.85,52.1376338,21.1615125,24,0.53,1.437,255,0.1679,0.6715,0.0508,-0.0721,3.018,7.265,-2.54,-4.41,243.34,0.04,0.0,0.08,0.01,108415,999,3,0.25,0.07,0.0,-0.02,48,-100,-74,0,3.05,-0.04,0.0059,0.0301,28.12,29.09,17.23
708.397,before,-11.299,52.1376314,21.1615062,91.86,52.1376326,21.1615088,24,0.53,1.416,255,0.0,0.3357,0.0257,-0.071,3.014,7.279,-2.36,-4.74,242.95,0.04,0.0,0.05,0.02,108415,999,3,0.25,0.07,0.0,-0.02,48,-39,-102,0,3.07,-0.04,0.0075,0.0399,25.13,30.0,15.42
708.497,before,-11.2,52.1376308,21.1615044,91.88,52.1376326,21.1615088,24,0.53,1.416,255,0.0,0.6715,0.0462,-0.0095,3.02,7.295,-2.01,-4.92,242.56,0.04,0.01,0.03,0.02,108415,999,3,0.25,0.07,-0.07,-0.03,48,-64,-79,0,3.1,0.0,0.0112,0.0461,23.64,26.37,14.09
708.597,before,-11.099,52.1376301,21.1615025,91.89,52.1376313,21.1615051,24,0.53,1.476,255,0.0,0.5036,-0.0086,-0.0194,3.032,7.309,-2.03,-5.02,242.3,0.04,0.01,0.01,0.02,108415,999,3,0.25,0.08,-0.07,-0.03,48,-57,-128,0,3.11,0.0,0.0088,0.0393,27.49,20.82,18.56
708.697,before,-11.0,52.1376295,21.1615006,91.9,52.1376313,21.1615051,24,0.53,1.476,255,0.0,0.3356,0.0343,0.0425,3.03,7.319,-1.77,-4.99,242.26,0.02,0.01,0.01,0.0,108415,999,3,0.25,0.08,0.02,0.0,48,-35,-136,0,3.11,0.0,0.0069,0.0299,26.78,25.28,19.53
708.797,before,-10.899,52.1376288,21.1614987,91.91,52.13763,21.1615014,24,0.53,1.465,255,0.0,0.3357,-0.0675,0.0439,3.008,7.324,-2.02,-4.66,242.27,0.02,0.01,0.02,0.01,108415,999,3,0.25,0.08,0.02,0.0,48,15,-61,0,3.1,0.0,0.0042,0.0173,24.49,25.01,17.31
708.897,before,-10.8,52.1376282,21.1614968,91.91,52.13763,21.1615014,24,0.53,1.465,255,0.0,0.5035,0.0275,0.0576,2.992,7.323,-2.12,-4.53,242.2,0.07,0.0,0.04,0.01,108415,999,3,0.25,0.08,0.01,-0.03,48,29,328,0,3.1,0.0,0.0023,0.0138,27.75,25.36,19.81
708.997,before,-10.7,52.1376275,21.1614949,91.91,52.13763,21.1615014,24,0.53,1.465,255,0.0,0.5034,-0.0135,0.0512,2.994,7.324,-2.13,-4.13,242.02,0.07,0.0,0.0,0.01,108415,999,3,0.25,0.08,0.01,-0.03,48,-32,-49,0,3.1,0.02,0.0021,0.0117,24.34,28.84,16.35
709.097,before,-10.6,52.1376269,21.1614929,91.91,52.1376287,21.1614977,24,0.53,1.487,255,0.0,0.3356,0.0339,0.0485,2.986,7.328,-2.02,-4.01,241.76,0.03,0.02,0.06,0.0,108415,999,3,0.25,0.07,0.0,-0.02,48,-8,-172,0,3.11,0.02,0.005,0.0214,26.98,26.57,18.13
709.197,before,-10.499,52.1376263,21.161491,91.92,52.1376274,21.1614938,24,0.53,1.524,255,0.0,1.0066,0.0011,0.114,2.98,7.334,-1.85,-3.33,241.48,0.03,0.02,0.03,0.02,108415,999,3,0.26,0.07,0.0,-0.02,48,-53,417,0,3.11,0.04,0.0046,0.0252,25.6,25.5,16.68
709.297,before,-10.4,52.1376256,21.1614891,91.93,52.1376274,21.1614938,24,0.53,1.524,255,0.0,0.3357,-0.0479,-0.0999,2.984,7.349,-2.14,-3.56,241.2,0.0,0.0,0.13,0.01,108415,999,3,0.26,0.07,0.01,0.0,48,53,-2,0,3.15,0.08,0.0086,0.0513,25.27,28.33,15.89
709.397,before,-10.299,52.137625,21.1614872,91.96,52.1376261,21.16149,24,0.53,1.515,255,0.0,0.6712,0.0366,0.0557,3.0,7.373,-2.24,-3.59,240.99,0.0,0.0,0.12,0.01,108415,999,3,0.26,0.07,0.01,0.0,48,76,-74,0,3.18,0.11,0.0116,0.0659,27.26,30.1,16.51
709.497,before,-10.2,52.1376244,21.1614853,91.98,52.1376261,21.16149,24,0.53,1.515,255,0.0,0.3356,-0.0305,0.0342,2.996,7.398,-2.16,-3.29,240.72,0.01,0.0,0.06,0.02,108415,999,3,0.26,0.07,0.04,-0.02,48,-25,280,0,3.19,0.12,0.011,0.0604,26.12,29.67,16.23
709.597,before,-10.099,52.1376238,21.1614834,92.01,52.1376248,21.1614862,24,0.53,1.493,255,0.0,0.3355,-0.0513,0.0607,2.966,7.423,-2.48,-2.99,240.61,0.01,0.0,0.07,0.01,108415,999,3,0.26,0.07,0.04,-0.02,48,-67,-185,0,3.2,0.13,0.0108,0.0592,26.23,32.19,17.05
709.697,before,-10.0,52.1376232,21.1614815,92.02,52.1376248,21.1614862,24,0.53,1.493,255,0.0,0.3356,0.03,0.1147,2.974,7.439,-2.44,-2.4,240.51,0.05,0.0,0.03,0.0,108415,999,3,0.26,0.07,0.07,0.0,48,8,-224,0,3.18,0.13,0.0083,0.0393,29.21,30.23,18.61
709.797,before,-9.899,52.1376227,21.1614797,92.04,52.1376237,21.1614824,24,0.53,1.348,255,0.1678,0.5034,-0.0015,0.1774,2.944,7.454,-2.08,-1.49,240.62,0.05,0.0,0.03,0.01,108415,999,3,0.26,0.07,0.07,0.0,48,-67,-271,0,3.18,0.14,0.0069,0.0338,29.53,28.75,20.56
709.897,before,-9.8,52.1376222,21.1614779,92.05,52.1376237,21.1614824,24,0.53,1.348,255,-0.3357,1.0071,-0.0978,0.1612,2.926,7.463,-2.59,-0.58,240.66,0.06,0.0,0.02,0.0,108415,999,3,0.26,0.07,-0.08,-0.01,48,-170,420,0,3.17,0.15,0.0027,0.018,30.22,32.0,19.73
709.997,before,-9.699,52.1376217,21.1614762,92.05,52.1376237,21.1614824,24,0.53,1.348,255,-0.1679,0.5036,-0.0385,0.2729,2.94,7.47,-2.64,0.45,240.44,0.06,0.0,0.0,0.0,108415,999,3,0.26,0.07,-0.08,-0.01,48,111,-70,0,3.16,0.14,0.0015,0.0082,29.67,33.26,19.34
710.097,before,-9.6,52.1376213,21.1614746,92.06,52.1376228,21.1614788,24,0.53,1.306,255,-0.1678,0.3357,-0.2384,0.1149,2.942,7.476,-3.62,1.49,240.12,0.04,0.02,0.03,0.01,108415,999,3,0.26,0.07,-0.03,0.04,48,102,318,0,3.15,0.13,0.0061,0.0083,31.43,32.5,18.83
710.197,before,-9.499,52.1376209,21.1614731,92.07,52.137622,21.1614756,24,0.53,1.115,255,-0.1678,0.6714,0.0311,0.0565,2.944,7.483,-4.11,2.16,239.77,0.04,0.02,0.05,0.01,108415,999,3,0.26,0.07,-0.03,0.04,48,89,-172,0,3.15,0.14,0.0038,0.0125,30.65,34.56,20.91
710.297,before,-9.4,52.1376206,21.1614718,92.08,52.137622,21.1614756,24,0.53,1.115,255,0.0,0.3356,0.0631,0.0639,2.928,7.491,-3.65,2.3,239.9,0.03,0.0,0.06,0.01,108415,999,3,0.26,0.07,0.01,-0.08,48,105,166,0,3.16,0.16,0.0053,0.0199,31.02,30.88,19.75
710.397,before,-9.299,52.1376203,21.1614706,92.08,52.1376213,21.1614729,24,0.53,0.886,255,0.0,0.1678,-0.0023,0.0248,2.92,7.5,-3.6,2.86,240.12,0.03,0.0,0.0,0.0,108415,999,3,0.26,0.06,0.01,-0.08,48,4,-278,0,3.15,0.15,0.0031,0.01,27.81,33.63,21.77
710.497,before,-9.2,52.1376201,21.1614696,92.09,52.1376213,21.1614729,24,0.53,0.886,255,0.0,0.3357,-0.0074,0.0296,2.918,7.507,-3.42,2.78,240.47,0.03,0.0,0.02,0.0,108415,999,3,0.26,0.06,-0.09,-0.02,48,-9,-56,0,3.15,0.15,0.0076,0.0124,27.87,34.69,22.18
710.597,before,-9.099,52.1376199,21.1614688,92.1,52.1376213,21.1614729,24,0.53,0.886,255,0.0,0.3357,-0.0407,0.0372,2.934,7.514,-3.56,3.43,241.08,0.03,0.0,0.0,0.01,108415,999,3,0.26,0.06,-0.09,-0.02,48,48,-202,0,3.15,0.16,0.0046,0.0063,28.04,34.45,22.09
710.697,before,-9.0,52.1376198,21.1614681,92.1,52.1376208,21.1614708,24,0.53,0.635,255,0.0,0.1678,0.0695,-0.0683,2.936,7.515,-3.5,3.18,241.78,0.04,0.01,0.02,0.01,108415,999,3,0.26,0.07,-0.01,0.0,48,-99,195,0,3.12,0.14,0.0063,0.0173,30.5,31.38,24.88
710.797,before,-8.899,52.1376197,21.1614676,92.1,52.1376204,21.1614694,24,0.53,0.404,255,0.0,0.1678,-0.0621,-0.1135,2.928,7.513,-3.41,2.82,242.32,0.04,0.01,0.01,0.0,108415,999,3,0.27,0.07,-0.01,0.0,48,164,68,0,3.11,0.13,0.0042,0.0183,24.93,34.1,20.73
710.897,before,-8.8,52.1376197,21.1614672,92.1,52.1376204,21.1614694,24,0.53,0.404,255,0.0,0.0,0.0365,-0.1697,2.924,7.51,-3.76,1.92,243.01,0.03,0.0,0.03,0.0,108415,999,3,0.27,0.07,0.03,-0.07,48,91,-3,0,3.09,0.09,0.0075,0.0253,29.06,34.02,20.61
710.997,before,-8.699,52.1376196,21.161467,92.09,52.1376204,21.1614694,24,0.53,0.404,255,0.0,0.1678,-0.011,-0.0458,2.908,7.508,-3.63,1.67,243.67,0.03,0.0,0.0,0.0,108415,999,3,0.27,0.07,0.03,-0.07,48,-32,-298,0,3.08,0.09,0.0052,0.021,33.54,29.46,24.81
711.097,before,-8.599,52.1376196,21.1614668,92.09,52.1376202,21.1614685,24,0.53,0.256,255,0.0,-0.1678,0.0245,-0.2253,2.902,7.505,-3.86,0.63,244.08,0.06,0.01,0.01,0.01,108415,999,3,0.27,0.09,0.06,0.06,48,65,53,0,3.06,0.08,0.0108,0.0325,31.21,31.28,23.24
711.197,before,-8.499,52.1376196,21.1614667,92.09,52.1376202,21.161468,24,0.53,0.082,255,0.0,0.0,-0.0223,-0.1517,2.896,7.503,-3.56,-0.46,244.42,0.06,0.01,0.01,0.01,108415,999,3,0.27,0.07,0.06,0.06,48,-72,176,0,3.06,0.09,0.0077,0.022,32.45,32.13,23.13
711.297,before,-8.399,52.1376196,21.1614667,92.09,52.1376202,21.161468,24,0.53,0.082,255,0.0,0.0,-0.0239,-0.1446,2.886,7.504,-3.87,-1.05,244.69,0.02,0.01,0.03,0.02,108415,999,3,0.27,0.07,-0.03,0.0,48,67,104,0,3.07,0.09,0.0035,0.0107,27.69,26.47,20.97
711.397,before,-8.299,52.1376197,21.1614667,92.09,52.1376202,21.161468,24,0.53,0.082,255,0.0,-0.1679,-0.0089,-0.1834,2.874,7.508,-3.92,-2.15,244.86,0.02,0.01,0.0,0.01,108415,999,3,0.27,0.07,-0.03,0.0,48,24,38,0,3.07,0.1,0.0029,0.0109,27.75,27.16,21.22
711.497,before,-8.199,52.1376197,21.1614668,92.1,52.1376202,21.1614679,24,0.53,0.037,255,0.0,-0.1679,0.0132,-0.1325,2.872,7.514,-3.69,-2.91,245.11,0.02,0.0,0.01,0.02,108415,999,3,0.27,0.14,0.02,-0.04,48,96,136,0,3.07,0.12,0.0033,0.0035,23.1,29.48,19.69
711.597,before,-8.099,52.1376197,21.1614668,92.11,52.1376202,21.1614679,24,0.53,0.037,255,-0.1679,-0.1679,-0.0232,-0.0582,2.868,7.522,-3.98,-3.39,245.23,0.02,0.0,0.01,0.02,108415,999,3,0.27,0.14,0.02,-0.04,48,-10,-13,0,3.08,0.12,0.0024,0.0059,22.12,27.03,20.91
711.697,before,-8.0,52.1376197,21.1614669,92.12,52.1376202,21.161468,24,0.53,0.1,255,0.0,-0.1678,0.0001,-0.0279,2.864,7.534,-4.04,-3.61,245.33,0.05,0.0,0.0,0.0,108415,999,3,0.27,0.14,0.04,-0.05,48,19,72,0,3.09,0.13,0.0075,0.0088,23.56,25.5,19.84
711.797,before,-7.899,52.1376196,21.161467,92.13,52.1376202,21.1614681,24,0.53,0.04,255,0.0,0.0,0.0187,-0.0471,2.864,7.545,-4.12,-3.91,245.51,0.05,0.0,0.03,0.02,108415,999,3,0.27,0.15,0.04,-0.05,48,-14,51,0,3.08,0.14,0.0045,0.0089,26.67,26.31,20.31
711.897,before,-7.799,52.1376196,21.161467,92.14,52.1376202,21.1614681,24,0.53,0.04,255,0.1678,0.0,0.1342,0.0419,2.876,7.552,-3.5,-3.65,245.82,0.02,0.01,0.04,0.01,108415,999,3,0.27,0.15,-0.01,0.05,48,-77,-4,0,3.07,0.13,0.0033,0.0153,24.03,22.47,18.72
711.997,before,-7.699,52.1376195,21.161467,92.14,52.1376202,21.1614681,24,0.53,0.04,255,0.0,0.0,0.0507,-0.015,2.884,7.557,-3.11,-3.62,246.03,0.02,0.01,0.03,0.13,108415,999,3,0.27,0.15,-0.01,0.05,48,57,-11,0,3.07,0.11,0.0032,0.0203,23.3,22.35,17.44
712.097,before,-7.6,52.1376194,21.1614671,92.15,52.1376201,21.161468,24,0.53,0.163,255,0.1678,0.0,0.001,0.0115,2.886,7.561,-2.9,-3.82,246.15,0.04,0.01,0.0,0.1,108415,999,3,0.27,0.12,0.07,0.0,48,218,73,0,3.06,0.1,0.0075,0.0236,28.1,26.88,20.42
712.197,before,-7.499,52.1376193,21.1614671,92.15,52.1376201,21.161468,24,0.53,0.163,255,0.1678,0.1678,0.0175,0.0406,2.882,7.564,-2.97,-3.42,246.3,0.04,0.01,0.02,0.12,108415,999,3,0.27,0.12,0.07,0.0,48,-7,61,0,3.06,0.1,0.0057,0.0219,24.55,25.79,16.58
712.297,before,-7.4,52.1376192,21.161467,92.15,52.1376198,21.161468,24,0.53,0.157,255,0.1678,0.0,0.0581,0.0702,2.884,7.562,-2.68,-3.23,246.48,0.04,0.0,0.04,0.12,108415,999,3,0.27,0.12,0.04,0.04,48,-73,-26,0,3.05,0.09,0.0101,0.0333,21.98,27.13,17.94
712.397,before,-7.299,52.137619,21.161467,92.15,52.1376197,21.161468,24,0.53,0.041,255,0.0,0.0,0.0611,0.0248,2.898,7.561,-2.28,-2.86,246.69,0.04,0.0,0.01,0.13,108415,999,3,0.27,0.14,0.04,0.04,48,49,-84,0,3.05,0.08,0.0073,0.0271,24.77,27.12,20.39
712.497,before,-7.2,52.137619,21.1614669,92.14,52.1376197,21.161468,24,0.53,0.041,255,0.0,0.0,0.0192,-0.042,2.896,7.555,-2.2,-2.9,246.91,0.07,0.01,0.01,0.04,108415,999,3,0.27,0.14,-0.07,0.03,48,-21,157,0,3.04,0.06,0.0098,0.0329,26.5,27.75,18.79
712.597,before,-7.099,52.1376189,21.1614669,92.14,52.1376196,21.1614679,24,0.53,0.134,255,0.0,0.0,-0.0895,0.0058,2.904,7.552,-2.63,-3.03,247.23,0.07,0.01,0.0,0.03,108415,999,3,0.27,0.1,-0.07,0.03,48,-34,35,0,3.04,0.06,0.0065,0.0235,25.56,26.13,20.33
712.697,before,-7.0,52.1376189,21.1614668,92.13,52.1376196,21.1614679,24,0.53,0.134,255,0.0,0.0,0.0343,0.0251,2.902,7.547,-2.72,-2.73,247.52,0.04,0.01,0.03,0.02,108415,999,3,0.27,0.1,0.06,0.03,48,-112,-43,0,3.03,0.04,0.0086,0.0305,25.65,26.58,18.44
712.797,before,-6.899,52.1376188,21.1614668,92.13,52.1376196,21.1614679,24,0.53,0.134,255,0.1679,0.1679,0.0282,0.022,2.906,7.545,-2.57,-2.69,247.82,0.04,0.01,0.0,0.03,108415,999,3,0.27,0.1,0.06,0.03,48,-62,2,0,3.03,0.04,0.0056,0.0217,29.67,23.54,19.11
712.897,before,-6.8,52.1376187,21.1614667,92.13,52.1376194,21.1614676,24,0.53,0.12,255,0.0,0.0,-0.0644,0.0237,2.918,7.542,-2.93,-2.53,248.02,0.05,0.01,0.01,0.04,108415,999,3,0.27,0.09,0.02,0.05,48,32,-52,0,3.02,0.03,0.0093,0.0268,25.12,23.49,18.65
712.997,before,-6.699,52.1376187,21.1614666,92.12,52.1376194,21.1614676,24,0.53,0.12,255,0.1678,0.1678,0.0568,0.0409,2.918,7.54,-2.74,-2.16,248.21,0.05,0.01,0.03,0.02,108415,999,3,0.27,0.09,0.02,0.05,48,-38,-95,0,3.02,0.02,0.0065,0.0235,24.92,21.74,16.49
713.097,before,-6.6,52.1376186,21.1614665,92.12,52.1376192,21.1614675,24,0.53,0.117,255,0.0,0.0,0.0274,0.0146,2.922,7.536,-2.44,-2.11,248.29,0.03,0.01,0.04,0.01,108415,999,3,0.27,0.11,0.04,0.02,48,-98,-19,0,3.01,0.0,0.0088,0.0298,23.9,25.57,18.93
713.197,before,-6.499,52.1376186,21.1614664,92.12,52.1376192,21.1614675,24,0.53,0.117,255,0.0,0.1678,-0.0531,0.0714,2.93,7.532,-2.52,-1.58,248.36,0.03,0.01,0.02,0.01,108415,999,3,0.27,0.11,0.04,0.02,48,130,-133,0,3.01,0.01,0.0059,0.0241,22.72,23.57,16.1
713.297,before,-6.4,52.1376185,21.1614664,92.11,52.137619,21.1614674,24,0.53,0.138,255,0.0,0.0,-0.0194,-0.043,2.942,7.528,-2.71,-1.6,248.42,0.06,0.0,0.02,0.01,108415,999,3,0.27,0.12,0.05,-0.01,48,-1,160,0,3.02,0.01,0.0068,0.0172,22.42,23.53,14.7
713.397,before,-6.299,52.1376185,21.1614664,92.11,52.1376189,21.1614675,24,0.53,0.091,255,0.0,0.0,0.0917,-0.0246,2.94,7.528,-2.39,-1.62,248.51,0.06,0.0,0.01,0.03,108415,999,3,0.27,0.12,0.05,-0.01,48,-92,-21,0,3.02,0.0,0.0041,0.0118,22.71,28.24,18.3
713.497,before,-6.199,52.1376184,21.1614665,92.11,52.1376189,21.1614675,24,0.53,0.091,255,0.0,-0.3355,0.0398,-0.1409,2.944,7.528,-2.15,-2.26,248.58,0.02,0.0,0.02,0.02,108415,999,3,0.27,0.12,0.02,0.0,48,250,66,0,3.03,0.0,0.0033,0.0047,21.22,25.59,17.46
713.597,before,-6.099,52.1376184,21.1614665,92.11,52.1376189,21.1614676,24,0.53,0.072,255,0.0,-0.1679,0.0654,0.0305,2.946,7.53,-1.71,-2.63,248.73,0.02,0.0,0.02,0.0,108415,999,3,0.27,0.11,0.02,0.0,48,-84,-157,0,3.03,0.01,0.0022,0.0059,24.54,20.55,16.86
713.697,before,-5.999,52.1376184,21.1614665,92.11,52.1376189,21.1614676,24,0.53,0.072,255,0.0,0.0,-0.0807,0.0092,2.964,7.529,-1.87,-2.5,248.87,0.05,0.01,0.0,0.03,108415,999,3,0.27,0.11,-0.09,0.0,48,-33,-40,0,3.03,0.0,0.0062,0.009,28.5,22.11,16.33
713.797,before,-5.899,52.1376184,21.1614665,92.12,52.137619,21.1614677,24,0.53,0.054,255,0.0,0.0,-0.0815,0.0134,2.952,7.531,-2.37,-2.38,248.99,0.05,0.01,0.01,0.0,108415,999,3,0.27,0.13,-0.09,0.0,48,77,-7,0,3.04,0.0,0.0042,0.0051,24.66,22.37,15.29
713.897,before,-5.799,52.1376184,21.1614666,92.12,52.137619,21.1614677,24,0.53,0.054,255,0.0,0.0,-0.0458,0.0046,2.956,7.534,-2.63,-2.31,249.09,0.05,0.01,0.05,0.0,108415,999,3,0.27,0.13,-0.03,0.01,48,66,3,0,3.05,0.0,0.0058,0.0136,22.52,19.95,13.87
713.997,before,-5.699,52.1376185,21.1614666,92.12,52.137619,21.1614677,24,0.53,0.054,255,0.0,0.0,-0.0098,0.0057,2.964,7.537,-2.69,-2.22,249.24,0.05,0.01,0.04,0.02,108415,999,3,0.27,0.13,-0.03,0.01,48,6,1,0,3.05,0.01,0.0038,0.0048,25.02,23.16,16.79
714.097,before,-5.6,52.1376185,21.1614667,92.12,52.137619,21.1614679,24,0.53,0.068,255,0.0,-0.1679,0.0038,-0.0474,2.962,7.539,-2.81,-2.47,249.35,0.02,0.0,0.01,0.03,108415,999,3,0.27,0.1,0.05,0.0,48,16,65,0,3.05,0.0,0.002,0.0069,21.18,19.9,14.65
714.197,before,-5.499,52.1376185,21.1614668,92.13,52.137619,21.1614681,24,0.53,0.083,255,0.1678,-0.1678,0.0204,-0.0464,2.966,7.541,-2.72,-2.71,249.43,0.02,0.0,0.04,0.03,108415,999,3,0.28,0.07,0.05,0.0,48,-40,58,0,3.05,0.0,0.0014,0.0027,25.98,22.08,15.9
714.297,before,-5.4,52.1376186,21.1614669,92.12,52.137619,21.1614681,24,0.53,0.083,255,0.0,0.0,-0.027,0.0046,2.97,7.539,-2.67,-2.84,249.46,0.03,0.0,0.0,0.02,108415,999,3,0.28,0.07,0.0,-0.02,48,0,69,0,3.04,0.0,0.0026,0.0047,21.54,19.29,12.21
714.397,before,-5.299,52.1376186,21.1614669,92.12,52.137619,21.1614683,24,0.53,0.063,255,0.0,-0.1678,-0.0293,-0.0195,2.968,7.539,-2.93,-2.91,249.46,0.03,0.0,0.01,0.03,108415,999,3,0.28,0.11,0.0,-0.02,48,41,16,0,3.05,0.0,0.002,0.0038,16.86,18.96,11.25
714.497,before,-5.2,52.1376186,21.161467,92.12,52.137619,21.1614683,24,0.53,0.063,255,0.0,0.0,0.0617,0.0339,2.976,7.539,-2.71,-2.83,249.47,0.01,0.0,0.01,0.03,108415,999,3,0.28,0.11,0.04,0.0,48,23,-134,0,3.05,0.0,0.004,0.0083,18.23,19.98,12.12
714.597,before,-5.099,52.1376187,21.161467,92.13,52.137619,21.1614684,24,0.53,0.013,255,0.1678,0.0,-0.0044,-0.0477,2.976,7.543,-2.48,-2.96,249.53,0.01,0.0,0.0,0.04,108415,999,3,0.28,0.15,0.04,0.0,48,-68,6,0,3.06,0.0,0.0037,0.0107,25.07,22.53,13.39
714.697,before,-5.0,52.1376187,21.161467,92.14,52.137619,21.1614684,24,0.53,0.013,255,0.0,0.0,-0.0505,0.0635,2.982,7.553,-2.62,-2.92,249.44,0.01,0.0,0.1,0.02,108415,999,3,0.28,0.15,0.03,0.0,48,12,39,0,3.1,0.0,0.0086,0.0374,23.49,23.39,16.16
714.797,before,-4.899,52.1376187,21.161467,92.15,52.1376191,21.1614684,24,0.53,0.041,255,-0.1679,0.0,-0.0219,0.0516,2.976,7.569,-2.81,-2.48,249.26,0.01,0.0,0.05,0.02,108415,999,3,0.28,0.14,0.03,0.0,48,-100,68,0,3.12,0.05,0.0091,0.0426,21.96,19.98,15.48
714.897,before,-4.799,52.1376187,21.161467,92.17,52.1376191,21.1614684,24,0.53,0.041,255,0.0,0.0,-0.0113,0.0508,2.978,7.581,-2.76,-2.37,249.03,0.04,0.0,0.0,0.03,108415,999,3,0.28,0.14,0.0,0.0,48,-20,0,0,3.11,0.05,0.0042,0.0246,19.79,19.37,14.44
714.997,before,-4.699,52.1376188,21.161467,92.18,52.1376191,21.1614684,24,0.53,0.041,255,-0.1678,0.0,-0.0217,0.0712,2.968,7.591,-2.97,-1.83,248.89,0.04,0.0,0.02,0.03,108415,999,3,0.28,0.14,0.0,0.0,48,61,34,0,3.12,0.06,0.0046,0.0241,22.52,20.98,17.35
715.097,before,-4.599,52.1376188,21.1614669,92.19,52.1376191,21.1614684,24,0.53,0.045,255,0.0,0.0,-0.0164,-0.03,2.976,7.601,-3.14,-1.86,248.76,0.02,0.0,0.04,0.02,108415,999,3,0.28,0.07,0.03,0.04,48,57,188,0,3.13,0.08,0.0063,0.0281,22.51,21.24,15.96
715.197,before,-4.499,52.1376188,21.1614669,92.19,52.1376191,21.1614684,24,0.53,0.039,255,0.0,0.0,-0.036,0.0118,2.97,7.61,-3.19,-1.85,248.73,0.02,0.0,0.0,0.01,108415,999,3,0.28,0.13,0.03,0.04,48,28,24,0,3.13,0.08,0.0047,0.0201,22.08,22.5,14.45
715.297,before,-4.4,52.1376188,21.1614669,92.2,52.1376191,21.1614684,24,0.53,0.039,255,0.0,0.0,-0.003,-0.0451,2.976,7.618,-3.42,-1.98,248.66,0.02,0.0,0.03,0.04,108415,999,3,0.28,0.13,0.05,-0.05,48,53,-13,0,3.14,0.08,0.0078,0.0253,20.49,22.98,14.29
715.397,before,-4.299,52.1376188,21.1614669,92.21,52.1376191,21.1614685,24,0.53,0.049,255,0.1679,0.0,0.0363,-0.0025,2.968,7.626,-3.3,-2.06,248.68,0.02,0.0,0.01,0.01,108415,999,3,0.28,0.07,0.05,-0.05,48,-1,47,0,3.14,0.08,0.0053,0.016,21.85,20.36,17.15
715.497,before,-4.2,52.1376188,21.1614669,92.21,52.1376191,21.1614685,24,0.53,0.049,255,0.0,0.0,0.0605,-0.0013,2.96,7.626,-3.08,-2.1,248.81,0.02,0.0,0.05,0.02,108415,999,3,0.28,0.07,0.03,-0.04,48,-21,20,0,3.12,0.07,0.0063,0.0114,19.04,23.15,16.86
715.597,before,-4.099,52.1376188,21.161467,92.21,52.137619,21.1614686,24,0.53,0.121,255,0.1678,0.0,0.0113,0.0286,2.966,7.625,-2.93,-2.0,249.02,0.02,0.0,0.01,0.01,108415,999,3,0.28,0.13,0.03,-0.04,48,-30,7,0,3.12,0.07,0.0042,0.0077,23.33,20.58,16.53
715.697,before,-4.0,52.1376188,21.161467,92.21,52.137619,21.1614686,24,0.53,0.121,255,0.0,0.0,0.0325,-0.0589,2.958,7.627,-2.96,-2.04,249.08,0.04,0.0,0.05,0.02,108415,999,3,0.28,0.13,0.1,-0.02,48,49,-21,0,3.13,0.09,0.0105,0.0195,22.39,21.36,16.91
715.797,before,-3.899,52.1376188,21.161467,92.22,52.137619,21.1614686,24,0.53,0.121,255,0.0,0.0,0.0346,0.0363,2.96,7.631,-2.77,-2.23,249.17,0.04,0.0,0.0,0.01,108415,999,3,0.28,0.13,0.1,-0.02,48,-52,45,0,3.13,0.09,0.0069,0.0145,19.56,21.09,16.82
715.897,before,-3.8,52.1376187,21.161467,92.22,52.1376189,21.1614687,24,0.53,0.022,255,0.1678,0.0,0.137,0.0275,2.958,7.638,-2.31,-1.96,249.25,0.01,0.0,0.05,0.01,108415,999,3,0.28,0.13,0.0,0.01,48,-48,-52,0,3.14,0.1,0.005,0.0202,22.71,21.68,15.52
715.997,before,-3.699,52.1376187,21.161467,92.23,52.1376189,21.1614687,24,0.53,0.022,255,0.0,0.0,-0.0317,-0.0159,2.962,7.646,-2.18,-1.95,249.27,0.01,0.0,0.01,0.03,108415,999,3,0.28,0.13,0.0,0.01,48,40,-21,0,3.15,0.11,0.0041,0.018,22.57,21.45,15.64
716.097,before,-3.6,52.1376187,21.161467,92.24,52.1376189,21.1614687,24,0.53,0.034,255,0.0,0.0,0.037,0.0392,2.964,7.656,-2.18,-1.82,249.22,0.02,0.0,0.03,0.0,108415,999,3,0.28,0.14,0.0,0.0,48,23,-16,0,3.15,0.11,0.0028,0.0167,20.52,21.65,15.95
716.197,before,-3.499,52.1376186,21.161467,92.25,52.1376187,21.1614688,24,0.53,0.159,255,0.0,0.0,0.0237,0.0331,2.962,7.662,-2.02,-1.6,249.23,0.02,0.0,0.03,0.02,108415,999,3,0.28,0.13,0.0,0.0,48,-43,-42,0,3.14,0.1,0.0008,0.0036,21.98,20.07,14.44
716.297,before,-3.399,52.1376185,21.161467,92.25,52.1376187,21.1614688,24,0.53,0.159,255,0.0,0.1678,0.0367,0.1056,2.966,7.664,-1.86,-1.14,249.2,0.06,0.0,0.0,0.01,108415,999,3,0.28,0.13,0.13,-0.05,48,-42,-89,0,3.14,0.08,0.01,0.0151,20.73,19.36,15.09
716.397,before,-3.299,52.1376185,21.161467,92.25,52.1376185,21.1614688,24,0.53,0.108,255,0.0,0.0,-0.0109,-0.0661,2.964,7.667,-1.91,-0.95,249.15,0.06,0.0,0.02,0.01,108415,999,3,0.28,0.14,0.13,-0.05,48,-7,73,0,3.15,0.08,0.0061,0.01,21.27,18.5,14.92
716.497,before,-3.199,52.1376184,21.161467,92.26,52.1376185,21.1614688,24,0.53,0.108,255,0.1678,0.0,0.0397,-0.0016,2.966,7.674,-1.73,-1.08,248.9,0.03,0.0,0.01,0.0,108415,999,3,0.28,0.14,0.06,0.0,48,-47,-6,0,3.16,0.11,0.0085,0.0152,21.01,21.73,15.37
716.597,before,-3.099,52.1376183,21.1614671,92.27,52.1376184,21.1614688,24,0.53,0.037,255,0.0,0.0,-0.0004,0.0142,2.962,7.686,-1.58,-1.08,248.48,0.03,0.0,0.1,0.01,108415,999,3,0.29,0.14,0.06,0.0,48,-53,-15,0,3.19,0.14,0.0079,0.0321,19.32,22.51,16.44
716.697,before,-2.999,52.1376183,21.1614671,92.29,52.1376184,21.1614688,24,0.53,0.037,255,0.0,0.0,-0.0476,0.0816,2.964,7.703,-1.69,-0.77,248.18,0.01,0.0,0.04,0.0,108415,999,3,0.29,0.14,0.0,-0.01,48,0,157,0,3.2,0.16,0.0081,0.0357,22.31,23.46,18.11
716.797,before,-2.899,52.1376183,21.1614671,92.3,52.1376184,21.1614688,24,0.53,0.037,255,0.0,0.0,0.1118,-0.0847,2.962,7.72,-1.48,-0.88,247.91,0.01,0.0,0.03,0.02,108415,999,3,0.29,0.14,0.0,-0.01,48,65,-59,0,3.22,0.16,0.007,0.0322,22.67,24.64,20.84
716.897,before,-2.799,52.1376183,21.1614671,92.32,52.1376185,21.1614688,24,0.53,0.037,255,0.0,0.0,-0.1692,-0.0111,2.96,7.737,-1.81,-1.3,247.63,0.02,0.0,0.08,0.0,108415,999,3,0.29,0.14,0.0,0.0,48,-29,120,0,3.23,0.19,0.0068,0.0366,25.59,26.91,22.53
716.997,before,-2.7,52.1376183,21.1614671,92.34,52.1376185,21.1614688,24,0.53,0.037,255,0.0,-0.1678,0.1173,-0.111,2.954,7.756,-2.01,-1.58,247.3,0.02,0.0,0.09,0.0,108415,999,3,0.29,0.14,0.0,0.0,48,15,2,0,3.26,0.19,0.0088,0.046,22.99,30.66,18.06
717.097,before,-2.6,52.1376183,21.1614671,92.36,52.1376186,21.1614688,24,0.53,0.12,255,0.0,0.0,-0.1286,0.0068,2.948,7.775,-2.06,-1.89,247.01,0.05,0.0,0.03,0.01,108415,999,3,0.29,0.14,-0.03,-0.01,48,-52,-44,0,3.26,0.22,0.0068,0.0267,23.19,26.6,19.94
717.197,before,-2.499,52.1376184,21.1614671,92.38,52.1376186,21.1614688,24,0.53,0.12,255,0.0,0.0,0.0173,-0.0108,2.938,7.792,-2.26,-2.07,246.66,0.05,0.0,0.1,0.02,108415,999,3,0.29,0.14,-0.03,-0.01,48,-79,49,0,3.29,0.22,0.0079,0.0401,25.57,27.26,21.32
717.297,before,-2.399,52.1376185,21.1614671,92.4,52.1376188,21.1614688,24,0.53,0.059,255,-0.1679,0.0,-0.0394,0.0029,2.928,7.811,-2.26,-1.91,246.49,0.02,0.0,0.07,0.01,108415,999,3,0.29,0.14,0.02,-0.01,48,10,-48,0,3.3,0.27,0.0064,0.0374,23.22,26.67,16.87
717.397,before,-2.299,52.1376186,21.161467,92.42,52.1376189,21.1614688,24,0.53,0.09,255,-0.1679,0.0,-0.0795,0.0611,2.926,7.833,-2.44,-1.76,246.57,0.02,0.0,0.1,0.01,108415,999,3,0.29,0.13,0.02,-0.01,48,16,0,0,3.32,0.27,0.0084,0.0472,25.97,29.01,19.83
717.497,before,-2.2,52.1376186,21.1614669,92.44,52.1376189,21.1614688,24,0.53,0.09,255,-0.1678,0.1678,-0.0699,0.0469,2.92,7.86,-2.92,-1.34,246.69,0.02,0.0,0.11,0.03,108415,999,3,0.29,0.13,0.0,-0.05,48,127,-98,0,3.35,0.34,0.0115,0.0563,26.86,28.71,18.6
717.597,before,-2.099,52.1376187,21.1614668,92.47,52.1376191,21.1614685,24,0.53,0.141,255,-0.3356,0.0,-0.132,0.0457,2.932,7.885,-3.49,-1.05,246.84,0.02,0.0,0.01,0.01,108415,999,3,0.29,0.1,0.0,-0.05,48,93,-51,0,3.35,0.34,0.0077,0.0361,27.01,26.32,19.69
717.697,before,-2.0,52.1376188,21.1614667,92.49,52.1376191,21.1614685,24,0.53,0.141,255,0.0,0.0,0.0538,-0.0081,2.922,7.907,-3.64,-0.92,246.89,0.01,0.0,0.12,0.02,108415,999,3,0.29,0.1,-0.02,0.01,48,3,-67,0,3.38,0.38,0.0094,0.0473,26.43,26.29,19.23
717.797,before,-1.899,52.1376189,21.1614666,92.52,52.1376193,21.1614682,24,0.53,0.161,255,0.0,0.1679,-0.1051,0.1133,2.926,7.93,-3.53,-0.42,246.84,0.01,0.0,0.01,0.02,108415,999,3,0.29,0.12,-0.02,0.01,48,-60,-38,0,3.38,0.38,0.0067,0.0306,25.59,31.53,21.8
717.897,before,-1.8,52.1376189,21.1614664,92.53,52.1376193,21.1614682,24,0.53,0.161,255,0.0,0.0,-0.0315,-0.0365,2.934,7.945,-4.1,-0.32,246.66,0.04,0.0,0.01,0.01,108415,999,3,0.29,0.12,0.01,0.01,48,15,77,0,3.37,0.37,0.0029,0.012,22.83,29.15,19.92
717.997,before,-1.699,52.137619,21.1614663,92.54,52.1376193,21.1614682,24,0.53,0.161,255,0.1678,0.3357,0.0406,0.1798,2.924,7.957,-3.79,0.12,246.42,0.04,0.0,0.0,0.0,108415,999,3,0.29,0.12,0.01,0.01,48,-176,15,0,3.37,0.37,0.0028,0.0052,27.91,28.42,20.36
718.097,before,-1.6,52.137619,21.1614663,92.55,52.1376194,21.1614679,24,0.53,0.063,255,-0.1678,0.0,-0.0442,-0.0252,2.916,7.963,-4.18,0.4,246.33,0.04,0.0,0.01,0.01,108415,999,3,0.29,0.12,0.04,-0.02,48,74,36,0,3.36,0.36,0.0029,0.0085,22.27,30.17,20.77
718.197,before,-1.499,52.137619,21.1614663,92.55,52.1376194,21.1614679,24,0.53,0.063,255,0.0,0.0,0.0272,-0.043,2.904,7.966,-4.26,0.13,246.58,0.04,0.0,0.01,0.0,108415,999,3,0.29,0.12,0.04,-0.02,48,60,49,0,3.35,0.36,0.0032,0.0162,26.84,24.21,15.23
718.297,before,-1.4,52.137619,21.1614663,92.55,52.1376194,21.1614678,24,0.53,0.026,255,0.0,0.0,0.1683,0.0226,2.9,7.963,-3.53,0.08,247.02,0.05,0.0,0.02,0.0,108415,999,3,0.29,0.13,0.02,-0.03,48,-87,-125,0,3.32,0.34,0.0081,0.0342,26.41,22.47,19.96
718.397,before,-1.299,52.137619,21.1614664,92.55,52.1376196,21.1614679,24,0.53,0.122,255,0.0,-0.1679,0.0062,-0.0635,2.888,7.962,-3.21,-0.09,247.4,0.05,0.0,0.02,0.01,108415,999,3,0.29,0.11,0.02,-0.03,48,-72,26,0,3.32,0.34,0.0048,0.0237,26.11,25.13,21.02
718.497,before,-1.2,52.1376191,21.1614666,92.55,52.1376196,21.1614679,24,0.53,0.122,255,0.0,0.0,0.0163,-0.0413,2.878,7.963,-3.37,-0.06,247.73,0.05,0.0,0.01,0.02,108415,999,3,0.29,0.11,-0.11,-0.04,48,-117,-193,0,3.31,0.34,0.0107,0.0256,25.92,25.85,19.68
718.597,before,-1.099,52.1376192,21.1614666,92.55,52.1376197,21.1614683,24,0.53,0.147,255,0.1678,-0.1678,0.084,-0.1598,2.872,7.97,-2.89,-0.93,248.26,0.05,0.0,0.07,0.0,108415,999,3,0.3,0.1,-0.11,-0.04,48,-93,190,0,3.34,0.35,0.0067,0.009,21.63,27.35,19.4
718.697,before,-0.999,52.1376192,21.1614669,92.57,52.1376197,21.1614683,24,0.53,0.147,255,0.0,-0.3356,0.0137,-0.1246,2.856,7.986,-2.67,-1.54,248.69,0.03,0.0,0.09,0.01,108415,999,3,0.3,0.1,0.05,-0.06,48,74,-1,0,3.36,0.4,0.0069,0.0212,24.67,27.67,18.82
718.797,before,-0.899,52.1376192,21.1614671,92.59,52.1376197,21.1614687,24,0.53,0.108,255,-0.3356,-0.1678,-0.1425,-0.0891,2.854,8.008,-3.39,-2.07,249.12,0.03,0.0,0.07,0.01,108415,999,3,0.3,0.08,0.05,-0.06,48,37,177,0,3.38,0.44,0.0064,0.0266,22.87,30.39,19.76
718.897,before,-0.799,52.1376193,21.1614673,92.62,52.1376197,21.1614687,24,0.53,0.108,255,0.0,-0.1679,0.0712,-0.0707,2.846,8.034,-3.21,-2.43,249.51,0.02,0.01,0.11,0.01,108415,999,3,0.3,0.08,-0.03,0.01,48,19,108,0,3.41,0.47,0.0083,0.0376,22.35,30.81,22.48
718.997,before,-0.699,52.1376194,21.1614674,92.65,52.1376197,21.1614687,24,0.53,0.108,255,0.0,0.0,-0.1024,-0.0004,2.832,8.061,-3.5,-2.56,249.83,0.02,0.01,0.06,0.03,108415,999,3,0.3,0.08,-0.03,0.01,48,37,74,0,3.43,0.51,0.0077,0.0355,24.18,27.66,20.8
719.097,before,-0.599,52.1376195,21.1614675,92.67,52.13762,21.1614689,24,0.53,0.179,255,0.0,0.0,-0.0382,0.0291,2.83,8.088,-3.77,-2.61,249.97,0.04,0.01,0.05,0.0,108415,999,3,0.3,0.11,-0.09,0.0,48,-89,52,0,3.44,0.52,0.012,0.0296,23.88,27.33,19.63
719.197,before,-0.499,52.1376196,21.1614676,92.7,52.1376203,21.1614689,24,0.53,0.124,255,-0.1678,0.0,-0.0921,0.0234,2.83,8.111,-4.29,-2.29,250.0,0.04,0.01,0.0,0.03,108415,999,3,0.3,0.14,-0.09,0.0,48,-33,-49,0,3.43,0.52,0.0081,0.0139,21.54,24.35,16.59
719.297,before,-0.4,52.1376197,21.1614675,92.71,52.1376203,21.1614689,24,0.53,0.124,255,-0.3356,0.0,-0.0314,0.0384,2.832,8.124,-4.58,-2.2,249.9,0.06,0.01,0.01,0.01,108415,999,3,0.3,0.14,0.02,0.08,48,106,173,0,3.42,0.51,0.0094,0.0153,20.6,21.04,16.1
719.397,before,-0.299,52.1376198,21.1614675,92.72,52.1376205,21.1614688,24,0.53,0.088,255,0.0,0.1678,-0.0697,0.0554,2.832,8.138,-4.88,-1.83,249.79,0.06,0.01,0.01,0.01,108415,999,3,0.3,0.12,0.02,0.08,48,-111,-55,0,3.43,0.52,0.0069,0.0131,24.5,23.88,20.65
719.497,before,-0.2,52.1376199,21.1614674,92.74,52.1376205,21.1614688,24,0.53,0.088,255,-0.1678,0.0,-0.0255,0.0205,2.824,8.151,-5.04,-1.71,249.7,0.02,0.01,0.0,0.01,108415,999,3,0.3,0.12,-0.01,0.03,48,-103,-30,0,3.43,0.54,0.0081,0.0163,24.18,25.85,16.66
719.597,before,-0.099,52.13762,21.1614673,92.75,52.1376207,21.1614686,24,0.53,0.092,255,0.0,0.0,-0.0305,0.0245,2.818,8.164,-5.21,-1.51,249.68,0.02,0.01,0.01,0.0,108415,1507,3,0.3,0.11,-0.01,0.03,48,-109,-42,0,3.44,0.54,0.0059,0.0136,24.14,24.0,20.81
719.697,flow_only,0.001,52.1376201,21.1614672,92.76,52.1376207,21.1614686,24,0.53,0.092,255,0.0,0.0,0.0051,-0.0386,2.816,8.176,-5.22,-1.49,249.83,0.01,0.01,0.0,0.02,108415,1507,3,0.3,0.11,-0.03,0.03,48,7,-37,0,3.43,0.54,0.0081,0.0198,25.55,25.35,17.69
719.797,flow_only,0.101,52.1376201,21.1614672,92.77,52.1376208,21.1614684,24,0.53,0.09,255,0.0,0.0,-0.0235,-0.0126,2.816,8.187,-5.38,-1.54,250.01,0.01,0.01,0.0,0.0,108415,1507,3,0.3,0.13,-0.03,0.03,48,24,13,0,3.43,0.54,0.0058,0.0212,24.19,27.49,19.35
719.897,flow_only,0.201,52.1376201,21.1614672,92.78,52.1376208,21.1614684,24,0.53,0.09,255,0.1678,0.1678,0.0593,0.0669,2.812,8.198,-5.05,-1.27,250.25,0.01,0.01,0.0,0.0,108415,1507,3,0.3,0.13,-0.03,0.03,48,-65,-66,0,3.42,0.54,0.0043,0.0216,21.75,25.54,20.51
719.997,flow_only,0.301,52.1376201,21.1614671,92.8,52.1376208,21.1614684,24,0.53,0.09,255,0.0,0.0,0.0023,-0.0283,2.824,8.21,-5.03,-1.13,250.59,0.01,0.01,0.01,0.01,108415,1507,3,0.3,0.13,-0.03,0.03,48,-44,-58,0,3.43,0.55,0.0044,0.0165,23.69,21.85,15.71
720.097,flow_only,0.401,52.1376201,21.1614671,92.81,52.1376208,21.1614684,24,0.53,0.014,255,0.0,0.0,0.0285,-0.0136,2.816,8.225,-4.79,-1.25,251.0,0.01,0.01,0.0,0.01,108415,1507,3,0.3,0.14,-0.03,0.03,48,-19,37,0,3.44,0.55,0.0033,0.0165,20.71,24.49,18.36
720.197,flow_only,0.501,52.1376201,21.1614671,92.83,52.1376208,21.1614684,24,0.53,0.09,255,0.0,0.0,-0.0315,-0.0021,2.832,8.242,-4.84,-1.12,251.32,0.01,0.01,0.04,0.01,108415,1507,3,0.3,0.13,-0.03,0.03,48,-29,-196,0,3.46,0.56,0.0095,0.0124,23.02,25.64,16.76
720.297,flow_only,0.6,52.13762,21.161467,92.85,52.1376208,21.1614684,24,0.53,0.09,255,0.0,0.1679,0.0477,0.0599,2.836,8.262,-4.52,-0.94,251.47,0.01,0.01,0.02,0.01,108415,1507,3,0.3,0.13,-0.03,0.03,48,-42,-4,0,3.48,0.56,0.0049,0.0072,22.01,26.37,18.21
720.397,flow_only,0.701,52.13762,21.161467,92.87,52.1376206,21.1614684,24,0.53,0.104,255,0.0,0.0,0.01,-0.0205,2.854,8.281,-4.4,-0.7,251.47,0.01,0.01,0.01,0.01,108415,1507,3,0.3,0.14,-0.03,0.03,48,136,66,0,3.48,0.58,0.0019,0.0048,20.85,22.41,17.83
720.497,flow_only,0.8,52.13762,21.161467,92.89,52.1376206,21.1614684,24,0.53,0.104,255,0.0,0.0,0.0201,0.0359,2.856,8.301,-4.26,-0.69,251.41,0.01,0.01,0.02,0.02,108415,1507,3,0.3,0.14,-0.03,0.03,48,-31,4,0,3.5,0.56,0.0084,0.0133,22.7,20.62,17.88
720.597,flow_only,0.901,52.1376199,21.1614669,92.91,52.1376206,21.1614684,24,0.53,0.05,255,0.0,0.0,-0.0284,-0.0224,2.864,8.322,-4.45,-0.59,251.3,0.01,0.01,0.04,0.01,108415,1507,3,0.3,0.12,-0.03,0.03,48,27,-47,0,3.52,0.59,0.0068,0.0127,25.05,25.89,18.58
720.697,flow_only,1.0,52.1376198,21.1614669,92.93,52.1376206,21.1614684,24,0.53,0.05,255,0.0,0.0,0.0639,0.0162,2.858,8.344,-4.26,-0.66,251.18,0.01,0.01,0.04,0.01,108415,1507,3,0.3,0.12,-0.03,0.03,48,-41,28,0,3.53,0.6,0.0055,0.0148,24.61,27.0,19.81
720.797,flow_only,1.101,52.1376198,21.1614669,92.95,52.1376205,21.1614686,24,0.53,0.101,255,0.0,-0.1678,0.0425,-0.0481,2.862,8.366,-4.11,-0.86,250.95,0.01,0.01,0.03,0.0,108415,1507,3,0.3,0.12,-0.03,0.03,48,-79,-12,0,3.55,0.61,0.0044,0.0144,24.19,23.31,19.47
720.897,flow_only,1.201,52.1376197,21.161467,92.97,52.1376205,21.1614686,24,0.53,0.101,255,0.0,0.0,-0.0377,-0.0197,2.866,8.39,-3.98,-1.14,250.76,0.01,0.01,0.05,0.0,108415,1507,3,0.3,0.12,-0.03,0.03,48,101,60,0,3.57,0.64,0.0085,0.0224,25.05,23.85,19.0
720.997,flow_only,1.301,52.1376197,21.1614671,93.0,52.1376205,21.1614686,24,0.53,0.101,255,0.0,0.0,0.0191,-0.0479,2.856,8.413,-4.06,-1.27,250.73,0.01,0.01,0.02,0.01,108415,1507,3,0.3,0.12,-0.03,0.03,48,34,-119,0,3.59,0.64,0.0084,0.0191,24.5,26.35,18.04
721.097,flow_only,1.4,52.1376196,21.1614673,93.02,52.1376204,21.1614688,24,0.53,0.139,255,0.0,-0.1678,-0.0001,-0.0769,2.856,8.436,-3.85,-1.69,250.81,0.01,0.01,0.06,0.03,108415,1507,3,0.3,0.09,-0.03,0.03,48,-87,78,0,3.62,0.66,0.0072,0.0242,23.9,30.44,22.2
721.197,flow_only,1.501,52.1376196,21.1614674,93.05,52.1376204,21.1614688,24,0.53,0.139,255,0.1678,0.0,0.0225,-0.0634,2.84,8.464,-3.75,-2.14,250.84,0.01,0.01,0.08,0.03,108415,1507,3,0.3,0.09,-0.03,0.03,48,-19,106,0,3.64,0.71,0.0085,0.0324,23.43,27.97,21.62
721.297,flow_only,1.6,52.1376195,21.1614676,93.08,52.1376203,21.1614691,24,0.53,0.083,255,0.0,0.0,-0.0087,0.0333,2.83,8.491,-3.67,-2.16,250.93,0.01,0.01,0.04,0.01,108415,1507,3,0.3,0.1,-0.03,0.03,48,-41,-118,0,3.65,0.74,0.0119,0.0328,23.65,26.94,23.0
721.397,flow_only,1.701,52.1376195,21.1614678,93.1,52.1376202,21.1614693,24,0.53,0.087,255,0.0,0.0,0.0392,-0.1094,2.828,8.518,-3.64,-2.33,251.02,0.01,0.01,0.04,0.01,108415,1507,3,0.3,0.1,-0.03,0.03,48,-10,23,0,3.66,0.75,0.0073,0.0249,23.82,28.55,16.1
721.497,flow_only,1.801,52.1376194,21.1614679,93.13,52.1376202,21.1614693,24,0.53,0.087,255,0.1678,-0.1678,0.0221,-0.0246,2.822,8.542,-3.43,-2.76,251.17,0.01,0.01,0.02,0.02,108415,1507,3,0.3,0.1,-0.03,0.03,48,-55,-48,0,3.67,0.77,0.007,0.0172,24.11,27.26,19.39
721.597,flow_only,1.901,52.1376194,21.1614679,93.15,52.1376201,21.1614695,24,0.53,0.105,255,0.0,0.0,-0.0384,0.0028,2.816,8.563,-3.61,-2.73,251.27,0.01,0.01,0.01,0.02,108415,1507,3,0.3,0.09,-0.03,0.03,48,8,9,0,3.67,0.77,0.0063,0.0125,25.33,24.73,21.64
721.697,flow_only,2.001,52.1376194,21.1614679,93.17,52.1376201,21.1614695,24,0.53,0.105,255,0.0,0.0,-0.0142,0.0661,2.81,8.582,-3.64,-2.55,251.41,0.01,0.01,0.02,0.01,108415,1507,3,0.3,0.09,-0.03,0.03,48,27,10,0,3.68,0.8,0.0044,0.0099,24.08,27.4,18.35
721.797,flow_only,2.101,52.1376194,21.1614679,93.19,52.1376201,21.1614696,24,0.53,0.07,255,0.0,0.0,0.0239,0.0427,2.8,8.601,-3.7,-2.28,251.49,0.01,0.01,0.01,0.02,108415,1507,3,0.3,0.13,-0.03,0.03,48,10,-67,0,3.68,0.8,0.0028,0.0046,24.55,26.78,15.96
721.897,flow_only,2.201,52.1376193,21.1614678,93.2,52.1376201,21.1614696,24,0.53,0.07,255,0.0,0.0,-0.005,0.0246,2.794,8.617,-3.65,-2.06,251.58,0.01,0.01,0.01,0.03,108415,1507,3,0.3,0.13,-0.03,0.03,48,-19,-65,0,3.68,0.8,0.0023,0.0068,24.19,26.34,14.92
721.997,flow_only,2.3,52.1376192,21.1614678,93.22,52.1376201,21.1614696,24,0.53,0.07,255,-0.1678,0.3357,0.0119,0.0952,2.792,8.633,-3.68,-1.71,251.69,0.01,0.01,0.01,0.01,108415,1507,3,0.3,0.13,-0.03,0.03,48,8,130,0,3.67,0.8,0.0121,0.0252,24.6,26.72,13.31
722.097,flow_only,2.401,52.1376191,21.1614677,93.23,52.13762,21.1614696,24,0.53,0.071,255,0.1678,0.0,0.0393,0.0201,2.796,8.644,-3.55,-1.4,251.86,0.01,0.01,0.05,0.02,108415,1507,3,0.3,0.13,-0.03,0.03,48,-16,241,0,3.65,0.79,0.0185,0.0463,25.04,25.69,12.73
722.197,flow_only,2.501,52.1376191,21.1614676,93.24,52.13762,21.1614695,24,0.53,0.07,255,0.0,0.1678,0.0288,0.0796,2.786,8.653,-3.42,-1.01,252.19,0.01,0.01,0.0,0.03,108415,1507,3,0.3,0.11,-0.03,0.03,48,-35,92,0,3.66,0.79,0.0172,0.0423,25.84,25.0,16.11
722.297,flow_only,2.601,52.137619,21.1614673,93.25,52.13762,21.1614695,24,0.53,0.07,255,0.0,0.1678,0.0277,0.0263,2.788,8.661,-3.27,-0.71,252.48,0.01,0.01,0.04,0.02,108415,1507,3,0.3,0.11,-0.03,0.03,48,-28,-87,0,3.64,0.78,0.0123,0.0433,21.43,27.05,19.32
722.397,flow_only,2.701,52.137619,21.1614671,93.25,52.13762,21.1614693,24,0.53,0.066,255,0.0,0.1678,-0.0059,-0.0176,2.782,8.667,-3.3,-0.67,252.73,0.01,0.01,0.01,0.02,108415,1507,3,0.3,0.12,-0.03,0.03,48,-8,133,0,3.63,0.78,0.016,0.0472,24.41,24.82,16.61
722.497,flow_only,2.801,52.137619,21.1614668,93.25,52.13762,21.1614693,24,0.53,0.066,255,0.0,0.0,-0.049,0.0292,2.788,8.669,-3.44,-0.6,252.74,0.01,0.01,0.07,0.02,108415,1507,3,0.3,0.12,-0.03,0.03,48,33,-16,0,3.6,0.75,0.0213,0.0667,24.08,23.33,18.56
722.597,flow_only,2.901,52.1376189,21.1614665,93.25,52.13762,21.1614693,24,0.53,0.066,255,0.0,0.0,-0.0583,0.0155,2.782,8.667,-3.79,-0.48,252.54,0.01,0.01,0.04,0.02,108415,1507,3,0.3,0.12,-0.03,0.03,48,60,130,0,3.58,0.72,0.0242,0.0734,25.73,25.99,18.27
722.697,flow_only,3.001,52.1376189,21.1614663,93.25,52.13762,21.1614691,24,0.53,0.034,255,0.0,0.0,-0.0528,0.0653,2.788,8.664,-4.08,-0.23,252.33,0.01,0.01,0.05,0.03,108415,1507,3,0.3,0.12,-0.03,0.03,48,53,-60,0,3.57,0.72,0.0155,0.0651,24.05,21.98,20.5
722.797,flow_only,3.101,52.1376189,21.1614662,93.24,52.1376201,21.161469,24,0.53,0.017,255,0.0,0.0,0.0252,0.0101,2.784,8.66,-4.12,-0.11,252.25,0.01,0.01,0.05,0.0,108415,1507,3,0.3,0.15,-0.03,0.03,48,-127,-62,0,3.55,0.7,0.0194,0.0693,22.11,26.65,16.27
722.897,flow_only,3.201,52.1376191,21.1614661,93.24,52.1376201,21.161469,24,0.53,0.017,255,0.0,0.0,-0.0078,-0.0236,2.79,8.656,-4.11,-0.08,252.09,0.01,0.01,0.04,0.03,108415,1507,3,0.3,0.15,-0.03,0.03,48,-28,-5,0,3.55,0.7,0.0236,0.074,22.4,26.99,16.16
722.997,flow_only,3.301,52.1376193,21.161466,93.24,52.1376201,21.161469,24,0.53,0.017,255,0.0,0.0,-0.0773,-0.0312,2.788,8.653,-4.3,-0.39,251.85,0.01,0.01,0.06,0.02,108415,1507,3,0.3,0.15,-0.03,0.03,48,13,59,0,3.52,0.66,0.0159,0.0674,20.81,27.63,19.73
723.097,flow_only,3.4,52.1376194,21.161466,93.23,52.1376203,21.1614691,24,0.53,0.108,255,0.0,0.0,-0.0208,-0.029,2.788,8.647,-4.6,-0.51,251.62,0.01,0.01,0.06,0.01,108415,1507,3,0.3,0.13,-0.03,0.03,48,-71,25,0,3.5,0.64,0.0148,0.0673,21.07,25.93,21.06
723.197,flow_only,3.501,52.1376194,21.1614659,93.23,52.1376203,21.1614691,24,0.53,0.108,255,0.0,0.0,-0.0179,-0.0293,2.796,8.643,-4.72,-0.72,251.48,0.01,0.01,0.03,0.01,108415,1507,3,0.3,0.13,-0.03,0.03,48,38,32,0,3.49,0.63,0.0123,0.0579,22.29,28.29,21.46
723.297,flow_only,3.6,52.1376195,21.1614659,93.23,52.1376204,21.1614692,24,0.53,0.06,255,0.0,0.0,-0.0078,0.0262,2.808,8.641,-4.79,-0.66,251.37,0.01,0.01,0.03,0.05,108415,1507,3,0.3,0.12,-0.03,0.03,48,4,-148,0,3.48,0.62,0.0198,0.0634,23.52,29.49,22.19
723.397,flow_only,3.701,52.1376196,21.1614661,93.22,52.1376205,21.1614694,24,0.53,0.126,255,0.0,-0.1678,0.0054,-0.0405,2.806,8.639,-4.76,-0.78,251.26,0.01,0.01,0.05,0.02,108415,1507,3,0.3,0.13,-0.03,0.03,48,6,33,0,3.47,0.6,0.0143,0.0568,23.27,29.57,17.27
723.497,flow_only,3.8,52.1376197,21.1614662,93.22,52.1376205,21.1614694,24,0.53,0.126,255,0.0,-0.1678,-0.0204,-0.0745,2.808,8.636,-4.94,-1.15,251.13,0.01,0.01,0.06,0.01,108415,1507,3,0.3,0.13,-0.03,0.03,48,56,91,0,3.46,0.6,0.0124,0.0548,25.5,26.88,16.96
723.597,flow_only,3.901,52.1376197,21.1614663,93.22,52.1376205,21.1614694,24,0.53,0.126,255,0.0,-0.1678,-0.0281,0.0028,2.8,8.633,-4.97,-1.31,251.07,0.01,0.01,0.05,0.02,108415,1507,3,0.3,0.13,-0.03,0.03,48,-5,-128,0,3.45,0.57,0.0183,0.0622,25.49,24.85,22.94
723.697,flow_only,4.0,52.1376197,21.1614665,93.21,52.1376205,21.1614697,24,0.53,0.138,255,-0.1678,0.0,-0.0156,-0.0272,2.816,8.63,-5.12,-1.37,251.13,0.01,0.01,0.04,0.01,100223,1507,3,0.3,0.12,-0.03,0.03,48,30,55,0,3.44,0.57,0.0216,0.0658,28.36,27.7,18.94
723.797,flow_only,4.101,52.1376197,21.1614669,93.22,52.1376205,21.1614701,24,0.53,0.15,255,0.0,-0.1678,0.0411,-0.0011,2.82,8.631,-5.04,-1.5,251.31,0.01,0.01,0.01,0.02,100223,1507,3,0.3,0.09,-0.03,0.03,48,1,-99,0,3.44,0.56,0.0222,0.0606,28.54,27.89,22.4
723.897,flow_only,4.2,52.1376197,21.1614672,93.22,52.1376205,21.1614701,24,0.53,0.15,255,0.1678,0.0,0.088,-0.0243,2.822,8.63,-4.67,-1.61,251.48,0.01,0.01,0.08,0.02,100223,1507,3,0.3,0.09,-0.03,0.03,48,-69,22,0,3.43,0.56,0.012,0.05,27.06,26.79,19.25
723.997,flow_only,4.301,52.1376197,21.1614674,93.21,52.1376205,21.1614701,24,0.53,0.15,255,0.0,-0.1678,0.0371,-0.1096,2.838,8.63,-4.48,-1.91,251.71,0.01,0.01,0.02,0.03,100223,1507,3,0.3,0.09,-0.03,0.03,48,108,-142,0,3.43,0.53,0.0194,0.0562,26.16,27.81,22.2
724.097,flow_only,4.4,52.1376196,21.1614676,93.22,52.1376205,21.1614704,24,0.53,0.092,255,0.0,0.0,0.0307,-0.0069,2.84,8.634,-4.28,-2.13,252.03,0.01,0.01,0.01,0.02,100223,1507,3,0.3,0.11,-0.03,0.03,48,125,112,0,3.44,0.53,0.0206,0.0508,27.44,29.15,22.51
724.197,flow_only,4.501,52.1376195,21.1614677,93.23,52.1376205,21.1614706,24,0.53,0.046,255,0.0,-0.1678,0.052,-0.0074,2.848,8.644,-4.03,-2.21,252.43,0.01,0.01,0.0,0.02,100223,1507,3,0.3,0.13,-0.03,0.03,48,-55,28,0,3.46,0.54,0.0052,0.0144,26.86,30.25,18.73
724.297,flow_only,4.6,52.1376194,21.1614679,93.24,52.1376205,21.1614706,24,0.53,0.046,255,0.0,0.0,0.0199,0.0805,2.862,8.657,-3.98,-1.98,252.88,0.01,0.01,0.0,0.01,100223,1507,3,0.3,0.13,-0.03,0.03,48,-6,-144,0,3.47,0.55,0.0143,0.0347,25.73,28.7,18.77
724.397,flow_only,4.701,52.1376194,21.1614681,93.26,52.1376204,21.1614708,24,0.53,0.111,255,0.0,0.0,0.0669,-0.032,2.87,8.671,-3.73,-1.98,253.32,0.01,0.01,0.0,0.03,100223,1507,3,0.3,0.12,-0.03,0.03,48,-64,37,0,3.48,0.55,0.0092,0.0215,26.73,27.29,20.32
724.497,flow_only,4.8,52.1376194,21.1614682,93.27,52.1376204,21.1614708,24,0.53,0.111,255,0.0,0.0,-0.0339,0.0013,2.876,8.684,-3.66,-2.05,253.78,0.01,0.01,0.0,0.01,100223,1507,3,0.3,0.12,-0.03,0.03,48,-56,27,0,3.48,0.55,0.0072,0.0168,24.94,27.17,15.98
724.597,flow_only,4.901,52.1376193,21.1614682,93.28,52.1376204,21.1614709,24,0.53,0.032,255,0.0,-0.1678,-0.0371,-0.1038,2.886,8.699,-3.88,-2.45,254.14,0.01,0.01,0.02,0.04,100223,1507,3,0.3,0.08,-0.03,0.03,48,48,36,0,3.51,0.56,0.0102,0.0301,27.77,28.09,21.39
724.697,flow_only,5.001,52.1376192,21.1614682,93.3,52.1376204,21.1614709,24,0.53,0.032,255,0.0,0.0,-0.0337,0.1052,2.882,8.715,-4.09,-2.26,254.34,0.01,0.01,0.0,0.03,100223,1507,3,0.3,0.08,-0.03,0.03,48,42,-104,0,3.52,0.56,0.0116,0.0332,22.66,23.71,17.98
724.797,flow_only,5.101,52.1376193,21.1614681,93.31,52.1376205,21.1614709,24,0.53,0.054,255,0.0,0.1678,-0.0125,0.066,2.89,8.726,-4.26,-1.8,254.3,0.01,0.01,0.04,0.04,100223,1507,3,0.3,0.15,-0.03,0.03,48,51,68,0,3.5,0.55,0.0018,0.0052,22.28,23.71,15.0
724.897,flow_only,5.201,52.1376193,21.1614681,93.32,52.1376205,21.1614709,24,0.53,0.054,255,0.0,0.1678,-0.0536,0.1046,2.892,8.731,-4.38,-1.24,254.27,0.01,0.01,0.04,0.03,100223,1507,3,0.3,0.15,-0.03,0.03,48,21,75,0,3.49,0.55,0.0052,0.015,23.89,28.92,15.93
724.997,flow_only,5.301,52.1376192,21.1614681,93.32,52.1376205,21.1614709,24,0.53,0.054,255,0.0,0.0,-0.0813,-0.0225,2.906,8.733,-4.85,-1.08,254.25,0.01,0.01,0.02,0.0,100223,1507,3,0.3,0.15,-0.03,0.03,48,105,98,0,3.49,0.52,0.0151,0.0378,24.81,26.06,15.62
725.097,flow_only,5.401,52.1376192,21.161468,93.32,52.1376207,21.1614708,24,0.53,0.106,255,0.0,0.0,-0.016,0.07,2.894,8.736,-4.97,-1.02,254.21,0.01,0.01,0.01,0.01,100223,1507,3,0.3,0.11,-0.03,0.03,48,-114,-9,0,3.49,0.52,0.0042,0.0098,23.61,28.52,22.19
725.197,flow_only,5.501,52.1376193,21.161468,93.33,52.1376208,21.1614706,24,0.53,0.064,255,-0.1678,0.0,-0.0386,0.0033,2.908,8.74,-5.19,-0.75,254.23,0.01,0.01,0.01,0.02,100223,1507,3,0.3,0.1,-0.03,0.03,48,32,-71,0,3.48,0.52,0.0122,0.0299,25.01,26.24,24.68
725.297,flow_only,5.601,52.1376194,21.1614681,93.33,52.1376208,21.1614706,24,0.53,0.064,255,0.0,-0.1678,-0.0085,-0.0901,2.902,8.744,-5.31,-1.12,254.12,0.01,0.01,0.01,0.02,100223,1507,3,0.3,0.1,-0.03,0.03,48,58,27,0,3.48,0.5,0.0071,0.0179,23.14,27.57,23.54
725.398,flow_only,5.701,52.1376194,21.1614681,93.33,52.1376209,21.1614704,24,0.53,0.104,255,0.0,0.0,0.0165,0.0147,2.902,8.743,-5.18,-1.25,253.97,0.01,0.01,0.08,0.01,100223,1507,3,0.3,0.1,-0.03,0.03,48,26,-84,0,3.45,0.5,0.0119,0.0359,22.64,29.16,19.21
725.497,flow_only,5.801,52.1376195,21.1614682,93.32,52.1376209,21.1614704,24,0.53,0.104,255,0.0,0.0,0.0213,-0.0172,2.91,8.736,-5.12,-1.11,253.87,0.01,0.01,0.04,0.01,100223,1507,3,0.3,0.1,-0.03,0.03,48,-4,-34,0,3.43,0.46,0.0108,0.0363,22.51,27.85,20.26
725.597,flow_only,5.901,52.1376195,21.1614683,93.31,52.1376209,21.1614702,24,0.53,0.059,255,0.0,0.0,0.0119,-0.0272,2.908,8.727,-4.95,-1.32,253.97,0.01,0.01,0.04,0.02,100223,1507,3,0.3,0.12,-0.03,0.03,48,-6,46,0,3.42,0.46,0.0074,0.032,22.97,28.83,22.52
725.697,flow_only,6.0,52.1376196,21.1614683,93.3,52.1376209,21.1614702,24,0.53,0.059,255,0.0,0.1678,0.0103,0.0051,2.904,8.718,-5.0,-1.21,254.25,0.01,0.01,0.04,0.01,100223,1507,3,0.3,0.12,-0.03,0.03,48,31,-46,0,3.4,0.42,0.0072,0.0312,24.93,29.05,24.27
725.797,flow_only,6.101,52.1376196,21.1614684,93.3,52.1376209,21.16147,24,0.53,0.092,255,0.0,0.0,0.0413,-0.0706,2.914,8.711,-4.97,-1.51,254.56,0.01,0.01,0.03,0.02,100223,1507,3,0.3,0.1,-0.03,0.03,48,-8,56,0,3.39,0.42,0.0048,0.0238,27.17,29.39,21.26
725.897,flow_only,6.201,52.1376195,21.1614683,93.29,52.1376209,21.16147,24,0.53,0.092,255,0.1678,0.0,-0.0061,-0.011,2.918,8.707,-4.81,-1.62,254.92,0.01,0.01,0.01,0.01,100223,1507,3,0.3,0.1,-0.03,0.03,48,-23,3,0,3.39,0.41,0.0094,0.0271,23.28,28.5,22.66
725.997,flow_only,6.301,52.1376195,21.1614682,93.29,52.1376209,21.16147,24,0.53,0.092,255,0.0,0.0,0.0368,-0.0182,2.916,8.707,-4.74,-1.74,255.42,0.01,0.01,0.0,0.01,100223,1507,3,0.3,0.1,-0.03,0.03,48,-24,27,0,3.39,0.41,0.0118,0.0288,22.83,25.86,21.94
726.097,flow_only,6.4,52.1376194,21.1614681,93.29,52.1376208,21.1614698,24,0.53,0.078,255,0.0,0.0,0.0262,0.0094,2.918,8.709,-4.58,-1.46,255.83,0.01,0.01,0.03,0.02,100223,1507,3,0.3,0.13,-0.03,0.03,48,-24,82,0,3.39,0.41,0.0119,0.0303,24.05,23.39,17.74
726.197,flow_only,6.501,52.1376192,21.1614678,93.3,52.1376207,21.1614696,24,0.53,0.177,255,0.0,0.0,0.0242,0.0821,2.916,8.711,-4.49,-1.35,256.07,0.01,0.01,0.0,0.02,100223,1507,3,0.3,0.1,-0.03,0.03,48,307,152,0,3.38,0.4,0.0319,0.0799,23.42,26.68,14.86
726.297,flow_only,6.6,52.1376189,21.1614676,93.3,52.1376207,21.1614696,24,0.53,0.177,255,0.1678,0.3357,0.1009,0.1398,2.93,8.716,-4.09,-0.59,256.27,0.01,0.01,0.0,0.01,100223,1507,3,0.3,0.1,-0.03,0.03,48,122,28,0,3.39,0.39,0.0273,0.0696,22.41,24.43,19.31
726.398,flow_only,6.701,52.1376185,21.1614672,93.31,52.1376205,21.1614694,24,0.53,0.096,255,0.1678,0.0,0.1221,0.0477,2.926,8.72,-3.49,-0.06,256.43,0.01,0.01,0.02,0.0,100223,1507,3,0.3,0.11,-0.03,0.03,48,50,3,0,3.38,0.39,0.031,0.0802,19.47,25.1,17.57
726.497,flow_only,6.8,52.1376183,21.1614669,93.31,52.1376205,21.1614694,24,0.53,0.096,255,0.1678,0.0,0.0646,0.0331,2.934,8.722,-2.78,0.09,256.67,0.01,0.01,0.03,0.01,100223,1507,3,0.3,0.11,-0.03,0.03,48,-179,-61,0,3.37,0.36,0.0166,0.0432,22.48,23.56,17.91
726.597,flow_only,6.901,52.1376183,21.1614667,93.31,52.1376205,21.1614692,24,0.53,0.095,255,0.0,0.0,0.0117,0.0072,2.936,8.724,-2.71,0.36,256.82,0.01,0.01,0.01,0.0,100223,1507,3,0.3,0.09,-0.03,0.03,48,-32,-95,0,3.37,0.36,0.008,0.0185,23.82,23.18,17.14
726.697,flow_only,7.001,52.1376182,21.1614665,93.31,52.1376205,21.1614692,24,0.53,0.095,255,0.0,0.0,-0.0542,-0.0007,2.944,8.727,-2.72,0.33,256.79,0.01,0.01,0.02,0.01,100223,1507,3,0.3,0.09,-0.03,0.03,48,-69,-5,0,3.37,0.35,0.0051,0.0153,24.41,26.58,19.47
726.797,flow_only,7.101,52.137618,21.1614665,93.31,52.1376203,21.161469,24,0.53,0.111,255,0.0,0.0,-0.0152,0.0188,2.938,8.727,-2.98,0.28,256.52,0.01,0.01,0.02,0.02,100223,1507,3,0.3,0.13,-0.03,0.03,48,51,0,0,3.36,0.34,0.0167,0.0419,25.3,24.71,21.4
726.897,flow_only,7.2,52.1376179,21.1614665,93.31,52.1376203,21.161469,24,0.53,0.111,255,0.0,0.0,-0.0264,0.0148,2.942,8.725,-3.06,0.41,256.12,0.01,0.01,0.04,0.01,100223,1507,3,0.3,0.13,-0.03,0.03,48,0,-42,0,3.34,0.32,0.0119,0.0301,23.85,27.15,17.9
726.997,flow_only,7.301,52.1376178,21.1614666,93.31,52.1376203,21.161469,24,0.53,0.111,255,0.0,0.0,0.0195,0.0799,2.946,8.721,-3.05,0.74,255.72,0.01,0.01,0.01,0.01,100223,1507,3,0.3,0.13,-0.03,0.03,48,-18,98,0,3.34,0.32,0.0071,0.0189,26.28,25.29,16.39
727.097,flow_only,7.401,52.1376177,21.1614665,93.3,52.1376203,21.161469,24,0.53,0.078,255,0.0,-0.1678,0.061,-0.1348,2.948,8.716,-2.72,0.33,255.49,0.01,0.01,0.04,0.0,100223,1507,3,0.3,0.15,-0.03,0.03,48,-30,108,0,3.32,0.3,0.0108,0.0291,21.4,25.86,17.09
727.197,flow_only,7.501,52.1376177,21.1614664,93.3,52.1376204,21.1614691,24,0.53,0.028,255,0.0,0.0,-0.0042,-0.0084,2.948,8.713,-2.57,0.06,255.35,0.01,0.01,0.0,0.01,100223,1507,3,0.3,0.14,-0.03,0.03,48,-52,-56,0,3.32,0.29,0.0081,0.0206,20.36,28.24,19.87
727.297,flow_only,7.6,52.1376177,21.1614663,93.3,52.1376204,21.1614691,24,0.53,0.028,255,0.0,0.0,0.0277,-0.0634,2.946,8.713,-2.37,-0.2,255.18,0.01,0.01,0.01,0.0,100223,1507,3,0.3,0.14,-0.03,0.03,48,-18,39,0,3.31,0.29,0.0101,0.0254,22.89,25.2,17.07
727.398,flow_only,7.701,52.1376178,21.1614664,93.3,52.1376205,21.1614691,24,0.53,0.113,255,-0.1679,0.0,-0.0842,-0.0052,2.944,8.711,-2.63,-0.3,255.01,0.01,0.01,0.03,0.0,100223,1507,3,0.3,0.12,-0.03,0.03,48,17,-123,0,3.31,0.29,0.0123,0.0298,23.71,24.07,17.13
727.497,flow_only,7.801,52.1376179,21.1614666,93.29,52.1376205,21.1614691,24,0.53,0.113,255,0.0,0.0,-0.0202,-0.0415,2.946,8.71,-2.92,-0.41,254.9,0.01,0.01,0.01,0.01,100223,1507,3,0.3,0.12,-0.03,0.03,48,-211,-117,0,3.3,0.28,0.0237,0.0586,25.57,26.09,20.63
727.597,flow_only,7.901,52.1376182,21.1614669,93.29,52.1376207,21.1614694,24,0.53,0.179,255,0.0,0.0,-0.0879,-0.1113,2.948,8.708,-3.26,-1.05,254.82,0.01,0.01,0.01,0.02,100223,1507,3,0.3,0.11,-0.03,0.03,48,-85,146,0,3.29,0.27,0.0174,0.0446,26.3,28.99,22.91
727.697,flow_only,8.001,52.1376184,21.161467,93.29,52.1376207,21.1614694,24,0.53,0.179,255,-0.1678,-0.1678,-0.1165,-0.0787,2.934,8.706,-3.89,-1.43,254.76,0.01,0.01,0.01,0.0,100223,1507,3,0.3,0.11,-0.03,0.03,48,162,91,0,3.29,0.26,0.0027,0.0078,26.11,27.04,17.94
727.797,flow_only,8.101,52.1376186,21.161467,93.29,52.137621,21.1614696,24,0.53,0.105,255,0.0,0.0,-0.1076,0.0071,2.948,8.704,-4.63,-1.73,254.75,0.01,0.01,0.03,0.01,100223,1507,3,0.3,0.11,-0.03,0.03,48,24,127,0,3.28,0.26,0.0143,0.037,25.03,27.09,18.99
727.897,flow_only,8.201,52.1376188,21.161467,93.29,52.137621,21.1614696,24,0.53,0.105,255,0.0,0.0,-0.0853,-0.0334,2.946,8.701,-5.17,-1.86,254.75,0.01,0.01,0.01,0.01,100223,1507,3,0.3,0.11,-0.03,0.03,48,-27,32,0,3.27,0.25,0.0096,0.0213,25.91,29.12,18.81
727.997,flow_only,8.301,52.1376189,21.1614669,93.28,52.137621,21.1614696,24,0.53,0.105,255,-0.1678,0.0,-0.013,0.0379,2.942,8.697,-5.38,-1.53,254.74,0.01,0.01,0.04,0.02,100223,1507,3,0.3,0.11,-0.03,0.03,48,-89,-71,0,3.26,0.24,0.005,0.0125,28.36,24.41,21.41
728.097,flow_only,8.401,52.1376189,21.1614668,93.28,52.1376213,21.1614696,24,0.53,0.181,255,0.0,0.0,0.0521,0.0819,2.946,8.692,-5.16,-1.31,254.66,0.01,0.01,0.03,0.01,100223,1507,3,0.3,0.13,-0.03,0.03,48,51,-10,0,3.25,0.24,0.0056,0.0149,24.61,25.36,17.38
728.197,flow_only,8.501,52.137619,21.1614667,93.27,52.1376216,21.1614695,24,0.53,0.122,255,0.0,0.1678,0.0083,0.1115,2.964,8.687,-5.0,-0.79,254.51,0.01,0.01,0.02,0.0,100223,1507,3,0.3,0.13,-0.03,0.03,48,0,85,0,3.24,0.22,0.0061,0.0162,23.13,25.34,17.29
728.297,flow_only,8.6,52.137619,21.1614667,93.27,52.1376216,21.1614695,24,0.53,0.122,255,0.0,0.0,0.0014,0.0676,2.96,8.684,-4.96,-0.31,254.31,0.01,0.01,0.0,0.01,100223,1507,3,0.3,0.13,-0.03,0.03,48,21,-108,0,3.25,0.21,0.0114,0.0267,23.04,28.04,17.04
728.397,flow_only,8.701,52.137619,21.1614666,93.27,52.1376217,21.1614693,24,0.53,0.084,255,0.0,0.0,-0.0023,0.0651,2.97,8.684,-5.02,0.11,254.03,0.01,0.01,0.02,0.01,100223,1507,3,0.3,0.11,-0.03,0.03,48,29,78,0,3.24,0.2,0.0061,0.0137,24.89,25.48,19.76
728.497,flow_only,8.801,52.1376191,21.1614665,93.27,52.1376217,21.1614693,24,0.53,0.084,255,0.0,0.0,0.106,0.0526,2.976,8.681,-4.83,0.25,253.63,0.01,0.01,0.03,0.01,100223,1507,3,0.3,0.11,-0.03,0.03,48,45,-62,0,3.23,0.19,0.0105,0.0259,24.04,29.61,21.28
728.597,flow_only,8.901,52.1376192,21.1614664,93.26,52.1376218,21.1614692,24,0.53,0.067,255,0.0,0.0,-0.0129,0.0325,2.988,8.679,-4.52,0.62,253.31,0.01,0.01,0.02,0.0,100223,1507,3,0.31,0.12,-0.03,0.03,48,-76,-114,0,3.22,0.18,0.0146,0.0363,26.05,24.77,19.35
728.697,flow_only,9.0,52.1376193,21.1614664,93.27,52.1376218,21.1614692,24,0.53,0.067,255,0.0,0.0,-0.1254,0.0055,2.992,8.682,-5.09,0.63,253.12,0.01,0.01,0.05,0.0,100223,1507,3,0.31,0.12,-0.03,0.03,48,104,-3,0,3.25,0.17,0.0105,0.0323,23.98,28.77,17.13
728.797,flow_only,9.101,52.1376193,21.1614665,93.27,52.1376219,21.1614691,24,0.53,0.068,255,0.0,0.0,-0.0176,-0.0247,2.996,8.686,-5.52,0.59,253.01,0.01,0.01,0.02,0.01,100223,1507,3,0.31,0.13,-0.03,0.03,48,-79,-19,0,3.24,0.18,0.0114,0.0302,23.29,27.55,19.35
728.897,flow_only,9.2,52.1376193,21.1614666,93.27,52.1376219,21.1614691,24,0.53,0.068,255,0.0,-0.1678,-0.0195,-0.0883,2.99,8.687,-5.55,0.2,252.98,0.01,0.01,0.03,0.01,100223,1507,3,0.31,0.13,-0.03,0.03,48,37,22,0,3.23,0.18,0.0077,0.0183,25.6,25.16,18.21
728.997,flow_only,9.301,52.1376193,21.1614665,93.27,52.1376219,21.1614691,24,0.53,0.068,255,0.0,0.0,0.0932,0.0494,2.994,8.683,-5.08,0.22,252.97,0.01,0.01,0.03,0.0,100223,1507,3,0.31,0.13,-0.03,0.03,48,-7,55,0,3.21,0.15,0.008,0.017,21.44,27.34,17.66
729.097,flow_only,9.4,52.1376192,21.1614664,93.26,52.1376219,21.161469,24,0.53,0.097,255,0.1679,0.0,0.0467,-0.0342,3.0,8.679,-4.71,0.27,253.0,0.01,0.01,0.0,0.01,100223,1507,3,0.31,0.11,-0.03,0.03,48,100,112,0,3.22,0.15,0.0117,0.0259,22.61,27.67,18.0
729.197,flow_only,9.501,52.1376192,21.1614663,93.26,52.1376219,21.161469,24,0.53,0.027,255,0.0,0.0,-0.0567,0.0192,3.002,8.679,-4.9,0.27,252.88,0.01,0.01,0.01,0.01,100223,1507,3,0.31,0.11,-0.03,0.03,48,14,16,0,3.22,0.15,0.0108,0.0278,26.07,25.28,17.23
729.297,flow_only,9.601,52.1376192,21.1614663,93.26,52.1376219,21.161469,24,0.53,0.027,255,0.0,0.0,0.0614,0.046,2.998,8.679,-4.8,0.38,252.64,0.01,0.01,0.01,0.01,100223,1507,3,0.31,0.11,-0.03,0.03,48,21,2,0,3.22,0.14,0.0065,0.018,25.01,26.43,18.1
729.397,flow_only,9.701,52.1376192,21.1614663,93.26,52.1376221,21.1614692,24,0.53,0.118,255,0.0,0.0,-0.0233,-0.0065,3.0,8.677,-4.59,0.58,252.62,0.01,0.01,0.01,0.01,100223,1507,3,0.31,0.11,-0.03,0.03,48,-60,122,0,3.22,0.14,0.0134,0.0323,29.21,24.24,21.7
729.497,flow_only,9.8,52.1376191,21.1614663,93.26,52.1376221,21.1614692,24,0.53,0.118,255,0.0,-0.1678,0.0514,-0.0867,2.986,8.674,-4.56,0.15,252.82,0.01,0.01,0.03,0.0,100223,1507,3,0.31,0.11,-0.03,0.03,48,8,95,0,3.2,0.14,0.0167,0.0392,31.17,22.07,21.85
729.597,flow_only,9.901,52.1376192,21.1614663,93.26,52.1376222,21.1614694,24,0.53,0.127,255,0.0,0.0,0.0132,-0.0851,2.982,8.672,-4.44,-0.21,253.2,0.01,0.01,0.02,0.0,100223,1507,3,0.31,0.07,-0.03,0.03,48,-34,-93,0,3.21,0.15,0.0117,0.0296,30.59,26.46,22.73
729.697,flow_only,10.001,52.1376192,21.1614664,93.26,52.1376222,21.1614694,24,0.53,0.127,255,0.0,0.0,0.0059,0.0079,2.972,8.672,-4.3,-0.39,253.74,0.01,0.01,0.01,0.0,99695,1507,3,0.31,0.07,-0.03,0.03,49,-44,-86,0,3.21,0.15,0.0132,0.0326,31.24,23.26,22.76
729.797,flow_only,10.101,52.1376193,21.1614666,93.26,52.1376222,21.1614698,24,0.53,0.123,255,0.1679,0.0,-0.0114,-0.117,2.974,8.671,-4.22,-0.68,254.21,0.01,0.01,0.0,0.01,99695,1507,3,0.31,0.09,-0.03,0.03,49,144,-72,0,3.2,0.14,0.018,0.0403,25.64,28.2,18.0
729.897,flow_only,10.201,52.1376193,21.1614669,93.25,52.1376222,21.1614698,24,0.53,0.123,255,0.0,-0.1679,-0.0817,-0.02,2.968,8.667,-4.54,-0.98,254.62,0.01,0.01,0.05,0.01,99695,1507,3,0.31,0.09,-0.03,0.03,49,6,181,0,3.18,0.13,0.0026,0.0072,24.28,27.33,19.92
729.997,flow_only,10.301,52.1376193,21.1614672,93.25,52.1376222,21.1614698,24,0.53,0.123,255,0.0,-0.1678,0.0757,-0.0502,2.958,8.66,-4.45,-1.34,255.03,0.01,0.01,0.01,0.01,99695,1507,3,0.31,0.09,-0.03,0.03,49,48,-57,0,3.17,0.12,0.0126,0.0277,25.58,27.44,16.4
730.097,flow_only,10.4,52.1376193,21.1614676,93.24,52.1376222,21.1614703,24,0.53,0.18,255,0.0,-0.1677,0.0147,-0.0525,2.956,8.65,-4.24,-1.63,255.41,0.01,0.01,0.07,0.01,99695,1507,3,0.31,0.08,-0.03,0.03,49,-81,-64,0,3.14,0.1,0.0178,0.0458,22.77,26.52,15.03
730.197,flow_only,10.501,52.1376194,21.1614679,93.22,52.1376221,21.1614708,24,0.53,0.18,255,0.1678,0.0,0.0241,-0.0226,2.952,8.634,-4.14,-1.92,255.77,0.01,0.01,0.06,0.02,99695,1507,3,0.31,0.1,-0.03,0.03,49,-10,136,0,3.11,0.08,0.0105,0.0382,22.25,23.48,17.37
730.297,flow_only,10.6,52.1376195,21.1614682,93.2,52.1376221,21.1614708,24,0.53,0.18,255,0.0,-0.1678,-0.0434,-0.0701,2.958,8.614,-4.31,-2.09,256.15,0.01,0.01,0.07,0.02,99695,1507,3,0.31,0.1,-0.03,0.03,49,16,59,0,3.08,0.08,0.0109,0.0466,20.81,26.05,15.29
730.397,flow_only,10.701,52.1376195,21.1614683,93.17,52.137622,21.1614713,24,0.53,0.178,255,0.0,0.0,0.0083,-0.0567,2.946,8.587,-4.42,-2.49,256.42,0.01,0.01,0.11,0.02,99695,1507,3,0.31,0.13,-0.03,0.03,49,29,-49,0,3.04,0.0,0.0119,0.0606,22.07,25.41,13.84
730.497,flow_only,10.801,52.1376195,21.1614685,93.14,52.137622,21.1614713,24,0.53,0.178,255,0.0,-0.1678,-0.0486,-0.0527,2.96,8.555,-4.6,-2.77,256.68,0.01,0.01,0.09,0.01,99695,1507,3,0.31,0.13,-0.03,0.03,49,-18,-80,0,3.0,0.01,0.0145,0.0695,21.51,25.64,18.75
730.597,flow_only,10.901,52.1376195,21.1614685,93.1,52.1376219,21.1614716,24,0.53,0.097,255,0.0,0.0,0.066,0.0071,2.952,8.518,-4.52,-2.97,256.87,0.01,0.01,0.12,0.01,99695,1507,3,0.3,0.14,-0.03,0.03,49,35,80,0,2.95,-0.07,0.0181,0.0831,19.99,25.25,21.07
730.697,flow_only,11.001,52.1376195,21.1614686,93.06,52.1376219,21.1614716,24,0.53,0.097,255,0.0,0.1679,-0.0264,0.1173,2.966,8.476,-4.51,-2.41,256.98,0.01,0.01,0.13,0.01,99695,1507,3,0.3,0.14,-0.03,0.03,49,-59,-33,0,2.9,-0.13,0.0198,0.0955,23.78,24.64,21.18
730.797,flow_only,11.101,52.1376195,21.1614688,93.01,52.1376217,21.1614717,24,0.53,0.155,255,0.1678,0.3357,0.0843,0.0932,2.97,8.429,-4.32,-1.82,257.06,0.01,0.01,0.15,0.01,99695,1507,3,0.3,0.13,-0.03,0.03,49,17,-105,0,2.84,-0.2,0.0278,0.1142,20.63,24.68,15.42
730.897,flow_only,11.2,52.1376196,21.1614688,92.96,52.1376217,21.1614717,24,0.53,0.155,255,0.0,0.0,0.0245,0.0565,2.988,8.377,-3.92,-1.35,257.15,0.01,0.01,0.17,0.01,99695,1507,3,0.3,0.13,-0.03,0.03,49,34,76,0,2.77,-0.27,0.0251,0.1249,22.93,22.74,11.87
730.997,flow_only,11.3,52.1376195,21.1614687,92.91,52.1376217,21.1614717,24,0.53,0.155,255,0.0,0.0,-0.0504,0.0191,2.996,8.322,-4.11,-1.16,257.16,0.01,0.01,0.13,0.02,99695,1507,3,0.3,0.13,-0.03,0.03,49,187,124,0,2.73,-0.27,0.0337,0.1258,21.19,24.81,14.31
731.097,flow_only,11.401,52.1376193,21.1614686,92.86,52.1376215,21.1614717,24,0.53,0.149,255,0.0,0.0,0.0722,0.008,3.022,8.273,-3.87,-1.07,257.32,0.01,0.01,0.1,0.01,99695,1507,3,0.3,0.11,-0.03,0.03,49,-105,-24,0,2.69,-0.37,0.0211,0.1036,17.94,26.54,15.36
731.197,flow_only,11.501,52.1376193,21.1614685,92.82,52.1376213,21.1614717,24,0.53,0.145,255,0.1678,0.0,0.1082,-0.0428,3.048,8.232,-3.42,-1.32,257.88,0.01,0.01,0.07,0.03,99695,1507,3,0.3,0.14,-0.03,0.03,49,-90,-10,0,2.68,-0.42,0.0166,0.0813,22.66,23.28,19.37
731.297,flow_only,11.601,52.1376192,21.1614685,92.79,52.1376213,21.1614717,24,0.53,0.145,255,0.1678,0.0,-0.0333,0.0013,3.078,8.203,-3.27,-1.31,258.65,0.01,0.01,0.02,0.02,99695,1507,3,0.3,0.14,-0.03,0.03,49,46,-172,0,2.69,-0.42,0.0116,0.0484,20.97,22.66,14.36
731.397,flow_only,11.701,52.137619,21.1614685,92.77,52.137621,21.1614717,24,0.53,0.21,255,0.0,0.0,0.0152,0.0166,3.094,8.182,-3.29,-1.13,259.51,0.01,0.01,0.05,0.01,99695,1507,3,0.3,0.14,-0.03,0.03,49,8,-30,0,2.69,-0.44,0.014,0.0402,18.2,20.25,16.23
731.497,flow_only,11.801,52.1376189,21.1614685,92.75,52.137621,21.1614717,24,0.53,0.21,255,0.0,0.1678,-0.0044,0.0267,3.122,8.164,-3.61,-0.9,260.31,0.01,0.01,0.06,0.01,99695,1507,3,0.3,0.14,-0.03,0.03,49,14,-39,0,2.68,-0.48,0.0049,0.0247,17.65,19.74,13.61
731.597,flow_only,11.901,52.1376188,21.1614685,92.73,52.1376208,21.1614715,24,0.53,0.141,255,0.0,0.0,0.0836,-0.0477,3.14,8.141,-3.13,-1.08,260.79,0.01,0.01,0.09,0.01,99695,1507,3,0.3,0.12,-0.03,0.03,49,-115,7,0,2.67,-0.53,0.0089,0.0342,14.66,15.78,13.32
731.697,flow_only,12.0,52.1376188,21.1614684,92.7,52.1376208,21.1614715,24,0.53,0.141,255,0.0,0.0,0.1478,0.0728,3.16,8.113,-2.43,-0.9,260.89,0.01,0.01,0.08,0.01,99695,1507,3,0.3,0.12,-0.03,0.03,49,31,-50,0,2.65,-0.56,0.008,0.0337,18.06,16.54,13.27
731.797,flow_only,12.101,52.1376187,21.1614684,92.67,52.1376205,21.1614713,24,0.53,0.2,255,0.0,0.0,-0.0777,-0.0101,3.18,8.08,-2.59,-0.87,260.87,0.01,0.01,0.11,0.02,99695,1507,3,0.3,0.13,-0.03,0.03,49,183,-14,0,2.63,-0.62,0.0158,0.0508,21.45,17.35,15.18
731.897,flow_only,12.2,52.1376187,21.1614684,92.63,52.1376205,21.1614713,24,0.53,0.2,255,0.0,0.0,0.0248,0.0145,3.196,8.043,-2.63,-0.87,260.76,0.01,0.01,0.09,0.01,99695,1507,3,0.3,0.13,-0.03,0.03,49,-27,161,0,2.6,-0.62,0.0095,0.0414,21.78,17.37,14.79
731.997,flow_only,12.301,52.1376187,21.1614683,92.59,52.1376205,21.1614713,24,0.53,0.2,255,0.0,0.1678,0.0245,0.0644,3.215,8.003,-2.48,-0.41,260.53,0.01,0.01,0.1,0.01,99695,1507,3,0.3,0.13,-0.03,0.03,49,-46,-63,0,2.58,-0.7,0.0094,0.0462,20.69,17.53,13.37
732.097,flow_only,12.4,52.1376187,21.1614681,92.55,52.1376203,21.161471,24,0.53,0.144,255,0.0,0.0,-0.0136,-0.0557,3.224,7.966,-2.43,-0.6,260.15,0.01,0.01,0.05,0.0,99695,1507,3,0.31,0.1,-0.03,0.03,49,-35,91,0,2.57,-0.7,0.0121,0.036,20.18,20.16,13.87
732.197,flow_only,12.501,52.1376188,21.1614679,92.51,52.1376202,21.1614707,24,0.53,0.123,255,-0.1678,0.0,-0.0116,0.024,3.242,7.93,-2.71,-0.54,259.7,0.01,0.01,0.1,0.0,99695,1507,3,0.31,0.15,-0.03,0.03,49,21,-14,0,2.54,-0.76,0.0095,0.037,17.59,18.11,13.96
732.297,flow_only,12.6,52.1376189,21.1614678,92.48,52.1376202,21.1614707,24,0.53,0.123,255,0.0,0.1678,-0.0215,0.0422,3.268,7.893,-2.59,-0.34,259.37,0.01,0.01,0.05,0.0,99695,1507,3,0.31,0.15,-0.03,0.03,49,-40,-59,0,2.52,-0.78,0.0154,0.0372,18.18,19.64,16.48
732.397,flow_only,12.701,52.137619,21.1614677,92.45,52.1376202,21.1614704,24,0.53,0.137,255,-0.1678,0.1678,-0.1305,0.0106,3.278,7.863,-3.22,-0.07,259.05,0.01,0.01,0.0,0.0,99695,1507,3,0.31,0.12,-0.03,0.03,49,120,-102,0,2.54,-0.79,0.0067,0.0136,20.12,21.76,14.24
732.497,flow_only,12.8,52.1376189,21.1614676,92.43,52.1376202,21.1614704,24,0.53,0.137,255,0.0,0.0,-0.0846,0.0153,3.292,7.845,-3.76,-0.01,258.64,0.01,0.01,0.02,0.0,99695,1507,3,0.31,0.12,-0.03,0.03,49,-62,-49,0,2.57,-0.79,0.0105,0.0404,22.03,20.92,16.68
732.597,flow_only,12.901,52.1376189,21.1614675,92.42,52.1376201,21.1614701,24,0.53,0.112,255,0.0,0.0,0.025,-0.0846,3.318,7.834,-3.97,-0.29,258.31,0.01,0.01,0.01,0.01,99695,1507,3,0.31,0.13,-0.03,0.03,49,-110,2,0,2.58,-0.79,0.0095,0.0448,18.94,19.58,14.34
732.697,flow_only,13.0,52.1376189,21.1614674,92.41,52.1376201,21.1614701,24,0.53,0.112,255,0.0,0.1678,-0.0067,0.1006,3.322,7.828,-3.67,-0.07,258.19,0.01,0.01,0.06,0.01,99695,1507,3,0.31,0.13,-0.03,0.03,49,-87,-230,0,2.62,-0.78,0.0229,0.0782,19.37,18.36,16.29
732.797,flow_only,13.101,52.1376189,21.1614675,92.41,52.1376201,21.1614699,24,0.53,0.073,255,0.1678,0.0,0.103,-0.0419,3.348,7.828,-3.54,0.11,258.35,0.01,0.01,0.01,0.0,99695,1507,3,0.31,0.13,-0.03,0.03,49,-10,-41,0,2.64,-0.77,0.0184,0.0786,15.83,18.35,14.19
732.897,flow_only,13.2,52.1376189,21.1614675,92.41,52.1376201,21.1614699,24,0.53,0.073,255,0.0,-0.1678,-0.0086,-0.0933,3.364,7.826,-3.19,-0.31,258.61,0.01,0.01,0.01,0.02,99695,1507,3,0.31,0.13,-0.03,0.03,49,-130,43,0,2.66,-0.76,0.019,0.0786,13.46,18.64,12.04
732.997,flow_only,13.301,52.1376189,21.1614674,92.41,52.1376201,21.1614699,24,0.53,0.073,255,0.0,-0.1678,0.0778,-0.0877,3.354,7.821,-2.95,-1.01,258.73,0.01,0.01,0.02,0.0,99695,1507,3,0.31,0.13,-0.03,0.03,49,7,107,0,2.67,-0.76,0.0179,0.0811,14.45,18.35,10.9
733.097,flow_only,13.401,52.1376188,21.1614674,92.39,52.1376199,21.1614697,24,0.53,0.166,255,0.0,0.0,-0.0288,0.0969,3.356,7.809,-2.99,-0.74,258.75,0.01,0.01,0.04,0.0,99695,1507,3,0.31,0.12,-0.03,0.03,49,141,-26,0,2.65,-0.78,0.0175,0.063,14.36,16.49,13.7
733.197,flow_only,13.501,52.1376187,21.1614674,92.37,52.1376198,21.1614695,24,0.53,0.095,255,0.1679,0.0,0.0899,0.0686,3.364,7.788,-2.73,-0.29,258.73,0.01,0.01,0.03,0.0,99695,1507,3,0.31,0.15,-0.03,0.03,49,-41,57,0,2.63,-0.81,0.0104,0.0447,15.5,17.67,15.53
733.297,flow_only,13.601,52.1376186,21.1614673,92.35,52.1376198,21.1614695,24,0.53,0.095,255,0.0,0.0,0.0027,0.0201,3.354,7.763,-2.44,-0.08,258.7,0.01,0.01,0.0,0.0,99695,1507,3,0.31,0.15,-0.03,0.03,49,75,95,0,2.62,-0.81,0.0149,0.0494,14.02,14.84,13.9
733.397,flow_only,13.701,52.1376186,21.1614671,92.32,52.1376196,21.1614694,24,0.53,0.094,255,0.0,0.0,0.0144,0.0822,3.358,7.738,-2.46,0.25,258.61,0.01,0.01,0.0,0.0,99695,1507,3,0.31,0.11,-0.03,0.03,49,-7,-86,0,2.6,-0.81,0.008,0.042,16.14,15.28,11.49
733.497,flow_only,13.801,52.1376185,21.1614671,92.3,52.1376196,21.1614694,24,0.53,0.094,255,0.0,0.0,0.0498,-0.007,3.35,7.713,-2.16,0.34,258.43,0.01,0.01,0.0,0.0,99695,1507,3,0.31,0.11,-0.03,0.03,49,-57,74,0,2.59,-0.84,0.0102,0.0454,17.87,20.27,14.19
733.597,flow_only,13.901,52.1376186,21.1614669,92.28,52.1376194,21.1614692,24,0.53,0.097,255,0.0,0.0,-0.0153,0.0069,3.344,7.694,-2.05,0.3,258.12,0.01,0.01,0.07,0.0,99695,1507,3,0.31,0.12,-0.03,0.03,49,-71,-8,0,2.61,-0.82,0.0209,0.0749,20.42,20.93,17.0
733.697,flow_only,14.0,52.1376185,21.1614668,92.27,52.1376194,21.1614692,24,0.53,0.097,255,-0.1679,0.0,-0.0317,0.0167,3.332,7.682,-2.25,0.23,257.75,0.01,0.01,0.04,0.01,99695,1507,3,0.31,0.12,-0.03,0.03,49,17,-12,0,2.62,-0.8,0.0161,0.0796,20.01,20.35,12.82
733.797,flow_only,14.101,52.1376185,21.1614667,92.26,52.1376192,21.1614691,24,0.53,0.09,255,0.0,0.0,-0.019,-0.0052,3.326,7.674,-2.33,0.35,257.38,0.01,0.01,0.05,0.01,99695,1507,3,0.31,0.14,-0.03,0.03,49,0,106,0,2.63,-0.81,0.0204,0.0897,19.28,24.05,13.48
733.897,flow_only,14.2,52.1376184,21.1614666,92.26,52.1376192,21.1614691,24,0.53,0.09,255,0.1678,0.0,0.0093,0.0118,3.322,7.67,-2.33,0.27,256.89,0.01,0.01,0.05,0.0,99695,1507,3,0.31,0.14,-0.03,0.03,49,-11,5,0,2.65,-0.75,0.0184,0.0913,20.05,21.39,13.0
733.997,flow_only,14.301,52.1376184,21.1614666,92.25,52.1376192,21.1614691,24,0.53,0.09,255,0.0,0.0,0.012,-0.0072,3.316,7.669,-2.22,0.34,256.39,0.01,0.01,0.06,0.0,99695,1507,3,0.31,0.14,-0.03,0.03,49,-27,-35,0,2.67,-0.74,0.0183,0.0951,17.42,22.34,15.11
734.097,flow_only,14.401,52.1376184,21.1614666,92.26,52.1376191,21.1614692,24,0.53,0.04,255,0.0,0.0,-0.0455,0.0088,3.304,7.671,-2.31,0.42,255.93,0.01,0.01,0.06,0.0,99695,1507,3,0.31,0.14,-0.03,0.03,49,-12,-21,0,2.68,-0.71,0.0187,0.0963,18.82,19.17,12.65
734.197,flow_only,14.501,52.1376184,21.1614666,92.25,52.1376191,21.1614693,24,0.53,0.088,255,0.0,0.0,-0.0278,-0.0812,3.302,7.67,-2.49,0.09,255.38,0.01,0.01,0.02,0.0,99695,1507,3,0.31,0.13,-0.03,0.03,49,8,48,0,2.68,-0.71,0.0161,0.0835,20.17,18.04,16.18
734.297,flow_only,14.6,52.1376184,21.1614667,92.25,52.1376191,21.1614693,24,0.53,0.088,255,0.1678,0.0,0.0434,0.0585,3.284,7.663,-2.26,0.19,254.79,0.01,0.01,0.0,0.01,99695,1507,3,0.31,0.13,-0.03,0.03,49,-39,-5,0,2.66,-0.72,0.0136,0.0642,20.52,21.33,15.13
734.397,flow_only,14.701,52.1376184,21.1614668,92.23,52.1376193,21.1614694,24,0.53,0.136,255,0.0,0.0,-0.0701,-0.0351,3.27,7.649,-2.48,0.09,254.14,0.01,0.01,0.01,0.01,99695,1507,3,0.32,0.13,-0.03,0.03,49,31,49,0,2.64,-0.71,0.0155,0.0481,24.6,20.5,15.54
734.497,flow_only,14.8,52.1376184,21.1614669,92.21,52.1376193,21.1614694,24,0.53,0.136,255,0.0,-0.1678,0.0004,-0.0914,3.26,7.629,-2.58,-0.25,253.6,0.01,0.01,0.01,0.0,99695,1507,3,0.32,0.13,-0.03,0.03,49,9,79,0,2.62,-0.72,0.0204,0.0435,22.71,24.63,13.92
734.597,flow_only,14.901,52.1376183,21.1614669,92.19,52.1376194,21.1614696,24,0.53,0.064,255,0.0,0.0,0.0463,-0.0944,3.246,7.605,-2.46,-0.73,253.36,0.01,0.01,0.03,0.01,99695,1507,3,0.32,0.14,-0.03,0.03,49,-17,132,0,2.6,-0.74,0.0202,0.0359,25.89,27.32,12.67
734.697,flow_only,15.001,52.1376182,21.161467,92.16,52.1376194,21.1614696,24,0.53,0.064,255,0.0,-0.1678,0.0325,-0.0822,3.25,7.58,-2.18,-1.33,253.48,0.01,0.01,0.01,0.0,99695,1507,3,0.32,0.14,-0.03,0.03,49,-45,153,0,2.58,-0.75,0.0218,0.0375,26.58,27.35,12.9
734.797,flow_only,15.101,52.1376182,21.1614671,92.14,52.1376193,21.1614699,24,0.53,0.131,255,0.0,0.0,0.0398,-0.0362,3.242,7.553,-2.02,-1.45,253.91,0.01,0.01,0.04,0.0,99695,1507,3,0.32,0.13,-0.03,0.03,49,-68,98,0,2.55,-0.78,0.0196,0.0337,24.15,27.2,12.56
734.897,flow_only,15.2,52.1376181,21.1614671,92.11,52.1376193,21.1614699,24,0.53,0.131,255,0.1679,-0.3357,0.0388,-0.0266,3.24,7.524,-1.75,-1.7,254.53,0.01,0.01,0.01,0.01,99695,1507,3,0.32,0.13,-0.03,0.03,49,-58,96,0,2.54,-0.79,0.0214,0.0357,22.23,25.83,16.85
734.997,flow_only,15.301,52.1376181,21.1614672,92.08,52.1376193,21.1614699,24,0.53,0.131,255,0.0,-0.1679,-0.0347,0.0047,3.232,7.499,-1.82,-1.69,255.19,0.01,0.01,0.0,0.0,99695,1507,3,0.32,0.13,-0.03,0.03,49,155,-108,0,2.53,-0.78,0.0156,0.0264,22.11,24.27,18.15
735.097,flow_only,15.4,52.1376181,21.1614674,92.06,52.1376193,21.1614703,24,0.53,0.137,255,0.0,0.0,-0.0155,0.0341,3.228,7.476,-1.94,-1.51,255.81,0.01,0.01,0.02,0.0,99695,1507,3,0.32,0.16,-0.03,0.03,49,44,37,0,2.51,-0.81,0.0153,0.0241,21.89,22.7,16.22
735.197,flow_only,15.501,52.137618,21.1614676,92.04,52.1376194,21.1614707,24,0.53,0.175,255,0.0,0.0,0.0409,-0.0898,3.222,7.453,-1.84,-1.73,256.39,0.01,0.01,0.0,0.0,99695,1507,3,0.32,0.12,-0.03,0.03,49,-5,64,0,2.5,-0.81,0.0097,0.017,16.8,24.11,13.82
735.297,flow_only,15.6,52.1376181,21.1614677,92.02,52.1376194,21.1614707,24,0.53,0.175,255,0.0,0.0,0.0313,-0.0329,3.228,7.431,-1.66,-1.98,256.88,0.01,0.01,0.02,0.0,99695,1507,3,0.32,0.12,-0.03,0.03,49,160,-71,0,2.48,-0.81,0.0094,0.0144,19.89,19.86,18.48
735.397,flow_only,15.701,52.1376181,21.1614679,91.99,52.1376195,21.1614712,24,0.53,0.151,255,0.0,-0.1678,-0.0543,-0.0351,3.22,7.409,-1.72,-2.28,257.17,0.01,0.01,0.0,0.0,99695,1507,3,0.32,0.09,-0.03,0.03,49,16,107,0,2.48,-0.83,0.0088,0.0123,21.95,17.85,18.86
735.497,flow_only,15.8,52.1376181,21.161468,91.98,52.1376195,21.1614712,24,0.53,0.151,255,-0.1678,0.0,-0.0098,-0.0091,3.214,7.39,-1.96,-2.35,257.29,0.01,0.01,0.02,0.01,99695,1507,3,0.32,0.09,-0.03,0.03,49,-101,49,0,2.48,-0.83,0.0042,0.0144,16.63,21.28,15.07
735.597,flow_only,15.901,52.1376182,21.161468,91.96,52.1376197,21.1614715,24,0.53,0.114,255,0.0,0.0,0.0008,0.0751,3.22,7.374,-1.86,-2.05,257.45,0.01,0.01,0.0,0.0,99695,1507,3,0.32,0.1,-0.03,0.03,49,0,-33,0,2.48,-0.83,0.0032,0.015,18.74,18.03,12.61
735.697,flow_only,16.0,52.1376183,21.1614681,91.95,52.1376197,21.1614715,24,0.53,0.114,255,0.0,0.0,-0.0024,0.0288,3.222,7.36,-1.96,-1.82,257.69,0.01,0.01,0.0,0.0,99695,1507,3,0.32,0.1,-0.03,0.03,49,-130,-34,0,2.47,-0.83,0.012,0.0217,17.4,17.46,11.54
735.797,flow_only,16.101,52.1376184,21.1614681,91.93,52.1376198,21.1614718,24,0.53,0.102,255,0.0,-0.1678,-0.0635,-0.068,3.218,7.345,-2.11,-1.86,257.96,0.01,0.01,0.01,0.01,99695,1507,3,0.32,0.07,-0.03,0.03,49,25,-15,0,2.47,-0.83,0.0058,0.0121,14.59,20.42,10.85
735.897,flow_only,16.2,52.1376184,21.1614682,91.91,52.1376198,21.1614718,24,0.53,0.102,255,-0.1678,-0.1678,-0.0256,0.0212,3.212,7.329,-2.52,-2.13,258.05,0.01,0.01,0.01,0.0,99695,1507,3,0.32,0.07,-0.03,0.03,49,130,-52,0,2.47,-0.83,0.0117,0.0202,19.1,17.88,14.2
735.997,flow_only,16.3,52.1376184,21.1614682,91.9,52.1376198,21.1614718,24,0.53,0.102,255,0.0,0.0,0.0347,0.0565,3.22,7.315,-2.4,-1.8,258.06,0.01,0.01,0.0,0.01,99695,1507,3,0.32,0.07,-0.03,0.03,49,31,-56,0,2.47,-0.83,0.0073,0.0142,15.72,19.84,14.52
736.097,flow_only,16.401,52.1376185,21.1614683,91.88,52.1376198,21.161472,24,0.53,0.093,255,-0.1678,0.0,-0.0836,0.0012,3.226,7.3,-2.65,-1.59,258.05,0.01,0.01,0.01,0.0,99695,1507,3,0.32,0.15,-0.03,0.03,49,67,-39,0,2.46,-0.83,0.0135,0.0208,13.67,18.34,14.76
736.197,flow_only,16.501,52.1376185,21.1614683,91.87,52.13762,21.1614721,24,0.53,0.079,255,0.0,0.0,0.0643,-0.0601,3.236,7.283,-2.76,-1.9,257.95,0.01,0.01,0.0,0.0,99695,1507,3,0.32,0.14,-0.03,0.03,49,-106,90,0,2.46,-0.85,0.01,0.0156,16.91,16.61,16.12
736.297,flow_only,16.6,52.1376187,21.1614684,91.85,52.13762,21.1614721,24,0.53,0.079,255,0.0,-0.1678,0.0114,-0.001,3.24,7.266,-2.48,-2.03,257.92,0.01,0.01,0.0,0.0,99695,1507,3,0.32,0.14,-0.03,0.03,49,-36,-107,0,2.46,-0.85,0.0138,0.0219,19.01,15.23,12.34
736.397,flow_only,16.701,52.1376188,21.1614684,91.83,52.1376202,21.1614722,24,0.53,0.141,255,-0.1679,-0.1679,-0.0126,0.0193,3.238,7.247,-2.59,-1.95,258.02,0.01,0.01,0.01,0.01,99695,1507,3,0.32,0.17,-0.03,0.03,49,51,0,0,2.45,-0.86,0.0069,0.0125,19.91,14.2,9.05
736.497,flow_only,16.801,52.1376188,21.1614684,91.81,52.1376202,21.1614722,24,0.53,0.141,255,-0.1678,0.0,-0.0011,0.0166,3.244,7.227,-2.56,-1.92,258.27,0.01,0.01,0.0,0.0,99695,1507,3,0.32,0.17,-0.03,0.03,49,41,21,0,2.44,-0.88,0.003,0.0056,19.81,17.07,10.84
736.597,flow_only,16.901,52.1376189,21.1614685,91.79,52.1376204,21.1614724,24,0.53,0.15,255,0.0,-0.1678,0.0239,-0.0619,3.252,7.209,-2.55,-2.15,258.61,0.01,0.01,0.0,0.0,99695,1507,3,0.32,0.16,-0.03,0.03,49,47,28,0,2.44,-0.88,0.0046,0.006,22.14,17.26,9.52
736.697,flow_only,17.0,52.1376189,21.1614684,91.78,52.1376204,21.1614724,24,0.53,0.15,255,0.0,-0.1679,-0.0401,0.0513,3.246,7.191,-2.63,-2.17,259.07,0.01,0.01,0.0,0.0,99695,1507,3,0.32,0.16,-0.03,0.03,49,27,-114,0,2.44,-0.88,0.0076,0.0135,17.25,21.22,13.7
736.797,flow_only,17.101,52.137619,21.1614685,91.76,52.1376206,21.1614724,24,0.53,0.059,255,-0.1678,0.0,-0.0161,-0.0142,3.258,7.178,-2.92,-2.02,259.57,0.01,0.01,0.02,0.01,99695,1507,3,0.32,0.18,-0.03,0.03,49,-77,140,0,2.45,-0.89,0.0063,0.0163,18.57,21.77,16.71
736.897,flow_only,17.2,52.1376191,21.1614684,91.75,52.1376206,21.1614724,24,0.53,0.059,255,0.0,-0.1678,-0.0358,-0.0132,3.27,7.167,-3.03,-2.14,260.15,0.01,0.01,0.02,0.01,99695,1507,3,0.32,0.18,-0.03,0.03,49,66,37,0,2.46,-0.87,0.0102,0.0247,23.05,18.31,16.95
736.997,flow_only,17.3,52.1376191,21.1614683,91.74,52.1376206,21.1614724,24,0.53,0.059,255,-0.1678,0.0,-0.0029,0.0132,3.272,7.157,-3.26,-2.08,260.63,0.01,0.01,0.02,0.02,99695,1507,3,0.32,0.18,-0.03,0.03,49,75,2,0,2.47,-0.88,0.007,0.0254,20.74,18.39,13.92
737.097,flow_only,17.401,52.1376191,21.1614682,91.73,52.1376208,21.1614725,24,0.53,0.155,255,0.0,0.0,-0.0422,0.0218,3.272,7.148,-3.42,-1.81,261.03,0.01,0.01,0.02,0.01,99695,1507,3,0.32,0.15,-0.03,0.03,49,24,-52,0,2.48,-0.88,0.0076,0.0273,21.26,18.15,12.95
737.197,flow_only,17.501,52.1376192,21.1614682,91.72,52.1376211,21.1614726,24,0.53,0.118,255,0.0,0.0,-0.0032,0.0351,3.28,7.137,-3.51,-1.67,261.3,0.01,0.01,0.0,0.0,99695,1507,3,0.33,0.14,-0.03,0.03,49,-116,-15,0,2.48,-0.88,0.0077,0.0241,19.51,17.93,12.9
737.297,flow_only,17.6,52.1376193,21.1614682,91.71,52.1376211,21.1614726,24,0.53,0.118,255,0.0,0.0,0.0175,-0.0518,3.278,7.126,-3.36,-1.71,261.43,0.01,0.01,0.02,0.01,99695,1507,3,0.33,0.14,-0.03,0.03,49,-153,-14,0,2.49,-0.87,0.0219,0.0393,17.69,18.53,11.39
737.397,flow_only,17.701,52.1376194,21.1614682,91.7,52.1376213,21.1614727,24,0.53,0.128,255,0.0,0.0,-0.0255,-0.0313,3.276,7.113,-3.32,-1.95,261.53,0.01,0.01,0.0,0.01,99695,1507,3,0.33,0.17,-0.03,0.03,49,31,59,0,2.48,-0.87,0.0133,0.025,20.58,16.89,11.84
737.497,flow_only,17.8,52.1376195,21.1614682,91.68,52.1376213,21.1614727,24,0.53,0.128,255,-0.1678,0.0,-0.0813,-0.0253,3.264,7.096,-3.74,-2.22,261.52,0.01,0.01,0.0,0.01,99695,1507,3,0.33,0.17,-0.03,0.03,49,99,57,0,2.47,-0.87,0.0049,0.0117,17.67,18.64,13.35
737.597,flow_only,17.901,52.1376196,21.1614681,91.66,52.1376213,21.1614728,24,0.53,0.084,255,0.0,0.0,0.0078,0.0645,3.272,7.08,-3.93,-2.03,261.46,0.01,0.01,0.04,0.01,99695,1507,3,0.33,0.13,-0.03,0.03,49,-81,-21,0,2.48,-0.87,0.0126,0.0291,20.93,19.62,13.33
737.697,flow_only,18.001,52.1376196,21.1614681,91.65,52.1376213,21.1614728,24,0.53,0.084,255,0.0,0.0,0.0106,0.0131,3.264,7.065,-3.95,-1.87,261.47,0.01,0.01,0.01,0.02,99695,1507,3,0.33,0.13,-0.03,0.03,49,61,-28,0,2.47,-0.89,0.0145,0.0252,20.01,19.04,13.93
737.797,flow_only,18.101,52.1376197,21.1614681,91.63,52.1376213,21.1614729,24,0.53,0.035,255,0.0,0.0,-0.0329,-0.0142,3.262,7.046,-4.06,-1.77,261.61,0.01,0.01,0.01,0.0,99695,1507,3,0.33,0.12,-0.03,0.03,49,50,-35,0,2.45,-0.9,0.0099,0.0161,20.21,18.19,14.59
737.897,flow_only,18.201,52.1376197,21.1614681,91.61,52.1376213,21.1614729,24,0.53,0.035,255,0.0,0.0,0.0334,-0.0301,3.256,7.027,-4.17,-1.99,261.79,0.01,0.01,0.0,0.0,99695,1507,3,0.33,0.12,-0.03,0.03,49,45,57,0,2.46,-0.89,0.0029,0.0062,20.02,22.55,16.87
737.997,flow_only,18.301,52.1376197,21.1614681,91.6,52.1376213,21.1614729,24,0.53,0.035,255,0.0,0.0,-0.0089,-0.0391,3.258,7.011,-4.17,-2.01,262.05,0.01,0.01,0.03,0.02,99695,1507,3,0.33,0.12,-0.03,0.03,49,-25,-164,0,2.47,-0.87,0.012,0.0245,21.11,18.49,15.49
738.097,flow_only,18.4,52.1376197,21.1614682,91.58,52.1376213,21.1614731,24,0.53,0.1,255,0.0,-0.1679,0.09,-0.0375,3.256,7.0,-3.9,-2.27,262.3,0.01,0.01,0.03,0.01,99695,1507,3,0.33,0.12,-0.03,0.03,49,-9,48,0,2.47,-0.87,0.0064,0.0253,21.41,19.08,13.54
738.197,flow_only,18.501,52.1376196,21.1614682,91.58,52.1376214,21.1614732,24,0.53,0.059,255,0.0,0.0,0.0378,-0.0127,3.258,6.992,-3.49,-2.3,262.62,0.01,0.01,0.03,0.0,99695,1507,3,0.33,0.12,-0.03,0.03,49,47,2,0,2.48,-0.85,0.0105,0.032,21.11,17.1,14.21
738.297,flow_only,18.6,52.1376196,21.1614682,91.58,52.1376214,21.1614732,24,0.53,0.059,255,0.0,0.0,0.0132,-0.0382,3.264,6.99,-3.4,-2.43,262.85,0.01,0.01,0.06,0.02,99695,1507,3,0.33,0.12,-0.03,0.03,49,-50,2,0,2.5,-0.85,0.0089,0.044,21.09,17.98,14.96
738.397,flow_only,18.701,52.1376196,21.1614682,91.58,52.1376212,21.1614733,24,0.53,0.128,255,0.1678,0.0,0.0321,0.0401,3.252,6.994,-3.05,-2.3,262.97,0.01,0.01,0.06,0.02,99695,1507,3,0.33,0.14,-0.03,0.03,49,-104,-182,0,2.52,-0.81,0.0181,0.0561,19.68,19.78,13.87
738.497,flow_only,18.8,52.1376196,21.1614682,91.58,52.1376212,21.1614733,24,0.53,0.128,255,0.0,0.0,0.0116,-0.0033,3.26,6.996,-3.04,-2.25,262.93,0.01,0.01,0.0,0.01,99695,1507,3,0.33,0.14,-0.03,0.03,49,4,-16,0,2.52,-0.81,0.018,0.0423,20.42,17.62,15.51
738.597,flow_only,18.901,52.1376196,21.1614683,91.58,52.1376211,21.1614734,24,0.53,0.043,255,0.0,0.0,0.0275,-0.0173,3.26,6.994,-2.82,-2.35,262.85,0.01,0.01,0.02,0.01,99695,1507,3,0.33,0.14,-0.03,0.03,49,-91,12,0,2.52,-0.82,0.0207,0.0402,17.68,19.79,15.41
738.697,flow_only,19.001,52.1376196,21.1614683,91.57,52.1376211,21.1614734,24,0.53,0.043,255,0.0,0.0,0.0153,-0.0171,3.264,6.987,-2.71,-2.48,262.77,0.01,0.01,0.01,0.0,99695,1507,3,0.33,0.14,-0.03,0.03,49,124,-5,0,2.52,-0.81,0.0079,0.0241,16.9,17.96,12.37
738.797,flow_only,19.101,52.1376196,21.1614683,91.56,52.1376209,21.1614734,24,0.53,0.106,255,0.0,0.0,0.0008,0.0388,3.266,6.978,-2.71,-2.46,262.58,0.01,0.01,0.03,0.01,99695,1507,3,0.33,0.13,-0.03,0.03,49,-28,-12,0,2.53,-0.81,0.0089,0.0262,16.01,18.9,12.38
738.897,flow_only,19.201,52.1376196,21.1614683,91.55,52.1376209,21.1614734,24,0.53,0.106,255,0.0,0.0,-0.0231,0.0189,3.254,6.968,-2.83,-2.25,262.47,0.01,0.01,0.01,0.0,99695,1507,3,0.33,0.13,-0.03,0.03,49,-13,-67,0,2.53,-0.81,0.0101,0.0235,16.98,18.6,12.98
738.997,flow_only,19.301,52.1376195,21.1614682,91.54,52.1376209,21.1614734,24,0.53,0.106,255,0.0,0.1678,0.0,0.0453,3.25,6.957,-2.98,-2.03,262.39,0.01,0.01,0.02,0.0,99695,1507,3,0.33,0.13,-0.03,0.03,49,23,-66,0,2.53,-0.81,0.0048,0.0178,17.9,19.09,14.58
739.097,flow_only,19.401,52.1376195,21.1614683,91.53,52.1376208,21.1614734,24,0.53,0.067,255,0.0,0.0,0.018,-0.0296,3.254,6.947,-2.9,-2.02,262.35,0.01,0.01,0.02,0.01,99695,1507,3,0.33,0.13,-0.03,0.03,49,-9,-34,0,2.54,-0.8,0.0091,0.0208,20.47,21.95,12.26
739.197,flow_only,19.501,52.1376195,21.1614683,91.52,52.1376207,21.1614734,24,0.53,0.078,255,0.0,0.0,-0.0286,-0.0254,3.242,6.937,-3.02,-2.16,262.42,0.01,0.01,0.03,0.0,99695,1507,3,0.33,0.13,-0.03,0.03,49,148,11,0,2.54,-0.8,0.0076,0.0224,23.21,20.49,18.02
739.297,flow_only,19.6,52.1376194,21.1614683,91.51,52.1376207,21.1614734,24,0.53,0.078,255,0.0,-0.3357,0.0144,-0.062,3.242,6.928,-3.16,-2.47,262.54,0.01,0.01,0.0,0.0,99695,1507,3,0.33,0.13,-0.03,0.03,49,16,40,0,2.54,-0.79,0.0063,0.0153,20.17,21.68,14.33
739.397,flow_only,19.701,52.1376194,21.1614684,91.5,52.1376205,21.1614735,24,0.53,0.127,255,0.3357,0.0,0.128,0.0104,3.244,6.919,-2.62,-2.54,262.83,0.01,0.01,0.04,0.0,99695,1507,3,0.33,0.14,-0.03,0.03,49,33,23,0,2.55,-0.79,0.016,0.03,22.94,19.15,17.12
739.497,flow_only,19.801,52.1376193,21.1614685,91.49,52.1376205,21.1614735,24,0.53,0.127,255,0.1678,0.0,0.0147,-0.0492,3.238,6.909,-2.35,-2.52,263.21,0.01,0.01,0.01,0.0,99695,1507,3,0.33,0.14,-0.03,0.03,49,87,-18,0,2.53,-0.79,0.0103,0.0156,20.84,20.16,13.72
739.597,flow_only,19.901,52.1376192,21.1614685,91.48,52.1376203,21.1614735,24,0.53,0.11,255,0.1678,0.0,0.0262,-0.0113,3.238,6.898,-2.26,-2.89,263.6,0.01,0.01,0.03,0.01,99695,1507,3,0.33,0.15,-0.03,0.03,49,-53,-112,0,2.55,-0.78,0.0088,0.0166,21.22,20.54,14.68
739.697,flow_only,20.0,52.1376191,21.1614687,91.48,52.1376203,21.1614735,24,0.53,0.11,255,0.0,0.0,0.0206,0.0096,3.23,6.892,-2.31,-2.63,264.04,0.01,0.01,0.06,0.0,99695,1507,3,0.33,0.15,-0.03,0.03,49,144,-26,0,2.57,-0.75,0.0149,0.0333,23.28,19.72,17.14
739.797,flow_only,20.101,52.1376191,21.1614688,91.47,52.1376201,21.1614734,24,0.53,0.042,255,0.0,0.0,0.0519,-0.0678,3.228,6.89,-2.12,-2.9,264.4,0.01,0.01,0.04,0.01,99695,1507,3,0.33,0.14,-0.03,0.03,49,-60,18,0,2.59,-0.73,0.0095,0.0315,20.72,19.67,17.07
739.897,flow_only,20.2,52.137619,21.1614688,91.47,52.1376201,21.1614734,24,0.53,0.042,255,0.0,0.0,-0.0446,-0.0154,3.23,6.89,-2.27,-2.91,264.95,0.01,0.01,0.05,0.01,99695,1507,3,0.33,0.14,-0.03,0.03,49,-1,-9,0,2.6,-0.71,0.009,0.0348,22.57,19.05,13.75
739.997,flow_only,20.3,52.137619,21.1614688,91.48,52.1376201,21.1614734,24,0.53,0.042,255,0.0,0.0,-0.0081,0.0203,3.218,6.893,-2.47,-2.9,265.63,0.01,0.01,0.07,0.01,99695,1507,3,0.33,0.14,-0.03,0.03,49,31,3,0,2.61,-0.71,0.012,0.0457,21.47,21.52,13.38
740.097,flow_only,20.4,52.1376189,21.1614688,91.48,52.13762,21.1614735,24,0.53,0.035,255,0.0,0.0,0.013,-0.0129,3.218,6.896,-2.38,-2.7,266.36,0.01,0.01,0.03,0.0,99695,1507,3,0.33,0.17,-0.03,0.03,49,-37,-60,0,2.63,-0.68,0.0088,0.0356,19.31,22.29,17.26
740.197,flow_only,20.501,52.1376189,21.1614688,91.48,52.13762,21.1614734,24,0.53,0.052,255,0.0,0.0,-0.0124,-0.0581,3.212,6.898,-2.42,-3.07,266.89,0.01,0.01,0.05,0.01,99695,1507,3,0.33,0.1,-0.03,0.03,49,9,67,0,2.65,-0.66,0.0078,0.0359,19.01,20.7,15.01
740.297,flow_only,20.6,52.1376189,21.1614687,91.49,52.13762,21.1614734,24,0.53,0.052,255,0.0,0.0,-0.0462,0.0438,3.206,6.903,-2.61,-2.94,267.13,0.01,0.01,0.08,0.01,99695,1507,3,0.33,0.1,-0.03,0.03,49,24,-43,0,2.67,-0.62,0.0102,0.0463,19.77,21.06,16.69
740.397,flow_only,20.701,52.1376189,21.1614686,91.5,52.1376199,21.1614732,24,0.53,0.076,255,0.0,0.0,-0.0074,0.0271,3.208,6.91,-2.75,-2.95,267.03,0.01,0.01,0.05,0.02,99695,1507,3,0.33,0.11,-0.03,0.03,49,68,-35,0,2.69,-0.62,0.011,0.0449,19.72,19.17,15.79
740.497,flow_only,20.8,52.1376189,21.1614686,91.5,52.1376199,21.1614732,24,0.53,0.076,255,0.0,0.0,-0.0241,0.0569,3.2,6.919,-2.88,-2.56,266.71,0.01,0.01,0.07,0.01,99695,1507,3,0.33,0.11,-0.03,0.03,49,31,-90,0,2.71,-0.58,0.0129,0.0501,16.53,18.56,14.97
740.597,flow_only,20.901,52.1376189,21.1614686,91.51,52.1376199,21.161473,24,0.53,0.051,255,0.0,0.0,-0.0324,0.0096,3.198,6.927,-3.01,-2.63,266.16,0.01,0.01,0.04,0.0,99695,1507,3,0.33,0.15,-0.03,0.03,49,18,-29,0,2.72,-0.56,0.015,0.0431,15.82,14.98,14.79
740.697,flow_only,21.0,52.1376188,21.1614686,91.52,52.1376199,21.161473,24,0.53,0.051,255,-0.1678,0.0,-0.0397,-0.0094,3.188,6.933,-3.28,-2.6,265.39,0.01,0.01,0.05,0.01,99695,1507,3,0.33,0.15,-0.03,0.03,49,64,-56,0,2.73,-0.56,0.0162,0.0421,18.39,17.66,11.95
740.797,flow_only,21.101,52.1376188,21.1614686,91.52,52.13762,21.1614728,24,0.53,0.115,255,0.1678,0.1678,0.0868,0.0845,3.176,6.94,-3.08,-2.54,264.58,0.01,0.01,0.05,0.01,99695,1507,3,0.33,0.12,-0.03,0.03,49,7,-11,0,2.75,-0.52,0.0141,0.0385,20.73,19.27,12.97
740.897,flow_only,21.2,52.1376188,21.1614686,91.53,52.13762,21.1614728,24,0.53,0.115,255,0.0,0.0,0.0183,-0.0448,3.17,6.943,-2.8,-2.28,263.93,0.01,0.01,0.02,0.0,99695,1507,3,0.33,0.12,-0.03,0.03,49,-56,-130,0,2.75,-0.5,0.0204,0.0363,22.34,16.75,15.46
740.997,flow_only,21.301,52.1376188,21.1614687,91.53,52.13762,21.1614728,24,0.53,0.115,255,0.0,0.0,0.0566,-0.0277,3.158,6.942,-2.6,-2.74,263.49,0.01,0.01,0.01,0.01,99695,1507,3,0.33,0.12,-0.03,0.03,49,-35,86,0,2.75,-0.5,0.0082,0.0151,18.19,20.62,14.55
741.097,flow_only,21.4,52.1376188,21.1614687,91.52,52.13762,21.1614725,24,0.53,0.183,255,0.0,0.0,-0.0622,0.0225,3.162,6.937,-2.61,-2.56,263.37,0.01,0.01,0.01,0.0,99695,1507,3,0.33,0.1,-0.03,0.03,49,0,-78,0,2.74,-0.5,0.0119,0.0186,17.7,21.89,12.68
741.197,flow_only,21.501,52.1376188,21.1614686,91.52,52.1376201,21.1614721,24,0.53,0.109,255,0.0,0.1678,-0.0089,0.028,3.148,6.932,-2.72,-2.52,263.34,0.01,0.01,0.03,0.0,99695,1507,3,0.33,0.12,-0.03,0.03,49,8,-31,0,2.74,-0.49,0.0042,0.0052,17.42,22.83,12.89
741.297,flow_only,21.601,52.1376188,21.1614685,91.51,52.1376201,21.1614721,24,0.53,0.109,255,0.0,0.1678,0.0099,0.0367,3.146,6.927,-2.71,-2.31,263.41,0.01,0.01,0.02,0.0,99695,1507,3,0.33,0.12,-0.03,0.03,49,12,-67,0,2.75,-0.48,0.0011,0.0044,19.72,22.56,14.55
741.397,flow_only,21.701,52.1376188,21.1614685,91.51,52.1376201,21.1614717,24,0.53,0.16,255,0.1678,0.0,0.0721,-0.0607,3.136,6.923,-2.47,-2.62,263.53,0.01,0.01,0.04,0.01,99695,1507,3,0.33,0.11,-0.03,0.03,49,-37,-17,0,2.75,-0.47,0.0051,0.0082,21.67,21.49,15.52
741.497,flow_only,21.801,52.1376188,21.1614685,91.51,52.1376201,21.1614717,24,0.53,0.16,255,0.0,0.1678,-0.0611,0.0257,3.136,6.922,-2.61,-2.41,263.78,0.01,0.01,0.02,0.0,99695,1507,3,0.33,0.11,-0.03,0.03,49,-34,-22,0,2.76,-0.46,0.0082,0.0133,21.48,20.69,14.49
741.597,flow_only,21.901,52.1376188,21.1614684,91.51,52.13762,21.1614713,24,0.53,0.126,255,0.0,0.0,0.0772,-0.0116,3.132,6.923,-2.44,-2.44,263.97,0.01,0.01,0.05,0.01,99695,1507,3,0.33,0.06,-0.03,0.03,49,7,-34,0,2.77,-0.44,0.0043,0.0105,19.64,19.93,11.69
741.697,flow_only,22.0,52.1376188,21.1614683,91.51,52.13762,21.1614713,24,0.53,0.126,255,0.1678,0.0,-0.0271,0.0216,3.12,6.923,-2.33,-2.32,264.21,0.01,0.01,0.0,0.01,99695,1507,3,0.33,0.06,-0.03,0.03,49,-56,-39,0,2.77,-0.44,0.0099,0.0173,17.66,20.01,11.83
741.797,flow_only,22.101,52.1376188,21.1614682,91.51,52.1376199,21.1614709,24,0.53,0.126,255,0.1679,0.0,0.0731,-0.0,3.122,6.921,-2.17,-2.39,264.57,0.01,0.01,0.01,0.0,99695,1507,3,0.33,0.1,-0.03,0.03,49,-34,-11,0,2.77,-0.43,0.0118,0.021,17.73,20.6,12.91
741.897,flow_only,22.201,52.1376188,21.1614681,91.5,52.1376199,21.1614709,24,0.53,0.126,255,0.0,0.0,-0.026,0.0525,3.122,6.92,-2.2,-2.06,265.05,0.01,0.01,0.05,0.0,99695,1507,3,0.33,0.1,-0.03,0.03,49,-15,-104,0,2.78,-0.43,0.0036,0.0052,15.32,21.91,12.39
741.997,flow_only,22.301,52.1376188,21.1614681,91.51,52.1376199,21.1614709,24,0.53,0.126,255,0.0,0.0,-0.0289,0.0141,3.126,6.921,-2.31,-1.96,265.43,0.01,0.01,0.03,0.01,99695,1507,3,0.33,0.1,-0.03,0.03,49,19,-32,0,2.79,-0.41,0.0093,0.0131,15.92,21.35,13.99
742.097,flow_only,22.401,52.1376188,21.1614681,91.51,52.1376196,21.1614706,24,0.53,0.227,255,0.0,0.0,-0.0363,-0.0099,3.122,6.92,-2.51,-1.79,265.74,0.01,0.01,0.01,0.01,99695,1507,3,0.34,0.15,-0.03,0.03,49,-152,-51,0,2.79,-0.42,0.0117,0.0199,19.91,21.26,16.6
742.197,flow_only,22.501,52.1376188,21.1614682,91.5,52.1376194,21.1614702,24,0.53,0.087,255,0.0,0.0,-0.0164,0.0439,3.116,6.918,-2.63,-1.73,266.11,0.01,0.01,0.01,0.01,99695,1507,3,0.34,0.14,-0.03,0.03,49,-141,6,0,2.78,-0.42,0.0163,0.0295,20.68,21.95,14.04
742.297,flow_only,22.6,52.1376189,21.1614683,91.5,52.1376194,21.1614702,24,0.53,0.087,255,-0.1678,0.0,-0.1519,0.0394,3.118,6.918,-3.12,-1.28,266.67,0.01,0.01,0.07,0.01,99695,1507,3,0.34,0.14,-0.03,0.03,49,29,-93,0,2.81,-0.39,0.0124,0.0227,19.82,18.67,12.2
742.397,flow_only,22.701,52.1376188,21.1614685,91.51,52.1376193,21.16147,24,0.53,0.09,255,-0.3357,0.0,-0.1556,0.0563,3.112,6.925,-4.01,-1.1,267.02,0.01,0.01,0.06,0.0,99695,1507,3,0.34,0.11,-0.03,0.03,49,136,6,0,2.82,-0.39,0.0224,0.0395,19.21,21.52,11.58
742.497,flow_only,22.8,52.1376186,21.1614687,91.52,52.1376193,21.16147,24,0.53,0.09,255,-0.1678,0.0,-0.127,0.0779,3.112,6.935,-4.76,-0.66,266.43,0.01,0.01,0.06,0.01,99695,1507,3,0.34,0.11,-0.03,0.03,49,-76,83,0,2.85,-0.34,0.0174,0.0368,23.0,19.29,13.98
742.597,flow_only,22.901,52.1376183,21.1614688,91.53,52.1376192,21.1614697,24,0.53,0.065,255,0.0,0.1678,0.0011,0.0844,3.112,6.945,-5.02,-0.44,264.18,0.01,0.01,0.03,0.04,99695,1507,3,0.34,0.14,-0.03,0.03,49,26,118,0,2.86,-0.32,0.0262,0.0477,19.65,17.55,13.25
742.697,flow_only,23.0,52.137618,21.1614688,91.54,52.1376192,21.1614697,24,0.53,0.065,255,0.0,0.0,-0.0637,0.1036,3.112,6.953,-5.24,-0.2,260.26,0.01,0.01,0.03,0.03,99695,1507,3,0.34,0.14,-0.03,0.03,49,-25,241,0,2.87,-0.32,0.0413,0.0696,19.32,19.99,14.49
742.797,flow_only,23.101,52.1376178,21.1614687,91.55,52.137619,21.1614697,24,0.53,0.128,255,0.1678,0.0,-0.1322,0.1722,3.12,6.96,-5.7,-0.01,255.13,0.01,0.01,0.04,0.01,99695,1507,3,0.34,0.15,-0.03,0.03,49,-42,75,0,2.88,-0.3,0.0349,0.0616,21.38,24.23,13.41
742.897,flow_only,23.2,52.1376174,21.1614688,91.55,52.137619,21.1614697,24,0.53,0.128,255,-0.1679,0.1679,-0.2436,0.1139,3.128,6.967,-6.96,0.22,248.94,0.01,0.01,0.05,0.01,99695,1507,3,0.34,0.15,-0.03,0.03,49,31,-159,0,2.89,-0.31,0.0101,0.0261,19.85,23.5,11.73
742.997,flow_only,23.301,52.1376171,21.1614688,91.56,52.137619,21.1614697,24,0.53,0.128,255,0.0,0.1678,-0.1404,0.1366,3.132,6.974,-7.88,-0.1,241.82,0.01,0.01,0.0,0.0,99695,1507,3,0.34,0.15,-0.03,0.03,49,69,95,0,2.89,-0.28,0.0427,0.0762,19.1,22.11,12.42
743.097,flow_only,23.4,52.1376167,21.1614689,91.56,52.1376186,21.16147,24,0.53,0.324,255,0.0,0.3357,-0.1894,0.1148,3.132,6.975,-8.73,-0.48,234.27,0.01,0.01,0.0,0.02,99695,1507,3,0.34,0.14,-0.03,0.03,49,-43,229,0,2.88,-0.29,0.0409,0.0748,18.28,19.04,13.36
743.197,flow_only,23.501,52.1376162,21.161469,91.56,52.1376181,21.1614706,24,0.53,0.431,255,0.0,0.1677,-0.1189,0.0754,3.126,6.973,-9.38,-1.23,226.51,0.01,0.01,0.0,0.06,99695,1507,3,0.34,0.13,-0.03,0.03,49,-422,592,0,2.89,-0.3,0.0873,0.1526,18.16,19.89,14.54
743.297,flow_only,23.6,52.1376157,21.161469,91.56,52.1376181,21.1614706,24,0.53,0.431,255,-0.1678,0.1678,-0.114,0.0335,3.126,6.976,-9.68,-2.33,218.5,0.01,0.01,0.04,0.02,99695,1507,3,0.34,0.13,-0.03,0.03,49,1522,763,0,2.9,-0.29,0.0596,0.1089,19.78,19.55,15.33
743.397,flow_only,23.701,52.1376152,21.1614692,91.57,52.1376174,21.1614717,24,0.53,0.7,255,0.0,0.1679,-0.0977,0.1122,3.11,6.983,-9.83,-3.4,210.36,0.01,0.01,0.03,0.02,99695,1507,3,0.34,0.13,-0.03,0.03,49,-14,-83,0,2.92,-0.26,0.0623,0.115,20.12,18.77,13.76
743.497,flow_only,23.8,52.1376147,21.1614696,91.58,52.1376174,21.1614717,24,0.53,0.7,255,0.3357,-0.5036,-0.0446,0.005,3.106,6.994,-9.7,-4.38,202.21,0.01,0.01,0.07,0.06,99695,1507,3,0.34,0.13,-0.03,0.03,49,-227,-179,0,2.96,-0.2,0.0746,0.1378,18.76,17.26,14.03
743.597,flow_only,23.901,52.1376143,21.1614703,91.6,52.1376164,21.1614735,24,0.53,1.07,255,0.5033,0.1678,0.0568,0.0546,3.094,7.012,-8.69,-5.45,194.36,0.01,0.01,0.06,0.1,99695,1507,3,0.34,0.12,-0.03,0.03,49,-2,-105,0,2.98,-0.2,0.0508,0.0997,17.39,19.06,13.11
743.697,flow_only,24.0,52.1376139,21.1614711,91.62,52.1376164,21.1614735,24,0.53,1.07,255,0.5034,0.3356,0.0548,-0.0185,3.076,7.036,-7.52,-6.36,186.74,0.01,0.01,0.1,0.08,99695,1507,3,0.34,0.12,-0.03,0.03,49,-76,-29,0,3.02,-0.11,0.054,0.1114,18.52,18.56,13.59
743.797,flow_only,24.101,52.1376134,21.1614722,91.65,52.1376148,21.1614763,24,0.53,1.46,255,0.6712,0.3356,0.1116,-0.0133,3.06,7.063,-6.1,-7.48,179.41,0.01,0.01,0.09,0.06,99695,1507,3,0.34,0.12,-0.03,0.03,49,-109,18,0,3.05,-0.07,0.0369,0.0877,17.82,17.08,13.04
743.897,flow_only,24.2,52.1376126,21.1614738,91.67,52.1376148,21.1614763,24,0.53,1.46,255,0.3358,0.3358,0.1559,0.0904,3.054,7.089,-4.32,-7.78,172.36,0.01,0.01,0.05,0.06,99695,1507,3,0.34,0.12,-0.03,0.03,49,-197,-133,0,3.07,-0.04,0.0196,0.0547,17.54,17.19,12.11
743.997,flow_only,24.301,52.1376118,21.1614755,91.7,52.1376148,21.1614763,24,0.53,1.46,255,0.3356,0.3356,0.1806,0.1405,3.046,7.113,-2.47,-7.4,165.75,0.01,0.01,0.07,0.06,99695,1507,3,0.34,0.12,-0.03,0.03,49,-49,40,0,3.09,-0.02,0.0115,0.0398,20.19,19.43,11.79
744.097,flow_only,24.4,52.1376109,21.1614773,91.72,52.1376129,21.1614795,24,0.53,1.602,255,0.5034,0.5034,0.2261,0.1311,3.022,7.139,-0.31,-6.86,159.58,0.01,0.01,0.07,0.06,99695,1507,3,0.34,0.12,-0.03,0.03,49,227,496,0,3.11,0.0,0.0314,0.061,19.17,17.1,12.44
744.197,flow_only,24.501,52.1376098,21.1614792,91.75,52.1376107,21.1614832,24,0.53,1.909,255,0.3357,0.6714,0.1093,0.278,3.002,7.161,1.27,-5.53,153.98,0.01,0.01,0.03,0.05,99695,1507,3,0.34,0.12,-0.03,0.03,49,301,328,0,3.12,0.02,0.0483,0.085,20.56,20.88,14.17
744.297,flow_only,24.6,52.1376086,21.1614814,91.76,52.1376107,21.1614832,24,0.53,1.909,255,0.1678,0.5035,0.0367,0.2275,2.974,7.18,1.99,-4.06,148.43,0.01,0.01,0.05,0.04,99695,1507,3,0.34,0.12,-0.03,0.03,49,179,585,0,3.13,0.05,0.0781,0.1372,21.14,18.88,13.71
744.397,flow_only,24.701,52.1376073,21.1614837,91.78,52.1376107,21.1614832,24,0.53,1.909,255,0.3357,1.5109,0.0847,0.3333,2.958,7.197,2.69,-2.18,143.06,0.01,0.01,0.05,0.07,99695,1507,3,0.34,0.12,-0.03,0.03,49,-133,-145,0,3.14,0.09,0.0437,0.0837,19.73,17.74,13.28
744.497,flow_only,24.8,52.137606,21.1614857,91.8,52.1376083,21.1614872,24,0.53,1.865,255,0.1679,0.6715,0.0249,0.2256,2.916,7.214,3.09,-0.26,137.88,0.01,0.01,0.05,0.08,99695,1507,3,0.33,0.1,-0.03,0.03,49,91,-54,0,3.15,0.12,0.0128,0.0318,22.21,20.85,16.39
744.597,flow_only,24.901,52.1376048,21.1614878,91.81,52.1376083,21.1614872,24,0.53,1.865,255,0.1678,0.6714,-0.0197,0.183,2.908,7.229,3.12,1.02,133.12,0.01,0.01,0.03,0.1,99695,1507,3,0.33,0.1,-0.03,0.03,49,32,-105,0,3.16,0.14,0.0324,0.065,21.28,21.17,16.45
744.697,flow_only,25.0,52.1376035,21.1614899,91.83,52.1376059,21.1614913,24,0.53,1.952,255,-0.1678,1.1749,-0.0665,0.0847,2.944,7.243,2.81,2.01,129.54,0.01,0.01,0.01,0.1,99695,1507,3,0.33,0.09,-0.03,0.03,49,-17,-102,0,3.16,0.16,0.0446,0.0864,19.39,20.86,16.23
744.797,flow_only,25.101,52.1376023,21.1614921,91.84,52.1376035,21.1614952,24,0.55,1.678,255,-0.1678,0.5034,-0.0799,-0.0406,2.908,7.255,2.26,2.07,127.28,0.01,0.01,0.03,0.12,99695,1507,3,0.33,0.08,-0.03,0.03,49,-84,433,0,3.17,0.18,0.0679,0.1252,22.2,22.0,16.32
744.897,flow_only,25.2,52.137601,21.1614942,91.86,52.1376035,21.1614952,24,0.55,1.678,255,-0.1678,0.5035,0.0656,0.0668,2.904,7.27,2.34,2.26,126.06,0.01,0.01,0.06,0.11,99695,1507,3,0.33,0.08,-0.03,0.03,49,-135,281,0,3.19,0.19,0.0731,0.135,24.74,26.25,17.91
744.997,flow_only,25.3,52.1375997,21.1614962,91.87,52.1376035,21.1614952,24,0.55,1.678,255,0.0,0.5035,-0.0397,0.0049,2.874,7.287,2.34,2.46,125.57,0.01,0.01,0.02,0.06,99695,1507,3,0.33,0.08,-0.03,0.03,49,-176,-94,0,3.19,0.21,0.0473,0.0916,23.64,26.64,17.19
745.097,flow_only,25.4,52.1375984,21.1614981,91.89,52.1376015,21.1614988,24,0.55,1.569,255,0.0,0.3356,0.0655,-0.0379,2.872,7.302,2.38,2.19,125.78,0.01,0.01,0.0,0.11,99695,1507,3,0.33,0.08,-0.03,0.03,49,119,-164,0,3.18,0.23,0.0325,0.0693,24.15,27.0,17.77
745.197,flow_only,25.501,52.1375974,21.1614997,91.9,52.1376015,21.1614988,24,0.55,1.569,255,0.0,0.8394,0.0213,0.0414,2.884,7.312,2.72,2.33,126.6,0.01,0.01,0.01,0.06,99695,1507,3,0.33,0.08,-0.03,0.03,49,11,-146,0,3.18,0.23,0.0066,0.0291,23.89,29.57,17.84
745.297,flow_only,25.6,52.1375965,21.1615011,91.91,52.1375996,21.1615021,24,0.53,1.418,255,-0.3356,0.3356,-0.0294,-0.175,2.88,7.321,2.54,1.75,127.65,0.01,0.01,0.01,0.1,99695,1507,3,0.33,0.08,-0.03,0.03,49,89,-64,0,3.17,0.22,0.0245,0.0458,26.02,27.7,16.12
745.397,flow_only,25.701,52.1375958,21.1615025,91.91,52.1375977,21.1615052,24,0.53,1.291,255,0.0,0.1679,0.0518,-0.1326,2.866,7.327,2.73,0.86,128.89,0.01,0.01,0.02,0.09,99695,1507,3,0.32,0.07,-0.03,0.03,49,38,238,0,3.16,0.22,0.0237,0.0596,28.77,29.18,15.92
745.497,flow_only,25.801,52.137595,21.1615039,91.92,52.1375977,21.1615052,24,0.53,1.291,255,0.0,0.3357,0.069,-0.1876,2.844,7.332,3.07,-0.1,130.21,0.01,0.01,0.01,0.09,99695,1507,3,0.32,0.07,-0.03,0.03,49,-8,-111,0,3.16,0.22,0.021,0.0531,27.44,31.9,19.48
745.597,flow_only,25.901,52.1375943,21.1615051,91.92,52.1375977,21.1615052,24,0.53,1.291,255,0.1679,0.5036,0.122,-0.0727,2.848,7.339,3.71,-0.97,131.6,0.01,0.01,0.0,0.11,99695,1507,3,0.32,0.07,-0.03,0.03,49,-80,-242,0,3.16,0.23,0.0256,0.0564,26.42,28.62,17.12
745.697,flow_only,26.001,52.1375935,21.1615062,91.93,52.137596,21.161508,24,0.53,1.277,255,0.0,0.3356,0.0013,-0.0513,2.864,7.345,3.95,-1.34,132.99,0.01,0.01,0.01,0.07,99695,1507,3,0.32,0.07,-0.03,0.03,49,-25,-156,0,3.15,0.23,0.0194,0.0557,23.35,26.06,18.54
745.797,flow_only,26.101,52.1375928,21.1615073,91.94,52.137596,21.161508,24,0.53,1.277,255,0.0,0.1678,-0.0554,-0.0944,2.858,7.351,3.76,-2.04,133.92,0.01,0.01,0.0,0.09,99695,1507,3,0.32,0.07,-0.03,0.03,49,56,-133,0,3.16,0.23,0.0269,0.0648,20.88,21.54,19.61
745.897,flow_only,26.2,52.1375922,21.1615081,91.95,52.1375942,21.1615105,24,0.53,1.169,255,0.0,0.1678,-0.0686,-0.1078,2.888,7.361,3.22,-2.53,134.5,0.01,0.01,0.01,0.09,99695,1507,3,0.32,0.07,-0.03,0.03,49,-60,-104,0,3.17,0.22,0.0315,0.0651,18.65,19.71,17.29
745.997,flow_only,26.3,52.1375913,21.161509,91.96,52.1375942,21.1615105,24,0.53,1.169,255,0.0,0.1678,-0.0731,-0.1864,2.886,7.371,2.96,-3.52,134.94,0.01,0.01,0.0,0.1,99695,1507,3,0.32,0.07,-0.03,0.03,49,-110,-50,0,3.17,0.21,0.0187,0.0473,18.5,18.93,13.14
746.097,flow_only,26.401,52.1375904,21.1615099,91.97,52.1375925,21.1615127,24,0.53,1.189,255,-0.1679,0.3357,-0.0753,-0.1285,2.892,7.383,2.55,-4.38,135.4,0.01,0.01,0.01,0.11,99695,1507,3,0.32,0.07,-0.03,0.03,49,-37,-36,0,3.18,0.21,0.0166,0.0385,21.99,20.37,15.2
746.197,flow_only,26.501,52.1375895,21.1615108,91.98,52.1375925,21.1615127,24,0.53,1.189,255,-0.1678,0.1678,-0.112,-0.0129,2.916,7.393,2.01,-5.02,135.62,0.01,0.01,0.0,0.09,99695,1507,3,0.32,0.07,-0.03,0.03,49,-46,-38,0,3.18,0.22,0.0104,0.0357,23.35,22.73,18.52
746.297,flow_only,26.6,52.1375886,21.1615118,91.98,52.1375909,21.1615148,24,0.53,1.148,255,-0.1678,0.3357,-0.0662,-0.0031,2.906,7.398,1.46,-4.94,135.81,0.01,0.01,0.04,0.07,99695,1507,3,0.32,0.07,-0.03,0.03,49,-183,98,0,3.17,0.2,0.0211,0.0559,20.95,23.02,17.05
746.397,flow_only,26.701,52.1375877,21.1615127,91.98,52.137589,21.1615169,24,0.53,1.279,255,0.0,0.3357,-0.033,0.0532,2.874,7.399,1.28,-4.78,136.1,0.01,0.01,0.01,0.08,99695,1507,3,0.31,0.07,-0.03,0.03,49,86,-235,0,3.17,0.17,0.027,0.0634,23.03,22.73,18.11
746.497,flow_only,26.8,52.1375869,21.1615136,91.99,52.137589,21.1615169,24,0.53,1.279,255,-0.1679,0.3357,-0.1349,-0.0298,2.844,7.401,0.7,-4.75,136.16,0.01,0.01,0.0,0.07,99695,1507,3,0.31,0.07,-0.03,0.03,49,143,-223,0,3.17,0.22,0.0537,0.1021,21.69,21.4,18.16
746.597,flow_only,26.901,52.1375862,21.1615145,91.99,52.137589,21.1615169,24,0.53,1.279,255,0.0,0.3356,-0.0103,-0.013,2.906,7.406,0.28,-4.78,136.1,0.01,0.01,0.01,0.11,99695,1507,3,0.31,0.07,-0.03,0.03,49,127,-51,0,3.18,0.23,0.0421,0.0824,21.31,21.58,16.35
746.697,flow_only,27.0,52.1375855,21.1615155,92.0,52.137587,21.1615194,24,0.53,1.405,255,0.0,0.3357,0.0722,-0.1174,2.898,7.416,0.6,-5.2,136.03,0.01,0.01,0.02,0.08,99695,1507,3,0.31,0.07,-0.03,0.03,49,-149,-202,0,3.2,0.23,0.0428,0.0811,20.97,22.32,17.63
746.797,flow_only,27.101,52.1375848,21.1615164,92.01,52.137587,21.1615194,24,0.53,1.405,255,0.1679,0.1679,0.0787,-0.0938,2.896,7.427,1.19,-5.83,135.87,0.01,0.01,0.0,0.07,99695,1507,3,0.31,0.07,-0.03,0.03,49,116,-114,0,3.2,0.21,0.0359,0.073,22.62,22.79,18.21
746.897,flow_only,27.2,52.137584,21.1615176,92.02,52.137585,21.1615221,24,0.53,1.417,255,0.0,0.3357,0.023,-0.107,2.91,7.437,1.41,-6.34,135.48,0.01,0.01,0.01,0.07,99695,1507,3,0.31,0.06,-0.03,0.03,49,-31,0,0,3.2,0.22,0.0075,0.0263,22.78,22.61,14.72
746.997,flow_only,27.301,52.1375831,21.1615188,92.03,52.137585,21.1615221,24,0.53,1.417,255,0.0,0.6713,-0.0597,0.0522,2.9,7.442,1.34,-6.32,134.88,0.01,0.01,0.04,0.1,99695,1507,3,0.31,0.06,-0.03,0.03,49,-4,-34,0,3.19,0.22,0.0084,0.04,24.73,25.98,18.6
747.097,flow_only,27.4,52.1375823,21.1615203,92.03,52.1375829,21.161525,24,0.53,1.519,255,0.0,0.6715,0.0526,-0.0055,2.902,7.444,1.49,-6.15,134.2,0.01,0.01,0.01,0.08,99695,1507,3,0.31,0.06,-0.03,0.03,49,19,364,0,3.18,0.2,0.0303,0.063,20.78,22.92,17.99
747.197,flow_only,27.501,52.1375814,21.1615219,92.03,52.1375829,21.161525,24,0.53,1.519,255,0.1678,0.5034,0.1127,0.0674,2.914,7.445,2.2,-5.96,133.61,0.01,0.01,0.02,0.1,99695,1507,3,0.31,0.06,-0.03,0.03,49,-86,-121,0,3.18,0.2,0.0103,0.0436,26.77,26.42,20.64
747.297,flow_only,27.601,52.1375804,21.1615236,92.03,52.1375808,21.1615282,24,0.53,1.607,255,0.0,0.5035,0.0138,0.1237,2.918,7.442,2.46,-5.41,133.16,0.01,0.01,0.02,0.06,99695,1507,3,0.31,0.06,-0.03,0.03,49,-58,-58,0,3.16,0.18,0.0188,0.0536,26.67,28.35,21.28
747.397,flow_only,27.701,52.1375794,21.1615254,92.02,52.1375787,21.1615316,24,0.53,1.638,255,0.0,0.6716,0.0535,0.206,2.882,7.439,2.64,-4.4,133.02,0.01,0.01,0.0,0.08,99695,1507,3,0.3,0.06,-0.03,0.03,49,-22,-170,0,3.16,0.17,0.0202,0.0532,22.0,23.95,17.27
747.497,flow_only,27.801,52.1375783,21.1615273,92.02,52.1375787,21.1615316,24,0.53,1.638,255,0.1678,0.5035,0.072,0.1631,2.89,7.439,3.0,-3.26,133.0,0.01,0.01,0.0,0.09,99695,1507,3,0.3,0.06,-0.03,0.03,49,-38,443,0,3.16,0.18,0.0502,0.0959,20.04,23.45,14.87
747.597,flow_only,27.901,52.1375771,21.1615292,92.03,52.1375787,21.1615316,24,0.53,1.638,255,0.0,1.0069,-0.0137,0.1268,2.87,7.441,3.13,-2.44,133.03,0.01,0.01,0.01,0.07,99695,1507,3,0.3,0.06,-0.03,0.03,49,-30,325,0,3.16,0.2,0.0499,0.096,24.77,25.11,16.27
747.697,flow_only,28.0,52.137576,21.1615312,92.03,52.1375766,21.1615352,24,0.53,1.711,255,-0.1678,0.5034,0.0076,0.055,2.87,7.447,3.09,-2.05,133.33,0.01,0.01,0.02,0.07,99695,1507,3,0.3,0.06,-0.03,0.03,49,36,-137,0,3.18,0.2,0.0239,0.0504,26.3,25.24,17.65
747.797,flow_only,28.101,52.1375747,21.1615331,92.04,52.1375766,21.1615352,24,0.53,1.711,255,0.0,0.3356,-0.0068,-0.043,2.886,7.459,2.96,-2.07,133.72,0.01,0.01,0.05,0.09,99695,1507,3,0.3,0.06,-0.03,0.03,49,26,263,0,3.2,0.25,0.0421,0.0824,27.38,26.83,18.76
747.897,flow_only,28.2,52.1375736,21.161535,92.06,52.1375744,21.1615388,24,0.53,1.722,255,-0.1679,0.8394,-0.0418,0.0607,2.926,7.472,2.71,-1.87,133.78,0.01,0.01,0.0,0.09,99695,1507,3,0.3,0.06,-0.03,0.03,49,17,1,0,3.2,0.24,0.0154,0.0342,27.19,27.45,18.98
747.997,flow_only,28.3,52.1375726,21.1615368,92.07,52.1375744,21.1615388,24,0.53,1.722,255,-0.1679,0.3357,-0.0086,0.0377,2.87,7.481,2.58,-1.62,133.6,0.01,0.01,0.01,0.1,99695,1507,3,0.3,0.06,-0.03,0.03,49,34,-54,0,3.2,0.24,0.0101,0.0225,29.99,30.89,21.33
748.097,flow_only,28.401,52.1375715,21.1615387,92.07,52.1375723,21.1615423,24,0.53,1.683,255,0.1679,0.5036,0.0578,0.0224,2.882,7.489,2.82,-1.46,133.43,0.01,0.01,0.0,0.08,99695,1507,3,0.3,0.06,-0.03,0.03,49,-13,-210,0,3.2,0.22,0.0147,0.0325,23.64,30.61,17.58
748.198,flow_only,28.501,52.1375706,21.1615405,92.08,52.1375703,21.1615457,24,0.53,1.601,255,0.0,0.6712,0.0296,0.0482,2.91,7.493,2.89,-1.27,133.29,0.01,0.01,0.02,0.11,99695,1507,3,0.3,0.06,-0.03,0.03,49,-22,-196,0,3.2,0.23,0.0172,0.0367,25.16,30.22,20.48
748.297,flow_only,28.601,52.1375696,21.1615422,92.08,52.1375703,21.1615457,24,0.53,1.601,255,0.0,0.5034,0.1047,0.0947,2.91,7.498,3.47,-0.78,133.23,0.01,0.01,0.01,0.11,99695,1507,3,0.3,0.06,-0.03,0.03,49,-116,285,0,3.2,0.23,0.0126,0.0266,24.28,27.12,19.05
748.398,flow_only,28.701,52.1375687,21.1615438,92.09,52.1375682,21.161549,24,0.53,1.613,255,0.0,0.3357,0.0552,0.0028,2.896,7.507,3.79,-0.57,133.23,0.01,0.01,0.0,0.1,99695,1507,3,0.3,0.06,-0.03,0.03,49,107,-209,0,3.21,0.22,0.0174,0.0323,25.37,28.56,20.22
748.497,flow_only,28.801,52.1375678,21.1615453,92.1,52.1375682,21.161549,24,0.53,1.613,255,0.0,0.8391,0.015,0.0257,2.9,7.513,3.97,-0.49,133.3,0.01,0.01,0.01,0.1,99695,1507,3,0.3,0.06,-0.03,0.03,49,154,-161,0,3.21,0.23,0.0393,0.0765,22.42,24.59,19.85
748.597,flow_only,28.901,52.137567,21.1615468,92.1,52.1375662,21.1615523,24,0.53,1.516,255,0.0,0.3357,-0.0363,-0.068,2.908,7.52,3.91,-0.59,133.47,0.01,0.01,0.0,0.1,99695,1507,3,0.3,0.06,-0.03,0.03,49,-13,25,0,3.21,0.23,0.005,0.0137,24.36,28.07,18.74
748.697,flow_only,29.0,52.1375661,21.1615484,92.11,52.1375662,21.1615523,24,0.53,1.516,255,0.0,0.3357,0.0041,-0.0207,2.896,7.528,3.94,-0.93,133.64,0.01,0.01,0.0,0.09,99695,1507,3,0.3,0.06,-0.03,0.03,49,-12,-73,0,3.21,0.23,0.013,0.029,24.41,27.57,17.33
748.797,flow_only,29.101,52.1375652,21.1615499,92.12,52.1375642,21.1615554,24,0.53,1.567,255,0.0,0.8394,0.0214,-0.0072,2.918,7.539,3.94,-0.86,133.61,0.01,0.01,0.01,0.1,99695,1507,3,0.29,0.06,-0.03,0.03,49,10,207,0,3.22,0.23,0.01,0.0159,25.2,27.21,17.52
748.897,flow_only,29.201,52.1375643,21.1615514,92.14,52.1375642,21.1615554,24,0.53,1.567,255,0.0,0.3357,0.0467,-0.0404,2.9,7.552,4.12,-1.1,133.5,0.01,0.01,0.03,0.07,99695,1507,3,0.29,0.06,-0.03,0.03,49,-37,-91,0,3.23,0.24,0.0019,0.0076,23.63,29.57,18.29
748.997,flow_only,29.301,52.1375632,21.1615528,92.15,52.1375642,21.1615554,24,0.53,1.567,255,0.0,0.3357,-0.0984,-0.0627,2.896,7.564,3.99,-1.23,133.32,0.01,0.01,0.0,0.08,99695,1507,3,0.29,0.06,-0.03,0.03,49,11,-124,0,3.23,0.25,0.0134,0.0254,24.38,28.54,19.72
749.097,flow_only,29.401,52.1375622,21.1615542,92.16,52.1375621,21.1615584,24,0.53,1.519,255,0.0,0.8391,-0.0652,0.0197,2.894,7.574,3.65,-1.36,133.19,0.01,0.01,0.0,0.09,99695,1507,3,0.29,0.06,-0.03,0.03,49,67,-64,0,3.23,0.25,0.0089,0.0172,21.98,23.48,18.91
749.197,flow_only,29.501,52.1375612,21.1615557,92.17,52.1375621,21.1615584,24,0.53,1.519,255,0.0,0.3356,-0.059,0.0451,2.89,7.582,3.3,-1.14,133.16,0.01,0.01,0.0,0.1,99695,1507,3,0.29,0.06,-0.03,0.03,49,107,-158,0,3.23,0.25,0.0231,0.0423,23.61,25.82,18.25
749.297,flow_only,29.601,52.1375603,21.1615572,92.17,52.13756,21.1615611,24,0.53,1.43,255,0.0,0.3357,0.0086,0.0108,2.896,7.587,3.17,-0.97,133.29,0.01,0.01,0.02,0.1,99695,1507,3,0.29,0.06,-0.03,0.03,49,36,33,0,3.22,0.25,0.0258,0.0508,22.96,23.23,17.82
749.397,flow_only,29.701,52.1375595,21.1615587,92.18,52.137558,21.1615637,24,0.53,1.437,255,-0.1678,0.6712,0.0119,-0.0554,2.9,7.593,3.05,-1.07,133.49,0.01,0.01,0.01,0.09,99695,1507,3,0.29,0.06,-0.03,0.03,49,-257,253,0,3.23,0.26,0.0116,0.0227,24.2,27.65,17.84
749.497,flow_only,29.8,52.1375585,21.1615599,92.19,52.137558,21.1615637,24,0.53,1.437,255,0.0,0.3356,0.0371,-0.0814,2.902,7.601,3.39,-1.53,133.77,0.01,0.01,0.0,0.1,99695,1507,3,0.29,0.06,-0.03,0.03,49,-3,-4,0,3.23,0.25,0.0093,0.0186,20.34,22.09,17.25
749.597,flow_only,29.901,52.1375576,21.161561,92.19,52.137558,21.1615637,24,0.53,1.437,255,0.0,0.3357,-0.0471,-0.0355,2.924,7.607,3.29,-1.84,134.1,0.01,0.01,0.02,0.09,99695,1507,3,0.29,0.06,-0.03,0.03,49,-129,-198,0,3.22,0.24,0.025,0.0487,23.14,27.05,16.28
749.697,flow_only,30.0,52.1375566,21.1615621,92.19,52.1375559,21.1615663,24,0.53,1.452,255,-0.1678,0.6711,-0.0909,-0.0231,2.904,7.609,2.85,-2.06,134.5,0.01,0.01,0.02,0.09,99695,1507,3,0.29,0.06,-0.03,0.03,49,132,287,0,3.21,0.22,0.0072,0.0206,23.28,22.95,16.73
749.797,flow_only,30.101,52.1375557,21.1615633,92.2,52.1375559,21.1615663,24,0.53,1.452,255,-0.1679,0.1679,-0.107,-0.049,2.88,7.612,2.19,-2.33,134.94,0.01,0.01,0.0,0.08,99695,1507,3,0.29,0.06,-0.03,0.03,49,21,-52,0,3.2,0.22,0.0072,0.0218,21.88,22.6,16.75
749.897,flow_only,30.201,52.1375548,21.1615644,92.2,52.1375537,21.1615689,24,0.53,1.496,255,0.0,0.3358,-0.0362,0.0243,2.87,7.614,1.93,-2.3,135.42,0.01,0.01,0.0,0.09,99695,1507,3,0.29,0.06,-0.03,0.03,49,105,-74,0,3.2,0.23,0.0156,0.0359,21.04,22.41,17.52
749.997,flow_only,30.301,52.1375539,21.1615655,92.2,52.1375537,21.1615689,24,0.53,1.496,255,0.0,0.6713,0.0454,-0.0531,2.864,7.614,1.88,-2.54,135.83,0.01,0.01,0.04,0.1,99695,1507,3,0.29,0.06,-0.03,0.03,49,-96,-43,0,3.18,0.22,0.0233,0.0527,23.37,23.75,17.97
750.097,flow_only,30.401,52.1375529,21.1615667,92.2,52.1375516,21.1615716,24,0.53,1.448,255,0.0,0.6713,0.0223,-0.004,2.862,7.612,2.06,-2.75,136.16,0.01,0.01,0.02,0.09,99695,1507,3,0.29,0.06,-0.03,0.03,49,9,-56,0,3.17,0.22,0.0072,0.0278,24.11,24.07,19.81
750.197,flow_only,30.501,52.137552,21.1615679,92.19,52.1375516,21.1615716,24,0.53,1.448,255,0.0,0.5036,-0.0698,0.016,2.878,7.609,1.82,-2.66,136.29,0.01,0.01,0.03,0.09,99695,1507,3,0.29,0.06,-0.03,0.03,49,39,-113,0,3.16,0.21,0.0099,0.0358,21.6,25.35,19.51
750.297,flow_only,30.601,52.137551,21.1615691,92.19,52.1375495,21.1615742,24,0.53,1.459,255,0.0,0.3357,-0.039,0.0005,2.888,7.607,1.59,-2.57,136.19,0.01,0.01,0.01,0.09,99695,1507,3,0.28,0.06,-0.03,0.03,49,-55,381,0,3.15,0.19,0.0197,0.0445,18.45,23.9,16.97
750.397,flow_only,30.701,52.1375499,21.1615705,92.19,52.1375473,21.1615769,24,0.53,1.501,255,-0.1678,0.3357,-0.0139,-0.0109,2.876,7.601,1.31,-2.68,135.97,0.01,0.01,0.06,0.09,99695,1507,3,0.28,0.06,-0.03,0.03,49,99,-112,0,3.13,0.19,0.0101,0.0388,20.06,24.14,17.27
750.497,flow_only,30.801,52.1375491,21.1615718,92.18,52.1375473,21.1615769,24,0.53,1.501,255,0.0,0.5034,-0.0041,0.085,2.858,7.596,1.45,-2.29,135.7,0.01,0.01,0.01,0.1,99695,1507,3,0.28,0.06,-0.03,0.03,49,-1,-143,0,3.13,0.17,0.0286,0.0651,19.05,24.84,17.89
750.597,flow_only,30.901,52.1375483,21.1615731,92.18,52.1375473,21.1615769,24,0.53,1.501,255,0.0,0.5035,0.0842,-0.0508,2.86,7.596,1.67,-2.38,135.34,0.01,0.01,0.0,0.08,99695,1507,3,0.28,0.06,-0.03,0.03,49,-135,-110,0,3.13,0.19,0.0192,0.0432,21.43,21.82,15.57
750.697,flow_only,31.0,52.1375474,21.1615743,92.18,52.1375451,21.1615797,24,0.53,1.527,255,0.0,0.3357,0.0144,-0.0498,2.862,7.597,1.91,-2.58,135.05,0.01,0.01,0.02,0.07,99695,1507,3,0.28,0.06,-0.03,0.03,49,-27,-89,0,3.13,0.19,0.0162,0.0363,23.21,23.58,19.2
750.797,flow_only,31.101,52.1375465,21.1615756,92.18,52.1375429,21.1615826,24,0.53,1.547,255,0.0,0.3357,0.0016,0.0031,2.886,7.599,2.01,-2.74,134.83,0.01,0.01,0.01,0.07,99695,1507,3,0.28,0.06,-0.03,0.03,49,0,79,0,3.12,0.18,0.009,0.0247,23.16,27.01,18.98
750.897,flow_only,31.2,52.1375456,21.1615769,92.19,52.1375429,21.1615826,24,0.53,1.547,255,0.0,0.839,0.0044,-0.0044,2.904,7.603,2.15,-2.68,134.61,0.01,0.01,0.01,0.09,99695,1507,3,0.28,0.06,-0.03,0.03,49,-168,359,0,3.13,0.17,0.0257,0.0522,21.08,28.09,18.01
750.997,flow_only,31.3,52.1375445,21.1615782,92.19,52.1375429,21.1615826,24,0.53,1.547,255,0.0,0.3356,0.0094,-0.0414,2.9,7.605,2.07,-2.94,134.45,0.01,0.01,0.04,0.1,99695,1507,3,0.28,0.06,-0.03,0.03,49,43,-67,0,3.12,0.13,0.0174,0.039,24.38,28.89,17.54
751.097,flow_only,31.401,52.1375437,21.1615794,92.19,52.1375408,21.1615856,24,0.53,1.565,255,0.0,0.5033,-0.0362,0.0282,2.89,7.607,2.09,-2.81,134.43,0.01,0.01,0.01,0.08,99695,1507,3,0.28,0.06,-0.03,0.03,49,-11,-293,0,3.12,0.13,0.0331,0.068,24.68,27.75,19.14
751.197,flow_only,31.501,52.1375428,21.1615806,92.19,52.1375408,21.1615856,24,0.53,1.565,255,0.0,0.3357,0.0138,-0.0284,2.886,7.609,2.14,-2.95,134.4,0.01,0.01,0.02,0.08,99695,1507,3,0.28,0.06,-0.03,0.03,49,50,219,0,3.12,0.14,0.0079,0.0232,23.35,25.0,18.81
751.297,flow_only,31.6,52.137542,21.1615818,92.2,52.1375386,21.1615888,24,0.53,1.609,255,0.0,0.3357,0.0335,-0.0355,2.892,7.614,2.24,-3.04,134.43,0.01,0.01,0.0,0.08,99695,1507,3,0.28,0.06,-0.03,0.03,49,16,-109,0,3.13,0.16,0.0269,0.0555,24.13,23.58,17.24
751.397,flow_only,31.701,52.1375412,21.1615831,92.2,52.1375386,21.1615888,24,0.53,1.609,255,0.0,0.3357,-0.0266,-0.122,2.926,7.617,2.2,-3.57,134.44,0.01,0.01,0.02,0.07,99695,1507,3,0.28,0.06,-0.03,0.03,49,19,-69,0,3.12,0.15,0.0185,0.0401,23.51,23.9,20.43
751.497,flow_only,31.801,52.1375404,21.1615844,92.21,52.1375364,21.1615921,24,0.53,1.599,255,0.0,0.6715,0.0162,-0.0211,2.93,7.623,2.21,-3.87,134.51,0.01,0.01,0.01,0.09,99695,1507,3,0.28,0.06,-0.03,0.03,49,1,-65,0,3.14,0.15,0.0171,0.0373,24.79,27.16,19.81
751.597,flow_only,31.901,52.1375395,21.1615859,92.21,52.1375342,21.1615955,24,0.53,1.647,255,0.0,0.5034,0.0325,-0.0205,2.932,7.628,2.37,-4.09,134.56,0.01,0.01,0.02,0.09,99695,1507,3,0.28,0.06,-0.03,0.03,49,-35,-255,0,3.13,0.12,0.0153,0.0328,25.5,27.48,20.36
751.697,flow_only,32.0,52.1375387,21.1615873,92.22,52.1375342,21.1615955,24,0.53,1.647,255,0.0,0.5034,0.0156,0.011,2.912,7.631,2.48,-4.02,134.65,0.01,0.01,0.01,0.08,99695,1507,3,0.28,0.06,-0.03,0.03,49,-16,-164,0,3.14,0.12,0.0192,0.0392,25.79,23.39,18.39
751.797,flow_only,32.101,52.1375378,21.1615887,92.22,52.137532,21.1615991,24,0.53,1.742,255,0.0,0.8391,0.0905,0.0545,2.938,7.637,2.67,-3.93,134.63,0.01,0.01,0.0,0.07,99695,1507,3,0.28,0.06,-0.03,0.03,49,130,355,0,3.15,0.14,0.012,0.0196,25.63,22.55,17.53
751.897,flow_only,32.2,52.137537,21.1615904,92.23,52.137532,21.1615991,24,0.53,1.742,255,0.0,0.3357,0.063,-0.0014,2.92,7.644,3.08,-3.76,134.77,0.01,0.01,0.0,0.06,99695,1507,3,0.28,0.06,-0.03,0.03,49,72,-185,0,3.16,0.15,0.0288,0.059,23.89,27.76,19.13
751.997,flow_only,32.301,52.1375362,21.1615919,92.23,52.137532,21.1615991,24,0.53,1.742,255,0.0,0.3357,0.0429,0.0218,2.908,7.648,3.22,-3.69,134.96,0.01,0.01,0.05,0.07,99695,1507,3,0.28,0.06,-0.03,0.03,49,-53,-150,0,3.14,0.12,0.0264,0.0551,25.65,29.88,20.44
752.097,flow_only,32.401,52.1375354,21.1615934,92.23,52.1375297,21.1616029,24,0.53,1.829,255,0.1678,1.0069,0.0851,0.0264,2.926,7.649,3.75,-3.54,135.21,0.01,0.01,0.01,0.09,99695,1507,3,0.28,0.06,-0.03,0.03,49,-92,315,0,3.14,0.14,0.01,0.0177,23.39,28.01,20.19
752.197,flow_only,32.501,52.1375343,21.161595,92.24,52.1375297,21.1616029,24,0.53,1.829,255,0.0,0.3357,0.0116,-0.01,2.932,7.652,4.01,-3.73,135.51,0.01,0.01,0.0,0.1,99695,1507,3,0.28,0.06,-0.03,0.03,49,91,8,0,3.14,0.14,0.007,0.013,25.73,26.17,18.92
752.297,flow_only,32.601,52.1375334,21.1615965,92.24,52.1375275,21.1616068,25,0.52,1.802,255,0.0,0.3357,-0.026,0.0541,2.928,7.652,3.93,-3.51,135.79,0.01,0.01,0.04,0.06,99695,1507,3,0.27,0.06,-0.03,0.03,49,-10,-53,0,3.13,0.12,0.0091,0.0219,23.4,21.7,18.04
752.397,flow_only,32.701,52.1375326,21.161598,92.23,52.1375275,21.1616068,25,0.52,1.802,255,0.0,0.8391,-0.0025,-0.0433,2.926,7.649,3.74,-3.59,135.79,0.01,0.01,0.04,0.07,99695,1507,3,0.27,0.06,-0.03,0.03,49,21,20,0,3.12,0.1,0.0177,0.0401,24.03,21.37,18.5
752.497,flow_only,32.8,52.1375316,21.1615997,92.23,52.1375251,21.1616106,25,0.52,1.815,255,0.0,0.3357,-0.0014,-0.0359,2.94,7.642,3.66,-3.76,135.82,0.01,0.01,0.05,0.07,99695,1507,3,0.27,0.06,-0.03,0.03,49,17,0,0,3.1,0.09,0.0203,0.0444,22.74,24.59,18.02
752.597,flow_only,32.9,52.1375305,21.1616014,92.22,52.1375251,21.1616106,25,0.52,1.815,255,0.0,0.3357,-0.009,0.0036,2.924,7.637,3.65,-3.92,135.85,0.01,0.01,0.0,0.07,99695,1507,3,0.27,0.06,-0.03,0.03,49,1,-166,0,3.1,0.09,0.0285,0.0573,21.4,22.83,18.44
752.697,flow_only,33.0,52.1375293,21.1616032,92.22,52.1375227,21.1616145,25,0.52,1.88,255,0.0,0.5036,-0.0366,0.1235,2.9,7.634,3.58,-3.42,135.9,0.01,0.01,0.02,0.08,99695,1507,3,0.27,0.06,-0.03,0.03,49,9,369,0,3.1,0.09,0.0494,0.0982,24.28,21.85,19.33
752.797,flow_only,33.101,52.1375281,21.1616051,92.21,52.1375202,21.1616183,25,0.52,1.881,255,0.0,0.3357,-0.0581,0.094,2.89,7.63,3.32,-2.87,135.87,0.01,0.01,0.03,0.07,99695,1507,3,0.27,0.06,-0.03,0.03,49,54,1,0,3.09,0.1,0.0361,0.0749,27.57,24.99,22.68
752.897,flow_only,33.201,52.137527,21.1616067,92.21,52.1375202,21.1616183,25,0.52,1.881,255,0.0,0.6716,-0.0088,0.0984,2.924,7.628,3.0,-2.26,135.83,0.01,0.01,0.01,0.09,99695,1507,3,0.27,0.06,-0.03,0.03,49,88,-307,0,3.08,0.1,0.0082,0.0174,24.62,27.19,21.82
752.997,flow_only,33.301,52.137526,21.1616083,92.22,52.1375202,21.1616183,25,0.52,1.881,255,0.0,1.0069,-0.016,0.0186,2.948,7.631,2.88,-1.96,135.76,0.01,0.01,0.0,0.08,99695,1507,3,0.27,0.06,-0.03,0.03,49,26,396,0,3.1,0.1,0.0201,0.0419,21.71,24.6,21.22
753.097,flow_only,33.401,52.1375247,21.16161,92.22,52.1375177,21.1616219,25,0.52,1.814,255,0.0,0.3357,-0.0032,-0.0596,2.954,7.635,2.8,-2.14,135.74,0.01,0.01,0.01,0.08,99695,1507,3,0.27,0.06,-0.03,0.03,49,-124,302,0,3.09,0.06,0.0447,0.093,24.78,25.89,21.39
753.197,flow_only,33.501,52.1375235,21.1616117,92.22,52.1375177,21.1616219,25,0.52,1.814,255,0.0,0.5035,-0.0317,0.0582,2.936,7.636,2.81,-2.09,135.78,0.01,0.01,0.03,0.06,99695,1507,3,0.27,0.06,-0.03,0.03,49,15,-12,0,3.09,0.05,0.0196,0.0438,25.88,27.88,19.94
753.297,flow_only,33.601,52.1375222,21.1616133,92.22,52.1375151,21.1616254,25,0.52,1.796,255,0.0,1.0069,-0.0393,0.0749,2.936,7.635,2.58,-1.77,135.86,0.01,0.01,0.02,0.09,99695,1507,3,0.27,0.06,-0.03,0.03,49,88,-80,0,3.09,0.07,0.0238,0.0526,24.12,28.31,19.34
753.397,flow_only,33.701,52.1375211,21.1616149,92.22,52.1375151,21.1616254,25,0.52,1.796,255,0.0,0.5034,-0.0447,0.0328,2.936,7.632,2.41,-1.41,135.97,0.01,0.01,0.03,0.09,99695,1507,3,0.27,0.06,-0.03,0.03,49,36,-262,0,3.08,0.07,0.0138,0.0263,24.07,27.48,16.93
753.497,flow_only,33.8,52.13752,21.1616164,92.21,52.1375127,21.1616289,25,0.52,1.791,255,-0.1678,0.5035,0.0032,-0.0467,2.92,7.63,2.17,-1.62,136.07,0.01,0.01,0.0,0.08,99695,1507,3,0.27,0.06,-0.03,0.03,49,-87,36,0,3.08,0.06,0.04,0.0825,23.35,25.11,15.67
753.597,flow_only,33.901,52.1375187,21.1616178,92.22,52.1375127,21.1616289,25,0.52,1.791,255,-0.1678,0.839,-0.0448,-0.0326,2.93,7.633,2.0,-1.88,136.15,0.01,0.01,0.01,0.09,99695,1507,3,0.27,0.06,-0.03,0.03,49,83,385,0,3.09,0.09,0.0467,0.0947,27.0,24.78,20.85
753.697,flow_only,34.001,52.1375174,21.1616194,92.23,52.1375103,21.1616323,25,0.52,1.732,255,0.0,0.5033,-0.0565,0.0185,2.91,7.64,1.8,-1.85,136.25,0.01,0.01,0.01,0.08,99695,1507,3,0.27,0.06,-0.03,0.03,49,-108,6,0,3.11,0.1,0.0337,0.0735,27.38,28.86,23.19
753.797,flow_only,34.101,52.1375162,21.161621,92.24,52.137508,21.1616356,25,0.52,1.622,255,0.0,0.3357,-0.0473,0.0668,2.912,7.652,1.51,-1.65,136.26,0.01,0.01,0.02,0.09,99695,1507,3,0.27,0.06,-0.03,0.03,49,-80,-178,0,3.12,0.13,0.0198,0.0516,23.56,25.33,20.47
753.897,flow_only,34.201,52.1375151,21.1616225,92.25,52.137508,21.1616356,25,0.52,1.622,255,0.0,0.8394,0.0073,0.059,2.95,7.664,1.42,-1.12,136.23,0.01,0.01,0.0,0.07,99695,1507,3,0.27,0.06,-0.03,0.03,49,-123,421,0,3.13,0.12,0.0318,0.072,27.74,27.23,24.56
753.997,flow_only,34.301,52.1375139,21.161624,92.26,52.137508,21.1616356,25,0.52,1.622,255,0.0,0.3356,0.0033,0.0288,2.922,7.677,1.5,-1.13,136.3,0.01,0.01,0.01,0.11,99695,1507,3,0.27,0.06,-0.03,0.03,49,-170,203,0,3.14,0.13,0.0351,0.0792,25.08,26.9,23.57
754.097,flow_only,34.401,52.1375128,21.1616255,92.27,52.1375059,21.1616388,25,0.52,1.562,255,0.0,0.3357,0.0403,-0.0197,2.944,7.69,1.65,-1.09,136.45,0.01,0.01,0.02,0.07,99695,1507,3,0.27,0.06,-0.03,0.03,49,6,355,0,3.16,0.13,0.0399,0.0879,24.36,25.36,18.27
754.197,flow_only,34.501,52.1375116,21.1616269,92.29,52.1375059,21.1616388,25,0.52,1.562,255,0.0,0.3356,-0.0478,-0.0691,2.94,7.701,1.54,-1.38,136.74,0.01,0.01,0.0,0.08,99695,1507,3,0.27,0.06,-0.03,0.03,49,4,-81,0,3.15,0.13,0.0123,0.0352,28.79,32.32,23.76
754.297,flow_only,34.6,52.1375107,21.1616283,92.29,52.1375039,21.1616419,25,0.52,1.467,255,0.0,0.3356,0.0325,-0.0146,2.934,7.707,1.52,-1.69,136.92,0.01,0.01,0.02,0.06,99695,1507,3,0.27,0.06,-0.03,0.03,49,57,-23,0,3.14,0.12,0.0026,0.0108,26.27,28.51,19.87
754.397,flow_only,34.701,52.1375098,21.1616296,92.29,52.1375039,21.1616419,25,0.52,1.467,255,0.0,0.1679,0.0017,-0.1062,2.926,7.709,1.56,-1.99,137.05,0.01,0.01,0.02,0.09,99695,1507,3,0.27,0.06,-0.03,0.03,49,125,-82,0,3.14,0.11,0.0106,0.0174,29.73,30.34,24.09
754.497,flow_only,34.801,52.137509,21.1616311,92.3,52.1375021,21.1616449,25,0.52,1.446,255,0.1678,0.5034,0.0241,-0.1374,2.936,7.711,1.57,-2.84,137.1,0.01,0.01,0.0,0.07,99695,1507,3,0.27,0.06,-0.03,0.03,49,-4,233,0,3.14,0.12,0.0113,0.0191,29.87,31.63,23.95
754.597,flow_only,34.901,52.1375082,21.1616325,92.29,52.1375021,21.1616449,25,0.52,1.446,255,0.1678,0.3356,0.0866,-0.1105,2.932,7.71,1.92,-3.3,137.15,0.01,0.01,0.03,0.08,99695,1507,3,0.27,0.06,-0.03,0.03,49,-69,-191,0,3.13,0.11,0.007,0.0138,31.72,32.0,20.66
754.697,flow_only,35.0,52.1375075,21.1616339,92.3,52.1375004,21.161648,25,0.52,1.323,255,0.1679,0.3358,0.0956,-0.0196,2.926,7.71,2.48,-3.72,137.14,0.01,0.01,0.0,0.07,99695,1507,3,0.27,0.06,-0.03,0.03,49,30,-126,0,3.13,0.11,0.0186,0.0372,30.84,30.01,21.47
754.797,flow_only,35.101,52.1375069,21.1616354,92.3,52.1374989,21.1616511,25,0.52,1.395,255,0.3356,0.6712,0.0639,-0.0692,2.956,7.714,2.84,-3.76,137.14,0.01,0.01,0.01,0.05,99695,1507,3,0.27,0.06,-0.03,0.03,49,209,-73,0,3.14,0.13,0.027,0.0518,30.81,29.87,21.07
754.897,flow_only,35.2,52.1375062,21.1616369,92.3,52.1374989,21.1616511,25,0.52,1.395,255,0.1678,0.3356,0.1198,-0.066,2.922,7.717,3.52,-4.37,137.13,0.01,0.01,0.02,0.07,99695,1507,3,0.27,0.06,-0.03,0.03,49,-178,78,0,3.13,0.11,0.0072,0.0164,30.87,30.68,20.13
754.997,flow_only,35.301,52.1375055,21.1616384,92.3,52.1374989,21.1616511,25,0.52,1.395,255,0.1679,0.3357,0.1056,-0.04,2.912,7.718,4.05,-4.48,137.12,0.01,0.01,0.0,0.06,99695,1507,3,0.27,0.06,-0.03,0.03,49,194,272,0,3.13,0.13,0.027,0.0447,30.64,30.71,25.62
755.097,flow_only,35.401,52.1375048,21.1616401,92.31,52.1374973,21.1616543,25,0.52,1.433,255,0.1678,0.5034,0.0236,-0.0611,2.92,7.721,4.39,-4.87,137.16,0.01,0.01,0.0,0.05,99695,1507,3,0.27,0.06,-0.03,0.03,49,39,-15,0,3.13,0.13,0.0181,0.0319,28.63,31.47,25.55
755.197,flow_only,35.5,52.137504,21.1616418,92.31,52.1374973,21.1616543,25,0.52,1.433,255,0.0,0.3356,0.0449,0.0257,2.892,7.729,4.55,-4.88,137.04,0.01,0.01,0.02,0.08,99695,1507,3,0.27,0.06,-0.03,0.03,49,69,-82,0,3.14,0.15,0.0261,0.0522,31.32,32.03,22.62
755.297,flow_only,35.6,52.1375032,21.1616435,92.33,52.1374957,21.1616576,25,0.52,1.453,255,0.1678,0.3356,0.0477,0.1436,2.89,7.743,4.93,-4.27,136.91,0.01,0.01,0.04,0.06,99695,1507,3,0.27,0.06,-0.03,0.03,49,-135,-221,0,3.15,0.19,0.0066,0.0267,29.4,29.51,22.56
755.397,flow_only,35.701,52.1375024,21.161645,92.35,52.1374957,21.1616576,25,0.52,1.453,255,0.0,0.6713,0.0391,0.0087,2.92,7.762,5.19,-4.05,136.72,0.01,0.01,0.01,0.04,99695,1507,3,0.27,0.06,-0.03,0.03,49,77,-43,0,3.16,0.2,0.0064,0.0257,28.29,29.47,23.47
755.497,flow_only,35.801,52.1375015,21.1616463,92.36,52.1374941,21.1616609,25,0.52,1.455,255,0.0,0.5035,0.034,-0.0367,2.916,7.78,5.54,-4.06,136.63,0.01,0.01,0.0,0.07,99695,1507,3,0.27,0.06,-0.03,0.03,49,-96,-116,0,3.17,0.18,0.0223,0.0416,30.25,32.02,23.19
755.597,flow_only,35.901,52.1375006,21.1616477,92.39,52.1374941,21.1616609,25,0.52,1.455,255,0.1678,0.5034,-0.0351,0.0124,2.894,7.8,5.69,-4.05,136.63,0.01,0.01,0.03,0.04,99695,1507,3,0.27,0.06,-0.03,0.03,49,113,79,0,3.19,0.19,0.0077,0.0274,28.05,31.19,22.14
755.697,flow_only,36.001,52.1374998,21.161649,92.41,52.1374923,21.161664,25,0.52,1.447,255,-0.1678,0.3356,-0.2063,-0.0015,2.918,7.824,4.85,-4.06,136.81,0.01,0.01,0.06,0.04,99695,1507,3,0.27,0.06,-0.03,0.03,49,-66,-87,0,3.22,0.26,0.0194,0.0504,32.57,32.8,24.11
755.797,flow_only,36.101,52.1374988,21.1616502,92.44,52.1374904,21.1616671,25,0.52,1.514,255,0.0,0.3357,0.0093,-0.0803,2.9,7.855,4.39,-4.39,137.15,0.01,0.01,0.07,0.06,99695,1507,3,0.27,0.06,-0.03,0.03,49,-26,299,0,3.26,0.26,0.0123,0.0536,32.0,31.2,25.5
755.897,flow_only,36.2,52.1374978,21.1616514,92.48,52.1374904,21.1616671,25,0.52,1.514,255,-0.1679,0.3357,-0.1479,-0.1345,2.884,7.897,3.82,-4.99,137.54,0.01,0.01,0.13,0.06,99695,1507,3,0.27,0.06,-0.03,0.03,49,98,-180,0,3.32,0.35,0.02,0.0826,29.81,31.42,22.99
755.997,flow_only,36.3,52.1374969,21.1616526,92.52,52.1374904,21.1616671,25,0.52,1.514,255,-0.3356,0.6712,-0.1305,0.0238,2.868,7.939,3.0,-5.24,137.86,0.01,0.01,0.05,0.04,99695,1507,3,0.27,0.06,-0.03,0.03,49,158,-163,0,3.34,0.38,0.0377,0.0975,29.45,33.47,23.48
756.097,flow_only,36.4,52.137496,21.1616539,92.56,52.1374884,21.16167,25,0.52,1.476,255,0.0,0.3356,-0.0297,-0.0904,2.898,7.979,2.49,-5.47,138.13,0.01,0.01,0.04,0.05,99695,1507,3,0.26,0.06,-0.03,0.03,49,-59,-26,0,3.35,0.4,0.0136,0.0626,30.12,32.37,24.99
756.197,flow_only,36.501,52.137495,21.1616552,92.6,52.1374864,21.1616729,25,0.52,1.549,255,0.1678,0.3356,0.1318,-0.0877,2.854,8.016,2.88,-5.93,138.47,0.01,0.01,0.04,0.05,99695,1507,3,0.26,0.06,-0.03,0.03,49,-82,-11,0,3.37,0.4,0.0141,0.0567,28.89,32.22,25.86
756.297,flow_only,36.6,52.1374939,21.1616565,92.63,52.1374864,21.1616729,25,0.52,1.549,255,0.0,0.6712,-0.1604,0.0207,2.846,8.045,2.96,-6.32,138.56,0.01,0.01,0.01,0.07,99695,1507,3,0.26,0.06,-0.03,0.03,49,58,10,0,3.37,0.43,0.0084,0.0383,29.38,28.65,22.15
756.397,flow_only,36.701,52.1374928,21.161658,92.64,52.1374864,21.1616729,25,0.52,1.549,255,0.0,0.5034,-0.0031,0.1426,2.826,8.057,2.39,-5.59,138.3,0.01,0.01,0.06,0.04,99695,1507,3,0.26,0.06,-0.03,0.03,49,-151,302,0,3.34,0.43,0.0234,0.0449,27.81,28.74,21.16
756.497,flow_only,36.801,52.1374917,21.1616593,92.64,52.1374844,21.161676,25,0.52,1.542,255,0.0,0.5036,0.0021,0.1201,2.842,8.057,2.77,-4.69,138.19,0.01,0.01,0.05,0.06,99695,1507,3,0.26,0.06,-0.03,0.03,49,-83,-116,0,3.31,0.4,0.0231,0.045,31.8,29.69,22.14
756.597,flow_only,36.901,52.1374905,21.1616607,92.64,52.1374844,21.161676,25,0.52,1.542,255,-0.1679,1.0072,0.0305,0.0266,2.872,8.058,2.55,-4.49,138.1,0.01,0.01,0.0,0.07,99695,1507,3,0.26,0.06,-0.03,0.03,49,99,-166,0,3.29,0.38,0.0189,0.0412,30.71,32.27,25.22
756.697,flow_only,37.0,52.1374891,21.1616624,92.64,52.1374823,21.1616792,25,0.52,1.629,255,0.0,0.5034,-0.0501,0.1167,2.856,8.055,2.64,-3.87,138.23,0.01,0.01,0.06,0.07,99695,1507,3,0.26,0.06,-0.03,0.03,49,110,-103,0,3.26,0.32,0.0367,0.0797,31.41,35.89,28.01
756.797,flow_only,37.101,52.1374879,21.161664,92.64,52.1374823,21.1616792,25,0.52,1.629,255,0.1678,0.5033,0.1097,0.0435,2.794,8.056,2.92,-3.55,138.45,0.01,0.01,0.01,0.06,99695,1507,3,0.26,0.06,-0.03,0.03,49,-56,443,0,3.26,0.33,0.0555,0.1105,31.71,33.0,25.27
756.897,flow_only,37.2,52.1374865,21.1616658,92.65,52.1374803,21.1616826,25,0.52,1.618,255,0.0,1.175,-0.0498,0.202,2.812,8.061,3.13,-2.73,139.02,0.01,0.01,0.01,0.07,99695,1507,3,0.26,0.06,-0.03,0.03,49,286,173,0,3.27,0.33,0.0525,0.0966,29.88,31.61,24.26
756.997,flow_only,37.301,52.1374854,21.1616678,92.65,52.1374803,21.1616826,25,0.52,1.618,255,0.0,0.3355,-0.0374,0.0602,2.802,8.068,2.76,-2.13,139.76,0.01,0.01,0.03,0.05,99695,1507,3,0.26,0.06,-0.03,0.03,49,57,-171,0,3.25,0.36,0.0269,0.0544,26.65,32.13,24.24
757.097,flow_only,37.401,52.1374842,21.1616697,92.67,52.1374783,21.1616859,25,0.52,1.532,255,0.0,0.5034,0.0043,0.1038,2.804,8.08,2.69,-1.65,140.38,0.01,0.01,0.04,0.06,99695,1507,3,0.26,0.06,-0.03,0.03,49,-3,-240,0,3.28,0.36,0.0223,0.0428,30.51,29.09,24.65
757.197,flow_only,37.501,52.1374831,21.1616715,92.69,52.1374765,21.1616891,25,0.52,1.477,255,0.0,0.6714,0.0599,0.0221,2.818,8.104,2.84,-1.42,140.79,0.01,0.01,0.1,0.06,99695,1507,3,0.26,0.06,-0.03,0.03,49,-46,-66,0,3.32,0.44,0.0092,0.0339,27.82,29.47,24.96
757.297,flow_only,37.6,52.1374822,21.1616731,92.73,52.1374765,21.1616891,25,0.52,1.477,255,0.1678,0.3356,0.0995,-0.0438,2.824,8.141,3.3,-1.62,140.95,0.01,0.01,0.1,0.06,99695,1507,3,0.26,0.06,-0.03,0.03,49,57,251,0,3.37,0.47,0.0176,0.0645,28.88,30.65,25.02
757.397,flow_only,37.701,52.1374812,21.1616746,92.77,52.1374765,21.1616891,25,0.52,1.477,255,0.0,0.1679,0.0531,-0.0722,2.82,8.186,3.74,-2.05,141.06,0.01,0.01,0.08,0.07,99695,1507,3,0.26,0.06,-0.03,0.03,49,-130,-9,0,3.41,0.51,0.0187,0.0692,29.9,30.98,25.55
757.497,flow_only,37.8,52.1374803,21.161676,92.82,52.1374747,21.1616923,25,0.52,1.421,255,0.0,0.5035,-0.0111,-0.0996,2.83,8.23,3.78,-2.62,141.15,0.01,0.01,0.05,0.05,99695,1507,3,0.26,0.06,-0.03,0.03,49,-65,-143,0,3.43,0.54,0.0248,0.0689,32.66,27.25,25.72
757.597,flow_only,37.901,52.1374794,21.1616773,92.86,52.1374747,21.1616923,25,0.52,1.421,255,0.0,0.3356,-0.0121,-0.1128,2.844,8.274,3.75,-3.04,141.11,0.01,0.01,0.07,0.04,99695,1507,3,0.26,0.06,-0.03,0.03,49,-39,-25,0,3.47,0.53,0.0183,0.0663,30.66,27.87,25.16
757.697,flow_only,38.0,52.1374784,21.1616786,92.9,52.1374731,21.1616953,25,0.52,1.283,255,0.0,0.3357,-0.1178,-0.0954,2.842,8.319,3.34,-3.67,140.88,0.01,0.01,0.09,0.05,99695,1507,3,0.26,0.06,-0.03,0.03,49,194,226,0,3.51,0.61,0.0235,0.0789,28.46,30.36,22.99
757.797,flow_only,38.101,52.1374774,21.1616801,92.95,52.1374731,21.1616953,25,0.52,1.283,255,0.0,0.5033,-0.066,-0.1014,2.86,8.365,2.72,-4.22,140.43,0.01,0.01,0.09,0.05,99695,1507,3,0.26,0.06,-0.03,0.03,49,-88,222,0,3.54,0.64,0.0242,0.0831,29.24,29.11,25.83
757.897,flow_only,38.2,52.1374765,21.1616816,92.99,52.1374716,21.161698,25,0.52,1.268,255,0.0,0.3356,-0.039,0.0423,2.842,8.406,2.5,-4.25,139.69,0.01,0.01,0.03,0.06,99695,1507,3,0.26,0.06,-0.03,0.03,49,183,-26,0,3.55,0.64,0.0214,0.062,31.7,29.57,21.52
757.997,flow_only,38.301,52.1374755,21.1616832,93.02,52.1374716,21.161698,25,0.52,1.268,255,0.1678,0.3357,0.0846,0.0005,2.832,8.436,2.84,-3.9,138.82,0.01,0.01,0.03,0.05,99695,1507,3,0.26,0.06,-0.03,0.03,49,-36,382,0,3.53,0.63,0.0254,0.048,32.35,32.83,25.09
758.097,flow_only,38.401,52.1374746,21.1616849,93.03,52.13747,21.1617007,25,0.52,1.252,255,0.0,0.6713,0.0732,-0.0081,2.806,8.449,3.27,-3.99,138.23,0.01,0.01,0.04,0.04,99695,1507,3,0.26,0.06,-0.03,0.03,49,205,153,0,3.5,0.59,0.022,0.0402,32.3,31.01,28.27
758.197,flow_only,38.501,52.1374737,21.1616865,93.03,52.1374686,21.1617035,25,0.52,1.218,255,0.3356,0.3356,0.1699,0.091,2.788,8.443,4.13,-3.59,138.02,0.01,0.01,0.14,0.06,99695,1507,3,0.26,0.06,-0.03,0.03,49,-13,-111,0,3.42,0.55,0.0209,0.0766,33.07,34.52,24.14
758.297,flow_only,38.601,52.1374728,21.1616883,93.01,52.1374686,21.1617035,25,0.52,1.218,255,0.0,0.1678,0.0059,-0.0051,2.752,8.422,4.48,-3.59,138.0,0.01,0.01,0.08,0.03,99695,1507,3,0.26,0.06,-0.03,0.03,49,-157,75,0,3.37,0.5,0.0282,0.0954,33.97,34.68,28.01
758.397,flow_only,38.701,52.1374719,21.16169,92.98,52.1374686,21.1617035,25,0.52,1.218,255,0.1678,0.8391,0.0398,0.0537,2.752,8.395,4.66,-3.36,138.04,0.01,0.01,0.1,0.03,99695,1507,3,0.26,0.06,-0.03,0.03,49,-77,-90,0,3.3,0.48,0.0224,0.1037,33.11,34.93,26.74
758.497,flow_only,38.801,52.137471,21.1616915,92.95,52.1374671,21.1617061,25,0.52,1.206,255,0.0,0.5035,-0.0676,-0.0163,2.726,8.366,4.64,-3.52,138.14,0.01,0.01,0.06,0.04,99695,1507,3,0.26,0.06,-0.03,0.03,49,-70,279,0,3.27,0.45,0.0254,0.1026,31.9,33.35,30.24
758.597,flow_only,38.901,52.1374702,21.161693,92.92,52.1374671,21.1617061,25,0.52,1.206,255,0.0,0.3357,0.0585,0.0872,2.72,8.339,4.75,-3.13,138.21,0.01,0.01,0.08,0.05,99695,1507,3,0.26,0.06,-0.03,0.03,49,-29,-165,0,3.22,0.41,0.0322,0.1132,35.74,34.12,23.89
758.697,flow_only,39.001,52.1374695,21.1616943,92.9,52.1374658,21.1617088,25,0.52,1.075,255,0.0,0.3356,0.0726,-0.0979,2.712,8.317,5.04,-3.22,138.1,0.01,0.01,0.05,0.07,99695,1507,3,0.26,0.07,-0.03,0.03,49,77,-63,0,3.19,0.4,0.0434,0.1234,39.31,34.94,20.1
758.797,flow_only,39.101,52.1374688,21.1616955,92.89,52.1374647,21.1617114,25,0.52,1.103,255,0.0,0.1678,-0.0537,-0.1368,2.706,8.303,5.05,-3.87,137.93,0.01,0.01,0.03,0.05,99695,1507,3,0.26,0.07,-0.03,0.03,49,-38,-120,0,3.18,0.4,0.0441,0.1127,32.75,34.36,27.66
758.897,flow_only,39.2,52.1374682,21.1616966,92.88,52.1374647,21.1617114,25,0.52,1.103,255,0.0,0.1678,0.0557,-0.1019,2.716,8.293,5.15,-4.46,137.64,0.01,0.01,0.08,0.04,99695,1507,3,0.26,0.07,-0.03,0.03,49,-63,-139,0,3.14,0.37,0.0559,0.1365,32.93,32.43,22.91
758.997,flow_only,39.301,52.1374675,21.1616976,92.87,52.1374647,21.1617114,25,0.52,1.103,255,0.0,0.1678,-0.0985,-0.1752,2.724,8.282,5.1,-5.3,137.21,0.01,0.01,0.09,0.03,99695,1507,3,0.26,0.07,-0.03,0.03,49,161,95,0,3.12,0.37,0.0348,0.1138,34.38,34.16,26.62
759.097,flow_only,39.401,52.1374668,21.1616989,92.85,52.1374633,21.1617138,25,0.52,1.143,255,0.0,0.1679,-0.0311,-0.0636,2.738,8.269,4.57,-5.82,136.66,0.01,0.01,0.09,0.04,99695,1507,3,0.26,0.08,-0.03,0.03,49,-65,77,0,3.09,0.3,0.0234,0.1026,31.76,33.46,26.63
759.197,flow_only,39.501,52.1374661,21.1617002,92.84,52.1374617,21.1617162,25,0.52,1.256,255,0.3356,0.6712,0.1727,0.0125,2.742,8.256,5.19,-5.86,136.15,0.01,0.01,0.07,0.06,99695,1507,3,0.26,0.08,-0.03,0.03,49,-39,-213,0,3.08,0.3,0.0339,0.1104,30.57,32.93,27.05
759.297,flow_only,39.601,52.1374654,21.1617013,92.83,52.1374617,21.1617162,25,0.52,1.256,255,0.0,0.6712,-0.0938,-0.0679,2.768,8.245,5.17,-5.79,135.56,0.01,0.01,0.06,0.04,99695,1507,3,0.26,0.08,-0.03,0.03,49,88,226,0,3.07,0.26,0.0242,0.0916,28.55,35.08,27.44
759.397,flow_only,39.701,52.1374646,21.1617026,92.82,52.13746,21.1617187,25,0.52,1.284,255,0.0,0.1678,-0.0521,-0.0674,2.812,8.234,4.79,-6.28,134.93,0.01,0.01,0.09,0.04,99695,1507,3,0.26,0.08,-0.03,0.03,49,124,19,0,3.05,0.23,0.031,0.1032,28.95,32.47,23.14
759.497,flow_only,39.8,52.1374639,21.1617039,92.81,52.13746,21.1617187,25,0.52,1.284,255,0.0,0.5036,0.0328,0.0319,2.816,8.223,4.79,-6.11,134.55,0.01,0.01,0.07,0.05,99695,1507,3,0.26,0.08,-0.03,0.03,49,13,-148,0,3.03,0.16,0.0499,0.1282,30.06,34.11,24.87
759.597,flow_only,39.901,52.1374632,21.1617051,92.8,52.1374582,21.1617213,25,0.52,1.283,255,0.0,0.3357,-0.0515,-0.0182,2.798,8.214,4.79,-5.94,134.16,0.01,0.01,0.06,0.05,99695,1507,3,0.26,0.08,-0.03,0.03,49,0,-160,0,3.03,0.14,0.0483,0.1209,28.27,34.61,24.93
759.697,flow_only,40.001,52.1374625,21.1617063,92.79,52.1374582,21.1617213,25,0.52,1.283,255,-0.1678,0.3356,-0.1046,0.0194,2.766,8.206,4.19,-5.97,133.54,0.01,0.01,0.06,0.05,99695,1507,3,0.26,0.08,-0.03,0.03,49,-18,-99,0,3.02,0.15,0.0517,0.1245,29.89,35.6,27.3
759.797,flow_only,40.101,52.1374618,21.1617075,92.78,52.1374564,21.1617239,25,0.54,1.464,255,0.0,0.6713,-0.0282,-0.0365,2.778,8.199,4.3,-5.8,132.88,0.01,0.01,0.1,0.05,99695,1507,3,0.26,0.08,-0.03,0.03,49,-105,-176,0,3.01,0.15,0.0493,0.1215,33.87,37.55,26.57
759.897,flow_only,40.2,52.1374611,21.1617086,92.79,52.1374564,21.1617239,25,0.54,1.464,255,0.0,0.3357,-0.0475,-0.028,2.83,8.202,3.97,-6.05,132.23,0.01,0.01,0.04,0.06,99695,1507,3,0.26,0.08,-0.03,0.03,49,137,-76,0,3.05,0.16,0.0496,0.1079,33.54,31.97,24.8
759.997,flow_only,40.301,52.1374604,21.16171,92.81,52.1374564,21.1617239,25,0.54,1.464,255,0.0,0.3357,0.1162,0.0642,2.836,8.224,4.1,-5.97,131.85,0.01,0.01,0.07,0.06,99695,1507,3,0.26,0.08,-0.03,0.03,49,-61,-142,0,3.1,0.21,0.0389,0.0845,38.11,37.43,25.4
760.097,flow_only,40.401,52.1374594,21.1617113,92.85,52.1374543,21.161727,25,0.54,1.632,255,0.1678,0.3357,0.5279,-0.0079,2.88,8.269,6.14,-5.63,131.99,0.01,0.01,0.19,0.05,99695,1507,3,0.27,0.08,-0.03,0.03,49,-3,416,0,3.2,0.3,0.0213,0.096,34.12,34.81,22.74
760.197,flow_only,40.501,52.1374584,21.1617128,92.91,52.1374522,21.1617303,25,0.52,1.65,255,0.0,0.1678,-0.124,-0.1362,2.92,8.321,7.0,-6.55,132.38,0.01,0.01,0.07,0.06,99695,1507,3,0.27,0.08,-0.03,0.03,49,21,-1,0,3.26,0.34,0.0201,0.1018,33.06,34.74,22.01
760.297,flow_only,40.6,52.1374574,21.1617145,92.94,52.1374522,21.1617303,25,0.52,1.65,255,-0.1678,1.007,-0.0782,0.1441,2.91,8.356,6.27,-6.32,132.87,0.01,0.01,0.12,0.03,99695,1507,3,0.27,0.08,-0.03,0.03,49,149,-26,0,3.23,0.26,0.0317,0.0688,34.48,31.92,19.76
760.397,flow_only,40.701,52.1374564,21.1617165,92.95,52.1374501,21.1617338,25,0.52,1.681,255,0.0,0.5034,0.1473,0.1747,2.912,8.37,6.36,-5.47,133.46,0.01,0.01,0.08,0.05,99695,1507,3,0.27,0.09,-0.03,0.03,49,-145,-186,0,3.2,0.23,0.0037,0.0067,29.4,30.5,20.18
760.497,flow_only,40.8,52.1374553,21.1617182,92.96,52.1374501,21.1617338,25,0.52,1.681,255,0.0,0.6713,0.0397,0.1666,2.956,8.372,6.82,-4.46,134.05,0.01,0.01,0.04,0.05,99695,1507,3,0.27,0.09,-0.03,0.03,49,-64,252,0,3.2,0.23,0.0181,0.034,31.66,30.54,21.71
760.597,flow_only,40.901,52.137454,21.1617199,92.95,52.1374479,21.1617375,25,0.52,1.812,255,0.0,1.007,0.0471,0.1537,2.918,8.368,7.02,-3.75,134.5,0.01,0.01,0.05,0.03,99695,1507,3,0.27,0.09,-0.03,0.03,49,-10,312,0,3.19,0.23,0.0235,0.0485,30.36,35.09,22.88
760.697,flow_only,41.001,52.1374528,21.1617217,92.94,52.1374479,21.1617375,25,0.52,1.812,255,0.0,0.5034,-0.0458,0.1013,2.894,8.356,6.83,-2.99,134.89,0.01,0.01,0.08,0.03,99695,1507,3,0.27,0.09,-0.03,0.03,49,166,-71,0,3.16,0.19,0.0114,0.0363,34.88,38.43,26.61
760.797,flow_only,41.101,52.1374515,21.1617236,92.92,52.1374479,21.1617375,25,0.52,1.812,255,-0.1678,0.5035,-0.0393,0.1155,2.874,8.34,6.53,-2.55,135.19,0.01,0.01,0.07,0.05,99695,1507,3,0.27,0.09,-0.03,0.03,49,85,-190,0,3.13,0.15,0.0126,0.0465,34.26,36.38,26.27
760.897,flow_only,41.201,52.1374503,21.1617254,92.9,52.1374456,21.1617412,25,0.52,1.79,255,0.0,0.6712,0.0147,0.1335,2.862,8.318,6.52,-1.77,135.49,0.01,0.01,0.08,0.03,99695,1507,3,0.27,0.07,-0.03,0.03,49,-127,259,0,3.09,0.18,0.0191,0.0622,31.74,35.51,25.17
760.997,flow_only,41.301,52.137449,21.1617272,92.88,52.1374456,21.1617412,25,0.52,1.79,255,0.0,0.6712,0.0099,0.0928,2.862,8.294,6.46,-1.22,135.75,0.01,0.01,0.06,0.03,99695,1507,3,0.27,0.07,-0.03,0.03,49,-110,301,0,3.07,0.15,0.0252,0.0693,33.78,35.36,25.79
761.097,flow_only,41.401,52.1374479,21.1617288,92.86,52.1374431,21.1617446,25,0.52,1.699,255,0.0,0.3357,-0.0386,0.0205,2.884,8.27,6.4,-0.99,135.95,0.01,0.01,0.06,0.04,99695,1507,3,0.27,0.07,-0.03,0.03,49,35,-140,0,3.03,0.1,0.0251,0.067,35.58,35.43,27.7
761.197,flow_only,41.5,52.1374468,21.1617305,92.84,52.1374431,21.1617446,25,0.52,1.699,255,-0.1679,0.5036,0.0057,0.0223,2.882,8.251,6.38,-0.84,136.22,0.01,0.01,0.05,0.04,99695,1507,3,0.27,0.07,-0.03,0.03,49,62,-138,0,3.02,0.08,0.0114,0.0469,34.53,34.65,26.75
761.297,flow_only,41.601,52.1374457,21.161732,92.82,52.1374408,21.1617479,25,0.52,1.684,255,0.0,0.3357,-0.0028,-0.0514,2.88,8.231,6.34,-0.95,136.29,0.01,0.01,0.09,0.04,99695,1507,3,0.27,0.07,-0.03,0.03,49,60,-240,0,2.99,0.04,0.0298,0.075,33.61,36.45,28.79
761.397,flow_only,41.701,52.1374446,21.1617334,92.79,52.1374408,21.1617479,25,0.52,1.684,255,0.0,0.8391,0.0003,-0.0411,2.886,8.208,6.29,-1.22,136.34,0.01,0.01,0.09,0.06,99695,1507,3,0.27,0.07,-0.03,0.03,49,-147,142,0,2.96,0.0,0.0173,0.0615,31.51,35.92,25.53
761.497,flow_only,41.801,52.1374437,21.1617347,92.77,52.1374386,21.1617512,25,0.52,1.617,255,0.0,0.6714,-0.0163,-0.0612,2.892,8.185,6.18,-1.56,136.42,0.01,0.01,0.06,0.03,99695,1507,3,0.27,0.06,-0.03,0.03,49,36,-175,0,2.94,0.0,0.0304,0.0779,30.85,34.9,26.48
761.597,flow_only,41.901,52.1374426,21.161736,92.75,52.1374363,21.1617541,25,0.52,1.579,255,0.0,0.3357,-0.0096,-0.0848,2.898,8.165,6.12,-2.05,136.42,0.01,0.01,0.07,0.06,99695,1507,3,0.27,0.06,-0.03,0.03,49,-82,-136,0,2.93,0.0,0.0189,0.0552,32.33,36.24,28.1
761.697,flow_only,42.001,52.1374416,21.1617372,92.73,52.1374363,21.1617541,25,0.52,1.579,255,0.0,0.3358,-0.0505,-0.0415,2.908,8.144,5.83,-2.28,136.44,0.01,0.01,0.09,0.05,99695,1507,3,0.27,0.06,-0.03,0.03,49,84,-144,0,2.9,-0.06,0.0243,0.0683,33.75,36.04,30.98
761.797,flow_only,42.101,52.1374407,21.1617386,92.71,52.1374363,21.1617541,25,0.52,1.579,255,0.0,0.3356,0.0448,-0.0866,2.916,8.126,5.91,-2.77,136.4,0.01,0.01,0.07,0.04,99695,1507,3,0.27,0.06,-0.03,0.03,49,80,-105,0,2.89,-0.07,0.0204,0.0599,34.38,38.63,29.61
761.897,flow_only,42.201,52.1374399,21.1617399,92.69,52.1374341,21.161757,25,0.52,1.576,255,0.0,0.5035,0.01,-0.0547,2.888,8.105,5.99,-3.06,136.44,0.01,0.01,0.12,0.05,99695,1507,3,0.27,0.06,-0.03,0.03,49,46,-142,0,2.86,-0.12,0.0305,0.0862,32.92,37.73,30.55
761.997,flow_only,42.301,52.1374391,21.1617412,92.66,52.1374341,21.161757,25,0.52,1.576,255,0.0,0.8391,0.0088,-0.0058,2.914,8.079,6.18,-3.17,136.4,0.01,0.01,0.08,0.05,99695,1507,3,0.27,0.06,-0.03,0.03,49,-22,0,0,2.84,-0.12,0.0191,0.0682,31.79,35.85,27.4
762.097,flow_only,42.401,52.1374382,21.1617425,92.64,52.1374319,21.1617599,25,0.52,1.525,255,0.0,0.3356,0.0165,0.0081,2.92,8.053,6.29,-3.06,136.39,0.01,0.01,0.08,0.06,99695,1507,3,0.27,0.06,-0.03,0.03,49,22,-223,0,2.83,-0.15,0.045,0.1066,29.19,34.59,27.7
762.197,flow_only,42.501,52.1374374,21.1617437,92.62,52.1374319,21.1617599,25,0.52,1.525,255,-0.1678,0.1678,0.0221,-0.1036,2.938,8.033,6.41,-3.38,136.25,0.01,0.01,0.04,0.03,99695,1507,3,0.27,0.06,-0.03,0.03,49,-140,300,0,2.83,-0.17,0.0086,0.0345,28.98,34.77,27.81
762.297,flow_only,42.601,52.1374364,21.161745,92.6,52.1374297,21.1617626,25,0.52,1.542,255,-0.1678,0.6712,-0.0594,-0.0752,2.972,8.019,6.3,-3.94,136.09,0.01,0.01,0.03,0.05,99695,1507,3,0.27,0.06,-0.03,0.03,49,29,65,0,2.83,-0.17,0.0033,0.0194,29.94,32.5,26.95
762.397,flow_only,42.701,52.1374357,21.1617461,92.59,52.1374297,21.1617626,25,0.52,1.542,255,-0.1678,0.6712,-0.035,-0.0094,2.97,8.008,5.96,-3.98,136.0,0.01,0.01,0.08,0.03,99695,1507,3,0.27,0.06,-0.03,0.03,49,103,-334,0,2.82,-0.21,0.0418,0.0909,30.46,32.03,23.53
762.497,flow_only,42.8,52.137435,21.1617473,92.58,52.1374274,21.1617653,25,0.52,1.576,255,-0.1678,0.5033,-0.0415,-0.1068,2.976,7.995,5.75,-4.22,135.84,0.01,0.01,0.07,0.05,99695,1507,3,0.27,0.06,-0.03,0.03,49,63,-153,0,2.81,-0.22,0.0434,0.0968,30.47,32.52,25.76
762.597,flow_only,42.901,52.1374342,21.1617485,92.56,52.1374251,21.1617681,25,0.52,1.638,255,0.0,0.1679,0.0671,-0.0544,2.996,7.979,6.17,-4.86,135.82,0.01,0.01,0.08,0.03,99695,1507,3,0.27,0.06,-0.03,0.03,49,-184,-45,0,2.8,-0.24,0.0214,0.0491,30.87,33.13,24.78
762.697,flow_only,43.001,52.1374334,21.1617496,92.55,52.1374251,21.1617681,25,0.52,1.638,255,0.0,0.5035,-0.0624,-0.0444,3.006,7.961,5.8,-4.85,135.67,0.01,0.01,0.05,0.03,99695,1507,3,0.27,0.06,-0.03,0.03,49,205,-222,0,2.8,-0.26,0.0312,0.0694,32.94,33.39,25.81
762.797,flow_only,43.101,52.1374326,21.1617509,92.53,52.1374251,21.1617681,25,0.52,1.638,255,-0.1678,0.3357,-0.1116,-0.0176,3.016,7.943,5.67,-5.2,135.68,0.01,0.01,0.08,0.02,99695,1507,3,0.27,0.06,-0.03,0.03,49,-151,60,0,2.79,-0.28,0.011,0.0341,33.12,35.08,22.18
762.897,flow_only,43.201,52.1374318,21.1617521,92.51,52.1374227,21.161771,25,0.52,1.652,255,-0.3356,0.6712,-0.0487,-0.0994,3.036,7.921,4.92,-5.69,135.82,0.01,0.01,0.09,0.04,99695,1507,3,0.27,0.06,-0.03,0.03,49,-95,-110,0,2.76,-0.28,0.0217,0.0507,34.5,31.03,18.8
762.997,flow_only,43.3,52.1374309,21.1617533,92.48,52.1374227,21.161771,25,0.52,1.652,255,-0.1678,0.1678,0.0161,-0.2338,3.028,7.898,4.82,-6.68,136.18,0.01,0.01,0.06,0.04,99695,1507,3,0.27,0.06,-0.03,0.03,49,154,-93,0,2.76,-0.33,0.019,0.0451,31.35,34.01,25.98
763.097,flow_only,43.401,52.1374301,21.1617545,92.46,52.1374203,21.1617738,25,0.52,1.66,255,-0.1678,0.1678,-0.0735,-0.0421,3.06,7.877,4.6,-7.61,136.49,0.01,0.01,0.02,0.05,99695,1507,3,0.27,0.06,-0.03,0.03,49,35,225,0,2.76,-0.34,0.0109,0.0256,37.09,40.61,29.63
763.197,flow_only,43.501,52.1374293,21.1617559,92.45,52.1374203,21.1617738,25,0.52,1.66,255,0.0,1.0069,0.1007,0.0606,3.044,7.862,4.72,-6.93,136.85,0.01,0.01,0.01,0.04,99695,1507,3,0.27,0.06,-0.03,0.03,49,-53,171,0,2.77,-0.32,0.0084,0.0198,33.38,37.01,28.48
763.297,flow_only,43.6,52.1374283,21.1617573,92.44,52.1374178,21.1617768,25,0.52,1.769,255,0.0,0.3356,0.0593,0.0866,3.04,7.858,5.01,-6.76,137.19,0.01,0.01,0.01,0.07,99695,1507,3,0.27,0.06,-0.03,0.03,49,-6,-217,0,2.79,-0.32,0.0223,0.0515,33.81,38.76,28.01
763.397,flow_only,43.701,52.1374275,21.1617585,92.44,52.1374178,21.1617768,25,0.52,1.769,255,0.0,0.5035,0.0789,0.0608,3.056,7.86,5.41,-6.09,137.42,0.01,0.01,0.04,0.02,99695,1507,3,0.27,0.06,-0.03,0.03,49,-24,123,0,2.79,-0.31,0.0233,0.0483,37.24,36.01,29.97
763.497,flow_only,43.8,52.1374266,21.1617597,92.45,52.1374152,21.16178,25,0.52,1.883,255,0.0,0.5036,0.0841,-0.0522,3.072,7.866,5.94,-6.2,137.65,0.01,0.01,0.01,0.03,99695,1507,3,0.27,0.06,-0.03,0.03,49,-68,-209,0,2.83,-0.3,0.0378,0.0778,40.99,37.98,27.01
763.597,flow_only,43.901,52.1374256,21.1617608,92.46,52.1374125,21.1617835,25,0.52,1.96,255,-0.1678,0.5034,-0.1131,-0.0722,3.084,7.878,5.8,-6.54,137.94,0.01,0.01,0.02,0.02,99695,1507,3,0.27,0.06,-0.03,0.03,49,44,-182,0,2.86,-0.27,0.0247,0.0684,37.55,38.12,23.09
763.697,flow_only,44.001,52.1374245,21.1617621,92.47,52.1374125,21.1617835,25,0.52,1.96,255,-0.1678,0.8391,-0.1331,0.0209,3.11,7.89,5.04,-6.59,138.13,0.01,0.01,0.0,0.03,99695,1507,3,0.27,0.06,-0.03,0.03,49,36,324,0,2.89,-0.27,0.0224,0.0718,32.93,34.49,26.5
763.797,flow_only,44.101,52.1374234,21.1617634,92.48,52.1374125,21.1617835,25,0.52,1.96,255,-0.5035,0.8391,-0.0794,-0.018,3.11,7.897,4.42,-6.77,138.05,0.01,0.01,0.04,0.05,99695,1507,3,0.27,0.06,-0.03,0.03,49,12,-238,0,2.89,-0.28,0.0163,0.0485,29.95,33.63,27.82
763.897,flow_only,44.201,52.1374223,21.1617647,92.48,52.1374097,21.1617869,25,0.52,1.989,255,0.0,0.5034,-0.1044,0.0158,3.098,7.898,3.84,-6.6,137.71,0.01,0.01,0.01,0.06,99695,1507,3,0.26,0.06,-0.03,0.03,49,-13,-109,0,2.9,-0.28,0.0154,0.0452,30.62,32.37,28.0
763.997,flow_only,44.301,52.1374211,21.1617663,92.48,52.1374097,21.1617869,25,0.52,1.989,255,-0.1679,0.5036,0.0243,0.0886,3.1,7.899,3.58,-6.48,137.15,0.01,0.01,0.01,0.05,99695,1507,3,0.26,0.06,-0.03,0.03,49,0,-90,0,2.92,-0.24,0.0195,0.0609,29.34,31.15,24.91
764.097,flow_only,44.401,52.1374197,21.1617678,92.49,52.1374066,21.1617905,25,0.52,2.206,255,-0.3357,1.3426,-0.0886,0.1801,3.104,7.901,3.64,-5.38,136.56,0.01,0.01,0.01,0.08,99695,1507,3,0.26,0.06,-0.03,0.03,49,24,-315,0,2.94,-0.24,0.0162,0.0614,30.86,28.61,23.82
764.197,flow_only,44.501,52.1374185,21.1617694,92.49,52.1374066,21.1617905,25,0.52,2.206,255,-0.1678,0.6712,-0.0377,0.1702,3.092,7.903,3.11,-4.47,136.08,0.01,0.01,0.01,0.05,99695,1507,3,0.26,0.06,-0.03,0.03,49,35,410,0,2.95,-0.23,0.0248,0.076,31.87,34.75,27.07
764.297,flow_only,44.601,52.1374171,21.161771,92.49,52.1374034,21.1617944,25,0.52,2.224,255,0.0,0.5035,-0.0869,0.1151,3.094,7.907,2.91,-3.52,135.81,0.01,0.01,0.02,0.04,99695,1507,3,0.26,0.06,-0.03,0.03,49,-62,336,0,2.97,-0.21,0.0437,0.1091,33.4,33.36,27.27
764.397,flow_only,44.701,52.1374157,21.1617728,92.5,52.1374034,21.1617944,25,0.52,2.224,255,-0.1678,0.6712,0.0863,0.1216,3.088,7.91,2.66,-3.13,135.55,0.01,0.01,0.01,0.07,99695,1507,3,0.26,0.06,-0.03,0.03,49,0,-98,0,2.97,-0.2,0.0303,0.0833,34.45,39.66,26.39
764.497,flow_only,44.801,52.1374142,21.1617745,92.51,52.1374003,21.1617984,25,0.52,2.246,255,0.0,0.8391,-0.0136,0.2785,3.062,7.922,3.01,-1.65,135.4,0.01,0.01,0.09,0.08,99695,1507,3,0.26,0.06,-0.03,0.03,49,-80,-366,0,3.01,-0.16,0.0375,0.1109,31.35,31.65,23.2
764.597,flow_only,44.901,52.1374126,21.1617764,92.53,52.1373972,21.1618025,25,0.52,2.192,255,-0.1678,1.0069,-0.0681,0.0672,3.084,7.945,2.87,-0.88,135.12,0.01,0.01,0.11,0.05,99695,1507,3,0.26,0.06,-0.03,0.03,49,34,-7,0,3.06,-0.1,0.0527,0.1505,32.29,37.2,22.14
764.697,flow_only,45.001,52.1374112,21.1617783,92.56,52.1373972,21.1618025,25,0.52,2.192,255,0.0,1.1747,0.0838,0.1789,3.098,7.976,3.08,0.19,134.9,0.01,0.01,0.11,0.08,99695,1507,3,0.26,0.06,-0.03,0.03,49,25,-151,0,3.1,-0.05,0.027,0.1285,28.98,41.97,20.92
764.797,flow_only,45.101,52.13741,21.16178,92.59,52.1373972,21.1618025,25,0.52,2.192,255,0.0,0.5034,0.0194,-0.0558,3.064,8.009,3.41,0.27,134.96,0.01,0.01,0.1,0.09,99695,1507,3,0.26,0.06,-0.03,0.03,49,-7,-120,0,3.14,0.0,0.0258,0.1238,34.14,33.82,21.98
764.897,flow_only,45.2,52.1374089,21.1617816,92.62,52.1373942,21.1618066,25,0.52,2.187,255,0.0,0.5035,-0.0616,-0.0505,3.086,8.035,2.97,0.0,135.11,0.01,0.01,0.01,0.07,99695,1507,3,0.26,0.06,-0.03,0.03,49,132,297,0,3.15,0.0,0.029,0.1104,33.96,32.1,23.67
764.997,flow_only,45.301,52.1374078,21.1617834,92.64,52.1373942,21.1618066,25,0.52,2.187,255,0.0,0.5035,0.0203,0.0866,3.078,8.06,2.86,0.33,135.5,0.01,0.01,0.06,0.07,99695,1507,3,0.26,0.06,-0.03,0.03,49,65,-225,0,3.17,0.03,0.019,0.0958,33.79,31.92,24.94
765.097,flow_only,45.401,52.1374066,21.1617852,92.67,52.1373914,21.1618107,25,0.52,1.984,255,0.0,0.3357,0.1686,-0.0245,3.056,8.083,4.01,0.49,135.94,0.01,0.01,0.03,0.07,99695,1507,3,0.26,0.06,-0.03,0.03,49,-90,34,0,3.18,0.02,0.0351,0.1073,38.64,37.07,25.3
765.197,flow_only,45.501,52.1374054,21.1617871,92.68,52.1373914,21.1618107,25,0.52,1.984,255,-0.1678,1.0071,-0.0912,0.033,3.012,8.098,3.76,0.44,136.34,0.01,0.01,0.01,0.08,99695,1507,3,0.26,0.06,-0.03,0.03,49,48,-20,0,3.17,0.02,0.0446,0.097,33.85,32.4,20.49
765.297,flow_only,45.601,52.1374044,21.1617888,92.69,52.1373888,21.1618146,25,0.52,1.981,255,0.0,0.8391,0.0273,-0.0145,3.016,8.106,3.83,0.6,136.54,0.01,0.01,0.0,0.06,99695,1507,3,0.26,0.06,-0.03,0.03,49,0,-90,0,3.16,0.04,0.0133,0.0479,30.92,32.11,26.88
765.397,flow_only,45.701,52.1374034,21.1617904,92.69,52.1373888,21.1618146,25,0.52,1.981,255,0.0,0.1678,-0.087,-0.2532,2.994,8.108,3.6,-0.33,136.46,0.01,0.01,0.01,0.09,99695,1507,3,0.26,0.06,-0.03,0.03,49,182,447,0,3.16,0.07,0.0366,0.0748,27.79,31.08,22.01
765.497,flow_only,45.801,52.1374023,21.1617921,92.69,52.1373862,21.1618182,25,0.52,1.809,255,0.0,0.1678,-0.1054,-0.0331,2.972,8.105,2.96,-1.08,136.23,0.01,0.01,0.02,0.07,99695,1507,3,0.26,0.06,-0.03,0.03,49,-17,-2,0,3.14,0.06,0.0309,0.0621,27.37,30.91,24.4
765.597,flow_only,45.901,52.1374014,21.1617937,92.68,52.1373838,21.1618217,25,0.52,1.78,255,0.0,0.8391,0.0765,-0.0274,3.004,8.099,2.93,-1.01,136.04,0.01,0.01,0.0,0.08,99695,1507,3,0.26,0.07,-0.03,0.03,49,33,-6,0,3.12,0.06,0.0119,0.0279,29.26,31.51,23.87
765.698,flow_only,46.001,52.1374005,21.1617952,92.67,52.1373838,21.1618217,25,0.52,1.78,255,0.0,0.3357,0.0154,-0.0278,2.976,8.09,3.28,-1.23,135.77,0.01,0.01,0.0,0.05,99695,1507,3,0.26,0.07,-0.03,0.03,49,-45,74,0,3.11,0.03,0.0172,0.0351,31.4,32.35,24.75
765.797,flow_only,46.101,52.1373996,21.1617966,92.66,52.1373838,21.1618217,25,0.52,1.78,255,0.0,0.3357,0.0593,-0.0328,2.982,8.079,3.46,-1.59,135.62,0.01,0.01,0.02,0.07,99695,1507,3,0.26,0.07,-0.03,0.03,49,-8,-105,0,3.08,0.01,0.0078,0.0149,28.73,32.23,22.37
765.897,flow_only,46.201,52.1373987,21.161798,92.65,52.1373815,21.1618251,25,0.52,1.745,255,0.0,1.007,0.0922,0.0583,2.888,8.065,3.9,-1.42,135.48,0.01,0.01,0.07,0.08,99695,1507,3,0.26,0.07,-0.03,0.03,49,-50,388,0,3.05,0.0,0.0349,0.0679,29.59,29.28,21.83
765.997,flow_only,46.301,52.1373978,21.1617994,92.63,52.1373815,21.1618251,25,0.52,1.745,255,-0.1678,0.3356,-0.0668,-0.1552,2.89,8.048,3.81,-1.91,135.33,0.01,0.01,0.05,0.07,99695,1507,3,0.26,0.07,-0.03,0.03,49,133,-122,0,3.02,0.03,0.0069,0.0338,28.61,28.77,21.78
766.097,flow_only,46.401,52.1373969,21.1618007,92.62,52.1373791,21.1618285,25,0.52,1.7,255,0.0,0.3356,0.1118,0.0314,2.904,8.032,4.24,-2.28,135.22,0.01,0.01,0.05,0.07,99695,1507,3,0.26,0.07,-0.03,0.03,49,-199,29,0,2.99,0.02,0.0142,0.0423,22.25,24.67,23.49
766.197,flow_only,46.501,52.1373958,21.161802,92.6,52.1373791,21.1618285,25,0.52,1.7,255,-0.5034,0.6712,-0.1827,0.0201,2.908,8.016,3.94,-1.97,134.98,0.01,0.01,0.04,0.05,99695,1507,3,0.26,0.07,-0.03,0.03,49,16,-200,0,2.97,0.0,0.0199,0.05,24.53,25.31,21.67
766.297,flow_only,46.601,52.1373949,21.1618032,92.58,52.1373768,21.1618317,25,0.52,1.732,255,0.0,0.3356,-0.135,-0.1036,2.9,8.0,2.85,-2.28,134.61,0.01,0.01,0.06,0.07,99695,1507,3,0.26,0.06,-0.03,0.03,49,98,-98,0,2.95,0.0,0.0085,0.0432,24.01,24.77,16.48
766.397,flow_only,46.701,52.1373941,21.1618045,92.57,52.1373768,21.1618317,25,0.52,1.732,255,-0.1678,0.5034,-0.1562,0.0095,2.882,7.981,2.33,-2.33,133.82,0.01,0.01,0.06,0.08,99695,1507,3,0.26,0.06,-0.03,0.03,49,-234,65,0,2.93,-0.05,0.0134,0.0492,29.18,30.25,22.65
766.497,flow_only,46.801,52.1373931,21.1618058,92.55,52.1373744,21.1618348,25,0.52,1.693,255,-0.3356,0.6712,-0.1122,-0.0469,2.864,7.963,1.53,-2.47,132.82,0.01,0.01,0.05,0.07,99695,1507,3,0.26,0.06,-0.03,0.03,49,-129,218,0,2.91,-0.07,0.0309,0.0717,26.97,29.62,20.63
766.598,flow_only,46.901,52.1373922,21.161807,92.54,52.1373744,21.1618348,25,0.52,1.693,255,0.0,0.5034,0.1399,0.1094,2.876,7.956,1.74,-1.98,132.22,0.01,0.01,0.01,0.05,99695,1507,3,0.26,0.06,-0.03,0.03,49,-100,-61,0,2.93,-0.05,0.0228,0.0448,32.92,36.01,25.19
766.698,flow_only,47.001,52.1373911,21.1618083,92.55,52.137372,21.1618379,25,0.52,1.695,255,0.0,0.3356,-0.0125,-0.261,2.876,7.962,2.62,-2.67,132.26,0.01,0.01,0.03,0.06,99695,1507,3,0.26,0.06,-0.03,0.03,49,-129,45,0,2.95,0.0,0.0604,0.117,31.24,37.31,23.11
766.798,flow_only,47.101,52.1373899,21.1618096,92.55,52.137372,21.1618379,25,0.52,1.695,255,-0.1678,0.5033,-0.0377,-0.1328,2.884,7.969,2.16,-3.93,132.7,0.01,0.01,0.01,0.08,99695,1507,3,0.26,0.06,-0.03,0.03,49,-213,-86,0,2.96,0.0,0.0514,0.102,34.22,36.46,24.6
766.897,flow_only,47.201,52.1373888,21.1618109,92.56,52.1373697,21.1618411,25,0.52,1.628,255,0.1678,0.8388,0.1748,0.0561,2.9,7.98,2.55,-3.94,133.29,0.01,0.01,0.01,0.05,99695,1507,3,0.26,0.06,-0.03,0.03,49,46,-60,0,2.98,0.0,0.0293,0.0638,36.25,35.77,25.04
766.997,flow_only,47.301,52.1373879,21.1618121,92.58,52.1373697,21.1618411,25,0.52,1.628,255,0.0,0.5033,0.1055,0.0901,2.916,7.993,3.41,-3.53,134.25,0.01,0.01,0.02,0.05,99695,1507,3,0.26,0.06,-0.03,0.03,49,-13,-176,0,3.0,0.01,0.023,0.0417,35.03,35.91,25.63
767.097,flow_only,47.401,52.137387,21.1618133,92.59,52.1373677,21.1618443,25,0.52,1.532,255,0.0,0.5033,-0.1951,-0.0433,2.926,8.003,2.75,-3.45,135.05,0.01,0.01,0.01,0.06,99695,1507,3,0.26,0.06,-0.03,0.03,49,102,377,0,3.01,0.01,0.0256,0.0552,34.06,36.49,22.19
767.197,flow_only,47.501,52.1373861,21.1618149,92.59,52.1373677,21.1618443,25,0.52,1.532,255,0.0,0.1678,0.1189,-0.1009,2.912,8.008,2.42,-4.16,135.61,0.01,0.01,0.03,0.07,99695,1507,3,0.26,0.06,-0.03,0.03,49,-88,56,0,3.0,0.01,0.0273,0.0511,28.42,32.64,26.14
767.298,flow_only,47.601,52.1373851,21.1618163,92.6,52.1373658,21.1618477,25,0.52,1.557,255,0.1678,0.3356,0.1484,0.0246,2.914,8.013,3.2,-4.3,136.17,0.01,0.01,0.0,0.06,99695,1507,3,0.26,0.05,-0.03,0.03,49,21,-90,0,3.01,0.01,0.0217,0.0453,33.54,38.03,26.92
767.398,flow_only,47.701,52.1373841,21.1618178,92.6,52.1373658,21.1618477,25,0.52,1.557,255,0.1678,0.5033,0.0134,0.048,2.93,8.011,3.52,-4.14,136.63,0.01,0.01,0.06,0.07,99695,1507,3,0.26,0.05,-0.03,0.03,49,-69,-146,0,2.99,0.0,0.0356,0.0712,30.85,33.68,27.86
767.497,flow_only,47.801,52.1373831,21.1618192,92.59,52.1373638,21.1618511,25,0.52,1.635,255,0.0,0.8391,-0.0633,0.0486,2.942,8.005,3.2,-4.02,137.02,0.01,0.01,0.03,0.05,99695,1507,3,0.26,0.06,-0.03,0.03,49,-21,10,0,2.98,-0.02,0.0241,0.0501,28.0,33.07,25.56
767.597,flow_only,47.901,52.137382,21.1618206,92.58,52.1373618,21.1618546,25,0.52,1.588,255,0.0,0.5034,-0.0276,0.0762,2.994,8.0,2.99,-3.63,137.1,0.01,0.01,0.03,0.08,99695,1507,3,0.26,0.06,-0.03,0.03,49,-155,-192,0,2.98,-0.04,0.0291,0.0514,25.85,28.24,22.57
767.697,flow_only,48.001,52.137381,21.161822,92.58,52.1373618,21.1618546,25,0.52,1.588,255,0.0,0.3356,-0.0989,0.0216,2.942,7.991,2.73,-3.45,137.08,0.01,0.01,0.07,0.07,99695,1507,3,0.26,0.06,-0.03,0.03,49,-28,-194,0,2.95,-0.07,0.0207,0.047,27.13,28.57,22.03
767.798,flow_only,48.101,52.13738,21.1618234,92.57,52.1373599,21.161858,25,0.52,1.567,255,0.0,0.3357,0.0166,-0.0303,2.954,7.98,2.52,-3.46,137.25,0.01,0.01,0.04,0.08,99695,1507,3,0.26,0.06,-0.03,0.03,49,64,372,0,2.95,-0.1,0.0256,0.055,32.23,33.11,21.74
767.897,flow_only,48.201,52.137379,21.1618249,92.56,52.1373599,21.161858,25,0.52,1.567,255,0.0,0.1679,0.0323,-0.0718,2.98,7.971,2.87,-3.87,137.56,0.01,0.01,0.03,0.08,99695,1507,3,0.26,0.06,-0.03,0.03,49,-140,114,0,2.94,-0.09,0.031,0.0659,31.84,34.97,24.33
767.997,flow_only,48.301,52.1373781,21.1618263,92.55,52.1373599,21.161858,25,0.52,1.567,255,-0.1678,0.6713,-0.1157,0.0048,2.984,7.961,2.49,-4.02,137.89,0.01,0.01,0.03,0.04,99695,1507,3,0.26,0.06,-0.03,0.03,49,25,231,0,2.94,-0.09,0.022,0.0488,30.8,31.39,24.14
768.098,flow_only,48.401,52.1373771,21.1618278,92.54,52.137358,21.1618614,25,0.52,1.599,255,0.0,0.6712,-0.0009,-0.0016,3.02,7.953,2.14,-3.95,138.37,0.01,0.01,0.02,0.08,99695,1507,3,0.26,0.06,-0.03,0.03,49,73,-135,0,2.94,-0.12,0.0035,0.0166,30.83,31.52,19.28
768.197,flow_only,48.501,52.1373762,21.1618293,92.53,52.137358,21.1618614,25,0.52,1.599,255,0.1678,0.3357,0.0345,-0.0149,3.03,7.946,2.25,-4.0,138.89,0.01,0.01,0.03,0.06,99695,1507,3,0.26,0.06,-0.03,0.03,49,97,-121,0,2.94,-0.14,0.0099,0.021,31.0,29.87,17.3
768.297,flow_only,48.601,52.1373754,21.1618308,92.52,52.1373562,21.161865,25,0.52,1.56,255,0.1678,0.3356,0.0951,-0.0825,3.038,7.938,2.63,-4.35,139.35,0.01,0.01,0.03,0.07,99695,1507,3,0.26,0.06,-0.03,0.03,49,-121,-100,0,2.94,-0.15,0.0095,0.0231,30.04,30.47,18.36
768.397,flow_only,48.701,52.1373747,21.1618324,92.51,52.1373562,21.161865,25,0.52,1.56,255,0.3357,0.6713,-0.0126,-0.003,3.054,7.93,2.99,-4.44,139.77,0.01,0.01,0.03,0.05,99695,1507,3,0.26,0.06,-0.03,0.03,49,134,78,0,2.93,-0.18,0.0199,0.0366,30.55,29.27,24.99
768.497,flow_only,48.801,52.137374,21.161834,92.51,52.1373545,21.1618686,25,0.52,1.567,255,0.0,0.3356,-0.0558,-0.0136,3.054,7.921,2.57,-4.63,140.0,0.01,0.01,0.02,0.05,99695,1507,3,0.26,0.06,-0.03,0.03,49,-17,-73,0,2.94,-0.19,0.0264,0.054,26.25,28.36,23.11
768.597,flow_only,48.901,52.1373734,21.1618354,92.49,52.1373545,21.1618686,25,0.52,1.567,255,0.1678,0.5035,0.1519,0.0487,3.09,7.91,3.29,-4.45,140.2,0.01,0.01,0.04,0.06,99695,1507,3,0.26,0.06,-0.03,0.03,49,-201,38,0,2.93,-0.2,0.0299,0.0606,27.38,26.85,20.29
768.697,flow_only,49.001,52.1373727,21.1618368,92.49,52.1373526,21.1618722,25,0.52,1.59,255,0.0,0.1678,0.0745,-0.1028,3.11,7.903,3.56,-4.9,140.18,0.01,0.01,0.0,0.08,99695,1507,3,0.26,0.06,-0.03,0.03,49,-77,-46,0,2.95,-0.22,0.0151,0.0327,24.09,28.41,23.96
768.797,flow_only,49.101,52.137372,21.1618381,92.48,52.1373526,21.1618722,25,0.52,1.59,255,0.0,0.3357,-0.0019,-0.0603,3.105,7.892,3.96,-5.21,140.01,0.01,0.01,0.04,0.06,99695,1507,3,0.26,0.06,-0.03,0.03,49,16,-81,0,2.94,-0.24,0.0321,0.0612,25.54,26.51,20.22
768.897,flow_only,49.201,52.1373712,21.1618394,92.46,52.1373507,21.1618758,25,0.52,1.645,255,0.0,0.3357,-0.0509,-0.0434,3.12,7.877,3.73,-5.56,139.99,0.01,0.01,0.05,0.05,99695,1507,3,0.26,0.06,-0.03,0.03,49,-24,125,0,2.93,-0.25,0.0203,0.0403,26.77,26.68,22.5
768.998,flow_only,49.301,52.1373705,21.1618407,92.44,52.1373507,21.1618758,25,0.52,1.645,255,0.0,0.6715,0.009,-0.0497,3.126,7.859,3.61,-5.85,139.79,0.01,0.01,0.03,0.05,99695,1507,3,0.26,0.06,-0.03,0.03,49,-26,-61,0,2.93,-0.26,0.038,0.074,23.85,26.95,23.25
769.097,flow_only,49.401,52.1373698,21.1618419,92.43,52.1373488,21.1618795,25,0.52,1.678,255,0.1678,0.3355,-0.0222,-0.0577,3.118,7.841,3.61,-6.05,139.51,0.01,0.01,0.02,0.02,99695,1507,3,0.26,0.06,-0.03,0.03,49,-76,-83,0,2.92,-0.27,0.0335,0.0656,24.1,25.85,23.89
769.197,flow_only,49.501,52.1373689,21.1618433,92.41,52.1373488,21.1618795,25,0.52,1.678,255,0.0,0.3356,-0.0222,-0.0402,3.116,7.824,3.56,-6.38,139.16,0.01,0.01,0.01,0.04,99695,1507,3,0.26,0.06,-0.03,0.03,49,-44,75,0,2.92,-0.27,0.0106,0.02,23.69,26.08,23.97
769.297,flow_only,49.601,52.137368,21.1618447,92.39,52.1373468,21.1618832,25,0.52,1.696,255,0.0,0.5035,-0.0942,0.0418,3.124,7.804,3.28,-6.22,138.79,0.01,0.01,0.07,0.07,99695,1507,3,0.26,0.06,-0.03,0.03,49,-5,-12,0,2.88,-0.27,0.0124,0.0321,24.83,26.91,24.26
769.397,flow_only,49.701,52.1373671,21.1618462,92.36,52.1373468,21.1618832,25,0.52,1.696,255,0.0,0.5035,0.0992,0.0161,3.088,7.778,3.31,-6.18,138.35,0.01,0.01,0.07,0.05,99695,1507,3,0.26,0.06,-0.03,0.03,49,7,162,0,2.85,-0.3,0.0074,0.0307,27.75,29.18,25.72
769.497,flow_only,49.801,52.1373661,21.1618477,92.34,52.1373448,21.1618871,25,0.52,1.755,255,0.0,0.8391,-0.0446,0.1111,3.076,7.75,3.54,-5.75,137.99,0.01,0.01,0.02,0.04,99695,1507,3,0.26,0.06,-0.03,0.03,49,232,243,0,2.84,-0.35,0.0227,0.0375,30.32,30.43,22.81
769.598,flow_only,49.901,52.1373651,21.1618494,92.31,52.1373448,21.1618871,25,0.52,1.755,255,0.0,0.3357,0.0465,0.0381,3.036,7.725,3.54,-5.38,137.63,0.01,0.01,0.05,0.04,99695,1507,3,0.26,0.06,-0.03,0.03,49,-34,-111,0,2.82,-0.31,0.0138,0.0363,27.28,29.34,23.24
769.698,flow_only,50.001,52.1373641,21.1618511,92.29,52.1373427,21.1618911,25,0.52,1.83,255,0.0,0.6709,0.1148,0.111,3.068,7.705,4.03,-4.98,137.3,0.01,0.01,0.02,0.07,99695,1507,3,0.26,0.06,-0.03,0.03,49,-125,-131,0,2.83,-0.3,0.0014,0.0036,28.85,30.22,27.04
769.797,flow_only,50.101,52.1373632,21.1618528,92.28,52.1373427,21.1618911,25,0.52,1.83,255,0.1678,1.0069,-0.0053,0.0532,3.062,7.694,4.32,-4.35,136.94,0.01,0.01,0.0,0.04,99695,1507,3,0.26,0.06,-0.03,0.03,49,24,-203,0,2.84,-0.3,0.0165,0.0333,30.96,32.34,22.13
769.897,flow_only,50.201,52.1373623,21.1618545,92.27,52.1373405,21.1618952,25,0.52,1.953,255,0.0,0.5035,0.0337,0.1044,3.06,7.686,4.45,-3.96,136.49,0.01,0.01,0.02,0.04,99695,1507,3,0.26,0.05,-0.03,0.03,49,125,243,0,2.83,-0.3,0.0223,0.0393,28.76,28.44,23.15
769.997,flow_only,50.301,52.1373614,21.1618562,92.26,52.1373405,21.1618952,25,0.52,1.953,255,0.0,0.3357,0.0454,-0.0306,3.062,7.677,4.64,-3.69,136.02,0.01,0.01,0.04,0.05,99695,1507,3,0.26,0.05,-0.03,0.03,49,-58,13,0,2.82,-0.32,0.0123,0.0274,26.75,28.9,24.85
770.097,flow_only,50.401,52.1373604,21.1618581,92.25,52.1373383,21.1618997,25,0.52,1.948,255,0.1678,0.8391,0.0948,0.0177,3.04,7.668,5.02,-3.71,135.57,0.01,0.01,0.0,0.03,99695,1507,3,0.26,0.06,-0.03,0.03,49,-101,-238,0,2.83,-0.3,0.0033,0.0131,32.85,36.46,24.64
770.197,flow_only,50.501,52.1373593,21.1618599,92.25,52.1373383,21.1618997,25,0.52,1.948,255,0.0,0.5033,0.0709,0.0724,3.05,7.666,5.63,-3.46,135.24,0.01,0.01,0.01,0.04,99695,1507,3,0.26,0.06,-0.03,0.03,49,3,-130,0,2.84,-0.28,0.0104,0.0283,31.86,36.2,26.11
770.298,flow_only,50.601,52.1373582,21.1618618,92.25,52.137336,21.1619041,25,0.52,1.97,255,0.0,0.6712,-0.0677,0.0424,3.05,7.664,5.33,-2.99,135.05,0.01,0.01,0.03,0.03,99695,1507,3,0.26,0.06,-0.03,0.03,49,42,-23,0,2.84,-0.27,0.0393,0.0619,32.02,37.91,26.29
770.398,flow_only,50.701,52.1373572,21.1618637,92.25,52.137336,21.1619041,25,0.52,1.97,255,0.1678,1.007,0.1034,0.1337,3.066,7.665,5.77,-2.43,134.92,0.01,0.01,0.04,0.02,99695,1507,3,0.26,0.06,-0.03,0.03,49,16,-143,0,2.86,-0.26,0.0239,0.0484,29.43,29.57,19.65
770.497,flow_only,50.801,52.1373561,21.1618657,92.25,52.1373337,21.1619084,25,0.52,1.944,255,0.0,0.6713,-0.0918,0.0619,3.054,7.669,5.84,-1.7,135.07,0.01,0.01,0.0,0.05,99695,1507,3,0.26,0.06,-0.03,0.03,49,237,-100,0,2.88,-0.26,0.0312,0.0569,32.05,35.01,27.24
770.597,flow_only,50.901,52.1373549,21.1618677,92.26,52.1373337,21.1619084,25,0.52,1.944,255,-0.1677,1.0065,-0.0102,0.0997,3.068,7.673,5.56,-1.33,135.31,0.01,0.01,0.0,0.01,99695,1507,3,0.26,0.06,-0.03,0.03,49,60,-148,0,2.89,-0.25,0.0393,0.0704,29.82,32.22,27.82
770.697,flow_only,51.001,52.1373539,21.1618696,92.26,52.1373315,21.1619126,25,0.52,1.863,255,0.1678,1.1743,0.055,0.2072,3.02,7.676,5.77,-0.21,135.63,0.01,0.01,0.0,0.04,99695,1507,3,0.26,0.06,-0.03,0.03,49,-30,-99,0,2.91,-0.23,0.0181,0.0421,28.08,29.55,24.75
770.797,flow_only,51.101,52.1373529,21.1618712,92.27,52.1373315,21.1619126,25,0.52,1.863,255,0.0,0.5035,0.0432,0.1291,3.044,7.681,6.06,0.62,135.89,0.01,0.01,0.02,0.04,99695,1507,3,0.26,0.06,-0.03,0.03,49,-57,463,0,2.92,-0.23,0.0188,0.051,29.66,34.39,26.32
770.897,flow_only,51.201,52.1373519,21.1618727,92.27,52.1373292,21.1619166,25,0.52,1.822,255,0.0,0.8388,-0.034,0.0995,3.074,7.689,6.2,1.2,136.03,0.01,0.01,0.01,0.03,99695,1507,3,0.26,0.06,-0.03,0.03,49,-50,-117,0,2.93,-0.17,0.0129,0.0399,31.81,32.28,26.47
770.997,flow_only,51.301,52.1373509,21.161874,92.28,52.1373292,21.1619166,25,0.52,1.822,255,-0.1678,0.839,-0.187,0.1016,3.074,7.698,5.47,1.77,136.14,0.01,0.01,0.03,0.02,99695,1507,3,0.26,0.06,-0.03,0.03,49,148,-104,0,2.96,-0.16,0.0163,0.0501,28.44,28.51,19.03
771.098,flow_only,51.401,52.13735,21.1618754,92.29,52.137327,21.1619202,25,0.52,1.668,255,-0.1678,0.5034,-0.1004,0.1313,3.054,7.709,4.5,2.53,136.19,0.01,0.01,0.0,0.02,99695,1507,3,0.26,0.06,-0.03,0.03,49,223,-285,0,2.96,-0.17,0.0326,0.0616,27.28,28.66,15.31
771.197,flow_only,51.501,52.1373493,21.1618766,92.3,52.137327,21.1619202,25,0.52,1.668,255,-0.1678,0.8392,-0.0034,0.0733,3.094,7.718,4.51,2.94,136.09,0.01,0.01,0.03,0.06,99695,1507,3,0.26,0.06,-0.03,0.03,49,89,-218,0,2.97,-0.17,0.0352,0.073,27.72,29.27,19.26
771.297,flow_only,51.601,52.1373486,21.1618777,92.32,52.137325,21.1619234,25,0.52,1.448,255,0.0,0.3355,-0.0876,0.0607,3.042,7.731,4.02,3.41,136.09,0.01,0.01,0.06,0.06,99695,1507,3,0.26,0.06,-0.03,0.03,49,97,31,0,3.0,-0.15,0.03,0.0725,31.16,30.63,22.06
771.398,flow_only,51.701,52.1373479,21.1618787,92.33,52.1373232,21.1619261,25,0.52,1.322,255,-0.1678,0.3356,0.0177,0.1113,3.024,7.748,3.95,3.85,136.14,0.01,0.01,0.04,0.09,99695,1507,3,0.26,0.06,-0.03,0.03,49,-64,-87,0,3.03,-0.12,0.0163,0.0611,30.16,27.46,23.55
771.497,flow_only,51.801,52.1373472,21.1618796,92.35,52.1373232,21.1619261,25,0.52,1.322,255,0.0,0.3357,0.0183,0.1835,3.042,7.765,4.21,4.67,136.2,0.01,0.01,0.04,0.07,99695,1507,3,0.26,0.06,-0.03,0.03,49,6,235,0,3.05,-0.04,0.0199,0.0651,31.91,32.98,23.57
771.597,flow_only,51.901,52.1373465,21.1618804,92.37,52.1373232,21.1619261,25,0.52,1.322,255,0.0,0.1678,-0.0054,0.0451,3.062,7.784,3.79,5.3,136.33,0.01,0.01,0.04,0.05,99695,1507,3,0.26,0.06,-0.03,0.03,49,-9,402,0,3.08,-0.01,0.0426,0.0984,31.98,35.55,28.08
771.697,flow_only,52.001,52.1373457,21.1618811,92.39,52.1373216,21.1619282,25,0.52,1.03,255,0.0,0.6711,-0.0453,0.1252,3.057,7.804,3.69,5.69,136.4,0.01,0.01,0.03,0.05,99695,1507,3,0.26,0.06,-0.03,0.03,49,-106,191,0,3.1,-0.01,0.045,0.1044,30.06,33.4,24.87
771.798,flow_only,52.101,52.1373451,21.1618816,92.41,52.1373202,21.1619297,25,0.52,0.809,255,0.0,0.3356,-0.0617,0.0539,3.082,7.821,3.61,6.29,136.47,0.01,0.01,0.02,0.07,99695,1507,3,0.26,0.06,-0.03,0.03,49,74,0,0,3.1,0.0,0.016,0.0569,30.97,30.2,22.46
771.897,flow_only,52.201,52.1373446,21.161882,92.42,52.1373202,21.1619297,25,0.52,0.809,255,-0.1677,0.0,-0.1909,-0.1519,3.076,7.832,2.61,5.74,136.37,0.01,0.01,0.01,0.06,99695,1507,3,0.26,0.06,-0.03,0.03,49,209,23,0,3.11,-0.01,0.0182,0.0471,27.11,27.81,17.72
771.997,flow_only,52.301,52.1373443,21.1618823,92.42,52.1373202,21.1619297,25,0.52,0.809,255,0.0,0.0,-0.0015,-0.0735,3.046,7.837,2.22,5.02,136.22,0.01,0.01,0.01,0.08,99695,1507,3,0.26,0.06,-0.03,0.03,49,-322,40,0,3.1,-0.03,0.0116,0.0285,23.09,26.09,15.65
772.097,flow_only,52.401,52.137344,21.1618822,92.42,52.1373192,21.1619308,25,0.52,0.531,255,-0.1678,0.0,-0.0801,-0.1316,3.022,7.836,1.97,4.45,136.02,0.01,0.01,0.02,0.07,99695,1507,3,0.26,0.06,-0.03,0.03,49,-64,-37,0,3.08,-0.02,0.0188,0.0282,25.42,29.62,19.86
772.197,flow_only,52.501,52.1373436,21.1618822,92.41,52.1373192,21.1619308,25,0.52,0.531,255,0.0,-0.1678,-0.0334,-0.2108,2.994,7.83,1.43,3.4,135.69,0.01,0.01,0.03,0.07,99695,1507,3,0.26,0.06,-0.03,0.03,49,194,112,0,3.06,-0.02,0.0188,0.037,27.24,30.69,21.7
772.297,flow_only,52.601,52.1373434,21.161882,92.41,52.1373186,21.1619313,25,0.52,0.289,255,0.0,0.0,0.0146,-0.1593,2.972,7.823,1.54,2.39,135.46,0.01,0.01,0.02,0.06,99695,1507,3,0.26,0.08,-0.03,0.03,49,41,14,0,3.07,0.0,0.0167,0.0338,31.96,35.57,24.82
772.397,flow_only,52.701,52.1373431,21.1618819,92.4,52.1373182,21.1619313,25,0.52,0.185,255,-0.1678,-0.1678,-0.065,-0.1439,2.964,7.818,1.07,1.51,135.11,0.01,0.01,0.0,0.06,99695,1507,3,0.26,0.07,-0.03,0.03,49,-189,176,0,3.06,0.01,0.0362,0.0723,30.89,31.58,20.66
772.497,flow_only,52.801,52.1373429,21.1618817,92.4,52.1373182,21.1619313,25,0.52,0.185,255,0.0,0.0,-0.0203,0.0167,2.94,7.813,0.95,1.3,134.85,0.01,0.01,0.0,0.05,99695,1507,3,0.26,0.07,-0.03,0.03,49,55,-85,0,3.05,0.01,0.0168,0.0362,29.64,29.75,23.03
772.598,flow_only,52.901,52.1373427,21.1618814,92.39,52.1373181,21.1619311,25,0.52,0.095,255,0.1678,0.0,0.18,-0.0238,2.926,7.809,1.66,1.12,134.8,0.01,0.01,0.0,0.02,99695,1507,3,0.26,0.13,-0.03,0.03,49,-80,100,0,3.05,0.02,0.0181,0.0399,31.82,34.79,23.4
772.698,flow_only,53.001,52.1373427,21.1618811,92.39,52.1373181,21.1619311,25,0.52,0.095,255,0.0,-0.1678,0.0033,-0.1811,2.92,7.805,1.93,0.37,135.13,0.01,0.01,0.02,0.05,99695,1507,3,0.26,0.13,-0.03,0.03,49,160,22,0,3.03,0.01,0.011,0.0158,32.65,29.23,21.55
772.798,flow_only,53.101,52.1373427,21.1618809,92.39,52.1373181,21.1619308,25,0.52,0.131,255,0.0,-0.3356,-0.0373,-0.2686,2.938,7.801,1.72,-1.09,135.98,0.01,0.01,0.03,0.08,99695,1507,3,0.26,0.06,-0.03,0.03,49,72,117,0,3.01,0.0,0.0144,0.0275,30.38,32.35,25.05
772.897,flow_only,53.201,52.1373429,21.1618807,92.38,52.1373181,21.1619308,25,0.52,0.131,255,0.0,-0.1678,0.016,-0.0984,2.926,7.791,1.7,-2.1,136.94,0.01,0.01,0.09,0.06,99695,1507,3,0.26,0.06,-0.03,0.03,49,63,182,0,2.97,-0.02,0.0206,0.0537,30.06,32.11,25.21
772.997,flow_only,53.301,52.137343,21.1618805,92.36,52.1373181,21.1619308,25,0.52,0.131,255,-0.1678,-0.3357,-0.0834,-0.1906,2.946,7.776,1.31,-2.91,137.66,0.01,0.01,0.04,0.05,99695,1507,3,0.26,0.06,-0.03,0.03,49,61,31,0,2.95,-0.05,0.0209,0.0569,29.49,32.64,23.5
773.097,flow_only,53.401,52.1373431,21.1618804,92.34,52.1373183,21.1619303,25,0.52,0.214,255,-0.1678,-0.1678,-0.0081,-0.0395,2.935,7.757,1.1,-3.59,137.91,0.01,0.01,0.07,0.1,99695,1507,3,0.26,0.06,-0.03,0.03,49,-114,-232,0,2.93,-0.09,0.019,0.0662,25.12,24.89,21.46
773.197,flow_only,53.501,52.1373433,21.1618802,92.33,52.1373185,21.1619298,25,0.52,0.184,255,0.0,-0.1678,0.0042,0.0511,2.947,7.74,1.23,-3.5,137.98,0.01,0.01,0.01,0.21,99695,1507,3,0.26,0.05,-0.03,0.03,49,-10,-66,0,2.93,-0.09,0.022,0.0586,24.07,26.23,20.62
773.297,flow_only,53.601,52.1373435,21.1618798,92.31,52.1373185,21.1619298,25,0.52,0.184,255,0.0,0.0,0.0087,0.0487,2.95,7.725,1.23,-2.92,137.68,0.01,0.01,0.08,0.17,99695,1507,3,0.26,0.05,-0.03,0.03,49,30,-36,0,2.9,-0.13,0.0311,0.0802,23.33,24.39,21.53
773.398,flow_only,53.701,52.1373437,21.1618795,92.29,52.1373188,21.1619293,25,0.52,0.186,255,0.0,0.0,0.091,-0.0722,2.956,7.709,1.96,-2.83,137.18,0.01,0.01,0.02,0.23,99695,1507,3,0.26,0.08,-0.03,0.03,49,-157,39,0,2.9,-0.13,0.0215,0.0606,21.9,23.46,19.82
773.498,flow_only,53.801,52.1373439,21.1618791,92.28,52.1373188,21.1619293,25,0.52,0.186,255,-0.1678,-0.5033,-0.1549,-0.1406,2.982,7.697,1.49,-3.88,136.83,0.01,0.01,0.02,0.19,99695,1507,3,0.26,0.08,-0.03,0.03,49,109,-196,0,2.9,-0.13,0.0296,0.0661,26.26,31.08,21.77
773.598,flow_only,53.901,52.1373441,21.1618788,92.28,52.1373188,21.1619293,25,0.52,0.186,255,0.0,0.0,-0.0025,-0.0528,2.966,7.692,1.08,-4.09,136.22,0.01,0.01,0.03,0.19,99695,1507,3,0.26,0.08,-0.03,0.03,49,92,108,0,2.92,-0.13,0.0199,0.0339,27.35,30.66,23.08
773.698,flow_only,54.001,52.1373443,21.1618786,92.28,52.137319,21.161929,25,0.52,0.135,255,0.1678,-0.1678,-0.0101,-0.0182,2.974,7.693,1.37,-4.34,135.39,0.01,0.01,0.0,0.06,99695,1507,3,0.26,0.09,-0.03,0.03,49,-28,-27,0,2.93,-0.13,0.0139,0.0273,26.53,28.1,21.65
773.798,flow_only,54.101,52.1373444,21.1618786,92.28,52.1373193,21.1619288,25,0.52,0.128,255,0.0,0.0,0.0456,-0.022,2.99,7.693,1.44,-4.42,134.6,0.01,0.01,0.03,0.04,99695,1507,3,0.26,0.1,-0.03,0.03,49,20,78,0,2.92,-0.12,0.0129,0.0202,25.55,29.09,23.26
773.897,flow_only,54.201,52.1373445,21.1618787,92.28,52.1373193,21.1619288,25,0.52,0.128,255,0.0,0.0,0.0995,0.0191,2.996,7.692,1.84,-4.36,134.12,0.01,0.01,0.01,0.06,99695,1507,3,0.26,0.1,-0.03,0.03,49,-76,56,0,2.93,-0.13,0.0092,0.0184,26.2,31.19,19.03
773.997,flow_only,54.301,52.1373446,21.1618788,92.28,52.1373193,21.1619288,25,0.52,0.128,255,0.1678,0.1678,0.1008,0.116,3.002,7.691,2.54,-3.98,133.98,0.01,0.01,0.0,0.05,99695,1507,3,0.26,0.1,-0.03,0.03,49,11,21,0,2.94,-0.14,0.0073,0.0124,29.54,36.69,17.32
774.097,flow_only,54.401,52.1373446,21.1618787,92.28,52.1373195,21.1619286,25,0.52,0.094,255,0.1678,0.0,0.0356,0.0271,3.008,7.693,2.78,-3.68,134.07,0.01,0.01,0.0,0.05,99695,1507,3,0.26,0.12,-0.03,0.03,49,93,-50,0,2.95,-0.13,0.007,0.012,31.89,33.75,19.35
774.197,flow_only,54.501,52.1373447,21.1618787,92.28,52.1373195,21.1619286,25,0.52,0.094,255,0.0,0.0,0.0072,-0.0144,3.016,7.694,2.74,-3.66,134.29,0.01,0.01,0.02,0.05,99695,1507,3,0.26,0.12,-0.03,0.03,49,160,37,0,2.95,-0.13,0.006,0.0113,26.82,32.75,21.5
774.297,flow_only,54.601,52.1373448,21.1618788,92.28,52.1373197,21.1619285,25,0.52,0.127,255,0.0,0.0,-0.0382,-0.0371,3.02,7.693,2.52,-3.92,134.62,0.01,0.01,0.0,0.06,99695,1507,3,0.26,0.08,-0.03,0.03,49,0,92,0,2.96,-0.13,0.0055,0.0116,26.09,30.61,20.77
774.397,flow_only,54.701,52.1373448,21.1618789,92.28,52.1373199,21.1619285,25,0.52,0.09,255,0.0,0.0,0.0399,0.0036,3.024,7.695,2.5,-4.08,134.94,0.01,0.01,0.0,0.07,99695,1507,3,0.26,0.07,-0.03,0.03,49,-3,64,0,2.97,-0.12,0.0107,0.0223,26.44,27.58,17.09
774.497,flow_only,54.801,52.1373448,21.161879,92.28,52.1373199,21.1619285,25,0.52,0.09,255,0.0,0.0,0.045,0.011,3.028,7.699,2.73,-3.99,135.23,0.01,0.01,0.01,0.04,99695,1507,3,0.26,0.07,-0.03,0.03,49,128,-9,0,2.99,-0.12,0.0074,0.0213,25.01,25.52,14.86
774.598,flow_only,54.901,52.1373449,21.1618792,92.29,52.13732,21.1619285,25,0.52,0.088,255,0.0,0.0,-0.0135,-0.0133,3.034,7.703,2.9,-3.76,135.51,0.01,0.01,0.0,0.05,99695,1507,3,0.26,0.09,-0.03,0.03,49,71,-48,0,2.99,-0.11,0.014,0.0265,30.39,32.27,21.96
774.698,flow_only,55.001,52.1373449,21.1618794,92.29,52.13732,21.1619285,25,0.52,0.088,255,0.0,0.0,-0.0302,0.0357,3.036,7.709,2.53,-4.02,135.78,0.01,0.01,0.03,0.04,99695,1507,3,0.26,0.09,-0.03,0.03,49,9,92,0,3.01,-0.1,0.0094,0.0289,26.18,31.95,22.32
774.797,flow_only,55.101,52.137345,21.1618795,92.3,52.13732,21.1619285,25,0.52,0.088,255,0.0,0.0,0.0008,0.0231,3.038,7.716,2.41,-3.79,135.74,0.01,0.01,0.0,0.06,99695,1507,3,0.26,0.09,-0.03,0.03,49,-8,-51,0,3.01,-0.1,0.0067,0.0226,25.38,27.5,16.88
774.897,flow_only,55.201,52.137345,21.1618797,92.31,52.1373203,21.1619285,25,0.52,0.128,255,0.1678,0.0,0.1755,0.0517,3.032,7.723,2.98,-3.56,135.42,0.01,0.01,0.01,0.04,99695,1507,3,0.26,0.08,-0.03,0.03,49,-9,144,0,3.02,-0.09,0.0068,0.0254,26.35,28.41,18.1
774.997,flow_only,55.301,52.1373451,21.1618799,92.31,52.1373203,21.1619285,25,0.52,0.128,255,0.0,0.0,-0.1056,-0.0397,3.036,7.726,2.86,-3.44,134.99,0.01,0.01,0.01,0.05,99695,1507,3,0.26,0.08,-0.03,0.03,49,111,-44,0,3.02,-0.1,0.0059,0.0147,25.27,28.59,20.52
775.097,flow_only,55.401,52.1373451,21.16188,92.31,52.1373205,21.1619286,25,0.52,0.096,255,0.0,0.0,-0.0071,0.0494,3.032,7.724,2.76,-3.47,134.4,0.01,0.01,0.02,0.05,99695,1507,3,0.26,0.07,-0.03,0.03,49,-208,46,0,3.01,-0.1,0.0118,0.019,27.48,30.95,21.5
775.197,flow_only,55.501,52.1373451,21.1618801,92.3,52.1373205,21.1619286,25,0.52,0.096,255,0.0,0.0,-0.0219,-0.046,3.028,7.72,2.78,-3.47,133.67,0.01,0.01,0.0,0.07,99695,1507,3,0.26,0.07,-0.03,0.03,49,139,-17,0,3.01,-0.1,0.0078,0.0143,29.83,31.62,24.07
775.297,flow_only,55.601,52.1373451,21.1618803,92.31,52.1373207,21.1619287,25,0.52,0.1,255,0.0,-0.1678,-0.0514,-0.1243,3.04,7.72,2.53,-3.88,133.01,0.01,0.01,0.07,0.05,99695,1507,3,0.26,0.07,-0.03,0.03,49,20,44,0,3.04,-0.07,0.0054,0.0273,27.21,34.67,23.79
775.398,flow_only,55.701,52.1373451,21.1618805,92.32,52.1373207,21.1619287,25,0.52,0.1,255,0.1678,0.0,0.1881,0.1472,3.034,7.732,3.17,-3.53,132.31,0.01,0.01,0.1,0.06,99695,1507,3,0.26,0.07,-0.03,0.03,49,-116,-101,0,3.08,-0.03,0.028,0.0722,29.78,31.34,21.17
775.498,flow_only,55.801,52.137345,21.1618806,92.34,52.1373209,21.1619289,25,0.52,0.186,255,0.5034,0.1678,0.08,0.0854,3.01,7.758,3.96,-2.76,131.65,0.01,0.01,0.14,0.04,99695,1507,3,0.26,0.07,-0.03,0.03,49,-8,182,0,3.14,0.02,0.0234,0.0982,28.4,31.28,20.61
775.598,flow_only,55.901,52.1373448,21.1618808,92.38,52.1373209,21.1619289,25,0.52,0.186,255,0.1678,0.1678,0.0136,0.0298,3.006,7.791,4.19,-2.43,131.17,0.01,0.01,0.09,0.07,99695,1507,3,0.26,0.07,-0.03,0.03,49,-85,-124,0,3.17,0.07,0.025,0.1007,28.01,39.58,22.6
775.697,flow_only,56.001,52.1373446,21.1618809,92.41,52.1373211,21.1619291,25,0.52,0.083,255,0.0,0.1678,-0.0341,0.1702,2.988,7.825,4.03,-1.83,130.96,0.01,0.01,0.06,0.05,99695,1507,3,0.26,0.06,-0.03,0.03,49,-16,-80,0,3.19,0.11,0.0246,0.0912,28.28,35.47,20.52
775.797,flow_only,56.101,52.1373446,21.161881,92.44,52.1373211,21.1619291,25,0.52,0.083,255,0.0,0.1678,-0.033,0.1012,2.958,7.854,3.96,-1.02,131.02,0.01,0.01,0.03,0.05,99695,1507,3,0.26,0.06,-0.03,0.03,49,18,-56,0,3.2,0.12,0.0266,0.0793,26.28,29.36,18.89
775.897,flow_only,56.201,52.1373445,21.161881,92.46,52.1373212,21.1619293,25,0.52,0.061,255,0.0,0.0,-0.0615,0.0277,2.952,7.879,3.66,-0.75,131.24,0.01,0.01,0.04,0.05,99695,1507,3,0.26,0.1,-0.03,0.03,49,37,-131,0,3.21,0.18,0.0285,0.0751,27.48,30.83,18.08
775.997,flow_only,56.301,52.1373445,21.1618811,92.48,52.1373212,21.1619293,25,0.52,0.061,255,0.0,0.0,-0.0742,0.0532,2.955,7.9,3.21,-0.58,131.61,0.01,0.01,0.03,0.06,99695,1507,3,0.26,0.1,-0.03,0.03,49,71,-55,0,3.23,0.18,0.0203,0.0589,27.24,33.47,18.52
776.097,flow_only,56.401,52.1373446,21.1618812,92.5,52.1373213,21.1619295,25,0.52,0.143,255,0.0,0.0,0.1413,-0.0022,2.947,7.915,3.36,-0.46,131.98,0.01,0.01,0.0,0.06,99695,1507,3,0.26,0.1,-0.03,0.03,49,16,-65,0,3.22,0.18,0.0268,0.0591,25.57,32.62,18.21
776.197,flow_only,56.501,52.1373446,21.1618812,92.51,52.1373213,21.1619295,25,0.52,0.143,255,0.0,0.0,0.0686,0.0256,2.948,7.926,3.98,-0.52,132.27,0.01,0.01,0.03,0.04,99695,1507,3,0.26,0.1,-0.03,0.03,49,33,-13,0,3.22,0.19,0.0223,0.0486,25.55,29.0,17.83
776.297,flow_only,56.601,52.1373446,21.1618812,92.52,52.1373213,21.1619297,25,0.52,0.054,255,0.0,0.1678,-0.0379,0.015,2.966,7.933,3.86,-0.26,132.65,0.01,0.01,0.03,0.05,99695,1507,3,0.26,0.11,-0.03,0.03,49,189,70,0,3.2,0.17,0.0165,0.0362,24.46,32.6,19.61
776.397,flow_only,56.701,52.1373447,21.1618814,92.52,52.1373213,21.1619297,25,0.52,0.054,255,0.0,0.0,0.0208,0.1687,2.966,7.936,3.92,0.2,133.12,0.01,0.01,0.02,0.05,99695,1507,3,0.26,0.11,-0.03,0.03,49,-25,75,0,3.2,0.17,0.0069,0.011,26.68,28.93,19.09
776.498,flow_only,56.801,52.1373447,21.1618815,92.53,52.1373214,21.1619298,25,0.52,0.02,255,0.0,0.1678,-0.0534,0.1276,2.972,7.94,3.77,1.04,133.65,0.01,0.01,0.0,0.06,99695,1507,3,0.26,0.11,-0.03,0.03,49,50,-183,0,3.19,0.15,0.0164,0.0353,27.57,30.81,20.26
776.598,flow_only,56.901,52.1373447,21.1618815,92.53,52.1373214,21.1619298,25,0.52,0.02,255,0.0,0.1678,0.0103,0.1245,2.954,7.942,3.72,1.6,134.01,0.01,0.01,0.0,0.07,99695,1507,3,0.26,0.11,-0.03,0.03,49,-5,74,0,3.19,0.15,0.0064,0.0177,26.5,29.28,20.01
776.698,flow_only,57.001,52.1373448,21.1618815,92.53,52.1373214,21.1619296,25,0.52,0.087,255,0.0,0.0,-0.0557,0.1705,2.962,7.941,3.53,2.74,133.49,0.01,0.01,0.02,0.07,99695,1507,3,0.26,0.07,-0.03,0.03,49,-15,-175,0,3.17,0.16,0.0159,0.0374,26.51,26.57,18.04
776.797,flow_only,57.101,52.137345,21.1618813,92.52,52.1373216,21.1619292,25,0.52,0.241,255,0.0,0.0,-0.0383,-0.0056,2.96,7.939,3.1,3.32,131.34,0.01,0.01,0.0,0.07,99695,1507,3,0.25,0.06,-0.03,0.03,49,73,-143,0,3.17,0.15,0.026,0.056,23.87,26.53,20.53
776.897,flow_only,57.201,52.1373452,21.161881,92.52,52.1373216,21.1619292,25,0.52,0.241,255,0.1678,0.0,-0.0094,-0.0306,2.948,7.938,2.75,3.21,127.54,0.01,0.01,0.02,0.05,99695,1507,3,0.25,0.06,-0.03,0.03,49,39,-74,0,3.16,0.13,0.0157,0.0379,26.23,24.76,19.37
776.997,flow_only,57.301,52.1373453,21.1618806,92.52,52.1373216,21.1619292,25,0.52,0.241,255,0.0,0.0,0.0267,-0.0471,2.95,7.938,2.52,3.28,122.75,0.01,0.01,0.01,0.05,99695,1507,3,0.25,0.06,-0.03,0.03,49,-509,77,0,3.16,0.15,0.0423,0.0731,25.73,27.35,19.9
777.097,flow_only,57.401,52.1373453,21.16188,92.53,52.137322,21.1619285,25,0.52,0.392,255,0.0,-0.1678,0.0162,0.0445,2.944,7.94,2.4,3.4,117.34,0.01,0.01,0.01,0.02,99695,1507,3,0.25,0.05,-0.03,0.03,49,110,-353,0,3.17,0.15,0.038,0.0636,24.37,26.19,19.34
777.197,flow_only,57.501,52.1373456,21.1618793,92.53,52.137322,21.1619285,25,0.52,0.392,255,-0.1678,-0.1678,-0.1109,-0.0295,2.9,7.94,1.58,3.68,111.43,0.01,0.01,0.03,0.02,99695,1507,3,0.25,0.05,-0.03,0.03,49,19,68,0,3.15,0.14,0.0133,0.0321,23.64,23.35,17.12
777.298,flow_only,57.601,52.1373458,21.1618787,92.52,52.1373223,21.1619273,25,0.52,0.485,255,0.5034,-0.6712,-0.0954,-0.0103,2.9,7.936,0.64,3.65,105.22,0.01,0.01,0.02,0.02,99695,1507,3,0.25,0.05,-0.03,0.03,49,42,147,0,3.14,0.17,0.009,0.0312,22.63,22.81,18.63
777.398,flow_only,57.701,52.137346,21.1618781,92.52,52.1373223,21.1619273,25,0.52,0.485,255,0.0,-0.1678,-0.1363,0.0162,2.918,7.931,-0.35,3.67,98.87,0.01,0.01,0.02,0.02,99695,1507,3,0.25,0.05,-0.03,0.03,49,7,-201,0,3.13,0.16,0.0154,0.0419,22.03,23.09,17.68
777.498,flow_only,57.801,52.1373465,21.1618774,92.51,52.1373227,21.1619261,25,0.52,0.524,255,0.1677,-0.5032,-0.1373,-0.0215,2.928,7.923,-1.62,3.65,92.23,0.01,0.01,0.04,0.02,99695,1507,3,0.25,0.05,-0.03,0.03,49,20,-60,0,3.1,0.11,0.0268,0.0662,21.26,24.66,17.89
777.597,flow_only,57.901,52.1373472,21.1618766,92.5,52.1373227,21.1619261,25,0.52,0.524,255,0.1678,-0.1678,0.0637,0.0149,2.928,7.911,-1.95,3.52,85.33,0.01,0.01,0.05,0.03,99695,1507,3,0.25,0.05,-0.03,0.03,49,-77,160,0,3.08,0.09,0.025,0.0701,20.74,23.1,16.42
777.697,flow_only,58.001,52.1373475,21.161876,92.49,52.1373234,21.161925,25,0.52,0.656,255,0.3356,-0.1678,0.0175,-0.0359,2.962,7.903,-2.05,3.17,78.32,0.01,0.01,0.01,0.02,99695,1507,3,0.25,0.06,-0.03,0.03,49,-419,-881,0,3.08,0.08,0.0321,0.0741,20.94,22.62,16.91
777.798,flow_only,58.101,52.1373477,21.1618751,92.48,52.1373243,21.1619237,25,0.52,0.672,255,0.3355,-0.1678,-0.0554,-0.0031,2.988,7.893,-2.43,2.98,71.29,0.01,0.01,0.11,0.02,99695,1507,3,0.25,0.08,-0.03,0.03,49,-44,-42,0,3.05,0.01,0.0439,0.1092,26.67,26.62,19.39
777.897,flow_only,58.201,52.1373482,21.1618743,92.46,52.1373243,21.1619237,25,0.52,0.672,255,-0.1678,-0.6713,-0.0504,0.0104,2.962,7.877,-3.24,2.6,64.2,0.01,0.01,0.03,0.03,99695,1507,3,0.25,0.08,-0.03,0.03,49,-157,-37,0,3.03,0.01,0.0145,0.062,21.27,23.5,18.11
777.997,flow_only,58.301,52.1373485,21.1618731,92.45,52.1373243,21.1619237,25,0.52,0.672,255,-0.1679,-0.5036,-0.0324,0.0674,2.976,7.868,-3.82,2.35,56.99,0.01,0.01,0.01,0.02,99695,1507,3,0.25,0.08,-0.03,0.03,49,-47,73,0,3.05,0.0,0.0572,0.128,21.91,20.39,16.0
778.097,flow_only,58.401,52.1373486,21.1618718,92.45,52.1373253,21.1619224,25,0.52,0.836,255,0.0,0.6713,0.0206,-0.1037,2.972,7.865,-3.97,1.74,49.69,0.01,0.01,0.0,0.02,99695,1507,3,0.25,0.08,-0.03,0.03,49,-138,213,0,3.07,0.02,0.0682,0.1569,21.63,20.68,18.75
778.197,flow_only,58.501,52.1373486,21.1618708,92.45,52.1373253,21.1619224,25,0.52,0.836,255,0.1678,0.0,-0.0856,-0.1794,3.002,7.864,-4.07,0.22,42.73,0.01,0.01,0.04,0.03,99695,1507,3,0.25,0.08,-0.03,0.03,49,-339,220,0,3.06,0.02,0.0807,0.1779,21.46,17.62,17.53
778.297,flow_only,58.601,52.1373487,21.1618701,92.45,52.1373266,21.1619209,25,0.52,1.022,255,0.1678,0.1678,-0.1239,-0.1158,2.992,7.862,-4.63,-0.9,36.11,0.01,0.01,0.0,0.04,99695,1507,3,0.25,0.07,-0.03,0.03,49,140,375,0,3.06,0.0,0.0548,0.0915,20.25,16.77,15.11
778.398,flow_only,58.701,52.1373493,21.1618695,92.44,52.1373266,21.1619209,25,0.52,1.022,255,0.5036,0.1679,-0.0422,-0.0402,2.986,7.851,-4.76,-1.99,29.58,0.01,0.01,0.1,0.03,99695,1507,3,0.25,0.07,-0.03,0.03,49,52,-15,0,3.02,-0.04,0.0312,0.066,19.51,19.49,15.44
778.498,flow_only,58.801,52.1373501,21.1618689,92.42,52.1373282,21.1619193,25,0.52,1.153,255,0.671,0.671,0.0041,0.2484,2.988,7.833,-4.69,-1.89,23.05,0.01,0.01,0.06,0.03,99695,1507,3,0.25,0.07,-0.03,0.03,49,-134,37,0,3.0,-0.06,0.0326,0.0736,24.16,21.25,17.25
778.598,flow_only,58.901,52.137351,21.161868,92.4,52.1373282,21.1619193,25,0.52,1.153,255,0.1678,0.5035,-0.0581,0.181,2.974,7.813,-4.74,-1.04,16.67,0.01,0.01,0.04,0.03,99695,1507,3,0.25,0.07,-0.03,0.03,49,-22,9,0,2.98,-0.07,0.0222,0.0613,26.4,26.56,21.63
778.697,flow_only,59.001,52.1373522,21.1618671,92.38,52.1373302,21.1619175,25,0.52,1.396,255,0.3357,0.5035,0.0111,0.2236,2.98,7.791,-4.7,-0.5,10.36,0.01,0.01,0.04,0.04,99695,1507,3,0.25,0.08,-0.03,0.03,49,183,404,0,2.96,-0.08,0.0542,0.1176,28.38,23.79,21.65
778.797,flow_only,59.101,52.1373534,21.1618661,92.35,52.1373327,21.1619159,25,0.52,1.583,255,0.1678,0.5035,0.0589,0.2732,3.06,7.763,-4.25,0.54,3.92,0.01,0.01,0.12,0.04,99695,1507,3,0.25,0.08,-0.03,0.03,49,-206,-101,0,2.92,-0.08,0.0232,0.0815,22.4,26.87,20.61
778.897,flow_only,59.201,52.1373547,21.1618652,92.31,52.1373327,21.1619159,25,0.52,1.583,255,0.1678,0.6713,-0.0335,0.1649,3.0,7.725,-4.3,1.25,357.48,0.01,0.01,0.13,0.03,99695,1507,3,0.25,0.08,-0.03,0.03,49,-3,-160,0,2.87,-0.18,0.0294,0.1044,21.7,21.03,19.23
778.997,flow_only,59.301,52.137356,21.1618644,92.27,52.1373327,21.1619159,25,0.52,1.583,255,0.0,0.6713,-0.0607,0.209,3.053,7.684,-4.63,1.94,351.07,0.01,0.01,0.1,0.03,99695,1507,3,0.25,0.08,-0.03,0.03,49,-70,174,0,2.83,-0.27,0.042,0.1222,18.41,23.35,19.8
779.097,flow_only,59.401,52.1373571,21.1618636,92.22,52.1373354,21.1619141,25,0.52,1.691,255,0.1678,0.5034,-0.056,0.1412,3.022,7.638,-5.18,2.22,344.73,0.01,0.01,0.15,0.04,99695,1507,3,0.25,0.08,-0.03,0.03,49,26,-296,0,2.78,-0.33,0.0324,0.1176,19.77,22.3,15.89
779.197,flow_only,59.501,52.1373583,21.1618627,92.17,52.1373354,21.1619141,25,0.52,1.691,255,0.0,0.5034,-0.0974,0.0166,3.026,7.588,-5.97,2.1,338.58,0.01,0.01,0.12,0.09,99695,1507,3,0.25,0.08,-0.03,0.03,49,-40,-119,0,2.74,-0.37,0.0244,0.115,17.36,19.63,18.53
779.298,flow_only,59.601,52.1373595,21.1618618,92.13,52.1373381,21.161912,25,0.52,1.701,255,0.0,0.5034,-0.0429,0.0539,3.052,7.542,-6.52,1.58,332.7,0.01,0.01,0.06,0.11,99695,1507,3,0.25,0.08,-0.03,0.03,49,-50,-36,0,2.72,-0.37,0.0465,0.1325,18.46,20.46,18.06
779.398,flow_only,59.701,52.1373607,21.1618609,92.09,52.1373381,21.161912,25,0.52,1.701,255,0.0,0.5034,-0.0986,0.0701,3.048,7.501,-6.95,1.12,326.95,0.01,0.01,0.11,0.08,99695,1507,3,0.25,0.08,-0.03,0.03,49,-47,-243,0,2.69,-0.41,0.0252,0.1008,21.41,23.76,17.86
779.498,flow_only,59.801,52.137362,21.1618598,92.05,52.1373409,21.1619099,25,0.52,1.729,255,0.0,0.5034,-0.0314,0.0179,3.054,7.462,-7.26,0.89,321.27,0.01,0.01,0.09,0.05,99695,1507,3,0.25,0.08,-0.03,0.03,49,29,-126,0,2.67,-0.43,0.0217,0.0933,18.98,22.54,16.55
779.597,flow_only,59.901,52.1373631,21.1618587,92.02,52.1373409,21.1619099,25,0.52,1.729,255,-0.1677,1.0065,-0.0775,0.0728,3.078,7.434,-7.57,0.47,316.12,0.01,0.01,0.0,0.04,99695,1507,3,0.25,0.08,-0.03,0.03,49,0,328,0,2.68,-0.43,0.0281,0.0766,22.9,22.4,17.06
779.697,flow_only,60.001,52.137364,21.1618578,92.0,52.1373435,21.1619077,25,0.52,1.56,255,0.0,0.3356,-0.0024,-0.0721,3.13,7.42,-7.71,-0.07,312.26,0.01,0.01,0.0,0.02,99695,1507,3,0.25,0.08,-0.03,0.03,49,-99,-231,0,2.71,-0.43,0.0312,0.0605,23.74,22.5,15.16
779.797,flow_only,60.101,52.1373648,21.1618569,92.0,52.1373435,21.1619077,25,0.52,1.56,255,0.0,0.1678,0.0488,-0.1226,3.146,7.412,-7.51,-0.86,310.37,0.01,0.01,0.02,0.02,99695,1507,3,0.25,0.08,-0.03,0.03,49,40,-224,0,2.72,-0.44,0.0435,0.0746,24.37,28.29,18.64
779.897,flow_only,60.201,52.1373655,21.1618558,91.99,52.1373457,21.1619052,25,0.52,1.549,255,-0.1678,0.5034,0.0375,-0.1919,3.17,7.409,-7.24,-1.76,309.86,0.01,0.01,0.01,0.03,99695,1507,3,0.25,0.08,-0.03,0.03,49,22,-161,0,2.75,-0.45,0.0334,0.0615,28.77,31.02,18.26
779.997,flow_only,60.301,52.1373662,21.1618548,92.0,52.1373457,21.1619052,25,0.52,1.549,255,0.1678,0.1678,0.1577,-0.1741,3.194,7.413,-6.63,-2.7,310.07,0.01,0.01,0.02,0.03,99695,1507,3,0.25,0.08,-0.03,0.03,49,-42,60,0,2.79,-0.43,0.0182,0.0535,31.4,34.04,17.54
780.097,flow_only,60.401,52.1373669,21.1618537,92.01,52.1373477,21.161902,25,0.52,1.62,255,0.1678,0.3357,0.1696,-0.0362,3.19,7.423,-5.68,-3.26,310.7,0.01,0.01,0.04,0.07,99695,1507,3,0.25,0.07,-0.03,0.03,49,-141,-140,0,2.83,-0.45,0.0401,0.0887,29.39,30.85,19.19
780.197,flow_only,60.501,52.1373676,21.1618527,92.02,52.1373477,21.161902,25,0.52,1.62,255,0.0,0.6715,-0.0642,-0.0288,3.2,7.436,-5.66,-3.15,311.84,0.01,0.01,0.02,0.06,99695,1507,3,0.25,0.07,-0.03,0.03,49,-11,-120,0,2.86,-0.41,0.038,0.0882,32.25,31.39,18.69
780.297,flow_only,60.601,52.1373683,21.1618515,92.04,52.1373496,21.1618986,25,0.52,1.633,255,0.0,0.3356,0.0235,-0.0529,3.218,7.454,-5.87,-3.22,313.27,0.01,0.01,0.12,0.08,99695,1507,3,0.25,0.08,-0.03,0.03,49,-148,-79,0,2.92,-0.35,0.0264,0.1027,32.98,31.45,18.66
780.398,flow_only,60.701,52.1373691,21.1618502,92.06,52.1373496,21.1618986,25,0.52,1.633,255,0.0,0.3357,0.0031,-0.0452,3.21,7.478,-5.89,-3.34,314.83,0.01,0.01,0.09,0.06,99695,1507,3,0.25,0.08,-0.03,0.03,49,-58,-48,0,2.97,-0.31,0.026,0.1151,28.97,29.4,20.43
780.498,flow_only,60.801,52.1373699,21.1618487,92.09,52.1373515,21.1618949,25,0.52,1.718,255,0.0,0.3357,0.0374,0.0182,3.212,7.501,-5.87,-3.36,316.35,0.01,0.01,0.04,0.06,99695,1507,3,0.25,0.07,-0.03,0.03,49,-58,-66,0,3.0,-0.28,0.0262,0.1072,28.02,28.82,19.53
780.597,flow_only,60.901,52.1373707,21.1618471,92.1,52.1373515,21.1618949,25,0.52,1.718,255,0.0,0.3356,0.0407,0.0321,3.268,7.519,-5.66,-3.01,317.69,0.01,0.01,0.06,0.04,99695,1507,3,0.25,0.07,-0.03,0.03,49,29,335,0,3.02,-0.27,0.0348,0.1085,27.9,23.81,20.03
780.697,flow_only,61.001,52.1373716,21.1618452,92.12,52.1373534,21.1618909,25,0.52,1.832,255,0.0,0.5034,0.0399,0.0802,3.23,7.534,-5.45,-2.49,318.77,0.01,0.01,0.06,0.05,99695,1507,3,0.25,0.07,-0.03,0.03,49,205,149,0,3.04,-0.25,0.0433,0.111,23.39,25.82,15.83
780.797,flow_only,61.101,52.1373725,21.1618433,92.13,52.1373534,21.1618909,25,0.52,1.832,255,0.1678,0.5034,0.1699,0.1218,3.226,7.546,-4.81,-1.72,319.57,0.01,0.01,0.04,0.04,99695,1507,3,0.25,0.07,-0.03,0.03,49,-18,-78,0,3.06,-0.23,0.0216,0.0911,21.1,25.56,20.24
780.897,flow_only,61.201,52.1373733,21.1618415,92.14,52.1373553,21.1618869,25,0.52,1.875,255,0.3357,1.0071,0.0155,0.0601,3.188,7.555,-4.34,-1.03,320.16,0.01,0.01,0.05,0.04,99695,1507,3,0.25,0.07,-0.03,0.03,49,-136,-129,0,3.07,-0.23,0.0207,0.0868,22.71,25.73,19.59
780.997,flow_only,61.301,52.1373742,21.1618397,92.15,52.1373553,21.1618869,25,0.52,1.875,255,0.1679,0.5036,0.0264,0.1027,3.176,7.567,-4.04,-0.56,320.75,0.01,0.01,0.09,0.05,99695,1507,3,0.25,0.07,-0.03,0.03,49,-201,308,0,3.1,-0.18,0.037,0.1113,19.93,23.62,18.83
781.097,flow_only,61.401,52.1373751,21.1618378,92.17,52.1373573,21.1618826,25,0.52,1.887,255,0.0,0.3357,0.015,0.0093,3.126,7.581,-3.98,-0.19,321.28,0.01,0.01,0.07,0.05,99695,1507,3,0.25,0.07,-0.03,0.03,49,195,-70,0,3.12,-0.13,0.023,0.0946,21.67,24.82,19.93
781.197,flow_only,61.501,52.1373759,21.1618362,92.18,52.1373573,21.1618826,25,0.52,1.887,255,0.3356,0.6712,0.062,-0.0174,3.104,7.594,-3.63,-0.18,321.67,0.01,0.01,0.06,0.05,99695,1507,3,0.25,0.07,-0.03,0.03,49,-189,-137,0,3.12,-0.1,0.027,0.0875,22.93,25.0,17.62
781.298,flow_only,61.601,52.1373767,21.1618346,92.19,52.1373592,21.1618784,25,0.52,1.783,255,0.1678,0.3356,0.004,0.0792,3.088,7.605,-3.3,0.03,321.78,0.01,0.01,0.03,0.06,99695,1507,3,0.24,0.08,-0.03,0.03,49,141,227,0,3.13,-0.06,0.015,0.0714,23.6,24.51,19.31
781.398,flow_only,61.701,52.1373776,21.1618329,92.2,52.1373592,21.1618784,25,0.52,1.783,255,0.1678,0.3356,-0.0204,-0.0296,3.07,7.611,-3.44,0.06,321.62,0.01,0.01,0.0,0.04,99695,1507,3,0.24,0.08,-0.03,0.03,49,53,482,0,3.11,-0.05,0.0327,0.0733,22.53,24.15,18.9
781.497,flow_only,61.801,52.1373785,21.1618312,92.2,52.1373611,21.1618742,25,0.52,1.802,255,0.1678,0.6713,0.039,-0.0066,3.03,7.612,-3.46,-0.18,321.53,0.01,0.01,0.01,0.05,99695,1507,3,0.24,0.08,-0.03,0.03,49,-99,86,0,3.1,-0.05,0.0219,0.0529,24.59,26.93,20.1
781.597,flow_only,61.901,52.1373795,21.1618295,92.2,52.1373611,21.1618742,25,0.52,1.802,255,0.0,0.3356,-0.0377,-0.101,2.998,7.619,-3.51,-0.62,321.7,0.01,0.01,0.08,0.04,99695,1507,3,0.24,0.08,-0.03,0.03,49,36,-99,0,3.12,0.01,0.0266,0.0686,25.12,26.48,19.2
781.697,flow_only,62.001,52.1373803,21.1618278,92.22,52.137363,21.1618704,25,0.52,1.633,255,0.0,0.6712,-0.0394,-0.0134,2.99,7.634,-4.01,-0.89,321.75,0.01,0.01,0.11,0.05,99695,1507,3,0.24,0.08,-0.03,0.03,49,-6,-47,0,3.15,0.06,0.0212,0.0795,26.09,28.67,23.11
781.797,flow_only,62.101,52.1373811,21.1618264,92.23,52.137363,21.1618704,25,0.52,1.633,255,0.1678,0.3357,0.0489,-0.0081,2.952,7.645,-3.6,-0.86,321.69,0.01,0.01,0.0,0.04,99695,1507,3,0.24,0.08,-0.03,0.03,49,-18,-100,0,3.14,0.08,0.0211,0.0578,26.52,25.28,20.44
781.897,flow_only,62.201,52.1373818,21.161825,92.23,52.137365,21.1618669,25,0.52,1.706,255,0.0,0.3356,-0.1614,-0.0235,2.955,7.645,-4.3,-1.04,321.31,0.01,0.01,0.09,0.05,99695,1507,3,0.24,0.08,-0.03,0.03,49,47,429,0,3.08,0.04,0.0259,0.0399,28.14,26.45,19.19
781.997,flow_only,62.301,52.1373827,21.1618235,92.21,52.137365,21.1618669,25,0.52,1.706,255,0.0,0.3356,-0.0208,-0.0213,2.94,7.628,-4.73,-1.16,320.59,0.01,0.01,0.11,0.05,99695,1507,3,0.24,0.08,-0.03,0.03,49,22,-120,0,3.02,0.0,0.0243,0.0596,32.74,32.1,20.93
782.098,flow_only,62.401,52.1373836,21.161822,92.19,52.1373671,21.1618635,25,0.52,1.656,255,0.0,0.3357,-0.0806,0.0455,2.934,7.6,-4.87,-1.13,319.84,0.01,0.01,0.08,0.06,99695,1507,3,0.24,0.08,-0.03,0.03,49,148,16,0,2.98,-0.03,0.0433,0.0881,29.67,33.73,21.18
782.197,flow_only,62.501,52.1373846,21.1618204,92.15,52.1373671,21.1618635,25,0.52,1.656,255,-0.1678,0.8388,-0.0673,0.017,2.924,7.565,-5.35,-1.1,319.13,0.01,0.01,0.11,0.06,99695,1507,3,0.24,0.08,-0.03,0.03,49,48,-16,0,2.92,-0.03,0.0345,0.0972,30.36,30.56,16.88
782.297,flow_only,62.601,52.1373855,21.1618188,92.11,52.1373693,21.1618603,25,0.52,1.667,255,0.0,0.5034,0.0008,0.0384,2.9,7.523,-5.41,-0.86,318.5,0.01,0.01,0.15,0.04,99695,1507,3,0.24,0.08,-0.03,0.03,49,-198,-46,0,2.85,-0.15,0.0239,0.1157,29.61,33.83,19.6
782.397,flow_only,62.701,52.1373866,21.1618173,92.06,52.1373693,21.1618603,25,0.52,1.667,255,0.1678,1.007,0.1342,0.0132,2.896,7.477,-4.93,-0.56,318.0,0.01,0.01,0.11,0.02,99695,1507,3,0.24,0.08,-0.03,0.03,49,-49,-86,0,2.81,-0.16,0.0381,0.1313,31.38,30.86,19.5
782.497,flow_only,62.801,52.1373876,21.161816,92.02,52.1373715,21.1618573,25,0.52,1.715,255,0.0,0.5035,-0.0765,0.053,2.896,7.434,-4.72,-0.34,317.74,0.01,0.01,0.09,0.04,99695,1507,3,0.24,0.08,-0.03,0.03,49,-107,-191,0,2.76,-0.16,0.0301,0.1196,32.09,32.5,17.95
782.597,flow_only,62.901,52.1373884,21.1618149,91.98,52.1373715,21.1618573,25,0.52,1.715,255,0.0,0.3356,-0.1542,-0.0537,2.918,7.392,-5.72,-0.17,317.72,0.01,0.01,0.12,0.05,99695,1507,3,0.24,0.08,-0.03,0.03,49,14,442,0,2.72,-0.25,0.0256,0.1218,33.3,28.56,16.35
782.697,flow_only,63.001,52.1373892,21.1618135,91.94,52.1373737,21.1618541,25,0.52,1.667,255,-0.1678,0.3355,0.0315,-0.2212,2.924,7.352,-5.79,-1.24,317.87,0.01,0.01,0.08,0.03,99695,1507,3,0.24,0.07,-0.03,0.03,49,19,26,0,2.69,-0.25,0.0237,0.1078,27.85,39.68,17.25
782.797,flow_only,63.101,52.1373901,21.1618123,91.9,52.1373737,21.1618541,25,0.52,1.667,255,0.0,0.3356,-0.0674,0.0253,2.94,7.316,-5.75,-1.83,318.05,0.01,0.01,0.11,0.02,99695,1507,3,0.24,0.07,-0.03,0.03,49,-28,-6,0,2.67,-0.32,0.0222,0.1067,27.1,37.51,20.99
782.898,flow_only,63.201,52.137391,21.161811,91.87,52.1373758,21.1618511,25,0.52,1.562,255,0.0,0.3357,0.0394,-0.0623,2.98,7.284,-5.82,-1.97,318.36,0.01,0.01,0.06,0.02,99695,1507,3,0.24,0.07,-0.03,0.03,49,10,220,0,2.66,-0.35,0.018,0.0884,30.31,32.08,18.75
782.998,flow_only,63.301,52.1373919,21.1618097,91.84,52.1373758,21.1618511,25,0.52,1.562,255,0.1678,0.6711,0.1358,-0.0894,3.02,7.256,-5.22,-2.26,318.55,0.01,0.01,0.08,0.03,99695,1507,3,0.24,0.07,-0.03,0.03,49,-73,-95,0,2.65,-0.4,0.0169,0.0835,29.53,28.0,16.59
783.098,flow_only,63.401,52.1373928,21.1618083,91.82,52.1373778,21.1618482,25,0.52,1.611,255,0.0,0.5035,-0.0116,0.0579,3.07,7.231,-5.02,-2.34,318.64,0.01,0.01,0.08,0.03,99695,1507,3,0.24,0.07,-0.03,0.03,49,18,-57,0,2.64,-0.43,0.0152,0.0762,22.91,30.92,19.04
783.197,flow_only,63.501,52.1373936,21.161807,91.79,52.1373778,21.1618482,25,0.52,1.611,255,0.1678,0.5034,-0.0249,0.0615,3.066,7.206,-5.0,-2.05,318.76,0.01,0.01,0.06,0.04,99695,1507,3,0.24,0.07,-0.03,0.03,49,-50,286,0,2.65,-0.48,0.0148,0.0671,19.28,31.16,20.96
783.297,flow_only,63.601,52.1373944,21.1618056,91.77,52.1373799,21.161845,25,0.52,1.64,255,0.0,0.3357,-0.015,-0.058,3.07,7.181,-5.19,-1.96,319.07,0.01,0.01,0.06,0.04,99695,1507,3,0.24,0.07,-0.03,0.03,49,7,-249,0,2.65,-0.5,0.0272,0.0723,22.45,25.85,21.63
783.397,flow_only,63.701,52.1373952,21.1618044,91.74,52.1373799,21.161845,25,0.52,1.64,255,0.1678,0.3356,0.0647,-0.0081,3.094,7.155,-4.82,-2.18,319.3,0.01,0.01,0.08,0.03,99695,1507,3,0.24,0.07,-0.03,0.03,49,-82,-80,0,2.63,-0.52,0.0324,0.0764,22.72,22.53,17.93
783.497,flow_only,63.801,52.1373961,21.1618032,91.71,52.1373822,21.1618418,25,0.52,1.776,255,0.0,0.5034,0.029,-0.0719,3.112,7.127,-4.64,-2.48,319.42,0.01,0.01,0.06,0.04,99695,1507,3,0.24,0.07,-0.03,0.03,49,-53,31,0,2.63,-0.55,0.0255,0.0637,22.98,22.87,17.2
783.598,flow_only,63.901,52.1373971,21.161802,91.68,52.1373822,21.1618418,25,0.52,1.776,255,0.1678,0.3356,0.0173,-0.0165,3.128,7.098,-4.39,-2.63,319.47,0.01,0.01,0.05,0.05,99695,1507,3,0.24,0.07,-0.03,0.03,49,87,-190,0,2.62,-0.57,0.0223,0.055,21.82,21.89,15.9
783.698,flow_only,64.001,52.137398,21.1618006,91.66,52.1373845,21.1618385,25,0.52,1.772,255,-0.1678,0.8391,-0.0862,0.0747,3.202,7.071,-4.72,-2.47,319.29,0.01,0.01,0.07,0.07,99695,1507,3,0.24,0.07,-0.03,0.03,49,-40,305,0,2.61,-0.6,0.017,0.0492,19.66,20.63,12.3
783.798,flow_only,64.101,52.137399,21.1617992,91.63,52.1373845,21.1618385,25,0.52,1.772,255,-0.1678,1.0066,0.0048,0.1015,3.226,7.044,-4.98,-2.15,318.93,0.01,0.01,0.06,0.06,99695,1507,3,0.24,0.07,-0.03,0.03,49,61,-299,0,2.6,-0.64,0.0235,0.0556,16.49,20.14,15.51
783.897,flow_only,64.201,52.1373999,21.1617978,91.6,52.137387,21.1618349,25,0.52,1.884,255,0.0,0.6713,0.0503,0.1328,3.234,7.016,-4.67,-1.31,318.59,0.01,0.01,0.07,0.04,99695,1507,3,0.24,0.07,-0.03,0.03,49,-91,-54,0,2.59,-0.72,0.0107,0.0399,18.12,21.84,19.13
783.997,flow_only,64.301,52.1374008,21.1617965,91.57,52.137387,21.1618349,25,0.52,1.884,255,0.0,0.3357,0.0337,0.0108,3.248,6.987,-4.45,-0.9,318.37,0.01,0.01,0.05,0.04,99695,1507,3,0.24,0.07,-0.03,0.03,49,87,-184,0,2.57,-0.72,0.0365,0.0711,22.22,24.62,17.45
784.097,flow_only,64.401,52.1374016,21.1617952,91.55,52.1373894,21.1618312,25,0.52,1.901,255,0.0,0.3357,-0.002,0.0166,3.274,6.962,-4.32,-0.92,318.34,0.01,0.01,0.03,0.05,99695,1507,3,0.24,0.07,-0.03,0.03,49,82,451,0,2.59,-0.74,0.0046,0.0163,22.35,25.38,18.81
784.197,flow_only,64.501,52.1374025,21.1617937,91.53,52.1373894,21.1618312,25,0.52,1.901,255,0.0,0.3355,-0.0581,-0.0229,3.288,6.943,-4.68,-1.03,318.47,0.01,0.01,0.02,0.03,99695,1507,3,0.24,0.07,-0.03,0.03,49,20,-220,0,2.62,-0.74,0.026,0.0504,24.19,24.87,17.32
784.297,flow_only,64.601,52.1374032,21.1617925,91.51,52.1373918,21.1618274,25,0.52,1.857,255,0.0,0.3355,-0.02,-0.095,3.304,6.923,-4.8,-1.46,318.67,0.01,0.01,0.04,0.06,99695,1507,3,0.24,0.06,-0.03,0.03,49,-10,-290,0,2.63,-0.74,0.0533,0.0949,23.8,24.96,22.65
784.397,flow_only,64.701,52.137404,21.1617912,91.48,52.1373918,21.1618274,25,0.52,1.857,255,0.0,0.3357,0.0415,-0.0619,3.324,6.897,-4.82,-1.89,318.87,0.01,0.01,0.05,0.04,99695,1507,3,0.24,0.06,-0.03,0.03,49,-10,-283,0,2.62,-0.75,0.0455,0.0824,21.47,19.45,14.86
784.497,flow_only,64.801,52.1374047,21.16179,91.45,52.1373942,21.1618235,25,0.52,1.887,255,0.0,0.3357,0.0094,-0.064,3.318,6.869,-4.59,-2.42,319.05,0.01,0.01,0.03,0.04,99695,1507,3,0.24,0.07,-0.03,0.03,49,-96,252,0,2.63,-0.78,0.0245,0.0438,19.26,18.78,13.91
784.598,flow_only,64.901,52.1374055,21.1617888,91.43,52.1373942,21.1618235,25,0.52,1.887,255,0.0,0.5034,0.0498,-0.0903,3.332,6.842,-4.49,-2.95,319.22,0.01,0.01,0.03,0.05,99695,1507,3,0.24,0.07,-0.03,0.03,49,-36,221,0,2.62,-0.79,0.0154,0.026,19.92,22.19,14.0
784.698,flow_only,65.001,52.1374064,21.1617874,91.4,52.1373967,21.1618196,25,0.52,1.927,255,0.0,0.3356,0.0403,0.0241,3.356,6.813,-4.13,-2.83,319.36,0.01,0.01,0.03,0.05,99695,1507,3,0.24,0.07,-0.03,0.03,49,-113,-167,0,2.63,-0.79,0.0215,0.0372,17.58,22.33,16.0
784.798,flow_only,65.101,52.1374073,21.1617861,91.37,52.1373967,21.1618196,25,0.52,1.927,255,0.0,0.3356,-0.0154,0.0297,3.332,6.785,-4.06,-2.8,319.44,0.01,0.01,0.01,0.06,99695,1507,3,0.24,0.07,-0.03,0.03,49,74,253,0,2.61,-0.79,0.0064,0.0205,19.91,20.53,17.61
784.897,flow_only,65.201,52.1374081,21.1617848,91.34,52.1373991,21.1618157,25,0.52,1.977,255,0.1678,0.3355,0.0816,0.0023,3.334,6.755,-3.79,-2.54,319.69,0.01,0.01,0.05,0.05,99695,1507,3,0.24,0.06,-0.03,0.03,49,-71,-313,0,2.61,-0.81,0.0402,0.0708,17.22,18.95,12.61
784.997,flow_only,65.301,52.1374088,21.1617836,91.31,52.1373991,21.1618157,25,0.52,1.977,255,0.0,0.3356,0.0638,-0.0862,3.334,6.724,-3.37,-2.71,320.08,0.01,0.01,0.01,0.03,99695,1507,3,0.24,0.06,-0.03,0.03,49,23,-242,0,2.6,-0.8,0.0496,0.0894,16.06,21.07,14.31
785.097,flow_only,65.401,52.1374096,21.1617824,91.28,52.1374017,21.1618115,25,0.52,2.115,255,0.0,0.3357,0.0216,-0.1265,3.344,6.698,-3.21,-3.45,320.24,0.01,0.01,0.0,0.07,99695,1507,3,0.24,0.06,-0.03,0.03,49,-269,78,0,2.6,-0.82,0.0487,0.0818,17.88,19.77,14.33
785.197,flow_only,65.501,52.1374105,21.1617813,91.26,52.1374017,21.1618115,25,0.52,2.115,255,0.0,0.6713,-0.0301,-0.0053,3.358,6.672,-3.22,-3.72,320.11,0.01,0.01,0.02,0.06,99695,1507,3,0.24,0.06,-0.03,0.03,49,-63,125,0,2.58,-0.82,0.0377,0.0635,21.04,16.85,15.97
785.298,flow_only,65.601,52.1374114,21.16178,91.23,52.1374043,21.1618071,25,0.52,2.106,255,-0.1679,0.5036,-0.1124,0.0309,3.348,6.647,-3.78,-3.65,319.85,0.01,0.01,0.01,0.06,99695,1507,3,0.24,0.06,-0.03,0.03,49,71,-302,0,2.57,-0.85,0.0447,0.0813,19.93,16.58,15.77
785.398,flow_only,65.701,52.1374123,21.1617787,91.21,52.1374043,21.1618071,25,0.52,2.106,255,0.0,0.5034,0.0509,0.0708,3.342,6.623,-3.79,-3.41,319.41,0.01,0.01,0.01,0.05,99695,1507,3,0.24,0.06,-0.03,0.03,49,46,182,0,2.59,-0.85,0.0125,0.036,21.21,21.4,12.1
785.498,flow_only,65.801,52.1374132,21.1617773,91.18,52.1374069,21.1618025,25,0.52,2.25,255,0.0,0.5035,0.0024,0.0702,3.342,6.598,-3.85,-2.95,319.08,0.01,0.01,0.02,0.05,99695,1507,3,0.23,0.06,-0.03,0.03,49,103,282,0,2.58,-0.85,0.0068,0.0249,20.84,21.77,13.62
785.597,flow_only,65.901,52.1374142,21.1617759,91.16,52.1374069,21.1618025,25,0.52,2.25,255,0.0,0.8388,0.0687,0.0241,3.342,6.574,-3.59,-3.02,318.89,0.01,0.01,0.0,0.05,99695,1507,3,0.23,0.06,-0.03,0.03,49,-89,-156,0,2.6,-0.83,0.0223,0.0493,19.07,25.4,16.56
785.697,flow_only,66.001,52.1374153,21.1617745,91.14,52.1374098,21.1617979,25,0.52,2.348,255,0.0,0.6711,-0.0001,0.0471,3.352,6.555,-3.54,-2.74,318.7,0.01,0.01,0.03,0.07,99695,1507,3,0.23,0.06,-0.03,0.03,49,-85,-222,0,2.6,-0.83,0.0183,0.053,18.45,27.11,18.66
785.797,flow_only,66.101,52.1374164,21.1617729,91.12,52.1374098,21.1617979,25,0.52,2.348,255,0.0,0.5034,-0.1641,0.0776,3.362,6.537,-3.85,-2.28,318.5,0.01,0.01,0.01,0.07,99695,1507,3,0.23,0.06,-0.03,0.03,49,-32,-268,0,2.61,-0.83,0.0105,0.0394,20.09,25.1,18.03
785.897,flow_only,66.201,52.1374175,21.1617713,91.1,52.1374128,21.1617929,25,0.52,2.489,255,-0.1678,1.007,-0.1147,0.0022,3.358,6.516,-4.63,-2.03,318.25,0.01,0.01,0.01,0.07,99695,1507,3,0.23,0.06,-0.03,0.03,49,159,-95,0,2.61,-0.82,0.0194,0.0507,24.27,25.62,16.18
785.997,flow_only,66.301,52.1374187,21.1617696,91.08,52.1374128,21.1617929,25,0.52,2.489,255,0.0,0.6712,0.0446,0.1154,3.356,6.495,-4.7,-1.67,317.82,0.01,0.01,0.01,0.04,99695,1507,3,0.23,0.06,-0.03,0.03,49,-126,288,0,2.61,-0.82,0.0237,0.0609,24.25,20.22,13.35
786.097,flow_only,66.401,52.1374198,21.161768,91.06,52.1374159,21.161788,25,0.52,2.462,255,0.0,0.5034,0.0198,0.1403,3.335,6.471,-4.34,-1.07,317.4,0.01,0.01,0.01,0.05,99695,1507,3,0.23,0.06,-0.03,0.03,49,-105,-114,0,2.6,-0.82,0.0137,0.0382,19.17,25.18,14.77
786.197,flow_only,66.501,52.1374209,21.1617666,91.03,52.1374159,21.161788,25,0.52,2.462,255,0.0,1.007,-0.0845,0.0049,3.355,6.447,-4.68,-0.58,317.21,0.01,0.01,0.01,0.05,99695,1507,3,0.23,0.06,-0.03,0.03,49,75,-120,0,2.6,-0.83,0.0351,0.0648,21.26,24.78,14.66
786.298,flow_only,66.601,52.1374219,21.161765,91.01,52.137419,21.1617831,25,0.52,2.479,255,0.0,0.5034,-0.0478,-0.0477,3.334,6.425,-5.03,-0.86,317.07,0.01,0.01,0.02,0.05,99695,1507,3,0.23,0.06,-0.03,0.03,49,74,321,0,2.62,-0.82,0.0139,0.0507,20.92,25.67,16.35
786.397,flow_only,66.701,52.137423,21.1617636,90.99,52.137419,21.1617831,25,0.52,2.479,255,0.0,0.5034,0.0866,-0.0393,3.34,6.401,-4.74,-1.1,316.76,0.01,0.01,0.01,0.02,99695,1507,3,0.23,0.06,-0.03,0.03,49,-165,-146,0,2.61,-0.83,0.0138,0.0368,21.9,25.06,16.8
786.497,flow_only,66.801,52.1374241,21.1617621,90.96,52.1374221,21.1617781,25,0.52,2.525,255,0.0,1.1748,-0.0449,0.0489,3.334,6.377,-4.68,-0.99,316.39,0.01,0.01,0.01,0.06,99695,1507,3,0.23,0.06,-0.03,0.03,49,100,342,0,2.6,-0.82,0.009,0.0377,23.07,19.09,18.35
786.597,flow_only,66.901,52.1374252,21.1617606,90.94,52.1374221,21.1617781,25,0.52,2.525,255,-0.1678,1.0068,-0.0728,0.0443,3.334,6.357,-5.14,-0.9,316.15,0.01,0.01,0.04,0.04,99695,1507,3,0.23,0.06,-0.03,0.03,49,-71,327,0,2.61,-0.81,0.0227,0.0588,20.75,29.5,14.84
786.697,flow_only,67.001,52.1374262,21.161759,90.93,52.1374252,21.1617731,25,0.52,2.52,255,0.1678,0.5035,0.1103,0.0576,3.332,6.341,-4.89,-0.52,315.97,0.01,0.01,0.01,0.04,99695,1507,3,0.23,0.07,-0.03,0.03,49,5,-231,0,2.62,-0.8,0.0148,0.0473,20.46,30.09,13.76
786.797,flow_only,67.101,52.1374272,21.1617575,90.91,52.1374252,21.1617731,25,0.52,2.52,255,0.0,0.5034,-0.0123,0.0186,3.336,6.326,-4.59,-0.28,316.04,0.01,0.01,0.0,0.03,99695,1507,3,0.23,0.07,-0.03,0.03,49,-106,-29,0,2.62,-0.79,0.019,0.0439,27.35,28.78,16.87
786.897,flow_only,67.201,52.1374282,21.161756,90.9,52.1374284,21.161768,25,0.52,2.505,255,0.0,0.5034,-0.0053,-0.1053,3.332,6.314,-4.61,-0.68,316.27,0.01,0.01,0.02,0.05,99695,1507,3,0.23,0.07,-0.03,0.03,49,3,-91,0,2.61,-0.79,0.0163,0.0502,24.61,30.95,17.26
786.997,flow_only,67.301,52.1374292,21.1617544,90.89,52.1374284,21.161768,25,0.52,2.505,255,0.0,0.5034,-0.0769,0.0233,3.346,6.304,-5.0,-0.73,316.68,0.01,0.01,0.03,0.05,99695,1507,3,0.23,0.07,-0.03,0.03,49,56,-98,0,2.64,-0.78,0.0179,0.0539,23.97,30.39,14.31
787.097,flow_only,67.401,52.1374301,21.1617528,90.88,52.1374314,21.1617629,25,0.52,2.46,255,0.1678,0.3356,0.168,-0.0814,3.296,6.297,-4.08,-1.03,317.07,0.01,0.01,0.01,0.05,99695,1507,3,0.23,0.07,-0.03,0.03,49,-209,468,0,2.66,-0.77,0.0347,0.0723,22.7,34.73,22.09
787.198,flow_only,67.501,52.1374312,21.1617512,90.88,52.1374314,21.1617629,25,0.52,2.46,255,0.0,1.0067,-0.0634,-0.0252,3.34,6.294,-4.13,-1.11,317.55,0.01,0.01,0.05,0.07,99695,1507,3,0.23,0.07,-0.03,0.03,49,19,228,0,2.67,-0.77,0.0345,0.0805,23.89,29.83,23.75
787.298,flow_only,67.601,52.1374323,21.1617496,90.88,52.1374345,21.1617578,25,0.52,2.472,255,0.0,1.007,0.0256,-0.1053,3.31,6.297,-4.18,-1.33,317.84,0.01,0.01,0.08,0.05,99695,1507,3,0.23,0.07,-0.03,0.03,49,-114,-84,0,2.73,-0.7,0.0255,0.0833,23.49,30.88,22.81
787.398,flow_only,67.701,52.1374335,21.1617479,90.9,52.1374345,21.1617578,25,0.52,2.472,255,0.0,0.671,0.0101,0.0709,3.356,6.31,-3.87,-1.31,317.77,0.01,0.01,0.1,0.05,99695,1507,3,0.23,0.07,-0.03,0.03,49,-70,-153,0,2.77,-0.65,0.0395,0.1105,26.75,26.18,20.64
787.497,flow_only,67.801,52.1374346,21.1617465,90.92,52.1374375,21.1617526,25,0.52,2.495,255,0.0,0.5033,-0.1775,-0.0768,3.354,6.336,-4.46,-1.41,317.52,0.01,0.01,0.19,0.06,99695,1507,3,0.23,0.07,-0.03,0.03,49,55,-130,0,2.85,-0.59,0.0287,0.134,26.1,29.01,19.72
787.597,flow_only,67.901,52.1374357,21.1617449,90.97,52.1374375,21.1617526,25,0.52,2.495,255,0.0,1.1745,-0.1252,0.1446,3.375,6.384,-5.3,-1.16,317.3,0.01,0.01,0.29,0.07,99695,1507,3,0.23,0.07,-0.03,0.03,49,28,364,0,2.97,-0.47,0.0516,0.2041,24.23,28.46,23.24
787.697,flow_only,68.001,52.1374368,21.1617431,91.03,52.1374405,21.1617475,25,0.52,2.488,255,0.0,1.0069,0.0363,0.0238,3.374,6.442,-5.31,-0.9,317.17,0.01,0.01,0.17,0.04,99695,1507,3,0.23,0.07,-0.03,0.03,49,44,549,0,3.03,-0.42,0.077,0.2245,28.29,29.71,21.82
787.797,flow_only,68.101,52.1374379,21.1617412,91.08,52.1374405,21.1617475,25,0.52,2.488,255,0.0,0.3355,-0.0417,-0.1367,3.368,6.496,-5.35,-1.23,317.06,0.01,0.01,0.13,0.03,99695,1507,3,0.23,0.07,-0.03,0.03,49,-36,-31,0,3.07,-0.42,0.0559,0.1919,28.07,25.63,19.25
787.897,flow_only,68.201,52.137439,21.1617394,91.13,52.1374435,21.1617425,25,0.52,2.331,255,0.0,0.5035,-0.0203,0.0556,3.366,6.546,-5.41,-1.25,316.95,0.01,0.01,0.18,0.03,99695,1507,3,0.23,0.07,-0.03,0.03,49,0,-107,0,3.15,-0.29,0.0478,0.1878,23.48,25.16,22.19
787.997,flow_only,68.301,52.1374401,21.1617375,91.18,52.1374435,21.1617425,25,0.52,2.331,255,0.1678,0.5035,0.1729,0.0646,3.362,6.593,-4.93,-0.88,317.13,0.01,0.01,0.15,0.02,99695,1507,3,0.23,0.07,-0.03,0.03,49,-56,-52,0,3.2,-0.23,0.0554,0.1866,20.08,25.68,19.28
788.098,flow_only,68.401,52.1374411,21.1617356,91.22,52.1374463,21.1617377,25,0.52,2.34,255,0.0,0.6712,0.1605,-0.002,3.328,6.636,-4.12,-0.69,317.49,0.01,0.01,0.15,0.04,99695,1507,3,0.23,0.07,-0.03,0.03,49,22,164,0,3.25,-0.18,0.0517,0.1763,17.77,29.5,16.55
788.198,flow_only,68.501,52.1374422,21.1617337,91.26,52.1374463,21.1617377,25,0.52,2.34,255,0.0,0.6714,0.0546,0.0878,3.268,6.68,-3.47,-0.48,318.01,0.01,0.01,0.19,0.05,99695,1507,3,0.23,0.07,-0.03,0.03,49,151,405,0,3.31,-0.09,0.0645,0.194,23.19,29.09,23.32
788.298,flow_only,68.601,52.1374432,21.1617316,91.32,52.137449,21.1617328,25,0.52,2.283,255,0.0,0.5035,-0.081,-0.0471,3.236,6.73,-3.94,-0.34,318.61,0.01,0.01,0.22,0.08,99695,1507,3,0.23,0.07,-0.03,0.03,49,-39,-33,0,3.37,0.0,0.0533,0.1939,26.68,28.06,17.09
788.397,flow_only,68.701,52.1374441,21.1617297,91.37,52.137449,21.1617328,25,0.52,2.283,255,0.0,0.6711,0.2595,0.0042,3.202,6.788,-3.09,-0.42,319.28,0.01,0.01,0.27,0.07,99695,1507,3,0.23,0.07,-0.03,0.03,49,-48,-36,0,3.44,0.13,0.0484,0.2073,25.99,25.16,17.55
788.497,flow_only,68.801,52.1374451,21.1617278,91.44,52.1374517,21.1617279,25,0.52,2.25,255,0.0,0.5032,0.0006,0.0204,3.246,6.854,-2.41,-0.14,319.75,0.01,0.01,0.23,0.06,99695,1507,3,0.23,0.07,-0.03,0.03,49,66,31,0,3.5,0.2,0.0512,0.21,27.07,31.84,19.31
788.598,flow_only,68.901,52.1374461,21.1617258,91.51,52.1374543,21.1617231,25,0.52,2.147,255,0.0,0.5034,-0.0167,0.0364,3.24,6.922,-2.87,-0.23,320.14,0.01,0.01,0.23,0.08,99695,1507,3,0.23,0.07,-0.03,0.03,49,43,146,0,3.56,0.2,0.0712,0.2258,25.14,29.27,21.54
788.697,flow_only,69.001,52.1374473,21.1617237,91.58,52.1374543,21.1617231,25,0.52,2.147,255,0.3357,1.1748,0.0892,0.0974,3.188,6.992,-2.31,0.17,320.65,0.01,0.01,0.25,0.08,99695,1507,3,0.23,0.07,-0.03,0.03,49,-146,207,0,3.62,0.31,0.0836,0.2388,27.0,31.62,20.42
788.797,flow_only,69.101,52.1374485,21.1617217,91.65,52.1374543,21.1617231,25,0.52,2.147,255,0.1678,0.8391,-0.0139,-0.011,3.106,7.062,-2.25,0.42,320.94,0.01,0.01,0.23,0.07,99695,1507,3,0.23,0.07,-0.03,0.03,49,148,39,0,3.68,0.39,0.0628,0.2121,22.74,23.62,18.43
788.898,flow_only,69.201,52.1374496,21.1617198,91.72,52.1374571,21.1617186,25,0.52,2.226,255,0.0,0.5034,-0.0618,0.0197,3.06,7.132,-2.61,0.3,320.82,0.01,0.01,0.25,0.07,99695,1507,3,0.23,0.08,-0.03,0.03,49,24,145,0,3.73,0.52,0.0821,0.2339,22.21,27.52,19.3
788.998,flow_only,69.301,52.1374508,21.1617178,91.78,52.1374571,21.1617186,25,0.52,2.226,255,0.0,0.5035,-0.0772,0.0987,3.022,7.195,-3.13,0.62,320.63,0.01,0.01,0.15,0.08,99695,1507,3,0.23,0.08,-0.03,0.03,49,62,91,0,3.74,0.54,0.0598,0.1833,24.16,32.04,20.65
789.098,flow_only,69.401,52.1374519,21.1617159,91.83,52.1374598,21.1617144,25,0.52,2.02,255,0.1678,0.3356,0.0629,0.0314,2.977,7.249,-2.93,0.92,320.32,0.01,0.01,0.16,0.06,99695,1507,3,0.23,0.08,-0.03,0.03,49,32,35,0,3.74,0.65,0.0454,0.1501,23.17,30.97,23.26
789.197,flow_only,69.501,52.1374531,21.1617141,91.88,52.1374598,21.1617144,25,0.52,2.02,255,-0.1678,0.3357,-0.0936,0.0302,2.958,7.294,-3.28,1.04,319.93,0.01,0.01,0.12,0.07,99695,1507,3,0.23,0.08,-0.03,0.03,49,-20,-66,0,3.74,0.65,0.0474,0.1285,25.47,31.9,24.26
789.297,flow_only,69.601,52.1374542,21.1617123,91.91,52.1374624,21.1617106,25,0.52,1.897,255,-0.1678,0.6711,-0.0586,0.1459,2.91,7.325,-3.97,1.56,319.43,0.01,0.01,0.08,0.07,99695,1507,3,0.23,0.08,-0.03,0.03,49,124,271,0,3.72,0.7,0.0436,0.1006,24.2,28.5,20.9
789.397,flow_only,69.701,52.1374553,21.1617106,91.93,52.1374624,21.1617106,25,0.52,1.897,255,0.0,0.3356,0.0171,0.0339,2.882,7.347,-3.87,1.97,318.87,0.01,0.01,0.09,0.02,99695,1507,3,0.23,0.08,-0.03,0.03,49,11,18,0,3.7,0.7,0.0288,0.0654,24.71,27.3,18.85
789.497,flow_only,69.801,52.1374564,21.1617089,91.95,52.137465,21.1617071,25,0.52,1.817,255,0.0,0.3355,-0.0235,0.0059,2.81,7.362,-3.92,1.86,318.5,0.01,0.01,0.07,0.06,99695,1507,3,0.23,0.09,-0.03,0.03,49,-7,497,0,3.66,0.73,0.0491,0.0913,26.17,26.74,20.42
789.597,flow_only,69.901,52.1374576,21.1617072,91.96,52.137465,21.1617071,25,0.52,1.817,255,0.0,0.3356,0.0295,0.0111,2.756,7.372,-3.99,1.99,318.22,0.01,0.01,0.03,0.04,99695,1507,3,0.23,0.09,-0.03,0.03,49,-109,604,0,3.63,0.72,0.0819,0.1461,24.61,29.56,17.01
789.697,flow_only,70.001,52.1374589,21.1617054,91.96,52.1374675,21.1617037,25,0.52,1.835,255,0.0,0.5032,0.0884,0.0312,2.698,7.375,-3.5,2.01,317.86,0.01,0.01,0.01,0.05,99695,1507,3,0.23,0.09,-0.03,0.03,49,-63,129,0,3.56,0.73,0.0659,0.1258,23.72,27.46,14.76
789.797,flow_only,70.101,52.1374602,21.1617037,91.97,52.1374675,21.1617037,25,0.52,1.835,255,-0.3357,1.007,-0.1198,0.1558,2.66,7.38,-3.84,2.61,317.58,0.01,0.01,0.08,0.04,99695,1507,3,0.23,0.09,-0.03,0.03,49,69,40,0,3.53,0.77,0.0461,0.0941,23.35,26.75,13.84
789.897,flow_only,70.201,52.1374614,21.1617021,91.98,52.13747,21.1617005,25,0.52,1.706,255,0.0,0.5034,0.0398,0.0296,2.604,7.392,-4.18,2.98,317.38,0.01,0.01,0.07,0.04,99695,1507,3,0.23,0.09,-0.03,0.03,49,134,67,0,3.52,0.8,0.0641,0.1231,24.45,28.27,18.98
789.998,flow_only,70.301,52.1374626,21.1617005,92.0,52.13747,21.1617005,25,0.52,1.706,255,0.0,0.3355,-0.049,0.0301,2.568,7.412,-4.17,3.15,317.18,0.01,0.01,0.08,0.03,99695,1507,3,0.23,0.09,-0.03,0.03,49,32,-55,0,3.52,0.81,0.0236,0.0567,23.55,33.31,19.56
790.098,flow_only,70.401,52.1374636,21.1616992,92.02,52.1374722,21.1616975,25,0.52,1.502,255,-0.1678,0.5034,-0.0062,0.0017,2.53,7.434,-4.42,3.09,317.08,0.01,0.01,0.0,0.04,99695,1507,3,0.23,0.08,-0.03,0.03,49,108,-5,0,3.47,0.83,0.0124,0.0579,26.7,31.64,18.21
790.198,flow_only,70.501,52.1374647,21.1616976,92.04,52.1374722,21.1616975,25,0.52,1.502,255,-0.1678,0.3357,-0.0199,-0.0329,2.548,7.454,-4.44,3.07,316.98,0.01,0.01,0.0,0.03,99695,1507,3,0.23,0.08,-0.03,0.03,49,24,-14,0,3.45,0.85,0.0292,0.0864,25.35,30.63,21.81
790.297,flow_only,70.601,52.1374658,21.1616959,92.06,52.1374743,21.1616949,25,0.52,1.452,255,-0.1678,0.3357,0.023,-0.053,2.528,7.474,-4.6,2.56,316.8,0.01,0.01,0.01,0.05,99695,1507,3,0.23,0.08,-0.03,0.03,49,81,-107,0,3.44,0.86,0.0349,0.0982,24.36,32.46,18.21
790.397,flow_only,70.701,52.1374667,21.1616944,92.08,52.1374743,21.1616949,25,0.52,1.452,255,0.0,0.3356,0.0758,0.0129,2.48,7.493,-4.24,2.56,316.52,0.01,0.01,0.01,0.02,99695,1507,3,0.23,0.08,-0.03,0.03,49,-36,20,0,3.4,0.82,0.0254,0.0982,28.93,22.77,20.4
790.497,flow_only,70.801,52.1374675,21.1616931,92.1,52.1374764,21.1616924,25,0.52,1.344,255,0.1678,0.6711,0.003,-0.0223,2.54,7.513,-3.82,2.5,316.36,0.01,0.01,0.0,0.03,99695,1507,3,0.23,0.08,-0.03,0.03,49,109,49,0,3.4,0.81,0.0218,0.0949,22.23,28.7,18.08
790.597,flow_only,70.901,52.1374684,21.1616916,92.12,52.1374764,21.1616924,25,0.52,1.344,255,0.0,0.1678,0.0366,-0.1331,2.546,7.532,-3.89,2.15,316.22,0.01,0.01,0.03,0.04,99695,1507,3,0.23,0.08,-0.03,0.03,49,66,-107,0,3.38,0.8,0.0382,0.1206,23.18,29.3,17.38
790.698,flow_only,71.001,52.1374692,21.1616901,92.13,52.1374781,21.1616901,25,0.52,1.167,255,0.0,0.1678,0.0228,-0.0859,2.552,7.55,-3.57,1.4,316.05,0.01,0.01,0.03,0.03,99695,1507,3,0.23,0.09,-0.03,0.03,49,-28,378,0,3.37,0.77,0.0374,0.1259,24.7,26.09,17.2
790.798,flow_only,71.101,52.13747,21.1616888,92.15,52.1374781,21.1616901,25,0.52,1.167,255,0.0,0.5033,0.0376,-0.0685,2.542,7.568,-3.6,0.84,315.91,0.01,0.01,0.0,0.06,99695,1507,3,0.23,0.09,-0.03,0.03,49,23,-35,0,3.36,0.74,0.0221,0.1086,24.02,26.34,19.35
790.897,flow_only,71.201,52.1374708,21.1616876,92.18,52.1374797,21.1616881,25,0.52,1.152,255,0.0,0.6712,0.0003,0.0378,2.53,7.59,-3.38,0.84,315.88,0.01,0.01,0.0,0.04,99695,1507,3,0.23,0.09,-0.03,0.03,49,-31,-62,0,3.37,0.75,0.0271,0.1062,24.37,30.46,18.4
790.997,flow_only,71.301,52.1374716,21.1616863,92.21,52.1374797,21.1616881,25,0.52,1.152,255,0.0,0.1678,0.0451,-0.0076,2.514,7.623,-3.36,0.73,315.73,0.01,0.01,0.09,0.05,99695,1507,3,0.23,0.09,-0.03,0.03,49,65,63,0,3.42,0.76,0.0157,0.0637,30.78,26.67,21.6
791.097,flow_only,71.401,52.1374724,21.1616851,92.25,52.1374813,21.1616861,25,0.52,1.119,255,-0.1678,0.5035,-0.0449,0.057,2.512,7.67,-3.21,1.02,315.63,0.01,0.01,0.08,0.06,99695,1507,3,0.23,0.1,-0.03,0.03,49,-26,-1,0,3.47,0.81,0.0138,0.0448,27.39,30.54,19.5
791.197,flow_only,71.501,52.1374733,21.1616839,92.31,52.1374813,21.1616861,25,0.52,1.119,255,-0.5035,0.6714,-0.1303,-0.0346,2.548,7.723,-3.86,0.97,315.44,0.01,0.01,0.07,0.05,99695,1507,3,0.23,0.1,-0.03,0.03,49,-9,193,0,3.49,0.91,0.0209,0.0433,25.88,31.69,20.72
791.298,flow_only,71.601,52.1374745,21.1616826,92.36,52.1374829,21.1616841,25,0.52,1.126,255,-0.1678,0.3355,-0.0668,0.0225,2.55,7.778,-4.44,0.72,315.17,0.01,0.01,0.06,0.05,99695,1507,3,0.23,0.09,-0.03,0.03,49,27,-95,0,3.54,0.94,0.0363,0.0711,27.35,31.31,22.19
791.398,flow_only,71.701,52.1374758,21.1616814,92.41,52.1374845,21.1616824,25,0.52,0.993,255,0.0,0.3357,-0.0695,0.1975,2.578,7.829,-4.58,1.36,314.88,0.01,0.01,0.0,0.04,99695,1507,3,0.23,0.1,-0.03,0.03,49,-198,333,0,3.53,0.93,0.0456,0.0963,23.75,32.42,21.48
791.498,flow_only,71.801,52.1374771,21.1616803,92.45,52.1374845,21.1616824,25,0.52,0.993,255,-0.1678,0.3356,-0.1711,0.1504,2.642,7.868,-5.34,2.39,314.61,0.01,0.01,0.06,0.04,99695,1507,3,0.23,0.1,-0.03,0.03,49,16,320,0,3.52,0.87,0.0385,0.1029,25.13,26.66,19.59
791.598,flow_only,71.901,52.1374781,21.1616791,92.48,52.1374861,21.1616809,25,0.52,0.997,255,-0.1678,0.5033,-0.1041,-0.0012,2.636,7.893,-6.26,2.73,314.49,0.01,0.01,0.05,0.05,99695,1507,3,0.24,0.11,-0.03,0.03,49,117,-96,0,3.49,0.8,0.0204,0.0902,28.49,27.48,19.54
791.697,flow_only,72.001,52.137479,21.161678,92.5,52.1374861,21.1616809,25,0.52,0.997,255,0.0,0.1678,-0.0442,0.0349,2.644,7.915,-6.58,2.78,314.6,0.01,0.01,0.01,0.04,99695,1507,3,0.24,0.11,-0.03,0.03,49,-179,-117,0,3.51,0.8,0.0365,0.1015,28.08,26.5,19.71
791.798,flow_only,72.101,52.1374799,21.1616772,92.52,52.1374876,21.1616794,25,0.52,0.91,255,0.0,0.0,-0.0498,-0.2228,2.674,7.939,-6.73,2.2,314.84,0.01,0.01,0.01,0.04,99695,1507,3,0.24,0.1,-0.03,0.03,49,94,51,0,3.51,0.83,0.0361,0.0974,28.44,23.02,20.65
791.897,flow_only,72.201,52.1374808,21.1616765,92.55,52.1374876,21.1616794,25,0.52,0.91,255,0.0,0.1678,0.0176,-0.1412,2.678,7.961,-6.65,1.32,315.22,0.01,0.01,0.02,0.03,99695,1507,3,0.24,0.1,-0.03,0.03,49,52,65,0,3.5,0.78,0.0396,0.1065,27.17,22.32,19.21
791.998,flow_only,72.301,52.1374815,21.1616756,92.56,52.1374876,21.1616794,25,0.52,0.91,255,0.0,0.1678,0.0103,-0.1055,2.68,7.976,-6.62,0.7,315.59,0.01,0.01,0.08,0.03,99695,1507,3,0.24,0.1,-0.03,0.03,49,62,18,0,3.49,0.78,0.0389,0.1206,25.68,21.43,18.99
792.097,flow_only,72.401,52.1374822,21.1616748,92.57,52.1374889,21.1616778,25,0.52,0.867,255,0.0,0.0,0.0882,-0.1645,2.676,7.982,-6.26,-0.24,315.85,0.01,0.01,0.04,0.04,99695,1507,3,0.24,0.11,-0.03,0.03,49,-15,56,0,3.46,0.73,0.0374,0.1226,24.57,26.82,19.52
792.197,flow_only,72.501,52.137483,21.1616739,92.57,52.1374889,21.1616778,25,0.52,0.867,255,0.0,0.1678,-0.031,-0.1248,2.664,7.984,-6.11,-0.94,315.93,0.01,0.01,0.08,0.04,99695,1507,3,0.24,0.11,-0.03,0.03,49,170,1,0,3.44,0.71,0.0485,0.1451,26.33,25.41,18.83
792.297,flow_only,72.601,52.1374836,21.1616729,92.57,52.13749,21.1616762,24,0.55,0.753,255,0.0,0.3357,-0.0015,-0.0024,2.662,7.984,-6.15,-1.19,315.99,0.01,0.01,0.02,0.04,99695,1507,3,0.24,0.08,-0.03,0.03,49,22,-63,0,3.45,0.71,0.0516,0.1415,26.04,26.89,21.15
792.398,flow_only,72.701,52.1374842,21.161672,92.58,52.13749,21.1616762,24,0.55,0.753,255,0.0,0.3356,0.0911,0.0001,2.674,7.991,-5.95,-1.16,316.06,0.01,0.01,0.01,0.04,99695,1507,3,0.24,0.08,-0.03,0.03,49,3,-127,0,3.47,0.73,0.0665,0.1547,24.18,29.25,20.63
792.498,flow_only,72.801,52.1374847,21.161671,92.59,52.1374911,21.1616746,25,0.52,0.82,255,0.1678,0.1678,0.0614,-0.0546,2.67,8.006,-5.5,-1.32,316.14,0.01,0.01,0.0,0.05,99695,1507,3,0.24,0.07,-0.03,0.03,49,78,55,0,3.47,0.75,0.0527,0.1262,23.86,26.01,22.51
792.598,flow_only,72.901,52.1374852,21.16167,92.61,52.1374911,21.1616746,25,0.52,0.82,255,0.1678,0.5034,0.0368,-0.0316,2.696,8.027,-5.12,-1.53,316.08,0.01,0.01,0.02,0.04,99695,1507,3,0.24,0.07,-0.03,0.03,49,-44,-78,0,3.5,0.76,0.0571,0.1298,25.94,30.43,20.88
792.697,flow_only,73.001,52.1374857,21.1616692,92.64,52.1374921,21.1616727,25,0.52,0.844,255,0.0,0.1678,-0.0704,-0.0605,2.708,8.054,-5.4,-1.76,316.11,0.01,0.01,0.02,0.05,99695,1507,3,0.24,0.06,-0.03,0.03,49,2,-107,0,3.52,0.77,0.0635,0.1408,26.17,26.4,19.76
792.797,flow_only,73.101,52.1374862,21.1616683,92.67,52.1374921,21.1616727,25,0.52,0.844,255,0.0,0.0,-0.0072,-0.1621,2.718,8.081,-5.38,-2.59,316.16,0.01,0.01,0.0,0.04,99695,1507,3,0.24,0.06,-0.03,0.03,49,-30,-6,0,3.53,0.75,0.0581,0.13,22.03,28.34,18.59
792.897,flow_only,73.201,52.1374868,21.1616672,92.69,52.137493,21.1616708,25,0.52,0.9,255,0.1678,0.1678,0.1048,-0.0865,2.74,8.102,-5.26,-3.3,316.21,0.01,0.01,0.07,0.04,99695,1507,3,0.24,0.06,-0.03,0.03,49,0,-11,0,3.52,0.76,0.0479,0.118,22.04,27.49,17.99
792.998,flow_only,73.301,52.1374875,21.161666,92.7,52.137493,21.1616708,25,0.52,0.9,255,0.1678,0.5034,0.1196,-0.0037,2.762,8.111,-4.47,-3.42,316.15,0.01,0.01,0.08,0.05,99695,1507,3,0.24,0.06,-0.03,0.03,49,-182,-169,0,3.48,0.68,0.057,0.1453,19.43,25.52,16.47
793.097,flow_only,73.401,52.1374882,21.1616649,92.7,52.1374941,21.1616685,25,0.52,1.039,255,0.3356,0.1678,0.1526,0.0065,2.738,8.112,-3.63,-3.4,316.08,0.01,0.01,0.06,0.04,99695,1507,3,0.24,0.06,-0.03,0.03,49,-7,-43,0,3.45,0.62,0.0387,0.1176,22.87,20.63,16.29
793.198,flow_only,73.501,52.1374889,21.1616637,92.7,52.1374941,21.1616685,25,0.52,1.039,255,0.1678,0.1678,0.0559,-0.0605,2.758,8.112,-3.13,-3.73,316.1,0.01,0.01,0.04,0.05,99695,1507,3,0.24,0.06,-0.03,0.03,49,-103,-130,0,3.46,0.62,0.0588,0.1465,20.25,18.43,15.85
793.297,flow_only,73.601,52.1374897,21.1616624,92.7,52.1374952,21.161666,25,0.52,1.108,255,0.1678,0.3357,0.0715,-0.0106,2.785,8.115,-2.78,-3.63,316.13,0.01,0.01,0.01,0.06,99695,1507,3,0.24,0.06,-0.03,0.03,49,79,144,0,3.46,0.64,0.0339,0.096,24.94,20.1,18.83
793.397,flow_only,73.701,52.1374903,21.161661,92.71,52.1374952,21.161666,25,0.52,1.108,255,0.0,0.1678,0.042,0.0321,2.783,8.121,-2.32,-3.62,316.05,0.01,0.01,0.0,0.06,99695,1507,3,0.24,0.06,-0.03,0.03,49,54,-216,0,3.46,0.61,0.0542,0.1229,28.87,25.08,21.9
793.497,flow_only,73.801,52.137491,21.1616598,92.72,52.1374966,21.1616633,25,0.52,1.234,255,0.0,0.3357,0.1308,0.0195,2.786,8.131,-1.76,-3.16,315.64,0.01,0.01,0.01,0.05,99695,1507,3,0.24,0.07,-0.03,0.03,49,-84,-16,0,3.46,0.61,0.0611,0.1386,21.92,27.61,19.75
793.597,flow_only,73.901,52.1374919,21.1616582,92.73,52.1374966,21.1616633,25,0.52,1.234,255,0.0,0.3356,-0.1358,-0.0457,2.826,8.145,-1.72,-3.4,315.09,0.01,0.01,0.03,0.05,99695,1507,3,0.24,0.07,-0.03,0.03,49,49,-89,0,3.48,0.6,0.0298,0.0671,25.05,26.39,18.8
793.697,flow_only,74.001,52.1374928,21.1616564,92.75,52.1374982,21.1616604,25,0.52,1.395,255,-0.1678,0.8388,-0.0644,0.1328,2.802,8.165,-2.66,-2.89,314.31,0.01,0.01,0.05,0.06,99695,1507,3,0.24,0.07,-0.03,0.03,49,97,-65,0,3.5,0.62,0.028,0.0599,24.67,27.39,19.44
793.797,flow_only,74.101,52.1374938,21.1616546,92.77,52.1374982,21.1616604,25,0.52,1.395,255,-0.1678,0.5033,0.0031,0.2501,2.798,8.186,-2.77,-1.79,313.58,0.01,0.01,0.01,0.06,99695,1507,3,0.24,0.07,-0.03,0.03,49,27,-180,0,3.51,0.62,0.0394,0.0833,26.95,23.61,19.4
793.897,flow_only,74.2,52.1374948,21.1616528,92.79,52.1374999,21.1616573,25,0.52,1.441,255,0.0,0.6712,-0.0331,0.2448,2.786,8.202,-2.74,-0.18,312.96,0.01,0.01,0.03,0.06,99695,1507,3,0.24,0.07,-0.03,0.03,49,14,-318,0,3.5,0.63,0.0269,0.0577,28.16,26.71,21.81
793.997,flow_only,74.301,52.1374958,21.1616512,92.79,52.1374999,21.1616573,25,0.52,1.441,255,-0.1678,1.0066,-0.0439,0.1002,2.784,8.208,-3.14,0.64,312.55,0.01,0.01,0.08,0.05,99695,1507,3,0.24,0.07,-0.03,0.03,49,-106,-235,0,3.48,0.63,0.0403,0.094,25.81,27.91,19.29
794.097,flow_only,74.401,52.1374968,21.1616497,92.79,52.1375018,21.1616542,25,0.52,1.467,255,-0.1678,0.6711,-0.0162,0.006,2.776,8.202,-3.13,0.79,312.17,0.01,0.01,0.11,0.05,99695,1507,3,0.24,0.07,-0.03,0.03,49,-130,-259,0,3.42,0.56,0.0521,0.1307,24.16,27.68,18.02
794.197,flow_only,74.501,52.1374978,21.1616487,92.77,52.1375018,21.1616542,25,0.52,1.467,255,0.0,0.3355,-0.0106,-0.0152,2.764,8.184,-3.11,0.72,311.76,0.01,0.01,0.11,0.06,99695,1507,3,0.24,0.07,-0.03,0.03,49,55,-193,0,3.36,0.52,0.0696,0.1739,24.95,27.71,18.11
794.297,flow_only,74.601,52.1374986,21.1616476,92.75,52.1375037,21.1616511,25,0.52,1.489,255,-0.1678,0.1678,-0.0765,-0.0607,2.78,8.165,-3.47,0.68,311.48,0.01,0.01,0.06,0.05,99695,1507,3,0.24,0.06,-0.03,0.03,49,101,-197,0,3.34,0.49,0.0781,0.1886,26.2,27.78,18.78
794.397,flow_only,74.701,52.1374995,21.1616463,92.73,52.1375037,21.1616511,25,0.52,1.489,255,0.0,0.3355,-0.0266,-0.0868,2.78,8.146,-3.66,0.07,311.35,0.01,0.01,0.07,0.04,99695,1507,3,0.24,0.06,-0.03,0.03,49,88,-72,0,3.32,0.49,0.0364,0.1127,27.75,27.74,19.21
794.497,flow_only,74.8,52.1375004,21.1616447,92.71,52.1375057,21.1616481,25,0.52,1.478,255,-0.1678,0.3357,0.0386,-0.0672,2.772,8.13,-3.64,-0.34,311.37,0.01,0.01,0.07,0.05,99695,1507,3,0.24,0.07,-0.03,0.03,49,53,-132,0,3.28,0.43,0.0359,0.1079,26.49,26.59,18.0
794.597,flow_only,74.901,52.1375013,21.1616433,92.7,52.1375057,21.1616481,25,0.52,1.478,255,0.0,0.3355,0.0472,-0.0164,2.808,8.115,-3.25,-0.52,311.53,0.01,0.01,0.07,0.04,99695,1507,3,0.24,0.07,-0.03,0.03,49,-21,-327,0,3.26,0.43,0.0617,0.1539,26.62,28.24,18.24
794.697,flow_only,75.0,52.1375023,21.161642,92.69,52.1375077,21.1616451,25,0.52,1.453,255,0.0,0.1678,0.0396,-0.0326,2.834,8.1,-3.0,-0.7,311.93,0.01,0.01,0.07,0.05,99695,1507,3,0.23,0.06,-0.03,0.03,49,22,325,0,3.23,0.38,0.0188,0.0823,25.62,25.98,16.83
794.797,flow_only,75.101,52.1375032,21.1616406,92.67,52.1375077,21.1616451,25,0.52,1.453,255,-0.1678,0.6711,-0.0565,0.0031,2.832,8.087,-3.14,-0.59,312.69,0.01,0.01,0.08,0.06,99695,1507,3,0.23,0.06,-0.03,0.03,49,31,-193,0,3.21,0.3,0.0357,0.1052,25.75,28.45,17.97
794.897,flow_only,75.201,52.137504,21.1616393,92.66,52.1375097,21.1616421,25,0.52,1.499,255,0.0,0.5033,0.0277,-0.0095,2.836,8.071,-3.21,-0.59,313.64,0.01,0.01,0.08,0.07,99695,1507,3,0.23,0.06,-0.03,0.03,49,-77,-376,0,3.2,0.3,0.0591,0.1457,26.44,28.01,16.83
794.997,flow_only,75.301,52.1375048,21.1616381,92.64,52.1375097,21.1616421,25,0.52,1.499,255,-0.1677,0.3355,-0.0268,-0.0454,2.866,8.054,-3.34,-0.8,314.75,0.01,0.01,0.1,0.05,99695,1507,3,0.23,0.06,-0.03,0.03,49,29,-190,0,3.17,0.29,0.057,0.1444,25.14,25.34,13.75
795.097,flow_only,75.4,52.1375058,21.1616368,92.61,52.1375117,21.161639,25,0.52,1.542,255,0.0,0.6711,0.1038,-0.026,2.872,8.029,-3.03,-0.86,315.7,0.01,0.01,0.14,0.05,99695,1507,3,0.23,0.07,-0.03,0.03,49,12,-230,0,3.12,0.17,0.0442,0.1334,24.27,23.94,17.82
795.197,flow_only,75.501,52.1375067,21.1616357,92.58,52.1375117,21.161639,25,0.52,1.542,255,0.1678,0.8391,0.0536,0.0567,2.884,7.995,-2.52,-0.53,316.49,0.01,0.01,0.17,0.05,99695,1507,3,0.23,0.07,-0.03,0.03,49,70,-108,0,3.06,0.17,0.0537,0.1609,21.84,19.67,17.34
795.297,flow_only,75.6,52.1375075,21.1616346,92.54,52.1375137,21.1616357,25,0.52,1.57,255,0.0,0.5033,0.0128,-0.0185,2.92,7.957,-2.46,-0.52,317.02,0.01,0.01,0.13,0.06,99695,1507,3,0.23,0.07,-0.03,0.03,49,-7,92,0,3.02,0.05,0.0493,0.1532,17.57,20.65,15.99
795.397,flow_only,75.701,52.1375084,21.1616334,92.5,52.1375137,21.1616357,25,0.52,1.57,255,-0.1678,0.5035,-0.0707,-0.0838,2.936,7.919,-2.71,-0.68,317.46,0.01,0.01,0.1,0.05,99695,1507,3,0.23,0.07,-0.03,0.03,49,47,80,0,3.0,0.0,0.0297,0.1154,17.62,17.94,16.75
795.497,flow_only,75.801,52.1375094,21.161632,92.47,52.1375158,21.1616324,25,0.52,1.567,255,0.0,0.3356,-0.0292,0.0023,2.918,7.883,-2.88,-0.95,317.75,0.01,0.01,0.11,0.06,99695,1507,3,0.23,0.06,-0.03,0.03,49,43,-190,0,2.97,-0.03,0.031,0.1121,20.93,18.28,15.01
795.597,flow_only,75.901,52.1375104,21.1616306,92.44,52.1375158,21.1616324,25,0.52,1.567,255,0.0,0.5035,0.0079,0.0031,2.934,7.85,-3.09,-0.77,317.84,0.01,0.01,0.07,0.05,99695,1507,3,0.23,0.06,-0.03,0.03,49,-125,-157,0,2.95,-0.03,0.0332,0.1031,20.53,21.79,16.37
795.697,flow_only,76.001,52.1375113,21.1616294,92.4,52.1375179,21.161629,25,0.52,1.686,255,0.0,0.5034,0.0741,0.0751,2.934,7.82,-2.7,-0.55,317.8,0.01,0.01,0.1,0.05,99695,1507,3,0.23,0.06,-0.03,0.03,49,-58,-136,0,2.93,-0.08,0.0389,0.1084,18.7,24.42,16.26
795.797,flow_only,76.101,52.1375123,21.1616283,92.38,52.1375179,21.161629,25,0.52,1.686,255,0.0,0.8391,0.0378,0.0452,2.946,7.791,-2.41,-0.07,317.72,0.01,0.01,0.09,0.06,99695,1507,3,0.23,0.06,-0.03,0.03,49,-63,241,0,2.91,-0.1,0.0301,0.0921,17.28,23.18,17.06
795.897,flow_only,76.201,52.1375133,21.1616269,92.35,52.13752,21.1616255,25,0.52,1.738,255,-0.1677,0.8387,-0.1747,-0.0333,2.984,7.761,-2.97,0.04,317.69,0.01,0.01,0.1,0.06,99695,1507,3,0.23,0.07,-0.03,0.03,49,195,324,0,2.89,-0.13,0.023,0.0753,18.93,19.39,16.22
795.997,flow_only,76.301,52.1375143,21.1616254,92.31,52.13752,21.1616255,25,0.52,1.738,255,0.0,0.3357,0.0487,-0.0636,3.026,7.73,-3.25,-0.56,317.78,0.01,0.01,0.1,0.06,99695,1507,3,0.23,0.07,-0.03,0.03,49,-222,-181,0,2.87,-0.18,0.0309,0.088,21.54,20.85,14.94
796.097,flow_only,76.401,52.1375152,21.1616244,92.28,52.1375224,21.1616219,25,0.52,1.738,255,0.0,0.3355,0.0329,-0.0153,3.02,7.699,-2.8,-0.4,317.99,0.01,0.01,0.1,0.05,99695,1507,3,0.23,0.07,-0.03,0.03,49,-83,-351,0,2.85,-0.24,0.0608,0.139,20.36,21.35,17.45
796.197,flow_only,76.5,52.1375161,21.1616237,92.26,52.1375224,21.1616219,25,0.52,1.738,255,0.0,0.3356,-0.0915,-0.1071,3.032,7.672,-3.16,-0.64,318.21,0.01,0.01,0.05,0.07,99695,1507,3,0.23,0.07,-0.03,0.03,49,97,-245,0,2.85,-0.25,0.0758,0.1609,22.96,23.44,16.99
796.297,flow_only,76.6,52.1375169,21.1616229,92.24,52.1375246,21.1616186,25,0.52,1.614,255,0.0,0.1678,-0.1544,-0.1611,3.076,7.652,-3.77,-1.56,318.48,0.01,0.01,0.02,0.07,99695,1507,3,0.23,0.07,-0.03,0.03,49,-67,193,0,2.86,-0.25,0.0274,0.0604,24.2,27.27,14.94
796.397,flow_only,76.701,52.1375178,21.1616219,92.23,52.1375269,21.1616156,25,0.52,1.629,255,0.0,0.1678,-0.0505,-0.1806,3.082,7.641,-4.45,-2.63,318.8,0.01,0.01,0.0,0.05,99695,1507,3,0.23,0.07,-0.03,0.03,49,-162,78,0,2.89,-0.27,0.0202,0.0436,24.58,25.64,12.55
796.497,flow_only,76.801,52.1375187,21.161621,92.23,52.1375269,21.1616156,25,0.52,1.629,255,-0.1677,0.6709,-0.0995,-0.1598,3.096,7.64,-4.78,-3.3,319.28,0.01,0.01,0.02,0.05,99695,1507,3,0.23,0.07,-0.03,0.03,49,67,-99,0,2.92,-0.25,0.0243,0.0602,27.18,25.4,14.81
796.597,flow_only,76.901,52.1375196,21.16162,92.23,52.1375269,21.1616156,25,0.52,1.629,255,-0.1678,0.1678,-0.1043,-0.1328,3.104,7.647,-5.5,-4.3,319.69,0.01,0.01,0.01,0.03,99695,1507,3,0.23,0.07,-0.03,0.03,49,-15,-43,0,2.95,-0.22,0.0206,0.0633,24.39,28.26,19.7
796.697,flow_only,77.001,52.1375206,21.1616191,92.24,52.1375293,21.1616124,25,0.52,1.743,255,-0.3356,0.1678,-0.1543,-0.1669,3.114,7.653,-6.33,-4.89,319.99,0.01,0.01,0.03,0.02,99695,1507,3,0.23,0.07,-0.03,0.03,49,-10,-333,0,2.96,-0.22,0.045,0.0992,21.51,24.48,17.8
796.797,flow_only,77.101,52.1375214,21.1616179,92.24,52.1375293,21.1616124,25,0.52,1.743,255,-0.1678,0.8391,-0.0392,0.0934,3.142,7.656,-6.87,-5.01,320.2,0.01,0.01,0.02,0.03,99695,1507,3,0.23,0.07,-0.03,0.03,49,109,147,0,2.96,-0.21,0.0242,0.0611,21.15,26.56,14.92
796.897,flow_only,77.2,52.1375222,21.1616165,92.24,52.1375317,21.1616089,25,0.52,1.808,255,0.0,0.5034,0.0413,0.098,3.154,7.652,-6.84,-4.44,320.22,0.01,0.01,0.05,0.03,99695,1507,3,0.23,0.07,-0.03,0.03,49,-24,-175,0,2.96,-0.25,0.0436,0.0878,19.67,21.99,14.66
796.997,flow_only,77.301,52.1375231,21.161615,92.23,52.1375317,21.1616089,25,0.52,1.808,255,0.0,0.3356,0.0653,0.0535,3.154,7.646,-6.54,-3.86,320.33,0.01,0.01,0.02,0.03,99695,1507,3,0.23,0.07,-0.03,0.03,49,-58,121,0,2.96,-0.25,0.0114,0.037,17.24,19.53,12.25
797.097,flow_only,77.401,52.1375241,21.1616135,92.23,52.1375341,21.1616051,25,0.52,1.907,255,0.1677,0.3355,0.1144,-0.0227,3.136,7.64,-5.82,-4.07,320.52,0.01,0.01,0.0,0.03,99695,1507,3,0.23,0.07,-0.03,0.03,49,21,405,0,2.97,-0.25,0.0159,0.0538,20.96,21.71,17.29
797.197,flow_only,77.501,52.1375251,21.1616118,92.22,52.1375341,21.1616051,25,0.52,1.907,255,0.1678,0.5034,0.1409,0.0087,3.18,7.636,-5.21,-3.95,320.66,0.01,0.01,0.02,0.02,99695,1507,3,0.23,0.07,-0.03,0.03,49,-126,187,0,2.99,-0.24,0.0227,0.0714,19.32,21.97,16.75
797.297,flow_only,77.6,52.1375262,21.1616101,92.22,52.1375366,21.1616009,25,0.52,1.999,255,0.1678,0.3355,0.0309,0.1064,3.158,7.637,-4.51,-3.6,320.82,0.01,0.01,0.03,0.03,99695,1507,3,0.23,0.07,-0.03,0.03,49,73,331,0,3.01,-0.24,0.0334,0.0972,21.75,23.29,18.03
797.397,flow_only,77.701,52.1375274,21.1616083,92.23,52.1375392,21.1615964,25,0.52,2.1,255,0.3356,0.5034,0.1976,0.0042,3.148,7.641,-3.93,-3.46,320.92,0.01,0.01,0.02,0.02,99695,1507,3,0.23,0.07,-0.03,0.03,49,55,-196,0,3.03,-0.2,0.0141,0.0735,22.5,23.69,19.3
797.497,flow_only,77.8,52.1375285,21.1616065,92.24,52.1375392,21.1615964,25,0.52,2.1,255,0.1678,1.0068,-0.0396,0.0828,3.15,7.653,-3.64,-3.02,320.76,0.01,0.01,0.09,0.04,99695,1507,3,0.23,0.07,-0.03,0.03,49,13,-237,0,3.07,-0.16,0.026,0.1,24.44,22.98,18.44
797.597,flow_only,77.901,52.1375295,21.1616048,92.26,52.1375392,21.1615964,25,0.52,2.1,255,0.0,0.6711,-0.0716,0.1669,3.124,7.674,-4.05,-2.14,320.29,0.01,0.01,0.11,0.04,99695,1507,3,0.23,0.07,-0.03,0.03,49,128,-243,0,3.11,-0.11,0.0304,0.1244,23.78,24.31,21.32
797.697,flow_only,78.001,52.1375307,21.1616028,92.29,52.1375419,21.1615916,25,0.52,2.244,255,0.0,0.6711,-0.053,0.05,3.092,7.701,-4.45,-1.57,319.71,0.01,0.01,0.1,0.03,99695,1507,3,0.23,0.07,-0.03,0.03,49,-8,519,0,3.15,-0.1,0.0468,0.1589,24.05,26.47,19.39
797.797,flow_only,78.101,52.137532,21.1616005,92.31,52.1375419,21.1615916,25,0.52,2.244,255,0.1678,0.6714,0.0105,0.1882,3.094,7.729,-4.4,-0.77,319.09,0.01,0.01,0.06,0.05,99695,1507,3,0.23,0.07,-0.03,0.03,49,-39,426,0,3.18,-0.01,0.0583,0.1713,24.56,25.72,19.37
797.897,flow_only,78.201,52.1375333,21.1615984,92.33,52.1375448,21.1615869,25,0.52,2.274,255,0.1678,0.5034,0.0557,0.199,3.134,7.749,-4.23,0.13,318.57,0.01,0.01,0.0,0.03,99695,1507,3,0.23,0.07,-0.03,0.03,49,-64,-171,0,3.17,0.0,0.0282,0.1074,28.04,26.27,21.79
797.997,flow_only,78.301,52.1375348,21.1615963,92.34,52.1375448,21.1615869,25,0.52,2.274,255,0.0,0.6712,-0.116,0.1471,3.102,7.759,-4.44,1.36,318.28,0.01,0.01,0.01,0.04,99695,1507,3,0.23,0.07,-0.03,0.03,49,-61,-262,0,3.15,-0.03,0.0307,0.0925,25.91,30.97,18.62
798.097,flow_only,78.4,52.1375361,21.1615944,92.35,52.1375477,21.1615822,25,0.52,2.199,255,0.0,1.1742,-0.0397,0.1227,3.098,7.765,-4.87,1.98,318.21,0.01,0.01,0.04,0.03,99695,1507,3,0.23,0.07,-0.03,0.03,49,-109,-71,0,3.16,-0.03,0.0188,0.076,26.91,28.39,16.09
798.197,flow_only,78.5,52.1375375,21.1615925,92.35,52.1375477,21.1615822,25,0.52,2.199,255,0.0,1.0066,-0.0407,-0.0224,3.122,7.768,-5.21,2.19,318.27,0.01,0.01,0.0,0.03,99695,1507,3,0.23,0.07,-0.03,0.03,49,27,-54,0,3.15,-0.03,0.0422,0.1085,25.92,26.6,18.56
798.297,flow_only,78.6,52.1375389,21.1615903,92.35,52.1375506,21.1615776,25,0.52,2.209,255,0.0,0.5034,0.0369,0.0939,3.096,7.768,-4.91,2.55,318.37,0.01,0.01,0.01,0.01,99695,1507,3,0.23,0.07,-0.03,0.03,49,-102,-238,0,3.15,-0.02,0.0452,0.1119,23.68,26.32,19.28
798.397,flow_only,78.701,52.1375402,21.1615883,92.35,52.1375532,21.1615731,25,0.52,2.024,255,0.1678,0.6712,0.0915,0.0758,3.086,7.769,-4.65,2.82,318.41,0.01,0.01,0.03,0.01,99695,1507,3,0.23,0.07,-0.03,0.03,49,117,345,0,3.15,-0.01,0.0516,0.1239,22.97,28.23,18.2
798.497,flow_only,78.8,52.1375415,21.1615861,92.35,52.1375532,21.1615731,25,0.52,2.024,255,0.0,0.5034,-0.0607,0.0894,3.08,7.769,-4.7,3.44,318.38,0.01,0.01,0.01,0.02,99695,1507,3,0.23,0.07,-0.03,0.03,49,50,-227,0,3.14,0.0,0.028,0.0799,22.34,24.85,16.15
798.597,flow_only,78.901,52.1375427,21.1615838,92.35,52.1375532,21.1615731,25,0.52,2.024,255,0.1679,0.6714,0.1327,0.0758,3.074,7.769,-4.42,3.77,318.19,0.01,0.01,0.0,0.02,99695,1507,3,0.23,0.07,-0.03,0.03,49,-7,-177,0,3.13,0.0,0.0423,0.104,26.68,24.17,19.95
798.697,flow_only,79.001,52.1375438,21.1615819,92.35,52.1375556,21.1615687,25,0.52,1.975,255,0.1678,0.3356,0.0724,0.0092,3.068,7.766,-3.97,3.96,318.04,0.01,0.01,0.0,0.01,99695,1507,3,0.23,0.07,-0.03,0.03,49,6,-160,0,3.12,-0.01,0.0108,0.0428,19.2,24.66,18.76
798.797,flow_only,79.1,52.1375447,21.1615802,92.35,52.1375556,21.1615687,25,0.52,1.975,255,0.1678,0.8391,0.0339,0.0093,3.046,7.764,-3.55,3.93,317.76,0.01,0.01,0.03,0.04,99695,1507,3,0.23,0.07,-0.03,0.03,49,173,127,0,3.12,-0.01,0.0217,0.057,24.52,28.79,16.5
798.897,flow_only,79.2,52.1375455,21.1615785,92.35,52.137558,21.1615644,25,0.52,1.911,255,0.0,0.1678,0.0322,-0.1363,3.016,7.765,-3.58,3.48,317.37,0.01,0.01,0.03,0.06,99695,1507,3,0.23,0.07,-0.03,0.03,49,149,-185,0,3.13,0.0,0.0334,0.0666,22.53,24.24,17.42
798.997,flow_only,79.301,52.1375462,21.1615769,92.35,52.137558,21.1615644,25,0.52,1.911,255,0.1678,0.3356,0.0063,-0.0669,3.02,7.768,-3.41,3.01,317.03,0.01,0.01,0.02,0.06,99695,1507,3,0.23,0.07,-0.03,0.03,49,-106,85,0,3.13,0.02,0.0189,0.0514,25.54,23.18,18.9
799.097,flow_only,79.4,52.1375471,21.1615753,92.35,52.1375602,21.1615605,25,0.52,1.723,255,0.1678,0.5035,0.0963,-0.1667,3.02,7.77,-3.18,2.12,316.62,0.01,0.01,0.0,0.04,99695,1507,3,0.23,0.07,-0.03,0.03,49,-31,-189,0,3.12,0.04,0.0106,0.0353,25.54,26.55,21.01
799.197,flow_only,79.5,52.137548,21.1615737,92.36,52.1375602,21.1615605,25,0.52,1.723,255,0.0,0.3357,0.0119,-0.086,3.012,7.773,-2.96,1.38,316.13,0.01,0.01,0.03,0.07,99695,1507,3,0.23,0.07,-0.03,0.03,49,-51,-24,0,3.13,0.04,0.0246,0.0607,24.96,28.79,19.8
799.297,flow_only,79.601,52.1375489,21.1615721,92.37,52.1375624,21.1615569,25,0.52,1.649,255,0.0,0.3356,-0.0348,0.0196,2.97,7.781,-2.84,1.32,315.65,0.01,0.01,0.01,0.06,99695,1507,3,0.23,0.07,-0.03,0.03,49,147,91,0,3.13,0.04,0.0338,0.0779,27.33,29.09,18.81
799.397,flow_only,79.701,52.1375498,21.1615707,92.38,52.1375624,21.1615569,25,0.52,1.649,255,-0.3356,0.8391,-0.105,-0.0486,2.968,7.793,-3.52,1.18,315.46,0.01,0.01,0.05,0.05,99695,1507,3,0.23,0.07,-0.03,0.03,49,66,17,0,3.15,0.05,0.0226,0.0638,26.1,32.7,19.16
799.497,flow_only,79.801,52.1375507,21.1615691,92.39,52.1375645,21.1615537,25,0.52,1.471,255,-0.1678,0.3355,-0.0823,-0.0182,2.964,7.809,-3.99,1.0,315.52,0.01,0.01,0.06,0.06,99695,1507,3,0.23,0.06,-0.03,0.03,49,-61,-79,0,3.17,0.1,0.0306,0.0808,27.34,26.91,18.86
799.597,flow_only,79.9,52.1375518,21.1615674,92.41,52.1375645,21.1615537,25,0.52,1.471,255,0.0,0.5035,-0.0627,-0.0407,2.968,7.825,-4.4,0.72,315.54,0.01,0.01,0.02,0.06,99695,1507,3,0.23,0.06,-0.03,0.03,49,125,-113,0,3.18,0.14,0.0434,0.101,26.5,23.96,17.72
799.697,flow_only,80.001,52.1375528,21.1615659,92.42,52.1375666,21.1615505,25,0.52,1.535,255,-0.1678,0.6712,0.0585,0.083,2.964,7.837,-4.4,0.81,315.21,0.01,0.01,0.01,0.05,99695,1507,3,0.23,0.07,-0.03,0.03,49,37,-121,0,3.17,0.13,0.0202,0.0533,27.42,25.26,20.29
799.797,flow_only,80.101,52.1375538,21.1615646,92.43,52.1375666,21.1615505,25,0.52,1.535,255,0.0,0.3357,0.0599,0.005,2.986,7.846,-3.94,1.06,314.73,0.01,0.01,0.0,0.05,99695,1507,3,0.23,0.07,-0.03,0.03,49,-55,-27,0,3.17,0.13,0.0204,0.0467,27.49,25.72,20.5
799.897,flow_only,80.201,52.1375548,21.1615634,92.44,52.1375687,21.1615475,25,0.52,1.524,255,0.0,0.3356,-0.1541,0.002,2.918,7.857,-4.08,1.08,314.28,0.01,0.01,0.04,0.06,99695,1507,3,0.23,0.07,-0.03,0.03,49,26,53,0,3.18,0.14,0.0138,0.0389,26.39,26.85,19.95
799.997,flow_only,80.301,52.1375557,21.1615622,92.46,52.1375687,21.1615475,25,0.52,1.524,255,-0.1678,0.6711,0.0106,-0.1399,2.92,7.871,-4.6,0.49,313.98,0.01,0.01,0.06,0.07,99695,1507,3,0.23,0.07,-0.03,0.03,49,7,-174,0,3.2,0.15,0.0159,0.0397,28.03,29.02,21.12
800.097,flow_only,80.401,52.1375565,21.1615611,92.47,52.1375708,21.1615447,25,0.52,1.501,255,0.0,0.3356,-0.035,0.033,2.926,7.889,-4.57,0.45,313.81,0.01,0.01,0.07,0.06,99695,1507,3,0.22,0.07,-0.03,0.03,49,51,-104,0,3.23,0.24,0.0253,0.0595,27.48,30.58,20.12
800.197,flow_only,80.501,52.1375573,21.1615598,92.49,52.1375708,21.1615447,25,0.52,1.501,255,-0.1678,0.3356,-0.0696,-0.0674,2.928,7.909,-4.88,0.37,313.83,0.01,0.01,0.03,0.04,99695,1507,3,0.22,0.07,-0.03,0.03,49,75,401,0,3.23,0.24,0.0248,0.0628,29.63,30.12,19.63
800.297,flow_only,80.6,52.1375581,21.1615585,92.51,52.1375729,21.1615419,25,0.52,1.501,255,0.0,0.6709,0.01,-0.0158,2.926,7.925,-5.07,0.02,314.12,0.01,0.01,0.01,0.06,99695,1507,3,0.22,0.07,-0.03,0.03,49,114,-132,0,3.22,0.24,0.0223,0.0469,29.14,32.62,20.13
800.397,flow_only,80.7,52.1375589,21.1615573,92.52,52.1375729,21.1615419,25,0.52,1.501,255,-0.3355,0.5033,-0.0095,-0.0898,2.914,7.936,-4.89,-0.4,314.63,0.01,0.01,0.0,0.04,99695,1507,3,0.22,0.07,-0.03,0.03,49,6,-32,0,3.22,0.23,0.0089,0.0208,28.62,31.9,19.74
800.497,flow_only,80.8,52.1375597,21.1615558,92.53,52.137575,21.161539,25,0.52,1.47,255,0.0,0.1679,0.0565,-0.1091,2.908,7.943,-4.77,-0.91,315.23,0.01,0.01,0.02,0.04,99695,1507,3,0.22,0.07,-0.03,0.03,49,56,-171,0,3.2,0.2,0.0274,0.0574,29.97,27.62,20.0
800.597,flow_only,80.901,52.1375605,21.1615543,92.53,52.137575,21.161539,25,0.52,1.47,255,0.0,0.3356,0.0245,-0.0722,2.924,7.944,-4.69,-1.32,315.88,0.01,0.01,0.02,0.04,99695,1507,3,0.22,0.07,-0.03,0.03,49,0,-178,0,3.18,0.2,0.0204,0.0467,27.27,27.54,20.25
800.697,flow_only,81.001,52.1375613,21.161553,92.53,52.1375772,21.1615361,25,0.52,1.516,255,0.0,0.3357,0.0391,-0.043,2.924,7.941,-4.42,-1.5,316.44,0.01,0.01,0.04,0.05,99695,1507,3,0.22,0.07,-0.03,0.03,49,-3,-43,0,3.16,0.2,0.0105,0.0355,26.19,24.36,19.22
800.797,flow_only,81.101,52.1375621,21.1615517,92.52,52.1375772,21.1615361,25,0.52,1.516,255,0.0,0.3355,0.037,-0.0205,2.932,7.934,-4.27,-1.57,316.91,0.01,0.01,0.02,0.03,99695,1507,3,0.22,0.07,-0.03,0.03,49,-4,117,0,3.14,0.15,0.0138,0.0441,25.36,26.12,19.08
800.897,flow_only,81.2,52.1375629,21.1615505,92.51,52.1375793,21.1615333,25,0.52,1.464,255,0.0,0.5034,-0.0026,-0.0227,2.914,7.925,-4.24,-1.68,317.33,0.01,0.01,0.03,0.03,99695,1507,3,0.22,0.07,-0.03,0.03,49,27,-69,0,3.13,0.15,0.008,0.04,24.89,23.41,19.34
800.997,flow_only,81.301,52.1375638,21.1615492,92.5,52.1375793,21.1615333,25,0.52,1.464,255,0.0,0.6709,-0.0199,0.0039,2.906,7.915,-4.28,-1.77,317.66,0.01,0.01,0.04,0.06,99695,1507,3,0.22,0.07,-0.03,0.03,49,-150,82,0,3.11,0.1,0.0241,0.0634,27.18,25.44,17.44
801.097,flow_only,81.4,52.1375648,21.1615478,92.49,52.1375814,21.1615304,25,0.52,1.458,255,0.0,0.5034,0.0307,-0.0358,2.91,7.903,-4.28,-1.9,317.96,0.01,0.01,0.04,0.04,99695,1507,3,0.22,0.07,-0.03,0.03,49,36,-86,0,3.09,0.11,0.0279,0.0708,23.38,27.44,19.12
801.197,flow_only,81.501,52.1375658,21.1615465,92.48,52.1375814,21.1615304,25,0.52,1.458,255,0.0,0.3356,-0.0395,0.0531,2.918,7.897,-4.47,-1.67,318.18,0.01,0.01,0.02,0.05,99695,1507,3,0.22,0.07,-0.03,0.03,49,78,-179,0,3.1,0.12,0.0155,0.0333,23.6,26.6,17.35
801.297,flow_only,81.601,52.1375666,21.1615452,92.48,52.1375835,21.1615276,25,0.52,1.539,255,-0.1678,0.3357,-0.0318,0.0159,2.906,7.895,-4.59,-1.44,318.34,0.01,0.01,0.03,0.06,99695,1507,3,0.22,0.07,-0.03,0.03,49,47,-6,0,3.09,0.09,0.0094,0.0309,25.13,26.57,18.2
801.397,flow_only,81.701,52.1375676,21.1615437,92.48,52.1375835,21.1615276,25,0.52,1.539,255,0.0,0.3356,0.0416,-0.0325,2.938,7.893,-4.59,-1.48,318.41,0.01,0.01,0.02,0.05,99695,1507,3,0.22,0.07,-0.03,0.03,49,53,20,0,3.08,0.08,0.0239,0.0549,24.82,25.53,15.55
801.497,flow_only,81.801,52.1375686,21.1615422,92.48,52.1375858,21.1615247,25,0.52,1.579,255,0.0,0.5034,0.0176,0.0404,2.904,7.891,-4.48,-1.51,318.39,0.01,0.01,0.02,0.04,99695,1507,3,0.22,0.07,-0.03,0.03,49,-23,73,0,3.08,0.06,0.017,0.0431,25.11,23.35,20.6
801.597,flow_only,81.9,52.1375697,21.1615406,92.47,52.1375858,21.1615247,25,0.52,1.579,255,0.0,0.8388,0.016,0.0528,2.932,7.886,-4.37,-1.24,318.35,0.01,0.01,0.04,0.04,99695,1507,3,0.22,0.07,-0.03,0.03,49,14,-46,0,3.07,0.06,0.0325,0.0708,22.97,25.75,19.83
801.697,flow_only,82.0,52.1375708,21.161539,92.46,52.1375882,21.1615217,25,0.52,1.711,255,0.0,0.5032,-0.0221,0.03,2.964,7.879,-4.52,-1.06,318.32,0.01,0.01,0.04,0.04,99695,1507,3,0.22,0.07,-0.03,0.03,49,55,478,0,3.05,0.06,0.0514,0.1054,22.46,27.54,14.63
801.797,flow_only,82.101,52.1375719,21.1615372,92.46,52.1375906,21.1615186,25,0.52,1.628,255,0.0,0.5033,-0.0401,0.0752,2.962,7.87,-4.75,-0.69,318.23,0.01,0.01,0.03,0.04,99695,1507,3,0.22,0.06,-0.03,0.03,49,59,255,0,3.05,0.0,0.0577,0.1174,22.02,27.42,21.21
801.897,flow_only,82.2,52.1375731,21.1615354,92.45,52.1375906,21.1615186,25,0.52,1.628,255,-0.1678,0.8391,0.0077,0.1405,2.962,7.861,-4.81,-0.18,318.09,0.01,0.01,0.05,0.02,99695,1507,3,0.22,0.06,-0.03,0.03,49,36,-274,0,3.03,0.0,0.0158,0.051,25.57,27.75,17.15
801.997,flow_only,82.3,52.1375742,21.1615338,92.43,52.1375906,21.1615186,25,0.52,1.628,255,0.0,0.5033,0.0149,0.1208,2.934,7.849,-4.72,0.53,317.83,0.01,0.01,0.04,0.02,99695,1507,3,0.22,0.06,-0.03,0.03,49,10,-146,0,3.02,-0.01,0.012,0.0472,24.61,27.17,19.29
802.097,flow_only,82.401,52.1375753,21.1615322,92.42,52.1375931,21.1615156,25,0.52,1.685,255,0.0,0.6712,-0.0232,-0.0085,2.958,7.837,-4.76,0.86,317.58,0.01,0.01,0.05,0.03,99695,1507,3,0.22,0.07,-0.03,0.03,49,1,350,0,3.01,0.0,0.0343,0.0787,25.33,25.28,18.25
802.197,flow_only,82.501,52.1375765,21.1615308,92.41,52.1375931,21.1615156,25,0.52,1.685,255,0.0,0.6713,-0.0073,0.0391,2.966,7.827,-4.78,0.85,317.3,0.01,0.01,0.0,0.03,99695,1507,3,0.22,0.07,-0.03,0.03,49,42,-169,0,3.01,0.0,0.0128,0.0397,22.7,27.66,19.84
802.297,flow_only,82.601,52.1375774,21.1615295,92.41,52.1375955,21.1615126,25,0.52,1.613,255,-0.1678,0.3356,-0.066,-0.004,2.974,7.821,-5.1,1.14,316.86,0.01,0.01,0.01,0.04,99695,1507,3,0.22,0.07,-0.03,0.03,49,49,-67,0,3.01,-0.02,0.0144,0.0326,22.58,30.31,18.07
802.397,flow_only,82.701,52.1375785,21.1615282,92.4,52.1375955,21.1615126,25,0.52,1.613,255,-0.1678,0.3355,0.011,-0.0609,2.984,7.817,-5.1,0.9,316.56,0.01,0.01,0.01,0.03,99695,1507,3,0.22,0.07,-0.03,0.03,49,36,-135,0,3.02,-0.02,0.0161,0.037,25.97,23.93,21.16
802.497,flow_only,82.801,52.1375795,21.1615269,92.4,52.1375978,21.1615098,25,0.52,1.504,255,0.0,0.1678,0.0185,-0.0807,2.98,7.814,-5.13,0.37,316.41,0.01,0.01,0.03,0.03,99695,1507,3,0.22,0.07,-0.03,0.03,49,59,-224,0,3.01,-0.02,0.0067,0.023,30.79,23.76,21.24
802.597,flow_only,82.9,52.1375805,21.1615254,92.4,52.1375978,21.1615098,25,0.52,1.504,255,0.0,0.3357,0.0003,-0.0995,2.992,7.811,-5.08,-0.1,316.45,0.01,0.01,0.02,0.02,99695,1507,3,0.22,0.07,-0.03,0.03,49,24,-74,0,3.01,-0.04,0.0135,0.0289,30.66,26.21,20.55
802.697,flow_only,83.0,52.1375815,21.161524,92.39,52.1375999,21.1615072,25,0.52,1.45,255,0.0,0.3356,0.0401,-0.0751,2.98,7.808,-5.06,-0.59,316.75,0.01,0.01,0.0,0.02,99695,1507,3,0.22,0.07,-0.03,0.03,49,-125,139,0,3.02,-0.03,0.0227,0.042,27.85,29.04,19.57
802.797,flow_only,83.101,52.1375825,21.1615227,92.39,52.1375999,21.1615072,25,0.52,1.45,255,-0.1678,0.5033,0.0102,-0.0592,2.982,7.806,-4.98,-0.93,317.05,0.01,0.01,0.01,0.03,99695,1507,3,0.22,0.07,-0.03,0.03,49,1,98,0,3.02,-0.03,0.0201,0.038,23.28,31.15,16.5
802.897,flow_only,83.2,52.1375835,21.1615213,92.39,52.137602,21.1615046,25,0.52,1.451,255,0.0,0.6713,-0.0043,0.0065,2.988,7.805,-4.92,-0.93,317.41,0.01,0.01,0.0,0.04,99695,1507,3,0.22,0.06,-0.03,0.03,49,10,-127,0,3.03,-0.02,0.0083,0.0186,25.24,27.44,16.9
802.997,flow_only,83.301,52.1375844,21.16152,92.39,52.137602,21.1615046,25,0.52,1.451,255,-0.1678,0.3355,-0.0726,-0.0327,2.988,7.805,-5.21,-1.03,317.62,0.01,0.01,0.01,0.04,99695,1507,3,0.22,0.06,-0.03,0.03,49,30,-114,0,3.03,-0.02,0.0123,0.0241,25.51,27.71,17.41
803.097,flow_only,83.401,52.1375854,21.1615189,92.39,52.1376041,21.161502,25,0.52,1.427,255,0.0,0.3357,-0.0315,0.0805,3.006,7.804,-5.27,-0.71,317.73,0.01,0.01,0.03,0.03,99695,1507,3,0.22,0.08,-0.03,0.03,49,-132,217,0,3.02,-0.03,0.0187,0.0392,24.48,28.96,19.76
803.197,flow_only,83.501,52.1375864,21.1615177,92.38,52.1376041,21.161502,25,0.52,1.427,255,-0.1678,0.6714,-0.0025,-0.1226,3.016,7.799,-5.27,-1.06,317.79,0.01,0.01,0.03,0.02,99695,1507,3,0.22,0.08,-0.03,0.03,49,47,388,0,3.01,-0.05,0.0265,0.0503,26.82,28.17,21.45
803.297,flow_only,83.6,52.1375875,21.1615163,92.38,52.1376061,21.1614991,25,0.52,1.468,255,0.0,0.3355,-0.031,0.0519,3.02,7.796,-5.36,-1.17,317.78,0.01,0.01,0.0,0.01,99695,1507,3,0.22,0.09,-0.03,0.03,49,2,244,0,3.02,-0.06,0.0344,0.0614,23.98,26.92,17.74
803.397,flow_only,83.701,52.1375886,21.1615149,92.38,52.1376061,21.1614991,25,0.52,1.468,255,-0.1678,0.3355,-0.0078,0.0101,3.066,7.794,-5.54,-1.12,317.71,0.01,0.01,0.0,0.01,99695,1507,3,0.22,0.09,-0.03,0.03,49,53,-167,0,3.03,-0.06,0.0142,0.0322,23.47,28.55,16.66
803.497,flow_only,83.8,52.1375895,21.1615137,92.38,52.1376082,21.1614962,25,0.52,1.543,255,0.0,0.8388,-0.0437,0.0871,3.042,7.793,-5.62,-0.56,317.67,0.01,0.01,0.01,0.02,99695,1507,3,0.22,0.08,-0.03,0.03,49,-154,-261,0,3.03,-0.08,0.041,0.0819,21.48,27.6,17.43
803.597,flow_only,83.901,52.1375905,21.1615125,92.38,52.1376082,21.1614962,25,0.52,1.543,255,0.0,0.1678,0.0217,0.0072,3.054,7.792,-5.73,-0.59,317.44,0.01,0.01,0.01,0.02,99695,1507,3,0.22,0.08,-0.03,0.03,49,-135,34,0,3.03,-0.08,0.0217,0.0458,24.02,31.17,19.92
803.697,flow_only,84.0,52.1375916,21.1615111,92.38,52.1376103,21.1614932,25,0.52,1.541,255,0.0,0.1678,0.0129,-0.0808,3.08,7.793,-5.64,-0.78,317.16,0.01,0.01,0.02,0.02,99695,1507,3,0.22,0.07,-0.03,0.03,49,-22,340,0,3.05,-0.07,0.0297,0.0547,28.5,26.45,22.21
803.797,flow_only,84.101,52.1375927,21.1615097,92.38,52.1376103,21.1614932,25,0.52,1.541,255,0.0,0.6711,-0.0128,0.0429,3.044,7.799,-5.55,-0.85,316.83,0.01,0.01,0.03,0.01,99695,1507,3,0.22,0.07,-0.03,0.03,49,-24,93,0,3.07,-0.07,0.0205,0.0455,26.19,25.9,19.12
803.897,flow_only,84.201,52.1375936,21.1615082,92.39,52.1376125,21.1614903,25,0.52,1.537,255,0.0,0.3356,0.0106,0.0719,3.082,7.806,-5.58,-0.52,316.44,0.01,0.01,0.01,0.02,99695,1507,3,0.22,0.07,-0.03,0.03,49,-1,-195,0,3.08,-0.06,0.0163,0.0403,25.88,28.66,17.43
803.997,flow_only,84.301,52.1375944,21.1615068,92.4,52.1376125,21.1614903,25,0.52,1.537,255,0.1678,0.5033,-0.0128,0.0356,3.102,7.815,-5.61,-0.03,316.31,0.01,0.01,0.03,0.01,99695,1507,3,0.22,0.07,-0.03,0.03,49,-19,-227,0,3.1,-0.05,0.0318,0.0681,26.93,24.24,18.38
804.097,flow_only,84.4,52.1375953,21.1615054,92.41,52.1376146,21.1614872,25,0.52,1.449,255,0.0,0.5035,0.0393,-0.1175,3.092,7.826,-5.56,-0.53,316.41,0.01,0.01,0.03,0.01,99695,1507,3,0.22,0.07,-0.03,0.03,49,-7,-82,0,3.12,-0.04,0.0129,0.0464,27.38,30.5,18.24
804.197,flow_only,84.5,52.1375961,21.1615041,92.42,52.1376146,21.1614872,25,0.52,1.449,255,0.0,0.1678,0.0852,-0.0196,3.078,7.837,-5.01,-0.78,316.59,0.01,0.01,0.02,0.01,99695,1507,3,0.22,0.07,-0.03,0.03,49,36,-65,0,3.13,-0.03,0.024,0.0591,23.68,33.04,17.73
804.297,flow_only,84.6,52.1375969,21.1615026,92.43,52.1376165,21.1614841,25,0.52,1.484,255,0.0,0.3356,-0.0256,-0.0885,3.098,7.849,-4.84,-0.97,316.84,0.01,0.01,0.05,0.02,99695,1507,3,0.22,0.07,-0.03,0.03,49,103,390,0,3.15,-0.01,0.0192,0.0596,24.53,30.74,16.39
804.397,flow_only,84.7,52.1375977,21.161501,92.45,52.1376165,21.1614841,25,0.52,1.484,255,0.0,0.3356,0.0558,-0.0603,3.092,7.864,-4.87,-1.6,317.07,0.01,0.01,0.08,0.04,99695,1507,3,0.22,0.07,-0.03,0.03,49,-6,-153,0,3.18,0.01,0.0171,0.0688,25.71,30.38,17.34
804.497,flow_only,84.801,52.1375985,21.1614995,92.46,52.1376185,21.1614809,25,0.52,1.484,255,0.0,0.3356,0.0308,0.1105,3.078,7.879,-4.6,-1.3,317.22,0.01,0.01,0.02,0.05,99695,1507,3,0.22,0.07,-0.03,0.03,49,101,-165,0,3.19,0.02,0.0259,0.0694,26.69,28.03,17.43
804.597,flow_only,84.901,52.1375994,21.1614979,92.47,52.1376185,21.1614809,25,0.52,1.484,255,0.0,0.3357,0.0453,-0.0989,3.074,7.889,-4.11,-1.2,317.25,0.01,0.01,0.0,0.04,99695,1507,3,0.22,0.07,-0.03,0.03,49,-161,-172,0,3.18,0.02,0.0188,0.0496,25.95,26.01,18.75
804.697,flow_only,85.001,52.1376002,21.1614965,92.48,52.1376204,21.1614778,25,0.52,1.504,255,0.0,0.3356,0.0721,0.0235,3.052,7.894,-3.81,-1.57,317.27,0.01,0.01,0.01,0.04,99695,1507,3,0.22,0.07,-0.03,0.03,49,103,1,0,3.18,0.03,0.0077,0.032,25.11,30.31,19.93
804.797,flow_only,85.101,52.1376011,21.1614952,92.48,52.1376204,21.1614778,25,0.52,1.504,255,0.1678,0.8388,0.0035,0.0507,3.026,7.898,-3.62,-1.29,317.28,0.01,0.01,0.02,0.06,99695,1507,3,0.22,0.07,-0.03,0.03,49,-107,-156,0,3.18,0.05,0.0317,0.0692,28.27,31.08,21.56
804.897,flow_only,85.201,52.1376019,21.1614938,92.49,52.1376223,21.1614744,25,0.52,1.558,255,0.1678,0.3357,-0.0239,-0.0323,3.0,7.902,-3.52,-1.32,317.13,0.01,0.01,0.03,0.07,99695,1507,3,0.22,0.07,-0.03,0.03,49,-86,-183,0,3.19,0.07,0.024,0.0572,27.73,31.06,18.8
804.997,flow_only,85.301,52.1376029,21.1614924,92.49,52.1376223,21.1614744,25,0.52,1.558,255,-0.1678,0.5033,-0.0854,0.0115,2.998,7.908,-3.96,-1.25,316.95,0.01,0.01,0.03,0.05,99695,1507,3,0.22,0.07,-0.03,0.03,49,21,-138,0,3.19,0.08,0.0119,0.0391,23.8,28.82,17.55
805.097,flow_only,85.401,52.1376038,21.1614909,92.5,52.1376243,21.1614708,25,0.52,1.628,255,0.3355,0.6711,0.1677,-0.0495,2.982,7.916,-3.47,-1.38,316.89,0.01,0.01,0.04,0.06,99695,1507,3,0.22,0.07,-0.03,0.03,49,-35,13,0,3.2,0.12,0.0077,0.0368,25.83,34.62,18.17
805.197,flow_only,85.501,52.1376047,21.1614894,92.51,52.1376243,21.1614708,25,0.52,1.628,255,0.0,0.3355,-0.0936,-0.0266,2.988,7.925,-3.25,-1.54,316.84,0.01,0.01,0.04,0.06,99695,1507,3,0.22,0.07,-0.03,0.03,49,168,392,0,3.2,0.14,0.0262,0.0561,25.48,35.08,19.71
805.297,flow_only,85.601,52.1376057,21.1614876,92.52,52.1376263,21.1614673,25,0.52,1.617,255,0.0,0.1679,-0.0402,-0.0043,2.99,7.934,-3.64,-1.84,316.65,0.01,0.01,0.01,0.07,99695,1507,3,0.22,0.07,-0.03,0.03,49,39,-70,0,3.2,0.14,0.0201,0.0471,25.41,30.17,16.44
805.397,flow_only,85.701,52.1376066,21.1614858,92.53,52.1376263,21.1614673,25,0.52,1.617,255,0.0,1.0068,-0.0084,0.1217,3.002,7.942,-3.66,-1.29,316.46,0.01,0.01,0.03,0.07,99695,1507,3,0.22,0.07,-0.03,0.03,49,-42,-256,0,3.21,0.13,0.019,0.0439,24.48,28.74,20.05
805.497,flow_only,85.801,52.1376076,21.161484,92.54,52.1376285,21.1614637,25,0.52,1.699,255,0.0,0.671,0.067,0.127,3.012,7.951,-3.53,-0.63,316.24,0.01,0.01,0.01,0.05,99695,1507,3,0.22,0.07,-0.03,0.03,49,-10,366,0,3.2,0.11,0.0204,0.044,25.49,23.46,19.49
805.597,flow_only,85.901,52.1376087,21.1614823,92.54,52.1376285,21.1614637,25,0.52,1.699,255,0.0,0.5034,-0.0404,0.048,2.954,7.956,-3.45,-0.1,316.03,0.01,0.01,0.01,0.05,99695,1507,3,0.22,0.07,-0.03,0.03,49,-68,175,0,3.18,0.11,0.0193,0.0353,28.25,23.87,19.82
805.697,flow_only,86.001,52.1376099,21.1614803,92.54,52.1376308,21.1614601,25,0.52,1.757,255,0.0,0.6711,0.0004,0.2839,2.948,7.958,-3.38,0.96,315.87,0.01,0.01,0.0,0.06,99695,1507,3,0.22,0.07,-0.03,0.03,49,4,388,0,3.18,0.14,0.0461,0.0868,26.75,26.38,19.66
805.797,flow_only,86.101,52.1376111,21.1614786,92.54,52.1376308,21.1614601,25,0.52,1.757,255,0.0,0.6711,-0.0166,0.2778,2.922,7.958,-3.6,2.58,315.65,0.01,0.01,0.01,0.05,99695,1507,3,0.22,0.07,-0.03,0.03,49,46,-335,0,3.17,0.14,0.0114,0.0195,26.02,30.23,19.76
805.897,flow_only,86.2,52.1376121,21.1614771,92.54,52.1376331,21.1614564,25,0.52,1.78,255,0.0,0.5033,-0.0168,0.2881,2.956,7.958,-3.47,4.25,315.63,0.01,0.01,0.01,0.05,99695,1507,3,0.22,0.07,-0.03,0.03,49,-183,521,0,3.17,0.16,0.0276,0.0504,26.21,32.78,19.9
805.997,flow_only,86.301,52.1376133,21.1614755,92.55,52.1376331,21.1614564,25,0.52,1.78,255,0.0,0.3355,-0.0998,0.0889,3.03,7.962,-4.02,5.1,315.78,0.01,0.01,0.02,0.05,99695,1507,3,0.22,0.07,-0.03,0.03,49,-58,-16,0,3.17,0.18,0.0128,0.0245,25.19,34.87,18.41
806.097,flow_only,86.4,52.1376143,21.1614741,92.55,52.1376355,21.1614529,25,0.52,1.706,255,0.0,1.1748,-0.0156,0.2021,3.057,7.966,-4.24,5.97,315.89,0.01,0.01,0.0,0.06,99695,1507,3,0.22,0.07,-0.03,0.03,49,57,-160,0,3.16,0.09,0.0296,0.0513,30.78,32.06,22.46
806.197,flow_only,86.501,52.1376151,21.161473,92.55,52.1376379,21.1614498,25,0.52,1.593,255,0.0,0.5033,0.0021,0.2121,3.024,7.968,-4.08,7.18,315.94,0.01,0.01,0.0,0.04,99695,1507,3,0.22,0.07,-0.03,0.03,49,19,-191,0,3.16,0.08,0.0336,0.0622,26.95,27.31,24.12
806.297,flow_only,86.6,52.1376158,21.161472,92.56,52.1376379,21.1614498,25,0.52,1.593,255,0.0,0.5032,-0.0552,0.0469,3.02,7.973,-4.4,8.04,316.16,0.01,0.01,0.05,0.03,99695,1507,3,0.22,0.07,-0.03,0.03,49,56,523,0,3.18,0.08,0.009,0.0225,28.11,29.02,21.32
806.397,flow_only,86.7,52.1376166,21.1614709,92.57,52.1376379,21.1614498,25,0.52,1.593,255,0.0,0.3355,0.0191,-0.0,3.008,7.983,-4.5,7.95,316.27,0.01,0.01,0.01,0.05,99695,1507,3,0.22,0.07,-0.03,0.03,49,70,-63,0,3.18,0.13,0.0096,0.0225,28.82,25.35,20.13
806.497,flow_only,86.8,52.1376173,21.1614699,92.58,52.1376398,21.1614468,25,0.52,1.267,255,-0.1677,0.3355,-0.0271,0.1551,2.994,7.991,-4.67,8.61,316.07,0.01,0.01,0.03,0.03,99695,1507,3,0.22,0.07,-0.03,0.03,49,-135,40,0,3.2,0.13,0.0061,0.0162,29.66,28.65,22.68
806.597,flow_only,86.901,52.137618,21.1614692,92.59,52.1376398,21.1614468,25,0.52,1.267,255,0.0,0.3357,-0.0329,0.1288,3.01,8.002,-4.75,9.28,315.65,0.01,0.01,0.05,0.02,99695,1507,3,0.22,0.07,-0.03,0.03,49,9,-121,0,3.21,0.18,0.0225,0.0487,27.62,31.74,23.48
806.697,flow_only,87.0,52.1376185,21.1614687,92.59,52.1376415,21.1614442,25,0.52,1.107,255,-0.1678,0.5034,-0.074,0.0139,2.988,8.01,-5.2,9.64,315.18,0.01,0.01,0.01,0.03,99695,1507,3,0.22,0.07,-0.03,0.03,49,100,-56,0,3.2,0.18,0.0225,0.0432,28.93,30.06,23.6
806.797,flow_only,87.1,52.1376189,21.1614681,92.6,52.1376415,21.1614442,25,0.52,1.107,255,-0.1678,0.3356,-0.0329,0.0119,2.97,8.013,-5.56,9.63,314.76,0.01,0.01,0.0,0.01,99695,1507,3,0.22,0.07,-0.03,0.03,49,94,-84,0,3.19,0.2,0.0072,0.0169,31.65,34.06,24.25
806.897,flow_only,87.201,52.1376194,21.1614676,92.59,52.137643,21.1614422,25,0.52,0.915,255,0.0,0.1678,0.002,-0.0209,2.972,8.009,-5.79,9.51,314.35,0.01,0.01,0.07,0.01,99695,1507,3,0.22,0.08,-0.03,0.03,49,77,-42,0,3.15,0.18,0.0081,0.03,32.78,37.66,26.26
806.997,flow_only,87.301,52.1376196,21.1614672,92.58,52.137643,21.1614422,25,0.52,0.915,255,-0.1677,0.0,-0.038,-0.0894,2.96,7.999,-5.88,9.2,313.97,0.01,0.01,0.04,0.01,99695,1507,3,0.22,0.08,-0.03,0.03,49,4,-13,0,3.13,0.16,0.0096,0.0408,35.54,33.21,27.92
807.097,flow_only,87.401,52.1376199,21.1614668,92.57,52.1376441,21.1614406,25,0.52,0.637,255,0.0,0.0,-0.048,-0.0944,2.958,7.987,-6.13,8.55,313.64,0.01,0.01,0.03,0.01,99695,1507,3,0.22,0.07,-0.03,0.03,49,56,-51,0,3.11,0.15,0.0131,0.0472,34.09,30.57,27.04
807.197,flow_only,87.501,52.13762,21.1614665,92.56,52.1376449,21.1614395,25,0.52,0.349,255,-0.1677,0.0,0.0246,-0.1657,2.952,7.975,-6.28,7.83,313.51,0.01,0.01,0.04,0.01,99695,1507,3,0.22,0.08,-0.03,0.03,49,70,135,0,3.09,0.11,0.0215,0.062,34.05,35.78,26.3
807.297,flow_only,87.601,52.1376202,21.1614661,92.55,52.1376449,21.1614395,25,0.52,0.349,255,0.0,0.0,0.0311,-0.0815,2.942,7.96,-6.1,7.11,313.46,0.01,0.01,0.08,0.0,99695,1507,3,0.22,0.08,-0.03,0.03,49,-3,74,0,3.06,0.11,0.0337,0.0901,35.7,36.17,28.4
807.397,flow_only,87.701,52.1376203,21.1614657,92.52,52.1376449,21.1614395,25,0.52,0.349,255,0.0,-0.1678,0.0743,-0.0998,2.936,7.938,-5.87,6.55,313.46,0.01,0.01,0.11,0.0,99695,1507,3,0.22,0.08,-0.03,0.03,49,0,5,0,3.01,0.03,0.0293,0.0983,33.2,35.71,21.9
807.497,flow_only,87.8,52.1376204,21.1614655,92.49,52.1376454,21.161439,25,0.52,0.283,255,0.0,0.0,0.0081,-0.049,2.928,7.908,-5.66,6.21,313.49,0.01,0.01,0.12,0.01,99695,1507,3,0.21,0.08,-0.03,0.03,49,121,22,0,2.96,-0.01,0.0319,0.1138,34.64,35.55,27.13
807.597,flow_only,87.901,52.1376205,21.1614652,92.46,52.1376454,21.161439,25,0.52,0.283,255,0.0,-0.1678,0.0238,-0.0729,2.934,7.872,-5.62,5.8,313.38,0.01,0.01,0.11,0.0,99695,1507,3,0.21,0.08,-0.03,0.03,49,3,36,0,2.92,-0.05,0.0297,0.1183,37.05,35.13,31.37
807.697,flow_only,88.0,52.1376205,21.161465,92.42,52.1376458,21.1614386,25,0.52,0.128,255,0.0,0.0,0.0415,-0.0646,2.934,7.836,-5.34,5.49,313.06,0.01,0.01,0.09,0.01,99695,1507,3,0.21,0.08,-0.03,0.03,49,125,16,0,2.88,-0.05,0.0325,0.1191,33.05,33.19,27.31
807.797,flow_only,88.101,52.1376206,21.1614648,92.39,52.1376458,21.1614386,25,0.52,0.128,255,0.0,0.0,0.0183,-0.0383,2.94,7.802,-5.25,5.05,312.6,0.01,0.01,0.08,0.02,99695,1507,3,0.21,0.08,-0.03,0.03,49,-51,-89,0,2.86,-0.12,0.022,0.1022,33.88,35.48,24.18
807.897,flow_only,88.2,52.1376206,21.1614648,92.35,52.137646,21.1614385,25,0.52,0.089,255,-0.1678,0.0,0.0329,-0.0993,2.948,7.768,-5.18,4.49,312.0,0.01,0.01,0.1,0.03,99695,1507,3,0.21,0.08,-0.03,0.03,49,-28,-45,0,2.83,-0.12,0.0209,0.1004,34.83,38.09,25.75
807.997,flow_only,88.301,52.1376206,21.1614649,92.32,52.137646,21.1614385,25,0.52,0.089,255,0.1678,-0.1678,0.0227,-0.0575,2.964,7.735,-5.12,4.01,311.39,0.01,0.01,0.11,0.02,99695,1507,3,0.21,0.08,-0.03,0.03,49,-13,-75,0,2.79,-0.21,0.0306,0.113,33.99,31.07,29.26
808.097,flow_only,88.401,52.1376207,21.1614651,92.28,52.1376463,21.1614385,25,0.52,0.105,255,-0.1678,0.0,-0.0418,-0.0515,2.97,7.7,-5.26,3.66,310.72,0.01,0.01,0.1,0.0,99695,1507,3,0.21,0.09,-0.03,0.03,49,-19,-78,0,2.76,-0.24,0.0254,0.1078,33.31,34.16,26.65
808.197,flow_only,88.501,52.1376208,21.1614653,92.25,52.1376464,21.1614386,25,0.52,0.12,255,0.0,-0.1678,-0.0272,-0.0728,2.978,7.665,-5.6,3.19,309.98,0.01,0.01,0.1,0.12,99695,1507,3,0.21,0.1,-0.03,0.03,49,-110,95,0,2.74,-0.28,0.0294,0.1063,35.84,31.62,26.89
808.297,flow_only,88.601,52.1376209,21.1614656,92.22,52.1376464,21.1614386,25,0.52,0.12,255,0.0,0.0,-0.0443,0.0294,2.998,7.631,-5.72,3.1,309.31,0.01,0.01,0.09,0.1,99695,1507,3,0.21,0.1,-0.03,0.03,49,16,-81,0,2.72,-0.32,0.0233,0.0956,33.88,34.87,28.9
808.397,flow_only,88.701,52.1376209,21.1614659,92.18,52.1376464,21.1614386,25,0.52,0.12,255,-0.1678,0.1678,-0.0802,-0.0439,3.02,7.597,-6.24,2.98,308.7,0.01,0.01,0.09,0.12,99695,1507,3,0.21,0.1,-0.03,0.03,49,87,-134,0,2.7,-0.36,0.0178,0.0852,30.34,32.66,22.91
808.497,flow_only,88.8,52.1376208,21.1614661,92.15,52.1376464,21.1614388,25,0.52,0.135,255,0.0,0.0,-0.0002,0.0033,3.034,7.567,-6.33,2.79,308.25,0.01,0.01,0.05,0.14,99695,1507,3,0.21,0.11,-0.03,0.03,49,42,115,0,2.7,-0.38,0.0153,0.069,33.85,33.97,27.96
808.597,flow_only,88.9,52.1376208,21.1614661,92.13,52.1376464,21.1614388,25,0.52,0.135,255,-0.3355,0.0,-0.0133,-0.0532,3.05,7.54,-6.54,2.58,307.87,0.01,0.01,0.06,0.11,99695,1507,3,0.21,0.11,-0.03,0.03,49,41,59,0,2.69,-0.4,0.0183,0.0638,33.58,33.79,22.83
808.697,flow_only,89.001,52.1376208,21.161466,92.1,52.1376464,21.1614389,25,0.52,0.113,255,0.0,0.0,0.0484,0.0635,3.074,7.516,-6.29,2.58,307.57,0.01,0.01,0.07,0.01,99695,1507,3,0.21,0.11,-0.03,0.03,49,105,-95,0,2.68,-0.43,0.0193,0.0609,34.89,35.06,28.09
808.797,flow_only,89.101,52.1376207,21.161466,92.08,52.1376464,21.1614389,25,0.52,0.113,255,0.0,0.0,0.0248,0.0047,3.092,7.493,-6.07,2.76,307.34,0.01,0.01,0.06,0.02,99695,1507,3,0.21,0.11,-0.03,0.03,49,-69,8,0,2.67,-0.46,0.0096,0.044,32.04,34.78,23.59
808.897,flow_only,89.201,52.1376206,21.161466,92.05,52.1376463,21.161439,25,0.52,0.106,255,0.0,0.0,0.0144,0.0103,3.112,7.47,-5.83,2.86,307.25,0.01,0.01,0.06,0.04,99695,1507,3,0.21,0.11,-0.03,0.03,49,111,42,0,2.67,-0.48,0.0139,0.0442,34.98,35.97,27.14
808.997,flow_only,89.301,52.1376205,21.161466,92.03,52.1376463,21.161439,25,0.52,0.106,255,0.0,-0.1678,0.0177,-0.0312,3.125,7.446,-5.76,2.68,307.19,0.01,0.01,0.09,0.02,99695,1507,3,0.21,0.11,-0.03,0.03,49,-17,44,0,2.66,-0.52,0.0129,0.0472,34.36,33.17,25.85
809.097,flow_only,89.401,52.1376204,21.1614661,92.0,52.1376462,21.1614391,25,0.52,0.134,255,0.0,0.0,0.0055,0.043,3.144,7.418,-5.69,2.83,307.13,0.01,0.01,0.07,0.03,99695,1507,3,0.21,0.1,-0.03,0.03,49,132,-122,0,2.65,-0.54,0.0161,0.0436,30.97,33.51,23.96
809.197,flow_only,89.501,52.1376203,21.1614662,91.98,52.1376462,21.1614391,25,0.52,0.134,255,0.1677,-0.1677,0.0403,-0.0434,3.16,7.392,-5.56,2.67,307.07,0.01,0.01,0.04,0.04,99695,1507,3,0.21,0.1,-0.03,0.03,49,-25,56,0,2.65,-0.56,0.0062,0.027,34.85,35.5,25.87
809.297,flow_only,89.6,52.1376203,21.1614662,91.95,52.1376461,21.1614392,25,0.52,0.135,255,0.0,0.0,-0.0339,-0.0411,3.172,7.363,-5.74,2.45,306.91,0.01,0.01,0.09,0.03,99695,1507,3,0.21,0.09,-0.03,0.03,49,-5,88,0,2.63,-0.58,0.0139,0.0403,31.87,31.3,21.95
809.397,flow_only,89.701,52.1376202,21.1614662,91.92,52.1376461,21.1614392,25,0.52,0.135,255,0.0,0.0,0.0012,0.053,3.19,7.333,-5.78,2.57,306.74,0.01,0.01,0.06,0.04,99695,1507,3,0.21,0.09,-0.03,0.03,49,-30,-131,0,2.62,-0.62,0.0073,0.0312,33.08,36.86,25.58
809.497,flow_only,89.8,52.1376202,21.1614662,91.89,52.137646,21.1614393,25,0.52,0.124,255,0.0,0.0,0.0082,-0.028,3.218,7.306,-5.76,2.59,306.55,0.01,0.01,0.05,0.05,99695,1507,3,0.21,0.1,-0.03,0.03,49,-17,19,0,2.61,-0.63,0.0151,0.0333,30.6,33.43,22.27
809.597,flow_only,89.901,52.1376202,21.1614662,91.86,52.137646,21.1614393,25,0.52,0.124,255,0.0,0.0,0.0067,0.0995,3.214,7.279,-5.62,2.81,306.41,0.01,0.01,0.05,0.03,99695,1507,3,0.21,0.1,-0.03,0.03,49,-71,-157,0,2.6,-0.64,0.0126,0.0301,34.84,32.61,27.94
809.697,flow_only,90.001,52.1376202,21.1614663,91.84,52.1376459,21.1614395,25,0.52,0.125,255,0.0,0.1678,0.0525,0.0071,3.232,7.251,-5.53,3.12,306.22,0.01,0.01,0.05,0.05,99695,1507,3,0.21,0.1,-0.03,0.03,49,-42,-38,0,2.59,-0.69,0.0163,0.0376,35.08,35.89,28.74
809.797,flow_only,90.101,52.1376202,21.1614665,91.81,52.1376459,21.1614395,25,0.52,0.125,255,0.0,0.0,-0.0404,-0.01,3.246,7.223,-5.44,2.96,306.02,0.01,0.01,0.04,0.04,99695,1507,3,0.21,0.1,-0.03,0.03,49,-42,48,0,2.59,-0.71,0.0121,0.0289,32.15,29.55,25.62
809.897,flow_only,90.201,52.1376201,21.1614666,91.78,52.1376459,21.1614396,25,0.52,0.107,255,0.0,-0.1678,-0.0705,-0.1018,3.258,7.195,-5.9,2.58,305.85,0.01,0.01,0.06,0.03,99695,1507,3,0.21,0.1,-0.03,0.03,49,28,65,0,2.57,-0.73,0.0068,0.0132,30.67,35.98,23.39
809.997,flow_only,90.301,52.13762,21.1614666,91.75,52.1376459,21.1614396,25,0.52,0.107,255,0.0,-0.3355,0.0212,-0.0297,3.266,7.169,-5.77,2.03,305.53,0.01,0.01,0.01,0.03,99695,1507,3,0.21,0.1,-0.03,0.03,49,4,15,0,2.57,-0.72,0.0082,0.0143,32.0,32.61,25.55
810.097,flow_only,90.4,52.13762,21.1614665,91.73,52.1376458,21.1614398,25,0.52,0.118,255,0.0,0.0,0.0032,0.0309,3.274,7.15,-5.92,2.1,305.12,0.01,0.01,0.01,0.05,99695,1507,3,0.21,0.08,-0.03,0.03,49,-10,13,0,2.59,-0.74,0.0122,0.0327,33.15,33.74,20.07
810.197,flow_only,90.501,52.13762,21.1614665,91.72,52.1376458,21.1614398,25,0.52,0.118,255,0.1678,-0.1678,0.0706,0.0545,3.286,7.136,-5.63,2.25,304.81,0.01,0.01,0.0,0.05,99695,1507,3,0.21,0.08,-0.03,0.03,49,-75,0,0,2.62,-0.73,0.0111,0.0425,38.15,36.36,28.24
810.297,flow_only,90.6,52.1376199,21.1614665,91.71,52.1376457,21.1614399,25,0.52,0.106,255,0.0,0.1678,0.0545,0.0543,3.294,7.125,-5.28,2.64,304.62,0.01,0.01,0.0,0.04,99695,1507,3,0.21,0.09,-0.03,0.03,49,-103,105,0,2.62,-0.72,0.011,0.0449,37.8,38.62,31.75
810.397,flow_only,90.7,52.1376199,21.1614666,91.7,52.1376457,21.1614399,25,0.52,0.106,255,0.0,0.0,-0.0118,0.0585,3.31,7.112,-5.14,2.94,304.48,0.01,0.01,0.01,0.05,99695,1507,3,0.21,0.09,-0.03,0.03,49,122,-37,0,2.63,-0.74,0.0103,0.0425,33.54,35.12,28.24
810.497,flow_only,90.801,52.1376199,21.1614667,91.68,52.1376457,21.16144,25,0.52,0.111,255,0.1678,0.0,-0.0008,-0.0482,3.31,7.094,-5.23,2.88,304.29,0.01,0.01,0.03,0.05,99695,1507,3,0.21,0.1,-0.03,0.03,49,-14,-19,0,2.62,-0.75,0.0094,0.0363,35.9,35.02,27.31
810.597,flow_only,90.901,52.1376198,21.1614667,91.66,52.1376457,21.16144,25,0.52,0.111,255,0.0,0.0,-0.0186,0.009,3.316,7.075,-5.26,2.72,304.07,0.01,0.01,0.01,0.05,99695,1507,3,0.21,0.1,-0.03,0.03,49,-43,80,0,2.62,-0.75,0.0074,0.0343,33.53,32.4,26.51
810.697,flow_only,91.001,52.1376198,21.1614668,91.64,52.1376456,21.1614401,25,0.52,0.176,255,0.0,0.0,0.015,-0.0244,3.31,7.055,-5.39,2.64,303.85,0.01,0.01,0.0,0.04,99695,1507,3,0.21,0.08,-0.03,0.03,49,0,36,0,2.61,-0.75,0.0077,0.0369,29.95,35.39,24.97
810.797,flow_only,91.1,52.1376198,21.1614668,91.62,52.1376456,21.1614401,25,0.52,0.176,255,0.1678,-0.1678,0.0193,-0.0044,3.298,7.037,-5.26,2.52,303.77,0.01,0.01,0.02,0.05,99695,1507,3,0.21,0.08,-0.03,0.03,49,-23,66,0,2.62,-0.75,0.0104,0.0472,33.59,33.15,25.65
810.897,flow_only,91.201,52.1376198,21.161467,91.6,52.1376454,21.1614403,25,0.52,0.182,255,0.0,0.0,-0.0431,-0.0405,3.298,7.019,-5.47,2.42,303.69,0.01,0.01,0.01,0.07,99695,1507,3,0.21,0.07,-0.03,0.03,49,-3,14,0,2.61,-0.74,0.0105,0.0446,32.6,29.41,24.19
810.997,flow_only,91.301,52.1376197,21.161467,91.58,52.1376454,21.1614403,25,0.52,0.182,255,-0.1678,0.0,-0.015,0.0438,3.29,6.999,-5.67,2.41,303.58,0.01,0.01,0.01,0.03,99695,1507,3,0.21,0.07,-0.03,0.03,49,26,44,0,2.59,-0.77,0.0075,0.0372,31.76,32.02,24.14
811.097,flow_only,91.401,52.1376197,21.161467,91.57,52.1376452,21.1614405,25,0.52,0.126,255,-0.1678,0.0,-0.1004,-0.0003,3.288,6.982,-6.08,2.66,303.52,0.01,0.01,0.04,0.06,99695,1507,3,0.21,0.07,-0.03,0.03,49,65,-58,0,2.61,-0.74,0.0128,0.0556,30.97,36.61,27.85
811.197,flow_only,91.501,52.1376196,21.1614671,91.55,52.1376452,21.1614405,25,0.52,0.126,255,0.0,0.0,0.0587,-0.0199,3.274,6.968,-6.08,2.49,303.41,0.01,0.01,0.01,0.05,99695,1507,3,0.21,0.07,-0.03,0.03,49,-193,-113,0,2.6,-0.74,0.0165,0.0603,30.1,38.05,26.05
811.297,flow_only,91.601,52.1376196,21.1614672,91.54,52.1376451,21.1614407,25,0.52,0.161,255,0.1678,0.0,0.0596,-0.0154,3.28,6.95,-5.77,2.56,303.3,0.01,0.01,0.02,0.05,99695,1507,3,0.21,0.06,-0.03,0.03,49,92,3,0,2.59,-0.75,0.0094,0.0421,29.48,32.12,23.88
811.397,flow_only,91.701,52.1376196,21.1614673,91.51,52.1376451,21.1614407,25,0.52,0.161,255,0.0,-0.1678,0.0425,-0.0437,3.272,6.928,-5.43,2.32,303.07,0.01,0.01,0.03,0.04,99695,1507,3,0.21,0.06,-0.03,0.03,49,-103,54,0,2.56,-0.75,0.0054,0.0255,31.25,27.13,26.56
811.497,flow_only,91.801,52.1376196,21.1614672,91.49,52.137645,21.1614409,25,0.52,0.117,255,0.0,0.0,0.0142,0.0104,3.274,6.903,-5.34,2.2,302.72,0.01,0.01,0.02,0.05,99695,1507,3,0.2,0.06,-0.03,0.03,49,103,66,0,2.55,-0.79,0.0093,0.0254,32.43,26.93,26.05
811.597,flow_only,91.901,52.1376195,21.1614673,91.46,52.1376449,21.1614411,25,0.52,0.137,255,0.1678,0.0,0.0185,-0.0185,3.286,6.878,-5.29,2.09,302.24,0.01,0.01,0.01,0.04,99695,1507,3,0.2,0.06,-0.03,0.03,49,-51,10,0,2.52,-0.79,0.0054,0.0216,31.74,26.01,22.47
811.697,flow_only,92.001,52.1376195,21.1614674,91.44,52.1376449,21.1614411,25,0.52,0.137,255,0.0,0.0,-0.0273,0.0311,3.276,6.854,-5.34,2.06,301.85,0.01,0.01,0.0,0.05,99695,1507,3,0.2,0.06,-0.03,0.03,49,128,32,0,2.51,-0.82,0.012,0.0289,32.1,27.51,23.7
811.797,flow_only,92.101,52.1376195,21.1614676,91.42,52.1376449,21.1614411,25,0.52,0.137,255,0.0,0.0,-0.0279,-0.0396,3.276,6.831,-5.47,2.06,301.44,0.01,0.01,0.01,0.05,99695,1507,3,0.2,0.06,-0.03,0.03,49,1,-193,0,2.51,-0.84,0.0212,0.0426,33.2,33.44,27.98
811.897,flow_only,92.201,52.1376195,21.1614678,91.39,52.1376447,21.1614414,25,0.52,0.163,255,0.0,0.0,-0.0199,0.0066,3.276,6.809,-5.39,1.86,301.08,0.01,0.01,0.01,0.06,99695,1507,3,0.2,0.06,-0.03,0.03,49,-17,-71,0,2.52,-0.83,0.0182,0.0431,32.24,36.98,24.49
811.997,flow_only,92.3,52.1376194,21.161468,91.38,52.1376447,21.1614414,25,0.52,0.163,255,0.0,-0.1678,-0.0852,-0.0412,3.282,6.792,-5.83,1.75,300.81,0.01,0.01,0.02,0.03,99695,1507,3,0.2,0.06,-0.03,0.03,49,61,0,0,2.51,-0.83,0.0118,0.0425,34.54,33.78,28.08
812.097,flow_only,92.401,52.1376194,21.161468,91.36,52.1376446,21.1614417,25,0.52,0.12,255,0.0,-0.1678,-0.0019,0.0043,3.264,6.778,-5.88,1.64,300.52,0.01,0.01,0.0,0.05,99695,1507,3,0.2,0.06,-0.03,0.03,49,-21,50,0,2.52,-0.83,0.0077,0.035,33.94,38.59,27.51
812.197,flow_only,92.501,52.1376194,21.161468,91.35,52.1376446,21.1614417,25,0.52,0.12,255,0.0,0.0,-0.0391,-0.0318,3.276,6.766,-6.05,1.57,300.38,0.01,0.01,0.02,0.04,99695,1507,3,0.2,0.06,-0.03,0.03,49,-167,-16,0,2.51,-0.83,0.008,0.0432,37.17,35.32,27.12
812.297,flow_only,92.601,52.1376194,21.1614679,91.34,52.1376446,21.1614419,25,0.52,0.074,255,0.0,0.0,0.0071,0.0664,3.276,6.758,-6.06,1.54,300.24,0.01,0.01,0.03,0.04,99695,1507,3,0.2,0.06,-0.03,0.03,49,-30,-152,0,2.53,-0.82,0.0148,0.0553,33.92,37.61,28.11
812.397,flow_only,92.701,52.1376194,21.161468,91.34,52.1376446,21.1614419,25,0.52,0.074,255,0.0,0.1678,0.0158,0.0507,3.276,6.754,-5.99,2.0,300.09,0.01,0.01,0.04,0.05,99695,1507,3,0.2,0.06,-0.03,0.03,49,-23,-92,0,2.54,-0.79,0.0234,0.0698,35.9,36.2,26.6
812.497,flow_only,92.8,52.1376193,21.1614681,91.34,52.1376445,21.1614421,25,0.52,0.094,255,0.0,0.0,0.0096,-0.0316,3.276,6.756,-5.92,1.97,299.9,0.01,0.01,0.06,0.04,99695,1507,3,0.2,0.06,-0.03,0.03,49,-7,3,0,2.58,-0.76,0.0151,0.0741,33.61,36.47,26.06
812.597,flow_only,92.901,52.1376193,21.1614681,91.35,52.1376444,21.1614422,25,0.52,0.066,255,0.1678,0.0,-0.0067,0.0058,3.274,6.763,-5.9,1.92,299.76,0.01,0.01,0.06,0.03,99695,1507,3,0.2,0.07,-0.03,0.03,49,-14,21,0,2.59,-0.76,0.0151,0.0793,33.09,36.53,24.91
812.697,flow_only,93.001,52.1376193,21.1614682,91.36,52.1376444,21.1614422,25,0.52,0.066,255,0.0,0.0,0.0235,-0.0117,3.272,6.774,-5.88,1.84,299.63,0.01,0.01,0.09,0.03,99695,1507,3,0.2,0.07,-0.03,0.03,49,-16,-6,0,2.64,-0.7,0.0211,0.0958,31.84,33.36,25.25
812.797,flow_only,93.101,52.1376192,21.1614682,91.37,52.1376444,21.1614422,25,0.52,0.066,255,0.0,0.0,0.0078,0.0243,3.274,6.787,-5.83,1.99,299.58,0.01,0.01,0.06,0.05,99695,1507,3,0.2,0.07,-0.03,0.03,49,147,-186,0,2.67,-0.67,0.0263,0.0962,30.71,35.13,23.17
812.897,flow_only,93.2,52.1376192,21.1614683,91.38,52.1376443,21.1614421,25,0.52,0.104,255,0.0,0.0,0.0029,-0.0692,3.264,6.799,-5.84,1.81,299.54,0.01,0.01,0.06,0.03,99695,1507,3,0.2,0.08,-0.03,0.03,49,-16,6,0,2.69,-0.65,0.0211,0.09,30.62,32.51,24.02
812.997,flow_only,93.301,52.137619,21.1614683,91.39,52.1376443,21.1614421,25,0.52,0.104,255,0.1678,-0.1678,0.0122,-0.0029,3.254,6.809,-5.67,1.54,299.53,0.01,0.01,0.06,0.05,99695,1507,3,0.2,0.08,-0.03,0.03,49,-62,75,0,2.71,-0.62,0.0177,0.0844,31.03,31.05,24.16
813.097,flow_only,93.401,52.137619,21.1614682,91.4,52.1376441,21.1614421,25,0.52,0.099,255,0.0,-0.1678,0.0355,-0.0164,3.256,6.817,-5.65,1.47,299.42,0.01,0.01,0.03,0.03,99695,1507,3,0.2,0.07,-0.03,0.03,49,-40,-5,0,2.72,-0.61,0.0134,0.0702,28.48,35.55,23.6
813.197,flow_only,93.501,52.1376189,21.1614681,91.41,52.1376441,21.1614421,25,0.52,0.099,255,0.1677,0.0,0.047,0.0496,3.248,6.822,-5.34,1.53,299.31,0.01,0.01,0.04,0.04,99695,1507,3,0.2,0.07,-0.03,0.03,49,-93,-24,0,2.72,-0.59,0.0122,0.064,28.88,35.61,23.57
813.297,flow_only,93.601,52.1376188,21.161468,91.41,52.137644,21.1614421,25,0.52,0.047,255,0.0,0.1678,-0.0012,0.0445,3.232,6.829,-5.24,1.92,299.21,0.01,0.01,0.09,0.04,99695,1507,3,0.2,0.1,-0.03,0.03,49,93,-87,0,2.75,-0.6,0.0174,0.0764,32.17,32.02,25.66
813.397,flow_only,93.701,52.1376188,21.1614679,91.42,52.137644,21.1614421,25,0.52,0.047,255,0.0,0.0,0.0668,0.0117,3.224,6.837,-5.01,1.86,299.1,0.01,0.01,0.05,0.05,99695,1507,3,0.2,0.1,-0.03,0.03,49,-32,-17,0,2.76,-0.55,0.0134,0.0685,29.97,28.82,25.44
813.497,flow_only,93.8,52.1376187,21.1614679,91.43,52.137644,21.161442,25,0.52,0.086,255,0.0,0.0,0.0144,0.0483,3.204,6.848,-4.71,2.12,299.05,0.01,0.01,0.09,0.06,99695,1507,3,0.2,0.08,-0.03,0.03,49,-115,-60,0,2.79,-0.53,0.0185,0.0778,28.65,34.2,24.25
813.597,flow_only,93.901,52.1376188,21.1614679,91.44,52.1376438,21.1614418,25,0.52,0.099,255,0.0,0.0,-0.0255,-0.0427,3.202,6.86,-4.83,1.95,298.99,0.01,0.01,0.07,0.06,99695,1507,3,0.2,0.09,-0.03,0.03,49,-13,5,0,2.81,-0.47,0.0179,0.0747,28.57,33.17,23.25
813.697,flow_only,94.0,52.1376188,21.1614678,91.46,52.1376438,21.1614418,25,0.52,0.099,255,0.0,0.0,-0.0388,0.0289,3.186,6.877,-4.93,1.98,298.98,0.01,0.01,0.12,0.06,99695,1507,3,0.2,0.09,-0.03,0.03,49,-8,-9,0,2.84,-0.47,0.0191,0.0906,31.59,31.02,24.3
813.797,flow_only,94.101,52.1376188,21.1614678,91.48,52.1376437,21.1614418,25,0.52,0.05,255,0.0,-0.1677,-0.0296,-0.0527,3.17,6.894,-5.13,1.86,298.89,0.01,0.01,0.04,0.06,99695,1507,3,0.2,0.12,-0.03,0.03,49,10,-3,0,2.85,-0.4,0.0141,0.0725,31.05,28.21,24.45
813.897,flow_only,94.201,52.1376188,21.1614678,91.49,52.1376437,21.1614418,25,0.52,0.05,255,0.0,0.0,-0.0104,0.003,3.162,6.909,-5.17,1.67,298.81,0.01,0.01,0.07,0.06,99695,1507,3,0.2,0.12,-0.03,0.03,49,-15,44,0,2.87,-0.39,0.0138,0.069,29.64,24.72,22.96
813.997,flow_only,94.301,52.1376187,21.1614679,91.51,52.1376437,21.1614418,25,0.52,0.05,255,0.0,0.0,-0.0548,-0.0279,3.146,6.921,-5.33,1.67,298.7,0.01,0.01,0.04,0.05,99695,1507,3,0.2,0.12,-0.03,0.03,49,-5,-194,0,2.88,-0.34,0.0177,0.0595,28.31,24.99,23.7
814.097,flow_only,94.401,52.1376187,21.161468,91.51,52.1376436,21.1614418,25,0.52,0.082,255,0.0,0.0,0.0071,-0.0216,3.128,6.928,-5.47,1.39,298.55,0.01,0.01,0.02,0.06,99695,1507,3,0.2,0.1,-0.03,0.03,49,15,-109,0,2.88,-0.33,0.0189,0.0482,29.17,24.88,23.26
814.197,flow_only,94.501,52.1376186,21.161468,91.52,52.1376436,21.1614418,25,0.52,0.082,255,0.0,0.0,-0.0023,0.0032,3.114,6.93,-5.4,1.42,298.32,0.01,0.01,0.02,0.06,99695,1507,3,0.2,0.1,-0.03,0.03,49,-210,-8,0,2.87,-0.32,0.009,0.0289,28.58,28.73,23.5
814.297,flow_only,94.6,52.1376185,21.161468,91.51,52.1376434,21.1614419,25,0.52,0.131,255,0.1678,0.0,0.0456,-0.057,3.092,6.929,-5.34,1.07,297.98,0.01,0.01,0.0,0.07,99695,1507,3,0.2,0.08,-0.03,0.03,49,-23,57,0,2.86,-0.32,0.0181,0.0332,26.55,33.86,21.43
814.397,flow_only,94.701,52.1376183,21.161468,91.51,52.1376434,21.1614419,25,0.52,0.131,255,0.0,0.0,0.084,0.0412,3.074,6.924,-4.84,1.08,297.78,0.01,0.01,0.02,0.04,99695,1507,3,0.2,0.08,-0.03,0.03,49,-139,-160,0,2.86,-0.3,0.019,0.032,29.1,30.84,22.32
814.497,flow_only,94.801,52.1376182,21.1614681,91.5,52.1376432,21.1614418,25,0.52,0.096,255,0.0,0.0,0.0206,-0.0166,3.062,6.919,-4.71,1.22,297.61,0.01,0.01,0.0,0.06,99695,1507,3,0.2,0.09,-0.03,0.03,49,303,137,0,2.85,-0.3,0.0231,0.0392,29.33,31.82,23.62
814.597,flow_only,94.901,52.1376181,21.161468,91.5,52.1376432,21.1614418,25,0.52,0.096,255,0.1678,0.0,0.0233,-0.0695,3.048,6.914,-4.58,0.86,297.37,0.01,0.01,0.04,0.05,99695,1507,3,0.2,0.09,-0.03,0.03,49,120,48,0,2.85,-0.26,0.022,0.0397,30.47,29.97,22.61
814.697,flow_only,95.001,52.137618,21.1614679,91.5,52.1376429,21.1614416,25,0.52,0.165,255,0.1678,-0.1678,0.0772,0.042,3.032,6.911,-4.2,0.85,297.26,0.01,0.01,0.0,0.06,99695,1507,3,0.2,0.07,-0.03,0.03,49,-82,-6,0,2.85,-0.27,0.0173,0.0309,28.6,32.56,21.57
814.797,flow_only,95.101,52.1376178,21.1614678,91.49,52.1376429,21.1614416,25,0.52,0.165,255,0.0,0.1678,0.0136,0.0046,3.016,6.909,-4.07,1.05,297.24,0.01,0.01,0.04,0.05,99695,1507,3,0.2,0.07,-0.03,0.03,49,76,-58,0,2.85,-0.24,0.0172,0.0302,27.28,28.18,21.6
814.897,flow_only,95.201,52.1376177,21.1614678,91.5,52.1376427,21.1614415,25,0.52,0.074,255,0.0,0.0,0.0493,-0.0109,3.008,6.911,-3.94,0.9,297.18,0.01,0.01,0.01,0.05,99695,1507,3,0.2,0.09,-0.03,0.03,49,-56,12,0,2.86,-0.24,0.0061,0.0124,29.05,29.97,23.65
814.997,flow_only,95.301,52.1376176,21.1614678,91.5,52.1376427,21.1614415,25,0.52,0.074,255,0.1678,0.0,-0.0146,-0.011,3.002,6.916,-3.79,0.91,297.11,0.01,0.01,0.05,0.05,99695,1507,3,0.2,0.09,-0.03,0.03,49,-81,-16,0,2.87,-0.2,0.0048,0.0114,26.44,30.64,21.79
815.097,flow_only,95.401,52.1376176,21.1614677,91.51,52.1376427,21.1614414,25,0.52,0.016,255,0.0,0.0,0.0245,-0.0525,2.998,6.924,-3.83,0.69,296.9,0.01,0.01,0.02,0.06,99695,1507,3,0.2,0.1,-0.03,0.03,49,8,1,0,2.88,-0.19,0.0017,0.0047,28.02,29.97,22.43
815.197,flow_only,95.5,52.1376176,21.1614677,91.52,52.1376427,21.1614414,25,0.52,0.016,255,0.0,0.0,0.0171,0.0182,2.996,6.935,-3.66,0.67,296.75,0.01,0.01,0.04,0.06,99695,1507,3,0.2,0.1,-0.03,0.03,49,-51,-149,0,2.9,-0.19,0.0072,0.0158,27.82,28.78,21.79
815.297,flow_only,95.6,52.1376176,21.1614678,91.53,52.1376426,21.1614413,25,0.52,0.053,255,0.0,0.0,-0.0392,-0.0113,3.0,6.947,-3.88,0.67,296.71,0.01,0.01,0.03,0.06,99695,1507,3,0.2,0.08,-0.03,0.03,49,13,-30,0,2.91,-0.17,0.0073,0.0163,29.04,29.05,22.49
815.397,flow_only,95.701,52.1376176,21.1614678,91.54,52.1376426,21.1614413,25,0.52,0.053,255,0.0,0.0,0.0079,-0.0209,2.998,6.959,-3.86,0.48,296.7,0.01,0.01,0.01,0.05,99695,1507,3,0.2,0.08,-0.03,0.03,49,12,9,0,2.92,-0.15,0.0016,0.0041,27.91,28.91,21.72
815.497,flow_only,95.801,52.1376176,21.1614678,91.55,52.1376425,21.1614412,25,0.52,0.004,255,0.0,0.0,0.0264,0.0423,3.006,6.968,-3.73,0.65,296.67,0.01,0.01,0.01,0.06,99695,1507,3,0.2,0.08,-0.03,0.03,49,-21,-43,0,2.93,-0.14,0.0028,0.0073,29.99,31.37,22.87
815.597,flow_only,95.901,52.1376176,21.1614678,91.57,52.1376425,21.1614412,25,0.52,0.004,255,0.1678,0.1678,-0.0129,-0.0281,3.0,6.981,-3.76,0.75,296.61,0.01,0.01,0.07,0.06,99695,1507,3,0.2,0.08,-0.03,0.03,49,9,128,0,2.95,-0.12,0.0073,0.0165,27.16,28.53,21.19
815.697,flow_only,96.001,52.1376177,21.1614677,91.58,52.1376425,21.1614412,25,0.52,0.033,255,0.0,0.0,-0.0208,-0.0292,3.002,6.999,-3.93,0.46,296.51,0.01,0.01,0.07,0.05,99695,1507,3,0.2,0.09,-0.03,0.03,49,23,20,0,2.99,-0.09,0.0094,0.0286,27.66,28.3,21.81
815.797,flow_only,96.101,52.1376177,21.1614676,91.61,52.1376425,21.1614412,25,0.52,0.033,255,0.0,0.1678,0.0093,0.0578,2.998,7.024,-3.86,0.66,296.48,0.01,0.01,0.09,0.05,99695,999,3,0.2,0.09,-0.03,0.03,49,6,-27,0,3.03,-0.05,0.0108,0.0424,24.73,28.57,19.29
815.897,after,96.201,52.1376178,21.1614675,91.63,52.1376426,21.1614411,25,0.52,0.062,255,0.0,0.1679,0.004,0.0288,3.002,7.048,-3.84,0.88,296.48,0.01,0.01,0.03,0.06,99695,999,3,0.2,0.05,-0.03,0.03,49,-174,-85,0,3.04,-0.03,0.0146,0.0382,30.24,28.19,20.7
815.997,after,96.301,52.1376179,21.1614675,91.65,52.1376426,21.1614411,25,0.52,0.062,255,0.1678,0.0,0.0711,0.024,3.0,7.065,-3.65,0.98,296.28,0.01,0.01,0.0,0.05,99695,999,3,0.2,0.05,-0.03,0.03,49,-4,-60,0,3.04,-0.03,0.0095,0.0199,30.33,30.57,24.34
816.097,after,96.4,52.1376431,21.1614397,91.66,52.1376427,21.1614409,25,0.52,0.131,255,0.1678,0.0,-0.057,0.0596,3.01,7.075,-3.6,1.32,296.03,0.04,0.0,0.0,0.07,108415,999,3,0.2,0.09,0.06,-0.02,48,-16,235,0,3.04,-0.04,0.0071,0.0145,28.64,31.22,19.91
816.197,after,96.501,52.1376432,21.1614395,91.67,52.1376427,21.1614409,25,0.52,0.131,255,0.0,0.1678,-0.067,0.147,2.997,7.082,-3.96,1.88,295.83,0.04,0.0,0.05,0.06,108415,999,3,0.2,0.09,0.06,-0.02,48,60,36,0,3.06,-0.01,0.0026,0.0146,33.18,31.92,24.14
816.297,after,96.6,52.1376433,21.1614393,91.68,52.1376429,21.1614406,25,0.52,0.198,255,-0.1678,0.1678,-0.2536,0.3876,2.998,7.09,-5.01,3.65,295.69,0.02,0.0,0.04,0.06,108415,999,3,0.2,0.07,-0.05,0.0,48,177,-351,0,3.07,0.0,0.0077,0.0163,33.87,34.59,25.98
816.397,after,96.701,52.1376434,21.1614391,91.69,52.1376429,21.1614406,25,0.52,0.198,255,-0.1678,0.3356,-0.2783,0.535,3.024,7.101,-6.91,6.36,295.53,0.02,0.0,0.05,0.06,108415,999,3,0.2,0.07,-0.05,0.0,48,217,-19,0,3.09,0.03,0.0061,0.0146,36.51,34.2,28.19
816.497,after,96.801,52.1376434,21.161439,91.7,52.137643,21.1614403,25,0.52,0.117,255,-0.5033,1.0066,-0.3579,0.7077,3.036,7.112,-8.74,10.01,295.27,0.02,0.0,0.03,0.02,108415,999,3,0.2,0.08,0.05,0.04,48,-53,-262,0,3.09,0.05,0.0077,0.01,39.62,41.67,30.09
816.597,after,96.901,52.1376433,21.161439,91.7,52.137643,21.1614403,25,0.52,0.117,255,-0.1678,1.0067,-0.1817,0.597,3.09,7.119,-10.64,13.96,294.44,0.02,0.0,0.01,0.01,108415,999,3,0.2,0.08,0.05,0.04,48,35,-86,0,3.09,0.04,0.0067,0.0106,35.68,38.61,28.39
816.697,after,97.0,52.1376431,21.1614391,91.71,52.1376429,21.1614401,25,0.52,0.116,255,0.0,0.1678,0.0106,0.1279,3.098,7.122,-11.32,15.44,293.24,0.01,0.0,0.01,0.02,108415,999,3,0.2,0.1,-0.03,0.0,48,-104,-139,0,3.05,0.06,0.0091,0.0231,35.93,39.66,28.52
816.797,after,97.101,52.1376427,21.1614395,91.71,52.1376429,21.1614401,25,0.52,0.116,255,0.1678,-0.1678,0.1945,-0.0741,3.098,7.123,-10.89,14.88,291.44,0.01,0.0,0.0,0.02,108415,999,3,0.2,0.1,-0.03,0.0,48,-179,61,0,3.03,0.07,0.0087,0.028,37.4,37.63,26.79
816.897,after,97.201,52.1376421,21.1614401,91.71,52.1376423,21.1614406,25,0.52,0.542,255,0.5034,-0.6712,0.1598,-0.2917,3.126,7.123,-10.45,13.66,289.28,0.02,0.0,0.0,0.02,108415,999,3,0.2,0.07,0.05,-0.02,48,37,47,0,3.02,0.03,0.0076,0.0344,32.43,32.65,28.31
816.997,after,97.301,52.1376413,21.1614409,91.71,52.1376423,21.1614406,25,0.52,0.542,255,0.5033,-0.5033,0.2329,-0.4358,3.096,7.125,-9.71,10.93,287.17,0.02,0.0,0.01,0.03,108415,999,3,0.2,0.07,0.05,-0.02,48,183,-67,0,3.02,0.01,0.0065,0.0304,32.51,32.24,26.93
817.097,after,97.401,52.1376405,21.1614419,91.71,52.1376412,21.1614419,25,0.52,0.99,255,0.1678,-0.3355,0.1239,-0.2405,3.06,7.125,-9.26,8.81,285.09,0.04,0.0,0.02,0.01,108415,999,3,0.2,0.07,0.06,-0.09,48,-17,266,0,3.01,-0.04,0.0135,0.0416,33.64,32.27,23.61
817.197,after,97.5,52.1376396,21.1614431,91.71,52.1376412,21.1614419,25,0.52,0.99,255,0.3356,-0.8391,0.0611,-0.2951,3.058,7.121,-9.13,7.05,283.15,0.04,0.0,0.0,0.0,108415,999,3,0.2,0.07,0.06,-0.09,48,371,-114,0,3.02,-0.04,0.0097,0.0409,32.85,34.58,26.69
817.297,after,97.6,52.1376387,21.1614443,91.7,52.1376397,21.161444,25,0.52,1.214,255,0.5032,-0.8387,-0.0315,-0.1544,3.034,7.113,-9.17,5.35,281.24,0.02,0.01,0.02,0.01,108415,999,3,0.2,0.07,0.02,-0.04,48,-152,131,0,3.01,-0.04,0.0123,0.0482,33.38,30.78,26.66
817.397,after,97.7,52.1376377,21.1614457,91.68,52.1376397,21.161444,25,0.52,1.214,255,0.3355,-0.3355,0.1109,-0.1563,3.032,7.096,-9.28,4.52,279.41,0.02,0.01,0.07,0.03,108415,999,3,0.2,0.07,0.02,-0.04,48,-236,296,0,2.99,-0.05,0.0123,0.062,36.18,39.14,30.24
817.497,after,97.801,52.1376367,21.1614471,91.66,52.1376379,21.1614465,25,0.52,1.334,255,0.3356,-0.5033,0.092,-0.0889,3.012,7.076,-8.53,3.48,277.95,0.02,0.0,0.03,0.01,108415,999,3,0.2,0.07,-0.06,-0.03,48,-122,35,0,2.98,-0.07,0.0121,0.0574,33.98,34.75,25.84
817.597,after,97.901,52.1376357,21.1614485,91.64,52.1376379,21.1614465,25,0.52,1.334,255,0.1678,-0.1678,0.0898,-0.0922,2.948,7.055,-8.31,2.89,276.83,0.02,0.0,0.06,0.02,108415,999,3,0.2,0.07,-0.06,-0.03,48,295,-84,0,2.96,-0.1,0.0126,0.0653,33.57,36.63,23.93
817.697,after,98.001,52.1376346,21.1614499,91.62,52.1376359,21.1614493,25,0.52,1.54,255,0.3356,-0.5033,0.0972,-0.1651,2.932,7.031,-7.57,1.84,276.06,0.04,0.01,0.07,0.02,108415,999,3,0.2,0.07,0.11,0.03,48,150,37,0,2.93,-0.09,0.016,0.0767,37.87,39.09,26.19
817.797,after,98.101,52.1376335,21.1614514,91.59,52.1376359,21.1614493,25,0.52,1.54,255,0.3355,-0.3355,0.03,-0.0282,2.948,7.008,-7.18,1.33,275.61,0.04,0.01,0.05,0.03,108415,999,3,0.2,0.07,0.11,0.03,48,-122,155,0,2.91,-0.07,0.0142,0.0733,39.14,40.54,24.78
817.897,after,98.2,52.1376324,21.1614528,91.57,52.1376338,21.1614521,25,0.52,1.474,255,0.5033,-0.5033,0.0331,-0.0514,2.944,6.989,-7.06,1.09,275.48,0.02,0.01,0.01,0.03,108415,999,3,0.2,0.07,-0.06,0.02,48,100,-247,0,2.91,-0.07,0.012,0.0575,42.59,44.51,27.62
817.997,after,98.3,52.1376312,21.1614541,91.56,52.1376338,21.1614521,25,0.52,1.474,255,0.1678,-0.1678,0.0341,0.0187,2.946,6.977,-6.97,0.93,275.6,0.02,0.01,0.02,0.03,108415,999,3,0.2,0.07,-0.06,0.02,48,-76,72,0,2.91,-0.09,0.0109,0.0508,40.38,40.49,25.95
818.097,after,98.401,52.1376301,21.1614555,91.55,52.1376315,21.1614549,25,0.52,1.621,255,0.3356,-0.1678,-0.0283,0.0293,2.912,6.97,-6.87,1.26,275.87,0.04,0.0,0.01,0.05,108415,999,3,0.2,0.07,0.09,-0.01,48,-91,143,0,2.92,-0.08,0.0086,0.036,37.78,40.63,23.95
818.197,after,98.5,52.1376289,21.1614568,91.55,52.1376315,21.1614549,25,0.52,1.621,255,0.3355,-0.5033,-0.0113,-0.0343,2.916,6.969,-7.11,1.28,276.39,0.04,0.0,0.0,0.03,108415,999,3,0.2,0.07,0.09,-0.01,48,174,16,0,2.93,-0.06,0.0057,0.0237,40.3,37.53,24.74
818.297,after,98.6,52.1376278,21.1614582,91.56,52.1376292,21.1614577,25,0.52,1.529,255,0.8391,-0.6712,0.2889,-0.158,2.954,6.971,-6.02,0.55,276.92,0.02,0.01,0.03,0.04,108415,999,3,0.2,0.07,-0.04,0.01,48,13,-207,0,2.94,-0.03,0.0053,0.0248,36.56,35.84,24.61
818.397,after,98.7,52.1376267,21.1614594,91.56,52.1376292,21.1614577,25,0.52,1.529,255,0.6709,-0.3355,0.3451,-0.2181,2.964,6.974,-4.09,-0.47,277.48,0.02,0.01,0.01,0.05,108415,999,3,0.2,0.07,-0.04,0.01,48,258,-306,0,2.94,-0.04,0.0056,0.0241,34.79,37.39,25.3
818.497,after,98.8,52.1376256,21.1614606,91.56,52.1376269,21.1614604,25,0.52,1.495,255,0.5033,-0.5033,0.2983,-0.2975,3.01,6.978,-2.31,-2.02,277.87,0.02,0.01,0.01,0.03,108415,999,3,0.2,0.07,0.01,0.07,48,309,-205,0,2.95,-0.09,0.0094,0.0234,34.61,31.73,24.43
818.597,after,98.901,52.1376246,21.1614617,91.57,52.1376269,21.1614604,25,0.52,1.495,255,0.3356,-0.3356,0.1463,-0.2759,2.988,6.987,-0.95,-3.67,278.01,0.02,0.01,0.06,0.04,108415,999,3,0.2,0.07,0.01,0.07,48,44,111,0,2.99,-0.07,0.0073,0.0057,33.45,27.87,24.94
818.697,after,99.001,52.1376236,21.1614627,91.59,52.1376247,21.1614629,25,0.52,1.337,255,0.3355,-0.1678,0.2676,-0.0639,2.99,7.007,0.18,-4.47,278.02,0.02,0.01,0.1,0.03,108415,999,3,0.2,0.07,-0.03,-0.05,48,-198,108,0,3.03,-0.03,0.0064,0.0279,31.49,35.31,24.22
818.797,after,99.101,52.1376228,21.1614637,91.62,52.1376247,21.1614629,25,0.52,1.337,255,0.3355,-0.1678,0.178,-0.1371,3.002,7.035,1.64,-4.91,277.94,0.02,0.01,0.12,0.05,108415,999,3,0.2,0.07,-0.03,-0.05,48,259,-331,0,3.09,0.01,0.0096,0.0511,29.05,36.1,24.06
818.897,after,99.2,52.1376221,21.1614644,91.66,52.1376228,21.161465,25,0.52,1.056,255,0.1678,0.0,0.0288,-0.069,3.014,7.073,2.17,-5.82,277.82,0.02,0.01,0.15,0.06,108415,999,3,0.2,0.07,-0.02,0.05,48,242,-251,0,3.15,0.02,0.0155,0.0785,28.91,31.76,21.68
818.997,after,99.301,52.1376215,21.1614651,91.7,52.1376228,21.161465,25,0.52,1.056,255,0.0,0.0,-0.2209,0.1906,3.012,7.119,1.38,-5.07,277.91,0.02,0.01,0.17,0.09,108415,999,3,0.2,0.07,-0.02,0.05,48,0,17,0,3.21,0.13,0.018,0.0989,27.21,30.22,22.54
819.097,after,99.4,52.1376211,21.1614655,91.76,52.1376215,21.1614665,25,0.52,0.691,255,0.0,0.0,-0.2159,0.09,3.013,7.173,0.04,-4.37,277.82,0.02,0.01,0.23,0.06,108415,999,3,0.2,0.07,0.0,0.06,48,71,-28,0,3.27,0.19,0.0219,0.124,30.46,36.1,22.37
819.197,after,99.5,52.1376207,21.1614659,91.82,52.1376215,21.1614665,25,0.52,0.691,255,0.0,0.1678,-0.1517,0.217,3.012,7.232,-0.62,-3.35,277.85,0.02,0.01,0.18,0.05,108415,999,3,0.2,0.07,0.0,0.06,48,-7,-15,0,3.32,0.24,0.0219,0.1284,29.18,40.73,23.09
819.297,after,99.6,52.1376205,21.1614662,91.87,52.1376205,21.1614674,25,0.52,0.478,255,-0.1678,0.1678,-0.1993,0.1206,3.014,7.287,-1.93,-2.36,278.17,0.02,0.01,0.14,0.03,108415,999,3,0.2,0.07,-0.01,0.03,48,144,51,0,3.35,0.27,0.0188,0.1151,25.82,41.27,21.67
819.397,after,99.701,52.1376203,21.1614663,91.92,52.1376205,21.1614674,25,0.52,0.478,255,-0.1678,0.0,-0.1857,0.1207,3.008,7.338,-3.07,-1.8,278.52,0.02,0.01,0.17,0.01,108415,999,3,0.2,0.07,-0.01,0.03,48,-37,-16,0,3.4,0.31,0.0192,0.1178,27.42,37.11,21.7
819.497,after,99.801,52.1376201,21.1614665,91.97,52.1376198,21.1614681,25,0.52,0.309,255,0.0,0.0,-0.0683,0.1052,2.994,7.384,-3.8,-1.13,278.87,0.01,0.01,0.13,0.03,108415,999,3,0.19,0.07,0.01,-0.01,48,87,92,0,3.42,0.34,0.0155,0.1025,28.28,30.27,22.63
819.597,after,99.901,52.13762,21.1614666,92.01,52.1376198,21.1614681,25,0.52,0.309,255,0.0,0.1678,-0.0442,0.1571,2.976,7.422,-4.14,-0.36,279.29,0.01,0.01,0.07,0.04,108415,999,3,0.19,0.07,0.01,-0.01,48,-135,82,0,3.42,0.35,0.012,0.0789,27.66,30.41,22.59
819.697,after,100.001,52.1376199,21.1614667,92.03,52.1376194,21.1614685,25,0.52,0.171,255,0.1678,0.0,0.0026,0.0541,2.958,7.445,-4.15,0.17,279.66,0.1,0.01,0.05,0.03,108415,999,3,0.19,0.1,0.01,0.03,48,-25,88,0,3.37,0.33,0.0031,0.037,25.18,32.52,20.53
819.797,after,100.101,52.1376198,21.1614668,92.05,52.1376194,21.1614685,25,0.52,0.171,255,0.0,0.0,-0.0637,0.0696,2.946,7.464,-4.54,0.57,280.07,0.1,0.01,0.08,0.04,108415,999,3,0.19,0.1,0.01,0.03,48,58,-36,0,3.37,0.34,0.0032,0.0345,26.49,30.18,19.85
819.897,after,100.201,52.1376197,21.1614668,92.07,52.1376191,21.1614687,25,0.52,0.052,255,0.0,0.0,0.025,0.0157,2.932,7.484,-4.6,0.83,280.34,0.03,0.02,0.14,0.03,108415,999,3,0.19,0.11,-0.02,0.03,48,43,110,0,3.37,0.36,0.0048,0.0419,26.02,32.49,20.1
819.997,after,100.301,52.1376196,21.1614668,92.09,52.1376191,21.1614687,25,0.52,0.052,255,0.0,0.0,-0.0461,-0.0662,2.922,7.508,-4.86,0.56,280.44,0.03,0.02,0.11,0.05,108415,999,3,0.19,0.11,-0.02,0.03,48,135,-2,0,3.37,0.38,0.0061,0.0443,26.22,29.37,21.23
820.097,after,100.401,52.1376195,21.1614668,92.12,52.1376189,21.1614687,25,0.52,0.156,255,0.1678,0.0,0.0775,0.0728,2.896,7.536,-4.63,0.67,280.34,0.04,0.02,0.14,0.03,108415,999,3,0.19,0.09,0.09,0.03,48,-2,52,0,3.38,0.41,0.011,0.05,27.49,29.91,24.0
820.197,after,100.501,52.1376194,21.1614667,92.15,52.1376189,21.1614687,25,0.52,0.156,255,0.0,0.1678,0.0019,0.1451,2.882,7.568,-4.5,1.42,280.18,0.04,0.02,0.12,0.05,108415,999,3,0.19,0.09,0.09,0.03,48,-114,55,0,3.4,0.4,0.0092,0.0509,29.68,35.47,25.47
820.297,after,100.601,52.1376192,21.1614667,92.19,52.1376185,21.1614686,25,0.52,0.143,255,0.0,0.0,0.0024,0.0167,2.872,7.602,-4.43,1.8,279.9,0.03,0.02,0.13,0.03,108415,999,3,0.19,0.09,0.06,0.03,48,-55,-119,0,3.4,0.45,0.0119,0.0504,28.86,30.47,21.97
820.397,after,100.701,52.1376191,21.1614666,92.22,52.1376182,21.1614686,25,0.52,0.099,255,0.1678,-0.1678,0.0331,-0.0992,2.864,7.639,-4.45,1.49,279.56,0.03,0.02,0.15,0.04,108415,999,3,0.19,0.09,0.06,0.03,48,19,-1,0,3.43,0.45,0.0104,0.0571,27.01,31.3,23.35
820.497,after,100.801,52.137619,21.1614666,92.26,52.1376182,21.1614686,25,0.52,0.099,255,0.0,0.0,-0.0427,0.0434,2.844,7.68,-4.38,1.31,279.38,0.01,0.02,0.15,0.03,108415,999,3,0.19,0.09,0.01,0.0,48,-80,65,0,3.44,0.52,0.0111,0.0605,28.88,30.03,21.51
820.597,after,100.901,52.1376189,21.1614666,92.31,52.1376182,21.1614686,25,0.52,0.099,255,0.0,0.0,-0.0114,-0.0165,2.836,7.726,-4.88,1.43,279.2,0.01,0.02,0.13,0.03,108415,999,3,0.19,0.09,0.01,0.0,48,116,-44,0,3.44,0.54,0.0089,0.0519,28.77,35.4,24.72
820.697,after,101.001,52.1376188,21.1614666,92.35,52.137618,21.1614685,25,0.52,0.074,255,0.0,0.0,0.1121,0.0769,2.815,7.761,-4.31,1.44,278.91,0.07,0.02,0.09,0.04,108415,999,3,0.19,0.11,0.0,0.0,48,-115,2,0,3.44,0.55,0.0032,0.0272,31.11,30.83,24.09
820.797,after,101.101,52.1376187,21.1614665,92.37,52.137618,21.1614685,25,0.52,0.074,255,0.0,0.1678,-0.0118,0.1139,2.806,7.788,-4.03,2.2,278.59,0.07,0.02,0.03,0.04,108415,999,3,0.19,0.11,0.0,0.0,48,70,157,0,3.42,0.54,0.0008,0.0077,32.71,31.46,24.81
820.897,after,101.201,52.1376187,21.1614664,92.4,52.1376179,21.1614685,25,0.52,0.124,255,-0.1678,0.0,-0.0942,0.0218,2.79,7.812,-4.59,2.23,278.47,0.08,0.02,0.11,0.04,108415,999,3,0.19,0.11,-0.08,0.04,48,99,6,0,3.4,0.54,0.0064,0.0032,32.58,35.54,23.91
820.997,after,101.301,52.1376187,21.1614663,92.42,52.1376179,21.1614685,25,0.52,0.124,255,0.0,0.0,0.0195,0.0025,2.772,7.838,-4.59,2.37,278.35,0.08,0.02,0.1,0.02,108415,999,3,0.19,0.11,-0.08,0.04,48,-11,124,0,3.42,0.57,0.0051,0.0069,31.53,38.35,22.37
821.097,after,101.401,52.1376186,21.1614662,92.45,52.1376179,21.1614683,25,0.52,0.077,255,0.0,0.0,0.0386,0.0239,2.756,7.863,-4.58,2.29,278.17,0.03,0.02,0.07,0.03,108415,999,3,0.19,0.1,0.0,0.01,48,-12,-20,0,3.4,0.58,0.0042,0.007,30.23,39.71,23.37
821.197,after,101.501,52.1376186,21.1614661,92.47,52.1376179,21.1614683,25,0.52,0.077,255,-0.1678,0.0,0.0517,0.0875,2.746,7.886,-4.36,2.64,277.79,0.03,0.02,0.05,0.05,108415,999,3,0.19,0.1,0.0,0.01,48,-70,-73,0,3.41,0.58,0.0041,0.0116,31.1,37.59,25.17
821.297,after,101.601,52.1376186,21.1614661,92.48,52.1376178,21.1614682,25,0.52,0.094,255,0.0,0.0,-0.0473,0.0268,2.73,7.896,-4.39,2.97,277.36,0.05,0.02,0.05,0.03,108415,999,3,0.19,0.1,0.0,0.02,48,111,66,0,3.36,0.55,0.0102,0.0477,31.3,34.41,28.15
821.397,after,101.701,52.1376186,21.161466,92.49,52.1376178,21.1614682,25,0.52,0.094,255,0.0,0.0,0.0157,0.0405,2.722,7.902,-4.14,3.01,276.69,0.05,0.02,0.04,0.03,108415,999,3,0.19,0.1,0.0,0.02,48,-82,-19,0,3.33,0.54,0.0111,0.0599,33.14,31.46,27.39
821.497,after,101.801,52.1376185,21.161466,92.5,52.1376178,21.1614681,25,0.52,0.047,255,0.1678,0.0,-0.0129,-0.0158,2.71,7.917,-4.31,3.08,275.93,0.02,0.02,0.11,0.05,108415,999,3,0.19,0.05,0.0,0.01,48,33,-44,0,3.34,0.57,0.0068,0.0358,32.35,29.95,27.26
821.597,after,101.901,52.1376185,21.161466,92.53,52.1376178,21.1614681,25,0.52,0.047,255,0.1677,0.0,0.0577,-0.0078,2.712,7.944,-3.91,3.07,275.29,0.02,0.02,0.1,0.03,108415,999,3,0.19,0.05,0.0,0.01,48,-102,-37,0,3.37,0.6,0.003,0.0181,31.02,28.61,26.1
821.697,after,102.001,52.1376185,21.1614661,92.57,52.1376177,21.1614681,25,0.52,0.027,255,0.0,0.1678,-0.0309,0.0311,2.71,7.98,-4.03,3.31,274.94,0.0,0.02,0.11,0.04,108415,999,3,0.19,0.11,-0.01,0.0,48,-46,1,0,3.4,0.63,0.0013,0.005,29.05,35.73,21.9
821.797,after,102.101,52.1376185,21.1614661,92.61,52.1376177,21.1614681,25,0.52,0.027,255,-0.1678,-0.1678,-0.079,-0.0895,2.718,8.021,-4.33,2.92,274.68,0.0,0.02,0.11,0.02,108415,999,3,0.19,0.11,-0.01,0.0,48,51,195,0,3.44,0.67,0.0026,0.0061,31.73,30.42,22.06
821.897,after,102.201,52.1376185,21.1614664,92.65,52.1376177,21.1614684,25,0.52,0.084,255,-0.1678,-0.1678,-0.0632,-0.0947,2.726,8.062,-5.14,2.5,274.54,0.03,0.02,0.1,0.03,108415,999,3,0.19,0.09,0.02,-0.04,48,22,-87,0,3.45,0.68,0.0059,0.0105,28.45,33.7,20.8
821.997,after,102.301,52.1376185,21.1614667,92.69,52.1376177,21.1614684,25,0.52,0.084,255,0.0,-0.1678,0.0144,-0.0661,2.736,8.1,-5.06,2.05,274.59,0.03,0.02,0.06,0.03,108415,999,3,0.19,0.09,0.02,-0.04,48,-1,124,0,3.47,0.69,0.0038,0.0057,28.61,29.2,19.59
822.097,after,102.401,52.1376185,21.1614671,92.72,52.1376177,21.1614689,25,0.52,0.174,255,-0.1677,-0.3355,-0.0044,-0.1892,2.727,8.132,-5.16,1.36,274.86,0.07,0.02,0.02,0.04,108415,999,3,0.19,0.05,-0.03,0.02,48,-105,-27,0,3.45,0.68,0.0071,0.0257,28.71,31.63,19.06
822.197,after,102.501,52.1376185,21.1614675,92.74,52.1376177,21.1614689,25,0.52,0.174,255,-0.1678,-0.1678,-0.0236,-0.1998,2.727,8.159,-5.33,0.09,275.35,0.07,0.02,0.03,0.03,108415,999,3,0.19,0.05,-0.03,0.02,48,51,-170,0,3.48,0.68,0.0057,0.0259,29.25,27.97,19.58
822.297,after,102.601,52.1376185,21.1614679,92.76,52.1376177,21.1614696,25,0.52,0.261,255,0.0,-0.1678,-0.0126,-0.1092,2.718,8.177,-5.38,-0.68,275.93,0.07,0.02,0.0,0.03,108415,999,3,0.19,0.05,0.0,-0.03,48,36,69,0,3.46,0.67,0.0113,0.0458,27.61,30.35,19.87
822.398,after,102.701,52.1376185,21.1614684,92.78,52.1376177,21.1614705,25,0.52,0.289,255,0.0,-0.3354,-0.0113,-0.1229,2.716,8.193,-5.43,-1.15,276.6,0.07,0.02,0.02,0.06,108415,999,3,0.19,0.06,0.0,-0.03,48,23,0,0,3.48,0.67,0.0087,0.0422,27.58,25.49,20.37
822.497,after,102.801,52.1376185,21.1614689,92.78,52.1376177,21.1614705,25,0.52,0.289,255,0.0,-0.3356,-0.0115,-0.1379,2.726,8.198,-5.54,-2.0,277.16,0.1,0.02,0.05,0.04,108415,999,3,0.19,0.06,-0.06,0.0,48,41,94,0,3.43,0.64,0.0171,0.0739,26.69,23.3,19.1
822.598,after,102.901,52.1376185,21.1614692,92.78,52.1376177,21.1614705,25,0.52,0.289,255,0.0,-0.1678,0.0712,-0.0252,2.728,8.196,-5.26,-2.37,277.53,0.1,0.02,0.06,0.05,108415,999,3,0.19,0.06,-0.06,0.0,48,21,-140,0,3.41,0.62,0.0158,0.0806,27.13,24.27,20.47
822.697,after,103.001,52.1376184,21.1614696,92.78,52.1376177,21.1614713,25,0.52,0.216,255,0.3355,-0.1678,0.0887,0.0263,2.72,8.19,-4.8,-2.3,277.94,0.05,0.02,0.07,0.06,108415,999,3,0.19,0.04,0.0,0.01,48,-71,90,0,3.37,0.58,0.0183,0.0961,22.3,28.16,17.86
822.797,after,103.101,52.1376184,21.1614699,92.77,52.1376177,21.1614713,25,0.52,0.216,255,0.0,-0.3356,-0.0796,-0.0799,2.722,8.186,-4.8,-2.41,278.48,0.05,0.02,0.01,0.05,108415,999,3,0.19,0.04,0.0,0.01,48,97,35,0,3.37,0.57,0.0142,0.0817,24.42,26.68,17.69
822.897,after,103.201,52.1376184,21.1614701,92.77,52.1376176,21.1614719,25,0.52,0.127,255,0.0,0.0,0.036,-0.0254,2.732,8.185,-5.0,-2.72,279.01,0.03,0.02,0.06,0.04,108415,999,3,0.19,0.07,0.03,0.03,48,80,147,0,3.35,0.56,0.0149,0.0862,25.69,31.21,18.48
822.997,after,103.301,52.1376183,21.1614702,92.77,52.1376176,21.1614719,25,0.52,0.127,255,0.0,0.0,0.0705,0.0086,2.73,8.188,-4.59,-2.75,279.51,0.03,0.02,0.01,0.05,108415,999,3,0.19,0.07,0.03,0.03,48,-73,50,0,3.36,0.56,0.0112,0.071,27.6,28.81,16.99
823.097,after,103.401,52.1376183,21.1614703,92.78,52.1376175,21.1614723,25,0.52,0.055,255,0.0,0.0,0.001,0.0343,2.738,8.193,-4.38,-2.53,279.94,0.06,0.02,0.0,0.06,108415,999,3,0.19,0.06,-0.01,0.04,48,-63,0,0,3.34,0.55,0.0133,0.0688,23.78,28.49,18.61
823.197,after,103.501,52.1376182,21.1614703,92.78,52.1376175,21.1614723,25,0.52,0.055,255,0.0,0.0,-0.0188,0.0864,2.75,8.2,-4.4,-2.05,280.24,0.06,0.02,0.04,0.03,108415,999,3,0.19,0.06,-0.01,0.04,48,-3,-73,0,3.34,0.53,0.0112,0.0651,22.46,28.97,19.09
823.297,after,103.601,52.1376182,21.1614703,92.79,52.1376174,21.1614725,25,0.52,0.006,255,0.0,0.1678,0.0437,0.0412,2.764,8.203,-4.4,-1.84,280.39,0.05,0.02,0.05,0.05,108415,999,3,0.19,0.11,0.0,0.0,48,-164,137,0,3.32,0.5,0.0137,0.0739,22.26,29.1,18.93
823.398,after,103.701,52.1376181,21.1614703,92.79,52.1376173,21.1614726,25,0.52,0.08,255,0.0,0.0,0.0749,0.0569,2.772,8.205,-3.94,-1.48,280.58,0.05,0.02,0.07,0.03,108415,999,3,0.19,0.09,0.0,0.0,48,81,249,0,3.31,0.48,0.0125,0.0746,26.4,23.61,21.16
823.497,after,103.801,52.1376181,21.1614702,92.79,52.1376173,21.1614726,25,0.52,0.08,255,0.0,0.0,-0.0591,0.0427,2.784,8.203,-4.03,-1.16,280.78,0.05,0.02,0.03,0.04,108415,999,3,0.19,0.09,0.04,0.02,48,26,95,0,3.3,0.46,0.0133,0.0715,23.91,24.91,18.57
823.597,after,103.901,52.137618,21.1614702,92.79,52.1376173,21.1614726,25,0.52,0.08,255,0.0,0.0,0.0465,-0.0035,2.79,8.201,-4.08,-1.05,280.96,0.05,0.02,0.05,0.02,108415,999,3,0.19,0.09,0.04,0.02,48,67,119,0,3.3,0.44,0.0106,0.0651,21.85,25.31,18.0
823.697,after,104.001,52.137618,21.1614701,92.78,52.1376172,21.1614724,25,0.52,0.106,255,0.1678,0.0,0.1466,-0.0554,2.8,8.199,-3.38,-1.3,281.01,0.05,0.02,0.02,0.04,108415,999,3,0.18,0.08,-0.04,0.04,48,-87,350,0,3.3,0.43,0.0109,0.0595,26.21,23.85,18.9
823.798,after,104.101,52.1376179,21.1614701,92.78,52.1376172,21.1614724,25,0.52,0.106,255,0.0,0.0,-0.0355,0.014,2.808,8.199,-3.25,-1.66,280.94,0.05,0.02,0.04,0.03,108415,999,3,0.18,0.08,-0.04,0.04,48,68,84,0,3.29,0.41,0.0089,0.0535,23.51,22.28,13.57
823.897,after,104.201,52.1376179,21.16147,92.79,52.1376171,21.1614722,25,0.52,0.086,255,0.0,0.0,-0.0122,0.0114,2.82,8.204,-3.58,-1.32,280.98,0.01,0.02,0.01,0.03,108415,999,3,0.18,0.11,-0.02,0.0,48,75,-100,0,3.3,0.42,0.0055,0.0358,26.56,23.24,19.27
823.997,after,104.301,52.1376179,21.1614699,92.8,52.1376171,21.1614722,25,0.52,0.086,255,0.0,0.0,-0.0119,-0.0228,2.83,8.211,-3.63,-1.56,281.03,0.01,0.02,0.02,0.03,108415,999,3,0.18,0.11,-0.02,0.0,48,-171,17,0,3.3,0.41,0.0043,0.0307,23.94,29.95,16.9
824.097,after,104.401,52.1376179,21.1614698,92.8,52.1376171,21.161472,25,0.52,0.111,255,0.0,0.1677,0.1086,0.0055,2.84,8.217,-3.38,-1.48,281.14,0.03,0.02,0.01,0.02,108415,999,3,0.18,0.08,0.04,0.02,48,7,-44,0,3.3,0.39,0.006,0.0306,25.11,26.03,19.88
824.198,after,104.501,52.137618,21.1614697,92.81,52.1376171,21.1614718,25,0.52,0.163,255,0.0,0.0,0.0449,-0.0599,2.846,8.224,-2.82,-1.88,281.3,0.03,0.02,0.03,0.03,108415,999,3,0.18,0.1,0.04,0.02,48,42,59,0,3.3,0.39,0.0039,0.0278,25.62,24.46,18.47
824.297,after,104.601,52.137618,21.1614695,92.82,52.1376171,21.1614718,25,0.52,0.163,255,-0.1678,0.0,-0.232,0.0805,2.86,8.234,-3.66,-1.68,281.36,0.05,0.02,0.02,0.02,108415,999,3,0.18,0.1,-0.08,-0.03,48,124,-47,0,3.31,0.39,0.0051,0.0182,27.0,29.91,18.43
824.398,after,104.701,52.137618,21.1614694,92.83,52.1376173,21.1614716,25,0.52,0.191,255,-0.1678,0.1678,0.0433,0.0909,2.878,8.248,-4.29,-0.94,281.29,0.05,0.02,0.03,0.03,108415,999,3,0.19,0.12,-0.08,-0.03,48,-147,-29,0,3.34,0.41,0.0037,0.006,26.17,27.85,19.91
824.497,after,104.801,52.137618,21.1614692,92.85,52.1376173,21.1614716,25,0.52,0.191,255,0.0,0.0,-0.0042,-0.0598,2.878,8.263,-3.96,-1.07,281.15,0.02,0.02,0.02,0.02,108415,999,3,0.19,0.12,-0.07,0.03,48,-66,-18,0,3.34,0.39,0.0058,0.0109,26.99,23.84,21.96
824.598,after,104.901,52.1376181,21.161469,92.86,52.1376175,21.1614713,25,0.52,0.192,255,0.0,0.0,0.0527,0.0661,2.884,8.277,-3.72,-0.87,281.12,0.02,0.02,0.02,0.01,108415,999,3,0.19,0.08,-0.07,0.03,48,-33,-106,0,3.36,0.4,0.0051,0.0084,26.0,25.33,18.87
824.697,after,105.001,52.1376182,21.1614688,92.88,52.1376175,21.1614713,25,0.52,0.192,255,0.0,0.0,-0.0964,0.0496,2.888,8.291,-3.89,-0.42,281.22,0.04,0.02,0.03,0.03,108415,999,3,0.19,0.08,-0.03,0.0,48,-14,38,0,3.37,0.41,0.0045,0.008,23.92,28.02,19.79
824.797,after,105.101,52.1376183,21.1614685,92.89,52.1376175,21.1614713,25,0.52,0.192,255,0.0,0.1678,0.0634,0.055,2.91,8.308,-3.9,-0.32,280.85,0.04,0.02,0.02,0.03,108415,999,3,0.19,0.08,-0.03,0.0,48,-82,89,0,3.39,0.42,0.0045,0.0125,26.89,27.87,20.22
824.897,after,105.201,52.1376184,21.1614683,92.91,52.1376178,21.1614708,25,0.52,0.228,255,-0.1678,0.1678,-0.1009,0.0962,2.912,8.325,-4.08,0.17,280.17,0.02,0.01,0.05,0.04,108415,999,3,0.19,0.06,-0.01,-0.02,48,28,4,0,3.4,0.43,0.0052,0.0189,28.34,31.83,21.76
824.997,after,105.301,52.1376185,21.161468,92.93,52.1376178,21.1614708,25,0.52,0.228,255,0.0,0.1679,0.0855,0.1355,2.912,8.345,-4.14,0.89,279.46,0.02,0.01,0.06,0.03,108415,999,3,0.19,0.06,-0.01,-0.02,48,-99,-187,0,3.43,0.44,0.0064,0.0283,27.98,31.8,24.05
825.097,after,105.401,52.1376186,21.1614677,92.95,52.137618,21.1614702,25,0.52,0.287,255,-0.1678,0.1678,-0.1057,0.0595,2.898,8.365,-4.39,1.37,278.89,0.03,0.02,0.04,0.02,108415,999,3,0.19,0.06,-0.04,0.01,48,47,150,0,3.43,0.46,0.0059,0.0255,26.76,31.32,22.2
825.197,after,105.501,52.1376187,21.1614674,92.97,52.137618,21.1614702,25,0.52,0.287,255,-0.1677,0.3355,-0.0283,0.0866,2.88,8.382,-4.88,1.66,278.7,0.03,0.02,0.0,0.04,108415,999,3,0.19,0.06,-0.04,0.01,48,-7,55,0,3.44,0.46,0.0049,0.0189,24.34,28.8,21.03
825.298,after,105.601,52.1376188,21.1614672,92.98,52.1376183,21.1614696,25,0.52,0.26,255,0.0,0.1678,0.1109,0.0671,2.892,8.395,-4.68,2.01,278.56,0.01,0.01,0.02,0.02,108415,999,3,0.19,0.06,-0.04,0.0,48,-115,174,0,3.45,0.49,0.0058,0.0165,27.75,30.95,20.65
825.397,after,105.701,52.1376188,21.161467,92.99,52.1376183,21.1614696,25,0.52,0.26,255,0.0,0.1678,0.0233,0.0859,2.908,8.405,-4.43,2.66,278.62,0.01,0.01,0.0,0.04,108415,999,3,0.19,0.06,-0.04,0.0,48,92,30,0,3.44,0.49,0.0045,0.0116,24.76,29.76,18.28
825.497,after,105.801,52.1376188,21.161467,93.0,52.1376184,21.161469,25,0.52,0.166,255,0.0,0.0,0.071,-0.0987,2.91,8.412,-3.96,2.61,278.94,0.05,0.01,0.0,0.02,108415,999,3,0.19,0.07,0.04,0.0,48,-39,-103,0,3.43,0.47,0.0018,0.002,25.55,31.89,16.74
825.597,after,105.901,52.1376188,21.1614669,93.0,52.1376184,21.161469,25,0.52,0.166,255,0.0,-0.1678,0.012,-0.1988,2.88,8.416,-3.97,1.52,279.26,0.05,0.01,0.0,0.02,108415,999,3,0.19,0.07,0.04,0.0,48,-24,-18,0,3.43,0.46,0.0007,0.0054,29.89,25.85,17.95
825.697,after,106.001,52.1376188,21.161467,93.0,52.1376185,21.1614689,25,0.52,0.018,255,0.0,-0.3355,-0.0391,-0.1215,2.862,8.419,-4.09,0.53,279.5,0.04,0.01,0.0,0.03,108415,999,3,0.19,0.12,0.02,-0.03,48,-1,35,0,3.41,0.47,0.0046,0.0097,27.49,29.07,17.42
825.798,after,106.101,52.1376188,21.161467,93.01,52.1376184,21.1614689,25,0.52,0.028,255,0.1678,0.0,0.0181,-0.0598,2.864,8.422,-3.89,0.27,279.59,0.04,0.01,0.02,0.04,108415,999,3,0.19,0.09,0.02,-0.03,48,-41,35,0,3.41,0.47,0.0026,0.0117,24.02,29.54,19.62
825.897,after,106.201,52.1376188,21.1614671,93.01,52.1376184,21.1614689,25,0.52,0.028,255,0.0,-0.1677,0.1239,-0.0546,2.866,8.428,-3.74,-0.27,279.52,0.03,0.01,0.04,0.04,108415,999,3,0.19,0.09,0.0,-0.01,48,28,-12,0,3.41,0.47,0.003,0.0046,25.7,24.06,19.36
825.997,after,106.301,52.1376187,21.1614672,93.03,52.1376184,21.1614689,25,0.52,0.028,255,0.0,-0.1678,0.0456,-0.0496,2.878,8.441,-3.24,-0.47,279.46,0.03,0.01,0.06,0.04,108415,999,3,0.19,0.09,0.0,-0.01,48,78,41,0,3.43,0.49,0.0027,0.0109,25.53,24.83,19.29
826.097,after,106.401,52.1376187,21.1614673,93.04,52.1376184,21.1614691,25,0.52,0.043,255,0.0,0.0,-0.0168,0.0334,2.876,8.45,-3.53,-0.63,279.44,0.01,0.01,0.02,0.02,108415,999,3,0.19,0.11,0.02,0.0,48,53,-124,0,3.43,0.48,0.0038,0.0029,22.1,26.46,17.86
826.197,after,106.501,52.1376187,21.1614674,93.04,52.1376184,21.1614691,25,0.52,0.043,255,0.0,0.0,-0.0499,-0.0697,2.874,8.453,-3.54,-0.6,279.4,0.01,0.01,0.07,0.03,108415,999,3,0.19,0.11,0.02,0.0,48,-5,-28,0,3.4,0.44,0.0021,0.0152,25.79,24.03,18.9
826.298,after,106.601,52.1376187,21.1614674,93.04,52.1376184,21.1614692,25,0.52,0.064,255,0.0,0.0,0.0585,0.0511,2.874,8.452,-3.52,-0.68,279.12,0.02,0.01,0.02,0.02,108415,999,3,0.19,0.08,-0.04,0.02,48,49,98,0,3.39,0.44,0.0036,0.0208,23.28,27.66,17.23
826.397,after,106.701,52.1376188,21.1614675,93.03,52.1376184,21.1614692,25,0.52,0.064,255,-0.1678,0.0,-0.094,0.1139,2.87,8.45,-3.59,-0.17,278.87,0.02,0.01,0.05,0.02,108415,999,3,0.19,0.08,-0.04,0.02,48,-36,-69,0,3.38,0.44,0.0041,0.0267,23.69,26.57,19.1
826.497,after,106.801,52.1376188,21.1614675,93.03,52.1376186,21.1614693,25,0.52,0.147,255,-0.1678,0.0,-0.1097,-0.0801,2.862,8.447,-4.23,-0.01,278.85,0.04,0.01,0.01,0.04,108415,999,3,0.19,0.08,-0.07,0.02,48,138,75,0,3.36,0.41,0.0084,0.0286,29.79,28.92,20.84
826.597,after,106.901,52.1376189,21.1614675,93.03,52.1376186,21.1614693,25,0.52,0.147,255,0.0,0.0,-0.0648,-0.0144,2.867,8.447,-4.59,-0.52,278.74,0.04,0.01,0.01,0.03,108415,999,3,0.19,0.08,-0.07,0.02,48,80,-199,0,3.36,0.42,0.0062,0.0225,29.28,35.24,20.12
826.698,after,107.001,52.137619,21.1614676,93.03,52.1376188,21.1614695,25,0.52,0.086,255,-0.1678,0.0,-0.1087,0.0802,2.878,8.448,-5.3,-0.0,278.65,0.02,0.01,0.0,0.06,108415,999,3,0.19,0.09,0.02,-0.01,48,190,-123,0,3.36,0.42,0.0031,0.0177,25.86,34.89,19.09
826.798,after,107.101,52.1376191,21.1614677,93.03,52.137619,21.1614696,25,0.52,0.124,255,0.0,0.0,0.0063,-0.0494,2.87,8.45,-5.35,-0.07,278.77,0.02,0.01,0.03,0.04,108415,999,3,0.19,0.09,0.02,-0.01,48,122,123,0,3.36,0.42,0.0027,0.0198,25.37,36.31,17.81
826.897,after,107.201,52.1376192,21.1614678,93.03,52.137619,21.1614696,25,0.52,0.124,255,0.0,0.0,-0.0323,0.0071,2.884,8.447,-5.56,-0.21,279.16,0.01,0.01,0.05,0.03,108415,999,3,0.19,0.09,-0.01,0.0,48,56,-89,0,3.34,0.4,0.0043,0.0271,22.07,32.03,14.22
826.997,after,107.301,52.1376193,21.1614679,93.02,52.137619,21.1614696,25,0.52,0.124,255,0.0,0.0,-0.0631,-0.0371,2.882,8.44,-5.77,-0.09,279.67,0.01,0.01,0.12,0.05,108415,999,3,0.19,0.09,-0.01,0.0,48,48,-17,0,3.31,0.4,0.0072,0.0479,23.19,29.82,17.64
827.097,after,107.401,52.1376193,21.161468,93.01,52.1376192,21.1614697,25,0.52,0.108,255,0.0,-0.1678,0.0383,-0.0605,2.888,8.426,-6.01,-0.55,280.22,0.02,0.0,0.08,0.03,108415,999,3,0.19,0.08,-0.02,0.05,48,113,94,0,3.29,0.35,0.0093,0.0525,26.39,26.72,17.5
827.197,after,107.501,52.1376194,21.161468,92.99,52.1376192,21.1614697,25,0.52,0.108,255,0.0,0.0,0.0633,-0.0048,2.902,8.408,-5.58,-0.61,280.82,0.02,0.0,0.15,0.06,108415,999,3,0.19,0.08,-0.02,0.05,48,-46,-126,0,3.24,0.29,0.0116,0.0707,20.54,29.75,17.56
827.298,after,107.601,52.1376194,21.1614681,92.97,52.1376192,21.1614698,25,0.52,0.04,255,0.0,0.0,0.0188,-0.0294,2.912,8.389,-5.61,-0.68,281.24,0.01,0.01,0.06,0.04,108415,999,3,0.19,0.11,0.03,0.02,48,39,27,0,3.23,0.26,0.0098,0.0613,21.38,25.73,16.2
827.397,after,107.701,52.1376194,21.1614681,92.96,52.1376192,21.1614698,25,0.52,0.04,255,0.1678,0.0,0.0784,-0.0156,2.922,8.372,-5.23,-0.79,281.47,0.01,0.01,0.09,0.05,108415,999,3,0.19,0.11,0.03,0.02,48,101,20,0,3.2,0.23,0.0092,0.06,22.82,27.67,17.3
827.497,after,107.801,52.1376193,21.1614682,92.94,52.1376191,21.16147,25,0.52,0.05,255,0.0,0.0,0.0455,-0.0324,2.926,8.355,-4.84,-0.97,281.75,0.02,0.01,0.07,0.04,108415,999,3,0.19,0.09,0.02,-0.02,48,76,30,0,3.18,0.19,0.0098,0.0581,23.11,25.72,15.66
827.597,after,107.901,52.1376193,21.1614682,92.93,52.1376191,21.16147,25,0.52,0.05,255,0.0,0.0,0.0106,0.0306,2.944,8.34,-4.87,-0.77,282.14,0.02,0.01,0.06,0.05,108415,999,3,0.19,0.09,0.02,-0.02,48,160,18,0,3.17,0.17,0.0077,0.0498,22.45,25.61,20.5
827.697,after,108.001,52.1376193,21.1614682,92.92,52.1376191,21.16147,25,0.52,0.025,255,0.0,0.0,0.0365,0.0046,2.948,8.332,-4.81,-0.72,282.47,0.02,0.0,0.0,0.04,108415,999,3,0.19,0.11,-0.02,0.01,48,-11,4,0,3.18,0.15,0.0045,0.0283,24.26,23.58,16.12
827.798,after,108.101,52.1376193,21.1614682,92.91,52.1376189,21.16147,25,0.52,0.147,255,0.1678,0.0,0.0347,0.0237,2.968,8.328,-4.65,-0.79,282.7,0.02,0.0,0.03,0.04,108415,999,3,0.19,0.09,-0.02,0.01,48,111,34,0,3.18,0.16,0.0028,0.0207,24.51,25.6,18.64
827.897,after,108.201,52.1376192,21.1614683,92.91,52.1376189,21.16147,25,0.52,0.147,255,0.1678,0.1678,0.0303,0.0612,2.97,8.325,-4.41,-0.34,283.03,0.04,0.0,0.03,0.05,108415,999,3,0.19,0.09,0.12,0.0,48,-65,-59,0,3.18,0.15,0.0084,0.0191,22.06,25.62,15.72
827.997,after,108.301,52.1376191,21.1614683,92.91,52.1376189,21.16147,25,0.52,0.147,255,0.0,0.0,0.0645,0.0056,2.975,8.324,-4.33,-0.13,283.26,0.04,0.0,0.0,0.04,108415,999,3,0.19,0.09,0.12,0.0,48,163,-25,0,3.19,0.15,0.0052,0.0079,22.72,26.31,14.96
828.097,after,108.401,52.137619,21.1614683,92.91,52.1376186,21.16147,25,0.52,0.109,255,0.0,0.0,0.0232,-0.0894,2.982,8.326,-4.01,-0.42,283.36,0.01,0.01,0.0,0.03,108415,999,3,0.19,0.1,0.04,0.0,48,74,43,0,3.2,0.15,0.0078,0.0103,25.74,26.02,19.67
828.198,after,108.501,52.1376189,21.1614684,92.91,52.1376186,21.16147,25,0.52,0.109,255,0.0,0.0,0.0477,-0.0701,2.998,8.329,-4.07,-1.08,283.22,0.01,0.01,0.01,0.04,108415,999,3,0.19,0.1,0.04,0.0,48,27,141,0,3.2,0.14,0.0052,0.0092,24.19,23.95,16.09
828.297,after,108.601,52.1376189,21.1614684,92.92,52.1376185,21.1614701,25,0.52,0.04,255,0.0,0.0,0.028,0.109,3.008,8.332,-3.81,-0.92,283.06,0.01,0.0,0.01,0.02,108415,999,3,0.18,0.11,0.0,-0.01,48,-56,-166,0,3.21,0.14,0.0051,0.013,25.41,26.52,22.05
828.397,after,108.701,52.1376188,21.1614685,92.92,52.1376185,21.1614701,25,0.52,0.04,255,0.0,-0.1677,-0.0528,-0.0888,3.006,8.336,-3.88,-0.94,283.1,0.01,0.0,0.0,0.04,108415,999,3,0.18,0.11,0.0,-0.01,48,-10,203,0,3.22,0.13,0.0045,0.0162,23.99,27.45,20.23
828.497,after,108.801,52.1376188,21.1614686,92.93,52.1376184,21.1614702,25,0.52,0.065,255,-0.1678,-0.3355,-0.0378,-0.1982,3.018,8.34,-4.4,-1.95,283.02,0.02,0.0,0.02,0.04,108415,999,3,0.18,0.06,-0.04,0.0,48,-41,44,0,3.23,0.13,0.0048,0.0215,24.66,26.37,18.76
828.598,after,108.901,52.1376188,21.1614687,92.93,52.1376184,21.1614702,25,0.52,0.065,255,0.0,0.0,-0.02,0.1365,3.034,8.343,-4.31,-2.1,282.67,0.02,0.0,0.0,0.04,108415,999,3,0.18,0.06,-0.04,0.0,48,-11,1,0,3.23,0.14,0.0049,0.022,22.7,27.56,19.24
828.697,after,109.001,52.1376188,21.1614689,92.92,52.1376184,21.1614704,25,0.52,0.032,255,0.0,0.0,-0.1138,0.037,3.026,8.338,-4.63,-1.5,282.5,0.02,0.0,0.11,0.05,108415,999,3,0.18,0.06,0.03,0.03,48,17,-159,0,3.2,0.08,0.0024,0.0083,26.06,29.74,24.34
828.798,after,109.101,52.1376188,21.1614689,92.91,52.1376184,21.1614705,25,0.52,0.054,255,-0.1678,-0.1678,-0.0228,-0.1175,3.038,8.327,-5.07,-2.13,282.71,0.02,0.0,0.06,0.05,108415,999,3,0.18,0.07,0.03,0.03,48,138,91,0,3.18,0.08,0.0025,0.0139,29.61,30.79,25.21
828.897,after,109.201,52.1376188,21.1614691,92.9,52.1376184,21.1614705,25,0.52,0.054,255,0.1678,0.0,0.0446,0.0087,3.038,8.316,-4.92,-2.24,283.21,0.01,0.0,0.0,0.04,108415,999,3,0.18,0.07,0.0,0.0,48,-35,-91,0,3.18,0.08,0.0015,0.0031,26.07,27.76,22.08
828.997,after,109.301,52.1376188,21.1614691,92.89,52.1376184,21.1614705,25,0.52,0.054,255,0.0,-0.1678,0.0573,-0.1519,3.024,8.307,-4.58,-2.57,284.0,0.01,0.0,0.01,0.04,108415,999,3,0.18,0.07,0.0,0.0,48,-57,28,0,3.17,0.06,0.0018,0.0045,23.97,26.28,24.11
829.097,after,109.401,52.1376188,21.1614692,92.89,52.1376184,21.1614707,25,0.52,0.055,255,0.0,0.0,0.0425,0.0228,3.016,8.3,-4.42,-3.15,284.66,0.03,0.0,0.0,0.03,108415,999,3,0.18,0.09,-0.04,-0.02,48,-8,-139,0,3.17,0.06,0.004,0.0071,24.96,25.04,19.41
829.197,after,109.501,52.1376187,21.1614692,92.88,52.1376184,21.1614707,25,0.52,0.055,255,0.0,0.1678,0.0397,0.1335,3.022,8.294,-4.11,-2.29,285.1,0.03,0.0,0.03,0.03,108415,999,3,0.18,0.09,-0.04,-0.02,48,-83,-161,0,3.16,0.06,0.0033,0.0054,19.22,26.03,16.75
829.297,after,109.601,52.1376187,21.1614692,92.87,52.1376183,21.1614708,25,0.52,0.039,255,0.0,0.0,0.0244,-0.0747,3.028,8.287,-4.3,-2.09,285.55,0.02,0.0,0.02,0.04,108415,999,3,0.18,0.08,0.0,0.05,48,56,-80,0,3.15,0.06,0.0041,0.0075,19.85,23.75,16.9
829.397,after,109.701,52.1376187,21.1614691,92.87,52.1376183,21.1614708,25,0.52,0.039,255,0.0,0.0,0.056,-0.0303,3.02,8.281,-3.86,-2.5,285.88,0.02,0.0,0.04,0.03,108415,999,3,0.18,0.08,0.0,0.05,48,35,85,0,3.14,0.05,0.0032,0.0057,23.38,21.27,17.09
829.497,after,109.801,52.1376186,21.1614691,92.86,52.1376182,21.1614707,25,0.52,0.082,255,0.0,0.0,-0.0233,0.0754,3.027,8.273,-3.96,-2.21,285.99,0.02,0.0,0.05,0.03,108415,999,3,0.18,0.09,0.02,-0.02,48,21,-66,0,3.13,0.02,0.0012,0.0046,23.25,24.05,15.73
829.597,after,109.901,52.1376186,21.161469,92.85,52.1376182,21.1614707,25,0.52,0.082,255,0.0,0.0,0.0397,0.0595,3.028,8.263,-3.74,-1.96,285.96,0.02,0.0,0.05,0.04,108415,999,3,0.18,0.09,0.02,-0.02,48,-14,93,0,3.11,0.0,0.0005,0.0104,23.65,24.72,16.48
829.697,after,110.001,52.1376185,21.161469,92.84,52.137618,21.1614706,25,0.52,0.071,255,0.0,0.0,-0.056,-0.0096,3.022,8.251,-3.76,-1.61,285.83,0.01,0.01,0.04,0.03,108415,999,3,0.18,0.06,0.04,-0.03,48,-41,-97,0,3.1,0.0,0.0043,0.0127,22.34,24.56,16.8
829.797,after,110.101,52.1376185,21.161469,92.82,52.137618,21.1614706,25,0.52,0.071,255,0.0,0.0,-0.0687,-0.0141,3.038,8.239,-4.13,-1.68,285.59,0.01,0.01,0.0,0.04,108415,999,3,0.18,0.06,0.04,-0.03,48,31,9,0,3.1,0.0,0.0024,0.0033,22.73,24.64,15.23
829.897,after,110.201,52.1376184,21.1614689,92.81,52.137618,21.1614705,25,0.52,0.04,255,0.0,0.1678,-0.0365,0.0507,3.038,8.224,-4.5,-1.62,285.5,0.01,0.0,0.11,0.03,108415,999,3,0.18,0.05,-0.03,-0.02,48,85,160,0,3.07,-0.04,0.0041,0.0219,19.23,26.16,17.66
829.997,after,110.301,52.1376184,21.1614688,92.78,52.137618,21.1614705,25,0.52,0.04,255,0.1678,0.0,0.0854,-0.0216,3.024,8.198,-4.15,-1.42,285.73,0.01,0.0,0.13,0.03,108415,999,3,0.18,0.05,-0.03,-0.02,48,-40,-88,0,3.03,-0.08,0.0064,0.0391,18.69,26.72,18.19
830.097,after,110.401,52.1376184,21.1614687,92.75,52.1376179,21.1614704,25,0.52,0.073,255,0.0,0.0,-0.0011,-0.0598,3.026,8.169,-3.98,-1.7,286.04,0.01,0.01,0.09,0.04,108415,999,3,0.18,0.06,0.02,0.0,48,-57,24,0,3.0,-0.1,0.0063,0.0411,19.66,21.91,19.33
830.198,after,110.501,52.1376184,21.1614687,92.72,52.1376178,21.1614702,25,0.52,0.128,255,0.0,0.0,0.0323,-0.0233,3.022,8.139,-3.98,-1.89,286.34,0.01,0.01,0.12,0.03,108415,999,3,0.18,0.06,0.02,0.0,48,15,16,0,2.96,-0.1,0.0078,0.0503,21.81,21.75,18.99
830.298,after,110.601,52.1376183,21.1614685,92.69,52.1376178,21.1614702,25,0.52,0.128,255,0.1678,0.0,0.0568,-0.0214,3.022,8.106,-3.72,-1.84,286.54,0.01,0.01,0.13,0.05,108415,999,3,0.18,0.06,0.03,0.02,48,86,-47,0,2.92,-0.18,0.0092,0.0566,19.51,21.08,15.28
830.397,after,110.701,52.1376183,21.1614684,92.65,52.1376178,21.1614702,25,0.52,0.128,255,0.0,0.0,0.0854,-0.0078,3.022,8.07,-3.29,-1.95,286.42,0.01,0.01,0.14,0.04,108415,999,3,0.18,0.06,0.03,0.02,48,73,-12,0,2.88,-0.21,0.0101,0.0631,21.9,20.29,14.46
830.497,after,110.801,52.1376182,21.1614682,92.62,52.1376176,21.1614698,25,0.52,0.132,255,0.1678,0.0,0.1121,0.0816,3.022,8.031,-2.68,-1.82,285.98,0.01,0.01,0.17,0.04,108415,999,3,0.18,0.05,0.02,0.0,48,-138,-52,0,2.84,-0.26,0.0121,0.073,19.58,20.98,15.21
830.597,after,110.901,52.1376182,21.161468,92.58,52.1376176,21.1614698,25,0.52,0.132,255,0.0,0.1678,0.0561,0.1399,3.02,7.991,-2.14,-1.12,285.39,0.01,0.01,0.15,0.04,108415,999,3,0.18,0.05,0.02,0.0,48,-122,-10,0,2.79,-0.26,0.0124,0.0761,19.72,19.54,11.63
830.697,after,111.001,52.1376181,21.1614678,92.54,52.1376176,21.1614694,25,0.52,0.166,255,0.0,0.0,-0.0907,0.1041,3.028,7.953,-2.35,-0.44,284.77,0.02,0.0,0.11,0.02,108415,999,3,0.18,0.05,0.0,0.04,48,115,156,0,2.77,-0.33,0.0102,0.0631,20.72,22.21,12.96
830.797,after,111.101,52.1376181,21.1614677,92.5,52.1376176,21.1614694,25,0.52,0.166,255,0.0,0.1678,0.0226,0.0322,3.036,7.918,-2.57,-0.24,284.41,0.02,0.0,0.13,0.03,108415,999,3,0.18,0.05,0.0,0.04,48,-108,62,0,2.74,-0.33,0.0098,0.0611,21.35,25.32,16.46
830.897,after,111.201,52.1376181,21.1614676,92.47,52.1376176,21.161469,25,0.52,0.114,255,0.0,0.0,0.0002,-0.0868,3.047,7.888,-2.37,-0.39,284.39,0.01,0.0,0.09,0.01,108415,999,3,0.18,0.07,-0.02,-0.01,48,-38,97,0,2.73,-0.39,0.0068,0.0476,27.54,22.24,14.14
830.997,after,111.301,52.1376181,21.1614675,92.45,52.1376176,21.161469,25,0.52,0.114,255,0.0,-0.1678,-0.062,-0.0622,3.062,7.86,-2.67,-0.97,284.43,0.01,0.0,0.09,0.01,108415,999,3,0.18,0.07,-0.02,-0.01,48,65,87,0,2.71,-0.41,0.0063,0.0415,29.42,24.3,12.83
831.097,after,111.401,52.1376182,21.1614675,92.42,52.1376177,21.1614688,25,0.52,0.043,255,0.0,0.0,0.0058,0.0277,3.086,7.838,-2.82,-0.98,284.64,0.06,0.0,0.09,0.02,108415,999,3,0.18,0.1,0.03,0.01,48,-83,12,0,2.71,-0.43,0.0025,0.0243,26.11,26.05,18.87
831.198,after,111.501,52.1376182,21.1614675,92.4,52.1376177,21.1614688,25,0.52,0.091,255,-0.1678,0.1678,-0.0832,0.0352,3.106,7.818,-3.02,-0.78,285.16,0.06,0.0,0.1,0.02,108415,999,3,0.18,0.1,0.03,0.01,48,26,141,0,2.7,-0.45,0.0025,0.0259,19.15,29.8,18.17
831.297,after,111.601,52.1376183,21.1614676,92.39,52.1376177,21.1614688,25,0.52,0.091,255,0.0,0.0,-0.0176,-0.0777,3.114,7.805,-3.37,-0.98,285.79,0.03,0.0,0.03,0.02,108415,999,3,0.18,0.1,0.0,-0.04,48,-85,22,0,2.72,-0.47,0.0028,0.0045,25.46,26.3,22.11
831.397,after,111.701,52.1376183,21.1614676,92.38,52.1376177,21.1614688,25,0.52,0.091,255,0.0,0.0,-0.0012,-0.1187,3.142,7.797,-3.31,-1.62,286.33,0.03,0.0,0.0,0.03,108415,999,3,0.18,0.1,0.0,-0.04,48,45,123,0,2.73,-0.46,0.004,0.0116,24.99,25.97,19.46
831.497,after,111.801,52.1376184,21.1614677,92.38,52.1376178,21.1614689,25,0.52,0.032,255,-0.1678,0.1678,-0.1052,0.0734,3.172,7.794,-3.73,-1.47,286.81,0.07,0.01,0.03,0.03,108415,999,3,0.18,0.11,0.08,0.02,48,91,-182,0,2.75,-0.46,0.0102,0.0278,24.27,25.59,17.34
831.597,after,111.901,52.1376184,21.1614678,92.38,52.1376178,21.1614689,25,0.52,0.032,255,-0.1677,-0.1677,0.0054,-0.1427,3.188,7.792,-4.17,-1.64,287.26,0.07,0.01,0.0,0.03,108415,999,3,0.18,0.11,0.08,0.02,48,127,203,0,2.77,-0.48,0.0086,0.0337,23.83,25.62,20.44
831.697,after,112.001,52.1376185,21.1614679,92.38,52.1376179,21.1614692,25,0.52,0.176,255,0.1679,-0.1679,0.0406,-0.0581,3.208,7.795,-3.83,-2.35,287.6,0.07,0.0,0.02,0.06,108415,999,3,0.18,0.09,0.0,-0.09,48,14,23,0,2.8,-0.45,0.0147,0.0562,23.46,26.73,20.36
831.797,after,112.101,52.1376185,21.161468,92.38,52.1376179,21.1614692,25,0.52,0.176,255,0.0,0.0,-0.0759,-0.0049,3.216,7.797,-4.11,-2.44,287.86,0.07,0.0,0.02,0.04,108415,999,3,0.18,0.09,0.0,-0.09,48,51,31,0,2.81,-0.48,0.0106,0.0461,24.85,25.05,19.4
831.897,after,112.201,52.1376186,21.1614682,92.39,52.137618,21.1614695,25,0.52,0.114,255,0.0,-0.1678,-0.0174,-0.0555,3.234,7.8,-4.35,-2.65,287.93,0.03,0.01,0.02,0.04,108415,999,3,0.18,0.08,0.0,0.02,48,-38,42,0,2.83,-0.46,0.0123,0.058,24.12,24.54,18.74
831.997,after,112.301,52.1376187,21.1614683,92.39,52.137618,21.1614695,25,0.52,0.114,255,0.0,-0.1678,-0.0065,-0.036,3.244,7.802,-4.32,-3.02,287.85,0.03,0.01,0.03,0.04,108415,999,3,0.18,0.08,0.0,0.02,48,35,93,0,2.85,-0.46,0.0118,0.0621,21.31,21.65,16.01
832.097,after,112.401,52.1376188,21.1614683,92.38,52.1376182,21.1614696,25,0.52,0.118,255,-0.1677,0.0,-0.0462,0.0735,3.238,7.8,-4.67,-2.87,287.55,0.04,0.0,0.05,0.05,108415,999,3,0.18,0.08,0.01,0.0,48,-31,-3,0,2.84,-0.46,0.0107,0.0492,20.36,25.07,17.42
832.198,after,112.501,52.1376188,21.1614684,92.37,52.1376184,21.1614697,25,0.52,0.141,255,0.0,0.0,0.0272,0.0032,3.226,7.789,-4.74,-2.56,287.24,0.04,0.0,0.02,0.05,108415,999,3,0.18,0.07,0.01,0.0,48,66,79,0,2.83,-0.48,0.0075,0.0382,21.52,20.44,15.8
832.297,after,112.601,52.1376189,21.1614684,92.36,52.1376184,21.1614697,25,0.52,0.141,255,0.0,0.0,-0.0451,0.0295,3.22,7.775,-4.62,-2.65,287.09,0.05,0.0,0.06,0.07,108415,999,3,0.18,0.07,-0.03,0.02,48,0,15,0,2.82,-0.49,0.0074,0.0284,21.08,25.23,18.23
832.397,after,112.701,52.137619,21.1614683,92.34,52.1376184,21.1614697,25,0.52,0.141,255,0.0,0.1678,-0.0659,0.0892,3.217,7.756,-4.94,-2.24,287.01,0.05,0.0,0.02,0.06,108415,999,3,0.18,0.07,-0.03,0.02,48,-74,59,0,2.8,-0.5,0.0059,0.0247,24.86,24.21,14.06
832.497,after,112.801,52.1376192,21.1614683,92.32,52.1376186,21.1614697,25,0.52,0.143,255,-0.1678,0.1678,0.0096,0.0761,3.212,7.74,-5.16,-1.7,287.06,0.05,0.0,0.01,0.05,108415,999,3,0.18,0.08,-0.02,0.01,48,-67,35,0,2.8,-0.5,0.0083,0.0314,25.16,25.74,12.48
832.597,after,112.901,52.1376192,21.1614682,92.31,52.1376186,21.1614697,25,0.52,0.143,255,-0.1678,0.0,-0.058,0.0232,3.196,7.723,-5.23,-1.48,287.26,0.05,0.0,0.03,0.05,108415,999,3,0.18,0.08,-0.02,0.01,48,-142,-79,0,2.78,-0.51,0.0059,0.0235,27.97,24.3,15.52
832.697,after,113.001,52.1376193,21.1614681,92.29,52.1376188,21.1614696,25,0.52,0.164,255,-0.1678,0.1678,0.0135,0.0366,3.188,7.705,-5.41,-1.31,287.54,0.02,0.0,0.0,0.05,108415,999,3,0.18,0.09,-0.05,-0.01,48,-62,-44,0,2.77,-0.51,0.0073,0.0251,23.24,28.91,21.51
832.797,after,113.101,52.1376194,21.1614682,92.27,52.1376188,21.1614696,25,0.52,0.164,255,0.0,0.0,-0.0275,0.0568,3.182,7.686,-5.4,-0.99,287.87,0.02,0.0,0.05,0.06,108415,999,3,0.18,0.09,-0.05,-0.01,48,-24,-53,0,2.74,-0.52,0.0051,0.0145,27.23,23.66,15.33
832.897,after,113.201,52.1376194,21.1614682,92.25,52.137619,21.1614695,25,0.52,0.103,255,0.0,0.0,-0.0396,-0.0946,3.178,7.663,-5.67,-1.21,288.17,0.01,0.0,0.04,0.05,108415,999,3,0.18,0.1,-0.03,-0.01,48,73,176,0,2.72,-0.53,0.0055,0.009,29.37,29.17,24.65
832.997,after,113.301,52.1376195,21.1614682,92.22,52.137619,21.1614695,25,0.52,0.103,255,0.0,-0.3355,0.0377,-0.0992,3.176,7.636,-5.62,-1.9,288.47,0.01,0.0,0.05,0.05,108415,999,3,0.18,0.1,-0.03,-0.01,48,6,133,0,2.69,-0.53,0.0045,0.0075,26.08,30.18,24.45
833.097,after,113.401,52.1376195,21.1614682,92.19,52.1376191,21.1614694,25,0.52,0.042,255,0.0,-0.1678,0.0452,-0.1025,3.174,7.607,-5.39,-2.33,288.67,0.02,0.0,0.07,0.06,108415,999,3,0.18,0.1,0.01,0.02,48,-55,-115,0,2.67,-0.57,0.0027,0.0087,21.97,28.3,22.11
833.198,after,113.501,52.1376195,21.1614681,92.16,52.137619,21.1614692,25,0.52,0.09,255,0.0,0.0,0.0481,-0.0182,3.164,7.579,-5.01,-2.63,288.69,0.02,0.0,0.05,0.05,108415,999,3,0.18,0.08,0.01,0.02,48,-47,-70,0,2.65,-0.6,0.0031,0.0114,25.54,23.88,19.12
833.297,after,113.601,52.1376195,21.1614679,92.14,52.137619,21.1614692,25,0.52,0.09,255,0.0,0.1678,0.0327,0.0693,3.164,7.553,-4.87,-2.56,288.58,0.04,0.0,0.06,0.06,108415,999,3,0.18,0.08,0.09,0.0,48,-56,-3,0,2.63,-0.61,0.0062,0.0122,20.65,19.57,17.79
833.397,after,113.701,52.1376194,21.1614678,92.11,52.137619,21.1614692,25,0.52,0.09,255,0.0,0.3356,-0.031,0.1882,3.146,7.526,-4.77,-1.68,288.42,0.04,0.0,0.07,0.05,108415,999,3,0.18,0.08,0.09,0.0,48,-66,28,0,2.6,-0.64,0.0047,0.0159,17.06,23.17,18.72
833.497,after,113.801,52.1376194,21.1614676,92.08,52.137619,21.161469,25,0.52,0.108,255,0.0,0.0,0.0608,0.1388,3.148,7.499,-4.73,-0.79,288.32,0.0,0.0,0.05,0.05,108415,999,3,0.18,0.09,-0.01,-0.01,48,19,-50,0,2.58,-0.65,0.003,0.0136,18.77,23.01,17.86
833.598,after,113.901,52.1376194,21.1614674,92.06,52.137619,21.1614687,25,0.52,0.127,255,0.0,0.0,0.0223,0.04,3.16,7.476,-4.42,-0.3,288.31,0.0,0.0,0.04,0.05,108415,999,3,0.18,0.08,-0.01,-0.01,48,230,179,0,2.57,-0.66,0.0024,0.01,21.43,25.08,17.28
833.697,after,114.001,52.1376194,21.1614672,92.04,52.137619,21.1614687,25,0.52,0.127,255,0.0,0.0,0.0422,0.0515,3.16,7.457,-4.25,-0.03,288.33,0.03,0.0,0.0,0.05,108415,999,3,0.18,0.08,-0.07,-0.03,48,-56,-83,0,2.57,-0.66,0.0051,0.0057,22.16,25.75,16.96
833.798,after,114.101,52.1376194,21.161467,92.03,52.137619,21.1614687,25,0.52,0.127,255,0.1678,0.0,0.0549,-0.002,3.172,7.441,-3.89,0.06,288.37,0.03,0.0,0.03,0.03,108415,999,3,0.18,0.08,-0.07,-0.03,48,-107,-57,0,2.56,-0.68,0.004,0.0058,21.79,25.26,14.96
833.897,after,114.201,52.1376194,21.1614669,92.02,52.137619,21.1614684,25,0.52,0.111,255,0.0,0.1678,-0.0275,0.0263,3.178,7.43,-3.87,0.04,288.5,0.05,0.0,0.01,0.04,108415,999,3,0.19,0.09,0.0,0.0,48,-41,-32,0,2.57,-0.68,0.0052,0.0178,20.65,22.98,18.26
833.997,after,114.301,52.1376194,21.1614667,92.01,52.137619,21.1614684,25,0.52,0.111,255,0.0,0.1678,0.0578,-0.0272,3.192,7.424,-3.62,0.09,288.81,0.05,0.0,0.02,0.03,108415,999,3,0.19,0.09,0.0,0.0,48,0,-58,0,2.58,-0.68,0.0055,0.0272,20.36,25.77,20.1
834.097,after,114.401,52.1376193,21.1614667,92.01,52.1376189,21.1614681,25,0.52,0.086,255,0.0,0.0,-0.0472,-0.0276,3.2,7.423,-3.59,-0.1,289.06,0.05,0.0,0.01,0.03,108415,999,3,0.19,0.1,0.02,-0.05,48,-77,3,0,2.6,-0.67,0.01,0.0403,20.73,26.74,22.03
834.197,after,114.501,52.1376193,21.1614666,92.01,52.1376189,21.1614681,25,0.52,0.086,255,0.0,-0.1677,0.0248,-0.0287,3.204,7.425,-3.88,-0.28,289.11,0.05,0.0,0.02,0.05,108415,999,3,0.19,0.1,0.02,-0.05,48,59,25,0,2.62,-0.66,0.0086,0.042,15.17,26.93,19.76
834.297,after,114.601,52.1376192,21.1614666,92.02,52.1376188,21.161468,25,0.52,0.101,255,0.0,0.0,-0.0058,0.0475,3.206,7.432,-3.77,-0.22,289.11,0.06,0.0,0.07,0.04,108415,999,3,0.19,0.1,0.04,-0.01,48,-64,-7,0,2.66,-0.62,0.0144,0.0661,17.74,23.98,19.03
834.397,after,114.701,52.1376192,21.1614665,92.03,52.1376188,21.161468,25,0.52,0.101,255,0.0,0.0,0.027,-0.0404,3.216,7.441,-3.89,-0.2,289.03,0.06,0.0,0.05,0.04,108415,999,3,0.19,0.1,0.04,-0.01,48,15,-48,0,2.67,-0.62,0.0127,0.0664,17.57,24.45,18.25
834.497,after,114.801,52.1376191,21.1614665,92.03,52.1376186,21.1614678,25,0.52,0.062,255,0.0,-0.1677,0.0539,-0.098,3.2,7.446,-3.51,-0.71,288.81,0.01,0.0,0.0,0.02,108415,999,3,0.19,0.08,0.0,-0.01,48,-122,44,0,2.68,-0.6,0.0104,0.055,18.94,24.78,20.88
834.598,after,114.901,52.1376191,21.1614664,92.03,52.1376185,21.1614677,25,0.52,0.063,255,0.0,0.1678,-0.074,0.1907,3.196,7.447,-3.63,-0.23,288.5,0.01,0.0,0.06,0.03,108415,999,3,0.19,0.09,0.0,-0.01,48,-17,-181,0,2.69,-0.6,0.01,0.0584,22.3,24.2,22.65
834.697,after,115.001,52.1376191,21.1614664,92.03,52.1376185,21.1614677,25,0.52,0.063,255,0.0,0.0,-0.0433,0.0271,3.188,7.445,-3.9,0.31,288.09,0.01,0.01,0.01,0.04,108415,999,3,0.19,0.09,0.03,0.0,48,-124,169,0,2.69,-0.59,0.0076,0.0425,19.59,21.45,18.6
834.798,after,115.101,52.137619,21.1614663,92.02,52.1376185,21.1614677,25,0.52,0.063,255,0.0,0.0,0.0683,0.0065,3.196,7.439,-3.81,0.22,287.69,0.01,0.01,0.02,0.02,108415,999,3,0.19,0.09,0.03,0.0,48,-8,4,0,2.68,-0.59,0.0062,0.0398,18.79,24.24,19.72
834.897,after,115.201,52.137619,21.1614663,92.02,52.1376185,21.1614676,25,0.52,0.074,255,0.0,0.0,-0.0247,0.0456,3.18,7.432,-3.66,0.47,287.27,0.04,0.0,0.01,0.04,108415,999,3,0.19,0.1,-0.06,-0.06,48,-35,-82,0,2.68,-0.58,0.0076,0.0326,20.06,24.76,15.8
834.997,after,115.301,52.137619,21.1614663,92.01,52.1376185,21.1614676,25,0.52,0.074,255,0.0,0.1678,-0.0151,-0.0114,3.18,7.424,-3.53,0.68,286.81,0.04,0.0,0.01,0.03,108415,999,3,0.19,0.1,-0.06,-0.06,48,-60,-68,0,2.67,-0.59,0.0048,0.0218,20.81,27.26,16.14
835.097,after,115.401,52.137619,21.1614663,92.0,52.1376186,21.1614675,25,0.52,0.053,255,0.0,0.0,0.0015,-0.0134,3.174,7.419,-3.77,0.58,286.39,0.02,0.0,0.08,0.04,108415,999,3,0.19,0.11,-0.04,0.0,48,32,15,0,2.69,-0.56,0.009,0.0431,21.59,25.14,18.32
835.197,after,115.501,52.137619,21.1614664,92.0,52.1376186,21.1614675,25,0.52,0.053,255,0.0,0.0,-0.018,-0.0181,3.17,7.417,-3.59,0.53,286.21,0.02,0.0,0.01,0.03,108415,999,3,0.19,0.11,-0.04,0.0,48,-26,6,0,2.69,-0.56,0.0066,0.0346,21.3,28.06,17.81
835.297,after,115.601,52.137619,21.1614664,92.0,52.1376186,21.1614675,25,0.52,0.041,255,0.0,0.0,-0.0672,-0.0512,3.168,7.418,-4.09,0.4,286.13,0.03,0.0,0.04,0.03,108415,999,3,0.19,0.1,-0.01,0.01,48,68,21,0,2.7,-0.54,0.0087,0.0429,22.18,29.11,14.64
835.397,after,115.701,52.137619,21.1614665,92.01,52.1376186,21.1614675,25,0.52,0.041,255,0.0,-0.1677,0.0444,-0.1428,3.156,7.423,-4.03,-0.24,285.97,0.03,0.0,0.1,0.02,108415,999,3,0.19,0.1,-0.01,0.01,48,26,105,0,2.73,-0.52,0.0101,0.0568,25.34,26.51,18.69
835.497,after,115.801,52.137619,21.1614667,92.02,52.1376186,21.1614676,25,0.52,0.115,255,0.0,0.0,0.0001,-0.0263,3.148,7.43,-3.8,-0.76,285.81,0.05,0.0,0.02,0.05,108415,999,3,0.19,0.06,0.01,0.0,48,-46,20,0,2.74,-0.5,0.011,0.055,27.74,23.83,20.08
835.598,after,115.901,52.137619,21.161467,92.02,52.1376184,21.161468,25,0.52,0.197,255,0.0,-0.1677,-0.0537,-0.1358,3.128,7.435,-4.02,-1.19,285.61,0.05,0.0,0.0,0.04,108415,999,3,0.19,0.05,0.01,0.0,48,47,-67,0,2.73,-0.5,0.0073,0.0397,31.75,26.78,21.64
835.697,after,116.001,52.137619,21.1614673,92.03,52.1376184,21.161468,25,0.52,0.197,255,0.0,-0.1678,-0.0028,-0.0847,3.102,7.444,-4.04,-2.01,285.58,0.05,0.01,0.08,0.03,108415,999,3,0.19,0.05,0.03,-0.03,48,-4,-93,0,2.77,-0.44,0.0113,0.0549,36.82,28.03,24.09
835.797,after,116.101,52.1376189,21.1614676,92.04,52.1376184,21.161468,25,0.52,0.197,255,0.0,-0.1678,-0.0168,-0.031,3.11,7.456,-4.2,-2.18,285.79,0.05,0.01,0.07,0.03,108415,999,3,0.19,0.05,0.03,-0.03,48,28,90,0,2.78,-0.4,0.0098,0.0541,34.18,28.7,24.76
835.897,after,116.201,52.1376189,21.1614679,92.06,52.1376183,21.1614684,25,0.52,0.167,255,0.0,-0.3355,0.0315,-0.0959,3.124,7.47,-4.18,-2.75,286.13,0.03,0.01,0.08,0.04,108415,999,3,0.19,0.05,-0.02,0.0,48,28,-62,0,2.81,-0.38,0.0113,0.0605,36.11,27.54,26.96
835.997,after,116.301,52.1376188,21.1614682,92.07,52.1376183,21.1614684,25,0.52,0.167,255,0.0,0.0,0.0501,-0.0029,3.116,7.487,-3.91,-2.81,286.64,0.03,0.01,0.11,0.03,108415,999,3,0.19,0.05,-0.02,0.0,48,-56,165,0,2.83,-0.35,0.0113,0.0652,32.71,29.46,25.91
836.097,after,116.401,52.1376187,21.1614684,92.09,52.1376182,21.1614689,25,0.52,0.174,255,0.0,0.0,0.046,-0.0948,3.106,7.506,-3.7,-3.31,287.21,0.01,0.01,0.1,0.05,108415,999,3,0.19,0.06,-0.01,0.0,48,135,104,0,2.86,-0.33,0.012,0.0693,31.77,27.22,19.65
836.197,after,116.501,52.1376186,21.1614687,92.11,52.1376182,21.1614689,25,0.52,0.174,255,0.0,-0.1678,0.0052,-0.0269,3.108,7.527,-3.72,-3.6,287.79,0.01,0.01,0.08,0.05,108415,999,3,0.19,0.06,-0.01,0.0,48,152,145,0,2.88,-0.31,0.0105,0.064,28.01,31.24,20.93
836.297,after,116.601,52.1376185,21.1614689,92.13,52.1376181,21.1614694,25,0.52,0.214,255,0.1678,0.0,0.0783,-0.027,3.088,7.545,-3.25,-3.77,288.55,0.02,0.01,0.06,0.05,108415,999,3,0.19,0.06,-0.02,-0.04,48,-58,-62,0,2.89,-0.29,0.0085,0.0541,27.56,27.48,16.94
836.397,after,116.701,52.1376185,21.1614691,92.14,52.1376181,21.1614694,25,0.52,0.214,255,0.0,-0.1678,-0.0871,-0.0874,3.072,7.557,-3.52,-4.01,289.44,0.02,0.01,0.02,0.04,108415,999,3,0.19,0.06,-0.02,-0.04,48,-34,87,0,2.89,-0.27,0.0051,0.0361,31.65,26.12,16.08
836.497,after,116.801,52.1376184,21.1614693,92.15,52.1376179,21.1614699,25,0.52,0.196,255,0.0,0.0,0.0874,-0.0466,3.056,7.567,-3.57,-4.43,290.29,0.01,0.01,0.07,0.05,108415,999,3,0.19,0.07,0.04,0.0,48,43,-16,0,2.9,-0.27,0.0055,0.0358,27.9,28.3,21.11
836.598,after,116.901,52.1376183,21.1614694,92.16,52.1376178,21.1614702,25,0.52,0.087,255,0.0,-0.1677,0.0645,-0.0446,3.048,7.578,-3.17,-4.57,291.17,0.01,0.01,0.08,0.04,108415,999,3,0.19,0.1,0.04,0.0,48,-62,69,0,2.92,-0.21,0.0053,0.0373,25.67,26.94,19.49
836.697,after,117.001,52.1376183,21.1614694,92.17,52.1376178,21.1614702,25,0.52,0.087,255,0.0,0.0,-0.0666,0.0356,3.045,7.589,-3.34,-4.56,291.85,0.03,0.0,0.09,0.05,108415,999,3,0.19,0.1,0.0,0.04,48,6,43,0,2.93,-0.19,0.0059,0.0369,25.68,27.45,20.59
836.797,after,117.101,52.1376183,21.1614693,92.19,52.1376178,21.1614702,25,0.52,0.087,255,-0.1678,0.0,-0.0392,0.1216,3.034,7.601,-3.84,-3.98,292.48,0.03,0.0,0.06,0.03,108415,999,3,0.19,0.1,0.0,0.04,48,-67,-88,0,2.94,-0.17,0.0048,0.0323,23.95,26.52,17.23
836.897,after,117.201,52.1376183,21.1614693,92.2,52.1376176,21.1614701,25,0.52,0.052,255,0.0,0.3355,0.0479,0.0877,3.02,7.619,-3.57,-3.41,292.9,0.02,0.01,0.12,0.05,108415,999,3,0.19,0.08,0.0,0.02,48,96,54,0,2.98,-0.13,0.0088,0.0478,18.56,24.98,19.65
836.997,after,117.301,52.1376183,21.1614691,92.22,52.1376176,21.1614701,25,0.52,0.052,255,0.0,0.0,0.104,0.0314,3.024,7.637,-3.26,-3.1,293.12,0.02,0.01,0.04,0.05,108415,999,3,0.19,0.08,0.0,0.02,48,-53,-110,0,2.98,-0.11,0.0061,0.0354,23.16,24.81,17.25
837.097,after,117.401,52.1376183,21.1614689,92.24,52.1376176,21.1614699,25,0.52,0.115,255,0.0,0.0,-0.0239,0.1149,3.018,7.653,-3.16,-2.75,293.08,0.01,0.01,0.05,0.04,108415,999,3,0.19,0.08,-0.04,0.0,48,-110,109,0,2.99,-0.1,0.0062,0.0291,23.38,27.03,20.47
837.197,after,117.501,52.1376183,21.1614687,92.26,52.1376176,21.1614699,25,0.52,0.115,255,-0.1678,0.0,-0.0547,0.0405,3.016,7.671,-3.46,-2.1,292.94,0.01,0.01,0.1,0.05,108415,999,3,0.19,0.08,-0.04,0.0,48,51,-208,0,3.02,-0.08,0.0062,0.0348,28.77,26.64,19.91
837.297,after,117.601,52.1376184,21.1614685,92.27,52.1376178,21.1614695,25,0.55,0.152,255,0.0,0.0,-0.0068,0.0168,3.008,7.689,-3.59,-2.13,292.58,0.02,0.01,0.09,0.04,108415,999,3,0.19,0.08,-0.02,-0.01,48,-96,126,0,3.03,-0.06,0.0051,0.0312,28.2,28.95,22.16
837.397,after,117.701,52.1376185,21.1614683,92.29,52.1376178,21.1614695,25,0.55,0.152,255,0.0,0.1678,0.0006,0.093,3.002,7.708,-3.64,-1.69,292.13,0.02,0.01,0.08,0.04,108415,999,3,0.19,0.08,-0.02,-0.01,48,7,32,0,3.05,-0.03,0.0047,0.0307,19.38,27.62,18.56
837.497,after,117.801,52.1376186,21.161468,92.31,52.137618,21.1614691,25,0.55,0.183,255,0.0,0.1678,-0.0601,0.1072,2.984,7.727,-3.54,-1.19,291.76,0.01,0.0,0.06,0.03,108415,999,3,0.19,0.07,-0.03,0.0,48,-34,-135,0,3.07,-0.01,0.0052,0.0273,25.02,30.27,24.96
837.598,after,117.901,52.1376187,21.1614678,92.33,52.1376181,21.1614688,25,0.55,0.147,255,-0.1678,0.3355,-0.0595,0.072,2.958,7.746,-4.01,-0.41,291.5,0.01,0.0,0.1,0.04,108415,999,3,0.19,0.07,-0.03,0.0,48,104,-56,0,3.09,0.02,0.0052,0.0317,25.09,30.44,24.78
837.697,after,118.001,52.1376188,21.1614676,92.35,52.1376181,21.1614688,25,0.55,0.147,255,0.0,0.0,-0.0276,-0.0169,2.956,7.768,-4.26,-0.49,291.32,0.01,0.01,0.12,0.04,108415,999,3,0.19,0.07,0.02,0.04,48,80,-23,0,3.12,0.06,0.0067,0.0393,24.22,30.4,22.38
837.798,after,118.101,52.1376188,21.1614675,92.38,52.1376181,21.1614688,25,0.55,0.147,255,0.0,0.0,-0.0158,-0.0,2.958,7.79,-4.24,-0.46,291.34,0.01,0.01,0.06,0.03,108415,999,3,0.19,0.07,0.02,0.04,48,-22,-57,0,3.13,0.1,0.0046,0.0292,25.23,28.95,23.18
837.897,after,118.201,52.1376189,21.1614673,92.39,52.1376183,21.1614684,25,0.52,0.155,255,0.0,0.0,0.0344,-0.0678,2.946,7.809,-4.22,-0.69,291.36,0.01,0.0,0.04,0.04,108415,999,3,0.19,0.07,-0.02,0.01,48,42,-30,0,3.13,0.1,0.004,0.0179,27.53,28.97,25.78
837.997,after,118.301,52.137619,21.1614672,92.41,52.1376183,21.1614684,25,0.52,0.155,255,0.0,0.0,0.013,-0.003,2.94,7.827,-4.04,-0.91,291.39,0.01,0.0,0.06,0.04,108415,999,3,0.19,0.07,-0.02,0.01,48,-23,32,0,3.14,0.12,0.0027,0.0145,26.56,30.64,24.68
838.097,after,118.401,52.137619,21.161467,92.43,52.1376185,21.1614681,25,0.52,0.124,255,0.0,0.0,0.0163,0.0593,2.925,7.845,-3.9,-0.73,291.51,0.01,0.0,0.05,0.05,108415,999,3,0.19,0.06,-0.02,-0.02,48,2,-42,0,3.16,0.14,0.0032,0.0133,24.89,30.95,21.86
838.197,after,118.501,52.1376191,21.1614669,92.45,52.1376185,21.1614681,25,0.52,0.124,255,0.0,0.0,-0.0379,0.0191,2.935,7.864,-3.9,-0.36,291.64,0.01,0.0,0.07,0.02,108415,999,3,0.19,0.06,-0.02,-0.02,48,-20,-116,0,3.18,0.15,0.0029,0.0152,26.21,28.89,17.2
838.297,after,118.601,52.1376192,21.1614669,92.47,52.1376187,21.161468,25,0.52,0.078,255,0.0,0.0,-0.0248,0.0865,2.938,7.884,-4.07,-0.13,291.56,0.02,0.0,0.07,0.04,108415,999,3,0.19,0.08,-0.03,-0.04,48,31,116,0,3.19,0.19,0.0049,0.015,26.15,27.63,22.94
838.397,after,118.701,52.1376192,21.1614668,92.49,52.1376187,21.161468,25,0.52,0.078,255,0.0,0.0,0.0852,0.0921,2.936,7.904,-3.93,0.51,291.38,0.02,0.0,0.05,0.03,108415,999,3,0.19,0.08,-0.03,-0.04,48,22,-140,0,3.21,0.19,0.0034,0.0105,28.1,28.07,19.21
838.497,after,118.801,52.1376192,21.1614669,92.51,52.1376188,21.1614679,25,0.52,0.009,255,0.0,0.0,0.1198,0.0453,2.928,7.922,-3.17,0.81,291.35,0.02,0.0,0.04,0.04,108415,999,3,0.19,0.1,0.05,-0.02,48,-119,100,0,3.21,0.2,0.0041,0.0051,24.72,29.07,15.01
838.598,after,118.901,52.1376192,21.1614669,92.52,52.1376189,21.1614679,25,0.52,0.069,255,0.0,0.0,0.1753,0.0779,2.922,7.94,-2.46,1.19,291.65,0.02,0.0,0.1,0.04,108415,999,3,0.19,0.08,0.05,-0.02,48,69,108,0,3.24,0.23,0.0033,0.0126,21.95,27.18,16.53
838.697,after,119.001,52.1376193,21.161467,92.54,52.1376189,21.1614679,25,0.52,0.069,255,0.0,0.0,0.0705,0.0399,2.906,7.958,-1.63,1.65,292.8,0.02,0.0,0.02,0.03,108415,999,3,0.19,0.08,-0.05,-0.01,48,-179,90,0,3.24,0.23,0.0033,0.0052,23.17,27.44,19.12
838.798,after,119.101,52.1376193,21.1614672,92.56,52.1376189,21.1614681,25,0.52,0.117,255,-0.1678,0.0,0.1059,0.0274,2.894,7.971,-1.16,1.88,295.46,0.02,0.0,0.01,0.03,108415,999,3,0.19,0.06,-0.05,-0.01,48,-26,-21,0,3.24,0.25,0.0033,0.0113,28.19,29.98,17.57
838.897,after,119.201,52.1376194,21.1614674,92.57,52.1376189,21.1614681,25,0.52,0.117,255,-0.3356,0.0,0.0212,0.0002,2.888,7.982,-0.58,1.95,299.56,0.01,0.0,0.03,0.02,108415,999,3,0.19,0.06,0.0,0.0,48,-51,15,0,3.24,0.26,0.0034,0.0139,32.65,30.46,19.5
838.997,after,119.301,52.1376194,21.1614678,92.58,52.1376189,21.1614681,25,0.52,0.117,255,-0.3354,-0.1677,-0.0141,-0.0616,2.89,7.993,-0.58,1.76,304.52,0.01,0.0,0.05,0.0,108415,999,3,0.19,0.06,0.0,0.0,48,579,69,0,3.25,0.27,0.0025,0.01,31.16,37.37,20.89
839.097,after,119.401,52.1376195,21.1614683,92.59,52.1376189,21.1614686,25,0.52,0.25,255,0.0,0.0,0.0392,0.047,2.88,8.003,-0.32,1.74,309.92,0.01,0.0,0.0,0.01,108415,999,3,0.19,0.05,0.03,-0.02,48,101,-392,0,3.25,0.29,0.0051,0.0185,32.22,37.25,20.37
839.197,after,119.501,52.1376196,21.1614688,92.59,52.1376189,21.1614686,25,0.52,0.25,255,0.0,0.0,0.1648,0.0229,2.87,8.01,0.57,1.89,315.8,0.01,0.0,0.01,0.02,108415,999,3,0.19,0.05,0.03,-0.02,48,-298,14,0,3.24,0.28,0.006,0.0291,29.69,31.36,18.51
839.297,after,119.601,52.1376198,21.1614695,92.6,52.1376189,21.1614694,25,0.52,0.314,255,-0.1678,-0.1678,0.0757,-0.0531,2.848,8.013,1.26,1.73,321.96,0.02,0.0,0.0,0.04,108415,999,3,0.19,0.06,0.04,-0.01,48,-95,-116,0,3.23,0.29,0.0092,0.0365,26.47,30.08,17.96
839.397,after,119.701,52.1376199,21.1614702,92.6,52.1376189,21.1614694,25,0.52,0.314,255,-0.5033,-0.3355,0.0772,-0.0209,2.836,8.015,1.87,1.25,328.24,0.02,0.0,0.0,0.04,108415,999,3,0.19,0.06,0.04,-0.01,48,-78,-42,0,3.23,0.29,0.0079,0.0366,27.23,29.38,17.17
839.497,after,119.801,52.1376201,21.1614711,92.6,52.1376191,21.1614704,25,0.52,0.428,255,-0.1677,0.1677,0.1333,0.0486,2.835,8.017,2.54,1.1,334.71,0.01,0.0,0.01,0.05,108415,999,3,0.2,0.05,-0.02,0.0,48,-68,13,0,3.23,0.31,0.0065,0.0345,28.02,30.02,16.0
839.597,after,119.901,52.1376204,21.161472,92.6,52.1376195,21.1614718,25,0.52,0.628,255,-0.1677,0.3355,0.106,0.0077,2.842,8.019,3.34,0.96,341.23,0.01,0.0,0.03,0.06,108415,999,3,0.2,0.06,-0.02,0.0,48,91,467,0,3.21,0.3,0.008,0.0449,29.44,29.09,17.24
839.697,after,120.001,52.1376207,21.1614731,92.6,52.1376195,21.1614718,25,0.52,0.628,255,-0.5032,0.0,0.0084,-0.0055,2.854,8.016,3.58,0.51,347.73,0.05,0.0,0.03,0.05,108415,999,3,0.2,0.06,0.0,-0.09,48,-626,-1513,0,3.19,0.27,0.0131,0.0576,27.93,31.47,17.09
839.797,after,120.101,52.137621,21.1614744,92.6,52.1376195,21.1614718,25,0.52,0.628,255,-0.1677,0.0,0.0309,0.0807,2.828,8.013,3.7,0.43,354.25,0.05,0.0,0.03,0.02,108415,999,3,0.2,0.06,0.0,-0.09,48,-208,-91,0,3.18,0.26,0.0118,0.0582,26.52,31.62,15.81
839.897,after,120.201,52.1376214,21.1614758,92.59,52.1376201,21.1614737,25,0.52,0.831,255,-0.3357,0.0,-0.1037,0.0355,2.824,8.006,3.56,0.35,0.97,0.03,0.0,0.09,0.02,108415,999,3,0.2,0.06,-0.05,-0.01,48,-40,-171,0,3.15,0.24,0.0161,0.0783,29.37,34.58,17.7
839.997,after,120.301,52.1376218,21.1614773,92.58,52.1376201,21.1614737,25,0.52,0.831,255,-1.0066,0.3355,-0.2466,0.0687,2.798,7.996,2.23,0.28,7.96,0.03,0.0,0.08,0.01,108415,999,3,0.2,0.06,-0.05,-0.01,48,83,-21,0,3.13,0.23,0.0155,0.0821,27.45,32.49,16.07
840.097,after,120.401,52.1376222,21.1614789,92.57,52.1376209,21.161476,25,0.52,0.97,255,-0.3355,0.1677,-0.1759,0.0516,2.822,7.985,1.21,0.44,15.05,0.04,0.01,0.06,0.04,108415,999,3,0.2,0.07,0.0,0.03,48,49,-96,0,3.1,0.21,0.018,0.0874,25.91,28.36,15.56
840.198,after,120.501,52.1376227,21.1614805,92.56,52.1376218,21.1614788,24,0.54,1.173,255,-0.3355,0.3355,-0.0509,0.0964,2.838,7.975,0.61,0.72,22.23,0.04,0.01,0.1,0.02,108415,999,3,0.2,0.08,0.0,0.03,48,-704,209,0,3.08,0.18,0.0176,0.0923,24.14,25.44,14.55
840.297,after,120.601,52.1376232,21.1614822,92.55,52.1376218,21.1614788,24,0.54,1.173,255,-0.6711,0.6711,0.0021,0.0656,2.836,7.961,0.51,1.23,29.58,0.03,0.0,0.11,0.03,108415,999,3,0.2,0.08,-0.03,-0.07,48,43,-253,0,3.06,0.14,0.0186,0.0973,21.71,22.88,13.43
840.398,after,120.701,52.1376236,21.161484,92.53,52.1376229,21.1614818,24,0.54,1.161,255,-0.1678,0.1678,-0.0169,-0.0061,2.828,7.949,0.76,1.18,36.83,0.03,0.0,0.05,0.04,108415,999,3,0.2,0.08,-0.03,-0.07,48,-20,-206,0,3.06,0.13,0.0153,0.0848,20.19,22.68,14.1
840.497,after,120.801,52.1376241,21.1614857,92.52,52.1376229,21.1614818,24,0.54,1.161,255,-0.1678,0.3356,-0.0811,0.052,2.876,7.939,0.48,1.27,43.88,0.01,0.0,0.04,0.04,108415,999,3,0.2,0.08,0.04,0.0,48,-34,307,0,3.06,0.13,0.0126,0.0725,21.46,24.99,15.49
840.598,after,120.901,52.1376246,21.1614875,92.52,52.1376238,21.1614848,24,0.54,1.227,255,-0.1678,0.8389,0.0658,0.0461,2.902,7.93,0.61,1.57,50.85,0.01,0.0,0.08,0.04,108415,999,3,0.2,0.08,0.04,0.0,48,124,-306,0,3.05,0.11,0.0123,0.0721,22.39,23.02,13.65
840.697,after,121.001,52.1376251,21.1614892,92.51,52.1376238,21.1614848,24,0.54,1.227,255,-0.1677,0.3354,0.061,-0.0268,2.902,7.926,1.21,1.48,57.42,0.03,0.0,0.04,0.04,108415,999,3,0.2,0.08,0.06,0.01,48,-77,43,0,3.06,0.08,0.0102,0.0561,24.96,22.33,16.84
840.798,after,121.101,52.1376256,21.161491,92.51,52.1376249,21.161488,23,0.56,1.296,255,-0.1677,0.3354,0.0605,0.0688,2.93,7.921,1.76,1.48,63.7,0.03,0.0,0.06,0.03,108415,999,3,0.21,0.09,0.06,0.01,48,49,-265,0,3.06,0.07,0.0092,0.0526,22.19,23.3,16.88
