t_log_s,phase,t_since_src2_s,ekf_lat,ekf_lon,ekf_alt,gps_lat,gps_lon,gps_nsats,gps_hdop,gps_spd,of_qual,of_flowX,of_flowY,of_bodyX,of_bodyY,rfnd_dist,ctun_alt,roll,pitch,yaw,xkf4_SV,xkf4_SP,xkf4_SH,xkf4_SM,xkf4_SS,rc7,mode,gpa_hacc,gpa_sacc,xkf3_IVN,xkf3_IVE,xkf4_TS,xkf5_FIX,xkf5_FIY,xkf5_AFI,xkf5_HAGL,xkf5_RI,xkf5_eVel,xkf5_ePos,vibe_x,vibe_y,vibe_z
138.975,before,-25.0,52.1377444,21.160599,84.54,52.1377468,21.1606025,29,0.5,1.457,255,-0.1672,0.5016,-0.0162,-0.0166,1.942,1.64,0.25,-2.05,225.0,0.01,0.0,0.01,0.02,108415,999,3,0.4,0.07,-0.04,0.01,48,-31,-92,0,2.02,0.0,0.0029,0.0038,17.59,18.99,10.24
139.075,before,-24.899,52.1377435,21.1605975,84.53,52.1377468,21.1606025,29,0.5,1.457,255,0.0,0.5016,0.0171,0.002,1.938,1.637,0.28,-2.02,225.01,0.01,0.0,0.01,0.01,108415,999,3,0.4,0.07,-0.04,0.01,48,1,-255,0,2.01,0.0,0.0017,0.003,17.89,18.04,9.82
139.175,before,-24.8,52.1377425,21.160596,84.53,52.1377449,21.1605996,30,0.5,1.466,255,0.0,1.338,-0.0334,0.0088,1.914,1.632,0.27,-2.1,225.01,0.01,0.01,0.0,0.01,108415,999,3,0.4,0.07,-0.01,-0.03,48,-42,-237,0,2.01,-0.01,0.0044,0.0073,16.67,18.51,10.24
139.275,before,-24.7,52.1377416,21.1605945,84.52,52.1377449,21.1605996,30,0.5,1.466,255,0.0,0.6688,0.0129,0.0021,1.888,1.628,0.29,-2.01,225.05,0.01,0.01,0.0,0.03,108415,999,3,0.4,0.07,-0.01,-0.03,48,1,381,0,2.01,-0.01,0.0031,0.0055,18.35,18.39,10.69
139.375,before,-24.599,52.1377407,21.160593,84.52,52.137743,21.1605965,30,0.5,1.525,255,0.0,0.5017,-0.0456,0.0033,1.888,1.624,0.17,-2.12,225.09,0.03,0.01,0.02,0.0,108415,999,3,0.4,0.07,0.02,0.05,48,0,-70,0,2.0,0.03,0.0018,0.0052,18.67,18.43,10.29
139.475,before,-24.5,52.1377397,21.1605915,84.51,52.137743,21.1605965,30,0.5,1.525,255,0.0,0.5016,0.012,-0.0121,1.888,1.618,0.17,-2.12,225.16,0.03,0.01,0.01,0.0,108415,999,3,0.4,0.07,0.02,0.05,48,-21,-122,0,1.99,0.03,0.0006,0.0044,18.36,17.8,9.31
139.575,before,-24.4,52.1377388,21.16059,84.51,52.1377411,21.1605934,30,0.5,1.488,255,-0.1672,0.6688,-0.0339,0.0003,1.894,1.613,0.1,-2.31,225.13,0.03,0.0,0.01,0.0,108415,999,3,0.4,0.07,-0.03,0.05,48,-8,-245,0,1.98,0.02,0.0053,0.0084,18.09,18.12,9.0
139.675,before,-24.299,52.1377379,21.1605884,84.5,52.1377411,21.1605934,30,0.5,1.488,255,-0.1673,1.338,0.0005,0.0266,1.87,1.609,0.0,-2.14,225.06,0.03,0.0,0.0,0.01,108415,999,3,0.4,0.07,-0.03,0.05,48,39,-290,0,1.98,0.0,0.003,0.0049,16.48,20.05,12.28
139.775,before,-24.199,52.1377369,21.1605869,84.5,52.1377392,21.1605903,29,0.5,1.486,255,0.0,0.6688,-0.0224,-0.0164,1.874,1.607,-0.02,-2.25,224.96,0.01,0.0,0.02,0.01,108415,999,3,0.4,0.07,-0.01,0.01,48,9,-106,0,1.98,0.02,0.0034,0.0083,16.98,21.45,12.12
139.875,before,-24.099,52.137736,21.1605853,84.5,52.1377372,21.1605872,30,0.5,1.569,255,0.0,0.6688,-0.0062,0.0292,1.86,1.607,-0.12,-2.11,224.85,0.01,0.0,0.01,0.0,108415,999,3,0.4,0.07,-0.01,0.01,48,-122,-278,0,1.98,0.02,0.0018,0.0074,18.8,18.62,10.67
139.975,before,-24.0,52.137735,21.1605837,84.5,52.1377372,21.1605872,30,0.5,1.569,255,0.0,1.0035,-0.0352,-0.0062,1.858,1.607,-0.19,-2.21,224.78,0.03,0.0,0.01,0.0,108415,999,3,0.4,0.07,0.08,0.02,48,-34,-90,0,1.98,0.02,0.0061,0.0101,17.99,18.59,9.98
140.075,before,-23.899,52.137734,21.1605822,84.5,52.1377352,21.1605841,30,0.53,1.511,255,0.0,0.5018,0.0393,0.0046,1.814,1.607,-0.12,-2.15,224.72,0.03,0.0,0.0,0.0,108415,999,3,0.4,0.07,0.08,0.02,48,-168,359,0,1.97,0.02,0.0044,0.0069,17.3,19.49,9.84
140.175,before,-23.799,52.1377331,21.1605806,84.5,52.1377352,21.1605841,30,0.53,1.511,255,0.0,0.6689,0.005,0.033,1.858,1.603,-0.09,-2.06,224.66,0.04,0.0,0.0,0.0,108415,999,3,0.4,0.07,0.03,-0.01,48,-9,-128,0,1.96,0.02,0.0063,0.0092,18.02,19.9,9.31
140.275,before,-23.7,52.1377321,21.1605791,84.5,52.1377352,21.1605841,30,0.53,1.511,255,-0.1673,1.1708,-0.0092,-0.0155,1.85,1.6,-0.02,-2.09,224.6,0.04,0.0,0.0,0.01,108415,999,3,0.4,0.07,0.03,-0.01,48,-30,-151,0,1.96,0.03,0.0046,0.0069,19.12,18.27,8.45
140.375,before,-23.6,52.1377311,21.1605775,84.49,52.1377333,21.1605811,29,0.53,1.479,255,0.0,0.6692,0.0233,0.013,1.82,1.598,-0.04,-1.93,224.55,0.03,0.01,0.02,0.0,108415,999,3,0.4,0.07,-0.03,-0.04,48,6,-328,0,1.95,0.02,0.0062,0.0081,18.11,17.55,8.77
140.475,before,-23.499,52.1377301,21.160576,84.49,52.1377314,21.1605779,30,0.53,1.529,255,0.0,0.5016,-0.0078,-0.0409,1.836,1.596,0.07,-2.04,224.48,0.03,0.01,0.0,0.0,108415,999,3,0.4,0.07,-0.03,-0.04,48,-35,218,0,1.95,0.04,0.0046,0.006,18.74,16.73,8.18
140.575,before,-23.4,52.1377292,21.1605745,84.49,52.1377314,21.1605779,30,0.53,1.529,255,0.0,1.3379,-0.0029,-0.0021,1.82,1.595,-0.07,-2.05,224.48,0.01,0.01,0.0,0.0,108415,999,3,0.4,0.07,0.0,0.04,48,-129,357,0,1.95,0.03,0.0014,0.0022,18.59,17.2,8.51
140.675,before,-23.299,52.1377282,21.1605729,84.49,52.1377294,21.1605749,29,0.5,1.567,255,0.0,0.5018,-0.0143,-0.0396,1.816,1.594,0.02,-2.16,224.39,0.01,0.01,0.0,0.01,108415,999,3,0.4,0.08,0.0,0.04,48,-175,-131,0,1.94,0.02,0.0008,0.0017,18.24,19.56,9.89
140.775,before,-23.199,52.1377272,21.1605714,84.49,52.1377294,21.1605749,29,0.5,1.567,255,0.0,0.6689,0.0038,0.0571,1.794,1.591,-0.07,-2.02,224.38,0.05,0.0,0.03,0.0,108415,999,3,0.4,0.08,0.12,-0.08,48,-153,382,0,1.93,0.03,0.011,0.0167,17.37,19.51,10.59
140.875,before,-23.099,52.1377262,21.1605699,84.48,52.1377273,21.1605719,29,0.5,1.564,255,0.0,0.5017,0.016,-0.0181,1.794,1.588,-0.0,-2.01,224.38,0.05,0.0,0.0,0.01,108415,999,3,0.41,0.07,0.12,-0.08,48,-17,-180,0,1.93,0.03,0.0078,0.0127,16.83,19.96,11.69
140.975,before,-23.0,52.1377251,21.1605683,84.48,52.1377273,21.1605719,29,0.5,1.564,255,0.0,0.6688,0.0235,0.0639,1.806,1.584,0.0,-1.84,224.45,0.04,0.0,0.0,0.01,108415,999,3,0.41,0.07,0.08,0.01,48,-171,-141,0,1.92,0.03,0.0112,0.018,17.7,18.33,11.01
141.075,before,-22.899,52.1377241,21.1605668,84.47,52.1377254,21.1605687,28,0.51,1.481,255,0.0,1.1708,0.0108,-0.0116,1.794,1.579,0.13,-1.81,224.46,0.04,0.0,0.03,0.0,108415,999,3,0.41,0.07,0.08,0.01,48,-43,-191,0,1.9,0.02,0.0078,0.0186,16.87,18.16,11.08
141.175,before,-22.8,52.1377231,21.1605652,84.47,52.1377254,21.1605687,28,0.51,1.481,255,-0.1672,1.3379,0.0076,0.0363,1.798,1.573,0.1,-1.67,224.48,0.03,0.0,0.02,0.0,108415,999,3,0.41,0.07,-0.09,0.04,48,5,-339,0,1.9,0.01,0.0043,0.0167,17.6,17.19,9.86
141.275,before,-22.7,52.1377221,21.1605636,84.46,52.1377254,21.1605687,28,0.51,1.481,255,0.0,0.5018,-0.0126,-0.026,1.796,1.566,0.22,-1.68,224.5,0.03,0.0,0.02,0.01,108415,999,3,0.41,0.07,-0.09,0.04,48,-51,317,0,1.89,0.01,0.0037,0.0174,16.21,18.1,9.71
141.375,before,-22.6,52.1377212,21.1605621,84.46,52.1377236,21.1605655,28,0.51,1.469,255,-0.1672,0.5016,-0.0221,0.0175,1.8,1.561,0.03,-1.57,224.58,0.03,0.01,0.0,0.0,108415,999,3,0.41,0.07,-0.06,0.0,48,-110,-170,0,1.89,0.0,0.0082,0.0131,16.61,19.43,9.36
141.475,before,-22.499,52.1377203,21.1605605,84.45,52.1377236,21.1605655,28,0.51,1.469,255,-0.1672,0.6689,-0.0131,-0.0407,1.804,1.558,0.03,-1.73,224.65,0.03,0.01,0.02,0.0,108415,999,3,0.41,0.07,-0.06,0.0,48,4,-278,0,1.88,0.0,0.0059,0.0131,17.31,20.47,9.66
141.575,before,-22.4,52.1377194,21.160559,84.45,52.1377217,21.1605624,28,0.51,1.495,255,0.0,0.6689,-0.0172,-0.0084,1.78,1.556,-0.08,-1.75,224.74,0.04,0.0,0.01,0.01,108415,999,3,0.41,0.07,-0.05,0.04,48,-140,-333,0,1.89,0.0,0.0092,0.0134,17.23,19.04,9.85
141.675,before,-22.299,52.1377185,21.1605574,84.45,52.1377217,21.1605624,28,0.51,1.495,255,-0.1673,1.0036,-0.0392,-0.0242,1.8,1.554,-0.26,-1.97,224.76,0.04,0.0,0.01,0.01,108415,999,3,0.41,0.07,-0.05,0.04,48,-137,-132,0,1.89,0.0,0.0061,0.0098,17.31,18.43,9.72
141.775,before,-22.199,52.1377175,21.1605559,84.45,52.1377198,21.1605593,29,0.51,1.509,255,0.0,0.8363,-0.0025,0.0022,1.802,1.553,-0.36,-1.92,224.75,0.04,0.0,0.0,0.0,108415,999,3,0.41,0.08,0.07,-0.08,48,28,-317,0,1.89,0.0,0.006,0.0067,17.28,18.8,9.98
141.875,before,-22.099,52.1377166,21.1605544,84.45,52.1377178,21.1605564,28,0.51,1.481,255,0.0,0.5016,-0.0004,0.0031,1.82,1.552,-0.46,-1.98,224.7,0.04,0.0,0.0,0.01,108415,999,3,0.41,0.08,0.07,-0.08,48,9,-314,0,1.89,0.0,0.0044,0.0057,17.26,17.37,9.12
141.975,before,-22.0,52.1377156,21.1605529,84.45,52.1377178,21.1605564,28,0.51,1.481,255,0.0,1.0035,0.0055,-0.0208,1.806,1.552,-0.36,-2.08,224.6,0.0,0.0,0.02,0.0,108415,999,3,0.41,0.08,0.01,-0.01,48,-32,347,0,1.89,0.01,0.0043,0.007,17.45,16.54,8.56
142.075,before,-21.899,52.1377146,21.1605514,84.45,52.1377159,21.1605534,28,0.51,1.47,255,0.0,0.669,0.0173,0.0046,1.84,1.554,-0.25,-2.0,224.49,0.0,0.0,0.0,0.01,108415,999,3,0.41,0.07,0.01,-0.01,48,-193,347,0,1.9,0.0,0.0033,0.0077,17.98,16.71,8.99
142.175,before,-21.8,52.1377137,21.1605499,84.45,52.1377159,21.1605534,28,0.51,1.47,255,0.0,0.669,-0.0054,-0.0025,1.82,1.554,-0.21,-2.07,224.43,0.02,0.0,0.04,0.0,108415,999,3,0.41,0.07,-0.02,0.0,48,-25,-280,0,1.89,0.0,0.0012,0.0028,16.95,19.53,10.24
142.275,before,-21.7,52.1377127,21.1605483,84.44,52.1377159,21.1605534,28,0.51,1.47,255,0.0,1.0035,0.0552,-0.0184,1.81,1.55,0.03,-2.07,224.43,0.02,0.0,0.01,0.01,108415,999,3,0.41,0.07,-0.02,0.0,48,-49,-332,0,1.89,-0.02,0.001,0.0039,18.43,19.25,11.3
142.375,before,-21.6,52.1377117,21.1605468,84.44,52.137714,21.1605504,29,0.51,1.5,255,0.0,0.6688,-0.0033,0.0311,1.79,1.545,0.06,-2.09,224.43,0.01,0.01,0.0,0.0,108415,999,3,0.41,0.07,0.03,0.0,48,-28,-313,0,1.89,0.0,0.0029,0.0048,18.84,19.18,11.93
142.475,before,-21.499,52.1377108,21.1605453,84.43,52.137714,21.1605504,29,0.51,1.5,255,0.0,0.5019,0.0591,-0.0081,1.78,1.538,0.23,-1.98,224.44,0.01,0.01,0.04,0.01,108415,999,3,0.41,0.07,0.03,0.0,48,-211,644,0,1.87,-0.01,0.0026,0.0115,18.01,20.29,10.81
142.575,before,-21.4,52.1377098,21.1605438,84.42,52.137712,21.1605474,29,0.51,1.525,255,-0.1673,1.171,-0.0234,0.0279,1.78,1.529,0.16,-1.98,224.5,0.03,0.0,0.0,0.0,108415,999,3,0.41,0.07,0.05,0.0,48,-59,-157,0,1.86,-0.01,0.0055,0.0116,18.34,19.77,9.94
142.676,before,-21.299,52.1377088,21.1605423,84.42,52.137712,21.1605474,29,0.51,1.525,255,0.0,0.5018,0.0165,-0.0181,1.79,1.521,0.18,-1.97,224.56,0.03,0.0,0.0,0.01,108415,999,3,0.41,0.07,0.05,0.0,48,-24,-174,0,1.86,0.0,0.0034,0.007,17.81,20.42,9.8
142.775,before,-21.199,52.1377078,21.1605408,84.41,52.13771,21.1605445,29,0.51,1.462,255,0.0,0.6692,0.0035,0.0382,1.784,1.513,0.09,-1.97,224.61,0.02,0.0,0.02,0.02,108415,999,3,0.41,0.07,0.03,-0.05,48,-174,205,0,1.85,-0.02,0.0065,0.0126,17.0,21.32,10.78
142.876,before,-21.099,52.1377068,21.1605393,84.4,52.1377081,21.1605415,29,0.51,1.494,255,-0.1673,0.5019,0.0225,-0.0102,1.778,1.507,0.18,-1.93,224.61,0.02,0.0,0.01,0.01,108415,999,3,0.41,0.07,0.03,-0.05,48,-40,-211,0,1.85,-0.02,0.0042,0.0067,17.16,20.04,10.71
142.975,before,-20.999,52.1377058,21.1605378,84.4,52.1377081,21.1605415,29,0.51,1.494,255,0.0,0.6688,0.007,0.035,1.8,1.503,0.11,-1.83,224.57,0.0,0.0,0.0,0.0,108415,999,3,0.41,0.07,0.01,0.0,48,-1,-346,0,1.85,-0.01,0.0033,0.0055,16.51,21.08,12.07
143.075,before,-20.899,52.1377049,21.1605363,84.39,52.1377062,21.1605385,29,0.51,1.518,255,0.0,1.0035,-0.0098,-0.0075,1.782,1.498,0.12,-1.92,224.51,0.0,0.0,0.0,0.01,108415,999,3,0.41,0.07,0.01,0.0,48,-174,-174,0,1.85,-0.03,0.0019,0.0035,16.78,21.95,11.47
143.175,before,-20.799,52.1377039,21.1605348,84.39,52.1377062,21.1605385,29,0.51,1.518,255,0.0,0.5016,0.0158,-0.0099,1.774,1.491,0.19,-1.9,224.4,0.02,0.0,0.02,0.0,108415,999,3,0.41,0.07,0.0,0.05,48,-4,-378,0,1.84,-0.02,0.0032,0.007,16.72,23.25,11.44
143.275,before,-20.699,52.1377029,21.1605332,84.38,52.1377062,21.1605385,29,0.51,1.518,255,0.0,0.6688,-0.0347,0.0199,1.79,1.486,0.09,-1.87,224.26,0.02,0.0,0.0,0.0,108415,999,3,0.41,0.07,0.0,0.05,48,20,328,0,1.84,-0.02,0.0021,0.0028,15.79,21.1,11.77
143.375,before,-20.599,52.137702,21.1605316,84.38,52.1377043,21.1605353,29,0.51,1.532,255,-0.1673,1.338,-0.0197,0.0166,1.762,1.482,0.03,-1.83,224.17,0.02,0.01,0.0,0.0,108415,999,3,0.41,0.06,0.01,0.05,48,19,-177,0,1.84,-0.02,0.0041,0.0048,16.04,19.12,11.86
143.475,before,-20.499,52.137701,21.1605301,84.37,52.1377043,21.1605353,29,0.51,1.532,255,0.0,0.5017,0.031,0.0109,1.77,1.476,0.17,-1.72,224.16,0.02,0.01,0.02,0.0,108415,999,3,0.41,0.06,0.01,0.05,48,-14,-211,0,1.83,-0.01,0.0029,0.0041,17.34,17.68,10.39
143.575,before,-20.399,52.1377,21.1605285,84.36,52.1377023,21.1605321,29,0.51,1.521,255,0.0,0.5019,-0.014,0.0259,1.762,1.468,0.05,-1.75,224.22,0.03,0.0,0.01,0.01,108415,999,3,0.41,0.07,0.02,0.02,48,-112,-186,0,1.82,-0.03,0.0044,0.0087,17.07,17.17,9.38
143.676,before,-20.299,52.1376991,21.1605269,84.35,52.1377004,21.160529,29,0.51,1.469,255,-0.1673,1.338,0.0069,-0.0064,1.758,1.459,0.12,-1.78,224.31,0.03,0.0,0.01,0.01,108415,999,3,0.41,0.07,0.02,0.02,48,-29,487,0,1.82,-0.03,0.0031,0.008,15.96,19.9,11.58
143.775,before,-20.199,52.1376981,21.1605254,84.35,52.1377004,21.160529,29,0.51,1.469,255,0.0,0.5016,-0.0017,0.0116,1.76,1.454,-0.05,-1.68,224.43,0.03,0.0,0.0,0.0,108415,999,3,0.41,0.07,-0.04,-0.02,48,36,-195,0,1.82,-0.02,0.0031,0.0041,16.82,21.09,11.27
143.876,before,-20.099,52.1376972,21.1605238,84.34,52.1377004,21.160529,29,0.51,1.469,255,0.0,0.6689,-0.0484,-0.0126,1.75,1.45,-0.15,-1.77,224.51,0.03,0.0,0.0,0.0,108415,999,3,0.41,0.07,-0.04,-0.02,48,-5,-174,0,1.82,-0.02,0.0025,0.004,16.83,19.96,9.5
143.975,before,-19.999,52.1376962,21.1605223,84.34,52.1376985,21.160526,29,0.51,1.5,255,0.0,1.1707,0.0147,-0.0424,1.74,1.444,-0.18,-1.75,224.6,0.02,0.0,0.04,0.01,108415,999,3,0.41,0.07,0.02,-0.04,48,-130,459,0,1.81,-0.02,0.0038,0.0068,16.82,19.23,9.24
144.075,before,-19.899,52.1376953,21.1605208,84.33,52.1376985,21.160526,29,0.51,1.5,255,0.0,0.6691,-0.0043,0.0026,1.748,1.438,-0.17,-1.89,224.7,0.02,0.0,0.0,0.0,108415,999,3,0.41,0.07,0.02,-0.04,48,-26,-307,0,1.81,-0.01,0.0027,0.0038,16.52,19.1,9.34
144.175,before,-19.8,52.1376943,21.1605193,84.33,52.1376966,21.160523,29,0.51,1.49,255,-0.1672,0.5017,0.0411,-0.0159,1.742,1.434,-0.07,-1.83,224.79,0.01,0.0,0.0,0.01,108415,999,3,0.41,0.07,-0.03,0.02,48,-157,-380,0,1.81,-0.01,0.0031,0.005,17.87,17.28,9.09
144.275,before,-19.7,52.1376934,21.1605178,84.32,52.1376966,21.160523,29,0.51,1.49,255,-0.1672,0.6688,0.0296,0.0127,1.748,1.43,-0.04,-1.9,224.86,0.01,0.0,0.01,0.0,108415,999,3,0.41,0.07,-0.03,0.02,48,16,-168,0,1.8,-0.02,0.0023,0.0034,17.82,18.5,9.63
144.375,before,-19.6,52.1376925,21.1605162,84.32,52.1376947,21.1605199,29,0.51,1.527,255,0.0,0.5018,-0.0045,-0.0161,1.734,1.424,0.11,-2.03,224.87,0.03,0.01,0.0,0.0,108415,999,3,0.42,0.07,0.03,0.02,48,-37,-339,0,1.79,-0.03,0.0024,0.0072,18.31,17.26,8.25
144.475,before,-19.499,52.1376915,21.1605147,84.31,52.1376927,21.1605168,29,0.51,1.456,255,-0.1672,1.3376,-0.0015,0.0196,1.752,1.417,0.03,-1.94,224.9,0.03,0.01,0.0,0.01,108415,999,3,0.42,0.07,0.03,0.02,48,18,445,0,1.79,-0.03,0.0015,0.0044,17.87,16.85,7.9
144.575,before,-19.4,52.1376906,21.1605132,84.3,52.1376927,21.1605168,29,0.51,1.456,255,0.0,1.0033,-0.0499,-0.0073,1.754,1.409,0.06,-2.05,224.85,0.01,0.0,0.01,0.01,108415,999,3,0.42,0.07,-0.02,-0.02,48,-31,-327,0,1.79,-0.04,0.0026,0.0048,18.44,16.19,8.3
144.675,before,-19.299,52.1376896,21.1605117,84.3,52.1376909,21.1605138,28,0.51,1.518,255,0.0,0.6689,-0.0252,-0.0064,1.73,1.4,-0.06,-1.97,224.79,0.01,0.0,0.03,0.01,108415,999,3,0.42,0.07,-0.02,-0.02,48,8,-264,0,1.78,-0.06,0.0025,0.0087,17.64,16.86,9.26
144.775,before,-19.199,52.1376887,21.1605101,84.29,52.1376909,21.1605138,28,0.51,1.518,255,0.0,0.6689,0.0141,0.0268,1.748,1.392,-0.03,-1.93,224.73,0.01,0.0,0.01,0.01,108415,999,3,0.42,0.07,0.01,0.02,48,-147,499,0,1.78,-0.04,0.0012,0.0025,18.68,16.09,7.91
144.875,before,-19.099,52.1376877,21.1605086,84.28,52.1376889,21.1605107,28,0.51,1.51,255,0.0,0.5018,0.0052,-0.011,1.72,1.384,0.05,-1.99,224.72,0.01,0.0,0.04,0.0,108415,999,3,0.42,0.07,0.01,0.02,48,-10,-391,0,1.77,-0.04,0.0019,0.009,17.63,19.04,8.85
144.975,before,-19.0,52.1376867,21.160507,84.27,52.1376889,21.1605107,28,0.51,1.51,255,0.0,0.669,0.0238,0.0058,1.72,1.371,0.1,-1.88,224.8,0.03,0.0,0.03,0.01,108415,999,3,0.42,0.07,0.04,-0.04,48,-21,-416,0,1.75,-0.04,0.0057,0.0176,17.63,18.86,9.95
145.075,before,-18.899,52.1376857,21.1605055,84.25,52.1376889,21.1605107,28,0.51,1.51,255,-0.1672,1.3378,-0.0248,0.0182,1.73,1.358,0.09,-1.81,224.86,0.03,0.0,0.02,0.01,108415,999,3,0.42,0.07,0.04,-0.04,48,-31,-388,0,1.74,-0.06,0.0042,0.0156,16.96,18.26,9.18
145.175,before,-18.799,52.1376848,21.1605039,84.24,52.1376869,21.1605077,28,0.51,1.54,255,0.0,0.5017,-0.0296,-0.0249,1.736,1.349,0.06,-1.78,224.87,0.01,0.0,0.01,0.0,108415,999,3,0.42,0.07,0.01,0.0,48,-184,395,0,1.75,-0.06,0.0034,0.0059,17.4,18.01,8.72
145.275,before,-18.7,52.1376838,21.1605024,84.24,52.1376869,21.1605077,28,0.51,1.54,255,0.0,0.6689,-0.016,-0.0092,1.734,1.343,-0.05,-1.76,224.87,0.01,0.0,0.0,0.01,108415,999,3,0.42,0.07,0.01,0.0,48,-142,429,0,1.75,-0.06,0.0022,0.0047,17.85,20.64,11.12
145.375,before,-18.6,52.1376828,21.1605008,84.23,52.1376849,21.1605045,29,0.51,1.523,255,-0.1673,1.1709,-0.0074,0.0137,1.708,1.339,-0.16,-1.72,224.79,0.02,0.01,0.0,0.0,108415,999,3,0.42,0.07,0.02,0.03,48,39,-229,0,1.75,-0.05,0.0034,0.0074,18.74,19.01,10.42
145.475,before,-18.499,52.1376818,21.1604993,84.23,52.1376849,21.1605045,29,0.51,1.523,255,0.0,0.6689,0.0127,-0.012,1.722,1.337,-0.09,-1.79,224.64,0.02,0.01,0.01,0.02,108415,999,3,0.42,0.07,0.02,0.03,48,-183,-203,0,1.76,-0.03,0.0031,0.0117,17.56,19.37,12.86
145.575,before,-18.4,52.1376809,21.1604978,84.23,52.137683,21.1605014,29,0.51,1.537,255,0.0,0.6686,-0.0068,0.025,1.74,1.335,-0.24,-1.68,224.49,0.04,0.0,0.0,0.01,108415,999,3,0.42,0.07,0.07,-0.03,48,-91,-256,0,1.75,-0.03,0.0066,0.0108,19.77,20.27,11.94
145.675,before,-18.299,52.1376799,21.1604962,84.23,52.1376809,21.1604985,29,0.51,1.496,255,0.0,0.5017,-0.0015,-0.0016,1.704,1.331,-0.22,-1.81,224.38,0.04,0.0,0.01,0.01,108415,999,3,0.42,0.07,0.07,-0.03,48,-176,-251,0,1.76,-0.06,0.0041,0.0071,18.15,22.8,11.81
145.775,before,-18.199,52.1376788,21.1604948,84.22,52.1376809,21.1604985,29,0.51,1.496,255,0.0,0.5017,0.0455,-0.0068,1.712,1.328,-0.1,-1.73,224.35,0.03,0.01,0.01,0.01,108415,999,3,0.42,0.07,0.07,-0.06,48,-8,-413,0,1.75,-0.06,0.0094,0.0145,18.02,22.01,10.88
145.875,before,-18.099,52.1376778,21.1604932,84.22,52.1376809,21.1604985,29,0.51,1.496,255,0.0,0.6689,0.032,0.0243,1.71,1.323,0.2,-1.76,224.37,0.03,0.01,0.0,0.01,108415,999,3,0.42,0.07,0.07,-0.06,48,-55,-211,0,1.76,-0.04,0.0059,0.0112,16.37,22.63,11.74
145.975,before,-18.0,52.1376768,21.1604917,84.22,52.137679,21.1604955,29,0.51,1.486,255,0.0,1.1703,0.0314,-0.0248,1.706,1.322,0.42,-1.62,224.38,0.04,0.0,0.0,0.03,108415,999,3,0.42,0.07,-0.03,0.0,48,-42,391,0,1.76,-0.04,0.0045,0.0142,16.04,21.19,11.45
146.075,before,-17.899,52.1376759,21.1604902,84.21,52.137679,21.1604955,29,0.51,1.486,255,0.0,0.6689,-0.0291,0.0097,1.716,1.318,0.32,-1.64,224.43,0.04,0.0,0.03,0.01,108415,999,3,0.42,0.07,-0.03,0.0,48,-5,-375,0,1.75,-0.03,0.0017,0.0029,16.51,19.25,11.03
146.175,before,-17.8,52.1376749,21.1604887,84.21,52.137677,21.1604925,29,0.51,1.502,255,0.0,0.6689,-0.0301,-0.0391,1.69,1.311,0.29,-1.64,224.44,0.03,0.0,0.02,0.0,108415,999,3,0.42,0.07,0.04,0.0,48,-195,-247,0,1.75,-0.04,0.0026,0.0057,17.26,18.04,9.8
146.275,before,-17.7,52.1376739,21.1604872,84.2,52.137677,21.1604925,29,0.51,1.502,255,-0.1673,0.669,0.0154,-0.0083,1.686,1.303,0.28,-1.73,224.51,0.03,0.0,0.01,0.01,108415,999,3,0.42,0.07,0.04,0.0,48,13,-225,0,1.74,-0.03,0.0012,0.0026,18.45,18.99,9.47
146.375,before,-17.6,52.137673,21.1604857,84.19,52.1376752,21.1604894,29,0.51,1.461,255,-0.1672,0.6689,-0.0128,0.01,1.67,1.297,0.22,-1.81,224.59,0.04,0.01,0.01,0.0,108415,999,3,0.42,0.07,-0.01,-0.03,48,38,306,0,1.74,-0.03,0.0055,0.0107,18.73,19.94,9.5
146.475,before,-17.499,52.137672,21.1604842,84.19,52.1376733,21.1604865,29,0.51,1.464,255,0.0,1.3374,-0.0166,-0.0201,1.682,1.294,0.11,-1.79,224.63,0.04,0.01,0.01,0.0,108415,999,3,0.42,0.07,-0.01,-0.03,48,-133,269,0,1.74,-0.01,0.0045,0.0126,18.81,19.44,10.86
146.575,before,-17.399,52.1376711,21.1604827,84.19,52.1376733,21.1604865,29,0.51,1.464,255,-0.1673,0.669,-0.0039,0.0032,1.664,1.294,-0.07,-1.84,224.62,0.02,0.0,0.0,0.03,108415,999,3,0.42,0.07,0.02,-0.04,48,-105,-200,0,1.75,0.0,0.0053,0.0152,17.5,19.21,10.82
146.676,before,-17.299,52.1376701,21.1604812,84.19,52.1376713,21.1604835,29,0.51,1.468,255,0.0,0.6688,0.0082,-0.035,1.646,1.297,0.03,-2.04,224.61,0.02,0.0,0.05,0.02,108415,999,3,0.42,0.07,0.02,-0.04,48,-5,-151,0,1.76,0.01,0.0054,0.024,18.12,20.41,10.52
146.775,before,-17.199,52.1376692,21.1604798,84.19,52.1376713,21.1604835,29,0.51,1.468,255,0.0,1.3375,0.0215,-0.0053,1.68,1.297,0.07,-2.02,224.68,0.01,0.0,0.03,0.01,108415,999,3,0.42,0.07,0.0,-0.04,48,-8,-199,0,1.74,0.0,0.0042,0.011,18.3,17.85,9.79
146.876,before,-17.099,52.1376682,21.1604783,84.19,52.1376696,21.1604804,29,0.51,1.453,255,0.0,0.6688,0.014,-0.0041,1.674,1.295,0.26,-2.15,224.76,0.01,0.0,0.0,0.0,108415,999,3,0.42,0.06,0.0,-0.04,48,-30,-179,0,1.74,0.0,0.0027,0.009,18.07,20.52,10.31
146.975,before,-16.999,52.1376673,21.1604767,84.19,52.1376696,21.1604804,29,0.51,1.453,255,0.0,0.669,0.0315,-0.0243,1.684,1.292,0.39,-2.11,224.87,0.04,0.0,0.01,0.0,108415,999,3,0.42,0.06,-0.11,0.07,48,-4,-235,0,1.73,-0.02,0.0094,0.0122,18.09,20.93,10.56
147.076,before,-16.899,52.1376664,21.1604752,84.18,52.1376677,21.1604772,28,0.51,1.578,255,-0.3344,1.3378,-0.0044,0.0063,1.68,1.285,0.38,-2.25,224.99,0.04,0.0,0.02,0.0,108415,999,3,0.42,0.07,-0.11,0.07,48,2,-350,0,1.72,-0.03,0.0072,0.01,17.81,19.01,11.52
147.175,before,-16.799,52.1376655,21.1604736,84.17,52.1376677,21.1604772,28,0.51,1.578,255,0.0,0.6691,-0.0058,-0.0145,1.678,1.275,0.42,-2.27,225.04,0.04,0.0,0.01,0.01,108415,999,3,0.42,0.07,0.11,0.0,48,-161,421,0,1.71,-0.05,0.0045,0.0091,18.02,20.26,11.14
147.275,before,-16.699,52.1376645,21.160472,84.16,52.1376677,21.1604772,28,0.51,1.578,255,-0.1672,0.6688,-0.0557,0.0586,1.658,1.266,0.14,-2.02,225.05,0.04,0.0,0.0,0.0,108415,999,3,0.42,0.07,0.11,0.0,48,-99,-291,0,1.71,-0.05,0.0029,0.0049,17.93,18.98,10.54
147.375,before,-16.599,52.1376636,21.1604704,84.15,52.1376656,21.1604741,28,0.51,1.5,255,-0.1673,1.338,-0.0142,-0.0238,1.652,1.255,0.07,-1.97,224.96,0.02,0.01,0.02,0.0,108415,999,3,0.42,0.07,0.02,0.0,48,-148,-282,0,1.7,-0.04,0.0038,0.0118,17.77,18.55,9.67
147.476,before,-16.499,52.1376626,21.1604689,84.14,52.1376638,21.1604709,28,0.51,1.518,255,0.0,0.6688,-0.0249,0.0459,1.634,1.243,-0.16,-1.86,224.89,0.02,0.01,0.01,0.0,108415,999,3,0.42,0.07,0.02,0.0,48,-89,-297,0,1.69,-0.05,0.0027,0.0093,17.64,17.38,9.56
147.575,before,-16.399,52.1376617,21.1604673,84.12,52.1376638,21.1604709,28,0.51,1.518,255,0.0,0.6689,0.0108,0.0117,1.608,1.226,-0.16,-1.81,224.8,0.06,0.0,0.01,0.0,108415,999,3,0.42,0.07,0.0,0.03,48,34,402,0,1.67,-0.04,0.0068,0.0186,17.99,18.86,9.73
147.676,before,-16.299,52.1376607,21.1604657,84.11,52.1376619,21.1604676,29,0.51,1.541,255,-0.1673,0.669,0.021,0.0225,1.608,1.211,-0.21,-1.7,224.75,0.06,0.0,0.02,0.01,108415,999,3,0.42,0.06,0.0,0.03,48,-116,369,0,1.66,-0.04,0.0054,0.0171,17.19,18.6,9.53
147.775,before,-16.199,52.1376598,21.160464,84.1,52.1376619,21.1604676,29,0.51,1.541,255,0.0,0.6691,-0.044,-0.0168,1.608,1.202,-0.24,-1.8,224.67,0.03,0.0,0.0,0.0,108415,999,3,0.42,0.06,0.0,0.03,48,27,-249,0,1.67,-0.02,0.0047,0.0081,16.93,19.86,12.75
147.876,before,-16.099,52.1376588,21.1604624,84.09,52.13766,21.1604643,29,0.51,1.548,255,-0.1672,1.3379,-0.017,0.0316,1.614,1.197,-0.42,-1.72,224.64,0.03,0.0,0.02,0.0,108415,999,3,0.42,0.06,0.0,0.03,48,-80,229,0,1.67,-0.02,0.0035,0.007,16.56,18.82,11.74
147.975,before,-15.999,52.1376578,21.1604608,84.09,52.13766,21.1604643,29,0.51,1.548,255,0.0,0.6689,-0.0121,-0.0383,1.63,1.193,-0.4,-1.75,224.59,0.0,0.0,0.02,0.02,108415,999,3,0.42,0.06,0.0,0.01,48,9,-301,0,1.66,-0.03,0.0038,0.0067,16.11,19.66,12.41
148.076,before,-15.899,52.1376569,21.1604592,84.09,52.1376582,21.160461,29,0.51,1.541,255,0.0,0.6689,-0.0169,0.0383,1.62,1.191,-0.48,-1.63,224.55,0.0,0.0,0.0,0.01,108415,999,3,0.42,0.07,0.0,0.01,48,-132,-455,0,1.67,-0.03,0.0029,0.0062,17.03,17.92,11.7
148.175,before,-15.799,52.1376559,21.1604576,84.09,52.1376582,21.160461,29,0.51,1.541,255,0.0,1.3379,0.0028,-0.0501,1.635,1.191,-0.42,-1.62,224.52,0.01,0.0,0.02,0.01,108415,999,3,0.42,0.07,0.0,0.04,48,-170,-310,0,1.67,-0.03,0.0059,0.0135,16.52,18.16,9.86
148.275,before,-15.699,52.137655,21.160456,84.09,52.1376582,21.160461,29,0.51,1.541,255,0.0,0.6689,-0.0126,0.0253,1.618,1.193,-0.51,-1.64,224.53,0.01,0.0,0.03,0.0,108415,999,3,0.42,0.07,0.0,0.04,48,-144,-422,0,1.68,-0.02,0.005,0.0178,16.54,18.14,9.31
148.375,before,-15.599,52.137654,21.1604544,84.09,52.1376563,21.1604577,29,0.51,1.54,255,0.0,0.6689,0.0453,-0.0167,1.63,1.197,-0.34,-1.53,224.62,0.01,0.01,0.02,0.02,108415,999,3,0.42,0.07,0.0,0.02,48,-20,537,0,1.69,-0.01,0.006,0.0222,17.46,17.3,10.14
148.475,before,-15.499,52.1376531,21.1604528,84.09,52.1376563,21.1604577,29,0.51,1.54,255,0.0,0.5018,-0.007,-0.0114,1.608,1.198,-0.32,-1.68,224.68,0.01,0.01,0.01,0.0,108415,999,3,0.42,0.07,0.0,0.02,48,-155,-222,0,1.69,-0.01,0.0039,0.0133,17.68,17.08,9.44
148.575,before,-15.4,52.1376521,21.1604513,84.09,52.1376544,21.1604546,29,0.51,1.479,255,-0.1672,0.6688,0.0063,0.0143,1.634,1.198,-0.37,-1.58,224.76,0.0,0.0,0.02,0.03,108415,999,3,0.42,0.07,0.01,-0.01,48,-9,-438,0,1.69,0.0,0.0028,0.0145,17.06,16.1,9.16
148.675,before,-15.299,52.1376512,21.1604498,84.09,52.1376525,21.1604515,29,0.51,1.466,255,0.0,1.3379,-0.005,-0.0344,1.626,1.193,-0.32,-1.76,224.79,0.0,0.0,0.05,0.02,108415,999,3,0.42,0.07,0.01,-0.01,48,-214,-225,0,1.67,0.0,0.0015,0.005,17.74,16.12,8.78
148.775,before,-15.199,52.1376502,21.1604482,84.08,52.1376525,21.1604515,29,0.51,1.466,255,0.0,1.1707,0.0192,0.0229,1.59,1.187,-0.39,-1.8,224.8,0.01,0.01,0.0,0.01,108415,999,3,0.42,0.07,-0.02,0.0,48,31,-208,0,1.67,-0.03,0.003,0.0054,18.17,16.52,8.36
148.875,before,-15.099,52.1376493,21.1604467,84.08,52.1376525,21.1604515,29,0.51,1.466,255,0.0,0.6688,0.0418,0.0056,1.586,1.18,-0.24,-1.72,224.81,0.01,0.01,0.01,0.01,108415,999,3,0.42,0.07,-0.02,0.0,48,-27,-299,0,1.66,-0.03,0.0024,0.0048,17.16,17.72,9.3
148.975,before,-15.0,52.1376483,21.1604452,84.07,52.1376507,21.1604485,29,0.51,1.44,255,-0.1673,0.669,-0.0225,0.0135,1.58,1.174,-0.24,-1.83,224.77,0.02,0.0,0.0,0.01,108415,999,3,0.42,0.07,-0.01,-0.02,48,-13,-220,0,1.66,0.0,0.0045,0.0071,17.12,17.79,10.47
149.075,before,-14.899,52.1376474,21.1604437,84.06,52.1376507,21.1604485,29,0.51,1.44,255,0.0,0.6688,0.0354,-0.0021,1.58,1.169,-0.31,-1.78,224.76,0.02,0.0,0.0,0.01,108415,999,3,0.42,0.07,-0.01,-0.02,48,13,378,0,1.66,0.0,0.0034,0.0064,17.44,18.31,10.8
149.175,before,-14.8,52.1376465,21.1604422,84.06,52.1376489,21.1604455,29,0.51,1.462,255,0.0,0.5017,0.0043,-0.0233,1.57,1.164,-0.19,-2.03,224.75,0.02,0.0,0.0,0.0,108415,999,3,0.42,0.07,-0.05,0.02,48,-43,-210,0,1.66,0.0,0.007,0.0121,16.76,17.97,11.45
149.275,before,-14.7,52.1376455,21.1604407,84.06,52.1376489,21.1604455,29,0.51,1.462,255,-0.1672,1.3376,0.0493,0.0271,1.57,1.163,-0.11,-1.94,224.74,0.02,0.0,0.03,0.0,108415,999,3,0.42,0.07,-0.05,0.02,48,2,-275,0,1.66,0.0,0.0054,0.0153,16.88,18.52,12.37
149.375,before,-14.599,52.1376446,21.1604392,84.06,52.1376469,21.1604425,29,0.51,1.478,255,-0.1672,0.6689,-0.0182,-0.0016,1.562,1.163,-0.1,-2.05,224.7,0.02,0.01,0.01,0.0,108415,999,3,0.42,0.07,0.02,-0.03,48,-195,-223,0,1.66,0.0,0.0046,0.013,16.32,17.26,10.87
149.475,before,-14.5,52.1376436,21.1604377,84.05,52.1376469,21.1604425,29,0.51,1.478,255,0.0,0.5017,0.0032,0.0172,1.572,1.16,-0.22,-1.95,224.71,0.02,0.01,0.02,0.0,108415,999,3,0.42,0.07,0.02,-0.03,48,-13,-285,0,1.64,0.0,0.0033,0.0065,16.0,20.81,11.68
149.575,before,-14.4,52.1376427,21.1604362,84.05,52.137645,21.1604395,29,0.51,1.511,255,0.0,1.1707,-0.026,-0.0287,1.538,1.157,-0.14,-2.2,224.7,0.04,0.0,0.01,0.0,108415,999,3,0.42,0.07,0.02,0.02,48,-53,285,0,1.65,-0.01,0.0016,0.0042,17.27,20.69,11.47
149.675,before,-14.299,52.1376417,21.1604347,84.05,52.137643,21.1604365,28,0.51,1.487,255,0.0,0.8361,-0.0018,0.035,1.55,1.155,-0.24,-2.18,224.65,0.04,0.0,0.03,0.01,108415,999,3,0.42,0.07,0.02,0.02,48,35,-258,0,1.65,0.0,0.0026,0.0115,16.58,21.0,12.96
149.775,before,-14.2,52.1376407,21.1604332,84.05,52.137643,21.1604365,28,0.51,1.487,255,-0.1673,0.6691,0.0175,-0.0134,1.55,1.158,-0.19,-2.1,224.54,0.04,0.01,0.0,0.01,108415,999,3,0.42,0.07,0.01,-0.01,48,-210,356,0,1.65,0.01,0.0044,0.0131,16.45,20.1,12.03
149.875,before,-14.099,52.1376397,21.1604317,84.05,52.137643,21.1604365,28,0.51,1.487,255,0.0,0.6689,-0.0142,0.0202,1.512,1.158,-0.19,-2.17,224.4,0.04,0.01,0.01,0.01,108415,999,3,0.42,0.07,0.01,-0.01,48,-38,580,0,1.64,0.01,0.0022,0.0056,15.38,20.48,11.45
149.975,before,-14.0,52.1376388,21.1604302,84.05,52.137641,21.1604336,28,0.51,1.532,255,0.0,0.8363,0.0516,0.0419,1.498,1.158,-0.08,-1.93,224.33,0.04,0.0,0.02,0.0,108415,999,3,0.42,0.07,0.01,0.01,48,-183,-326,0,1.64,0.04,0.0035,0.0056,15.27,19.23,11.1
150.075,before,-13.899,52.1376378,21.1604287,84.05,52.137639,21.1604306,28,0.51,1.488,255,0.0,1.5053,0.018,0.0507,1.49,1.157,0.14,-1.77,224.27,0.04,0.0,0.0,0.0,108415,999,3,0.42,0.08,0.01,0.01,48,-80,-330,0,1.64,0.04,0.0024,0.0056,17.31,19.34,9.3
150.175,before,-13.799,52.1376368,21.1604272,84.05,52.137639,21.1604306,28,0.51,1.488,255,0.0,1.6724,0.0246,0.1631,1.472,1.153,0.16,-1.07,224.32,0.04,0.01,0.0,0.01,108415,999,3,0.42,0.08,0.01,-0.02,48,-25,-405,0,1.62,0.04,0.0028,0.0059,17.9,16.9,8.46
150.275,before,-13.7,52.1376358,21.1604257,84.04,52.137639,21.1604306,28,0.51,1.488,255,0.0,0.669,0.0062,0.1225,1.484,1.149,0.27,-0.3,224.34,0.04,0.01,0.0,0.0,108415,999,3,0.42,0.08,0.01,-0.02,48,-51,551,0,1.62,0.04,0.002,0.0045,17.21,18.6,10.24
150.375,before,-13.6,52.1376348,21.1604243,84.04,52.137637,21.1604278,28,0.51,1.466,255,0.0,0.669,0.0157,0.1586,1.522,1.144,0.19,0.49,224.41,0.06,0.01,0.01,0.0,108415,999,3,0.42,0.08,0.05,-0.07,48,9,-248,0,1.6,0.03,0.0113,0.0205,16.64,19.3,10.92
150.475,before,-13.499,52.1376338,21.160423,84.03,52.137637,21.1604278,28,0.51,1.466,255,0.0,0.8363,0.0703,0.1371,1.552,1.138,0.48,1.32,224.56,0.06,0.01,0.01,0.0,108415,999,3,0.42,0.08,0.05,-0.07,48,-80,-429,0,1.6,0.01,0.007,0.0114,17.47,18.2,11.65
150.575,before,-13.399,52.1376329,21.1604217,84.03,52.1376351,21.160425,29,0.51,1.396,255,0.0,0.6688,0.0016,0.1528,1.564,1.131,0.56,2.02,224.71,0.02,0.0,0.03,0.02,108415,999,3,0.42,0.08,0.0,-0.03,48,-47,-365,0,1.58,-0.01,0.0083,0.0192,17.77,19.85,9.98
150.676,before,-13.299,52.1376321,21.1604204,84.02,52.1376334,21.1604224,29,0.51,1.293,255,0.0,1.338,0.0582,0.1163,1.538,1.123,0.73,2.77,224.9,0.02,0.0,0.01,0.01,112511,999,3,0.42,0.07,0.0,-0.03,48,-60,340,0,1.58,-0.04,0.0056,0.0151,17.87,18.93,10.02
150.776,before,-13.199,52.1376313,21.1604193,84.01,52.1376334,21.1604224,29,0.51,1.293,255,0.0,0.5017,-0.0052,0.1192,1.518,1.113,0.83,3.31,224.96,0.04,0.0,0.01,0.02,112511,999,3,0.42,0.07,-0.05,0.0,48,-38,251,0,1.58,-0.05,0.0059,0.0145,17.06,19.33,9.04
150.875,before,-13.099,52.1376306,21.1604181,84.0,52.1376334,21.1604224,29,0.51,1.293,255,0.0,0.6689,-0.0003,0.1271,1.516,1.106,0.73,4.16,225.04,0.04,0.0,0.0,0.04,112511,999,3,0.42,0.07,-0.05,0.0,48,-188,-434,0,1.58,-0.01,0.0038,0.0095,16.88,18.38,9.27
150.975,before,-12.999,52.1376299,21.1604171,84.0,52.1376319,21.1604199,29,0.51,1.104,255,0.0,0.8359,-0.0209,0.0834,1.514,1.1,0.66,4.61,225.04,0.01,0.0,0.0,0.02,112511,999,3,0.42,0.07,-0.01,-0.04,48,-17,345,0,1.57,-0.01,0.0048,0.009,16.49,17.62,9.13
151.075,before,-12.899,52.1376293,21.1604162,83.99,52.1376306,21.1604178,29,0.51,0.925,255,0.0,0.5017,0.0117,0.1506,1.516,1.096,0.59,5.45,225.0,0.01,0.0,0.0,0.01,112511,999,3,0.42,0.06,-0.01,-0.04,48,4,-310,0,1.57,0.0,0.003,0.0055,15.27,16.48,9.37
151.175,before,-12.799,52.1376288,21.1604154,83.99,52.1376306,21.1604178,29,0.51,0.925,255,0.0,0.5018,-0.0311,0.0486,1.552,1.094,0.54,5.83,224.8,0.02,0.0,0.0,0.01,112511,999,3,0.42,0.06,-0.05,0.03,48,-16,-322,0,1.57,0.0,0.0063,0.0081,16.64,16.06,7.54
151.275,before,-12.699,52.1376284,21.1604147,83.99,52.1376306,21.1604178,29,0.51,0.925,255,-0.1672,0.3343,0.0043,-0.002,1.567,1.092,0.42,6.07,224.56,0.02,0.0,0.01,0.01,112511,999,3,0.42,0.06,-0.05,0.03,48,25,-80,0,1.57,-0.04,0.0045,0.006,17.18,14.7,7.06
151.375,before,-12.599,52.1376281,21.1604141,83.98,52.1376296,21.160416,29,0.51,0.749,255,-0.1672,0.1672,-0.0005,-0.038,1.56,1.088,0.4,5.69,224.31,0.03,0.01,0.01,0.0,112511,999,3,0.42,0.07,0.08,0.03,48,-175,-141,0,1.57,-0.05,0.0047,0.0039,16.46,16.43,8.48
151.475,before,-12.499,52.1376278,21.1604136,83.98,52.1376296,21.160416,29,0.51,0.749,255,0.0,0.1673,-0.0142,-0.09,1.556,1.083,0.33,5.26,224.12,0.03,0.01,0.04,0.01,112511,999,3,0.42,0.07,0.08,0.03,48,1,75,0,1.57,-0.05,0.0034,0.0041,14.78,17.59,9.84
151.575,before,-12.399,52.1376276,21.1604132,83.97,52.1376289,21.1604147,28,0.51,0.443,255,0.0,0.1672,0.0195,-0.0621,1.534,1.075,0.2,4.76,223.93,0.03,0.01,0.05,0.02,112511,999,3,0.42,0.07,-0.05,-0.02,48,48,3,0,1.56,-0.06,0.004,0.0108,16.14,18.21,9.47
151.676,before,-12.299,52.1376275,21.1604129,83.96,52.1376289,21.1604147,28,0.51,0.443,255,-0.1672,0.0,0.0056,-0.1333,1.522,1.067,0.24,4.07,223.71,0.03,0.01,0.01,0.03,112511,999,3,0.42,0.07,-0.05,-0.02,48,-8,-37,0,1.56,-0.04,0.0027,0.0082,15.62,17.82,8.57
151.776,before,-12.199,52.1376274,21.1604127,83.95,52.1376285,21.1604139,28,0.51,0.28,255,-0.1672,0.0,0.0081,-0.0935,1.498,1.057,0.1,3.3,223.55,0.01,0.0,0.01,0.0,112511,999,3,0.42,0.08,0.0,-0.01,48,-125,0,0,1.55,-0.04,0.0034,0.0099,15.78,17.83,9.89
151.875,before,-12.099,52.1376274,21.1604126,83.94,52.1376285,21.1604139,28,0.51,0.28,255,0.0,0.0,0.0184,-0.143,1.498,1.049,0.19,2.53,223.37,0.01,0.0,0.02,0.03,112511,999,3,0.42,0.08,0.0,-0.01,48,-13,-1,0,1.55,-0.02,0.0022,0.0078,16.29,17.48,9.22
151.975,before,-11.999,52.1376274,21.1604125,83.94,52.1376284,21.1604133,28,0.51,0.166,255,0.0,0.0,0.0144,-0.0897,1.512,1.046,0.1,1.79,223.1,0.05,0.01,0.03,0.0,112511,999,3,0.42,0.11,-0.11,0.04,48,-121,-71,0,1.55,-0.02,0.0141,0.0165,14.04,18.09,10.0
152.076,before,-11.899,52.1376275,21.1604125,83.94,52.1376286,21.160413,28,0.51,0.118,255,0.0,-0.1672,-0.0113,-0.1579,1.524,1.044,0.12,1.08,222.84,0.05,0.01,0.0,0.01,112511,999,3,0.42,0.11,-0.11,0.04,48,-173,-93,0,1.55,-0.04,0.0095,0.0113,14.3,19.5,9.61
152.175,before,-11.799,52.1376276,21.1604124,83.94,52.1376286,21.160413,28,0.51,0.118,255,0.0,0.0,-0.0022,-0.0966,1.518,1.042,-0.03,0.41,222.62,0.03,0.01,0.03,0.0,112511,999,3,0.42,0.11,-0.07,0.03,48,-119,-188,0,1.54,-0.04,0.0152,0.0194,14.52,17.64,8.84
152.275,before,-11.699,52.1376277,21.1604124,83.93,52.1376286,21.160413,28,0.51,0.118,255,-0.1673,-0.1673,-0.0356,-0.1417,1.53,1.039,-0.03,-0.34,222.52,0.03,0.01,0.04,0.01,112511,999,3,0.42,0.11,-0.07,0.03,48,-162,157,0,1.54,-0.05,0.0096,0.0136,15.07,19.01,9.05
152.375,before,-11.599,52.1376278,21.1604124,83.93,52.1376287,21.1604128,28,0.51,0.095,255,0.0,-0.1672,0.0085,-0.0884,1.536,1.035,-0.15,-0.94,222.52,0.02,0.01,0.03,0.01,112511,999,3,0.42,0.11,-0.06,0.03,48,56,-31,0,1.54,-0.07,0.0152,0.0215,13.87,18.27,9.06
152.475,before,-11.499,52.1376279,21.1604123,83.93,52.1376287,21.1604128,28,0.51,0.095,255,-0.1672,0.0,-0.024,-0.0907,1.548,1.032,-0.19,-1.54,222.54,0.02,0.01,0.0,0.01,108415,999,3,0.42,0.11,-0.06,0.03,48,10,-8,0,1.55,-0.07,0.0091,0.0137,12.94,17.84,9.08
152.575,before,-11.399,52.1376279,21.1604123,83.92,52.1376289,21.1604128,28,0.51,0.055,255,0.0,0.0,0.0085,-0.0345,1.518,1.028,-0.19,-1.76,222.63,0.01,0.01,0.03,0.01,108415,999,3,0.42,0.13,0.0,0.0,48,16,-125,0,1.54,-0.08,0.0074,0.0152,13.95,16.42,8.81
152.675,before,-11.299,52.1376279,21.1604122,83.91,52.1376289,21.1604128,28,0.51,0.055,255,-0.1673,0.0,-0.0322,0.0206,1.52,1.019,-0.29,-1.75,222.75,0.01,0.01,0.05,0.15,108415,999,3,0.42,0.13,0.0,0.0,48,13,29,0,1.52,-0.08,0.005,0.0246,14.35,17.37,8.07
152.775,before,-11.199,52.137628,21.1604122,83.91,52.137629,21.1604128,29,0.51,0.086,255,0.0,0.0,0.0168,0.0195,1.54,1.011,-0.21,-1.5,222.89,0.07,0.01,0.03,0.17,108415,999,3,0.42,0.14,-0.07,0.03,48,13,-22,0,1.53,-0.07,0.0092,0.0178,12.71,17.12,9.25
152.876,before,-11.099,52.137628,21.1604122,83.9,52.137629,21.1604128,29,0.51,0.086,255,0.0,0.0,-0.0272,0.0344,1.528,1.0,-0.28,-1.36,222.98,0.07,0.01,0.05,0.14,108415,999,3,0.42,0.14,-0.07,0.03,48,-12,-26,0,1.51,-0.07,0.0051,0.0241,14.35,16.33,8.91
152.975,before,-10.999,52.137628,21.1604122,83.88,52.1376291,21.1604127,29,0.51,0.072,255,0.0,0.0,0.0147,0.0269,1.54,0.99,-0.25,-1.08,223.06,0.04,0.01,0.04,0.19,108415,999,3,0.42,0.12,-0.05,0.06,48,9,-76,0,1.5,-0.11,0.0092,0.0237,15.94,18.89,7.94
153.075,before,-10.899,52.1376281,21.1604121,83.87,52.1376291,21.1604127,29,0.51,0.072,255,-0.1672,0.0,-0.0281,0.0185,1.548,0.978,-0.3,-1.03,223.14,0.04,0.01,0.04,0.11,108415,999,3,0.42,0.12,-0.05,0.06,48,-22,-9,0,1.49,-0.13,0.0051,0.0247,15.78,16.86,7.78
153.175,before,-10.799,52.1376281,21.160412,83.86,52.137629,21.1604125,28,0.51,0.045,255,0.0,0.0,0.0094,0.0287,1.552,0.967,-0.27,-0.72,223.25,0.02,0.0,0.01,0.02,108415,999,3,0.42,0.09,0.0,0.02,48,8,79,0,1.5,-0.13,0.0045,0.0165,16.31,17.72,7.97
153.275,before,-10.699,52.1376281,21.160412,83.85,52.137629,21.1604125,28,0.51,0.045,255,0.0,0.0,-0.0343,0.028,1.553,0.955,-0.37,-0.62,223.36,0.02,0.0,0.06,0.0,108415,999,3,0.42,0.09,0.0,0.02,48,-20,-18,0,1.48,-0.15,0.0039,0.0272,15.03,14.74,8.34
153.375,before,-10.599,52.137628,21.1604119,83.83,52.1376289,21.1604125,28,0.51,0.08,255,0.0,0.1673,0.0384,0.0169,1.555,0.935,-0.26,-0.46,223.48,0.02,0.0,0.08,0.01,108415,999,3,0.42,0.13,0.03,0.0,48,-34,-61,0,1.45,-0.19,0.0088,0.0452,15.89,16.17,8.39
153.475,before,-10.499,52.137628,21.1604119,83.81,52.1376289,21.1604125,28,0.51,0.08,255,0.1672,0.0,0.015,0.0349,1.56,0.916,-0.18,-0.41,223.6,0.02,0.0,0.0,0.01,108415,999,3,0.42,0.13,0.03,0.0,48,145,-35,0,1.45,-0.19,0.0065,0.0285,13.82,16.46,9.04
153.575,before,-10.399,52.137628,21.1604119,83.79,52.1376288,21.1604125,28,0.51,0.069,255,0.1672,0.0,0.0158,-0.0127,1.578,0.897,-0.03,-0.4,223.64,0.01,0.0,0.06,0.02,108415,999,3,0.42,0.12,-0.01,-0.03,48,-70,-15,0,1.43,-0.21,0.0076,0.0363,14.39,16.37,9.0
153.675,before,-10.299,52.137628,21.1604119,83.77,52.1376288,21.1604125,28,0.51,0.069,255,0.1673,0.0,0.0147,0.0309,1.576,0.876,0.06,-0.28,223.61,0.01,0.0,0.06,0.02,108415,999,3,0.42,0.12,-0.01,-0.03,48,-53,-21,0,1.41,-0.21,0.0082,0.0404,14.32,16.18,9.04
153.776,before,-10.199,52.137628,21.1604119,83.75,52.1376287,21.1604126,29,0.51,0.08,255,0.1673,0.0,0.0089,-0.0383,1.57,0.857,0.25,-0.32,223.51,0.03,0.0,0.02,0.01,108415,999,3,0.42,0.11,0.03,0.0,48,-94,-62,0,1.41,-0.25,0.0065,0.0263,13.4,15.35,8.7
153.876,before,-10.099,52.1376279,21.160412,83.73,52.1376286,21.1604127,29,0.51,0.065,255,0.0,0.0,0.0318,0.0084,1.58,0.84,0.37,-0.29,223.36,0.03,0.0,0.03,0.01,108415,999,3,0.42,0.12,0.03,0.0,48,126,-12,0,1.4,-0.25,0.0063,0.0241,14.46,17.66,9.09
153.976,before,-9.999,52.1376279,21.160412,83.72,52.1376286,21.1604127,29,0.51,0.065,255,0.0,0.0,-0.0135,-0.0066,1.574,0.825,0.32,-0.39,223.08,0.03,0.0,0.03,0.02,108415,999,3,0.42,0.12,-0.01,0.0,48,-76,7,0,1.4,-0.25,0.0043,0.0147,13.3,17.14,8.77
154.076,before,-9.899,52.1376278,21.1604121,83.71,52.1376285,21.1604129,29,0.51,0.101,255,0.0,0.1672,0.0257,-0.0252,1.582,0.811,0.41,-0.39,222.8,0.03,0.0,0.02,0.0,108415,999,3,0.42,0.11,-0.01,0.0,48,-66,-34,0,1.4,-0.26,0.0043,0.0126,12.59,16.36,8.45
154.175,before,-9.799,52.1376278,21.1604121,83.69,52.1376285,21.1604129,29,0.51,0.101,255,0.0,0.0,0.0059,-0.0134,1.574,0.799,0.51,-0.5,222.54,0.01,0.0,0.02,0.02,108415,999,3,0.42,0.11,0.02,-0.01,48,79,18,0,1.4,-0.26,0.0056,0.0097,14.49,16.23,7.89
154.275,before,-9.7,52.1376278,21.1604122,83.68,52.1376285,21.1604129,29,0.51,0.101,255,0.1672,0.0,0.0014,-0.0422,1.595,0.785,0.6,-0.61,222.41,0.01,0.0,0.04,0.01,108415,999,3,0.42,0.11,0.02,-0.01,48,87,-3,0,1.39,-0.26,0.0052,0.0115,14.24,16.52,7.79
154.375,before,-9.599,52.1376277,21.1604123,83.67,52.1376285,21.160413,28,0.51,0.027,255,0.0,0.0,0.0108,0.017,1.598,0.771,0.54,-0.57,222.39,0.03,0.0,0.04,0.01,108415,999,3,0.42,0.12,-0.03,0.01,48,148,-7,0,1.39,-0.29,0.0009,0.0048,13.69,15.32,8.23
154.475,before,-9.499,52.1376277,21.1604123,83.65,52.1376285,21.160413,28,0.51,0.027,255,0.0,0.0,0.0068,-0.0269,1.608,0.755,0.61,-0.7,222.45,0.03,0.0,0.05,0.0,108415,999,3,0.42,0.12,-0.03,0.01,48,-38,36,0,1.37,-0.31,0.0019,0.0117,13.68,15.87,8.33
154.575,before,-9.4,52.1376277,21.1604124,83.63,52.1376284,21.1604131,28,0.51,0.064,255,0.0,0.0,-0.0032,0.0215,1.61,0.736,0.51,-0.71,222.59,0.01,0.0,0.06,0.0,108415,999,3,0.41,0.13,0.0,-0.04,48,17,19,0,1.36,-0.3,0.0047,0.0185,15.11,18.56,7.88
154.675,before,-9.3,52.1376277,21.1604124,83.61,52.1376284,21.1604131,28,0.51,0.064,255,0.0,0.0,-0.0146,-0.0245,1.6,0.715,0.48,-0.81,222.75,0.01,0.0,0.05,0.01,108415,999,3,0.41,0.13,0.0,-0.04,48,161,29,0,1.34,-0.35,0.0047,0.0189,14.92,16.61,8.02
154.775,before,-9.199,52.1376277,21.1604125,83.6,52.1376284,21.1604132,29,0.51,0.029,255,0.0,0.0,-0.0009,-0.0044,1.602,0.701,0.52,-0.72,222.91,0.03,0.0,0.0,0.0,108415,999,3,0.42,0.12,-0.01,0.0,48,119,-29,0,1.36,-0.33,0.0025,0.0039,13.62,18.11,8.1
154.875,before,-9.099,52.1376277,21.1604125,83.58,52.1376284,21.1604132,29,0.51,0.029,255,0.0,0.0,-0.039,-0.0294,1.612,0.689,0.41,-0.84,223.03,0.03,0.0,0.01,0.02,108415,999,3,0.42,0.12,-0.01,0.0,48,-17,8,0,1.35,-0.33,0.0027,0.0059,13.58,17.68,8.23
154.975,before,-9.0,52.1376277,21.1604125,83.57,52.1376283,21.1604133,29,0.51,0.071,255,0.1672,0.0,0.0223,0.0286,1.616,0.68,0.36,-0.76,223.17,0.05,0.0,0.03,0.01,108415,999,3,0.42,0.12,0.04,0.0,48,20,5,0,1.36,-0.33,0.0068,0.0129,12.91,18.04,9.25
155.075,before,-8.899,52.1376277,21.1604125,83.57,52.1376283,21.1604133,29,0.51,0.012,255,0.1672,0.0,0.0266,-0.0264,1.61,0.674,0.49,-0.82,223.33,0.05,0.0,0.01,0.01,108415,999,3,0.42,0.13,0.04,0.0,48,-28,-14,0,1.37,-0.33,0.0062,0.019,13.69,17.82,8.77
155.175,before,-8.8,52.1376276,21.1604125,83.56,52.1376283,21.1604133,29,0.51,0.012,255,0.0,0.0,-0.0168,0.0482,1.614,0.669,0.41,-0.78,223.46,0.04,0.0,0.02,0.01,108415,999,3,0.42,0.13,-0.01,0.02,48,-2,21,0,1.37,-0.32,0.0053,0.0186,12.89,17.23,9.07
155.275,before,-8.699,52.1376276,21.1604125,83.56,52.1376283,21.1604133,29,0.51,0.012,255,0.0,0.0,0.0229,0.0205,1.614,0.662,0.38,-0.59,223.6,0.04,0.0,0.02,0.0,108415,999,3,0.42,0.13,-0.01,0.02,48,7,119,0,1.37,-0.33,0.0036,0.0129,14.75,18.52,8.78
155.375,before,-8.6,52.1376276,21.1604125,83.55,52.1376282,21.1604134,29,0.51,0.065,255,0.0,0.0,-0.037,0.0129,1.614,0.656,0.23,-0.61,223.72,0.03,0.0,0.0,0.02,108415,999,3,0.42,0.11,0.03,-0.04,48,12,162,0,1.38,-0.32,0.0078,0.0231,13.66,17.29,8.77
155.475,before,-8.499,52.1376275,21.1604126,83.54,52.1376282,21.1604135,29,0.51,0.044,255,0.0,0.0,0.0024,-0.0149,1.612,0.645,0.2,-0.54,223.8,0.03,0.0,0.06,0.01,108415,999,3,0.42,0.14,0.03,-0.04,48,5,-45,0,1.36,-0.34,0.005,0.009,13.48,18.13,8.66
155.575,before,-8.4,52.1376275,21.1604126,83.53,52.1376282,21.1604135,29,0.51,0.044,255,0.0,0.0,0.0024,0.0221,1.614,0.636,0.25,-0.55,223.92,0.04,0.0,0.02,0.0,108415,999,3,0.42,0.14,-0.06,0.02,48,-3,0,0,1.36,-0.34,0.003,0.0082,12.52,15.13,8.56
155.675,before,-8.299,52.1376275,21.1604126,83.52,52.1376282,21.1604136,29,0.51,0.094,255,0.0,0.0,0.0378,-0.0071,1.63,0.627,0.46,-0.42,224.07,0.04,0.0,0.01,0.01,108415,999,3,0.42,0.13,-0.06,0.02,48,-75,130,0,1.36,-0.33,0.003,0.0155,14.6,18.38,8.64
155.775,before,-8.2,52.1376275,21.1604126,83.52,52.1376282,21.1604136,29,0.51,0.094,255,0.0,-0.1672,-0.0349,0.0142,1.616,0.623,0.36,-0.55,224.12,0.03,0.0,0.01,0.0,108415,999,3,0.42,0.13,0.08,-0.02,48,-22,46,0,1.37,-0.33,0.0077,0.0247,14.11,15.19,7.69
155.875,before,-8.099,52.1376275,21.1604126,83.52,52.137628,21.1604137,29,0.51,0.083,255,0.0,0.0,0.0283,-0.0009,1.624,0.62,0.39,-0.48,224.17,0.03,0.0,0.01,0.0,108415,999,3,0.42,0.12,0.08,-0.02,48,23,-16,0,1.37,-0.33,0.0063,0.0252,15.71,15.88,7.86
155.975,before,-8.0,52.1376275,21.1604126,83.51,52.137628,21.1604137,29,0.51,0.083,255,0.0,0.0,-0.0056,0.0294,1.63,0.619,0.36,-0.53,224.19,0.03,0.0,0.01,0.0,108415,999,3,0.42,0.12,0.06,0.02,48,-29,30,0,1.38,-0.32,0.0093,0.0311,14.47,16.2,8.2
156.075,before,-7.899,52.1376275,21.1604126,83.51,52.137628,21.1604137,29,0.51,0.013,255,0.0,0.0,0.0237,-0.0102,1.63,0.616,0.47,-0.52,224.2,0.03,0.0,0.0,0.0,108415,999,3,0.42,0.13,0.06,0.02,48,-23,-12,0,1.38,-0.32,0.0066,0.0245,13.58,15.79,9.05
156.175,before,-7.8,52.1376275,21.1604126,83.51,52.137628,21.1604137,29,0.51,0.013,255,0.0,0.0,-0.003,0.0299,1.634,0.611,0.43,-0.39,224.31,0.01,0.0,0.02,0.01,108415,999,3,0.42,0.13,-0.02,-0.01,48,-14,-24,0,1.38,-0.33,0.0036,0.0151,15.05,17.78,8.32
156.275,before,-7.7,52.1376274,21.1604126,83.5,52.137628,21.1604137,29,0.51,0.013,255,0.0,0.0,-0.0058,-0.0383,1.628,0.601,0.47,-0.43,224.42,0.01,0.0,0.02,0.03,108415,999,3,0.42,0.13,-0.02,-0.01,48,-15,-13,0,1.37,-0.34,0.0025,0.0088,14.54,15.15,7.69
156.375,before,-7.6,52.1376274,21.1604127,83.49,52.1376279,21.1604138,29,0.51,0.046,255,0.0,0.0,0.0028,0.0393,1.626,0.591,0.43,-0.31,224.5,0.0,0.0,0.0,0.0,108415,999,3,0.42,0.14,0.0,-0.01,48,6,-18,0,1.37,-0.34,0.0039,0.0099,13.46,16.39,8.43
156.475,before,-7.499,52.1376274,21.1604127,83.47,52.1376278,21.160414,29,0.51,0.101,255,0.1672,0.0,0.0004,-0.0396,1.62,0.578,0.51,-0.28,224.43,0.0,0.0,0.03,0.01,108415,999,3,0.42,0.14,0.0,-0.01,48,-37,131,0,1.36,-0.34,0.0031,0.0055,14.73,20.24,8.89
156.575,before,-7.4,52.1376273,21.1604128,83.46,52.1376278,21.160414,29,0.51,0.101,255,0.0,0.0,0.0022,0.0184,1.608,0.565,0.41,-0.29,224.31,0.03,0.0,0.01,0.01,108415,999,3,0.42,0.14,0.1,-0.02,48,178,-5,0,1.35,-0.35,0.0096,0.0139,13.46,17.2,8.63
156.675,before,-7.299,52.1376273,21.1604128,83.45,52.1376277,21.1604141,29,0.51,0.06,255,0.0,0.0,0.0264,-0.0313,1.62,0.551,0.62,-0.3,224.14,0.03,0.0,0.01,0.0,108415,999,3,0.42,0.09,0.1,-0.02,48,-60,0,0,1.34,-0.35,0.0066,0.0104,14.91,18.08,8.69
156.775,before,-7.2,52.1376273,21.1604129,83.44,52.1376277,21.1604141,29,0.51,0.06,255,0.0,0.0,0.0121,0.039,1.622,0.542,0.7,-0.22,223.92,0.05,0.0,0.0,0.02,108415,999,3,0.42,0.09,-0.01,-0.05,48,-25,-5,0,1.35,-0.35,0.0072,0.0153,14.19,18.36,8.54
156.875,before,-7.099,52.1376273,21.1604129,83.42,52.1376278,21.1604141,29,0.51,0.089,255,0.0,0.0,0.0047,-0.0316,1.61,0.53,0.78,-0.31,223.63,0.05,0.0,0.04,0.0,108415,999,3,0.42,0.12,-0.01,-0.05,48,-8,-9,0,1.33,-0.35,0.0045,0.0082,12.54,16.15,8.47
156.975,before,-7.0,52.1376273,21.1604129,83.42,52.1376278,21.1604141,29,0.51,0.089,255,0.0,0.0,-0.0173,0.0143,1.618,0.52,0.67,-0.36,223.35,0.04,0.0,0.01,0.0,108415,999,3,0.42,0.12,-0.05,0.06,48,189,50,0,1.33,-0.37,0.0036,0.0068,13.4,16.28,7.92
157.075,before,-6.899,52.1376273,21.160413,83.4,52.1376279,21.1604141,29,0.51,0.043,255,0.0,0.0,-0.014,-0.0458,1.624,0.509,0.6,-0.52,223.04,0.04,0.0,0.03,0.01,108415,999,3,0.42,0.14,-0.05,0.06,48,26,24,0,1.32,-0.37,0.0022,0.0008,13.42,13.99,7.65
157.175,before,-6.8,52.1376273,21.160413,83.4,52.1376279,21.1604141,29,0.51,0.043,255,0.0,0.0,-0.0224,0.0137,1.62,0.504,0.4,-0.57,222.68,0.05,0.0,0.02,0.0,108415,999,3,0.42,0.14,0.01,0.0,48,44,-110,0,1.34,-0.36,0.0049,0.0188,14.65,17.17,7.69
157.275,before,-6.7,52.1376274,21.160413,83.39,52.1376279,21.1604141,29,0.51,0.043,255,0.0,0.0,0.0107,-0.0372,1.616,0.499,0.48,-0.67,222.29,0.05,0.0,0.01,0.0,108415,999,3,0.42,0.14,0.01,0.0,48,9,9,0,1.33,-0.37,0.0028,0.0129,13.54,16.36,9.08
157.375,before,-6.6,52.1376274,21.160413,83.39,52.1376279,21.1604142,29,0.51,0.029,255,0.0,0.0,-0.0087,0.0467,1.614,0.492,0.41,-0.62,221.92,0.01,0.0,0.01,0.0,108415,999,3,0.42,0.09,0.0,-0.01,48,36,30,0,1.33,-0.37,0.0029,0.0122,12.98,15.2,8.16
157.475,before,-6.499,52.1376274,21.160413,83.38,52.137628,21.1604142,29,0.48,0.034,255,0.0,0.0,-0.0031,-0.0142,1.608,0.487,0.48,-0.47,221.56,0.01,0.0,0.02,0.01,108415,999,3,0.42,0.12,0.0,-0.01,48,-11,-20,0,1.34,-0.36,0.0028,0.0165,13.34,16.08,8.25
157.575,before,-6.4,52.1376274,21.160413,83.38,52.137628,21.1604142,29,0.48,0.034,255,0.0,0.0,-0.0339,0.0176,1.622,0.484,0.34,-0.49,221.22,0.04,0.0,0.0,0.01,108415,999,3,0.42,0.12,0.04,0.01,48,49,14,0,1.34,-0.35,0.0049,0.0181,13.33,15.5,8.77
157.675,before,-6.3,52.1376274,21.160413,83.38,52.137628,21.1604142,29,0.48,0.034,255,0.0,0.0,-0.0193,-0.0403,1.62,0.482,0.26,-0.49,220.92,0.04,0.0,0.03,0.0,108415,999,3,0.42,0.12,0.04,0.01,48,7,-12,0,1.35,-0.34,0.0043,0.0227,12.82,14.66,8.07
157.775,before,-6.199,52.1376275,21.160413,83.38,52.137628,21.1604142,29,0.51,0.058,255,0.0,-0.1672,-0.0183,0.0119,1.618,0.482,0.17,-0.62,220.72,0.04,0.0,0.0,0.0,108415,999,3,0.42,0.13,-0.03,0.0,48,38,27,0,1.37,-0.33,0.0057,0.0259,12.95,15.26,8.73
157.875,before,-6.099,52.1376275,21.160413,83.38,52.137628,21.1604142,29,0.51,0.058,255,0.0,0.0,0.019,-0.0088,1.608,0.481,0.18,-0.49,220.68,0.04,0.0,0.01,0.01,108415,999,3,0.42,0.13,-0.03,0.0,48,-119,-21,0,1.37,-0.33,0.004,0.022,12.85,15.21,7.38
157.975,before,-6.0,52.1376275,21.160413,83.38,52.1376281,21.1604141,29,0.51,0.099,255,0.0,0.0,-0.0378,0.0101,1.602,0.481,0.03,-0.57,220.75,0.04,0.0,0.0,0.01,108415,999,3,0.42,0.13,-0.06,0.02,48,33,37,0,1.37,-0.32,0.0074,0.024,11.45,13.15,7.53
158.075,before,-5.899,52.1376276,21.160413,83.37,52.1376281,21.1604142,29,0.51,0.066,255,0.0,0.0,-0.0036,0.0082,1.598,0.477,-0.14,-0.44,220.93,0.04,0.0,0.01,0.0,108415,999,3,0.42,0.14,-0.06,0.02,48,59,-43,0,1.37,-0.32,0.0044,0.0139,13.03,16.43,8.59
158.175,before,-5.8,52.1376276,21.160413,83.37,52.1376281,21.1604142,29,0.51,0.066,255,0.0,0.0,-0.027,-0.0088,1.586,0.473,-0.29,-0.58,221.14,0.04,0.0,0.0,0.0,108415,999,3,0.42,0.14,0.09,-0.03,48,32,41,0,1.36,-0.31,0.005,0.0124,13.01,14.79,8.7
158.275,before,-5.7,52.1376275,21.160413,83.36,52.1376281,21.1604142,29,0.51,0.066,255,0.1673,0.0,0.0601,0.0037,1.592,0.467,-0.06,-0.54,221.36,0.04,0.0,0.0,0.02,108415,999,3,0.42,0.14,0.09,-0.03,48,-32,-187,0,1.36,-0.32,0.0034,0.0095,12.91,15.19,8.45
158.375,before,-5.6,52.1376275,21.1604131,83.36,52.137628,21.1604143,29,0.51,0.046,255,0.0,0.0,0.0294,-0.0027,1.608,0.462,0.15,-0.61,221.54,0.05,0.0,0.01,0.0,108415,999,3,0.42,0.11,-0.03,-0.03,48,-46,29,0,1.36,-0.31,0.0056,0.0145,12.19,13.54,8.01
158.475,before,-5.499,52.1376275,21.1604132,83.35,52.137628,21.1604145,29,0.51,0.064,255,0.0,0.0,0.0734,0.014,1.62,0.46,0.48,-0.48,221.78,0.05,0.0,0.01,0.03,108415,999,3,0.42,0.09,-0.03,-0.03,48,67,-12,0,1.37,-0.31,0.0037,0.014,13.04,15.04,8.54
158.575,before,-5.399,52.1376275,21.1604133,83.35,52.137628,21.1604145,29,0.51,0.064,255,0.0,-0.1672,0.0093,-0.0195,1.61,0.457,0.68,-0.59,222.0,0.02,0.0,0.02,0.0,108415,999,3,0.42,0.09,0.01,-0.02,48,79,48,0,1.37,-0.33,0.0044,0.0108,12.49,15.21,8.25
158.675,before,-5.299,52.1376275,21.1604134,83.35,52.137628,21.1604145,29,0.51,0.064,255,0.0,0.0,0.0626,0.0111,1.596,0.452,0.92,-0.54,222.28,0.02,0.0,0.01,0.02,108415,999,3,0.42,0.09,0.01,-0.02,48,-84,-12,0,1.37,-0.31,0.0028,0.0108,12.25,13.85,7.19
158.775,before,-5.199,52.1376275,21.1604134,83.35,52.1376279,21.1604146,29,0.48,0.031,255,0.0,-0.1672,0.0218,-0.0186,1.59,0.452,1.13,-0.71,222.51,0.04,0.0,0.04,0.01,108415,999,3,0.42,0.12,-0.01,0.02,48,106,194,0,1.39,-0.28,0.0055,0.0256,11.64,14.16,7.32
158.875,before,-5.099,52.1376275,21.1604135,83.35,52.1376279,21.1604146,29,0.48,0.031,255,0.0,0.0,0.0423,-0.0219,1.59,0.454,1.29,-0.77,222.76,0.04,0.0,0.02,0.0,108415,999,3,0.42,0.12,-0.01,0.02,48,-30,15,0,1.4,-0.27,0.0042,0.0238,12.3,14.2,7.67
158.975,before,-5.0,52.1376275,21.1604135,83.35,52.1376279,21.1604148,29,0.48,0.046,255,0.0,0.0,-0.0236,0.0189,1.57,0.458,1.27,-0.79,222.92,0.03,0.0,0.03,0.0,108415,999,3,0.42,0.1,0.0,-0.02,48,-58,33,0,1.41,-0.25,0.0064,0.0304,12.27,13.81,7.52
159.075,before,-4.899,52.1376275,21.1604135,83.36,52.1376279,21.1604148,29,0.48,0.046,255,0.0,0.0,-0.0205,-0.0285,1.568,0.462,1.26,-0.72,223.02,0.03,0.0,0.01,0.02,108415,999,3,0.42,0.1,0.0,-0.02,48,-25,-37,0,1.42,-0.25,0.0041,0.0242,12.55,15.6,7.54
159.175,before,-4.8,52.1376275,21.1604136,83.36,52.1376278,21.1604149,29,0.48,0.013,255,0.0,0.0,-0.0034,0.0292,1.566,0.465,1.2,-0.64,223.07,0.01,0.0,0.01,0.0,108415,999,3,0.42,0.13,0.01,0.0,48,19,-4,0,1.42,-0.23,0.0039,0.0216,13.13,16.85,7.71
159.275,before,-4.7,52.1376275,21.1604135,83.36,52.1376278,21.1604149,29,0.48,0.013,255,0.0,0.0,-0.0182,-0.0184,1.562,0.466,1.16,-0.72,222.98,0.01,0.0,0.0,0.01,108415,999,3,0.42,0.13,0.01,0.0,48,8,11,0,1.42,-0.23,0.0019,0.0137,12.61,14.99,7.83
159.375,before,-4.6,52.1376275,21.1604135,83.36,52.1376277,21.1604149,29,0.48,0.058,255,0.0,0.0,0.0075,0.0196,1.56,0.465,1.05,-0.71,222.81,0.02,0.01,0.0,0.0,108415,999,3,0.42,0.13,0.06,0.0,48,57,-1,0,1.41,-0.23,0.0069,0.013,13.4,14.28,7.7
159.475,before,-4.499,52.1376275,21.1604135,83.36,52.1376276,21.1604148,29,0.48,0.039,255,0.0,-0.1672,-0.0477,-0.014,1.57,0.461,0.98,-0.8,222.5,0.02,0.01,0.0,0.0,108415,999,3,0.42,0.08,0.06,0.0,48,13,24,0,1.41,-0.23,0.0044,0.0086,13.62,13.53,7.59
159.575,before,-4.4,52.1376273,21.1604136,83.36,52.1376276,21.1604148,29,0.48,0.039,255,-0.1673,0.1673,-0.0156,0.0457,1.56,0.461,0.85,-0.5,222.2,0.02,0.01,0.04,0.0,108415,999,3,0.42,0.08,0.01,-0.02,48,45,-113,0,1.42,-0.23,0.0053,0.0175,13.51,15.36,7.78
159.675,before,-4.299,52.1376273,21.1604135,83.36,52.1376276,21.1604148,29,0.48,0.039,255,0.0,0.0,0.0022,0.0361,1.56,0.462,0.81,-0.38,221.91,0.02,0.01,0.02,0.02,108415,999,3,0.42,0.08,0.01,-0.02,48,45,-35,0,1.43,-0.22,0.0031,0.0143,13.22,14.04,7.82
159.775,before,-4.199,52.1376273,21.1604134,83.36,52.1376276,21.1604147,29,0.48,0.081,255,0.0,0.0,0.0228,-0.0084,1.556,0.463,0.84,-0.32,221.64,0.03,0.01,0.0,0.03,108415,999,3,0.42,0.09,0.01,0.0,48,41,-62,0,1.43,-0.21,0.0044,0.0144,12.11,14.78,8.07
159.875,before,-4.099,52.1376273,21.1604134,83.36,52.1376276,21.1604147,29,0.48,0.081,255,0.0,0.0,-0.0062,0.0379,1.56,0.463,0.76,-0.3,221.47,0.03,0.01,0.0,0.02,108415,999,3,0.42,0.09,0.01,0.0,48,19,-9,0,1.43,-0.21,0.0022,0.0086,11.43,14.37,8.1
159.975,before,-4.0,52.1376273,21.1604133,83.36,52.1376276,21.1604145,29,0.48,0.084,255,0.0,0.0,-0.0196,-0.0246,1.556,0.462,0.8,-0.31,221.36,0.01,0.0,0.0,0.0,108415,999,3,0.42,0.1,-0.02,0.02,48,30,100,0,1.43,-0.21,0.0017,0.0044,12.32,13.99,6.98
160.075,before,-3.899,52.1376273,21.1604132,83.35,52.1376276,21.1604145,29,0.48,0.084,255,0.0,0.0,-0.0076,0.0151,1.544,0.457,0.71,-0.24,221.35,0.01,0.0,0.02,0.01,108415,999,3,0.42,0.1,-0.02,0.02,48,-74,-16,0,1.42,-0.22,0.0028,0.0068,12.47,13.79,6.83
160.175,before,-3.799,52.1376273,21.1604131,83.35,52.1376277,21.1604143,29,0.48,0.065,255,0.0,0.0,-0.0568,0.0076,1.542,0.454,0.56,-0.23,221.35,0.03,0.0,0.0,0.0,108415,999,3,0.42,0.12,0.0,-0.02,48,55,-8,0,1.42,-0.2,0.0012,0.0015,11.38,12.83,7.21
160.275,before,-3.7,52.1376273,21.1604131,83.34,52.1376277,21.1604143,29,0.48,0.065,255,0.0,0.1672,0.0149,0.0321,1.518,0.449,0.37,-0.05,221.41,0.03,0.0,0.02,0.0,108415,999,3,0.42,0.12,0.0,-0.02,48,-217,-47,0,1.41,-0.2,0.0022,0.0082,11.3,13.11,7.12
160.375,before,-3.6,52.1376273,21.160413,83.34,52.1376278,21.160414,29,0.48,0.12,255,0.0,0.0,-0.045,0.0045,1.522,0.444,0.3,-0.06,221.43,0.02,0.0,0.01,0.01,108415,999,3,0.42,0.1,-0.03,0.03,48,53,14,0,1.41,-0.19,0.0048,0.0097,12.48,15.18,8.02
160.475,before,-3.499,52.1376274,21.1604129,83.33,52.1376278,21.160414,29,0.48,0.12,255,-0.1673,0.0,0.0014,-0.01,1.516,0.437,0.17,0.09,221.47,0.02,0.0,0.04,0.01,108415,999,3,0.42,0.1,-0.03,0.03,48,70,116,0,1.39,-0.21,0.0054,0.0201,13.41,15.7,8.44
160.575,before,-3.4,52.1376274,21.1604128,83.33,52.1376279,21.1604137,29,0.48,0.107,255,-0.1673,0.0,0.0024,-0.0018,1.506,0.431,0.26,-0.01,221.49,0.02,0.0,0.01,0.0,108415,999,3,0.42,0.12,-0.04,0.02,48,31,11,0,1.4,-0.2,0.0068,0.0133,12.93,14.62,7.86
160.675,before,-3.299,52.1376275,21.1604127,83.32,52.1376279,21.1604137,29,0.48,0.107,255,0.0,0.0,0.0435,-0.0473,1.522,0.426,0.41,-0.2,221.56,0.02,0.0,0.01,0.02,108415,999,3,0.42,0.12,-0.04,0.02,48,53,2,0,1.39,-0.2,0.0056,0.0145,13.48,14.92,8.18
160.775,before,-3.199,52.1376275,21.1604127,83.32,52.137628,21.1604136,29,0.48,0.028,255,0.0,0.0,-0.0143,-0.0079,1.52,0.424,0.41,-0.32,221.66,0.03,0.0,0.02,0.0,108415,999,3,0.42,0.13,0.04,0.0,48,11,57,0,1.41,-0.19,0.0025,0.0041,13.4,15.02,7.66
160.875,before,-3.099,52.1376275,21.1604126,83.32,52.137628,21.1604135,29,0.48,0.066,255,-0.1672,0.0,-0.0137,-0.0027,1.542,0.423,0.44,-0.31,221.74,0.03,0.0,0.0,0.02,108415,999,3,0.42,0.14,0.04,0.0,48,21,-7,0,1.41,-0.2,0.002,0.0046,12.3,14.47,7.95
160.975,before,-2.999,52.1376275,21.1604125,83.32,52.137628,21.1604135,29,0.48,0.066,255,0.0,0.0,-0.0111,0.0209,1.528,0.428,0.35,-0.13,221.84,0.04,0.0,0.03,0.01,108415,999,3,0.42,0.14,-0.02,0.0,48,93,-35,0,1.43,-0.19,0.0033,0.0124,12.95,14.04,7.61
161.075,before,-2.899,52.1376276,21.1604125,83.33,52.1376281,21.1604133,28,0.51,0.1,255,-0.1673,-0.1673,-0.0455,0.0168,1.536,0.434,0.1,-0.21,221.9,0.04,0.0,0.03,0.01,108415,999,3,0.42,0.11,-0.02,0.0,48,-100,34,0,1.44,-0.18,0.0028,0.0144,12.57,15.52,7.19
161.175,before,-2.799,52.1376276,21.1604124,83.33,52.1376281,21.1604133,28,0.51,0.1,255,0.0,0.0,-0.0068,-0.0143,1.548,0.439,0.04,-0.11,221.94,0.02,0.0,0.03,0.0,108415,999,3,0.42,0.11,-0.02,0.02,48,50,-44,0,1.44,-0.17,0.0037,0.0122,12.15,14.17,7.79
161.275,before,-2.699,52.1376276,21.1604124,83.34,52.1376281,21.1604133,28,0.51,0.1,255,-0.1672,0.0,-0.0271,-0.0093,1.55,0.441,-0.04,-0.21,221.93,0.02,0.0,0.01,0.0,108415,999,3,0.42,0.11,-0.02,0.02,48,43,12,0,1.44,-0.19,0.003,0.0055,12.65,16.07,7.77
161.375,before,-2.599,52.1376277,21.1604123,83.34,52.1376283,21.1604131,28,0.51,0.029,255,-0.1672,0.0,0.0267,0.0148,1.542,0.441,-0.03,-0.13,221.93,0.01,0.0,0.0,0.02,108415,999,3,0.42,0.1,0.01,0.03,48,32,-6,0,1.44,-0.19,0.0045,0.0072,13.12,15.91,7.44
161.476,before,-2.499,52.1376277,21.1604123,83.34,52.1376284,21.160413,29,0.51,0.052,255,0.0,0.0,-0.0263,0.003,1.54,0.441,-0.11,-0.22,221.85,0.01,0.0,0.02,0.01,108415,999,3,0.42,0.13,0.01,0.03,48,36,48,0,1.45,-0.17,0.0031,0.006,13.36,15.17,7.82
161.575,before,-2.399,52.1376277,21.1604122,83.33,52.1376284,21.160413,29,0.51,0.052,255,0.0,0.0,0.0014,0.0013,1.546,0.436,-0.11,-0.1,221.76,0.05,0.0,0.0,0.0,108415,999,3,0.42,0.13,0.0,0.02,48,-2,-36,0,1.43,-0.19,0.0059,0.0105,13.11,14.54,8.29
161.675,before,-2.299,52.1376277,21.1604122,83.33,52.1376284,21.160413,29,0.51,0.052,255,0.0,0.0,0.0047,0.023,1.54,0.432,-0.12,-0.09,221.65,0.05,0.0,0.0,0.01,108415,999,3,0.42,0.13,0.0,0.02,48,22,8,0,1.43,-0.19,0.0044,0.0085,13.16,13.79,7.64
161.775,before,-2.199,52.1376277,21.1604122,83.32,52.1376284,21.1604129,29,0.51,0.021,255,0.0,-0.1673,0.0462,-0.022,1.542,0.426,-0.01,-0.13,221.59,0.01,0.0,0.0,0.0,108415,999,3,0.42,0.14,0.0,-0.01,48,-31,26,0,1.43,-0.2,0.0042,0.0097,12.58,14.22,7.71
161.876,before,-2.099,52.1376277,21.1604122,83.31,52.1376284,21.160413,29,0.51,0.047,255,0.1673,0.0,-0.0022,-0.0021,1.532,0.418,0.07,-0.19,221.48,0.01,0.0,0.02,0.03,108415,999,3,0.42,0.14,0.0,-0.01,48,-48,36,0,1.42,-0.2,0.0046,0.015,12.91,15.6,8.63
161.975,before,-1.999,52.1376277,21.1604122,83.31,52.1376284,21.160413,29,0.51,0.047,255,0.0,0.0,0.0184,-0.0253,1.544,0.41,0.24,-0.26,221.33,0.02,0.0,0.0,0.01,108415,999,3,0.42,0.14,0.03,-0.04,48,-36,28,0,1.42,-0.2,0.0055,0.0143,13.53,15.34,8.61
162.076,before,-1.899,52.1376277,21.1604122,83.3,52.1376284,21.160413,29,0.51,0.033,255,0.0,0.0,0.018,0.0071,1.542,0.407,0.18,-0.28,221.25,0.02,0.0,0.03,0.0,108415,999,3,0.42,0.14,0.03,-0.04,48,9,15,0,1.42,-0.2,0.003,0.0038,12.87,14.49,7.97
162.175,before,-1.799,52.1376277,21.1604123,83.3,52.1376284,21.160413,29,0.51,0.033,255,0.0,0.0,-0.0002,-0.0274,1.552,0.407,0.35,-0.39,221.18,0.02,0.0,0.03,0.01,108415,999,3,0.42,0.14,0.02,0.05,48,89,18,0,1.43,-0.18,0.003,0.0062,12.77,14.13,7.76
162.275,before,-1.699,52.1376277,21.1604123,83.3,52.1376284,21.160413,29,0.51,0.033,255,0.0,0.0,0.0451,0.0223,1.55,0.41,0.46,-0.34,221.14,0.02,0.0,0.02,0.01,108415,999,3,0.42,0.14,0.02,0.05,48,-28,-162,0,1.44,-0.18,0.0019,0.0071,12.79,15.39,8.66
162.375,before,-1.599,52.1376277,21.1604123,83.31,52.1376284,21.160413,29,0.51,0.052,255,0.0,0.0,-0.0143,0.0227,1.552,0.414,0.46,-0.28,221.12,0.02,0.0,0.03,0.0,108415,999,3,0.42,0.09,0.02,-0.03,48,-24,-4,0,1.45,-0.17,0.0034,0.0142,13.19,15.41,8.99
162.475,before,-1.499,52.1376277,21.1604124,83.31,52.1376284,21.160413,29,0.51,0.052,255,0.0,0.0,0.0123,-0.0177,1.55,0.417,0.58,-0.23,221.14,0.02,0.0,0.0,0.02,108415,999,3,0.42,0.09,0.02,-0.03,48,-62,-28,0,1.45,-0.18,0.0017,0.0063,13.31,14.59,8.75
162.575,before,-1.399,52.1376277,21.1604124,83.31,52.1376284,21.1604131,29,0.51,0.032,255,0.0,0.0,0.027,0.034,1.55,0.42,0.62,-0.12,221.28,0.01,0.0,0.03,0.0,108415,999,3,0.42,0.12,-0.03,0.01,48,-12,-21,0,1.46,-0.18,0.0026,0.0097,12.69,13.88,7.55
162.675,before,-1.3,52.1376277,21.1604124,83.32,52.1376284,21.1604131,29,0.51,0.032,255,0.0,0.0,-0.0541,0.0185,1.556,0.424,0.54,-0.14,221.39,0.01,0.0,0.04,0.01,108415,999,3,0.42,0.12,-0.03,0.01,48,-17,44,0,1.47,-0.16,0.0026,0.014,12.19,12.67,7.26
162.775,before,-1.199,52.1376277,21.1604125,83.33,52.1376284,21.1604132,28,0.51,0.056,255,0.0,0.0,-0.0116,-0.0256,1.55,0.432,0.43,-0.07,221.48,0.03,0.0,0.03,0.0,108415,999,3,0.42,0.11,0.0,-0.01,48,-20,-13,0,1.49,-0.16,0.0047,0.0209,12.02,13.0,7.97
162.875,before,-1.099,52.1376277,21.1604125,83.33,52.1376284,21.1604133,28,0.51,0.019,255,0.0,0.0,0.0308,0.0043,1.552,0.439,0.47,-0.17,221.57,0.03,0.0,0.02,0.0,108415,999,3,0.42,0.14,0.0,-0.01,48,-7,62,0,1.49,-0.13,0.0034,0.0164,13.05,13.08,8.04
162.975,before,-1.0,52.1376277,21.1604125,83.34,52.1376284,21.1604133,28,0.51,0.019,255,0.0,-0.1673,-0.0307,-0.0226,1.554,0.446,0.42,-0.32,221.67,0.03,0.0,0.0,0.0,108415,999,3,0.42,0.14,0.0,0.0,48,-38,21,0,1.5,-0.13,0.0044,0.0155,13.98,15.5,9.17
163.075,before,-0.9,52.1376277,21.1604126,83.34,52.1376284,21.1604133,28,0.51,0.019,255,0.0,0.0,0.0323,-0.0097,1.558,0.45,0.52,-0.24,221.78,0.03,0.0,0.0,0.0,108415,999,3,0.42,0.14,0.0,0.0,48,-7,-11,0,1.5,-0.13,0.0027,0.0093,13.02,16.32,9.98
163.175,before,-0.8,52.1376277,21.1604126,83.35,52.1376284,21.1604134,28,0.51,0.052,255,0.0,0.0,0.0101,0.0131,1.56,0.454,0.54,-0.3,221.95,0.04,0.0,0.0,0.03,108415,999,3,0.42,0.12,0.0,-0.01,48,-15,38,0,1.51,-0.12,0.0043,0.0123,14.3,17.57,10.23
163.275,before,-0.7,52.1376277,21.1604127,83.35,52.1376284,21.1604134,28,0.51,0.052,255,0.0,0.0,-0.0252,-0.0085,1.538,0.457,0.61,-0.35,222.11,0.04,0.0,0.01,0.0,108415,999,3,0.42,0.12,0.0,-0.01,48,-65,13,0,1.52,-0.12,0.0027,0.0084,15.5,18.52,10.46
163.375,before,-0.6,52.1376277,21.1604127,83.35,52.1376285,21.1604135,28,0.51,0.095,255,0.0,0.0,0.0117,0.0139,1.55,0.458,0.61,-0.26,222.28,0.06,0.0,0.0,0.0,108415,999,3,0.42,0.14,-0.1,-0.01,48,3,-17,0,1.52,-0.12,0.013,0.0212,14.96,17.84,11.31
163.475,before,-0.5,52.1376277,21.1604127,83.36,52.1376285,21.1604135,28,0.51,0.095,255,0.0,0.0,-0.0197,0.0019,1.548,0.461,0.52,-0.34,222.53,0.06,0.0,0.02,0.0,108415,999,3,0.42,0.14,-0.1,-0.01,48,10,-122,0,1.52,-0.11,0.0089,0.0159,16.51,17.69,10.46
163.575,before,-0.4,52.1376278,21.1604128,83.36,52.1376286,21.1604136,29,0.48,0.035,255,0.0,0.0,0.0057,-0.0631,1.54,0.462,0.61,-0.47,222.77,0.02,0.0,0.02,0.01,108415,999,3,0.42,0.09,-0.03,0.0,48,-34,32,0,1.52,-0.11,0.0085,0.0133,15.37,18.05,10.43
163.675,before,-0.3,52.1376278,21.1604128,83.36,52.1376286,21.1604136,29,0.48,0.035,255,0.0,0.0,0.0332,0.006,1.53,0.46,0.64,-0.57,223.09,0.02,0.0,0.02,0.01,108415,999,3,0.42,0.09,-0.03,0.0,48,-9,23,0,1.51,-0.11,0.0055,0.0115,14.06,17.54,10.43
163.775,before,-0.2,52.1376278,21.1604128,83.35,52.1376286,21.1604137,29,0.48,0.008,255,0.0,-0.1673,-0.0607,0.0188,1.52,0.458,0.46,-0.64,223.39,0.0,0.0,0.04,0.01,108415,999,3,0.42,0.16,0.01,0.0,48,-31,3,0,1.52,-0.11,0.003,0.0073,13.86,16.61,10.27
163.875,before,-0.1,52.1376278,21.1604129,83.35,52.1376286,21.1604137,29,0.48,0.008,255,0.0,0.0,0.0028,-0.0174,1.504,0.458,0.45,-0.56,223.68,0.0,0.0,0.0,0.0,108415,1507,3,0.42,0.16,0.01,0.0,48,35,-21,0,1.52,-0.08,0.0016,0.0042,14.73,17.29,10.51
163.975,flow_only,0.001,52.1376278,21.1604129,83.35,52.1376286,21.1604137,29,0.48,0.035,255,0.0,0.0,0.0475,0.0235,1.516,0.459,0.59,-0.54,224.02,0.01,0.0,0.01,0.0,108415,1507,3,0.42,0.09,0.0,-0.01,48,-12,36,0,1.52,-0.07,0.0017,0.0047,13.3,17.87,10.1
164.075,flow_only,0.1,52.1376278,21.1604129,83.35,52.1376286,21.1604137,29,0.48,0.035,255,0.0,0.0,-0.0478,-0.014,1.5,0.46,0.47,-0.63,224.27,0.01,0.0,0.01,0.0,108415,1507,3,0.42,0.09,0.0,-0.01,48,-22,22,0,1.52,-0.07,0.0049,0.0074,12.2,15.89,10.29
164.175,flow_only,0.2,52.1376279,21.1604129,83.36,52.1376286,21.1604138,29,0.48,0.031,255,0.0,0.0,-0.0002,0.0103,1.504,0.461,0.47,-0.56,224.41,0.01,0.0,0.01,0.0,108415,1507,3,0.42,0.13,0.0,-0.01,48,-161,-10,0,1.52,-0.07,0.0111,0.0147,14.23,17.27,9.83
164.275,flow_only,0.3,52.1376279,21.1604128,83.36,52.1376286,21.1604138,29,0.48,0.031,255,0.0,0.0,-0.0065,-0.0118,1.49,0.462,0.38,-0.55,224.52,0.01,0.0,0.0,0.0,108415,1507,3,0.42,0.13,0.0,-0.01,48,14,-8,0,1.52,-0.06,0.0064,0.0101,13.25,16.4,9.86
164.375,flow_only,0.4,52.1376279,21.1604128,83.35,52.1376287,21.1604138,29,0.48,0.016,255,0.0,0.0,-0.0152,0.0225,1.482,0.459,0.36,-0.55,224.62,0.01,0.0,0.05,0.0,108415,1507,3,0.42,0.14,0.0,-0.01,48,-1,-3,0,1.5,-0.07,0.0049,0.0205,14.25,15.84,9.93
164.475,flow_only,0.5,52.1376279,21.1604128,83.35,52.1376287,21.1604138,29,0.48,0.016,255,0.1673,0.0,-0.0202,-0.0184,1.496,0.451,0.28,-0.54,224.59,0.01,0.0,0.04,0.02,108415,1507,3,0.42,0.14,0.0,-0.01,48,7,8,0,1.49,-0.07,0.0058,0.0275,13.54,15.81,10.76
164.575,flow_only,0.6,52.1376279,21.160413,83.34,52.1376287,21.1604138,29,0.48,0.023,255,0.0,0.0,-0.0141,0.0182,1.472,0.443,0.08,-0.52,224.46,0.01,0.0,0.02,0.0,108415,1507,3,0.41,0.15,0.0,-0.01,48,45,-5,0,1.48,-0.07,0.0176,0.0351,13.84,15.24,9.93
164.675,flow_only,0.7,52.1376278,21.160413,83.33,52.1376287,21.1604138,29,0.48,0.023,255,0.1672,0.0,0.0388,-0.0252,1.48,0.436,0.33,-0.56,224.26,0.01,0.0,0.01,0.0,108415,1507,3,0.41,0.15,0.0,-0.01,48,64,12,0,1.48,-0.08,0.014,0.0265,13.31,14.75,9.84
164.775,flow_only,0.8,52.1376278,21.160413,83.33,52.1376286,21.1604139,29,0.48,0.086,255,0.0,0.0,0.0602,0.0354,1.48,0.433,0.59,-0.41,224.15,0.01,0.0,0.03,0.0,108415,1507,3,0.41,0.09,0.0,-0.01,48,-68,12,0,1.49,-0.08,0.0055,0.0112,12.76,15.57,9.88
164.875,flow_only,0.901,52.1376278,21.1604131,83.33,52.1376286,21.1604139,29,0.48,0.086,255,0.0,0.0,0.0284,0.0056,1.48,0.436,0.94,-0.4,224.03,0.01,0.0,0.04,0.01,108415,1507,3,0.41,0.09,0.0,-0.01,48,73,-22,0,1.5,-0.05,0.0123,0.0191,11.14,14.2,9.68
164.975,flow_only,1.0,52.1376278,21.1604132,83.33,52.1376286,21.160414,29,0.48,0.048,255,0.0,0.0,0.0236,0.0141,1.482,0.438,1.0,-0.32,223.92,0.01,0.0,0.02,0.01,108415,1507,3,0.41,0.11,0.0,-0.01,48,-29,-13,0,1.49,-0.07,0.003,0.0085,10.86,14.43,9.53
165.075,flow_only,1.1,52.1376278,21.1604133,83.33,52.1376286,21.160414,29,0.48,0.048,255,0.0,0.0,0.0018,0.0061,1.478,0.439,1.04,-0.23,223.88,0.01,0.0,0.01,0.01,108415,1507,3,0.41,0.11,0.0,-0.01,48,-34,-16,0,1.49,-0.06,0.0049,0.0127,12.29,14.74,8.4
165.175,flow_only,1.201,52.1376277,21.1604133,83.34,52.1376286,21.1604141,29,0.48,0.013,255,0.0,0.0,0.0114,-0.0258,1.478,0.442,1.15,-0.31,223.89,0.01,0.0,0.05,0.01,108415,1507,3,0.41,0.13,0.0,-0.01,48,-48,-18,0,1.51,-0.05,0.0057,0.0097,12.27,14.37,8.1
165.275,flow_only,1.3,52.1376277,21.1604133,83.34,52.1376286,21.1604141,29,0.48,0.013,255,0.0,0.0,0.0149,-0.0023,1.488,0.447,1.24,-0.39,223.95,0.01,0.0,0.02,0.0,108415,1507,3,0.41,0.13,0.0,-0.01,48,-17,14,0,1.51,-0.05,0.0078,0.0118,12.86,16.63,8.28
165.375,flow_only,1.4,52.1376277,21.1604132,83.34,52.1376286,21.1604141,29,0.48,0.031,255,0.0,0.0,-0.0565,0.005,1.486,0.449,1.08,-0.35,224.02,0.01,0.0,0.0,0.0,108415,1507,3,0.41,0.11,0.0,-0.01,48,10,-24,0,1.51,-0.05,0.0056,0.01,13.42,15.96,7.73
165.475,flow_only,1.5,52.1376277,21.1604132,83.35,52.1376286,21.1604141,29,0.48,0.031,255,0.0,-0.1673,0.0116,0.0309,1.474,0.452,1.02,-0.29,224.01,0.01,0.0,0.03,0.0,108415,1507,3,0.41,0.11,0.0,-0.01,48,-159,4,0,1.52,-0.04,0.0096,0.0139,14.29,16.44,7.57
165.575,flow_only,1.6,52.1376278,21.1604132,83.35,52.1376286,21.1604141,29,0.48,0.076,255,-0.1673,0.0,-0.0462,-0.0304,1.488,0.457,0.88,-0.39,223.87,0.01,0.0,0.01,0.01,108415,1507,3,0.41,0.14,0.0,-0.01,48,13,48,0,1.53,-0.04,0.0089,0.0131,12.99,15.18,7.31
165.675,flow_only,1.7,52.1376278,21.1604132,83.36,52.1376286,21.1604141,29,0.48,0.076,255,0.0,0.0,-0.026,-0.0513,1.49,0.462,0.7,-0.49,223.64,0.01,0.0,0.0,0.0,108415,1507,3,0.41,0.14,0.0,-0.01,48,52,12,0,1.53,-0.03,0.0046,0.0059,14.92,15.3,7.66
165.775,flow_only,1.8,52.1376278,21.1604132,83.36,52.1376286,21.160414,29,0.48,0.025,255,0.0,-0.1672,0.0266,-0.0071,1.484,0.467,0.68,-0.67,223.4,0.01,0.0,0.03,0.0,108415,1507,3,0.41,0.13,0.0,-0.01,48,-120,67,0,1.54,-0.02,0.0046,0.01,14.14,16.89,8.34
165.875,flow_only,1.901,52.1376278,21.1604131,83.37,52.1376286,21.160414,29,0.48,0.025,255,0.0,0.0,-0.0643,0.0152,1.494,0.474,0.56,-0.71,223.12,0.01,0.0,0.03,0.0,108415,1507,3,0.41,0.13,0.0,-0.01,48,-8,19,0,1.56,0.0,0.0103,0.0205,13.14,16.33,8.42
165.975,flow_only,2.0,52.1376278,21.160413,83.38,52.1376287,21.160414,29,0.48,0.034,255,0.0,0.0,-0.0619,0.004,1.49,0.481,0.32,-0.59,222.84,0.01,0.0,0.0,0.02,108415,1507,3,0.41,0.1,0.0,-0.01,48,70,-46,0,1.56,0.0,0.0027,0.0086,12.7,13.61,8.48
166.075,flow_only,2.1,52.1376278,21.160413,83.38,52.1376287,21.160414,29,0.48,0.034,255,-0.1672,0.0,-0.0365,0.0198,1.5,0.485,-0.03,-0.56,222.6,0.01,0.0,0.0,0.0,108415,1507,3,0.41,0.1,0.0,-0.01,48,-50,-15,0,1.56,-0.01,0.0018,0.003,13.78,17.48,9.01
166.175,flow_only,2.2,52.1376278,21.160413,83.39,52.1376288,21.1604138,29,0.48,0.061,255,0.0,0.0,0.0169,-0.0075,1.504,0.491,-0.12,-0.57,222.37,0.01,0.0,0.04,0.0,108415,1507,3,0.41,0.11,0.0,-0.01,48,47,5,0,1.58,0.0,0.007,0.0162,12.65,15.84,8.77
166.275,flow_only,2.3,52.1376278,21.160413,83.39,52.1376288,21.1604138,29,0.48,0.061,255,0.0,0.0,0.0199,0.0096,1.492,0.498,0.11,-0.59,222.16,0.01,0.0,0.01,0.0,108415,1507,3,0.41,0.11,0.0,-0.01,48,-50,4,0,1.58,0.0,0.0035,0.0126,12.76,15.73,8.45
166.375,flow_only,2.4,52.1376278,21.160413,83.4,52.1376289,21.1604137,29,0.48,0.047,255,0.1673,0.0,0.0499,-0.0089,1.492,0.505,0.3,-0.6,222.03,0.01,0.0,0.02,0.01,108415,1507,3,0.41,0.13,0.0,-0.01,48,-8,-10,0,1.59,0.0,0.0019,0.0112,11.76,14.76,9.58
166.475,flow_only,2.501,52.1376278,21.160413,83.4,52.1376289,21.1604137,29,0.48,0.047,255,0.0,0.0,0.0106,-0.0211,1.49,0.51,0.46,-0.66,222.0,0.01,0.0,0.0,0.02,108415,1507,3,0.41,0.13,0.0,-0.01,48,-26,-6,0,1.59,0.01,0.0037,0.0068,12.41,14.43,9.03
166.575,flow_only,2.6,52.1376278,21.160413,83.41,52.137629,21.1604136,29,0.48,0.035,255,0.0,0.0,0.0378,0.0091,1.484,0.51,0.58,-0.6,222.06,0.01,0.0,0.02,0.0,108415,1507,3,0.41,0.14,0.0,-0.01,48,-36,-33,0,1.57,0.0,0.0025,0.0096,13.63,16.2,9.26
166.675,flow_only,2.701,52.1376278,21.160413,83.4,52.137629,21.1604136,29,0.48,0.035,255,0.0,0.0,0.0103,0.0177,1.472,0.507,0.64,-0.62,222.21,0.01,0.0,0.01,0.01,108415,1507,3,0.41,0.14,0.0,-0.01,48,-24,7,0,1.57,0.0,0.0048,0.0145,13.55,16.44,8.62
166.775,flow_only,2.801,52.1376278,21.1604129,83.4,52.137629,21.1604135,29,0.48,0.022,255,0.0,0.0,0.0092,0.0061,1.472,0.504,0.69,-0.62,222.47,0.01,0.0,0.0,0.01,108415,1507,3,0.41,0.12,0.0,-0.01,48,0,-24,0,1.57,0.0,0.0034,0.01,14.06,15.49,9.23
166.875,flow_only,2.901,52.1376278,21.1604129,83.4,52.1376291,21.1604134,29,0.48,0.018,255,0.0,0.0,0.0188,-0.046,1.466,0.503,0.79,-0.64,222.79,0.01,0.0,0.01,0.0,108415,1507,3,0.41,0.14,0.0,-0.01,48,-8,-23,0,1.57,0.01,0.0032,0.007,13.28,16.2,9.37
166.975,flow_only,3.001,52.1376278,21.1604129,83.4,52.1376291,21.1604134,29,0.48,0.018,255,0.0,0.0,0.0301,0.0468,1.458,0.505,0.88,-0.58,223.19,0.01,0.0,0.02,0.0,108415,1507,3,0.41,0.14,0.0,-0.01,48,-13,29,0,1.58,0.02,0.0019,0.0031,12.7,15.21,9.29
167.075,flow_only,3.101,52.1376278,21.1604128,83.4,52.1376291,21.1604133,29,0.48,0.076,255,0.0,0.0,-0.0356,0.0098,1.46,0.508,0.83,-0.6,223.63,0.01,0.0,0.0,0.0,108415,1507,3,0.41,0.12,0.0,-0.01,48,3,145,0,1.57,0.02,0.0068,0.01,14.97,17.68,8.95
167.175,flow_only,3.2,52.1376278,21.1604127,83.41,52.1376291,21.1604133,29,0.48,0.076,255,-0.1672,0.0,-0.0239,-0.0054,1.462,0.512,0.69,-0.46,224.07,0.01,0.0,0.0,0.0,108415,1507,3,0.41,0.12,0.0,-0.01,48,54,-82,0,1.58,0.02,0.0047,0.0071,14.68,16.64,9.0
167.275,flow_only,3.3,52.1376278,21.1604127,83.41,52.1376291,21.1604133,29,0.48,0.076,255,0.0,0.0,0.0078,0.0361,1.47,0.516,0.56,-0.36,224.45,0.01,0.0,0.01,0.02,108415,1507,3,0.41,0.12,0.0,-0.01,48,-93,-13,0,1.58,0.03,0.0035,0.0051,13.5,14.33,8.67
167.375,flow_only,3.401,52.1376278,21.1604126,83.42,52.1376291,21.1604133,29,0.48,0.037,255,0.0,0.0,-0.0433,-0.006,1.462,0.52,0.45,-0.4,224.72,0.01,0.0,0.01,0.0,108415,1507,3,0.41,0.15,0.0,-0.01,48,51,5,0,1.58,0.03,0.0064,0.0118,13.65,15.92,8.63
167.475,flow_only,3.501,52.1376279,21.1604125,83.42,52.1376291,21.1604133,29,0.48,0.037,255,0.0,0.0,-0.0304,-0.0579,1.462,0.52,0.39,-0.48,224.84,0.01,0.0,0.03,0.01,108415,1507,3,0.41,0.15,0.0,-0.01,48,34,-42,0,1.57,0.02,0.0068,0.0184,13.9,17.94,9.54
167.575,flow_only,3.601,52.1376279,21.1604125,83.41,52.1376291,21.1604131,29,0.48,0.042,255,0.0,0.0,0.0183,0.02,1.472,0.52,0.31,-0.52,224.86,0.01,0.0,0.0,0.0,108415,1507,3,0.41,0.13,0.0,-0.01,48,61,-23,0,1.57,0.02,0.009,0.0187,13.3,14.28,8.21
167.676,flow_only,3.701,52.1376279,21.1604125,83.42,52.1376291,21.1604129,29,0.48,0.099,255,0.0,0.0,-0.034,0.0029,1.45,0.521,0.22,-0.58,224.75,0.01,0.0,0.01,0.0,108415,1507,3,0.41,0.12,0.0,-0.01,48,45,15,0,1.58,0.03,0.0081,0.0146,15.36,17.25,8.79
167.776,flow_only,3.801,52.1376279,21.1604125,83.42,52.1376291,21.1604129,29,0.48,0.099,255,0.0,0.0,-0.0019,-0.002,1.456,0.521,0.23,-0.53,224.53,0.01,0.0,0.02,0.01,108415,1507,3,0.41,0.12,0.0,-0.01,48,-11,136,0,1.57,0.02,0.0062,0.0151,15.35,18.41,9.13
167.875,flow_only,3.901,52.1376279,21.1604124,83.42,52.1376291,21.1604129,29,0.48,0.099,255,-0.1673,0.0,-0.0144,0.0032,1.468,0.52,0.03,-0.52,224.25,0.01,0.0,0.0,0.0,108415,1507,3,0.41,0.12,0.0,-0.01,48,59,-16,0,1.57,0.03,0.005,0.0146,12.46,16.07,8.4
167.975,flow_only,4.001,52.1376279,21.1604124,83.42,52.1376292,21.1604126,29,0.48,0.098,255,0.0,0.1672,0.0044,0.0508,1.462,0.523,0.11,-0.37,223.93,0.01,0.0,0.02,0.0,100223,1507,3,0.41,0.13,0.0,-0.01,48,-160,-8,0,1.58,0.03,0.0046,0.006,14.32,16.26,8.33
168.075,flow_only,4.101,52.1376279,21.1604123,83.42,52.1376292,21.1604126,29,0.48,0.098,255,0.0,0.0,-0.0322,-0.0145,1.475,0.525,-0.04,-0.36,223.61,0.01,0.0,0.01,0.0,100223,1507,3,0.41,0.13,0.0,-0.01,48,36,128,0,1.58,0.02,0.0056,0.0108,14.13,15.34,8.56
168.175,flow_only,4.201,52.1376279,21.1604123,83.42,52.1376294,21.1604124,29,0.48,0.112,255,0.0,0.0,0.0068,-0.0117,1.476,0.524,0.04,-0.36,223.3,0.01,0.0,0.02,0.01,100223,1507,3,0.41,0.09,0.0,-0.01,48,5,-28,0,1.57,0.01,0.0044,0.0157,12.75,13.78,8.57
168.275,flow_only,4.301,52.1376278,21.1604122,83.42,52.1376294,21.1604124,29,0.48,0.112,255,0.0,0.0,-0.0267,0.0053,1.488,0.526,-0.14,-0.35,223.05,0.01,0.0,0.03,0.03,100223,1507,3,0.41,0.09,0.0,-0.01,48,59,-34,0,1.59,0.02,0.0089,0.013,13.69,16.6,7.52
168.375,flow_only,4.401,52.1376278,21.1604121,83.42,52.1376295,21.1604121,29,0.48,0.045,255,-0.1673,0.0,-0.0059,0.0364,1.486,0.53,-0.26,-0.21,222.8,0.01,0.0,0.01,0.02,100223,1507,3,0.41,0.11,0.0,-0.01,48,-139,132,0,1.59,0.02,0.0118,0.0165,13.32,15.46,7.73
168.475,flow_only,4.501,52.1376278,21.160412,83.43,52.1376295,21.1604121,29,0.48,0.045,255,0.0,0.0,-0.0398,0.0357,1.488,0.534,-0.44,-0.14,222.58,0.01,0.0,0.01,0.02,100223,1507,3,0.41,0.11,0.0,-0.01,48,-118,-21,0,1.6,0.02,0.0175,0.0241,12.81,16.13,8.03
168.575,flow_only,4.601,52.1376278,21.1604119,83.44,52.1376295,21.160412,29,0.48,0.03,255,0.0,0.1672,-0.021,0.0349,1.476,0.542,-0.5,0.16,222.42,0.01,0.0,0.03,0.01,100223,1507,3,0.41,0.12,0.0,-0.01,48,2,83,0,1.62,0.04,0.0099,0.019,13.05,14.49,7.92
168.676,flow_only,4.701,52.1376278,21.1604118,83.44,52.1376294,21.160412,29,0.48,0.039,255,0.0,0.0,-0.0229,0.0228,1.484,0.55,-0.7,0.26,222.33,0.01,0.0,0.0,0.01,100223,1507,3,0.41,0.11,0.0,-0.01,48,-131,-27,0,1.62,0.05,0.0144,0.0223,11.8,14.72,7.97
168.776,flow_only,4.801,52.1376278,21.1604117,83.45,52.1376294,21.160412,29,0.48,0.039,255,0.0,0.1672,-0.0169,0.0193,1.49,0.552,-0.75,0.35,222.25,0.01,0.0,0.03,0.01,100223,1507,3,0.41,0.11,0.0,-0.01,48,12,-29,0,1.61,0.04,0.0069,0.0126,10.88,13.7,7.68
168.876,flow_only,4.901,52.1376278,21.1604117,83.45,52.1376294,21.160412,29,0.48,0.045,255,0.1673,0.0,0.053,0.001,1.484,0.555,-0.61,0.4,222.26,0.01,0.0,0.02,0.01,100223,1507,3,0.41,0.15,0.0,-0.01,48,4,-30,0,1.61,0.04,0.0041,0.007,10.92,13.18,8.41
168.975,flow_only,5.001,52.1376278,21.1604117,83.45,52.1376294,21.160412,29,0.48,0.045,255,0.0,0.0,0.0063,-0.0164,1.482,0.556,-0.47,0.4,222.31,0.01,0.0,0.0,0.01,100223,1507,3,0.41,0.15,0.0,-0.01,48,-48,4,0,1.61,0.04,0.0073,0.0118,11.85,14.02,7.37
169.075,flow_only,5.101,52.1376278,21.1604118,83.45,52.1376294,21.160412,29,0.48,0.045,255,0.0,-0.1673,0.0208,-0.0014,1.502,0.558,-0.47,0.19,222.36,0.01,0.0,0.0,0.0,100223,1507,3,0.41,0.15,0.0,-0.01,48,-26,63,0,1.61,0.04,0.0026,0.0051,10.95,12.5,7.38
169.175,flow_only,5.201,52.1376278,21.1604118,83.45,52.1376294,21.1604122,29,0.48,0.089,255,0.0,0.0,0.0333,-0.0419,1.488,0.556,-0.22,0.12,222.33,0.01,0.0,0.02,0.0,100223,1507,3,0.41,0.07,0.0,-0.01,48,-93,0,0,1.6,0.02,0.0077,0.0158,12.38,14.45,7.56
169.275,flow_only,5.301,52.1376278,21.1604119,83.45,52.1376294,21.1604122,29,0.48,0.089,255,0.1672,0.0,0.0561,0.0179,1.496,0.557,-0.01,0.11,222.21,0.01,0.0,0.02,0.0,100223,1507,3,0.41,0.07,0.0,-0.01,48,89,41,0,1.61,0.03,0.0084,0.0109,13.45,14.18,7.93
169.375,flow_only,5.401,52.1376277,21.160412,83.45,52.1376295,21.1604123,29,0.48,0.052,255,0.0,0.0,-0.0077,-0.0136,1.49,0.558,0.08,-0.02,221.96,0.01,0.0,0.0,0.0,100223,1507,3,0.41,0.12,0.0,-0.01,48,86,45,0,1.61,0.03,0.0076,0.0112,12.89,15.55,7.77
169.475,flow_only,5.501,52.1376277,21.160412,83.46,52.1376295,21.1604123,29,0.48,0.052,255,0.1672,0.0,0.0214,-0.0229,1.482,0.56,0.27,-0.09,221.64,0.01,0.0,0.01,0.0,100223,1507,3,0.41,0.12,0.0,-0.01,48,-101,15,0,1.62,0.04,0.0087,0.0127,12.05,14.47,6.94
169.575,flow_only,5.601,52.1376276,21.1604121,83.46,52.1376295,21.1604126,30,0.47,0.153,255,0.1673,0.0,0.0623,0.0227,1.494,0.565,0.45,-0.09,221.39,0.01,0.0,0.02,0.02,100223,1507,3,0.41,0.08,0.0,-0.01,48,87,23,0,1.63,0.06,0.0101,0.0158,12.08,14.23,7.84
169.676,flow_only,5.701,52.1376276,21.1604122,83.46,52.1376295,21.1604129,30,0.47,0.124,255,0.0,0.0,-0.0114,-0.0011,1.51,0.567,0.56,-0.12,221.24,0.01,0.0,0.02,0.02,100223,1507,3,0.41,0.08,0.0,-0.01,48,95,-128,0,1.62,0.05,0.0071,0.0097,11.62,13.69,7.42
169.776,flow_only,5.801,52.1376275,21.1604123,83.46,52.1376295,21.1604129,30,0.47,0.124,255,0.1672,0.0,0.0566,0.0014,1.5,0.567,0.78,-0.02,221.22,0.01,0.0,0.0,0.02,100223,1507,3,0.41,0.08,0.0,-0.01,48,-123,-3,0,1.62,0.02,0.0073,0.011,10.52,12.96,7.82
169.875,flow_only,5.901,52.1376276,21.1604124,83.46,52.1376295,21.1604129,30,0.47,0.124,255,0.0,-0.1673,0.0162,-0.0109,1.482,0.568,0.84,-0.17,221.31,0.01,0.0,0.01,0.01,100223,1507,3,0.41,0.08,0.0,-0.01,48,84,-111,0,1.62,0.03,0.0083,0.0109,10.84,12.35,6.74
169.975,flow_only,6.001,52.1376276,21.1604126,83.46,52.1376295,21.1604133,30,0.47,0.153,255,0.0,-0.1672,-0.0042,-0.0469,1.468,0.567,0.94,-0.34,221.44,0.01,0.0,0.01,0.0,100223,1507,3,0.41,0.07,0.0,-0.01,48,98,56,0,1.62,0.05,0.0098,0.0148,10.63,11.69,7.65
170.075,flow_only,6.101,52.1376276,21.1604127,83.46,52.1376294,21.1604137,30,0.47,0.107,255,0.0,-0.1672,-0.0188,-0.0257,1.464,0.569,0.89,-0.53,221.58,0.01,0.0,0.02,0.01,100223,1507,3,0.41,0.09,0.0,-0.01,48,-29,73,0,1.62,0.06,0.0062,0.0095,12.45,13.49,7.77
170.175,flow_only,6.201,52.1376277,21.1604128,83.47,52.1376294,21.1604137,30,0.47,0.107,255,0.0,0.0,-0.0155,-0.0344,1.48,0.574,0.74,-0.66,221.69,0.01,0.0,0.02,0.0,100223,1507,3,0.41,0.09,0.0,-0.01,48,-7,69,0,1.63,0.08,0.0053,0.011,12.54,13.68,7.97
170.275,flow_only,6.3,52.1376277,21.1604129,83.47,52.1376294,21.1604137,30,0.47,0.107,255,0.0,-0.1673,-0.0197,-0.0132,1.48,0.578,0.67,-0.69,221.84,0.01,0.0,0.0,0.01,100223,1507,3,0.41,0.09,0.0,-0.01,48,-21,46,0,1.63,0.06,0.0055,0.0093,10.7,13.15,7.36
170.375,flow_only,6.4,52.1376278,21.160413,83.48,52.1376295,21.1604139,30,0.47,0.065,255,0.0,0.0,0.0014,0.008,1.49,0.581,0.58,-0.76,222.09,0.01,0.0,0.0,0.01,100223,1507,3,0.41,0.08,0.0,-0.01,48,2,58,0,1.63,0.06,0.0024,0.0022,11.83,14.05,7.65
170.475,flow_only,6.501,52.1376278,21.1604131,83.48,52.1376295,21.1604139,30,0.47,0.065,255,0.0,-0.1672,-0.025,-0.0278,1.488,0.582,0.56,-0.85,222.42,0.01,0.0,0.01,0.0,100223,1507,3,0.41,0.08,0.0,-0.01,48,155,-299,0,1.62,0.05,0.0178,0.0248,12.37,13.44,7.38
170.575,flow_only,6.601,52.1376278,21.1604133,83.48,52.1376295,21.1604141,30,0.47,0.104,255,0.0,0.0,0.0161,0.0176,1.476,0.584,0.5,-0.91,222.86,0.01,0.0,0.01,0.01,100223,1507,3,0.41,0.06,0.0,-0.01,48,-2,75,0,1.63,0.06,0.0129,0.019,11.34,12.32,7.29
170.675,flow_only,6.701,52.1376278,21.1604134,83.48,52.1376295,21.1604144,30,0.47,0.092,255,0.0,0.0,-0.0034,-0.0159,1.464,0.587,0.59,-0.93,223.36,0.01,0.0,0.01,0.0,100223,1507,3,0.41,0.08,0.0,-0.01,48,-30,56,0,1.64,0.07,0.0121,0.019,10.09,12.73,6.29
170.775,flow_only,6.801,52.1376279,21.1604135,83.49,52.1376295,21.1604144,30,0.47,0.092,255,0.1673,-0.1673,0.0154,-0.0167,1.464,0.593,0.6,-1.12,223.82,0.01,0.0,0.01,0.0,100223,1507,3,0.41,0.08,0.0,-0.01,48,-22,-85,0,1.65,0.09,0.0104,0.0181,10.41,14.05,7.73
170.875,flow_only,6.901,52.1376279,21.1604136,83.5,52.1376295,21.1604145,30,0.47,0.01,255,0.1672,0.0,-0.0028,0.0147,1.46,0.602,0.73,-0.96,224.2,0.01,0.0,0.03,0.01,100223,1507,3,0.41,0.13,0.0,-0.01,48,-40,18,0,1.66,0.11,0.0067,0.0194,12.05,14.02,7.6
170.975,flow_only,7.0,52.1376279,21.1604137,83.5,52.1376295,21.1604145,30,0.47,0.01,255,0.0,0.0,-0.0366,-0.0617,1.45,0.608,0.53,-1.14,224.57,0.01,0.0,0.02,0.01,100223,1507,3,0.41,0.13,0.0,-0.01,48,22,32,0,1.65,0.1,0.0058,0.009,13.28,16.09,8.05
171.075,flow_only,7.1,52.1376279,21.1604138,83.51,52.1376295,21.1604145,30,0.47,0.01,255,0.0,0.0,0.0736,0.0039,1.454,0.612,0.62,-1.21,224.96,0.01,0.0,0.0,0.0,100223,1507,3,0.41,0.13,0.0,-0.01,48,19,37,0,1.65,0.11,0.0084,0.0112,13.17,17.46,8.54
171.175,flow_only,7.2,52.1376279,21.1604138,83.51,52.1376294,21.1604146,30,0.47,0.117,255,0.0,0.0,-0.0087,-0.0104,1.455,0.615,0.74,-1.29,225.24,0.01,0.0,0.0,0.0,100223,1507,3,0.4,0.12,0.0,-0.01,48,108,38,0,1.65,0.11,0.0096,0.0133,12.66,14.53,7.52
171.275,flow_only,7.3,52.1376278,21.1604139,83.52,52.1376294,21.1604146,30,0.47,0.117,255,0.0,0.1672,0.0478,0.073,1.456,0.622,0.76,-1.11,225.46,0.01,0.0,0.03,0.02,100223,1507,3,0.4,0.12,0.0,-0.01,48,-6,0,0,1.67,0.11,0.0138,0.0215,14.13,18.03,8.29
171.375,flow_only,7.401,52.1376278,21.1604139,83.52,52.1376293,21.1604147,30,0.47,0.046,255,0.0,0.0,-0.0103,0.0149,1.474,0.624,0.87,-0.94,225.53,0.01,0.0,0.03,0.03,100223,1507,3,0.4,0.1,0.0,-0.01,48,-49,100,0,1.65,0.1,0.0144,0.0216,13.02,16.59,8.4
171.475,flow_only,7.501,52.1376278,21.1604138,83.52,52.1376293,21.1604147,30,0.47,0.046,255,0.0,0.1673,0.029,0.0534,1.47,0.627,0.95,-0.81,225.58,0.01,0.0,0.02,0.01,100223,1507,3,0.4,0.1,0.0,-0.01,48,-30,-25,0,1.66,0.09,0.0064,0.0101,12.33,14.78,7.85
171.575,flow_only,7.6,52.1376277,21.1604137,83.53,52.1376293,21.1604147,30,0.47,0.09,255,0.0,0.0,0.007,0.0306,1.476,0.63,1.12,-0.53,225.55,0.01,0.0,0.0,0.0,100223,1507,3,0.4,0.14,0.0,-0.01,48,119,-93,0,1.66,0.09,0.0065,0.0109,13.88,16.15,8.34
171.675,flow_only,7.701,52.1376277,21.1604137,83.53,52.1376292,21.1604147,30,0.47,0.045,255,0.0,0.0,-0.0233,-0.0075,1.482,0.632,0.94,-0.58,225.54,0.01,0.0,0.01,0.02,100223,1507,3,0.4,0.09,0.0,-0.01,48,28,-8,0,1.66,0.09,0.0051,0.0097,14.97,16.74,7.72
171.775,flow_only,7.801,52.1376276,21.1604137,83.53,52.1376292,21.1604147,30,0.47,0.045,255,0.0,0.0,0.0459,0.0346,1.482,0.631,1.11,-0.47,225.51,0.01,0.0,0.02,0.01,100223,1507,3,0.4,0.09,0.0,-0.01,48,-28,-55,0,1.65,0.08,0.0053,0.0145,13.25,15.14,7.9
171.875,flow_only,7.901,52.1376276,21.1604136,83.52,52.1376292,21.1604147,30,0.47,0.045,255,0.0,0.0,-0.0274,-0.0022,1.49,0.629,1.08,-0.46,225.46,0.01,0.0,0.01,0.01,100223,1507,3,0.4,0.09,0.0,-0.01,48,-27,111,0,1.64,0.07,0.0096,0.0192,14.84,18.57,7.62
171.975,flow_only,8.0,52.1376275,21.1604135,83.52,52.1376292,21.1604146,30,0.47,0.024,255,0.0,0.0,0.0082,0.0478,1.498,0.63,1.07,-0.33,225.42,0.01,0.0,0.01,0.03,100223,1507,3,0.4,0.1,0.0,-0.01,48,27,-36,0,1.65,0.07,0.0046,0.0089,12.41,15.46,8.23
172.075,flow_only,8.101,52.1376275,21.1604134,83.52,52.1376292,21.1604145,30,0.47,0.057,255,0.0,0.0,-0.0645,-0.0067,1.49,0.628,0.89,-0.27,225.39,0.01,0.0,0.02,0.05,100223,1507,3,0.4,0.08,0.0,-0.01,48,-148,-71,0,1.64,0.06,0.0084,0.0165,13.35,16.14,7.76
172.175,flow_only,8.2,52.1376275,21.1604133,83.52,52.1376292,21.1604145,30,0.47,0.057,255,-0.1673,0.0,-0.0066,0.0232,1.482,0.626,0.73,-0.24,225.42,0.01,0.0,0.0,0.0,100223,1507,3,0.4,0.08,0.0,-0.01,48,-93,-18,0,1.64,0.06,0.0059,0.0134,12.29,15.7,8.3
172.275,flow_only,8.3,52.1376276,21.1604132,83.52,52.1376292,21.1604145,30,0.47,0.057,255,-0.1672,0.1672,-0.0559,-0.0298,1.47,0.624,0.62,-0.2,225.43,0.01,0.0,0.0,0.01,100223,1507,3,0.4,0.08,0.0,-0.01,48,26,104,0,1.64,0.07,0.0036,0.0099,12.04,16.97,8.3
172.375,flow_only,8.4,52.1376276,21.1604131,83.52,52.1376293,21.1604143,30,0.47,0.094,255,0.0,0.0,0.0075,-0.0173,1.478,0.624,0.46,-0.31,225.5,0.01,0.0,0.0,0.01,100223,1507,3,0.4,0.11,0.0,-0.01,48,-65,-4,0,1.64,0.08,0.0077,0.0113,12.59,14.81,7.62
172.475,flow_only,8.501,52.1376276,21.160413,83.52,52.1376293,21.1604143,30,0.47,0.094,255,0.0,0.0,0.0044,-0.0141,1.468,0.626,0.57,-0.3,225.56,0.01,0.0,0.01,0.0,100223,1507,3,0.4,0.11,0.0,-0.01,48,12,-35,0,1.65,0.08,0.0044,0.0063,12.48,16.84,7.94
172.575,flow_only,8.6,52.1376277,21.1604129,83.52,52.1376294,21.160414,30,0.47,0.119,255,0.0,0.0,-0.02,-0.035,1.476,0.626,0.41,-0.47,225.63,0.01,0.0,0.03,0.0,100223,1507,3,0.4,0.11,0.0,-0.01,48,-86,8,0,1.63,0.08,0.0054,0.0125,13.14,17.3,8.34
172.675,flow_only,8.701,52.1376277,21.1604128,83.52,52.1376296,21.1604139,30,0.47,0.044,255,0.0,0.0,0.0216,0.0227,1.478,0.625,0.51,-0.4,225.69,0.01,0.0,0.0,0.0,100223,1507,3,0.4,0.1,0.0,-0.01,48,36,-33,0,1.63,0.08,0.007,0.0124,12.54,15.01,8.02
172.775,flow_only,8.801,52.1376278,21.1604127,83.52,52.1376296,21.1604139,30,0.47,0.044,255,-0.1672,0.0,-0.0623,-0.0293,1.476,0.628,0.24,-0.48,225.66,0.01,0.0,0.02,0.0,100223,1507,3,0.4,0.1,0.0,-0.01,48,-59,-5,0,1.65,0.08,0.0081,0.0122,11.79,15.96,9.2
172.875,flow_only,8.901,52.1376278,21.1604127,83.53,52.1376296,21.1604139,30,0.47,0.044,255,0.0,0.0,0.0157,0.055,1.5,0.632,0.15,-0.38,225.55,0.01,0.0,0.0,0.01,100223,1507,3,0.4,0.1,0.0,-0.01,48,82,4,0,1.65,0.08,0.0041,0.0055,15.46,16.76,7.5
172.975,flow_only,9.0,52.1376278,21.1604125,83.53,52.1376296,21.1604137,30,0.47,0.07,255,0.0,0.0,-0.0573,-0.012,1.5,0.635,-0.02,-0.33,225.37,0.01,0.0,0.01,0.01,100223,1507,3,0.4,0.06,0.0,-0.01,48,39,-65,0,1.64,0.06,0.0043,0.0074,13.55,13.26,6.59
173.075,flow_only,9.101,52.1376278,21.1604125,83.53,52.1376296,21.1604137,30,0.47,0.07,255,0.0,0.0,-0.0027,0.0283,1.508,0.636,-0.1,-0.35,225.16,0.01,0.0,0.0,0.02,100223,1507,3,0.4,0.06,0.0,-0.01,48,-95,12,0,1.64,0.05,0.004,0.0078,13.15,14.4,7.75
173.175,flow_only,9.2,52.1376278,21.1604124,83.53,52.1376297,21.1604135,30,0.47,0.083,255,0.0,0.0,-0.0269,-0.0236,1.504,0.633,-0.09,-0.25,224.95,0.01,0.0,0.03,0.0,100223,1507,3,0.4,0.12,0.0,-0.01,48,14,-62,0,1.63,0.03,0.007,0.0188,11.88,15.08,8.61
173.275,flow_only,9.301,52.1376278,21.1604124,83.52,52.1376297,21.1604135,30,0.47,0.083,255,-0.1672,0.0,0.0076,-0.0196,1.506,0.626,-0.31,-0.38,224.79,0.01,0.0,0.03,0.0,100223,1507,3,0.4,0.12,0.0,-0.01,48,74,15,0,1.61,0.02,0.009,0.0258,13.42,16.22,8.03
173.375,flow_only,9.4,52.1376279,21.1604124,83.51,52.1376298,21.1604133,30,0.47,0.061,255,0.0,0.0,0.0516,0.0249,1.508,0.617,-0.11,-0.3,224.63,0.01,0.0,0.02,0.0,100223,1507,3,0.4,0.07,0.0,-0.01,48,-15,-4,0,1.6,0.01,0.0072,0.0269,13.99,15.78,7.94
173.475,flow_only,9.501,52.1376279,21.1604125,83.5,52.1376298,21.1604133,30,0.47,0.061,255,0.0,0.0,-0.0256,-0.0407,1.51,0.606,-0.04,-0.52,224.37,0.01,0.0,0.02,0.0,100223,1507,3,0.4,0.07,0.0,-0.01,48,-11,34,0,1.59,0.0,0.0051,0.0256,13.19,16.03,7.8
173.575,flow_only,9.6,52.1376279,21.1604125,83.49,52.1376297,21.1604133,30,0.47,0.048,255,0.0,0.0,0.0318,0.0182,1.504,0.594,-0.02,-0.55,224.08,0.01,0.0,0.03,0.0,100223,1507,3,0.4,0.13,0.0,-0.01,48,8,-154,0,1.58,0.0,0.0092,0.0293,14.57,15.9,8.28
173.675,flow_only,9.701,52.1376279,21.1604125,83.48,52.1376298,21.1604133,30,0.47,0.02,255,0.1672,0.0,0.0278,0.0064,1.508,0.582,0.22,-0.37,223.74,0.01,0.0,0.02,0.0,100223,1507,3,0.4,0.09,0.0,-0.01,48,118,123,0,1.57,-0.02,0.0095,0.0285,14.55,16.25,7.48
173.775,flow_only,9.8,52.1376279,21.1604126,83.47,52.1376298,21.1604133,30,0.47,0.02,255,0.0,0.0,-0.0448,-0.0216,1.502,0.571,0.01,-0.53,223.36,0.01,0.0,0.01,0.01,100223,1507,3,0.4,0.09,0.0,-0.01,48,64,38,0,1.56,-0.02,0.0109,0.0261,13.99,15.49,8.41
173.875,flow_only,9.901,52.1376278,21.1604126,83.46,52.1376298,21.1604133,30,0.47,0.02,255,0.0,0.0,0.0171,0.004,1.506,0.561,0.04,-0.57,223.01,0.01,0.0,0.02,0.03,100223,1507,3,0.4,0.09,0.0,-0.01,48,-163,23,0,1.55,-0.04,0.0084,0.0246,15.08,17.04,8.14
173.975,flow_only,10.0,52.1376278,21.1604126,83.45,52.1376298,21.1604133,30,0.47,0.015,255,0.0,0.0,-0.0392,-0.029,1.514,0.553,-0.04,-0.72,222.79,0.01,0.0,0.0,0.01,99695,1507,3,0.4,0.12,0.0,-0.01,49,-23,3,0,1.55,-0.03,0.0067,0.0166,15.52,17.37,8.66
174.075,flow_only,10.101,52.1376278,21.1604126,83.44,52.1376298,21.1604133,30,0.47,0.015,255,0.0,0.0,0.0208,0.0158,1.526,0.548,-0.05,-0.68,222.72,0.01,0.0,0.0,0.0,99695,1507,3,0.4,0.12,0.0,-0.01,49,21,-147,0,1.55,-0.03,0.0039,0.0073,14.61,16.46,7.58
174.175,flow_only,10.2,52.1376278,21.1604126,83.44,52.1376298,21.1604133,29,0.5,0.017,255,0.0,0.0,0.0106,-0.0163,1.53,0.547,0.01,-0.63,222.86,0.01,0.0,0.0,0.0,99695,1507,3,0.4,0.12,0.0,-0.01,49,-42,-8,0,1.56,-0.04,0.0059,0.0072,14.52,16.93,8.8
174.275,flow_only,10.3,52.1376279,21.1604126,83.44,52.1376298,21.1604133,29,0.5,0.017,255,0.0,0.0,0.0317,-0.0073,1.53,0.547,0.11,-0.77,223.13,0.01,0.0,0.0,0.02,99695,1507,3,0.4,0.12,0.0,-0.01,49,-20,59,0,1.56,-0.04,0.0055,0.0076,13.98,17.37,8.71
174.375,flow_only,10.401,52.1376279,21.1604126,83.44,52.1376299,21.1604134,29,0.5,0.032,255,0.0,0.0,-0.0103,-0.0464,1.526,0.549,0.21,-0.99,223.51,0.01,0.0,0.02,0.02,99695,1507,3,0.4,0.12,0.0,-0.01,49,-50,-137,0,1.57,-0.03,0.0111,0.0177,13.75,16.94,8.33
174.475,flow_only,10.501,52.1376279,21.1604126,83.45,52.1376299,21.1604134,29,0.5,0.032,255,0.0,0.0,0.0132,0.0131,1.534,0.551,0.23,-1.01,224.01,0.01,0.0,0.0,0.0,99695,1507,3,0.4,0.12,0.0,-0.01,49,2,17,0,1.58,-0.03,0.005,0.0112,14.46,16.66,7.96
174.575,flow_only,10.6,52.1376279,21.1604126,83.45,52.1376299,21.1604134,29,0.5,0.028,255,0.0,0.0,-0.0271,-0.0267,1.538,0.553,0.12,-1.0,224.53,0.01,0.0,0.01,0.01,99695,1507,3,0.4,0.12,0.0,-0.01,49,10,-31,0,1.58,-0.03,0.0048,0.0142,15.01,16.72,8.18
174.675,flow_only,10.701,52.1376279,21.1604126,83.45,52.1376299,21.1604134,29,0.5,0.042,255,0.0,0.0,0.0517,0.0619,1.538,0.555,0.16,-0.86,225.11,0.01,0.0,0.0,0.0,99695,1507,3,0.4,0.12,0.0,-0.01,49,10,-13,0,1.59,-0.03,0.0029,0.0134,14.44,19.2,9.21
174.775,flow_only,10.801,52.1376279,21.1604126,83.45,52.1376299,21.1604134,29,0.5,0.042,255,0.0,0.1672,-0.0201,0.0142,1.528,0.556,0.24,-0.75,225.71,0.01,0.0,0.0,0.0,99695,1507,3,0.4,0.12,0.0,-0.01,49,-57,-50,0,1.59,-0.03,0.0049,0.0115,12.11,18.02,9.28
174.875,flow_only,10.901,52.137628,21.1604126,83.45,52.1376299,21.1604134,29,0.5,0.042,255,0.0,0.0,0.0139,0.0182,1.526,0.555,0.33,-0.55,226.25,0.01,0.0,0.01,0.0,99695,1507,3,0.4,0.12,0.0,-0.01,49,20,-18,0,1.58,-0.03,0.0034,0.0054,15.12,18.05,8.75
174.975,flow_only,11.0,52.137628,21.1604126,83.45,52.1376299,21.1604134,29,0.5,0.033,255,0.0,0.0,-0.0557,-0.0165,1.534,0.551,0.11,-0.54,226.72,0.01,0.0,0.0,0.03,99695,1507,3,0.4,0.13,0.0,-0.01,49,15,-3,0,1.57,-0.03,0.0048,0.0072,14.53,14.9,8.56
175.075,flow_only,11.101,52.137628,21.1604126,83.44,52.1376299,21.1604134,29,0.5,0.08,255,0.0,0.0,0.0336,0.0195,1.538,0.547,0.03,-0.49,227.07,0.01,0.0,0.01,0.0,99695,1507,3,0.4,0.11,0.0,-0.01,49,-104,11,0,1.58,-0.03,0.0046,0.0088,13.38,14.63,8.17
175.175,flow_only,11.201,52.1376281,21.1604125,83.44,52.1376299,21.1604134,29,0.5,0.08,255,0.0,0.0,-0.0523,-0.0193,1.528,0.545,-0.07,-0.56,227.26,0.01,0.0,0.0,0.01,99695,1507,3,0.4,0.11,0.0,-0.01,49,-15,-1,0,1.57,-0.04,0.0037,0.0069,12.1,13.56,8.16
175.275,flow_only,11.3,52.1376281,21.1604125,83.44,52.1376299,21.1604134,29,0.5,0.08,255,0.0,0.0,-0.0353,0.0031,1.54,0.545,-0.33,-0.73,227.33,0.01,0.0,0.03,0.0,99695,1507,3,0.4,0.11,0.0,-0.01,49,61,55,0,1.59,-0.03,0.0064,0.0175,10.28,13.32,7.72
175.375,flow_only,11.401,52.1376281,21.1604125,83.44,52.1376299,21.1604134,30,0.5,0.023,255,0.0,0.0,-0.0203,-0.0419,1.534,0.547,-0.32,-0.81,227.28,0.01,0.0,0.0,0.0,99695,1507,3,0.4,0.12,0.0,-0.01,49,-6,146,0,1.58,-0.03,0.0121,0.0173,12.33,12.31,8.49
175.475,flow_only,11.501,52.1376281,21.1604124,83.44,52.1376299,21.1604134,30,0.5,0.023,255,0.0,0.0,0.0001,0.0315,1.538,0.548,-0.5,-0.79,227.24,0.01,0.0,0.01,0.0,99695,1507,3,0.4,0.12,0.0,-0.01,49,63,-8,0,1.59,-0.03,0.0115,0.0197,12.43,14.02,7.81
175.575,flow_only,11.6,52.137628,21.1604123,83.44,52.1376299,21.1604133,29,0.5,0.022,255,0.0,0.0,0.0158,0.0504,1.522,0.548,-0.46,-0.46,227.14,0.01,0.0,0.0,0.01,99695,1507,3,0.4,0.11,0.0,-0.01,49,-5,-84,0,1.59,-0.03,0.0042,0.0114,12.6,12.7,8.37
175.675,flow_only,11.701,52.137628,21.1604123,83.44,52.1376299,21.1604133,29,0.5,0.022,255,0.0,0.0,-0.0422,0.002,1.534,0.547,-0.68,-0.54,226.99,0.01,0.0,0.01,0.0,99695,1507,3,0.4,0.11,0.0,-0.01,49,52,18,0,1.58,-0.03,0.0066,0.0089,12.68,13.55,8.02
175.775,flow_only,11.8,52.137628,21.1604124,83.44,52.1376299,21.1604133,29,0.5,0.055,255,0.0,0.1672,0.0129,0.0142,1.518,0.547,-0.6,-0.44,226.79,0.01,0.0,0.03,0.01,99695,1507,3,0.4,0.11,0.0,-0.01,49,27,-18,0,1.59,-0.02,0.0071,0.0159,13.58,14.59,7.72
175.875,flow_only,11.901,52.137628,21.1604124,83.44,52.1376299,21.1604133,29,0.5,0.055,255,0.1673,0.0,-0.022,-0.0549,1.526,0.548,-0.58,-0.5,226.47,0.01,0.0,0.0,0.0,99695,1507,3,0.4,0.11,0.0,-0.01,49,-18,-30,0,1.58,-0.02,0.0054,0.0101,12.41,12.76,7.95
175.975,flow_only,12.0,52.137628,21.1604124,83.44,52.1376299,21.1604133,29,0.5,0.067,255,0.0,0.0,0.0526,0.0111,1.522,0.547,-0.53,-0.61,226.16,0.01,0.0,0.0,0.0,99695,1507,3,0.4,0.12,0.0,-0.01,49,22,47,0,1.58,-0.02,0.0024,0.0062,12.57,12.96,7.74
176.075,flow_only,12.101,52.137628,21.1604125,83.44,52.1376298,21.1604133,29,0.5,0.039,255,0.0,0.0,-0.016,-0.0117,1.524,0.547,-0.44,-0.63,225.85,0.01,0.0,0.02,0.0,99695,1507,3,0.4,0.12,0.0,-0.01,49,-65,1,0,1.59,-0.02,0.0085,0.0165,11.97,12.84,7.84
176.175,flow_only,12.2,52.137628,21.1604126,83.44,52.1376298,21.1604133,29,0.5,0.039,255,0.1672,0.0,0.0338,0.0135,1.52,0.548,-0.35,-0.7,225.54,0.01,0.0,0.01,0.0,99695,1507,3,0.4,0.12,0.0,-0.01,49,2,27,0,1.58,-0.02,0.0038,0.0077,12.16,13.87,7.79
176.275,flow_only,12.3,52.137628,21.1604126,83.44,52.1376298,21.1604133,29,0.5,0.039,255,0.0,0.0,-0.004,-0.0495,1.516,0.545,-0.13,-0.77,225.19,0.01,0.0,0.02,0.0,99695,1507,3,0.4,0.12,0.0,-0.01,49,-70,-21,0,1.57,-0.02,0.0056,0.0073,11.83,13.11,7.44
176.375,flow_only,12.4,52.137628,21.1604126,83.44,52.1376298,21.1604133,29,0.5,0.043,255,0.0,0.0,0.0031,-0.0028,1.52,0.542,-0.22,-0.84,224.85,0.01,0.0,0.0,0.01,99695,1507,3,0.4,0.13,0.0,-0.01,49,34,9,0,1.57,-0.02,0.0028,0.0028,13.02,14.72,8.14
176.475,flow_only,12.501,52.137628,21.1604126,83.43,52.1376298,21.1604133,29,0.5,0.043,255,0.0,0.0,-0.0418,-0.0145,1.51,0.539,-0.28,-0.83,224.41,0.01,0.0,0.0,0.0,99695,1507,3,0.4,0.13,0.0,-0.01,49,6,-14,0,1.57,-0.03,0.0028,0.0034,12.28,14.21,8.8
176.575,flow_only,12.601,52.137628,21.1604126,83.43,52.1376298,21.1604133,29,0.5,0.051,255,0.0,0.0,-0.0397,-0.0037,1.518,0.535,-0.58,-1.0,223.96,0.01,0.0,0.0,0.0,99695,1507,3,0.4,0.08,0.0,-0.01,49,70,35,0,1.56,-0.02,0.0067,0.0083,13.51,16.37,8.45
176.675,flow_only,12.701,52.1376279,21.1604126,83.43,52.1376298,21.1604133,29,0.5,0.051,255,0.0,0.0,-0.0266,0.0475,1.52,0.534,-0.68,-0.79,223.51,0.01,0.0,0.01,0.0,99695,1507,3,0.4,0.08,0.0,-0.01,49,1,100,0,1.57,-0.02,0.0099,0.0132,12.83,15.41,7.45
176.776,flow_only,12.801,52.1376279,21.1604126,83.43,52.1376297,21.1604132,30,0.47,0.013,255,0.0,0.1672,-0.0071,0.0154,1.516,0.537,-0.83,-0.73,223.16,0.01,0.0,0.03,0.01,99695,1507,3,0.39,0.13,0.0,-0.01,49,8,0,0,1.58,-0.01,0.0063,0.0175,15.26,18.02,7.82
176.876,flow_only,12.901,52.1376279,21.1604126,83.44,52.1376297,21.1604132,30,0.47,0.013,255,0.0,0.1673,0.0367,0.0114,1.508,0.54,-0.6,-0.52,222.93,0.01,0.0,0.0,0.01,99695,1507,3,0.39,0.13,0.0,-0.01,49,-94,-67,0,1.58,-0.01,0.007,0.0124,13.25,17.52,8.08
176.975,flow_only,13.001,52.1376279,21.1604127,83.43,52.1376297,21.1604131,29,0.5,0.066,255,0.1673,0.0,0.0392,0.0194,1.5,0.539,-0.53,-0.45,222.83,0.01,0.0,0.02,0.01,99695,1507,3,0.39,0.11,0.0,-0.01,49,-32,-1,0,1.57,-0.02,0.006,0.007,14.62,17.73,7.23
177.075,flow_only,13.101,52.1376278,21.1604127,83.43,52.1376297,21.160413,29,0.5,0.059,255,0.1672,0.0,0.0074,-0.0091,1.51,0.539,-0.29,-0.45,222.82,0.01,0.0,0.01,0.0,99695,1507,3,0.39,0.1,0.0,-0.01,49,71,-4,0,1.57,-0.01,0.0034,0.0054,12.93,16.34,8.18
177.176,flow_only,13.201,52.1376278,21.1604127,83.44,52.1376297,21.160413,29,0.5,0.059,255,0.0,0.0,0.0049,-0.0052,1.5,0.544,-0.24,-0.55,222.85,0.01,0.0,0.03,0.04,99695,1507,3,0.39,0.1,0.0,-0.01,49,131,37,0,1.59,0.0,0.0055,0.0155,13.94,16.82,7.69
177.275,flow_only,13.301,52.1376278,21.1604127,83.44,52.1376297,21.160413,29,0.5,0.059,255,0.0,0.0,-0.0174,-0.0634,1.494,0.548,-0.26,-0.72,222.87,0.01,0.0,0.0,0.01,99695,1507,3,0.39,0.1,0.0,-0.01,49,-61,0,0,1.59,0.0,0.0064,0.0111,15.45,16.3,7.73
177.375,flow_only,13.401,52.1376278,21.1604128,83.45,52.1376296,21.1604131,30,0.47,0.079,255,0.0,0.0,0.0475,0.0192,1.49,0.551,-0.19,-0.77,222.95,0.01,0.0,0.01,0.01,99695,1507,3,0.39,0.1,0.0,-0.01,49,-23,19,0,1.59,0.0,0.0055,0.0106,13.91,15.35,7.73
177.475,flow_only,13.501,52.1376278,21.1604128,83.45,52.1376296,21.1604131,30,0.47,0.079,255,0.0,0.0,-0.0049,-0.0243,1.49,0.554,-0.11,-0.79,223.09,0.01,0.0,0.0,0.01,99695,1507,3,0.39,0.1,0.0,-0.01,49,-48,9,0,1.59,0.01,0.007,0.0092,14.5,16.36,7.21
177.575,flow_only,13.601,52.1376278,21.1604128,83.45,52.1376296,21.1604131,30,0.47,0.019,255,0.0,0.0,-0.0084,0.0454,1.49,0.558,-0.17,-0.76,223.17,0.01,0.0,0.01,0.0,99695,1507,3,0.39,0.13,0.0,-0.01,49,-10,-4,0,1.59,0.01,0.0061,0.0113,15.16,17.45,7.66
177.675,flow_only,13.701,52.1376277,21.1604128,83.46,52.1376295,21.1604131,30,0.47,0.069,255,0.1672,0.0,-0.0557,0.0032,1.5,0.565,-0.34,-0.63,223.14,0.01,0.0,0.03,0.0,99695,1507,3,0.39,0.11,0.0,-0.01,49,4,147,0,1.61,0.01,0.0098,0.0188,14.61,17.32,8.17
177.776,flow_only,13.801,52.1376277,21.1604128,83.47,52.1376295,21.1604131,30,0.47,0.069,255,0.0,0.0,0.0372,0.0269,1.51,0.573,-0.37,-0.54,223.13,0.01,0.0,0.02,0.02,99695,1507,3,0.39,0.11,0.0,-0.01,49,-33,-23,0,1.62,0.03,0.0042,0.0162,16.23,17.15,8.11
177.876,flow_only,13.901,52.1376277,21.1604128,83.48,52.1376295,21.1604131,30,0.47,0.069,255,0.3345,0.0,-0.0024,-0.0423,1.53,0.582,-0.3,-0.54,223.14,0.01,0.0,0.01,0.0,99695,1507,3,0.39,0.11,0.0,-0.01,49,-58,1,0,1.62,0.02,0.0082,0.0175,16.16,16.8,8.06
177.975,flow_only,14.001,52.1376277,21.1604128,83.48,52.1376294,21.1604131,30,0.47,0.093,255,0.1672,0.0,0.0229,0.0185,1.522,0.585,-0.27,-0.62,223.24,0.01,0.0,0.02,0.01,99695,1507,3,0.39,0.1,0.0,-0.01,49,123,56,0,1.61,0.01,0.0037,0.0048,16.73,17.53,8.71
178.076,flow_only,14.101,52.1376276,21.1604129,83.48,52.1376293,21.1604132,30,0.47,0.122,255,0.1673,0.1673,0.0077,0.0032,1.522,0.587,-0.07,-0.6,223.44,0.01,0.0,0.0,0.0,99695,1507,3,0.39,0.11,0.0,-0.01,49,-67,150,0,1.61,0.0,0.0047,0.006,15.12,17.99,7.94
178.175,flow_only,14.201,52.1376276,21.1604129,83.48,52.1376293,21.1604132,30,0.47,0.122,255,0.1672,0.0,0.0206,0.0015,1.532,0.588,0.05,-0.6,223.73,0.01,0.0,0.01,0.0,99695,1507,3,0.39,0.11,0.0,-0.01,49,120,0,0,1.62,0.0,0.0036,0.0049,16.5,16.23,8.1
178.275,flow_only,14.301,52.1376276,21.1604129,83.48,52.1376293,21.1604132,30,0.47,0.122,255,0.0,0.0,0.0029,-0.0456,1.528,0.589,0.02,-0.71,224.13,0.01,0.0,0.01,0.01,99695,1507,3,0.39,0.11,0.0,-0.01,49,149,17,0,1.61,0.0,0.0085,0.0108,15.8,16.75,9.07
178.375,flow_only,14.401,52.1376275,21.160413,83.48,52.1376292,21.1604133,30,0.47,0.124,255,0.1672,0.0,0.0605,-0.0095,1.524,0.587,0.23,-0.81,224.64,0.01,0.0,0.0,0.01,99695,1507,3,0.39,0.1,0.0,-0.01,49,-48,20,0,1.61,0.0,0.0045,0.0089,15.23,18.22,9.16
178.475,flow_only,14.501,52.1376275,21.160413,83.48,52.1376292,21.1604133,30,0.47,0.124,255,0.1672,-0.1672,0.0034,-0.0198,1.532,0.584,0.34,-1.03,225.26,0.01,0.0,0.0,0.02,99695,1507,3,0.39,0.1,0.0,-0.01,49,-51,54,0,1.61,0.0,0.0068,0.011,15.16,18.59,8.96
178.575,flow_only,14.601,52.1376274,21.1604131,83.48,52.1376291,21.1604133,30,0.47,0.054,255,0.0,0.0,0.0485,0.049,1.526,0.584,0.55,-0.91,226.01,0.01,0.0,0.01,0.0,99695,1507,3,0.39,0.1,0.0,-0.01,49,-74,-7,0,1.61,0.0,0.0052,0.0067,15.45,17.51,8.43
178.675,flow_only,14.701,52.1376274,21.1604131,83.48,52.1376291,21.1604133,30,0.47,0.054,255,0.0,0.0,-0.0031,0.0043,1.522,0.585,0.61,-0.83,226.79,0.01,0.0,0.01,0.0,99695,1507,3,0.39,0.1,0.0,-0.01,49,-35,168,0,1.61,0.0,0.0158,0.02,15.29,16.98,8.62
178.776,flow_only,14.801,52.1376273,21.1604131,83.48,52.137629,21.1604134,30,0.47,0.041,255,0.1672,0.1672,0.0237,0.0113,1.524,0.584,0.85,-0.69,227.41,0.01,0.0,0.0,0.02,99695,1507,3,0.39,0.11,0.0,-0.01,49,-79,108,0,1.61,0.0,0.0148,0.0188,16.27,18.06,9.41
178.876,flow_only,14.901,52.1376273,21.1604131,83.48,52.137629,21.1604134,30,0.47,0.041,255,0.0,0.0,0.0008,0.0393,1.527,0.584,0.68,-0.56,227.84,0.01,0.0,0.01,0.0,99695,1507,3,0.39,0.11,0.0,-0.01,49,39,-40,0,1.61,0.0,0.0068,0.0103,13.26,18.82,11.05
178.975,flow_only,15.001,52.1376273,21.1604131,83.48,52.137629,21.1604134,30,0.47,0.014,255,-0.1672,0.1672,-0.022,0.035,1.518,0.581,0.63,-0.3,228.09,0.01,0.0,0.01,0.0,99695,1507,3,0.39,0.1,0.0,-0.01,49,-17,-60,0,1.6,0.0,0.0016,0.0066,12.63,19.19,11.13
179.075,flow_only,15.101,52.1376273,21.160413,83.47,52.1376291,21.1604134,30,0.47,0.026,255,0.0,0.0,-0.0137,0.0361,1.518,0.577,0.48,-0.23,228.22,0.01,0.0,0.0,0.01,99695,1507,3,0.39,0.1,0.0,-0.01,49,53,13,0,1.6,0.0,0.0038,0.0077,13.45,18.05,10.8
179.175,flow_only,15.201,52.1376274,21.160413,83.47,52.1376291,21.1604134,30,0.47,0.026,255,0.0,0.0,-0.0466,-0.0636,1.512,0.577,0.38,-0.39,228.16,0.01,0.0,0.03,0.0,99695,1507,3,0.39,0.1,0.0,-0.01,49,26,7,0,1.61,0.01,0.0029,0.0075,14.34,13.99,9.29
179.275,flow_only,15.301,52.1376274,21.160413,83.47,52.1376291,21.1604134,30,0.47,0.026,255,-0.1673,0.0,-0.0207,-0.0292,1.51,0.575,0.18,-0.63,227.92,0.01,0.0,0.02,0.01,99695,1507,3,0.39,0.1,0.0,-0.01,49,62,-104,0,1.6,0.01,0.0083,0.0107,14.72,14.6,9.21
179.375,flow_only,15.401,52.1376274,21.160413,83.47,52.1376292,21.1604134,30,0.47,0.029,255,0.0,0.0,-0.0203,-0.0564,1.514,0.571,-0.02,-0.84,227.53,0.01,0.0,0.0,0.0,99695,1507,3,0.39,0.09,0.0,-0.01,49,57,21,0,1.59,0.0,0.0107,0.0147,14.08,14.49,8.53
179.475,flow_only,15.501,52.1376274,21.1604131,83.47,52.1376292,21.1604134,30,0.47,0.029,255,0.0,0.0,0.0014,0.009,1.51,0.572,0.0,-0.86,227.0,0.01,0.0,0.03,0.0,99695,1507,3,0.39,0.09,0.0,-0.01,49,8,-142,0,1.61,0.0,0.0108,0.0162,14.32,14.73,8.74
179.575,flow_only,15.601,52.1376274,21.1604131,83.47,52.1376293,21.1604133,30,0.47,0.07,255,0.0,0.0,0.0013,0.036,1.51,0.573,-0.07,-0.87,226.45,0.01,0.0,0.0,0.0,99695,1507,3,0.39,0.1,0.0,-0.01,49,29,47,0,1.6,0.0,0.0088,0.0126,15.72,15.2,8.65
179.675,flow_only,15.701,52.1376274,21.1604131,83.47,52.1376293,21.1604133,30,0.47,0.07,255,0.0,0.0,0.0071,-0.031,1.506,0.575,0.03,-0.82,225.86,0.01,0.0,0.01,0.03,99695,1507,3,0.39,0.1,0.0,-0.01,49,-17,2,0,1.61,0.01,0.0047,0.0094,14.16,16.67,9.24
179.776,flow_only,15.801,52.1376274,21.1604131,83.47,52.1376294,21.1604132,30,0.47,0.077,255,0.0,0.0,0.0209,0.01,1.51,0.577,0.11,-0.81,225.3,0.01,0.0,0.0,0.01,99695,1507,3,0.39,0.11,0.0,-0.01,49,-2,-9,0,1.6,0.01,0.0032,0.0055,14.92,16.53,9.0
179.876,flow_only,15.901,52.1376274,21.1604131,83.47,52.1376294,21.1604132,30,0.47,0.077,255,0.0,0.0,-0.0235,-0.0062,1.52,0.576,0.12,-0.92,224.77,0.01,0.0,0.02,0.01,99695,1507,3,0.39,0.11,0.0,-0.01,49,-6,47,0,1.59,0.01,0.0033,0.0088,15.09,17.16,9.17
179.975,flow_only,16.001,52.1376275,21.1604132,83.47,52.1376296,21.160413,30,0.47,0.047,255,0.0,0.0,0.0056,-0.0133,1.5,0.571,0.03,-0.94,224.36,0.01,0.0,0.03,0.0,99695,1507,3,0.39,0.11,0.0,-0.01,49,46,24,0,1.58,-0.01,0.0061,0.0192,14.38,16.43,8.5
180.075,flow_only,16.101,52.1376275,21.1604131,83.46,52.1376296,21.160413,30,0.47,0.047,255,-0.1672,0.0,-0.0103,-0.0208,1.498,0.565,0.08,-1.04,224.11,0.01,0.0,0.0,0.03,99695,1507,3,0.39,0.11,0.0,-0.01,49,-156,33,0,1.58,0.0,0.0138,0.0227,15.02,17.65,8.05
180.175,flow_only,16.201,52.1376276,21.1604129,83.45,52.1376297,21.1604129,30,0.47,0.05,255,0.0,0.0,0.0115,-0.0215,1.498,0.559,0.26,-1.1,224.01,0.01,0.0,0.0,0.01,99695,1507,3,0.39,0.1,0.0,-0.01,49,-155,13,0,1.57,0.0,0.0254,0.0348,14.8,17.74,8.37
180.275,flow_only,16.301,52.1376277,21.1604127,83.45,52.1376297,21.1604129,30,0.47,0.05,255,0.0,0.0,-0.0408,0.019,1.488,0.554,0.01,-1.09,224.0,0.01,0.0,0.0,0.0,99695,1507,3,0.39,0.1,0.0,-0.01,49,-77,18,0,1.57,0.0,0.0207,0.0292,14.89,17.75,8.8
180.375,flow_only,16.401,52.1376278,21.1604127,83.45,52.1376299,21.1604127,30,0.47,0.104,255,-0.3345,0.1673,-0.0948,0.0188,1.49,0.552,-0.33,-0.98,224.04,0.01,0.0,0.01,0.01,99695,1507,3,0.39,0.1,0.0,-0.01,49,92,-17,0,1.58,0.0,0.0031,0.0074,15.28,16.33,8.26
180.475,flow_only,16.501,52.1376278,21.1604125,83.45,52.1376299,21.1604127,30,0.47,0.104,255,-0.1672,0.0,-0.0658,0.0257,1.502,0.553,-0.7,-0.86,224.14,0.01,0.0,0.01,0.0,99695,1507,3,0.39,0.1,0.0,-0.01,49,130,-24,0,1.58,0.0,0.0074,0.0114,16.38,18.75,9.15
180.575,flow_only,16.601,52.1376278,21.1604124,83.45,52.13763,21.1604124,30,0.47,0.102,255,0.0,0.0,-0.0642,-0.0081,1.5,0.553,-1.07,-0.78,224.25,0.01,0.0,0.02,0.0,99695,1507,3,0.39,0.08,0.0,-0.01,49,118,-19,0,1.57,0.0,0.0043,0.0072,15.78,19.38,9.76
180.675,flow_only,16.701,52.1376279,21.1604123,83.45,52.13763,21.1604124,30,0.47,0.102,255,0.0,0.0,-0.0378,-0.0141,1.5,0.552,-1.25,-0.67,224.28,0.01,0.0,0.01,0.02,99695,1507,3,0.39,0.08,0.0,-0.01,49,-114,127,0,1.58,-0.01,0.0118,0.0161,15.14,18.78,9.5
180.776,flow_only,16.801,52.1376279,21.1604122,83.45,52.1376302,21.1604122,30,0.47,0.095,255,0.0,0.0,0.0368,0.0213,1.51,0.55,-1.27,-0.65,224.34,0.01,0.0,0.03,0.01,99695,1507,3,0.39,0.12,0.0,-0.01,49,61,4,0,1.56,-0.01,0.0074,0.0151,15.77,17.84,8.78
180.876,flow_only,16.901,52.1376279,21.1604121,83.44,52.1376302,21.1604122,30,0.47,0.095,255,0.0,0.0,0.0137,-0.0118,1.51,0.548,-1.09,-0.75,224.45,0.01,0.0,0.0,0.0,99695,1507,3,0.39,0.12,0.0,-0.01,49,-30,-18,0,1.56,-0.02,0.0031,0.0096,14.89,17.5,8.74
180.975,flow_only,17.001,52.1376279,21.160412,83.44,52.1376303,21.1604121,30,0.47,0.011,255,0.1672,0.0,0.0472,0.0357,1.508,0.544,-0.82,-0.66,224.6,0.01,0.0,0.02,0.0,99695,1507,3,0.39,0.1,0.0,-0.01,49,-25,-5,0,1.56,-0.03,0.0039,0.0144,14.99,17.27,9.18
181.075,flow_only,17.101,52.1376278,21.160412,83.43,52.1376303,21.1604121,30,0.47,0.011,255,0.0,0.0,0.029,0.0207,1.5,0.539,-0.68,-0.51,224.82,0.01,0.0,0.0,0.0,99695,1507,3,0.39,0.1,0.0,-0.01,49,155,-36,0,1.55,-0.03,0.0068,0.0145,15.85,18.12,8.71
181.175,flow_only,17.201,52.1376278,21.160412,83.43,52.1376304,21.1604121,30,0.47,0.007,255,0.0,0.0,0.0104,-0.0109,1.5,0.534,-0.51,-0.43,225.06,0.01,0.0,0.0,0.0,99695,1507,3,0.39,0.09,0.0,-0.01,49,-46,-11,0,1.55,-0.02,0.0035,0.0091,15.68,16.73,8.38
181.275,flow_only,17.301,52.1376278,21.1604121,83.43,52.1376304,21.1604121,30,0.47,0.007,255,0.0,-0.1672,0.0421,0.0197,1.5,0.531,-0.45,-0.47,225.28,0.01,0.0,0.0,0.0,99695,1507,3,0.39,0.09,0.0,-0.01,49,3,45,0,1.56,-0.02,0.0073,0.0098,14.03,15.59,8.0
181.375,flow_only,17.401,52.1376278,21.1604122,83.43,52.1376305,21.160412,30,0.47,0.007,255,0.0,0.0,-0.0165,-0.0117,1.502,0.532,-0.43,-0.51,225.47,0.01,0.0,0.02,0.0,99695,1507,3,0.39,0.12,0.0,-0.01,49,138,21,0,1.57,-0.01,0.0109,0.0155,14.48,16.26,7.85
181.475,flow_only,17.501,52.1376278,21.1604122,83.43,52.1376305,21.160412,30,0.47,0.007,255,0.0,0.0,0.0254,0.0062,1.504,0.535,-0.3,-0.54,225.59,0.01,0.0,0.01,0.01,99695,1507,3,0.39,0.12,0.0,-0.01,49,-36,19,0,1.57,-0.01,0.0061,0.0128,13.87,15.82,8.67
181.575,flow_only,17.601,52.1376278,21.1604123,83.43,52.1376304,21.1604121,30,0.47,0.12,255,0.0,0.0,-0.0228,-0.0324,1.516,0.54,-0.34,-0.69,225.62,0.01,0.0,0.02,0.01,99695,1507,3,0.39,0.12,0.0,-0.01,49,-23,50,0,1.58,-0.01,0.0043,0.0159,14.32,17.39,8.72
181.675,flow_only,17.701,52.1376278,21.1604123,83.44,52.1376304,21.1604121,30,0.47,0.12,255,0.0,0.0,-0.0048,-0.02,1.51,0.543,-0.28,-0.67,225.53,0.01,0.0,0.02,0.0,99695,1507,3,0.39,0.12,0.0,-0.01,49,-56,-3,0,1.57,0.0,0.0038,0.004,13.91,15.88,8.56
181.776,flow_only,17.801,52.1376278,21.1604123,83.44,52.1376304,21.1604122,30,0.47,0.051,255,0.0,-0.1672,-0.0219,-0.0149,1.51,0.543,-0.46,-0.79,225.42,0.01,0.0,0.01,0.01,99695,1507,3,0.39,0.07,0.0,-0.01,49,49,36,0,1.57,-0.02,0.0053,0.0079,15.08,15.78,8.03
181.876,flow_only,17.901,52.1376278,21.1604124,83.44,52.1376304,21.1604122,30,0.47,0.051,255,-0.1672,0.0,-0.0161,-0.0016,1.51,0.542,-0.56,-0.78,225.26,0.01,0.0,0.01,0.01,99695,1507,3,0.39,0.07,0.0,-0.01,49,-9,18,0,1.57,-0.01,0.0035,0.005,13.84,15.22,8.66
181.975,flow_only,18.001,52.1376278,21.1604124,83.44,52.1376306,21.1604123,30,0.47,0.072,255,0.0,0.0,0.0415,0.0261,1.51,0.542,-0.45,-0.78,225.1,0.01,0.0,0.0,0.01,99695,1507,3,0.39,0.08,0.0,-0.01,49,-20,20,0,1.57,-0.01,0.0025,0.004,14.04,14.68,7.89
182.075,flow_only,18.101,52.1376278,21.1604124,83.44,52.1376306,21.1604123,30,0.47,0.072,255,0.0,0.0,-0.0217,-0.0277,1.514,0.546,-0.38,-0.79,224.93,0.01,0.0,0.04,0.0,99695,1507,3,0.39,0.08,0.0,-0.01,49,-66,-28,0,1.59,0.0,0.0102,0.0198,12.8,13.2,7.82
182.175,flow_only,18.201,52.1376278,21.1604125,83.44,52.1376307,21.1604124,30,0.47,0.051,255,0.1673,0.0,0.0317,-0.0087,1.515,0.55,-0.24,-0.87,224.8,0.01,0.0,0.01,0.0,99695,1507,3,0.39,0.06,0.0,-0.01,49,-24,49,0,1.59,0.0,0.002,0.0066,13.78,14.82,8.5
182.275,flow_only,18.301,52.1376278,21.1604126,83.45,52.1376307,21.1604124,30,0.47,0.051,255,0.0,-0.1672,0.0065,-0.0521,1.504,0.551,-0.17,-1.03,224.69,0.01,0.0,0.0,0.01,99695,1507,3,0.39,0.06,0.0,-0.01,49,96,58,0,1.59,-0.01,0.0058,0.0091,15.48,17.06,8.2
182.375,flow_only,18.401,52.1376278,21.1604127,83.45,52.1376308,21.1604124,30,0.47,0.068,255,0.0,0.0,0.0485,0.0297,1.506,0.553,-0.06,-1.01,224.69,0.01,0.0,0.0,0.02,99695,1507,3,0.39,0.11,0.0,-0.01,49,-29,31,0,1.59,0.0,0.0029,0.0059,13.2,16.64,8.92
182.476,flow_only,18.501,52.1376278,21.1604127,83.45,52.137631,21.1604125,30,0.47,0.052,255,0.0,0.0,-0.0298,-0.0233,1.504,0.552,-0.14,-1.09,224.71,0.01,0.0,0.02,0.0,99695,1507,3,0.39,0.07,0.0,-0.01,49,-2,46,0,1.58,0.0,0.0058,0.0078,14.14,17.33,8.27
182.575,flow_only,18.601,52.1376278,21.1604127,83.44,52.137631,21.1604125,30,0.47,0.052,255,0.0,0.0,0.0184,0.0229,1.51,0.549,-0.09,-1.06,224.71,0.01,0.0,0.01,0.0,99695,1507,3,0.39,0.07,0.0,-0.01,49,-27,1,0,1.57,-0.01,0.0058,0.0097,13.71,17.17,8.33
182.675,flow_only,18.701,52.1376278,21.1604127,83.44,52.137631,21.1604125,30,0.47,0.052,255,0.0,0.0,-0.0669,-0.0049,1.512,0.548,-0.29,-1.1,224.75,0.01,0.0,0.03,0.01,99695,1507,3,0.39,0.07,0.0,-0.01,49,40,22,0,1.59,0.0,0.0033,0.0078,14.64,16.92,8.23
182.776,flow_only,18.801,52.1376278,21.1604127,83.45,52.1376311,21.1604125,30,0.47,0.049,255,0.0,0.0,-0.039,0.016,1.506,0.552,-0.55,-1.06,224.76,0.01,0.0,0.01,0.01,99695,1507,3,0.39,0.09,0.0,-0.01,49,53,13,0,1.59,0.0,0.0034,0.0116,14.0,16.6,9.45
182.876,flow_only,18.901,52.1376278,21.1604127,83.45,52.1376311,21.1604125,30,0.47,0.049,255,0.0,0.0,-0.1379,-0.0184,1.514,0.555,-1.17,-1.16,224.75,0.01,0.0,0.0,0.01,99695,1507,3,0.39,0.09,0.0,-0.01,49,56,-8,0,1.59,0.0,0.0028,0.0076,15.59,18.23,8.39
182.975,flow_only,19.001,52.1376278,21.1604127,83.45,52.1376312,21.1604127,30,0.47,0.051,255,-0.1672,-0.1672,-0.1409,-0.0114,1.532,0.558,-1.88,-1.12,224.67,0.01,0.0,0.0,0.01,99695,1507,3,0.39,0.06,0.0,-0.01,49,-53,-156,0,1.59,0.0,0.0149,0.0189,14.16,16.21,8.52
183.075,flow_only,19.101,52.1376277,21.1604129,83.46,52.1376312,21.1604127,30,0.47,0.051,255,0.0,0.0,-0.1561,-0.0243,1.538,0.563,-2.77,-1.32,224.49,0.01,0.0,0.05,0.0,99695,1507,3,0.39,0.06,0.0,-0.01,49,141,41,0,1.62,0.0,0.0106,0.0252,15.01,16.12,9.18
183.175,flow_only,19.201,52.1376277,21.1604131,83.47,52.1376312,21.1604128,30,0.47,0.105,255,0.0,0.0,-0.0746,0.0181,1.53,0.572,-3.27,-1.27,223.4,0.01,0.0,0.02,0.0,99695,1507,3,0.39,0.08,0.0,-0.01,49,41,7,0,1.62,0.0,0.0154,0.0279,14.53,14.93,8.1
183.275,flow_only,19.301,52.1376276,21.1604134,83.47,52.1376312,21.1604128,30,0.47,0.105,255,0.0,0.0,-0.1185,-0.0865,1.53,0.579,-3.86,-1.73,220.72,0.01,0.0,0.01,0.0,99695,1507,3,0.39,0.08,0.0,-0.01,49,-18,35,0,1.63,0.01,0.0088,0.0225,12.93,16.82,8.55
183.375,flow_only,19.401,52.1376274,21.1604137,83.48,52.1376312,21.1604131,30,0.47,0.107,255,0.0,-0.1673,-0.0387,0.0088,1.544,0.582,-4.08,-2.14,216.47,0.01,0.0,0.02,0.0,99695,1507,3,0.39,0.12,0.0,-0.01,49,245,33,0,1.61,0.0,0.0179,0.0228,21.56,20.0,11.93
183.475,flow_only,19.501,52.1376272,21.1604141,83.48,52.1376311,21.1604135,30,0.47,0.219,255,0.1672,0.0,-0.0944,-0.0834,1.524,0.581,-4.22,-2.75,211.05,0.01,0.0,0.0,0.01,99695,1507,3,0.39,0.1,0.0,-0.01,49,-15,10,0,1.61,0.0,0.0072,0.0113,22.09,27.15,11.61
183.575,flow_only,19.601,52.1376269,21.1604145,83.47,52.1376311,21.1604135,30,0.47,0.219,255,0.0,0.1673,-0.0886,-0.056,1.506,0.579,-4.43,-3.6,204.9,0.01,0.0,0.0,0.05,99695,1507,3,0.39,0.1,0.0,-0.01,49,10,36,0,1.61,0.0,0.0014,0.0034,27.34,26.01,10.74
183.675,flow_only,19.701,52.1376266,21.160415,83.47,52.1376308,21.1604139,30,0.47,0.276,255,0.1672,0.0,-0.072,-0.0236,1.502,0.573,-4.32,-4.3,198.07,0.01,0.0,0.02,0.07,99695,1507,3,0.39,0.1,0.0,-0.01,49,66,77,0,1.59,0.0,0.0169,0.0249,29.19,32.72,11.59
183.776,flow_only,19.801,52.1376261,21.1604156,83.46,52.1376308,21.1604139,30,0.47,0.276,255,0.1673,0.0,-0.1353,-0.0571,1.492,0.566,-4.39,-5.26,190.85,0.01,0.0,0.0,0.07,99695,1507,3,0.39,0.1,0.0,-0.01,49,-112,-107,0,1.59,0.0,0.0252,0.0347,24.31,22.82,9.96
183.876,flow_only,19.901,52.1376255,21.1604163,83.46,52.1376302,21.1604145,30,0.47,0.575,255,0.3345,1.1708,-0.0548,0.0233,1.496,0.561,-4.06,-5.76,183.33,0.01,0.0,0.0,0.07,99695,1507,3,0.39,0.11,0.0,-0.01,49,19,59,0,1.59,0.0,0.0216,0.0289,18.94,18.77,10.09
183.975,flow_only,20.001,52.1376249,21.1604169,83.46,52.1376302,21.1604145,30,0.47,0.575,255,0.3345,0.5017,-0.0961,-0.0042,1.478,0.561,-3.65,-6.29,175.62,0.01,0.0,0.01,0.06,99695,1507,3,0.39,0.11,0.0,-0.01,49,-175,-186,0,1.6,0.02,0.0149,0.0195,19.69,17.36,9.0
184.076,flow_only,20.101,52.1376242,21.1604176,83.46,52.1376291,21.1604156,30,0.47,0.839,255,0.1672,0.5016,-0.0459,0.0503,1.474,0.56,-3.07,-6.46,167.97,0.01,0.0,0.01,0.06,99695,1507,3,0.39,0.12,0.0,-0.01,49,-155,-123,0,1.59,0.01,0.0188,0.0241,17.84,17.95,8.68
184.175,flow_only,20.201,52.1376235,21.1604183,83.46,52.1376291,21.1604156,30,0.47,0.839,255,0.1672,0.5015,-0.0542,0.0563,1.468,0.564,-2.52,-6.47,160.63,0.01,0.0,0.01,0.04,99695,1507,3,0.39,0.12,0.0,-0.01,49,29,273,0,1.6,0.04,0.0189,0.0261,16.29,16.98,7.95
184.275,flow_only,20.301,52.1376228,21.1604191,83.47,52.1376291,21.1604156,30,0.47,0.839,255,0.1672,0.5016,0.0243,0.1157,1.496,0.575,-1.76,-6.07,153.67,0.01,0.0,0.03,0.04,99695,1507,3,0.39,0.12,0.0,-0.01,49,-73,-13,0,1.62,0.05,0.0325,0.0468,15.63,16.78,9.29
184.375,flow_only,20.4,52.1376221,21.1604199,83.48,52.1376278,21.1604171,30,0.47,1.002,255,0.5015,1.003,0.0483,0.0512,1.502,0.587,-0.8,-5.83,147.25,0.01,0.0,0.01,0.07,99695,1507,3,0.39,0.11,0.0,-0.01,49,68,-37,0,1.63,0.05,0.0287,0.0421,15.45,17.85,9.46
184.475,flow_only,20.501,52.1376213,21.160421,83.5,52.1376263,21.160419,30,0.47,1.177,255,0.0,0.6689,0.0205,0.0566,1.5,0.6,-0.05,-5.52,141.43,0.01,0.0,0.03,0.03,99695,1507,3,0.39,0.1,0.0,-0.01,49,-29,-282,0,1.65,0.04,0.0238,0.0365,16.61,16.76,10.3
184.575,flow_only,20.6,52.1376206,21.160422,83.51,52.1376263,21.160419,30,0.47,1.177,255,0.1672,0.8359,0.0436,0.0806,1.522,0.616,0.59,-5.12,136.75,0.01,0.0,0.03,0.07,99695,1507,3,0.39,0.1,0.0,-0.01,49,-124,-290,0,1.67,0.04,0.0417,0.0565,16.37,16.29,9.42
184.675,flow_only,20.701,52.1376198,21.1604231,83.52,52.1376263,21.160419,30,0.47,1.177,255,0.1672,1.1703,0.0024,-0.0124,1.522,0.628,0.94,-4.73,133.75,0.01,0.0,0.0,0.06,99695,1507,3,0.39,0.1,0.0,-0.01,49,-15,493,0,1.67,0.06,0.0059,0.0196,14.98,18.06,9.97
184.775,flow_only,20.801,52.1376189,21.1604243,83.53,52.1376246,21.1604216,30,0.5,1.342,255,-0.1673,1.3381,0.0451,-0.0084,1.504,0.639,1.15,-4.78,132.49,0.01,0.0,0.02,0.05,99695,1507,3,0.39,0.1,0.0,-0.01,49,59,-129,0,1.68,0.07,0.0203,0.0314,16.94,20.14,10.26
184.875,flow_only,20.901,52.1376181,21.1604255,83.54,52.1376227,21.1604246,30,0.5,1.531,255,0.0,0.6687,0.006,0.0678,1.538,0.647,1.22,-4.63,132.43,0.01,0.0,0.0,0.07,99695,1507,3,0.39,0.11,0.0,-0.01,49,87,-348,0,1.68,0.07,0.0506,0.0571,16.92,20.11,11.27
184.975,flow_only,21.0,52.1376173,21.1604268,83.55,52.1376227,21.1604246,30,0.5,1.531,255,-0.1673,1.6725,0.0105,0.1014,1.504,0.655,1.22,-3.95,133.24,0.01,0.0,0.02,0.05,99695,1507,3,0.39,0.11,0.0,-0.01,49,-85,422,0,1.69,0.08,0.0086,0.0185,17.6,20.84,11.09
185.075,flow_only,21.101,52.1376164,21.160428,83.56,52.1376208,21.1604277,30,0.5,1.467,255,-0.1672,0.8361,0.0573,0.0804,1.486,0.665,1.38,-3.46,134.65,0.01,0.0,0.04,0.04,99695,1507,3,0.39,0.1,0.0,-0.01,49,62,-263,0,1.7,0.1,0.0394,0.0477,17.23,19.45,11.42
185.175,flow_only,21.201,52.1376155,21.1604294,83.58,52.1376208,21.1604277,30,0.5,1.467,255,0.0,0.8362,0.0889,0.1187,1.498,0.681,1.59,-2.93,136.4,0.01,0.0,0.06,0.05,99695,1507,3,0.39,0.1,0.0,-0.01,49,61,-286,0,1.73,0.15,0.022,0.0386,17.24,18.87,10.94
185.275,flow_only,21.3,52.1376145,21.160431,83.59,52.1376208,21.1604277,30,0.5,1.467,255,0.0,1.5053,-0.1211,0.0347,1.522,0.7,1.37,-2.77,138.15,0.01,0.0,0.04,0.05,99695,1507,3,0.39,0.1,0.0,-0.01,49,165,-131,0,1.75,0.17,0.0398,0.0521,16.27,20.11,11.12
185.375,flow_only,21.4,52.1376135,21.1604326,83.61,52.137619,21.1604309,30,0.47,1.592,255,0.0,0.8359,-0.1034,0.1409,1.49,0.719,0.54,-2.0,139.69,0.01,0.0,0.04,0.05,99695,1507,3,0.39,0.1,0.0,-0.01,49,13,644,0,1.76,0.17,0.0616,0.0724,16.86,19.81,11.15
185.475,flow_only,21.501,52.1376124,21.1604344,83.63,52.137617,21.1604342,30,0.47,1.695,255,0.0,1.0035,0.0943,0.0887,1.498,0.74,0.59,-1.58,140.91,0.01,0.0,0.05,0.04,99695,1507,3,0.39,0.1,0.0,-0.01,49,-164,694,0,1.79,0.17,0.0822,0.0951,16.69,19.9,11.26
185.575,flow_only,21.6,52.1376112,21.1604361,83.66,52.137617,21.1604342,30,0.47,1.695,255,0.0,0.6689,0.0597,0.0455,1.5,0.765,1.05,-1.35,141.81,0.01,0.0,0.08,0.04,99695,1507,3,0.39,0.1,0.0,-0.01,49,44,-142,0,1.81,0.23,0.0456,0.0729,20.76,20.08,11.67
185.675,flow_only,21.701,52.13761,21.1604377,83.68,52.1376149,21.1604375,30,0.47,1.618,255,0.0,0.8359,0.0615,0.0971,1.508,0.787,1.39,-0.8,142.35,0.01,0.0,0.03,0.03,99695,1507,3,0.39,0.09,0.0,-0.01,49,-121,-170,0,1.82,0.23,0.016,0.0443,19.31,20.07,11.01
185.775,flow_only,21.801,52.137609,21.1604393,83.7,52.1376149,21.1604375,30,0.47,1.618,255,0.0,0.8363,-0.0072,0.0602,1.52,0.805,1.39,-0.46,142.56,0.01,0.0,0.04,0.04,99695,1507,3,0.39,0.09,0.0,-0.01,49,-19,-272,0,1.82,0.23,0.0385,0.0387,17.56,17.6,10.61
185.875,flow_only,21.901,52.137608,21.1604406,83.71,52.1376129,21.1604407,30,0.47,1.563,255,0.1672,1.6717,-0.0294,-0.0211,1.468,0.817,1.42,-0.29,142.54,0.01,0.0,0.01,0.04,99695,1507,3,0.39,0.1,0.0,-0.01,49,-31,657,0,1.82,0.23,0.0277,0.0405,19.66,20.43,9.83
185.975,flow_only,22.0,52.1376069,21.1604421,83.72,52.1376129,21.1604407,30,0.47,1.563,255,0.1673,0.669,-0.006,-0.0791,1.524,0.828,1.33,-0.69,142.5,0.01,0.0,0.01,0.02,99695,1507,3,0.39,0.1,0.0,-0.01,49,19,-152,0,1.82,0.24,0.0073,0.0164,20.05,18.22,9.76
186.075,flow_only,22.101,52.1376059,21.1604434,83.73,52.1376129,21.1604407,30,0.47,1.563,255,0.0,0.5015,-0.0291,-0.0555,1.484,0.839,1.17,-1.04,142.36,0.01,0.0,0.05,0.06,99695,1507,3,0.39,0.1,0.0,-0.01,49,7,-90,0,1.83,0.25,0.0096,0.0159,19.79,18.12,10.45
186.175,flow_only,22.2,52.1376049,21.1604448,83.74,52.137611,21.1604438,30,0.47,1.513,255,0.0,0.6689,-0.0309,-0.0043,1.452,0.85,0.99,-1.18,142.15,0.01,0.0,0.02,0.04,99695,1507,3,0.39,0.09,0.0,-0.01,49,15,571,0,1.83,0.26,0.0447,0.0508,19.63,19.44,11.02
186.275,flow_only,22.3,52.1376038,21.1604462,83.76,52.137611,21.1604438,30,0.47,1.513,255,0.0,0.669,-0.0601,-0.025,1.434,0.861,0.67,-1.48,141.91,0.01,0.0,0.04,0.05,99695,1507,3,0.39,0.09,0.0,-0.01,49,32,-88,0,1.83,0.29,0.0127,0.0212,18.28,17.58,9.56
186.375,flow_only,22.4,52.1376028,21.1604475,83.77,52.1376091,21.1604468,30,0.47,1.481,255,0.1673,1.5053,0.0157,0.0264,1.434,0.873,0.75,-1.27,141.57,0.01,0.0,0.03,0.04,99695,1507,3,0.39,0.1,0.0,-0.01,49,-48,-203,0,1.84,0.32,0.0169,0.0193,17.71,17.66,10.93
186.475,flow_only,22.501,52.1376017,21.1604489,83.78,52.1376091,21.1604468,30,0.47,1.481,255,0.0,0.6689,0.0284,0.0142,1.408,0.884,0.81,-1.28,141.31,0.01,0.0,0.01,0.04,99695,1507,3,0.39,0.1,0.0,-0.01,49,1,-151,0,1.83,0.32,0.0222,0.0264,17.7,16.58,10.04
186.575,flow_only,22.6,52.1376006,21.1604503,83.79,52.1376072,21.1604497,30,0.47,1.479,255,0.0,0.669,-0.0492,0.0177,1.408,0.895,0.68,-1.32,141.07,0.01,0.0,0.02,0.04,99695,1507,3,0.39,0.1,0.0,-0.01,49,8,67,0,1.83,0.32,0.0071,0.0108,16.2,15.49,8.75
186.675,flow_only,22.701,52.1375996,21.1604517,83.8,52.1376072,21.1604497,30,0.47,1.479,255,0.0,1.5047,-0.0511,-0.0128,1.374,0.907,0.54,-1.22,140.79,0.01,0.0,0.02,0.07,99695,1507,3,0.39,0.1,0.0,-0.01,49,-155,498,0,1.83,0.34,0.0368,0.0434,15.97,15.78,8.64
186.775,flow_only,22.801,52.1375985,21.160453,83.82,52.1376052,21.1604525,30,0.47,1.49,255,0.0,0.8362,0.0128,0.0334,1.382,0.921,0.38,-1.18,140.67,0.01,0.0,0.04,0.05,99695,1507,3,0.39,0.09,0.0,-0.01,49,41,-178,0,1.84,0.37,0.0033,0.0055,18.2,16.16,8.58
186.875,flow_only,22.901,52.1375975,21.1604544,83.83,52.1376032,21.1604553,30,0.47,1.401,255,0.0,0.6689,-0.0226,0.0005,1.366,0.934,0.39,-1.18,140.57,0.01,0.0,0.01,0.03,99695,1507,3,0.39,0.09,0.0,-0.01,49,17,-151,0,1.84,0.38,0.023,0.0293,16.14,21.06,10.76
186.975,flow_only,23.0,52.1375963,21.1604559,83.84,52.1376032,21.1604553,30,0.47,1.401,255,0.0,1.5051,0.0048,-0.0339,1.406,0.947,0.36,-1.2,140.51,0.01,0.0,0.02,0.07,99695,1507,3,0.39,0.09,0.0,-0.01,49,-145,498,0,1.84,0.4,0.0524,0.0655,14.54,20.36,12.57
187.075,flow_only,23.101,52.1375951,21.1604573,83.85,52.1376032,21.1604553,30,0.47,1.401,255,0.0,0.8361,0.0237,0.0514,1.378,0.96,0.51,-1.04,140.53,0.01,0.0,0.0,0.06,99695,1507,3,0.39,0.09,0.0,-0.01,49,-18,-174,0,1.85,0.4,0.0225,0.0331,15.7,18.42,10.33
187.175,flow_only,23.2,52.1375938,21.1604588,83.87,52.1376013,21.160458,30,0.47,1.408,255,0.0,0.8359,0.0092,0.0983,1.376,0.972,0.54,-0.72,140.61,0.01,0.0,0.01,0.05,99695,1507,3,0.39,0.09,0.0,-0.01,49,3,-47,0,1.84,0.38,0.046,0.0633,15.84,16.52,10.18
187.275,flow_only,23.3,52.1375924,21.1604604,83.88,52.1376013,21.160458,30,0.47,1.408,255,0.0,1.5051,-0.0271,0.0708,1.36,0.986,0.49,-0.24,140.73,0.01,0.0,0.04,0.05,99695,1507,3,0.39,0.09,0.0,-0.01,49,5,-305,0,1.85,0.4,0.0407,0.0594,15.8,16.32,10.36
187.375,flow_only,23.4,52.1375912,21.1604619,83.9,52.1375994,21.1604607,30,0.47,1.469,255,0.0,0.836,-0.0303,0.1043,1.346,1.002,0.3,0.36,140.78,0.01,0.0,0.01,0.03,99695,1507,3,0.39,0.09,0.0,-0.01,49,42,565,0,1.86,0.42,0.0618,0.0845,17.53,15.73,8.51
187.475,flow_only,23.501,52.1375899,21.1604634,83.91,52.1375994,21.1604607,30,0.47,1.469,255,-0.1673,0.669,-0.0529,0.0658,1.356,1.018,0.06,0.68,140.77,0.01,0.0,0.03,0.06,99695,1507,3,0.39,0.09,0.0,-0.01,49,25,-54,0,1.86,0.43,0.0258,0.0407,15.08,19.39,10.69
187.575,flow_only,23.6,52.1375888,21.1604648,83.93,52.1375975,21.1604634,30,0.47,1.298,255,0.0,0.8363,-0.0055,0.0731,1.368,1.034,-0.14,1.09,140.72,0.01,0.0,0.0,0.02,99695,1507,3,0.39,0.09,0.0,-0.01,49,-106,-212,0,1.86,0.43,0.0206,0.0188,13.16,18.56,10.96
187.675,flow_only,23.701,52.1375878,21.1604661,83.94,52.1375975,21.1604634,30,0.47,1.298,255,0.0,0.6689,-0.0044,-0.0083,1.368,1.045,-0.2,1.17,140.68,0.01,0.0,0.02,0.04,99695,1507,3,0.39,0.09,0.0,-0.01,49,42,-152,0,1.85,0.41,0.0068,0.0257,14.64,15.28,8.75
187.775,flow_only,23.8,52.1375868,21.1604674,83.95,52.1375958,21.1604659,29,0.48,1.178,255,0.0,0.5018,-0.0198,-0.1222,1.36,1.051,-0.26,0.56,140.66,0.01,0.0,0.02,0.07,99695,1507,3,0.39,0.09,0.0,-0.01,49,14,-152,0,1.82,0.38,0.0215,0.0411,15.41,15.22,8.2
187.875,flow_only,23.901,52.1375859,21.1604686,83.95,52.1375942,21.1604683,29,0.48,1.186,255,0.0,0.5018,-0.0105,-0.0514,1.342,1.054,-0.3,0.29,140.63,0.01,0.0,0.01,0.03,99695,1507,3,0.39,0.09,0.0,-0.01,49,32,-167,0,1.81,0.37,0.0319,0.0557,16.96,14.77,8.0
187.975,flow_only,24.001,52.137585,21.1604698,83.95,52.1375942,21.1604683,29,0.48,1.186,255,0.0,0.5017,0.0007,-0.1365,1.33,1.056,-0.27,-0.45,140.56,0.01,0.0,0.01,0.07,99695,1507,3,0.39,0.09,0.0,-0.01,49,-179,-161,0,1.8,0.38,0.0163,0.0403,15.33,15.49,9.57
188.075,flow_only,24.101,52.1375841,21.160471,83.95,52.1375942,21.1604683,29,0.48,1.186,255,0.0,0.6688,0.0131,-0.0129,1.322,1.058,-0.29,-0.76,140.45,0.01,0.0,0.01,0.05,99695,1507,3,0.39,0.09,0.0,-0.01,49,26,-134,0,1.79,0.37,0.0278,0.0524,15.09,16.01,9.97
188.175,flow_only,24.2,52.1375834,21.1604721,83.96,52.1375927,21.1604706,29,0.48,1.034,255,0.1672,0.3344,-0.0262,-0.1563,1.278,1.061,-0.29,-1.33,140.28,0.01,0.0,0.0,0.07,99695,1507,3,0.39,0.09,0.0,-0.01,49,125,353,0,1.78,0.38,0.0171,0.0409,16.71,16.11,9.21
188.275,flow_only,24.3,52.1375826,21.1604734,83.96,52.1375927,21.1604706,29,0.48,1.034,255,0.1672,0.5017,0.0337,-0.0652,1.314,1.064,-0.27,-1.92,140.21,0.01,0.0,0.04,0.05,99695,1507,3,0.39,0.09,0.0,-0.01,49,-16,-84,0,1.76,0.39,0.0229,0.0547,17.91,14.97,7.95
188.375,flow_only,24.4,52.1375819,21.1604746,83.96,52.1375914,21.1604728,29,0.48,1.117,255,0.1673,0.5018,0.1022,-0.0982,1.314,1.065,0.33,-2.3,140.11,0.01,0.0,0.02,0.06,99695,1507,3,0.39,0.09,0.0,-0.01,49,34,1,0,1.76,0.39,0.0274,0.0586,15.95,15.85,9.51
188.475,flow_only,24.5,52.1375811,21.1604759,83.96,52.1375914,21.1604728,29,0.48,1.117,255,0.1672,0.5017,0.075,-0.0341,1.316,1.069,0.67,-2.76,140.09,0.01,0.0,0.0,0.03,99695,1507,3,0.39,0.09,0.0,-0.01,49,71,-117,0,1.76,0.36,0.0254,0.0512,14.84,16.87,10.36
188.575,flow_only,24.601,52.1375804,21.1604773,83.97,52.1375899,21.1604752,29,0.48,1.129,255,0.0,0.5017,0.0922,-0.0108,1.356,1.076,1.16,-2.82,140.13,0.01,0.0,0.0,0.04,99695,1507,3,0.39,0.08,0.0,-0.01,49,208,621,0,1.76,0.36,0.0338,0.0501,15.54,16.97,9.33
188.675,flow_only,24.7,52.1375795,21.1604788,83.98,52.1375899,21.1604752,29,0.48,1.129,255,0.1672,1.0032,0.032,-0.0172,1.36,1.084,1.39,-2.97,140.17,0.01,0.0,0.0,0.03,99695,1507,3,0.39,0.08,0.0,-0.01,49,-85,446,0,1.76,0.33,0.0286,0.0445,14.88,15.26,8.26
188.775,flow_only,24.801,52.1375785,21.1604802,83.99,52.1375884,21.1604775,29,0.48,1.129,255,0.1673,0.5018,0.0223,0.04,1.38,1.09,1.64,-2.79,140.21,0.01,0.0,0.01,0.01,99695,1507,3,0.38,0.07,0.0,-0.01,49,84,-323,0,1.76,0.32,0.0163,0.0343,14.66,16.21,8.58
188.875,flow_only,24.901,52.1375776,21.1604816,83.99,52.1375884,21.1604775,29,0.48,1.129,255,0.0,0.669,-0.0365,0.0837,1.382,1.097,1.5,-2.41,140.26,0.01,0.0,0.0,0.05,99695,1507,3,0.38,0.07,0.0,-0.01,49,114,501,0,1.76,0.32,0.0202,0.0351,15.52,16.98,8.54
188.975,flow_only,25.0,52.1375767,21.1604831,84.0,52.1375868,21.1604799,29,0.48,1.165,255,0.0,1.3378,-0.0196,0.0159,1.374,1.102,1.42,-2.17,140.34,0.01,0.0,0.03,0.05,99695,1507,3,0.38,0.07,0.0,-0.01,49,-2,-376,0,1.76,0.3,0.0296,0.0504,14.25,15.78,8.58
189.075,flow_only,25.1,52.1375759,21.1604844,84.0,52.1375868,21.1604799,29,0.48,1.165,255,0.0,0.5015,0.0201,0.0631,1.396,1.105,1.33,-1.86,140.42,0.01,0.0,0.04,0.01,99695,1507,3,0.38,0.07,0.0,-0.01,49,9,-171,0,1.75,0.28,0.0423,0.0697,15.21,18.37,9.36
189.175,flow_only,25.2,52.137575,21.1604857,84.0,52.1375851,21.1604824,29,0.48,1.219,255,0.0,0.5016,0.0352,-0.0626,1.406,1.105,1.51,-2.0,140.5,0.01,0.0,0.02,0.0,99695,1507,3,0.38,0.07,0.0,-0.01,49,-36,-158,0,1.75,0.27,0.0267,0.0517,15.64,17.44,8.55
189.275,flow_only,25.3,52.1375742,21.1604869,84.0,52.1375851,21.1604824,29,0.48,1.219,255,-0.1672,1.1703,-0.0582,-0.0168,1.398,1.101,1.33,-2.28,140.52,0.01,0.0,0.05,0.03,99695,1507,3,0.38,0.07,0.0,-0.01,49,6,-252,0,1.73,0.24,0.0422,0.0754,15.06,16.09,8.95
189.375,flow_only,25.4,52.1375733,21.160488,83.99,52.1375834,21.1604847,29,0.48,1.165,255,0.0,0.6688,-0.0388,-0.0829,1.394,1.097,1.24,-2.45,140.43,0.01,0.0,0.0,0.02,99695,1507,3,0.38,0.07,0.0,-0.01,49,0,517,0,1.72,0.24,0.0073,0.0374,13.35,17.37,9.84
189.475,flow_only,25.5,52.1375724,21.1604892,83.99,52.1375834,21.1604847,29,0.48,1.165,255,0.0,0.5016,-0.0155,-0.0148,1.382,1.094,0.93,-2.77,140.33,0.01,0.0,0.02,0.03,99695,1507,3,0.38,0.07,0.0,-0.01,49,-49,-264,0,1.72,0.24,0.038,0.064,13.43,15.01,9.57
189.575,flow_only,25.6,52.1375716,21.1604903,83.99,52.1375816,21.1604872,29,0.48,1.318,255,-0.3345,1.338,-0.086,-0.0354,1.39,1.094,0.67,-2.92,140.13,0.01,0.0,0.0,0.02,99695,1507,3,0.38,0.06,0.0,-0.01,49,82,-128,0,1.72,0.25,0.0521,0.0804,14.37,14.08,8.51
189.675,flow_only,25.7,52.1375706,21.1604914,83.99,52.1375816,21.1604872,29,0.48,1.318,255,-0.1672,0.6688,-0.0228,-0.0619,1.388,1.094,0.44,-3.11,139.94,0.01,0.0,0.03,0.05,99695,1507,3,0.38,0.06,0.0,-0.01,49,-93,-198,0,1.71,0.25,0.0293,0.0507,14.58,15.92,10.1
189.775,flow_only,25.801,52.1375696,21.1604925,83.99,52.1375798,21.1604897,29,0.48,1.236,255,-0.1672,0.6688,-0.0072,0.0093,1.39,1.093,0.32,-3.42,139.83,0.01,0.0,0.03,0.04,99695,1507,3,0.38,0.06,0.0,-0.01,49,99,354,0,1.7,0.23,0.0164,0.0401,15.51,16.43,8.8
189.875,flow_only,25.901,52.1375686,21.1604937,83.99,52.1375798,21.1604897,29,0.48,1.236,255,-0.1673,0.669,-0.086,-0.0088,1.374,1.094,0.08,-3.4,139.69,0.01,0.0,0.0,0.04,99695,1507,3,0.38,0.06,0.0,-0.01,49,31,-251,0,1.7,0.22,0.021,0.0374,15.12,17.55,9.8
189.975,flow_only,26.0,52.1375674,21.1604951,83.99,52.137578,21.160492,29,0.48,1.341,255,0.0,0.6689,-0.0362,0.0605,1.382,1.097,-0.24,-3.12,139.64,0.01,0.0,0.01,0.05,99695,1507,3,0.38,0.06,0.0,-0.01,49,-23,-273,0,1.71,0.23,0.0041,0.0115,14.21,16.48,9.24
190.075,flow_only,26.101,52.1375664,21.1604964,84.0,52.137578,21.160492,29,0.48,1.341,255,0.0,1.5047,-0.0064,0.0772,1.388,1.103,-0.26,-2.78,139.63,0.01,0.0,0.01,0.07,99695,1507,3,0.38,0.06,0.0,-0.01,49,-116,370,0,1.71,0.25,0.0111,0.0199,14.15,19.28,10.32
190.175,flow_only,26.201,52.1375652,21.1604978,84.0,52.137576,21.1604946,29,0.48,1.432,255,0.0,0.6686,0.0416,0.0479,1.424,1.107,-0.12,-2.41,139.75,0.01,0.0,0.03,0.06,99695,1507,3,0.38,0.06,0.0,-0.01,49,-135,471,0,1.7,0.22,0.0273,0.0461,14.02,17.25,10.29
190.275,flow_only,26.3,52.137564,21.1604991,84.01,52.137576,21.1604946,29,0.48,1.432,255,-0.1672,0.6688,-0.0273,0.0432,1.414,1.11,-0.09,-2.2,139.89,0.01,0.0,0.01,0.05,99695,1507,3,0.38,0.06,0.0,-0.01,49,17,-175,0,1.7,0.21,0.0142,0.0248,16.56,16.55,9.2
190.375,flow_only,26.4,52.1375628,21.1605006,84.01,52.137574,21.1604973,30,0.47,1.454,255,-0.1672,1.5047,-0.0148,0.0609,1.426,1.114,-0.22,-1.81,140.08,0.01,0.0,0.0,0.06,99695,1507,3,0.38,0.06,0.0,-0.01,49,71,-396,0,1.7,0.2,0.0062,0.0127,14.36,17.95,10.63
190.475,flow_only,26.5,52.1375618,21.160502,84.01,52.137574,21.1604973,30,0.47,1.454,255,0.0,0.6688,-0.024,0.087,1.436,1.116,-0.4,-1.4,140.25,0.01,0.0,0.02,0.09,99695,1507,3,0.38,0.06,0.0,-0.01,49,78,-380,0,1.7,0.18,0.0401,0.0554,15.26,16.55,10.04
190.575,flow_only,26.6,52.1375609,21.1605033,84.01,52.137572,21.1604999,30,0.47,1.426,255,0.0,0.6688,-0.0373,-0.0338,1.42,1.117,-0.45,-1.2,140.3,0.01,0.0,0.01,0.08,99695,1507,3,0.38,0.06,0.0,-0.01,49,1,508,0,1.7,0.17,0.0138,0.0251,15.39,17.23,9.74
190.675,flow_only,26.7,52.1375599,21.1605046,84.01,52.137572,21.1604999,30,0.47,1.426,255,-0.1672,1.3376,0.0065,-0.0497,1.43,1.117,-0.59,-1.43,140.39,0.01,0.0,0.01,0.05,99695,1507,3,0.38,0.06,0.0,-0.01,49,32,-249,0,1.69,0.18,0.0423,0.0634,17.27,15.74,7.78
190.775,flow_only,26.801,52.137559,21.160506,84.01,52.1375699,21.1605026,30,0.47,1.427,255,0.1672,0.6688,0.0849,-0.0636,1.448,1.119,-0.26,-1.76,140.45,0.01,0.0,0.0,0.05,99695,1507,3,0.38,0.05,0.0,-0.01,49,-75,-372,0,1.69,0.18,0.0666,0.0949,18.34,16.98,8.76
190.875,flow_only,26.9,52.1375582,21.1605073,84.02,52.1375699,21.1605026,30,0.47,1.427,255,0.0,0.6688,0.0128,-0.0885,1.434,1.122,-0.05,-2.23,140.5,0.01,0.0,0.0,0.06,99695,1507,3,0.38,0.05,0.0,-0.01,49,88,488,0,1.7,0.18,0.0152,0.0273,16.03,19.74,10.97
190.975,flow_only,27.0,52.1375574,21.1605086,84.02,52.137568,21.1605055,30,0.47,1.434,255,0.1672,1.3376,0.0682,-0.0831,1.446,1.128,0.27,-2.65,140.55,0.01,0.0,0.0,0.06,99695,1507,3,0.38,0.05,0.0,-0.01,49,-47,-176,0,1.7,0.19,0.0347,0.0531,13.37,19.46,11.46
191.075,flow_only,27.1,52.1375566,21.1605098,84.03,52.137568,21.1605055,30,0.47,1.434,255,0.1673,0.6691,0.0199,-0.0349,1.452,1.134,0.42,-2.99,140.66,0.01,0.0,0.0,0.05,99695,1507,3,0.38,0.05,0.0,-0.01,49,99,-162,0,1.71,0.19,0.0479,0.0745,15.8,16.12,9.08
191.175,flow_only,27.2,52.1375557,21.1605113,84.03,52.1375661,21.1605085,30,0.47,1.486,255,0.0,0.6689,0.0239,-0.0937,1.448,1.139,0.61,-3.31,140.69,0.01,0.0,0.01,0.03,99695,1507,3,0.37,0.05,0.0,-0.01,49,-98,-236,0,1.7,0.17,0.0198,0.0349,15.3,14.99,8.75
191.275,flow_only,27.3,52.1375549,21.1605127,84.04,52.1375661,21.1605085,30,0.47,1.486,255,0.0,0.6688,0.0758,0.0331,1.426,1.144,0.81,-3.37,140.7,0.01,0.0,0.01,0.04,99695,1507,3,0.37,0.05,0.0,-0.01,49,-24,-200,0,1.71,0.18,0.0308,0.0475,16.02,15.75,9.01
191.375,flow_only,27.4,52.1375539,21.160514,84.04,52.137564,21.1605115,30,0.47,1.545,255,0.0,0.6688,-0.046,-0.0466,1.442,1.15,0.9,-3.49,140.67,0.01,0.0,0.0,0.03,99695,1507,3,0.37,0.05,0.0,-0.01,49,58,402,0,1.71,0.19,0.0044,0.0101,15.39,16.67,9.32
191.475,flow_only,27.5,52.1375529,21.1605155,84.05,52.137564,21.1605115,30,0.47,1.545,255,0.0,1.6722,0.0039,0.0664,1.448,1.157,0.77,-3.28,140.63,0.01,0.0,0.01,0.02,99695,1507,3,0.37,0.05,0.0,-0.01,49,20,-174,0,1.72,0.19,0.0092,0.0196,16.45,16.64,9.56
191.575,flow_only,27.6,52.1375518,21.160517,84.06,52.137562,21.1605146,30,0.47,1.553,255,-0.1672,1.6721,-0.0396,0.0623,1.462,1.162,0.6,-3.11,140.64,0.01,0.0,0.01,0.0,99695,1507,3,0.37,0.05,0.0,-0.01,49,5,-161,0,1.71,0.17,0.0197,0.0281,16.3,15.48,8.79
191.675,flow_only,27.7,52.1375505,21.1605186,84.06,52.137562,21.1605146,30,0.47,1.553,255,0.0,0.8362,-0.0005,0.0666,1.47,1.161,0.62,-2.63,140.68,0.01,0.0,0.04,0.04,99695,1507,3,0.37,0.05,0.0,-0.01,49,-26,-326,0,1.69,0.15,0.0324,0.0509,17.04,14.93,8.78
191.775,flow_only,27.801,52.1375493,21.1605202,84.05,52.1375598,21.1605178,30,0.47,1.624,255,0.0,1.0031,0.0226,0.1618,1.46,1.158,0.54,-1.92,140.76,0.01,0.0,0.01,0.03,99695,1507,3,0.37,0.05,0.0,-0.01,49,-2,-291,0,1.68,0.12,0.0109,0.0221,19.03,16.0,8.46
191.875,flow_only,27.9,52.137548,21.1605218,84.05,52.1375598,21.1605178,30,0.47,1.624,255,0.0,0.6688,-0.0223,0.0834,1.45,1.15,0.59,-1.32,140.82,0.01,0.0,0.06,0.04,99695,1507,3,0.37,0.05,0.0,-0.01,49,-34,-250,0,1.65,0.09,0.0178,0.0419,17.84,15.76,9.45
191.975,flow_only,28.0,52.1375467,21.1605234,84.04,52.1375575,21.1605209,30,0.47,1.598,255,0.0,1.003,-0.0185,0.0705,1.478,1.142,0.56,-0.81,140.85,0.01,0.0,0.0,0.04,99695,1507,3,0.37,0.05,0.0,-0.01,49,19,-369,0,1.65,0.1,0.0166,0.0357,17.65,15.05,8.29
192.075,flow_only,28.1,52.1375454,21.160525,84.03,52.1375575,21.1605209,30,0.47,1.598,255,0.0,1.6719,-0.0364,0.0627,1.458,1.138,0.24,-0.48,140.89,0.01,0.0,0.01,0.02,99695,1507,3,0.37,0.05,0.0,-0.01,49,58,691,0,1.65,0.1,0.0469,0.0723,17.28,15.77,7.22
192.175,flow_only,28.201,52.137544,21.1605267,84.03,52.1375553,21.1605241,30,0.47,1.654,255,0.0,0.6689,-0.0446,-0.0047,1.456,1.137,0.2,-0.36,140.89,0.01,0.0,0.0,0.03,99695,1507,3,0.37,0.05,0.0,-0.01,49,-187,525,0,1.66,0.11,0.0494,0.0791,17.26,16.12,8.31
192.275,flow_only,28.301,52.1375428,21.1605282,84.03,52.1375553,21.1605241,30,0.47,1.654,255,0.0,0.8359,-0.0246,0.1253,1.47,1.134,-0.05,0.1,140.86,0.01,0.0,0.04,0.04,99695,1507,3,0.37,0.05,0.0,-0.01,49,74,-313,0,1.64,0.09,0.0054,0.0199,16.54,16.8,8.49
192.375,flow_only,28.401,52.1375415,21.1605298,84.03,52.1375531,21.1605272,30,0.47,1.62,255,0.0,1.5047,-0.0502,0.0176,1.422,1.13,-0.35,0.43,140.83,0.01,0.0,0.01,0.02,99695,1507,3,0.37,0.06,0.0,-0.01,49,43,-324,0,1.63,0.09,0.0097,0.0237,17.57,16.24,8.54
192.475,flow_only,28.5,52.1375404,21.1605312,84.02,52.1375531,21.1605272,30,0.47,1.62,255,0.0,0.6688,0.0193,0.0398,1.426,1.127,-0.37,0.61,140.75,0.01,0.0,0.0,0.02,99695,1507,3,0.37,0.06,0.0,-0.01,49,7,-406,0,1.63,0.09,0.0344,0.0398,18.17,16.18,8.4
192.575,flow_only,28.6,52.1375395,21.1605325,84.02,52.137551,21.1605305,30,0.47,1.577,255,0.0,0.6688,0.0031,-0.0935,1.44,1.122,-0.34,0.4,140.68,0.01,0.0,0.02,0.06,99695,1507,3,0.37,0.05,0.0,-0.01,49,9,534,0,1.62,0.09,0.0095,0.0131,19.0,16.45,8.36
192.675,flow_only,28.7,52.1375386,21.1605339,84.01,52.137551,21.1605305,30,0.47,1.577,255,0.1672,1.3379,0.0585,-0.1097,1.424,1.119,-0.08,-0.09,140.64,0.01,0.0,0.0,0.05,99695,1507,3,0.37,0.05,0.0,-0.01,49,-78,-241,0,1.62,0.09,0.0341,0.0434,17.52,15.41,8.03
192.775,flow_only,28.8,52.1375377,21.1605351,84.01,52.1375489,21.1605336,30,0.47,1.508,255,0.0,0.5015,0.0031,-0.0884,1.42,1.117,-0.05,-0.8,140.55,0.01,0.0,0.0,0.04,99695,1507,3,0.37,0.05,0.0,-0.01,49,159,-315,0,1.61,0.09,0.0526,0.073,18.07,14.69,7.48
192.875,flow_only,28.9,52.1375369,21.1605364,84.02,52.1375489,21.1605336,30,0.47,1.508,255,0.0,0.6688,-0.0027,-0.1521,1.446,1.12,0.02,-1.44,140.43,0.01,0.0,0.02,0.08,99695,1507,3,0.37,0.05,0.0,-0.01,49,135,-149,0,1.63,0.12,0.0177,0.0299,17.33,14.53,7.34
192.975,flow_only,29.0,52.1375361,21.1605377,84.02,52.1375469,21.1605366,30,0.47,1.425,255,0.0,1.5051,0.0506,-0.0681,1.434,1.125,0.11,-1.93,140.41,0.01,0.0,0.01,0.04,99695,1507,3,0.37,0.05,0.0,-0.01,49,-7,-280,0,1.63,0.12,0.0237,0.0373,16.05,17.01,9.51
193.075,flow_only,29.1,52.1375353,21.1605389,84.03,52.1375469,21.1605366,30,0.47,1.425,255,0.0,0.6688,0.0271,-0.0607,1.4,1.133,0.28,-2.39,140.4,0.01,0.0,0.03,0.06,99695,1507,3,0.37,0.05,0.0,-0.01,49,-81,-110,0,1.64,0.13,0.0346,0.0533,14.39,16.48,10.58
193.175,flow_only,29.2,52.1375344,21.1605402,84.04,52.1375451,21.1605396,30,0.47,1.418,255,0.0,0.6692,0.0135,-0.1012,1.426,1.144,0.61,-2.85,140.39,0.01,0.0,0.01,0.04,99695,1507,3,0.37,0.06,0.0,-0.01,49,-111,-333,0,1.65,0.14,0.0183,0.033,14.75,15.74,9.3
193.275,flow_only,29.3,52.1375336,21.1605414,84.05,52.1375451,21.1605396,30,0.47,1.418,255,0.0,0.836,0.0228,0.0214,1.45,1.157,0.62,-2.92,140.41,0.01,0.0,0.0,0.02,99695,1507,3,0.37,0.06,0.0,-0.01,49,12,-171,0,1.66,0.15,0.0316,0.0479,14.61,17.79,9.4
193.375,flow_only,29.4,52.1375327,21.1605426,84.06,52.1375432,21.1605425,30,0.47,1.474,255,0.0,0.669,-0.0427,-0.0416,1.454,1.169,0.57,-3.13,140.43,0.01,0.0,0.0,0.04,99695,1507,3,0.37,0.06,0.0,-0.01,49,-28,669,0,1.66,0.15,0.0163,0.0249,14.63,17.27,9.24
193.475,flow_only,29.5,52.1375317,21.1605439,84.07,52.1375432,21.1605425,30,0.47,1.474,255,0.0,1.3375,-0.049,-0.0636,1.44,1.179,0.38,-3.38,140.49,0.01,0.0,0.0,0.05,99695,1507,3,0.37,0.06,0.0,-0.01,49,-2,-210,0,1.67,0.13,0.0103,0.0228,15.91,15.87,8.77
193.575,flow_only,29.6,52.1375307,21.1605453,84.08,52.1375411,21.1605456,30,0.47,1.564,255,0.0,1.5048,-0.0053,0.0677,1.446,1.187,0.16,-3.25,140.57,0.01,0.0,0.0,0.04,99695,1507,3,0.36,0.06,0.0,-0.01,49,43,-283,0,1.67,0.13,0.0073,0.0159,17.28,16.14,8.39
193.675,flow_only,29.7,52.1375296,21.1605467,84.09,52.1375411,21.1605456,30,0.47,1.564,255,0.0,0.8359,-0.005,0.0603,1.44,1.192,0.07,-3.03,140.67,0.01,0.0,0.0,0.03,99695,1507,3,0.36,0.06,0.0,-0.01,49,34,-329,0,1.67,0.13,0.0129,0.0207,14.2,19.21,10.27
193.775,flow_only,29.8,52.1375286,21.1605482,84.09,52.137539,21.1605487,30,0.47,1.632,255,0.0,0.8363,-0.0127,0.0673,1.42,1.197,0.13,-2.59,140.66,0.01,0.0,0.01,0.05,99695,1507,3,0.36,0.06,0.0,-0.01,49,121,782,0,1.67,0.14,0.0112,0.0175,13.04,18.87,10.54
193.875,flow_only,29.9,52.1375276,21.1605497,84.09,52.137539,21.1605487,30,0.47,1.632,255,0.1672,0.8362,0.0268,0.0782,1.442,1.2,0.19,-2.09,140.63,0.01,0.0,0.01,0.06,99695,1507,3,0.36,0.06,0.0,-0.01,49,9,-217,0,1.66,0.15,0.0133,0.0193,13.25,16.6,10.45
193.975,flow_only,30.0,52.1375265,21.1605513,84.1,52.1375368,21.160552,30,0.47,1.649,255,0.0,0.8362,0.0165,0.0048,1.452,1.2,0.2,-2.09,140.56,0.01,0.0,0.01,0.04,99695,1507,3,0.36,0.05,0.0,-0.01,49,-53,-216,0,1.65,0.14,0.0232,0.033,12.96,17.51,11.15
194.075,flow_only,30.1,52.1375253,21.160553,84.09,52.1375368,21.160552,30,0.47,1.649,255,0.0,1.6725,0.0252,0.0434,1.45,1.2,0.46,-1.85,140.42,0.01,0.0,0.0,0.03,99695,1507,3,0.36,0.05,0.0,-0.01,49,-58,623,0,1.65,0.11,0.0463,0.0642,13.77,20.18,11.35
194.175,flow_only,30.2,52.1375241,21.1605546,84.1,52.1375347,21.1605554,30,0.47,1.687,255,0.0,0.8363,0.0435,0.1008,1.428,1.202,0.52,-1.42,140.34,0.01,0.0,0.02,0.06,99695,1507,3,0.36,0.05,0.0,-0.01,49,156,585,0,1.66,0.12,0.059,0.0817,13.92,19.7,11.3
194.275,flow_only,30.3,52.1375229,21.1605563,84.1,52.1375347,21.1605554,30,0.47,1.687,255,0.0,0.8359,-0.0458,0.0801,1.446,1.206,0.48,-1.0,140.2,0.01,0.0,0.01,0.03,99695,1507,3,0.36,0.05,0.0,-0.01,49,-52,-274,0,1.65,0.14,0.0092,0.0205,13.85,18.09,10.62
194.375,flow_only,30.4,52.1375217,21.1605579,84.1,52.1375324,21.1605589,30,0.47,1.681,255,0.0,1.6724,-0.0075,0.0624,1.464,1.208,0.46,-0.54,140.05,0.01,0.0,0.01,0.04,99695,1507,3,0.36,0.05,0.0,-0.01,49,3,-307,0,1.65,0.13,0.0173,0.0304,15.03,16.6,9.69
194.475,flow_only,30.5,52.1375206,21.1605594,84.1,52.1375324,21.1605589,30,0.47,1.681,255,0.0,0.8362,-0.0278,0.0373,1.466,1.208,0.21,-0.2,139.92,0.01,0.0,0.01,0.04,99695,1507,3,0.36,0.05,0.0,-0.01,49,39,-263,0,1.64,0.11,0.0193,0.0214,16.8,16.96,8.47
194.575,flow_only,30.6,52.1375196,21.1605609,84.1,52.1375302,21.1605623,30,0.47,1.712,255,0.0,0.6688,-0.0041,-0.0354,1.446,1.206,0.16,-0.19,139.79,0.01,0.0,0.02,0.04,99695,1507,3,0.36,0.05,0.0,-0.01,49,10,678,0,1.63,0.08,0.0244,0.0342,16.07,18.16,10.36
194.675,flow_only,30.7,52.1375186,21.1605624,84.1,52.1375302,21.1605623,30,0.47,1.712,255,0.0,1.3374,0.0464,-0.1039,1.424,1.203,0.39,-0.74,139.73,0.01,0.0,0.03,0.05,99695,1507,3,0.36,0.05,0.0,-0.01,49,-62,-223,0,1.62,0.09,0.0165,0.0247,17.11,18.35,11.09
194.775,flow_only,30.8,52.1375176,21.1605637,84.09,52.137528,21.1605657,30,0.47,1.619,255,0.0,0.8363,0.033,-0.0279,1.42,1.199,0.55,-1.04,139.79,0.01,0.0,0.0,0.07,99695,1507,3,0.36,0.06,0.0,-0.01,49,-38,-209,0,1.62,0.11,0.0215,0.0273,18.56,18.26,10.69
194.875,flow_only,30.9,52.1375167,21.1605651,84.09,52.137528,21.1605657,30,0.47,1.619,255,0.0,0.669,-0.0292,-0.0866,1.43,1.199,0.53,-1.47,139.79,0.01,0.0,0.0,0.03,99695,1507,3,0.36,0.06,0.0,-0.01,49,135,603,0,1.62,0.11,0.0117,0.0143,16.12,19.3,10.57
194.975,flow_only,31.0,52.1375158,21.1605665,84.09,52.137526,21.160569,30,0.47,1.542,255,0.1672,1.3375,0.0338,-0.0339,1.41,1.2,0.55,-1.66,139.79,0.01,0.0,0.0,0.05,99695,1507,3,0.36,0.05,0.0,-0.01,49,31,-236,0,1.62,0.11,0.0149,0.0227,14.28,18.21,11.17
195.075,flow_only,31.1,52.1375149,21.1605678,84.09,52.137526,21.160569,30,0.47,1.542,255,0.0,0.836,0.0297,-0.0118,1.412,1.2,0.76,-1.81,139.75,0.01,0.0,0.03,0.03,99695,1507,3,0.36,0.05,0.0,-0.01,49,-49,-229,0,1.61,0.12,0.025,0.0364,15.6,16.98,10.4
195.175,flow_only,31.201,52.1375139,21.1605691,84.09,52.1375239,21.1605721,30,0.47,1.571,255,0.0,0.8358,0.0013,-0.0654,1.382,1.199,0.8,-2.12,139.77,0.01,0.0,0.0,0.05,99695,1507,3,0.36,0.06,0.0,-0.01,49,-1,-250,0,1.61,0.11,0.0025,0.0054,16.51,16.73,10.63
195.275,flow_only,31.3,52.137513,21.1605705,84.09,52.1375239,21.1605721,30,0.47,1.571,255,0.0,0.8359,-0.0212,0.0018,1.39,1.2,0.69,-2.25,139.85,0.01,0.0,0.01,0.02,99695,1507,3,0.36,0.06,0.0,-0.01,49,22,-222,0,1.61,0.11,0.0165,0.0249,16.68,15.45,10.32
195.375,flow_only,31.4,52.1375121,21.1605718,84.09,52.1375218,21.1605751,30,0.47,1.531,255,0.0,0.6689,0.0242,-0.0576,1.382,1.197,0.83,-2.4,139.91,0.01,0.0,0.05,0.03,99695,1507,3,0.36,0.05,0.0,-0.01,49,-24,738,0,1.59,0.11,0.0281,0.0392,17.12,17.98,9.89
195.475,flow_only,31.5,52.1375111,21.1605732,84.09,52.1375218,21.1605751,30,0.47,1.531,255,0.1672,1.6717,0.0157,-0.0076,1.396,1.19,0.91,-2.59,139.99,0.01,0.0,0.05,0.01,99695,1507,3,0.36,0.05,0.0,-0.01,49,-12,-274,0,1.57,0.08,0.0062,0.0302,16.71,19.47,10.48
195.575,flow_only,31.6,52.13751,21.1605748,84.08,52.1375196,21.1605781,30,0.47,1.631,255,0.0,1.8398,-0.0384,0.0157,1.406,1.183,0.89,-2.61,140.01,0.01,0.0,0.0,0.02,99695,1507,3,0.36,0.05,0.0,-0.01,49,-7,-169,0,1.57,0.08,0.0289,0.0409,14.87,20.14,11.98
195.675,flow_only,31.701,52.1375089,21.1605763,84.07,52.1375196,21.1605781,30,0.47,1.631,255,0.0,0.8363,0.0193,0.0862,1.436,1.179,0.79,-2.25,140.06,0.01,0.0,0.01,0.03,99695,1507,3,0.36,0.05,0.0,-0.01,49,38,-250,0,1.56,0.07,0.0123,0.022,14.8,17.82,11.01
195.775,flow_only,31.801,52.1375079,21.1605777,84.07,52.1375173,21.1605813,30,0.47,1.655,255,0.0,0.8363,-0.0357,0.0547,1.446,1.179,0.8,-1.85,140.06,0.01,0.0,0.01,0.06,99695,1507,3,0.36,0.05,0.0,-0.01,49,-190,-278,0,1.57,0.04,0.0136,0.0168,15.94,17.25,9.9
195.875,flow_only,31.9,52.1375068,21.1605791,84.08,52.1375173,21.1605813,30,0.47,1.655,255,0.0,0.669,-0.0211,-0.0477,1.436,1.18,0.74,-1.88,140.02,0.01,0.0,0.0,0.03,99695,1507,3,0.36,0.05,0.0,-0.01,49,30,-242,0,1.57,0.04,0.0082,0.0144,16.65,16.93,9.5
195.975,flow_only,32.0,52.1375056,21.1605806,84.08,52.1375151,21.1605846,30,0.47,1.678,255,0.0,0.8359,-0.034,0.053,1.418,1.18,0.47,-1.93,139.94,0.01,0.0,0.04,0.04,99695,1507,3,0.36,0.05,0.0,-0.01,49,59,-304,0,1.56,0.02,0.0219,0.0344,16.87,17.24,9.45
196.075,flow_only,32.1,52.1375045,21.1605822,84.08,52.1375151,21.1605846,30,0.47,1.678,255,0.0,1.6719,-0.0288,0.0224,1.412,1.182,0.31,-1.74,139.86,0.01,0.0,0.02,0.06,99695,1507,3,0.36,0.05,0.0,-0.01,49,-128,602,0,1.58,0.07,0.0426,0.0576,17.22,18.73,11.33
196.175,flow_only,32.201,52.1375034,21.1605837,84.08,52.1375128,21.1605878,30,0.47,1.654,255,0.0,0.8359,0.0417,0.0447,1.414,1.186,0.33,-1.5,139.81,0.01,0.0,0.01,0.04,99695,1507,3,0.36,0.05,0.0,-0.01,49,35,-226,0,1.58,0.07,0.0054,0.0113,16.71,19.11,10.83
196.275,flow_only,32.301,52.1375024,21.160585,84.08,52.1375128,21.1605878,30,0.47,1.654,255,0.0,0.6687,0.0058,0.0209,1.426,1.186,0.53,-1.36,139.72,0.01,0.0,0.04,0.06,99695,1507,3,0.36,0.05,0.0,-0.01,49,-25,-192,0,1.57,0.06,0.0199,0.0242,17.62,20.56,11.3
196.375,flow_only,32.401,52.1375015,21.1605864,84.08,52.1375105,21.160591,30,0.47,1.658,255,0.0,1.5053,0.0271,-0.0505,1.42,1.184,0.69,-1.29,139.7,0.01,0.0,0.02,0.06,99695,1507,3,0.36,0.05,0.0,-0.01,49,-16,-203,0,1.56,0.06,0.026,0.0333,17.94,18.83,10.22
196.475,flow_only,32.501,52.1375005,21.1605877,84.08,52.1375105,21.160591,30,0.47,1.658,255,0.0,0.6687,0.0217,-0.0304,1.452,1.182,0.75,-1.59,139.73,0.01,0.0,0.01,0.02,99695,1507,3,0.36,0.05,0.0,-0.01,49,-7,-62,0,1.56,0.04,0.0181,0.0241,17.99,17.86,10.87
196.575,flow_only,32.601,52.1374996,21.160589,84.08,52.1375082,21.1605942,30,0.47,1.638,255,0.0,0.669,0.0186,-0.06,1.46,1.186,0.9,-1.9,139.72,0.01,0.0,0.03,0.04,99695,1507,3,0.35,0.05,0.0,-0.01,49,169,442,0,1.58,0.04,0.009,0.0137,17.44,17.9,11.15
196.675,flow_only,32.701,52.1374987,21.1605903,84.09,52.137506,21.1605975,30,0.47,1.632,255,-0.1672,1.5047,-0.0284,-0.0426,1.472,1.193,0.68,-2.17,139.71,0.01,0.0,0.0,0.05,99695,1507,3,0.35,0.06,0.0,-0.01,49,88,-243,0,1.59,0.04,0.0269,0.0395,14.99,21.19,12.57
196.776,flow_only,32.801,52.1374978,21.1605916,84.09,52.137506,21.1605975,30,0.47,1.632,255,0.0,0.6688,0.0256,-0.0756,1.488,1.194,0.79,-2.51,139.67,0.01,0.0,0.04,0.04,99695,1507,3,0.35,0.06,0.0,-0.01,49,-30,-215,0,1.57,0.01,0.0339,0.0473,16.47,17.64,10.32
196.876,flow_only,32.901,52.1374969,21.1605929,84.09,52.137506,21.1605975,30,0.47,1.632,255,0.0,0.8363,0.0369,-0.0473,1.49,1.195,0.99,-2.71,139.64,0.01,0.0,0.0,0.03,99695,1507,3,0.35,0.06,0.0,-0.01,49,-30,-130,0,1.58,0.02,0.0023,0.0074,17.07,19.34,11.06
196.975,flow_only,33.001,52.1374959,21.1605943,84.09,52.1375037,21.1606007,30,0.47,1.66,255,0.0,1.5047,-0.0089,0.0016,1.528,1.199,1.05,-2.98,139.56,0.01,0.0,0.01,0.03,99695,1507,3,0.35,0.06,0.0,-0.01,49,-32,-47,0,1.59,0.01,0.003,0.0118,19.75,16.99,10.21
197.075,flow_only,33.101,52.1374948,21.1605957,84.1,52.1375037,21.1606007,30,0.47,1.66,255,0.0,0.6691,0.0273,0.0167,1.486,1.204,1.08,-2.89,139.57,0.01,0.0,0.01,0.03,99695,1507,3,0.35,0.06,0.0,-0.01,49,42,-336,0,1.6,0.01,0.0111,0.0206,18.47,20.33,11.91
197.175,flow_only,33.201,52.1374936,21.1605972,84.1,52.1375014,21.1606038,30,0.47,1.655,255,0.0,0.8363,-0.0015,0.0416,1.486,1.206,1.04,-2.87,139.62,0.01,0.0,0.02,0.02,99695,1507,3,0.35,0.06,0.0,-0.01,49,25,-167,0,1.6,0.02,0.0315,0.0421,17.96,18.92,11.04
197.275,flow_only,33.301,52.1374924,21.1605987,84.1,52.1375014,21.1606038,30,0.47,1.655,255,0.0,1.0031,-0.0411,0.0981,1.468,1.207,0.99,-2.41,139.73,0.01,0.0,0.0,0.03,99695,1507,3,0.35,0.06,0.0,-0.01,49,-163,753,0,1.6,0.02,0.0592,0.0793,17.36,20.44,11.91
197.375,flow_only,33.401,52.1374911,21.1606003,84.1,52.1374989,21.160607,30,0.47,1.794,255,0.0,0.8359,0.0005,0.107,1.476,1.208,0.96,-1.73,139.89,0.01,0.0,0.01,0.05,99695,1507,3,0.35,0.06,0.0,-0.01,49,70,676,0,1.6,0.05,0.0658,0.0907,19.41,19.48,10.51
197.475,flow_only,33.501,52.1374898,21.1606019,84.11,52.1374989,21.160607,30,0.47,1.794,255,0.0,1.8391,-0.0449,0.1343,1.454,1.212,0.78,-1.16,140.07,0.01,0.0,0.01,0.03,99695,1507,3,0.35,0.06,0.0,-0.01,49,69,-143,0,1.61,0.05,0.0276,0.0462,16.86,17.29,10.94
197.575,flow_only,33.601,52.1374885,21.1606035,84.12,52.1374964,21.1606103,30,0.47,1.737,255,-0.1672,0.8362,-0.0092,0.1258,1.45,1.222,0.59,-0.4,140.3,0.01,0.0,0.04,0.04,99695,1507,3,0.35,0.07,0.0,-0.01,49,-85,-360,0,1.63,0.09,0.03,0.0556,16.52,16.41,9.4
197.675,flow_only,33.701,52.1374874,21.160605,84.12,52.1374941,21.1606134,30,0.47,1.603,255,0.0,0.8363,-0.0622,0.0397,1.49,1.229,0.32,-0.09,140.39,0.01,0.0,0.0,0.05,99695,1507,3,0.35,0.06,0.0,-0.01,49,84,-220,0,1.62,0.08,0.0116,0.0169,16.49,16.99,9.52
197.776,flow_only,33.801,52.1374863,21.1606063,84.13,52.1374941,21.1606134,30,0.47,1.603,255,-0.1672,1.5047,-0.0053,-0.0173,1.496,1.233,0.19,0.17,140.42,0.01,0.0,0.0,0.03,99695,1507,3,0.35,0.06,0.0,-0.01,49,60,620,0,1.62,0.05,0.0215,0.0366,16.14,16.64,8.87
197.876,flow_only,33.901,52.1374852,21.1606078,84.13,52.1374941,21.1606134,30,0.47,1.603,255,-0.1672,0.6689,-0.0152,-0.0863,1.51,1.238,0.14,-0.2,140.42,0.01,0.0,0.0,0.04,99695,1507,3,0.35,0.06,0.0,-0.01,49,-123,-71,0,1.62,0.05,0.0085,0.0184,15.36,16.17,9.26
197.975,flow_only,34.001,52.1374841,21.1606091,84.14,52.1374918,21.1606165,30,0.47,1.665,255,0.0,0.6689,0.0138,-0.0401,1.508,1.247,0.16,-0.52,140.42,0.01,0.0,0.04,0.05,99695,1507,3,0.35,0.06,0.0,-0.01,49,73,-212,0,1.64,0.05,0.0121,0.0264,15.85,19.73,11.89
198.075,flow_only,34.1,52.1374831,21.1606104,84.15,52.1374918,21.1606165,30,0.47,1.665,255,0.0,1.3384,0.0048,-0.0482,1.484,1.254,0.16,-0.82,140.45,0.01,0.0,0.0,0.02,99695,1507,3,0.35,0.06,0.0,-0.01,49,22,474,0,1.64,0.04,0.0089,0.0231,14.89,21.51,12.73
198.175,flow_only,34.2,52.1374822,21.1606117,84.15,52.1374895,21.1606196,30,0.47,1.591,255,0.0,0.6688,-0.02,-0.084,1.508,1.259,0.18,-1.24,140.41,0.01,0.0,0.0,0.05,99695,1507,3,0.35,0.06,0.0,-0.01,49,8,-189,0,1.65,0.06,0.0154,0.0249,13.87,22.08,12.6
198.275,flow_only,34.3,52.1374813,21.160613,84.16,52.1374895,21.1606196,30,0.47,1.591,255,0.0,0.669,0.0598,-0.0083,1.502,1.261,0.37,-1.38,140.37,0.01,0.0,0.0,0.04,99695,1507,3,0.35,0.06,0.0,-0.01,49,13,-172,0,1.64,0.07,0.0277,0.0384,13.9,20.16,12.56
198.375,flow_only,34.401,52.1374803,21.1606143,84.16,52.1374873,21.1606227,30,0.47,1.571,255,0.0,1.338,-0.0348,-0.0928,1.49,1.26,0.41,-1.83,140.35,0.01,0.0,0.02,0.04,99695,1507,3,0.35,0.06,0.0,-0.01,49,-45,-151,0,1.63,0.05,0.0031,0.0022,16.07,17.18,10.23
198.475,flow_only,34.501,52.1374793,21.1606157,84.15,52.1374851,21.1606257,30,0.47,1.611,255,0.0,0.6691,0.0109,-0.0587,1.506,1.258,0.41,-2.18,140.3,0.01,0.0,0.0,0.05,99695,1507,3,0.35,0.07,0.0,-0.01,49,-7,489,0,1.63,0.04,0.025,0.0284,15.35,17.23,9.79
198.575,flow_only,34.6,52.1374783,21.1606171,84.15,52.1374851,21.1606257,30,0.47,1.611,255,0.0,0.8363,-0.0022,-0.0069,1.492,1.257,0.46,-2.24,140.24,0.01,0.0,0.0,0.05,99695,1507,3,0.35,0.07,0.0,-0.01,49,-10,600,0,1.63,0.04,0.0444,0.055,16.77,16.98,8.97
198.675,flow_only,34.701,52.1374772,21.1606185,84.15,52.1374851,21.1606257,30,0.47,1.611,255,0.0,0.6688,-0.0186,0.0362,1.517,1.259,0.41,-2.25,140.14,0.01,0.0,0.03,0.04,99695,1507,3,0.35,0.07,0.0,-0.01,49,0,-262,0,1.64,0.05,0.0089,0.0223,16.14,17.76,9.96
198.775,flow_only,34.801,52.1374761,21.1606199,84.16,52.1374828,21.1606288,30,0.47,1.561,255,0.0,0.8359,0.0107,0.0691,1.492,1.264,0.27,-1.84,140.03,0.01,0.0,0.01,0.03,99695,1507,3,0.35,0.07,0.0,-0.01,49,-121,-342,0,1.65,0.04,0.0155,0.0296,16.06,18.79,10.51
198.875,flow_only,34.9,52.1374749,21.1606214,84.16,52.1374828,21.1606288,30,0.47,1.561,255,0.0,1.5047,-0.0039,0.0622,1.504,1.266,0.26,-1.59,139.94,0.01,0.0,0.03,0.03,99695,1507,3,0.35,0.07,0.0,-0.01,49,-5,664,0,1.63,0.04,0.0452,0.0615,17.16,18.43,10.47
198.975,flow_only,35.0,52.1374738,21.1606228,84.16,52.1374806,21.1606318,30,0.47,1.61,255,0.0,1.6724,-0.0165,0.0338,1.486,1.266,0.24,-1.19,139.93,0.01,0.0,0.0,0.05,99695,1507,3,0.35,0.06,0.0,-0.01,49,22,-379,0,1.63,0.05,0.0085,0.0083,17.17,17.21,9.51
199.075,flow_only,35.1,52.1374728,21.1606242,84.16,52.1374806,21.1606318,30,0.47,1.61,255,-0.1673,0.8363,0.034,0.0345,1.494,1.269,0.28,-1.05,139.93,0.01,0.0,0.03,0.07,99695,1507,3,0.35,0.06,0.0,-0.01,49,12,-92,0,1.64,0.06,0.0132,0.0208,14.73,20.17,10.94
199.175,flow_only,35.2,52.1374718,21.1606256,84.17,52.1374784,21.160635,30,0.47,1.627,255,0.0,0.669,0.0231,-0.0404,1.494,1.276,0.48,-1.14,140.0,0.01,0.0,0.02,0.05,99695,1507,3,0.35,0.06,0.0,-0.01,49,-39,-291,0,1.65,0.07,0.0061,0.0206,14.85,17.99,10.34
199.275,flow_only,35.3,52.1374707,21.160627,84.18,52.1374784,21.160635,30,0.47,1.627,255,0.1673,0.669,-0.0215,0.0003,1.49,1.28,0.42,-1.18,140.05,0.01,0.0,0.01,0.03,99695,1507,3,0.35,0.06,0.0,-0.01,49,165,452,0,1.64,0.06,0.0156,0.0212,17.0,15.9,9.65
199.375,flow_only,35.401,52.1374698,21.1606284,84.18,52.1374762,21.1606381,30,0.47,1.536,255,0.0,0.6689,-0.0155,-0.0414,1.494,1.282,0.4,-1.34,140.01,0.01,0.0,0.01,0.04,99695,1507,3,0.35,0.06,0.0,-0.01,49,-181,-227,0,1.64,0.06,0.0209,0.0245,15.68,16.97,10.17
199.475,flow_only,35.5,52.1374689,21.1606297,84.18,52.1374762,21.1606381,30,0.47,1.536,255,0.0,1.3378,0.0367,0.0143,1.47,1.283,0.35,-1.38,139.97,0.01,0.0,0.0,0.05,99695,1507,3,0.35,0.06,0.0,-0.01,49,59,-189,0,1.63,0.06,0.0379,0.0499,17.08,17.03,10.13
199.575,flow_only,35.6,52.137468,21.160631,84.18,52.137474,21.1606412,30,0.47,1.624,255,0.0,0.6689,0.0028,-0.0927,1.5,1.281,0.46,-1.75,139.9,0.01,0.0,0.02,0.04,99695,1507,3,0.35,0.06,0.0,-0.01,49,130,-163,0,1.62,0.06,0.0156,0.0251,18.09,17.16,9.71
199.675,flow_only,35.701,52.1374671,21.1606323,84.18,52.1374718,21.1606444,30,0.47,1.622,255,0.0,0.8359,0.0132,-0.0353,1.508,1.28,0.48,-1.97,139.93,0.01,0.0,0.02,0.05,99695,1507,3,0.35,0.06,0.0,-0.01,49,-23,-195,0,1.63,0.07,0.0304,0.0427,15.49,20.22,12.03
199.775,flow_only,35.801,52.1374662,21.1606335,84.18,52.1374718,21.1606444,30,0.47,1.622,255,0.1673,1.338,0.0161,-0.0876,1.512,1.282,0.69,-2.34,139.98,0.01,0.0,0.0,0.07,99695,1507,3,0.35,0.06,0.0,-0.01,49,-62,539,0,1.63,0.03,0.0068,0.0095,15.2,17.34,9.85
199.875,flow_only,35.901,52.1374653,21.1606348,84.18,52.1374718,21.1606444,30,0.47,1.622,255,0.0,0.6691,0.0252,0.0072,1.51,1.281,0.7,-2.55,140.19,0.01,0.0,0.01,0.03,99695,1507,3,0.35,0.06,0.0,-0.01,49,0,-323,0,1.62,0.03,0.0169,0.026,15.81,17.68,11.12
199.975,flow_only,36.0,52.1374645,21.160636,84.17,52.1374696,21.1606474,30,0.47,1.615,255,0.0,0.8359,-0.019,-0.0251,1.524,1.279,0.69,-2.66,140.37,0.01,0.0,0.01,0.02,99695,1507,3,0.35,0.06,0.0,-0.01,49,-37,-246,0,1.62,0.02,0.0357,0.0502,15.98,18.06,10.28
200.075,flow_only,36.101,52.1374636,21.1606372,84.17,52.1374673,21.1606506,30,0.47,1.637,255,0.0,1.5051,-0.0162,-0.0707,1.494,1.274,0.63,-2.83,140.51,0.01,0.0,0.02,0.05,99695,1507,3,0.35,0.06,0.0,-0.01,49,20,660,0,1.61,0.01,0.0054,0.0137,18.04,17.55,8.6
200.175,flow_only,36.201,52.1374626,21.1606385,84.16,52.1374673,21.1606506,30,0.47,1.637,255,0.0,0.669,-0.0372,-0.008,1.524,1.266,0.48,-3.13,140.55,0.01,0.0,0.04,0.04,99695,1507,3,0.35,0.06,0.0,-0.01,49,-5,-157,0,1.59,0.01,0.0089,0.028,18.14,16.81,7.48
200.275,flow_only,36.3,52.1374616,21.1606399,84.15,52.1374673,21.1606506,30,0.47,1.637,255,0.0,0.6689,0.0138,0.0049,1.49,1.256,0.43,-3.15,140.53,0.01,0.0,0.0,0.05,99695,1507,3,0.35,0.06,0.0,-0.01,49,32,-143,0,1.59,0.0,0.009,0.0171,17.55,17.12,8.04
200.375,flow_only,36.4,52.1374604,21.1606414,84.14,52.1374651,21.1606537,30,0.47,1.601,255,-0.1673,1.6725,-0.032,0.0646,1.458,1.249,0.27,-2.99,140.49,0.01,0.0,0.01,0.05,99695,1507,3,0.35,0.06,0.0,-0.01,49,11,-351,0,1.59,0.01,0.0185,0.0248,17.97,17.18,8.26
200.475,flow_only,36.5,52.1374593,21.1606429,84.14,52.1374651,21.1606537,30,0.47,1.601,255,0.0,0.8362,0.015,0.1061,1.452,1.246,0.38,-2.44,140.36,0.01,0.0,0.0,0.04,99695,1507,3,0.35,0.06,0.0,-0.01,49,-196,767,0,1.59,0.04,0.0105,0.0136,17.95,16.53,7.59
200.575,flow_only,36.6,52.1374583,21.1606442,84.14,52.1374628,21.1606569,30,0.47,1.713,255,-0.1672,0.836,0.0127,0.019,1.494,1.246,0.34,-2.06,140.3,0.01,0.0,0.0,0.04,99695,1507,3,0.35,0.06,0.0,-0.01,49,27,605,0,1.59,0.04,0.0258,0.0369,17.75,17.42,8.8
200.675,flow_only,36.7,52.1374571,21.1606456,84.14,52.1374628,21.1606569,30,0.47,1.713,255,-0.1672,0.836,-0.0068,-0.0018,1.508,1.245,0.41,-2.1,140.28,0.01,0.0,0.01,0.04,99695,1507,3,0.35,0.06,0.0,-0.01,49,3,-148,0,1.58,0.02,0.0156,0.0166,18.28,14.79,8.21
200.775,flow_only,36.801,52.137456,21.160647,84.14,52.1374604,21.1606602,30,0.47,1.784,255,0.0,0.836,-0.0058,0.0256,1.5,1.25,0.3,-1.96,140.23,0.01,0.0,0.05,0.03,99695,1507,3,0.34,0.06,0.0,-0.01,49,21,-205,0,1.61,0.02,0.0139,0.0297,18.16,15.23,7.74
200.876,flow_only,36.901,52.1374549,21.1606485,84.15,52.1374604,21.1606602,30,0.47,1.784,255,-0.1672,1.6721,-0.0543,0.039,1.464,1.257,0.0,-1.81,140.27,0.01,0.0,0.01,0.06,99695,1507,3,0.34,0.06,0.0,-0.01,49,62,-176,0,1.6,0.02,0.0168,0.0215,16.2,20.11,10.46
200.975,flow_only,37.001,52.1374539,21.1606498,84.15,52.137458,21.1606636,30,0.47,1.723,255,0.0,1.0035,-0.0208,-0.0093,1.482,1.26,-0.04,-1.7,140.25,0.01,0.0,0.0,0.02,99695,1507,3,0.34,0.06,0.0,-0.01,49,20,-201,0,1.6,0.03,0.024,0.0314,14.76,19.33,11.42
201.076,flow_only,37.101,52.1374528,21.1606513,84.16,52.1374556,21.160667,30,0.47,1.713,255,0.0,0.8363,0.0351,0.0276,1.502,1.265,-0.04,-1.59,140.29,0.01,0.0,0.01,0.06,99695,1507,3,0.34,0.06,0.0,-0.01,49,2,-163,0,1.61,0.05,0.0077,0.0143,15.3,18.19,10.88
201.175,flow_only,37.201,52.1374518,21.1606527,84.16,52.1374556,21.160667,30,0.47,1.713,255,0.0,0.6689,-0.022,-0.0074,1.5,1.267,-0.03,-1.71,140.28,0.01,0.0,0.01,0.05,99695,1507,3,0.34,0.06,0.0,-0.01,49,-52,-141,0,1.6,0.02,0.0213,0.0277,16.27,17.24,9.88
201.275,flow_only,37.301,52.1374509,21.160654,84.16,52.1374556,21.160667,30,0.47,1.713,255,0.0,0.6688,0.0073,-0.0151,1.502,1.267,-0.02,-1.62,140.29,0.01,0.0,0.0,0.06,99695,1507,3,0.34,0.06,0.0,-0.01,49,-17,839,0,1.6,0.0,0.0203,0.0281,15.65,18.07,9.35
201.375,flow_only,37.401,52.13745,21.1606554,84.16,52.1374533,21.1606702,30,0.47,1.699,255,0.0,0.8363,0.0034,-0.0616,1.526,1.267,0.12,-1.97,140.25,0.01,0.0,0.0,0.04,99695,1507,3,0.34,0.06,0.0,-0.01,49,-54,-48,0,1.6,0.0,0.0235,0.0329,17.29,17.48,8.95
201.475,flow_only,37.501,52.1374491,21.1606566,84.16,52.1374533,21.1606702,30,0.47,1.699,255,0.0,1.6728,0.0258,-0.0453,1.52,1.268,0.21,-2.17,140.25,0.01,0.0,0.02,0.04,99695,1507,3,0.34,0.06,0.0,-0.01,49,-5,-234,0,1.61,0.0,0.0413,0.0577,16.73,17.25,10.74
201.575,flow_only,37.601,52.1374483,21.1606579,84.17,52.137451,21.1606735,30,0.47,1.675,255,0.0,0.836,-0.0071,-0.0852,1.498,1.272,0.14,-2.72,140.23,0.01,0.0,0.03,0.03,99695,1507,3,0.34,0.06,0.0,-0.01,49,0,-143,0,1.63,0.02,0.0368,0.0549,16.43,18.05,10.77
201.675,flow_only,37.701,52.1374474,21.1606592,84.17,52.137451,21.1606735,30,0.47,1.675,255,0.1672,0.8359,0.0823,-0.0717,1.468,1.277,0.59,-2.98,140.3,0.01,0.0,0.0,0.05,99695,1507,3,0.34,0.06,0.0,-0.01,49,233,609,0,1.62,0.04,0.0204,0.0208,16.08,20.99,12.12
201.776,flow_only,37.801,52.1374464,21.1606607,84.18,52.1374487,21.1606769,30,0.47,1.779,255,0.0,1.5057,-0.063,-0.0187,1.484,1.283,0.48,-3.42,140.29,0.01,0.0,0.03,0.02,99695,1507,3,0.34,0.06,0.0,-0.01,49,145,630,0,1.63,0.07,0.0513,0.0587,14.81,20.95,12.69
201.876,flow_only,37.901,52.1374453,21.1606623,84.19,52.1374487,21.1606769,30,0.47,1.779,255,0.0,0.8359,0.0519,0.0022,1.488,1.291,0.44,-3.45,140.31,0.01,0.0,0.01,0.03,99695,1507,3,0.34,0.06,0.0,-0.01,49,-187,21,0,1.64,0.07,0.0267,0.0369,16.24,22.02,12.49
201.975,flow_only,38.001,52.1374441,21.160664,84.19,52.1374463,21.1606805,30,0.47,1.811,255,0.0,0.8363,0.0166,0.1241,1.47,1.298,0.67,-2.96,140.28,0.01,0.0,0.01,0.05,99695,1507,3,0.34,0.06,0.0,-0.01,49,-112,663,0,1.64,0.07,0.0578,0.0795,15.55,22.61,12.55
202.076,flow_only,38.101,52.1374428,21.1606657,84.2,52.1374438,21.1606841,30,0.47,1.845,255,0.0,1.0031,0.0029,0.132,1.477,1.306,0.64,-2.3,140.27,0.01,0.0,0.03,0.02,99695,1507,3,0.34,0.06,0.0,-0.01,49,-18,685,0,1.65,0.08,0.0734,0.1031,14.45,21.66,12.33
202.175,flow_only,38.201,52.1374415,21.1606674,84.21,52.1374438,21.1606841,30,0.47,1.845,255,0.0,1.0036,-0.0068,0.1757,1.514,1.311,0.57,-1.44,140.29,0.01,0.0,0.02,0.01,99695,1507,3,0.34,0.06,0.0,-0.01,49,-9,-183,0,1.64,0.08,0.0307,0.049,14.28,20.28,12.07
202.275,flow_only,38.301,52.1374403,21.1606691,84.21,52.1374438,21.1606841,30,0.47,1.845,255,0.0,1.8391,-0.0394,0.0711,1.5,1.312,0.62,-0.73,140.26,0.01,0.0,0.0,0.05,99695,1507,3,0.34,0.06,0.0,-0.01,49,126,-203,0,1.64,0.05,0.0171,0.0233,15.8,19.48,11.68
202.375,flow_only,38.401,52.1374393,21.1606708,84.21,52.1374414,21.1606876,30,0.47,1.786,255,0.0,1.6724,0.0421,0.0338,1.464,1.315,0.4,-0.41,140.23,0.01,0.0,0.02,0.05,99695,1507,3,0.34,0.06,0.0,-0.01,49,44,-229,0,1.64,0.05,0.0216,0.0257,17.33,21.22,12.2
202.475,flow_only,38.501,52.1374383,21.1606723,84.21,52.1374414,21.1606876,30,0.47,1.786,255,0.0,0.8357,0.064,-0.0444,1.482,1.314,0.75,-0.6,140.14,0.01,0.0,0.02,0.03,99695,1507,3,0.34,0.06,0.0,-0.01,49,-94,721,0,1.63,0.09,0.0206,0.0308,17.75,22.2,13.35
202.575,flow_only,38.601,52.1374372,21.1606738,84.21,52.137439,21.1606911,30,0.47,1.788,255,0.0,0.836,-0.0005,-0.0531,1.486,1.313,0.99,-0.83,140.08,0.01,0.0,0.0,0.04,99695,1507,3,0.34,0.06,0.0,-0.01,49,-78,-126,0,1.63,0.09,0.0106,0.0102,18.13,20.48,13.01
202.675,flow_only,38.701,52.1374362,21.1606752,84.21,52.137439,21.1606911,30,0.47,1.788,255,0.0,1.0038,-0.0362,0.0072,1.492,1.312,0.81,-0.89,140.07,0.01,0.0,0.01,0.02,99695,1507,3,0.34,0.06,0.0,-0.01,49,20,-114,0,1.62,0.04,0.0158,0.0189,16.81,20.2,13.05
202.776,flow_only,38.801,52.1374351,21.1606766,84.21,52.1374366,21.1606946,30,0.47,1.75,255,0.0,0.836,0.0468,-0.0992,1.488,1.312,0.92,-1.29,140.1,0.01,0.0,0.01,0.03,99695,1507,3,0.34,0.06,0.0,-0.01,49,-44,-50,0,1.63,0.06,0.0196,0.0287,17.2,21.07,13.21
202.876,flow_only,38.901,52.1374341,21.160678,84.21,52.1374366,21.1606946,30,0.47,1.75,255,0.0,1.6724,-0.0009,0.0213,1.456,1.313,0.99,-1.47,140.17,0.01,0.0,0.02,0.02,99695,1507,3,0.34,0.06,0.0,-0.01,49,-37,-201,0,1.62,0.05,0.0076,0.0118,18.83,21.53,12.47
202.975,flow_only,39.001,52.1374331,21.1606794,84.21,52.1374343,21.160698,30,0.47,1.663,255,0.0,0.8365,0.0127,-0.0736,1.45,1.313,1.08,-1.46,140.18,0.01,0.0,0.01,0.03,99695,1507,3,0.34,0.05,0.0,-0.01,49,-24,49,0,1.63,0.07,0.0107,0.0146,18.14,22.42,12.15
203.075,flow_only,39.101,52.137432,21.1606809,84.21,52.1374321,21.1607012,30,0.47,1.659,255,0.0,0.8359,-0.0141,-0.0224,1.458,1.316,0.99,-1.94,140.19,0.01,0.0,0.01,0.04,99695,1507,3,0.34,0.05,0.0,-0.01,49,-1,10,0,1.63,0.09,0.0284,0.0401,17.94,21.36,12.14
203.175,flow_only,39.201,52.1374309,21.1606823,84.21,52.1374321,21.1607012,30,0.47,1.659,255,0.0,1.6725,-0.032,-0.0059,1.452,1.319,0.98,-1.83,140.17,0.01,0.0,0.0,0.03,99695,1507,3,0.34,0.05,0.0,-0.01,49,-26,514,0,1.63,0.08,0.0376,0.0535,20.44,19.03,10.78
203.275,flow_only,39.301,52.1374297,21.1606838,84.22,52.1374321,21.1607012,30,0.47,1.659,255,-0.1672,0.8359,-0.0026,0.0837,1.452,1.321,0.79,-1.57,140.14,0.01,0.0,0.02,0.03,99695,1507,3,0.34,0.05,0.0,-0.01,49,52,706,0,1.62,0.08,0.0614,0.0857,19.76,17.89,10.46
203.375,flow_only,39.401,52.1374285,21.1606853,84.22,52.1374298,21.1607044,30,0.47,1.689,255,0.0,0.8362,-0.0149,0.0487,1.47,1.321,0.7,-1.22,140.06,0.01,0.0,0.0,0.04,99695,1507,3,0.34,0.05,0.0,-0.01,49,2,-206,0,1.61,0.07,0.0159,0.0271,18.2,18.65,9.72
203.475,flow_only,39.501,52.1374273,21.1606869,84.21,52.1374298,21.1607044,30,0.47,1.689,255,0.0,1.6722,0.0026,0.0598,1.468,1.32,0.73,-0.96,139.98,0.01,0.0,0.02,0.04,99695,1507,3,0.34,0.05,0.0,-0.01,49,2,-192,0,1.61,0.07,0.0302,0.0477,18.15,20.24,9.87
203.575,flow_only,39.601,52.137426,21.1606885,84.21,52.1374275,21.1607075,30,0.47,1.626,255,0.0,0.8362,-0.0142,0.0403,1.444,1.319,0.76,-0.64,139.94,0.01,0.0,0.0,0.03,99695,1507,3,0.34,0.06,0.0,-0.01,49,-18,-233,0,1.61,0.06,0.0361,0.0565,17.55,19.9,10.49
203.675,flow_only,39.701,52.1374248,21.16069,84.21,52.1374275,21.1607075,30,0.47,1.626,255,0.0,0.836,-0.0222,0.1029,1.47,1.32,0.57,-0.24,140.0,0.01,0.0,0.0,0.01,99695,1507,3,0.34,0.06,0.0,-0.01,49,-108,648,0,1.61,0.08,0.0545,0.0813,17.88,19.4,11.03
203.776,flow_only,39.801,52.1374235,21.1606914,84.22,52.1374254,21.1607106,30,0.47,1.561,255,0.0,1.5053,-0.0212,-0.0104,1.476,1.322,0.5,-0.18,140.03,0.01,0.0,0.0,0.05,99695,1507,3,0.34,0.06,0.0,-0.01,49,16,-110,0,1.61,0.06,0.0163,0.0274,18.43,18.76,9.9
203.876,flow_only,39.901,52.1374225,21.1606928,84.22,52.1374254,21.1607106,30,0.47,1.561,255,-0.1672,0.6688,-0.0413,0.0549,1.476,1.323,0.31,0.06,140.03,0.01,0.0,0.01,0.04,99695,1507,3,0.34,0.06,0.0,-0.01,49,48,-272,0,1.6,0.05,0.0144,0.0146,17.52,19.16,9.82
203.975,flow_only,40.001,52.1374215,21.160694,84.22,52.1374233,21.1607138,30,0.47,1.551,255,0.0,0.6689,0.011,-0.087,1.456,1.322,0.32,-0.16,139.98,0.01,0.0,0.02,0.04,99695,1507,3,0.34,0.06,0.0,-0.01,49,45,579,0,1.6,0.05,0.0044,0.014,17.2,17.8,10.44
204.075,flow_only,40.101,52.1374205,21.1606953,84.22,52.1374233,21.1607138,30,0.47,1.551,255,0.0,0.6688,0.0226,-0.094,1.476,1.321,0.38,-0.72,140.03,0.01,0.0,0.0,0.05,99695,1507,3,0.34,0.06,0.0,-0.01,49,-16,-125,0,1.6,0.04,0.0174,0.024,16.65,20.26,10.9
204.175,flow_only,40.201,52.1374197,21.1606964,84.22,52.1374214,21.1607168,30,0.47,1.419,255,0.0,0.6689,-0.0314,-0.1083,1.475,1.321,0.32,-1.32,140.08,0.01,0.0,0.0,0.03,99695,1507,3,0.34,0.06,0.0,-0.01,49,-163,-116,0,1.6,0.04,0.0285,0.0387,15.77,18.75,10.65
204.275,flow_only,40.301,52.1374186,21.1606976,84.22,52.1374214,21.1607168,30,0.47,1.419,255,0.0,1.1704,-0.0514,-0.0639,1.467,1.322,0.18,-1.76,140.27,0.01,0.0,0.0,0.05,99695,1507,3,0.34,0.06,0.0,-0.01,49,51,-121,0,1.6,0.04,0.0085,0.0138,15.13,19.98,10.89
204.375,flow_only,40.401,52.1374177,21.1606987,84.22,52.1374194,21.1607195,30,0.47,1.399,255,0.0,0.6688,-0.0744,-0.0149,1.43,1.323,-0.1,-2.06,140.44,0.01,0.0,0.01,0.06,99695,1507,3,0.34,0.05,0.0,-0.01,49,82,-111,0,1.6,0.05,0.0163,0.0245,16.97,19.78,11.61
204.475,flow_only,40.501,52.1374167,21.1606999,84.22,52.1374194,21.1607195,30,0.47,1.399,255,0.0,0.669,-0.0372,-0.0269,1.472,1.324,-0.54,-2.08,140.63,0.01,0.0,0.0,0.04,99695,1507,3,0.34,0.05,0.0,-0.01,49,-207,647,0,1.59,0.07,0.0213,0.0307,17.22,20.31,11.25
204.575,flow_only,40.601,52.1374157,21.1607011,84.22,52.1374175,21.160722,30,0.47,1.398,255,-0.1672,1.3375,-0.0879,-0.0194,1.49,1.326,-0.8,-2.31,140.79,0.01,0.0,0.01,0.02,99695,1507,3,0.34,0.06,0.0,-0.01,49,41,-148,0,1.6,0.06,0.01,0.016,16.24,20.33,11.25
204.675,flow_only,40.701,52.1374147,21.1607023,84.23,52.1374175,21.160722,30,0.47,1.398,255,0.0,0.6689,-0.0088,-0.0067,1.494,1.33,-1.02,-2.32,140.85,0.01,0.0,0.0,0.05,99695,1507,3,0.34,0.06,0.0,-0.01,49,-107,-63,0,1.61,0.03,0.0141,0.0209,17.26,18.63,10.14
204.776,flow_only,40.801,52.1374135,21.1607036,84.23,52.1374155,21.1607246,30,0.47,1.404,255,0.0,0.6689,-0.0289,0.033,1.506,1.335,-1.19,-2.41,140.81,0.01,0.0,0.01,0.06,99695,1507,3,0.34,0.05,0.0,-0.01,49,46,-195,0,1.62,0.03,0.0211,0.0329,17.35,17.66,10.69
204.876,flow_only,40.901,52.1374125,21.1607049,84.23,52.1374155,21.1607246,30,0.47,1.404,255,0.1672,1.3378,0.012,0.0237,1.484,1.338,-1.13,-2.15,140.72,0.01,0.0,0.03,0.03,99695,1507,3,0.34,0.05,0.0,-0.01,49,27,-286,0,1.61,0.03,0.0094,0.0135,17.01,18.78,11.94
204.975,flow_only,41.001,52.1374114,21.1607062,84.23,52.1374136,21.1607272,30,0.47,1.372,255,0.0,0.8359,-0.0274,0.0697,1.494,1.337,-1.27,-1.85,140.62,0.01,0.0,0.0,0.04,99695,1507,3,0.34,0.05,0.0,-0.01,49,-1,-277,0,1.61,0.01,0.0041,0.0115,15.88,19.02,10.54
205.075,flow_only,41.101,52.1374105,21.1607075,84.23,52.1374136,21.1607272,30,0.47,1.372,255,0.1673,0.669,0.0574,0.0266,1.496,1.338,-1.16,-1.58,140.54,0.01,0.0,0.02,0.02,99695,1507,3,0.34,0.05,0.0,-0.01,49,-9,-286,0,1.62,0.03,0.033,0.0434,15.65,19.15,10.53
205.175,flow_only,41.201,52.1374096,21.1607087,84.23,52.1374117,21.1607299,30,0.47,1.403,255,0.1673,1.1708,0.0279,-0.0444,1.516,1.34,-0.89,-1.79,140.47,0.01,0.0,0.0,0.03,99695,1507,3,0.34,0.05,0.0,-0.01,49,-102,468,0,1.62,0.03,0.0137,0.0203,16.19,18.93,10.49
205.275,flow_only,41.301,52.1374087,21.16071,84.24,52.1374117,21.1607299,30,0.47,1.403,255,0.1672,0.6689,0.0443,-0.0854,1.47,1.34,-0.63,-2.09,140.47,0.01,0.0,0.0,0.04,99695,1507,3,0.34,0.05,0.0,-0.01,49,84,-181,0,1.62,0.01,0.0289,0.0419,16.6,18.45,10.9
205.375,flow_only,41.401,52.1374079,21.1607113,84.24,52.1374099,21.1607328,30,0.47,1.432,255,0.0,0.5018,-0.0085,-0.0646,1.485,1.342,-0.5,-2.56,140.51,0.01,0.0,0.01,0.04,99695,1507,3,0.33,0.06,0.0,-0.01,49,-90,-80,0,1.62,0.02,0.0333,0.0479,18.26,17.55,9.64
205.475,flow_only,41.501,52.1374071,21.1607126,84.24,52.1374082,21.1607358,30,0.47,1.415,255,0.0,0.6688,0.0417,-0.0861,1.506,1.345,-0.25,-2.89,140.49,0.01,0.0,0.01,0.02,99695,1507,3,0.33,0.06,0.0,-0.01,49,-97,-170,0,1.63,0.05,0.0162,0.0277,17.26,18.31,9.94
205.575,flow_only,41.601,52.1374062,21.1607139,84.24,52.1374082,21.1607358,30,0.47,1.415,255,0.1672,0.6688,0.0108,0.0255,1.484,1.346,-0.29,-3.09,140.44,0.01,0.0,0.01,0.05,99695,1507,3,0.33,0.06,0.0,-0.01,49,295,376,0,1.62,0.05,0.0139,0.0103,18.42,19.1,10.59
205.675,flow_only,41.701,52.1374053,21.1607153,84.24,52.1374082,21.1607358,30,0.47,1.415,255,0.1672,1.1703,-0.0025,-0.0157,1.488,1.346,-0.25,-3.19,140.39,0.01,0.0,0.01,0.06,99695,1507,3,0.33,0.06,0.0,-0.01,49,100,304,0,1.61,0.04,0.0213,0.0207,18.98,19.48,10.08
205.775,flow_only,41.801,52.1374044,21.1607168,84.24,52.1374065,21.160739,30,0.47,1.435,255,0.1673,0.669,0.0375,0.0223,1.482,1.347,-0.15,-3.07,140.41,0.01,0.0,0.02,0.03,99695,1507,3,0.33,0.06,0.0,-0.01,49,54,-423,0,1.62,0.05,0.0416,0.0605,18.41,19.74,11.62
205.876,flow_only,41.901,52.1374036,21.1607183,84.24,52.1374065,21.160739,30,0.47,1.435,255,0.1672,0.6688,0.044,-0.0229,1.49,1.349,0.21,-3.06,140.39,0.01,0.0,0.0,0.03,99695,1507,3,0.33,0.06,0.0,-0.01,49,-151,425,0,1.62,0.05,0.0055,0.0123,17.92,18.29,9.72
205.975,flow_only,42.001,52.1374027,21.1607197,84.25,52.1374047,21.1607421,30,0.47,1.472,255,0.1672,1.3376,0.044,-0.0098,1.492,1.352,0.43,-3.05,140.42,0.01,0.0,0.0,0.03,99695,1507,3,0.33,0.05,0.0,-0.01,49,-99,-226,0,1.62,0.05,0.0297,0.0423,19.02,18.63,9.88
206.075,flow_only,42.101,52.1374019,21.1607209,84.25,52.1374047,21.1607421,30,0.47,1.472,255,0.0,0.6689,0.0087,-0.0204,1.488,1.356,0.5,-3.22,140.36,0.01,0.0,0.02,0.03,99695,1507,3,0.33,0.05,0.0,-0.01,49,66,-209,0,1.63,0.05,0.0448,0.0638,17.4,20.74,12.08
206.175,flow_only,42.201,52.1374011,21.1607223,84.26,52.1374028,21.1607452,30,0.47,1.482,255,0.0,0.8359,0.0265,-0.068,1.472,1.361,0.59,-3.37,140.31,0.01,0.0,0.0,0.05,99695,1507,3,0.33,0.06,0.0,-0.01,49,-111,-262,0,1.63,0.05,0.0239,0.0368,18.02,21.42,12.42
206.275,flow_only,42.301,52.1374002,21.1607237,84.26,52.1374028,21.1607452,30,0.47,1.482,255,0.0,0.6688,-0.0154,-0.0306,1.474,1.363,0.71,-3.65,140.23,0.01,0.0,0.02,0.02,99695,1507,3,0.33,0.06,0.0,-0.01,49,56,-183,0,1.62,0.06,0.0375,0.057,19.7,18.2,9.71
206.375,flow_only,42.401,52.1373994,21.1607251,84.26,52.1374009,21.1607484,30,0.47,1.504,255,0.1672,0.6687,0.0379,0.0034,1.452,1.365,0.7,-3.57,140.14,0.01,0.0,0.0,0.02,99695,1507,3,0.33,0.06,0.0,-0.01,49,129,562,0,1.62,0.07,0.0196,0.0311,19.2,19.52,9.78
206.475,flow_only,42.501,52.1373985,21.1607267,84.26,52.137399,21.1607516,30,0.47,1.595,255,0.1672,1.3376,0.0244,-0.0201,1.457,1.369,0.86,-3.84,140.05,0.01,0.0,0.03,0.03,99695,1507,3,0.33,0.05,0.0,-0.01,49,-73,-221,0,1.64,0.1,0.0214,0.0376,17.7,21.99,11.66
206.575,flow_only,42.601,52.1373976,21.1607282,84.27,52.137399,21.1607516,30,0.47,1.595,255,0.1672,1.6719,0.0078,0.0012,1.44,1.378,0.99,-3.74,139.96,0.01,0.0,0.02,0.02,99695,1507,3,0.33,0.05,0.0,-0.01,49,97,-159,0,1.65,0.1,0.0141,0.0289,18.62,23.07,12.49
206.675,flow_only,42.701,52.1373965,21.1607299,84.28,52.137399,21.1607516,30,0.47,1.595,255,0.0,0.8361,-0.013,0.0312,1.424,1.386,0.94,-3.65,139.89,0.01,0.0,0.01,0.01,99695,1507,3,0.33,0.05,0.0,-0.01,49,-35,-198,0,1.64,0.11,0.028,0.0321,19.21,23.65,11.81
206.775,flow_only,42.801,52.1373954,21.1607315,84.29,52.1373969,21.160755,30,0.47,1.634,255,0.1672,1.0034,0.0659,0.0974,1.438,1.391,1.19,-3.25,139.91,0.01,0.0,0.0,0.02,99695,1507,3,0.33,0.05,0.0,-0.01,49,75,759,0,1.64,0.11,0.0554,0.0671,19.07,22.25,11.27
206.876,flow_only,42.901,52.1373942,21.1607333,84.29,52.1373969,21.160755,30,0.47,1.634,255,0.0,1.0034,-0.0008,0.1357,1.448,1.397,1.22,-2.72,139.95,0.01,0.0,0.0,0.03,99695,1507,3,0.33,0.05,0.0,-0.01,49,-1,-302,0,1.64,0.12,0.0023,0.0079,19.1,22.39,11.13
206.975,flow_only,43.001,52.1373931,21.1607349,84.29,52.1373947,21.1607583,30,0.47,1.654,255,0.0,0.8359,0.0045,0.096,1.464,1.397,1.26,-1.87,139.97,0.01,0.0,0.03,0.01,99695,1507,3,0.33,0.05,0.0,-0.01,49,-17,-204,0,1.63,0.12,0.0135,0.0187,18.49,19.9,10.76
207.075,flow_only,43.101,52.1373921,21.1607364,84.29,52.1373947,21.1607583,30,0.47,1.654,255,0.0,1.6724,-0.0199,-0.0087,1.48,1.397,1.23,-1.63,139.97,0.01,0.0,0.0,0.01,99695,1507,3,0.33,0.05,0.0,-0.01,49,-30,583,0,1.63,0.08,0.0068,0.0117,19.68,19.57,10.36
207.175,flow_only,43.201,52.137391,21.1607378,84.29,52.1373925,21.1607617,30,0.47,1.607,255,0.0,0.669,0.0055,-0.0119,1.462,1.399,1.16,-1.7,140.0,0.01,0.0,0.0,0.01,99695,1507,3,0.33,0.05,0.0,-0.01,49,39,-185,0,1.63,0.08,0.0175,0.0224,19.13,20.97,10.59
207.275,flow_only,43.301,52.13739,21.1607392,84.3,52.1373925,21.1607617,30,0.47,1.607,255,0.0,0.8359,-0.066,0.0186,1.47,1.401,0.86,-1.71,140.04,0.01,0.0,0.01,0.01,99695,1507,3,0.33,0.05,0.0,-0.01,49,51,-313,0,1.63,0.07,0.0378,0.0503,17.97,19.31,10.37
207.375,flow_only,43.401,52.137389,21.1607406,84.3,52.1373903,21.160765,30,0.47,1.655,255,0.0,1.5044,0.0274,-0.1167,1.464,1.403,0.92,-1.93,140.11,0.01,0.0,0.0,0.02,99695,1507,3,0.33,0.05,0.0,-0.01,49,39,-184,0,1.63,0.07,0.0122,0.0179,18.18,19.62,10.24
207.475,flow_only,43.501,52.1373879,21.1607419,84.3,52.1373881,21.1607683,30,0.47,1.602,255,0.0,0.8362,-0.0324,-0.0158,1.45,1.408,0.82,-2.3,140.16,0.01,0.0,0.02,0.02,99695,1507,3,0.33,0.06,0.0,-0.01,49,-156,445,0,1.64,0.08,0.0188,0.0267,18.39,19.66,9.86
207.575,flow_only,43.601,52.1373867,21.1607433,84.31,52.1373881,21.1607683,30,0.47,1.602,255,0.0,0.836,-0.0011,0.0073,1.462,1.414,0.66,-2.32,140.25,0.01,0.0,0.0,0.02,99695,1507,3,0.33,0.06,0.0,-0.01,49,-78,685,0,1.64,0.08,0.046,0.0625,16.27,20.01,12.56
207.675,flow_only,43.701,52.1373855,21.1607448,84.31,52.1373881,21.1607683,30,0.47,1.602,255,-0.1672,0.6688,-0.0658,0.0381,1.464,1.418,0.39,-2.28,140.31,0.01,0.0,0.0,0.02,99695,1507,3,0.33,0.06,0.0,-0.01,49,79,-327,0,1.64,0.09,0.0016,0.0061,14.9,21.94,13.13
207.775,flow_only,43.801,52.1373843,21.1607462,84.32,52.1373859,21.1607715,30,0.47,1.534,255,0.0,0.8359,-0.0325,0.0769,1.478,1.423,0.17,-1.78,140.4,0.01,0.0,0.0,0.02,99695,1507,3,0.32,0.06,0.0,-0.01,49,36,-301,0,1.64,0.09,0.0088,0.0099,19.67,20.54,12.6
207.876,flow_only,43.901,52.1373832,21.1607476,84.33,52.1373859,21.1607715,30,0.47,1.534,255,0.0,1.5053,-0.0099,0.0276,1.468,1.43,0.09,-1.58,140.39,0.01,0.0,0.04,0.02,99695,1507,3,0.32,0.06,0.0,-0.01,49,25,-182,0,1.66,0.11,0.0213,0.0257,19.68,20.95,11.48
207.975,flow_only,44.001,52.1373822,21.160749,84.33,52.1373838,21.1607745,30,0.47,1.604,255,0.0,0.6688,-0.0174,0.0503,1.442,1.435,-0.11,-1.4,140.39,0.01,0.0,0.02,0.04,99695,1507,3,0.32,0.06,0.0,-0.01,49,84,-345,0,1.65,0.09,0.035,0.0446,17.53,20.74,10.86
208.075,flow_only,44.101,52.1373812,21.1607504,84.33,52.1373838,21.1607745,30,0.47,1.604,255,0.0,0.8361,0.0199,-0.0577,1.492,1.439,-0.03,-1.43,140.47,0.01,0.0,0.0,0.05,99695,1507,3,0.32,0.06,0.0,-0.01,49,16,-169,0,1.65,0.1,0.0109,0.014,19.39,18.94,11.73
208.175,flow_only,44.201,52.1373802,21.1607517,84.34,52.1373816,21.1607776,30,0.47,1.568,255,0.1672,1.3375,0.0128,-0.1073,1.494,1.444,0.19,-1.99,140.52,0.01,0.0,0.03,0.04,99695,1507,3,0.32,0.06,0.0,-0.01,49,-26,-174,0,1.66,0.08,0.0211,0.0291,19.24,19.97,11.63
208.275,flow_only,44.301,52.1373792,21.160753,84.34,52.1373816,21.1607776,30,0.47,1.568,255,-0.1672,0.6688,0.0298,-0.0131,1.474,1.449,0.17,-2.19,140.53,0.01,0.0,0.0,0.03,99695,1507,3,0.32,0.06,0.0,-0.01,49,24,482,0,1.66,0.08,0.0024,0.0049,17.12,21.37,11.82
208.375,flow_only,44.401,52.1373783,21.1607543,84.35,52.1373794,21.1607806,30,0.47,1.536,255,0.0,0.6687,-0.0089,-0.1071,1.452,1.452,0.29,-2.62,140.48,0.01,0.0,0.0,0.02,99695,1507,3,0.32,0.06,0.0,-0.01,49,-27,-214,0,1.65,0.09,0.0256,0.0349,18.59,21.39,12.74
208.475,flow_only,44.501,52.1373773,21.1607557,84.35,52.1373773,21.1607837,30,0.47,1.56,255,0.0,1.5047,-0.0023,0.013,1.448,1.453,0.26,-2.81,140.48,0.01,0.0,0.0,0.02,99695,1507,3,0.32,0.06,0.0,-0.01,49,24,-207,0,1.65,0.11,0.0106,0.0161,17.94,21.82,11.29
208.575,flow_only,44.6,52.1373762,21.1607572,84.35,52.1373773,21.1607837,30,0.47,1.56,255,0.1672,0.6689,0.0438,-0.0137,1.464,1.455,0.35,-2.86,140.46,0.01,0.0,0.01,0.04,99695,1507,3,0.32,0.06,0.0,-0.01,49,3,-285,0,1.65,0.12,0.0121,0.014,17.25,20.63,12.26
208.675,flow_only,44.7,52.1373752,21.1607586,84.35,52.1373773,21.1607837,30,0.47,1.56,255,0.0,0.8361,-0.0526,0.0707,1.464,1.457,0.27,-2.67,140.41,0.01,0.0,0.0,0.03,99695,1507,3,0.32,0.06,0.0,-0.01,49,12,546,0,1.65,0.09,0.0303,0.0371,17.25,20.33,11.78
208.775,flow_only,44.801,52.1373741,21.1607602,84.35,52.1373752,21.1607869,30,0.47,1.579,255,0.0,1.5046,0.0518,0.0109,1.44,1.459,0.39,-2.4,140.41,0.01,0.0,0.0,0.02,99695,1507,3,0.31,0.06,0.0,-0.01,49,-32,-193,0,1.65,0.1,0.0088,0.0119,17.95,19.21,10.65
208.875,flow_only,44.901,52.1373731,21.1607616,84.36,52.1373752,21.1607869,30,0.47,1.579,255,0.0,0.6688,0.0094,0.0536,1.416,1.462,0.5,-2.29,140.34,0.01,0.0,0.0,0.04,99695,1507,3,0.31,0.06,0.0,-0.01,49,-3,-292,0,1.65,0.11,0.0289,0.0364,16.54,19.42,11.3
208.975,flow_only,45.001,52.1373721,21.160763,84.36,52.1373731,21.16079,30,0.47,1.563,255,0.0,0.6688,0.0124,-0.0517,1.458,1.465,0.57,-2.09,140.31,0.01,0.0,0.0,0.04,99695,1507,3,0.31,0.06,0.0,-0.01,49,-10,651,0,1.65,0.13,0.0172,0.0233,18.47,20.04,10.97
209.075,flow_only,45.1,52.1373711,21.1607645,84.37,52.1373731,21.16079,30,0.47,1.563,255,0.1673,0.6691,0.0201,-0.0114,1.412,1.471,0.77,-2.43,140.24,0.01,0.0,0.03,0.04,99695,1507,3,0.31,0.06,0.0,-0.01,49,139,-192,0,1.66,0.13,0.0148,0.0222,18.9,20.03,10.95
209.175,flow_only,45.2,52.1373702,21.1607658,84.37,52.137371,21.1607932,30,0.47,1.538,255,0.0,0.8362,0.0441,-0.0295,1.416,1.477,0.86,-2.38,140.22,0.01,0.0,0.01,0.03,99695,1507,3,0.31,0.06,0.0,-0.01,49,-5,-293,0,1.65,0.14,0.0307,0.041,18.5,21.38,11.23
209.275,flow_only,45.301,52.1373692,21.1607672,84.38,52.137371,21.1607932,30,0.47,1.538,255,0.0,1.5051,-0.0362,-0.0627,1.414,1.481,0.87,-2.67,140.21,0.01,0.0,0.01,0.03,99695,1507,3,0.31,0.06,0.0,-0.01,49,-46,-237,0,1.65,0.15,0.0063,0.0104,18.71,17.9,10.34
209.375,flow_only,45.4,52.1373682,21.1607686,84.38,52.137369,21.1607963,30,0.47,1.529,255,0.0,0.6688,0.0188,0.0109,1.414,1.484,0.76,-2.7,140.21,0.01,0.0,0.0,0.03,99695,1507,3,0.31,0.06,0.0,-0.01,49,-113,592,0,1.65,0.15,0.0233,0.0316,18.35,16.5,9.5
209.475,flow_only,45.5,52.1373671,21.1607699,84.38,52.137369,21.1607963,30,0.47,1.529,255,0.0,0.669,-0.0624,-0.0268,1.408,1.487,0.6,-2.91,140.15,0.01,0.0,0.0,0.01,99695,1507,3,0.31,0.06,0.0,-0.01,49,57,758,0,1.64,0.14,0.049,0.0685,17.63,18.5,10.06
209.575,flow_only,45.6,52.1373659,21.1607714,84.39,52.1373669,21.1607995,30,0.47,1.568,255,-0.1672,1.6724,-0.0068,0.054,1.402,1.492,0.51,-2.64,140.03,0.01,0.0,0.0,0.05,99695,1507,3,0.31,0.05,0.0,-0.01,49,28,-183,0,1.65,0.16,0.0076,0.0137,18.12,21.1,11.52
209.675,flow_only,45.7,52.1373647,21.1607728,84.39,52.1373669,21.1607995,30,0.47,1.568,255,-0.1672,0.836,0.0085,0.0753,1.422,1.5,0.41,-2.36,139.94,0.01,0.0,0.02,0.02,99695,1507,3,0.31,0.05,0.0,-0.01,49,-116,-342,0,1.66,0.16,0.024,0.037,17.61,22.75,13.78
209.775,flow_only,45.801,52.1373635,21.1607742,84.4,52.1373648,21.1608025,30,0.47,1.555,255,0.0,0.6688,-0.0239,0.0238,1.428,1.509,0.37,-2.06,139.82,0.01,0.0,0.0,0.04,99695,1507,3,0.31,0.06,0.0,-0.01,49,-134,-206,0,1.66,0.15,0.0242,0.0233,19.11,20.92,10.63
209.875,flow_only,45.9,52.1373625,21.1607755,84.41,52.1373648,21.1608025,30,0.47,1.555,255,0.0,0.8357,-0.0193,0.0309,1.43,1.518,0.28,-1.77,139.76,0.01,0.0,0.0,0.03,99695,1507,3,0.31,0.06,0.0,-0.01,49,53,-125,0,1.66,0.15,0.0204,0.0207,19.14,21.42,10.39
209.975,flow_only,46.0,52.1373613,21.1607768,84.42,52.1373627,21.1608055,30,0.47,1.543,255,0.0,0.6688,-0.0105,-0.0234,1.424,1.528,0.23,-1.97,139.77,0.01,0.0,0.0,0.04,99695,1507,3,0.3,0.05,0.0,-0.01,49,56,-98,0,1.67,0.15,0.0163,0.0282,17.58,21.02,10.03
210.075,flow_only,46.1,52.1373602,21.1607782,84.43,52.1373627,21.1608055,30,0.47,1.543,255,-0.1673,1.5053,-0.0067,0.0097,1.424,1.535,0.07,-1.94,139.85,0.01,0.0,0.0,0.03,99695,1507,3,0.3,0.05,0.0,-0.01,49,59,-271,0,1.67,0.15,0.0179,0.0212,18.71,19.28,11.13
210.175,flow_only,46.201,52.1373592,21.1607794,84.44,52.1373606,21.1608085,30,0.47,1.489,255,0.0,1.3375,-0.0121,-0.0356,1.468,1.541,-0.0,-2.02,139.93,0.01,0.0,0.01,0.04,99695,1507,3,0.3,0.05,0.0,-0.01,49,-129,601,0,1.67,0.16,0.0179,0.03,18.94,18.93,11.4
210.275,flow_only,46.3,52.1373582,21.1607807,84.44,52.1373606,21.1608085,30,0.47,1.489,255,0.0,0.6689,-0.039,-0.0651,1.444,1.55,-0.07,-2.33,139.94,0.01,0.0,0.02,0.03,99695,1507,3,0.3,0.05,0.0,-0.01,49,170,-205,0,1.68,0.15,0.0088,0.013,17.53,19.55,11.61
210.375,flow_only,46.4,52.1373572,21.1607821,84.45,52.1373586,21.1608115,30,0.47,1.563,255,0.0,0.6688,-0.033,0.0357,1.424,1.557,-0.49,-2.36,139.93,0.01,0.0,0.01,0.03,99695,1507,3,0.3,0.05,0.0,-0.01,49,113,-44,0,1.68,0.15,0.0196,0.0281,16.82,20.65,12.42
210.475,flow_only,46.5,52.1373562,21.1607835,84.46,52.1373586,21.1608115,30,0.47,1.563,255,0.0,0.8359,0.1347,-0.0309,1.428,1.561,-0.14,-2.39,139.92,0.01,0.0,0.0,0.04,99695,1507,3,0.3,0.05,0.0,-0.01,49,-35,-248,0,1.68,0.15,0.0077,0.009,18.22,19.79,11.69
210.575,flow_only,46.6,52.1373552,21.1607849,84.46,52.1373566,21.1608146,30,0.47,1.475,255,0.0,0.669,0.0087,-0.024,1.428,1.564,0.1,-2.7,139.95,0.01,0.0,0.01,0.05,99695,1507,3,0.3,0.06,0.0,-0.01,49,112,661,0,1.67,0.16,0.0407,0.0528,20.06,22.37,13.01
210.675,flow_only,46.7,52.137354,21.1607864,84.46,52.1373566,21.1608146,30,0.47,1.475,255,0.0,1.5053,0.046,0.0135,1.458,1.566,0.34,-2.61,140.01,0.01,0.0,0.0,0.03,99695,1507,3,0.3,0.06,0.0,-0.01,49,100,375,0,1.67,0.16,0.0381,0.0502,19.67,19.44,11.22
210.775,flow_only,46.8,52.1373529,21.160788,84.46,52.1373548,21.1608177,30,0.47,1.454,255,0.0,0.6688,-0.0262,0.0848,1.454,1.565,0.45,-2.31,140.04,0.01,0.0,0.04,0.03,99695,1507,3,0.3,0.05,0.0,-0.01,49,124,-170,0,1.66,0.15,0.0183,0.0281,18.38,18.78,10.8
210.875,flow_only,46.901,52.1373519,21.1607896,84.46,52.1373548,21.1608177,30,0.47,1.454,255,0.0,0.8363,0.0452,0.1339,1.484,1.563,0.45,-1.57,140.13,0.01,0.0,0.0,0.02,99695,1507,3,0.3,0.05,0.0,-0.01,49,194,791,0,1.66,0.12,0.0224,0.027,17.73,17.7,9.75
210.975,flow_only,47.0,52.137351,21.160791,84.46,52.1373529,21.1608208,30,0.47,1.496,255,0.1672,1.6722,0.0623,0.144,1.45,1.563,0.68,-0.87,140.2,0.01,0.0,0.0,0.03,99695,1507,3,0.3,0.06,0.0,-0.01,49,96,-209,0,1.66,0.12,0.0306,0.0429,17.81,17.13,9.73
211.075,flow_only,47.101,52.1373502,21.1607923,84.45,52.1373529,21.1608208,30,0.47,1.496,255,0.0,0.8362,0.0145,0.033,1.434,1.56,0.88,-0.26,140.19,0.01,0.0,0.02,0.04,99695,1507,3,0.3,0.06,0.0,-0.01,49,-78,-232,0,1.64,0.08,0.0399,0.0591,16.94,18.36,9.92
211.175,flow_only,47.201,52.1373493,21.1607938,84.46,52.1373509,21.1608237,30,0.47,1.442,255,0.0,0.6688,0.0275,0.0566,1.462,1.561,0.89,0.05,140.18,0.01,0.0,0.0,0.03,99695,1507,3,0.29,0.06,0.0,-0.01,49,-30,-131,0,1.65,0.11,0.0047,0.0113,16.89,17.23,9.96
211.275,flow_only,47.301,52.1373485,21.160795,84.45,52.1373509,21.1608237,30,0.47,1.442,255,0.0,0.669,0.0042,0.1136,1.416,1.558,1.04,0.45,140.09,0.01,0.0,0.02,0.03,99695,1507,3,0.29,0.06,0.0,-0.01,49,-52,-91,0,1.64,0.1,0.0201,0.0337,16.1,21.83,11.59
211.375,flow_only,47.401,52.1373476,21.1607961,84.45,52.137349,21.1608266,30,0.47,1.412,255,0.0,0.669,0.0189,0.1221,1.436,1.558,0.93,1.24,140.08,0.01,0.0,0.01,0.06,99695,1507,3,0.29,0.07,0.0,-0.01,49,37,514,0,1.65,0.1,0.0056,0.0062,15.45,21.42,12.04
211.475,flow_only,47.501,52.1373468,21.1607973,84.46,52.137349,21.1608266,30,0.47,1.412,255,0.0,1.3376,-0.0212,0.1069,1.444,1.563,0.99,1.86,140.05,0.01,0.0,0.02,0.04,99695,1507,3,0.29,0.07,0.0,-0.01,49,-49,-100,0,1.65,0.14,0.0111,0.0154,14.68,20.4,11.11
211.575,flow_only,47.601,52.137346,21.1607984,84.47,52.1373472,21.1608293,29,0.48,1.299,255,0.0,1.5053,-0.033,0.1209,1.428,1.572,0.77,2.63,140.01,0.01,0.0,0.0,0.05,99695,1507,3,0.29,0.07,0.0,-0.01,49,41,-267,0,1.66,0.15,0.0015,0.0055,14.28,19.31,10.88
211.675,flow_only,47.701,52.1373451,21.1607995,84.48,52.1373472,21.1608293,29,0.48,1.299,255,-0.1672,0.6686,-0.0966,0.1875,1.45,1.586,0.33,3.4,140.0,0.01,0.0,0.03,0.04,99695,1507,3,0.29,0.07,0.0,-0.01,49,85,-194,0,1.68,0.16,0.0237,0.0357,13.49,19.37,12.04
211.775,flow_only,47.801,52.1373443,21.1608006,84.49,52.1373455,21.1608317,29,0.47,1.132,255,0.0,0.6688,0.0167,0.1729,1.452,1.596,0.18,4.44,140.0,0.01,0.0,0.02,0.05,99695,1507,3,0.29,0.06,0.0,-0.01,49,23,455,0,1.68,0.16,0.0325,0.0434,15.2,19.53,12.21
211.876,flow_only,47.901,52.1373437,21.1608016,84.5,52.1373455,21.1608317,29,0.47,1.132,255,0.0,0.5016,-0.0619,0.1773,1.49,1.602,0.0,5.49,139.95,0.01,0.0,0.0,0.07,99695,1507,3,0.29,0.06,0.0,-0.01,49,42,-143,0,1.66,0.14,0.0113,0.0226,17.23,18.94,9.4
211.976,flow_only,48.001,52.1373432,21.1608024,84.5,52.1373441,21.1608338,30,0.47,0.921,255,0.0,0.3344,0.081,0.1025,1.486,1.603,0.12,6.3,139.89,0.01,0.0,0.0,0.02,99695,1507,3,0.29,0.06,0.0,-0.01,49,-49,-175,0,1.65,0.12,0.0314,0.0441,17.57,17.27,9.02
212.075,flow_only,48.101,52.1373428,21.160803,84.5,52.1373441,21.1608338,30,0.47,0.921,255,0.0,0.6689,0.0359,0.0028,1.508,1.601,0.41,6.53,139.94,0.01,0.0,0.02,0.07,99695,1507,3,0.29,0.06,0.0,-0.01,49,-60,300,0,1.65,0.1,0.0087,0.0121,15.69,18.23,10.33
212.175,flow_only,48.201,52.1373425,21.1608034,84.49,52.137343,21.1608353,30,0.47,0.658,255,0.0,0.1672,0.0014,-0.1439,1.458,1.596,0.6,6.1,140.02,0.01,0.0,0.01,0.05,99695,1507,3,0.29,0.06,0.0,-0.01,49,-73,-51,0,1.64,0.1,0.0165,0.0234,16.32,18.05,10.36
212.275,flow_only,48.301,52.1373423,21.1608037,84.49,52.137343,21.1608353,30,0.47,0.658,255,0.0,0.0,0.0496,-0.1299,1.424,1.593,0.76,5.33,140.19,0.01,0.0,0.01,0.03,99695,1507,3,0.29,0.06,0.0,-0.01,49,11,-12,0,1.64,0.12,0.0145,0.0192,16.55,16.33,10.6
212.375,flow_only,48.401,52.137342,21.160804,84.49,52.1373422,21.1608364,30,0.47,0.455,255,-0.1672,0.0,-0.0083,-0.1793,1.412,1.593,0.84,4.25,140.39,0.01,0.0,0.01,0.03,99695,1507,3,0.29,0.06,0.0,-0.01,49,-1,140,0,1.64,0.13,0.0137,0.0169,15.01,16.51,10.46
212.475,flow_only,48.5,52.1373419,21.1608042,84.48,52.1373422,21.1608364,30,0.47,0.455,255,0.0,0.0,-0.0503,-0.1352,1.41,1.587,0.61,3.43,140.74,0.01,0.0,0.06,0.04,99695,1507,3,0.29,0.06,0.0,-0.01,49,45,-44,0,1.61,0.13,0.0072,0.0229,14.57,16.2,9.89
212.575,flow_only,48.6,52.1373418,21.1608043,84.47,52.1373417,21.1608369,29,0.47,0.226,255,0.0,-0.3344,-0.0218,-0.2012,1.432,1.573,0.51,2.32,141.12,0.01,0.0,0.07,0.03,99695,1507,3,0.29,0.06,0.0,-0.01,49,21,-101,0,1.58,0.1,0.0089,0.0404,14.51,15.98,9.4
212.675,flow_only,48.7,52.1373418,21.1608043,84.45,52.1373417,21.1608369,29,0.47,0.226,255,0.0,-0.1672,-0.011,-0.0924,1.474,1.556,0.43,1.69,141.53,0.01,0.0,0.05,0.04,99695,1507,3,0.29,0.06,0.0,-0.01,49,-139,39,0,1.56,0.05,0.0151,0.0474,15.73,14.68,9.28
212.775,flow_only,48.801,52.1373418,21.1608043,84.43,52.1373415,21.1608371,30,0.47,0.071,255,0.0,-0.3343,0.0003,-0.168,1.47,1.538,0.56,0.93,141.86,0.01,0.0,0.06,0.02,99695,1507,3,0.29,0.1,0.0,-0.01,49,-2,-76,0,1.53,0.0,0.0178,0.0501,16.73,14.87,9.1
212.875,flow_only,48.901,52.1373418,21.1608042,84.41,52.1373414,21.160837,30,0.47,0.091,255,-0.1672,-0.1672,-0.0303,-0.0942,1.448,1.519,0.42,0.24,142.18,0.01,0.0,0.05,0.02,99695,1507,3,0.29,0.07,0.0,-0.01,49,55,115,0,1.52,-0.03,0.0122,0.0494,16.36,15.21,8.67
212.975,flow_only,49.0,52.1373419,21.1608041,84.39,52.1373414,21.160837,30,0.47,0.091,255,-0.1672,-0.1672,-0.0018,-0.152,1.454,1.498,0.39,-0.53,142.4,0.01,0.0,0.05,0.04,99695,1507,3,0.29,0.07,0.0,-0.01,49,50,124,0,1.5,-0.05,0.0101,0.049,16.53,17.47,10.35
213.075,flow_only,49.1,52.137342,21.160804,84.38,52.1373414,21.160837,30,0.47,0.091,255,-0.1672,0.0,0.0002,-0.0578,1.484,1.482,0.32,-1.11,142.56,0.01,0.0,0.03,0.02,99695,1507,3,0.29,0.07,0.0,-0.01,49,33,3,0,1.49,-0.04,0.009,0.0396,15.12,17.86,10.46
213.175,flow_only,49.201,52.137342,21.1608039,84.37,52.1373414,21.1608367,30,0.47,0.1,255,0.1672,-0.1672,0.0366,-0.1317,1.5,1.47,0.58,-1.63,142.67,0.01,0.0,0.01,0.03,99695,1507,3,0.28,0.07,0.0,-0.01,49,-35,-96,0,1.49,-0.06,0.0113,0.0294,15.85,15.4,11.62
213.275,flow_only,49.3,52.1373421,21.1608038,84.35,52.1373414,21.1608367,30,0.47,0.1,255,0.0,-0.1672,0.0012,-0.0452,1.498,1.458,0.63,-2.09,142.74,0.01,0.0,0.05,0.02,99695,1507,3,0.28,0.07,0.0,-0.01,49,-7,-178,0,1.48,-0.1,0.0097,0.0297,14.16,17.77,9.24
213.375,flow_only,49.4,52.1373421,21.1608037,84.34,52.1373414,21.1608365,30,0.47,0.091,255,-0.1672,0.0,0.0075,-0.0466,1.504,1.446,0.67,-2.26,142.71,0.01,0.0,0.05,0.05,99695,1507,3,0.28,0.08,0.0,-0.01,49,27,66,0,1.46,-0.12,0.0081,0.0358,16.28,15.73,9.58
213.475,flow_only,49.5,52.1373421,21.1608037,84.33,52.1373414,21.1608365,30,0.47,0.091,255,-0.1672,0.0,0.0114,0.0244,1.502,1.43,0.68,-2.32,142.57,0.01,0.0,0.06,0.2,99695,1507,3,0.28,0.08,0.0,-0.01,49,-133,26,0,1.44,-0.14,0.0145,0.0481,17.17,21.5,11.34
213.575,flow_only,49.6,52.1373419,21.1608035,84.31,52.1373413,21.1608362,30,0.47,0.091,255,-0.1673,0.0,-0.066,0.0668,1.518,1.414,0.6,-1.96,142.24,0.01,0.0,0.03,0.18,99695,1507,3,0.28,0.08,0.0,-0.01,49,-125,98,0,1.44,-0.15,0.0265,0.0595,16.33,19.58,12.05
213.675,flow_only,49.7,52.1373418,21.1608033,84.29,52.1373413,21.1608362,30,0.47,0.091,255,-0.1672,0.0,-0.0568,0.0467,1.528,1.395,0.3,-1.62,141.79,0.01,0.0,0.07,0.21,99695,1507,3,0.28,0.08,0.0,-0.01,49,-41,-91,0,1.41,-0.16,0.0222,0.0579,16.8,16.71,11.47
213.775,flow_only,49.801,52.1373417,21.1608031,84.27,52.1373412,21.1608361,30,0.47,0.076,255,-0.3345,0.1672,-0.0808,0.0682,1.548,1.376,-0.26,-1.37,141.31,0.01,0.0,0.04,0.21,99695,1507,3,0.28,0.07,0.0,-0.01,49,0,108,0,1.41,-0.2,0.0104,0.0449,16.27,15.78,10.06
213.875,flow_only,49.901,52.1373415,21.160803,84.25,52.1373412,21.1608358,30,0.47,0.063,255,0.0,0.0,-0.0955,-0.0158,1.55,1.354,-0.64,-1.22,140.79,0.01,0.0,0.07,0.21,99695,1507,3,0.28,0.09,0.0,-0.01,49,127,-53,0,1.39,-0.24,0.0091,0.0467,16.59,17.79,10.12
213.975,flow_only,50.0,52.1373414,21.1608029,84.23,52.1373412,21.1608358,30,0.47,0.063,255,0.0,0.1672,0.0021,0.0274,1.567,1.332,-0.89,-1.14,140.28,0.01,0.0,0.05,0.04,99695,1507,3,0.28,0.09,0.0,-0.01,49,-14,-22,0,1.37,-0.26,0.0077,0.0407,17.4,16.16,9.11
214.075,flow_only,50.1,52.1373414,21.1608029,84.21,52.1373412,21.1608358,30,0.47,0.063,255,0.0,0.0,-0.0057,-0.0024,1.566,1.31,-0.91,-1.15,139.78,0.01,0.0,0.04,0.02,99695,1507,3,0.28,0.09,0.0,-0.01,49,-141,-52,0,1.37,-0.28,0.0091,0.0327,16.4,17.01,10.19
214.175,flow_only,50.2,52.1373413,21.1608028,84.19,52.1373411,21.1608356,30,0.47,0.067,255,0.0,0.0,0.0191,-0.0041,1.582,1.292,-0.78,-1.04,139.41,0.01,0.0,0.01,0.03,99695,1507,3,0.28,0.09,0.0,-0.01,49,4,-60,0,1.37,-0.28,0.0041,0.0186,16.23,18.17,10.11
214.275,flow_only,50.3,52.1373413,21.1608028,84.17,52.1373411,21.1608356,30,0.47,0.067,255,0.0,0.0,0.029,0.0395,1.58,1.276,-0.71,-1.01,139.18,0.01,0.0,0.03,0.07,99695,1507,3,0.28,0.09,0.0,-0.01,49,16,11,0,1.37,-0.28,0.003,0.0134,16.0,17.27,10.53
214.375,flow_only,50.4,52.1373413,21.1608028,84.16,52.1373411,21.1608355,30,0.47,0.03,255,0.0,0.0,0.0083,-0.0286,1.58,1.261,-0.54,-0.99,139.07,0.01,0.0,0.04,0.04,99695,1507,3,0.28,0.08,0.0,-0.01,49,-75,-51,0,1.36,-0.31,0.0086,0.0153,16.61,17.04,10.65
214.475,flow_only,50.5,52.1373413,21.1608029,84.14,52.1373411,21.1608355,30,0.47,0.03,255,0.0,0.0,0.0549,0.0125,1.598,1.244,-0.32,-0.95,139.08,0.01,0.0,0.03,0.02,99695,1507,3,0.28,0.08,0.0,-0.01,49,128,-25,0,1.35,-0.31,0.0042,0.0116,15.36,17.57,9.53
214.575,flow_only,50.6,52.1373413,21.1608029,84.12,52.1373412,21.1608355,30,0.47,0.07,255,0.0,0.0,0.0372,-0.0067,1.614,1.228,-0.19,-1.0,139.17,0.01,0.0,0.03,0.04,99695,1507,3,0.28,0.08,0.0,-0.01,49,-45,9,0,1.34,-0.34,0.0057,0.0116,14.97,17.01,9.55
214.675,flow_only,50.7,52.1373413,21.1608029,84.11,52.1373412,21.1608355,30,0.47,0.07,255,0.0,0.0,0.005,-0.0207,1.626,1.212,-0.04,-1.07,139.28,0.01,0.0,0.01,0.01,99695,1507,3,0.28,0.08,0.0,-0.01,49,96,-12,0,1.35,-0.35,0.0029,0.0032,16.76,17.59,9.81
214.775,flow_only,50.8,52.1373413,21.1608029,84.09,52.1373413,21.1608356,30,0.47,0.082,255,0.0,0.0,0.0146,0.0179,1.632,1.195,0.02,-1.1,139.47,0.01,0.0,0.06,0.06,99695,1507,3,0.27,0.06,0.0,-0.01,49,105,9,0,1.33,-0.38,0.0055,0.0159,17.54,18.65,9.28
214.875,flow_only,50.9,52.1373414,21.160803,84.07,52.1373413,21.1608356,30,0.47,0.082,255,0.0,0.0,-0.0052,0.0067,1.64,1.175,0.03,-0.93,139.77,0.01,0.0,0.02,0.06,99695,1507,3,0.27,0.06,0.0,-0.01,49,-36,122,0,1.33,-0.39,0.0044,0.0092,15.28,18.71,9.48
214.975,flow_only,51.0,52.1373414,21.1608031,84.05,52.1373415,21.1608358,30,0.47,0.083,255,0.1672,0.0,0.0097,-0.0012,1.642,1.156,0.04,-0.81,140.09,0.01,0.0,0.04,0.02,99695,1507,3,0.27,0.06,0.0,-0.01,49,-40,-27,0,1.31,-0.4,0.0046,0.0098,15.34,17.81,10.07
215.075,flow_only,51.1,52.1373415,21.1608031,84.03,52.1373415,21.1608358,30,0.47,0.083,255,0.0,-0.1672,0.0185,-0.0303,1.642,1.136,0.19,-0.95,140.36,0.01,0.0,0.03,0.03,99695,1507,3,0.27,0.06,0.0,-0.01,49,-67,5,0,1.31,-0.42,0.0071,0.0088,13.67,19.55,11.62
215.175,flow_only,51.201,52.1373415,21.1608031,84.02,52.1373417,21.160836,30,0.47,0.095,255,0.1673,0.0,0.0401,-0.0297,1.64,1.12,0.3,-1.11,140.61,0.01,0.0,0.0,0.02,99695,1507,3,0.26,0.06,0.0,-0.01,49,124,-155,0,1.32,-0.41,0.0087,0.014,15.45,16.21,9.52
215.275,flow_only,51.301,52.1373416,21.1608031,84.0,52.1373417,21.160836,30,0.47,0.095,255,0.0,0.0,-0.0151,-0.0127,1.64,1.107,0.22,-1.27,140.78,0.01,0.0,0.0,0.04,99695,1507,3,0.26,0.06,0.0,-0.01,49,123,-126,0,1.32,-0.41,0.0109,0.0213,14.18,17.29,11.0
215.375,flow_only,51.4,52.1373417,21.1608031,83.99,52.1373419,21.1608361,30,0.47,0.092,255,0.0,-0.1672,0.0298,-0.0602,1.646,1.096,0.35,-1.5,140.85,0.01,0.0,0.01,0.03,99695,1507,3,0.26,0.07,0.0,-0.01,49,-102,24,0,1.31,-0.42,0.0051,0.0166,13.96,16.29,10.25
215.475,flow_only,51.5,52.1373418,21.1608032,83.98,52.1373419,21.1608361,30,0.47,0.092,255,0.0,0.0,0.0089,-0.0153,1.664,1.084,0.57,-1.63,140.89,0.01,0.0,0.01,0.02,99695,1507,3,0.26,0.07,0.0,-0.01,49,-129,-131,0,1.31,-0.42,0.0136,0.0249,15.34,15.27,9.97
215.575,flow_only,51.6,52.1373419,21.1608033,83.97,52.137342,21.1608363,30,0.47,0.112,255,0.1673,0.0,-0.0222,0.0056,1.666,1.071,0.53,-1.68,140.9,0.01,0.0,0.02,0.04,99695,1507,3,0.25,0.06,0.0,-0.01,49,109,8,0,1.3,-0.42,0.0093,0.0207,15.21,17.57,10.76
215.675,flow_only,51.7,52.137342,21.1608034,83.95,52.137342,21.1608363,30,0.47,0.112,255,0.1672,0.0,0.0757,0.0285,1.65,1.058,0.58,-1.5,140.94,0.01,0.0,0.0,0.02,99695,1507,3,0.25,0.06,0.0,-0.01,49,-25,-42,0,1.3,-0.43,0.0121,0.0252,14.53,16.36,11.16
215.775,flow_only,51.8,52.137342,21.1608035,83.94,52.1373422,21.1608365,30,0.47,0.105,255,0.0,0.0,0.0218,0.0062,1.628,1.045,0.8,-1.57,140.89,0.01,0.0,0.0,0.04,99695,1507,3,0.25,0.05,0.0,-0.01,49,57,60,0,1.3,-0.43,0.0047,0.0208,15.4,15.81,10.3
215.875,flow_only,51.9,52.1373421,21.1608036,83.93,52.1373422,21.1608365,30,0.47,0.105,255,0.1672,0.0,0.0406,0.0137,1.62,1.034,1.11,-1.41,140.74,0.01,0.0,0.0,0.02,99695,1507,3,0.25,0.05,0.0,-0.01,49,-129,-52,0,1.31,-0.41,0.0059,0.0254,15.13,16.84,9.36
215.975,flow_only,52.0,52.1373421,21.1608036,83.92,52.1373424,21.1608367,30,0.47,0.089,255,0.0,0.1672,0.0354,0.0531,1.596,1.024,1.27,-1.22,140.53,0.01,0.0,0.02,0.03,99695,1507,3,0.24,0.05,0.0,-0.01,49,82,-3,0,1.3,-0.41,0.0057,0.0207,15.5,15.8,10.71
216.075,flow_only,52.1,52.1373422,21.1608037,83.91,52.1373424,21.1608367,30,0.47,0.089,255,0.0,0.0,-0.0516,0.0052,1.602,1.014,1.18,-1.16,140.35,0.01,0.0,0.01,0.0,99695,1507,3,0.24,0.05,0.0,-0.01,49,102,-62,0,1.3,-0.4,0.0093,0.0298,15.15,16.36,9.81
216.175,flow_only,52.2,52.1373422,21.1608037,83.9,52.1373425,21.1608369,29,0.47,0.083,255,0.0,0.0,-0.0342,-0.0545,1.59,1.006,1.0,-1.16,140.17,0.01,0.0,0.0,0.01,99695,1507,3,0.24,0.04,0.0,-0.01,49,0,123,0,1.3,-0.38,0.0079,0.0277,14.85,15.85,9.51
216.275,flow_only,52.3,52.1373422,21.1608038,83.89,52.1373425,21.1608369,29,0.47,0.083,255,0.0,0.0,0.0078,0.0333,1.59,0.999,0.8,-1.15,140.03,0.01,0.0,0.0,0.03,99695,1507,3,0.24,0.04,0.0,-0.01,49,32,5,0,1.3,-0.37,0.0092,0.0302,12.84,18.97,11.16
216.375,flow_only,52.4,52.1373422,21.1608039,83.89,52.1373427,21.160837,29,0.47,0.048,255,0.0,0.0,-0.035,0.0176,1.592,0.991,0.68,-1.13,139.88,0.01,0.0,0.03,0.01,99695,1507,3,0.24,0.08,0.0,-0.01,49,-15,-15,0,1.29,-0.39,0.0041,0.0146,14.53,16.51,10.72
216.475,flow_only,52.501,52.1373422,21.1608039,83.88,52.1373427,21.160837,29,0.47,0.048,255,0.1672,0.0,-0.0051,0.0134,1.61,0.983,0.71,-1.02,139.71,0.01,0.0,0.02,0.02,99695,1507,3,0.24,0.08,0.0,-0.01,49,-35,-55,0,1.29,-0.38,0.0053,0.024,14.92,16.5,9.45
216.575,flow_only,52.6,52.1373423,21.160804,83.87,52.1373428,21.1608371,29,0.47,0.035,255,0.1672,0.1672,0.033,0.0652,1.614,0.978,0.84,-0.67,139.6,0.01,0.0,0.0,0.04,99695,1507,3,0.23,0.09,0.0,-0.01,49,-25,-73,0,1.29,-0.39,0.0108,0.028,14.19,18.62,10.98
216.675,flow_only,52.701,52.1373423,21.160804,83.87,52.1373428,21.1608371,29,0.47,0.035,255,0.1673,0.1673,0.0264,0.1051,1.652,0.977,0.91,-0.2,139.52,0.01,0.0,0.02,0.04,99695,1507,3,0.23,0.09,0.0,-0.01,49,-18,-69,0,1.31,-0.39,0.0114,0.0338,15.17,18.14,10.19
216.775,flow_only,52.801,52.1373424,21.160804,83.87,52.1373429,21.1608372,29,0.47,0.054,255,0.0,0.0,-0.0042,0.0507,1.678,0.976,1.06,0.32,139.57,0.01,0.0,0.0,0.02,99695,1507,3,0.23,0.07,0.0,-0.01,49,-57,63,0,1.31,-0.39,0.0089,0.0291,14.81,18.19,9.76
216.875,flow_only,52.9,52.1373424,21.160804,83.87,52.1373429,21.1608372,29,0.47,0.054,255,0.0,0.1673,0.0116,0.103,1.688,0.974,0.98,0.75,139.69,0.01,0.0,0.0,0.03,99695,1507,3,0.23,0.07,0.0,-0.01,49,-145,-63,0,1.32,-0.41,0.0055,0.0279,13.55,17.44,10.78
216.975,flow_only,53.0,52.1373425,21.160804,83.86,52.137343,21.1608373,29,0.47,0.051,255,0.0,0.1672,-0.0174,0.1475,1.702,0.968,0.97,1.33,139.25,0.01,0.0,0.01,0.03,99695,1507,3,0.23,0.1,0.0,-0.01,49,178,-56,0,1.31,-0.46,0.0115,0.0243,16.18,16.36,10.23
217.075,flow_only,53.1,52.1373426,21.1608039,83.86,52.137343,21.1608373,29,0.47,0.051,255,0.0,0.0,-0.0226,0.0889,1.714,0.961,0.92,2.03,137.35,0.01,0.0,0.01,0.03,99695,1507,3,0.23,0.1,0.0,-0.01,49,-186,-73,0,1.32,-0.45,0.0065,0.0206,18.16,20.56,11.1
217.175,flow_only,53.2,52.1373427,21.1608037,83.85,52.1373432,21.1608372,29,0.47,0.068,255,0.1672,0.1672,-0.0169,0.1308,1.702,0.954,0.69,2.84,133.74,0.01,0.0,0.0,0.03,99695,1507,3,0.23,0.06,0.0,-0.01,49,24,-15,0,1.33,-0.46,0.0055,0.0225,20.63,22.73,11.37
217.275,flow_only,53.3,52.1373429,21.1608034,83.84,52.1373432,21.1608372,29,0.47,0.068,255,0.0,-0.3345,-0.0669,0.0998,1.69,0.946,0.15,3.37,128.8,0.01,0.0,0.01,0.04,99695,1507,3,0.23,0.06,0.0,-0.01,49,-2,75,0,1.33,-0.45,0.0082,0.0274,26.43,24.98,13.72
217.375,flow_only,53.4,52.137343,21.1608032,83.83,52.1373433,21.1608367,29,0.47,0.252,255,0.0,0.0,-0.0567,0.0844,1.684,0.94,-0.57,3.92,122.88,0.01,0.0,0.01,0.05,99695,1507,3,0.22,0.05,0.0,-0.01,49,144,426,0,1.35,-0.42,0.034,0.0489,29.69,33.85,13.97
217.475,flow_only,53.5,52.1373431,21.1608029,83.84,52.1373433,21.1608367,29,0.47,0.252,255,0.3345,0.3345,-0.1244,0.1064,1.692,0.94,-1.54,4.24,116.32,0.01,0.0,0.03,0.01,99695,1507,3,0.22,0.05,0.0,-0.01,49,-48,295,0,1.37,-0.4,0.0542,0.0786,29.58,33.54,14.84
217.575,flow_only,53.6,52.1373432,21.1608026,83.84,52.1373435,21.160836,29,0.47,0.342,255,-0.6689,0.0,-0.0966,0.0918,1.658,0.945,-2.48,4.56,109.31,0.01,0.0,0.03,0.01,99695,1507,3,0.22,0.05,0.0,-0.01,49,58,-51,0,1.38,-0.38,0.0522,0.0768,28.94,29.03,13.58
217.675,flow_only,53.7,52.1373434,21.1608022,83.84,52.1373435,21.160836,29,0.47,0.342,255,-0.1673,-0.1673,-0.1072,0.1871,1.62,0.945,-3.84,5.01,102.03,0.01,0.0,0.01,0.01,99695,1507,3,0.22,0.05,0.0,-0.01,49,-56,-31,0,1.37,-0.37,0.0419,0.0623,24.56,29.4,15.24
217.775,flow_only,53.8,52.1373437,21.1608018,83.84,52.1373438,21.160835,29,0.47,0.486,255,0.1673,-0.1673,-0.0822,0.0907,1.61,0.942,-4.96,5.04,94.52,0.01,0.0,0.0,0.03,99695,1507,3,0.22,0.05,0.0,-0.01,49,410,397,0,1.37,-0.31,0.055,0.0608,21.1,24.04,15.3
217.875,flow_only,53.9,52.1373441,21.1608012,83.83,52.1373438,21.160835,29,0.47,0.486,255,0.3346,-0.1673,-0.0133,0.0526,1.65,0.936,-5.76,4.77,87.02,0.01,0.0,0.0,0.03,99695,1507,3,0.22,0.05,0.0,-0.01,49,-447,-76,0,1.37,-0.31,0.0396,0.0612,19.72,24.73,13.04
217.975,flow_only,54.0,52.1373446,21.1608005,83.83,52.1373444,21.1608337,29,0.47,0.656,255,0.8359,-0.1672,0.0146,0.034,1.674,0.931,-6.29,4.06,79.63,0.01,0.0,0.0,0.05,99695,1507,3,0.22,0.06,0.0,-0.01,49,157,166,0,1.36,-0.35,0.0257,0.0411,20.6,23.23,13.27
218.075,flow_only,54.1,52.1373451,21.1607998,83.82,52.1373444,21.1608337,29,0.47,0.656,255,0.5015,-0.1672,0.0472,-0.0527,1.64,0.928,-6.44,3.18,72.5,0.01,0.0,0.01,0.05,99695,1507,3,0.22,0.06,0.0,-0.01,49,-218,129,0,1.36,-0.35,0.0363,0.0514,18.68,23.76,11.2
218.175,flow_only,54.201,52.1373457,21.1607988,83.82,52.1373453,21.160832,30,0.47,0.93,255,0.5016,-0.1672,0.0751,-0.0193,1.63,0.924,-6.3,2.18,65.66,0.01,0.0,0.01,0.05,99695,1507,3,0.22,0.06,0.0,-0.01,49,-154,215,0,1.37,-0.33,0.0285,0.0458,16.78,22.3,12.48
218.275,flow_only,54.3,52.1373463,21.1607978,83.82,52.1373453,21.160832,30,0.47,0.93,255,1.5054,-0.1673,0.1669,-0.0238,1.614,0.928,-5.68,1.37,59.1,0.01,0.0,0.05,0.07,99695,1507,3,0.22,0.06,0.0,-0.01,49,-121,59,0,1.4,-0.31,0.0392,0.0718,16.79,17.76,10.71
218.375,flow_only,54.401,52.137347,21.1607967,83.83,52.1373466,21.1608299,30,0.47,1.183,255,0.836,0.0,0.0786,-0.0076,1.62,0.933,-5.13,0.62,52.66,0.01,0.0,0.02,0.07,99695,1507,3,0.22,0.07,0.0,-0.01,49,613,-166,0,1.39,-0.3,0.0107,0.0326,17.34,17.41,11.28
218.475,flow_only,54.5,52.1373478,21.1607956,83.83,52.1373466,21.1608299,30,0.47,1.183,255,0.8359,0.0,0.1176,-0.0542,1.64,0.936,-4.38,-0.04,46.37,0.01,0.0,0.02,0.06,99695,1507,3,0.22,0.07,0.0,-0.01,49,-536,39,0,1.41,-0.29,0.0389,0.0643,16.36,18.72,10.54
218.575,flow_only,54.6,52.1373486,21.1607944,83.83,52.1373483,21.1608274,30,0.47,1.341,255,1.6722,0.3344,0.1301,0.0488,1.626,0.938,-3.63,-0.48,40.1,0.01,0.0,0.02,0.06,99695,1507,3,0.22,0.08,0.0,-0.01,49,-345,-227,0,1.39,-0.29,0.0617,0.0838,15.4,17.34,9.69
218.675,flow_only,54.7,52.1373493,21.1607931,83.83,52.1373483,21.1608274,30,0.47,1.341,255,0.8359,0.1672,0.0579,-0.0231,1.624,0.935,-2.97,-0.82,33.85,0.01,0.0,0.0,0.06,99695,1507,3,0.22,0.08,0.0,-0.01,49,-376,-204,0,1.39,-0.31,0.0398,0.0587,16.65,19.68,10.43
218.775,flow_only,54.8,52.1373501,21.1607919,83.83,52.1373502,21.1608247,29,0.47,1.553,255,0.669,0.3345,0.0152,0.0218,1.65,0.931,-2.73,-1.11,27.61,0.01,0.0,0.0,0.07,99695,1507,3,0.22,0.08,0.0,-0.01,49,393,194,0,1.39,-0.3,0.0084,0.0181,17.93,18.48,10.83
218.875,flow_only,54.9,52.1373511,21.1607906,83.82,52.1373502,21.1608247,29,0.47,1.553,255,0.8359,0.3344,0.0611,0.0335,1.584,0.926,-2.17,-1.12,21.38,0.01,0.0,0.01,0.08,99695,1507,3,0.22,0.08,0.0,-0.01,49,301,161,0,1.38,-0.3,0.0155,0.0095,14.58,15.44,10.36
218.975,flow_only,55.0,52.137352,21.1607892,83.81,52.1373526,21.1608218,29,0.47,1.716,255,0.6688,0.3344,0.0628,0.0944,1.562,0.919,-1.83,-1.0,15.22,0.01,0.0,0.0,0.07,99695,1507,3,0.22,0.08,0.0,-0.01,49,-281,-224,0,1.38,-0.29,0.0205,0.0299,14.24,18.0,11.58
219.075,flow_only,55.1,52.1373529,21.1607879,83.8,52.1373526,21.1608218,29,0.47,1.716,255,1.5047,1.1703,0.032,0.0201,1.574,0.91,-1.32,-0.78,8.98,0.01,0.0,0.01,0.07,99695,1507,3,0.22,0.08,0.0,-0.01,49,558,276,0,1.37,-0.3,0.0263,0.0148,17.63,18.99,11.4
219.175,flow_only,55.2,52.1373539,21.1607865,83.8,52.1373551,21.1608187,29,0.47,1.805,255,0.669,0.669,0.0817,0.1071,1.558,0.901,-1.07,-0.48,2.79,0.01,0.0,0.0,0.07,99695,1507,3,0.22,0.08,0.0,-0.01,49,366,204,0,1.37,-0.29,0.0346,0.0243,20.01,20.06,9.31
219.275,flow_only,55.3,52.1373549,21.1607851,83.79,52.1373551,21.1608187,29,0.47,1.805,255,0.669,0.669,0.036,0.0315,1.596,0.891,-0.68,-0.29,356.52,0.01,0.0,0.01,0.06,99695,1507,3,0.22,0.08,0.0,-0.01,49,-293,-255,0,1.36,-0.29,0.0253,0.0339,19.14,23.02,9.49
219.375,flow_only,55.4,52.1373559,21.1607838,83.78,52.1373575,21.1608157,30,0.47,1.669,255,0.8363,1.6725,0.0227,0.0496,1.572,0.888,-0.41,0.09,350.42,0.01,0.0,0.03,0.06,99695,1507,3,0.22,0.09,0.0,-0.01,49,-137,-212,0,1.38,-0.3,0.009,0.0176,21.25,22.53,8.73
219.475,flow_only,55.5,52.1373568,21.1607825,83.78,52.1373575,21.1608157,30,0.47,1.669,255,0.5018,0.669,0.0145,0.0082,1.584,0.885,-0.36,0.01,344.46,0.01,0.0,0.03,0.06,99695,1507,3,0.22,0.09,0.0,-0.01,49,-117,-276,0,1.37,-0.3,0.0385,0.0396,19.18,20.64,8.29
219.575,flow_only,55.6,52.1373576,21.1607812,83.78,52.13736,21.1608125,30,0.47,1.848,255,0.3345,0.669,-0.0583,-0.0731,1.602,0.88,-0.43,-0.08,338.65,0.01,0.0,0.0,0.06,99695,1507,3,0.22,0.09,0.0,-0.01,49,162,494,0,1.37,-0.29,0.0051,0.0092,17.0,17.18,10.02
219.675,flow_only,55.7,52.1373585,21.16078,83.77,52.13736,21.1608125,30,0.47,1.848,255,0.5017,1.3379,-0.0673,-0.1702,1.596,0.875,-0.64,-0.95,332.74,0.01,0.0,0.01,0.08,99695,1507,3,0.22,0.09,0.0,-0.01,49,-204,-212,0,1.37,-0.3,0.0348,0.0321,15.37,17.55,9.97
219.775,flow_only,55.8,52.1373593,21.1607789,83.76,52.1373623,21.1608095,30,0.47,1.69,255,0.1672,0.8359,-0.0487,-0.0833,1.582,0.866,-1.01,-1.78,326.9,0.01,0.0,0.04,0.08,99695,1507,3,0.22,0.09,0.0,-0.01,49,22,-220,0,1.35,-0.33,0.0524,0.0533,14.45,14.79,8.98
219.875,flow_only,55.9,52.1373601,21.1607778,83.75,52.1373623,21.1608095,30,0.47,1.69,255,0.1672,0.6689,-0.0389,-0.1682,1.576,0.852,-0.79,-2.51,321.23,0.01,0.0,0.01,0.07,99695,1507,3,0.22,0.09,0.0,-0.01,49,-190,-108,0,1.35,-0.33,0.019,0.0284,14.58,16.81,9.33
219.975,flow_only,56.0,52.137361,21.1607767,83.73,52.1373647,21.1608064,30,0.47,1.845,255,0.0,1.5047,-0.0153,-0.0196,1.586,0.839,-0.97,-3.06,316.21,0.01,0.0,0.0,0.08,99695,1507,3,0.22,0.09,0.0,-0.01,49,166,-75,0,1.34,-0.32,0.0059,0.019,14.01,13.96,8.08
220.075,flow_only,56.1,52.1373618,21.1607755,83.73,52.1373647,21.1608064,30,0.47,1.845,255,0.0,0.8359,-0.0164,-0.0624,1.582,0.831,-0.74,-3.35,312.51,0.01,0.0,0.03,0.1,99695,1507,3,0.22,0.09,0.0,-0.01,49,-13,-201,0,1.36,-0.31,0.0187,0.0168,16.1,16.84,9.87
220.175,flow_only,56.201,52.1373628,21.1607743,83.72,52.1373674,21.160803,30,0.47,1.973,255,-0.1673,0.8363,0.0221,-0.0027,1.596,0.826,-0.61,-3.51,310.43,0.01,0.0,0.01,0.08,99695,1507,3,0.22,0.09,0.0,-0.01,49,-37,-214,0,1.36,-0.31,0.0192,0.0295,16.64,18.75,9.11
220.275,flow_only,56.3,52.1373638,21.160773,83.72,52.1373674,21.160803,30,0.47,1.973,255,-0.1672,0.8359,-0.0359,0.0572,1.612,0.825,-0.64,-3.45,309.64,0.01,0.0,0.02,0.09,99695,1507,3,0.22,0.09,0.0,-0.01,49,155,598,0,1.37,-0.29,0.049,0.0501,15.3,17.72,9.26
220.375,flow_only,56.4,52.137365,21.1607716,83.72,52.1373701,21.1607994,30,0.47,2.01,255,-0.1672,0.8359,0.0243,0.1039,1.584,0.824,-0.66,-2.79,309.73,0.01,0.0,0.03,0.09,99695,1507,3,0.22,0.09,0.0,-0.01,49,-122,765,0,1.38,-0.32,0.082,0.0917,14.57,18.44,9.71
220.475,flow_only,56.5,52.1373661,21.1607701,83.72,52.1373701,21.1607994,30,0.47,2.01,255,-0.1672,1.6716,0.0029,0.078,1.602,0.822,-0.6,-2.5,310.42,0.01,0.0,0.0,0.08,99695,1507,3,0.22,0.09,0.0,-0.01,49,146,-190,0,1.38,-0.31,0.0369,0.0344,16.65,19.6,9.75
220.575,flow_only,56.6,52.1373672,21.1607685,83.72,52.1373726,21.1607954,30,0.47,2.04,255,-0.1673,1.84,0.0161,0.1399,1.634,0.823,-0.58,-1.67,311.63,0.01,0.0,0.03,0.09,99695,1507,3,0.22,0.08,0.0,-0.01,49,-35,-351,0,1.4,-0.29,0.0276,0.0355,17.8,20.64,11.18
220.675,flow_only,56.701,52.1373684,21.1607669,83.72,52.1373754,21.1607914,30,0.47,1.979,255,0.0,0.8362,0.0905,0.0182,1.62,0.827,-0.15,-1.4,313.02,0.01,0.0,0.05,0.08,99695,1507,3,0.22,0.08,0.0,-0.01,49,59,-414,0,1.42,-0.28,0.0243,0.0402,17.86,20.61,11.51
220.775,flow_only,56.8,52.1373694,21.1607653,83.73,52.1373754,21.1607914,30,0.47,1.979,255,-0.1672,1.0031,0.0441,0.1533,1.63,0.835,-0.02,-0.74,314.62,0.01,0.0,0.06,0.08,99695,1507,3,0.22,0.08,0.0,-0.01,49,98,573,0,1.45,-0.26,0.0523,0.0698,16.59,16.84,10.21
220.875,flow_only,56.9,52.1373705,21.1607637,83.74,52.1373754,21.1607914,30,0.47,1.979,255,0.0,0.8359,0.0056,-0.0063,1.64,0.846,0.18,-0.45,316.11,0.01,0.0,0.05,0.08,99695,1507,3,0.22,0.08,0.0,-0.01,49,39,-161,0,1.46,-0.24,0.017,0.0458,16.1,18.64,10.2
220.975,flow_only,57.0,52.1373715,21.1607621,83.75,52.137378,21.1607872,30,0.47,2.013,255,0.0,0.836,0.0639,0.0078,1.606,0.857,0.43,-0.31,317.44,0.01,0.0,0.04,0.08,99695,1507,3,0.22,0.08,0.0,-0.01,49,25,-105,0,1.48,-0.22,0.0114,0.0427,17.19,19.69,11.42
221.075,flow_only,57.1,52.1373724,21.1607606,83.76,52.137378,21.1607872,30,0.47,2.013,255,0.0,1.6722,0.0374,-0.0352,1.6,0.865,0.71,-0.57,318.47,0.01,0.0,0.02,0.09,99695,1507,3,0.22,0.08,0.0,-0.01,49,-30,834,0,1.49,-0.21,0.0057,0.0309,18.51,19.13,10.55
221.175,flow_only,57.2,52.1373733,21.1607592,83.77,52.1373807,21.1607831,30,0.47,2.077,255,0.0,1.0035,-0.0237,-0.0792,1.614,0.87,0.62,-0.7,319.18,0.01,0.0,0.03,0.06,99695,1507,3,0.22,0.08,0.0,-0.01,49,166,-204,0,1.49,-0.22,0.0221,0.0348,17.72,16.18,9.47
221.275,flow_only,57.3,52.1373741,21.1607578,83.77,52.1373807,21.1607831,30,0.47,2.077,255,0.0,1.0038,-0.0354,-0.0989,1.578,0.875,0.51,-1.3,319.67,0.01,0.0,0.03,0.08,99695,1507,3,0.22,0.08,0.0,-0.01,49,-7,-200,0,1.5,-0.18,0.0327,0.0421,17.47,16.58,8.31
221.375,flow_only,57.4,52.137375,21.1607565,83.78,52.1373833,21.160779,30,0.47,1.985,255,0.0,1.5047,0.0479,-0.1211,1.572,0.88,0.52,-1.92,320.0,0.01,0.0,0.03,0.09,99695,1507,3,0.22,0.09,0.0,-0.01,49,17,-20,0,1.51,-0.15,0.0196,0.0311,18.89,19.28,9.92
221.475,flow_only,57.5,52.1373758,21.1607552,83.78,52.1373833,21.160779,30,0.47,1.985,255,0.0,0.8362,-0.0388,-0.1188,1.586,0.886,0.43,-2.64,320.1,0.01,0.0,0.04,0.07,99695,1507,3,0.22,0.09,0.0,-0.01,49,0,170,0,1.52,-0.15,0.0065,0.0258,18.99,18.19,9.86
221.575,flow_only,57.601,52.1373767,21.1607539,83.79,52.137386,21.1607751,30,0.47,2.05,255,0.0,1.0034,-0.022,0.0021,1.576,0.891,0.33,-2.76,320.0,0.01,0.0,0.02,0.1,99695,1507,3,0.22,0.09,0.0,-0.01,49,-169,908,0,1.52,-0.13,0.0156,0.0245,18.11,19.29,11.03
221.675,flow_only,57.701,52.1373777,21.1607526,83.79,52.1373889,21.1607711,30,0.47,2.136,255,0.0,1.0035,-0.0177,-0.0136,1.585,0.899,0.24,-2.94,319.77,0.01,0.0,0.07,0.1,99695,1507,3,0.22,0.09,0.0,-0.01,49,10,75,0,1.54,-0.13,0.0216,0.041,16.45,18.31,11.42
221.775,flow_only,57.801,52.1373788,21.1607513,83.8,52.1373889,21.1607711,30,0.47,2.136,255,0.0,1.003,-0.0211,0.0174,1.556,0.908,0.26,-2.74,319.51,0.01,0.0,0.02,0.09,99695,1507,3,0.22,0.09,0.0,-0.01,49,-10,-29,0,1.55,-0.12,0.0171,0.033,17.56,20.56,10.88
221.875,flow_only,57.9,52.1373798,21.16075,83.81,52.1373889,21.1607711,30,0.47,2.136,255,0.0,0.8359,0.0073,0.0451,1.528,0.918,0.25,-2.63,319.25,0.01,0.0,0.05,0.09,99695,1507,3,0.22,0.09,0.0,-0.01,49,4,26,0,1.56,-0.1,0.0179,0.0368,17.27,20.09,10.68
221.975,flow_only,58.0,52.1373809,21.1607487,83.82,52.137392,21.160767,30,0.47,2.205,255,0.0,2.007,-0.0011,0.0208,1.52,0.925,0.3,-2.4,319.14,0.01,0.0,0.0,0.11,99695,1507,3,0.21,0.08,0.0,-0.01,49,0,119,0,1.55,-0.05,0.024,0.0325,17.43,19.11,10.51
222.075,flow_only,58.1,52.1373819,21.1607473,83.82,52.137392,21.160767,30,0.47,2.205,255,0.0,1.0034,-0.0254,0.0567,1.51,0.929,0.16,-2.22,319.14,0.01,0.0,0.04,0.12,99695,1507,3,0.21,0.08,0.0,-0.01,49,53,-11,0,1.56,-0.05,0.0193,0.0293,16.7,19.09,9.72
222.175,flow_only,58.2,52.137383,21.1607459,83.83,52.1373952,21.1607629,30,0.47,2.155,255,0.1672,1.0031,0.07,0.0088,1.518,0.935,0.58,-1.98,319.17,0.01,0.0,0.03,0.08,99695,1507,3,0.21,0.08,0.0,-0.01,49,-24,110,0,1.57,-0.04,0.026,0.038,16.37,20.96,12.68
222.275,flow_only,58.3,52.1373842,21.1607445,83.84,52.1373952,21.1607629,30,0.47,2.155,255,-0.1672,1.1704,-0.0174,0.0698,1.508,0.942,0.63,-1.69,319.19,0.01,0.0,0.04,0.07,99695,1507,3,0.21,0.08,0.0,-0.01,49,0,1134,0,1.58,-0.01,0.0288,0.0436,17.44,20.02,10.76
222.375,flow_only,58.4,52.1373854,21.1607432,83.85,52.1373983,21.1607587,30,0.47,2.24,255,-0.1672,1.1703,-0.0615,0.0456,1.52,0.951,0.45,-1.55,319.21,0.01,0.0,0.04,0.07,99695,1507,3,0.21,0.08,0.0,-0.01,49,-98,146,0,1.59,0.0,0.0286,0.0449,17.36,17.15,9.15
222.475,flow_only,58.5,52.1373865,21.1607418,83.86,52.1373983,21.1607587,30,0.47,2.24,255,-0.1672,2.1737,-0.0779,0.0699,1.526,0.962,0.03,-1.08,319.24,0.01,0.0,0.04,0.09,99695,1507,3,0.21,0.08,0.0,-0.01,49,145,78,0,1.6,0.0,0.0269,0.0398,17.6,15.21,8.41
222.575,flow_only,58.6,52.1373877,21.1607404,83.87,52.1374016,21.1607545,30,0.47,2.25,255,-0.1672,0.836,-0.0906,-0.0423,1.514,0.974,-0.41,-1.16,319.1,0.01,0.0,0.05,0.09,99695,1507,3,0.21,0.08,0.0,-0.01,49,-56,34,0,1.62,0.0,0.0226,0.0398,17.77,16.73,9.11
222.675,flow_only,58.701,52.1373888,21.160739,83.88,52.137405,21.1607502,30,0.47,2.254,255,0.0,1.1703,-0.0541,0.0519,1.504,0.99,-0.81,-1.13,318.95,0.01,0.0,0.05,0.09,99695,1507,3,0.21,0.08,0.0,-0.01,49,-53,50,0,1.63,0.03,0.0166,0.0374,17.44,17.68,9.29
222.775,flow_only,58.801,52.1373899,21.1607377,83.9,52.137405,21.1607502,30,0.47,2.254,255,0.0,2.0068,0.0368,-0.023,1.492,1.004,-0.8,-1.03,318.9,0.01,0.0,0.01,0.08,99695,1507,3,0.21,0.08,0.0,-0.01,49,-108,1207,0,1.63,0.04,0.0194,0.0297,16.88,20.51,10.81
222.875,flow_only,58.9,52.137391,21.1607364,83.91,52.137405,21.1607502,30,0.47,2.254,255,0.0,1.0032,0.006,0.031,1.486,1.015,-0.73,-1.03,318.95,0.01,0.0,0.03,0.06,99695,1507,3,0.21,0.08,0.0,-0.01,49,-151,103,0,1.64,0.04,0.0257,0.0361,19.06,22.07,11.3
222.975,flow_only,59.0,52.1373921,21.1607351,83.92,52.1374084,21.1607458,30,0.47,2.28,255,0.0,1.0033,0.0403,-0.0578,1.518,1.025,-0.35,-1.09,319.11,0.01,0.0,0.02,0.08,99695,1507,3,0.21,0.08,0.0,-0.01,49,175,16,0,1.65,0.07,0.0167,0.0247,19.7,22.44,11.69
223.075,flow_only,59.1,52.1373932,21.1607337,83.93,52.1374084,21.1607458,30,0.47,2.28,255,-0.1672,2.0065,-0.0487,0.029,1.488,1.033,-0.56,-1.2,319.39,0.01,0.0,0.01,0.1,99695,1507,3,0.21,0.08,0.0,-0.01,49,46,966,0,1.65,0.08,0.0169,0.0234,18.81,19.19,9.32
223.175,flow_only,59.2,52.1373943,21.1607323,83.94,52.1374118,21.1607414,30,0.47,2.231,255,0.0,1.0035,0.0104,-0.0513,1.464,1.043,-0.51,-1.13,319.73,0.01,0.0,0.04,0.1,99695,1507,3,0.21,0.08,0.0,-0.01,49,16,25,0,1.66,0.08,0.0206,0.0284,19.03,16.71,9.05
223.275,flow_only,59.3,52.1373953,21.1607309,83.95,52.1374118,21.1607414,30,0.47,2.231,255,0.0,1.1703,0.0045,-0.0156,1.48,1.053,-0.41,-1.4,320.04,0.01,0.0,0.01,0.07,99695,1507,3,0.21,0.08,0.0,-0.01,49,0,157,0,1.66,0.09,0.0259,0.0346,17.79,17.13,8.55
223.375,flow_only,59.4,52.1373964,21.1607294,83.96,52.137415,21.160737,30,0.47,2.267,255,0.0,2.0061,0.0386,0.0667,1.468,1.065,-0.37,-1.21,320.38,0.01,0.0,0.06,0.08,99695,1507,3,0.21,0.08,0.0,-0.01,49,1,90,0,1.68,0.11,0.0252,0.0375,17.74,19.93,10.8
223.475,flow_only,59.501,52.1373976,21.1607279,83.97,52.137415,21.160737,30,0.47,2.267,255,0.0,1.1703,0.0297,0.0051,1.428,1.078,-0.04,-0.99,320.55,0.01,0.0,0.02,0.06,99695,1507,3,0.21,0.08,0.0,-0.01,49,68,1197,0,1.68,0.12,0.0289,0.0399,17.31,19.21,10.91
223.575,flow_only,59.601,52.1373987,21.1607264,83.99,52.1374182,21.1607328,30,0.47,2.183,255,-0.1672,1.0031,-0.0927,0.0502,1.418,1.09,-0.41,-1.0,320.61,0.01,0.0,0.02,0.07,99695,1507,3,0.21,0.08,0.0,-0.01,49,60,-45,0,1.68,0.17,0.0317,0.0449,17.69,17.14,9.25
223.675,flow_only,59.701,52.1373998,21.160725,84.0,52.1374182,21.1607328,30,0.47,2.183,255,0.1673,1.1708,-0.0102,0.0355,1.442,1.103,-0.55,-0.67,320.54,0.01,0.0,0.03,0.07,99695,1507,3,0.21,0.08,0.0,-0.01,49,-169,6,0,1.69,0.17,0.0273,0.0412,16.73,19.27,10.2
223.775,flow_only,59.801,52.137401,21.1607235,84.01,52.1374212,21.1607286,30,0.47,2.254,255,0.0,1.0034,-0.0193,0.0578,1.436,1.116,-0.69,-0.59,320.42,0.01,0.0,0.02,0.08,99695,1507,3,0.21,0.09,0.0,-0.01,49,40,110,0,1.69,0.18,0.0243,0.0373,17.3,18.72,10.62
223.876,flow_only,59.901,52.1374021,21.1607221,84.02,52.1374212,21.1607286,30,0.47,2.254,255,0.1672,2.0063,0.0054,0.0098,1.424,1.128,-0.63,-0.37,320.33,0.01,0.0,0.02,0.09,99695,1507,3,0.21,0.09,0.0,-0.01,49,-26,252,0,1.7,0.18,0.0396,0.0585,19.05,20.09,12.26
223.976,flow_only,60.001,52.1374032,21.1607206,84.03,52.1374242,21.1607243,30,0.47,2.119,255,0.0,1.0035,0.025,-0.005,1.402,1.137,-0.42,-0.46,320.24,0.01,0.0,0.0,0.08,99695,1507,3,0.21,0.1,0.0,-0.01,49,102,1129,0,1.7,0.18,0.0337,0.0516,18.4,19.46,11.36
224.075,flow_only,60.101,52.1374043,21.1607191,84.04,52.1374242,21.1607243,30,0.47,2.119,255,0.1672,1.1704,-0.0111,0.0579,1.414,1.14,-0.47,-0.26,320.14,0.01,0.0,0.01,0.07,99695,1507,3,0.21,0.1,0.0,-0.01,49,136,116,0,1.68,0.18,0.0302,0.0491,18.07,16.95,10.21
224.175,flow_only,60.201,52.1374054,21.1607176,84.04,52.1374272,21.1607201,30,0.47,2.145,255,0.0,2.0067,-0.0079,-0.0227,1.402,1.144,-0.46,-0.15,319.94,0.01,0.0,0.01,0.1,99695,1507,3,0.21,0.09,0.0,-0.01,49,-51,61,0,1.68,0.2,0.0256,0.0441,17.3,17.79,11.22
224.275,flow_only,60.301,52.1374065,21.1607161,84.04,52.1374272,21.1607201,30,0.47,2.145,255,0.0,1.1704,0.0364,0.0543,1.388,1.145,-0.34,-0.0,319.71,0.01,0.0,0.01,0.06,99695,1507,3,0.21,0.09,0.0,-0.01,49,-12,1133,0,1.67,0.19,0.0213,0.0426,17.47,18.94,11.4
224.376,flow_only,60.401,52.1374076,21.1607146,84.04,52.13743,21.1607159,30,0.47,2.003,255,0.0,1.0036,-0.0382,-0.0218,1.37,1.148,-0.39,-0.01,319.44,0.01,0.0,0.0,0.07,99695,1507,3,0.21,0.09,0.0,-0.01,49,-35,127,0,1.67,0.19,0.0249,0.0455,17.4,19.67,10.55
224.475,flow_only,60.501,52.1374086,21.1607132,84.04,52.13743,21.1607159,30,0.47,2.003,255,0.0,2.0065,0.0295,0.0299,1.396,1.149,-0.34,0.08,319.24,0.01,0.0,0.02,0.07,99695,1507,3,0.21,0.09,0.0,-0.01,49,9,137,0,1.66,0.18,0.0235,0.0469,17.81,17.74,9.96
224.575,flow_only,60.601,52.1374097,21.1607118,84.04,52.1374328,21.1607116,30,0.47,1.963,255,0.1672,1.0032,-0.0015,0.0345,1.386,1.149,-0.27,0.12,319.03,0.01,0.0,0.01,0.08,99695,1507,3,0.21,0.09,0.0,-0.01,49,-34,161,0,1.65,0.17,0.026,0.0514,16.39,18.91,11.08
224.675,flow_only,60.701,52.1374107,21.1607103,84.04,52.1374328,21.1607116,30,0.47,1.963,255,0.0,0.836,-0.0433,-0.0684,1.41,1.147,-0.47,-0.04,318.85,0.01,0.0,0.02,0.07,99695,1507,3,0.21,0.09,0.0,-0.01,49,7,1151,0,1.64,0.17,0.0211,0.0491,15.65,19.4,11.39
224.775,flow_only,60.801,52.1374117,21.1607088,84.05,52.1374355,21.1607076,30,0.47,1.975,255,0.0,1.8398,0.0403,0.0045,1.418,1.153,-0.48,-0.21,318.74,0.01,0.0,0.04,0.09,99695,1507,3,0.21,0.09,0.0,-0.01,49,155,858,0,1.66,0.17,0.0285,0.0458,17.2,19.21,13.32
224.876,flow_only,60.901,52.1374127,21.1607073,84.06,52.1374355,21.1607076,30,0.47,1.975,255,0.0,0.8359,0.0646,-0.0416,1.414,1.162,-0.16,-0.38,318.74,0.01,0.0,0.0,0.07,99695,1507,3,0.21,0.09,0.0,-0.01,49,-84,234,0,1.66,0.16,0.035,0.0552,16.9,17.64,11.4
224.976,flow_only,61.001,52.1374138,21.1607059,84.06,52.1374381,21.1607038,30,0.48,1.867,255,0.1672,1.0031,0.0029,-0.0038,1.414,1.17,-0.07,-0.55,318.81,0.01,0.0,0.01,0.07,99695,1507,3,0.21,0.09,0.0,-0.01,49,-25,48,0,1.66,0.16,0.0216,0.04,16.59,18.19,10.38
225.075,flow_only,61.101,52.1374148,21.1607044,84.07,52.1374381,21.1607038,30,0.48,1.867,255,0.1673,1.0036,0.058,0.0166,1.387,1.174,0.18,-0.46,318.93,0.01,0.0,0.02,0.07,99695,1507,3,0.21,0.09,0.0,-0.01,49,-28,195,0,1.65,0.16,0.024,0.0462,16.2,18.69,10.31
225.176,flow_only,61.201,52.1374158,21.160703,84.07,52.1374407,21.1606997,30,0.47,1.939,255,0.0,0.8363,-0.0348,0.0185,1.424,1.179,0.13,-0.54,319.09,0.01,0.0,0.01,0.05,99695,1507,3,0.21,0.08,0.0,-0.01,49,134,199,0,1.66,0.16,0.024,0.0426,15.94,17.47,9.94
225.275,flow_only,61.301,52.1374168,21.1607016,84.08,52.1374407,21.1606997,30,0.47,1.939,255,0.0,1.8393,0.0333,0.0067,1.424,1.187,0.22,-0.4,319.28,0.01,0.0,0.01,0.06,99695,1507,3,0.21,0.08,0.0,-0.01,49,-16,-13,0,1.66,0.16,0.0095,0.0216,14.73,16.92,9.76
225.375,flow_only,61.401,52.1374178,21.1607001,84.09,52.1374432,21.1606956,30,0.47,1.868,255,0.0,0.8363,-0.0151,0.0211,1.432,1.195,0.13,-0.46,319.49,0.01,0.0,0.0,0.09,99695,1507,3,0.21,0.08,0.0,-0.01,49,-22,70,0,1.67,0.16,0.0172,0.0304,17.02,16.71,7.61
225.475,flow_only,61.501,52.1374187,21.1606987,84.1,52.1374432,21.1606956,30,0.47,1.868,255,0.0,0.8363,0.0152,0.004,1.404,1.204,0.21,-0.36,319.74,0.01,0.0,0.0,0.12,99695,1507,3,0.21,0.08,0.0,-0.01,49,119,1018,0,1.68,0.16,0.0109,0.0202,17.58,15.56,8.47
225.575,flow_only,61.601,52.1374197,21.1606973,84.11,52.1374455,21.1606917,30,0.47,1.749,255,0.1673,1.6725,0.0376,-0.0037,1.412,1.213,0.47,-0.43,319.97,0.01,0.0,0.0,0.08,99695,1507,3,0.2,0.08,0.0,-0.01,49,-80,83,0,1.68,0.18,0.0073,0.0153,14.89,19.55,10.99
225.675,flow_only,61.701,52.1374206,21.1606959,84.11,52.1374455,21.1606917,30,0.47,1.749,255,0.1672,0.8359,0.014,-0.0543,1.4,1.215,0.55,-0.63,320.2,0.01,0.0,0.04,0.07,99695,1507,3,0.2,0.08,0.0,-0.01,49,120,249,0,1.66,0.16,0.0216,0.0401,15.42,22.95,13.22
225.775,flow_only,61.801,52.1374215,21.1606944,84.11,52.1374479,21.1606878,30,0.47,1.785,255,0.0,0.836,0.0042,-0.0226,1.402,1.219,0.63,-0.86,320.34,0.01,0.0,0.01,0.07,99695,1507,3,0.2,0.08,0.0,-0.01,49,97,-62,0,1.67,0.17,0.0191,0.0334,16.17,22.25,11.98
225.875,flow_only,61.901,52.1374223,21.160693,84.11,52.1374479,21.1606878,30,0.47,1.785,255,0.0,1.6716,0.0797,0.0168,1.448,1.218,0.79,-0.77,320.49,0.01,0.0,0.04,0.07,99695,1507,3,0.2,0.08,0.0,-0.01,49,-75,867,0,1.65,0.17,0.0159,0.0388,17.94,16.95,9.15
225.976,flow_only,62.001,52.1374232,21.1606916,84.1,52.1374502,21.1606843,30,0.47,1.745,255,0.0,0.8359,0.0246,-0.0718,1.432,1.208,1.07,-1.21,320.51,0.01,0.0,0.06,0.07,99695,1507,3,0.2,0.09,0.0,-0.01,49,80,994,0,1.63,0.12,0.0155,0.0497,17.71,17.47,8.54
226.076,flow_only,62.101,52.1374241,21.1606903,84.09,52.1374525,21.1606809,30,0.47,1.717,255,0.0,0.836,0.0116,-0.0015,1.434,1.196,1.17,-1.3,320.48,0.01,0.0,0.03,0.07,99695,1507,3,0.2,0.09,0.0,-0.01,49,135,87,0,1.61,0.1,0.0163,0.051,18.45,20.35,9.99
226.175,flow_only,62.201,52.1374251,21.1606889,84.08,52.1374525,21.1606809,30,0.47,1.717,255,0.0,1.8393,-0.0185,-0.0262,1.418,1.182,1.09,-1.48,320.34,0.01,0.0,0.05,0.08,99695,1507,3,0.2,0.09,0.0,-0.01,49,-32,889,0,1.59,0.07,0.0102,0.0514,17.37,20.38,11.28
226.275,flow_only,62.301,52.137426,21.1606877,84.06,52.1374525,21.1606809,30,0.47,1.717,255,-0.1672,0.8362,-0.0566,0.0327,1.402,1.166,0.82,-1.49,320.14,0.01,0.0,0.04,0.1,99695,1507,3,0.2,0.09,0.0,-0.01,49,37,-114,0,1.57,0.07,0.0163,0.0559,17.0,19.14,10.71
226.375,flow_only,62.401,52.1374269,21.1606864,84.05,52.1374551,21.1606775,30,0.47,1.862,255,-0.1672,0.836,-0.0481,0.0022,1.422,1.152,0.56,-1.32,319.94,0.01,0.0,0.03,0.1,99695,1507,3,0.2,0.09,0.0,-0.01,49,45,-50,0,1.56,0.07,0.0157,0.0538,17.69,19.69,10.94
226.475,flow_only,62.501,52.1374278,21.1606852,84.04,52.1374551,21.1606775,30,0.47,1.862,255,0.0,0.8359,-0.0247,-0.0426,1.4,1.141,0.42,-1.44,319.75,0.01,0.0,0.01,0.06,99695,1507,3,0.2,0.09,0.0,-0.01,49,37,0,0,1.56,0.05,0.0159,0.0461,17.68,18.92,12.06
226.575,flow_only,62.601,52.1374287,21.160684,84.03,52.1374577,21.1606742,30,0.47,1.716,255,-0.1672,0.8359,-0.0386,-0.0153,1.41,1.131,0.15,-1.71,319.55,0.01,0.0,0.03,0.1,99695,1507,3,0.2,0.09,0.0,-0.01,49,92,67,0,1.55,0.05,0.0126,0.0426,17.45,17.59,9.91
226.675,flow_only,62.701,52.1374296,21.1606828,84.01,52.1374577,21.1606742,30,0.47,1.716,255,-0.1672,1.6721,-0.0122,-0.0013,1.43,1.119,0.01,-1.7,319.37,0.01,0.0,0.06,0.08,99695,1507,3,0.2,0.09,0.0,-0.01,49,-98,797,0,1.52,0.03,0.0168,0.0518,17.4,17.9,11.47
226.775,flow_only,62.801,52.1374305,21.1606817,84.0,52.1374601,21.160671,30,0.47,1.727,255,-0.1672,1.6719,-0.022,-0.0807,1.446,1.109,0.12,-1.92,319.19,0.01,0.0,0.01,0.04,99695,1507,3,0.2,0.09,0.0,-0.01,49,-2,193,0,1.52,0.0,0.0147,0.0438,17.94,17.86,10.99
226.876,flow_only,62.901,52.1374314,21.1606805,83.99,52.1374601,21.160671,30,0.47,1.727,255,-0.1672,0.8359,-0.0278,-0.0056,1.44,1.096,-0.12,-2.16,319.0,0.01,0.0,0.08,0.07,99695,1507,3,0.2,0.09,0.0,-0.01,49,90,-20,0,1.5,-0.02,0.0195,0.0593,17.84,18.06,11.05
226.976,flow_only,63.001,52.1374325,21.1606792,83.98,52.1374627,21.1606678,30,0.47,1.753,255,0.0,0.8363,0.0013,-0.0446,1.406,1.081,-0.13,-2.39,318.79,0.01,0.0,0.04,0.09,99695,1507,3,0.2,0.09,0.0,-0.01,49,-105,-214,0,1.48,-0.04,0.0249,0.056,19.01,18.95,10.25
227.075,flow_only,63.101,52.1374336,21.1606778,83.96,52.1374653,21.1606646,30,0.47,1.792,255,-0.1672,0.8362,-0.0502,0.0491,1.432,1.069,-0.31,-2.32,318.5,0.01,0.0,0.02,0.05,99695,1507,3,0.2,0.09,0.0,-0.01,49,69,-89,0,1.48,-0.03,0.008,0.036,17.87,19.9,11.19
227.175,flow_only,63.201,52.1374347,21.1606764,83.96,52.1374653,21.1606646,30,0.47,1.792,255,0.0,1.0034,0.0198,0.0976,1.454,1.06,-0.3,-1.8,318.24,0.01,0.0,0.01,0.09,99695,1507,3,0.2,0.09,0.0,-0.01,49,-69,-248,0,1.48,-0.03,0.0146,0.0323,18.82,21.08,11.27
227.275,flow_only,63.301,52.1374357,21.1606752,83.94,52.1374653,21.1606646,30,0.47,1.792,255,-0.3343,1.6717,-0.022,0.0623,1.502,1.047,-0.35,-1.47,317.96,0.01,0.0,0.09,0.06,99695,1507,3,0.2,0.09,0.0,-0.01,49,-96,-381,0,1.46,-0.07,0.0306,0.0603,17.71,20.66,10.55
227.375,flow_only,63.401,52.1374367,21.160674,83.93,52.1374679,21.1606614,30,0.47,1.804,255,0.0,0.8359,-0.044,0.0471,1.512,1.034,-0.66,-1.14,317.71,0.01,0.0,0.04,0.08,99695,1507,3,0.2,0.09,0.0,-0.01,49,134,647,0,1.45,-0.13,0.0126,0.0396,18.06,20.74,12.17
227.475,flow_only,63.501,52.1374378,21.1606727,83.92,52.1374679,21.1606614,30,0.47,1.804,255,0.0,0.8359,0.0259,-0.0205,1.514,1.02,-0.62,-1.11,317.57,0.01,0.0,0.04,0.08,99695,1507,3,0.2,0.09,0.0,-0.01,49,-104,-189,0,1.45,-0.14,0.0201,0.0444,18.51,20.66,11.78
227.575,flow_only,63.601,52.1374387,21.1606715,83.9,52.1374704,21.1606582,30,0.47,1.695,255,-0.1672,1.6721,-0.0012,-0.0394,1.512,1.009,-0.5,-1.4,317.47,0.01,0.0,0.0,0.06,99695,1507,3,0.2,0.09,0.0,-0.01,49,-103,-72,0,1.46,-0.14,0.0316,0.0518,17.84,21.03,11.19
227.675,flow_only,63.701,52.1374398,21.1606702,83.89,52.1374704,21.1606582,30,0.47,1.695,255,-0.1672,0.8359,-0.0251,-0.0169,1.504,0.999,-0.66,-1.63,317.46,0.01,0.0,0.04,0.08,99695,1507,3,0.2,0.09,0.0,-0.01,49,-50,-137,0,1.45,-0.14,0.0182,0.0284,18.91,20.74,10.34
227.775,flow_only,63.801,52.1374409,21.1606689,83.89,52.1374729,21.160655,30,0.47,1.707,255,0.0,0.8364,0.0201,-0.0136,1.52,0.993,-0.55,-1.62,317.58,0.01,0.0,0.01,0.05,99695,1507,3,0.2,0.09,0.0,-0.01,49,27,-170,0,1.47,-0.12,0.0214,0.0339,18.68,21.51,10.35
227.876,flow_only,63.901,52.1374418,21.1606677,83.88,52.1374729,21.160655,30,0.47,1.707,255,-0.1672,1.5051,-0.0328,-0.0042,1.508,0.986,-0.55,-1.59,317.74,0.01,0.0,0.03,0.07,99695,1507,3,0.2,0.09,0.0,-0.01,49,45,515,0,1.46,-0.14,0.0044,0.0149,18.68,19.24,10.58
227.976,flow_only,64.001,52.1374428,21.1606663,83.87,52.1374754,21.1606517,30,0.47,1.758,255,0.0,0.836,0.044,0.0179,1.53,0.98,-0.59,-1.54,318.01,0.01,0.0,0.0,0.07,99695,1507,3,0.2,0.09,0.0,-0.01,49,42,-159,0,1.47,-0.14,0.0299,0.0469,18.26,21.9,11.96
228.075,flow_only,64.101,52.1374436,21.1606651,83.87,52.1374778,21.1606484,30,0.47,1.717,255,0.0,1.6719,0.0426,-0.0416,1.532,0.976,-0.39,-1.68,318.25,0.01,0.0,0.0,0.04,99695,1507,3,0.2,0.09,0.0,-0.01,49,-27,-144,0,1.48,-0.14,0.0332,0.0531,17.53,22.58,11.11
228.175,flow_only,64.201,52.1374445,21.1606638,83.86,52.1374778,21.1606484,30,0.47,1.717,255,0.0,1.3375,0.011,-0.0156,1.524,0.968,-0.22,-1.79,318.45,0.01,0.0,0.05,0.04,99695,1507,3,0.2,0.09,0.0,-0.01,49,-39,528,0,1.46,-0.15,0.0021,0.0131,16.7,21.03,10.99
228.275,flow_only,64.301,52.1374454,21.1606625,83.85,52.1374778,21.1606484,30,0.47,1.717,255,0.0,0.8359,0.0696,-0.0249,1.51,0.958,0.04,-1.92,318.63,0.01,0.0,0.03,0.07,99695,1507,3,0.2,0.09,0.0,-0.01,49,-24,-317,0,1.45,-0.16,0.0388,0.06,17.32,22.39,10.8
228.375,flow_only,64.401,52.1374464,21.1606612,83.84,52.1374803,21.160645,30,0.47,1.804,255,0.0,0.8359,-0.0199,-0.0416,1.543,0.947,0.17,-2.24,318.69,0.01,0.0,0.02,0.06,99695,1507,3,0.2,0.1,0.0,-0.01,49,-15,-284,0,1.45,-0.16,0.0262,0.0392,17.5,20.89,10.77
228.475,flow_only,64.501,52.1374474,21.1606598,83.83,52.1374803,21.160645,30,0.47,1.804,255,0.0,0.6688,-0.0501,0.0369,1.536,0.931,-0.14,-2.19,318.71,0.01,0.0,0.07,0.05,99695,1507,3,0.2,0.1,0.0,-0.01,49,62,-400,0,1.43,-0.19,0.0088,0.0269,18.61,19.55,9.51
228.575,flow_only,64.601,52.1374483,21.1606585,83.81,52.1374827,21.1606415,30,0.47,1.806,255,0.0,0.836,0.0266,-0.02,1.546,0.92,-0.08,-2.1,318.78,0.01,0.0,0.0,0.06,99695,1507,3,0.21,0.1,0.0,-0.01,49,-1,609,0,1.43,-0.19,0.0099,0.0096,18.48,19.89,11.96
228.675,flow_only,64.701,52.1374494,21.160657,83.81,52.1374827,21.1606415,30,0.47,1.806,255,0.0,1.5048,-0.0017,0.0442,1.568,0.911,-0.05,-2.05,318.85,0.01,0.0,0.01,0.08,99695,1507,3,0.21,0.1,0.0,-0.01,49,0,458,0,1.44,-0.2,0.0204,0.0177,17.68,19.42,11.34
228.775,flow_only,64.801,52.1374504,21.1606556,83.8,52.1374851,21.1606382,30,0.47,1.616,255,0.0,0.669,0.0393,0.0116,1.54,0.905,0.17,-1.87,318.91,0.01,0.0,0.0,0.06,99695,1507,3,0.21,0.09,0.0,-0.01,49,-52,-434,0,1.44,-0.19,0.0311,0.0427,18.35,21.44,11.02
228.876,flow_only,64.901,52.1374513,21.1606542,83.79,52.1374851,21.1606382,30,0.47,1.616,255,0.0,0.8362,-0.024,0.0175,1.536,0.9,0.05,-1.89,318.97,0.01,0.0,0.02,0.07,99695,1507,3,0.21,0.09,0.0,-0.01,49,16,-211,0,1.44,-0.19,0.0087,0.0167,17.23,20.43,12.69
228.976,flow_only,65.001,52.1374523,21.1606528,83.79,52.1374873,21.160635,30,0.47,1.635,255,0.0,1.3375,0.0047,-0.0442,1.564,0.893,0.08,-1.92,319.04,0.01,0.0,0.02,0.08,99695,1507,3,0.21,0.09,0.0,-0.01,49,-23,-209,0,1.43,-0.2,0.0437,0.0569,18.47,19.64,11.62
229.075,flow_only,65.101,52.1374531,21.1606515,83.78,52.1374873,21.160635,30,0.47,1.635,255,0.0,0.6688,-0.0004,-0.0306,1.54,0.885,0.12,-2.11,319.05,0.01,0.0,0.02,0.05,99695,1507,3,0.21,0.09,0.0,-0.01,49,-28,-316,0,1.43,-0.21,0.0509,0.0663,19.5,22.49,12.93
229.175,flow_only,65.201,52.1374541,21.1606502,83.77,52.1374896,21.1606318,30,0.47,1.681,255,0.0,0.6688,0.0245,-0.0576,1.55,0.88,0.15,-2.38,319.1,0.01,0.0,0.01,0.09,99695,1507,3,0.21,0.09,0.0,-0.01,49,4,-346,0,1.44,-0.2,0.0257,0.0395,19.61,21.82,11.42
229.275,flow_only,65.301,52.1374549,21.1606489,83.77,52.1374896,21.1606318,30,0.47,1.681,255,0.0,0.669,-0.0061,-0.0826,1.562,0.876,0.2,-2.77,319.09,0.01,0.0,0.0,0.03,99695,1507,3,0.21,0.09,0.0,-0.01,49,158,-299,0,1.45,-0.18,0.044,0.0605,18.54,20.73,11.63
229.375,flow_only,65.401,52.1374558,21.1606476,83.77,52.137492,21.1606285,30,0.47,1.735,255,0.0,0.8363,0.0133,-0.0069,1.576,0.875,0.19,-2.84,319.14,0.01,0.0,0.0,0.07,99695,1507,3,0.21,0.09,0.0,-0.01,49,20,349,0,1.46,-0.18,0.0181,0.0357,19.43,20.29,11.42
229.475,flow_only,65.501,52.1374567,21.1606463,83.77,52.137492,21.1606285,30,0.47,1.735,255,0.0,1.5051,0.0185,-0.0722,1.562,0.875,0.33,-3.21,319.15,0.01,0.0,0.01,0.05,99695,1507,3,0.21,0.09,0.0,-0.01,49,-42,-271,0,1.47,-0.19,0.0387,0.0579,19.73,20.3,10.7
229.576,flow_only,65.601,52.1374576,21.160645,83.77,52.1374944,21.1606252,30,0.47,1.746,255,0.0,1.5046,0.0105,0.0262,1.552,0.877,0.18,-3.28,319.24,0.01,0.0,0.01,0.08,99695,1507,3,0.21,0.09,0.0,-0.01,49,61,-348,0,1.48,-0.18,0.0218,0.0435,17.9,19.74,12.32
229.675,flow_only,65.701,52.1374586,21.1606436,83.77,52.1374944,21.1606252,30,0.47,1.746,255,0.0,0.8362,0.0034,-0.0351,1.54,0.876,0.23,-3.33,319.31,0.01,0.0,0.02,0.1,99695,1507,3,0.21,0.09,0.0,-0.01,49,1,-220,0,1.47,-0.16,0.0076,0.0229,18.74,18.73,10.72
229.775,flow_only,65.801,52.1374596,21.1606422,83.77,52.1374969,21.1606219,30,0.47,1.838,255,-0.1672,1.0033,-0.0004,0.0843,1.54,0.871,0.17,-3.05,319.43,0.01,0.0,0.03,0.04,99695,1507,3,0.21,0.09,0.0,-0.01,49,38,529,0,1.46,-0.18,0.0162,0.0118,18.87,22.73,13.37
229.876,flow_only,65.901,52.1374607,21.1606407,83.76,52.1374969,21.1606219,30,0.47,1.838,255,0.0,1.0031,0.0222,0.0055,1.57,0.86,0.28,-2.95,319.51,0.01,0.0,0.03,0.04,99695,1507,3,0.21,0.09,0.0,-0.01,49,-44,549,0,1.44,-0.18,0.0244,0.0215,19.07,21.78,11.83
229.976,flow_only,66.001,52.1374618,21.1606391,83.74,52.1374995,21.1606184,30,0.47,1.809,255,0.0,1.0031,-0.0272,0.0844,1.552,0.847,0.12,-2.69,319.65,0.01,0.0,0.03,0.1,99695,1507,3,0.21,0.09,0.0,-0.01,49,43,-174,0,1.43,-0.18,0.0064,0.011,17.58,24.27,13.41
230.075,flow_only,66.101,52.137463,21.1606376,83.73,52.1374995,21.1606184,30,0.47,1.809,255,0.0,1.8391,-0.0036,0.0569,1.578,0.835,0.22,-2.24,319.78,0.01,0.0,0.0,0.08,99695,1507,3,0.21,0.09,0.0,-0.01,49,-158,418,0,1.43,-0.21,0.0205,0.0187,19.19,21.0,12.32
230.175,flow_only,66.201,52.1374641,21.1606363,83.72,52.137502,21.1606151,30,0.47,1.757,255,0.0,0.8359,0.0084,0.0759,1.584,0.822,0.14,-1.81,319.96,0.01,0.0,0.03,0.06,99695,1507,3,0.21,0.09,0.0,-0.01,49,87,-417,0,1.41,-0.21,0.0352,0.0387,19.34,19.79,10.85
230.275,flow_only,66.301,52.137465,21.1606351,83.7,52.137502,21.1606151,30,0.47,1.757,255,0.0,0.8363,-0.0467,-0.0416,1.624,0.808,-0.03,-1.86,320.12,0.01,0.0,0.02,0.04,99695,1507,3,0.21,0.09,0.0,-0.01,49,50,-332,0,1.41,-0.26,0.0643,0.0711,18.82,18.38,10.56
230.375,flow_only,66.401,52.137466,21.1606338,83.69,52.1375045,21.1606119,30,0.47,1.83,255,0.0,1.5048,-0.0165,-0.065,1.596,0.795,-0.24,-2.07,320.33,0.01,0.0,0.0,0.06,99695,1507,3,0.21,0.09,0.0,-0.01,49,85,-274,0,1.41,-0.26,0.0416,0.0493,19.44,18.9,9.96
230.475,flow_only,66.501,52.1374669,21.1606326,83.68,52.137507,21.1606087,30,0.47,1.711,255,0.0,0.669,-0.0008,-0.1018,1.582,0.783,-0.24,-2.66,320.51,0.01,0.0,0.01,0.06,99695,1507,3,0.21,0.09,0.0,-0.01,49,-132,-335,0,1.41,-0.27,0.0615,0.07,19.22,18.36,9.76
230.576,flow_only,66.601,52.1374678,21.1606314,83.67,52.137507,21.1606087,30,0.47,1.711,255,0.0,0.8362,-0.0104,-0.0553,1.602,0.771,-0.33,-2.96,320.72,0.01,0.0,0.0,0.07,99695,1507,3,0.21,0.09,0.0,-0.01,49,52,445,0,1.4,-0.27,0.0308,0.042,18.45,19.35,11.33
230.675,flow_only,66.701,52.1374688,21.1606302,83.66,52.137507,21.1606087,30,0.47,1.711,255,0.0,1.5053,-0.0363,-0.1052,1.596,0.761,-0.43,-3.43,320.8,0.01,0.0,0.01,0.06,99695,1507,3,0.21,0.09,0.0,-0.01,49,38,-209,0,1.41,-0.27,0.0435,0.0543,18.87,18.61,11.55
230.775,flow_only,66.801,52.1374697,21.160629,83.64,52.1375094,21.1606054,30,0.47,1.81,255,0.0,0.8359,0.0044,-0.0011,1.578,0.749,-0.58,-3.55,320.82,0.01,0.0,0.03,0.06,99695,1507,3,0.21,0.09,0.0,-0.01,49,58,-271,0,1.4,-0.29,0.065,0.0751,16.92,17.28,11.06
230.876,flow_only,66.901,52.1374706,21.1606278,83.63,52.1375094,21.1606054,30,0.47,1.81,255,0.0,0.8359,-0.0077,-0.0436,1.57,0.735,-0.58,-3.8,320.76,0.01,0.0,0.03,0.07,99695,1507,3,0.21,0.09,0.0,-0.01,49,-172,539,0,1.39,-0.28,0.0119,0.024,15.67,17.47,11.98
230.976,flow_only,67.001,52.1374716,21.1606265,83.62,52.137512,21.1606021,30,0.47,1.835,255,0.0,1.6719,-0.0208,-0.0024,1.554,0.721,-0.63,-3.77,320.63,0.01,0.0,0.0,0.07,99695,1507,3,0.21,0.09,0.0,-0.01,49,47,-318,0,1.38,-0.28,0.0337,0.0428,16.43,19.01,12.06
231.075,flow_only,67.101,52.1374726,21.1606251,83.6,52.137512,21.1606021,30,0.47,1.835,255,0.0,0.8362,-0.0063,0.0173,1.602,0.71,-0.61,-3.78,320.42,0.01,0.0,0.01,0.06,99695,1507,3,0.21,0.09,0.0,-0.01,49,23,-354,0,1.38,-0.27,0.0171,0.0243,16.13,19.21,11.32
231.175,flow_only,67.201,52.1374737,21.1606237,83.59,52.1375148,21.1605986,30,0.47,1.965,255,-0.1672,0.8359,-0.0079,0.0583,1.594,0.699,-0.74,-3.48,320.28,0.01,0.0,0.01,0.04,99695,1507,3,0.21,0.08,0.0,-0.01,49,49,-293,0,1.38,-0.28,0.0052,0.0094,17.5,18.78,11.36
231.275,flow_only,67.301,52.1374747,21.1606222,83.59,52.1375148,21.1605986,30,0.47,1.965,255,0.1673,1.0035,0.0179,0.0311,1.624,0.692,-0.55,-3.17,320.03,0.01,0.0,0.01,0.04,99695,1507,3,0.21,0.08,0.0,-0.01,49,-66,552,0,1.4,-0.29,0.0102,0.0157,17.17,19.67,11.96
231.375,flow_only,67.401,52.1374758,21.1606207,83.58,52.1375177,21.1605949,30,0.47,1.924,255,0.0,1.0028,0.023,0.0811,1.636,0.688,-0.55,-2.81,319.81,0.01,0.0,0.0,0.06,99695,1507,3,0.21,0.08,0.0,-0.01,49,27,-431,0,1.4,-0.28,0.036,0.0398,15.45,19.26,11.38
231.476,flow_only,67.501,52.1374767,21.1606194,83.58,52.1375206,21.1605911,30,0.47,2.123,255,0.0,1.6721,-0.0088,-0.0288,1.63,0.684,-0.49,-2.69,319.58,0.01,0.0,0.0,0.06,99695,1507,3,0.21,0.09,0.0,-0.01,49,-13,-384,0,1.42,-0.3,0.0657,0.0688,15.84,18.64,11.89
231.576,flow_only,67.601,52.1374777,21.1606181,83.58,52.1375206,21.1605911,30,0.47,2.123,255,-0.1672,1.0034,0.028,-0.0182,1.616,0.681,-0.49,-2.71,319.42,0.01,0.0,0.0,0.1,99695,1507,3,0.21,0.09,0.0,-0.01,49,27,-361,0,1.42,-0.29,0.0363,0.044,17.73,17.62,11.45
231.675,flow_only,67.701,52.1374787,21.1606168,83.57,52.1375206,21.1605911,30,0.47,2.123,255,0.0,0.8357,0.0468,-0.0973,1.605,0.673,-0.32,-3.16,319.25,0.01,0.0,0.04,0.05,99695,1507,3,0.21,0.09,0.0,-0.01,49,19,-262,0,1.41,-0.29,0.0451,0.0485,18.42,18.01,10.55
231.775,flow_only,67.801,52.1374797,21.1606155,83.56,52.1375236,21.1605871,30,0.47,2.054,255,0.0,1.6717,-0.0226,-0.0461,1.608,0.664,-0.29,-3.48,319.07,0.01,0.0,0.01,0.07,99695,1507,3,0.21,0.08,0.0,-0.01,49,17,722,0,1.42,-0.29,0.0175,0.0186,17.52,21.13,11.3
231.876,flow_only,67.901,52.1374808,21.160614,83.55,52.1375236,21.1605871,30,0.47,2.054,255,0.0,0.8359,-0.0013,0.0107,1.632,0.658,-0.44,-3.51,318.99,0.01,0.0,0.0,0.09,99695,1507,3,0.21,0.08,0.0,-0.01,49,-105,-183,0,1.42,-0.28,0.014,0.0221,19.07,21.29,11.42
231.976,flow_only,68.001,52.137482,21.1606127,83.55,52.1375266,21.160583,30,0.47,2.092,255,0.0,0.8363,-0.0123,0.0341,1.648,0.655,-0.5,-3.43,318.97,0.01,0.0,0.01,0.08,99695,1507,3,0.21,0.08,0.0,-0.01,49,-108,445,0,1.43,-0.26,0.0256,0.0346,19.36,20.81,12.18
232.075,flow_only,68.101,52.1374831,21.1606112,83.55,52.1375266,21.160583,30,0.47,2.092,255,0.0,1.8398,-0.0723,0.0576,1.67,0.652,-0.87,-3.17,319.01,0.01,0.0,0.0,0.07,99695,1507,3,0.21,0.08,0.0,-0.01,49,101,580,0,1.44,-0.3,0.0304,0.0371,19.64,20.19,12.36
232.175,flow_only,68.201,52.1374843,21.1606097,83.54,52.1375295,21.1605788,30,0.47,2.105,255,0.0,1.0036,0.0099,0.0942,1.672,0.648,-0.91,-2.61,319.18,0.01,0.0,0.0,0.08,99695,1507,3,0.21,0.09,0.0,-0.01,49,-95,-511,0,1.44,-0.3,0.0146,0.0224,18.55,21.88,12.15
232.275,flow_only,68.301,52.1374854,21.1606081,83.54,52.1375295,21.1605788,30,0.47,2.105,255,0.0,1.0031,0.0179,0.0405,1.674,0.643,-0.84,-2.38,319.46,0.01,0.0,0.01,0.06,99695,1507,3,0.21,0.09,0.0,-0.01,49,29,-467,0,1.45,-0.31,0.0041,0.0219,18.94,20.71,11.14
232.375,flow_only,68.401,52.1374866,21.1606064,83.53,52.1375326,21.1605745,30,0.47,2.164,255,0.0,1.6725,0.0093,0.078,1.684,0.638,-0.92,-2.11,319.86,0.01,0.0,0.01,0.04,99695,1507,3,0.2,0.09,0.0,-0.01,49,42,-466,0,1.45,-0.3,0.011,0.025,18.21,21.25,12.16
232.476,flow_only,68.501,52.1374877,21.1606048,83.53,52.1375355,21.1605702,30,0.47,2.099,255,0.0,1.0032,0.0314,0.0641,1.658,0.633,-0.73,-1.53,320.35,0.01,0.0,0.02,0.05,99695,1507,3,0.2,0.08,0.0,-0.01,49,-45,646,0,1.47,-0.29,0.0295,0.0445,19.34,19.66,10.35
232.575,flow_only,68.601,52.1374889,21.1606032,83.52,52.1375355,21.1605702,30,0.47,2.099,255,0.0,0.836,0.0303,0.0208,1.656,0.626,-0.51,-1.45,320.82,0.01,0.0,0.0,0.04,99695,1507,3,0.2,0.08,0.0,-0.01,49,-51,-404,0,1.46,-0.29,0.0145,0.0183,19.15,18.54,10.57
232.676,flow_only,68.701,52.1374899,21.1606017,83.51,52.1375385,21.160566,30,0.47,2.106,255,0.1671,1.0028,-0.0124,0.0378,1.668,0.618,-0.6,-1.2,321.24,0.01,0.0,0.02,0.04,99695,1507,3,0.2,0.08,0.0,-0.01,49,-2,-240,0,1.46,-0.28,0.0391,0.0382,19.69,17.65,10.49
232.775,flow_only,68.801,52.137491,21.1606003,83.5,52.1375385,21.160566,30,0.47,2.106,255,0.0,1.0031,0.0244,-0.0634,1.65,0.608,-0.34,-1.24,321.52,0.01,0.0,0.01,0.04,99695,1507,3,0.2,0.08,0.0,-0.01,49,-100,-200,0,1.45,-0.29,0.0104,0.0169,18.35,19.62,11.14
232.876,flow_only,68.901,52.1374921,21.1605989,83.49,52.1375413,21.1605619,30,0.47,2.022,255,0.0,1.6719,-0.0533,0.0015,1.64,0.598,-0.62,-1.54,321.68,0.01,0.0,0.01,0.06,99695,1507,3,0.2,0.08,0.0,-0.01,49,38,-105,0,1.45,-0.28,0.0187,0.0214,18.63,19.41,10.17
232.976,flow_only,69.001,52.1374932,21.1605975,83.48,52.1375413,21.1605619,30,0.47,2.022,255,0.0,0.8359,-0.0235,-0.0744,1.624,0.589,-0.65,-1.62,321.62,0.01,0.0,0.01,0.05,99695,1507,3,0.2,0.08,0.0,-0.01,49,-18,714,0,1.45,-0.28,0.0192,0.0267,19.28,20.19,11.85
233.075,flow_only,69.101,52.1374943,21.1605961,83.48,52.1375413,21.1605619,30,0.47,2.022,255,0.0,1.0031,-0.036,-0.0174,1.654,0.583,-0.9,-1.85,321.4,0.01,0.0,0.02,0.06,99695,1507,3,0.2,0.08,0.0,-0.01,49,7,-270,0,1.45,-0.26,0.0059,0.0214,18.86,18.69,11.03
233.175,flow_only,69.201,52.1374953,21.1605947,83.47,52.1375443,21.1605578,30,0.47,2.2,255,0.0,1.8391,-0.0024,0.0048,1.636,0.575,-0.99,-1.83,320.99,0.01,0.0,0.0,0.07,99695,1507,3,0.2,0.08,0.0,-0.01,49,1,-335,0,1.45,-0.28,0.0239,0.0254,17.78,19.37,12.35
233.275,flow_only,69.301,52.1374963,21.1605934,83.46,52.1375443,21.1605578,30,0.47,2.2,255,0.0,1.6721,-0.041,-0.0226,1.628,0.566,-1.19,-1.94,320.51,0.01,0.0,0.0,0.08,99695,1507,3,0.2,0.08,0.0,-0.01,49,-8,572,0,1.45,-0.28,0.0061,0.0112,17.83,19.17,12.31
233.375,flow_only,69.401,52.1374973,21.160592,83.45,52.1375473,21.1605536,30,0.47,2.112,255,0.0,0.8361,0.0278,-0.0719,1.614,0.559,-1.01,-2.16,320.05,0.01,0.0,0.01,0.05,99695,1507,3,0.2,0.08,0.0,-0.01,49,-63,-310,0,1.45,-0.27,0.0215,0.0248,17.67,19.03,10.92
233.476,flow_only,69.501,52.1374982,21.1605907,83.45,52.1375503,21.1605495,30,0.47,2.188,255,0.0,1.6717,-0.0173,0.0105,1.606,0.551,-1.05,-2.34,319.58,0.01,0.0,0.0,0.04,99695,1507,3,0.2,0.08,0.0,-0.01,49,-25,-228,0,1.44,-0.27,0.0218,0.0249,18.83,17.42,9.89
233.575,flow_only,69.601,52.1374992,21.1605892,83.44,52.1375503,21.1605495,30,0.47,2.188,255,0.0,0.8355,0.0244,-0.0351,1.614,0.543,-1.02,-2.35,319.17,0.01,0.0,0.0,0.03,99695,1507,3,0.2,0.08,0.0,-0.01,49,-20,-159,0,1.44,-0.25,0.0079,0.0096,17.4,20.4,11.47
233.675,flow_only,69.701,52.1375002,21.1605877,83.43,52.1375503,21.1605495,30,0.47,2.188,255,0.0,0.8359,0.0114,-0.0532,1.576,0.532,-0.88,-2.63,318.82,0.01,0.0,0.01,0.09,99695,1507,3,0.2,0.08,0.0,-0.01,49,111,726,0,1.43,-0.25,0.0422,0.0439,18.3,19.4,11.8
233.775,flow_only,69.801,52.1375013,21.1605861,83.42,52.1375533,21.1605452,30,0.47,2.113,255,0.0,1.8391,0.0637,0.0657,1.586,0.527,-0.69,-2.43,318.66,0.01,0.0,0.03,0.07,99695,1507,3,0.2,0.08,0.0,-0.01,49,-28,804,0,1.44,-0.22,0.0286,0.0348,17.4,20.63,11.47
233.876,flow_only,69.901,52.1375024,21.1605846,83.42,52.1375563,21.1605407,30,0.47,2.258,255,0.1672,0.8361,0.0424,0.0285,1.602,0.521,-0.38,-2.34,318.61,0.01,0.0,0.0,0.08,99695,1507,3,0.2,0.08,0.0,-0.01,49,-62,-161,0,1.44,-0.22,0.0081,0.013,18.17,22.32,12.39
233.976,flow_only,70.001,52.1375034,21.160583,83.41,52.1375563,21.1605407,30,0.47,2.258,255,0.1672,1.0031,0.0208,0.0486,1.612,0.514,-0.27,-1.97,318.65,0.01,0.0,0.02,0.06,99695,1507,3,0.2,0.08,0.0,-0.01,49,-29,-279,0,1.43,-0.26,0.0233,0.0288,18.71,20.5,11.63
234.075,flow_only,70.101,52.1375045,21.1605815,83.4,52.1375563,21.1605407,30,0.47,2.258,255,0.1672,1.8389,-0.0023,0.0093,1.61,0.506,-0.11,-1.88,318.73,0.01,0.0,0.0,0.05,99695,1507,3,0.2,0.08,0.0,-0.01,49,-64,-207,0,1.43,-0.27,0.0097,0.0151,19.83,21.35,12.18
234.175,flow_only,70.201,52.1375055,21.16058,83.4,52.1375593,21.1605362,30,0.47,2.187,255,0.0,1.0034,0.0318,-0.0003,1.612,0.5,-0.06,-1.84,318.89,0.01,0.0,0.01,0.05,99695,1507,3,0.2,0.08,0.0,-0.01,49,0,-324,0,1.44,-0.27,0.0165,0.0138,19.52,19.39,11.05
234.275,flow_only,70.301,52.1375066,21.1605784,83.39,52.1375593,21.1605362,30,0.47,2.187,255,0.1672,1.003,-0.0072,-0.0132,1.586,0.494,-0.02,-1.8,319.07,0.01,0.0,0.0,0.07,99695,1507,3,0.2,0.08,0.0,-0.01,49,-55,-189,0,1.43,-0.26,0.0155,0.02,18.5,19.44,11.83
234.375,flow_only,70.401,52.1375076,21.160577,83.38,52.1375622,21.1605317,30,0.47,2.197,255,0.0,2.0068,0.0026,-0.0144,1.596,0.49,-0.0,-1.92,319.26,0.01,0.0,0.02,0.06,99695,1507,3,0.2,0.08,0.0,-0.01,49,-24,-249,0,1.44,-0.23,0.0146,0.0164,18.85,19.96,11.26
234.475,flow_only,70.501,52.1375085,21.1605757,83.38,52.1375622,21.1605317,30,0.47,2.197,255,0.0,0.8363,0.0275,-0.051,1.588,0.487,-0.03,-2.01,319.5,0.01,0.0,0.01,0.06,99695,1507,3,0.2,0.08,0.0,-0.01,49,19,582,0,1.45,-0.22,0.0158,0.0217,17.59,22.05,12.76
234.575,flow_only,70.601,52.1375096,21.1605742,83.38,52.1375651,21.1605272,30,0.47,2.071,255,0.0,0.8363,-0.0423,-0.0469,1.59,0.49,-0.08,-2.33,319.75,0.01,0.0,0.04,0.09,99695,1507,3,0.2,0.09,0.0,-0.01,49,-22,-200,0,1.47,-0.2,0.0062,0.0244,19.68,21.02,12.04
234.675,flow_only,70.701,52.1375106,21.1605729,83.39,52.1375651,21.1605272,30,0.47,2.071,255,0.1672,1.8396,0.0119,-0.0482,1.57,0.499,0.05,-2.39,319.94,0.01,0.0,0.07,0.07,99695,1507,3,0.2,0.09,0.0,-0.01,49,-45,-73,0,1.5,-0.17,0.012,0.0402,18.47,19.93,12.33
234.775,flow_only,70.801,52.1375116,21.1605715,83.4,52.137568,21.160523,30,0.47,2.166,255,0.0,1.0031,-0.0424,-0.0005,1.546,0.506,-0.12,-2.51,320.05,0.01,0.0,0.0,0.06,99695,1507,3,0.2,0.09,0.0,-0.01,49,34,-26,0,1.5,-0.15,0.0094,0.0278,17.56,20.12,12.9
234.876,flow_only,70.901,52.1375125,21.1605701,83.4,52.1375709,21.1605187,30,0.47,2.247,255,0.0,0.8359,0.0163,-0.0304,1.58,0.509,-0.21,-2.58,320.1,0.01,0.0,0.0,0.06,99695,1507,3,0.2,0.09,0.0,-0.01,49,1,961,0,1.5,-0.15,0.008,0.0196,16.82,19.55,13.06
234.976,flow_only,71.001,52.1375135,21.1605687,83.41,52.1375709,21.1605187,30,0.47,2.247,255,0.0,1.0031,-0.0282,-0.0091,1.55,0.511,-0.33,-2.76,320.06,0.01,0.0,0.01,0.08,99695,1507,3,0.2,0.09,0.0,-0.01,49,31,825,0,1.5,-0.14,0.007,0.0169,16.86,20.02,12.46
235.075,flow_only,71.101,52.1375145,21.1605673,83.4,52.1375709,21.1605187,30,0.47,2.247,255,0.0,1.0034,0.0118,-0.0193,1.56,0.507,-0.3,-2.64,319.98,0.01,0.0,0.02,0.04,99695,1507,3,0.2,0.09,0.0,-0.01,49,8,-105,0,1.49,-0.17,0.0042,0.0048,16.74,19.34,12.55
235.175,flow_only,71.201,52.1375156,21.1605659,83.4,52.1375739,21.1605144,30,0.47,2.175,255,0.0,1.8387,-0.0512,-0.01,1.548,0.505,-0.42,-2.76,319.84,0.01,0.0,0.02,0.04,99695,1507,3,0.2,0.09,0.0,-0.01,49,-13,807,0,1.5,-0.14,0.0124,0.017,18.21,18.77,12.0
235.275,flow_only,71.3,52.1375166,21.1605643,83.4,52.1375739,21.1605144,30,0.47,2.175,255,0.0,1.0035,0.0332,0.0572,1.53,0.501,-0.51,-2.51,319.76,0.01,0.0,0.01,0.06,99695,1507,3,0.2,0.09,0.0,-0.01,49,58,720,0,1.49,-0.14,0.0562,0.0649,18.35,18.32,11.51
235.375,flow_only,71.401,52.1375177,21.1605627,83.4,52.1375768,21.1605102,30,0.47,2.205,255,0.0,1.1703,0.006,0.0361,1.532,0.501,-0.38,-2.46,319.61,0.01,0.0,0.05,0.05,99695,1507,3,0.2,0.08,0.0,-0.01,49,127,-93,0,1.51,-0.11,0.0297,0.0402,18.46,18.55,11.24
235.475,flow_only,71.5,52.1375188,21.160561,83.4,52.1375768,21.1605102,30,0.47,2.205,255,0.0,2.1735,0.0465,0.0701,1.536,0.503,-0.17,-1.94,319.54,0.01,0.0,0.01,0.04,99695,1507,3,0.2,0.08,0.0,-0.01,49,-60,-43,0,1.51,-0.1,0.0226,0.0324,17.33,20.27,11.11
235.575,flow_only,71.6,52.1375198,21.1605594,83.4,52.1375799,21.160506,30,0.47,2.291,255,0.1672,1.0031,0.0324,0.0541,1.53,0.505,0.05,-1.66,319.48,0.01,0.0,0.01,0.07,99695,1507,3,0.2,0.08,0.0,-0.01,49,-46,27,0,1.51,-0.11,0.0172,0.0261,18.84,20.06,11.99
235.675,flow_only,71.7,52.1375209,21.1605579,83.4,52.1375799,21.160506,30,0.47,2.291,255,0.0,1.0031,0.0441,-0.0096,1.526,0.506,0.26,-1.53,319.47,0.01,0.0,0.0,0.05,99695,1507,3,0.2,0.08,0.0,-0.01,49,126,892,0,1.51,-0.11,0.0156,0.0213,18.65,20.68,10.95
235.775,flow_only,71.8,52.1375219,21.1605564,83.4,52.1375831,21.1605017,30,0.47,2.288,255,0.0,2.0067,-0.0364,-0.0065,1.53,0.505,0.22,-1.63,319.39,0.01,0.0,0.01,0.04,99695,1507,3,0.21,0.08,0.0,-0.01,49,17,-57,0,1.51,-0.1,0.0072,0.0098,20.71,18.97,11.32
235.875,flow_only,71.901,52.1375229,21.160555,83.4,52.1375861,21.1604974,30,0.47,2.217,255,0.0,1.0035,0.0142,-0.03,1.536,0.502,0.22,-1.58,319.36,0.01,0.0,0.0,0.07,99695,1507,3,0.21,0.08,0.0,-0.01,49,-16,-84,0,1.5,-0.1,0.0084,0.0099,19.04,19.1,11.93
235.975,flow_only,72.0,52.1375239,21.1605536,83.39,52.1375861,21.1604974,30,0.47,2.217,255,0.0,1.0032,-0.0303,-0.0124,1.543,0.499,0.14,-1.82,319.36,0.01,0.0,0.0,0.07,99695,1507,3,0.21,0.08,0.0,-0.01,49,14,1170,0,1.51,-0.11,0.0032,0.0052,17.43,18.65,11.78
236.075,flow_only,72.101,52.1375248,21.1605523,83.39,52.1375861,21.1604974,30,0.47,2.217,255,0.0,2.0065,-0.0045,-0.0449,1.54,0.496,-0.05,-1.9,319.4,0.01,0.0,0.0,0.06,99695,1507,3,0.21,0.08,0.0,-0.01,49,-109,-209,0,1.5,-0.12,0.0122,0.0177,18.13,18.19,10.61
236.175,flow_only,72.2,52.1375258,21.160551,83.38,52.1375891,21.1604934,30,0.47,2.157,255,0.0,0.836,-0.0118,-0.1086,1.56,0.489,0.06,-2.33,319.39,0.01,0.0,0.02,0.07,99695,1507,3,0.21,0.08,0.0,-0.01,49,-177,27,0,1.49,-0.14,0.0117,0.0208,18.81,19.37,11.51
236.275,flow_only,72.301,52.137527,21.1605495,83.38,52.1375891,21.1604934,30,0.47,2.157,255,0.0,1.0034,0.0005,0.0125,1.54,0.481,-0.04,-2.57,319.38,0.01,0.0,0.02,0.03,99695,1507,3,0.21,0.08,0.0,-0.01,49,74,-13,0,1.48,-0.14,0.0383,0.0482,18.53,17.82,11.27
236.375,flow_only,72.4,52.137528,21.160548,83.37,52.137592,21.1604893,30,0.47,2.207,255,0.0,1.1704,0.0328,0.0088,1.478,0.475,0.02,-2.48,319.42,0.01,0.0,0.01,0.06,99695,1507,3,0.21,0.08,0.0,-0.01,49,30,1100,0,1.49,-0.13,0.016,0.021,19.04,21.06,11.87
236.475,flow_only,72.5,52.1375291,21.1605466,83.37,52.137592,21.1604893,30,0.47,2.207,255,0.0,1.1704,0.0023,0.0302,1.416,0.471,0.12,-2.33,319.47,0.01,0.0,0.0,0.06,99695,1507,3,0.21,0.08,0.0,-0.01,49,-8,916,0,1.49,-0.09,0.0099,0.0133,19.18,20.97,10.84
236.575,flow_only,72.6,52.1375301,21.1605452,83.36,52.1375951,21.1604853,30,0.47,2.334,255,0.0,2.1735,0.0311,0.0239,1.47,0.469,0.26,-2.11,319.54,0.01,0.0,0.0,0.05,99695,1507,3,0.21,0.08,0.0,-0.01,49,17,56,0,1.49,-0.02,0.0077,0.0102,20.8,19.44,9.83
236.675,flow_only,72.7,52.1375312,21.1605438,83.36,52.1375951,21.1604853,30,0.47,2.334,255,0.0,2.0063,-0.0445,0.0015,1.502,0.47,0.1,-2.23,319.56,0.01,0.0,0.0,0.07,99695,1507,3,0.21,0.08,0.0,-0.01,49,47,-188,0,1.49,-0.02,0.007,0.0079,19.98,19.19,11.57
236.775,flow_only,72.8,52.1375322,21.1605425,83.37,52.1375982,21.1604811,30,0.47,2.185,255,0.0,1.0031,-0.0101,-0.0046,1.532,0.472,-0.07,-2.13,319.55,0.01,0.0,0.0,0.08,99695,1507,3,0.21,0.08,0.0,-0.01,49,74,74,0,1.5,-0.09,0.0109,0.0124,19.6,18.41,12.0
236.875,flow_only,72.901,52.1375332,21.1605411,83.37,52.1376012,21.1604771,30,0.47,2.24,255,0.0,0.8362,-0.0109,-0.0611,1.528,0.478,0.06,-2.4,319.48,0.01,0.0,0.04,0.07,99695,1507,3,0.2,0.08,0.0,-0.01,49,-131,-28,0,1.52,-0.09,0.0047,0.0139,17.71,21.27,13.48
236.975,flow_only,73.0,52.1375343,21.1605397,83.38,52.1376012,21.1604771,30,0.47,2.24,255,0.0,1.0031,-0.0181,0.0283,1.542,0.487,-0.14,-2.36,319.44,0.01,0.0,0.02,0.06,99695,1507,3,0.2,0.08,0.0,-0.01,49,85,24,0,1.53,-0.08,0.0076,0.0176,16.93,20.89,13.13
237.075,flow_only,73.1,52.1375353,21.1605384,83.39,52.1376012,21.1604771,30,0.47,2.24,255,0.0,0.8359,0.0115,-0.0616,1.577,0.493,-0.01,-2.56,319.37,0.01,0.0,0.01,0.05,99695,1507,3,0.2,0.08,0.0,-0.01,49,-143,115,0,1.53,-0.08,0.0159,0.0185,18.28,20.38,11.68
237.175,flow_only,73.2,52.1375364,21.1605371,83.39,52.1376043,21.1604731,30,0.47,2.265,255,-0.3344,2.0065,-0.0535,0.0315,1.586,0.495,-0.2,-2.57,319.3,0.01,0.0,0.0,0.07,99695,1507,3,0.2,0.08,0.0,-0.01,49,-98,851,0,1.53,-0.13,0.0168,0.0208,18.69,19.04,11.25
237.275,flow_only,73.3,52.1375376,21.1605357,83.39,52.1376043,21.1604731,30,0.47,2.265,255,-0.1672,1.0032,0.0138,0.0129,1.544,0.496,-0.32,-2.42,319.25,0.01,0.0,0.02,0.07,99695,1507,3,0.2,0.08,0.0,-0.01,49,-48,-70,0,1.55,-0.1,0.0191,0.0254,17.39,20.24,12.33
237.375,flow_only,73.4,52.1375387,21.1605345,83.39,52.1376075,21.1604691,30,0.47,2.271,255,-0.1672,1.0031,-0.0821,0.0065,1.562,0.496,-0.6,-2.43,319.2,0.01,0.0,0.01,0.06,99695,1507,3,0.2,0.08,0.0,-0.01,49,-72,-10,0,1.54,-0.09,0.0208,0.0274,20.11,20.06,10.98
237.475,flow_only,73.5,52.1375398,21.1605332,83.39,52.1376075,21.1604691,30,0.47,2.271,255,-0.1672,2.1735,-0.0226,0.0279,1.512,0.492,-0.85,-2.12,319.26,0.01,0.0,0.01,0.07,99695,1507,3,0.2,0.08,0.0,-0.01,49,142,-101,0,1.53,-0.09,0.0073,0.0156,18.06,22.26,12.2
237.575,flow_only,73.6,52.1375409,21.1605319,83.38,52.1376106,21.1604651,30,0.47,2.243,255,0.0,1.0031,-0.0381,-0.0106,1.572,0.486,-0.97,-2.17,319.36,0.01,0.0,0.0,0.05,99695,1507,3,0.2,0.08,0.0,-0.01,49,74,-156,0,1.53,-0.07,0.0154,0.0218,18.68,21.02,11.32
237.675,flow_only,73.701,52.1375419,21.1605307,83.38,52.1376106,21.1604651,30,0.47,2.243,255,0.0,1.0028,0.0018,-0.0006,1.55,0.484,-1.23,-2.14,319.53,0.01,0.0,0.03,0.05,99695,1507,3,0.2,0.08,0.0,-0.01,49,-231,984,0,1.54,-0.07,0.0116,0.0196,17.77,20.17,11.86
237.775,flow_only,73.8,52.1375429,21.1605294,83.38,52.1376137,21.1604609,30,0.47,2.305,255,0.0,1.0032,0.0192,-0.0683,1.536,0.481,-1.0,-2.38,319.71,0.01,0.0,0.02,0.05,99695,1507,3,0.2,0.08,0.0,-0.01,49,-35,205,0,1.53,-0.1,0.0119,0.0139,18.7,19.16,12.37
237.875,flow_only,73.901,52.137544,21.160528,83.37,52.137617,21.1604567,30,0.47,2.395,255,0.0,1.0032,0.038,-0.0011,1.572,0.477,-0.91,-2.48,319.89,0.01,0.0,0.0,0.07,99695,1507,3,0.2,0.08,0.0,-0.01,49,31,1034,0,1.53,-0.1,0.0098,0.0107,17.93,20.32,11.72
237.975,flow_only,74.0,52.137545,21.1605266,83.37,52.137617,21.1604567,30,0.47,2.395,255,0.0,2.0063,-0.0064,-0.0164,1.526,0.475,-0.86,-2.69,320.02,0.01,0.0,0.02,0.02,99695,1507,3,0.2,0.08,0.0,-0.01,49,-13,1162,0,1.55,-0.11,0.0075,0.0106,17.82,21.3,11.1
238.075,flow_only,74.101,52.137546,21.1605253,83.37,52.1376202,21.1604524,30,0.47,2.313,255,0.0,2.1733,-0.0091,0.029,1.516,0.475,-0.84,-2.52,320.12,0.01,0.0,0.0,0.07,99695,1507,3,0.21,0.08,0.0,-0.01,49,10,-11,0,1.54,-0.09,0.0015,0.0046,17.81,21.37,11.13
238.175,flow_only,74.201,52.137547,21.1605239,83.37,52.1376202,21.1604524,30,0.47,2.313,255,0.0,1.1703,0.003,-0.0395,1.514,0.474,-0.79,-2.54,320.2,0.01,0.0,0.0,0.03,99695,1507,3,0.21,0.08,0.0,-0.01,49,3,-41,0,1.55,-0.05,0.0012,0.0044,20.15,20.2,10.93
238.275,flow_only,74.301,52.1375481,21.1605225,83.37,52.1376202,21.1604524,30,0.47,2.313,255,0.0,1.1708,0.0153,0.0305,1.492,0.473,-0.82,-2.64,320.23,0.01,0.0,0.0,0.05,99695,1507,3,0.21,0.08,0.0,-0.01,49,1,214,0,1.54,-0.05,0.0165,0.0204,18.33,21.27,11.71
238.375,flow_only,74.401,52.1375492,21.1605211,83.37,52.1376233,21.1604481,30,0.47,2.277,255,0.0,1.1707,0.0109,-0.0131,1.502,0.474,-0.71,-2.61,320.19,0.01,0.0,0.02,0.07,99695,1507,3,0.21,0.09,0.0,-0.01,49,-38,1296,0,1.55,-0.03,0.0115,0.0163,19.09,19.91,11.99
238.475,flow_only,74.501,52.1375502,21.1605196,83.37,52.1376233,21.1604481,30,0.47,2.277,255,0.0,1.1705,-0.0223,0.0614,1.516,0.477,-0.75,-2.36,320.09,0.01,0.0,0.0,0.05,99695,1507,3,0.21,0.09,0.0,-0.01,49,-18,-80,0,1.55,-0.03,0.0137,0.0186,19.04,19.02,12.97
238.575,flow_only,74.601,52.1375514,21.1605181,83.38,52.1376265,21.1604437,30,0.47,2.377,255,0.0,2.1739,0.0147,0.0145,1.492,0.481,-0.69,-2.23,320.01,0.01,0.0,0.02,0.08,99695,1507,3,0.21,0.08,0.0,-0.01,49,-9,107,0,1.56,-0.01,0.0222,0.0325,17.14,21.53,13.68
238.675,flow_only,74.701,52.1375525,21.1605165,83.38,52.1376265,21.1604437,30,0.47,2.377,255,0.0,1.0034,0.0051,0.0316,1.504,0.482,-0.7,-2.11,319.93,0.01,0.0,0.03,0.06,99695,1507,3,0.21,0.08,0.0,-0.01,49,2,99,0,1.55,-0.03,0.024,0.0342,18.42,22.36,13.11
238.775,flow_only,74.8,52.1375536,21.160515,83.38,52.1376297,21.1604391,29,0.47,2.375,255,0.0,1.3375,-0.0018,0.0632,1.48,0.481,-0.65,-1.82,319.82,0.01,0.0,0.0,0.04,99695,1507,3,0.21,0.08,0.0,-0.01,49,-23,52,0,1.55,-0.03,0.0166,0.0244,17.88,21.64,12.55
238.875,flow_only,74.901,52.1375547,21.1605135,83.38,52.137633,21.1604345,30,0.47,2.3,255,0.0,2.3409,-0.0077,0.0247,1.494,0.484,-0.71,-1.73,319.74,0.01,0.0,0.02,0.05,99695,1507,3,0.21,0.08,0.0,-0.01,49,2,1470,0,1.56,-0.01,0.0088,0.013,18.94,20.39,11.1
238.975,flow_only,75.0,52.1375557,21.1605119,83.38,52.137633,21.1604345,30,0.47,2.3,255,0.0,1.1707,0.0343,0.0111,1.468,0.488,-0.63,-1.54,319.7,0.01,0.0,0.01,0.05,99695,1507,3,0.21,0.08,0.0,-0.01,49,-24,103,0,1.56,0.0,0.0195,0.0284,19.7,20.02,11.06
239.075,flow_only,75.101,52.1375568,21.1605103,83.39,52.1376362,21.1604299,30,0.47,2.398,255,0.0,1.1705,0.0115,0.0112,1.488,0.494,-0.45,-1.51,319.67,0.01,0.0,0.02,0.05,99695,1507,3,0.21,0.08,0.0,-0.01,49,271,1303,0,1.57,0.0,0.0209,0.0302,19.37,21.41,12.2
239.175,flow_only,75.2,52.1375578,21.1605088,83.39,52.1376362,21.1604299,30,0.47,2.398,255,0.0,2.1735,0.0264,-0.0304,1.512,0.496,-0.32,-1.58,319.6,0.01,0.0,0.02,0.07,99695,1507,3,0.21,0.08,0.0,-0.01,49,-35,1476,0,1.56,0.0,0.0106,0.0159,18.76,22.32,12.25
239.275,flow_only,75.3,52.1375589,21.1605072,83.4,52.1376362,21.1604299,30,0.47,2.398,255,0.1672,1.1701,0.0321,0.0467,1.52,0.503,-0.24,-1.53,319.56,0.01,0.0,0.04,0.04,99695,1507,3,0.21,0.08,0.0,-0.01,49,-44,3,0,1.58,0.0,0.0161,0.0257,17.55,22.48,12.56
239.375,flow_only,75.4,52.1375599,21.1605056,83.41,52.1376394,21.1604252,30,0.47,2.31,255,0.1672,1.1704,0.0339,-0.0036,1.518,0.515,-0.06,-1.47,319.52,0.01,0.0,0.05,0.07,99695,1507,3,0.21,0.08,0.0,-0.01,49,-54,151,0,1.61,0.0,0.0227,0.0404,17.74,21.35,12.62
239.475,flow_only,75.5,52.137561,21.160504,83.42,52.1376394,21.1604252,30,0.47,2.31,255,0.0,2.1743,-0.0254,0.0109,1.488,0.525,-0.09,-1.44,319.55,0.01,0.0,0.0,0.04,99695,1507,3,0.21,0.08,0.0,-0.01,49,-29,10,0,1.61,0.01,0.0159,0.0272,18.35,19.26,11.01
239.575,flow_only,75.6,52.1375621,21.1605024,83.43,52.1376427,21.1604206,30,0.47,2.352,255,0.0,1.0028,-0.0259,0.0033,1.462,0.533,-0.15,-1.42,319.55,0.01,0.0,0.0,0.09,99695,1507,3,0.21,0.08,0.0,-0.01,49,-33,1188,0,1.61,0.01,0.0207,0.0321,19.1,19.99,10.64
239.675,flow_only,75.7,52.1375632,21.1605009,83.43,52.1376427,21.1604206,30,0.47,2.352,255,-0.1672,1.1703,0.0117,0.0472,1.512,0.537,-0.24,-1.21,319.53,0.01,0.0,0.01,0.05,99695,1507,3,0.21,0.08,0.0,-0.01,49,35,145,0,1.6,0.03,0.0254,0.0379,18.28,22.07,12.6
239.775,flow_only,75.801,52.1375643,21.1604993,83.43,52.1376459,21.160416,30,0.47,2.276,255,0.0,1.1703,-0.0182,0.0343,1.502,0.539,-0.31,-1.08,319.51,0.01,0.0,0.0,0.03,99695,1507,3,0.21,0.08,0.0,-0.01,49,21,5,0,1.61,0.03,0.025,0.0363,18.4,21.42,11.35
239.875,flow_only,75.9,52.1375654,21.1604978,83.44,52.1376459,21.160416,30,0.47,2.276,255,0.0,1.1708,-0.0221,-0.0072,1.5,0.542,-0.32,-0.91,319.44,0.01,0.0,0.01,0.08,99695,1507,3,0.21,0.08,0.0,-0.01,49,-2,158,0,1.61,0.02,0.028,0.0415,18.51,20.66,11.91
239.975,flow_only,76.0,52.1375666,21.1604962,83.44,52.1376491,21.1604117,30,0.47,2.225,255,0.0,2.1735,-0.0211,0.0538,1.486,0.54,-0.47,-0.79,319.41,0.01,0.0,0.02,0.03,99695,1507,3,0.21,0.08,0.0,-0.01,49,38,176,0,1.6,0.01,0.0337,0.0512,17.54,18.74,12.56
240.075,flow_only,76.101,52.1375677,21.1604946,83.43,52.1376491,21.1604117,30,0.47,2.225,255,0.0,1.0032,0.0102,0.0054,1.474,0.537,-0.43,-0.73,319.37,0.01,0.0,0.0,0.06,99695,1507,3,0.21,0.08,0.0,-0.01,49,23,146,0,1.59,0.02,0.0308,0.0484,17.86,19.5,11.78
240.175,flow_only,76.201,52.1375688,21.160493,83.43,52.1376521,21.1604074,30,0.47,2.189,255,0.0,1.0031,0.0056,-0.0098,1.492,0.535,-0.41,-0.69,319.3,0.01,0.0,0.0,0.04,99695,1507,3,0.21,0.08,0.0,-0.01,49,-6,14,0,1.59,0.03,0.0194,0.0325,19.24,17.44,11.38
240.275,flow_only,76.3,52.1375699,21.1604914,83.43,52.1376521,21.1604074,30,0.47,2.189,255,0.0,2.0063,0.0399,0.0507,1.514,0.535,-0.28,-0.52,319.21,0.01,0.0,0.0,0.05,99695,1507,3,0.21,0.08,0.0,-0.01,49,0,1033,0,1.59,0.03,0.0217,0.0352,17.69,20.42,12.04
240.375,flow_only,76.4,52.1375709,21.1604899,83.43,52.1376551,21.1604031,30,0.47,2.186,255,0.0,1.1703,0.0114,-0.0014,1.396,0.533,-0.15,-0.56,319.1,0.01,0.0,0.02,0.05,99695,1507,3,0.21,0.08,0.0,-0.01,49,-19,1230,0,1.58,0.02,0.0124,0.0235,19.1,21.01,11.68
240.475,flow_only,76.501,52.137572,21.1604885,83.42,52.1376551,21.1604031,30,0.47,2.186,255,0.0,0.836,0.0134,-0.0137,1.448,0.528,-0.03,-0.47,319.03,0.01,0.0,0.01,0.05,99695,1507,3,0.21,0.08,0.0,-0.01,49,-5,-150,0,1.57,0.03,0.0047,0.018,17.92,20.86,11.93
240.575,flow_only,76.6,52.1375729,21.1604871,83.42,52.1376581,21.1603989,30,0.47,2.131,255,0.0,1.0036,0.0053,-0.015,1.458,0.527,0.03,-0.52,319.01,0.01,0.0,0.02,0.07,99695,1507,3,0.21,0.08,0.0,-0.01,49,0,-64,0,1.58,0.07,0.0116,0.0167,18.87,18.93,11.85
240.675,flow_only,76.7,52.1375739,21.1604858,83.43,52.1376581,21.1603989,30,0.47,2.131,255,0.0,0.8358,0.0024,-0.0521,1.49,0.533,-0.04,-0.91,319.02,0.01,0.0,0.03,0.05,99695,1507,3,0.21,0.08,0.0,-0.01,49,24,21,0,1.59,0.05,0.0061,0.0104,17.85,21.36,12.37
240.775,flow_only,76.801,52.1375748,21.1604844,83.43,52.1376609,21.1603948,30,0.47,2.12,255,0.0,1.0028,-0.001,-0.1119,1.496,0.538,0.05,-1.36,319.08,0.01,0.0,0.01,0.06,99695,1507,3,0.21,0.08,0.0,-0.01,49,-37,1043,0,1.59,0.03,0.0041,0.0084,18.95,22.45,11.84
240.875,flow_only,76.901,52.1375757,21.1604831,83.44,52.1376638,21.1603908,30,0.47,2.125,255,0.0,1.8394,0.0047,-0.0372,1.48,0.544,-0.0,-1.73,319.18,0.01,0.0,0.0,0.06,99695,1507,3,0.21,0.08,0.0,-0.01,49,7,19,0,1.6,0.03,0.013,0.0185,17.28,20.68,12.55
240.975,flow_only,77.0,52.1375766,21.1604817,83.44,52.1376638,21.1603908,30,0.47,2.125,255,0.0,1.0031,0.0409,-0.0248,1.498,0.548,0.07,-1.98,319.32,0.01,0.0,0.0,0.04,99695,1507,3,0.21,0.08,0.0,-0.01,49,-164,35,0,1.6,0.02,0.0039,0.0048,19.01,19.26,11.27
241.075,flow_only,77.101,52.1375775,21.1604804,83.45,52.1376667,21.1603869,30,0.47,2.005,255,0.0,0.8359,0.0434,-0.0185,1.5,0.552,0.35,-2.08,319.47,0.01,0.0,0.0,0.07,99695,1507,3,0.21,0.08,0.0,-0.01,49,-40,1146,0,1.6,0.02,0.0037,0.0051,19.02,20.15,11.02
241.175,flow_only,77.2,52.1375785,21.1604791,83.45,52.1376667,21.1603869,30,0.47,2.005,255,0.0,1.0032,-0.0167,0.0172,1.494,0.554,0.33,-2.08,319.62,0.01,0.0,0.0,0.03,99695,1507,3,0.21,0.08,0.0,-0.01,49,14,-14,0,1.6,0.02,0.0054,0.0071,16.66,21.52,12.02
241.275,flow_only,77.3,52.1375795,21.1604777,83.45,52.1376667,21.1603869,30,0.47,2.005,255,0.0,0.8359,-0.018,-0.0578,1.5,0.552,0.31,-2.16,319.74,0.01,0.0,0.02,0.06,99695,1507,3,0.21,0.08,0.0,-0.01,49,-1,111,0,1.59,0.01,0.0086,0.0183,19.55,21.32,11.71
241.375,flow_only,77.4,52.1375804,21.1604764,83.45,52.1376695,21.1603832,30,0.47,2.024,255,0.0,1.8394,0.0034,0.0204,1.502,0.551,0.15,-2.19,319.87,0.01,0.0,0.01,0.06,99695,1507,3,0.21,0.08,0.0,-0.01,49,65,-25,0,1.6,0.01,0.0091,0.0154,19.06,20.26,10.79
241.475,flow_only,77.501,52.1375814,21.160475,83.45,52.1376695,21.1603832,30,0.47,2.024,255,0.0,1.0028,0.0001,-0.0144,1.472,0.552,0.2,-2.28,319.95,0.01,0.0,0.01,0.05,99695,1507,3,0.21,0.08,0.0,-0.01,49,1,1127,0,1.6,0.02,0.0072,0.0122,18.75,19.09,11.62
241.575,flow_only,77.6,52.1375823,21.1604737,83.45,52.1376723,21.1603795,30,0.47,2.016,255,0.0,1.0031,0.0029,0.0061,1.44,0.551,0.07,-2.26,320.08,0.01,0.0,0.01,0.06,99695,1507,3,0.21,0.08,0.0,-0.01,49,57,947,0,1.59,0.03,0.0089,0.0164,18.63,21.84,13.76
241.675,flow_only,77.701,52.1375833,21.1604723,83.45,52.1376723,21.1603795,30,0.47,2.016,255,0.0,2.0061,-0.0289,-0.0049,1.444,0.554,0.07,-2.25,320.19,0.01,0.0,0.04,0.05,99695,1507,3,0.21,0.08,0.0,-0.01,49,9,115,0,1.61,0.07,0.0124,0.0197,19.68,22.44,12.42
241.775,flow_only,77.8,52.1375843,21.1604708,83.45,52.1376751,21.1603759,30,0.47,2.068,255,0.0,0.836,0.0194,0.0159,1.444,0.56,0.05,-2.13,320.31,0.01,0.0,0.01,0.05,99695,1507,3,0.21,0.08,0.0,-0.01,49,-162,70,0,1.61,0.08,0.0104,0.0131,20.74,22.5,12.34
241.875,flow_only,77.901,52.1375853,21.1604694,83.46,52.1376751,21.1603759,30,0.47,2.068,255,-0.1672,1.0032,-0.0099,0.054,1.454,0.565,-0.01,-2.02,320.42,0.01,0.0,0.0,0.07,99695,1507,3,0.21,0.08,0.0,-0.01,49,47,-93,0,1.61,0.08,0.0039,0.0066,20.12,20.65,10.31
241.975,flow_only,78.0,52.1375863,21.1604681,83.46,52.1376779,21.1603723,30,0.47,1.981,255,0.0,1.6719,0.0107,-0.0049,1.448,0.57,0.04,-1.9,320.43,0.01,0.0,0.0,0.08,99695,1507,3,0.21,0.08,0.0,-0.01,49,31,43,0,1.61,0.07,0.0023,0.0044,20.46,20.8,11.31
242.075,flow_only,78.101,52.1375874,21.1604667,83.47,52.1376807,21.1603688,30,0.47,2.019,255,0.0,0.836,-0.0332,0.0206,1.442,0.577,-0.15,-1.87,320.42,0.01,0.0,0.03,0.04,99695,1507,3,0.21,0.08,0.0,-0.01,49,26,110,0,1.62,0.09,0.0081,0.0133,18.58,18.93,11.6
242.175,flow_only,78.201,52.1375884,21.1604654,83.48,52.1376807,21.1603688,30,0.47,2.019,255,0.0,0.8359,-0.0043,-0.0349,1.468,0.583,-0.18,-1.98,320.37,0.01,0.0,0.02,0.06,99695,1507,3,0.21,0.08,0.0,-0.01,49,0,87,0,1.62,0.08,0.0016,0.0024,18.23,21.27,12.24
242.275,flow_only,78.3,52.1375895,21.1604639,83.48,52.1376807,21.1603688,30,0.47,2.019,255,-0.1671,1.8386,-0.0072,0.0184,1.484,0.586,-0.24,-1.9,320.4,0.01,0.0,0.0,0.05,99695,1507,3,0.21,0.08,0.0,-0.01,49,52,915,0,1.61,0.06,0.006,0.0099,18.2,20.98,11.48
242.375,flow_only,78.4,52.1375905,21.1604625,83.48,52.1376835,21.1603652,30,0.47,2.035,255,0.0,0.8359,0.0206,0.0164,1.494,0.589,-0.14,-1.85,320.47,0.01,0.0,0.0,0.05,99695,1507,3,0.21,0.08,0.0,-0.01,49,31,-82,0,1.62,0.06,0.006,0.0096,18.17,20.06,12.39
242.475,flow_only,78.5,52.1375916,21.1604611,83.49,52.1376835,21.1603652,30,0.47,2.035,255,0.0,0.8357,0.0665,0.0051,1.505,0.594,0.05,-1.81,320.59,0.01,0.0,0.02,0.05,99695,1507,3,0.21,0.08,0.0,-0.01,49,9,50,0,1.63,0.05,0.0037,0.0071,18.25,22.93,14.0
242.575,flow_only,78.6,52.1375926,21.1604597,83.49,52.1376864,21.1603615,30,0.47,2.054,255,0.0,0.8359,0.0022,0.0228,1.518,0.599,0.12,-1.8,320.67,0.01,0.0,0.0,0.06,99695,1507,3,0.21,0.08,0.0,-0.01,49,-9,-61,0,1.63,0.03,0.0095,0.014,18.81,22.9,12.19
242.675,flow_only,78.701,52.1375935,21.1604584,83.5,52.1376892,21.1603579,30,0.47,1.989,255,0.0,0.8359,-0.0041,-0.0234,1.536,0.602,0.26,-1.73,320.73,0.01,0.0,0.0,0.06,99695,1507,3,0.21,0.08,0.0,-0.01,49,-35,902,0,1.63,0.01,0.0143,0.0226,18.84,22.46,12.08
242.775,flow_only,78.8,52.1375945,21.1604571,83.5,52.1376892,21.1603579,30,0.47,1.989,255,-0.1672,1.8391,0.0123,0.0047,1.488,0.606,0.17,-1.77,320.82,0.01,0.0,0.02,0.07,99695,1507,3,0.21,0.08,0.0,-0.01,49,-111,791,0,1.64,0.01,0.0168,0.0274,19.55,20.23,11.98
242.875,flow_only,78.901,52.1375955,21.1604558,83.51,52.1376921,21.1603542,30,0.47,2.033,255,0.0,1.0032,-0.0501,-0.0242,1.5,0.61,-0.05,-1.93,320.93,0.01,0.0,0.01,0.05,99695,1507,3,0.21,0.08,0.0,-0.01,49,59,-37,0,1.65,0.03,0.0094,0.018,18.88,20.35,11.73
242.975,flow_only,79.0,52.1375965,21.1604546,83.51,52.1376921,21.1603542,30,0.47,2.033,255,0.0,0.8362,-0.0357,-0.0465,1.506,0.613,-0.17,-2.13,321.03,0.01,0.0,0.0,0.06,99695,1507,3,0.21,0.08,0.0,-0.01,49,-89,794,0,1.64,0.07,0.0114,0.0203,19.37,19.66,10.31
243.075,flow_only,79.1,52.1375976,21.1604533,83.51,52.1376921,21.1603542,30,0.47,2.033,255,-0.1672,1.8391,0.002,-0.0036,1.496,0.616,-0.36,-2.19,321.13,0.01,0.0,0.02,0.04,99695,1507,3,0.21,0.08,0.0,-0.01,49,-80,-11,0,1.65,0.06,0.0136,0.0253,18.68,19.03,10.87
243.175,flow_only,79.2,52.1375986,21.1604521,83.51,52.1376949,21.1603506,30,0.47,2.004,255,-0.1672,0.8359,-0.0527,-0.0001,1.482,0.62,-0.57,-2.34,321.16,0.01,0.0,0.0,0.07,99695,1507,3,0.21,0.08,0.0,-0.01,49,38,-48,0,1.65,0.05,0.0121,0.0212,17.85,18.96,12.05
243.275,flow_only,79.3,52.1375996,21.1604508,83.51,52.1376949,21.1603506,30,0.47,2.004,255,0.0,1.0032,-0.0441,-0.0288,1.462,0.619,-0.65,-2.32,321.1,0.01,0.0,0.02,0.05,99695,1507,3,0.21,0.08,0.0,-0.01,49,44,65,0,1.63,0.06,0.0046,0.0135,17.05,19.61,11.5
243.375,flow_only,79.4,52.1376007,21.1604495,83.51,52.1376978,21.160347,30,0.47,2.03,255,0.0,1.0034,0.0098,0.0206,1.46,0.616,-0.77,-2.3,321.0,0.01,0.0,0.0,0.04,99695,1507,3,0.21,0.08,0.0,-0.01,49,-90,-71,0,1.63,0.06,0.0135,0.0236,18.26,18.45,10.98
243.475,flow_only,79.501,52.1376017,21.1604483,83.51,52.1377007,21.1603434,30,0.47,2.027,255,0.0,1.0031,-0.0014,0.0232,1.48,0.616,-0.81,-2.27,320.89,0.01,0.0,0.01,0.05,99695,1507,3,0.21,0.08,0.0,-0.01,49,42,1076,0,1.63,0.07,0.0139,0.0236,18.52,18.52,9.61
243.575,flow_only,79.6,52.1376027,21.1604471,83.51,52.1377007,21.1603434,30,0.47,2.027,255,0.0,0.8359,-0.0232,-0.0267,1.484,0.615,-0.82,-2.25,320.72,0.01,0.0,0.01,0.03,99695,1507,3,0.21,0.08,0.0,-0.01,49,36,68,0,1.62,0.05,0.0127,0.0229,18.5,19.08,10.36
243.675,flow_only,79.701,52.1376037,21.1604458,83.51,52.1377036,21.1603399,30,0.47,2.011,255,0.0,1.8389,-0.004,-0.0024,1.462,0.615,-0.9,-2.23,320.54,0.01,0.0,0.0,0.06,99695,1507,3,0.21,0.08,0.0,-0.01,49,49,-109,0,1.62,0.05,0.0233,0.0363,18.9,19.79,11.32
243.775,flow_only,79.801,52.1376047,21.1604445,83.51,52.1377036,21.1603399,30,0.47,2.011,255,0.0,0.8359,0.0073,-0.012,1.474,0.615,-0.93,-2.37,320.34,0.01,0.0,0.0,0.05,99695,1507,3,0.21,0.08,0.0,-0.01,49,11,123,0,1.62,0.06,0.0093,0.0174,17.26,20.29,11.9
243.876,flow_only,79.901,52.1376057,21.1604431,83.51,52.1377064,21.1603364,30,0.47,1.972,255,0.0,0.8359,0.0247,-0.0386,1.468,0.62,-0.8,-2.55,320.17,0.01,0.0,0.03,0.08,99695,1507,3,0.22,0.08,0.0,-0.01,49,0,927,0,1.63,0.07,0.0036,0.0088,18.15,18.32,11.47
243.976,flow_only,80.001,52.1376067,21.1604416,83.52,52.1377064,21.1603364,30,0.47,1.972,255,0.0,0.8359,0.0291,-0.0008,1.45,0.629,-0.62,-2.54,320.03,0.01,0.0,0.04,0.03,99695,1507,3,0.22,0.08,0.0,-0.01,49,-40,1069,0,1.65,0.09,0.0055,0.015,18.59,19.73,11.08
244.075,flow_only,80.101,52.1376078,21.1604401,83.53,52.1377093,21.1603328,30,0.47,2.037,255,0.0,1.0031,0.0173,0.0437,1.456,0.637,-0.45,-2.48,319.9,0.01,0.0,0.0,0.05,99695,1507,3,0.22,0.08,0.0,-0.01,49,-36,72,0,1.65,0.1,0.0074,0.0106,18.63,19.38,10.19
244.175,flow_only,80.201,52.1376088,21.1604387,83.54,52.1377093,21.1603328,30,0.47,2.037,255,0.0,2.0063,0.0083,0.0271,1.486,0.643,-0.35,-2.32,319.79,0.01,0.0,0.0,0.06,99695,1507,3,0.22,0.08,0.0,-0.01,49,-4,1022,0,1.65,0.1,0.0063,0.0085,16.85,19.92,12.1
244.275,flow_only,80.301,52.1376099,21.1604372,83.54,52.1377093,21.1603328,30,0.47,2.037,255,0.0,1.0031,0.0256,0.0675,1.504,0.647,-0.35,-2.01,319.81,0.01,0.0,0.01,0.06,99695,1507,3,0.22,0.08,0.0,-0.01,49,3,0,0,1.64,0.06,0.0054,0.0087,16.93,17.92,11.7
244.375,flow_only,80.401,52.137611,21.1604358,83.54,52.1377122,21.1603291,30,0.47,2.054,255,0.0,1.0031,-0.0216,0.0025,1.49,0.647,-0.33,-1.89,319.81,0.01,0.0,0.01,0.04,99695,1507,3,0.22,0.08,0.0,-0.01,49,-46,-10,0,1.63,0.05,0.0074,0.0148,17.57,19.67,10.96
244.475,flow_only,80.501,52.137612,21.1604344,83.54,52.137715,21.1603254,30,0.47,1.984,255,0.0,2.1735,0.0022,-0.0017,1.47,0.643,-0.38,-1.75,319.85,0.01,0.0,0.03,0.08,99695,1507,3,0.22,0.08,0.0,-0.01,49,9,-3,0,1.62,0.04,0.0069,0.0218,17.43,20.98,11.05
244.575,flow_only,80.6,52.137613,21.160433,83.53,52.137715,21.1603254,30,0.47,1.984,255,0.0,1.0031,-0.019,0.0194,1.46,0.638,-0.43,-1.82,319.88,0.01,0.0,0.0,0.06,99695,1507,3,0.22,0.08,0.0,-0.01,49,7,-81,0,1.62,0.05,0.0217,0.0362,17.21,20.63,11.21
244.675,flow_only,80.701,52.137614,21.1604317,83.53,52.1377177,21.1603218,30,0.47,1.969,255,-0.1672,1.0034,0.0222,-0.0391,1.474,0.633,-0.43,-1.76,319.89,0.01,0.0,0.02,0.07,99695,1507,3,0.22,0.08,0.0,-0.01,49,8,1007,0,1.61,0.05,0.0155,0.0307,18.21,19.86,9.85
244.775,flow_only,80.8,52.137615,21.1604303,83.52,52.1377177,21.1603218,30,0.47,1.969,255,0.0,0.8359,-0.0296,-0.0276,1.462,0.629,-0.47,-2.0,319.86,0.01,0.0,0.0,0.05,99695,1507,3,0.22,0.08,0.0,-0.01,49,9,-64,0,1.61,0.05,0.015,0.0271,19.23,18.06,10.55
244.875,flow_only,80.901,52.1376161,21.1604288,83.52,52.1377205,21.1603181,30,0.47,2.013,255,0.0,0.8362,0.0337,-0.0073,1.506,0.63,-0.44,-2.07,319.87,0.01,0.0,0.01,0.07,99695,1507,3,0.22,0.08,0.0,-0.01,49,-16,-143,0,1.62,0.06,0.0292,0.0395,18.49,19.07,11.69
244.975,flow_only,81.0,52.1376174,21.1604271,83.52,52.1377205,21.1603181,30,0.47,2.013,255,0.0,1.1707,-0.0175,0.1036,1.512,0.627,-0.52,-1.89,319.9,0.01,0.0,0.03,0.04,99695,1507,3,0.22,0.08,0.0,-0.01,49,44,-247,0,1.6,0.01,0.0449,0.0669,17.39,22.75,14.13
245.075,flow_only,81.101,52.1376186,21.1604254,83.52,52.1377233,21.1603144,30,0.47,1.982,255,0.0,3.0103,0.017,0.216,1.276,0.62,-0.38,-0.82,319.95,0.01,0.0,0.04,0.04,99695,1507,3,0.22,0.08,0.0,-0.01,49,5,-30,0,1.59,0.0,0.0267,0.0477,19.43,21.27,12.45
245.175,flow_only,81.201,52.1376198,21.1604236,83.52,52.1377233,21.1603144,30,0.47,1.982,255,0.0,3.0094,0.0353,0.2334,0.43,0.621,-0.23,0.58,320.0,0.01,0.0,0.05,0.02,99695,1507,3,0.22,0.08,0.0,-0.01,49,-194,741,0,1.61,0.25,0.0643,0.0969,19.33,19.01,11.87
245.275,flow_only,81.301,52.137621,21.1604218,83.52,52.1377233,21.1603144,30,0.47,1.982,255,0.0,3.3438,0.0127,0.3007,0.534,0.627,-0.11,1.89,320.0,0.01,0.0,0.0,0.04,99695,1507,3,0.22,0.08,0.0,-0.01,49,-43,2279,0,1.6,0.49,0.0404,0.0655,18.32,21.11,11.85
245.375,flow_only,81.4,52.1376222,21.1604202,83.53,52.137726,21.1603108,30,0.47,1.962,255,0.0,1.5051,-0.0064,0.244,1.222,0.639,-0.05,3.45,319.89,0.01,0.0,0.03,0.06,99695,1507,3,0.22,0.08,0.0,-0.01,49,-178,2039,0,1.58,0.93,0.0263,0.0453,18.99,21.42,11.89
245.475,flow_only,81.501,52.1376235,21.1604184,83.56,52.1377286,21.1603073,30,0.47,1.731,255,-0.1672,1.0034,-0.0305,0.1927,1.39,0.662,-0.18,4.74,319.69,0.01,0.0,0.04,0.02,99695,1507,3,0.22,0.08,0.0,-0.01,49,24,65,0,1.57,0.68,0.0558,0.0874,20.78,22.79,13.5
245.575,flow_only,81.6,52.1376246,21.1604169,83.58,52.1377286,21.1603073,30,0.47,1.731,255,-0.1673,2.0072,-0.035,0.1797,1.404,0.688,-0.31,5.72,319.43,0.01,0.0,0.01,0.06,99695,1507,3,0.22,0.08,0.0,-0.01,49,-305,-96,0,1.56,0.11,0.0249,0.035,23.54,25.09,14.59
245.675,flow_only,81.701,52.1376255,21.1604158,83.61,52.1377309,21.1603043,30,0.47,1.512,255,-0.1672,0.8362,0.0083,0.084,1.452,0.717,-0.31,6.46,319.24,0.01,0.0,0.01,0.04,99695,1507,3,0.23,0.08,0.0,-0.01,49,33,-150,0,1.57,0.11,0.0218,0.0289,24.37,23.87,14.36
245.775,flow_only,81.8,52.1376263,21.1604149,83.64,52.1377309,21.1603043,30,0.47,1.512,255,0.0,0.6688,-0.0545,0.0565,1.506,0.748,-0.54,6.76,319.14,0.01,0.0,0.01,0.03,99695,1507,3,0.23,0.08,0.0,-0.01,49,66,-95,0,1.6,0.09,0.0291,0.0391,19.89,22.65,13.87
245.875,flow_only,81.901,52.137627,21.1604141,83.68,52.1377327,21.1603018,30,0.47,1.188,255,-0.1672,1.0031,-0.0549,-0.0008,1.53,0.783,-0.68,6.91,319.13,0.01,0.0,0.04,0.03,99695,1507,3,0.23,0.08,0.0,-0.01,49,-109,547,0,1.67,0.09,0.0217,0.0365,18.34,20.91,11.98
245.975,flow_only,82.0,52.1376276,21.1604133,83.71,52.1377327,21.1603018,30,0.47,1.188,255,0.0,0.5016,-0.0112,0.0157,1.552,0.815,-0.83,6.99,319.19,0.01,0.0,0.02,0.03,99695,1507,3,0.23,0.08,0.0,-0.01,49,91,-256,0,1.68,0.1,0.0112,0.0153,17.64,20.42,10.31
246.075,flow_only,82.101,52.137628,21.1604127,83.73,52.1377342,21.1602998,30,0.47,0.968,255,0.0,0.3345,0.0123,0.0851,1.604,0.832,-0.86,7.31,319.29,0.01,0.0,0.01,0.03,99695,1507,3,0.23,0.08,0.0,-0.01,49,22,4,0,1.7,0.1,0.0151,0.0234,15.88,18.19,8.6
246.175,flow_only,82.2,52.1376284,21.1604122,83.74,52.1377342,21.1602998,30,0.47,0.968,255,0.0,0.5019,0.0108,-0.0022,1.632,0.842,-0.75,7.42,319.4,0.01,0.0,0.01,0.04,99695,1507,3,0.23,0.08,0.0,-0.01,49,-31,381,0,1.73,0.07,0.0086,0.0167,16.79,19.18,8.98
246.275,flow_only,82.3,52.1376287,21.1604116,83.74,52.1377342,21.1602998,30,0.47,0.968,255,0.0,0.1672,0.0071,-0.0584,1.654,0.848,-0.6,7.25,319.46,0.01,0.0,0.02,0.03,99695,1507,3,0.23,0.08,0.0,-0.01,49,-38,198,0,1.76,0.08,0.0127,0.0257,17.02,17.76,7.97
246.375,flow_only,82.4,52.137629,21.160411,83.75,52.1377353,21.1602982,30,0.47,0.62,255,0.0,0.3344,0.0456,-0.0556,1.638,0.851,-0.45,6.92,319.52,0.01,0.0,0.0,0.04,99695,1507,3,0.23,0.08,0.0,-0.01,49,169,-32,0,1.76,0.05,0.0185,0.0334,14.38,19.86,9.2
246.475,flow_only,82.501,52.1376292,21.1604105,83.75,52.1377359,21.1602972,30,0.47,0.364,255,0.0,0.0,0.0181,-0.1133,1.626,0.852,-0.33,6.39,319.54,0.01,0.0,0.03,0.03,99695,1507,3,0.23,0.08,0.0,-0.01,49,-49,63,0,1.77,0.07,0.021,0.0436,15.61,18.13,8.4
246.575,flow_only,82.6,52.1376293,21.1604101,83.74,52.1377359,21.1602972,30,0.47,0.364,255,0.0,0.0,0.0549,-0.0791,1.61,0.847,-0.09,5.8,319.53,0.01,0.0,0.06,0.03,99695,1507,3,0.23,0.08,0.0,-0.01,49,117,2,0,1.74,0.05,0.014,0.0282,15.08,15.64,8.2
246.675,flow_only,82.701,52.1376294,21.1604098,83.73,52.1377362,21.1602966,30,0.47,0.137,255,0.0,0.0,0.0291,-0.1406,1.59,0.836,0.11,5.06,319.54,0.01,0.0,0.01,0.03,99695,1507,3,0.23,0.08,0.0,-0.01,49,121,87,0,1.73,0.06,0.0132,0.027,15.39,16.62,7.98
246.775,flow_only,82.801,52.1376293,21.1604096,83.72,52.1377362,21.1602966,30,0.47,0.137,255,0.0,0.0,0.0441,-0.1169,1.568,0.827,0.34,4.4,319.53,0.01,0.0,0.01,0.07,99695,1507,3,0.23,0.08,0.0,-0.01,49,-68,103,0,1.73,0.07,0.0102,0.021,15.26,17.05,8.68
246.875,flow_only,82.901,52.1376293,21.1604095,83.71,52.1377362,21.1602964,30,0.47,0.028,255,0.0,-0.3344,0.0039,-0.1367,1.546,0.817,0.39,3.44,319.45,0.01,0.0,0.01,0.04,99695,1507,3,0.23,0.11,0.0,-0.01,49,0,55,0,1.7,0.06,0.0051,0.0111,15.12,16.3,9.09
246.975,flow_only,83.0,52.1376292,21.1604095,83.7,52.1377362,21.1602964,30,0.47,0.028,255,0.1672,-0.5015,0.014,-0.1512,1.52,0.808,0.54,2.73,319.39,0.01,0.0,0.01,0.04,99695,1507,3,0.23,0.11,0.0,-0.01,49,-16,18,0,1.7,0.08,0.0022,0.0058,13.73,16.77,9.46
247.075,flow_only,83.101,52.1376291,21.1604095,83.7,52.137736,21.1602965,30,0.47,0.224,255,0.0,-0.1672,-0.0011,-0.1188,1.508,0.802,0.52,2.04,319.4,0.01,0.0,0.01,0.04,99695,1507,3,0.23,0.09,0.0,-0.01,49,5,78,0,1.69,0.09,0.0023,0.0073,14.36,15.42,8.71
247.175,flow_only,83.2,52.137629,21.1604097,83.69,52.137736,21.1602965,30,0.47,0.224,255,0.0,-0.1673,-0.0218,-0.123,1.476,0.795,0.46,1.24,319.44,0.01,0.0,0.05,0.05,99695,1507,3,0.23,0.09,0.0,-0.01,49,13,136,0,1.66,0.07,0.0114,0.0228,15.13,18.13,8.48
247.275,flow_only,83.301,52.1376288,21.16041,83.68,52.137736,21.1602965,30,0.47,0.224,255,0.0,-0.5016,0.0089,-0.16,1.448,0.789,0.42,0.47,319.49,0.01,0.0,0.04,0.04,99695,1507,3,0.23,0.09,0.0,-0.01,49,179,-242,0,1.67,0.09,0.0335,0.0484,14.61,17.75,8.7
247.375,flow_only,83.4,52.1376285,21.1604102,83.68,52.1377356,21.1602969,30,0.47,0.326,255,0.0,-0.1673,-0.0192,-0.1267,1.434,0.788,0.35,-0.34,319.52,0.01,0.0,0.02,0.05,99695,1507,3,0.23,0.08,0.0,-0.01,49,17,-157,0,1.65,0.12,0.0378,0.0558,14.75,17.45,9.22
247.475,flow_only,83.501,52.1376283,21.1604105,83.68,52.1377351,21.1602975,30,0.47,0.287,255,0.0,-0.1672,0.0211,-0.1051,1.432,0.783,0.39,-1.01,319.52,0.01,0.0,0.02,0.04,99695,1507,3,0.23,0.09,0.0,-0.01,49,-142,133,0,1.63,0.11,0.0163,0.0327,14.02,16.7,8.76
247.575,flow_only,83.6,52.1376281,21.1604109,83.68,52.1377351,21.1602975,30,0.47,0.287,255,0.0,-0.3345,0.0064,-0.0167,1.42,0.783,0.4,-1.32,319.5,0.01,0.0,0.04,0.13,99695,1507,3,0.23,0.09,0.0,-0.01,49,41,-84,0,1.65,0.13,0.0313,0.0489,12.4,14.73,7.73
247.675,flow_only,83.701,52.1376279,21.1604113,83.69,52.1377348,21.1602981,30,0.47,0.308,255,0.0,-0.1672,-0.0532,-0.0541,1.398,0.791,0.27,-1.54,319.44,0.01,0.0,0.01,0.11,99695,999,3,0.23,0.08,0.0,-0.01,49,37,26,0,1.66,0.14,0.032,0.0505,16.62,19.35,8.66
247.775,after,83.801,52.1376278,21.1604116,83.69,52.1377348,21.1602981,30,0.47,0.308,255,0.0,-0.1672,0.0016,-0.0021,1.396,0.799,0.15,-1.53,319.38,0.01,0.0,0.01,0.12,99695,999,3,0.23,0.08,0.0,-0.01,49,-114,-370,0,1.66,0.16,0.049,0.0725,15.93,18.96,8.52
247.875,after,83.9,52.1376276,21.1604119,83.7,52.1377348,21.1602981,30,0.47,0.308,255,-0.1672,-0.3343,-0.0165,0.0073,1.386,0.807,-0.02,-1.62,319.35,0.01,0.0,0.01,0.12,99695,999,3,0.23,0.08,0.0,-0.01,49,77,3,0,1.65,0.16,0.0367,0.0564,13.67,16.93,8.58
247.975,after,84.0,52.1377349,21.160298,83.71,52.1377344,21.1602987,30,0.47,0.258,255,0.0,-0.1672,-0.0192,-0.0559,1.39,0.814,-0.06,-1.75,319.27,0.03,0.0,0.02,0.08,108415,999,3,0.24,0.07,0.07,-0.02,48,29,-48,0,1.53,0.19,0.0326,0.0148,14.94,16.28,8.26
248.075,after,84.101,52.1377349,21.160298,83.72,52.1377342,21.1602993,30,0.47,0.195,255,0.0,0.0,-0.0642,0.2605,1.4,0.821,-0.3,-1.0,319.2,0.03,0.0,0.02,0.05,108415,999,3,0.24,0.07,0.07,-0.02,48,-100,-210,0,1.49,0.05,0.0243,0.0225,14.8,17.25,8.44
248.175,after,84.2,52.1377349,21.1602983,83.72,52.1377342,21.1602993,30,0.47,0.195,255,-0.1672,0.3345,-0.0914,0.4906,1.406,0.825,-0.72,1.38,319.07,0.01,0.0,0.01,0.04,108415,999,3,0.24,0.07,0.02,-0.03,48,-60,-245,0,1.49,0.0,0.0208,0.0331,12.88,17.58,8.3
248.275,after,84.3,52.1377348,21.1602986,83.73,52.1377342,21.1602993,30,0.47,0.195,255,0.0,0.5016,-0.0618,0.6698,1.414,0.831,-1.27,4.93,318.92,0.01,0.0,0.03,0.04,108415,999,3,0.24,0.07,0.02,-0.03,48,-13,-163,0,1.5,0.01,0.0155,0.0257,12.66,15.47,9.07
248.375,after,84.4,52.1377346,21.1602989,83.74,52.1377339,21.1602998,30,0.47,0.303,255,-0.1672,0.6688,-0.0736,0.6871,1.442,0.84,-1.7,8.75,318.68,0.04,0.0,0.0,0.04,108415,999,3,0.24,0.08,0.1,-0.03,48,94,-220,0,1.51,0.02,0.0207,0.0277,14.31,15.56,8.42
248.475,after,84.501,52.1377343,21.1602993,83.74,52.1377334,21.1603005,30,0.47,0.442,255,0.0,0.3344,0.0107,0.411,1.504,0.849,-1.88,12.07,318.42,0.04,0.0,0.0,0.04,108415,999,3,0.24,0.07,0.1,-0.03,48,-127,314,0,1.51,0.03,0.0153,0.0228,14.92,17.62,9.04
248.575,after,84.6,52.1377338,21.1602998,83.75,52.1377334,21.1603005,30,0.47,0.442,255,0.0,-0.3344,-0.022,-0.007,1.51,0.855,-1.95,12.78,318.22,0.04,0.01,0.0,0.01,108415,999,3,0.24,0.07,0.07,-0.06,48,-38,100,0,1.51,-0.01,0.018,0.0308,15.3,15.03,8.78
248.675,after,84.701,52.1377332,21.1603005,83.75,52.1377325,21.1603016,30,0.47,0.769,255,0.1672,-1.0032,0.0347,-0.2896,1.455,0.857,-1.85,11.85,318.04,0.04,0.01,0.03,0.02,108415,999,3,0.24,0.08,0.07,-0.06,48,-67,18,0,1.5,-0.02,0.0133,0.0284,15.83,16.98,9.3
248.775,after,84.8,52.1377324,21.1603014,83.75,52.1377325,21.1603016,30,0.47,0.769,255,0.0,-0.836,0.0019,-0.3469,1.482,0.856,-1.85,9.78,317.88,0.04,0.01,0.01,0.01,108415,999,3,0.24,0.08,0.11,-0.05,48,-31,251,0,1.51,0.0,0.018,0.0333,15.22,17.51,9.2
248.875,after,84.901,52.1377316,21.1603024,83.75,52.137731,21.1603031,30,0.47,1.168,255,0.1672,-1.0032,0.0238,-0.379,1.47,0.854,-1.78,7.65,317.7,0.04,0.01,0.04,0.02,108415,999,3,0.24,0.08,0.11,-0.05,48,74,396,0,1.5,-0.01,0.0132,0.0328,15.7,22.35,10.31
248.975,after,85.0,52.1377306,21.1603034,83.75,52.137731,21.1603031,30,0.47,1.168,255,0.1672,-1.6717,0.0389,-0.3015,1.432,0.851,-1.62,5.79,317.55,0.06,0.01,0.01,0.02,108415,999,3,0.24,0.08,0.16,-0.03,48,47,286,0,1.5,-0.02,0.0207,0.0364,14.83,19.51,10.41
249.075,after,85.101,52.1377295,21.1603045,83.74,52.1377291,21.160305,30,0.47,1.361,255,0.1673,-0.8365,0.0618,-0.2624,1.394,0.846,-1.26,4.17,317.42,0.06,0.01,0.03,0.02,108415,999,3,0.24,0.08,0.16,-0.03,48,-20,480,0,1.49,-0.01,0.0144,0.0341,16.63,19.62,10.67
249.175,after,85.2,52.1377284,21.1603057,83.73,52.1377291,21.160305,30,0.47,1.361,255,0.1672,-1.1704,0.0915,-0.1826,1.392,0.836,-0.9,2.97,317.41,0.05,0.01,0.02,0.02,108415,999,3,0.24,0.08,0.08,-0.04,48,-50,357,0,1.47,0.0,0.0185,0.0441,17.87,20.52,10.9
249.275,after,85.3,52.1377273,21.1603068,83.72,52.1377291,21.160305,30,0.47,1.361,255,0.8363,-3.3451,0.0406,-0.138,0.712,0.828,-0.56,1.94,317.36,0.05,0.01,0.02,0.03,108415,999,3,0.24,0.08,0.08,-0.04,48,96,-1002,0,1.46,0.0,0.0125,0.0361,19.02,23.47,11.16
249.375,after,85.4,52.1377262,21.1603079,83.72,52.1377268,21.1603072,30,0.47,1.527,255,0.8359,-2.8422,0.0912,-0.1276,0.454,0.826,-0.08,1.32,317.29,0.05,0.0,0.02,0.03,108415,999,3,0.24,0.09,0.14,-0.03,48,244,-1264,0,1.43,0.68,0.0201,0.0244,19.3,22.02,11.23
249.475,after,85.501,52.137725,21.160309,83.73,52.1377244,21.1603097,30,0.47,1.607,255,0.5017,-2.3413,0.0447,-0.0381,0.542,0.832,0.27,0.95,317.18,0.05,0.0,0.0,0.05,108415,999,3,0.24,0.09,0.14,-0.03,48,391,-1543,0,1.4,0.8,0.0126,0.0164,17.08,19.92,10.34
249.575,after,85.6,52.1377238,21.1603102,83.74,52.1377244,21.1603097,30,0.47,1.607,255,0.5018,-1.338,0.0333,-0.0129,0.932,0.848,0.59,0.9,317.01,0.07,0.02,0.01,0.05,108415,999,3,0.24,0.09,0.15,-0.11,48,232,-790,0,1.37,0.78,0.0225,0.0285,19.75,22.95,12.13
249.675,after,85.701,52.1377227,21.1603114,83.77,52.137722,21.1603121,30,0.47,1.555,255,0.1672,-0.8362,-0.0092,0.0308,1.454,0.879,0.46,0.99,316.91,0.07,0.02,0.05,0.06,108415,999,3,0.24,0.1,0.15,-0.11,48,360,-1273,0,1.37,0.7,0.0139,0.0258,22.03,24.96,11.01
249.775,after,85.8,52.1377215,21.1603126,83.82,52.137722,21.1603121,30,0.47,1.555,255,0.5016,-1.8391,-0.0205,-0.0659,1.094,0.924,0.33,0.74,316.86,0.05,0.02,0.04,0.03,108415,999,3,0.24,0.1,0.13,-0.04,48,329,-710,0,1.4,0.17,0.0201,0.0362,21.04,23.88,10.96
249.875,after,85.901,52.1377204,21.1603138,83.88,52.1377197,21.1603145,30,0.47,1.464,255,0.0,-0.5017,-0.0166,0.0375,1.64,0.981,0.19,0.79,316.93,0.05,0.02,0.04,0.07,108415,999,3,0.25,0.11,0.13,-0.04,48,13,168,0,1.46,-0.09,0.012,0.0343,18.83,21.51,10.9
249.975,after,86.0,52.1377192,21.1603151,83.93,52.1377197,21.1603145,30,0.47,1.464,255,0.0,-0.5018,-0.0436,-0.0227,1.7,1.038,0.07,0.84,317.04,0.03,0.02,0.02,0.03,108415,999,3,0.25,0.11,0.02,-0.05,48,22,-400,0,1.52,-0.21,0.0111,0.032,19.11,22.77,11.93
250.076,after,86.101,52.1377181,21.1603163,83.99,52.1377174,21.1603172,30,0.47,1.737,255,0.0,-1.1703,-0.0265,0.0061,1.752,1.091,-0.18,0.81,317.27,0.03,0.02,0.02,0.05,108415,999,3,0.25,0.11,0.02,-0.05,48,-93,239,0,1.58,-0.21,0.0043,0.0149,18.87,23.05,11.43
250.175,after,86.201,52.1377169,21.1603176,84.02,52.1377174,21.1603172,30,0.47,1.737,255,0.1672,-0.6689,0.0108,-0.0393,1.758,1.127,-0.17,0.78,317.57,0.14,0.02,0.02,0.04,108415,999,3,0.25,0.11,0.27,-0.22,48,-116,237,0,1.63,-0.23,0.0292,0.0358,17.96,21.88,11.09
250.275,after,86.301,52.1377158,21.1603189,84.05,52.1377174,21.1603172,30,0.47,1.737,255,0.0,-0.5016,0.0223,0.0024,1.776,1.154,-0.11,0.69,317.88,0.14,0.02,0.01,0.04,108415,999,3,0.25,0.11,0.27,-0.22,48,-120,74,0,1.69,-0.16,0.0169,0.0227,18.84,20.26,11.72
250.375,after,86.401,52.1377147,21.1603201,84.06,52.1377151,21.1603199,30,0.47,1.426,255,0.1672,-1.1704,0.0175,-0.0091,1.844,1.166,0.01,0.65,318.15,0.03,0.0,0.02,0.04,108415,999,3,0.25,0.12,0.01,-0.1,48,34,367,0,1.72,-0.13,0.0183,0.0242,20.66,20.85,11.22
250.476,after,86.501,52.1377136,21.1603214,84.06,52.1377129,21.1603225,30,0.47,1.549,255,0.0,-0.6689,-0.0304,0.0136,1.806,1.169,-0.15,0.67,318.46,0.03,0.0,0.02,0.05,108415,999,3,0.25,0.11,0.01,-0.1,48,102,-331,0,1.75,-0.14,0.0096,0.0147,22.45,19.88,10.46
250.575,after,86.601,52.1377124,21.1603227,84.05,52.1377129,21.1603225,30,0.47,1.549,255,0.0,-0.6689,-0.039,-0.0399,1.808,1.16,-0.3,0.59,318.75,0.06,0.03,0.03,0.05,108415,999,3,0.25,0.11,0.13,-0.08,48,-72,324,0,1.77,-0.15,0.0158,0.0251,22.07,17.64,10.44
250.676,after,86.701,52.1377113,21.1603239,84.04,52.1377105,21.1603251,30,0.47,1.631,255,0.0,-1.1705,-0.042,0.0244,1.735,1.142,-0.56,0.63,319.06,0.06,0.03,0.02,0.04,108415,999,3,0.25,0.1,0.13,-0.08,48,123,322,0,1.77,-0.12,0.0071,0.0164,23.14,19.82,11.62
250.775,after,86.801,52.1377102,21.1603253,84.02,52.1377105,21.1603251,30,0.47,1.631,255,0.0,-0.5015,-0.0453,-0.0218,1.758,1.121,-0.64,0.67,319.24,0.11,0.03,0.02,0.05,108415,999,3,0.25,0.1,0.23,-0.18,48,-93,135,0,1.77,-0.09,0.0251,0.04,20.87,21.72,12.2
250.876,after,86.901,52.137709,21.1603265,83.99,52.1377083,21.1603278,30,0.47,1.474,255,0.0,-0.6688,0.0228,-0.0355,1.728,1.097,-0.77,0.54,319.34,0.11,0.03,0.02,0.03,108415,999,3,0.25,0.11,0.23,-0.18,48,96,347,0,1.76,-0.08,0.0131,0.0281,18.37,20.64,14.14
250.975,after,87.001,52.1377079,21.1603278,83.96,52.1377083,21.1603278,30,0.47,1.474,255,0.0,-0.6688,0.047,0.0209,1.63,1.07,-0.58,0.45,319.33,0.05,0.03,0.0,0.04,108415,999,3,0.25,0.11,0.08,-0.07,48,-110,380,0,1.72,-0.05,0.0144,0.027,16.87,18.24,12.36
251.076,after,87.101,52.1377068,21.1603291,83.94,52.1377061,21.1603302,30,0.47,1.468,255,0.0,-0.6688,-0.0192,-0.0417,1.63,1.044,-0.56,0.41,319.27,0.05,0.03,0.01,0.03,108415,999,3,0.26,0.11,0.08,-0.07,48,9,297,0,1.7,-0.06,0.005,0.015,19.61,22.68,11.64
251.175,after,87.201,52.1377056,21.1603303,83.92,52.1377061,21.1603302,30,0.47,1.468,255,0.1671,-1.1699,-0.0083,0.0121,1.594,1.02,-0.61,0.38,319.19,0.05,0.03,0.03,0.04,108415,999,3,0.26,0.11,0.06,-0.07,48,81,-455,0,1.67,-0.03,0.0078,0.0196,19.39,20.52,13.64
251.275,after,87.301,52.1377045,21.1603315,83.9,52.1377061,21.1603302,30,0.47,1.468,255,0.0,-0.5018,-0.0114,-0.0187,1.554,1.003,-0.52,0.36,319.08,0.05,0.03,0.01,0.05,108415,999,3,0.26,0.11,0.06,-0.07,48,205,-335,0,1.65,-0.02,0.0017,0.0104,18.75,20.26,11.92
251.375,after,87.401,52.1377035,21.1603326,83.88,52.137704,21.1603325,30,0.47,1.34,255,0.1672,-0.5016,0.0113,0.0962,1.59,0.99,-0.54,0.75,319.02,0.02,0.01,0.0,0.04,108415,999,3,0.26,0.11,0.04,0.02,48,-96,146,0,1.63,-0.02,0.0034,0.003,19.49,20.56,10.51
251.476,after,87.501,52.1377024,21.1603337,83.88,52.1377019,21.1603347,30,0.47,1.483,255,0.0,-0.6688,0.0031,0.0373,1.53,0.98,-0.45,0.96,318.94,0.02,0.01,0.02,0.05,108415,999,3,0.26,0.1,0.04,0.02,48,-7,319,0,1.62,-0.02,0.0071,0.0101,20.52,22.55,10.96
251.575,after,87.601,52.1377013,21.1603348,83.87,52.1377019,21.1603347,30,0.47,1.483,255,0.0,-0.5016,0.0154,0.0684,1.488,0.976,-0.45,1.34,318.86,0.06,0.03,0.04,0.04,108415,999,3,0.26,0.1,0.14,-0.08,48,57,279,0,1.63,-0.01,0.0057,0.0188,18.36,22.1,11.94
251.676,after,87.701,52.1377002,21.1603359,83.87,52.1376997,21.160337,30,0.47,1.413,255,0.0,-0.669,0.0209,0.0661,1.484,0.977,-0.49,1.67,318.79,0.06,0.03,0.03,0.04,108415,999,3,0.26,0.1,0.14,-0.08,48,29,-543,0,1.63,0.01,0.0043,0.0186,19.73,24.14,12.12
251.775,after,87.801,52.1376991,21.1603371,83.87,52.1376997,21.160337,30,0.47,1.413,255,0.1673,-1.338,-0.0058,-0.0465,1.472,0.977,-0.36,1.62,318.72,0.05,0.03,0.02,0.05,108415,999,3,0.26,0.1,0.07,-0.08,48,-18,194,0,1.62,0.04,0.0043,0.0143,17.45,19.03,10.99
251.876,after,87.901,52.137698,21.1603382,83.88,52.1376975,21.1603394,30,0.47,1.457,255,0.1672,-0.6689,-0.0101,-0.0053,1.47,0.98,-0.31,1.61,318.67,0.05,0.03,0.02,0.03,108415,999,3,0.26,0.1,0.07,-0.08,48,-14,164,0,1.62,0.03,0.0034,0.0136,17.92,23.05,12.46
251.975,after,88.001,52.1376969,21.1603394,83.88,52.1376975,21.1603394,30,0.47,1.457,255,0.1673,-0.6691,0.0239,0.012,1.48,0.981,-0.17,1.65,318.65,0.08,0.03,0.03,0.05,108415,999,3,0.26,0.1,0.05,-0.14,48,37,-450,0,1.61,0.04,0.0087,0.0157,18.92,22.46,12.3
252.076,after,88.101,52.1376958,21.1603406,83.88,52.1376954,21.1603418,30,0.47,1.423,255,0.1673,-1.338,-0.0169,-0.0287,1.448,0.986,-0.18,1.6,318.58,0.08,0.03,0.05,0.03,108415,999,3,0.26,0.09,0.05,-0.14,48,23,23,0,1.61,0.05,0.0053,0.017,17.77,19.8,11.6
252.175,after,88.201,52.1376946,21.1603418,83.89,52.1376954,21.1603418,30,0.47,1.423,255,0.0,-0.5016,0.0202,0.0428,1.462,0.994,-0.24,1.74,318.55,0.03,0.02,0.0,0.05,108415,999,3,0.26,0.09,0.03,-0.05,48,42,206,0,1.61,0.07,0.0057,0.0169,19.12,22.11,13.18
252.275,after,88.301,52.1376936,21.160343,83.9,52.1376954,21.1603418,30,0.47,1.423,255,0.1672,-0.6688,0.0255,-0.0217,1.458,1.002,-0.11,1.55,318.47,0.03,0.02,0.0,0.03,108415,999,3,0.26,0.09,0.03,-0.05,48,-3,62,0,1.61,0.07,0.0067,0.0108,21.23,21.13,12.12
252.375,after,88.401,52.1376925,21.1603442,83.9,52.1376933,21.1603442,30,0.47,1.442,255,0.0,-0.6688,-0.0323,-0.0117,1.46,1.009,-0.09,1.48,318.32,0.04,0.01,0.02,0.05,108415,999,3,0.26,0.09,0.05,-0.11,48,-161,208,0,1.61,0.07,0.0092,0.0189,17.72,17.08,11.29
252.476,after,88.501,52.1376914,21.1603454,83.91,52.1376933,21.1603442,30,0.47,1.442,255,0.0,-0.6685,-0.0196,-0.0237,1.452,1.019,-0.17,1.51,318.14,0.04,0.01,0.02,0.05,108415,999,3,0.26,0.09,0.05,-0.11,48,39,-489,0,1.61,0.08,0.0081,0.0179,20.05,20.14,12.28
252.575,after,88.601,52.1376904,21.1603466,83.92,52.1376911,21.1603465,30,0.47,1.387,255,0.1672,-1.3376,0.0232,0.0341,1.468,1.028,-0.23,1.57,317.97,0.02,0.02,0.01,0.04,108415,999,3,0.26,0.09,0.01,-0.04,48,67,216,0,1.61,0.07,0.007,0.0132,18.52,22.16,11.31
252.675,after,88.701,52.1376893,21.1603478,83.93,52.1376911,21.1603465,30,0.47,1.387,255,0.1672,-1.5047,-0.0299,0.0009,1.464,1.035,-0.36,1.53,317.83,0.02,0.02,0.01,0.04,108415,999,3,0.26,0.09,0.01,-0.04,48,72,222,0,1.61,0.07,0.0087,0.015,20.8,22.89,11.29
252.775,after,88.801,52.1376882,21.160349,83.94,52.1376889,21.1603489,30,0.47,1.557,255,0.1672,-0.6688,-0.0415,0.0151,1.447,1.042,-0.5,1.62,317.72,0.06,0.02,0.01,0.06,108415,999,3,0.26,0.09,0.15,-0.09,48,-136,214,0,1.61,0.06,0.0056,0.0081,19.03,23.2,12.05
252.875,after,88.901,52.1376871,21.1603502,83.94,52.1376889,21.1603489,30,0.47,1.557,255,0.1672,-0.6689,-0.036,-0.0007,1.447,1.049,-0.67,1.74,317.73,0.06,0.02,0.03,0.04,108415,999,3,0.26,0.09,0.15,-0.09,48,49,-659,0,1.62,0.09,0.0022,0.0077,20.58,22.16,12.44
252.975,after,89.001,52.137686,21.1603515,83.95,52.1376866,21.1603514,30,0.47,1.504,255,0.0,-0.6688,-0.019,0.0229,1.428,1.056,-0.91,1.77,317.87,0.05,0.02,0.01,0.05,108415,999,3,0.26,0.09,0.07,-0.11,48,-84,75,0,1.61,0.09,0.0067,0.0102,17.98,23.1,11.45
253.075,after,89.101,52.1376849,21.1603527,83.96,52.1376866,21.1603514,30,0.47,1.504,255,0.0,-0.8359,-0.011,-0.0179,1.464,1.063,-1.03,1.69,318.07,0.05,0.02,0.0,0.04,108415,999,3,0.26,0.09,0.07,-0.11,48,-118,28,0,1.62,0.1,0.0026,0.0047,19.66,22.46,11.02
253.175,after,89.201,52.1376837,21.160354,83.96,52.1376844,21.160354,30,0.47,1.472,255,0.1672,-1.3375,0.0256,-0.0283,1.474,1.067,-0.91,1.68,318.27,0.04,0.02,0.02,0.04,108415,999,3,0.27,0.09,0.01,-0.1,48,197,-595,0,1.6,0.07,0.0073,0.0177,18.44,22.64,11.52
253.275,after,89.301,52.1376826,21.1603552,83.96,52.1376844,21.160354,30,0.47,1.472,255,0.1672,-0.6688,-0.0016,-0.0044,1.444,1.069,-0.77,1.52,318.5,0.04,0.02,0.0,0.04,108415,999,3,0.27,0.09,0.01,-0.1,48,9,116,0,1.6,0.05,0.0061,0.0134,19.09,20.57,11.47
253.375,after,89.401,52.1376815,21.1603564,83.97,52.1376822,21.1603565,30,0.47,1.517,255,0.0,-0.8359,-0.0178,-0.0052,1.454,1.075,-0.84,1.46,318.7,0.05,0.0,0.06,0.04,108415,999,3,0.27,0.09,0.08,-0.09,48,33,259,0,1.61,0.08,0.0067,0.0103,19.11,20.86,11.23
253.475,after,89.501,52.1376804,21.1603576,83.98,52.1376822,21.1603565,30,0.47,1.517,255,0.1672,-1.3375,0.0484,-0.0102,1.42,1.082,-0.82,1.46,318.88,0.05,0.0,0.0,0.05,108415,999,3,0.27,0.09,0.08,-0.09,48,-132,85,0,1.61,0.08,0.0041,0.0088,17.54,22.88,13.25
253.575,after,89.601,52.1376792,21.1603589,83.98,52.13768,21.1603588,30,0.47,1.502,255,0.0,-0.669,0.026,0.0096,1.432,1.087,-0.64,1.43,318.94,0.05,0.02,0.05,0.05,108415,999,3,0.27,0.09,0.06,-0.06,48,-24,278,0,1.62,0.09,0.0031,0.0067,19.36,21.56,13.03
253.675,after,89.701,52.1376781,21.1603601,83.99,52.13768,21.1603588,30,0.47,1.502,255,0.1672,-0.836,0.0718,-0.0194,1.416,1.094,-0.22,1.5,318.89,0.05,0.02,0.01,0.05,108415,999,3,0.27,0.09,0.06,-0.06,48,92,-446,0,1.62,0.13,0.0041,0.0077,19.33,20.86,12.12
253.775,after,89.801,52.1376769,21.1603613,83.99,52.1376777,21.1603611,30,0.47,1.438,255,0.1673,-1.5053,-0.0011,-0.0286,1.398,1.1,-0.12,1.28,318.77,0.02,0.02,0.0,0.04,108415,999,3,0.27,0.08,0.0,-0.04,48,-11,298,0,1.62,0.13,0.005,0.0074,19.76,21.35,11.28
253.875,after,89.901,52.1376758,21.1603624,84.0,52.1376777,21.1603611,30,0.47,1.438,255,0.1672,-0.8359,-0.0253,-0.0295,1.38,1.103,-0.1,1.19,318.65,0.02,0.02,0.0,0.04,108415,999,3,0.27,0.08,0.0,-0.04,48,6,92,0,1.61,0.13,0.0082,0.0118,19.6,22.52,12.27
253.975,after,90.001,52.1376746,21.1603637,84.0,52.1376755,21.1603635,30,0.47,1.563,255,0.1673,-0.669,-0.056,0.0254,1.368,1.103,-0.43,1.17,318.56,0.07,0.02,0.02,0.06,108415,999,3,0.27,0.09,0.1,-0.09,48,207,-360,0,1.58,0.11,0.0055,0.0207,20.51,25.08,13.67
254.075,after,90.101,52.1376735,21.1603649,84.0,52.1376755,21.1603635,30,0.47,1.563,255,0.1672,-1.6719,-0.0321,-0.0109,1.372,1.103,-0.51,1.24,318.5,0.07,0.02,0.0,0.04,108415,999,3,0.27,0.09,0.1,-0.09,48,-134,256,0,1.58,0.14,0.0052,0.0164,18.27,21.09,11.53
254.175,after,90.201,52.1376723,21.1603661,84.0,52.1376731,21.1603658,30,0.47,1.516,255,0.1672,-0.8359,-0.0046,0.0163,1.4,1.101,-0.63,1.34,318.47,0.08,0.02,0.01,0.06,108415,999,3,0.27,0.09,0.08,0.0,48,-119,131,0,1.55,0.1,0.0095,0.0307,20.52,23.0,10.61
254.275,after,90.301,52.1376711,21.1603672,84.0,52.1376731,21.1603658,30,0.47,1.516,255,0.1673,-0.669,0.0542,0.0316,1.374,1.101,-0.46,1.43,318.48,0.08,0.02,0.0,0.04,108415,999,3,0.27,0.09,0.08,0.0,48,-14,297,0,1.55,0.08,0.0087,0.0235,19.35,19.5,10.91
254.375,after,90.401,52.13767,21.1603683,84.0,52.1376708,21.1603679,30,0.47,1.406,255,0.1673,-0.8363,0.0515,-0.062,1.382,1.101,-0.16,1.16,318.52,0.06,0.0,0.02,0.06,108415,999,3,0.27,0.08,-0.04,0.0,48,63,-343,0,1.53,0.08,0.0166,0.0413,17.54,21.52,11.29
254.475,after,90.501,52.1376689,21.1603695,83.99,52.1376708,21.1603679,30,0.47,1.406,255,0.0,-0.836,-0.0109,-0.0348,1.388,1.099,-0.06,0.91,318.58,0.06,0.0,0.0,0.05,108415,999,3,0.27,0.08,-0.04,0.0,48,-28,-497,0,1.53,0.07,0.0157,0.0349,21.36,21.64,11.08
254.575,after,90.601,52.1376677,21.1603706,83.99,52.1376687,21.1603702,30,0.47,1.446,255,0.3345,-1.5051,-0.0146,0.0222,1.352,1.1,-0.11,0.94,318.61,0.03,0.02,0.02,0.05,108415,999,3,0.27,0.09,0.0,-0.06,48,-21,141,0,1.53,0.09,0.0104,0.0254,18.77,18.3,11.0
254.675,after,90.701,52.1376666,21.1603717,83.99,52.1376687,21.1603702,30,0.47,1.446,255,0.1672,-1.3379,-0.0231,0.063,1.378,1.1,-0.14,1.2,318.62,0.03,0.02,0.06,0.04,108415,999,3,0.27,0.09,0.0,-0.06,48,-36,274,0,1.51,0.08,0.0122,0.036,18.81,21.8,10.65
254.775,after,90.801,52.1376655,21.1603729,83.99,52.1376665,21.1603725,30,0.47,1.475,255,0.0,-0.6689,-0.0023,0.0186,1.376,1.092,-0.15,1.46,318.53,0.09,0.01,0.03,0.04,108415,999,3,0.27,0.09,0.05,-0.05,48,-22,262,0,1.49,0.08,0.0111,0.045,20.39,20.54,12.71
254.875,after,90.901,52.1376644,21.160374,83.98,52.1376665,21.1603725,30,0.47,1.475,255,0.0,-0.6688,0.0029,0.0374,1.42,1.086,-0.28,1.61,318.4,0.09,0.01,0.0,0.05,108415,999,3,0.27,0.09,0.05,-0.05,48,-18,305,0,1.5,0.04,0.01,0.0334,19.78,21.57,13.97
254.975,after,91.001,52.1376633,21.1603751,83.98,52.1376643,21.1603747,30,0.47,1.441,255,0.1672,-0.6688,0.0175,0.0337,1.46,1.083,-0.24,1.66,318.26,0.02,0.01,0.01,0.04,108415,999,3,0.27,0.09,0.03,-0.02,48,0,292,0,1.49,0.03,0.0074,0.0278,22.16,22.06,14.68
255.075,after,91.101,52.1376622,21.1603763,83.98,52.1376643,21.1603747,30,0.47,1.441,255,0.1672,-0.8359,0.0784,-0.0079,1.44,1.085,0.14,1.75,318.16,0.02,0.01,0.04,0.04,108415,999,3,0.27,0.09,0.03,-0.02,48,-104,302,0,1.52,-0.02,0.0084,0.0145,22.76,22.22,13.24
255.176,after,91.201,52.137661,21.1603774,83.98,52.137662,21.1603768,30,0.47,1.468,255,0.5017,-1.5051,0.0239,0.017,1.45,1.086,0.31,1.85,318.1,0.03,0.01,0.04,0.05,108415,999,3,0.27,0.08,0.06,-0.01,48,95,-517,0,1.51,-0.03,0.0064,0.0175,21.18,23.11,12.85
255.275,after,91.301,52.1376599,21.1603786,83.98,52.137662,21.1603768,30,0.47,1.468,255,0.1672,-0.6687,-0.0543,-0.0567,1.476,1.085,0.14,1.62,318.05,0.03,0.01,0.03,0.07,108415,999,3,0.27,0.08,0.06,-0.01,48,-189,317,0,1.51,0.0,0.0083,0.0201,22.14,21.85,13.42
255.375,after,91.401,52.1376588,21.1603797,83.98,52.1376598,21.160379,30,0.47,1.432,255,0.0,-0.669,-0.0045,-0.0446,1.476,1.083,0.0,1.43,318.08,0.01,0.0,0.01,0.04,108415,999,3,0.27,0.08,-0.03,-0.02,48,0,357,0,1.52,-0.03,0.0106,0.0209,21.78,22.38,13.56
255.475,after,91.501,52.1376576,21.1603808,83.98,52.1376577,21.1603813,30,0.47,1.457,255,0.3344,-1.5048,0.026,0.0048,1.488,1.084,0.07,1.41,318.13,0.01,0.0,0.0,0.07,108415,999,3,0.27,0.08,-0.03,-0.02,48,-5,144,0,1.53,-0.03,0.0113,0.0185,20.98,22.49,11.97
255.575,after,91.6,52.1376565,21.160382,83.98,52.1376577,21.1603813,30,0.47,1.457,255,0.0,-0.6689,0.0521,0.0563,1.498,1.081,0.19,1.58,318.11,0.07,0.01,0.0,0.05,108415,999,3,0.27,0.08,-0.03,-0.04,48,-18,299,0,1.52,-0.04,0.0108,0.0183,20.01,19.64,12.87
255.675,after,91.701,52.1376555,21.1603832,83.97,52.1376554,21.1603836,30,0.47,1.472,255,0.1672,-0.6688,-0.0214,-0.0127,1.502,1.078,0.26,1.53,318.05,0.07,0.01,0.01,0.05,108415,999,3,0.27,0.08,-0.03,-0.04,48,-33,-353,0,1.53,-0.04,0.0107,0.0187,20.76,22.11,12.31
255.775,after,91.801,52.1376543,21.1603843,83.97,52.1376554,21.1603836,30,0.47,1.472,255,0.3345,-1.3379,-0.0222,-0.0223,1.49,1.074,0.15,1.48,318.02,0.02,0.01,0.0,0.04,108415,999,3,0.27,0.08,0.01,0.01,48,10,297,0,1.53,-0.05,0.0091,0.014,23.08,24.88,13.21
255.875,after,91.901,52.1376532,21.1603855,83.96,52.1376554,21.1603836,30,0.47,1.472,255,0.1672,-0.6688,0.0019,0.0163,1.512,1.067,0.06,1.6,317.97,0.02,0.01,0.04,0.06,108415,999,3,0.27,0.08,0.01,0.01,48,-164,273,0,1.52,-0.06,0.0099,0.0187,20.35,22.64,12.37
255.975,after,92.0,52.1376521,21.1603867,83.95,52.1376532,21.1603859,30,0.47,1.517,255,0.1673,-0.669,-0.005,-0.0046,1.507,1.056,0.1,1.51,317.92,0.07,0.01,0.01,0.07,108415,999,3,0.27,0.09,0.06,-0.03,48,-188,369,0,1.51,-0.07,0.0071,0.0219,21.57,24.89,11.97
256.075,after,92.101,52.137651,21.1603879,83.94,52.1376508,21.1603882,30,0.47,1.57,255,0.1672,-1.5047,-0.0141,-0.0052,1.492,1.042,0.0,1.44,317.87,0.07,0.01,0.08,0.07,108415,999,3,0.28,0.09,0.06,-0.03,48,-172,343,0,1.49,-0.1,0.0084,0.0302,21.92,25.82,14.04
256.175,after,92.2,52.1376498,21.1603891,83.92,52.1376508,21.1603882,30,0.47,1.57,255,0.0,-0.669,-0.0128,0.0008,1.486,1.025,-0.05,1.54,317.84,0.06,0.01,0.01,0.04,108415,999,3,0.28,0.09,0.11,-0.02,48,-153,348,0,1.49,-0.08,0.0085,0.0281,22.32,22.12,13.58
256.275,after,92.3,52.1376487,21.1603903,83.9,52.1376508,21.1603882,30,0.47,1.57,255,0.1671,-0.6686,0.0282,0.0081,1.506,1.008,-0.0,1.52,317.85,0.06,0.01,0.08,0.05,108415,999,3,0.28,0.09,0.11,-0.02,48,-176,395,0,1.47,-0.1,0.0077,0.0325,21.58,22.61,13.3
256.375,after,92.4,52.1376475,21.1603914,83.89,52.1376485,21.1603906,30,0.47,1.446,255,0.1673,-0.669,0.0044,0.0042,1.49,0.992,0.03,1.47,317.9,0.02,0.0,0.02,0.05,108415,999,3,0.28,0.09,0.0,-0.02,48,-11,369,0,1.48,-0.1,0.0072,0.0279,21.17,23.72,13.82
256.475,after,92.501,52.1376464,21.1603926,83.87,52.1376463,21.1603929,30,0.47,1.504,255,0.1672,-0.6688,0.0113,-0.0345,1.512,0.976,0.16,1.5,317.95,0.02,0.0,0.06,0.04,108415,999,3,0.28,0.08,0.0,-0.02,48,-16,-327,0,1.46,-0.1,0.0081,0.0293,23.51,23.71,13.03
256.575,after,92.6,52.1376453,21.1603938,83.86,52.1376463,21.1603929,30,0.47,1.504,255,0.1672,-1.3379,0.0004,0.0291,1.536,0.963,0.06,1.45,318.0,0.02,0.01,0.04,0.06,108415,999,3,0.28,0.08,0.03,-0.01,48,-144,238,0,1.46,-0.13,0.0048,0.0217,21.58,22.3,13.65
256.675,after,92.701,52.1376441,21.160395,83.84,52.1376441,21.1603952,30,0.47,1.462,255,0.1673,-1.338,0.0019,-0.0308,1.532,0.947,0.12,1.31,318.0,0.02,0.01,0.08,0.06,108415,999,3,0.28,0.08,0.03,-0.01,48,-17,426,0,1.45,-0.16,0.0068,0.0284,21.99,21.56,12.26
256.775,after,92.8,52.137643,21.1603962,83.83,52.1376441,21.1603952,30,0.47,1.462,255,0.1672,-0.6689,0.0237,-0.0081,1.536,0.931,0.25,1.33,317.99,0.03,0.01,0.03,0.05,108415,999,3,0.28,0.08,0.01,0.0,48,-46,533,0,1.44,-0.16,0.0071,0.0279,22.38,23.82,13.57
256.875,after,92.901,52.1376419,21.1603974,83.81,52.1376419,21.1603974,30,0.47,1.435,255,0.0,-0.6688,0.016,0.029,1.522,0.916,0.36,1.36,317.97,0.03,0.01,0.05,0.06,108415,999,3,0.28,0.09,0.01,0.0,48,140,-278,0,1.44,-0.18,0.0078,0.0263,22.15,21.78,12.98
256.975,after,93.0,52.1376408,21.1603985,83.8,52.1376419,21.1603974,30,0.47,1.435,255,0.0,-0.6688,-0.015,0.0231,1.532,0.905,0.28,1.47,317.93,0.02,0.01,0.0,0.05,108415,999,3,0.28,0.09,0.01,0.03,48,-12,508,0,1.45,-0.15,0.0083,0.0123,21.01,22.15,13.02
257.075,after,93.101,52.1376397,21.1603997,83.79,52.1376396,21.1603997,30,0.47,1.574,255,0.1672,-0.6688,-0.0219,0.0128,1.558,0.898,0.23,1.56,317.88,0.02,0.01,0.01,0.06,108415,999,3,0.28,0.09,0.01,0.03,48,-152,329,0,1.46,-0.15,0.0086,0.0122,21.46,22.8,12.78
257.175,after,93.2,52.1376385,21.1604009,83.78,52.1376396,21.1603997,30,0.47,1.574,255,0.1672,-1.3379,-0.0065,-0.0174,1.554,0.889,0.16,1.55,317.8,0.06,0.01,0.01,0.05,108415,999,3,0.28,0.09,0.12,-0.05,48,-131,-114,0,1.46,-0.17,0.0053,0.0084,20.7,23.82,12.58
257.275,after,93.301,52.1376374,21.1604021,83.78,52.1376396,21.1603997,30,0.47,1.574,255,0.0,-0.669,-0.0162,-0.0054,1.58,0.882,0.05,1.55,317.71,0.06,0.01,0.01,0.05,108415,999,3,0.28,0.09,0.12,-0.05,48,-155,384,0,1.47,-0.18,0.0037,0.0058,20.28,22.37,12.36
257.375,after,93.401,52.1376363,21.1604033,83.77,52.1376374,21.1604021,30,0.47,1.384,255,0.1673,-0.8363,0.025,-0.1043,1.572,0.877,0.13,1.29,317.66,0.03,0.0,0.01,0.04,108415,999,3,0.28,0.09,-0.06,0.02,48,-159,510,0,1.5,-0.17,0.0117,0.0221,24.3,22.95,12.84
257.475,after,93.501,52.1376352,21.1604045,83.77,52.1376353,21.1604044,30,0.47,1.472,255,0.3344,-1.6719,0.0284,-0.2809,1.564,0.875,0.26,-0.06,317.65,0.03,0.0,0.01,0.06,108415,999,3,0.28,0.09,-0.06,0.02,48,-162,557,0,1.51,-0.16,0.0111,0.0214,22.75,23.76,13.07
257.575,after,93.6,52.1376341,21.1604056,83.76,52.1376353,21.1604044,30,0.47,1.472,255,0.0,-0.8362,0.0402,-0.3895,1.554,0.87,0.51,-2.14,317.61,0.02,0.01,0.04,0.05,108415,999,3,0.28,0.09,0.03,-0.04,48,-185,341,0,1.51,-0.14,0.0062,0.0111,20.23,21.12,12.33
257.675,after,93.701,52.1376331,21.1604067,83.76,52.1376332,21.1604068,30,0.47,1.355,255,0.1673,-0.8364,0.0892,-0.3836,1.538,0.865,0.89,-4.37,317.6,0.02,0.01,0.02,0.07,108415,999,3,0.28,0.09,0.03,-0.04,48,-32,-494,0,1.52,-0.12,0.0081,0.0212,20.75,20.8,13.51
257.775,after,93.8,52.1376322,21.1604078,83.76,52.1376332,21.1604068,30,0.47,1.355,255,0.1672,-1.5051,0.0242,-0.3179,1.528,0.867,1.24,-6.35,317.55,0.06,0.01,0.0,0.07,108415,999,3,0.28,0.09,-0.04,-0.08,48,-18,413,0,1.55,-0.08,0.0112,0.0309,23.18,21.53,12.35
257.875,after,93.901,52.1376314,21.1604088,83.76,52.1376314,21.1604089,30,0.47,1.185,255,0.1673,-0.669,0.0163,-0.2495,1.576,0.866,1.38,-7.89,317.5,0.06,0.01,0.04,0.07,108415,999,3,0.28,0.1,-0.04,-0.08,48,50,314,0,1.54,-0.08,0.0088,0.0193,23.01,22.67,12.35
257.975,after,94.0,52.1376307,21.1604096,83.76,52.1376314,21.1604089,30,0.47,1.185,255,0.0,-0.5016,-0.0012,-0.0583,1.568,0.864,1.42,-8.7,317.44,0.02,0.01,0.02,0.08,108415,999,3,0.28,0.1,0.01,-0.03,48,69,-195,0,1.54,-0.12,0.0066,0.0148,22.27,22.43,12.51
258.076,after,94.101,52.1376301,21.1604103,83.76,52.1376299,21.1604106,30,0.47,0.891,255,0.0,-0.5016,-0.0285,0.1085,1.594,0.864,1.36,-8.34,317.35,0.02,0.01,0.03,0.08,108415,999,3,0.28,0.1,0.01,-0.03,48,85,341,0,1.55,-0.1,0.0079,0.0252,22.25,22.55,13.19
258.175,after,94.201,52.1376296,21.1604109,83.76,52.1376299,21.1604106,30,0.47,0.891,255,0.0,-0.1672,-0.0426,0.2239,1.602,0.867,1.15,-7.21,317.24,0.02,0.0,0.01,0.07,108415,999,3,0.28,0.1,0.02,-0.03,48,-6,218,0,1.58,-0.1,0.0078,0.0294,20.45,25.03,13.24
258.275,after,94.301,52.1376292,21.1604114,83.76,52.1376299,21.1604106,30,0.47,0.891,255,0.0,0.0,-0.0295,0.2581,1.61,0.869,0.9,-5.95,317.15,0.02,0.0,0.0,0.06,108415,999,3,0.28,0.1,0.02,-0.03,48,-7,46,0,1.57,-0.1,0.0071,0.0248,22.15,23.86,13.21
258.375,after,94.401,52.1376289,21.1604117,83.76,52.1376289,21.1604118,30,0.47,0.523,255,0.0,-0.1673,-0.0635,0.2039,1.614,0.869,0.65,-4.67,317.01,0.02,0.0,0.01,0.07,108415,999,3,0.28,0.1,0.02,0.02,48,-13,59,0,1.59,-0.11,0.0088,0.0244,19.66,21.32,11.03
258.476,after,94.501,52.1376287,21.160412,83.76,52.1376283,21.1604125,30,0.47,0.279,255,0.0,0.0,-0.0073,0.1563,1.61,0.863,0.56,-3.53,316.83,0.02,0.0,0.06,0.06,108415,999,3,0.28,0.09,0.02,0.02,48,-8,17,0,1.58,-0.12,0.007,0.0124,19.31,20.22,10.49
258.575,after,94.601,52.1376285,21.1604122,83.75,52.1376283,21.1604125,30,0.47,0.279,255,0.0,0.0,0.0088,0.1827,1.608,0.851,0.49,-2.62,316.73,0.02,0.0,0.05,0.05,108415,999,3,0.28,0.09,-0.06,0.03,48,4,25,0,1.56,-0.12,0.0112,0.0173,18.63,18.13,11.26
258.676,after,94.701,52.1376284,21.1604123,83.73,52.137628,21.1604128,30,0.47,0.175,255,0.0,0.0,-0.0558,0.1154,1.602,0.838,0.31,-1.9,316.67,0.02,0.0,0.01,0.07,108415,999,3,0.28,0.09,-0.06,0.03,48,-1,18,0,1.56,-0.13,0.0097,0.0154,19.6,19.13,11.46
258.775,after,94.801,52.1376283,21.1604123,83.72,52.137628,21.1604128,30,0.47,0.175,255,0.0,0.0,-0.0159,0.0895,1.61,0.828,0.23,-1.2,316.67,0.02,0.0,0.0,0.06,108415,999,3,0.28,0.09,0.0,0.01,48,0,-46,0,1.57,-0.12,0.0098,0.0174,19.23,21.26,11.47
258.876,after,94.901,52.1376283,21.1604124,83.71,52.1376278,21.160413,30,0.47,0.106,255,-0.1673,0.0,-0.0011,0.1099,1.602,0.817,0.05,-0.64,316.72,0.02,0.0,0.02,0.06,108415,999,3,0.28,0.09,0.0,0.01,48,-123,-34,0,1.56,-0.13,0.0083,0.014,18.23,21.42,10.91
258.975,after,95.001,52.1376282,21.1604124,83.7,52.1376278,21.160413,30,0.47,0.106,255,0.0,0.0,-0.0386,0.0715,1.6,0.808,-0.09,-0.18,316.8,0.04,0.0,0.03,0.06,108415,999,3,0.28,0.09,0.0,-0.03,48,26,-19,0,1.56,-0.13,0.0064,0.0119,17.13,21.6,9.49
259.076,after,95.101,52.1376282,21.1604125,83.69,52.1376277,21.1604132,30,0.47,0.089,255,0.0,0.0,0.0123,0.0365,1.588,0.797,-0.01,0.14,316.86,0.04,0.0,0.01,0.07,108415,999,3,0.29,0.1,0.0,-0.03,48,11,147,0,1.55,-0.13,0.0058,0.0108,17.14,19.11,10.13
259.175,after,95.2,52.1376281,21.1604125,83.68,52.1376277,21.1604132,30,0.47,0.089,255,0.0,0.0,0.0184,0.0338,1.584,0.786,0.02,0.33,316.91,0.01,0.0,0.0,0.05,108415,999,3,0.29,0.1,-0.01,-0.04,48,-19,179,0,1.55,-0.12,0.0058,0.011,16.31,19.98,10.19
259.275,after,95.3,52.1376281,21.1604125,83.67,52.1376277,21.1604132,30,0.47,0.089,255,0.0,0.0,-0.0095,0.0176,1.578,0.778,0.03,0.46,316.9,0.01,0.0,0.0,0.06,108415,999,3,0.29,0.1,-0.01,-0.04,48,-28,-15,0,1.56,-0.11,0.0055,0.0128,17.93,19.03,9.89
259.375,after,95.401,52.1376281,21.1604126,83.66,52.1376277,21.1604132,30,0.47,0.011,255,0.1673,0.0,-0.0024,-0.0121,1.584,0.769,0.12,0.48,316.86,0.02,0.0,0.01,0.06,108415,999,3,0.29,0.12,-0.04,0.0,48,133,-2,0,1.54,-0.12,0.0086,0.0146,20.31,21.62,9.56
259.475,after,95.501,52.1376281,21.1604126,83.65,52.1376277,21.1604131,30,0.47,0.032,255,0.0,0.0,0.0178,0.0026,1.584,0.758,0.17,0.54,316.85,0.02,0.0,0.02,0.05,108415,999,3,0.29,0.1,-0.04,0.0,48,2,25,0,1.53,-0.13,0.0071,0.0121,20.06,21.94,10.01
259.575,after,95.6,52.1376281,21.1604126,83.64,52.1376277,21.1604131,30,0.47,0.032,255,0.0,0.0,-0.0243,0.0412,1.578,0.747,0.1,0.6,316.85,0.02,0.0,0.02,0.04,108415,999,3,0.29,0.1,-0.04,0.04,48,-2,30,0,1.53,-0.13,0.011,0.0172,19.27,21.04,11.09
259.675,after,95.701,52.1376281,21.1604126,83.63,52.1376277,21.1604131,30,0.47,0.028,255,0.0,0.0,-0.0023,0.0033,1.578,0.737,0.02,0.64,316.87,0.02,0.0,0.02,0.06,108415,999,3,0.29,0.07,-0.04,0.04,48,-143,22,0,1.52,-0.13,0.0086,0.0137,17.58,19.25,10.47
259.775,after,95.801,52.1376281,21.1604126,83.62,52.1376277,21.1604131,30,0.47,0.028,255,0.0,0.0,-0.0092,0.0225,1.576,0.729,-0.0,0.76,316.92,0.02,0.0,0.0,0.05,108415,999,3,0.29,0.07,-0.05,-0.01,48,-18,-13,0,1.53,-0.13,0.0098,0.0171,14.84,17.06,9.94
259.875,after,95.901,52.1376281,21.1604126,83.62,52.1376277,21.1604132,30,0.47,0.061,255,0.0,0.0,0.0017,0.0354,1.578,0.724,0.06,0.9,316.98,0.02,0.0,0.0,0.05,108415,999,3,0.29,0.09,-0.05,-0.01,48,-17,-17,0,1.53,-0.13,0.0076,0.0163,13.67,16.49,9.73
259.975,after,96.0,52.1376281,21.1604126,83.62,52.1376277,21.1604132,30,0.47,0.061,255,0.0,0.0,-0.069,-0.0413,1.57,0.723,-0.23,0.75,317.07,0.02,0.0,0.0,0.05,108415,999,3,0.29,0.09,0.02,0.0,48,52,76,0,1.53,-0.12,0.0061,0.0188,14.88,14.8,8.93
260.075,after,96.101,52.1376281,21.1604126,83.62,52.1376276,21.1604132,30,0.47,0.092,255,0.0,0.0,0.006,0.0013,1.57,0.721,-0.33,0.84,317.16,0.02,0.0,0.0,0.06,108415,999,3,0.29,0.08,0.02,0.0,48,59,50,0,1.54,-0.11,0.005,0.0168,15.2,16.94,9.74
260.175,after,96.201,52.137628,21.1604126,83.62,52.1376276,21.1604132,30,0.47,0.092,255,0.0,0.0,0.0206,0.0203,1.568,0.722,-0.3,0.81,317.23,0.03,0.0,0.02,0.05,108415,999,3,0.29,0.08,0.05,-0.03,48,1,-111,0,1.55,-0.1,0.0051,0.0223,16.16,18.3,10.72
260.275,after,96.3,52.137628,21.1604126,83.62,52.1376276,21.1604132,30,0.47,0.092,255,0.0,0.0,0.0045,-0.0373,1.558,0.723,-0.23,0.71,317.22,0.03,0.0,0.01,0.05,108415,999,3,0.29,0.08,0.05,-0.03,48,-35,4,0,1.55,-0.09,0.0045,0.0217,16.14,17.42,9.49
260.375,after,96.4,52.1376279,21.1604126,83.62,52.1376274,21.1604132,30,0.47,0.088,255,0.1672,0.0,0.0381,-0.0273,1.562,0.726,-0.0,0.62,317.21,0.02,0.0,0.01,0.04,108415,999,3,0.29,0.09,0.03,0.0,48,-39,55,0,1.56,-0.08,0.0073,0.0271,16.09,15.86,9.55
260.475,after,96.501,52.1376279,21.1604126,83.62,52.1376274,21.1604132,30,0.47,0.088,255,0.0,-0.1672,0.0164,-0.0365,1.53,0.725,0.17,0.38,317.14,0.02,0.0,0.04,0.04,108415,999,3,0.29,0.09,0.03,0.0,48,77,92,0,1.55,-0.08,0.0039,0.0104,15.34,14.33,9.21
260.575,after,96.601,52.1376278,21.1604126,83.62,52.1376273,21.1604132,31,0.45,0.088,255,0.3343,-0.1672,0.0623,0.0035,1.516,0.72,0.32,0.32,317.1,0.01,0.0,0.02,0.06,108415,999,3,0.29,0.07,0.0,0.0,48,-44,48,0,1.54,-0.09,0.0033,0.0073,16.14,15.4,9.82
260.675,after,96.701,52.1376277,21.1604126,83.61,52.1376272,21.1604132,31,0.45,0.048,255,0.0,0.0,-0.0145,-0.0019,1.54,0.715,0.4,0.24,317.03,0.01,0.0,0.0,0.05,108415,999,3,0.29,0.07,0.0,0.0,48,-56,55,0,1.54,-0.05,0.0025,0.0054,16.48,15.48,9.73
260.775,after,96.8,52.1376277,21.1604126,83.61,52.1376272,21.1604132,31,0.45,0.048,255,0.0,0.0,0.0182,-0.021,1.514,0.71,0.55,0.3,317.05,0.01,0.0,0.0,0.05,108415,999,3,0.29,0.07,-0.01,-0.02,48,-62,-8,0,1.54,-0.06,0.0019,0.0052,14.52,15.48,10.09
260.875,after,96.901,52.1376277,21.1604126,83.6,52.1376272,21.1604133,31,0.45,0.052,255,0.0,0.0,-0.0083,0.0189,1.524,0.704,0.41,0.2,317.1,0.01,0.0,0.02,0.04,108415,999,3,0.29,0.06,-0.01,-0.02,48,22,-122,0,1.53,-0.06,0.0018,0.0027,14.24,17.96,9.9
260.975,after,97.0,52.1376277,21.1604126,83.59,52.1376272,21.1604133,31,0.45,0.052,255,0.0,0.0,0.0336,0.0323,1.53,0.7,0.51,0.37,317.16,0.01,0.0,0.0,0.05,108415,999,3,0.29,0.06,0.01,-0.01,48,-13,-3,0,1.53,-0.06,0.0014,0.0041,14.04,18.24,10.03
261.075,after,97.1,52.1376276,21.1604126,83.59,52.1376272,21.1604133,31,0.45,0.052,255,0.0,0.0,-0.0077,0.024,1.514,0.696,0.44,0.46,317.25,0.01,0.0,0.01,0.06,108415,999,3,0.29,0.06,0.01,-0.01,48,-30,-5,0,1.53,-0.08,0.0015,0.0027,15.7,18.32,9.16
261.175,after,97.2,52.1376276,21.1604126,83.59,52.1376271,21.1604132,31,0.45,0.037,255,0.0,0.0,-0.0348,-0.0526,1.52,0.694,0.37,0.33,317.3,0.02,0.0,0.0,0.06,108415,999,3,0.29,0.08,0.0,0.0,48,-8,-8,0,1.53,-0.07,0.0031,0.009,16.31,17.49,9.18
261.275,after,97.301,52.1376276,21.1604126,83.59,52.1376271,21.1604132,31,0.45,0.037,255,0.0,0.0,-0.0001,0.007,1.548,0.692,0.3,0.35,317.37,0.02,0.0,0.02,0.05,108415,999,3,0.29,0.08,0.0,0.0,48,51,-173,0,1.52,-0.07,0.0021,0.0031,15.59,18.75,10.1
261.375,after,97.4,52.1376276,21.1604126,83.58,52.137627,21.1604131,31,0.45,0.037,255,0.0,0.0,-0.0113,0.047,1.55,0.69,0.22,0.41,317.45,0.02,0.0,0.0,0.05,108415,999,3,0.29,0.09,0.0,0.0,48,20,38,0,1.53,-0.09,0.0038,0.0068,17.94,19.63,11.08
261.475,after,97.501,52.1376277,21.1604126,83.58,52.137627,21.1604131,31,0.45,0.019,255,0.0,0.1672,-0.0099,0.0028,1.548,0.688,0.23,0.58,317.46,0.02,0.0,0.0,0.03,108415,999,3,0.29,0.1,0.0,0.0,48,-22,-44,0,1.53,-0.1,0.003,0.0057,16.56,19.77,11.87
261.575,after,97.6,52.1376276,21.1604126,83.58,52.137627,21.1604131,31,0.45,0.019,255,0.0,0.0,0.017,0.0126,1.548,0.687,0.26,0.73,317.42,0.01,0.0,0.0,0.05,108415,999,3,0.29,0.1,0.02,0.0,48,-5,-199,0,1.53,-0.1,0.004,0.0093,15.57,17.38,11.13
261.675,after,97.701,52.1376277,21.1604126,83.58,52.137627,21.1604131,31,0.45,0.03,255,0.0,0.0,-0.0089,0.0254,1.56,0.688,0.18,0.67,317.31,0.01,0.0,0.03,0.05,108415,999,3,0.29,0.04,0.02,0.0,48,25,39,0,1.54,-0.08,0.0039,0.0157,15.48,17.67,10.09
261.775,after,97.801,52.1376277,21.1604126,83.58,52.137627,21.1604131,31,0.45,0.03,255,0.0,0.0,-0.0138,-0.0158,1.556,0.686,0.19,0.71,317.17,0.0,0.0,0.05,0.06,108415,999,3,0.29,0.04,0.0,0.0,48,-151,1,0,1.53,-0.08,0.0021,0.0037,14.92,18.98,10.29
261.875,after,97.901,52.1376277,21.1604126,83.57,52.137627,21.1604132,31,0.45,0.045,255,0.0,0.0,-0.0189,0.026,1.558,0.679,0.1,0.88,317.05,0.0,0.0,0.03,0.06,108415,999,3,0.29,0.05,0.0,0.0,48,23,-41,0,1.52,-0.12,0.0022,0.0078,15.02,15.83,10.59
261.975,after,98.0,52.1376277,21.1604126,83.57,52.137627,21.1604132,31,0.45,0.045,255,-0.1673,0.0,0.0419,0.0163,1.55,0.672,0.09,0.89,316.9,0.0,0.0,0.02,0.05,108415,999,3,0.29,0.05,0.0,0.0,48,48,0,0,1.52,-0.12,0.0017,0.0032,16.65,16.52,10.97
262.075,after,98.101,52.1376277,21.1604126,83.56,52.137627,21.1604133,31,0.45,0.069,255,0.0,0.0,-0.0235,-0.0101,1.542,0.667,0.26,0.85,316.66,0.0,0.0,0.0,0.05,108415,999,3,0.29,0.08,0.0,0.0,48,-47,-7,0,1.52,-0.11,0.0016,0.0043,17.88,15.79,10.08
262.175,after,98.2,52.1376277,21.1604127,83.56,52.137627,21.1604133,31,0.45,0.069,255,0.0,0.0,-0.0227,-0.0368,1.55,0.666,0.14,0.81,316.44,0.04,0.0,0.01,0.05,108415,999,3,0.29,0.08,0.06,-0.02,48,55,5,0,1.52,-0.1,0.0035,0.0073,16.17,18.54,9.36
262.275,after,98.3,52.1376276,21.1604128,83.56,52.137627,21.1604133,31,0.45,0.069,255,0.0,0.0,-0.0466,-0.0134,1.55,0.664,-0.23,0.66,316.35,0.04,0.0,0.0,0.07,108415,999,3,0.29,0.08,0.06,-0.02,48,-79,61,0,1.52,-0.1,0.0024,0.0081,14.08,14.97,8.66
262.375,after,98.4,52.1376276,21.1604128,83.56,52.137627,21.1604135,31,0.45,0.057,255,0.0,-0.1672,0.0,-0.019,1.544,0.662,-0.3,0.52,316.33,0.01,0.0,0.0,0.05,108415,999,3,0.29,0.06,0.03,0.0,48,-296,37,0,1.52,-0.1,0.0041,0.0097,16.95,17.47,9.24
262.475,after,98.501,52.1376276,21.1604129,83.56,52.137627,21.1604135,31,0.45,0.057,255,0.0,-0.1672,0.031,0.0002,1.54,0.661,-0.24,0.45,316.38,0.01,0.0,0.01,0.05,108415,999,3,0.29,0.06,0.03,0.0,48,14,37,0,1.52,-0.1,0.0022,0.0048,16.26,21.04,9.65
262.575,after,98.6,52.1376276,21.1604129,83.55,52.137627,21.1604136,31,0.45,0.061,255,0.0,0.0,0.0036,-0.0289,1.538,0.657,-0.16,0.39,316.51,0.01,0.0,0.03,0.06,108415,999,3,0.29,0.05,0.0,-0.01,48,-176,38,0,1.51,-0.11,0.0007,0.0028,16.52,19.81,9.81
262.675,after,98.7,52.1376276,21.160413,83.55,52.137627,21.1604136,31,0.45,0.061,255,0.0,-0.1672,0.0333,0.0078,1.538,0.651,-0.03,0.36,316.69,0.01,0.0,0.01,0.04,108415,999,3,0.29,0.05,0.0,-0.01,48,-5,38,0,1.51,-0.1,0.0005,0.0034,16.1,17.22,8.85
262.775,after,98.8,52.1376276,21.160413,83.54,52.1376269,21.1604137,31,0.45,0.07,255,0.0,0.0,-0.0007,-0.0482,1.54,0.644,0.12,0.18,316.98,0.01,0.0,0.03,0.06,108415,999,3,0.29,0.06,0.01,-0.03,48,-33,68,0,1.5,-0.11,0.0023,0.0081,15.94,18.21,9.71
262.875,after,98.901,52.1376276,21.1604131,83.53,52.1376269,21.1604139,31,0.45,0.066,255,-0.1672,-0.1672,-0.0147,-0.0265,1.54,0.638,-0.13,-0.05,317.33,0.01,0.0,0.02,0.07,108415,999,3,0.29,0.06,0.01,-0.03,48,-72,-88,0,1.51,-0.11,0.0012,0.0032,17.81,20.29,11.35
262.975,after,99.0,52.1376276,21.1604131,83.53,52.1376269,21.1604139,31,0.45,0.066,255,0.0,0.0,-0.0643,0.0174,1.534,0.635,-0.32,-0.1,317.64,0.02,0.0,0.0,0.04,108415,999,3,0.29,0.06,0.02,-0.04,48,43,35,0,1.51,-0.11,0.0038,0.0069,18.82,19.95,10.91
263.075,after,99.101,52.1376275,21.1604132,83.53,52.1376269,21.160414,31,0.45,0.037,255,-0.1672,0.0,-0.0071,-0.048,1.528,0.632,-0.49,-0.19,317.94,0.02,0.0,0.0,0.06,108415,999,3,0.29,0.06,0.02,-0.04,48,68,-22,0,1.51,-0.1,0.0022,0.0062,19.85,18.97,11.72
263.175,after,99.2,52.1376275,21.1604132,83.53,52.1376269,21.160414,31,0.45,0.037,255,0.0,0.0,0.0258,0.0646,1.53,0.634,-0.37,-0.02,318.33,0.0,0.0,0.06,0.04,108415,999,3,0.29,0.06,0.0,0.0,48,1,-135,0,1.52,-0.1,0.0035,0.0195,18.45,18.8,12.75
263.275,after,99.301,52.1376275,21.1604132,83.53,52.1376269,21.160414,31,0.45,0.037,255,0.0,0.0,-0.0022,0.0053,1.526,0.635,-0.31,0.25,318.64,0.0,0.0,0.02,0.04,108415,999,3,0.29,0.06,0.0,0.0,48,-13,96,0,1.52,-0.09,0.0013,0.0079,16.49,21.86,12.77
263.375,after,99.401,52.1376275,21.1604132,83.53,52.137627,21.1604141,31,0.45,0.026,255,0.0,0.0,0.0532,-0.0171,1.52,0.635,-0.18,0.17,318.97,0.01,0.0,0.0,0.04,108415,999,3,0.29,0.04,0.0,-0.02,48,33,-10,0,1.51,-0.09,0.0024,0.0075,14.69,19.86,10.94
263.475,after,99.501,52.1376275,21.1604132,83.53,52.137627,21.1604141,31,0.45,0.026,255,0.0,0.0,0.0136,0.0162,1.534,0.635,-0.11,0.04,319.24,0.01,0.0,0.0,0.05,108415,999,3,0.29,0.04,0.0,-0.02,48,-25,47,0,1.51,-0.08,0.0016,0.0047,13.4,17.59,11.61
263.575,after,99.601,52.1376275,21.1604132,83.53,52.137627,21.1604141,31,0.45,0.046,255,0.0,0.0,-0.0151,-0.0,1.527,0.638,-0.14,0.07,319.38,0.06,0.0,0.0,0.06,108415,999,3,0.29,0.1,0.06,-0.04,48,-4,-31,0,1.53,-0.07,0.006,0.0152,12.89,12.64,9.88
263.676,after,99.701,52.1376275,21.1604132,83.53,52.1376269,21.160414,31,0.45,0.054,255,0.1672,0.1672,0.0357,0.037,1.525,0.64,0.02,0.35,319.45,0.06,0.0,0.02,0.03,108415,999,3,0.29,0.09,0.06,-0.04,48,-53,78,0,1.52,-0.09,0.0028,0.0062,16.98,14.44,10.59
263.775,after,99.801,52.1376275,21.1604132,83.54,52.1376269,21.160414,31,0.45,0.054,255,0.0,0.1671,-0.0328,0.0458,1.528,0.643,-0.03,0.59,319.43,0.04,0.0,0.01,0.06,108415,999,3,0.29,0.09,0.04,-0.01,48,0,-64,0,1.53,-0.07,0.005,0.0126,14.43,15.8,10.87
263.875,after,99.901,52.1376275,21.1604132,83.54,52.137627,21.1604139,31,0.45,0.063,255,0.0,0.0,0.01,0.0023,1.53,0.645,-0.05,0.68,319.35,0.04,0.0,0.0,0.06,108415,999,3,0.29,0.06,0.04,-0.01,48,-20,-29,0,1.54,-0.07,0.0028,0.0091,12.34,15.77,10.85
263.975,after,100.0,52.1376275,21.1604131,83.55,52.137627,21.1604139,31,0.45,0.063,255,0.0,0.0,0.0591,0.047,1.528,0.651,0.09,0.85,319.27,0.02,0.0,0.03,0.04,108415,999,3,0.29,0.06,-0.02,0.0,48,144,-46,0,1.55,-0.06,0.0042,0.0168,17.13,18.83,12.89
264.075,after,100.101,52.1376275,21.1604131,83.55,52.137627,21.1604138,31,0.45,0.022,255,0.0,0.0,-0.0159,-0.0681,1.546,0.655,0.22,0.6,319.23,0.02,0.0,0.0,0.05,108415,999,3,0.29,0.1,-0.02,0.0,48,85,-49,0,1.55,-0.06,0.003,0.011,15.53,16.58,10.9
264.175,after,100.2,52.1376275,21.160413,83.55,52.137627,21.1604138,31,0.45,0.022,255,0.0,0.0,0.0149,-0.0072,1.534,0.652,0.25,0.48,319.23,0.02,0.0,0.02,0.05,108415,999,3,0.29,0.1,0.01,0.0,48,1,33,0,1.54,-0.08,0.0022,0.0034,14.93,15.37,10.18
264.275,after,100.3,52.1376275,21.160413,83.54,52.137627,21.1604138,31,0.45,0.022,255,0.0,0.0,-0.0195,0.0103,1.526,0.646,0.21,0.46,319.04,0.02,0.0,0.01,0.04,108415,999,3,0.29,0.1,0.01,0.0,48,-42,2,0,1.53,-0.09,0.0027,0.0066,14.54,14.59,9.89
264.375,after,100.4,52.1376275,21.1604129,83.53,52.137627,21.1604136,31,0.45,0.069,255,0.0,0.0,0.0058,0.0229,1.538,0.639,0.19,0.56,318.73,0.01,0.0,0.02,0.06,108415,999,3,0.29,0.09,0.0,0.01,48,13,-30,0,1.52,-0.09,0.005,0.0127,13.3,13.9,9.91
264.475,after,100.501,52.1376275,21.1604129,83.53,52.137627,21.1604136,31,0.45,0.069,255,0.0,0.0,0.0072,-0.0132,1.53,0.632,0.1,0.63,318.29,0.01,0.0,0.0,0.05,108415,999,3,0.29,0.09,0.0,0.01,48,8,-55,0,1.52,-0.09,0.0039,0.0081,17.47,13.74,8.92
264.575,after,100.6,52.1376275,21.1604128,83.52,52.137627,21.1604135,31,0.45,0.03,255,0.0,0.0,0.0129,0.0518,1.54,0.628,0.18,0.78,317.81,0.01,0.0,0.0,0.04,108415,999,3,0.29,0.05,0.0,0.01,48,-63,-45,0,1.52,-0.09,0.004,0.0065,14.26,15.8,9.16
264.675,after,100.701,52.1376275,21.1604127,83.52,52.137627,21.1604135,31,0.45,0.03,255,0.0,0.0,0.0002,0.0254,1.538,0.624,0.22,0.96,317.3,0.01,0.0,0.0,0.06,108415,999,3,0.29,0.05,0.0,0.01,48,-37,-51,0,1.52,-0.09,0.0031,0.0042,16.26,16.73,9.28
264.775,after,100.801,52.1376275,21.1604127,83.52,52.137627,21.1604134,31,0.45,0.029,255,0.0,0.0,0.0244,-0.0061,1.534,0.623,0.28,0.92,316.87,0.03,0.0,0.01,0.05,108415,999,3,0.29,0.09,0.05,-0.02,48,-23,1,0,1.53,-0.09,0.0026,0.0082,15.47,14.47,8.64
264.875,after,100.9,52.1376275,21.1604127,83.52,52.137627,21.1604134,31,0.45,0.029,255,0.0,0.0,0.0098,-0.0077,1.54,0.623,0.3,0.94,316.45,0.03,0.0,0.0,0.05,108415,999,3,0.29,0.09,0.05,-0.02,48,-33,-193,0,1.52,-0.09,0.0012,0.0041,14.17,14.51,8.64
264.975,after,101.001,52.1376275,21.1604127,83.51,52.137627,21.1604134,31,0.45,0.009,255,0.0,0.0,-0.003,-0.0538,1.53,0.62,0.35,0.73,316.05,0.01,0.0,0.02,0.04,108415,999,3,0.29,0.1,0.0,-0.01,48,-35,19,0,1.52,-0.1,0.0017,0.0051,13.12,13.0,8.72
265.075,after,101.101,52.1376275,21.1604127,83.51,52.137627,21.1604134,31,0.45,0.009,255,0.0,0.0,0.0128,-0.0099,1.53,0.615,0.49,0.64,315.75,0.01,0.0,0.0,0.07,108415,999,3,0.29,0.1,0.0,-0.01,48,-17,36,0,1.51,-0.1,0.0017,0.0044,14.31,16.2,8.46
265.175,after,101.2,52.1376275,21.1604127,83.51,52.137627,21.1604134,31,0.45,0.016,255,0.0,0.0,0.0201,0.043,1.528,0.611,0.47,0.75,315.5,0.01,0.0,0.0,0.06,108415,999,3,0.29,0.09,0.02,0.0,48,-1,29,0,1.51,-0.1,0.0021,0.0054,14.08,13.53,8.28
265.275,after,101.301,52.1376275,21.1604127,83.5,52.137627,21.1604134,31,0.45,0.016,255,0.0,0.0,-0.0485,-0.0829,1.53,0.607,0.43,0.43,315.18,0.01,0.0,0.01,0.05,108415,999,3,0.29,0.09,0.02,0.0,48,-29,5,0,1.51,-0.09,0.0013,0.0016,15.27,17.1,8.36
265.375,after,101.401,52.1376275,21.1604127,83.5,52.137627,21.1604134,31,0.45,0.056,255,0.0,0.0,-0.0137,-0.0476,1.538,0.607,0.38,0.14,314.79,0.01,0.0,0.02,0.07,108415,999,3,0.29,0.04,-0.03,-0.03,48,23,72,0,1.52,-0.09,0.0042,0.008,15.46,16.41,8.02
265.475,after,101.501,52.1376275,21.1604127,83.5,52.137627,21.1604134,31,0.45,0.056,255,0.0,-0.1672,0.0041,0.0027,1.536,0.608,0.28,0.14,314.49,0.01,0.0,0.0,0.05,108415,999,3,0.29,0.04,-0.03,-0.03,48,46,20,0,1.52,-0.09,0.0032,0.0075,15.28,18.36,7.93
265.575,after,101.601,52.1376275,21.1604127,83.51,52.137627,21.1604136,31,0.45,0.065,255,0.0,0.0,-0.0423,-0.0514,1.528,0.612,0.08,-0.13,314.49,0.03,0.0,0.0,0.06,108415,999,3,0.29,0.1,0.02,-0.04,48,63,53,0,1.53,-0.09,0.0045,0.0127,14.4,16.4,8.41
265.676,after,101.701,52.1376275,21.1604128,83.51,52.137627,21.1604136,31,0.45,0.065,255,-0.1672,0.0,-0.0283,-0.0088,1.512,0.614,0.03,-0.21,314.79,0.03,0.0,0.0,0.05,108415,999,3,0.29,0.1,0.02,-0.04,48,39,12,0,1.53,-0.08,0.0026,0.0075,15.16,17.49,8.19
265.775,after,101.801,52.1376276,21.1604128,83.51,52.1376271,21.1604137,31,0.45,0.055,255,-0.1672,0.0,0.0014,0.0223,1.512,0.617,-0.16,-0.17,315.27,0.02,0.0,0.0,0.04,108415,999,3,0.29,0.09,0.0,-0.03,48,91,1,0,1.53,-0.06,0.0039,0.0086,14.5,15.52,7.16
265.876,after,101.901,52.1376276,21.1604128,83.52,52.1376271,21.1604137,31,0.45,0.014,255,0.0,0.0,-0.0456,0.0433,1.52,0.62,-0.06,-0.06,315.81,0.02,0.0,0.02,0.06,108415,999,3,0.29,0.06,0.0,-0.03,48,-15,-23,0,1.54,-0.05,0.0027,0.0097,14.14,14.05,7.24
265.975,after,102.001,52.1376276,21.1604129,83.52,52.1376271,21.1604137,31,0.45,0.014,255,0.0,0.1672,-0.017,0.0641,1.526,0.623,-0.35,0.35,316.42,0.01,0.0,0.0,0.05,108415,999,3,0.29,0.06,0.03,0.0,48,80,-87,0,1.54,-0.05,0.0017,0.0051,13.59,14.81,8.45
266.075,after,102.101,52.1376277,21.1604129,83.52,52.1376271,21.1604138,31,0.45,0.038,255,-0.1672,0.1672,-0.0721,0.0242,1.526,0.624,-0.58,0.55,316.95,0.01,0.0,0.01,0.06,108415,999,3,0.3,0.05,0.03,0.0,48,45,-88,0,1.54,-0.07,0.0004,0.0012,14.91,14.76,9.67
266.175,after,102.201,52.1376277,21.1604129,83.52,52.1376271,21.1604138,31,0.45,0.038,255,-0.1672,0.0,-0.0042,0.0338,1.52,0.624,-0.67,0.68,317.33,0.01,0.0,0.0,0.05,108415,999,3,0.3,0.05,0.0,-0.04,48,-101,-45,0,1.54,-0.06,0.0021,0.0038,15.73,15.13,9.59
266.275,after,102.301,52.1376277,21.1604129,83.52,52.1376271,21.1604138,31,0.45,0.038,255,0.0,0.0,-0.0066,0.05,1.524,0.624,-0.72,0.97,317.55,0.01,0.0,0.01,0.05,108415,999,3,0.3,0.05,0.0,-0.04,48,21,-55,0,1.54,-0.06,0.0012,0.0028,15.03,13.95,10.22
266.375,after,102.401,52.1376277,21.1604129,83.52,52.1376272,21.1604138,31,0.45,0.025,255,0.0,0.0,0.0083,-0.0065,1.526,0.621,-0.66,1.03,317.52,0.02,0.0,0.02,0.05,108415,999,3,0.3,0.1,-0.01,-0.02,48,-10,114,0,1.53,-0.07,0.0042,0.0126,13.01,13.78,9.18
266.475,after,102.501,52.1376277,21.1604129,83.51,52.1376272,21.1604138,31,0.45,0.025,255,0.0,0.0,0.0723,-0.0187,1.538,0.614,-0.42,0.97,317.21,0.02,0.0,0.05,0.03,108415,999,3,0.3,0.1,-0.01,-0.02,48,-26,-5,0,1.51,-0.09,0.005,0.0216,15.39,16.56,9.74
266.575,after,102.601,52.1376277,21.1604129,83.5,52.1376272,21.1604137,31,0.45,0.039,255,0.0,-0.1673,0.0341,-0.0606,1.532,0.608,-0.15,0.65,316.75,0.02,0.0,0.0,0.05,108415,999,3,0.3,0.08,0.0,0.03,48,86,49,0,1.52,-0.09,0.0039,0.0124,16.97,15.83,10.09
266.675,after,102.701,52.1376277,21.1604129,83.5,52.1376272,21.1604137,31,0.45,0.039,255,0.1672,0.0,0.0302,0.0315,1.538,0.603,0.09,0.66,316.16,0.02,0.0,0.0,0.04,108415,999,3,0.3,0.08,0.0,0.03,48,-84,-7,0,1.52,-0.09,0.0033,0.0083,16.19,13.35,9.01
266.775,after,102.801,52.1376277,21.1604128,83.5,52.1376273,21.1604136,31,0.45,0.036,255,0.1672,0.0,0.0571,-0.005,1.536,0.602,0.26,0.79,315.58,0.01,0.0,0.01,0.04,108415,999,3,0.3,0.06,0.0,0.01,48,-44,-36,0,1.52,-0.09,0.0039,0.0049,15.65,13.86,8.5
266.875,after,102.901,52.1376277,21.1604127,83.5,52.1376273,21.1604136,31,0.45,0.036,255,0.0,0.0,-0.0101,-0.0248,1.543,0.601,0.33,0.57,315.01,0.01,0.0,0.0,0.04,108415,999,3,0.3,0.06,0.0,0.01,48,-37,45,0,1.53,-0.09,0.0031,0.0041,14.43,14.99,8.83
266.975,after,103.001,52.1376277,21.1604127,83.5,52.1376272,21.1604135,31,0.45,0.056,255,0.0,0.0,0.0273,0.0257,1.558,0.601,0.44,0.64,314.43,0.02,0.0,0.01,0.07,108415,999,3,0.3,0.08,0.06,-0.02,48,-35,28,0,1.53,-0.08,0.0036,0.0065,13.38,15.31,8.42
267.076,after,103.101,52.1376276,21.1604127,83.49,52.1376272,21.1604135,31,0.45,0.038,255,0.0,0.0,-0.0174,-0.0574,1.54,0.599,0.5,0.51,313.83,0.02,0.0,0.03,0.03,108415,999,3,0.3,0.08,0.06,-0.02,48,-63,-17,0,1.52,-0.1,0.0024,0.0062,15.63,16.58,8.39
267.175,after,103.201,52.1376276,21.1604127,83.49,52.1376272,21.1604135,31,0.45,0.038,255,0.0,0.0,-0.0026,0.0125,1.532,0.596,0.48,0.46,313.44,0.01,0.0,0.01,0.05,108415,999,3,0.3,0.08,0.0,0.01,48,0,44,0,1.53,-0.09,0.0022,0.0046,15.02,15.94,8.03
267.275,after,103.301,52.1376276,21.1604127,83.49,52.1376272,21.1604135,31,0.45,0.038,255,0.0,0.0,-0.0149,-0.0305,1.534,0.596,0.41,0.42,313.32,0.01,0.0,0.03,0.05,108415,999,3,0.3,0.08,0.0,0.01,48,-14,-22,0,1.54,-0.07,0.0027,0.0119,15.34,13.89,8.01
267.375,after,103.401,52.1376276,21.1604127,83.49,52.1376272,21.1604135,31,0.45,0.017,255,0.1672,0.0,0.0211,0.0475,1.54,0.595,0.4,0.56,313.38,0.0,0.0,0.0,0.05,108415,999,3,0.3,0.09,0.0,-0.02,48,15,12,0,1.54,-0.07,0.001,0.0058,14.13,15.83,8.46
267.475,after,103.501,52.1376276,21.1604127,83.49,52.1376272,21.1604135,31,0.45,0.017,255,-0.1672,0.0,-0.07,-0.026,1.542,0.591,0.1,0.43,313.5,0.0,0.0,0.03,0.06,108415,999,3,0.3,0.09,0.0,-0.02,48,34,28,0,1.52,-0.09,0.0017,0.0063,14.63,15.04,7.56
267.575,after,103.601,52.1376276,21.1604127,83.48,52.1376272,21.1604135,31,0.45,0.052,255,0.0,0.0,0.0196,0.0443,1.538,0.585,0.19,0.54,313.56,0.01,0.0,0.0,0.03,108415,999,3,0.3,0.08,0.0,-0.04,48,-10,-5,0,1.52,-0.1,0.003,0.0075,15.01,16.35,9.2
267.675,after,103.701,52.1376276,21.1604127,83.47,52.1376272,21.1604135,31,0.45,0.052,255,0.0,0.0,-0.0779,-0.0195,1.536,0.576,-0.08,0.52,313.64,0.01,0.0,0.04,0.05,108415,999,3,0.3,0.08,0.0,-0.04,48,44,1,0,1.5,-0.11,0.0036,0.0158,15.02,16.59,8.43
267.776,after,103.801,52.1376276,21.1604127,83.46,52.1376271,21.1604136,31,0.45,0.029,255,0.0,0.0,0.0056,-0.0335,1.526,0.568,-0.16,0.46,313.76,0.01,0.0,0.0,0.06,108415,999,3,0.3,0.06,0.02,0.0,48,16,-11,0,1.5,-0.11,0.002,0.0085,13.23,15.57,9.16
267.875,after,103.901,52.1376276,21.1604127,83.45,52.1376271,21.1604136,31,0.45,0.029,255,0.0,0.0,-0.0042,0.0127,1.53,0.56,-0.21,0.4,313.87,0.01,0.0,0.02,0.05,108415,999,3,0.3,0.06,0.02,0.0,48,49,4,0,1.49,-0.11,0.0023,0.0123,13.86,15.03,7.95
267.975,after,104.001,52.1376276,21.1604127,83.45,52.1376271,21.1604137,31,0.45,0.051,255,0.1672,0.0,-0.0055,0.0172,1.53,0.554,-0.23,0.57,313.93,0.03,0.0,0.01,0.05,108415,999,3,0.3,0.09,0.02,-0.02,48,10,-21,0,1.49,-0.11,0.0025,0.007,13.82,15.8,8.69
268.075,after,104.101,52.1376276,21.1604127,83.44,52.1376271,21.1604137,31,0.45,0.051,255,0.0,0.0,0.0458,0.0361,1.526,0.549,-0.06,0.59,313.92,0.03,0.0,0.0,0.07,108415,999,3,0.3,0.09,0.02,-0.02,48,-2,8,0,1.49,-0.11,0.0012,0.0047,14.88,16.83,8.81
268.175,after,104.201,52.1376276,21.1604127,83.44,52.1376271,21.1604138,31,0.45,0.017,255,0.0,0.0,0.032,-0.0356,1.52,0.548,0.11,0.53,313.87,0.03,0.0,0.0,0.04,108415,999,3,0.3,0.09,0.01,-0.01,48,-43,-30,0,1.5,-0.11,0.0027,0.0058,14.08,16.28,7.75
268.275,after,104.301,52.1376276,21.1604127,83.44,52.1376271,21.1604138,31,0.45,0.017,255,0.0,0.0,0.0045,-0.0292,1.522,0.548,0.36,0.48,313.82,0.03,0.0,0.0,0.06,108415,999,3,0.3,0.09,0.01,-0.01,48,-73,2,0,1.49,-0.1,0.001,0.0023,14.04,16.62,8.04
268.375,after,104.401,52.1376276,21.1604127,83.44,52.1376271,21.1604137,31,0.45,0.028,255,0.0,0.0,0.0099,0.0492,1.53,0.547,0.32,0.58,313.86,0.01,0.0,0.0,0.05,108415,999,3,0.3,0.04,0.0,0.02,48,12,16,0,1.49,-0.11,0.0028,0.0028,13.42,14.92,7.77
268.475,after,104.501,52.1376276,21.1604127,83.44,52.1376271,21.1604137,31,0.45,0.028,255,0.0,0.0,0.0169,0.0387,1.532,0.548,0.37,0.7,313.9,0.01,0.0,0.03,0.05,108415,999,3,0.3,0.04,0.0,0.02,48,-9,149,0,1.5,-0.1,0.0028,0.0089,12.37,13.17,9.17
268.575,after,104.601,52.1376276,21.1604127,83.44,52.1376271,21.1604136,31,0.45,0.043,255,0.0,0.0,-0.0047,-0.0303,1.538,0.55,0.45,0.73,313.96,0.01,0.0,0.0,0.04,108415,999,3,0.3,0.06,-0.02,0.02,48,-30,-38,0,1.51,-0.1,0.0049,0.0095,13.34,14.95,8.18
268.675,after,104.701,52.1376277,21.1604127,83.45,52.1376271,21.1604136,31,0.45,0.043,255,0.0,0.0,0.008,-0.0197,1.538,0.553,0.46,0.73,314.07,0.01,0.0,0.02,0.04,108415,999,3,0.3,0.06,-0.02,0.02,48,2,-12,0,1.52,-0.1,0.0041,0.0123,15.76,16.74,8.1
268.775,after,104.801,52.1376277,21.1604127,83.45,52.1376276,21.1604134,31,0.45,0.047,255,0.0,0.0,-0.0196,0.0256,1.54,0.554,0.33,0.64,314.23,0.03,0.01,0.04,0.05,108415,999,3,0.29,0.07,-0.03,0.03,48,70,20,0,1.51,-0.1,0.0074,0.0109,16.72,17.44,8.33
268.875,after,104.901,52.1376278,21.1604127,83.45,52.1376276,21.1604134,31,0.45,0.047,255,0.0,0.0,-0.0513,-0.0189,1.534,0.553,0.14,0.61,314.37,0.03,0.01,0.01,0.04,108415,999,3,0.29,0.07,-0.03,0.03,48,75,12,0,1.52,-0.09,0.0054,0.0098,16.41,17.49,8.88
268.975,after,105.001,52.1376279,21.1604127,83.45,52.1376282,21.160413,31,0.45,0.078,255,0.0,0.0,-0.0298,0.0071,1.532,0.552,-0.03,0.69,314.49,0.02,0.03,0.01,0.05,108415,999,3,0.29,0.08,-0.04,0.02,48,-67,-1,0,1.51,-0.09,0.0105,0.0196,16.16,18.09,9.05
269.075,after,105.101,52.137628,21.1604127,83.45,52.1376282,21.160413,31,0.45,0.078,255,-0.1672,0.0,-0.0325,0.0776,1.53,0.552,-0.33,0.84,314.65,0.02,0.03,0.02,0.06,108415,999,3,0.29,0.08,-0.04,0.02,48,96,-14,0,1.52,-0.09,0.0072,0.0151,17.02,16.88,8.71
269.175,after,105.201,52.1376281,21.1604126,83.45,52.1376287,21.1604128,31,0.45,0.074,255,-0.1672,0.0,-0.0824,0.023,1.52,0.552,-0.67,1.11,314.87,0.02,0.03,0.0,0.04,108415,999,3,0.28,0.05,0.03,-0.03,48,69,-99,0,1.52,-0.08,0.0056,0.0177,19.64,19.91,7.38
269.275,after,105.301,52.1376281,21.1604126,83.45,52.1376287,21.1604128,31,0.45,0.074,255,0.0,0.0,-0.0369,0.0332,1.514,0.552,-1.02,1.45,315.17,0.02,0.03,0.02,0.04,108415,999,3,0.28,0.05,0.03,-0.03,48,-39,-68,0,1.53,-0.07,0.0038,0.0141,16.09,16.87,7.6
269.375,after,105.401,52.1376282,21.1604126,83.45,52.1376291,21.1604127,31,0.45,0.055,255,0.0,-0.1673,0.0123,0.0247,1.52,0.553,-1.06,1.48,315.48,0.01,0.04,0.0,0.03,108415,999,3,0.28,0.05,0.0,-0.03,48,-117,19,0,1.52,-0.07,0.0073,0.0219,13.92,18.08,8.13
269.475,after,105.501,52.1376283,21.1604126,83.45,52.1376291,21.1604127,31,0.45,0.055,255,0.0,0.0,0.0271,-0.0748,1.52,0.551,-0.94,1.3,315.66,0.01,0.04,0.02,0.02,108415,999,3,0.28,0.05,0.0,-0.03,48,15,-16,0,1.52,-0.08,0.0046,0.0136,13.61,17.31,8.36
269.576,after,105.601,52.1376283,21.1604126,83.44,52.1376295,21.1604125,31,0.45,0.026,255,0.0,-0.1673,0.0296,-0.0173,1.518,0.549,-0.76,1.15,315.78,0.02,0.05,0.0,0.03,108415,999,3,0.27,0.08,0.01,0.0,48,135,-120,0,1.52,-0.08,0.0069,0.0217,14.22,17.45,8.18
269.675,after,105.701,52.1376284,21.1604126,83.44,52.1376295,21.1604127,31,0.45,0.067,255,0.0,0.0,0.0513,-0.0302,1.51,0.546,-0.44,0.91,315.83,0.02,0.05,0.01,0.03,108415,999,3,0.27,0.09,0.01,0.0,48,-83,-95,0,1.51,-0.08,0.0043,0.0139,14.36,17.36,7.33
269.775,after,105.801,52.1376284,21.1604126,83.44,52.1376295,21.1604127,31,0.45,0.067,255,0.0,0.0,0.0411,0.0186,1.518,0.546,-0.25,0.92,315.91,0.05,0.04,0.0,0.05,108415,999,3,0.27,0.09,0.02,-0.02,48,136,-138,0,1.52,-0.07,0.0058,0.0187,14.38,16.81,8.53
269.875,after,105.9,52.1376284,21.1604126,83.44,52.1376295,21.1604127,31,0.45,0.067,255,0.0,0.0,-0.0376,-0.0066,1.526,0.548,-0.35,0.95,315.95,0.05,0.04,0.04,0.04,108415,999,3,0.27,0.09,0.02,-0.02,48,5,-145,0,1.53,-0.06,0.004,0.0152,12.5,16.34,9.06
269.975,after,106.0,52.1376284,21.1604126,83.45,52.1376293,21.1604128,31,0.45,0.146,255,0.1673,-0.1673,0.0175,-0.0536,1.516,0.553,-0.35,0.77,315.93,0.04,0.04,0.0,0.03,108415,999,3,0.26,0.08,0.07,-0.03,48,-37,-92,0,1.53,-0.07,0.0032,0.0149,12.79,14.1,9.25
270.075,after,106.1,52.1376284,21.1604126,83.45,52.1376293,21.1604128,31,0.45,0.146,255,0.0,0.0,0.0694,-0.0307,1.516,0.559,-0.06,0.61,315.91,0.04,0.04,0.02,0.04,108415,999,3,0.26,0.08,0.07,-0.03,48,-59,-79,0,1.54,-0.05,0.0027,0.013,15.52,14.72,8.58
270.175,after,106.201,52.1376285,21.1604126,83.46,52.1376291,21.1604129,31,0.45,0.145,255,0.1672,0.0,0.0674,0.0239,1.512,0.567,0.29,0.55,315.9,0.03,0.03,0.02,0.05,108415,999,3,0.26,0.07,0.05,-0.03,48,75,80,0,1.55,-0.04,0.004,0.0172,15.12,16.37,8.5
270.275,after,106.3,52.1376285,21.1604126,83.47,52.1376291,21.1604129,31,0.45,0.145,255,0.0,0.0,-0.0252,0.0119,1.52,0.574,0.34,0.67,315.89,0.03,0.03,0.01,0.04,108415,999,3,0.26,0.07,0.05,-0.03,48,81,6,0,1.56,-0.04,0.003,0.013,16.42,16.86,8.69
270.375,after,106.4,52.1376284,21.1604126,83.47,52.1376291,21.1604129,31,0.45,0.072,255,0.1672,0.0,0.0011,0.0149,1.524,0.58,0.33,0.77,315.86,0.01,0.03,0.02,0.04,108415,999,3,0.25,0.06,0.0,0.03,48,-18,17,0,1.57,-0.03,0.0058,0.0198,17.9,19.3,8.42
270.475,after,106.501,52.1376284,21.1604126,83.48,52.1376291,21.1604129,31,0.45,0.072,255,0.1672,0.0,-0.009,0.0137,1.528,0.583,0.27,0.87,315.79,0.01,0.03,0.03,0.05,108415,999,3,0.25,0.06,0.0,0.03,48,-13,-143,0,1.56,-0.04,0.0032,0.0068,17.89,19.63,9.08
270.575,after,106.601,52.1376284,21.1604125,83.48,52.137629,21.1604128,31,0.45,0.064,255,0.0,0.0,-0.0337,0.03,1.514,0.584,-0.0,0.95,315.64,0.0,0.03,0.01,0.06,108415,999,3,0.25,0.07,0.0,0.01,48,28,37,0,1.56,-0.04,0.006,0.0132,17.3,18.55,8.89
270.675,after,106.701,52.1376284,21.1604125,83.48,52.1376288,21.1604127,31,0.45,0.193,255,0.0,-0.1672,-0.0287,0.0122,1.51,0.582,-0.16,1.05,315.43,0.0,0.03,0.01,0.02,108415,999,3,0.25,0.09,0.0,0.01,48,-16,-153,0,1.56,-0.04,0.0038,0.0073,17.48,20.07,9.13
270.775,after,106.801,52.1376284,21.1604125,83.48,52.1376288,21.1604127,31,0.45,0.193,255,0.0,0.0,0.0366,-0.0351,1.49,0.582,0.02,1.04,315.16,0.04,0.02,0.03,0.05,108415,999,3,0.25,0.09,0.12,0.0,48,-74,5,0,1.57,-0.02,0.0055,0.008,15.95,16.71,8.94
270.875,after,106.901,52.1376284,21.1604125,83.48,52.1376285,21.1604128,31,0.47,0.138,255,0.0,0.0,-0.0075,-0.0293,1.48,0.582,0.02,0.84,314.7,0.04,0.02,0.0,0.06,108415,999,3,0.25,0.08,0.12,0.0,48,-34,97,0,1.56,-0.02,0.0042,0.0061,15.76,18.43,8.89
270.975,after,107.0,52.1376283,21.1604125,83.48,52.1376285,21.1604128,31,0.47,0.138,255,0.1672,-0.3344,0.0318,-0.0388,1.466,0.582,0.08,0.55,313.94,0.02,0.02,0.01,0.05,108415,999,3,0.25,0.08,0.05,0.0,48,-21,86,0,1.56,0.0,0.005,0.0055,15.86,16.1,9.14
271.075,after,107.101,52.1376282,21.1604125,83.48,52.1376283,21.1604129,31,0.45,0.126,255,0.0,0.0,0.0438,-0.0497,1.468,0.582,0.33,0.35,313.11,0.02,0.02,0.01,0.05,108415,999,3,0.25,0.1,0.05,0.0,48,-76,-95,0,1.55,0.0,0.0042,0.0082,14.31,15.82,10.06
271.175,after,107.2,52.1376282,21.1604124,83.47,52.1376283,21.1604129,31,0.45,0.126,255,0.0,-0.1672,0.0329,-0.0076,1.444,0.579,0.58,0.31,312.4,0.04,0.02,0.02,0.05,108415,999,3,0.25,0.1,0.03,-0.01,48,-64,-86,0,1.55,0.0,0.0048,0.0082,13.59,13.51,9.41
271.275,after,107.3,52.1376281,21.1604125,83.47,52.1376283,21.1604129,31,0.45,0.126,255,0.0,-0.1672,-0.0182,0.0256,1.474,0.579,0.49,0.24,311.87,0.04,0.02,0.01,0.04,108415,999,3,0.25,0.1,0.03,-0.01,48,126,-249,0,1.54,0.0,0.0045,0.0127,12.81,14.19,8.48
271.375,after,107.401,52.1376281,21.1604125,83.47,52.1376282,21.1604131,31,0.45,0.151,255,0.0,0.0,-0.0202,-0.0013,1.49,0.578,0.42,0.37,311.6,0.02,0.02,0.0,0.06,108415,999,3,0.25,0.08,0.0,-0.08,48,171,2,0,1.54,-0.01,0.0064,0.0104,14.49,17.63,9.61
271.475,after,107.501,52.1376281,21.1604126,83.47,52.1376281,21.1604134,31,0.45,0.138,255,0.0,0.0,-0.041,-0.0318,1.484,0.578,0.17,0.28,311.57,0.02,0.02,0.02,0.04,108415,999,3,0.25,0.08,0.0,-0.08,48,27,60,0,1.54,-0.02,0.0055,0.0156,14.7,18.31,9.3
271.575,after,107.601,52.1376281,21.1604128,83.47,52.1376281,21.1604134,31,0.45,0.138,255,0.0,-0.1672,-0.0338,0.0092,1.484,0.575,0.03,0.17,311.84,0.02,0.01,0.02,0.03,108415,999,3,0.25,0.08,0.0,-0.06,48,-119,90,0,1.53,-0.03,0.0081,0.0204,12.01,16.0,6.95
271.675,after,107.701,52.1376281,21.1604129,83.46,52.137628,21.1604137,31,0.45,0.125,255,0.0,0.0,-0.0252,-0.0241,1.484,0.569,-0.23,0.16,312.26,0.02,0.01,0.03,0.04,108415,999,3,0.25,0.12,0.0,-0.06,48,82,44,0,1.52,-0.04,0.0067,0.0243,11.99,14.22,7.85
271.775,after,107.8,52.1376281,21.160413,83.46,52.137628,21.1604137,31,0.45,0.125,255,0.0,0.0,-0.0168,-0.0069,1.49,0.565,-0.4,0.05,312.78,0.05,0.01,0.03,0.04,108415,999,3,0.25,0.12,0.04,-0.01,48,-108,-263,0,1.52,-0.04,0.0047,0.0193,12.52,12.71,8.2
271.875,after,107.901,52.1376281,21.1604131,83.45,52.137628,21.1604139,31,0.45,0.068,255,-0.1672,-0.3345,-0.0568,-0.0626,1.5,0.56,-0.59,-0.17,313.34,0.05,0.01,0.02,0.06,108415,999,3,0.25,0.12,0.04,-0.01,48,60,-81,0,1.52,-0.04,0.0038,0.0191,12.74,16.1,8.14
271.975,after,108.001,52.1376281,21.1604132,83.45,52.137628,21.1604139,31,0.45,0.068,255,0.0,0.0,0.0343,0.0329,1.5,0.558,-0.58,-0.06,313.89,0.02,0.01,0.0,0.06,108415,999,3,0.25,0.12,-0.03,-0.02,48,106,89,0,1.53,-0.05,0.0036,0.0102,14.44,16.48,7.8
272.075,after,108.101,52.1376281,21.1604133,83.45,52.137628,21.1604139,31,0.45,0.035,255,0.0,0.0,0.0025,0.0649,1.508,0.557,-0.49,0.19,314.38,0.02,0.01,0.0,0.06,108415,999,3,0.25,0.13,-0.03,-0.02,48,-27,16,0,1.53,-0.05,0.0022,0.0076,13.84,16.76,8.37
272.175,after,108.2,52.1376281,21.1604133,83.45,52.137628,21.1604139,31,0.45,0.035,255,0.0,0.0,-0.0212,0.0217,1.52,0.559,-0.57,0.33,314.87,0.01,0.01,0.01,0.05,108415,999,3,0.25,0.13,0.02,0.01,48,44,-20,0,1.54,-0.05,0.0011,0.0014,13.43,17.92,9.19
272.275,after,108.3,52.1376281,21.1604134,83.46,52.137628,21.1604139,31,0.45,0.035,255,0.0,0.0,-0.0231,0.0217,1.524,0.56,-0.79,0.48,315.36,0.01,0.01,0.02,0.04,108415,999,3,0.25,0.13,0.02,0.01,48,64,-166,0,1.53,-0.06,0.0014,0.0069,17.44,18.73,9.05
272.375,after,108.4,52.1376281,21.1604134,83.46,52.1376279,21.1604139,31,0.45,0.132,255,-0.1673,0.0,-0.0929,-0.0221,1.545,0.56,-1.15,0.44,315.84,0.03,0.01,0.01,0.03,108415,999,3,0.25,0.12,0.09,0.0,48,43,0,0,1.54,-0.07,0.0069,0.0108,16.92,17.52,8.28
272.475,after,108.501,52.1376281,21.1604134,83.46,52.1376278,21.1604139,31,0.45,0.12,255,0.0,0.0,0.0031,0.0001,1.544,0.562,-1.24,0.51,316.23,0.03,0.01,0.02,0.03,108415,999,3,0.25,0.13,0.09,0.0,48,-104,-1,0,1.55,-0.06,0.0052,0.0093,15.77,17.22,9.0
272.575,after,108.601,52.1376281,21.1604134,83.46,52.1376278,21.1604139,31,0.45,0.12,255,0.0,0.0,0.0063,-0.0042,1.548,0.567,-1.31,0.5,316.44,0.06,0.01,0.02,0.04,108415,999,3,0.25,0.13,0.06,0.03,48,13,36,0,1.55,-0.07,0.0084,0.0131,15.2,17.25,10.31
272.675,after,108.701,52.137628,21.1604133,83.46,52.1376277,21.1604137,31,0.45,0.094,255,0.0,-0.1673,0.001,-0.065,1.548,0.568,-1.31,0.15,316.4,0.06,0.01,0.0,0.04,108415,999,3,0.25,0.12,0.06,0.03,48,-28,-89,0,1.55,-0.07,0.0057,0.0106,16.17,17.44,10.12
