t_log_s,phase,t_since_src2_s,ekf_lat,ekf_lon,ekf_alt,gps_lat,gps_lon,gps_nsats,gps_hdop,gps_spd,of_qual,of_flowX,of_flowY,of_bodyX,of_bodyY,rfnd_dist,ctun_alt,roll,pitch,yaw,xkf4_SV,xkf4_SP,xkf4_SH,xkf4_SM,xkf4_SS,rc7,mode,gpa_hacc,gpa_sacc,xkf3_IVN,xkf3_IVE,xkf4_TS,xkf5_FIX,xkf5_FIY,xkf5_AFI,xkf5_HAGL,xkf5_RI,xkf5_eVel,xkf5_ePos,vibe_x,vibe_y,vibe_z
629.536,before,-24.999,52.1381361,21.1610743,91.56,52.138138,21.1610786,32,0.44,1.471,255,0.0,0.335,-0.0249,0.0061,3.354,2.555,-0.86,-1.66,234.96,0.01,0.0,0.01,0.0,108415,999,3,0.38,0.06,-0.03,0.0,48,4,219,0,3.46,0.03,0.0069,0.011,14.04,16.99,11.9
629.636,before,-24.899,52.1381354,21.1610725,91.56,52.1381366,21.161075,32,0.44,1.428,255,0.0,0.67,-0.0261,-0.0242,3.352,2.559,-0.94,-1.64,235.09,0.01,0.0,0.0,0.0,108415,999,3,0.38,0.06,-0.03,0.0,48,33,383,0,3.46,0.02,0.005,0.0104,14.12,17.0,11.39
629.736,before,-24.8,52.1381347,21.1610707,91.56,52.1381366,21.161075,32,0.44,1.428,255,0.0,0.3351,0.0174,-0.0113,3.348,2.557,-1.0,-1.7,235.25,0.04,0.0,0.03,0.02,108415,999,3,0.38,0.06,-0.05,-0.01,48,43,-243,0,3.44,0.02,0.0071,0.0132,16.09,18.12,12.14
629.836,before,-24.699,52.138134,21.1610689,91.56,52.1381366,21.161075,32,0.44,1.428,255,-0.1674,0.3349,-0.0039,-0.0371,3.332,2.553,-1.02,-1.89,235.42,0.04,0.0,0.02,0.01,108415,999,3,0.38,0.06,-0.05,-0.01,48,-183,-67,0,3.44,0.0,0.0048,0.0134,17.89,19.15,12.19
629.936,before,-24.6,52.1381333,21.1610672,91.55,52.1381352,21.1610715,32,0.44,1.426,255,-0.1675,0.5025,-0.0137,-0.0244,3.342,2.545,-0.94,-2.0,235.54,0.04,0.01,0.05,0.0,108415,999,3,0.38,0.05,-0.1,0.02,48,-21,-238,0,3.42,0.0,0.0136,0.0305,15.64,19.79,12.48
630.036,before,-24.499,52.1381327,21.1610654,91.54,52.1381338,21.161068,32,0.44,1.45,255,0.0,0.3349,-0.0042,-0.025,3.346,2.536,-0.97,-2.12,235.6,0.04,0.01,0.02,0.01,108415,999,3,0.38,0.06,-0.1,0.02,48,25,247,0,3.41,-0.01,0.0089,0.0233,15.99,17.81,12.64
630.136,before,-24.4,52.138132,21.1610636,91.53,52.1381338,21.161068,32,0.44,1.45,255,0.0,0.335,0.0094,-0.023,3.336,2.525,-1.03,-2.33,235.64,0.04,0.0,0.0,0.0,108415,999,3,0.38,0.06,0.02,0.0,48,40,-219,0,3.4,-0.02,0.0051,0.0204,17.16,17.59,12.2
630.236,before,-24.299,52.1381313,21.1610619,91.52,52.1381323,21.1610646,32,0.44,1.44,255,-0.1675,0.67,-0.0303,-0.0271,3.318,2.515,-1.08,-2.4,235.67,0.04,0.0,0.03,0.01,108415,999,3,0.38,0.06,0.02,0.0,48,3,-96,0,3.4,-0.02,0.0035,0.02,16.23,18.29,11.78
630.336,before,-24.199,52.1381305,21.1610601,91.51,52.1381323,21.1610646,32,0.44,1.44,255,0.0,0.1675,0.0219,0.0275,3.306,2.502,-0.97,-2.32,235.67,0.06,0.0,0.01,0.0,108415,999,3,0.38,0.06,0.03,-0.04,48,-41,-298,0,3.38,-0.03,0.0069,0.023,16.18,17.85,12.5
630.436,before,-24.099,52.1381298,21.1610584,91.5,52.1381306,21.1610612,31,0.46,1.511,255,0.0,0.335,0.0185,0.0049,3.326,2.494,-1.05,-2.34,235.66,0.06,0.0,0.0,0.0,108415,999,3,0.38,0.06,0.03,-0.04,48,-7,41,0,3.39,0.0,0.0044,0.0119,17.2,16.68,12.39
630.536,before,-24.0,52.138129,21.1610566,91.49,52.1381306,21.1610612,31,0.46,1.511,255,0.0,0.335,-0.0237,0.0037,3.32,2.488,-1.02,-2.3,235.67,0.03,0.0,0.0,0.0,108415,999,3,0.38,0.06,0.08,0.0,48,-194,-118,0,3.38,-0.01,0.0089,0.0136,15.71,16.9,12.01
630.636,before,-23.899,52.1381282,21.1610548,91.49,52.138129,21.1610576,31,0.46,1.493,255,0.0,0.5025,0.0216,0.0287,3.32,2.485,-0.94,-2.16,235.65,0.03,0.0,0.0,0.01,108415,999,3,0.38,0.06,0.08,0.0,48,-153,-287,0,3.38,-0.01,0.0066,0.0098,16.7,18.08,11.79
630.736,before,-23.8,52.1381274,21.161053,91.49,52.138129,21.1610576,31,0.46,1.493,255,0.0,0.6698,-0.0167,0.0285,3.32,2.482,-1.01,-2.04,235.62,0.02,0.0,0.0,0.02,108415,999,3,0.38,0.06,0.0,0.01,48,-13,194,0,3.38,-0.02,0.0058,0.0098,16.22,15.8,12.51
630.836,before,-23.7,52.1381266,21.1610512,91.49,52.138129,21.1610576,31,0.46,1.493,255,0.0,0.335,0.0103,-0.009,3.314,2.48,-0.94,-2.03,235.51,0.02,0.0,0.01,0.0,108415,999,3,0.38,0.06,0.0,0.01,48,-21,-134,0,3.38,-0.02,0.0042,0.0074,15.49,15.6,10.31
630.936,before,-23.6,52.1381258,21.1610494,91.49,52.1381275,21.161054,31,0.46,1.509,255,0.0,0.335,0.0423,-0.0059,3.322,2.483,-0.78,-2.02,235.42,0.04,0.0,0.0,0.0,108415,999,3,0.37,0.05,-0.03,0.02,48,-14,-128,0,3.4,0.0,0.0048,0.0115,16.98,16.38,11.7
631.036,before,-23.499,52.138125,21.1610476,91.49,52.1381261,21.1610503,32,0.44,1.516,255,0.0,0.6698,0.0158,0.0155,3.312,2.487,-0.67,-2.04,235.31,0.04,0.0,0.02,0.0,108415,999,3,0.37,0.05,-0.03,0.02,48,-30,-97,0,3.4,0.0,0.0036,0.007,16.46,16.17,11.28
631.136,before,-23.4,52.1381243,21.1610458,91.5,52.1381261,21.1610503,32,0.44,1.516,255,0.0,0.335,0.0202,-0.0196,3.326,2.491,-0.65,-2.11,235.18,0.04,0.0,0.02,0.01,108415,999,3,0.37,0.05,-0.09,0.06,48,-158,219,0,3.41,0.0,0.0087,0.0175,14.82,16.05,10.12
631.236,before,-23.299,52.1381235,21.1610439,91.5,52.1381245,21.1610467,32,0.44,1.551,255,0.0,0.1675,-0.0084,0.0099,3.33,2.495,-0.59,-1.97,235.09,0.04,0.0,0.01,0.0,108415,999,3,0.37,0.06,-0.09,0.06,48,-12,181,0,3.41,0.0,0.0059,0.0124,16.32,16.2,9.95
631.336,before,-23.199,52.1381227,21.1610421,91.5,52.1381245,21.1610467,32,0.44,1.551,255,0.0,0.3351,-0.0353,0.0317,3.33,2.495,-0.73,-1.92,235.06,0.03,0.0,0.02,0.0,108415,999,3,0.37,0.06,0.06,0.0,48,17,-290,0,3.4,0.0,0.0027,0.0036,17.72,19.59,9.83
631.436,before,-23.099,52.1381219,21.1610402,91.5,52.1381228,21.1610431,32,0.44,1.504,255,0.0,0.3349,-0.0071,0.0111,3.324,2.494,-0.84,-1.79,235.03,0.03,0.0,0.0,0.0,108415,999,3,0.37,0.06,0.06,0.0,48,11,29,0,3.41,0.0,0.0026,0.0052,15.82,18.4,10.37
631.536,before,-22.999,52.1381211,21.1610384,91.5,52.1381228,21.1610431,32,0.44,1.504,255,0.0,0.5024,0.0219,0.0134,3.328,2.491,-0.8,-1.71,235.09,0.05,0.0,0.01,0.01,108415,999,3,0.37,0.06,0.04,-0.05,48,0,34,0,3.4,-0.01,0.0065,0.0085,15.42,18.07,10.24
631.636,before,-22.899,52.1381203,21.1610366,91.5,52.1381211,21.1610397,32,0.44,1.544,255,0.0,0.1674,0.0137,0.0367,3.34,2.491,-0.77,-1.62,235.17,0.05,0.0,0.03,0.0,108415,999,3,0.37,0.07,0.04,-0.05,48,-19,-116,0,3.41,0.0,0.0055,0.0146,17.85,17.48,11.22
631.736,before,-22.8,52.1381195,21.1610349,91.49,52.1381211,21.1610397,32,0.44,1.544,255,0.0,0.3349,0.0373,-0.0047,3.326,2.486,-0.58,-1.53,235.24,0.1,0.0,0.0,0.0,108415,999,3,0.37,0.07,0.15,-0.08,48,-40,-164,0,3.4,-0.01,0.0162,0.0215,17.24,16.38,10.46
631.836,before,-22.699,52.1381186,21.1610331,91.49,52.1381211,21.1610397,32,0.44,1.544,255,0.0,0.6698,0.0887,-0.0009,3.326,2.483,-0.32,-1.59,235.33,0.1,0.0,0.0,0.01,108415,999,3,0.37,0.07,0.15,-0.08,48,-24,-93,0,3.4,-0.01,0.011,0.0163,15.94,15.11,11.59
631.936,before,-22.599,52.1381178,21.1610314,91.48,52.1381194,21.1610363,32,0.44,1.493,255,0.0,0.3349,0.0395,-0.0159,3.288,2.477,0.0,-1.64,235.41,0.05,0.02,0.01,0.01,108415,999,3,0.37,0.06,-0.03,0.02,48,-77,43,0,3.38,-0.02,0.0069,0.0149,16.16,17.69,11.88
632.036,before,-22.499,52.138117,21.1610296,91.48,52.1381179,21.1610327,32,0.44,1.528,255,0.0,0.3349,-0.0186,-0.008,3.294,2.471,0.15,-1.66,235.47,0.05,0.02,0.01,0.0,108415,999,3,0.37,0.06,-0.03,0.02,48,-60,53,0,3.39,0.01,0.0037,0.0085,17.05,18.96,11.52
632.136,before,-22.4,52.1381163,21.1610278,91.47,52.1381179,21.1610327,32,0.44,1.528,255,-0.1675,0.6698,-0.0095,0.005,3.302,2.464,0.07,-1.68,235.53,0.02,0.0,0.02,0.01,108415,999,3,0.37,0.06,0.0,0.03,48,24,48,0,3.37,0.0,0.0021,0.0076,16.2,16.62,12.12
632.236,before,-22.299,52.1381155,21.1610261,91.46,52.1381164,21.161029,32,0.44,1.509,255,0.0,0.3349,-0.0383,0.0,3.312,2.459,-0.14,-1.68,235.6,0.02,0.0,0.0,0.01,108415,999,3,0.37,0.05,0.0,0.03,48,36,-277,0,3.37,-0.01,0.0006,0.0032,15.25,16.57,10.76
632.336,before,-22.199,52.1381148,21.1610242,91.46,52.1381164,21.161029,32,0.44,1.509,255,0.0,0.335,-0.0413,-0.0215,3.264,2.457,-0.35,-1.79,235.64,0.02,0.0,0.01,0.0,108415,999,3,0.37,0.05,-0.03,0.03,48,-120,80,0,3.38,0.0,0.0038,0.0094,17.3,17.15,11.03
632.436,before,-22.099,52.138114,21.1610224,91.46,52.138115,21.1610253,32,0.44,1.497,255,-0.1675,0.6698,-0.0131,-0.0377,3.286,2.458,-0.48,-1.95,235.67,0.02,0.0,0.0,0.0,108415,999,3,0.37,0.05,-0.03,0.03,48,41,-95,0,3.38,0.0,0.0033,0.0081,17.25,16.99,11.42
632.536,before,-21.999,52.1381133,21.1610206,91.46,52.138115,21.1610253,32,0.44,1.497,255,-0.1675,0.335,-0.0243,-0.025,3.294,2.46,-0.56,-1.99,235.7,0.03,0.0,0.01,0.0,108415,999,3,0.37,0.05,-0.01,0.01,48,20,-250,0,3.38,0.02,0.0047,0.0101,17.29,17.24,11.39
632.636,before,-21.899,52.1381126,21.1610187,91.47,52.1381135,21.1610216,32,0.44,1.524,255,0.0,0.3349,-0.0143,0.0158,3.278,2.461,-0.63,-2.05,235.69,0.03,0.0,0.01,0.01,108415,999,3,0.37,0.05,-0.01,0.01,48,31,248,0,3.38,0.0,0.0035,0.0061,17.26,17.84,12.23
632.736,before,-21.799,52.1381118,21.1610169,91.47,52.1381135,21.1610216,32,0.44,1.524,255,-0.1675,0.67,0.0192,-0.0013,3.282,2.463,-0.68,-2.12,235.6,0.02,0.0,0.0,0.01,108415,999,3,0.37,0.05,0.0,0.02,48,34,54,0,3.38,0.01,0.005,0.0119,16.65,16.9,13.6
632.836,before,-21.699,52.1381111,21.161015,91.47,52.1381135,21.1610216,32,0.44,1.524,255,0.0,0.335,0.0016,0.0096,3.262,2.465,-0.61,-1.99,235.51,0.02,0.0,0.0,0.0,108415,999,3,0.37,0.05,0.0,0.02,48,-185,-150,0,3.38,0.01,0.0038,0.0091,17.3,18.09,12.39
632.936,before,-21.599,52.1381104,21.1610132,91.47,52.138112,21.1610178,32,0.44,1.536,255,-0.1675,0.335,-0.0167,0.0261,3.274,2.465,-0.54,-1.82,235.45,0.02,0.01,0.01,0.0,108415,999,3,0.37,0.05,0.0,0.06,48,-10,-138,0,3.38,0.01,0.0042,0.0056,15.51,18.58,11.55
633.036,before,-21.499,52.1381097,21.1610113,91.47,52.1381106,21.1610141,32,0.44,1.486,255,-0.1675,0.335,-0.0011,0.0309,3.254,2.462,-0.71,-1.72,235.45,0.02,0.01,0.05,0.0,108415,999,3,0.37,0.05,0.0,0.06,48,-96,381,0,3.36,0.0,0.0022,0.0071,16.25,19.66,11.28
633.136,before,-21.399,52.138109,21.1610094,91.46,52.1381106,21.1610141,32,0.44,1.486,255,-0.1675,0.5025,-0.0167,0.0157,3.246,2.458,-0.86,-1.6,235.54,0.02,0.0,0.0,0.0,108415,999,3,0.37,0.05,-0.07,0.0,48,53,195,0,3.36,0.02,0.0051,0.0077,15.45,18.3,12.76
633.236,before,-21.299,52.1381083,21.1610076,91.46,52.1381092,21.1610103,32,0.44,1.507,255,-0.1674,0.6697,-0.0425,-0.0203,3.252,2.456,-0.98,-1.64,235.63,0.02,0.0,0.02,0.0,108415,999,3,0.37,0.05,-0.07,0.0,48,-143,-107,0,3.37,0.02,0.0042,0.0092,17.03,19.17,12.34
633.336,before,-21.199,52.1381076,21.1610057,91.46,52.1381092,21.1610103,32,0.44,1.507,255,0.0,0.1675,-0.0229,-0.0196,3.244,2.457,-1.1,-1.75,235.72,0.01,0.0,0.03,0.0,108415,999,3,0.37,0.05,-0.03,0.0,48,38,-102,0,3.36,0.02,0.0043,0.0059,16.45,17.57,11.48
633.436,before,-21.099,52.1381069,21.1610039,91.46,52.1381078,21.1610066,32,0.44,1.483,255,0.0,0.335,-0.0007,-0.0251,3.256,2.455,-1.17,-1.84,235.77,0.01,0.0,0.03,0.0,108415,999,3,0.36,0.05,-0.03,0.0,48,28,56,0,3.35,0.02,0.0027,0.0062,14.86,17.65,10.73
633.536,before,-20.999,52.1381062,21.1610021,91.47,52.1381078,21.1610066,32,0.44,1.483,255,-0.1675,0.6701,-0.0056,-0.0193,3.248,2.46,-1.27,-1.97,235.79,0.07,0.0,0.03,0.0,108415,999,3,0.36,0.05,-0.07,0.0,48,28,-87,0,3.37,0.04,0.0089,0.0205,17.01,18.86,11.44
633.636,before,-20.899,52.1381055,21.1610002,91.47,52.1381064,21.1610029,31,0.46,1.487,255,0.0,0.335,0.0033,-0.0208,3.256,2.467,-1.26,-2.12,235.75,0.07,0.0,0.01,0.01,108415,999,3,0.36,0.05,-0.07,0.0,48,18,-85,0,3.37,0.04,0.006,0.0134,16.52,17.2,11.23
633.736,before,-20.799,52.1381047,21.1609984,91.47,52.1381064,21.1610029,31,0.46,1.487,255,0.0,0.1675,0.0027,-0.0214,3.244,2.469,-1.29,-2.3,235.66,0.0,0.0,0.04,0.01,108415,999,3,0.36,0.05,0.0,0.0,48,17,240,0,3.36,0.01,0.0027,0.0035,15.15,17.3,9.93
633.836,before,-20.7,52.138104,21.1609966,91.47,52.1381064,21.1610029,31,0.46,1.487,255,-0.1674,0.3349,0.0034,-0.0018,3.234,2.467,-1.19,-2.26,235.55,0.0,0.0,0.02,0.0,108415,999,3,0.36,0.05,0.0,0.0,48,-19,52,0,3.35,0.02,0.0014,0.0038,17.13,16.28,10.11
633.936,before,-20.599,52.1381033,21.1609948,91.47,52.138105,21.1609992,31,0.46,1.506,255,-0.1675,0.335,0.0051,0.006,3.24,2.463,-1.01,-2.16,235.44,0.03,0.01,0.04,0.01,108415,999,3,0.36,0.05,-0.05,0.05,48,-33,-130,0,3.34,0.02,0.0065,0.0143,16.33,17.08,11.18
634.036,before,-20.499,52.1381025,21.1609929,91.46,52.1381035,21.1609955,31,0.46,1.579,255,0.0,0.5023,0.0108,0.0503,3.23,2.459,-0.95,-2.03,235.34,0.03,0.01,0.01,0.01,108415,999,3,0.36,0.06,-0.05,0.05,48,6,-124,0,3.35,0.02,0.0039,0.0066,17.14,16.02,11.99
634.136,before,-20.399,52.1381017,21.1609911,91.46,52.1381035,21.1609955,31,0.46,1.579,255,-0.1674,0.6698,0.0229,0.0366,3.218,2.456,-0.95,-1.86,235.3,0.05,0.0,0.0,0.01,108415,999,3,0.36,0.06,0.12,0.03,48,18,-157,0,3.34,0.02,0.0076,0.0086,17.04,16.16,10.84
634.236,before,-20.299,52.138101,21.1609892,91.46,52.1381018,21.1609919,31,0.46,1.501,255,0.0,0.335,0.0145,0.0182,3.224,2.456,-0.98,-1.75,235.34,0.05,0.0,0.0,0.01,108415,999,3,0.36,0.06,0.12,0.03,48,-156,178,0,3.34,0.04,0.0054,0.0079,18.41,16.05,10.14
634.336,before,-20.199,52.1381001,21.1609874,91.46,52.1381018,21.1609919,31,0.46,1.501,255,0.0,0.335,-0.0062,0.0258,3.218,2.452,-0.85,-1.55,235.42,0.04,0.0,0.03,0.0,108415,999,3,0.36,0.06,0.05,-0.03,48,-43,-169,0,3.32,0.02,0.008,0.0132,17.13,17.86,12.17
634.436,before,-20.099,52.1380993,21.1609856,91.45,52.1381004,21.1609883,31,0.46,1.485,255,-0.1675,0.3349,-0.0092,-0.0095,3.226,2.447,-0.87,-1.5,235.53,0.04,0.0,0.02,0.0,108415,999,3,0.36,0.05,0.05,-0.03,48,-9,-306,0,3.32,0.01,0.0057,0.0119,15.59,16.71,10.32
634.536,before,-19.999,52.1380986,21.1609838,91.45,52.1381004,21.1609883,31,0.46,1.485,255,0.0,0.5026,0.0115,-0.0213,3.202,2.444,-0.84,-1.55,235.62,0.05,0.0,0.01,0.01,108415,999,3,0.36,0.05,-0.14,0.06,48,-11,-125,0,3.31,0.01,0.007,0.0104,17.16,17.24,11.06
634.636,before,-19.899,52.1380978,21.1609819,91.44,52.138099,21.1609845,31,0.46,1.54,255,0.0,0.67,0.0029,-0.0344,3.2,2.44,-0.82,-1.68,235.68,0.05,0.0,0.04,0.0,108415,999,3,0.36,0.06,-0.14,0.06,48,-10,-272,0,3.3,0.01,0.0049,0.0129,16.81,16.12,10.51
634.736,before,-19.799,52.1380971,21.1609801,91.44,52.138099,21.1609845,31,0.46,1.54,255,0.0,0.335,0.009,-0.0176,3.19,2.433,-0.81,-1.86,235.73,0.04,0.0,0.0,0.0,108415,999,3,0.36,0.06,-0.01,0.05,48,4,77,0,3.3,0.02,0.0065,0.0151,16.08,17.1,9.78
634.836,before,-19.699,52.1380963,21.1609783,91.43,52.138099,21.1609845,31,0.46,1.54,255,0.0,0.1675,0.0034,-0.0182,3.172,2.428,-0.83,-2.01,235.76,0.04,0.0,0.03,0.01,108415,999,3,0.36,0.06,-0.01,0.05,48,0,-106,0,3.29,0.01,0.0044,0.0157,17.55,16.7,9.63
634.936,before,-19.599,52.1380956,21.1609764,91.43,52.1380975,21.1609809,31,0.46,1.491,255,-0.1675,0.5025,-0.0138,-0.0333,3.174,2.421,-0.87,-2.1,235.76,0.02,0.01,0.02,0.0,108415,999,3,0.36,0.05,0.0,0.01,48,-6,207,0,3.28,0.0,0.0046,0.0173,15.82,17.05,9.5
635.036,before,-19.499,52.1380949,21.1609746,91.42,52.138096,21.1609772,31,0.46,1.501,255,0.0,0.335,-0.0242,0.0267,3.16,2.416,-0.91,-2.04,235.71,0.02,0.01,0.02,0.01,108415,999,3,0.36,0.05,0.0,0.01,48,-1,-120,0,3.27,0.02,0.003,0.0143,18.27,16.98,9.95
635.136,before,-19.399,52.1380941,21.1609728,91.41,52.138096,21.1609772,31,0.46,1.501,255,0.0,0.1675,0.0169,0.0287,3.184,2.409,-0.91,-1.99,235.63,0.04,0.0,0.0,0.02,108415,999,3,0.36,0.05,-0.04,0.04,48,12,-131,0,3.27,0.01,0.0054,0.013,16.34,17.39,10.35
635.236,before,-19.299,52.1380934,21.1609709,91.41,52.1380945,21.1609735,31,0.46,1.519,255,0.0,0.3349,0.026,0.0171,3.166,2.406,-0.86,-1.93,235.56,0.04,0.0,0.03,0.0,108415,999,3,0.36,0.06,-0.04,0.04,48,0,-144,0,3.26,0.0,0.0033,0.0121,16.7,18.24,10.55
635.336,before,-19.2,52.1380926,21.1609691,91.41,52.1380945,21.1609735,31,0.46,1.519,255,0.0,0.5024,-0.0069,0.0013,3.162,2.403,-0.86,-1.92,235.52,0.03,0.0,0.02,0.01,108415,999,3,0.36,0.06,0.0,0.04,48,-1,28,0,3.27,0.0,0.0036,0.0064,16.17,18.13,10.18
635.436,before,-19.099,52.1380919,21.1609672,91.41,52.1380929,21.1609698,31,0.46,1.543,255,-0.1675,0.6698,-0.0336,0.0242,3.2,2.403,-0.89,-1.73,235.49,0.03,0.0,0.0,0.01,108415,999,3,0.36,0.06,0.0,0.04,48,-171,325,0,3.27,0.02,0.0014,0.0031,16.02,18.08,9.88
635.536,before,-18.999,52.1380911,21.1609654,91.41,52.1380929,21.1609698,31,0.46,1.543,255,0.0,0.3349,0.0265,0.0363,3.208,2.402,-0.88,-1.61,235.53,0.02,0.0,0.01,0.01,108415,999,3,0.36,0.06,0.04,0.0,48,-178,-154,0,3.27,0.0,0.0036,0.0047,17.06,18.06,10.12
635.636,before,-18.899,52.1380903,21.1609636,91.41,52.1380913,21.1609662,31,0.46,1.519,255,0.0,0.335,-0.0057,0.0211,3.202,2.402,-0.96,-1.51,235.61,0.02,0.0,0.02,0.0,108415,999,3,0.36,0.06,0.04,0.0,48,-22,164,0,3.27,-0.02,0.0029,0.005,15.02,20.04,11.26
635.736,before,-18.8,52.1380895,21.1609618,91.41,52.1380913,21.1609662,31,0.46,1.519,255,0.0,0.8376,-0.0231,-0.0063,3.184,2.401,-1.05,-1.44,235.71,0.02,0.0,0.02,0.01,108415,999,3,0.36,0.06,0.04,-0.02,48,8,-167,0,3.26,-0.02,0.0062,0.0095,16.37,18.68,12.2
635.836,before,-18.699,52.1380887,21.16096,91.4,52.1380913,21.1609662,31,0.46,1.519,255,0.0,0.3349,0.0154,-0.0484,3.172,2.4,-1.04,-1.66,235.73,0.02,0.0,0.0,0.01,108415,999,3,0.36,0.06,0.04,-0.02,48,-170,-285,0,3.27,0.0,0.0048,0.0064,16.09,17.1,11.88
635.936,before,-18.599,52.1380879,21.1609582,91.4,52.1380897,21.1609626,31,0.46,1.493,255,-0.1675,0.335,0.0057,-0.0371,3.178,2.399,-0.95,-1.84,235.73,0.01,0.01,0.01,0.01,108415,999,3,0.36,0.06,-0.01,0.0,48,-29,-271,0,3.27,0.0,0.0034,0.0068,15.53,18.02,11.6
636.036,before,-18.499,52.1380872,21.1609565,91.4,52.1380882,21.1609591,31,0.46,1.475,255,0.0,0.6698,0.0301,-0.0014,3.182,2.396,-0.7,-1.88,235.68,0.01,0.01,0.03,0.01,108415,999,3,0.36,0.06,-0.01,0.0,48,-50,-104,0,3.26,0.0,0.0031,0.0083,17.07,17.68,13.54
636.136,before,-18.399,52.1380864,21.1609547,91.4,52.1380882,21.1609591,31,0.46,1.475,255,0.0,0.1674,0.0457,0.0223,3.18,2.391,-0.48,-1.84,235.65,0.01,0.0,0.03,0.0,108415,999,3,0.36,0.06,0.0,0.01,48,-36,214,0,3.25,0.0,0.0025,0.0111,16.03,18.2,13.36
636.236,before,-18.299,52.1380856,21.1609529,91.39,52.1380866,21.1609556,31,0.46,1.452,255,0.0,0.335,0.0037,0.0153,3.204,2.387,-0.51,-1.81,235.65,0.01,0.0,0.01,0.01,108415,999,3,0.36,0.06,0.0,0.01,48,4,-134,0,3.26,0.0,0.0017,0.0025,15.92,16.57,13.46
636.336,before,-18.2,52.1380849,21.1609512,91.39,52.1380866,21.1609556,31,0.46,1.452,255,0.0,0.5025,-0.0444,-0.0086,3.21,2.388,-0.6,-1.78,235.64,0.02,0.0,0.0,0.0,108415,999,3,0.36,0.06,0.01,-0.03,48,1,24,0,3.27,-0.01,0.005,0.0089,16.84,16.21,12.87
636.436,before,-18.099,52.1380841,21.1609494,91.39,52.1380851,21.1609521,31,0.46,1.444,255,0.0,0.335,-0.0105,-0.0185,3.21,2.388,-0.6,-1.86,235.64,0.02,0.0,0.01,0.01,108415,999,3,0.36,0.05,0.01,-0.03,48,-26,-118,0,3.27,-0.01,0.0041,0.0076,14.5,17.13,10.69
636.536,before,-17.999,52.1380834,21.1609476,91.4,52.1380851,21.1609521,31,0.46,1.444,255,0.0,0.3349,0.0028,0.0187,3.214,2.393,-0.6,-1.87,235.6,0.07,0.0,0.01,0.02,108415,999,3,0.36,0.05,-0.12,0.05,48,-164,221,0,3.29,0.0,0.0097,0.0216,17.45,17.5,10.21
636.636,before,-17.899,52.1380826,21.1609458,91.4,52.1380837,21.1609485,31,0.46,1.44,255,-0.1674,0.5023,-0.0004,-0.0008,3.19,2.397,-0.72,-1.93,235.58,0.07,0.0,0.01,0.01,108415,999,3,0.36,0.06,-0.12,0.05,48,-162,-140,0,3.29,0.0,0.0065,0.0153,16.13,16.23,10.73
636.736,before,-17.799,52.1380819,21.160944,91.4,52.1380837,21.1609485,31,0.46,1.44,255,0.0,0.5025,-0.0264,-0.0106,3.192,2.399,-0.83,-1.95,235.58,0.01,0.0,0.02,0.0,108415,999,3,0.36,0.06,-0.02,-0.02,48,-3,42,0,3.29,-0.01,0.0057,0.0117,15.84,17.03,10.32
636.836,before,-17.699,52.1380812,21.1609423,91.4,52.1380837,21.1609485,31,0.46,1.44,255,0.0,0.5025,-0.0305,-0.0196,3.168,2.4,-0.86,-1.95,235.57,0.01,0.0,0.01,0.01,108415,999,3,0.36,0.06,-0.02,-0.02,48,0,46,0,3.29,0.01,0.0039,0.0093,17.16,17.46,9.34
636.936,before,-17.6,52.1380805,21.1609405,91.41,52.1380822,21.160945,31,0.46,1.474,255,0.0,0.1675,0.0229,0.0077,3.172,2.402,-0.91,-2.0,235.57,0.03,0.01,0.01,0.0,108415,999,3,0.36,0.06,-0.01,0.0,48,-128,-97,0,3.3,0.02,0.0072,0.0204,15.97,17.57,10.15
637.036,before,-17.499,52.1380798,21.1609387,91.41,52.1380806,21.1609414,31,0.46,1.527,255,0.0,0.5024,0.0013,-0.0168,3.17,2.404,-0.94,-2.07,235.62,0.03,0.01,0.02,0.01,108415,999,3,0.36,0.06,-0.01,0.0,48,-6,-121,0,3.29,0.03,0.0046,0.0118,14.66,17.76,10.11
637.136,before,-17.399,52.138079,21.160937,91.41,52.1380806,21.1609414,31,0.46,1.527,255,0.0,0.67,-0.0161,-0.0145,3.168,2.407,-0.9,-2.12,235.7,0.03,0.0,0.01,0.0,108415,999,3,0.36,0.06,0.09,-0.01,48,-31,-119,0,3.29,0.03,0.0077,0.0174,17.28,16.92,10.21
637.236,before,-17.299,52.1380782,21.1609352,91.42,52.138079,21.1609378,31,0.46,1.529,255,0.0,0.1675,0.0196,0.0037,3.164,2.411,-0.84,-2.15,235.77,0.03,0.0,0.02,0.01,108415,999,3,0.36,0.06,0.09,-0.01,48,-6,54,0,3.3,0.03,0.0065,0.0199,16.84,16.25,11.15
637.336,before,-17.2,52.1380774,21.1609334,91.42,52.138079,21.1609378,31,0.46,1.529,255,0.0,0.5025,0.0296,0.0039,3.158,2.413,-0.8,-2.12,235.85,0.03,0.0,0.0,0.01,108415,999,3,0.36,0.06,0.05,0.03,48,1,-126,0,3.29,0.03,0.0075,0.0138,15.57,16.28,10.4
637.436,before,-17.099,52.1380766,21.1609316,91.42,52.1380775,21.1609342,31,0.46,1.517,255,0.0,0.5025,0.05,0.0029,3.156,2.415,-0.66,-2.14,235.89,0.03,0.0,0.01,0.01,108415,999,3,0.36,0.06,0.05,0.03,48,-10,-288,0,3.29,0.05,0.0056,0.0149,17.57,17.2,11.56
637.536,before,-16.999,52.1380758,21.1609298,91.42,52.1380775,21.1609342,31,0.46,1.517,255,0.0,0.335,0.0012,-0.0262,3.152,2.418,-0.57,-2.2,235.91,0.02,0.0,0.03,0.01,108415,999,3,0.36,0.06,0.01,0.03,48,-17,-294,0,3.29,0.04,0.006,0.0117,16.51,17.19,12.73
637.636,before,-16.899,52.138075,21.160928,91.42,52.1380759,21.1609305,31,0.46,1.56,255,0.0,0.5026,-0.0025,0.0006,3.158,2.418,-0.45,-2.15,235.89,0.02,0.0,0.01,0.01,108415,999,3,0.36,0.06,0.01,0.03,48,-47,-151,0,3.28,0.05,0.0039,0.0073,17.07,17.0,11.44
637.736,before,-16.8,52.1380742,21.1609261,91.42,52.1380759,21.1609305,31,0.46,1.56,255,-0.1675,0.1675,0.0077,0.0335,3.16,2.415,-0.42,-2.12,235.79,0.03,0.0,0.02,0.01,108415,999,3,0.36,0.06,0.04,0.06,48,3,-294,0,3.27,0.05,0.0073,0.012,16.28,17.48,11.52
637.836,before,-16.699,52.1380734,21.1609242,91.42,52.1380759,21.1609305,31,0.46,1.56,255,-0.1674,0.3349,-0.0083,0.0182,3.142,2.411,-0.55,-2.07,235.66,0.03,0.0,0.01,0.01,108415,999,3,0.36,0.06,0.04,0.06,48,5,-167,0,3.26,0.01,0.0046,0.009,15.57,16.85,11.15
637.936,before,-16.6,52.1380726,21.1609224,91.41,52.1380743,21.1609267,31,0.46,1.542,255,0.0,0.8378,-0.0133,0.0117,3.152,2.405,-0.48,-1.87,235.5,0.02,0.01,0.03,0.0,108415,999,3,0.35,0.06,0.0,0.02,48,-19,321,0,3.25,0.0,0.0042,0.015,17.12,18.76,11.38
638.036,before,-16.499,52.1380718,21.1609205,91.4,52.1380727,21.160923,31,0.46,1.518,255,0.0,0.5023,0.0056,0.0323,3.152,2.397,-0.42,-1.76,235.36,0.02,0.01,0.03,0.01,108415,999,3,0.35,0.06,0.0,0.02,48,4,190,0,3.23,0.0,0.0037,0.0173,15.96,18.76,10.48
638.136,before,-16.4,52.138071,21.1609186,91.39,52.1380727,21.160923,31,0.46,1.518,255,0.0,0.335,-0.0081,0.0414,3.122,2.384,-0.53,-1.6,235.27,0.05,0.0,0.01,0.0,108415,999,3,0.35,0.06,0.0,0.0,48,33,-179,0,3.22,0.0,0.0056,0.02,16.59,18.2,8.7
638.236,before,-16.299,52.1380703,21.1609168,91.38,52.1380713,21.1609193,31,0.46,1.484,255,-0.1675,0.67,-0.0223,-0.017,3.112,2.376,-0.67,-1.48,235.23,0.05,0.0,0.01,0.0,108415,999,3,0.35,0.05,0.0,0.0,48,22,-200,0,3.22,0.01,0.0036,0.0139,16.58,15.57,8.91
638.336,before,-16.199,52.1380695,21.1609149,91.37,52.1380713,21.1609193,31,0.46,1.484,255,0.0,0.3351,0.0109,0.0063,3.138,2.369,-0.58,-1.45,235.18,0.04,0.0,0.02,0.01,108415,999,3,0.35,0.05,-0.12,0.03,48,-18,-142,0,3.21,0.01,0.0084,0.0148,14.96,15.46,10.95
638.436,before,-16.099,52.1380688,21.1609131,91.37,52.1380699,21.1609157,31,0.46,1.508,255,0.0,0.5025,0.0121,0.01,3.138,2.363,-0.59,-1.53,235.21,0.04,0.0,0.03,0.01,108415,999,3,0.35,0.06,-0.12,0.03,48,-152,391,0,3.2,-0.01,0.006,0.0154,17.75,15.98,11.7
638.536,before,-15.999,52.138068,21.1609113,91.36,52.1380699,21.1609157,31,0.46,1.508,255,-0.1675,0.335,-0.025,-0.0221,3.13,2.356,-0.73,-1.53,235.27,0.03,0.0,0.02,0.01,108415,999,3,0.35,0.06,0.08,-0.04,48,33,11,0,3.2,-0.02,0.0043,0.0127,16.19,16.77,11.93
638.636,before,-15.899,52.1380673,21.1609094,91.36,52.1380684,21.1609121,31,0.46,1.464,255,-0.1675,0.335,0.0321,0.0133,3.152,2.351,-0.65,-1.48,235.38,0.03,0.0,0.01,0.01,108415,999,3,0.35,0.06,0.08,-0.04,48,-9,0,0,3.2,-0.01,0.0033,0.0091,17.39,19.41,11.46
638.736,before,-15.8,52.1380666,21.1609076,91.35,52.1380684,21.1609121,31,0.46,1.464,255,0.0,0.8375,-0.0299,-0.0087,3.168,2.347,-0.66,-1.51,235.51,0.03,0.0,0.0,0.0,108415,999,3,0.35,0.06,-0.07,0.02,48,-25,189,0,3.2,-0.01,0.0043,0.0076,17.95,19.55,10.66
638.836,before,-15.7,52.1380658,21.1609058,91.35,52.1380684,21.1609121,31,0.46,1.464,255,0.0,0.6698,0.0269,-0.0175,3.166,2.346,-0.57,-1.53,235.63,0.03,0.0,0.0,0.01,108415,999,3,0.35,0.06,-0.07,0.02,48,37,-146,0,3.21,-0.04,0.003,0.0052,15.9,18.95,10.89
638.936,before,-15.599,52.1380651,21.1609041,91.35,52.138067,21.1609086,31,0.46,1.371,255,0.0,0.335,0.0335,-0.0396,3.16,2.348,-0.51,-1.77,235.72,0.06,0.02,0.01,0.02,108415,999,3,0.35,0.05,-0.09,-0.04,48,-8,-92,0,3.22,-0.02,0.0141,0.0267,16.99,17.92,11.44
639.036,before,-15.499,52.1380644,21.1609023,91.36,52.1380657,21.160905,31,0.46,1.456,255,0.0,0.5025,-0.0412,-0.0648,3.148,2.351,-0.51,-2.0,235.71,0.06,0.02,0.01,0.01,108415,999,3,0.35,0.06,-0.09,-0.04,48,-28,-105,0,3.22,-0.02,0.0096,0.0188,16.94,17.32,12.62
639.136,before,-15.4,52.1380638,21.1609005,91.36,52.1380657,21.160905,31,0.46,1.456,255,0.0,0.5023,-0.0282,0.0056,3.148,2.351,-0.68,-2.13,235.66,0.04,0.0,0.0,0.01,108415,999,3,0.35,0.06,-0.11,0.03,48,43,99,0,3.22,-0.01,0.0129,0.0208,14.2,18.46,12.62
639.236,before,-15.299,52.1380631,21.1608987,91.35,52.1380644,21.1609014,31,0.46,1.463,255,0.0,0.5025,-0.0439,0.003,3.162,2.349,-0.93,-2.16,235.7,0.04,0.0,0.03,0.01,108415,999,3,0.35,0.06,-0.11,0.03,48,52,52,0,3.22,-0.01,0.0082,0.0131,15.37,18.51,11.35
639.336,before,-15.199,52.1380624,21.160897,91.35,52.1380644,21.1609014,31,0.46,1.463,255,0.0,0.5023,0.0028,0.0092,3.166,2.348,-0.95,-2.04,235.79,0.03,0.0,0.0,0.0,108415,999,3,0.35,0.06,0.02,-0.03,48,11,5,0,3.22,-0.01,0.0055,0.0123,15.21,18.58,11.54
639.436,before,-15.099,52.1380617,21.1608952,91.35,52.1380628,21.1608979,31,0.46,1.516,255,-0.1674,0.1674,0.0281,-0.0091,3.166,2.348,-0.92,-2.11,235.89,0.03,0.0,0.0,0.0,108415,999,3,0.35,0.06,0.02,-0.03,48,7,-123,0,3.23,-0.02,0.0041,0.0122,17.77,17.82,10.43
639.536,before,-14.999,52.1380609,21.1608934,91.35,52.1380628,21.1608979,31,0.46,1.516,255,0.0,0.335,-0.0138,-0.0543,3.144,2.346,-0.9,-2.29,235.91,0.03,0.0,0.01,0.01,108415,999,3,0.35,0.06,0.09,-0.01,48,-17,56,0,3.23,-0.02,0.0065,0.0092,16.65,16.57,10.79
639.636,before,-14.899,52.1380602,21.1608916,91.35,52.1380612,21.1608943,31,0.46,1.497,255,0.0,0.5025,0.0007,-0.0109,3.142,2.342,-0.84,-2.39,235.83,0.03,0.0,0.04,0.01,108415,999,3,0.35,0.06,0.09,-0.01,48,-36,371,0,3.21,-0.01,0.005,0.0062,16.41,16.88,11.92
639.736,before,-14.8,52.1380594,21.1608898,91.34,52.1380612,21.1608943,31,0.46,1.497,255,0.0,0.335,-0.0071,0.0155,3.114,2.337,-0.85,-2.41,235.73,0.02,0.0,0.01,0.0,108415,999,3,0.35,0.06,0.02,0.0,48,6,44,0,3.21,-0.01,0.0056,0.0069,16.83,16.52,12.8
639.836,before,-14.7,52.1380586,21.160888,91.34,52.1380612,21.1608943,31,0.46,1.497,255,0.0,0.5023,0.0179,0.0414,3.138,2.33,-0.87,-2.28,235.64,0.02,0.0,0.03,0.01,108415,999,3,0.35,0.06,0.02,0.0,48,1,173,0,3.2,0.0,0.0042,0.0074,14.73,16.13,12.93
639.936,before,-14.599,52.1380578,21.1608862,91.33,52.1380597,21.1608907,31,0.46,1.528,255,0.0,0.6699,0.01,0.0318,3.15,2.324,-0.78,-2.05,235.62,0.03,0.0,0.01,0.01,108415,999,3,0.35,0.06,0.03,-0.01,48,-22,-30,0,3.2,-0.01,0.0057,0.0078,17.22,16.18,11.99
640.036,before,-14.499,52.138057,21.1608844,91.32,52.1380582,21.1608871,31,0.46,1.463,255,-0.1674,0.5023,0.0277,0.0154,3.15,2.319,-0.63,-1.89,235.64,0.03,0.0,0.02,0.01,108415,999,3,0.35,0.06,0.03,-0.01,48,-24,-183,0,3.19,-0.02,0.0043,0.0069,15.85,14.14,10.64
640.136,before,-14.399,52.1380563,21.1608826,91.32,52.1380582,21.1608871,31,0.46,1.463,255,0.0,0.3351,0.0263,0.0232,3.118,2.314,-0.53,-1.76,235.65,0.02,0.0,0.0,0.01,108415,999,3,0.35,0.06,-0.06,-0.02,48,-12,-166,0,3.19,-0.03,0.0035,0.0053,16.06,16.24,9.42
640.236,before,-14.299,52.1380555,21.1608808,91.32,52.1380567,21.1608835,31,0.46,1.482,255,0.0,0.3348,-0.006,-0.0163,3.118,2.311,-0.48,-1.77,235.7,0.02,0.0,0.01,0.01,108415,999,3,0.35,0.06,-0.06,-0.02,48,-28,177,0,3.19,0.0,0.0023,0.0037,17.26,18.39,9.4
640.336,before,-14.199,52.1380547,21.160879,91.31,52.1380567,21.1608835,31,0.46,1.482,255,0.0,0.3349,-0.024,-0.001,3.106,2.305,-0.45,-1.74,235.74,0.02,0.0,0.03,0.01,108415,999,3,0.35,0.06,-0.05,-0.03,48,-24,172,0,3.18,0.0,0.0057,0.0094,15.83,18.05,11.32
640.436,before,-14.099,52.138054,21.1608772,91.3,52.1380551,21.1608798,31,0.46,1.575,255,0.0,0.8372,-0.0109,-0.0144,3.112,2.298,-0.55,-1.74,235.79,0.02,0.0,0.01,0.01,108415,999,3,0.35,0.06,-0.05,-0.03,48,20,15,0,3.18,-0.01,0.0035,0.0068,16.45,17.17,11.55
640.536,before,-13.999,52.1380532,21.1608754,91.3,52.1380551,21.1608798,31,0.46,1.575,255,0.0,0.5025,0.0088,-0.0123,3.114,2.292,-0.63,-1.83,235.81,0.01,0.0,0.0,0.01,108415,999,3,0.35,0.06,0.03,0.01,48,27,-134,0,3.17,-0.01,0.0015,0.0038,16.1,16.34,11.63
640.636,before,-13.899,52.1380525,21.1608735,91.29,52.1380536,21.160876,31,0.46,1.548,255,0.0,0.335,0.0108,-0.0018,3.096,2.289,-0.57,-1.94,235.81,0.01,0.0,0.0,0.01,108415,999,3,0.35,0.06,0.03,0.01,48,-7,42,0,3.17,-0.02,0.0014,0.0026,15.53,16.86,11.63
640.736,before,-13.799,52.1380517,21.1608717,91.29,52.1380536,21.160876,31,0.46,1.548,255,0.0,0.5026,0.012,-0.0092,3.082,2.287,-0.55,-2.04,235.81,0.01,0.0,0.0,0.0,108415,999,3,0.35,0.06,0.0,0.02,48,-171,201,0,3.18,-0.01,0.0027,0.0075,16.88,17.1,11.21
640.836,before,-13.7,52.1380509,21.1608698,91.29,52.1380536,21.160876,31,0.46,1.548,255,0.0,0.335,-0.0023,-0.0093,3.09,2.286,-0.52,-2.07,235.8,0.01,0.0,0.0,0.0,108415,999,3,0.35,0.06,0.0,0.02,48,-176,-312,0,3.18,0.0,0.0022,0.0064,16.16,16.62,10.46
640.936,before,-13.6,52.1380502,21.160868,91.29,52.138052,21.1608724,31,0.46,1.49,255,0.0,0.5024,-0.005,0.0034,3.118,2.285,-0.53,-2.02,235.75,0.01,0.01,0.01,0.01,108415,999,3,0.35,0.06,0.0,-0.05,48,-1,-150,0,3.17,0.0,0.005,0.0085,17.76,17.56,10.09
641.036,before,-13.499,52.1380494,21.1608662,91.29,52.1380504,21.1608688,31,0.46,1.538,255,0.0,0.67,-0.0135,0.0288,3.116,2.284,-0.53,-1.94,235.7,0.01,0.01,0.0,0.0,108415,999,3,0.35,0.06,0.0,-0.05,48,4,360,0,3.18,-0.02,0.0037,0.0088,16.14,16.08,10.32
641.136,before,-13.399,52.1380486,21.1608644,91.29,52.1380504,21.1608688,31,0.46,1.538,255,0.0,0.335,0.0154,0.0078,3.102,2.285,-0.57,-1.96,235.63,0.03,0.0,0.0,0.01,108415,999,3,0.35,0.06,0.08,-0.04,48,19,11,0,3.19,-0.01,0.0083,0.0155,16.95,16.71,12.53
641.236,before,-13.299,52.1380478,21.1608626,91.29,52.1380488,21.1608651,31,0.46,1.535,255,0.0,0.335,0.0509,-0.022,3.094,2.286,-0.37,-2.01,235.55,0.03,0.0,0.01,0.01,108415,999,3,0.35,0.06,0.08,-0.04,48,-27,-167,0,3.18,0.0,0.0057,0.0105,16.09,18.93,13.25
641.336,before,-13.199,52.138047,21.1608608,91.29,52.1380488,21.1608651,31,0.46,1.535,255,0.0,1.005,-0.0078,-0.0175,3.085,2.287,-0.24,-2.01,235.49,0.03,0.0,0.01,0.01,108415,999,3,0.35,0.06,-0.02,0.02,48,121,-6,0,3.19,0.0,0.0039,0.0108,16.46,19.53,11.84
641.436,before,-13.099,52.1380462,21.1608589,91.29,52.1380473,21.1608614,31,0.46,1.533,255,0.0,0.5024,0.0227,0.0593,3.092,2.287,-0.16,-1.84,235.41,0.03,0.0,0.0,0.01,108415,999,3,0.35,0.06,-0.02,0.02,48,-5,164,0,3.19,0.0,0.003,0.0098,17.83,18.12,11.74
641.536,before,-12.999,52.1380455,21.1608571,91.29,52.1380473,21.1608614,31,0.46,1.533,255,0.0,0.5024,0.0233,0.0385,3.072,2.286,-0.21,-1.65,235.41,0.03,0.0,0.0,0.0,108415,999,3,0.35,0.06,-0.06,0.04,48,44,-8,0,3.18,0.01,0.0056,0.0113,15.69,16.81,10.92
641.636,before,-12.899,52.1380447,21.1608552,91.29,52.1380458,21.1608576,31,0.46,1.597,255,-0.1676,0.3351,-0.0567,0.0293,3.06,2.285,-0.31,-1.41,235.49,0.03,0.0,0.0,0.01,108415,999,3,0.35,0.06,-0.06,0.04,48,8,-199,0,3.18,0.02,0.0041,0.0116,17.31,16.55,11.19
641.736,before,-12.8,52.1380439,21.1608533,91.29,52.1380458,21.1608576,31,0.46,1.597,255,0.0,0.1675,-0.022,-0.0175,3.058,2.285,-0.47,-1.4,235.56,0.06,0.0,0.01,0.01,108415,999,3,0.35,0.06,0.17,-0.03,48,22,-4,0,3.18,0.03,0.0107,0.0174,17.01,16.1,12.2
641.836,before,-12.7,52.1380431,21.1608515,91.29,52.1380458,21.1608576,31,0.46,1.597,255,0.0,0.6702,0.0242,-0.0124,3.058,2.284,-0.48,-1.53,235.6,0.06,0.0,0.01,0.01,108415,999,3,0.35,0.06,0.17,-0.03,48,-132,-125,0,3.17,0.03,0.0075,0.0116,17.1,17.86,14.06
641.936,before,-12.599,52.1380423,21.1608496,91.29,52.1380441,21.1608539,31,0.46,1.593,255,-0.1674,0.3349,-0.0233,-0.0161,3.086,2.283,-0.63,-1.65,235.61,0.03,0.0,0.0,0.01,108415,999,3,0.35,0.06,0.09,0.0,48,0,-132,0,3.17,0.03,0.0111,0.015,18.16,16.41,12.14
642.036,before,-12.499,52.1380415,21.1608478,91.29,52.1380425,21.1608503,31,0.46,1.475,255,0.0,0.335,0.0022,-0.0184,3.096,2.282,-0.51,-1.62,235.55,0.03,0.0,0.0,0.0,108415,999,3,0.35,0.06,0.09,0.0,48,-17,-163,0,3.17,0.0,0.0074,0.0115,16.75,17.91,10.86
642.136,before,-12.4,52.1380407,21.160846,91.28,52.1380425,21.1608503,31,0.46,1.475,255,0.0,0.6698,0.0588,0.0197,3.084,2.279,-0.33,-1.62,235.47,0.04,0.0,0.0,0.0,108415,999,3,0.35,0.06,0.0,-0.03,48,8,370,0,3.16,-0.01,0.0052,0.0074,19.33,18.15,11.77
642.236,before,-12.299,52.13804,21.1608442,91.28,52.138041,21.1608467,31,0.46,1.538,255,0.0,0.5024,0.031,0.0031,3.07,2.274,-0.17,-1.65,235.41,0.04,0.0,0.02,0.01,108415,999,3,0.35,0.06,0.0,-0.03,48,-29,25,0,3.16,-0.01,0.0035,0.0068,16.77,19.36,11.92
642.336,before,-12.199,52.1380392,21.1608423,91.27,52.138041,21.1608467,31,0.46,1.538,255,0.0,0.5023,0.0005,-0.0162,3.06,2.266,-0.16,-1.68,235.36,0.03,0.0,0.02,0.01,108415,999,3,0.35,0.06,0.05,0.01,48,-5,-162,0,3.14,-0.01,0.0064,0.0148,18.59,20.04,11.19
642.436,before,-12.099,52.1380384,21.1608405,91.26,52.1380395,21.1608429,31,0.46,1.513,255,-0.1675,0.5025,-0.0297,-0.0005,3.062,2.257,-0.19,-1.62,235.31,0.03,0.0,0.02,0.01,108415,999,3,0.35,0.06,0.05,0.01,48,-10,-175,0,3.13,0.0,0.0043,0.0133,18.16,18.74,13.01
642.536,before,-11.999,52.1380377,21.1608386,91.25,52.1380395,21.1608429,31,0.46,1.513,255,0.0,0.5025,0.0168,0.0115,3.052,2.246,-0.22,-1.64,235.29,0.03,0.0,0.02,0.01,108415,999,3,0.35,0.06,-0.04,0.03,48,21,-147,0,3.12,-0.02,0.0056,0.0165,17.38,18.69,12.99
642.636,before,-11.899,52.1380369,21.1608368,91.24,52.1380382,21.1608391,31,0.46,1.503,255,0.0,0.3349,-0.0016,0.0048,3.054,2.237,-0.27,-1.69,235.34,0.03,0.0,0.0,0.01,108415,999,3,0.35,0.06,-0.04,0.03,48,42,197,0,3.12,-0.01,0.0037,0.0096,17.25,18.82,11.95
642.736,before,-11.8,52.1380362,21.1608349,91.24,52.1380382,21.1608391,31,0.46,1.503,255,-0.1676,0.3351,-0.0766,-0.0019,3.045,2.231,-0.43,-1.57,235.45,0.03,0.0,0.01,0.0,108415,999,3,0.35,0.06,-0.04,0.02,48,27,-186,0,3.12,-0.01,0.0071,0.0105,15.69,17.72,11.16
642.836,before,-11.699,52.1380355,21.160833,91.23,52.1380382,21.1608391,31,0.46,1.503,255,0.0,0.335,-0.0268,0.0088,3.038,2.227,-0.64,-1.58,235.52,0.03,0.0,0.01,0.01,108415,999,3,0.35,0.06,-0.04,0.02,48,-71,527,0,3.11,-0.01,0.005,0.0079,17.77,17.62,10.07
642.936,before,-11.6,52.1380348,21.1608312,91.23,52.1380367,21.1608354,31,0.46,1.488,255,-0.1675,0.6698,-0.0118,-0.0069,3.03,2.224,-0.86,-1.61,235.64,0.02,0.0,0.0,0.0,108415,999,3,0.35,0.06,0.04,-0.02,48,43,515,0,3.11,-0.01,0.0009,0.0032,17.1,15.94,9.85
643.036,before,-11.499,52.1380341,21.1608294,91.23,52.1380353,21.1608318,31,0.46,1.501,255,-0.1675,0.6698,0.0053,-0.0432,3.052,2.221,-0.83,-1.72,235.75,0.02,0.0,0.03,0.01,108415,999,3,0.35,0.06,0.04,-0.02,48,-165,-156,0,3.11,0.0,0.0014,0.006,16.89,18.73,12.13
643.136,before,-11.4,52.1380334,21.1608276,91.22,52.1380353,21.1608318,31,0.46,1.501,255,0.0,0.5025,-0.025,-0.0046,3.058,2.218,-0.79,-1.79,235.85,0.01,0.0,0.0,0.0,108415,999,3,0.35,0.06,-0.01,0.02,48,-13,-119,0,3.11,0.0,0.003,0.0057,17.6,17.74,11.41
643.236,before,-11.299,52.1380327,21.1608257,91.22,52.1380339,21.1608281,31,0.46,1.489,255,-0.1675,0.3349,-0.0074,-0.0009,3.054,2.215,-0.83,-1.81,235.95,0.01,0.0,0.04,0.0,108415,999,3,0.35,0.06,-0.01,0.02,48,34,-313,0,3.1,-0.04,0.0023,0.0088,17.53,17.46,12.7
643.336,before,-11.2,52.138032,21.1608239,91.22,52.1380339,21.1608281,31,0.46,1.489,255,0.0,0.3349,0.0354,-0.0079,3.044,2.214,-0.8,-1.85,236.02,0.03,0.0,0.0,0.01,108415,999,3,0.35,0.06,-0.04,0.02,48,26,362,0,3.11,-0.02,0.0065,0.0105,18.4,17.32,11.78
643.436,before,-11.099,52.1380312,21.1608221,91.22,52.1380323,21.1608244,31,0.46,1.523,255,0.0,0.5024,0.0169,-0.0126,3.008,2.214,-0.81,-1.95,236.06,0.03,0.0,0.0,0.0,108415,999,3,0.35,0.06,-0.04,0.02,48,10,38,0,3.12,0.0,0.0049,0.0102,16.99,17.33,11.38
643.536,before,-10.999,52.1380305,21.1608203,91.22,52.1380323,21.1608244,31,0.46,1.523,255,-0.1675,0.6698,-0.0353,-0.0235,3.014,2.215,-0.96,-2.02,236.08,0.03,0.0,0.0,0.01,108415,999,3,0.35,0.06,0.08,-0.03,48,18,18,0,3.12,0.0,0.0042,0.011,16.96,16.39,10.45
643.636,before,-10.899,52.1380297,21.1608185,91.22,52.1380308,21.1608209,31,0.46,1.467,255,0.0,0.1674,0.0041,0.007,3.014,2.216,-0.81,-1.99,236.04,0.03,0.0,0.0,0.0,108415,999,3,0.35,0.06,0.08,-0.03,48,-47,-158,0,3.12,0.02,0.0033,0.0104,15.29,17.08,10.9
643.736,before,-10.8,52.138029,21.1608167,91.22,52.1380308,21.1608209,31,0.46,1.467,255,0.0,0.335,0.0419,0.0104,3.012,2.219,-0.74,-2.01,235.96,0.05,0.0,0.04,0.01,108415,999,3,0.35,0.06,0.0,-0.03,48,1,32,0,3.12,0.02,0.0041,0.0069,17.11,20.91,11.03
643.836,before,-10.7,52.1380282,21.1608149,91.23,52.1380308,21.1608209,31,0.46,1.467,255,0.0,0.8376,0.0283,-0.0078,3.012,2.221,-0.68,-2.08,235.86,0.05,0.0,0.01,0.01,108415,999,3,0.35,0.06,0.0,-0.03,48,-6,208,0,3.12,0.03,0.0037,0.0103,16.61,18.03,11.13
643.936,before,-10.599,52.1380275,21.1608131,91.23,52.1380293,21.1608174,31,0.46,1.45,255,0.0,0.3349,-0.0189,-0.0306,3.022,2.222,-0.62,-2.13,235.75,0.03,0.01,0.03,0.0,108415,999,3,0.35,0.06,-0.08,0.0,48,-38,-158,0,3.12,0.02,0.009,0.0133,17.94,18.46,13.37
644.036,before,-10.499,52.1380267,21.1608113,91.23,52.1380279,21.1608138,31,0.46,1.513,255,0.0,0.5025,-0.0052,-0.0012,3.008,2.223,-0.62,-2.06,235.64,0.03,0.01,0.03,0.01,108415,999,3,0.35,0.05,-0.08,0.0,48,9,533,0,3.12,0.02,0.0068,0.0149,17.31,18.76,11.95
644.136,before,-10.4,52.138026,21.1608095,91.23,52.1380279,21.1608138,31,0.46,1.513,255,0.0,0.335,0.0092,0.021,3.013,2.23,-0.61,-2.04,235.57,0.04,0.0,0.0,0.01,108415,999,3,0.35,0.05,0.0,0.03,48,-163,-147,0,3.13,0.03,0.0067,0.0177,16.68,17.69,10.26
644.236,before,-10.299,52.1380253,21.1608077,91.24,52.1380263,21.1608101,31,0.46,1.521,255,0.0,0.5023,-0.0349,0.0275,3.018,2.236,-0.75,-1.92,235.54,0.04,0.0,0.01,0.01,108415,999,3,0.35,0.06,0.0,0.03,48,1,-162,0,3.13,0.03,0.0051,0.0166,16.41,17.34,11.77
644.336,before,-10.199,52.1380245,21.1608059,91.25,52.1380263,21.1608101,31,0.46,1.521,255,0.0,1.0049,-0.013,-0.0029,3.052,2.244,-0.8,-1.83,235.54,0.07,0.0,0.02,0.0,108415,999,3,0.35,0.06,0.05,0.0,48,14,-182,0,3.14,0.04,0.0063,0.0168,16.12,18.37,11.39
644.436,before,-10.099,52.1380237,21.1608041,91.26,52.1380247,21.1608065,32,0.44,1.469,255,0.0,0.5024,0.0416,-0.0091,3.04,2.251,-0.74,-1.78,235.57,0.07,0.0,0.02,0.01,108415,999,3,0.35,0.05,0.05,0.0,48,-158,165,0,3.15,0.01,0.0054,0.0195,18.25,20.01,10.02
644.536,before,-9.999,52.138023,21.1608023,91.26,52.1380247,21.1608065,32,0.44,1.469,255,0.0,0.3349,0.0412,0.0193,3.028,2.255,-0.53,-1.76,235.63,0.04,0.0,0.0,0.0,108415,999,3,0.35,0.05,-0.1,0.03,48,-36,191,0,3.15,0.01,0.0069,0.0136,17.3,17.58,11.46
644.636,before,-9.899,52.1380222,21.1608004,91.26,52.1380233,21.1608029,32,0.44,1.476,255,0.0,0.6698,0.0056,-0.0158,3.036,2.256,-0.45,-1.75,235.73,0.04,0.0,0.01,0.01,108415,999,3,0.35,0.06,-0.1,0.03,48,-14,-152,0,3.14,0.02,0.0044,0.0076,15.39,18.65,10.61
644.736,before,-9.8,52.1380215,21.1607986,91.25,52.1380233,21.1608029,32,0.44,1.476,255,0.0,0.3349,-0.0091,-0.0216,3.026,2.249,-0.34,-1.8,235.83,0.02,0.0,0.05,0.01,108415,999,3,0.35,0.06,0.0,-0.03,48,-39,-328,0,3.12,0.0,0.004,0.0134,16.25,20.57,10.62
644.836,before,-9.699,52.1380207,21.1607968,91.24,52.1380233,21.1608029,32,0.44,1.476,255,0.0,0.5025,0.0161,0.0102,3.042,2.239,-0.38,-1.93,235.94,0.02,0.0,0.01,0.01,108415,999,3,0.35,0.06,0.0,-0.03,48,4,-118,0,3.11,0.0,0.0033,0.0131,17.5,17.34,10.49
644.936,before,-9.6,52.13802,21.160795,91.23,52.1380217,21.1607992,32,0.44,1.576,255,0.0,0.3349,-0.0178,0.051,3.042,2.228,-0.48,-1.72,236.02,0.03,0.01,0.01,0.02,108415,999,3,0.35,0.06,0.07,0.03,48,-181,-187,0,3.1,-0.01,0.006,0.0168,18.18,16.25,10.83
645.036,before,-9.499,52.1380192,21.1607932,91.22,52.1380201,21.1607955,32,0.44,1.562,255,0.0,0.5023,-0.0253,0.0764,3.026,2.217,-0.52,-1.19,236.04,0.03,0.01,0.02,0.0,108415,999,3,0.35,0.06,0.07,0.03,48,-11,-83,0,3.09,-0.03,0.0051,0.0176,17.89,17.02,12.62
645.136,before,-9.399,52.1380184,21.1607914,91.21,52.1380201,21.1607955,32,0.44,1.562,255,0.0,1.1721,-0.02,0.1562,3.026,2.204,-0.62,-0.45,236.08,0.04,0.01,0.0,0.0,108415,999,3,0.35,0.06,0.05,0.04,48,19,-255,0,3.08,-0.02,0.0082,0.0169,17.03,18.36,13.48
645.236,before,-9.299,52.1380177,21.1607896,91.2,52.1380185,21.1607919,32,0.44,1.506,255,0.0,0.5023,0.0064,0.1894,3.012,2.194,-0.63,0.5,236.07,0.04,0.01,0.03,0.0,108415,999,3,0.35,0.07,0.05,0.04,48,14,362,0,3.07,-0.02,0.0062,0.0182,15.85,16.48,11.59
645.336,before,-9.2,52.1380169,21.1607879,91.19,52.1380185,21.1607919,32,0.44,1.506,255,0.0,0.5023,0.0042,0.1876,3.002,2.184,-0.7,1.5,236.03,0.03,0.0,0.0,0.01,108415,999,3,0.35,0.07,0.06,0.0,48,9,-154,0,3.07,-0.03,0.0082,0.0154,18.27,16.63,10.15
645.436,before,-9.099,52.1380162,21.1607862,91.18,52.138017,21.1607884,32,0.44,1.411,255,0.0,1.005,0.0206,0.1449,3.012,2.178,-0.6,2.47,235.97,0.03,0.0,0.0,0.01,112511,999,3,0.35,0.07,0.06,0.0,48,-19,-330,0,3.07,-0.01,0.0051,0.0087,17.59,15.77,10.09
645.536,before,-8.999,52.1380155,21.1607846,91.18,52.138017,21.1607884,32,0.44,1.411,255,-0.1675,1.0048,0.0112,0.1172,3.04,2.173,-0.53,3.25,235.93,0.02,0.0,0.01,0.0,112511,999,3,0.35,0.07,0.01,0.0,48,-14,-95,0,3.06,-0.01,0.0047,0.0081,16.93,15.64,10.86
645.636,before,-8.899,52.1380148,21.1607832,91.17,52.1380157,21.1607852,32,0.44,1.25,255,0.0,0.5024,0.0117,0.1569,3.032,2.17,-0.45,4.04,235.89,0.02,0.0,0.0,0.01,112511,999,3,0.35,0.06,0.01,0.0,48,-21,279,0,3.06,-0.03,0.0027,0.0051,15.45,13.96,10.54
645.736,before,-8.799,52.1380142,21.1607818,91.17,52.1380157,21.1607852,32,0.44,1.25,255,0.0,0.335,-0.0076,0.1331,3.024,2.169,-0.43,4.76,235.91,0.02,0.0,0.0,0.01,112511,999,3,0.35,0.06,-0.03,0.03,48,-1,-11,0,3.07,-0.04,0.0034,0.006,16.46,15.08,10.74
645.836,before,-8.7,52.1380137,21.1607805,91.17,52.1380157,21.1607852,32,0.44,1.25,255,0.0,0.1675,0.0081,0.1086,3.028,2.168,-0.34,5.49,235.92,0.02,0.0,0.01,0.01,112511,999,3,0.35,0.06,-0.03,0.03,48,-36,22,0,3.07,-0.01,0.0024,0.0068,17.08,15.14,9.38
645.936,before,-8.599,52.1380133,21.1607794,91.17,52.1380145,21.1607823,32,0.44,1.125,255,0.0,0.3349,0.0245,0.097,3.034,2.166,-0.32,5.99,235.94,0.04,0.0,0.01,0.02,112511,999,3,0.34,0.06,0.02,0.1,48,4,235,0,3.06,-0.01,0.0085,0.0102,15.92,16.57,11.35
646.036,before,-8.499,52.1380129,21.1607784,91.17,52.1380135,21.16078,32,0.44,0.785,255,-0.1674,0.5023,-0.0605,0.0512,3.044,2.163,-0.47,6.41,236.0,0.04,0.0,0.0,0.02,112511,999,3,0.34,0.07,0.02,0.1,48,-20,-60,0,3.07,-0.02,0.0053,0.0067,14.72,20.37,11.44
646.136,before,-8.4,52.1380125,21.1607776,91.16,52.1380135,21.16078,32,0.44,0.785,255,0.0,0.1675,-0.0302,0.0188,3.036,2.157,-0.62,6.69,236.15,0.04,0.0,0.02,0.01,112511,999,3,0.34,0.07,0.04,-0.08,48,-135,-141,0,3.06,-0.03,0.0052,0.0072,14.83,16.56,9.18
646.236,before,-8.299,52.1380123,21.1607769,91.16,52.1380129,21.1607785,32,0.44,0.549,255,-0.1675,0.1675,0.0205,-0.0641,3.004,2.152,-0.55,6.53,236.25,0.04,0.0,0.0,0.0,112511,999,3,0.34,0.06,0.04,-0.08,48,20,-209,0,3.06,-0.02,0.0038,0.0045,16.55,15.32,10.1
646.336,before,-8.199,52.1380121,21.1607764,91.15,52.1380129,21.1607785,32,0.44,0.549,255,0.0,0.0,0.043,-0.155,2.994,2.147,-0.46,5.71,236.26,0.03,0.0,0.02,0.01,112511,999,3,0.34,0.06,-0.08,0.0,48,-3,133,0,3.05,0.0,0.0058,0.0066,17.53,16.42,11.64
646.436,before,-8.099,52.138012,21.1607761,91.15,52.1380125,21.1607773,32,0.44,0.308,255,0.0,0.0,-0.0294,-0.1929,2.992,2.142,-0.45,4.75,236.27,0.03,0.0,0.03,0.01,112511,999,3,0.34,0.05,-0.08,0.0,48,-26,-136,0,3.05,0.0,0.0045,0.0061,14.95,16.07,11.42
646.536,before,-7.999,52.1380119,21.1607758,91.14,52.1380125,21.1607773,32,0.44,0.308,255,0.0,-0.1675,-0.0236,-0.1685,2.998,2.14,-0.47,3.79,236.17,0.03,0.0,0.02,0.02,112511,999,3,0.34,0.05,-0.04,0.01,48,2,99,0,3.05,0.0,0.0076,0.0084,14.71,17.56,11.0
646.636,before,-7.899,52.1380119,21.1607757,91.14,52.1380124,21.1607767,32,0.44,0.164,255,0.0,0.0,-0.0116,-0.1481,3.0,2.138,-0.53,2.87,236.07,0.03,0.0,0.02,0.0,112511,999,3,0.34,0.06,-0.04,0.01,48,21,-49,0,3.05,-0.02,0.0051,0.0064,13.12,17.09,11.71
646.736,before,-7.799,52.1380119,21.1607756,91.14,52.1380124,21.1607767,32,0.44,0.164,255,0.0,-0.1674,-0.005,-0.1104,2.956,2.136,-0.71,2.04,235.92,0.02,0.0,0.01,0.01,112511,999,3,0.34,0.06,-0.05,0.04,48,60,-34,0,3.04,-0.02,0.0097,0.0105,12.8,18.34,10.24
646.836,before,-7.7,52.138012,21.1607755,91.14,52.1380124,21.1607767,32,0.44,0.164,255,0.0,-0.1675,-0.0261,-0.1149,2.95,2.134,-0.88,1.35,235.79,0.02,0.0,0.02,0.0,112511,999,3,0.34,0.06,-0.05,0.04,48,55,-216,0,3.04,0.0,0.0062,0.0079,16.81,18.85,10.28
646.936,before,-7.6,52.138012,21.1607755,91.14,52.1380124,21.1607764,32,0.44,0.137,255,0.0,-0.1675,-0.0461,-0.0912,2.957,2.132,-1.06,0.92,235.67,0.03,0.0,0.03,0.0,112511,999,3,0.34,0.12,-0.07,0.06,48,46,63,0,3.03,0.0,0.0144,0.016,13.72,17.23,12.38
647.036,before,-7.499,52.1380121,21.1607754,91.13,52.1380126,21.1607762,32,0.44,0.072,255,-0.1674,-0.1674,-0.0099,-0.0684,2.966,2.13,-1.2,0.5,235.57,0.03,0.0,0.03,0.01,112511,999,3,0.34,0.12,-0.07,0.06,48,-112,-71,0,3.03,0.0,0.009,0.012,13.76,13.79,12.66
647.136,before,-7.399,52.1380121,21.1607754,91.13,52.1380126,21.1607762,32,0.44,0.072,255,0.0,-0.1675,-0.0138,-0.0772,2.964,2.126,-1.29,0.04,235.53,0.03,0.0,0.04,0.0,112511,999,3,0.34,0.12,-0.01,0.06,48,20,98,0,3.02,0.0,0.0104,0.0159,16.92,15.15,12.39
647.236,before,-7.299,52.1380122,21.1607754,91.13,52.1380126,21.1607762,32,0.44,0.059,255,0.0,0.0,-0.0148,-0.104,2.98,2.124,-1.33,-0.51,235.55,0.03,0.0,0.04,0.01,112511,999,3,0.34,0.15,-0.01,0.06,48,3,-62,0,3.02,-0.02,0.0059,0.0116,19.25,16.43,13.87
647.336,before,-7.199,52.1380122,21.1607754,91.13,52.1380126,21.1607762,32,0.44,0.059,255,0.0,0.0,-0.0242,-0.0655,2.988,2.122,-1.35,-1.0,235.62,0.01,0.0,0.01,0.01,108415,999,3,0.34,0.15,0.01,0.02,48,-161,-47,0,3.03,-0.03,0.0038,0.0071,16.32,17.22,12.2
647.436,before,-7.099,52.1380123,21.1607754,91.13,52.1380127,21.1607762,32,0.44,0.093,255,0.0,0.0,0.0344,-0.0112,2.99,2.12,-1.33,-1.17,235.72,0.01,0.0,0.03,0.03,108415,999,3,0.34,0.15,0.01,0.02,48,21,68,0,3.02,-0.03,0.0022,0.0123,14.99,15.22,12.73
647.536,before,-6.999,52.1380123,21.1607754,91.12,52.1380127,21.1607762,32,0.44,0.093,255,0.0,0.0,-0.017,0.0164,3.006,2.115,-1.35,-1.2,235.8,0.04,0.0,0.06,0.15,108415,999,3,0.34,0.15,-0.08,0.04,48,-3,45,0,3.01,-0.06,0.0072,0.0226,20.55,17.34,11.34
647.636,before,-6.899,52.1380124,21.1607754,91.11,52.1380129,21.1607764,32,0.44,0.123,255,0.0,0.0,0.006,0.0226,2.998,2.105,-1.26,-1.04,235.85,0.04,0.0,0.04,0.14,108415,999,3,0.34,0.11,-0.08,0.04,48,-24,-23,0,2.99,-0.06,0.005,0.028,19.92,20.88,11.79
647.736,before,-6.8,52.1380124,21.1607754,91.1,52.1380129,21.1607764,32,0.44,0.123,255,0.1674,0.0,0.0511,0.0345,3.002,2.091,-1.17,-0.88,235.89,0.03,0.0,0.06,0.17,108415,999,3,0.34,0.11,-0.08,-0.01,48,-1,-6,0,2.97,-0.11,0.0091,0.0383,14.26,21.82,10.94
647.836,before,-6.7,52.1380124,21.1607755,91.08,52.1380129,21.1607764,32,0.44,0.123,255,0.0,0.0,-0.0223,0.0247,3.008,2.075,-1.17,-0.72,235.97,0.03,0.0,0.03,0.17,108415,999,3,0.34,0.11,-0.08,-0.01,48,-9,-8,0,2.97,-0.11,0.0065,0.033,14.06,18.1,12.78
647.936,before,-6.599,52.1380124,21.1607755,91.06,52.138013,21.1607766,32,0.44,0.079,255,0.0,0.0,-0.0258,0.0027,3.004,2.06,-1.17,-0.63,236.03,0.03,0.0,0.05,0.13,108415,999,3,0.34,0.11,-0.01,-0.06,48,-26,-6,0,2.96,-0.11,0.009,0.0315,16.27,18.44,13.1
648.036,before,-6.499,52.1380125,21.1607756,91.05,52.138013,21.1607768,32,0.44,0.019,255,0.0,0.0,0.0451,0.0123,3.008,2.046,-1.16,-0.58,236.13,0.03,0.0,0.02,0.0,108415,999,3,0.34,0.14,-0.01,-0.06,48,19,3,0,2.96,-0.13,0.0069,0.0239,17.6,18.94,11.95
648.136,before,-6.4,52.1380125,21.1607756,91.04,52.138013,21.1607768,32,0.44,0.019,255,0.0,0.0,0.0131,-0.014,3.012,2.035,-1.02,-0.62,236.25,0.01,0.0,0.05,0.0,108415,999,3,0.34,0.14,-0.03,0.01,48,-71,0,0,2.95,-0.14,0.0055,0.0257,17.57,16.89,12.38
648.236,before,-6.299,52.1380125,21.1607757,91.03,52.138013,21.1607769,32,0.44,0.076,255,0.0,0.0,0.0128,0.0098,2.998,2.02,-0.83,-0.57,236.31,0.01,0.0,0.06,0.01,108415,999,3,0.34,0.12,-0.03,0.01,48,-52,9,0,2.94,-0.16,0.0055,0.0307,18.48,17.47,12.86
648.336,before,-6.2,52.1380125,21.1607758,91.01,52.138013,21.1607769,32,0.44,0.076,255,0.0,0.0,0.0307,0.0027,3.002,2.002,-0.8,-0.58,236.38,0.02,0.0,0.06,0.0,108415,999,3,0.34,0.12,0.01,-0.02,48,-2,10,0,2.92,-0.17,0.008,0.0373,16.19,18.51,12.84
648.436,before,-6.099,52.1380125,21.1607759,90.99,52.1380129,21.1607772,32,0.44,0.106,255,0.0,0.0,-0.0019,-0.0117,3.006,1.983,-0.82,-0.64,236.43,0.02,0.0,0.06,0.0,108415,999,3,0.34,0.11,0.01,-0.02,48,-25,18,0,2.9,-0.18,0.0078,0.0389,14.26,19.36,12.59
648.536,before,-5.999,52.1380124,21.1607759,90.97,52.1380129,21.1607772,32,0.44,0.106,255,0.0,0.0,-0.0003,-0.0048,3.012,1.963,-0.8,-0.62,236.45,0.02,0.0,0.04,0.0,108415,999,3,0.34,0.11,0.01,-0.02,48,-42,-9,0,2.89,-0.19,0.0089,0.0361,15.17,21.37,12.04
648.636,before,-5.899,52.1380124,21.160776,90.95,52.1380128,21.1607774,32,0.44,0.035,255,0.0,0.0,-0.0112,-0.0022,3.008,1.943,-0.67,-0.61,236.41,0.02,0.0,0.08,0.0,108415,999,3,0.34,0.12,0.01,-0.02,48,-61,-2,0,2.87,-0.22,0.0088,0.042,12.1,17.75,10.55
648.736,before,-5.799,52.1380123,21.1607761,90.93,52.1380128,21.1607774,32,0.44,0.035,255,0.0,0.0,0.0369,0.0159,3.014,1.925,-0.54,-0.56,236.37,0.01,0.0,0.0,0.02,108415,999,3,0.34,0.12,-0.03,0.01,48,-42,-7,0,2.87,-0.22,0.0056,0.0261,12.57,17.78,12.47
648.836,before,-5.699,52.1380123,21.1607761,90.92,52.1380128,21.1607774,32,0.44,0.035,255,0.0,0.0,0.0188,0.0231,3.01,1.911,-0.57,-0.51,236.34,0.01,0.0,0.02,0.0,108415,999,3,0.34,0.12,-0.03,0.01,48,-1,5,0,2.88,-0.21,0.0043,0.0182,14.59,15.62,10.37
648.936,before,-5.6,52.1380123,21.1607762,90.9,52.1380128,21.1607775,32,0.44,0.061,255,0.0,0.0,-0.0094,0.0075,3.02,1.898,-0.57,-0.43,236.34,0.02,0.0,0.03,0.0,108415,999,3,0.34,0.14,-0.01,0.01,48,-5,164,0,2.87,-0.23,0.0046,0.0202,14.14,12.84,10.43
649.036,before,-5.499,52.1380122,21.1607763,90.89,52.1380126,21.1607776,32,0.44,0.084,255,0.0,0.0,-0.0108,0.0112,3.014,1.887,-0.53,-0.33,236.38,0.02,0.0,0.0,0.0,108415,999,3,0.34,0.12,-0.01,0.01,48,-28,-12,0,2.88,-0.23,0.0028,0.0084,13.96,14.3,11.42
649.136,before,-5.399,52.1380122,21.1607763,90.88,52.1380126,21.1607776,32,0.44,0.084,255,0.0,0.0,-0.007,-0.0118,3.052,1.877,-0.54,-0.35,236.42,0.02,0.0,0.04,0.0,108415,999,3,0.34,0.12,0.03,0.04,48,-17,-2,0,2.87,-0.23,0.005,0.0119,15.63,17.46,13.52
649.236,before,-5.299,52.1380121,21.1607763,90.87,52.1380124,21.1607777,32,0.44,0.171,255,0.0,0.0,0.0271,0.0015,3.048,1.868,-0.47,-0.38,236.45,0.02,0.0,0.01,0.0,108415,999,3,0.34,0.11,0.03,0.04,48,0,13,0,2.87,-0.24,0.0038,0.0057,15.92,15.76,11.25
649.336,before,-5.2,52.1380121,21.1607764,90.87,52.1380124,21.1607777,32,0.44,0.171,255,0.0,0.0,0.0226,0.003,3.05,1.862,-0.41,-0.41,236.46,0.04,0.0,0.0,0.01,108415,999,3,0.34,0.11,0.12,-0.02,48,-34,0,0,2.88,-0.25,0.0121,0.0172,19.33,16.36,9.6
649.436,before,-5.099,52.138012,21.1607764,90.86,52.1380121,21.1607778,32,0.44,0.113,255,0.1675,0.0,0.0342,0.0144,3.052,1.856,-0.33,-0.37,236.46,0.04,0.0,0.03,0.01,108415,999,3,0.34,0.12,0.12,-0.02,48,-28,-1,0,2.88,-0.25,0.009,0.0131,17.69,17.12,10.5
649.536,before,-4.999,52.1380119,21.1607764,90.86,52.1380121,21.1607778,32,0.44,0.113,255,0.0,0.0,0.0284,-0.0064,3.058,1.851,-0.25,-0.4,236.41,0.03,0.0,0.02,0.0,108415,999,3,0.34,0.12,0.04,-0.02,48,-38,-6,0,2.88,-0.25,0.0109,0.0176,15.56,18.82,12.12
649.636,before,-4.899,52.1380118,21.1607765,90.85,52.138012,21.160778,32,0.44,0.023,255,0.0,0.0,0.0,0.0049,3.06,1.846,-0.2,-0.37,236.34,0.03,0.0,0.0,0.0,108415,999,3,0.34,0.08,0.04,-0.02,48,-50,-7,0,2.89,-0.25,0.0082,0.0187,20.05,17.89,10.43
649.736,before,-4.8,52.1380118,21.1607766,90.84,52.138012,21.160778,32,0.44,0.023,255,0.0,0.0,0.0055,-0.0023,3.072,1.84,-0.02,-0.29,236.28,0.02,0.0,0.02,0.0,108415,999,3,0.34,0.08,-0.05,-0.03,48,-75,-28,0,2.89,-0.25,0.0057,0.0135,18.89,18.01,11.64
649.836,before,-4.699,52.1380118,21.1607766,90.84,52.138012,21.160778,32,0.44,0.023,255,0.0,0.0,-0.0039,-0.0057,3.078,1.832,0.04,-0.34,236.22,0.02,0.0,0.02,0.0,108415,999,3,0.34,0.08,-0.05,-0.03,48,-33,13,0,2.88,-0.25,0.0042,0.0103,16.52,16.07,10.02
649.936,before,-4.599,52.1380117,21.1607767,90.83,52.138012,21.1607781,32,0.44,0.035,255,0.0,0.0,0.0083,0.0132,3.088,1.822,-0.03,-0.38,236.19,0.02,0.0,0.03,0.01,108415,999,3,0.34,0.15,0.03,0.01,48,11,23,0,2.87,-0.28,0.0049,0.0087,19.37,18.31,11.21
650.036,before,-4.499,52.1380117,21.1607767,90.82,52.1380119,21.1607781,32,0.44,0.01,255,0.0,0.0,0.0062,0.0319,3.07,1.814,-0.09,-0.27,236.18,0.02,0.0,0.02,0.0,108415,999,3,0.34,0.15,0.03,0.01,48,-6,-26,0,2.88,-0.28,0.0041,0.0161,17.16,18.7,11.97
650.136,before,-4.399,52.1380117,21.1607767,90.82,52.1380119,21.1607781,32,0.44,0.01,255,0.0,0.0,-0.0062,0.006,3.08,1.813,-0.15,-0.23,236.19,0.06,0.0,0.01,0.0,108415,999,3,0.34,0.15,0.01,0.0,48,-7,-28,0,2.9,-0.27,0.0074,0.0253,17.34,16.25,14.25
650.236,before,-4.299,52.1380117,21.1607767,90.82,52.138012,21.1607781,32,0.44,0.121,255,-0.1674,0.0,-0.0167,0.0029,3.074,1.81,-0.27,-0.2,236.23,0.06,0.0,0.01,0.0,108415,999,3,0.34,0.12,0.01,0.0,48,5,-2,0,2.9,-0.26,0.0057,0.022,19.32,19.14,12.0
650.336,before,-4.199,52.1380117,21.1607767,90.81,52.138012,21.1607781,32,0.44,0.121,255,0.0,0.0,-0.0257,-0.0034,3.082,1.809,-0.35,-0.24,236.28,0.04,0.0,0.01,0.01,108415,999,3,0.34,0.12,-0.11,0.07,48,20,7,0,2.91,-0.25,0.0088,0.0276,14.57,20.44,12.38
650.436,before,-4.099,52.1380117,21.1607767,90.81,52.1380121,21.160778,32,0.44,0.043,255,0.0,0.0,-0.0273,-0.0275,3.094,1.809,-0.46,-0.38,236.3,0.04,0.0,0.01,0.01,108415,999,3,0.34,0.09,-0.11,0.07,48,26,17,0,2.92,-0.24,0.0069,0.0286,12.98,18.56,11.83
650.536,before,-3.999,52.1380117,21.1607767,90.82,52.1380121,21.160778,32,0.44,0.043,255,0.0,0.0,-0.0106,-0.0215,3.096,1.81,-0.55,-0.52,236.26,0.01,0.0,0.01,0.0,108415,999,3,0.34,0.09,0.0,-0.03,48,31,25,0,2.93,-0.24,0.0065,0.031,16.03,16.7,12.15
650.636,before,-3.899,52.1380117,21.1607767,90.82,52.1380121,21.160778,32,0.44,0.026,255,-0.1675,0.0,-0.0219,-0.0135,3.088,1.811,-0.65,-0.52,236.24,0.01,0.0,0.0,0.01,108415,999,3,0.34,0.11,0.0,-0.03,48,22,-11,0,2.93,-0.24,0.0055,0.0296,14.56,14.71,13.31
650.736,before,-3.799,52.1380118,21.1607767,90.82,52.1380121,21.160778,32,0.44,0.026,255,0.0,0.0,-0.017,-0.0064,3.098,1.812,-0.75,-0.57,236.18,0.03,0.0,0.0,0.01,108415,999,3,0.34,0.11,0.06,0.01,48,22,13,0,2.94,-0.23,0.0065,0.0293,14.88,14.0,14.48
650.836,before,-3.699,52.1380118,21.1607767,90.82,52.1380121,21.160778,32,0.44,0.026,255,0.0,0.0,0.0089,0.0259,3.09,1.812,-0.76,-0.52,236.16,0.03,0.0,0.0,0.0,108415,999,3,0.34,0.11,0.06,0.01,48,9,13,0,2.94,-0.23,0.0053,0.0263,18.45,15.4,11.71
650.936,before,-3.599,52.1380118,21.1607767,90.81,52.1380121,21.1607779,32,0.44,0.11,255,0.0,0.0,0.0143,0.0145,3.1,1.809,-0.7,-0.46,236.14,0.03,0.0,0.0,0.0,108415,999,3,0.34,0.12,-0.05,0.08,48,5,-11,0,2.94,-0.24,0.0066,0.0226,17.84,19.99,11.28
651.036,before,-3.499,52.1380118,21.1607766,90.81,52.1380122,21.1607779,32,0.44,0.017,255,0.0,0.0,-0.0019,0.0083,3.094,1.803,-0.68,-0.45,236.13,0.03,0.0,0.04,0.0,108415,999,3,0.34,0.07,-0.05,0.08,48,13,0,0,2.92,-0.23,0.0038,0.0088,17.37,17.86,10.48
651.136,before,-3.399,52.1380118,21.1607766,90.8,52.1380122,21.1607779,32,0.44,0.017,255,0.0,0.0,-0.0156,0.0039,3.09,1.795,-0.77,-0.36,236.08,0.02,0.0,0.01,0.01,108415,999,3,0.34,0.07,0.02,-0.01,48,14,-9,0,2.92,-0.25,0.0025,0.0099,17.26,17.4,10.86
651.236,before,-3.299,52.1380119,21.1607766,90.79,52.1380121,21.1607778,32,0.44,0.045,255,0.0,0.0,0.0118,-0.0053,3.086,1.785,-0.72,-0.3,236.0,0.02,0.0,0.02,0.0,108415,999,3,0.34,0.12,0.02,-0.01,48,-149,-11,0,2.91,-0.26,0.0014,0.0037,18.8,18.38,14.18
651.336,before,-3.2,52.1380118,21.1607766,90.78,52.1380121,21.1607778,32,0.44,0.045,255,0.0,0.0,-0.0094,-0.0033,3.09,1.776,-0.72,-0.24,235.87,0.02,0.0,0.01,0.0,108415,999,3,0.34,0.12,0.04,0.0,48,5,-7,0,2.91,-0.26,0.0051,0.0087,17.66,17.36,12.96
651.436,before,-3.099,52.1380118,21.1607765,90.77,52.1380121,21.1607778,32,0.44,0.016,255,0.0,0.0,0.0029,0.0264,3.092,1.766,-0.73,-0.19,235.78,0.02,0.0,0.02,0.0,108415,999,3,0.34,0.14,0.04,0.0,48,16,12,0,2.9,-0.27,0.0035,0.0048,15.52,17.06,12.3
651.536,before,-2.999,52.1380118,21.1607765,90.76,52.1380121,21.1607778,32,0.44,0.016,255,0.0,0.0,-0.0078,0.0337,3.09,1.758,-0.79,-0.05,235.75,0.04,0.0,0.0,0.01,108415,999,3,0.34,0.14,0.0,-0.01,48,22,-19,0,2.91,-0.26,0.0053,0.0119,18.12,19.03,10.65
651.636,before,-2.899,52.1380118,21.1607766,90.76,52.138012,21.1607779,32,0.44,0.11,255,0.0,0.0,0.0311,-0.0005,3.088,1.751,-0.66,0.04,235.76,0.04,0.0,0.01,0.0,108415,999,3,0.34,0.13,0.0,-0.01,48,-21,139,0,2.9,-0.27,0.0037,0.0094,16.3,15.11,11.89
651.736,before,-2.8,52.1380118,21.1607766,90.75,52.138012,21.1607779,32,0.44,0.11,255,0.0,-0.1675,0.0055,-0.0305,3.07,1.744,-0.51,-0.07,235.73,0.04,0.0,0.01,0.0,108415,999,3,0.34,0.13,0.09,-0.07,48,-53,21,0,2.89,-0.27,0.0114,0.0169,16.32,18.57,11.71
651.836,before,-2.699,52.1380118,21.1607766,90.74,52.138012,21.1607779,32,0.44,0.11,255,0.0,0.0,-0.0048,-0.0252,3.064,1.737,-0.42,-0.21,235.71,0.04,0.0,0.01,0.0,108415,999,3,0.34,0.13,0.09,-0.07,48,-27,26,0,2.9,-0.27,0.0079,0.0163,19.23,18.83,12.92
651.936,before,-2.599,52.1380118,21.1607766,90.74,52.1380119,21.160778,32,0.44,0.045,255,0.0,0.0,0.0077,-0.019,3.072,1.733,-0.38,-0.3,235.71,0.02,0.0,0.0,0.0,108415,999,3,0.34,0.14,-0.03,0.0,48,-23,17,0,2.9,-0.25,0.0054,0.0172,16.41,18.86,14.39
652.036,before,-2.499,52.1380118,21.1607767,90.73,52.138012,21.160778,32,0.44,0.02,255,0.0,0.0,0.0119,0.0051,3.084,1.729,-0.41,-0.32,235.75,0.02,0.0,0.01,0.01,108415,999,3,0.34,0.15,-0.03,0.0,48,7,9,0,2.9,-0.25,0.0033,0.0122,14.48,15.88,12.42
652.136,before,-2.4,52.1380118,21.1607767,90.73,52.138012,21.160778,32,0.44,0.02,255,0.0,0.0,0.003,-0.005,3.084,1.721,-0.43,-0.33,235.81,0.01,0.0,0.03,0.0,108415,999,3,0.34,0.15,0.0,-0.01,48,-9,2,0,2.88,-0.25,0.0028,0.0051,18.3,17.25,10.91
652.236,before,-2.299,52.1380118,21.1607767,90.72,52.138012,21.1607781,32,0.44,0.021,255,0.0,0.0,-0.0091,0.0026,3.078,1.711,-0.51,-0.37,235.85,0.01,0.0,0.02,0.0,108415,999,3,0.34,0.13,0.0,-0.01,48,13,7,0,2.87,-0.28,0.0019,0.0045,18.96,18.77,12.91
652.336,before,-2.199,52.1380118,21.1607768,90.71,52.138012,21.1607781,32,0.44,0.021,255,0.0,0.0,-0.0111,-0.0107,3.074,1.701,-0.52,-0.46,235.86,0.01,0.0,0.02,0.0,108415,999,3,0.34,0.13,0.03,-0.03,48,7,12,0,2.86,-0.28,0.0045,0.0079,16.0,18.13,11.4
652.436,before,-2.099,52.1380118,21.1607768,90.7,52.1380122,21.160778,32,0.44,0.165,255,0.0,0.0,-0.003,-0.0162,3.08,1.69,-0.52,-0.54,235.84,0.01,0.0,0.01,0.01,108415,999,3,0.34,0.13,0.03,-0.03,48,7,22,0,2.86,-0.29,0.0027,0.005,14.44,18.42,12.55
652.536,before,-1.999,52.1380118,21.1607768,90.69,52.1380122,21.160778,32,0.44,0.165,255,0.0,0.0,0.0126,-0.0246,3.072,1.681,-0.51,-0.61,235.86,0.06,0.0,0.02,0.01,108415,999,3,0.34,0.13,-0.14,0.05,48,-140,18,0,2.86,-0.29,0.0095,0.0114,16.87,19.18,13.7
652.636,before,-1.899,52.1380119,21.1607768,90.68,52.1380124,21.160778,32,0.44,0.028,255,0.0,0.0,-0.0108,0.0123,3.06,1.671,-0.52,-0.64,235.86,0.06,0.0,0.03,0.01,108415,999,3,0.34,0.1,-0.14,0.05,48,6,29,0,2.86,-0.3,0.007,0.0109,17.05,18.77,12.39
652.736,before,-1.799,52.1380119,21.1607768,90.67,52.1380124,21.160778,32,0.44,0.028,255,0.0,0.0,-0.0183,-0.0073,3.076,1.663,-0.64,-0.74,235.8,0.01,0.0,0.0,0.01,108415,999,3,0.34,0.1,0.0,-0.01,48,33,39,0,2.86,-0.29,0.0048,0.0077,17.86,15.97,10.63
652.836,before,-1.7,52.138012,21.1607768,90.66,52.1380124,21.160778,32,0.44,0.028,255,-0.1675,0.0,-0.027,-0.0314,3.064,1.655,-0.79,-0.82,235.69,0.01,0.0,0.01,0.01,108415,999,3,0.34,0.1,0.0,-0.01,48,36,9,0,2.85,-0.29,0.0032,0.0059,16.63,21.25,9.54
652.936,before,-1.599,52.138012,21.1607768,90.65,52.1380124,21.160778,32,0.44,0.044,255,0.0,0.0,-0.0096,0.0285,3.068,1.648,-0.68,-0.67,235.6,0.02,0.0,0.0,0.01,108415,999,3,0.34,0.08,0.01,-0.05,48,-19,-35,0,2.86,-0.3,0.0042,0.0072,16.41,18.37,12.48
653.036,before,-1.499,52.138012,21.1607769,90.65,52.1380125,21.160778,32,0.44,0.073,255,0.0,0.0,0.0101,0.025,3.072,1.642,-0.71,-0.56,235.57,0.02,0.0,0.01,0.01,108415,999,3,0.34,0.12,0.01,-0.05,48,17,159,0,2.85,-0.3,0.0027,0.005,15.42,18.93,11.63
653.136,before,-1.399,52.1380121,21.1607768,90.64,52.1380125,21.160778,32,0.44,0.073,255,0.0,0.0,0.0001,0.0219,3.07,1.637,-0.81,-0.47,235.64,0.01,0.0,0.02,0.01,108415,999,3,0.34,0.12,-0.03,0.03,48,7,-22,0,2.86,-0.29,0.0028,0.0119,15.03,18.02,12.96
653.236,before,-1.299,52.1380121,21.1607768,90.64,52.1380126,21.1607779,32,0.44,0.095,255,0.0,0.0,-0.0441,-0.0014,3.072,1.633,-0.88,-0.4,235.76,0.01,0.0,0.01,0.01,108415,999,3,0.34,0.12,-0.03,0.03,48,14,-36,0,2.85,-0.3,0.0018,0.0075,18.62,18.76,11.47
653.336,before,-1.2,52.1380122,21.1607768,90.63,52.1380126,21.1607779,32,0.44,0.095,255,0.0,0.0,-0.0222,0.0023,3.068,1.629,-0.94,-0.37,235.89,0.01,0.0,0.01,0.0,108415,999,3,0.34,0.12,-0.05,-0.01,48,-120,-10,0,2.86,-0.29,0.0048,0.0133,17.37,17.9,13.35
653.436,before,-1.099,52.1380122,21.1607768,90.63,52.1380127,21.1607778,32,0.44,0.012,255,0.0,0.0,-0.0255,-0.0337,3.068,1.626,-1.08,-0.47,236.02,0.01,0.0,0.0,0.0,108415,999,3,0.34,0.15,-0.05,-0.01,48,39,-6,0,2.86,-0.29,0.0031,0.0097,16.78,17.34,11.57
653.536,before,-0.999,52.1380122,21.1607768,90.63,52.1380127,21.1607778,32,0.44,0.012,255,0.0,0.0,0.0126,-0.0194,3.068,1.621,-1.07,-0.56,236.11,0.02,0.0,0.0,0.01,108415,999,3,0.34,0.15,0.02,-0.02,48,16,-142,0,2.86,-0.29,0.0014,0.006,16.2,16.56,12.3
653.636,before,-0.899,52.1380122,21.1607768,90.62,52.1380127,21.1607778,32,0.44,0.073,255,0.0,0.0,0.0157,-0.0109,3.064,1.617,-1.0,-0.61,236.16,0.02,0.0,0.0,0.01,108415,999,3,0.34,0.14,0.02,-0.02,48,-5,10,0,2.86,-0.29,0.001,0.0089,19.55,19.14,10.82
653.736,before,-0.8,52.1380123,21.1607768,90.62,52.1380127,21.1607778,32,0.44,0.073,255,0.0,0.0,0.0111,-0.0034,3.06,1.615,-0.93,-0.57,236.22,0.04,0.0,0.0,0.0,108415,999,3,0.34,0.14,-0.07,0.02,48,-10,-3,0,2.87,-0.27,0.0054,0.0138,15.22,20.77,11.32
653.836,before,-0.699,52.1380123,21.1607767,90.62,52.1380127,21.1607778,32,0.44,0.073,255,0.0,0.0,-0.0014,0.0123,3.054,1.612,-0.89,-0.6,236.26,0.04,0.0,0.01,0.0,108415,999,3,0.34,0.14,-0.07,0.02,48,-4,12,0,2.87,-0.28,0.0033,0.0081,13.07,19.32,10.67
653.936,before,-0.599,52.1380123,21.1607767,90.61,52.1380128,21.1607777,32,0.44,0.033,255,0.0,0.0,0.0008,0.0254,3.058,1.608,-0.91,-0.58,236.25,0.01,0.0,0.02,0.01,108415,999,3,0.34,0.13,-0.01,0.0,48,8,-1,0,2.87,-0.27,0.0035,0.0116,14.35,19.94,11.34
654.036,before,-0.499,52.1380123,21.1607767,90.61,52.1380128,21.1607777,32,0.44,0.019,255,0.0,0.1674,-0.0009,-0.0077,3.07,1.605,-0.93,-0.6,236.23,0.01,0.0,0.01,0.0,108415,999,3,0.34,0.13,-0.01,0.0,48,1,2,0,2.87,-0.27,0.0021,0.0075,14.44,17.1,12.36
654.136,before,-0.4,52.1380123,21.1607767,90.61,52.1380128,21.1607777,32,0.44,0.019,255,0.0,0.0,0.0422,0.0077,3.058,1.601,-0.87,-0.62,236.18,0.0,0.0,0.02,0.01,108415,999,3,0.34,0.13,0.01,0.01,48,7,3,0,2.88,-0.26,0.0027,0.0125,14.17,14.31,13.5
654.236,before,-0.299,52.1380123,21.1607766,90.61,52.1380128,21.1607776,32,0.44,0.049,255,0.0,0.0,-0.0016,-0.0023,3.064,1.601,-0.8,-0.55,236.1,0.0,0.0,0.04,0.01,108415,999,3,0.34,0.12,0.01,0.01,48,-45,-29,0,2.89,-0.25,0.0034,0.0206,13.28,15.32,12.17
654.336,before,-0.2,52.1380123,21.1607766,90.61,52.1380128,21.1607776,32,0.44,0.049,255,0.0,0.0,0.0051,0.0123,3.066,1.607,-0.67,-0.39,236.06,0.05,0.0,0.01,0.01,108415,999,3,0.34,0.12,0.0,0.02,48,-31,-30,0,2.9,-0.23,0.0066,0.0283,16.07,15.44,14.74
654.436,before,-0.099,52.1380123,21.1607765,90.61,52.1380128,21.1607775,32,0.44,0.041,255,0.0,0.0,-0.0231,0.0197,3.06,1.61,-0.66,-0.28,236.06,0.05,0.0,0.0,0.01,108415,1507,3,0.34,0.13,0.0,0.02,48,-16,-21,0,2.9,-0.24,0.0046,0.021,16.57,13.49,12.07
654.536,flow_only,0.001,52.1380123,21.1607765,90.62,52.1380128,21.1607775,32,0.44,0.041,255,0.0,0.0,-0.0265,0.0116,3.072,1.611,-0.72,-0.18,236.07,0.03,0.0,0.02,0.0,108415,1507,3,0.34,0.13,-0.05,0.01,48,18,-27,0,2.9,-0.24,0.0051,0.0149,16.94,15.97,10.15
654.636,flow_only,0.101,52.1380123,21.1607765,90.61,52.1380128,21.1607774,32,0.44,0.047,255,0.0,0.0,-0.0036,0.0181,3.066,1.609,-0.77,-0.1,236.13,0.03,0.0,0.0,0.0,108415,1507,3,0.34,0.1,-0.05,0.01,48,-149,-20,0,2.9,-0.25,0.0097,0.0162,18.09,18.21,12.14
654.736,flow_only,0.201,52.1380123,21.1607764,90.61,52.1380128,21.1607774,32,0.44,0.047,255,0.0,0.0,0.0,0.0,3.058,1.608,-0.81,-0.09,236.25,0.03,0.0,0.02,0.0,108415,1507,3,0.34,0.1,-0.05,0.01,48,18,171,0,2.91,-0.24,0.0082,0.0179,17.51,17.18,11.58
654.836,flow_only,0.3,52.1380123,21.1607764,90.61,52.1380128,21.1607774,32,0.44,0.047,255,0.0,0.0,-0.0429,-0.0361,3.042,1.607,-1.02,-0.22,236.35,0.03,0.0,0.0,0.01,108415,1507,3,0.34,0.1,-0.05,0.01,48,34,13,0,2.91,-0.23,0.0054,0.0133,17.39,18.2,12.42
654.936,flow_only,0.4,52.1380123,21.1607764,90.61,52.1380128,21.1607773,32,0.44,0.032,255,0.0,0.0,-0.0036,-0.0119,3.044,1.607,-1.13,-0.37,236.36,0.03,0.0,0.03,0.01,108415,1507,3,0.34,0.12,-0.05,0.01,48,10,30,0,2.92,-0.22,0.0074,0.0182,16.13,19.6,13.31
655.036,flow_only,0.501,52.1380123,21.1607763,90.61,52.1380127,21.1607773,32,0.44,0.052,255,0.0,0.0,0.0092,0.0135,3.044,1.606,-1.1,-0.42,236.35,0.03,0.0,0.0,0.01,108415,1507,3,0.34,0.1,-0.05,0.01,48,-18,16,0,2.91,-0.21,0.0058,0.0121,12.59,15.48,9.72
655.136,flow_only,0.6,52.1380123,21.1607763,90.61,52.1380127,21.1607773,32,0.44,0.052,255,0.0,0.0,0.0356,0.0304,3.034,1.604,-0.95,-0.32,236.31,0.03,0.0,0.0,0.0,108415,1507,3,0.34,0.1,-0.05,0.01,48,-31,-16,0,2.91,-0.21,0.0024,0.0079,13.94,15.38,13.01
655.236,flow_only,0.701,52.1380123,21.1607763,90.61,52.1380127,21.1607773,32,0.44,0.032,255,0.0,0.0,0.0231,0.0227,3.036,1.602,-0.82,-0.27,236.29,0.03,0.0,0.02,0.0,108415,1507,3,0.34,0.14,-0.05,0.01,48,-36,-32,0,2.92,-0.2,0.0031,0.0123,15.24,15.89,10.29
655.336,flow_only,0.8,52.1380122,21.1607763,90.61,52.1380127,21.1607773,32,0.44,0.032,255,0.0,0.0,0.0282,0.0198,3.052,1.602,-0.67,-0.17,236.27,0.03,0.0,0.01,0.0,108415,1507,3,0.34,0.14,-0.05,0.01,48,136,-19,0,2.92,-0.19,0.0053,0.0141,16.02,13.95,13.0
655.436,flow_only,0.901,52.1380122,21.1607763,90.61,52.1380127,21.1607773,32,0.44,0.031,255,0.1674,0.0,0.0267,0.0232,3.046,1.603,-0.63,-0.1,236.25,0.03,0.0,0.01,0.01,108415,1507,3,0.34,0.12,-0.05,0.01,48,-7,-17,0,2.92,-0.21,0.009,0.0175,14.74,13.07,10.39
655.536,flow_only,1.001,52.1380122,21.1607764,90.61,52.1380127,21.1607773,32,0.44,0.031,255,0.0,0.0,0.0486,0.014,3.05,1.602,-0.52,-0.03,236.31,0.03,0.0,0.0,0.01,108415,1507,3,0.34,0.12,-0.05,0.01,48,-22,-14,0,2.92,-0.21,0.0048,0.0113,13.72,14.1,11.06
655.636,flow_only,1.101,52.1380122,21.1607764,90.61,52.1380126,21.1607773,32,0.44,0.031,255,0.0,0.0,-0.005,-0.0015,3.042,1.603,-0.46,-0.03,236.46,0.03,0.0,0.03,0.0,108415,1507,3,0.34,0.15,-0.05,0.01,48,-52,5,0,2.93,-0.2,0.0047,0.015,18.03,17.0,10.51
655.736,flow_only,1.2,52.1380122,21.1607764,90.61,52.1380126,21.1607773,32,0.44,0.031,255,0.0,0.0,-0.0341,-0.0155,3.042,1.605,-0.58,-0.12,236.57,0.03,0.0,0.01,0.01,108415,1507,3,0.34,0.15,-0.05,0.01,48,-5,9,0,2.93,-0.19,0.0029,0.0123,17.68,17.42,11.13
655.836,flow_only,1.301,52.1380121,21.1607765,90.61,52.1380126,21.1607773,32,0.44,0.031,255,0.0,0.0,0.001,-0.052,3.05,1.604,-0.67,-0.41,236.59,0.03,0.0,0.01,0.0,108415,1507,3,0.34,0.15,-0.05,0.01,48,14,56,0,2.93,-0.2,0.0045,0.0069,16.41,15.98,10.67
655.936,flow_only,1.401,52.1380121,21.1607764,90.61,52.1380126,21.1607774,32,0.44,0.024,255,0.0,0.0,0.0139,-0.0207,3.034,1.603,-0.68,-0.65,236.55,0.03,0.0,0.03,0.01,108415,1507,3,0.34,0.11,-0.05,0.01,48,-4,54,0,2.93,-0.19,0.0105,0.0191,19.47,17.51,9.71
656.036,flow_only,1.501,52.138012,21.1607764,90.61,52.1380126,21.1607774,32,0.44,0.027,255,0.0,0.0,0.0157,0.0236,3.032,1.601,-0.63,-0.64,236.49,0.03,0.0,0.02,0.0,108415,1507,3,0.34,0.16,-0.05,0.01,48,-4,-4,0,2.92,-0.19,0.0081,0.014,17.95,17.57,12.34
656.136,flow_only,1.6,52.138012,21.1607763,90.6,52.1380126,21.1607774,32,0.44,0.027,255,0.0,0.0,0.0289,0.0317,3.032,1.599,-0.53,-0.44,236.44,0.03,0.0,0.02,0.01,108415,1507,3,0.34,0.16,-0.05,0.01,48,-15,-30,0,2.93,-0.18,0.004,0.0085,16.85,18.79,12.25
656.236,flow_only,1.701,52.138012,21.1607763,90.6,52.1380126,21.1607774,32,0.44,0.028,255,0.0,0.0,-0.0046,0.0197,3.024,1.598,-0.46,-0.25,236.41,0.03,0.0,0.02,0.01,108415,1507,3,0.34,0.15,-0.05,0.01,48,-44,-42,0,2.94,-0.17,0.0051,0.0127,15.69,17.27,9.54
656.336,flow_only,1.801,52.138012,21.1607763,90.6,52.1380126,21.1607774,32,0.44,0.028,255,0.0,0.0,-0.0236,0.0104,3.012,1.598,-0.48,-0.09,236.43,0.03,0.0,0.0,0.01,108415,1507,3,0.34,0.15,-0.05,0.01,48,-3,-29,0,2.94,-0.17,0.0063,0.013,15.64,15.92,12.32
656.436,flow_only,1.901,52.138012,21.1607764,90.6,52.1380126,21.1607775,32,0.44,0.056,255,0.0,0.1675,-0.0353,-0.0152,3.022,1.598,-0.56,-0.06,236.49,0.03,0.0,0.0,0.01,108415,1507,3,0.34,0.15,-0.05,0.01,48,13,3,0,2.93,-0.16,0.005,0.0088,17.17,18.95,11.59
656.536,flow_only,2.001,52.1380121,21.1607765,90.6,52.1380126,21.1607775,32,0.44,0.056,255,0.0,0.0,0.0134,-0.0042,3.024,1.597,-0.6,-0.14,236.51,0.03,0.0,0.01,0.01,108415,1507,3,0.34,0.15,-0.05,0.01,48,37,-147,0,2.94,-0.16,0.014,0.0253,18.68,16.62,11.49
656.636,flow_only,2.101,52.1380121,21.1607767,90.6,52.1380126,21.1607775,32,0.44,0.03,255,0.0,0.0,0.0158,-0.0154,3.01,1.597,-0.63,-0.25,236.56,0.03,0.0,0.01,0.0,108415,1507,3,0.34,0.13,-0.05,0.01,48,14,35,0,2.94,-0.16,0.0157,0.03,16.5,18.43,10.77
656.736,flow_only,2.2,52.1380122,21.1607768,90.6,52.1380126,21.1607775,32,0.44,0.03,255,0.0,0.0,-0.012,-0.0466,3.016,1.596,-0.72,-0.44,236.65,0.03,0.0,0.02,0.01,108415,1507,3,0.34,0.13,-0.05,0.01,48,-6,42,0,2.93,-0.16,0.0053,0.0115,16.63,16.69,10.93
656.836,flow_only,2.301,52.1380122,21.1607769,90.6,52.1380126,21.1607775,32,0.44,0.03,255,0.0,-0.1675,-0.0172,-0.035,3.016,1.594,-0.79,-0.73,236.74,0.03,0.0,0.0,0.01,108415,1507,3,0.34,0.13,-0.05,0.01,48,3,61,0,2.93,-0.16,0.0059,0.0112,16.02,17.86,11.63
656.936,flow_only,2.4,52.1380122,21.1607769,90.59,52.1380126,21.1607775,32,0.44,0.007,255,0.0,0.0,-0.0027,-0.0105,3.02,1.59,-0.78,-0.85,236.82,0.03,0.0,0.02,0.01,108415,1507,3,0.33,0.14,-0.05,0.01,48,-16,39,0,2.92,-0.16,0.0105,0.0213,18.12,18.24,11.2
657.036,flow_only,2.501,52.1380121,21.1607768,90.59,52.1380127,21.1607775,32,0.44,0.035,255,0.0,0.0,-0.0018,0.0147,3.018,1.586,-0.71,-0.79,236.87,0.03,0.0,0.0,0.01,108415,1507,3,0.33,0.14,-0.05,0.01,48,-20,-13,0,2.92,-0.17,0.0071,0.0144,16.0,21.65,10.64
657.136,flow_only,2.601,52.1380121,21.1607768,90.59,52.1380127,21.1607775,32,0.44,0.035,255,0.0,0.0,0.0181,-0.002,3.012,1.586,-0.7,-0.71,236.9,0.03,0.0,0.03,0.01,108415,1507,3,0.33,0.14,-0.05,0.01,48,-2,-19,0,2.94,-0.16,0.0029,0.0078,14.18,17.98,11.82
657.236,flow_only,2.701,52.1380121,21.1607768,90.59,52.1380127,21.1607776,32,0.44,0.087,255,0.0,0.0,0.0122,-0.015,3.0,1.586,-0.56,-0.72,236.85,0.03,0.0,0.0,0.01,108415,1507,3,0.33,0.13,-0.05,0.01,48,-36,-5,0,2.94,-0.16,0.0044,0.0089,14.5,14.45,10.06
657.336,flow_only,2.8,52.1380121,21.1607767,90.59,52.1380127,21.1607776,32,0.44,0.087,255,0.1675,0.0,-0.0061,0.0142,3.006,1.589,-0.43,-0.68,236.81,0.03,0.0,0.03,0.01,108415,1507,3,0.33,0.13,-0.05,0.01,48,-8,14,0,2.95,-0.13,0.004,0.0118,15.78,18.85,11.24
657.436,flow_only,2.901,52.1380121,21.1607767,90.6,52.1380126,21.1607776,32,0.44,0.041,255,0.0,0.0,-0.0135,0.0647,3.008,1.59,-0.46,-0.39,236.78,0.03,0.0,0.01,0.01,108415,1507,3,0.33,0.14,-0.05,0.01,48,4,-10,0,2.94,-0.13,0.0062,0.0117,15.88,16.07,11.21
657.536,flow_only,3.001,52.1380121,21.1607768,90.6,52.1380126,21.1607776,32,0.44,0.041,255,0.0,0.0,-0.014,0.0077,3.002,1.59,-0.62,-0.2,236.79,0.03,0.0,0.01,0.0,108415,1507,3,0.33,0.14,-0.05,0.01,48,36,-57,0,2.95,-0.14,0.0101,0.0197,16.25,16.68,10.15
657.636,flow_only,3.101,52.1380121,21.1607768,90.6,52.1380126,21.1607775,32,0.44,0.064,255,0.0,0.0,0.0094,-0.0237,3.016,1.592,-0.63,-0.3,236.81,0.03,0.0,0.01,0.01,108415,1507,3,0.33,0.12,-0.05,0.01,48,0,178,0,2.95,-0.13,0.0173,0.0348,15.3,16.81,9.67
657.736,flow_only,3.2,52.138012,21.1607767,90.6,52.1380126,21.1607775,32,0.44,0.064,255,0.0,0.0,0.0113,0.0095,3.012,1.594,-0.6,-0.39,236.78,0.03,0.0,0.01,0.0,108415,1507,3,0.33,0.12,-0.05,0.01,48,-2,27,0,2.95,-0.14,0.0145,0.03,19.52,18.56,9.63
657.836,flow_only,3.301,52.1380119,21.1607766,90.6,52.1380126,21.1607775,32,0.44,0.064,255,0.1675,0.1675,0.028,0.0381,3.022,1.593,-0.46,-0.31,236.71,0.03,0.0,0.0,0.01,108415,1507,3,0.33,0.12,-0.05,0.01,48,-21,-18,0,2.95,-0.14,0.007,0.0153,17.54,20.77,13.26
657.936,flow_only,3.401,52.1380119,21.1607765,90.59,52.1380126,21.1607774,32,0.44,0.045,255,0.0,0.0,-0.0108,0.0015,3.018,1.59,-0.45,-0.15,236.64,0.03,0.0,0.03,0.0,108415,1507,3,0.33,0.14,-0.05,0.01,48,-8,-58,0,2.94,-0.15,0.0048,0.0169,17.26,17.78,10.51
658.036,flow_only,3.501,52.1380119,21.1607765,90.59,52.1380126,21.1607773,32,0.44,0.05,255,0.0,0.0,-0.025,-0.0023,3.014,1.585,-0.52,-0.07,236.56,0.03,0.0,0.0,0.01,108415,1507,3,0.33,0.1,-0.05,0.01,48,2,-29,0,2.94,-0.16,0.005,0.0142,14.65,17.92,10.76
658.136,flow_only,3.6,52.138012,21.1607765,90.59,52.1380126,21.1607773,32,0.44,0.05,255,0.0,0.0,0.0069,0.0073,3.004,1.582,-0.49,-0.04,236.47,0.03,0.0,0.02,0.0,108415,1507,3,0.33,0.1,-0.05,0.01,48,-24,-11,0,2.95,-0.14,0.0038,0.0074,18.08,16.81,9.89
658.236,flow_only,3.701,52.138012,21.1607765,90.59,52.1380126,21.1607772,32,0.44,0.027,255,0.0,0.0,-0.0019,0.0025,2.998,1.582,-0.47,-0.03,236.44,0.03,0.0,0.01,0.02,108415,1507,3,0.33,0.15,-0.05,0.01,48,-12,-2,0,2.96,-0.13,0.0039,0.0088,20.08,17.41,9.32
658.336,flow_only,3.801,52.138012,21.1607765,90.59,52.1380126,21.1607772,32,0.44,0.027,255,0.0,0.0,-0.0066,0.0006,3.008,1.583,-0.52,-0.02,236.51,0.03,0.0,0.0,0.01,108415,1507,3,0.33,0.15,-0.05,0.01,48,21,-11,0,2.96,-0.13,0.0038,0.0078,17.63,20.38,12.22
658.436,flow_only,3.901,52.138012,21.1607765,90.59,52.1380126,21.1607771,32,0.44,0.053,255,0.0,0.0,-0.0195,-0.028,3.014,1.581,-0.72,-0.08,236.57,0.03,0.0,0.02,0.0,108415,1507,3,0.33,0.15,-0.05,0.01,48,33,12,0,2.95,-0.14,0.0047,0.0124,15.95,16.44,10.65
658.536,flow_only,4.001,52.138012,21.1607765,90.58,52.1380126,21.1607771,32,0.44,0.053,255,0.0,0.0,0.0019,-0.0341,3.016,1.579,-0.73,-0.28,236.59,0.03,0.0,0.0,0.0,100223,1507,3,0.33,0.15,-0.05,0.01,48,16,45,0,2.95,-0.14,0.0071,0.0152,16.87,15.98,11.02
658.636,flow_only,4.101,52.1380119,21.1607765,90.58,52.1380125,21.1607771,32,0.44,0.046,255,0.0,0.0,0.0146,0.0017,3.014,1.576,-0.67,-0.43,236.59,0.03,0.0,0.02,0.0,100223,1507,3,0.33,0.12,-0.05,0.01,48,-6,56,0,2.95,-0.15,0.0094,0.0227,18.67,17.58,9.2
658.736,flow_only,4.201,52.1380119,21.1607765,90.58,52.1380125,21.1607771,32,0.44,0.046,255,0.0,0.0,0.05,0.0292,3.02,1.572,-0.57,-0.46,236.52,0.03,0.0,0.0,0.01,100223,1507,3,0.33,0.12,-0.05,0.01,48,7,11,0,2.95,-0.15,0.0077,0.0189,17.88,18.5,13.86
658.836,flow_only,4.3,52.1380119,21.1607764,90.57,52.1380125,21.1607771,32,0.44,0.046,255,0.0,0.1675,0.0014,0.0126,3.012,1.567,-0.46,-0.27,236.5,0.03,0.0,0.01,0.0,100223,1507,3,0.33,0.12,-0.05,0.01,48,-30,-43,0,2.94,-0.15,0.0037,0.0123,16.52,16.76,9.8
658.936,flow_only,4.4,52.1380118,21.1607764,90.57,52.1380125,21.1607771,32,0.44,0.066,255,0.0,0.0,-0.0159,0.035,3.01,1.563,-0.35,-0.04,236.5,0.03,0.0,0.0,0.01,100223,1507,3,0.33,0.15,-0.05,0.01,48,-46,126,0,2.95,-0.15,0.0108,0.0247,14.68,18.71,12.28
659.036,flow_only,4.501,52.1380117,21.1607765,90.56,52.1380124,21.1607771,32,0.44,0.027,255,0.0,0.1674,0.0109,0.0291,3.0,1.559,-0.39,0.14,236.5,0.03,0.0,0.0,0.01,100223,1507,3,0.33,0.15,-0.05,0.01,48,4,-36,0,2.94,-0.14,0.0153,0.0341,17.42,19.65,10.77
659.136,flow_only,4.601,52.1380116,21.1607765,90.56,52.1380124,21.1607771,32,0.44,0.027,255,0.0,0.1675,0.028,0.0095,2.996,1.554,-0.4,0.24,236.53,0.03,0.0,0.02,0.01,100223,1507,3,0.33,0.15,-0.05,0.01,48,5,-8,0,2.94,-0.14,0.0133,0.0323,18.33,16.38,11.66
659.236,flow_only,4.701,52.1380115,21.1607764,90.55,52.1380125,21.1607769,32,0.44,0.091,255,0.0,0.0,0.0118,-0.0162,2.998,1.547,-0.3,0.16,236.58,0.03,0.0,0.02,0.01,100223,1507,3,0.33,0.16,-0.05,0.01,48,-6,11,0,2.93,-0.15,0.0184,0.0435,15.74,19.13,9.92
659.336,flow_only,4.801,52.1380114,21.1607763,90.55,52.1380125,21.1607769,32,0.44,0.091,255,0.0,0.0,-0.0004,0.0187,3.002,1.541,-0.28,0.13,236.6,0.03,0.0,0.01,0.0,100223,1507,3,0.33,0.16,-0.05,0.01,48,-11,13,0,2.92,-0.15,0.0127,0.032,16.04,15.14,9.89
659.436,flow_only,4.901,52.1380114,21.1607761,90.54,52.1380126,21.1607769,32,0.44,0.088,255,0.0,0.0,0.0026,0.0406,2.998,1.537,-0.27,0.25,236.57,0.03,0.0,0.0,0.01,100223,1507,3,0.33,0.15,-0.05,0.01,48,6,-16,0,2.93,-0.15,0.0074,0.0194,15.19,18.7,10.78
659.536,flow_only,5.001,52.1380114,21.1607761,90.54,52.1380126,21.1607769,32,0.44,0.088,255,0.0,0.0,0.0019,0.0063,3.008,1.533,-0.28,0.32,236.53,0.03,0.0,0.01,0.0,100223,1507,3,0.33,0.15,-0.05,0.01,48,18,-33,0,2.93,-0.15,0.0025,0.011,17.47,20.01,9.84
659.636,flow_only,5.101,52.1380114,21.1607761,90.54,52.1380128,21.1607768,32,0.44,0.074,255,0.0,0.0,-0.0092,-0.0335,3.02,1.531,-0.38,0.26,236.47,0.03,0.0,0.0,0.0,100223,1507,3,0.33,0.16,-0.05,0.01,48,-153,-2,0,2.93,-0.15,0.0109,0.024,15.22,20.28,12.66
659.736,flow_only,5.201,52.1380115,21.160776,90.53,52.1380128,21.1607768,32,0.44,0.074,255,0.0,0.0,-0.019,-0.0319,3.03,1.529,-0.36,0.15,236.39,0.03,0.0,0.0,0.0,100223,1507,3,0.33,0.16,-0.05,0.01,48,4,26,0,2.93,-0.16,0.0058,0.0138,13.89,17.39,10.59
659.836,flow_only,5.301,52.1380115,21.1607759,90.53,52.1380128,21.1607768,32,0.44,0.074,255,0.0,0.0,-0.0358,0.0014,3.038,1.528,-0.42,0.12,236.36,0.03,0.0,0.0,0.01,100223,1507,3,0.33,0.16,-0.05,0.01,48,14,25,0,2.94,-0.16,0.005,0.0118,14.32,16.96,9.75
659.936,flow_only,5.401,52.1380115,21.1607759,90.53,52.138013,21.1607768,32,0.47,0.103,255,0.0,0.0,-0.0285,0.032,3.046,1.528,-0.59,0.22,236.4,0.03,0.0,0.01,0.01,100223,1507,3,0.33,0.1,-0.05,0.01,48,56,4,0,2.95,-0.16,0.0067,0.0147,13.92,20.65,11.93
660.036,flow_only,5.501,52.1380115,21.1607759,90.53,52.1380133,21.1607768,32,0.47,0.081,255,0.0,0.0,-0.0055,0.0144,3.04,1.528,-0.75,0.37,236.5,0.03,0.0,0.0,0.0,100223,1507,3,0.33,0.1,-0.05,0.01,48,-107,-17,0,2.95,-0.17,0.0031,0.0078,16.63,20.22,9.85
660.136,flow_only,5.601,52.1380115,21.160776,90.54,52.1380133,21.1607768,32,0.47,0.081,255,0.0,0.0,0.018,-0.0151,3.034,1.531,-0.75,0.33,236.6,0.03,0.0,0.03,0.01,100223,1507,3,0.33,0.1,-0.05,0.01,48,21,33,0,2.97,-0.16,0.0038,0.0168,15.98,15.19,13.12
660.236,flow_only,5.701,52.1380116,21.160776,90.54,52.1380134,21.1607768,32,0.47,0.086,255,0.0,-0.1674,-0.0093,-0.0378,3.048,1.537,-0.74,0.13,236.65,0.03,0.0,0.02,0.0,100223,1507,3,0.33,0.13,-0.05,0.01,48,21,54,0,2.98,-0.15,0.0078,0.0256,15.62,20.7,12.78
660.336,flow_only,5.801,52.1380116,21.160776,90.54,52.1380134,21.1607768,32,0.47,0.086,255,0.0,0.0,0.0142,-0.0432,3.052,1.54,-0.74,-0.23,236.6,0.03,0.0,0.02,0.01,100223,1507,3,0.33,0.13,-0.05,0.01,48,11,-72,0,2.97,-0.15,0.0035,0.0089,15.8,15.42,10.12
660.436,flow_only,5.901,52.1380116,21.160776,90.54,52.1380137,21.1607768,31,0.47,0.156,255,0.0,-0.1674,0.0272,-0.0159,3.056,1.539,-0.66,-0.34,236.53,0.03,0.0,0.0,0.01,100223,1507,3,0.33,0.14,-0.05,0.01,48,-2,55,0,2.97,-0.16,0.0038,0.0086,14.32,16.5,10.01
660.536,flow_only,6.001,52.1380116,21.1607759,90.54,52.1380137,21.1607768,31,0.47,0.156,255,0.0,0.0,-0.011,0.034,3.032,1.538,-0.44,-0.18,236.48,0.03,0.0,0.02,0.0,100223,1507,3,0.33,0.14,-0.05,0.01,48,-40,20,0,2.98,-0.15,0.0057,0.0154,16.33,19.12,11.69
660.636,flow_only,6.101,52.1380116,21.1607759,90.54,52.1380139,21.1607768,32,0.44,0.135,255,0.0,0.0,-0.0138,0.0479,3.038,1.538,-0.51,0.06,236.5,0.03,0.0,0.01,0.01,100223,1507,3,0.33,0.11,-0.05,0.01,48,39,-9,0,2.99,-0.14,0.0026,0.0123,18.28,19.65,10.99
660.736,flow_only,6.201,52.1380117,21.1607759,90.55,52.1380139,21.1607768,32,0.44,0.135,255,0.0,0.0,-0.0355,-0.0263,3.022,1.542,-0.78,0.14,236.54,0.03,0.0,0.04,0.0,100223,1507,3,0.33,0.11,-0.05,0.01,48,-114,-3,0,3.0,-0.11,0.0108,0.0312,20.27,20.1,11.19
660.836,flow_only,6.301,52.1380118,21.1607759,90.55,52.1380139,21.1607768,32,0.44,0.135,255,0.0,0.0,-0.0193,-0.0197,3.018,1.548,-0.9,-0.09,236.5,0.03,0.0,0.02,0.0,100223,1507,3,0.33,0.11,-0.05,0.01,48,-122,77,0,3.01,-0.11,0.0136,0.0376,17.76,19.65,13.45
660.936,flow_only,6.401,52.1380119,21.160776,90.56,52.1380143,21.1607768,32,0.44,0.206,255,0.0,0.0,0.0105,-0.0181,3.02,1.554,-0.95,-0.27,236.43,0.03,0.0,0.0,0.0,100223,1507,3,0.33,0.1,-0.05,0.01,48,37,74,0,3.01,-0.09,0.0125,0.032,13.52,20.42,11.64
661.036,flow_only,6.501,52.138012,21.1607761,90.56,52.1380145,21.160777,32,0.44,0.093,255,0.0,0.0,-0.0251,-0.035,3.014,1.554,-1.02,-0.45,236.37,0.03,0.0,0.02,0.01,100223,1507,3,0.33,0.09,-0.05,0.01,48,16,49,0,3.0,-0.1,0.002,0.0065,13.15,17.59,11.41
661.136,flow_only,6.601,52.138012,21.1607761,90.56,52.1380145,21.160777,32,0.44,0.093,255,0.0,0.0,-0.0215,0.0201,3.016,1.553,-1.0,-0.37,236.34,0.03,0.0,0.01,0.0,100223,1507,3,0.33,0.09,-0.05,0.01,48,-15,6,0,3.0,-0.1,0.0027,0.0058,11.74,15.74,10.2
661.236,flow_only,6.701,52.138012,21.1607761,90.56,52.1380145,21.1607772,32,0.44,0.105,255,0.0,-0.1674,-0.0097,-0.012,3.018,1.553,-1.09,-0.36,236.35,0.03,0.0,0.01,0.0,100223,1507,3,0.33,0.13,-0.05,0.01,48,18,19,0,3.01,-0.09,0.0048,0.0115,13.2,14.19,13.03
661.336,flow_only,6.801,52.138012,21.1607762,90.56,52.1380145,21.1607772,32,0.44,0.105,255,0.0,0.0,-0.0037,-0.0384,3.014,1.558,-1.1,-0.46,236.33,0.03,0.0,0.04,0.01,100223,1507,3,0.33,0.13,-0.05,0.01,48,15,-137,0,3.02,-0.09,0.0211,0.0502,16.06,16.25,11.8
661.436,flow_only,6.901,52.1380121,21.1607764,90.57,52.1380147,21.1607775,32,0.44,0.112,255,0.1674,-0.1674,0.0523,0.011,3.026,1.564,-0.81,-0.53,236.31,0.03,0.0,0.01,0.01,100223,1507,3,0.34,0.08,-0.05,0.01,48,-2,66,0,3.03,-0.08,0.0114,0.0303,19.61,15.11,10.54
661.536,flow_only,7.001,52.1380122,21.1607764,90.57,52.1380147,21.1607775,32,0.44,0.112,255,0.0,0.0,0.0169,0.0137,3.026,1.569,-0.79,-0.51,236.37,0.03,0.0,0.01,0.0,100223,1507,3,0.34,0.08,-0.05,0.01,48,-3,20,0,3.03,-0.07,0.0096,0.0263,17.13,17.27,10.12
661.636,flow_only,7.101,52.1380123,21.1607764,90.57,52.1380148,21.1607776,32,0.44,0.096,255,0.0,0.0,-0.0489,-0.0047,3.01,1.569,-1.01,-0.52,236.45,0.03,0.0,0.04,0.01,100223,1507,3,0.34,0.1,-0.05,0.01,48,1,5,0,3.01,-0.09,0.0056,0.0158,15.59,17.41,9.88
661.736,flow_only,7.2,52.1380123,21.1607764,90.57,52.1380148,21.1607776,32,0.44,0.096,255,0.0,0.0,-0.0399,-0.0089,3.008,1.566,-1.21,-0.6,236.49,0.03,0.0,0.01,0.0,100223,1507,3,0.34,0.1,-0.05,0.01,48,37,28,0,3.01,-0.08,0.0042,0.0077,17.19,15.31,9.59
661.836,flow_only,7.301,52.1380123,21.1607764,90.57,52.1380148,21.1607776,32,0.44,0.096,255,0.0,0.0,0.0198,-0.0243,3.014,1.565,-1.26,-0.73,236.47,0.03,0.0,0.0,0.01,100223,1507,3,0.34,0.1,-0.05,0.01,48,-141,27,0,3.02,-0.07,0.0071,0.0156,14.12,19.43,10.48
661.936,flow_only,7.401,52.1380123,21.1607763,90.57,52.1380149,21.1607777,32,0.44,0.008,255,0.0,0.0,0.0154,0.0277,3.008,1.564,-1.12,-0.63,236.44,0.03,0.0,0.0,0.01,100223,1507,3,0.34,0.15,-0.05,0.01,48,-30,-8,0,3.02,-0.07,0.008,0.0184,14.62,19.07,10.73
662.036,flow_only,7.501,52.1380124,21.1607763,90.57,52.138015,21.1607777,32,0.44,0.113,255,0.0,0.0,0.0109,0.05,3.022,1.565,-1.05,-0.52,236.4,0.03,0.0,0.03,0.01,100223,1507,3,0.34,0.11,-0.05,0.01,48,-9,2,0,3.03,-0.06,0.0067,0.0173,16.18,18.32,10.28
662.136,flow_only,7.6,52.1380124,21.1607763,90.57,52.138015,21.1607777,32,0.44,0.113,255,0.0,0.0,0.0004,-0.0013,3.0,1.567,-1.05,-0.39,236.34,0.03,0.0,0.0,0.01,100223,1507,3,0.34,0.11,-0.05,0.01,48,169,-21,0,3.02,-0.06,0.0101,0.0205,15.02,14.72,13.03
662.236,flow_only,7.701,52.1380123,21.1607764,90.57,52.1380151,21.1607779,32,0.44,0.072,255,0.0,0.0,-0.012,-0.0193,2.994,1.57,-1.07,-0.36,236.27,0.03,0.0,0.03,0.0,100223,1507,3,0.34,0.09,-0.05,0.01,48,-17,-22,0,3.04,-0.04,0.0075,0.0179,15.28,13.86,12.36
662.336,flow_only,7.801,52.1380123,21.1607764,90.58,52.1380151,21.1607779,32,0.44,0.072,255,0.0,0.0,0.0301,0.0188,3.002,1.574,-0.91,-0.34,236.23,0.03,0.0,0.01,0.0,100223,1507,3,0.34,0.09,-0.05,0.01,48,-54,-6,0,3.04,-0.04,0.0045,0.0141,14.03,12.79,12.39
662.436,flow_only,7.901,52.1380123,21.1607765,90.59,52.1380151,21.160778,32,0.44,0.035,255,0.0,-0.1675,0.0562,0.0187,2.992,1.581,-0.68,-0.36,236.2,0.03,0.0,0.03,0.01,100223,1507,3,0.34,0.15,-0.05,0.01,48,145,-14,0,3.05,-0.03,0.0106,0.0271,15.84,17.24,12.11
662.536,flow_only,8.001,52.1380122,21.1607765,90.59,52.1380151,21.160778,32,0.44,0.035,255,0.0,0.0,-0.0034,0.0283,2.995,1.588,-0.65,-0.2,236.26,0.03,0.0,0.02,0.01,100223,1507,3,0.34,0.15,-0.05,0.01,48,99,-22,0,3.06,-0.01,0.0116,0.0305,19.29,15.06,12.01
662.636,flow_only,8.101,52.1380122,21.1607767,90.6,52.138015,21.1607781,32,0.44,0.091,255,0.0,0.0,0.0012,-0.0091,2.978,1.594,-0.62,-0.14,236.3,0.03,0.0,0.01,0.01,100223,1507,3,0.34,0.09,-0.05,0.01,48,-29,-25,0,3.06,-0.01,0.0084,0.0198,16.85,17.56,10.7
662.736,flow_only,8.201,52.1380121,21.1607768,90.6,52.138015,21.1607781,32,0.44,0.091,255,0.0,-0.1675,0.0021,-0.0784,2.97,1.596,-0.6,-0.41,236.31,0.03,0.0,0.01,0.01,100223,1507,3,0.34,0.09,-0.05,0.01,48,-17,11,0,3.05,-0.02,0.0045,0.0113,16.02,16.37,9.82
662.836,flow_only,8.301,52.138012,21.1607768,90.6,52.138015,21.1607781,32,0.44,0.091,255,0.0,0.0,0.0325,0.0091,2.962,1.596,-0.28,-0.54,236.27,0.03,0.0,0.01,0.0,100223,1507,3,0.34,0.09,-0.05,0.01,48,-55,63,0,3.05,0.0,0.0074,0.0161,15.95,20.62,9.35
662.936,flow_only,8.4,52.138012,21.1607769,90.6,52.1380151,21.1607782,32,0.44,0.038,255,0.0,0.0,0.0244,0.0427,2.96,1.595,-0.24,-0.4,236.3,0.03,0.0,0.01,0.01,100223,1507,3,0.34,0.13,-0.05,0.01,48,-10,2,0,3.04,0.0,0.0076,0.0184,16.95,19.63,10.72
663.036,flow_only,8.501,52.1380121,21.160777,90.6,52.1380152,21.1607782,32,0.44,0.078,255,0.0,0.0,-0.0269,-0.0175,2.966,1.596,-0.29,-0.31,236.36,0.03,0.0,0.01,0.01,100223,1507,3,0.34,0.11,-0.05,0.01,48,-2,-32,0,3.05,0.0,0.0111,0.0244,17.63,18.28,9.99
663.136,flow_only,8.601,52.1380121,21.160777,90.6,52.1380152,21.1607782,32,0.44,0.078,255,0.0,-0.1675,0.0281,-0.0313,2.968,1.595,-0.32,-0.61,236.36,0.03,0.0,0.03,0.01,100223,1507,3,0.34,0.11,-0.05,0.01,48,17,77,0,3.04,-0.01,0.0031,0.0148,15.37,15.33,12.59
663.236,flow_only,8.701,52.1380121,21.1607771,90.6,52.1380153,21.1607782,32,0.44,0.062,255,0.0,0.0,-0.0038,0.0149,2.964,1.591,-0.38,-0.58,236.41,0.03,0.0,0.02,0.0,100223,1507,3,0.34,0.15,-0.05,0.01,48,11,8,0,3.03,-0.02,0.0109,0.0306,14.5,13.35,11.85
663.336,flow_only,8.8,52.1380122,21.1607772,90.59,52.1380153,21.1607782,32,0.44,0.062,255,0.0,0.0,-0.0454,0.0056,2.972,1.586,-0.4,-0.49,236.48,0.03,0.0,0.01,0.02,100223,1507,3,0.34,0.15,-0.05,0.01,48,-16,-27,0,3.02,-0.02,0.011,0.0312,14.92,12.29,10.99
663.436,flow_only,8.901,52.1380122,21.1607773,90.59,52.1380154,21.1607782,32,0.44,0.035,255,0.0,-0.1674,-0.0179,-0.0717,2.98,1.583,-0.6,-0.71,236.52,0.03,0.0,0.0,0.01,100223,1507,3,0.34,0.13,-0.05,0.01,48,37,43,0,3.03,-0.02,0.0059,0.0177,14.25,15.86,9.45
663.536,flow_only,9.001,52.1380122,21.1607772,90.59,52.1380154,21.1607782,32,0.44,0.035,255,0.0,0.0,-0.0146,-0.0136,2.99,1.583,-0.62,-0.87,236.53,0.03,0.0,0.0,0.0,100223,1507,3,0.34,0.13,-0.05,0.01,48,-159,63,0,3.03,-0.02,0.009,0.0199,18.6,16.76,9.91
663.636,flow_only,9.101,52.1380122,21.1607771,90.59,52.1380154,21.1607782,32,0.44,0.019,255,0.0,0.0,0.0449,0.0484,2.996,1.582,-0.52,-0.89,236.51,0.03,0.0,0.02,0.01,100223,1507,3,0.34,0.15,-0.05,0.01,48,19,18,0,3.03,-0.04,0.0069,0.0202,16.36,19.26,10.79
663.736,flow_only,9.2,52.1380122,21.160777,90.58,52.1380154,21.1607782,32,0.44,0.019,255,0.0,0.0,-0.0248,0.0526,2.984,1.578,-0.6,-0.57,236.57,0.03,0.0,0.02,0.01,100223,1507,3,0.34,0.15,-0.05,0.01,48,-15,-77,0,3.02,-0.05,0.0076,0.024,15.95,16.17,12.22
663.836,flow_only,9.301,52.1380123,21.1607771,90.58,52.1380154,21.1607782,32,0.44,0.019,255,0.0,0.0,-0.0483,0.0399,2.978,1.578,-0.74,-0.29,236.68,0.03,0.0,0.03,0.01,100223,1507,3,0.34,0.15,-0.05,0.01,48,10,-69,0,3.04,-0.05,0.0117,0.0244,15.54,14.49,10.34
663.936,flow_only,9.401,52.1380123,21.1607772,90.58,52.1380154,21.1607782,32,0.44,0.012,255,0.0,0.0,-0.0193,-0.0117,2.984,1.579,-0.89,-0.18,236.81,0.03,0.0,0.01,0.02,100223,1507,3,0.34,0.13,-0.05,0.01,48,-134,-32,0,3.03,-0.03,0.0145,0.0319,15.48,16.77,10.53
664.036,flow_only,9.501,52.1380124,21.1607772,90.59,52.1380154,21.1607782,32,0.44,0.025,255,0.0,0.0,-0.0152,-0.0523,2.982,1.58,-1.03,-0.37,236.89,0.03,0.0,0.01,0.01,100223,1507,3,0.34,0.14,-0.05,0.01,48,42,20,0,3.04,-0.01,0.0075,0.0166,19.22,19.18,9.08
664.136,flow_only,9.6,52.1380124,21.1607773,90.59,52.1380154,21.1607782,32,0.44,0.025,255,0.0,0.0,0.0092,-0.0425,2.994,1.581,-1.01,-0.69,236.84,0.03,0.0,0.02,0.0,100223,1507,3,0.34,0.14,-0.05,0.01,48,2,-99,0,3.03,-0.03,0.0103,0.0235,17.81,19.55,12.33
664.236,flow_only,9.701,52.1380124,21.1607773,90.59,52.1380154,21.1607782,32,0.44,0.013,255,0.0,0.0,0.047,-0.0228,3.006,1.58,-0.94,-0.99,236.74,0.03,0.0,0.0,0.0,100223,1507,3,0.34,0.13,-0.05,0.01,48,6,55,0,3.03,-0.04,0.0027,0.0098,16.42,17.62,10.7
664.336,flow_only,9.801,52.1380124,21.1607773,90.59,52.1380154,21.1607782,32,0.44,0.013,255,0.0,0.0,0.004,0.0106,2.998,1.58,-0.77,-0.94,236.65,0.03,0.0,0.01,0.01,100223,1507,3,0.34,0.13,-0.05,0.01,48,-40,-17,0,3.04,-0.04,0.0058,0.0125,17.94,12.74,10.48
664.436,flow_only,9.901,52.1380124,21.1607772,90.58,52.1380154,21.1607782,32,0.44,0.026,255,0.1675,0.0,0.0002,0.0545,2.99,1.579,-0.66,-0.64,236.55,0.03,0.0,0.01,0.0,100223,1507,3,0.34,0.15,-0.05,0.01,48,-29,91,0,3.03,-0.04,0.0092,0.0204,15.02,15.77,8.85
664.536,flow_only,10.001,52.1380124,21.1607771,90.58,52.1380154,21.1607782,32,0.44,0.026,255,-0.1675,0.0,-0.0193,0.0382,2.986,1.579,-0.79,-0.42,236.54,0.03,0.0,0.01,0.01,99695,1507,3,0.34,0.15,-0.05,0.01,49,14,-70,0,3.04,-0.03,0.0031,0.007,18.32,18.91,11.59
664.636,flow_only,10.101,52.1380124,21.1607771,90.58,52.1380154,21.160778,32,0.44,0.063,255,0.0,0.0,-0.0176,0.0175,2.988,1.578,-0.88,-0.32,236.54,0.03,0.0,0.02,0.01,99695,1507,3,0.34,0.11,-0.05,0.01,49,1,-37,0,3.03,-0.03,0.0053,0.0142,18.48,17.03,12.27
664.736,flow_only,10.201,52.1380125,21.1607771,90.58,52.1380154,21.160778,32,0.44,0.063,255,0.0,0.0,-0.007,-0.0526,2.998,1.574,-0.99,-0.42,236.53,0.03,0.0,0.01,0.01,99695,1507,3,0.34,0.11,-0.05,0.01,49,-141,-39,0,3.03,-0.04,0.0123,0.0286,17.45,18.12,11.41
664.836,flow_only,10.301,52.1380125,21.160777,90.58,52.1380154,21.160778,32,0.44,0.063,255,0.1675,0.0,0.0013,-0.0268,2.986,1.57,-0.84,-0.55,236.52,0.03,0.0,0.0,0.01,99695,1507,3,0.34,0.11,-0.05,0.01,49,-29,19,0,3.03,-0.04,0.0077,0.0199,15.7,15.38,9.65
664.936,flow_only,10.401,52.1380125,21.1607769,90.57,52.1380154,21.1607778,32,0.44,0.081,255,0.0,0.0,0.0425,0.0391,2.998,1.567,-0.74,-0.61,236.51,0.03,0.0,0.0,0.0,99695,1507,3,0.34,0.1,-0.05,0.01,49,3,25,0,3.03,-0.04,0.006,0.0151,16.44,15.77,11.46
665.036,flow_only,10.501,52.1380126,21.1607768,90.57,52.1380154,21.1607776,32,0.44,0.075,255,0.0,0.0,-0.0447,0.0216,2.984,1.561,-0.88,-0.4,236.58,0.03,0.0,0.05,0.0,99695,1507,3,0.34,0.08,-0.05,0.01,49,5,-73,0,3.01,-0.07,0.0095,0.029,19.28,17.98,10.66
665.136,flow_only,10.601,52.1380126,21.1607768,90.56,52.1380154,21.1607776,32,0.44,0.075,255,0.0,0.0,-0.058,0.008,2.988,1.556,-1.05,-0.27,236.66,0.03,0.0,0.01,0.01,99695,1507,3,0.34,0.08,-0.05,0.01,49,7,-38,0,3.02,-0.07,0.0085,0.019,16.42,17.57,11.55
665.236,flow_only,10.701,52.1380126,21.1607769,90.56,52.1380152,21.1607775,32,0.44,0.132,255,0.0,0.0,0.0102,-0.0289,2.984,1.556,-1.2,-0.29,236.71,0.03,0.0,0.02,0.01,99695,1507,3,0.34,0.15,-0.05,0.01,49,-130,-23,0,3.03,-0.04,0.0104,0.0216,15.63,15.16,10.76
665.336,flow_only,10.801,52.1380127,21.1607769,90.56,52.1380152,21.1607775,32,0.44,0.132,255,0.0,0.0,0.0092,-0.0202,3.0,1.56,-1.11,-0.51,236.68,0.03,0.0,0.01,0.01,99695,1507,3,0.34,0.15,-0.05,0.01,49,-24,35,0,3.04,-0.03,0.007,0.0164,15.46,17.83,9.97
665.436,flow_only,10.901,52.1380127,21.1607768,90.57,52.1380151,21.1607774,32,0.44,0.103,255,0.0,0.0,0.0322,-0.0334,2.996,1.563,-1.05,-0.77,236.64,0.03,0.0,0.01,0.0,99695,1507,3,0.34,0.12,-0.05,0.01,49,8,37,0,3.04,-0.05,0.0054,0.0116,16.91,16.82,12.32
665.536,flow_only,11.001,52.1380127,21.1607768,90.57,52.1380151,21.1607774,32,0.44,0.103,255,0.1674,0.1674,-0.028,0.0476,3.02,1.566,-1.01,-0.59,236.66,0.03,0.0,0.01,0.0,99695,1507,3,0.34,0.12,-0.05,0.01,49,115,-166,0,3.04,-0.05,0.0106,0.0219,15.68,17.59,11.66
665.636,flow_only,11.101,52.1380126,21.1607769,90.57,52.1380149,21.1607774,32,0.44,0.095,255,0.0,0.1675,0.0001,0.017,3.02,1.569,-1.03,-0.39,236.69,0.03,0.0,0.0,0.01,99695,1507,3,0.34,0.11,-0.05,0.01,49,8,-67,0,3.05,-0.05,0.0148,0.0307,16.34,15.58,12.15
665.736,flow_only,11.2,52.1380124,21.1607769,90.58,52.1380149,21.1607774,32,0.44,0.095,255,0.1675,0.0,0.0474,-0.0366,2.996,1.571,-0.87,-0.42,236.69,0.03,0.0,0.0,0.0,99695,1507,3,0.34,0.11,-0.05,0.01,49,-3,-42,0,3.05,-0.05,0.009,0.0199,14.83,18.45,12.55
665.836,flow_only,11.301,52.1380124,21.1607769,90.58,52.1380149,21.1607774,32,0.44,0.095,255,0.1674,0.0,0.0471,0.0054,3.002,1.574,-0.54,-0.49,236.6,0.03,0.0,0.0,0.0,99695,1507,3,0.34,0.11,-0.05,0.01,49,-74,17,0,3.05,-0.02,0.0053,0.0122,16.48,18.78,11.32
665.936,flow_only,11.401,52.1380123,21.1607768,90.58,52.1380148,21.1607772,32,0.44,0.065,255,0.0,0.0,0.053,0.0328,3.004,1.576,-0.3,-0.49,236.42,0.03,0.0,0.0,0.0,99695,1507,3,0.34,0.12,-0.05,0.01,49,139,-11,0,3.05,-0.02,0.0037,0.0092,12.96,19.09,13.59
666.036,flow_only,11.501,52.1380123,21.1607768,90.59,52.1380148,21.160777,32,0.44,0.071,255,0.0,0.0,-0.0362,0.0165,3.0,1.581,-0.33,-0.31,236.28,0.03,0.0,0.06,0.0,99695,1507,3,0.34,0.11,-0.05,0.01,49,-45,-63,0,3.08,0.0,0.0086,0.027,11.24,18.85,12.1
666.136,flow_only,11.601,52.1380123,21.1607768,90.59,52.1380148,21.160777,32,0.44,0.071,255,0.0,0.0,-0.0519,-0.0015,3.006,1.589,-0.47,-0.19,236.19,0.03,0.0,0.01,0.0,99695,1507,3,0.34,0.11,-0.05,0.01,49,-5,-50,0,3.09,0.0,0.0097,0.0262,14.81,18.34,12.17
666.236,flow_only,11.701,52.1380124,21.1607769,90.6,52.1380147,21.1607769,32,0.44,0.084,255,0.0,0.0,0.0159,-0.0063,3.016,1.596,-0.51,-0.24,236.13,0.03,0.0,0.02,0.0,99695,1507,3,0.34,0.09,-0.05,0.01,49,18,-6,0,3.09,0.0,0.0089,0.0259,14.95,14.85,13.51
666.336,flow_only,11.801,52.1380124,21.1607769,90.61,52.1380147,21.1607769,32,0.44,0.084,255,0.0,0.0,-0.019,-0.0015,3.008,1.603,-0.74,-0.38,236.15,0.03,0.0,0.0,0.01,99695,1507,3,0.34,0.09,-0.05,0.01,49,-110,27,0,3.1,0.0,0.0081,0.0213,15.18,15.08,11.03
666.436,flow_only,11.901,52.1380124,21.1607769,90.61,52.1380146,21.1607766,32,0.44,0.097,255,0.0,0.0,-0.0325,-0.0169,3.0,1.608,-0.81,-0.37,236.24,0.03,0.0,0.01,0.01,99695,1507,3,0.34,0.09,-0.05,0.01,49,3,-25,0,3.1,0.0,0.005,0.0167,17.51,17.9,10.81
666.536,flow_only,12.001,52.1380124,21.1607769,90.62,52.1380146,21.1607766,32,0.44,0.097,255,0.0,0.0,-0.0075,0.0173,2.988,1.611,-0.83,-0.32,236.32,0.03,0.0,0.0,0.0,99695,1507,3,0.34,0.09,-0.05,0.01,49,-11,138,0,3.09,0.0,0.0109,0.022,18.33,20.33,10.85
666.636,flow_only,12.101,52.1380124,21.1607768,90.62,52.1380145,21.1607764,32,0.44,0.12,255,0.0,0.0,-0.0055,0.0113,3.01,1.614,-0.99,-0.26,236.42,0.03,0.0,0.02,0.01,99695,1507,3,0.34,0.12,-0.05,0.01,49,15,-28,0,3.1,0.01,0.0069,0.0175,15.51,18.44,10.93
666.736,flow_only,12.201,52.1380124,21.1607767,90.62,52.1380145,21.1607764,32,0.44,0.12,255,0.0,0.0,-0.0313,0.0057,2.99,1.618,-1.05,-0.23,236.51,0.03,0.0,0.01,0.0,99695,1507,3,0.34,0.12,-0.05,0.01,49,-5,-29,0,3.11,0.02,0.0074,0.0182,14.88,14.66,14.39
666.836,flow_only,12.3,52.1380124,21.1607767,90.63,52.1380145,21.1607764,32,0.44,0.12,255,0.0,0.0,-0.0018,-0.0423,2.987,1.621,-1.13,-0.32,236.53,0.03,0.0,0.01,0.01,99695,1507,3,0.34,0.12,-0.05,0.01,49,23,-11,0,3.1,0.02,0.0019,0.0048,16.01,15.55,13.39
666.936,flow_only,12.4,52.1380124,21.1607765,90.63,52.1380143,21.1607764,32,0.44,0.127,255,0.0,0.0,-0.0129,-0.024,2.988,1.62,-1.13,-0.43,236.48,0.03,0.0,0.0,0.01,99695,1507,3,0.34,0.1,-0.05,0.01,49,-6,13,0,3.09,0.02,0.0143,0.03,16.37,16.8,12.08
667.036,flow_only,12.501,52.1380123,21.1607765,90.63,52.1380141,21.1607763,32,0.44,0.1,255,0.0,0.1674,0.0508,0.0536,2.99,1.621,-1.01,-0.39,236.4,0.03,0.0,0.02,0.0,99695,1507,3,0.34,0.12,-0.05,0.01,49,4,6,0,3.1,0.03,0.0103,0.0228,14.03,15.74,11.41
667.136,flow_only,12.601,52.1380123,21.1607763,90.63,52.1380141,21.1607763,32,0.44,0.1,255,0.0,0.0,0.0078,0.0555,2.996,1.624,-0.96,-0.07,236.36,0.03,0.0,0.0,0.0,99695,1507,3,0.34,0.12,-0.05,0.01,49,-15,85,0,3.1,0.03,0.0117,0.0255,17.75,16.22,12.31
667.236,flow_only,12.701,52.1380123,21.1607762,90.63,52.138014,21.1607762,32,0.44,0.03,255,0.0,0.0,-0.0295,0.0435,2.996,1.627,-1.0,0.22,236.35,0.03,0.0,0.02,0.01,99695,1507,3,0.34,0.14,-0.05,0.01,49,-9,-81,0,3.11,0.03,0.0047,0.0122,18.26,18.02,11.05
667.336,flow_only,12.801,52.1380123,21.1607763,90.64,52.138014,21.1607762,32,0.44,0.03,255,0.0,0.0,-0.0138,0.0057,3.0,1.633,-0.98,0.39,236.36,0.03,0.0,0.01,0.01,99695,1507,3,0.34,0.14,-0.05,0.01,49,-23,123,0,3.12,0.04,0.0051,0.0156,16.85,16.98,11.31
667.436,flow_only,12.901,52.1380122,21.1607762,90.64,52.1380139,21.1607762,32,0.44,0.03,255,0.0,0.0,-0.0025,-0.0391,2.996,1.637,-1.06,0.27,236.35,0.03,0.0,0.01,0.01,99695,1507,3,0.34,0.14,-0.05,0.01,49,16,2,0,3.11,0.02,0.0034,0.0078,16.6,17.97,10.7
667.536,flow_only,13.001,52.1380122,21.1607762,90.64,52.1380139,21.1607762,32,0.44,0.03,255,0.0,0.0,-0.0054,-0.0551,2.996,1.64,-1.1,0.04,236.32,0.03,0.0,0.01,0.01,99695,1507,3,0.34,0.14,-0.05,0.01,49,1,27,0,3.11,0.03,0.0083,0.0178,16.69,22.03,10.91
667.636,flow_only,13.101,52.1380121,21.1607761,90.64,52.1380138,21.1607761,32,0.44,0.089,255,0.0,0.0,0.0374,-0.0129,2.99,1.64,-0.93,-0.23,236.21,0.03,0.0,0.03,0.0,99695,1507,3,0.34,0.1,-0.05,0.01,49,-7,65,0,3.1,0.02,0.011,0.0258,13.74,18.99,10.84
667.736,flow_only,13.2,52.1380121,21.160776,90.64,52.1380138,21.1607761,32,0.44,0.089,255,0.1675,0.0,0.043,0.0322,2.98,1.635,-0.8,-0.23,236.12,0.03,0.0,0.0,0.01,99695,1507,3,0.34,0.1,-0.05,0.01,49,-28,-1,0,3.09,0.01,0.0107,0.0256,14.29,19.79,12.53
667.836,flow_only,13.3,52.138012,21.1607759,90.64,52.1380138,21.1607761,32,0.44,0.089,255,0.0,0.0,-0.0089,0.0436,2.978,1.631,-0.75,0.05,236.13,0.03,0.0,0.0,0.01,99695,1507,3,0.34,0.1,-0.05,0.01,49,128,111,0,3.09,0.02,0.0169,0.037,15.53,16.05,13.83
667.936,flow_only,13.4,52.138012,21.1607759,90.63,52.1380137,21.1607761,32,0.44,0.049,255,0.0,0.0,-0.0488,0.0304,2.974,1.627,-0.83,0.31,236.18,0.03,0.0,0.0,0.01,99695,1507,3,0.34,0.13,-0.05,0.01,49,-23,-63,0,3.09,0.02,0.0044,0.0146,16.29,16.01,13.29
668.036,flow_only,13.501,52.138012,21.1607759,90.63,52.1380136,21.1607762,32,0.44,0.063,255,0.0,0.0,0.0152,-0.0384,2.978,1.623,-0.95,0.23,236.2,0.03,0.0,0.01,0.0,99695,1507,3,0.34,0.13,-0.05,0.01,49,24,-15,0,3.08,0.02,0.0103,0.026,15.51,17.78,13.4
668.136,flow_only,13.6,52.1380119,21.1607757,90.63,52.1380136,21.1607762,32,0.44,0.063,255,0.1674,0.0,0.0286,-0.0304,2.968,1.621,-0.78,0.08,236.16,0.03,0.0,0.0,0.0,99695,1507,3,0.34,0.13,-0.05,0.01,49,-41,10,0,3.08,0.02,0.0194,0.0413,17.33,18.6,13.14
668.236,flow_only,13.701,52.1380118,21.1607756,90.62,52.1380135,21.1607763,32,0.44,0.048,255,0.0,0.0,0.0228,0.0499,2.952,1.62,-0.53,0.22,236.1,0.03,0.0,0.01,0.0,99695,1507,3,0.34,0.13,-0.05,0.01,49,99,-14,0,3.08,0.03,0.014,0.0304,17.37,18.66,13.11
668.336,flow_only,13.801,52.1380117,21.1607755,90.63,52.1380135,21.1607763,32,0.44,0.048,255,0.0,0.0,0.0382,0.0644,2.95,1.622,-0.35,0.53,236.07,0.03,0.0,0.02,0.0,99695,1507,3,0.34,0.13,-0.05,0.01,49,-24,-47,0,3.09,0.03,0.0016,0.0072,15.94,15.37,12.61
668.436,flow_only,13.901,52.1380117,21.1607756,90.63,52.1380134,21.1607764,32,0.44,0.104,255,0.0,0.0,-0.0243,0.024,2.94,1.623,-0.51,0.74,236.08,0.03,0.0,0.04,0.01,99695,1507,3,0.34,0.13,-0.05,0.01,49,33,136,0,3.08,0.04,0.0077,0.0196,15.69,19.3,12.74
668.536,flow_only,14.001,52.1380117,21.1607755,90.63,52.1380134,21.1607764,32,0.44,0.104,255,0.0,0.0,-0.033,-0.0298,2.944,1.623,-0.63,0.67,236.08,0.03,0.0,0.0,0.01,99695,1507,3,0.34,0.13,-0.05,0.01,49,15,28,0,3.08,0.04,0.0061,0.0146,16.1,16.76,14.15
668.636,flow_only,14.101,52.1380117,21.1607756,90.63,52.1380133,21.1607766,32,0.44,0.066,255,0.0,0.0,-0.0163,-0.047,2.946,1.626,-0.72,0.4,236.06,0.03,0.0,0.0,0.0,99695,1507,3,0.34,0.06,-0.05,0.01,49,30,40,0,3.08,0.05,0.0073,0.0155,14.22,15.21,11.14
668.736,flow_only,14.2,52.1380117,21.1607756,90.63,52.1380133,21.1607766,32,0.44,0.066,255,0.0,-0.1675,0.0176,-0.0398,2.94,1.628,-0.7,0.2,236.01,0.03,0.0,0.01,0.0,99695,1507,3,0.34,0.06,-0.05,0.01,49,11,-106,0,3.08,0.05,0.0046,0.012,18.65,17.05,10.85
668.836,flow_only,14.3,52.1380116,21.1607757,90.63,52.1380133,21.1607766,32,0.44,0.066,255,0.0,0.0,0.0105,-0.0088,2.952,1.63,-0.63,0.08,235.95,0.03,0.0,0.0,0.01,99695,1507,3,0.34,0.06,-0.05,0.01,49,-33,64,0,3.08,0.06,0.0116,0.024,17.76,21.89,12.07
668.936,flow_only,14.4,52.1380115,21.1607759,90.64,52.1380133,21.1607769,32,0.44,0.116,255,0.0,0.0,0.0375,-0.0117,2.944,1.635,-0.48,-0.07,235.84,0.03,0.0,0.02,0.01,99695,1507,3,0.34,0.1,-0.05,0.01,49,-28,-111,0,3.1,0.07,0.0199,0.0394,15.55,17.4,12.11
669.036,flow_only,14.501,52.1380115,21.1607761,90.65,52.1380132,21.1607772,32,0.44,0.12,255,0.0,0.0,0.0544,-0.0381,2.95,1.643,-0.28,-0.28,235.74,0.03,0.0,0.0,0.01,99695,1507,3,0.34,0.11,-0.05,0.01,49,-45,58,0,3.1,0.07,0.0042,0.0118,15.09,17.91,12.68
669.136,flow_only,14.601,52.1380115,21.1607763,90.65,52.1380132,21.1607772,32,0.44,0.12,255,0.0,0.0,-0.0047,-0.0215,2.966,1.647,-0.11,-0.41,235.67,0.03,0.0,0.04,0.0,99695,1507,3,0.34,0.11,-0.05,0.01,49,-71,55,0,3.09,0.06,0.0091,0.02,18.97,16.83,11.82
669.236,flow_only,14.701,52.1380115,21.1607764,90.65,52.1380133,21.1607775,32,0.44,0.109,255,0.1675,0.0,0.0091,0.0329,2.968,1.648,0.03,-0.32,235.71,0.03,0.0,0.01,0.01,99695,1507,3,0.34,0.09,-0.05,0.01,49,136,21,0,3.09,0.05,0.014,0.0301,17.53,20.07,14.07
669.336,flow_only,14.8,52.1380114,21.1607765,90.65,52.1380133,21.1607775,32,0.44,0.109,255,0.0,0.0,-0.0108,-0.0055,2.966,1.646,-0.13,-0.25,235.81,0.03,0.0,0.02,0.01,99695,1507,3,0.34,0.09,-0.05,0.01,49,36,15,0,3.08,0.03,0.0102,0.0267,15.44,16.51,12.55
669.436,flow_only,14.901,52.1380114,21.1607766,90.65,52.1380133,21.1607778,32,0.44,0.094,255,0.0,0.0,0.0014,-0.0147,2.974,1.644,-0.17,-0.39,235.94,0.03,0.0,0.0,0.0,99695,1507,3,0.34,0.11,-0.05,0.01,49,11,-116,0,3.09,0.03,0.0121,0.0273,17.06,17.61,12.99
669.536,flow_only,15.001,52.1380114,21.1607768,90.65,52.1380133,21.1607778,32,0.44,0.094,255,0.0,0.0,-0.0036,-0.0289,2.984,1.643,-0.17,-0.55,236.05,0.03,0.0,0.02,0.0,99695,1507,3,0.34,0.11,-0.05,0.01,49,0,55,0,3.08,0.02,0.0059,0.0189,20.72,18.83,13.37
669.636,flow_only,15.101,52.1380115,21.160777,90.65,52.1380133,21.1607781,32,0.44,0.095,255,0.0,-0.1675,-0.0022,-0.0425,2.986,1.641,-0.17,-0.8,236.12,0.03,0.0,0.0,0.0,99695,1507,3,0.34,0.07,-0.05,0.01,49,-6,-86,0,3.08,0.01,0.0154,0.0321,16.72,21.2,12.82
669.736,flow_only,15.201,52.1380115,21.1607771,90.65,52.1380133,21.1607781,32,0.44,0.095,255,0.0,-0.1675,0.0069,-0.0221,3.002,1.641,-0.12,-0.87,236.17,0.03,0.0,0.0,0.0,99695,1507,3,0.34,0.07,-0.05,0.01,49,9,63,0,3.08,0.01,0.0066,0.0171,14.34,15.52,11.23
669.836,flow_only,15.301,52.1380116,21.1607772,90.64,52.1380133,21.1607781,32,0.44,0.095,255,0.0,0.0,-0.0062,-0.0257,2.996,1.64,-0.18,-0.98,236.2,0.03,0.0,0.0,0.0,99695,1507,3,0.34,0.07,-0.05,0.01,49,10,53,0,3.09,0.01,0.0023,0.0077,14.99,16.66,10.23
669.936,flow_only,15.401,52.1380116,21.1607773,90.64,52.1380133,21.1607783,32,0.44,0.117,255,0.0,0.0,0.0013,-0.0042,3.0,1.64,-0.17,-1.13,236.14,0.03,0.0,0.0,0.0,99695,1507,3,0.34,0.08,-0.05,0.01,49,21,-103,0,3.09,0.0,0.0065,0.0137,18.91,16.56,9.86
670.036,flow_only,15.501,52.1380116,21.1607773,90.65,52.1380135,21.1607784,32,0.44,0.088,255,0.0,0.0,0.0148,0.0189,3.002,1.642,-0.21,-1.16,236.02,0.03,0.0,0.01,0.0,99695,1507,3,0.34,0.15,-0.05,0.01,49,22,34,0,3.1,0.0,0.0032,0.0079,17.78,18.68,13.08
670.136,flow_only,15.6,52.1380117,21.1607773,90.65,52.1380135,21.1607784,32,0.44,0.088,255,0.0,0.0,-0.0149,0.0337,3.0,1.642,-0.25,-0.98,235.94,0.03,0.0,0.03,0.01,99695,1507,3,0.34,0.15,-0.05,0.01,49,12,-30,0,3.09,0.0,0.0031,0.0091,16.88,16.08,13.45
670.236,flow_only,15.701,52.1380117,21.1607773,90.65,52.1380137,21.1607783,32,0.44,0.155,255,0.0,0.0,-0.0446,0.0445,2.994,1.642,-0.3,-0.64,235.9,0.03,0.0,0.02,0.01,99695,1507,3,0.34,0.12,-0.05,0.01,49,8,-47,0,3.1,0.0,0.0091,0.0185,17.61,19.76,13.3
670.336,flow_only,15.801,52.1380118,21.1607772,90.65,52.1380137,21.1607783,32,0.44,0.155,255,0.0,0.0,-0.0365,0.0022,2.982,1.646,-0.54,-0.53,235.87,0.03,0.0,0.01,0.0,99695,1507,3,0.34,0.12,-0.05,0.01,49,-104,-21,0,3.11,0.03,0.0112,0.0232,17.94,17.72,12.84
670.436,flow_only,15.901,52.1380119,21.1607771,90.66,52.1380139,21.1607782,32,0.44,0.101,255,0.0,0.0,-0.0371,-0.0142,2.986,1.651,-0.75,-0.58,235.85,0.03,0.0,0.02,0.02,99695,1507,3,0.34,0.12,-0.05,0.01,49,59,8,0,3.12,0.03,0.0041,0.0152,17.15,17.87,11.07
670.536,flow_only,16.001,52.1380119,21.160777,90.66,52.1380139,21.1607782,32,0.44,0.101,255,0.0,0.0,-0.0173,-0.0017,3.0,1.657,-0.94,-0.57,235.8,0.03,0.0,0.0,0.02,99695,1507,3,0.34,0.12,-0.05,0.01,49,-111,-7,0,3.12,0.05,0.005,0.0139,16.88,17.9,11.25
670.636,flow_only,16.101,52.1380119,21.160777,90.67,52.1380141,21.160778,32,0.44,0.108,255,0.0,0.0,0.0001,-0.012,3.004,1.662,-0.91,-0.68,235.7,0.03,0.0,0.0,0.01,99695,1507,3,0.34,0.12,-0.05,0.01,49,4,33,0,3.12,0.04,0.0048,0.0132,20.04,20.59,10.27
670.736,flow_only,16.2,52.1380119,21.1607769,90.67,52.1380141,21.160778,32,0.44,0.108,255,0.0,0.0,0.034,0.0253,2.998,1.666,-0.88,-0.71,235.65,0.03,0.0,0.0,0.01,99695,1507,3,0.34,0.12,-0.05,0.01,49,38,15,0,3.13,0.04,0.0042,0.0123,16.13,19.25,12.94
670.836,flow_only,16.301,52.138012,21.1607768,90.67,52.1380141,21.160778,32,0.44,0.108,255,-0.1674,0.1674,-0.028,0.0591,2.982,1.668,-0.87,-0.38,235.65,0.03,0.0,0.01,0.0,99695,1507,3,0.34,0.12,-0.05,0.01,49,-23,-56,0,3.12,0.04,0.002,0.0043,16.06,15.4,11.65
670.936,flow_only,16.401,52.1380119,21.1607767,90.67,52.1380142,21.1607778,32,0.44,0.081,255,0.0,0.0,-0.0,-0.0231,2.976,1.664,-0.95,-0.35,235.64,0.03,0.0,0.05,0.0,99695,1507,3,0.33,0.12,-0.05,0.01,49,44,115,0,3.1,0.03,0.0145,0.0327,16.76,20.56,10.89
671.036,flow_only,16.501,52.1380118,21.1607765,90.66,52.1380143,21.1607776,32,0.44,0.073,255,0.0,0.0,0.0021,-0.0005,2.98,1.659,-0.89,-0.38,235.61,0.03,0.0,0.0,0.02,99695,1507,3,0.33,0.12,-0.05,0.01,49,-16,5,0,3.1,0.03,0.0101,0.0218,18.21,20.33,10.63
671.136,flow_only,16.6,52.1380118,21.1607765,90.66,52.1380143,21.1607776,32,0.44,0.073,255,0.1675,0.1675,0.0682,0.0817,2.98,1.655,-0.57,-0.08,235.57,0.03,0.0,0.0,0.0,99695,1507,3,0.33,0.12,-0.05,0.01,49,-24,-28,0,3.1,0.04,0.0032,0.0089,17.0,18.33,12.73
671.236,flow_only,16.701,52.1380118,21.1607763,90.66,52.1380144,21.1607776,32,0.44,0.052,255,0.0,0.0,-0.0343,0.0283,2.98,1.651,-0.71,0.21,235.66,0.03,0.0,0.03,0.0,99695,1507,3,0.33,0.12,-0.05,0.01,49,37,86,0,3.09,0.03,0.014,0.0302,17.16,19.44,11.8
671.336,flow_only,16.8,52.1380117,21.1607761,90.65,52.1380144,21.1607776,32,0.44,0.052,255,0.0,0.0,0.0045,0.0141,2.976,1.644,-0.77,0.21,235.67,0.03,0.0,0.02,0.0,99695,1507,3,0.33,0.12,-0.05,0.01,49,39,-3,0,3.08,0.03,0.0164,0.036,15.31,18.85,12.26
671.436,flow_only,16.901,52.1380116,21.160776,90.64,52.1380145,21.1607776,32,0.44,0.036,255,0.0,0.0,0.0163,0.0034,2.978,1.638,-0.81,0.23,235.62,0.03,0.0,0.01,0.01,99695,1507,3,0.33,0.14,-0.05,0.01,49,28,-10,0,3.07,0.01,0.009,0.023,16.99,18.64,11.51
671.536,flow_only,17.001,52.1380116,21.1607759,90.64,52.1380145,21.1607776,32,0.44,0.036,255,0.0,0.0,0.0059,0.0632,2.968,1.635,-0.57,0.55,235.61,0.03,0.0,0.02,0.0,99695,1507,3,0.33,0.14,-0.05,0.01,49,-50,-77,0,3.08,0.01,0.0051,0.0077,18.47,18.47,11.59
671.636,flow_only,17.101,52.1380116,21.1607759,90.64,52.1380145,21.1607775,32,0.44,0.024,255,0.0,0.0,-0.0074,0.0091,2.98,1.634,-0.62,0.77,235.67,0.03,0.0,0.02,0.01,99695,1507,3,0.33,0.14,-0.05,0.01,49,20,-46,0,3.07,0.02,0.0135,0.0251,15.25,19.59,12.93
671.736,flow_only,17.2,52.1380117,21.160776,90.64,52.1380145,21.1607775,32,0.44,0.024,255,0.0,-0.1675,-0.0312,-0.078,2.986,1.634,-0.74,0.49,235.7,0.03,0.0,0.0,0.01,99695,1507,3,0.33,0.14,-0.05,0.01,49,16,21,0,3.08,0.02,0.009,0.0171,13.63,16.3,10.79
671.836,flow_only,17.301,52.1380117,21.1607759,90.64,52.1380145,21.1607775,32,0.44,0.024,255,-0.1674,-0.1674,0.0223,-0.0696,2.978,1.634,-0.76,-0.02,235.59,0.03,0.0,0.0,0.01,99695,1507,3,0.33,0.14,-0.05,0.01,49,51,105,0,3.08,0.0,0.0067,0.013,18.86,17.61,11.22
671.936,flow_only,17.401,52.1380119,21.1607759,90.64,52.1380146,21.1607776,32,0.44,0.096,255,0.0,0.0,-0.0046,-0.008,2.966,1.633,-0.76,-0.26,235.44,0.03,0.0,0.01,0.01,99695,1507,3,0.33,0.1,-0.05,0.01,49,13,-102,0,3.07,0.0,0.016,0.0319,16.07,22.42,14.23
672.036,flow_only,17.501,52.138012,21.1607759,90.64,52.1380147,21.1607778,32,0.44,0.116,255,0.0,0.0,-0.0403,0.0156,2.976,1.632,-0.78,-0.14,235.34,0.03,0.0,0.0,0.0,99695,1507,3,0.33,0.1,-0.05,0.01,49,-5,11,0,3.07,0.01,0.008,0.0173,14.95,17.41,12.77
672.136,flow_only,17.6,52.138012,21.1607759,90.64,52.1380147,21.1607778,32,0.44,0.116,255,-0.1675,-0.1675,-0.0526,-0.0702,2.98,1.633,-1.11,-0.31,235.3,0.03,0.0,0.0,0.02,99695,1507,3,0.33,0.1,-0.05,0.01,49,66,24,0,3.08,0.02,0.0018,0.0037,16.36,17.81,12.42
672.236,flow_only,17.701,52.138012,21.1607759,90.64,52.1380148,21.160778,32,0.44,0.096,255,0.0,0.0,0.0222,0.0043,2.982,1.634,-1.04,-0.51,235.24,0.03,0.0,0.0,0.01,99695,1507,3,0.33,0.09,-0.05,0.01,49,26,98,0,3.08,0.01,0.0037,0.009,17.55,18.0,12.36
672.336,flow_only,17.801,52.1380121,21.160776,90.64,52.1380148,21.160778,32,0.44,0.096,255,0.0,0.0,0.0104,0.0151,2.976,1.637,-1.07,-0.51,235.25,0.03,0.0,0.01,0.01,99695,1507,3,0.33,0.09,-0.05,0.01,49,37,33,0,3.09,0.02,0.0092,0.0194,18.34,21.75,13.93
672.436,flow_only,17.901,52.1380122,21.1607761,90.65,52.138015,21.1607781,32,0.44,0.137,255,0.0,0.0,-0.0073,-0.0092,2.964,1.641,-1.11,-0.47,235.3,0.03,0.0,0.01,0.0,99695,1507,3,0.33,0.1,-0.05,0.01,49,5,10,0,3.09,0.03,0.0056,0.0152,14.7,18.53,12.77
672.536,flow_only,18.001,52.1380122,21.1607762,90.65,52.138015,21.1607781,32,0.44,0.137,255,0.0,0.0,-0.0259,-0.0111,2.968,1.647,-1.07,-0.47,235.44,0.03,0.0,0.01,0.01,99695,1507,3,0.33,0.1,-0.05,0.01,49,-10,1,0,3.1,0.04,0.0039,0.0159,16.77,20.0,11.14
672.636,flow_only,18.101,52.1380122,21.1607763,90.66,52.1380151,21.1607782,32,0.44,0.112,255,-0.1675,0.0,-0.0166,-0.0334,2.972,1.655,-1.17,-0.57,235.57,0.03,0.0,0.01,0.0,99695,1507,3,0.33,0.09,-0.05,0.01,49,13,24,0,3.11,0.06,0.0045,0.0168,18.77,19.36,13.05
672.736,flow_only,18.201,52.1380122,21.1607763,90.67,52.1380151,21.1607782,32,0.44,0.112,255,0.0,0.0,0.0027,-0.0268,2.982,1.663,-1.25,-0.71,235.59,0.03,0.0,0.0,0.0,99695,1507,3,0.33,0.09,-0.05,0.01,49,32,-139,0,3.11,0.06,0.0092,0.02,17.93,19.07,11.46
672.836,flow_only,18.3,52.1380122,21.1607764,90.67,52.1380151,21.1607782,32,0.44,0.112,255,0.1675,0.0,0.0314,0.0228,2.982,1.67,-1.12,-0.7,235.51,0.03,0.0,0.01,0.01,99695,1507,3,0.33,0.09,-0.05,0.01,49,-13,44,0,3.12,0.05,0.0042,0.0144,15.75,20.3,14.07
672.936,flow_only,18.4,52.1380122,21.1607765,90.68,52.1380153,21.1607784,32,0.44,0.097,255,0.1674,0.0,0.0636,0.0068,2.98,1.674,-0.93,-0.77,235.32,0.03,0.0,0.02,0.0,99695,1507,3,0.33,0.08,-0.05,0.01,49,-31,7,0,3.11,0.04,0.0031,0.0064,17.46,18.12,12.27
673.036,flow_only,18.501,52.1380122,21.1607765,90.68,52.1380153,21.1607786,32,0.44,0.09,255,0.0,0.0,-0.0121,0.0201,2.974,1.675,-0.76,-0.61,235.16,0.03,0.0,0.0,0.01,99695,1507,3,0.33,0.08,-0.05,0.01,49,93,-19,0,3.11,0.05,0.0027,0.0055,17.51,20.99,12.27
673.136,flow_only,18.601,52.1380122,21.1607765,90.68,52.1380153,21.1607786,32,0.44,0.09,255,0.0,0.0,-0.006,0.0259,2.97,1.678,-0.72,-0.43,235.04,0.03,0.0,0.03,0.0,99695,1507,3,0.33,0.08,-0.05,0.01,49,-10,-15,0,3.13,0.06,0.004,0.014,16.02,19.26,12.92
673.236,flow_only,18.701,52.1380122,21.1607766,90.69,52.1380153,21.1607787,32,0.44,0.042,255,0.0,0.0,0.0017,-0.0162,2.976,1.686,-0.78,-0.43,234.97,0.03,0.0,0.03,0.01,99695,1507,3,0.33,0.13,-0.05,0.01,49,16,12,0,3.14,0.08,0.0051,0.0208,19.45,19.58,12.38
673.336,flow_only,18.8,52.1380122,21.1607766,90.7,52.1380153,21.1607787,32,0.44,0.042,255,0.0,-0.1675,0.0154,-0.0213,2.976,1.695,-0.68,-0.62,234.85,0.03,0.0,0.0,0.01,99695,1507,3,0.33,0.13,-0.05,0.01,49,-28,50,0,3.14,0.09,0.0053,0.0177,18.55,21.56,11.94
673.436,flow_only,18.901,52.1380121,21.1607766,90.71,52.1380153,21.160779,32,0.44,0.101,255,0.0,0.0,0.0098,-0.027,2.97,1.703,-0.64,-0.76,234.7,0.03,0.0,0.01,0.0,99695,1507,3,0.33,0.09,-0.05,0.01,49,155,21,0,3.15,0.09,0.0099,0.0237,17.03,17.55,11.34
673.536,flow_only,19.001,52.138012,21.1607767,90.72,52.1380153,21.160779,32,0.44,0.101,255,0.0,0.0,0.0121,-0.0106,2.974,1.711,-0.51,-0.74,234.52,0.03,0.0,0.0,0.0,99695,1507,3,0.33,0.09,-0.05,0.01,49,119,-20,0,3.15,0.09,0.0138,0.028,18.63,20.82,11.22
673.636,flow_only,19.101,52.138012,21.1607767,90.72,52.1380152,21.1607792,32,0.44,0.094,255,0.0,0.0,0.0544,0.0513,2.96,1.717,-0.25,-0.59,234.37,0.03,0.0,0.0,0.0,99695,1507,3,0.33,0.06,-0.05,0.01,49,-69,-24,0,3.16,0.09,0.0022,0.0101,17.87,21.27,13.29
673.736,flow_only,19.2,52.138012,21.1607767,90.73,52.1380152,21.1607792,32,0.44,0.094,255,0.0,0.0,0.0376,0.036,2.958,1.722,-0.13,-0.5,234.29,0.03,0.0,0.0,0.01,99695,1507,3,0.33,0.06,-0.05,0.01,49,-24,0,0,3.15,0.1,0.0106,0.0207,17.68,19.18,12.43
673.836,flow_only,19.301,52.1380118,21.1607767,90.73,52.1380152,21.1607792,32,0.44,0.094,255,0.0,0.0,0.0076,0.0185,2.944,1.723,-0.05,-0.34,234.3,0.03,0.0,0.02,0.01,99695,1507,3,0.33,0.06,-0.05,0.01,49,110,-49,0,3.14,0.1,0.0113,0.0223,20.27,20.87,11.14
673.936,flow_only,19.401,52.1380118,21.1607768,90.73,52.1380153,21.1607794,32,0.44,0.087,255,0.0,0.0,-0.0146,0.0284,2.942,1.721,-0.05,-0.1,234.43,0.03,0.0,0.02,0.0,99695,1507,3,0.33,0.11,-0.05,0.01,49,-39,-30,0,3.13,0.1,0.0051,0.0145,19.13,22.78,11.57
674.036,flow_only,19.501,52.1380117,21.1607767,90.72,52.1380154,21.1607795,32,0.44,0.021,255,0.0,0.0,0.0171,-0.0007,2.948,1.718,0.09,-0.02,234.63,0.03,0.0,0.02,0.0,99695,1507,3,0.33,0.12,-0.05,0.01,49,-7,-38,0,3.12,0.09,0.0034,0.0163,17.81,20.77,11.67
674.136,flow_only,19.6,52.1380117,21.1607767,90.72,52.1380154,21.1607795,32,0.44,0.021,255,0.0,0.0,-0.0015,0.0057,2.94,1.715,0.11,0.0,234.88,0.03,0.0,0.0,0.01,99695,1507,3,0.33,0.12,-0.05,0.01,49,7,-1,0,3.12,0.1,0.0039,0.0115,17.77,21.19,12.87
674.236,flow_only,19.701,52.1380117,21.1607767,90.72,52.1380153,21.1607796,32,0.44,0.057,255,0.0,0.0,-0.0353,-0.0159,2.938,1.714,-0.1,0.0,235.17,0.03,0.0,0.0,0.0,99695,1507,3,0.33,0.14,-0.05,0.01,49,48,-12,0,3.12,0.1,0.0048,0.012,20.29,19.45,11.84
674.336,flow_only,19.8,52.1380117,21.1607768,90.72,52.1380153,21.1607796,32,0.44,0.057,255,0.0,-0.1674,-0.0016,-0.0454,2.948,1.715,-0.21,-0.28,235.41,0.03,0.0,0.0,0.0,99695,1507,3,0.33,0.14,-0.05,0.01,49,33,-106,0,3.12,0.1,0.0133,0.0256,18.08,19.63,10.51
674.436,flow_only,19.901,52.1380117,21.1607768,90.72,52.1380154,21.1607798,32,0.44,0.109,255,0.0,0.0,0.0452,-0.0353,2.962,1.717,-0.19,-0.58,235.53,0.03,0.0,0.0,0.01,99695,1507,3,0.33,0.15,-0.05,0.01,49,6,62,0,3.12,0.09,0.0035,0.0102,16.46,20.66,12.77
674.536,flow_only,20.001,52.1380117,21.1607769,90.72,52.1380154,21.1607798,32,0.44,0.109,255,0.0,0.0,-0.0098,-0.0217,2.964,1.715,-0.04,-0.7,235.55,0.03,0.0,0.04,0.0,99695,1507,3,0.33,0.15,-0.05,0.01,49,-32,14,0,3.1,0.06,0.0089,0.0258,17.98,17.89,11.68
674.636,flow_only,20.101,52.1380118,21.1607769,90.71,52.1380155,21.1607799,32,0.44,0.138,255,0.0,0.0,-0.0258,0.0225,2.972,1.707,-0.04,-0.59,235.52,0.03,0.0,0.04,0.01,99695,1507,3,0.33,0.11,-0.05,0.01,49,-170,-189,0,3.09,0.04,0.0262,0.0572,17.52,22.26,14.47
674.736,flow_only,20.2,52.138012,21.160777,90.71,52.1380155,21.1607799,32,0.44,0.138,255,0.0,0.0,0.0094,0.0029,2.978,1.701,-0.14,-0.56,235.47,0.03,0.0,0.0,0.01,99695,1507,3,0.33,0.11,-0.05,0.01,49,-121,0,0,3.09,0.04,0.0242,0.0495,15.98,18.41,12.83
674.836,flow_only,20.301,52.138012,21.160777,90.7,52.1380155,21.1607799,32,0.44,0.138,255,-0.1675,-0.1675,-0.0553,-0.0141,2.994,1.696,-0.43,-0.66,235.47,0.03,0.0,0.01,0.0,99695,1507,3,0.33,0.11,-0.05,0.01,49,11,20,0,3.09,0.02,0.0157,0.0358,16.76,24.77,14.19
674.936,flow_only,20.4,52.1380122,21.1607769,90.69,52.1380158,21.1607799,32,0.44,0.134,255,-0.1675,0.0,-0.0614,-0.0185,2.992,1.689,-0.69,-0.72,235.48,0.03,0.0,0.05,0.01,99695,1507,3,0.33,0.12,-0.05,0.01,49,-266,-148,0,3.07,0.0,0.0279,0.0622,18.56,20.42,12.32
675.036,flow_only,20.501,52.1380124,21.1607768,90.69,52.1380159,21.1607798,32,0.44,0.086,255,0.0,0.0,-0.0694,-0.0247,2.978,1.68,-0.97,-0.81,235.5,0.03,0.0,0.0,0.0,99695,1507,3,0.33,0.15,-0.05,0.01,49,-72,27,0,3.07,0.0,0.028,0.0596,17.44,21.82,14.75
675.136,flow_only,20.601,52.1380126,21.1607767,90.68,52.1380159,21.1607798,32,0.44,0.086,255,0.0,0.0,-0.0968,-0.0166,2.98,1.676,-1.51,-0.93,235.56,0.03,0.0,0.01,0.0,99695,1507,3,0.33,0.15,-0.05,0.01,49,-51,29,0,3.07,0.0,0.0176,0.0374,17.68,17.74,12.51
675.236,flow_only,20.701,52.1380129,21.1607765,90.68,52.1380161,21.1607798,32,0.44,0.093,255,-0.1675,0.0,-0.0555,-0.0167,2.988,1.676,-1.93,-1.14,235.59,0.03,0.0,0.0,0.01,99695,1507,3,0.33,0.12,-0.05,0.01,49,-47,-128,0,3.08,0.01,0.0289,0.0584,17.6,20.59,11.68
675.336,flow_only,20.8,52.1380131,21.1607763,90.68,52.1380161,21.1607798,32,0.44,0.093,255,-0.1674,0.0,-0.0652,-0.0145,2.992,1.678,-2.23,-1.15,235.64,0.03,0.0,0.0,0.01,99695,1507,3,0.33,0.12,-0.05,0.01,49,71,-1,0,3.09,0.01,0.0164,0.0359,18.62,23.8,12.07
675.436,flow_only,20.901,52.1380132,21.1607762,90.69,52.1380162,21.1607798,32,0.44,0.023,255,0.0,0.0,-0.0423,0.0206,2.998,1.68,-2.4,-1.01,235.75,0.03,0.0,0.0,0.01,99695,1507,3,0.33,0.13,-0.05,0.01,49,-119,-25,0,3.09,0.01,0.0131,0.0291,15.56,20.41,11.32
675.536,flow_only,21.001,52.1380133,21.1607761,90.68,52.1380162,21.1607798,32,0.44,0.023,255,0.0,0.1675,0.0356,0.0562,2.998,1.68,-2.39,-0.82,235.9,0.03,0.0,0.01,0.0,99695,1507,3,0.33,0.13,-0.05,0.01,49,34,-22,0,3.08,0.01,0.0063,0.0135,16.9,20.16,11.19
675.636,flow_only,21.101,52.1380133,21.1607761,90.69,52.1380162,21.1607799,32,0.44,0.053,255,0.0,0.0,0.0439,0.0311,2.996,1.681,-2.32,-0.63,236.11,0.03,0.0,0.02,0.0,99695,1507,3,0.33,0.12,-0.05,0.01,49,9,-49,0,3.1,0.01,0.0016,0.0087,17.95,19.72,11.14
675.736,flow_only,21.2,52.1380133,21.160776,90.69,52.1380162,21.1607799,32,0.44,0.053,255,0.0,0.0,0.0271,0.0142,2.998,1.684,-2.15,-0.48,236.32,0.03,0.0,0.0,0.01,99695,1507,3,0.33,0.12,-0.05,0.01,49,-35,-34,0,3.1,0.01,0.0076,0.0166,18.1,21.09,11.1
675.836,flow_only,21.301,52.1380133,21.160776,90.69,52.1380162,21.1607799,32,0.44,0.053,255,0.0,0.0,0.0147,0.0188,2.99,1.685,-1.96,-0.38,236.51,0.03,0.0,0.01,0.01,99695,1507,3,0.33,0.12,-0.05,0.01,49,105,-26,0,3.09,0.02,0.0059,0.0103,14.99,19.22,10.69
675.936,flow_only,21.401,52.1380132,21.160776,90.69,52.1380161,21.16078,32,0.44,0.058,255,0.0,0.0,0.0075,0.0115,2.986,1.683,-1.84,-0.27,236.7,0.03,0.0,0.02,0.01,99695,1507,3,0.33,0.1,-0.05,0.01,49,136,-43,0,3.08,0.01,0.0139,0.0267,17.71,18.27,11.38
676.036,flow_only,21.501,52.1380131,21.1607761,90.69,52.138016,21.1607802,32,0.44,0.075,255,0.0,0.0,0.0556,-0.0402,3.002,1.681,-1.7,-0.32,236.83,0.03,0.0,0.0,0.0,99695,1507,3,0.33,0.13,-0.05,0.01,49,151,-28,0,3.09,0.01,0.0192,0.0365,16.95,19.14,13.0
676.136,flow_only,21.6,52.138013,21.1607762,90.68,52.138016,21.1607802,32,0.44,0.075,255,0.0,0.0,0.0718,-0.0388,2.99,1.679,-1.28,-0.51,236.87,0.03,0.0,0.01,0.01,99695,1507,3,0.33,0.13,-0.05,0.01,49,-103,31,0,3.08,0.0,0.001,0.0047,14.52,18.41,11.57
676.236,flow_only,21.701,52.1380129,21.1607762,90.68,52.1380159,21.1607804,32,0.44,0.104,255,0.0,0.0,0.0912,0.0458,2.994,1.68,-0.69,-0.48,236.86,0.03,0.0,0.02,0.0,99695,1507,3,0.33,0.14,-0.05,0.01,49,-114,18,0,3.1,0.02,0.0148,0.0272,15.9,16.46,12.7
676.336,flow_only,21.801,52.1380129,21.1607762,90.69,52.1380159,21.1607804,32,0.44,0.104,255,0.0,0.0,-0.0164,0.0325,3.006,1.681,-0.59,-0.25,236.87,0.03,0.0,0.02,0.0,99695,1507,3,0.33,0.14,-0.05,0.01,49,-76,-59,0,3.09,0.01,0.0063,0.0109,16.32,18.48,11.53
676.436,flow_only,21.901,52.1380127,21.1607763,90.69,52.1380157,21.1607807,32,0.44,0.197,255,0.0,0.0,-0.0037,-0.0238,2.99,1.683,-0.73,-0.23,236.83,0.03,0.0,0.02,0.0,99695,1507,3,0.33,0.13,-0.05,0.01,49,-3,-38,0,3.1,0.01,0.0084,0.0209,16.68,18.48,12.24
676.536,flow_only,22.001,52.1380126,21.1607764,90.69,52.1380157,21.1607807,32,0.44,0.197,255,0.0,-0.1674,0.0009,-0.0138,2.988,1.689,-0.72,-0.35,236.76,0.03,0.0,0.02,0.0,99695,1507,3,0.33,0.13,-0.05,0.01,49,-38,13,0,3.11,0.02,0.0047,0.0196,16.47,19.65,11.98
676.636,flow_only,22.101,52.1380126,21.1607764,90.7,52.1380154,21.160781,32,0.44,0.17,255,0.1675,0.0,0.0576,-0.0012,2.996,1.694,-0.58,-0.5,236.63,0.03,0.0,0.01,0.0,99695,1507,3,0.33,0.14,-0.05,0.01,49,-46,40,0,3.11,0.03,0.0082,0.0162,14.91,16.56,13.62
676.736,flow_only,22.2,52.1380125,21.1607765,90.7,52.1380154,21.160781,32,0.44,0.17,255,0.1674,0.0,0.0226,0.0202,2.984,1.695,-0.37,-0.42,236.58,0.03,0.0,0.02,0.01,99695,1507,3,0.33,0.14,-0.05,0.01,49,-62,-29,0,3.1,0.03,0.0082,0.0144,20.11,19.93,12.66
676.836,flow_only,22.301,52.1380125,21.1607765,90.7,52.1380154,21.160781,32,0.44,0.17,255,0.0,0.0,-0.0269,0.0005,2.972,1.693,-0.37,-0.29,236.57,0.03,0.0,0.0,0.01,99695,1507,3,0.33,0.14,-0.05,0.01,49,-29,136,0,3.1,0.03,0.0089,0.0155,17.98,21.32,13.32
676.936,flow_only,22.4,52.1380125,21.1607765,90.7,52.1380152,21.1607813,32,0.44,0.206,255,0.0,0.0,-0.0224,-0.023,2.98,1.691,-0.46,-0.34,236.55,0.03,0.0,0.0,0.0,99695,1507,3,0.33,0.13,-0.05,0.01,49,-2,-7,0,3.1,0.03,0.0052,0.0091,16.0,18.16,12.79
677.036,flow_only,22.501,52.1380124,21.1607765,90.7,52.138015,21.1607817,32,0.44,0.121,255,0.0,0.0,-0.0312,-0.058,2.972,1.69,-0.68,-0.54,236.48,0.03,0.0,0.0,0.01,99695,1507,3,0.33,0.11,-0.05,0.01,49,2,7,0,3.09,0.03,0.0082,0.0159,19.33,19.42,14.91
677.136,flow_only,22.601,52.1380122,21.1607767,90.69,52.138015,21.1607817,32,0.44,0.121,255,0.0,0.0,0.0065,0.0149,2.984,1.69,-0.68,-0.53,236.39,0.03,0.0,0.0,0.01,99695,1507,3,0.33,0.11,-0.05,0.01,49,-25,-138,0,3.09,0.03,0.0165,0.0317,15.2,17.72,12.75
677.236,flow_only,22.701,52.1380121,21.1607768,90.7,52.1380148,21.160782,32,0.44,0.148,255,0.1675,0.0,0.0832,0.0557,2.99,1.692,-0.29,-0.3,236.38,0.03,0.0,0.02,0.01,99695,1507,3,0.33,0.13,-0.05,0.01,49,-65,-19,0,3.11,0.03,0.0084,0.0195,16.58,17.71,14.46
677.336,flow_only,22.8,52.1380121,21.1607769,90.7,52.1380148,21.160782,32,0.44,0.148,255,0.1675,0.0,0.0012,-0.0183,2.984,1.697,-0.18,-0.22,236.39,0.03,0.0,0.0,0.01,99695,1507,3,0.33,0.13,-0.05,0.01,49,-49,130,0,3.11,0.03,0.0091,0.0167,20.61,18.55,13.88
677.436,flow_only,22.901,52.1380121,21.1607769,90.71,52.1380146,21.1607823,32,0.44,0.193,255,0.0,0.0,-0.0223,-0.0216,3.0,1.7,-0.29,-0.46,236.36,0.03,0.0,0.01,0.01,99695,1507,3,0.33,0.14,-0.05,0.01,49,0,50,0,3.1,0.03,0.009,0.0157,16.32,18.76,12.84
677.536,flow_only,23.001,52.1380121,21.1607768,90.71,52.1380146,21.1607823,32,0.44,0.193,255,0.0,0.0,-0.0048,-0.0261,2.996,1.703,-0.4,-0.67,236.28,0.03,0.0,0.01,0.0,99695,1507,3,0.33,0.14,-0.05,0.01,49,12,51,0,3.11,0.04,0.0128,0.0258,17.69,17.45,13.39
677.636,flow_only,23.101,52.138012,21.1607768,90.71,52.1380144,21.1607825,32,0.44,0.079,255,0.0,0.0,-0.0996,0.0734,2.994,1.705,-0.77,-0.41,236.23,0.03,0.0,0.01,0.0,99695,1507,3,0.33,0.14,-0.05,0.01,49,38,-64,0,3.11,0.02,0.0088,0.0175,19.55,20.31,14.18
677.736,flow_only,23.201,52.138012,21.1607769,90.71,52.1380144,21.1607825,32,0.44,0.079,255,0.0,0.0,-0.133,0.0512,2.994,1.705,-1.36,-0.02,236.24,0.03,0.0,0.0,0.01,99695,1507,3,0.33,0.14,-0.05,0.01,49,-102,81,0,3.1,0.02,0.0047,0.0103,15.85,20.37,12.2
677.836,flow_only,23.301,52.1380119,21.160777,90.71,52.1380144,21.1607825,32,0.44,0.079,255,0.0,0.0,-0.1406,0.0129,2.974,1.704,-2.14,0.14,236.24,0.03,0.0,0.01,0.0,99695,1507,3,0.33,0.14,-0.05,0.01,49,105,133,0,3.1,0.02,0.0228,0.0438,17.55,19.41,11.6
677.936,flow_only,23.401,52.1380117,21.160777,90.71,52.1380142,21.1607828,32,0.44,0.174,255,-0.1675,0.0,-0.116,-0.0113,2.958,1.702,-2.98,0.13,235.97,0.03,0.0,0.0,0.01,99695,1507,3,0.33,0.14,-0.05,0.01,49,-53,-7,0,3.1,0.03,0.0122,0.0251,19.4,22.33,11.73
678.036,flow_only,23.501,52.1380115,21.1607772,90.71,52.138014,21.1607831,32,0.44,0.218,255,0.0,0.0,-0.1017,-0.0227,2.966,1.702,-3.5,0.01,234.59,0.03,0.0,0.0,0.01,99695,1507,3,0.33,0.12,-0.05,0.01,49,-114,6,0,3.1,0.05,0.0073,0.0163,16.46,16.18,12.5
678.136,flow_only,23.601,52.1380112,21.1607774,90.71,52.138014,21.1607831,32,0.44,0.218,255,0.0,0.0,-0.1055,0.0266,2.972,1.701,-3.95,-0.14,231.48,0.03,0.0,0.01,0.0,99695,1507,3,0.33,0.12,-0.05,0.01,49,26,17,0,3.09,0.05,0.0092,0.0203,14.61,14.33,10.82
678.236,flow_only,23.701,52.138011,21.1607777,90.7,52.1380137,21.1607836,32,0.44,0.221,255,0.0,0.0,-0.1308,0.0387,2.982,1.7,-4.51,-0.25,226.88,0.03,0.0,0.0,0.01,99695,1507,3,0.33,0.1,-0.05,0.01,49,165,-40,0,3.09,0.03,0.0177,0.0353,13.97,13.68,9.39
678.336,flow_only,23.801,52.1380107,21.160778,90.71,52.1380137,21.1607836,32,0.44,0.221,255,0.5023,-0.1674,-0.1372,-0.0307,2.97,1.7,-5.21,-0.68,221.27,0.03,0.0,0.0,0.02,99695,1507,3,0.33,0.1,-0.05,0.01,49,26,130,0,3.1,0.03,0.0068,0.0139,12.61,12.53,8.93
678.436,flow_only,23.901,52.1380104,21.1607784,90.71,52.1380134,21.1607841,32,0.44,0.296,255,0.0,0.0,-0.147,-0.0807,2.996,1.701,-5.89,-1.6,214.92,0.03,0.0,0.01,0.02,99695,1507,3,0.33,0.11,-0.05,0.01,49,332,21,0,3.09,0.04,0.0283,0.0537,14.14,13.6,10.17
678.536,flow_only,24.001,52.1380099,21.1607789,90.7,52.1380134,21.1607841,32,0.44,0.296,255,0.0,0.0,-0.117,-0.0484,3.002,1.698,-6.31,-2.63,208.08,0.03,0.0,0.03,0.04,99695,1507,3,0.33,0.11,-0.05,0.01,49,-570,14,0,3.08,0.02,0.032,0.0582,14.58,15.49,10.33
678.636,flow_only,24.101,52.1380097,21.1607789,90.7,52.1380128,21.1607849,32,0.44,0.534,255,-0.8373,-0.3349,-0.0743,-0.0169,3.02,1.698,-6.21,-3.56,200.98,0.03,0.0,0.0,0.05,99695,1507,3,0.33,0.13,-0.05,0.01,49,-116,-24,0,3.09,0.02,0.0676,0.1261,13.68,14.43,10.62
678.736,flow_only,24.201,52.1380095,21.1607791,90.7,52.1380128,21.1607849,32,0.44,0.534,255,0.0,0.0,-0.195,-0.0339,3.034,1.697,-6.54,-4.54,193.76,0.03,0.0,0.02,0.06,99695,1507,3,0.33,0.13,-0.05,0.01,49,-34,292,0,3.08,0.01,0.0475,0.0934,14.44,14.64,11.88
678.836,flow_only,24.301,52.1380092,21.1607794,90.7,52.1380128,21.1607849,32,0.44,0.534,255,0.8373,0.0,-0.1615,-0.0849,3.042,1.695,-7.03,-5.73,186.65,0.03,0.0,0.01,0.04,99695,1507,3,0.33,0.13,-0.05,0.01,49,185,-65,0,3.08,0.0,0.0266,0.0558,13.87,14.99,11.33
678.936,flow_only,24.401,52.1380087,21.1607802,90.7,52.1380119,21.160786,32,0.44,0.73,255,1.1722,0.3349,-0.0364,-0.046,3.062,1.691,-6.72,-6.99,179.62,0.03,0.0,0.0,0.03,99695,1507,3,0.33,0.12,-0.05,0.01,49,77,103,0,3.07,-0.01,0.0088,0.0221,13.0,15.49,11.71
679.036,flow_only,24.501,52.1380081,21.160781,90.7,52.1380108,21.1607877,32,0.47,0.949,255,0.1675,0.1675,0.0818,0.0087,3.018,1.69,-5.6,-7.86,172.67,0.03,0.0,0.01,0.06,99695,1507,3,0.33,0.12,-0.05,0.01,49,-45,-160,0,3.09,-0.01,0.0161,0.0359,15.04,16.61,11.95
679.136,flow_only,24.601,52.1380075,21.1607821,90.7,52.1380108,21.1607877,32,0.47,0.949,255,0.5024,0.3349,0.1509,0.0554,3.042,1.69,-3.82,-8.21,165.77,0.03,0.0,0.0,0.05,99695,1507,3,0.33,0.12,-0.05,0.01,49,149,58,0,3.08,0.0,0.0138,0.0226,14.98,14.27,10.55
679.236,flow_only,24.701,52.1380069,21.1607832,90.7,52.1380092,21.1607899,32,0.44,1.311,255,0.1675,0.335,0.0809,0.1166,3.044,1.694,-2.19,-7.91,159.05,0.03,0.0,0.01,0.03,99695,1507,3,0.33,0.12,-0.05,0.01,49,-42,-233,0,3.1,-0.01,0.0313,0.062,14.86,13.48,13.93
679.336,flow_only,24.8,52.1380062,21.1607842,90.7,52.1380092,21.1607899,32,0.44,1.311,255,0.1675,0.5024,0.0189,0.0971,3.01,1.7,-0.98,-7.35,152.49,0.03,0.0,0.01,0.02,99695,1507,3,0.33,0.12,-0.05,0.01,49,-100,14,0,3.1,0.0,0.0317,0.0633,16.0,15.34,12.43
679.436,flow_only,24.901,52.1380053,21.1607854,90.71,52.1380072,21.1607926,32,0.44,1.529,255,0.1675,1.0049,-0.0349,0.1072,3.01,1.703,-0.25,-6.91,146.14,0.03,0.0,0.0,0.02,99695,1507,3,0.33,0.12,-0.05,0.01,49,5,-150,0,3.1,0.02,0.0066,0.017,16.87,16.53,13.28
679.536,flow_only,25.001,52.1380044,21.1607868,90.71,52.1380072,21.1607926,32,0.44,1.529,255,0.1674,0.5023,-0.0231,0.1873,3.014,1.709,0.25,-6.04,140.08,0.03,0.0,0.05,0.02,99695,1507,3,0.33,0.12,-0.05,0.01,49,103,437,0,3.12,0.04,0.0265,0.0485,17.14,18.32,13.39
679.636,flow_only,25.101,52.1380034,21.1607883,90.73,52.138005,21.1607957,32,0.44,1.631,255,0.0,0.5024,-0.0273,0.1577,3.006,1.72,0.53,-5.11,135.02,0.03,0.0,0.03,0.04,99695,1507,3,0.33,0.11,-0.05,0.01,49,-4,-147,0,3.14,0.05,0.01,0.0335,16.89,17.58,12.34
679.736,flow_only,25.2,52.1380024,21.1607897,90.74,52.138005,21.1607957,32,0.44,1.631,255,0.0,1.1722,-0.0195,0.1813,2.976,1.735,0.72,-4.02,131.69,0.03,0.0,0.05,0.03,99695,1507,3,0.33,0.11,-0.05,0.01,49,22,-12,0,3.17,0.09,0.0178,0.0495,16.59,21.86,14.35
679.836,flow_only,25.301,52.1380014,21.1607914,90.76,52.138005,21.1607957,32,0.44,1.631,255,-0.1675,0.5025,-0.0249,0.078,2.988,1.753,0.69,-3.28,130.11,0.03,0.0,0.05,0.05,99695,1507,3,0.33,0.11,-0.05,0.01,49,72,-147,0,3.19,0.13,0.0257,0.0637,18.01,21.53,12.68
679.936,flow_only,25.401,52.1380004,21.1607931,90.78,52.1380025,21.1607991,32,0.44,1.865,255,0.0,0.5025,0.0068,0.1259,2.98,1.772,0.7,-2.67,129.82,0.03,0.0,0.03,0.07,99695,1507,3,0.33,0.11,-0.05,0.01,49,64,-131,0,3.2,0.14,0.0231,0.0582,20.17,24.05,12.39
680.036,flow_only,25.501,52.1379994,21.1607947,90.8,52.138,21.1608028,32,0.44,1.8,255,0.0,0.6699,0.0256,0.1221,2.986,1.792,0.76,-1.95,130.39,0.03,0.0,0.05,0.05,99695,1507,3,0.33,0.1,-0.05,0.01,49,-100,31,0,3.22,0.15,0.0115,0.0493,20.65,23.06,11.81
680.136,flow_only,25.6,52.1379982,21.1607966,90.82,52.138,21.1608028,32,0.44,1.8,255,0.0,0.5024,0.06,0.0596,2.992,1.812,0.94,-1.61,131.62,0.03,0.0,0.04,0.04,99695,1507,3,0.33,0.1,-0.05,0.01,49,49,-113,0,3.24,0.15,0.0235,0.0621,20.89,23.05,12.63
680.236,flow_only,25.701,52.1379972,21.1607984,90.84,52.1379976,21.1608067,32,0.44,1.752,255,-0.1675,0.8375,0.0568,0.041,2.978,1.832,1.15,-1.38,133.24,0.03,0.0,0.04,0.05,99695,1507,3,0.33,0.1,-0.05,0.01,49,27,418,0,3.25,0.18,0.0468,0.0979,19.8,23.33,11.81
680.336,flow_only,25.801,52.1379959,21.1608003,90.86,52.1379976,21.1608067,32,0.44,1.752,255,0.0,0.5024,0.0214,0.0222,3.01,1.853,1.37,-1.19,135.05,0.03,0.0,0.06,0.03,99695,1507,3,0.33,0.1,-0.05,0.01,49,-24,277,0,3.28,0.2,0.0522,0.1107,19.71,25.11,13.14
680.436,flow_only,25.901,52.1379947,21.1608022,90.88,52.1379953,21.1608102,32,0.44,1.708,255,0.1675,0.67,0.0318,0.0797,3.002,1.875,1.55,-0.91,136.8,0.03,0.0,0.04,0.04,99695,1507,3,0.33,0.1,-0.05,0.01,49,3,-46,0,3.29,0.2,0.0298,0.0752,20.15,24.79,12.72
680.536,flow_only,26.001,52.1379935,21.160804,90.9,52.1379953,21.1608102,32,0.44,1.708,255,0.0,0.8371,0.0286,0.0993,3.0,1.897,1.63,-0.51,138.4,0.03,0.0,0.05,0.02,99695,1507,3,0.33,0.1,-0.05,0.01,49,35,-61,0,3.31,0.22,0.0323,0.0802,19.09,22.47,12.36
680.636,flow_only,26.101,52.1379923,21.1608056,90.92,52.1379928,21.1608136,32,0.44,1.774,255,-0.1674,0.5023,-0.0258,0.0743,2.992,1.917,1.53,-0.12,139.8,0.03,0.0,0.04,0.04,99695,1507,3,0.33,0.1,-0.05,0.01,49,51,-225,0,3.31,0.23,0.0097,0.0412,19.52,19.38,13.18
680.736,flow_only,26.201,52.1379912,21.160807,90.94,52.1379928,21.1608136,32,0.44,1.774,255,0.0,0.5024,-0.0783,-0.0308,2.98,1.935,1.22,-0.04,140.85,0.03,0.0,0.04,0.03,99695,1507,3,0.33,0.1,-0.05,0.01,49,70,502,0,3.33,0.23,0.0409,0.0865,20.88,19.43,12.29
680.836,flow_only,26.301,52.13799,21.1608086,90.96,52.1379928,21.1608136,32,0.44,1.774,255,0.0,0.1675,-0.0487,-0.0796,2.962,1.952,0.9,-0.44,141.67,0.03,0.0,0.01,0.04,99695,1507,3,0.33,0.1,-0.05,0.01,49,67,87,0,3.33,0.27,0.0409,0.0825,21.38,18.85,13.15
680.936,flow_only,26.4,52.1379887,21.1608103,90.97,52.1379904,21.1608169,32,0.44,1.639,255,-0.1675,0.335,-0.0112,0.0237,2.95,1.968,0.69,-0.57,142.21,0.03,0.0,0.03,0.04,99695,1507,3,0.33,0.1,-0.05,0.01,49,-116,30,0,3.34,0.28,0.0657,0.1241,19.68,18.61,12.68
681.036,flow_only,26.501,52.1379873,21.1608122,90.99,52.137988,21.1608198,32,0.44,1.592,255,-0.1674,0.5023,-0.0145,0.0995,2.942,1.982,0.54,-0.3,142.53,0.03,0.0,0.02,0.02,99695,1507,3,0.33,0.09,-0.05,0.01,49,193,338,0,3.34,0.31,0.0722,0.1355,17.9,20.92,13.28
681.136,flow_only,26.6,52.137986,21.1608139,91.0,52.137988,21.1608198,32,0.44,1.592,255,0.0,1.0047,-0.0323,0.1121,2.946,1.994,0.38,0.32,142.59,0.03,0.0,0.0,0.04,99695,1507,3,0.33,0.09,-0.05,0.01,49,11,-87,0,3.33,0.3,0.0292,0.0615,17.65,19.3,13.67
681.236,flow_only,26.701,52.1379847,21.1608155,91.01,52.1379857,21.1608226,32,0.44,1.506,255,0.0,0.335,0.0394,0.0559,2.932,2.003,0.5,0.82,142.48,0.03,0.0,0.01,0.03,99695,1507,3,0.33,0.1,-0.05,0.01,49,-141,-74,0,3.32,0.3,0.0401,0.0792,20.59,17.32,13.04
681.336,flow_only,26.8,52.1379834,21.1608168,91.02,52.1379857,21.1608226,32,0.44,1.506,255,0.0,0.5023,-0.0057,0.0061,2.924,2.012,0.53,0.87,142.2,0.03,0.0,0.02,0.03,99695,1507,3,0.33,0.1,-0.05,0.01,49,5,-144,0,3.32,0.3,0.0146,0.0302,18.09,19.37,13.12
681.436,flow_only,26.901,52.1379823,21.160818,91.02,52.1379836,21.1608252,32,0.44,1.347,255,-0.3349,0.6698,-0.1254,-0.0566,2.886,2.02,0.12,0.83,141.81,0.03,0.0,0.01,0.05,99695,1507,3,0.32,0.09,-0.05,0.01,49,37,55,0,3.31,0.31,0.0063,0.0104,18.65,16.89,13.66
681.536,flow_only,27.001,52.1379814,21.1608192,91.03,52.1379836,21.1608252,32,0.44,1.347,255,0.0,0.335,-0.0727,-0.1229,2.892,2.026,-0.32,0.31,141.35,0.03,0.0,0.0,0.04,99695,1507,3,0.32,0.09,-0.05,0.01,49,98,-163,0,3.3,0.31,0.0392,0.065,17.26,18.37,11.93
681.636,flow_only,27.101,52.1379807,21.1608202,91.04,52.1379817,21.1608275,32,0.44,1.332,255,0.0,0.3349,0.0083,-0.1526,2.886,2.032,-0.39,-0.53,140.91,0.03,0.0,0.0,0.07,99695,1507,3,0.32,0.09,-0.05,0.01,49,44,-65,0,3.29,0.32,0.031,0.0554,18.98,20.05,13.44
681.736,flow_only,27.201,52.1379798,21.1608213,91.04,52.1379817,21.1608275,32,0.44,1.332,255,0.0,0.1675,-0.0034,-0.1582,2.884,2.038,-0.46,-1.57,140.54,0.03,0.0,0.0,0.05,99695,1507,3,0.32,0.09,-0.05,0.01,49,46,-25,0,3.29,0.32,0.0191,0.0384,18.28,19.84,12.15
681.836,flow_only,27.301,52.1379791,21.1608224,91.05,52.1379817,21.1608275,32,0.44,1.332,255,0.0,0.1674,0.0242,-0.0985,2.878,2.044,-0.41,-2.21,140.26,0.03,0.0,0.0,0.05,99695,1507,3,0.32,0.09,-0.05,0.01,49,18,60,0,3.28,0.31,0.015,0.0342,16.77,17.92,11.4
681.936,flow_only,27.401,52.1379783,21.1608235,91.05,52.1379797,21.1608298,32,0.44,1.267,255,0.0,0.5024,0.0293,-0.1174,2.862,2.049,-0.23,-2.78,140.0,0.03,0.0,0.01,0.04,99695,1507,3,0.32,0.08,-0.05,0.01,49,-12,-117,0,3.27,0.3,0.0319,0.0636,17.24,18.58,11.0
682.036,flow_only,27.501,52.1379776,21.1608245,91.06,52.1379777,21.1608321,32,0.44,1.315,255,0.0,0.335,0.0086,-0.0752,2.868,2.055,-0.04,-3.17,139.78,0.03,0.0,0.0,0.03,99695,1507,3,0.32,0.08,-0.05,0.01,49,-17,-95,0,3.27,0.32,0.0311,0.0629,15.34,16.84,9.63
682.136,flow_only,27.6,52.1379768,21.1608254,91.06,52.1379777,21.1608321,32,0.44,1.315,255,-0.1675,0.335,0.0021,-0.0692,2.866,2.059,0.02,-3.59,139.65,0.03,0.0,0.01,0.04,99695,1507,3,0.32,0.08,-0.05,0.01,49,8,210,0,3.26,0.31,0.0159,0.0432,16.74,16.26,10.26
682.236,flow_only,27.701,52.137976,21.1608263,91.07,52.1379757,21.1608344,32,0.44,1.335,255,0.0,0.5025,0.0235,-0.0443,2.856,2.063,0.05,-3.99,139.61,0.03,0.0,0.0,0.03,99695,1507,3,0.32,0.08,-0.05,0.01,49,24,30,0,3.25,0.31,0.0222,0.0501,18.05,18.67,11.61
682.336,flow_only,27.801,52.1379752,21.1608272,91.07,52.1379757,21.1608344,32,0.44,1.335,255,0.0,0.3349,-0.0478,-0.0641,2.85,2.069,-0.06,-4.19,139.64,0.03,0.0,0.0,0.05,99695,1507,3,0.32,0.08,-0.05,0.01,49,13,-30,0,3.25,0.3,0.0272,0.0585,20.0,16.53,10.29
682.436,flow_only,27.901,52.1379743,21.1608284,91.08,52.1379736,21.1608369,32,0.44,1.431,255,0.0,0.3349,-0.0264,-0.0219,2.862,2.073,-0.3,-4.4,139.76,0.03,0.0,0.02,0.02,99695,1507,3,0.32,0.08,-0.05,0.01,49,-99,-9,0,3.24,0.31,0.0132,0.0367,20.31,17.19,10.72
682.536,flow_only,28.001,52.1379732,21.1608296,91.08,52.1379736,21.1608369,32,0.44,1.431,255,0.0,0.5023,0.0038,0.0531,2.868,2.077,-0.34,-4.38,139.86,0.03,0.0,0.0,0.04,99695,1507,3,0.32,0.08,-0.05,0.01,49,-120,105,0,3.24,0.31,0.0176,0.0393,19.3,20.51,11.74
682.636,flow_only,28.101,52.1379722,21.1608306,91.09,52.1379713,21.1608394,32,0.44,1.516,255,0.0,0.335,-0.0258,0.0596,2.866,2.084,-0.39,-4.02,139.98,0.03,0.0,0.0,0.03,99695,1507,3,0.32,0.08,-0.05,0.01,49,31,180,0,3.25,0.3,0.0189,0.041,16.25,17.67,10.65
682.736,flow_only,28.2,52.1379712,21.1608317,91.1,52.1379713,21.1608394,32,0.44,1.516,255,-0.1675,0.67,-0.0657,0.0195,2.886,2.09,-0.63,-3.77,140.06,0.03,0.0,0.02,0.03,99695,1507,3,0.32,0.08,-0.05,0.01,49,59,8,0,3.24,0.29,0.02,0.0452,16.74,19.08,10.75
682.836,flow_only,28.301,52.1379701,21.1608328,91.1,52.1379713,21.1608394,32,0.44,1.516,255,0.0,0.5024,-0.0184,0.046,2.85,2.094,-0.92,-3.66,140.14,0.03,0.0,0.02,0.04,99695,1507,3,0.32,0.08,-0.05,0.01,49,-74,-123,0,3.23,0.27,0.0255,0.0556,19.94,19.26,12.36
682.936,flow_only,28.401,52.137969,21.1608339,91.1,52.137969,21.1608421,32,0.44,1.598,255,0.0,0.5023,-0.0441,0.0127,2.867,2.098,-1.14,-3.48,140.24,0.03,0.0,0.0,0.06,99695,1507,3,0.32,0.08,-0.05,0.01,49,-101,-156,0,3.23,0.27,0.0283,0.0569,20.76,18.59,13.48
683.036,flow_only,28.501,52.1379679,21.1608351,91.11,52.1379666,21.1608449,32,0.44,1.603,255,0.0,0.8375,-0.0271,0.0574,2.868,2.103,-1.34,-3.16,140.32,0.03,0.0,0.0,0.03,99695,1507,3,0.32,0.08,-0.05,0.01,49,-107,314,0,3.23,0.28,0.0223,0.0472,19.29,19.31,12.97
683.136,flow_only,28.601,52.1379668,21.1608363,91.11,52.1379666,21.1608449,32,0.44,1.603,255,0.0,0.5023,-0.0265,0.0292,2.876,2.109,-1.45,-3.01,140.45,0.03,0.0,0.0,0.03,99695,1507,3,0.32,0.08,-0.05,0.01,49,42,-14,0,3.24,0.28,0.0115,0.03,19.29,19.39,12.08
683.236,flow_only,28.701,52.1379657,21.1608376,91.12,52.1379642,21.1608478,32,0.44,1.647,255,0.0,0.5024,0.0253,0.0506,2.884,2.115,-1.38,-2.71,140.54,0.03,0.0,0.01,0.04,99695,1507,3,0.32,0.08,-0.05,0.01,49,-143,-190,0,3.23,0.27,0.0199,0.0417,19.41,18.8,12.14
683.336,flow_only,28.8,52.1379646,21.1608389,91.13,52.1379642,21.1608478,32,0.44,1.647,255,0.0,0.5024,-0.0068,0.0274,2.9,2.121,-1.47,-2.52,140.69,0.03,0.0,0.0,0.03,99695,1507,3,0.32,0.08,-0.05,0.01,49,5,321,0,3.23,0.27,0.0218,0.0449,17.14,18.16,10.7
683.436,flow_only,28.901,52.1379634,21.1608403,91.13,52.1379619,21.160851,32,0.44,1.693,255,0.0,0.5023,-0.0152,-0.0063,2.902,2.128,-1.41,-2.47,140.73,0.03,0.0,0.0,0.04,99695,1507,3,0.32,0.08,-0.05,0.01,49,-14,-11,0,3.23,0.25,0.0119,0.0261,20.25,19.15,11.39
683.536,flow_only,29.001,52.1379622,21.1608419,91.14,52.1379619,21.160851,32,0.44,1.693,255,0.0,0.6701,0.0072,0.0684,2.898,2.135,-1.48,-2.28,140.79,0.03,0.0,0.01,0.05,99695,1507,3,0.32,0.08,-0.05,0.01,49,18,-171,0,3.23,0.25,0.0173,0.0368,20.56,18.88,12.87
683.636,flow_only,29.101,52.137961,21.1608434,91.15,52.1379596,21.1608543,32,0.44,1.679,255,0.0,1.005,0.0216,0.0831,2.898,2.141,-1.47,-1.79,140.77,0.03,0.0,0.0,0.04,99695,1507,3,0.32,0.08,-0.05,0.01,49,-23,-64,0,3.23,0.25,0.0056,0.0175,19.06,20.35,12.31
683.736,flow_only,29.2,52.1379599,21.1608449,91.15,52.1379596,21.1608543,32,0.44,1.679,255,0.0,0.5024,0.0251,0.0304,2.882,2.147,-1.28,-1.49,140.73,0.03,0.0,0.0,0.04,99695,1507,3,0.32,0.08,-0.05,0.01,49,-56,448,0,3.24,0.26,0.0375,0.0728,18.63,18.79,11.23
683.836,flow_only,29.301,52.1379587,21.1608466,91.16,52.1379596,21.1608543,32,0.44,1.679,255,0.0,0.335,0.0255,0.0119,2.864,2.153,-1.03,-1.43,140.66,0.03,0.0,0.0,0.05,99695,1507,3,0.32,0.08,-0.05,0.01,49,93,-177,0,3.23,0.27,0.005,0.0154,18.92,18.12,11.74
683.936,flow_only,29.4,52.1379577,21.1608481,91.17,52.1379575,21.1608577,32,0.44,1.612,255,0.0,0.335,0.0284,0.05,2.882,2.162,-0.95,-1.19,140.55,0.03,0.0,0.02,0.06,99695,1507,3,0.32,0.08,-0.05,0.01,49,-37,-186,0,3.25,0.27,0.0291,0.049,17.11,19.98,11.55
684.036,flow_only,29.501,52.1379567,21.1608495,91.17,52.1379554,21.1608611,32,0.44,1.618,255,0.0,0.335,0.0053,-0.003,2.892,2.17,-0.93,-1.09,140.43,0.03,0.0,0.02,0.04,99695,1507,3,0.32,0.08,-0.05,0.01,49,-30,1,0,3.24,0.28,0.0059,0.0149,20.65,21.3,12.67
684.136,flow_only,29.601,52.1379557,21.1608511,91.18,52.1379554,21.1608611,32,0.44,1.618,255,0.0,0.3349,0.0084,-0.0562,2.89,2.176,-0.78,-1.35,140.3,0.03,0.0,0.0,0.04,99695,1507,3,0.32,0.08,-0.05,0.01,49,-58,43,0,3.24,0.27,0.0071,0.0167,19.11,20.08,11.4
684.236,flow_only,29.701,52.1379545,21.1608527,91.19,52.1379534,21.1608644,32,0.44,1.553,255,0.1675,0.3349,0.0063,-0.0161,2.894,2.182,-0.73,-1.5,140.19,0.03,0.0,0.01,0.06,99695,1507,3,0.31,0.08,-0.05,0.01,49,-40,-112,0,3.23,0.26,0.014,0.0301,19.81,17.75,12.48
684.336,flow_only,29.801,52.1379533,21.1608544,91.19,52.1379534,21.1608644,32,0.44,1.553,255,0.0,0.3349,-0.0022,0.02,2.898,2.186,-0.75,-1.45,140.08,0.03,0.0,0.02,0.03,99695,1507,3,0.31,0.08,-0.05,0.01,49,140,-149,0,3.23,0.26,0.0188,0.0398,19.7,19.95,12.07
684.436,flow_only,29.901,52.1379522,21.160856,91.19,52.1379515,21.1608677,32,0.44,1.482,255,0.0,0.8372,0.0025,0.0836,2.882,2.189,-0.7,-1.12,139.96,0.03,0.0,0.0,0.04,99695,1507,3,0.31,0.08,-0.05,0.01,49,-53,155,0,3.22,0.25,0.0242,0.0505,18.49,17.76,10.8
684.536,flow_only,30.001,52.1379512,21.1608577,91.2,52.1379515,21.1608677,32,0.44,1.482,255,0.1674,0.3349,0.0574,0.0491,2.884,2.192,-0.57,-0.83,139.8,0.03,0.0,0.01,0.05,99695,1507,3,0.31,0.08,-0.05,0.01,49,131,-38,0,3.23,0.25,0.0197,0.0401,19.31,20.21,12.48
684.636,flow_only,30.101,52.1379503,21.1608593,91.2,52.1379496,21.160871,32,0.44,1.525,255,0.0,0.335,0.0811,0.0075,2.892,2.194,-0.21,-0.68,139.67,0.03,0.0,0.0,0.04,99695,1507,3,0.31,0.07,-0.05,0.01,49,-94,-175,0,3.22,0.25,0.0257,0.0481,19.99,20.93,13.38
684.736,flow_only,30.201,52.1379493,21.1608608,91.2,52.1379496,21.160871,32,0.44,1.525,255,0.1674,0.6698,0.0236,-0.0663,2.862,2.197,0.11,-0.8,139.57,0.03,0.0,0.0,0.03,99695,1507,3,0.31,0.07,-0.05,0.01,49,43,16,0,3.22,0.25,0.0116,0.0254,19.65,19.57,13.09
684.836,flow_only,30.3,52.1379484,21.1608623,91.21,52.1379496,21.160871,32,0.44,1.525,255,0.1675,0.1675,-0.0004,-0.0367,2.856,2.201,0.32,-1.07,139.54,0.03,0.0,0.0,0.04,99695,1507,3,0.31,0.07,-0.05,0.01,49,-110,-242,0,3.21,0.27,0.0237,0.0432,18.78,20.28,14.05
684.936,flow_only,30.4,52.1379476,21.1608636,91.21,52.1379477,21.1608742,32,0.44,1.454,255,0.0,0.5023,0.0023,-0.0061,2.844,2.205,0.37,-1.1,139.57,0.03,0.0,0.01,0.05,99695,1507,3,0.31,0.08,-0.05,0.01,49,-52,235,0,3.2,0.26,0.0154,0.0338,19.27,18.82,12.01
685.036,flow_only,30.501,52.1379468,21.160865,91.21,52.1379459,21.1608773,32,0.44,1.458,255,0.0,0.3349,0.0069,-0.0679,2.854,2.208,0.31,-1.42,139.69,0.03,0.0,0.01,0.04,99695,1507,3,0.31,0.07,-0.05,0.01,49,158,-52,0,3.2,0.26,0.0174,0.0393,19.69,18.36,11.06
685.136,flow_only,30.6,52.1379459,21.1608665,91.22,52.1379459,21.1608773,32,0.44,1.458,255,0.0,0.1675,-0.0352,-0.0607,2.838,2.211,0.14,-1.81,139.91,0.03,0.0,0.03,0.03,99695,1507,3,0.31,0.07,-0.05,0.01,49,-47,299,0,3.18,0.26,0.0175,0.0357,19.24,18.46,12.69
685.236,flow_only,30.701,52.1379449,21.1608681,91.22,52.1379441,21.1608804,32,0.44,1.369,255,0.0,0.6698,0.0066,-0.0231,2.856,2.211,0.11,-2.1,140.11,0.03,0.0,0.04,0.03,99695,1507,3,0.31,0.07,-0.05,0.01,49,0,123,0,3.17,0.25,0.0187,0.0434,17.74,19.11,12.97
685.336,flow_only,30.8,52.137944,21.1608694,91.21,52.1379441,21.1608804,32,0.44,1.369,255,0.0,0.8372,0.0373,-0.0307,2.858,2.209,0.31,-2.21,140.18,0.03,0.0,0.04,0.05,99695,1507,3,0.31,0.07,-0.05,0.01,49,-51,-88,0,3.16,0.23,0.0136,0.0411,19.93,19.27,12.87
685.436,flow_only,30.901,52.1379431,21.1608709,91.21,52.1379423,21.1608833,32,0.44,1.417,255,0.0,0.3349,-0.0036,-0.024,2.884,2.209,0.43,-2.34,140.21,0.03,0.0,0.0,0.04,99695,1507,3,0.31,0.07,-0.05,0.01,49,-58,-79,0,3.16,0.21,0.0048,0.0234,20.35,16.9,14.04
685.536,flow_only,31.001,52.1379422,21.1608722,91.22,52.1379423,21.1608833,32,0.44,1.417,255,0.0,0.5024,0.023,0.0573,2.878,2.212,0.52,-2.29,140.18,0.03,0.0,0.0,0.04,99695,1507,3,0.31,0.07,-0.05,0.01,49,-13,-71,0,3.16,0.2,0.0132,0.029,18.88,18.03,12.35
685.636,flow_only,31.101,52.1379414,21.1608734,91.22,52.1379404,21.1608863,32,0.44,1.449,200,0.0,0.3349,-0.0232,0.0035,2.904,2.215,0.39,-2.12,140.24,0.03,0.0,0.04,0.02,99695,1507,3,0.31,0.07,-0.05,0.01,49,-2,177,0,3.15,0.19,0.0178,0.0412,19.79,18.24,10.95
685.736,flow_only,31.201,52.1379405,21.1608746,91.22,52.1379404,21.1608863,32,0.44,1.449,255,0.0,0.3349,-0.0462,-0.0729,2.896,2.216,0.26,-2.4,140.32,0.03,0.0,0.02,0.03,99695,1507,3,0.31,0.07,-0.05,0.01,49,-2,-76,0,3.15,0.19,0.0273,0.059,17.77,19.59,11.92
685.836,flow_only,31.301,52.1379398,21.1608757,91.22,52.1379404,21.1608863,32,0.44,1.449,255,0.0,0.6698,-0.0301,-0.0861,2.884,2.216,0.02,-2.79,140.38,0.03,0.0,0.03,0.04,99695,1507,3,0.31,0.07,-0.05,0.01,49,25,-39,0,3.14,0.16,0.0368,0.0789,19.5,17.72,11.46
685.936,flow_only,31.401,52.137939,21.1608769,91.22,52.1379385,21.1608892,32,0.44,1.414,236,0.0,0.1675,0.0119,-0.0905,2.86,2.215,0.01,-3.41,140.35,0.03,0.0,0.02,0.02,99695,1507,3,0.31,0.07,-0.05,0.01,49,-13,-158,0,3.14,0.16,0.015,0.0391,18.38,17.84,11.43
686.036,flow_only,31.501,52.1379381,21.1608781,91.22,52.1379365,21.1608921,32,0.44,1.492,255,0.0,0.3348,0.0405,-0.0496,2.882,2.214,0.12,-3.87,140.34,0.03,0.0,0.02,0.04,99695,1507,3,0.31,0.08,-0.05,0.01,49,-13,315,0,3.13,0.18,0.0064,0.0205,17.93,19.31,12.91
686.136,flow_only,31.601,52.1379371,21.1608795,91.22,52.1379365,21.1608921,32,0.44,1.492,236,0.0,0.8375,-0.0407,0.0442,2.904,2.216,0.13,-3.73,140.41,0.03,0.0,0.01,0.03,99695,1507,3,0.31,0.08,-0.05,0.01,49,156,337,0,3.14,0.18,0.028,0.048,18.85,19.29,12.36
686.236,flow_only,31.701,52.137936,21.160881,91.23,52.1379346,21.160895,32,0.44,1.441,236,0.0,0.3349,-0.0044,0.0537,2.902,2.221,0.03,-3.45,140.46,0.03,0.0,0.01,0.03,99695,1507,3,0.31,0.08,-0.05,0.01,49,29,-25,0,3.14,0.16,0.0188,0.033,17.35,18.2,12.55
686.336,flow_only,31.801,52.137935,21.1608826,91.23,52.1379346,21.160895,32,0.44,1.441,218,0.0,0.335,-0.0081,0.048,2.908,2.226,0.01,-3.09,140.46,0.03,0.0,0.02,0.04,99695,1507,3,0.31,0.08,-0.05,0.01,49,-7,290,0,3.14,0.15,0.0214,0.0404,18.37,20.13,12.5
686.436,flow_only,31.901,52.1379339,21.160884,91.23,52.1379325,21.160898,32,0.44,1.556,255,0.0,0.5025,0.0536,0.066,2.902,2.229,0.15,-2.84,140.37,0.03,0.0,0.01,0.01,99695,1507,3,0.31,0.08,-0.05,0.01,49,0,-194,0,3.14,0.15,0.0071,0.0139,18.05,17.97,10.7
686.536,flow_only,32.001,52.137933,21.1608853,91.24,52.1379325,21.160898,32,0.44,1.556,255,0.0,0.5024,-0.0065,0.046,2.896,2.235,0.18,-2.43,140.29,0.03,0.0,0.0,0.04,99695,1507,3,0.31,0.08,-0.05,0.01,49,-30,-235,0,3.15,0.15,0.0348,0.0659,16.45,19.0,10.99
686.636,flow_only,32.101,52.137932,21.1608866,91.25,52.1379303,21.1609011,32,0.44,1.575,255,0.0,0.67,-0.0351,-0.0035,2.908,2.24,0.11,-2.26,140.31,0.03,0.0,0.0,0.03,99695,1507,3,0.31,0.08,-0.05,0.01,49,3,-208,0,3.15,0.16,0.0209,0.0406,18.07,18.29,11.64
686.736,flow_only,32.201,52.1379311,21.1608878,91.25,52.1379303,21.1609011,32,0.44,1.575,255,0.0,0.335,-0.0654,-0.0526,2.914,2.241,-0.15,-2.47,140.28,0.03,0.0,0.05,0.03,99695,1507,3,0.31,0.08,-0.05,0.01,49,-128,-115,0,3.14,0.14,0.0231,0.0457,18.26,19.16,12.47
686.836,flow_only,32.301,52.1379302,21.160889,91.24,52.1379303,21.1609011,32,0.44,1.575,255,0.0,0.335,-0.0108,-0.0983,2.932,2.24,-0.34,-2.86,140.25,0.03,0.0,0.02,0.03,99695,1507,3,0.31,0.08,-0.05,0.01,49,-113,242,0,3.13,0.13,0.0149,0.0322,18.8,18.79,11.27
686.936,flow_only,32.401,52.1379292,21.1608902,91.24,52.1379281,21.1609041,32,0.44,1.599,255,0.0,0.6698,-0.0198,-0.0461,2.908,2.238,-0.31,-3.32,140.18,0.03,0.0,0.01,0.03,99695,1507,3,0.31,0.08,-0.05,0.01,49,0,-57,0,3.13,0.12,0.0156,0.0337,19.97,19.19,12.79
687.036,flow_only,32.501,52.1379282,21.1608915,91.24,52.1379259,21.1609072,32,0.44,1.604,255,0.0,0.5025,0.0379,-0.0107,2.924,2.235,-0.33,-3.52,140.11,0.03,0.0,0.03,0.04,99695,1507,3,0.31,0.08,-0.05,0.01,49,28,-113,0,3.12,0.11,0.0047,0.0163,23.13,19.08,13.16
687.136,flow_only,32.601,52.1379271,21.1608929,91.24,52.1379259,21.1609072,32,0.44,1.604,255,0.0,0.3349,-0.0337,0.0474,2.894,2.231,-0.41,-3.33,140.1,0.03,0.0,0.02,0.04,99695,1507,3,0.31,0.08,-0.05,0.01,49,27,-48,0,3.11,0.11,0.0088,0.0191,22.31,21.06,13.29
687.237,flow_only,32.701,52.137926,21.1608944,91.24,52.1379237,21.1609103,32,0.44,1.592,255,0.0,0.5023,-0.0216,0.0544,2.89,2.234,-0.41,-3.02,140.1,0.03,0.0,0.03,0.03,99695,1507,3,0.31,0.08,-0.05,0.01,49,-2,274,0,3.13,0.13,0.0272,0.0517,18.64,20.32,13.65
687.336,flow_only,32.801,52.1379248,21.1608959,91.24,52.1379237,21.1609103,32,0.44,1.592,255,0.0,0.5023,-0.0054,0.0273,2.946,2.239,-0.55,-2.78,140.08,0.03,0.0,0.01,0.04,99695,1507,3,0.31,0.08,-0.05,0.01,49,-144,288,0,3.12,0.14,0.0275,0.0552,19.58,18.93,11.94
687.436,flow_only,32.901,52.1379236,21.1608974,91.25,52.1379216,21.1609137,32,0.44,1.677,255,0.0,0.3349,0.0088,0.0594,2.912,2.245,-0.4,-2.49,139.99,0.03,0.0,0.0,0.03,99695,1507,3,0.31,0.08,-0.05,0.01,49,-5,-49,0,3.13,0.13,0.0156,0.0346,17.75,17.94,10.97
687.536,flow_only,33.001,52.1379224,21.1608989,91.26,52.1379216,21.1609137,32,0.44,1.677,255,-0.1675,1.0049,0.031,0.0797,2.95,2.251,-0.36,-2.15,139.95,0.03,0.0,0.01,0.03,99695,1507,3,0.31,0.08,-0.05,0.01,49,17,277,0,3.13,0.14,0.0157,0.0343,18.82,19.98,12.52
687.636,flow_only,33.101,52.1379213,21.1609003,91.26,52.1379194,21.160917,32,0.44,1.606,255,0.0,0.3349,-0.0178,0.0455,2.932,2.257,-0.37,-1.76,139.98,0.03,0.0,0.0,0.04,99695,1507,3,0.31,0.08,-0.05,0.01,49,-16,-287,0,3.14,0.12,0.0175,0.0305,21.72,19.21,13.31
687.736,flow_only,33.201,52.1379204,21.1609015,91.27,52.1379194,21.160917,32,0.44,1.606,255,0.0,0.335,-0.0444,0.0039,2.944,2.262,-0.44,-1.56,140.03,0.03,0.0,0.01,0.02,99695,1507,3,0.31,0.08,-0.05,0.01,49,1,-210,0,3.14,0.11,0.0429,0.0805,18.45,19.3,11.57
687.836,flow_only,33.301,52.1379195,21.160903,91.27,52.1379194,21.160917,32,0.44,1.606,255,0.0,0.6698,-0.0104,-0.0692,2.942,2.27,-0.66,-1.79,140.15,0.03,0.0,0.02,0.03,99695,1507,3,0.31,0.08,-0.05,0.01,49,55,-134,0,3.16,0.13,0.0265,0.0553,19.28,18.58,11.46
687.936,flow_only,33.401,52.1379187,21.1609044,91.28,52.1379174,21.1609203,32,0.44,1.59,255,0.0,0.3349,0.0334,-0.078,2.93,2.278,-0.64,-2.24,140.24,0.03,0.0,0.0,0.04,99695,1507,3,0.31,0.08,-0.05,0.01,49,8,-67,0,3.16,0.13,0.0274,0.0583,18.95,19.55,12.16
688.036,flow_only,33.501,52.1379178,21.1609058,91.29,52.1379153,21.1609236,32,0.44,1.628,255,0.0,0.3349,0.06,-0.0559,2.954,2.286,-0.44,-2.6,140.32,0.03,0.0,0.01,0.03,99695,1507,3,0.31,0.08,-0.05,0.01,49,-36,253,0,3.17,0.14,0.0055,0.02,21.34,19.51,13.04
688.136,flow_only,33.601,52.1379168,21.1609072,91.3,52.1379153,21.1609236,32,0.44,1.628,145,0.0,0.67,0.0374,-0.0609,2.94,2.29,-0.11,-2.99,140.37,0.03,0.0,0.03,0.04,99695,1507,3,0.31,0.08,-0.05,0.01,49,95,84,0,3.16,0.14,0.0073,0.0149,19.5,21.1,13.7
688.237,flow_only,33.701,52.1379158,21.1609087,91.3,52.1379131,21.160927,32,0.44,1.706,255,0.0,0.3349,-0.0064,-0.0168,2.966,2.296,0.04,-3.18,140.37,0.03,0.0,0.01,0.02,99695,1507,3,0.31,0.08,-0.05,0.01,49,-44,-132,0,3.16,0.12,0.0104,0.0246,18.64,19.33,12.89
688.336,flow_only,33.801,52.1379148,21.1609103,91.3,52.1379131,21.160927,32,0.44,1.706,182,0.0,0.8372,0.0259,0.0002,2.95,2.296,0.08,-3.18,140.36,0.03,0.0,0.04,0.02,99695,1507,3,0.31,0.08,-0.05,0.01,49,-23,-6,0,3.14,0.1,0.03,0.0539,19.78,20.79,11.9
688.436,flow_only,33.901,52.1379138,21.160912,91.3,52.1379109,21.1609304,32,0.44,1.66,255,0.0,0.8375,0.0202,0.0478,2.94,2.295,0.22,-3.04,140.3,0.03,0.0,0.0,0.03,99695,1507,3,0.31,0.08,-0.05,0.01,49,135,-185,0,3.15,0.11,0.0217,0.0415,19.07,20.85,12.08
688.536,flow_only,34.001,52.1379126,21.1609139,91.3,52.1379109,21.1609304,32,0.44,1.66,255,0.0,0.5025,0.0632,0.1019,2.948,2.292,0.46,-2.66,140.21,0.03,0.0,0.03,0.04,99695,1507,3,0.31,0.08,-0.05,0.01,49,-31,-64,0,3.13,0.1,0.0289,0.0571,20.03,19.31,12.56
688.636,flow_only,34.101,52.1379113,21.1609156,91.3,52.1379086,21.1609337,32,0.44,1.688,255,0.0,0.335,0.0325,0.1104,2.95,2.292,0.66,-2.11,140.15,0.03,0.0,0.02,0.02,99695,1507,3,0.31,0.08,-0.05,0.01,49,-52,-124,0,3.15,0.1,0.0241,0.0519,20.18,20.64,12.74
688.736,flow_only,34.201,52.13791,21.1609172,91.3,52.1379086,21.1609337,32,0.44,1.688,182,0.0,0.5025,-0.056,0.1191,2.93,2.293,0.63,-1.36,140.09,0.03,0.0,0.01,0.05,99695,1507,3,0.31,0.08,-0.05,0.01,49,-28,338,0,3.14,0.1,0.0367,0.0758,22.28,18.49,14.41
688.836,flow_only,34.301,52.1379088,21.1609188,91.3,52.1379086,21.1609337,32,0.44,1.688,255,0.0,0.335,-0.0436,0.0505,2.912,2.294,0.41,-0.85,140.1,0.03,0.0,0.0,0.02,99695,1507,3,0.31,0.08,-0.05,0.01,49,46,-136,0,3.14,0.1,0.0039,0.0137,21.17,20.16,13.18
688.936,flow_only,34.401,52.1379077,21.1609202,91.3,52.1379063,21.160937,32,0.44,1.724,255,0.0,0.8373,-0.014,0.0473,2.928,2.299,0.29,-0.57,140.15,0.03,0.0,0.02,0.02,99695,1507,3,0.31,0.08,-0.05,0.01,49,41,-65,0,3.15,0.12,0.01,0.0178,19.45,19.58,11.81
689.036,flow_only,34.501,52.1379066,21.1609217,91.31,52.1379041,21.1609402,32,0.44,1.559,255,0.0,0.3349,-0.0522,-0.0358,2.88,2.305,0.01,-0.59,140.24,0.03,0.0,0.0,0.04,99695,1507,3,0.31,0.08,-0.05,0.01,49,70,-181,0,3.15,0.15,0.0058,0.014,19.2,20.85,12.82
689.136,flow_only,34.601,52.1379057,21.1609231,91.31,52.1379041,21.1609402,32,0.44,1.559,255,0.0,0.1675,-0.0132,-0.043,2.884,2.308,-0.21,-0.83,140.33,0.03,0.0,0.02,0.05,99695,1507,3,0.31,0.08,-0.05,0.01,49,46,-128,0,3.14,0.15,0.0238,0.0452,19.43,18.84,11.59
689.237,flow_only,34.701,52.1379047,21.1609244,91.31,52.137902,21.1609432,32,0.44,1.595,255,0.0,0.6698,-0.0069,-0.0967,2.892,2.308,-0.28,-1.28,140.33,0.03,0.0,0.02,0.03,99695,1507,3,0.31,0.08,-0.05,0.01,49,-145,271,0,3.13,0.16,0.0165,0.0312,20.46,20.09,12.91
689.336,flow_only,34.801,52.1379037,21.1609258,91.31,52.137902,21.1609432,32,0.44,1.595,255,0.0,0.335,0.0428,-0.0754,2.888,2.308,-0.21,-1.89,140.3,0.03,0.0,0.01,0.04,99695,1507,3,0.31,0.08,-0.05,0.01,49,10,-26,0,3.12,0.14,0.0082,0.0163,19.89,20.22,12.36
689.436,flow_only,34.901,52.1379027,21.1609272,91.31,52.1378998,21.1609462,32,0.44,1.565,255,0.1675,0.335,0.0393,-0.0359,2.894,2.309,-0.06,-2.16,140.24,0.03,0.0,0.01,0.03,99695,1507,3,0.31,0.08,-0.05,0.01,49,143,239,0,3.12,0.14,0.016,0.0282,19.1,20.43,11.11
689.536,flow_only,35.001,52.1379016,21.1609287,91.31,52.1378998,21.1609462,32,0.44,1.565,255,0.0,0.5023,-0.0311,0.0268,2.868,2.31,-0.04,-2.09,140.24,0.03,0.0,0.01,0.02,99695,1507,3,0.31,0.08,-0.05,0.01,49,-44,366,0,3.12,0.14,0.0304,0.0567,19.61,19.15,11.86
689.636,flow_only,35.101,52.1379004,21.1609302,91.32,52.1378978,21.1609492,32,0.44,1.499,255,0.0,0.5026,0.0332,0.0557,2.856,2.313,0.12,-1.87,140.3,0.03,0.0,0.0,0.02,99695,1507,3,0.31,0.08,-0.05,0.01,49,2,-17,0,3.12,0.15,0.0186,0.0357,18.63,19.69,12.23
689.736,flow_only,35.201,52.1378991,21.1609319,91.32,52.1378978,21.1609492,32,0.44,1.499,255,0.0,0.67,-0.03,0.061,2.858,2.315,-0.05,-1.55,140.42,0.03,0.0,0.04,0.05,99695,1507,3,0.31,0.08,-0.05,0.01,49,33,-57,0,3.11,0.15,0.0379,0.0745,17.39,20.72,11.31
689.836,flow_only,35.301,52.137898,21.1609334,91.32,52.1378978,21.1609492,32,0.44,1.499,255,0.0,0.8368,-0.011,0.084,2.852,2.315,-0.08,-1.28,140.42,0.03,0.0,0.03,0.03,99695,1507,3,0.31,0.08,-0.05,0.01,49,12,-204,0,3.1,0.15,0.0059,0.0184,19.85,18.74,11.61
689.936,flow_only,35.401,52.137897,21.1609348,91.32,52.1378957,21.1609522,32,0.44,1.557,255,0.0,0.3348,-0.0226,0.0109,2.846,2.316,-0.23,-0.97,140.36,0.03,0.0,0.0,0.03,99695,1507,3,0.31,0.08,-0.05,0.01,49,35,275,0,3.1,0.16,0.0097,0.0213,19.96,20.1,12.87
690.036,flow_only,35.501,52.137896,21.1609362,91.32,52.1378936,21.1609551,32,0.44,1.483,255,0.0,0.1674,-0.0007,-0.0443,2.858,2.319,-0.25,-1.02,140.31,0.03,0.0,0.01,0.02,99695,1507,3,0.31,0.08,-0.05,0.01,49,5,-150,0,3.1,0.16,0.0201,0.0366,19.7,18.7,11.21
690.136,flow_only,35.601,52.1378952,21.1609374,91.33,52.1378936,21.1609551,32,0.44,1.483,255,0.0,0.5026,0.0408,-0.0444,2.864,2.324,-0.07,-1.24,140.18,0.03,0.0,0.01,0.04,99695,1507,3,0.31,0.08,-0.05,0.01,49,-29,-94,0,3.09,0.15,0.0404,0.0761,19.83,19.73,12.82
690.237,flow_only,35.701,52.1378944,21.1609385,91.33,52.1378917,21.160958,32,0.44,1.444,255,0.0,0.1674,0.0288,-0.1019,2.874,2.327,0.08,-1.81,140.05,0.03,0.0,0.02,0.04,99695,1507,3,0.31,0.08,-0.05,0.01,49,154,-14,0,3.1,0.15,0.0231,0.0478,20.09,18.85,12.54
690.336,flow_only,35.8,52.1378936,21.1609398,91.34,52.1378917,21.160958,32,0.44,1.444,255,0.0,0.3349,0.04,-0.1344,2.892,2.33,0.21,-2.58,139.97,0.03,0.0,0.02,0.02,99695,1507,3,0.31,0.08,-0.05,0.01,49,0,41,0,3.09,0.13,0.0131,0.0308,20.56,18.63,11.77
690.436,flow_only,35.901,52.1378927,21.160941,91.34,52.1378898,21.1609608,32,0.44,1.393,255,0.0,0.3349,0.0064,-0.0639,2.894,2.332,0.27,-3.0,139.91,0.03,0.0,0.02,0.03,99695,1507,3,0.31,0.08,-0.05,0.01,49,-27,-23,0,3.09,0.12,0.0101,0.0256,18.79,17.97,11.63
690.536,flow_only,36.001,52.1378918,21.1609423,91.34,52.1378898,21.1609608,32,0.44,1.393,255,0.0,0.335,-0.0116,-0.0235,2.906,2.332,0.38,-3.15,139.87,0.03,0.0,0.03,0.02,99695,1507,3,0.31,0.08,-0.05,0.01,49,141,-76,0,3.08,0.1,0.0113,0.026,18.05,19.62,11.9
690.636,flow_only,36.101,52.1378909,21.1609437,91.34,52.1378879,21.1609636,32,0.44,1.481,255,0.0,0.67,-0.0024,-0.0065,2.934,2.335,0.32,-3.22,139.88,0.03,0.0,0.0,0.03,99695,1507,3,0.31,0.08,-0.05,0.01,49,37,241,0,3.09,0.11,0.0114,0.0173,19.53,19.77,11.63
690.736,flow_only,36.201,52.13789,21.160945,91.34,52.1378879,21.1609636,32,0.44,1.481,255,0.0,0.3349,0.0184,0.0423,2.914,2.337,0.32,-3.12,140.01,0.03,0.0,0.02,0.03,99695,1507,3,0.31,0.08,-0.05,0.01,49,41,-127,0,3.09,0.1,0.0148,0.0308,19.93,19.84,12.01
690.836,flow_only,36.301,52.1378891,21.1609463,91.35,52.1378879,21.1609636,32,0.44,1.481,255,0.0,0.5025,-0.0213,0.0101,2.932,2.34,0.21,-2.99,140.17,0.03,0.0,0.01,0.03,99695,1507,3,0.31,0.08,-0.05,0.01,49,19,7,0,3.1,0.08,0.0195,0.0398,19.04,16.86,11.47
690.936,flow_only,36.401,52.1378881,21.1609477,91.35,52.1378859,21.1609663,32,0.44,1.454,255,-0.1675,0.6699,-0.0011,-0.0264,2.94,2.343,0.15,-3.18,140.3,0.03,0.0,0.01,0.02,99695,1507,3,0.31,0.08,-0.05,0.01,49,29,62,0,3.1,0.08,0.0177,0.0294,19.96,18.67,12.62
691.036,flow_only,36.501,52.1378871,21.1609491,91.35,52.1378838,21.1609691,32,0.44,1.542,255,-0.1675,0.3349,0.0367,0.0092,2.934,2.346,0.24,-3.28,140.31,0.03,0.0,0.0,0.04,99695,1507,3,0.31,0.08,-0.05,0.01,49,-1,-112,0,3.1,0.08,0.007,0.0144,20.27,17.58,11.2
691.136,flow_only,36.601,52.1378861,21.1609504,91.36,52.1378838,21.1609691,32,0.44,1.542,255,0.0,0.3349,0.0257,0.0127,2.932,2.352,0.36,-3.19,140.24,0.03,0.0,0.01,0.02,99695,1507,3,0.31,0.08,-0.05,0.01,49,6,171,0,3.12,0.08,0.0116,0.0235,20.68,17.4,12.23
691.237,flow_only,36.701,52.1378851,21.1609516,91.36,52.1378817,21.160972,32,0.44,1.517,255,-0.1674,0.3349,-0.0435,0.0103,2.944,2.357,0.32,-3.05,140.23,0.03,0.0,0.0,0.02,99695,1507,3,0.31,0.08,-0.05,0.01,49,25,-186,0,3.12,0.1,0.0282,0.0519,19.9,19.86,12.93
691.336,flow_only,36.801,52.1378841,21.1609528,91.37,52.1378817,21.160972,32,0.44,1.517,255,0.0,0.335,-0.0422,-0.0296,2.942,2.362,0.15,-3.05,140.18,0.03,0.0,0.01,0.02,99695,1507,3,0.31,0.08,-0.05,0.01,49,46,-157,0,3.12,0.1,0.018,0.0351,20.16,18.53,12.41
691.437,flow_only,36.901,52.1378831,21.1609541,91.37,52.1378796,21.160975,32,0.44,1.601,255,0.0,0.8374,-0.0291,0.0057,2.942,2.363,0.04,-3.08,140.15,0.03,0.0,0.03,0.02,99695,1507,3,0.31,0.08,-0.05,0.01,49,52,206,0,3.11,0.09,0.0054,0.0065,20.91,18.54,11.72
691.536,flow_only,37.001,52.1378822,21.1609554,91.37,52.1378796,21.160975,32,0.44,1.601,236,0.0,0.6698,0.0252,0.0153,2.96,2.363,0.01,-3.08,140.12,0.03,0.0,0.01,0.03,99695,1507,3,0.31,0.08,-0.05,0.01,49,-97,-145,0,3.11,0.08,0.0185,0.0353,20.21,18.8,12.14
691.636,flow_only,37.101,52.1378812,21.1609568,91.37,52.1378774,21.1609781,32,0.44,1.595,236,0.0,0.3349,-0.0166,0.03,2.938,2.362,-0.04,-2.97,140.18,0.03,0.0,0.01,0.04,99695,1507,3,0.31,0.08,-0.05,0.01,49,352,-174,0,3.11,0.08,0.0259,0.0492,18.16,17.83,11.73
691.736,flow_only,37.201,52.1378804,21.1609582,91.37,52.1378774,21.1609781,32,0.44,1.595,182,0.0,0.335,0.0056,-0.0129,2.945,2.363,-0.18,-2.88,140.27,0.03,0.0,0.0,0.02,99695,1507,3,0.31,0.08,-0.05,0.01,49,24,-22,0,3.11,0.07,0.0269,0.0539,19.33,16.6,10.82
691.836,flow_only,37.301,52.1378794,21.1609597,91.37,52.1378774,21.1609781,32,0.44,1.595,255,0.0,0.5024,0.0608,-0.0543,2.942,2.364,0.09,-3.16,140.29,0.03,0.0,0.01,0.04,99695,1507,3,0.31,0.08,-0.05,0.01,49,-29,388,0,3.11,0.08,0.0216,0.0357,18.35,17.6,11.82
691.936,flow_only,37.401,52.1378784,21.1609612,91.37,52.1378752,21.1609811,32,0.44,1.607,255,0.0,0.335,0.0475,-0.0306,2.94,2.362,0.4,-3.46,140.24,0.03,0.0,0.03,0.02,99695,1507,3,0.31,0.07,-0.05,0.01,49,-50,48,0,3.1,0.07,0.0111,0.0198,19.91,18.52,13.01
692.036,flow_only,37.501,52.1378773,21.1609626,91.37,52.1378728,21.160984,32,0.44,1.663,163,0.0,0.6698,0.0385,0.0152,2.948,2.363,0.55,-3.51,140.16,0.03,0.0,0.0,0.01,99695,1507,3,0.31,0.07,-0.05,0.01,49,-7,-157,0,3.11,0.08,0.0151,0.0264,21.95,18.35,13.37
692.136,flow_only,37.601,52.1378762,21.1609639,91.37,52.1378728,21.160984,32,0.44,1.663,255,0.0,0.5023,-0.0094,0.0525,2.95,2.368,0.68,-3.14,140.06,0.03,0.0,0.01,0.01,99695,1507,3,0.31,0.07,-0.05,0.01,49,-13,-82,0,3.11,0.08,0.0104,0.0219,22.58,18.81,14.58
692.236,flow_only,37.701,52.1378751,21.1609653,91.38,52.1378703,21.1609869,32,0.44,1.657,218,0.0,0.335,-0.058,0.0536,2.966,2.373,0.49,-2.79,140.02,0.03,0.0,0.0,0.02,99695,1507,3,0.31,0.07,-0.05,0.01,49,-127,256,0,3.12,0.08,0.0228,0.0455,20.87,19.7,13.37
692.336,flow_only,37.801,52.1378739,21.1609666,91.38,52.1378703,21.1609869,32,0.44,1.657,91,0.0,0.8375,-0.0686,0.0133,2.98,2.377,0.22,-2.64,140.06,0.03,0.0,0.01,0.03,99695,1507,3,0.31,0.07,-0.05,0.01,49,69,285,0,3.12,0.07,0.0346,0.0681,19.47,20.57,12.21
692.437,flow_only,37.901,52.1378726,21.160968,91.39,52.1378679,21.1609898,32,0.45,1.682,218,-0.1675,0.5025,-0.0804,0.0129,2.968,2.38,-0.25,-2.54,140.14,0.03,0.0,0.0,0.03,99695,1507,3,0.31,0.07,-0.05,0.01,49,-51,-50,0,3.12,0.07,0.0193,0.0383,18.89,19.56,11.38
692.536,flow_only,38.001,52.1378714,21.1609693,91.39,52.1378679,21.1609898,32,0.45,1.682,72,-0.1674,0.3349,-0.0495,0.0302,2.992,2.384,-0.53,-2.28,140.16,0.03,0.0,0.0,0.04,99695,1507,3,0.31,0.07,-0.05,0.01,49,-68,117,0,3.12,0.06,0.0225,0.0471,19.44,18.5,12.77
692.636,flow_only,38.101,52.1378703,21.1609706,91.39,52.1378654,21.1609927,32,0.45,1.684,72,-0.1675,0.335,-0.0205,0.0303,2.976,2.384,-0.7,-2.26,140.12,0.03,0.0,0.01,0.04,99695,1507,3,0.31,0.07,-0.05,0.01,49,80,-7,0,3.11,0.04,0.0078,0.0132,19.39,18.99,11.57
692.736,flow_only,38.201,52.1378693,21.1609719,91.39,52.1378654,21.1609927,32,0.45,1.684,91,0.0,0.335,0.0293,0.0016,2.946,2.385,-0.74,-2.2,140.12,0.03,0.0,0.0,0.05,99695,1507,3,0.31,0.07,-0.05,0.01,49,57,-39,0,3.12,0.05,0.0194,0.0354,18.26,19.5,12.36
692.836,flow_only,38.301,52.1378682,21.1609733,91.39,52.1378654,21.1609927,32,0.45,1.684,109,-0.1675,0.67,0.0195,-0.0437,2.95,2.387,-0.65,-2.34,140.15,0.03,0.0,0.0,0.04,99695,1507,3,0.31,0.07,-0.05,0.01,49,-4,-8,0,3.12,0.07,0.0082,0.0199,17.93,18.34,12.13
692.936,flow_only,38.401,52.1378672,21.1609746,91.39,52.1378629,21.1609956,32,0.45,1.714,163,0.0,0.335,-0.0059,-0.0266,2.982,2.389,-0.59,-2.48,140.21,0.03,0.0,0.01,0.02,99695,1507,3,0.31,0.07,-0.05,0.01,49,-10,-145,0,3.12,0.08,0.0199,0.0364,17.52,18.72,11.57
693.036,flow_only,38.501,52.1378662,21.1609759,91.4,52.1378604,21.1609986,32,0.45,1.66,36,0.0,0.5026,-0.0011,-0.0161,2.97,2.392,-0.48,-2.48,140.28,0.03,0.0,0.0,0.04,99695,1507,3,0.31,0.07,-0.05,0.01,49,144,329,0,3.12,0.07,0.0115,0.0205,17.89,19.74,12.22
693.136,flow_only,38.601,52.1378652,21.1609773,91.4,52.1378604,21.1609986,32,0.45,1.66,0,0.1675,0.8375,-0.0075,-0.0255,2.995,2.395,-0.51,-2.68,140.38,0.03,0.0,0.0,0.04,99695,1507,3,0.31,0.07,-0.05,0.01,49,6,-137,0,3.12,0.07,0.0085,0.0198,18.28,18.66,11.74
693.236,flow_only,38.701,52.1378642,21.1609787,91.4,52.137858,21.1610016,32,0.45,1.685,54,0.0,0.5025,0.0362,0.0109,3.0,2.396,-0.43,-2.64,140.48,0.03,0.0,0.02,0.02,99695,1507,3,0.3,0.07,-0.05,0.01,49,-176,-173,0,3.11,0.05,0.0195,0.034,18.83,19.44,11.3
693.336,flow_only,38.801,52.1378631,21.1609801,91.4,52.137858,21.1610016,32,0.45,1.685,163,0.0,0.335,0.0084,-0.0263,3.008,2.397,-0.38,-2.73,140.53,0.03,0.0,0.0,0.02,99695,1507,3,0.3,0.07,-0.05,0.01,49,-12,-154,0,3.12,0.04,0.003,0.0074,20.73,19.49,14.08
693.437,flow_only,38.901,52.1378621,21.1609816,91.4,52.1378556,21.1610048,32,0.45,1.711,182,0.0,0.5024,-0.01,-0.0123,3.002,2.397,-0.37,-2.95,140.55,0.03,0.0,0.01,0.02,99695,1507,3,0.3,0.07,-0.05,0.01,49,-148,208,0,3.11,0.03,0.0282,0.0552,22.09,21.14,14.69
693.537,flow_only,39.001,52.1378609,21.160983,91.4,52.1378556,21.1610048,32,0.45,1.711,72,0.0,0.335,-0.0095,0.0253,3.006,2.397,-0.36,-2.85,140.52,0.03,0.0,0.0,0.03,99695,1507,3,0.3,0.07,-0.05,0.01,49,3,-177,0,3.11,0.02,0.0109,0.0224,20.1,18.83,12.66
693.636,flow_only,39.101,52.1378598,21.1609842,91.4,52.1378532,21.1610079,32,0.45,1.725,109,0.0,0.5026,-0.0256,0.0339,3.004,2.395,-0.49,-2.59,140.49,0.03,0.0,0.02,0.03,99695,1507,3,0.3,0.07,-0.05,0.01,49,26,-228,0,3.11,0.02,0.0223,0.0377,19.87,20.5,12.36
693.736,flow_only,39.201,52.1378588,21.1609855,91.4,52.1378532,21.1610079,32,0.45,1.725,163,0.0,0.6698,-0.0266,0.0003,3.012,2.391,-0.6,-2.52,140.38,0.03,0.0,0.01,0.04,99695,1507,3,0.3,0.07,-0.05,0.01,49,31,-56,0,3.1,0.0,0.0155,0.0268,18.4,20.14,11.39
693.836,flow_only,39.301,52.1378578,21.1609868,91.39,52.1378532,21.1610079,32,0.45,1.725,163,0.0,0.3349,0.0156,-0.0505,3.02,2.387,-0.66,-2.83,140.24,0.03,0.0,0.01,0.04,99695,1507,3,0.3,0.07,-0.05,0.01,49,24,-130,0,3.1,0.0,0.0183,0.0329,18.91,20.24,12.99
693.936,flow_only,39.401,52.1378568,21.160988,91.39,52.1378509,21.1610111,32,0.44,1.636,127,0.0,0.3349,-0.0127,-0.0472,3.014,2.384,-0.64,-3.01,140.14,0.03,0.0,0.0,0.03,99695,1507,3,0.3,0.07,-0.05,0.01,49,-29,-147,0,3.1,0.0,0.0243,0.043,19.11,19.4,12.8
694.036,flow_only,39.501,52.1378557,21.1609893,91.38,52.1378486,21.1610143,32,0.44,1.683,54,0.0,0.8377,0.0099,0.007,3.006,2.377,-0.47,-3.07,140.04,0.03,0.0,0.04,0.04,99695,1507,3,0.3,0.07,-0.05,0.01,49,-20,5,0,3.08,-0.01,0.0133,0.0284,19.34,20.01,12.57
694.136,flow_only,39.601,52.1378547,21.1609907,91.38,52.1378486,21.1610143,32,0.44,1.683,36,0.0,0.3349,-0.0056,0.023,3.008,2.374,-0.6,-3.01,140.03,0.03,0.0,0.03,0.03,99695,1507,3,0.3,0.07,-0.05,0.01,49,47,329,0,3.09,0.0,0.022,0.0435,19.08,19.38,11.47
694.236,flow_only,39.701,52.1378536,21.1609921,91.38,52.1378463,21.1610176,32,0.44,1.734,54,0.0,0.335,-0.0528,0.0284,3.0,2.371,-0.73,-2.91,140.0,0.03,0.0,0.01,0.04,99695,1507,3,0.3,0.06,-0.05,0.01,49,-156,-28,0,3.09,0.0,0.0164,0.0311,19.3,20.06,11.89
694.336,flow_only,39.801,52.1378526,21.1609933,91.37,52.1378463,21.1610176,32,0.44,1.734,127,0.0,0.3348,-0.012,0.0138,3.018,2.37,-0.86,-2.69,139.96,0.03,0.0,0.0,0.02,99695,1507,3,0.3,0.06,-0.05,0.01,49,4,-221,0,3.09,0.0,0.0343,0.0621,19.04,19.45,11.78
694.437,flow_only,39.901,52.1378516,21.1609947,91.37,52.137844,21.161021,32,0.44,1.712,255,0.0,0.3349,0.0052,-0.0388,3.008,2.367,-0.85,-2.92,139.92,0.03,0.0,0.02,0.03,99695,1507,3,0.3,0.07,-0.05,0.01,49,0,48,0,3.08,0.0,0.0109,0.021,20.06,21.91,12.82
694.537,flow_only,40.001,52.1378505,21.1609961,91.37,52.137844,21.161021,32,0.44,1.712,218,0.0,0.8373,0.0221,-0.0599,2.996,2.365,-0.75,-3.15,139.88,0.03,0.0,0.01,0.04,99695,1507,3,0.3,0.07,-0.05,0.01,49,-11,-149,0,3.08,0.0,0.0035,0.008,20.86,20.77,12.66
694.636,flow_only,40.101,52.1378495,21.1609975,91.37,52.1378417,21.1610244,32,0.44,1.764,200,0.0,0.5022,0.0157,-0.0096,3.017,2.364,-0.59,-3.27,139.83,0.03,0.0,0.0,0.05,99695,1507,3,0.3,0.07,-0.05,0.01,49,-38,-136,0,3.08,0.0,0.0093,0.017,19.79,21.52,13.09
694.736,flow_only,40.201,52.1378484,21.1609991,91.37,52.1378417,21.1610244,32,0.44,1.764,255,0.0,0.5023,0.0403,0.0373,3.004,2.362,-0.39,-3.28,139.75,0.03,0.0,0.01,0.04,99695,1507,3,0.3,0.07,-0.05,0.01,49,128,1,0,3.08,-0.02,0.0187,0.0345,22.15,21.18,13.3
694.836,flow_only,40.301,52.1378472,21.1610008,91.36,52.1378417,21.1610244,32,0.44,1.764,236,0.0,1.0048,-0.0108,0.0705,2.988,2.358,-0.42,-2.92,139.75,0.03,0.0,0.01,0.04,99695,1507,3,0.3,0.07,-0.05,0.01,49,127,416,0,3.07,-0.02,0.046,0.0854,19.88,22.6,12.77
694.936,flow_only,40.401,52.1378459,21.1610026,91.36,52.1378394,21.1610281,32,0.44,1.796,255,0.0,0.5025,0.0318,0.1324,3.008,2.352,-0.22,-2.35,139.7,0.03,0.0,0.02,0.03,99695,1507,3,0.3,0.07,-0.05,0.01,49,-60,377,0,3.06,0.0,0.0564,0.1091,18.4,18.25,12.55
695.036,flow_only,40.501,52.1378447,21.1610045,91.35,52.1378371,21.1610317,32,0.44,1.777,255,0.0,0.5024,0.0043,0.142,3.002,2.348,-0.29,-1.63,139.76,0.03,0.0,0.0,0.03,99695,1507,3,0.3,0.07,-0.05,0.01,49,-14,-13,0,3.06,-0.01,0.0263,0.053,19.23,21.29,12.76
695.136,flow_only,40.601,52.1378434,21.1610063,91.35,52.1378371,21.1610317,32,0.44,1.777,255,0.0,0.5023,-0.0152,0.0707,2.99,2.348,-0.26,-1.07,139.82,0.03,0.0,0.01,0.02,99695,1507,3,0.3,0.07,-0.05,0.01,49,129,-175,0,3.07,-0.01,0.0289,0.0577,19.73,21.59,13.4
695.236,flow_only,40.701,52.1378423,21.1610081,91.35,52.1378347,21.1610352,32,0.44,1.74,255,0.0,0.6698,0.0364,0.0694,2.994,2.349,-0.13,-0.59,139.83,0.03,0.0,0.0,0.03,99695,1507,3,0.3,0.07,-0.05,0.01,49,-52,-128,0,3.07,-0.01,0.006,0.0155,18.98,22.76,13.15
695.336,flow_only,40.801,52.1378413,21.1610097,91.36,52.1378347,21.1610352,32,0.44,1.74,255,0.1675,0.8375,0.0334,-0.0289,2.99,2.353,0.02,-0.58,139.79,0.03,0.0,0.02,0.06,99695,1507,3,0.3,0.07,-0.05,0.01,49,113,311,0,3.09,0.0,0.0309,0.0634,20.81,22.25,13.75
695.437,flow_only,40.901,52.1378402,21.1610114,91.36,52.1378325,21.1610385,32,0.44,1.681,255,0.1675,0.67,0.0486,-0.0473,2.996,2.355,0.21,-0.94,139.72,0.03,0.0,0.02,0.02,99695,1507,3,0.3,0.07,-0.05,0.01,49,-50,-114,0,3.07,0.0,0.0039,0.0048,18.72,21.19,12.47
695.536,flow_only,41.001,52.1378392,21.1610129,91.36,52.1378325,21.1610385,32,0.44,1.681,255,0.1674,0.3348,-0.0169,-0.0057,3.014,2.355,0.31,-0.91,139.6,0.03,0.0,0.0,0.04,99695,1507,3,0.3,0.07,-0.05,0.01,49,130,-25,0,3.08,-0.01,0.0237,0.0475,20.83,19.17,12.33
695.636,flow_only,41.101,52.1378384,21.1610147,91.36,52.1378303,21.1610418,32,0.44,1.634,255,0.1674,0.3349,0.0333,-0.042,3.016,2.357,0.39,-1.15,139.47,0.03,0.0,0.0,0.03,99695,1507,3,0.3,0.07,-0.05,0.01,49,483,209,0,3.08,-0.01,0.0487,0.0905,18.52,18.36,10.9
695.736,flow_only,41.201,52.1378377,21.1610165,91.37,52.1378303,21.1610418,32,0.44,1.634,255,0.0,0.3349,0.047,-0.0865,3.028,2.364,0.53,-1.55,139.44,0.03,0.0,0.04,0.01,99695,1507,3,0.3,0.07,-0.05,0.01,49,87,-102,0,3.1,0.0,0.0472,0.0961,22.58,19.48,12.75
695.836,flow_only,41.301,52.1378369,21.1610186,91.38,52.1378303,21.1610418,32,0.44,1.634,255,0.1674,0.3349,0.173,-0.0083,3.048,2.373,1.33,-1.75,139.52,0.03,0.0,0.02,0.03,99695,1507,3,0.3,0.07,-0.05,0.01,49,-158,-87,0,3.12,0.01,0.0373,0.0774,21.66,19.51,13.71
695.936,flow_only,41.401,52.1378359,21.1610205,91.38,52.1378281,21.161045,32,0.44,1.597,255,0.1674,0.8372,0.0952,0.0097,3.074,2.378,1.95,-1.82,139.72,0.03,0.0,0.01,0.04,99695,1507,3,0.3,0.07,-0.05,0.01,49,1,-143,0,3.11,-0.01,0.0288,0.059,18.41,20.34,13.02
696.036,flow_only,41.501,52.137835,21.1610222,91.38,52.137826,21.161048,32,0.44,1.58,255,0.1675,0.335,0.0213,0.0551,3.008,2.38,2.3,-1.57,139.9,0.03,0.0,0.0,0.01,99695,1507,3,0.3,0.07,-0.05,0.01,49,228,149,0,3.11,-0.02,0.0349,0.0682,19.0,19.11,12.11
696.136,flow_only,41.601,52.1378341,21.161024,91.39,52.137826,21.161048,32,0.44,1.58,255,0.0,0.335,0.0119,-0.0262,3.02,2.382,2.3,-1.49,140.05,0.03,0.0,0.01,0.02,99695,1507,3,0.3,0.07,-0.05,0.01,49,-18,-8,0,3.11,0.0,0.0149,0.0357,17.12,17.76,11.39
696.236,flow_only,41.701,52.1378332,21.1610255,91.39,52.1378237,21.161051,32,0.44,1.605,255,0.1675,0.6698,0.0261,-0.0097,3.026,2.38,2.44,-1.64,140.11,0.03,0.0,0.01,0.02,99695,1507,3,0.3,0.07,-0.05,0.01,49,131,-82,0,3.1,0.01,0.019,0.0413,20.12,18.27,11.91
696.336,flow_only,41.801,52.1378323,21.161027,91.38,52.1378237,21.161051,32,0.44,1.605,255,-0.1675,0.335,-0.0122,-0.0649,3.014,2.375,2.4,-1.92,140.11,0.03,0.0,0.02,0.01,99695,1507,3,0.3,0.07,-0.05,0.01,49,10,-83,0,3.09,-0.01,0.0184,0.0383,19.82,18.55,11.51
696.437,flow_only,41.901,52.1378315,21.1610284,91.37,52.1378214,21.1610536,32,0.44,1.598,255,0.0,0.5024,-0.0179,-0.019,3.02,2.369,2.35,-2.02,140.08,0.03,0.0,0.0,0.02,99695,1507,3,0.3,0.07,-0.05,0.01,49,0,-115,0,3.09,0.0,0.0311,0.0625,18.51,19.1,12.21
696.536,flow_only,42.001,52.1378307,21.1610296,91.37,52.1378214,21.1610536,32,0.44,1.598,255,0.0,0.335,0.0257,-0.0312,3.016,2.364,2.35,-2.16,140.07,0.03,0.0,0.0,0.02,99695,1507,3,0.3,0.07,-0.05,0.01,49,-158,243,0,3.09,-0.01,0.0084,0.015,18.45,19.19,11.08
696.637,flow_only,42.101,52.1378298,21.1610307,91.37,52.137819,21.161056,32,0.44,1.514,255,-0.1675,0.1675,-0.047,-0.0774,3.008,2.362,2.04,-2.57,140.08,0.03,0.0,0.0,0.04,99695,1507,3,0.3,0.07,-0.05,0.01,49,41,-244,0,3.09,-0.01,0.0228,0.0455,19.39,18.03,12.31
696.736,flow_only,42.201,52.1378288,21.1610319,91.37,52.137819,21.161056,32,0.44,1.514,255,0.0,0.6698,-0.0695,-0.0576,3.024,2.362,1.77,-2.9,140.13,0.03,0.0,0.01,0.01,99695,1507,3,0.3,0.07,-0.05,0.01,49,-99,286,0,3.09,0.0,0.0073,0.0147,17.86,19.29,12.48
696.836,flow_only,42.301,52.1378278,21.1610331,91.37,52.137819,21.161056,32,0.44,1.514,255,-0.1675,0.3349,-0.0582,-0.0605,3.004,2.361,1.37,-3.25,140.19,0.03,0.0,0.01,0.01,99695,1507,3,0.3,0.07,-0.05,0.01,49,-199,288,0,3.08,0.0,0.0261,0.0483,17.11,17.01,10.86
696.936,flow_only,42.401,52.1378267,21.1610341,91.37,52.1378166,21.1610583,32,0.44,1.583,255,-0.1675,0.3349,-0.0742,0.0106,3.024,2.363,1.0,-3.42,140.25,0.03,0.0,0.02,0.01,99695,1507,3,0.3,0.07,-0.05,0.01,49,129,-63,0,3.09,-0.01,0.0088,0.0192,17.13,19.37,11.0
697.036,flow_only,42.501,52.1378255,21.1610351,91.37,52.137814,21.1610604,32,0.44,1.546,255,-0.1675,0.67,-0.0861,-0.0388,3.028,2.365,0.46,-3.56,140.25,0.03,0.0,0.0,0.01,99695,1507,3,0.3,0.07,-0.05,0.01,49,11,39,0,3.09,0.0,0.0229,0.0467,17.22,18.86,11.49
697.136,flow_only,42.601,52.1378243,21.1610363,91.37,52.137814,21.1610604,32,0.44,1.546,255,-0.335,0.8375,-0.0754,0.0436,3.02,2.365,0.17,-3.37,140.21,0.03,0.0,0.0,0.02,99695,1507,3,0.3,0.07,-0.05,0.01,49,-65,0,0,3.09,-0.02,0.0103,0.0231,16.83,18.74,11.69
697.236,flow_only,42.701,52.1378232,21.1610373,91.37,52.1378115,21.1610624,32,0.44,1.627,255,0.0,0.5024,-0.0277,0.0796,3.034,2.364,-0.18,-3.11,140.23,0.03,0.0,0.0,0.03,99695,1507,3,0.3,0.07,-0.05,0.01,49,-2,341,0,3.09,-0.02,0.0202,0.0422,16.79,18.62,12.06
697.336,flow_only,42.801,52.137822,21.1610385,91.37,52.1378115,21.1610624,32,0.44,1.627,255,-0.1674,0.3349,-0.0647,0.0206,3.002,2.362,-0.54,-2.89,140.31,0.03,0.0,0.0,0.04,99695,1507,3,0.3,0.07,-0.05,0.01,49,-18,-24,0,3.08,-0.02,0.0067,0.0174,17.95,18.33,13.13
697.437,flow_only,42.901,52.1378209,21.1610396,91.36,52.1378088,21.1610646,32,0.44,1.663,255,-0.1675,0.335,-0.0392,0.0126,2.988,2.36,-0.75,-2.73,140.36,0.03,0.0,0.0,0.03,99695,1507,3,0.3,0.07,-0.05,0.01,49,-79,-178,0,3.08,0.0,0.0277,0.0491,19.32,19.59,13.27
697.537,flow_only,43.001,52.1378198,21.1610406,91.36,52.1378088,21.1610646,32,0.44,1.663,255,-0.1675,0.3349,-0.0137,-0.0326,2.982,2.359,-0.87,-2.71,140.42,0.03,0.0,0.0,0.04,99695,1507,3,0.3,0.07,-0.05,0.01,49,-81,-2,0,3.08,0.0,0.0373,0.0723,19.03,17.86,13.01
697.637,flow_only,43.101,52.1378185,21.1610416,91.36,52.1378062,21.1610669,32,0.44,1.711,255,-0.1674,0.6698,0.0116,-0.0254,2.984,2.357,-0.82,-3.03,140.42,0.03,0.0,0.0,0.03,99695,1507,3,0.3,0.07,-0.05,0.01,49,-95,-105,0,3.08,0.0,0.0331,0.0633,20.67,17.89,14.22
697.736,flow_only,43.201,52.1378171,21.1610425,91.36,52.1378062,21.1610669,32,0.44,1.711,255,-0.1674,0.5023,-0.0827,-0.0026,2.954,2.359,-1.12,-3.06,140.38,0.03,0.0,0.03,0.02,99695,1507,3,0.3,0.07,-0.05,0.01,49,-85,-164,0,3.09,0.03,0.0476,0.0913,21.04,18.79,14.13
697.836,flow_only,43.301,52.1378158,21.1610433,91.37,52.1378062,21.1610669,32,0.44,1.711,255,-0.1675,0.335,-0.1154,0.053,2.976,2.362,-1.56,-2.8,140.34,0.03,0.0,0.01,0.03,99695,1507,3,0.3,0.07,-0.05,0.01,49,-27,-174,0,3.09,0.02,0.0453,0.0871,19.45,17.41,12.75
697.936,flow_only,43.401,52.1378144,21.1610443,91.37,52.1378035,21.1610693,32,0.44,1.671,255,-0.1675,0.8373,-0.0875,0.0701,2.99,2.364,-2.23,-2.52,140.32,0.03,0.0,0.0,0.04,99695,1507,3,0.29,0.07,-0.05,0.01,49,-136,307,0,3.09,0.03,0.0461,0.0973,18.03,17.47,12.02
698.036,flow_only,43.501,52.1378131,21.1610451,91.38,52.137801,21.1610719,32,0.44,1.602,255,0.0,0.5024,-0.1397,0.021,2.996,2.37,-2.83,-2.29,140.35,0.03,0.0,0.02,0.07,99695,1507,3,0.29,0.07,-0.05,0.01,49,-22,-215,0,3.1,0.03,0.0428,0.0789,16.58,18.41,11.73
698.136,flow_only,43.601,52.137812,21.161046,91.37,52.137801,21.1610719,32,0.44,1.602,255,0.0,0.5025,-0.0384,0.0169,3.01,2.37,-3.12,-2.13,140.37,0.03,0.0,0.05,0.04,99695,1507,3,0.29,0.07,-0.05,0.01,49,-62,-2,0,3.08,0.0,0.0368,0.0682,17.72,17.75,12.03
698.236,flow_only,43.701,52.137811,21.161047,91.37,52.1377987,21.1610747,32,0.44,1.681,255,0.0,0.335,-0.0449,-0.0693,3.016,2.368,-3.49,-2.39,140.45,0.03,0.0,0.0,0.07,99695,1507,3,0.29,0.07,-0.05,0.01,49,110,-112,0,3.08,0.0,0.0155,0.0317,18.85,18.97,11.59
698.336,flow_only,43.801,52.13781,21.1610483,91.38,52.1377987,21.1610747,32,0.44,1.681,255,0.0,0.1674,0.0679,-0.0964,3.014,2.37,-3.32,-2.94,140.45,0.03,0.0,0.02,0.08,99695,1507,3,0.29,0.07,-0.05,0.01,49,-27,-50,0,3.09,0.0,0.019,0.038,19.33,20.31,11.87
698.436,flow_only,43.901,52.1378092,21.1610495,91.38,52.1377964,21.1610778,32,0.44,1.64,255,0.1675,0.6699,0.1097,-0.0376,3.008,2.37,-2.8,-3.25,140.37,0.03,0.0,0.02,0.05,99695,1507,3,0.29,0.07,-0.05,0.01,49,72,252,0,3.08,-0.01,0.0076,0.0174,18.88,20.4,12.27
698.537,flow_only,44.001,52.1378082,21.1610509,91.37,52.1377964,21.1610778,32,0.44,1.64,255,0.0,0.335,0.1357,-0.0515,2.99,2.369,-2.19,-3.7,140.33,0.03,0.0,0.0,0.06,99695,1507,3,0.29,0.07,-0.05,0.01,49,-112,-59,0,3.08,0.0,0.0155,0.0305,21.22,18.62,14.24
698.637,flow_only,44.101,52.1378072,21.1610523,91.37,52.1377942,21.1610811,32,0.44,1.687,236,0.0,0.3349,0.0383,-0.0016,2.974,2.367,-1.59,-3.72,140.27,0.03,0.0,0.0,0.04,99695,1507,3,0.29,0.07,-0.05,0.01,49,-140,-11,0,3.08,0.0,0.0243,0.0487,23.08,19.7,15.03
698.736,flow_only,44.201,52.137806,21.1610539,91.37,52.1377942,21.1610811,32,0.44,1.687,236,0.1675,0.8374,0.0466,0.0938,2.978,2.364,-1.31,-3.48,140.19,0.03,0.0,0.02,0.03,99695,1507,3,0.29,0.07,-0.05,0.01,49,100,350,0,3.07,0.01,0.0361,0.0703,22.35,17.68,13.64
698.836,flow_only,44.301,52.1378048,21.1610555,91.36,52.1377942,21.1610811,32,0.44,1.687,255,0.0,0.67,-0.0275,0.1056,2.99,2.359,-1.4,-2.93,140.2,0.03,0.0,0.0,0.05,99695,1507,3,0.29,0.07,-0.05,0.01,49,104,-118,0,3.07,0.01,0.011,0.0235,20.84,17.92,11.91
698.936,flow_only,44.401,52.1378036,21.1610572,91.36,52.1377919,21.1610844,32,0.44,1.705,255,0.0,0.5025,0.0108,0.1044,2.967,2.357,-1.31,-2.23,140.21,0.03,0.0,0.0,0.03,99695,1507,3,0.29,0.08,-0.05,0.01,49,-66,-164,0,3.07,0.0,0.0198,0.0417,18.99,17.5,13.41
699.036,flow_only,44.501,52.1378025,21.1610588,91.36,52.1377898,21.161088,32,0.44,1.699,255,0.0,0.8373,0.0237,0.0895,2.97,2.355,-1.23,-1.71,140.21,0.03,0.0,0.0,0.05,99695,1507,3,0.29,0.08,-0.05,0.01,49,-55,-116,0,3.07,0.0,0.0108,0.0164,20.23,21.62,13.85
699.136,flow_only,44.601,52.1378014,21.1610604,91.36,52.1377898,21.161088,32,0.44,1.699,255,0.1675,0.3349,0.0048,0.0072,2.972,2.354,-1.17,-1.44,140.19,0.03,0.0,0.01,0.05,99695,1507,3,0.29,0.08,-0.05,0.01,49,84,413,0,3.06,0.01,0.0319,0.0627,19.63,20.4,12.71
699.236,flow_only,44.701,52.1378004,21.1610621,91.36,52.1377876,21.1610916,32,0.44,1.723,255,0.1674,0.3348,0.0314,-0.0284,2.968,2.354,-1.03,-1.54,140.14,0.03,0.0,0.0,0.04,99695,1507,3,0.29,0.08,-0.05,0.01,49,-94,-178,0,3.07,0.01,0.0132,0.0185,20.48,22.66,14.04
699.336,flow_only,44.801,52.1377994,21.1610636,91.36,52.1377876,21.1610916,32,0.44,1.723,255,0.1674,0.6698,0.0262,0.019,2.986,2.352,-0.76,-1.48,140.03,0.03,0.0,0.02,0.04,99695,1507,3,0.29,0.08,-0.05,0.01,49,-122,-11,0,3.06,0.0,0.0205,0.0342,18.54,21.46,12.91
699.436,flow_only,44.901,52.1377985,21.1610652,91.35,52.1377856,21.1610952,32,0.44,1.604,255,0.1675,0.335,0.0376,-0.0841,2.982,2.348,-0.63,-1.74,139.85,0.03,0.0,0.02,0.04,99695,1507,3,0.29,0.08,-0.05,0.01,49,-83,-124,0,3.05,0.0,0.015,0.0289,21.98,20.01,13.25
699.537,flow_only,45.002,52.1377977,21.1610666,91.35,52.1377856,21.1610952,32,0.44,1.604,255,0.0,0.3349,0.0317,-0.0409,2.974,2.342,-0.44,-1.98,139.75,0.03,0.0,0.02,0.04,99695,1507,3,0.29,0.08,-0.05,0.01,49,-103,217,0,3.04,-0.02,0.0206,0.0361,18.76,22.05,14.3
699.637,flow_only,45.101,52.1377968,21.161068,91.34,52.1377836,21.1610987,32,0.44,1.692,255,0.1675,0.335,0.0522,-0.0913,3.016,2.339,-0.2,-2.47,139.65,0.03,0.0,0.01,0.03,99695,1507,3,0.29,0.08,-0.05,0.01,49,61,269,0,3.05,-0.02,0.008,0.0122,20.22,19.84,13.25
699.736,flow_only,45.201,52.1377958,21.1610696,91.34,52.1377836,21.1610987,32,0.44,1.692,255,0.0,0.335,-0.0079,-0.0447,3.076,2.337,-0.04,-2.7,139.6,0.03,0.0,0.02,0.02,99695,1507,3,0.29,0.08,-0.05,0.01,49,-123,-108,0,3.05,-0.05,0.0062,0.0143,20.73,19.1,12.74
699.836,flow_only,45.301,52.1377949,21.1610711,91.34,52.1377836,21.1610987,32,0.44,1.692,255,0.1675,0.8375,0.0247,0.0284,3.036,2.332,0.08,-2.72,139.57,0.03,0.0,0.02,0.02,99695,1507,3,0.29,0.08,-0.05,0.01,49,111,215,0,3.04,-0.09,0.0061,0.015,20.99,18.28,12.22
699.936,flow_only,45.401,52.1377941,21.1610726,91.33,52.1377816,21.1611022,32,0.44,1.646,255,0.0,0.3349,0.0151,0.0003,3.03,2.322,0.09,-2.74,139.57,0.03,0.0,0.04,0.02,99695,1507,3,0.3,0.07,-0.05,0.01,49,100,-168,0,3.03,-0.09,0.0263,0.0575,20.17,17.79,12.98
700.036,flow_only,45.501,52.1377933,21.1610741,91.32,52.1377795,21.1611058,32,0.44,1.617,255,0.0,0.3349,0.0149,-0.0232,3.036,2.315,0.19,-2.7,139.59,0.03,0.0,0.01,0.02,99695,1507,3,0.3,0.08,-0.05,0.01,49,63,-20,0,3.03,-0.09,0.0199,0.0427,21.1,19.94,14.96
700.136,flow_only,45.601,52.1377923,21.1610759,91.31,52.1377795,21.1611058,32,0.44,1.617,255,0.1674,0.8372,0.0692,-0.0099,3.046,2.308,0.53,-2.78,139.65,0.03,0.0,0.01,0.03,99695,1507,3,0.3,0.08,-0.05,0.01,49,-118,6,0,3.03,-0.08,0.0168,0.0287,20.68,19.58,14.05
700.236,flow_only,45.701,52.1377914,21.1610774,91.31,52.1377775,21.1611093,32,0.44,1.654,255,0.1675,0.335,0.0394,0.0153,3.022,2.303,0.68,-2.9,139.72,0.03,0.0,0.0,0.02,99695,1507,3,0.3,0.08,-0.05,0.01,49,93,-136,0,3.04,-0.08,0.0143,0.0307,19.82,20.77,14.08
700.336,flow_only,45.801,52.1377906,21.161079,91.31,52.1377775,21.1611093,32,0.44,1.654,255,0.0,0.3349,-0.0387,0.0431,3.017,2.306,0.69,-2.63,139.8,0.03,0.0,0.04,0.01,99695,1507,3,0.3,0.08,-0.05,0.01,49,255,122,0,3.06,-0.04,0.0347,0.0699,18.83,19.87,13.1
700.436,flow_only,45.901,52.1377899,21.1610806,91.32,52.1377755,21.1611129,32,0.44,1.652,255,0.1675,0.67,0.0415,-0.0574,3.042,2.311,0.69,-2.72,139.89,0.03,0.0,0.01,0.02,99695,1507,3,0.3,0.08,-0.05,0.01,49,-54,-145,0,3.07,-0.03,0.0367,0.0789,19.56,20.0,12.14
700.536,flow_only,46.001,52.1377891,21.1610822,91.32,52.1377755,21.1611129,32,0.44,1.652,255,0.0,0.335,0.0773,-0.0513,3.05,2.315,1.01,-3.06,139.98,0.03,0.0,0.0,0.01,99695,1507,3,0.3,0.08,-0.05,0.01,49,52,-99,0,3.07,-0.04,0.0272,0.0598,20.67,22.38,13.58
700.637,flow_only,46.101,52.1377883,21.1610839,91.32,52.1377734,21.1611165,32,0.44,1.733,255,0.0,0.5025,0.0596,-0.0674,3.032,2.318,1.31,-3.5,139.99,0.03,0.0,0.0,0.02,99695,1507,3,0.3,0.08,-0.05,0.01,49,-101,-250,0,3.07,-0.05,0.0276,0.0592,20.71,21.34,14.04
700.736,flow_only,46.201,52.1377875,21.1610855,91.32,52.1377734,21.1611165,32,0.44,1.733,255,0.1675,0.8375,0.047,-0.0166,3.006,2.317,1.69,-3.61,139.93,0.03,0.0,0.02,0.02,99695,1507,3,0.3,0.08,-0.05,0.01,49,-110,-93,0,3.06,-0.05,0.0172,0.039,20.61,20.12,12.79
700.836,flow_only,46.301,52.1377865,21.1610871,91.32,52.1377734,21.1611165,32,0.44,1.733,255,0.1675,0.3349,0.0494,0.0407,3.03,2.316,1.99,-3.62,139.81,0.03,0.0,0.02,0.03,99695,1507,3,0.3,0.08,-0.05,0.01,49,-72,-152,0,3.07,-0.03,0.0052,0.017,21.08,22.16,14.24
700.936,flow_only,46.401,52.1377856,21.1610887,91.32,52.1377712,21.1611201,32,0.44,1.726,255,0.0,0.5023,-0.0698,0.0585,3.032,2.312,1.74,-3.35,139.79,0.03,0.0,0.03,0.01,99695,1507,3,0.3,0.08,-0.05,0.01,49,120,-225,0,3.05,-0.03,0.018,0.0373,19.65,20.94,12.75
701.036,flow_only,46.501,52.1377846,21.1610903,91.31,52.1377688,21.1611235,32,0.44,1.792,255,0.0,0.6698,-0.0163,0.0716,3.036,2.309,1.68,-2.85,139.74,0.03,0.0,0.01,0.03,99695,1507,3,0.3,0.08,-0.05,0.01,49,-161,415,0,3.06,-0.05,0.0153,0.0275,21.58,20.49,12.6
701.136,flow_only,46.6,52.1377836,21.1610918,91.31,52.1377688,21.1611235,32,0.44,1.792,255,0.0,0.5025,-0.028,0.0058,3.006,2.305,1.43,-2.68,139.8,0.03,0.0,0.01,0.01,99695,1507,3,0.3,0.08,-0.05,0.01,49,213,-54,0,3.05,-0.06,0.0216,0.0443,20.71,20.66,12.91
701.236,flow_only,46.701,52.1377827,21.1610932,91.31,52.1377664,21.1611268,32,0.44,1.713,255,0.0,0.5023,-0.0397,-0.021,2.986,2.304,1.28,-2.81,139.84,0.03,0.0,0.02,0.02,99695,1507,3,0.3,0.08,-0.05,0.01,49,23,0,0,3.06,-0.03,0.0098,0.0223,22.0,20.15,13.01
701.336,flow_only,46.801,52.1377816,21.1610945,91.31,52.1377664,21.1611268,32,0.44,1.713,255,-0.1675,0.335,-0.033,-0.0461,3.038,2.302,1.11,-2.95,139.88,0.03,0.0,0.01,0.01,99695,1507,3,0.3,0.08,-0.05,0.01,49,-126,-172,0,3.05,-0.02,0.0145,0.0223,20.93,20.45,12.87
701.436,flow_only,46.901,52.1377805,21.1610957,91.3,52.137764,21.16113,32,0.44,1.751,255,0.0,0.335,-0.0306,-0.0044,3.05,2.297,0.93,-3.12,139.9,0.03,0.0,0.02,0.03,99695,1507,3,0.3,0.08,-0.05,0.01,49,-117,-132,0,3.04,-0.05,0.0334,0.0543,20.49,21.65,12.04
701.536,flow_only,47.001,52.1377795,21.1610968,91.3,52.137764,21.16113,32,0.44,1.751,218,-0.1675,0.8375,-0.0622,-0.059,3.002,2.298,0.58,-3.29,139.9,0.03,0.0,0.03,0.03,99695,1507,3,0.3,0.08,-0.05,0.01,49,109,361,0,3.06,-0.06,0.005,0.0129,22.6,20.07,14.71
701.637,flow_only,47.101,52.1377783,21.1610981,91.3,52.1377615,21.1611333,32,0.44,1.878,255,0.0,0.5025,-0.092,-0.0295,3.03,2.298,0.27,-3.52,139.88,0.03,0.0,0.0,0.03,99695,1507,3,0.3,0.08,-0.05,0.01,49,80,-151,0,3.06,-0.04,0.0055,0.0122,21.76,21.12,14.27
701.736,flow_only,47.201,52.1377772,21.1610994,91.3,52.1377615,21.1611333,32,0.44,1.878,255,0.0,0.5025,-0.018,0.0657,3.007,2.298,-0.07,-3.37,139.91,0.03,0.0,0.0,0.0,99695,1507,3,0.3,0.08,-0.05,0.01,49,87,-228,0,3.06,-0.04,0.007,0.0117,20.42,21.22,12.63
701.836,flow_only,47.301,52.1377759,21.1611009,91.3,52.1377615,21.1611333,32,0.44,1.878,255,0.0,0.8375,-0.027,0.0351,3.01,2.297,-0.24,-3.12,139.94,0.03,0.0,0.0,0.04,99695,1507,3,0.3,0.08,-0.05,0.01,49,53,406,0,3.06,-0.05,0.0355,0.064,19.04,18.47,10.79
701.936,flow_only,47.401,52.1377748,21.1611024,91.3,52.1377588,21.1611366,32,0.44,1.88,255,0.0,0.335,-0.0096,-0.0003,3.008,2.297,-0.43,-3.03,139.96,0.03,0.0,0.0,0.03,99695,1507,3,0.3,0.08,-0.05,0.01,49,55,-238,0,3.06,-0.03,0.0158,0.0269,16.91,19.82,11.66
702.036,flow_only,47.501,52.1377736,21.1611041,91.3,52.1377562,21.1611398,32,0.44,1.791,255,0.0,0.5023,0.0612,0.1334,3.02,2.297,-0.03,-2.48,139.95,0.03,0.0,0.0,0.03,99695,1507,3,0.3,0.09,-0.05,0.01,49,-25,-268,0,3.06,-0.03,0.0169,0.0313,19.28,19.03,13.6
702.136,flow_only,47.601,52.1377724,21.1611056,91.3,52.1377562,21.1611398,32,0.44,1.791,255,0.0,1.1722,0.0288,0.0809,2.994,2.296,0.02,-1.93,140.04,0.03,0.0,0.01,0.03,99695,1507,3,0.3,0.09,-0.05,0.01,49,24,-140,0,3.06,-0.04,0.008,0.015,18.68,19.9,13.15
702.236,flow_only,47.701,52.1377714,21.1611071,91.3,52.1377537,21.161143,32,0.44,1.805,255,0.0,0.5025,-0.017,0.0152,3.006,2.295,0.05,-1.62,140.15,0.03,0.0,0.0,0.02,99695,1507,3,0.3,0.08,-0.05,0.01,49,-3,236,0,3.06,-0.03,0.0106,0.0211,20.8,19.83,13.94
702.336,flow_only,47.8,52.1377703,21.1611085,91.3,52.1377537,21.161143,32,0.44,1.805,255,0.0,0.5023,0.0206,-0.0648,3.002,2.296,0.07,-1.86,140.16,0.03,0.0,0.0,0.02,99695,1507,3,0.3,0.08,-0.05,0.01,49,17,-155,0,3.06,-0.02,0.0135,0.0263,21.5,20.35,13.57
702.436,flow_only,47.901,52.1377693,21.1611099,91.31,52.1377511,21.1611463,32,0.44,1.781,255,0.0,0.8375,-0.0065,-0.0388,2.996,2.3,0.18,-2.0,140.08,0.03,0.0,0.03,0.03,99695,1507,3,0.3,0.08,-0.05,0.01,49,-9,-168,0,3.08,-0.01,0.0172,0.0356,19.51,19.94,12.43
702.536,flow_only,48.001,52.1377682,21.1611114,91.31,52.1377511,21.1611463,32,0.44,1.781,255,-0.1675,0.335,0.0198,-0.03,2.992,2.305,0.14,-2.35,139.95,0.03,0.0,0.0,0.02,99695,1507,3,0.3,0.08,-0.05,0.01,49,37,-99,0,3.08,0.0,0.0099,0.0218,18.2,19.99,11.8
702.637,flow_only,48.101,52.1377671,21.1611128,91.31,52.1377487,21.1611494,32,0.44,1.735,255,0.0,0.5024,-0.0202,-0.0421,2.982,2.308,0.14,-2.48,139.88,0.03,0.0,0.0,0.02,99695,1507,3,0.3,0.08,-0.05,0.01,49,28,507,0,3.08,0.0,0.0487,0.0888,17.62,20.92,12.51
702.736,flow_only,48.201,52.1377658,21.1611145,91.32,52.1377487,21.1611494,32,0.44,1.735,255,0.0,0.5025,0.0203,0.0638,2.98,2.311,0.26,-2.35,139.84,0.03,0.0,0.01,0.03,99695,1507,3,0.3,0.08,-0.05,0.01,49,-22,270,0,3.08,0.01,0.0454,0.0852,19.3,19.87,11.81
702.836,flow_only,48.301,52.1377645,21.1611161,91.32,52.1377487,21.1611494,32,0.44,1.735,255,0.0,0.5024,0.0053,0.0927,2.964,2.315,0.11,-1.94,139.88,0.03,0.0,0.03,0.0,99695,1507,3,0.3,0.08,-0.05,0.01,49,44,-88,0,3.09,0.01,0.0252,0.052,20.26,20.39,12.56
702.936,flow_only,48.401,52.1377633,21.1611178,91.33,52.1377462,21.1611526,32,0.44,1.807,255,0.0,0.8371,-0.036,0.0919,2.984,2.323,0.14,-1.38,139.94,0.03,0.0,0.01,0.03,99695,1507,3,0.3,0.08,-0.05,0.01,49,160,396,0,3.1,0.03,0.0436,0.0822,20.06,21.05,12.96
703.036,flow_only,48.501,52.1377622,21.1611194,91.34,52.1377438,21.1611558,32,0.44,1.706,255,0.0,0.5025,0.0022,0.0213,2.986,2.332,-0.0,-1.08,140.08,0.03,0.0,0.01,0.04,99695,1507,3,0.3,0.08,-0.05,0.01,49,-105,-86,0,3.1,0.05,0.0135,0.0329,18.2,20.3,12.35
703.136,flow_only,48.601,52.1377611,21.161121,91.35,52.1377438,21.1611558,32,0.44,1.706,255,0.0,0.5024,0.0368,0.0163,2.972,2.341,0.11,-1.04,140.18,0.03,0.0,0.01,0.04,99695,1507,3,0.3,0.08,-0.05,0.01,49,8,3,0,3.11,0.04,0.0078,0.0226,18.55,18.43,13.6
703.236,flow_only,48.701,52.1377599,21.1611225,91.35,52.1377415,21.161159,32,0.44,1.651,255,0.0,0.8375,0.0195,-0.0359,2.98,2.348,0.18,-1.15,140.26,0.03,0.0,0.0,0.03,99695,1507,3,0.3,0.08,-0.05,0.01,49,11,0,0,3.11,0.04,0.0223,0.0461,19.6,18.99,13.79
703.336,flow_only,48.801,52.1377588,21.1611239,91.36,52.1377415,21.161159,32,0.44,1.651,255,0.0,0.3349,-0.0218,0.0219,2.994,2.35,0.37,-1.15,140.34,0.03,0.0,0.02,0.04,99695,1507,3,0.3,0.08,-0.05,0.01,49,-49,-155,0,3.1,0.03,0.0076,0.0089,20.02,18.78,13.22
703.436,flow_only,48.901,52.1377578,21.1611253,91.36,52.1377392,21.161162,32,0.44,1.61,255,0.1674,0.3349,0.0086,0.0048,2.99,2.354,0.24,-1.04,140.36,0.03,0.0,0.02,0.03,99695,1507,3,0.3,0.08,-0.05,0.01,49,213,344,0,3.11,0.03,0.026,0.046,20.7,19.81,14.25
703.536,flow_only,49.001,52.1377568,21.1611269,91.36,52.1377392,21.161162,32,0.44,1.61,255,0.0,0.6698,-0.0373,-0.0163,2.988,2.354,0.03,-1.23,140.45,0.03,0.0,0.02,0.04,99695,1507,3,0.3,0.08,-0.05,0.01,49,54,-105,0,3.1,0.02,0.0253,0.0442,23.18,19.65,14.0
703.637,flow_only,49.101,52.1377558,21.1611284,91.36,52.137737,21.161165,32,0.44,1.623,255,0.0,0.335,0.0286,-0.0404,2.994,2.351,0.12,-1.35,140.5,0.03,0.0,0.01,0.02,99695,1507,3,0.3,0.08,-0.05,0.01,49,-30,-131,0,3.09,0.02,0.0162,0.0296,19.93,18.75,12.86
703.736,flow_only,49.201,52.1377549,21.1611299,91.36,52.137737,21.161165,32,0.44,1.623,255,0.1675,0.335,0.0391,-0.0307,2.978,2.352,0.41,-1.54,140.52,0.03,0.0,0.04,0.02,99695,1507,3,0.3,0.08,-0.05,0.01,49,280,-96,0,3.11,0.03,0.0307,0.0534,21.72,19.3,13.63
703.836,flow_only,49.301,52.1377541,21.1611314,91.36,52.137737,21.161165,32,0.44,1.623,255,0.0,0.6698,0.0324,-0.0423,2.982,2.354,0.48,-1.79,140.53,0.03,0.0,0.01,0.03,99695,1507,3,0.3,0.08,-0.05,0.01,49,145,-82,0,3.1,0.03,0.0314,0.0578,22.09,18.92,13.53
703.936,flow_only,49.401,52.1377532,21.1611329,91.36,52.1377349,21.1611679,32,0.44,1.509,255,0.1675,0.3349,0.0628,-0.0496,2.956,2.353,0.76,-2.16,140.47,0.03,0.0,0.02,0.02,99695,1507,3,0.3,0.09,-0.05,0.01,49,-217,-60,0,3.09,0.02,0.0038,0.0135,19.67,20.12,13.21
704.036,flow_only,49.501,52.1377523,21.1611341,91.35,52.1377328,21.1611706,32,0.44,1.597,255,0.0,0.335,0.0182,-0.0633,2.962,2.348,1.0,-2.5,140.34,0.03,0.0,0.02,0.02,99695,1507,3,0.3,0.09,-0.05,0.01,49,-62,-233,0,3.08,0.01,0.0225,0.0428,21.99,19.51,15.04
704.136,flow_only,49.601,52.1377514,21.1611352,91.35,52.1377328,21.1611706,32,0.44,1.597,255,-0.1674,0.6698,-0.0473,-0.0202,2.96,2.343,1.03,-2.59,140.19,0.03,0.0,0.0,0.03,99695,1507,3,0.3,0.09,-0.05,0.01,49,-18,92,0,3.08,0.04,0.0151,0.0298,20.5,18.71,13.91
704.236,flow_only,49.701,52.1377505,21.1611363,91.35,52.1377306,21.1611733,32,0.44,1.543,255,0.0,0.335,-0.0203,-0.0612,2.966,2.341,0.76,-2.96,140.08,0.03,0.0,0.01,0.01,99695,1507,3,0.3,0.09,-0.05,0.01,49,86,-45,0,3.08,0.03,0.0187,0.038,19.11,18.57,14.6
704.336,flow_only,49.801,52.1377496,21.1611374,91.35,52.1377306,21.1611733,32,0.44,1.543,255,-0.1675,0.1675,-0.036,-0.098,2.95,2.344,0.55,-3.37,140.01,0.03,0.0,0.02,0.03,99695,1507,3,0.3,0.09,-0.05,0.01,49,-132,-46,0,3.09,0.04,0.0214,0.0406,19.4,19.42,14.15
704.436,flow_only,49.901,52.1377486,21.1611386,91.36,52.1377283,21.1611759,32,0.44,1.574,255,0.0,0.335,-0.0015,0.0053,2.964,2.35,0.55,-3.57,140.05,0.03,0.0,0.02,0.0,99695,1507,3,0.3,0.09,-0.05,0.01,49,31,-57,0,3.1,0.04,0.0119,0.0256,18.42,18.74,12.89
704.536,flow_only,50.001,52.1377476,21.1611397,91.36,52.1377283,21.1611759,32,0.44,1.574,255,0.0,0.5024,-0.021,0.0849,2.955,2.357,0.31,-3.42,140.1,0.03,0.0,0.0,0.03,99695,1507,3,0.3,0.09,-0.05,0.01,49,-63,216,0,3.1,0.05,0.0163,0.0331,19.48,19.12,14.22
704.636,flow_only,50.101,52.1377465,21.161141,91.36,52.1377261,21.1611784,32,0.44,1.461,255,-0.3349,1.0047,-0.0707,0.1646,2.962,2.359,0.09,-2.56,140.12,0.03,0.0,0.02,0.0,99695,1507,3,0.3,0.08,-0.05,0.01,49,56,222,0,3.09,0.05,0.022,0.0414,19.16,18.0,15.02
704.736,flow_only,50.201,52.1377454,21.1611422,91.37,52.1377261,21.1611784,32,0.44,1.461,255,0.0,0.5025,-0.0199,0.2081,2.958,2.362,-0.14,-1.52,140.21,0.03,0.0,0.01,0.02,99695,1507,3,0.3,0.08,-0.05,0.01,49,-266,-146,0,3.1,0.05,0.0294,0.051,17.82,18.56,14.19
704.836,flow_only,50.301,52.1377443,21.1611433,91.37,52.1377261,21.1611784,32,0.44,1.461,255,0.0,0.5025,-0.0213,0.2268,2.956,2.366,-0.36,-0.25,140.3,0.03,0.0,0.0,0.05,99695,1507,3,0.3,0.08,-0.05,0.01,49,94,-353,0,3.1,0.05,0.025,0.0447,21.17,17.37,14.28
704.936,flow_only,50.401,52.1377434,21.1611443,91.37,52.1377239,21.1611809,32,0.44,1.577,255,-0.1674,0.8372,-0.0747,0.1125,2.962,2.366,-0.61,0.63,140.33,0.03,0.0,0.04,0.04,99695,1507,3,0.3,0.09,-0.05,0.01,49,-125,19,0,3.08,0.04,0.022,0.0415,20.91,16.99,14.57
705.036,flow_only,50.501,52.1377426,21.1611451,91.37,52.1377217,21.1611835,32,0.44,1.462,236,0.0,0.5025,0.0122,0.0744,2.962,2.366,-0.73,1.22,140.29,0.03,0.0,0.01,0.04,99695,1507,3,0.3,0.08,-0.05,0.01,49,-73,-40,0,3.09,0.05,0.0352,0.0626,20.11,18.77,14.08
705.136,flow_only,50.601,52.1377417,21.161146,91.37,52.1377217,21.1611835,32,0.44,1.462,218,-0.1675,0.5024,-0.0071,0.0704,2.962,2.366,-0.75,1.42,140.23,0.03,0.0,0.01,0.05,99695,1507,3,0.3,0.08,-0.05,0.01,49,22,-108,0,3.09,0.04,0.0133,0.0263,19.5,19.02,13.29
705.236,flow_only,50.701,52.1377409,21.1611469,91.37,52.1377196,21.161186,32,0.44,1.329,218,-0.1675,0.3349,-0.043,0.065,2.992,2.368,-0.93,1.9,140.11,0.03,0.0,0.02,0.04,99695,1507,3,0.3,0.09,-0.05,0.01,49,-130,-155,0,3.1,0.05,0.0287,0.052,21.19,18.18,15.5
705.336,flow_only,50.801,52.1377402,21.1611477,91.38,52.1377196,21.161186,32,0.44,1.329,255,0.1675,0.5024,0.0356,0.1714,2.96,2.372,-0.76,2.61,139.99,0.03,0.0,0.0,0.03,99695,1507,3,0.3,0.09,-0.05,0.01,49,-156,379,0,3.1,0.04,0.0252,0.0489,19.09,19.13,13.45
705.436,flow_only,50.901,52.1377394,21.1611484,91.38,52.1377178,21.1611882,32,0.44,1.236,200,0.0,0.6698,-0.0531,0.1325,2.954,2.374,-0.93,3.4,140.05,0.03,0.0,0.01,0.05,99695,1507,3,0.3,0.08,-0.05,0.01,49,59,-149,0,3.09,0.04,0.0169,0.0304,17.96,19.79,12.77
705.536,flow_only,51.001,52.1377388,21.1611492,91.38,52.1377178,21.1611882,32,0.44,1.236,255,0.335,0.8375,-0.0518,0.1324,2.968,2.374,-1.11,4.23,140.11,0.03,0.0,0.01,0.05,99695,1507,3,0.3,0.08,-0.05,0.01,49,29,-137,0,3.09,0.05,0.006,0.0156,17.56,19.12,12.2
705.636,flow_only,51.101,52.1377383,21.1611502,91.38,52.1377162,21.16119,32,0.44,0.908,255,-0.1674,0.1674,0.0091,0.0678,2.964,2.376,-1.25,4.79,140.22,0.03,0.0,0.0,0.06,99695,1507,3,0.3,0.08,-0.05,0.01,49,26,-61,0,3.1,0.08,0.0342,0.0544,18.61,18.28,11.54
705.736,flow_only,51.201,52.1377378,21.1611511,91.38,52.1377162,21.16119,32,0.44,0.908,255,0.0,0.0,0.1331,0.0265,2.97,2.375,-0.88,4.85,140.2,0.03,0.0,0.04,0.06,99695,1507,3,0.3,0.08,-0.05,0.01,49,-242,254,0,3.09,0.05,0.0366,0.0689,18.49,19.1,11.98
705.836,flow_only,51.301,52.1377373,21.1611518,91.38,52.1377162,21.16119,32,0.44,0.908,255,0.1675,0.1675,0.0821,0.0232,2.968,2.372,-0.15,5.06,140.15,0.03,0.0,0.04,0.05,99695,1507,3,0.3,0.08,-0.05,0.01,49,-153,-100,0,3.07,0.04,0.0172,0.0361,17.58,18.71,13.5
705.936,flow_only,51.401,52.1377369,21.1611523,91.37,52.137715,21.1611916,32,0.44,0.814,255,0.0,0.1675,0.0579,0.0025,2.982,2.364,0.23,5.12,140.14,0.03,0.0,0.03,0.05,99695,1507,3,0.3,0.07,-0.05,0.01,49,-67,-33,0,3.06,0.02,0.0166,0.036,16.59,18.26,11.65
706.036,flow_only,51.501,52.1377365,21.1611526,91.36,52.1377141,21.1611929,32,0.44,0.571,255,0.0,0.0,-0.0762,-0.1048,2.978,2.357,0.07,4.73,140.15,0.03,0.0,0.01,0.04,99695,1507,3,0.3,0.07,-0.05,0.01,49,-28,199,0,3.05,0.01,0.0227,0.0475,15.5,16.1,12.17
706.136,flow_only,51.601,52.1377362,21.1611529,91.35,52.1377141,21.1611929,32,0.44,0.571,255,-0.1675,0.0,-0.0466,-0.1889,2.972,2.349,-0.27,3.81,140.15,0.03,0.0,0.03,0.05,99695,1507,3,0.3,0.07,-0.05,0.01,49,-98,172,0,3.05,0.0,0.024,0.0521,14.17,14.94,10.97
706.236,flow_only,51.701,52.1377359,21.1611531,91.35,52.1377135,21.1611937,32,0.44,0.291,255,0.0,0.0,0.0078,-0.0887,2.972,2.343,-0.23,3.03,140.13,0.03,0.0,0.01,0.04,99695,1507,3,0.3,0.07,-0.05,0.01,49,4,-93,0,3.04,0.0,0.0192,0.0408,16.93,14.91,9.2
706.336,flow_only,51.801,52.1377356,21.1611531,91.34,52.1377135,21.1611937,32,0.44,0.291,255,0.0,0.0,-0.0708,-0.1287,2.974,2.337,-0.52,2.39,140.13,0.03,0.0,0.02,0.03,99695,1507,3,0.3,0.07,-0.05,0.01,49,31,30,0,3.03,0.0,0.0223,0.0461,15.8,14.5,9.23
706.436,flow_only,51.901,52.1377355,21.1611531,91.33,52.1377132,21.1611941,32,0.44,0.182,255,0.0,0.0,-0.0024,-0.0452,2.978,2.323,-0.61,1.97,140.15,0.03,0.0,0.08,0.04,99695,1507,3,0.3,0.08,-0.05,0.01,49,25,38,0,3.01,-0.04,0.0156,0.0481,14.03,12.89,7.87
706.536,flow_only,52.001,52.1377353,21.1611532,91.31,52.1377132,21.1611941,32,0.44,0.182,255,0.0,-0.1674,-0.0942,-0.1473,2.976,2.301,-0.99,1.33,140.15,0.03,0.0,0.1,0.06,99695,1507,3,0.3,0.08,-0.05,0.01,49,52,79,0,2.97,-0.08,0.0181,0.0631,22.07,15.85,7.97
706.636,flow_only,52.101,52.1377353,21.1611533,91.28,52.1377131,21.1611944,32,0.44,0.078,255,0.0,-0.1675,-0.0103,-0.1258,2.982,2.276,-1.24,0.62,140.13,0.03,0.0,0.07,0.03,99695,1507,3,0.3,0.09,-0.05,0.01,49,-304,117,0,2.94,-0.08,0.0265,0.0754,17.06,19.09,10.31
706.736,flow_only,52.201,52.1377352,21.1611533,91.26,52.1377131,21.1611944,32,0.44,0.078,255,0.1674,0.0,0.0977,-0.0434,2.974,2.251,-0.95,0.06,140.05,0.03,0.0,0.04,0.06,99695,1507,3,0.3,0.09,-0.05,0.01,49,106,-48,0,2.93,-0.12,0.0097,0.0497,16.42,19.79,12.78
706.836,flow_only,52.301,52.1377352,21.1611533,91.23,52.1377131,21.1611944,32,0.44,0.078,255,0.0,0.0,-0.0502,-0.0611,2.964,2.23,-0.81,-0.12,140.05,0.03,0.0,0.06,0.04,99695,1507,3,0.3,0.09,-0.05,0.01,49,-29,60,0,2.91,-0.14,0.0109,0.0512,16.68,24.32,13.35
706.936,flow_only,52.401,52.1377353,21.1611533,91.22,52.137713,21.1611945,32,0.44,0.049,255,0.0,-0.1675,0.0188,-0.0937,2.96,2.211,-0.93,-0.55,140.11,0.03,0.0,0.02,0.03,99695,1507,3,0.3,0.11,-0.05,0.01,49,38,-71,0,2.91,-0.13,0.0138,0.0448,17.52,21.97,10.8
707.036,flow_only,52.501,52.1377355,21.1611533,91.2,52.1377131,21.1611947,32,0.44,0.105,255,0.1675,0.0,0.1033,-0.0508,2.982,2.192,-0.53,-1.06,140.05,0.03,0.0,0.08,0.12,99695,1507,3,0.3,0.11,-0.05,0.01,49,-60,137,0,2.88,-0.16,0.0101,0.0505,16.9,22.74,11.76
707.136,flow_only,52.601,52.1377355,21.1611532,91.18,52.1377131,21.1611947,32,0.44,0.105,255,0.0,0.0,0.004,-0.0277,2.986,2.171,-0.28,-1.27,140.04,0.03,0.0,0.04,0.17,99695,1507,3,0.3,0.11,-0.05,0.01,49,-124,67,0,2.88,-0.19,0.0187,0.0532,16.52,16.94,14.13
707.236,flow_only,52.701,52.1377356,21.161153,91.16,52.1377132,21.161195,32,0.44,0.151,255,0.1674,0.1674,0.005,0.0235,3.002,2.154,-0.09,-1.16,140.05,0.03,0.0,0.03,0.18,99695,1507,3,0.3,0.11,-0.05,0.01,49,-51,-137,0,2.87,-0.2,0.0214,0.0491,14.2,18.05,12.3
707.336,flow_only,52.801,52.1377357,21.1611528,91.14,52.1377132,21.161195,32,0.44,0.151,255,0.0,0.0,-0.017,-0.0312,3.01,2.138,-0.21,-1.19,140.03,0.03,0.0,0.06,0.2,99695,1507,3,0.3,0.11,-0.05,0.01,49,-2,34,0,2.86,-0.22,0.0156,0.0446,14.45,21.19,14.21
707.436,flow_only,52.901,52.1377357,21.1611527,91.13,52.1377134,21.1611953,32,0.44,0.141,255,0.0,0.0,0.0532,-0.0199,3.024,2.121,-0.12,-1.53,139.96,0.03,0.0,0.05,0.18,99695,1507,3,0.3,0.12,-0.05,0.01,49,-188,109,0,2.85,-0.24,0.0227,0.0598,16.88,17.14,12.51
707.536,flow_only,53.001,52.1377358,21.1611526,91.1,52.1377134,21.1611953,32,0.44,0.141,255,0.0,0.0,-0.0693,0.03,3.032,2.1,-0.19,-1.43,139.96,0.03,0.0,0.08,0.12,99695,1507,3,0.3,0.12,-0.05,0.01,49,126,-169,0,2.83,-0.28,0.0195,0.046,16.87,21.6,11.77
707.636,flow_only,53.101,52.1377359,21.1611527,91.09,52.1377135,21.1611956,32,0.44,0.171,255,0.0,0.0,-0.0121,-0.0222,3.036,2.081,-0.52,-1.42,139.87,0.03,0.0,0.02,0.02,99695,1507,3,0.3,0.1,-0.05,0.01,49,29,29,0,2.83,-0.28,0.0188,0.0377,16.88,19.33,11.85
707.736,flow_only,53.201,52.137736,21.1611528,91.07,52.1377135,21.1611956,32,0.44,0.171,255,0.1675,0.1675,0.0459,-0.0012,3.058,2.061,-0.28,-1.39,139.72,0.03,0.0,0.07,0.03,99695,1507,3,0.3,0.1,-0.05,0.01,49,-105,7,0,2.81,-0.31,0.0063,0.0293,19.71,16.92,13.03
707.837,flow_only,53.301,52.1377361,21.1611528,91.05,52.1377135,21.1611956,32,0.44,0.171,255,0.335,0.0,0.0607,0.0523,3.064,2.042,-0.05,-1.36,139.61,0.03,0.0,0.03,0.03,99695,1507,3,0.3,0.1,-0.05,0.01,49,-64,16,0,2.81,-0.32,0.01,0.0287,17.45,14.19,10.84
707.936,flow_only,53.401,52.1377362,21.1611529,91.03,52.1377136,21.1611958,32,0.44,0.073,255,0.0,0.0,-0.0375,0.0513,3.08,2.027,-0.02,-1.02,139.58,0.03,0.0,0.01,0.01,99695,1507,3,0.3,0.09,-0.05,0.01,49,406,-49,0,2.81,-0.34,0.0259,0.0458,13.6,14.95,10.74
708.036,flow_only,53.501,52.1377363,21.1611531,91.01,52.1377137,21.161196,32,0.44,0.17,255,0.0,0.0,0.0408,-0.0466,3.092,2.009,-0.13,-1.12,139.51,0.03,0.0,0.06,0.01,99695,1507,3,0.3,0.09,-0.05,0.01,49,6,-17,0,2.8,-0.36,0.019,0.0396,13.31,18.16,11.05
708.136,flow_only,53.601,52.1377364,21.1611532,91.0,52.1377137,21.161196,32,0.44,0.17,255,0.3349,0.0,0.0757,0.0509,3.114,1.991,0.43,-0.97,139.42,0.03,0.0,0.04,0.04,99695,1507,3,0.3,0.09,-0.05,0.01,49,-128,27,0,2.79,-0.38,0.0031,0.0131,15.93,21.46,11.9
708.236,flow_only,53.701,52.1377367,21.1611536,90.98,52.1377139,21.1611963,32,0.44,0.119,255,0.0,0.0,-0.0111,-0.0333,3.124,1.971,0.38,-0.93,139.43,0.03,0.0,0.06,0.03,99695,1507,3,0.3,0.1,-0.05,0.01,49,102,-18,0,2.78,-0.41,0.0409,0.0786,14.42,23.93,14.74
708.336,flow_only,53.801,52.1377369,21.1611539,90.95,52.1377139,21.1611963,32,0.44,0.119,255,0.0,0.0,0.1449,-0.0358,3.118,1.948,0.79,-1.25,139.34,0.03,0.0,0.06,0.02,99695,1507,3,0.3,0.1,-0.05,0.01,49,-70,84,0,2.77,-0.44,0.0204,0.0437,12.67,21.51,11.98
708.436,flow_only,53.901,52.1377371,21.1611543,90.93,52.137714,21.1611965,32,0.44,0.123,255,0.1675,0.0,0.0397,0.0507,3.126,1.925,1.45,-1.02,139.3,0.03,0.0,0.03,0.02,99695,1507,3,0.3,0.1,-0.05,0.01,49,457,-38,0,2.76,-0.45,0.0474,0.0868,15.38,23.86,15.13
708.536,flow_only,54.001,52.1377373,21.1611547,90.91,52.137714,21.1611965,32,0.44,0.123,255,0.0,0.0,0.0184,-0.0088,3.12,1.906,1.47,-0.88,139.33,0.03,0.0,0.01,0.01,99695,1507,3,0.3,0.1,-0.05,0.01,49,-51,-34,0,2.76,-0.45,0.0317,0.0636,17.05,23.73,13.68
708.636,flow_only,54.101,52.1377375,21.161155,90.89,52.1377141,21.1611968,32,0.44,0.103,255,0.1675,0.0,0.0912,0.0125,3.13,1.888,1.95,-0.9,139.26,0.03,0.0,0.02,0.02,99695,1507,3,0.3,0.1,-0.05,0.01,49,39,21,0,2.76,-0.45,0.0189,0.0407,15.23,23.08,14.04
708.736,flow_only,54.201,52.1377376,21.1611552,90.88,52.1377141,21.1611968,32,0.44,0.103,255,0.0,0.0,0.053,0.0105,3.14,1.871,2.22,-0.92,139.29,0.03,0.0,0.03,0.01,99695,1507,3,0.3,0.1,-0.05,0.01,49,-62,21,0,2.76,-0.46,0.0084,0.0223,13.43,20.52,14.54
708.836,flow_only,54.301,52.1377377,21.1611553,90.86,52.1377141,21.1611968,32,0.44,0.103,255,0.1675,0.0,-0.0258,0.0232,3.156,1.86,2.42,-0.71,139.35,0.03,0.0,0.02,0.02,99695,1507,3,0.3,0.1,-0.05,0.01,49,-66,-41,0,2.77,-0.45,0.0101,0.0251,13.86,18.66,12.02
708.936,flow_only,54.401,52.1377377,21.1611553,90.85,52.137714,21.161197,32,0.44,0.041,255,0.0,0.0,-0.08,-0.0722,3.152,1.848,2.03,-0.86,139.44,0.03,0.0,0.03,0.0,99695,1507,3,0.3,0.09,-0.05,0.01,49,79,21,0,2.76,-0.47,0.0094,0.0232,13.08,21.92,13.23
709.037,flow_only,54.501,52.1377376,21.1611554,90.85,52.1377139,21.1611968,32,0.44,0.115,255,0.0,0.0,-0.0385,0.014,3.156,1.842,1.8,-1.09,139.45,0.03,0.0,0.02,0.02,99695,1507,3,0.3,0.1,-0.05,0.01,49,73,96,0,2.78,-0.46,0.0144,0.0393,16.63,23.01,12.38
709.136,flow_only,54.601,52.1377376,21.1611554,90.84,52.1377139,21.1611968,32,0.44,0.115,255,0.0,0.0,-0.041,0.0356,3.158,1.837,1.44,-1.0,139.47,0.03,0.0,0.01,0.01,99695,1507,3,0.3,0.1,-0.05,0.01,49,84,-5,0,2.79,-0.45,0.0154,0.0455,20.59,18.17,13.37
709.236,flow_only,54.701,52.1377375,21.1611554,90.84,52.1377138,21.1611965,32,0.44,0.151,255,0.0,0.1675,-0.047,0.0432,3.168,1.833,1.34,-0.65,139.51,0.03,0.0,0.0,0.02,99695,1507,3,0.3,0.09,-0.05,0.01,49,-151,-60,0,2.79,-0.45,0.0117,0.0385,18.47,21.48,12.16
709.336,flow_only,54.801,52.1377374,21.1611553,90.83,52.1377138,21.1611965,32,0.44,0.151,255,0.0,0.1675,-0.0562,0.0394,3.172,1.826,1.07,-0.4,139.56,0.03,0.0,0.01,0.01,99695,1507,3,0.3,0.09,-0.05,0.01,49,90,-43,0,2.8,-0.45,0.0068,0.0319,17.03,24.28,12.07
709.436,flow_only,54.901,52.1377373,21.1611552,90.82,52.1377137,21.161196,32,0.44,0.151,255,0.0,0.0,-0.0716,-0.0029,3.178,1.814,0.57,-0.29,139.63,0.03,0.0,0.02,0.01,99695,1507,3,0.3,0.11,-0.05,0.01,49,-356,-29,0,2.79,-0.46,0.0217,0.0413,15.18,18.37,12.37
709.536,flow_only,55.001,52.1377373,21.1611549,90.81,52.1377137,21.161196,32,0.44,0.151,255,-0.1675,0.0,-0.0262,-0.0221,3.194,1.802,0.38,-0.48,139.58,0.03,0.0,0.0,0.01,99695,1507,3,0.3,0.11,-0.05,0.01,49,-78,-111,0,2.79,-0.47,0.0195,0.0386,15.92,24.9,11.97
709.636,flow_only,55.101,52.1377372,21.1611546,90.79,52.1377135,21.1611955,32,0.44,0.23,255,0.0,-0.1675,-0.0659,-0.0664,3.192,1.789,0.01,-0.7,139.53,0.03,0.0,0.02,0.03,99695,1507,3,0.3,0.09,-0.05,0.01,49,-215,49,0,2.78,-0.49,0.0333,0.0607,18.7,24.94,14.9
709.736,flow_only,55.201,52.137737,21.1611542,90.78,52.1377135,21.1611955,32,0.44,0.23,255,0.0,0.0,-0.0723,-0.0232,3.19,1.776,-0.18,-0.87,139.49,0.03,0.0,0.0,0.02,99695,1507,3,0.3,0.09,-0.05,0.01,49,-97,49,0,2.78,-0.5,0.0236,0.0478,18.25,18.37,13.85
709.836,flow_only,55.301,52.1377369,21.1611538,90.76,52.1377135,21.1611955,32,0.44,0.23,255,0.0,0.0,-0.057,0.0004,3.188,1.756,-0.63,-0.93,139.52,0.03,0.0,0.06,0.03,99695,1507,3,0.3,0.09,-0.05,0.01,49,-349,32,0,2.75,-0.52,0.0359,0.0659,18.08,20.64,13.11
709.936,flow_only,55.401,52.1377367,21.1611534,90.74,52.1377133,21.1611949,32,0.44,0.232,255,-0.3349,0.0,-0.0821,0.0004,3.174,1.736,-1.11,-0.95,139.62,0.03,0.0,0.0,0.02,99695,1507,3,0.3,0.09,-0.05,0.01,49,176,-143,0,2.75,-0.52,0.0172,0.0329,18.94,16.73,11.05
710.037,flow_only,55.501,52.1377366,21.161153,90.72,52.1377133,21.1611943,32,0.44,0.166,255,0.0,0.0,-0.0559,-0.0279,3.185,1.719,-1.4,-1.02,139.69,0.03,0.0,0.0,0.03,99695,1507,3,0.3,0.08,-0.05,0.01,49,-200,16,0,2.75,-0.51,0.0247,0.0486,20.09,15.52,10.17
710.136,flow_only,55.601,52.1377365,21.1611526,90.71,52.1377133,21.1611943,32,0.44,0.166,255,-0.1674,0.0,-0.0407,0.0358,3.186,1.705,-1.69,-0.95,139.81,0.03,0.0,0.0,0.04,99695,1507,3,0.3,0.08,-0.05,0.01,49,-38,36,0,2.76,-0.51,0.0224,0.0479,19.45,14.69,10.22
710.236,flow_only,55.701,52.1377364,21.1611522,90.7,52.1377133,21.1611938,32,0.44,0.164,255,-0.1675,0.0,-0.0192,0.0832,3.194,1.692,-1.83,-0.65,139.93,0.03,0.0,0.0,0.04,99695,1507,3,0.3,0.09,-0.05,0.01,49,-246,-19,0,2.75,-0.51,0.0261,0.0539,19.58,13.99,10.21
710.336,flow_only,55.801,52.1377363,21.1611519,90.69,52.1377133,21.1611938,32,0.44,0.164,255,0.0,0.0,-0.0196,0.0843,3.188,1.685,-1.96,-0.06,140.08,0.03,0.0,0.03,0.06,99695,1507,3,0.3,0.09,-0.05,0.01,49,63,-87,0,2.76,-0.51,0.0155,0.043,17.28,19.06,11.54
710.436,flow_only,55.901,52.1377363,21.1611517,90.68,52.1377133,21.1611935,32,0.44,0.094,255,0.0,0.0,0.0258,0.156,3.196,1.679,-1.81,0.7,140.21,0.03,0.0,0.01,0.05,99695,1507,3,0.3,0.1,-0.05,0.01,49,-149,-86,0,2.76,-0.51,0.0159,0.0451,19.04,18.16,13.1
710.536,flow_only,56.001,52.1377364,21.1611514,90.68,52.1377133,21.1611935,32,0.44,0.094,255,0.0,0.1674,0.0613,0.1406,3.186,1.671,-1.71,1.46,139.99,0.03,0.0,0.0,0.06,99695,1507,3,0.3,0.1,-0.05,0.01,49,36,-86,0,2.75,-0.51,0.0128,0.0357,19.57,18.66,13.6
710.636,flow_only,56.101,52.1377365,21.1611511,90.67,52.1377136,21.1611932,32,0.44,0.229,255,0.0,0.0,-0.0092,0.1064,3.184,1.663,-1.67,2.12,138.53,0.03,0.0,0.01,0.04,99695,1507,3,0.3,0.09,-0.05,0.01,49,-25,98,0,2.76,-0.51,0.0108,0.0354,17.81,21.56,14.06
710.736,flow_only,56.201,52.1377367,21.1611508,90.66,52.1377136,21.1611932,32,0.44,0.229,255,0.0,0.0,0.0019,0.0949,3.186,1.655,-1.64,2.67,135.29,0.03,0.0,0.0,0.03,99695,1507,3,0.3,0.09,-0.05,0.01,49,-59,117,0,2.75,-0.5,0.0096,0.0321,15.54,17.12,10.39
710.836,flow_only,56.301,52.1377368,21.1611505,90.65,52.1377136,21.1611932,32,0.44,0.229,255,0.1675,0.0,0.0008,0.1126,3.198,1.645,-1.91,3.16,130.62,0.03,0.0,0.0,0.03,99695,1507,3,0.3,0.09,-0.05,0.01,49,-24,-27,0,2.75,-0.51,0.0097,0.0281,14.68,13.81,7.64
710.936,flow_only,56.401,52.1377371,21.1611503,90.64,52.137714,21.1611929,32,0.44,0.255,255,0.0,-0.67,-0.0121,0.1191,3.208,1.636,-2.23,3.52,124.94,0.03,0.0,0.01,0.07,99695,1507,3,0.3,0.07,-0.05,0.01,49,-79,17,0,2.76,-0.51,0.0126,0.0332,13.32,13.3,6.51
711.037,flow_only,56.501,52.1377373,21.16115,90.63,52.1377144,21.1611923,32,0.44,0.324,255,-0.1675,0.3349,0.0125,0.1621,3.2,1.627,-2.7,3.97,118.53,0.03,0.0,0.0,0.06,99695,1507,3,0.3,0.07,-0.05,0.01,49,-67,-1339,0,2.76,-0.51,0.011,0.0322,10.68,11.52,8.02
711.136,flow_only,56.601,52.1377375,21.1611496,90.62,52.1377144,21.1611923,32,0.44,0.324,255,0.0,0.0,-0.082,0.1608,3.192,1.62,-3.47,4.55,111.67,0.03,0.0,0.02,0.01,99695,1507,3,0.3,0.07,-0.05,0.01,49,-113,122,0,2.77,-0.5,0.0221,0.0532,10.26,11.99,8.94
711.236,flow_only,56.701,52.1377376,21.161149,90.62,52.1377151,21.1611917,32,0.44,0.558,255,-1.0048,1.0048,-0.1199,0.1337,3.19,1.617,-4.45,4.92,104.46,0.03,0.0,0.02,0.02,99695,1507,3,0.3,0.08,-0.05,0.01,49,-78,-22,0,2.78,-0.48,0.0409,0.091,12.06,10.82,7.73
711.336,flow_only,56.801,52.1377378,21.1611483,90.62,52.1377151,21.1611917,32,0.44,0.558,255,0.0,0.335,-0.161,0.0585,3.2,1.615,-5.98,4.79,97.13,0.03,0.0,0.02,0.02,99695,1507,3,0.3,0.08,-0.05,0.01,49,-181,54,0,2.79,-0.46,0.0392,0.0929,12.14,15.13,10.13
711.436,flow_only,56.901,52.1377381,21.1611478,90.62,52.1377161,21.1611907,32,0.44,0.757,255,0.0,0.0,-0.1052,0.0255,3.202,1.617,-7.19,4.0,89.78,0.03,0.0,0.02,0.03,99695,1507,3,0.3,0.08,-0.05,0.01,49,-918,-1189,0,2.8,-0.45,0.0397,0.0898,11.17,14.25,10.21
711.536,flow_only,57.001,52.1377384,21.1611472,90.62,52.1377161,21.1611907,32,0.44,0.757,255,0.1675,0.0,-0.033,-0.0158,3.188,1.617,-7.96,3.02,82.46,0.03,0.0,0.0,0.03,99695,1507,3,0.3,0.08,-0.05,0.01,49,-195,141,0,2.8,-0.45,0.0489,0.0992,13.16,14.39,9.69
711.636,flow_only,57.101,52.1377389,21.1611466,90.62,52.1377175,21.1611895,32,0.44,0.991,236,0.67,0.0,0.0088,-0.0023,3.192,1.616,-8.2,1.99,75.27,0.03,0.0,0.0,0.04,99695,1507,3,0.3,0.08,-0.05,0.01,49,-16,130,0,2.8,-0.44,0.0379,0.071,13.02,16.4,10.71
711.736,flow_only,57.201,52.1377396,21.1611459,90.62,52.1377175,21.1611895,32,0.44,0.991,236,0.5025,0.0,0.1297,0.0641,3.19,1.612,-7.88,1.05,68.18,0.03,0.0,0.01,0.06,99695,1507,3,0.3,0.08,-0.05,0.01,49,-328,-55,0,2.8,-0.44,0.0326,0.0629,13.1,16.09,9.84
711.836,flow_only,57.301,52.1377404,21.1611451,90.61,52.1377175,21.1611895,32,0.44,0.991,218,0.5026,0.0,0.094,0.0757,3.186,1.608,-7.37,0.56,61.28,0.03,0.0,0.0,0.06,99695,1507,3,0.3,0.08,-0.05,0.01,49,296,-15,0,2.79,-0.44,0.0183,0.0248,14.66,18.0,9.28
711.936,flow_only,57.401,52.1377413,21.1611442,90.61,52.1377193,21.1611879,32,0.45,1.289,163,1.0046,0.1674,0.1332,0.0644,3.196,1.604,-6.54,0.16,54.57,0.03,0.0,0.02,0.07,99695,1507,3,0.3,0.09,-0.05,0.01,49,-174,-64,0,2.8,-0.45,0.0277,0.0666,13.37,14.28,11.71
712.037,flow_only,57.501,52.1377421,21.1611431,90.61,52.1377216,21.161186,32,0.44,1.589,255,0.67,0.1675,0.149,0.0266,3.196,1.602,-5.69,-0.27,48.14,0.03,0.0,0.01,0.07,99695,1507,3,0.3,0.1,-0.05,0.01,49,-1,78,0,2.8,-0.45,0.0385,0.0849,12.81,13.27,9.36
712.136,flow_only,57.601,52.1377431,21.161142,90.6,52.1377216,21.161186,32,0.44,1.589,255,0.5023,0.3349,0.1268,-0.0087,3.162,1.599,-4.85,-0.97,41.8,0.03,0.0,0.02,0.07,99695,1507,3,0.3,0.1,-0.05,0.01,49,476,432,0,2.8,-0.46,0.0342,0.0478,11.13,11.64,8.67
712.236,flow_only,57.701,52.1377442,21.161141,90.6,52.1377244,21.1611837,32,0.45,1.789,255,0.335,0.1675,0.0693,0.0885,3.16,1.595,-4.11,-1.16,35.6,0.03,0.0,0.0,0.07,99695,1507,3,0.3,0.1,-0.05,0.01,49,-32,-1,0,2.8,-0.45,0.0284,0.0387,12.55,13.18,12.37
712.336,flow_only,57.801,52.1377455,21.1611399,90.59,52.1377244,21.1611837,32,0.45,1.789,255,0.6702,0.3351,0.1536,0.1774,3.162,1.584,-3.26,-0.66,29.47,0.03,0.0,0.02,0.07,99695,1507,3,0.3,0.1,-0.05,0.01,49,-346,-174,0,2.8,-0.45,0.0246,0.0351,15.28,18.02,11.0
712.436,flow_only,57.901,52.1377468,21.1611386,90.58,52.1377272,21.1611812,32,0.44,1.815,255,1.0051,0.335,0.0994,0.1587,3.152,1.575,-2.55,-0.03,23.41,0.03,0.0,0.03,0.07,99695,1507,3,0.3,0.11,-0.05,0.01,49,-202,-278,0,2.8,-0.43,0.0096,0.0212,16.48,17.03,8.87
712.536,flow_only,58.001,52.1377479,21.1611372,90.57,52.1377272,21.1611812,32,0.44,1.815,255,0.5024,0.3349,0.1103,0.072,3.152,1.568,-1.97,0.29,17.38,0.03,0.0,0.01,0.07,99695,1507,3,0.3,0.11,-0.05,0.01,49,526,72,0,2.8,-0.43,0.036,0.0503,12.57,15.65,9.71
712.636,flow_only,58.101,52.1377489,21.1611357,90.57,52.1377301,21.1611784,32,0.44,1.83,255,0.5025,0.5025,0.1129,0.0863,3.152,1.562,-1.22,0.67,11.4,0.03,0.0,0.04,0.07,99695,1507,3,0.3,0.13,-0.05,0.01,49,-343,-292,0,2.8,-0.43,0.0432,0.083,14.56,14.13,12.94
712.736,flow_only,58.201,52.1377498,21.1611343,90.56,52.1377301,21.1611784,32,0.44,1.83,255,0.5024,1.0048,0.0339,-0.0548,3.17,1.558,-0.92,0.64,5.51,0.03,0.0,0.02,0.06,99695,1507,3,0.3,0.13,-0.05,0.01,49,-198,70,0,2.81,-0.41,0.0315,0.0558,12.71,15.06,11.56
712.836,flow_only,58.301,52.137751,21.1611331,90.56,52.1377301,21.1611784,32,0.44,1.83,255,0.3349,0.3349,0.0579,-0.1152,3.127,1.556,-0.67,-0.18,359.52,0.03,0.0,0.0,0.07,99695,1507,3,0.3,0.13,-0.05,0.01,49,-109,29,0,2.81,-0.42,0.0421,0.0742,11.67,15.87,12.87
712.936,flow_only,58.401,52.1377522,21.1611321,90.55,52.137733,21.1611755,32,0.45,1.935,255,0.1675,0.5025,-0.1028,0.0197,3.124,1.549,-0.75,-0.36,353.55,0.03,0.0,0.0,0.07,99695,1507,3,0.3,0.14,-0.05,0.01,49,1,-486,0,2.8,-0.42,0.0435,0.0662,13.26,19.61,10.01
713.037,flow_only,58.501,52.1377532,21.1611311,90.54,52.1377358,21.1611726,32,0.44,1.791,255,0.1675,1.005,-0.1348,0.0083,3.14,1.538,-1.37,-0.25,347.65,0.03,0.0,0.02,0.06,99695,1507,3,0.3,0.13,-0.05,0.01,49,-21,292,0,2.79,-0.42,0.034,0.0708,12.25,16.16,8.48
713.136,flow_only,58.601,52.1377544,21.1611301,90.53,52.1377358,21.1611726,32,0.44,1.791,255,0.1675,0.335,-0.1217,-0.0345,3.13,1.525,-2.05,-0.56,341.7,0.03,0.0,0.0,0.06,99695,1507,3,0.3,0.13,-0.05,0.01,49,-142,-25,0,2.78,-0.42,0.0306,0.0685,15.76,13.98,9.57
713.236,flow_only,58.701,52.1377557,21.1611291,90.52,52.1377388,21.1611698,32,0.45,1.984,255,0.1674,0.5023,-0.0324,-0.01,3.136,1.514,-2.37,-1.06,335.64,0.03,0.0,0.01,0.06,99695,1507,3,0.3,0.13,-0.05,0.01,49,58,343,0,2.79,-0.43,0.0408,0.0958,14.77,14.92,10.85
713.336,flow_only,58.801,52.137757,21.1611281,90.51,52.1377388,21.1611698,32,0.45,1.984,218,0.1674,0.5023,-0.1171,0.0418,3.134,1.507,-2.59,-1.12,329.65,0.03,0.0,0.02,0.06,99695,1507,3,0.3,0.13,-0.05,0.01,49,-142,-87,0,2.8,-0.42,0.0363,0.0857,13.94,14.38,10.92
713.436,flow_only,58.901,52.137758,21.161127,90.5,52.1377418,21.1611666,32,0.44,1.893,255,0.0,0.5023,-0.0277,0.0791,3.132,1.496,-2.88,-0.98,323.77,0.03,0.0,0.03,0.06,99695,1507,3,0.3,0.12,-0.05,0.01,49,173,-284,0,2.77,-0.42,0.0273,0.0394,13.7,12.92,10.38
713.536,flow_only,59.001,52.1377591,21.1611258,90.5,52.1377418,21.1611666,32,0.44,1.893,255,0.0,0.8375,-0.0637,-0.0438,3.128,1.491,-3.05,-1.22,318.33,0.03,0.0,0.06,0.07,99695,1507,3,0.3,0.12,-0.05,0.01,49,-33,67,0,2.8,-0.41,0.0159,0.045,13.89,15.58,9.14
713.636,flow_only,59.101,52.1377602,21.1611245,90.5,52.1377446,21.1611633,32,0.45,1.917,255,0.0,0.5022,0.0336,-0.045,3.122,1.492,-2.94,-1.71,314.11,0.03,0.0,0.04,0.08,99695,1507,3,0.3,0.13,-0.05,0.01,49,-1,-6,0,2.82,-0.39,0.0048,0.0279,14.03,12.03,8.43
713.736,flow_only,59.201,52.1377612,21.1611232,90.5,52.1377446,21.1611633,32,0.45,1.917,255,0.0,0.5025,0.1277,0.0315,3.138,1.499,-2.32,-1.89,311.55,0.03,0.0,0.06,0.08,99695,1507,3,0.3,0.13,-0.05,0.01,49,-53,324,0,2.85,-0.36,0.0228,0.0577,17.62,17.85,9.53
713.836,flow_only,59.301,52.1377623,21.1611218,90.51,52.1377446,21.1611633,32,0.45,1.917,255,-0.1675,1.0049,0.0123,0.0178,3.124,1.507,-1.93,-1.73,310.43,0.03,0.0,0.03,0.05,99695,1507,3,0.3,0.13,-0.05,0.01,49,160,-92,0,2.85,-0.36,0.0095,0.0339,17.14,20.01,10.49
713.936,flow_only,59.401,52.1377634,21.1611202,90.52,52.1377473,21.1611598,32,0.44,1.881,255,-0.1675,0.5025,0.028,-0.0149,3.096,1.51,-1.91,-1.82,310.35,0.03,0.0,0.0,0.08,99695,1507,3,0.3,0.09,-0.05,0.01,49,-100,-42,0,2.87,-0.34,0.0372,0.076,17.1,18.36,10.39
714.037,flow_only,59.501,52.1377647,21.1611186,90.52,52.1377499,21.1611561,32,0.44,1.985,255,0.0,0.5023,0.0736,0.0975,3.108,1.513,-1.44,-1.46,310.89,0.03,0.0,0.03,0.07,99695,1507,3,0.3,0.09,-0.05,0.01,49,122,-138,0,2.88,-0.31,0.0376,0.0761,15.95,16.81,9.39
714.136,flow_only,59.601,52.1377658,21.161117,90.52,52.1377499,21.1611561,32,0.44,1.985,255,0.0,1.0048,0.0041,0.0657,3.098,1.518,-1.34,-1.04,311.88,0.03,0.0,0.06,0.05,99695,1507,3,0.3,0.09,-0.05,0.01,49,2,-161,0,2.9,-0.31,0.0172,0.0532,15.6,17.54,9.72
714.236,flow_only,59.701,52.137767,21.1611153,90.53,52.1377524,21.1611522,32,0.44,1.934,255,-0.1675,0.335,0.0059,0.0737,3.112,1.525,-1.41,-0.68,313.17,0.03,0.0,0.01,0.07,99695,1507,3,0.3,0.08,-0.05,0.01,49,32,-131,0,2.91,-0.28,0.0281,0.0574,17.77,19.89,11.21
714.336,flow_only,59.801,52.137768,21.1611137,90.54,52.1377524,21.1611522,32,0.44,1.934,255,0.0,0.3349,0.0422,0.052,3.086,1.53,-1.22,-0.21,314.6,0.03,0.0,0.02,0.09,99695,1507,3,0.3,0.08,-0.05,0.01,49,-6,-140,0,2.92,-0.27,0.0074,0.025,18.26,22.47,11.78
714.436,flow_only,59.901,52.137769,21.1611122,90.54,52.1377549,21.1611483,32,0.44,1.957,255,0.0,1.0047,0.026,-0.0409,3.076,1.537,-0.96,-0.21,316.0,0.03,0.0,0.04,0.06,99695,1507,3,0.3,0.08,-0.05,0.01,49,-48,269,0,2.94,-0.25,0.0202,0.0504,18.63,21.97,11.59
714.536,flow_only,60.001,52.1377701,21.1611107,90.55,52.1377549,21.1611483,32,0.44,1.957,255,0.1675,0.335,0.038,0.0064,3.094,1.545,-0.75,-0.27,317.33,0.03,0.0,0.03,0.07,99695,1507,3,0.3,0.08,-0.05,0.01,49,-42,-163,0,2.96,-0.21,0.0128,0.034,16.36,16.71,11.04
714.636,flow_only,60.101,52.1377712,21.1611091,90.56,52.1377573,21.1611443,32,0.44,1.879,255,0.1675,0.335,0.0063,-0.0309,3.092,1.551,-0.7,-0.41,318.44,0.03,0.0,0.02,0.05,99695,1507,3,0.3,0.08,-0.05,0.01,49,-36,-1,0,2.96,-0.21,0.0262,0.0561,17.47,18.32,10.73
714.736,flow_only,60.201,52.1377724,21.1611075,90.56,52.1377573,21.1611443,32,0.44,1.879,218,0.0,0.5025,-0.0025,-0.0286,3.088,1.555,-0.74,-0.62,319.28,0.03,0.0,0.01,0.05,99695,1507,3,0.3,0.08,-0.05,0.01,49,-29,-7,0,2.97,-0.2,0.0539,0.0966,16.11,17.27,10.81
714.836,flow_only,60.301,52.1377737,21.1611058,90.56,52.1377573,21.1611443,32,0.44,1.879,255,0.0,0.5025,-0.0034,0.1176,3.086,1.558,-0.6,-0.22,319.89,0.03,0.0,0.03,0.06,99695,1507,3,0.3,0.08,-0.05,0.01,49,77,246,0,2.98,-0.19,0.0581,0.1012,15.65,18.92,9.66
714.936,flow_only,60.401,52.1377748,21.1611042,90.56,52.1377596,21.1611403,32,0.44,1.891,255,0.0,1.1722,-0.029,0.094,3.068,1.56,-0.81,0.41,320.36,0.03,0.0,0.0,0.06,99695,1507,3,0.3,0.07,-0.05,0.01,49,0,-158,0,2.98,-0.19,0.0151,0.0348,18.64,16.87,10.6
715.037,flow_only,60.501,52.1377758,21.1611026,90.56,52.1377619,21.1611365,32,0.44,1.787,255,0.1675,0.5025,0.0631,0.0363,3.046,1.557,-0.66,0.64,320.55,0.03,0.0,0.0,0.06,99695,1507,3,0.3,0.07,-0.05,0.01,49,-75,-208,0,2.97,-0.18,0.0201,0.0222,16.31,17.19,8.04
715.136,flow_only,60.601,52.1377768,21.1611011,90.56,52.1377619,21.1611365,32,0.44,1.787,255,0.0,0.335,-0.0256,-0.0171,3.102,1.556,-0.57,0.7,320.62,0.03,0.0,0.04,0.06,99695,1507,3,0.3,0.07,-0.05,0.01,49,-73,-13,0,2.99,-0.15,0.0248,0.0431,14.2,16.23,9.27
715.237,flow_only,60.701,52.1377778,21.1610996,90.57,52.1377642,21.1611327,32,0.44,1.812,255,0.1675,0.8374,0.0008,-0.0384,3.048,1.563,-0.53,0.52,320.54,0.03,0.0,0.07,0.06,99695,1507,3,0.29,0.07,-0.05,0.01,49,-55,-135,0,3.01,-0.15,0.0071,0.0262,14.08,14.45,9.86
715.336,flow_only,60.8,52.1377787,21.1610982,90.58,52.1377642,21.1611327,32,0.44,1.812,255,0.0,0.335,0.0073,-0.0457,3.04,1.571,-0.53,0.32,320.39,0.03,0.0,0.02,0.06,99695,1507,3,0.29,0.07,-0.05,0.01,49,-51,-100,0,3.02,-0.11,0.0147,0.0245,13.4,16.48,9.45
715.436,flow_only,60.901,52.1377797,21.1610967,90.58,52.1377664,21.1611288,32,0.44,1.853,255,0.1674,0.3349,0.0663,-0.0874,3.036,1.577,-0.37,-0.3,320.08,0.03,0.0,0.0,0.04,99695,1507,3,0.29,0.07,-0.05,0.01,49,95,-39,0,3.02,-0.1,0.0183,0.027,12.81,16.02,9.22
715.536,flow_only,61.001,52.1377806,21.1610952,90.58,52.1377664,21.1611288,32,0.44,1.853,255,0.1675,0.3349,-0.0199,-0.004,3.06,1.578,-0.24,-0.44,319.77,0.03,0.0,0.0,0.07,99695,1507,3,0.29,0.07,-0.05,0.01,49,44,240,0,3.01,-0.11,0.0284,0.0445,16.29,15.32,9.41
715.636,flow_only,61.101,52.1377816,21.1610936,90.58,52.1377687,21.1611251,32,0.44,1.68,255,0.0,0.5024,0.0096,0.0127,3.043,1.578,-0.36,-0.44,319.54,0.03,0.0,0.01,0.06,99695,1507,3,0.29,0.07,-0.05,0.01,49,-15,-135,0,3.01,-0.11,0.0159,0.0239,14.31,16.31,10.74
715.736,flow_only,61.201,52.1377825,21.1610921,90.59,52.1377687,21.1611251,32,0.44,1.68,255,0.1675,0.8373,0.0514,-0.0429,3.026,1.584,-0.14,-0.6,319.23,0.03,0.0,0.06,0.06,99695,1507,3,0.29,0.07,-0.05,0.01,49,76,-99,0,3.03,-0.09,0.0134,0.024,18.14,17.87,11.03
715.836,flow_only,61.301,52.1377834,21.1610905,90.59,52.1377687,21.1611251,32,0.44,1.68,255,0.1675,0.335,-0.0002,-0.0206,3.02,1.589,0.1,-0.68,318.99,0.03,0.0,0.0,0.05,99695,1507,3,0.29,0.07,-0.05,0.01,49,59,-128,0,3.03,-0.08,0.0263,0.0391,15.45,15.61,11.25
715.936,flow_only,61.401,52.1377842,21.1610889,90.6,52.1377707,21.1611215,32,0.44,1.665,255,0.1675,0.3349,0.049,0.0266,3.026,1.594,0.2,-0.64,318.9,0.03,0.0,0.02,0.05,99695,1507,3,0.29,0.07,-0.05,0.01,49,-54,39,0,3.04,-0.06,0.0198,0.0323,16.9,17.4,10.46
716.037,flow_only,61.501,52.1377851,21.1610874,90.6,52.1377729,21.1611179,32,0.44,1.696,255,0.1675,0.8375,0.0379,-0.0316,3.028,1.596,0.43,-0.71,318.82,0.03,0.0,0.0,0.06,99695,1507,3,0.29,0.07,-0.05,0.01,49,86,405,0,3.03,-0.07,0.0436,0.0675,16.62,17.19,11.41
716.136,flow_only,61.601,52.1377861,21.1610858,90.6,52.1377729,21.1611179,32,0.44,1.696,255,0.0,0.3349,0.0029,-0.0514,3.02,1.598,0.56,-0.95,318.78,0.03,0.0,0.02,0.09,99695,1507,3,0.29,0.07,-0.05,0.01,49,-66,-94,0,3.04,-0.07,0.0228,0.0388,18.84,18.28,9.84
716.237,flow_only,61.701,52.1377872,21.1610842,90.61,52.1377751,21.1611146,32,0.44,1.654,236,0.0,0.5025,0.0662,0.0919,2.992,1.601,0.78,-0.8,318.77,0.03,0.0,0.03,0.06,99695,1507,3,0.29,0.07,-0.05,0.01,49,128,258,0,3.05,-0.05,0.0351,0.0575,17.22,15.52,8.93
716.336,flow_only,61.801,52.1377882,21.1610826,90.61,52.1377751,21.1611146,32,0.44,1.654,255,0.0,0.8375,-0.0643,0.0323,2.996,1.606,0.71,-0.4,318.81,0.03,0.0,0.02,0.05,99695,1507,3,0.29,0.07,-0.05,0.01,49,93,442,0,3.05,-0.03,0.0446,0.0738,13.78,15.85,9.9
716.436,flow_only,61.901,52.1377893,21.161081,90.62,52.1377773,21.1611112,32,0.44,1.667,255,-0.1675,0.335,-0.0127,0.0221,3.036,1.61,0.5,-0.25,318.83,0.03,0.0,0.0,0.05,99695,1507,3,0.29,0.07,-0.05,0.01,49,-129,4,0,3.05,-0.03,0.0248,0.0454,14.55,16.46,9.31
716.536,flow_only,62.001,52.1377905,21.1610793,90.62,52.1377773,21.1611112,32,0.44,1.667,255,0.0,0.335,0.0205,0.0563,3.002,1.613,0.47,-0.19,318.86,0.03,0.0,0.01,0.06,99695,1507,3,0.29,0.07,-0.05,0.01,49,4,-135,0,3.05,-0.04,0.0343,0.0626,15.14,17.21,8.92
716.636,flow_only,62.101,52.1377916,21.1610779,90.62,52.1377795,21.161108,32,0.44,1.591,182,0.0,1.005,-0.0331,0.1032,2.988,1.612,0.52,0.44,318.95,0.03,0.0,0.01,0.05,99695,1507,3,0.29,0.07,-0.05,0.01,49,-41,-86,0,3.04,-0.05,0.0056,0.0202,18.9,19.97,10.25
716.736,flow_only,62.201,52.1377925,21.1610766,90.61,52.1377795,21.161108,32,0.44,1.591,255,0.0,0.5025,-0.0406,-0.032,3.002,1.605,0.22,0.55,319.08,0.03,0.0,0.03,0.06,99695,1507,3,0.29,0.07,-0.05,0.01,49,51,350,0,3.03,-0.04,0.0121,0.0368,19.91,19.34,11.4
716.836,flow_only,62.301,52.1377935,21.1610753,90.6,52.1377795,21.161108,32,0.44,1.591,255,0.0,0.3349,-0.0231,-0.1064,3.036,1.596,0.03,-0.01,319.18,0.03,0.0,0.01,0.06,99695,1507,3,0.29,0.07,-0.05,0.01,49,-120,-182,0,3.02,-0.04,0.0219,0.0453,16.79,17.16,11.57
716.936,flow_only,62.401,52.1377943,21.1610742,90.59,52.1377817,21.161105,32,0.44,1.586,255,0.0,0.6698,-0.0004,-0.0355,2.997,1.588,0.15,-0.2,319.3,0.03,0.0,0.0,0.06,99695,1507,3,0.29,0.07,-0.05,0.01,49,-28,-78,0,3.02,-0.09,0.0251,0.049,15.34,19.28,10.7
717.037,flow_only,62.501,52.1377953,21.1610729,90.58,52.1377839,21.161102,32,0.44,1.555,255,-0.1675,0.1675,-0.0032,-0.1031,2.965,1.579,0.01,-0.72,319.34,0.03,0.0,0.03,0.06,99695,1507,3,0.29,0.07,-0.05,0.01,49,42,1,0,3.01,-0.08,0.0072,0.0345,15.83,20.32,11.84
717.136,flow_only,62.601,52.1377962,21.1610717,90.58,52.1377839,21.161102,32,0.44,1.555,255,0.0,0.335,-0.0493,-0.0787,2.954,1.572,-0.05,-1.22,319.35,0.03,0.0,0.01,0.07,99695,1507,3,0.29,0.07,-0.05,0.01,49,13,151,0,3.01,-0.03,0.0112,0.0281,16.28,19.09,13.74
717.237,flow_only,62.701,52.1377971,21.1610704,90.57,52.137786,21.1610991,32,0.44,1.531,255,0.0,0.335,0.0453,0.0325,2.922,1.567,-0.03,-1.3,319.43,0.03,0.0,0.0,0.05,99695,1507,3,0.29,0.07,-0.05,0.01,49,51,-38,0,3.0,-0.03,0.0081,0.027,14.08,15.44,11.15
717.336,flow_only,62.801,52.137798,21.1610692,90.57,52.137786,21.1610991,32,0.44,1.531,255,0.0,0.3349,-0.0319,-0.0119,2.942,1.562,-0.08,-1.28,319.53,0.03,0.0,0.02,0.07,99695,1507,3,0.29,0.07,-0.05,0.01,49,135,-131,0,3.0,-0.02,0.0255,0.056,16.01,18.92,11.33
717.436,flow_only,62.901,52.1377987,21.1610678,90.56,52.1377882,21.1610962,32,0.44,1.582,255,-0.1675,0.5024,0.0087,-0.0887,2.942,1.555,-0.18,-1.57,319.57,0.03,0.0,0.03,0.07,99695,1507,3,0.29,0.07,-0.05,0.01,49,21,259,0,2.98,-0.02,0.0259,0.0573,16.36,18.23,11.91
717.536,flow_only,63.001,52.1377996,21.1610664,90.56,52.1377882,21.1610962,32,0.44,1.582,255,0.1675,0.335,0.1113,0.0227,2.954,1.55,0.35,-1.8,319.53,0.03,0.0,0.0,0.07,99695,1507,3,0.29,0.07,-0.05,0.01,49,-63,-23,0,2.99,-0.04,0.0134,0.0355,14.9,13.77,10.61
717.636,flow_only,63.101,52.1378004,21.161065,90.55,52.1377906,21.1610933,32,0.44,1.617,255,0.0,0.335,-0.0225,0.0055,2.93,1.549,0.47,-1.69,319.55,0.03,0.0,0.0,0.06,99695,1507,3,0.29,0.07,-0.05,0.01,49,105,-133,0,2.99,-0.04,0.0268,0.0571,15.99,18.63,11.37
717.736,flow_only,63.201,52.1378013,21.1610636,90.55,52.1377906,21.1610933,32,0.44,1.617,255,0.0,0.6699,0.0469,-0.0645,2.95,1.55,0.45,-2.01,319.47,0.03,0.0,0.0,0.07,99695,1507,3,0.29,0.07,-0.05,0.01,49,33,89,0,2.99,-0.03,0.0171,0.0372,14.82,17.17,10.6
717.836,flow_only,63.301,52.1378022,21.1610622,90.55,52.1377906,21.1610933,32,0.44,1.617,255,0.0,0.5025,0.0171,0.0283,2.982,1.549,0.78,-1.96,319.39,0.03,0.0,0.02,0.06,99695,1507,3,0.29,0.07,-0.05,0.01,49,-82,211,0,2.99,-0.04,0.016,0.034,16.49,18.54,12.1
717.936,flow_only,63.401,52.1378033,21.1610608,90.55,52.1377928,21.1610904,32,0.44,1.584,255,-0.1675,0.5025,-0.0286,0.0209,3.018,1.55,0.63,-1.78,319.4,0.03,0.0,0.01,0.07,99695,1507,3,0.28,0.07,-0.05,0.01,49,44,329,0,3.0,-0.07,0.0357,0.0629,14.52,15.0,11.26
718.036,flow_only,63.501,52.1378045,21.1610594,90.56,52.1377951,21.1610876,32,0.44,1.506,255,0.0,0.3348,0.0596,0.0697,3.014,1.551,0.77,-1.64,319.38,0.03,0.0,0.0,0.05,99695,1507,3,0.28,0.07,-0.05,0.01,49,-172,-139,0,3.0,-0.09,0.0237,0.0408,15.79,15.64,11.08
718.136,flow_only,63.601,52.1378057,21.161058,90.55,52.1377951,21.1610876,32,0.44,1.506,255,0.0,0.5025,-0.117,0.084,3.024,1.548,0.52,-1.06,319.51,0.03,0.0,0.03,0.06,99695,1507,3,0.28,0.07,-0.05,0.01,49,81,-109,0,2.99,-0.11,0.0281,0.0567,16.73,20.08,12.29
718.237,flow_only,63.701,52.1378069,21.1610567,90.55,52.1377973,21.1610849,32,0.44,1.583,255,-0.335,0.8375,-0.0943,0.0008,3.016,1.546,-0.14,-0.95,319.61,0.03,0.0,0.0,0.03,99695,1507,3,0.28,0.07,-0.05,0.01,49,-25,-152,0,3.0,-0.11,0.0173,0.033,17.45,15.18,10.47
718.336,flow_only,63.801,52.1378078,21.1610555,90.55,52.1377973,21.1610849,32,0.44,1.583,255,0.0,0.5022,-0.0212,0.0747,3.042,1.543,-0.29,-0.5,319.64,0.03,0.0,0.02,0.06,99695,1507,3,0.28,0.07,-0.05,0.01,49,-67,-183,0,3.0,-0.11,0.0301,0.0551,14.48,13.87,10.27
718.436,flow_only,63.901,52.1378088,21.1610543,90.54,52.1377997,21.1610821,32,0.44,1.59,145,-0.1675,0.5024,-0.0435,-0.0645,3.025,1.539,-0.51,-0.57,319.6,0.03,0.0,0.0,0.07,99695,1507,3,0.28,0.07,-0.05,0.01,49,-95,-181,0,3.0,-0.11,0.0225,0.0412,17.03,16.66,9.79
718.536,flow_only,64.001,52.1378098,21.1610532,90.54,52.1377997,21.1610821,32,0.44,1.59,255,-0.1675,0.5024,-0.01,-0.0529,3.05,1.532,-0.75,-1.04,319.55,0.03,0.0,0.02,0.07,99695,1507,3,0.28,0.07,-0.05,0.01,49,-70,297,0,3.0,-0.12,0.0071,0.0224,17.92,15.48,10.08
718.636,flow_only,64.101,52.1378109,21.1610519,90.54,52.137802,21.1610794,32,0.44,1.54,255,0.0,0.3349,-0.0255,-0.0575,3.03,1.532,-0.81,-1.33,319.37,0.03,0.0,0.05,0.06,99695,1507,3,0.28,0.06,-0.05,0.01,49,23,245,0,3.02,-0.12,0.0122,0.0209,16.67,17.07,9.83
718.736,flow_only,64.201,52.1378119,21.1610506,90.54,52.137802,21.1610794,32,0.44,1.54,255,0.0,0.335,-0.0285,-0.0085,3.048,1.532,-1.04,-1.59,319.14,0.03,0.0,0.01,0.05,99695,1507,3,0.28,0.06,-0.05,0.01,49,69,-74,0,3.02,-0.09,0.0192,0.0385,16.28,20.27,12.52
718.836,flow_only,64.301,52.1378129,21.1610493,90.54,52.137802,21.1610794,32,0.44,1.54,255,0.0,0.5026,0.0069,-0.0078,3.044,1.534,-0.99,-1.53,318.85,0.03,0.0,0.03,0.06,99695,1507,3,0.28,0.06,-0.05,0.01,49,-147,-165,0,3.04,-0.08,0.0177,0.0298,18.77,21.71,12.23
718.936,flow_only,64.401,52.1378139,21.1610482,90.54,52.1378042,21.1610768,32,0.44,1.538,255,0.0,0.335,-0.0256,-0.0249,3.034,1.535,-0.99,-1.65,318.55,0.03,0.0,0.01,0.06,99695,1507,3,0.28,0.06,-0.05,0.01,49,20,-120,0,3.03,-0.08,0.0193,0.0349,17.61,19.19,11.71
719.036,flow_only,64.501,52.1378148,21.1610469,90.54,52.1378065,21.1610741,32,0.44,1.586,255,-0.1674,0.6698,-0.0073,0.0184,3.036,1.532,-1.09,-1.62,318.33,0.03,0.0,0.0,0.06,99695,1507,3,0.28,0.06,-0.05,0.01,49,40,206,0,3.03,-0.08,0.0066,0.0162,16.39,15.81,11.43
719.136,flow_only,64.601,52.1378158,21.1610456,90.54,52.1378065,21.1610741,32,0.44,1.586,255,-0.1674,0.6698,-0.018,-0.0273,3.06,1.536,-1.18,-1.72,318.11,0.03,0.0,0.06,0.05,99695,1507,3,0.28,0.06,-0.05,0.01,49,35,-121,0,3.05,-0.06,0.0177,0.0396,16.01,14.0,10.84
719.237,flow_only,64.701,52.1378167,21.1610443,90.54,52.1378089,21.1610713,32,0.44,1.651,255,0.0,0.335,0.0536,-0.0063,3.048,1.538,-1.16,-1.91,317.96,0.03,0.0,0.01,0.07,99695,1507,3,0.28,0.06,-0.05,0.01,49,31,-94,0,3.05,-0.08,0.0191,0.0393,16.58,14.73,10.15
719.336,flow_only,64.801,52.1378176,21.1610429,90.54,52.1378089,21.1610713,32,0.44,1.651,255,0.0,0.3349,0.0539,0.0068,3.07,1.537,-0.73,-1.76,317.87,0.03,0.0,0.0,0.06,99695,1507,3,0.28,0.06,-0.05,0.01,49,-66,191,0,3.04,-0.08,0.0019,0.0068,16.93,18.03,11.78
719.436,flow_only,64.901,52.1378185,21.1610414,90.54,52.1378112,21.1610685,32,0.44,1.557,255,0.0,0.6701,0.0309,-0.0341,3.044,1.539,-0.52,-1.91,317.88,0.03,0.0,0.03,0.08,99695,1507,3,0.28,0.06,-0.05,0.01,49,144,54,0,3.06,-0.07,0.0185,0.039,17.55,18.52,11.74
719.536,flow_only,65.001,52.1378195,21.1610398,90.55,52.1378112,21.1610685,32,0.44,1.557,255,0.1675,0.5025,0.0949,0.0489,3.024,1.541,-0.17,-1.9,318.05,0.03,0.0,0.01,0.07,99695,1507,3,0.28,0.06,-0.05,0.01,49,-23,-116,0,3.06,-0.06,0.0101,0.023,20.32,19.62,11.43
719.636,flow_only,65.101,52.1378207,21.1610381,90.55,52.1378134,21.1610657,32,0.44,1.568,255,0.0,0.3349,0.0537,0.0423,3.03,1.542,0.23,-1.7,318.23,0.03,0.0,0.0,0.06,99695,1507,3,0.28,0.06,-0.05,0.01,49,-73,-214,0,3.06,-0.06,0.0082,0.0141,19.2,19.26,11.45
719.736,flow_only,65.201,52.1378217,21.1610366,90.55,52.1378134,21.1610657,32,0.44,1.568,255,0.0,0.5023,-0.0059,0.071,3.057,1.542,0.35,-1.3,318.48,0.03,0.0,0.0,0.07,99695,1507,3,0.28,0.06,-0.05,0.01,49,304,274,0,3.06,-0.05,0.0185,0.0354,17.99,17.61,10.02
719.836,flow_only,65.301,52.1378226,21.1610351,90.55,52.1378134,21.1610657,32,0.44,1.568,255,-0.1675,0.3349,0.0039,0.0354,3.055,1.541,0.33,-0.92,318.77,0.03,0.0,0.0,0.04,99695,1507,3,0.28,0.06,-0.05,0.01,49,2,-232,0,3.06,-0.07,0.031,0.0579,18.62,19.67,10.19
719.936,flow_only,65.401,52.1378234,21.1610338,90.54,52.1378156,21.1610628,32,0.44,1.591,255,0.0,0.6698,0.035,-0.0206,3.056,1.538,0.45,-0.94,318.94,0.03,0.0,0.01,0.05,99695,1507,3,0.28,0.06,-0.05,0.01,49,-15,-146,0,3.05,-0.08,0.0484,0.0904,17.74,16.53,10.37
720.036,flow_only,65.501,52.1378243,21.1610326,90.54,52.1378178,21.16106,32,0.44,1.587,255,-0.1675,0.335,0.04,-0.0826,3.04,1.535,0.6,-1.33,319.16,0.03,0.0,0.0,0.07,99695,1507,3,0.27,0.06,-0.05,0.01,49,-11,-76,0,3.05,-0.08,0.0273,0.053,19.86,19.68,10.83
720.136,flow_only,65.601,52.1378252,21.1610315,90.54,52.1378178,21.16106,32,0.44,1.587,255,0.0,0.335,-0.0394,-0.1015,3.036,1.531,0.57,-1.88,319.32,0.03,0.0,0.0,0.06,99695,1507,3,0.27,0.06,-0.05,0.01,49,19,300,0,3.05,-0.07,0.014,0.0214,16.67,16.39,10.17
720.237,flow_only,65.701,52.1378263,21.1610301,90.53,52.1378201,21.1610573,32,0.44,1.561,255,-0.335,0.67,-0.0717,-0.0901,3.034,1.528,0.22,-2.34,319.4,0.03,0.0,0.0,0.07,99695,1507,3,0.27,0.06,-0.05,0.01,49,84,421,0,3.05,-0.07,0.0315,0.0538,15.85,20.32,11.96
720.336,flow_only,65.801,52.1378274,21.1610286,90.53,52.1378201,21.1610573,32,0.44,1.561,255,0.0,0.335,0.0164,0.076,3.022,1.522,0.15,-2.39,319.4,0.03,0.0,0.02,0.06,99695,1507,3,0.27,0.06,-0.05,0.01,49,-92,-78,0,3.04,-0.07,0.0157,0.0292,16.45,17.07,10.75
720.436,flow_only,65.901,52.1378286,21.1610273,90.52,52.1378225,21.1610546,32,0.44,1.616,255,0.0,0.3349,-0.0782,0.1056,3.022,1.516,-0.15,-1.72,319.49,0.03,0.0,0.01,0.05,99695,1507,3,0.27,0.06,-0.05,0.01,49,31,59,0,3.03,-0.08,0.0122,0.0235,22.42,18.41,10.74
720.536,flow_only,66.001,52.1378295,21.161026,90.52,52.1378225,21.1610546,32,0.44,1.616,255,-0.1674,0.3349,-0.0174,-0.0153,3.016,1.512,-0.44,-1.59,319.49,0.03,0.0,0.02,0.08,99695,1507,3,0.27,0.06,-0.05,0.01,49,94,-83,0,3.04,-0.06,0.0252,0.048,18.59,18.62,11.38
720.636,flow_only,66.101,52.1378305,21.1610248,90.52,52.1378248,21.1610518,32,0.44,1.6,255,0.0,0.5025,-0.0308,0.0085,3.012,1.514,-0.37,-1.47,319.49,0.03,0.0,0.04,0.05,99695,1507,3,0.27,0.06,-0.05,0.01,49,-192,-174,0,3.06,-0.04,0.0315,0.0591,16.62,18.33,11.21
720.736,flow_only,66.201,52.1378315,21.1610235,90.52,52.1378248,21.1610518,32,0.44,1.6,255,0.0,0.67,-0.0061,-0.0425,3.044,1.518,-0.53,-1.58,319.56,0.03,0.0,0.01,0.05,99695,1507,3,0.27,0.06,-0.05,0.01,49,69,-165,0,3.06,-0.03,0.0146,0.0308,15.61,18.97,10.76
720.836,flow_only,66.301,52.1378323,21.1610223,90.52,52.1378248,21.1610518,32,0.44,1.6,255,0.0,0.3349,0.0174,-0.0315,3.036,1.52,-0.51,-1.88,319.53,0.03,0.0,0.01,0.07,99695,1507,3,0.27,0.06,-0.05,0.01,49,10,-78,0,3.05,-0.03,0.0352,0.0683,18.34,21.09,12.33
720.936,flow_only,66.401,52.1378332,21.1610211,90.52,52.1378272,21.161049,32,0.44,1.675,236,0.0,0.5026,0.0202,-0.0478,2.992,1.518,-0.45,-2.1,319.56,0.03,0.0,0.01,0.05,99695,1507,3,0.27,0.06,-0.05,0.01,49,177,383,0,3.05,-0.06,0.0202,0.0415,16.2,16.5,11.26
721.036,flow_only,66.501,52.1378341,21.1610197,90.52,52.1378296,21.1610462,32,0.44,1.642,255,0.0,0.6699,0.0063,-0.0658,3.002,1.518,-0.32,-2.38,319.56,0.03,0.0,0.02,0.07,99695,1507,3,0.27,0.06,-0.05,0.01,49,-33,-125,0,3.06,-0.02,0.0163,0.0355,17.17,15.04,11.45
721.136,flow_only,66.601,52.1378351,21.1610183,90.53,52.1378296,21.1610462,32,0.44,1.642,255,0.0,0.5025,0.0253,-0.0388,3.005,1.522,-0.22,-2.66,319.51,0.03,0.0,0.02,0.07,99695,1507,3,0.27,0.06,-0.05,0.01,49,-2,-119,0,3.07,-0.01,0.0048,0.0159,18.0,16.49,12.6
721.237,flow_only,66.701,52.1378362,21.1610167,90.53,52.1378321,21.1610433,32,0.44,1.703,255,0.0,0.5025,0.0339,0.0557,2.997,1.523,-0.06,-2.63,319.51,0.03,0.0,0.01,0.06,99695,1507,3,0.27,0.06,-0.05,0.01,49,-26,-195,0,3.06,-0.02,0.0091,0.0156,16.51,16.15,11.74
721.336,flow_only,66.801,52.1378373,21.1610152,90.53,52.1378321,21.1610433,32,0.44,1.703,255,0.0,0.8371,0.0038,0.0806,3.0,1.524,0.01,-2.23,319.49,0.03,0.0,0.01,0.07,99695,1507,3,0.27,0.06,-0.05,0.01,49,-2,247,0,3.06,-0.02,0.0219,0.0406,17.45,16.94,12.42
721.436,flow_only,66.901,52.1378385,21.1610136,90.53,52.1378346,21.1610404,32,0.44,1.7,218,0.0,0.335,0.0256,0.0858,2.99,1.528,0.0,-1.86,319.53,0.03,0.0,0.03,0.06,99695,1507,3,0.27,0.06,-0.05,0.01,49,17,-106,0,3.08,0.0,0.0074,0.0186,14.45,15.0,11.15
721.536,flow_only,67.001,52.1378395,21.1610123,90.54,52.1378346,21.1610404,32,0.44,1.7,218,0.0,1.0049,-0.0373,0.0994,2.988,1.53,0.01,-1.22,319.6,0.03,0.0,0.01,0.04,99695,1507,3,0.27,0.06,-0.05,0.01,49,-27,-124,0,3.07,0.0,0.0204,0.0353,17.02,16.92,12.28
721.636,flow_only,67.101,52.1378406,21.1610109,90.54,52.1378372,21.1610375,32,0.44,1.772,218,-0.335,0.67,-0.0068,-0.0576,2.99,1.535,-0.21,-1.17,319.6,0.03,0.0,0.03,0.05,99695,1507,3,0.27,0.06,-0.05,0.01,49,-100,420,0,3.08,0.0,0.0125,0.0241,18.15,17.74,11.61
721.736,flow_only,67.201,52.1378418,21.1610095,90.55,52.1378372,21.1610375,32,0.44,1.772,255,0.0,0.5024,0.0034,0.0489,3.004,1.54,0.02,-1.15,319.56,0.03,0.0,0.01,0.06,99695,1507,3,0.27,0.06,-0.05,0.01,49,-45,-156,0,3.08,0.01,0.0181,0.0311,17.7,17.72,11.63
721.836,flow_only,67.301,52.137843,21.1610081,90.55,52.1378372,21.1610375,32,0.44,1.772,145,-0.1676,0.5027,-0.0912,-0.0252,2.998,1.545,-0.39,-0.99,319.57,0.03,0.0,0.0,0.06,99695,1507,3,0.27,0.06,-0.05,0.01,49,90,-260,0,3.08,0.0,0.0086,0.0143,16.55,16.43,11.0
721.936,flow_only,67.401,52.1378442,21.1610067,90.55,52.1378398,21.1610344,32,0.44,1.786,200,0.0,0.3349,-0.0149,0.0386,3.002,1.549,-0.59,-0.99,319.52,0.03,0.0,0.0,0.06,99695,1507,3,0.27,0.06,-0.05,0.01,49,75,-173,0,3.09,0.0,0.0129,0.0238,18.58,16.25,10.22
722.036,flow_only,67.501,52.1378453,21.1610054,90.56,52.1378423,21.1610315,32,0.44,1.69,145,0.0,0.5025,-0.0913,0.0088,3.042,1.554,-1.0,-0.75,319.55,0.03,0.0,0.02,0.06,99695,1507,3,0.27,0.06,-0.05,0.01,49,94,263,0,3.1,0.01,0.0087,0.018,15.55,15.93,10.16
722.136,flow_only,67.601,52.1378464,21.1610038,90.57,52.1378423,21.1610315,32,0.44,1.69,182,0.0,0.8373,0.0313,0.028,3.03,1.562,-1.16,-0.76,319.61,0.03,0.0,0.04,0.06,99695,1507,3,0.27,0.06,-0.05,0.01,49,-100,-5,0,3.11,0.01,0.0047,0.019,14.37,18.37,10.4
722.237,flow_only,67.701,52.1378475,21.1610024,90.58,52.1378448,21.1610286,32,0.44,1.682,255,-0.1675,0.5025,0.0614,0.013,3.032,1.57,-0.91,-0.6,319.64,0.03,0.0,0.0,0.05,99695,1507,3,0.27,0.06,-0.05,0.01,49,-20,-207,0,3.12,0.0,0.0205,0.0369,16.42,19.22,10.67
722.336,flow_only,67.801,52.1378486,21.161001,90.58,52.1378448,21.1610286,32,0.44,1.682,54,0.0,0.335,-0.0289,-0.0009,3.04,1.574,-0.8,-0.57,319.75,0.03,0.0,0.01,0.07,99695,1507,3,0.27,0.06,-0.05,0.01,49,-4,-192,0,3.11,0.0,0.0092,0.0146,19.3,16.1,10.65
722.437,flow_only,67.901,52.1378496,21.1609997,90.58,52.1378472,21.1610256,32,0.44,1.69,163,-0.1675,0.8375,0.0006,-0.0889,3.032,1.575,-0.87,-0.88,319.85,0.03,0.0,0.02,0.05,99695,1507,3,0.26,0.06,-0.05,0.01,49,44,-163,0,3.12,0.0,0.0167,0.0298,16.82,15.59,11.37
722.536,flow_only,68.001,52.1378507,21.1609984,90.58,52.1378472,21.1610256,32,0.44,1.69,0,0.0,0.3349,0.0476,0.0078,3.02,1.575,-0.54,-1.04,319.86,0.03,0.0,0.01,0.06,99695,1507,3,0.26,0.06,-0.05,0.01,49,-21,-257,0,3.11,0.0,0.0196,0.0352,18.45,16.38,11.03
722.636,flow_only,68.101,52.1378517,21.1609971,90.57,52.1378496,21.1610227,32,0.44,1.653,18,0.0,0.3349,-0.033,-0.0218,3.01,1.569,-0.63,-1.14,319.81,0.03,0.0,0.02,0.05,99695,1507,3,0.26,0.06,-0.05,0.01,49,170,-167,0,3.1,-0.01,0.0127,0.0268,18.97,18.65,11.91
722.736,flow_only,68.201,52.1378527,21.1609957,90.57,52.1378496,21.1610227,32,0.44,1.653,0,0.0,0.8375,-0.0753,0.0037,3.032,1.565,-0.96,-1.16,319.77,0.03,0.0,0.02,0.06,99695,1507,3,0.26,0.06,-0.05,0.01,49,170,-167,0,3.1,0.0,0.0078,0.0154,16.57,16.45,12.96
722.836,flow_only,68.301,52.1378537,21.1609943,90.57,52.1378496,21.1610227,32,0.44,1.653,0,0.0,0.335,-0.0019,-0.0429,3.042,1.563,-1.2,-1.33,319.65,0.03,0.0,0.0,0.06,99695,1507,3,0.26,0.06,-0.05,0.01,49,170,-167,0,3.1,0.0,0.0047,0.0099,18.72,22.42,13.36
722.936,flow_only,68.401,52.1378546,21.160993,90.56,52.137852,21.1610199,32,0.44,1.626,54,0.0,0.3349,0.0222,-0.041,3.038,1.555,-1.04,-1.49,319.47,0.03,0.0,0.05,0.06,99695,1507,3,0.26,0.06,-0.05,0.01,49,-45,-154,0,3.08,-0.04,0.0252,0.0511,16.59,17.3,11.53
723.036,flow_only,68.501,52.1378556,21.1609917,90.56,52.1378544,21.1610169,32,0.44,1.698,145,0.0,0.335,0.0049,0.0071,3.012,1.551,-0.84,-1.52,319.28,0.03,0.0,0.03,0.07,99695,1507,3,0.26,0.06,-0.05,0.01,49,-51,-164,0,3.09,-0.03,0.0165,0.0302,17.02,18.15,12.89
723.136,flow_only,68.601,52.1378566,21.1609904,90.56,52.1378544,21.1610169,32,0.44,1.698,72,0.0,0.5025,0.001,-0.068,3.008,1.553,-0.88,-1.65,319.09,0.03,0.0,0.04,0.08,99695,1507,3,0.26,0.06,-0.05,0.01,49,6,359,0,3.1,0.0,0.0123,0.023,15.14,16.56,12.21
723.237,flow_only,68.701,52.1378577,21.1609889,90.56,52.1378567,21.1610139,32,0.44,1.625,72,0.0,0.6698,0.0239,0.025,2.996,1.552,-0.7,-1.83,318.82,0.03,0.0,0.02,0.06,99695,1507,3,0.26,0.06,-0.05,0.01,49,-43,196,0,3.09,0.0,0.0332,0.0616,17.12,19.04,11.02
723.336,flow_only,68.801,52.1378589,21.1609873,90.55,52.1378567,21.1610139,32,0.44,1.625,0,0.0,0.5025,-0.0136,0.0646,2.98,1.55,-0.75,-1.55,318.61,0.03,0.0,0.0,0.06,99695,1507,3,0.26,0.06,-0.05,0.01,49,-13,-47,0,3.08,0.01,0.0201,0.0395,17.21,16.7,12.22
723.436,flow_only,68.901,52.13786,21.1609857,90.55,52.1378591,21.1610108,32,0.44,1.704,0,0.0,0.5023,-0.0253,0.1029,2.986,1.546,-0.85,-1.09,318.57,0.03,0.0,0.01,0.05,99695,1507,3,0.26,0.07,-0.05,0.01,49,-13,-47,0,3.08,0.0,0.0142,0.0305,19.38,18.42,11.61
723.536,flow_only,69.001,52.1378611,21.1609841,90.55,52.1378591,21.1610108,32,0.44,1.704,0,0.0,0.8373,0.0254,0.0017,2.984,1.54,-0.84,-0.76,318.57,0.03,0.0,0.02,0.08,99695,1507,3,0.26,0.07,-0.05,0.01,49,16,-137,0,3.06,0.0,0.0044,0.0176,18.96,18.3,11.06
723.636,flow_only,69.101,52.137862,21.1609828,90.54,52.1378614,21.1610078,32,0.44,1.635,0,0.1675,0.335,0.0759,0.0582,2.964,1.536,-0.4,-0.51,318.62,0.03,0.0,0.0,0.03,99695,1507,3,0.26,0.06,-0.05,0.01,49,-7,-227,0,3.06,0.0,0.0182,0.0344,19.02,18.73,11.34
723.736,flow_only,69.201,52.1378629,21.1609814,90.54,52.1378614,21.1610078,32,0.44,1.635,0,0.0,0.335,-0.0132,-0.0802,2.942,1.534,-0.46,-0.58,318.83,0.03,0.0,0.0,0.04,99695,1507,3,0.26,0.06,-0.05,0.01,49,-7,-227,0,3.06,0.01,0.012,0.024,19.37,19.88,11.72
723.836,flow_only,69.301,52.1378639,21.1609799,90.54,52.1378614,21.1610078,32,0.44,1.635,0,0.0,0.335,0.0791,-0.0902,2.938,1.534,-0.28,-1.27,318.96,0.03,0.0,0.01,0.06,99695,1507,3,0.26,0.06,-0.05,0.01,49,-6,290,0,3.07,0.04,0.0226,0.0439,18.54,18.04,10.35
723.936,flow_only,69.401,52.137865,21.1609784,90.54,52.1378638,21.1610047,32,0.44,1.697,91,0.0,0.3349,0.0008,0.006,2.96,1.539,0.04,-1.36,319.13,0.03,0.0,0.01,0.06,99695,1507,3,0.26,0.06,-0.05,0.01,49,-73,-78,0,3.07,0.05,0.0111,0.0221,19.03,18.95,12.88
724.036,flow_only,69.501,52.1378659,21.1609769,90.56,52.1378661,21.1610016,32,0.44,1.593,18,0.0,0.6698,-0.0258,-0.0286,2.962,1.55,-0.12,-1.37,319.31,0.03,0.0,0.05,0.05,99695,1507,3,0.26,0.06,-0.05,0.01,49,19,-173,0,3.1,0.06,0.0282,0.0555,17.96,18.07,12.7
724.136,flow_only,69.601,52.1378668,21.1609755,90.57,52.1378661,21.1610016,32,0.44,1.593,0,0.1675,0.5024,0.0678,0.0411,2.986,1.564,0.11,-1.24,319.42,0.03,0.0,0.02,0.06,99695,1507,3,0.26,0.06,-0.05,0.01,49,-48,-185,0,3.11,0.06,0.0189,0.0397,19.26,17.92,11.78
724.236,flow_only,69.701,52.1378677,21.160974,90.58,52.1378683,21.1609985,32,0.44,1.641,0,0.1675,0.1675,0.0008,-0.0398,2.99,1.579,0.2,-1.3,319.48,0.03,0.0,0.03,0.06,99695,1507,3,0.26,0.06,-0.05,0.01,49,292,23,0,3.12,0.06,0.0355,0.0723,16.02,16.64,12.11
724.337,flow_only,69.801,52.1378685,21.1609723,90.6,52.1378683,21.1609985,32,0.44,1.641,0,0.0,0.67,0.0587,-0.0495,3.002,1.594,0.24,-1.67,319.49,0.03,0.0,0.02,0.05,99695,1507,3,0.26,0.06,-0.05,0.01,49,-17,96,0,3.14,0.06,0.0228,0.0503,15.5,18.81,12.22
724.437,flow_only,69.901,52.1378694,21.1609708,90.61,52.1378706,21.1609954,32,0.44,1.678,127,0.0,0.335,0.0513,0.0145,3.008,1.604,0.72,-1.64,319.45,0.03,0.0,0.02,0.05,99695,1507,3,0.26,0.06,-0.05,0.01,49,-112,-159,0,3.13,0.04,0.0258,0.0497,17.3,21.03,10.93
724.536,flow_only,70.001,52.1378703,21.1609694,90.61,52.1378706,21.1609954,32,0.44,1.678,255,0.0,0.1675,-0.0109,-0.0553,2.984,1.608,0.76,-1.69,319.38,0.03,0.0,0.0,0.05,99695,1507,3,0.26,0.06,-0.05,0.01,49,294,169,0,3.13,0.04,0.0219,0.0454,18.72,22.52,12.86
724.636,flow_only,70.101,52.1378712,21.1609676,90.62,52.137873,21.1609924,32,0.44,1.599,127,0.0,0.5023,0.0496,0.0266,2.992,1.613,0.9,-1.82,319.21,0.03,0.0,0.02,0.06,99695,1507,3,0.26,0.07,-0.05,0.01,49,-12,68,0,3.14,0.04,0.0273,0.0572,18.02,18.28,12.08
724.736,flow_only,70.201,52.1378721,21.1609661,90.62,52.137873,21.1609924,32,0.44,1.599,36,0.0,0.5024,-0.0006,0.0582,2.986,1.616,0.88,-1.49,319.16,0.03,0.0,0.0,0.07,99695,1507,3,0.26,0.07,-0.05,0.01,49,-33,-42,0,3.14,0.06,0.011,0.0259,18.19,16.22,11.97
724.836,flow_only,70.301,52.1378732,21.1609642,90.62,52.137873,21.1609924,32,0.44,1.599,182,0.0,0.6698,0.0267,-0.052,2.994,1.616,1.02,-1.56,319.04,0.03,0.0,0.0,0.05,99695,1507,3,0.26,0.07,-0.05,0.01,49,-36,-33,0,3.13,0.05,0.0322,0.067,16.49,14.24,11.0
724.936,flow_only,70.401,52.1378742,21.1609623,90.62,52.1378753,21.1609895,32,0.44,1.677,109,0.0,0.3349,0.034,0.0842,3.002,1.618,1.28,-1.42,318.92,0.03,0.0,0.0,0.04,99695,1507,3,0.26,0.07,-0.05,0.01,49,118,-164,0,3.14,0.05,0.0317,0.0676,17.54,17.23,11.7
725.036,flow_only,70.501,52.1378752,21.1609606,90.62,52.1378778,21.1609867,32,0.44,1.681,54,0.0,0.5023,0.0331,0.1145,3.016,1.62,1.36,-0.85,318.97,0.03,0.0,0.0,0.07,99695,1507,3,0.26,0.07,-0.05,0.01,49,7,242,0,3.14,0.05,0.0282,0.0613,13.67,16.97,10.93
725.136,flow_only,70.601,52.1378762,21.1609589,90.63,52.1378778,21.1609867,32,0.44,1.681,109,0.1675,0.8374,0.0296,0.0141,3.03,1.621,1.57,-0.55,319.03,0.03,0.0,0.0,0.07,99695,1507,3,0.26,0.07,-0.05,0.01,49,-31,-124,0,3.13,0.03,0.0089,0.0233,14.53,19.43,11.97
725.236,flow_only,70.701,52.1378774,21.1609571,90.63,52.1378804,21.160984,32,0.44,1.654,236,0.0,0.3349,-0.0143,-0.0079,3.002,1.624,1.62,-0.55,319.07,0.03,0.0,0.02,0.03,99695,1507,3,0.26,0.07,-0.05,0.01,49,-2,-28,0,3.14,0.03,0.0312,0.0681,16.2,20.06,12.84
725.336,flow_only,70.801,52.1378784,21.1609554,90.63,52.1378804,21.160984,32,0.44,1.654,255,0.0,0.5025,0.0082,0.0689,3.0,1.624,1.53,-0.3,319.19,0.03,0.0,0.02,0.07,99695,1507,3,0.26,0.07,-0.05,0.01,49,47,-224,0,3.13,0.03,0.0237,0.0474,16.34,18.85,10.82
725.437,flow_only,70.901,52.1378793,21.1609541,90.63,52.1378829,21.1609814,32,0.44,1.632,255,-0.1675,0.67,-0.0014,0.009,3.006,1.621,1.53,-0.04,319.24,0.03,0.0,0.0,0.06,99695,1507,3,0.26,0.07,-0.05,0.01,49,-141,140,0,3.13,0.04,0.0196,0.0382,20.34,18.09,12.0
725.536,flow_only,71.001,52.1378803,21.1609529,90.62,52.1378829,21.1609814,32,0.44,1.632,255,0.0,0.3348,-0.0338,-0.1066,3.0,1.617,1.39,-0.43,319.27,0.03,0.0,0.01,0.05,99695,1507,3,0.26,0.07,-0.05,0.01,49,-122,19,0,3.12,0.03,0.0204,0.0413,17.11,19.76,11.99
725.636,flow_only,71.101,52.1378814,21.160952,90.62,52.1378854,21.160979,32,0.44,1.596,255,-0.1674,0.3349,-0.0877,-0.0436,3.0,1.61,1.22,-0.77,319.29,0.03,0.0,0.01,0.06,99695,1507,3,0.25,0.06,-0.05,0.01,49,-89,-67,0,3.11,0.02,0.0322,0.0676,18.06,16.82,12.16
725.736,flow_only,71.201,52.1378825,21.1609509,90.61,52.1378854,21.160979,32,0.44,1.596,218,-0.3349,0.8372,-0.1352,-0.0714,3.002,1.605,0.41,-1.14,319.43,0.03,0.0,0.0,0.05,99695,1507,3,0.25,0.06,-0.05,0.01,49,32,412,0,3.11,0.02,0.0195,0.0399,16.26,15.38,10.35
725.836,flow_only,71.301,52.1378837,21.1609499,90.61,52.1378854,21.160979,32,0.44,1.596,218,-0.1674,0.3349,-0.0973,-0.0551,3.008,1.604,-0.16,-1.5,319.45,0.03,0.0,0.02,0.06,99695,1507,3,0.25,0.06,-0.05,0.01,49,4,-81,0,3.11,0.02,0.0167,0.0362,14.42,17.21,11.78
725.936,flow_only,71.401,52.137885,21.1609489,90.61,52.137888,21.1609768,32,0.44,1.586,218,-0.1674,0.6696,-0.0763,0.0123,3.008,1.607,-0.64,-1.61,319.44,0.03,0.0,0.02,0.05,99695,1507,3,0.25,0.06,-0.05,0.01,49,3,51,0,3.12,0.02,0.0262,0.0561,17.93,19.48,11.21
726.036,flow_only,71.501,52.1378861,21.1609479,90.61,52.1378906,21.1609747,32,0.44,1.558,255,-0.1674,0.6698,-0.081,-0.0441,2.998,1.607,-1.12,-1.72,319.39,0.03,0.0,0.02,0.06,99695,1507,3,0.25,0.06,-0.05,0.01,49,162,-141,0,3.11,0.01,0.0171,0.0366,18.07,21.34,14.2
726.136,flow_only,71.601,52.1378872,21.1609467,90.61,52.1378906,21.1609747,32,0.44,1.558,255,-0.1674,0.5022,-0.0127,0.0292,3.0,1.604,-1.27,-1.68,319.31,0.03,0.0,0.02,0.06,99695,1507,3,0.25,0.06,-0.05,0.01,49,-254,353,0,3.1,0.02,0.0299,0.0615,16.07,18.25,11.98
726.236,flow_only,71.701,52.1378885,21.1609454,90.6,52.1378931,21.1609725,32,0.44,1.594,255,-0.1675,0.3349,0.0609,0.0348,3.02,1.6,-1.25,-1.64,319.26,0.03,0.0,0.01,0.04,99695,1507,3,0.25,0.06,-0.05,0.01,49,-85,-153,0,3.09,0.01,0.0249,0.055,17.52,24.58,13.61
726.336,flow_only,71.801,52.1378897,21.1609445,90.6,52.1378931,21.1609725,32,0.44,1.594,255,0.0,0.5024,-0.0533,0.0623,3.004,1.599,-1.15,-1.24,319.3,0.03,0.0,0.02,0.04,99695,1507,3,0.25,0.06,-0.05,0.01,49,35,-73,0,3.11,0.02,0.032,0.0685,23.37,22.86,13.04
726.437,flow_only,71.901,52.1378909,21.1609436,90.6,52.1378956,21.1609701,32,0.44,1.602,255,-0.1675,0.335,-0.0772,-0.0219,3.004,1.6,-1.6,-1.12,319.37,0.03,0.0,0.0,0.06,99695,1507,3,0.25,0.06,-0.05,0.01,49,152,-192,0,3.1,0.02,0.0211,0.0477,21.99,22.75,12.74
726.536,flow_only,72.001,52.1378921,21.1609425,90.6,52.1378956,21.1609701,32,0.44,1.602,218,-0.3349,0.6698,-0.0626,-0.0341,3.02,1.6,-1.96,-1.35,319.41,0.03,0.0,0.0,0.05,99695,1507,3,0.25,0.06,-0.05,0.01,49,-37,50,0,3.1,0.01,0.0163,0.0381,18.18,17.81,11.63
726.636,flow_only,72.101,52.1378933,21.1609412,90.6,52.1378981,21.1609677,32,0.44,1.595,255,0.0,0.3349,0.0118,-0.0002,3.03,1.597,-2.2,-1.59,319.42,0.03,0.0,0.01,0.07,99695,1507,3,0.25,0.06,-0.05,0.01,49,-57,-116,0,3.09,0.0,0.0104,0.0258,18.47,16.15,10.91
726.736,flow_only,72.201,52.1378945,21.1609398,90.6,52.1378981,21.1609677,32,0.44,1.595,255,0.0,0.3349,0.0098,0.0156,3.046,1.594,-2.02,-1.4,319.47,0.03,0.0,0.0,0.05,99695,1507,3,0.25,0.06,-0.05,0.01,49,0,-36,0,3.09,-0.01,0.0194,0.043,16.82,17.88,11.41
726.836,flow_only,72.301,52.1378958,21.1609382,90.6,52.1378981,21.1609677,32,0.44,1.595,236,0.0,0.8375,0.0715,0.111,3.045,1.593,-1.72,-1.08,319.57,0.03,0.0,0.01,0.07,99695,1507,3,0.25,0.06,-0.05,0.01,49,5,318,0,3.1,-0.01,0.0338,0.0705,14.73,18.72,11.96
726.936,flow_only,72.4,52.137897,21.1609368,90.6,52.1379005,21.1609652,32,0.44,1.553,255,0.0,0.5027,-0.0047,0.0828,3.038,1.595,-1.66,-0.58,319.8,0.03,0.0,0.03,0.07,99695,1507,3,0.25,0.06,-0.05,0.01,49,-12,-107,0,3.11,-0.01,0.0101,0.025,17.29,17.0,9.68
727.036,flow_only,72.501,52.137898,21.1609355,90.6,52.1379028,21.1609624,32,0.44,1.556,255,0.1675,0.335,0.0123,0.0435,3.046,1.598,-1.42,-0.08,320.05,0.03,0.0,0.0,0.05,99695,1507,3,0.25,0.06,-0.05,0.01,49,-224,-90,0,3.11,-0.01,0.0295,0.059,17.35,18.81,12.01
727.136,flow_only,72.601,52.1378991,21.1609343,90.61,52.1379028,21.1609624,32,0.44,1.556,255,0.0,0.3349,0.0027,-0.0565,3.028,1.6,-1.43,-0.12,320.33,0.03,0.0,0.0,0.04,99695,1507,3,0.25,0.06,-0.05,0.01,49,10,-175,0,3.11,-0.01,0.0168,0.0347,17.89,17.53,11.25
727.236,flow_only,72.701,52.1379001,21.1609331,90.61,52.137905,21.1609596,32,0.44,1.496,255,0.0,0.3349,-0.0044,-0.0458,3.044,1.6,-1.41,-0.51,320.52,0.03,0.0,0.0,0.06,99695,1507,3,0.25,0.06,-0.05,0.01,49,-17,105,0,3.11,-0.01,0.0114,0.0242,17.7,15.57,10.28
727.336,flow_only,72.801,52.1379011,21.1609318,90.6,52.137905,21.1609596,32,0.44,1.496,255,0.0,0.6698,0.0085,-0.0983,3.014,1.598,-1.41,-1.0,320.56,0.03,0.0,0.0,0.06,99695,1507,3,0.25,0.06,-0.05,0.01,49,-13,112,0,3.11,0.0,0.0073,0.0162,15.87,16.25,11.48
727.437,flow_only,72.901,52.1379021,21.1609305,90.6,52.137907,21.1609567,32,0.44,1.499,182,0.0,0.3349,0.0083,-0.0435,3.052,1.592,-1.22,-1.27,320.5,0.03,0.0,0.03,0.06,99695,1507,3,0.25,0.06,-0.05,0.01,49,-67,-112,0,3.09,0.0,0.0198,0.0424,18.52,17.38,13.42
727.536,flow_only,73.001,52.1379031,21.1609292,90.59,52.137907,21.1609567,32,0.44,1.499,255,0.0,0.5025,0.0291,0.0008,3.034,1.584,-1.25,-1.47,320.36,0.03,0.0,0.01,0.05,99695,1507,3,0.25,0.06,-0.05,0.01,49,-168,-280,0,3.08,-0.02,0.0284,0.0593,14.0,15.97,11.84
727.636,flow_only,73.101,52.1379041,21.1609282,90.58,52.1379091,21.1609538,32,0.44,1.504,218,0.0,0.6698,-0.0709,0.0074,3.054,1.575,-1.2,-1.32,320.15,0.03,0.0,0.01,0.05,99695,1507,3,0.25,0.06,-0.05,0.01,49,-248,-157,0,3.08,-0.04,0.0405,0.0842,17.34,21.32,12.39
727.736,flow_only,73.201,52.137905,21.1609273,90.57,52.1379091,21.1609538,32,0.44,1.504,145,-0.1674,0.3349,-0.069,-0.0408,3.062,1.566,-1.68,-1.42,319.92,0.03,0.0,0.0,0.05,99695,1507,3,0.25,0.06,-0.05,0.01,49,78,40,0,3.07,-0.06,0.0265,0.0582,17.46,17.8,10.64
727.836,flow_only,73.301,52.137906,21.1609261,90.57,52.1379091,21.1609538,32,0.44,1.504,218,0.0,0.3349,-0.0555,-0.1146,3.048,1.562,-2.04,-2.06,319.56,0.03,0.0,0.02,0.06,99695,1507,3,0.25,0.06,-0.05,0.01,49,35,-68,0,3.08,-0.06,0.0125,0.0291,15.83,15.74,10.85
727.936,flow_only,73.401,52.1379069,21.1609249,90.56,52.1379111,21.1609509,32,0.44,1.474,145,0.1674,0.3349,-0.0265,-0.0329,3.048,1.557,-2.13,-2.34,319.18,0.03,0.0,0.01,0.05,99695,1507,3,0.25,0.06,-0.05,0.01,49,-1,-247,0,3.07,-0.05,0.0343,0.0706,14.99,19.53,13.33
728.036,flow_only,73.501,52.1379077,21.1609237,90.56,52.1379131,21.1609479,32,0.44,1.512,236,0.0,0.3349,0.048,-0.0033,3.08,1.551,-2.13,-2.45,318.93,0.03,0.0,0.01,0.07,99695,1507,3,0.25,0.06,-0.05,0.01,49,-3,228,0,3.06,-0.06,0.0108,0.027,16.14,19.56,12.96
728.136,flow_only,73.601,52.1379086,21.1609223,90.55,52.1379131,21.1609479,32,0.44,1.512,218,0.1675,0.8375,0.032,-0.0632,3.062,1.543,-1.84,-2.7,318.71,0.03,0.0,0.02,0.06,99695,1507,3,0.25,0.06,-0.05,0.01,49,-91,40,0,3.06,-0.09,0.0097,0.0233,15.09,20.61,14.24
728.236,flow_only,73.701,52.1379097,21.1609207,90.54,52.1379151,21.1609447,32,0.44,1.585,236,0.1675,0.67,0.0094,-0.0218,3.07,1.536,-1.7,-2.9,318.52,0.03,0.0,0.0,0.06,99695,1507,3,0.25,0.06,-0.05,0.01,49,-74,-148,0,3.05,-0.09,0.0179,0.0329,15.48,19.36,12.77
728.336,flow_only,73.801,52.1379107,21.1609189,90.54,52.1379151,21.1609447,32,0.44,1.585,127,0.0,0.5023,0.0857,0.1339,3.072,1.532,-1.4,-2.5,318.46,0.03,0.0,0.03,0.06,99695,1507,3,0.25,0.06,-0.05,0.01,49,-90,-85,0,3.07,-0.08,0.0188,0.0369,14.51,15.44,11.33
728.437,flow_only,73.901,52.1379117,21.1609172,90.54,52.1379171,21.1609412,32,0.44,1.653,54,0.1675,0.3349,0.0841,0.0628,3.082,1.531,-0.94,-1.98,318.39,0.03,0.0,0.01,0.05,99695,1507,3,0.25,0.06,-0.05,0.01,49,215,232,0,3.07,-0.08,0.0259,0.0518,20.36,19.69,11.24
728.537,flow_only,74.001,52.1379126,21.1609154,90.54,52.1379171,21.1609412,32,0.44,1.653,145,0.1675,0.3349,0.1002,0.1099,3.102,1.532,-0.31,-1.41,318.37,0.03,0.0,0.02,0.07,99695,1507,3,0.25,0.06,-0.05,0.01,49,-24,-129,0,3.08,-0.08,0.0109,0.0229,18.86,17.77,12.14
728.637,flow_only,74.101,52.1379135,21.1609138,90.54,52.1379191,21.1609376,32,0.44,1.583,127,0.1675,0.3349,0.025,0.0414,3.052,1.532,-0.11,-0.97,318.5,0.03,0.0,0.0,0.04,99695,1507,3,0.25,0.06,-0.05,0.01,49,45,-120,0,3.08,-0.08,0.017,0.0325,19.55,17.74,11.41
728.736,flow_only,74.201,52.1379143,21.1609124,90.54,52.1379191,21.1609376,32,0.44,1.583,255,0.1675,0.6698,0.0447,-0.0986,3.054,1.531,0.09,-1.24,318.58,0.03,0.0,0.01,0.05,99695,1507,3,0.25,0.06,-0.05,0.01,49,-82,-22,0,3.08,-0.07,0.0271,0.0523,16.96,18.9,10.82
728.836,flow_only,74.301,52.137915,21.1609112,90.54,52.1379191,21.1609376,32,0.44,1.583,255,0.0,0.3349,0.0247,-0.0554,3.022,1.534,0.41,-1.6,318.66,0.03,0.0,0.04,0.04,99695,1507,3,0.25,0.06,-0.05,0.01,49,48,-236,0,3.1,-0.03,0.0513,0.1013,17.43,18.97,10.61
728.936,flow_only,74.401,52.1379157,21.1609097,90.55,52.1379211,21.1609341,32,0.44,1.643,236,0.0,0.3349,-0.0393,-0.0921,3.014,1.541,0.16,-2.06,318.88,0.03,0.0,0.03,0.06,99695,1507,3,0.25,0.06,-0.05,0.01,49,157,-82,0,3.11,0.0,0.0341,0.0724,18.28,18.38,9.72
729.036,flow_only,74.501,52.1379166,21.1609081,90.55,52.1379231,21.1609306,32,0.44,1.613,255,0.0,0.6698,0.0622,-0.0957,3.016,1.549,0.36,-2.67,319.05,0.03,0.0,0.03,0.06,99695,1507,3,0.25,0.06,-0.05,0.01,49,-77,-68,0,3.12,0.01,0.0125,0.0372,18.31,17.38,11.19
729.136,flow_only,74.601,52.1379174,21.1609064,90.56,52.1379231,21.1609306,32,0.44,1.613,255,0.1674,0.3349,0.0446,-0.0413,3.056,1.558,0.74,-2.89,319.23,0.03,0.0,0.03,0.04,99695,1507,3,0.25,0.06,-0.05,0.01,49,26,198,0,3.12,0.02,0.0218,0.0497,17.96,19.32,12.38
729.236,flow_only,74.701,52.1379184,21.1609047,90.57,52.1379252,21.1609271,32,0.44,1.689,218,0.1674,0.3349,0.0992,0.0763,3.036,1.569,1.09,-2.85,319.42,0.03,0.0,0.04,0.04,99695,1507,3,0.25,0.06,-0.05,0.01,49,86,17,0,3.14,0.02,0.0143,0.0421,17.16,18.47,11.67
729.336,flow_only,74.801,52.1379193,21.1609032,90.58,52.1379252,21.1609271,32,0.44,1.689,255,0.1675,1.0048,-0.0361,0.0814,3.02,1.578,1.26,-2.23,319.68,0.03,0.0,0.0,0.05,99695,1507,3,0.25,0.06,-0.05,0.01,49,-85,-135,0,3.14,0.01,0.0231,0.0473,17.86,20.27,11.17
729.437,flow_only,74.901,52.1379203,21.1609015,90.59,52.1379274,21.1609235,32,0.44,1.771,255,0.0,0.5023,-0.0265,-0.0427,3.024,1.585,1.01,-2.15,319.92,0.03,0.0,0.02,0.03,99695,1507,3,0.25,0.07,-0.05,0.01,49,11,-42,0,3.14,0.01,0.0201,0.0451,16.17,16.26,10.37
729.536,flow_only,75.001,52.1379213,21.1608998,90.6,52.1379274,21.1609235,32,0.44,1.771,255,0.1675,0.5024,0.0349,0.0705,3.01,1.594,1.14,-2.17,320.04,0.03,0.0,0.04,0.06,99695,1507,3,0.25,0.07,-0.05,0.01,49,94,-17,0,3.16,0.05,0.0198,0.0479,14.29,16.46,10.13
729.637,flow_only,75.101,52.1379222,21.1608981,90.61,52.1379297,21.1609199,32,0.44,1.724,182,0.0,0.335,-0.0279,0.0675,3.004,1.602,0.94,-1.75,320.24,0.03,0.0,0.0,0.05,99695,1507,3,0.25,0.06,-0.05,0.01,49,-43,-94,0,3.16,0.05,0.0123,0.0308,18.45,18.98,10.95
729.736,flow_only,75.2,52.1379233,21.1608964,90.62,52.1379297,21.1609199,32,0.44,1.724,218,0.0,0.5025,0.0009,0.0206,3.02,1.611,0.9,-1.54,320.37,0.03,0.0,0.04,0.07,99695,1507,3,0.25,0.06,-0.05,0.01,49,-23,-92,0,3.17,0.07,0.0122,0.0358,16.6,16.63,10.52
729.836,flow_only,75.301,52.1379244,21.1608948,90.63,52.1379297,21.1609199,32,0.44,1.724,127,0.0,0.8373,-0.0161,-0.0119,2.998,1.624,0.84,-1.53,320.47,0.03,0.0,0.04,0.06,99695,1507,3,0.25,0.06,-0.05,0.01,49,-20,127,0,3.18,0.09,0.0148,0.0393,16.83,18.21,12.84
729.936,flow_only,75.401,52.1379255,21.1608933,90.64,52.1379321,21.1609165,32,0.44,1.772,182,0.0,0.335,-0.0254,0.0595,2.994,1.634,0.9,-1.23,320.53,0.03,0.0,0.01,0.04,99695,1507,3,0.25,0.07,-0.05,0.01,49,-29,-60,0,3.18,0.09,0.0051,0.0176,18.22,16.6,11.99
730.036,flow_only,75.501,52.1379265,21.1608919,90.64,52.1379346,21.1609133,32,0.44,1.709,109,-0.1675,0.5026,-0.0667,-0.0175,2.992,1.639,0.55,-1.1,320.57,0.03,0.0,0.0,0.04,99695,1507,3,0.25,0.07,-0.05,0.01,49,63,-68,0,3.17,0.09,0.0124,0.0218,16.72,15.83,12.51
730.136,flow_only,75.601,52.1379277,21.1608906,90.65,52.1379346,21.1609133,32,0.44,1.709,182,-0.1675,0.67,0.0255,0.0185,3.002,1.643,0.42,-1.24,320.48,0.03,0.0,0.0,0.05,99695,1507,3,0.25,0.07,-0.05,0.01,49,-110,-133,0,3.17,0.09,0.0137,0.0245,15.52,17.04,11.72
730.236,flow_only,75.701,52.1379287,21.1608894,90.65,52.137937,21.1609101,32,0.44,1.731,72,0.0,0.335,-0.1017,-0.0001,3.004,1.648,0.18,-1.12,320.41,0.03,0.0,0.03,0.05,99695,1507,3,0.25,0.06,-0.05,0.01,49,43,-213,0,3.17,0.1,0.0325,0.0594,16.57,16.09,9.66
730.336,flow_only,75.801,52.1379297,21.1608883,90.66,52.137937,21.1609101,32,0.44,1.731,127,-0.1675,0.3349,-0.0621,-0.0968,2.996,1.655,-0.37,-1.41,320.27,0.03,0.0,0.03,0.06,99695,1507,3,0.25,0.06,-0.05,0.01,49,-48,387,0,3.18,0.1,0.0032,0.0117,15.99,15.55,10.34
730.436,flow_only,75.901,52.1379308,21.160887,90.67,52.1379395,21.160907,32,0.44,1.733,72,0.0,0.335,-0.013,-0.061,2.98,1.663,-0.34,-1.83,320.0,0.03,0.0,0.02,0.05,99695,1507,3,0.25,0.07,-0.05,0.01,49,4,-99,0,3.18,0.1,0.0098,0.0213,16.93,14.67,9.7
730.536,flow_only,76.001,52.1379319,21.1608857,90.67,52.1379395,21.160907,32,0.44,1.733,91,-0.1675,0.5025,-0.0008,0.018,2.97,1.67,-0.55,-1.96,319.79,0.03,0.0,0.0,0.06,99695,1507,3,0.25,0.07,-0.05,0.01,49,-88,-151,0,3.18,0.11,0.0178,0.0342,19.11,15.81,10.4
730.637,flow_only,76.101,52.137933,21.1608846,90.68,52.1379421,21.1609039,32,0.44,1.788,72,-0.1674,0.6698,-0.0512,0.0089,2.946,1.677,-0.69,-1.86,319.63,0.03,0.0,0.02,0.06,99695,1507,3,0.25,0.07,-0.05,0.01,49,27,-200,0,3.19,0.12,0.0143,0.0289,18.5,16.79,10.0
730.736,flow_only,76.201,52.137934,21.1608835,90.69,52.1379421,21.1609039,32,0.44,1.788,127,0.0,0.3349,-0.0445,-0.0603,2.94,1.681,-0.98,-1.95,319.54,0.03,0.0,0.01,0.05,99695,1507,3,0.25,0.07,-0.05,0.01,49,81,-158,0,3.17,0.14,0.0278,0.0518,17.1,18.02,10.66
730.836,flow_only,76.301,52.137935,21.160882,90.69,52.1379421,21.1609039,32,0.44,1.788,255,0.0,0.3349,-0.0152,-0.0238,2.95,1.686,-1.15,-2.29,319.48,0.03,0.0,0.03,0.07,99695,1507,3,0.25,0.07,-0.05,0.01,49,74,-93,0,3.18,0.15,0.0146,0.0268,18.42,19.75,10.63
730.936,flow_only,76.401,52.1379359,21.1608806,90.7,52.1379447,21.1609007,32,0.44,1.765,145,0.0,0.6701,0.0424,-0.0345,2.952,1.69,-1.13,-2.42,319.48,0.03,0.0,0.01,0.07,99695,1507,3,0.25,0.07,-0.05,0.01,49,21,-166,0,3.17,0.13,0.0214,0.0403,16.2,18.18,10.98
731.036,flow_only,76.501,52.137937,21.1608793,90.7,52.1379472,21.1608973,32,0.44,1.8,182,0.0,0.5024,0.0603,0.0128,2.952,1.698,-0.67,-2.4,319.56,0.03,0.0,0.04,0.05,99695,1507,3,0.25,0.07,-0.05,0.01,49,-69,339,0,3.18,0.15,0.0234,0.041,16.51,17.27,11.73
731.136,flow_only,76.601,52.1379381,21.1608779,90.71,52.1379472,21.1608973,32,0.44,1.8,145,0.0,0.5025,0.0445,0.0559,2.942,1.706,-0.51,-2.31,319.78,0.03,0.0,0.01,0.06,99695,1507,3,0.25,0.07,-0.05,0.01,49,180,-176,0,3.19,0.16,0.0105,0.0184,20.17,19.68,11.76
731.236,flow_only,76.701,52.1379392,21.1608764,90.72,52.1379497,21.1608938,32,0.44,1.819,255,0.0,0.5025,-0.0212,0.031,2.928,1.713,-0.39,-1.99,320.11,0.03,0.0,0.0,0.05,99695,1507,3,0.25,0.07,-0.05,0.01,49,-34,-85,0,3.19,0.16,0.001,0.0016,16.02,17.55,10.78
731.336,flow_only,76.801,52.1379402,21.160875,90.73,52.1379497,21.1608938,32,0.44,1.819,218,0.0,0.3349,0.0311,-0.0048,2.926,1.722,-0.38,-1.9,320.44,0.03,0.0,0.02,0.06,99695,1507,3,0.25,0.07,-0.05,0.01,49,18,-37,0,3.19,0.18,0.0057,0.0098,15.92,16.77,11.34
731.436,flow_only,76.901,52.1379413,21.1608736,90.74,52.1379522,21.1608902,32,0.44,1.893,236,0.0,0.8372,-0.0183,-0.0083,2.956,1.732,-0.31,-1.92,320.67,0.03,0.0,0.02,0.05,99695,1507,3,0.25,0.07,-0.05,0.01,49,-18,337,0,3.2,0.19,0.0181,0.0334,19.16,16.39,10.86
731.536,flow_only,77.001,52.1379424,21.1608721,90.74,52.1379522,21.1608902,32,0.44,1.893,236,0.0,0.8373,0.0125,-0.0155,2.936,1.737,-0.48,-2.17,320.78,0.03,0.0,0.02,0.05,99695,1507,3,0.25,0.07,-0.05,0.01,49,45,-129,0,3.19,0.15,0.0094,0.021,16.67,15.63,10.92
731.637,flow_only,77.101,52.1379435,21.1608705,90.75,52.1379548,21.1608866,32,0.44,1.858,255,0.0,0.335,-0.0178,0.0388,2.93,1.744,-0.42,-1.95,320.8,0.03,0.0,0.03,0.06,99695,1507,3,0.25,0.07,-0.05,0.01,49,-17,-74,0,3.2,0.15,0.0026,0.0038,16.58,17.11,12.04
731.736,flow_only,77.201,52.1379447,21.1608689,90.75,52.1379548,21.1608866,32,0.44,1.858,236,0.0,0.5023,0.0414,0.0837,2.94,1.75,-0.45,-1.72,320.73,0.03,0.0,0.01,0.05,99695,1507,3,0.25,0.07,-0.05,0.01,49,38,451,0,3.19,0.18,0.0365,0.0697,17.4,16.7,11.0
731.836,flow_only,77.301,52.1379459,21.1608673,90.76,52.1379548,21.1608866,32,0.44,1.858,255,0.0,0.5025,-0.0516,0.0726,2.932,1.75,-0.49,-1.25,320.65,0.03,0.0,0.02,0.06,99695,1507,3,0.25,0.07,-0.05,0.01,49,-50,-126,0,3.18,0.17,0.0138,0.0339,16.29,16.79,10.22
731.936,flow_only,77.401,52.1379471,21.1608655,90.75,52.1379574,21.160883,32,0.44,1.88,182,0.0,0.67,0.0024,0.1194,2.928,1.745,-0.49,-0.63,320.57,0.03,0.0,0.04,0.07,99695,1507,3,0.25,0.07,-0.05,0.01,49,-152,-145,0,3.16,0.14,0.0261,0.0602,18.16,14.04,9.89
732.036,flow_only,77.501,52.1379483,21.160864,90.75,52.13796,21.1608795,32,0.44,1.841,255,0.0,1.0049,-0.0212,0.0982,2.912,1.742,-0.64,-0.05,320.54,0.03,0.0,0.0,0.05,99695,1507,3,0.25,0.07,-0.05,0.01,49,33,-142,0,3.16,0.14,0.0059,0.025,16.37,16.13,10.16
732.136,flow_only,77.601,52.1379494,21.1608624,90.74,52.13796,21.1608795,32,0.44,1.841,255,0.0,0.5024,-0.0072,-0.0386,2.912,1.737,-0.67,0.04,320.4,0.03,0.0,0.03,0.06,99695,1507,3,0.25,0.07,-0.05,0.01,49,3,424,0,3.14,0.14,0.0256,0.0567,18.06,19.54,10.29
732.236,flow_only,77.701,52.1379505,21.1608608,90.74,52.1379625,21.160876,32,0.44,1.813,255,0.0,0.5023,0.0075,-0.0256,2.898,1.733,-0.62,-0.13,320.22,0.03,0.0,0.02,0.05,99695,1507,3,0.25,0.07,-0.05,0.01,49,-7,-166,0,3.13,0.14,0.008,0.0338,16.86,16.96,9.82
732.336,flow_only,77.801,52.1379516,21.1608594,90.74,52.1379625,21.160876,32,0.44,1.813,255,0.0,0.67,0.0407,-0.0122,2.884,1.73,-0.57,-0.32,320.06,0.03,0.0,0.0,0.05,99695,1507,3,0.25,0.07,-0.05,0.01,49,5,32,0,3.13,0.15,0.006,0.0252,16.66,14.18,9.58
732.436,flow_only,77.901,52.1379527,21.1608579,90.74,52.137965,21.1608726,32,0.44,1.715,255,0.0,0.5025,-0.0228,-0.0422,2.874,1.733,-0.38,-0.29,319.97,0.03,0.0,0.02,0.03,99695,1507,3,0.25,0.07,-0.05,0.01,49,115,-212,0,3.14,0.15,0.0106,0.0214,16.47,15.82,10.8
732.536,flow_only,78.001,52.1379537,21.1608564,90.75,52.137965,21.1608726,32,0.44,1.715,255,0.0,0.5025,0.0372,-0.0003,2.912,1.741,-0.37,-0.47,319.9,0.03,0.0,0.03,0.05,99695,1507,3,0.25,0.07,-0.05,0.01,49,0,365,0,3.15,0.18,0.0335,0.0626,17.32,15.52,9.18
732.637,flow_only,78.101,52.1379548,21.1608549,90.76,52.1379674,21.1608692,32,0.44,1.732,218,0.0,0.8372,-0.0234,-0.0212,2.902,1.756,-0.32,-0.54,319.89,0.03,0.0,0.05,0.07,99695,1507,3,0.25,0.06,-0.05,0.01,49,0,18,0,3.18,0.18,0.0134,0.0319,15.72,16.5,11.07
732.736,flow_only,78.201,52.1379558,21.1608534,90.78,52.1379674,21.1608692,32,0.44,1.732,255,0.0,0.3351,0.0327,0.0422,2.962,1.774,-0.21,-0.39,319.89,0.03,0.0,0.0,0.05,99695,1507,3,0.25,0.06,-0.05,0.01,49,25,-149,0,3.18,0.2,0.0038,0.0133,14.55,18.39,10.17
732.836,flow_only,78.301,52.1379569,21.1608519,90.79,52.1379674,21.1608692,32,0.44,1.732,218,0.0,0.5024,-0.0303,-0.0161,2.95,1.788,-0.39,-0.38,319.97,0.03,0.0,0.01,0.05,99695,1507,3,0.25,0.06,-0.05,0.01,49,-11,493,0,3.18,0.16,0.0365,0.0685,18.71,16.56,10.37
732.936,flow_only,78.401,52.137958,21.1608503,90.81,52.1379698,21.1608659,32,0.44,1.727,255,0.0,0.3349,-0.0193,-0.0178,2.944,1.803,-0.47,-0.53,320.04,0.03,0.0,0.03,0.07,99695,1507,3,0.25,0.07,-0.05,0.01,49,20,-137,0,3.2,0.16,0.0173,0.0369,16.44,16.2,10.72
733.036,flow_only,78.501,52.137959,21.1608488,90.82,52.1379721,21.1608627,32,0.44,1.674,218,0.0,0.5024,-0.0103,0.0156,2.944,1.815,-0.56,-0.39,320.11,0.03,0.0,0.0,0.06,99695,1507,3,0.25,0.07,-0.05,0.01,49,18,-155,0,3.2,0.16,0.0089,0.0135,16.21,17.16,11.71
733.136,flow_only,78.601,52.1379601,21.1608473,90.83,52.1379721,21.1608627,32,0.44,1.674,255,0.0,0.6699,0.0348,-0.056,2.934,1.827,-0.52,-0.64,320.05,0.03,0.0,0.03,0.06,99695,1507,3,0.25,0.07,-0.05,0.01,49,13,-116,0,3.21,0.19,0.0096,0.0227,17.86,21.52,11.77
733.236,flow_only,78.701,52.1379611,21.1608458,90.84,52.1379745,21.1608594,32,0.44,1.682,255,0.0,0.5025,0.0139,-0.0187,2.926,1.834,-0.23,-0.68,319.93,0.03,0.0,0.03,0.05,99695,1507,3,0.25,0.07,-0.05,0.01,49,94,371,0,3.2,0.17,0.0336,0.065,15.57,18.01,10.3
733.336,flow_only,78.8,52.1379621,21.1608442,90.85,52.1379745,21.1608594,32,0.44,1.682,145,0.0,0.335,0.0429,0.0021,2.916,1.842,-0.18,-0.87,319.76,0.03,0.0,0.03,0.07,99695,1507,3,0.25,0.07,-0.05,0.01,49,170,-78,0,3.21,0.2,0.0304,0.0596,15.28,17.44,10.09
733.436,flow_only,78.901,52.1379629,21.1608426,90.85,52.1379767,21.1608562,32,0.44,1.626,255,0.1675,0.8375,0.0003,0.0081,2.93,1.85,0.01,-0.69,319.65,0.03,0.0,0.0,0.05,99695,1507,3,0.25,0.07,-0.05,0.01,49,114,-9,0,3.21,0.2,0.0252,0.0484,17.55,18.08,11.61
733.536,flow_only,79.001,52.1379638,21.1608408,90.86,52.1379767,21.1608562,32,0.44,1.626,255,0.1675,0.5024,0.1057,0.0363,2.94,1.855,0.37,-0.54,319.56,0.03,0.0,0.0,0.05,99695,1507,3,0.25,0.07,-0.05,0.01,49,84,-162,0,3.2,0.19,0.0354,0.0712,15.33,16.73,10.88
733.637,flow_only,79.101,52.1379647,21.1608392,90.87,52.137979,21.1608531,32,0.44,1.608,182,0.0,0.3349,0.0168,-0.0203,2.944,1.86,0.55,-0.66,319.6,0.03,0.0,0.0,0.06,99695,1507,3,0.25,0.07,-0.05,0.01,49,-23,82,0,3.2,0.19,0.0118,0.0266,16.34,19.71,10.09
733.736,flow_only,79.201,52.1379656,21.1608377,90.87,52.137979,21.1608531,32,0.44,1.608,127,0.0,0.335,0.0706,-0.0272,2.938,1.865,0.98,-0.7,319.73,0.03,0.0,0.0,0.05,99695,1507,3,0.25,0.07,-0.05,0.01,49,-37,62,0,3.2,0.17,0.0079,0.0186,18.57,18.68,11.24
733.836,flow_only,79.301,52.1379668,21.1608359,90.88,52.137979,21.1608531,32,0.44,1.608,182,0.0,0.1675,-0.0112,-0.0144,2.934,1.873,1.03,-1.01,319.91,0.03,0.0,0.03,0.04,99695,1507,3,0.25,0.07,-0.05,0.01,49,117,95,0,3.21,0.19,0.0486,0.095,16.84,17.68,11.46
733.936,flow_only,79.401,52.1379679,21.160834,90.89,52.1379811,21.1608501,32,0.44,1.516,255,0.0,0.8375,0.0207,0.0111,2.912,1.884,1.0,-1.03,320.08,0.03,0.0,0.02,0.05,99695,1507,3,0.25,0.07,-0.05,0.01,49,16,371,0,3.22,0.2,0.0545,0.1069,14.66,19.43,11.05
734.036,flow_only,79.501,52.137969,21.1608324,90.9,52.1379833,21.1608473,32,0.44,1.568,255,0.0,0.3349,0.0323,0.1151,2.928,1.894,1.38,-0.53,320.29,0.03,0.0,0.0,0.05,99695,1507,3,0.25,0.07,-0.05,0.01,49,-64,-183,0,3.22,0.21,0.0135,0.0305,20.04,16.75,11.79
734.136,flow_only,79.601,52.13797,21.1608312,90.91,52.1379833,21.1608473,32,0.44,1.568,236,0.0,0.335,-0.0132,0.0724,2.91,1.903,1.23,-0.03,320.63,0.03,0.0,0.01,0.07,99695,1507,3,0.25,0.07,-0.05,0.01,49,42,-210,0,3.21,0.21,0.0257,0.0437,18.12,15.64,11.54
734.236,flow_only,79.701,52.137971,21.1608299,90.92,52.1379833,21.1608473,32,0.44,1.568,255,-0.1674,0.8371,-0.0888,-0.0557,2.904,1.913,0.99,-0.0,320.86,0.03,0.0,0.02,0.04,99695,1507,3,0.25,0.07,-0.05,0.01,49,-133,-155,0,3.23,0.21,0.0156,0.0291,16.91,16.71,11.09
734.336,flow_only,79.801,52.137972,21.1608288,90.92,52.1379856,21.1608446,32,0.44,1.508,200,-0.1674,0.3349,-0.0605,-0.114,2.912,1.919,0.55,-0.51,320.97,0.03,0.0,0.03,0.07,99695,1507,3,0.25,0.07,-0.05,0.01,49,-61,146,0,3.21,0.21,0.0078,0.0182,17.23,15.43,10.6
734.436,flow_only,79.901,52.1379731,21.1608277,90.93,52.1379879,21.160842,32,0.44,1.522,255,0.0,0.3349,-0.0416,-0.0772,2.908,1.921,0.27,-1.16,320.88,0.03,0.0,0.01,0.06,99695,1507,3,0.25,0.06,-0.05,0.01,49,-81,196,0,3.2,0.21,0.0247,0.0471,15.16,15.23,11.23
734.536,flow_only,80.001,52.1379742,21.1608265,90.93,52.1379879,21.160842,32,0.44,1.522,255,-0.1675,0.335,-0.0777,-0.0391,2.872,1.924,-0.16,-1.5,320.79,0.03,0.0,0.01,0.06,99695,1507,3,0.25,0.06,-0.05,0.01,49,-55,-28,0,3.2,0.21,0.0143,0.0295,16.43,16.83,11.91
734.637,flow_only,80.101,52.1379753,21.1608255,90.94,52.1379901,21.1608395,32,0.44,1.415,255,0.0,0.335,-0.0899,0.0328,2.888,1.931,-0.52,-1.29,320.68,0.03,0.0,0.02,0.04,99695,1507,3,0.24,0.07,-0.05,0.01,49,101,-168,0,3.21,0.24,0.0196,0.0392,18.15,15.61,11.51
734.736,flow_only,80.201,52.1379765,21.1608243,90.94,52.1379901,21.1608395,32,0.44,1.415,255,-0.3349,0.8373,-0.0968,-0.0114,2.89,1.939,-1.09,-1.29,320.51,0.03,0.0,0.0,0.07,99695,1507,3,0.24,0.07,-0.05,0.01,49,-10,-112,0,3.21,0.24,0.0187,0.0374,15.94,15.32,10.34
734.837,flow_only,80.301,52.1379777,21.1608233,90.95,52.1379901,21.1608395,32,0.44,1.415,255,0.0,0.3349,0.0022,-0.0115,2.896,1.947,-1.38,-1.5,320.27,0.03,0.0,0.0,0.05,99695,1507,3,0.24,0.07,-0.05,0.01,49,-32,-86,0,3.21,0.24,0.0141,0.0319,17.81,16.16,10.3
734.936,flow_only,80.401,52.137979,21.1608223,90.96,52.1379923,21.1608372,32,0.44,1.448,255,0.0,0.3349,-0.0444,0.0446,2.884,1.954,-1.32,-1.28,320.1,0.03,0.0,0.02,0.06,99695,1507,3,0.24,0.07,-0.05,0.01,49,-315,-133,0,3.21,0.24,0.0485,0.0981,15.15,15.42,8.91
735.036,flow_only,80.501,52.1379801,21.1608214,90.96,52.1379945,21.1608347,32,0.44,1.443,255,0.0,0.8373,-0.0991,0.0056,2.87,1.96,-1.87,-1.1,320.05,0.03,0.0,0.01,0.08,99695,1507,3,0.24,0.07,-0.05,0.01,49,155,-157,0,3.21,0.24,0.0199,0.0451,18.3,19.72,9.32
735.136,flow_only,80.601,52.1379811,21.1608204,90.97,52.1379945,21.1608347,32,0.44,1.443,255,-0.1674,0.3348,-0.0762,-0.0499,2.884,1.966,-2.38,-1.31,320.01,0.03,0.0,0.0,0.05,99695,1507,3,0.24,0.07,-0.05,0.01,49,-15,270,0,3.21,0.24,0.0059,0.0165,15.87,17.83,11.15
735.236,flow_only,80.701,52.1379822,21.1608192,90.97,52.1379966,21.1608323,32,0.44,1.471,255,-0.1674,0.1674,0.0008,-0.0906,2.896,1.967,-2.61,-1.75,319.97,0.03,0.0,0.05,0.06,99695,1507,3,0.24,0.06,-0.05,0.01,49,96,-39,0,3.19,0.23,0.0079,0.0274,15.63,17.07,10.99
735.336,flow_only,80.801,52.1379833,21.1608177,90.97,52.1379966,21.1608323,32,0.44,1.471,182,0.335,0.67,0.0654,0.0062,2.888,1.967,-2.26,-1.88,319.91,0.03,0.0,0.0,0.08,99695,1507,3,0.24,0.06,-0.05,0.01,49,-41,-91,0,3.18,0.21,0.0205,0.0423,17.73,15.43,10.25
735.436,flow_only,80.901,52.1379843,21.160816,90.97,52.1379988,21.1608297,32,0.44,1.425,255,0.0,0.335,0.0981,0.0661,2.895,1.967,-1.99,-1.79,319.92,0.03,0.0,0.01,0.06,99695,1507,3,0.24,0.06,-0.05,0.01,49,143,-114,0,3.18,0.21,0.0378,0.0756,14.66,14.38,9.58
735.536,flow_only,81.001,52.1379852,21.1608143,90.97,52.1379988,21.1608297,32,0.44,1.425,255,0.1675,0.335,0.0965,0.0797,2.885,1.967,-1.35,-1.22,319.94,0.03,0.0,0.01,0.06,99695,1507,3,0.24,0.06,-0.05,0.01,49,375,267,0,3.17,0.2,0.0512,0.1026,17.68,14.98,11.35
735.637,flow_only,81.101,52.137986,21.1608124,90.97,52.1380007,21.160827,32,0.44,1.432,255,0.1675,0.8373,0.1067,0.0367,2.872,1.964,-0.77,-0.88,320.01,0.03,0.0,0.03,0.06,99695,1507,3,0.24,0.06,-0.05,0.01,49,35,-184,0,3.16,0.2,0.0431,0.0849,15.63,14.98,10.32
735.736,flow_only,81.201,52.1379868,21.1608108,90.97,52.1380007,21.160827,32,0.44,1.432,255,0.1674,0.3349,0.1289,-0.0082,2.88,1.964,-0.13,-0.81,320.13,0.03,0.0,0.0,0.08,99695,1507,3,0.24,0.06,-0.05,0.01,49,-139,-136,0,3.16,0.21,0.0302,0.0596,12.93,14.52,10.24
735.836,flow_only,81.301,52.1379876,21.1608091,90.97,52.1380007,21.160827,32,0.44,1.432,200,0.3349,0.5024,0.119,-0.0978,2.878,1.964,0.6,-1.22,320.19,0.03,0.0,0.03,0.04,99695,1507,3,0.24,0.06,-0.05,0.01,49,346,410,0,3.15,0.19,0.0373,0.0811,15.77,15.5,10.05
735.936,flow_only,81.401,52.1379884,21.1608074,90.97,52.1380027,21.160824,32,0.44,1.455,255,0.0,0.8372,0.0461,-0.0401,2.876,1.963,1.07,-1.55,320.22,0.03,0.0,0.03,0.05,99695,1507,3,0.24,0.06,-0.05,0.01,49,-153,-45,0,3.14,0.18,0.0112,0.0366,14.31,14.9,9.84
736.036,flow_only,81.501,52.1379893,21.1608058,90.97,52.1380046,21.1608212,32,0.44,1.37,200,0.0,0.3349,0.0966,0.0353,2.862,1.967,1.41,-1.61,320.24,0.03,0.0,0.02,0.05,99695,1507,3,0.24,0.06,-0.05,0.01,49,-53,-250,0,3.16,0.2,0.016,0.0332,14.25,14.41,8.62
736.136,flow_only,81.601,52.1379901,21.1608047,90.98,52.1380046,21.1608212,32,0.44,1.37,218,0.0,0.3349,-0.081,-0.0212,2.878,1.97,1.53,-1.42,320.24,0.03,0.0,0.02,0.05,99695,1507,3,0.24,0.06,-0.05,0.01,49,71,-176,0,3.15,0.2,0.044,0.0865,16.64,15.12,9.16
736.236,flow_only,81.701,52.1379909,21.1608035,90.98,52.1380066,21.1608186,32,0.44,1.422,255,-0.1675,0.335,-0.0302,-0.0483,2.87,1.976,1.11,-1.69,320.26,0.03,0.0,0.0,0.05,99695,1507,3,0.24,0.06,-0.05,0.01,49,103,278,0,3.16,0.2,0.0093,0.024,13.8,15.84,8.23
736.336,flow_only,81.801,52.1379918,21.1608022,90.99,52.1380066,21.1608186,32,0.44,1.422,255,-0.1675,0.3349,-0.11,-0.0512,2.88,1.982,0.64,-2.0,320.34,0.03,0.0,0.01,0.06,99695,1507,3,0.24,0.06,-0.05,0.01,49,68,-66,0,3.15,0.2,0.0146,0.0336,15.79,16.77,8.49
736.436,flow_only,81.901,52.1379928,21.1608008,90.99,52.1380087,21.160816,32,0.44,1.466,255,0.0,0.6698,-0.0329,-0.032,2.87,1.99,0.35,-2.21,320.39,0.03,0.0,0.0,0.05,99695,1507,3,0.24,0.06,-0.05,0.01,49,64,-103,0,3.16,0.2,0.0012,0.0081,16.56,15.31,8.96
736.536,flow_only,82.001,52.1379939,21.1607993,91.0,52.1380087,21.160816,32,0.44,1.466,255,-0.1675,0.335,-0.0388,0.0223,2.88,1.997,-0.01,-2.26,320.47,0.03,0.0,0.02,0.03,99695,1507,3,0.24,0.06,-0.05,0.01,49,90,-119,0,3.15,0.2,0.0104,0.0217,15.89,17.72,10.3
736.636,flow_only,82.101,52.1379949,21.160798,91.0,52.1380109,21.1608134,32,0.44,1.481,255,-0.1675,0.335,-0.0132,0.0306,2.878,1.999,-0.13,-2.08,320.56,0.03,0.0,0.05,0.05,99695,1507,3,0.24,0.07,-0.05,0.01,49,34,165,0,3.14,0.2,0.0069,0.0231,16.47,16.62,11.41
736.736,flow_only,82.201,52.1379959,21.1607966,91.01,52.1380109,21.1608134,32,0.44,1.481,255,0.0,0.8375,0.0051,0.0225,2.872,2.003,-0.1,-1.84,320.7,0.03,0.0,0.0,0.04,99695,1507,3,0.24,0.07,-0.05,0.01,49,2,-31,0,3.15,0.19,0.0138,0.0293,15.96,15.31,10.32
736.836,flow_only,82.301,52.1379969,21.1607953,91.01,52.1380109,21.1608134,32,0.44,1.481,109,0.0,0.335,0.0489,-0.0006,2.898,2.008,0.01,-1.9,320.81,0.03,0.0,0.0,0.04,99695,1507,3,0.24,0.07,-0.05,0.01,49,17,18,0,3.16,0.19,0.0089,0.0187,15.51,18.14,10.28
736.936,flow_only,82.401,52.137998,21.160794,91.02,52.138013,21.1608108,32,0.44,1.498,236,0.0,0.3349,-0.0076,-0.0165,2.912,2.014,0.22,-1.85,320.95,0.03,0.0,0.01,0.05,99695,1507,3,0.24,0.07,-0.05,0.01,49,-39,340,0,3.16,0.18,0.0127,0.0225,14.47,15.84,10.43
737.036,flow_only,82.501,52.1379991,21.1607926,91.02,52.1380153,21.1608082,32,0.44,1.565,255,0.0,0.5024,0.05,0.0631,2.91,2.019,0.34,-1.78,321.11,0.03,0.0,0.01,0.06,99695,1507,3,0.24,0.08,-0.05,0.01,49,25,-131,0,3.16,0.18,0.0056,0.0136,15.15,18.12,9.66
737.136,flow_only,82.601,52.1380003,21.1607911,91.03,52.1380153,21.1608082,32,0.44,1.565,255,0.0,0.5025,-0.0694,0.0957,2.928,2.021,0.22,-1.32,321.35,0.03,0.0,0.02,0.05,99695,1507,3,0.24,0.08,-0.05,0.01,49,-8,-251,0,3.15,0.16,0.0077,0.0194,16.98,16.0,10.22
737.236,flow_only,82.701,52.1380015,21.1607897,91.03,52.1380176,21.1608056,32,0.44,1.475,236,-0.1675,0.8375,-0.0444,0.101,2.954,2.021,-0.06,-0.66,321.51,0.03,0.0,0.01,0.06,99695,1507,3,0.24,0.07,-0.05,0.01,49,-86,-124,0,3.15,0.16,0.0099,0.0222,15.57,17.41,9.04
737.336,flow_only,82.801,52.1380026,21.1607883,91.02,52.1380176,21.1608056,32,0.44,1.475,163,0.0,0.5025,0.0166,0.1672,2.962,2.017,-0.08,0.0,321.47,0.03,0.0,0.04,0.06,99695,1507,3,0.24,0.07,-0.05,0.01,49,40,251,0,3.14,0.12,0.0149,0.0336,14.69,15.0,9.6
737.436,flow_only,82.901,52.1380036,21.160787,91.02,52.1380198,21.1608031,32,0.44,1.488,72,-0.1675,0.5024,-0.0491,0.1683,2.962,2.016,-0.29,0.93,321.4,0.03,0.0,0.01,0.05,99695,1507,3,0.24,0.07,-0.05,0.01,49,60,-157,0,3.15,0.11,0.0273,0.0496,16.53,17.64,11.16
737.536,flow_only,83.001,52.1380045,21.160786,91.02,52.1380198,21.1608031,32,0.44,1.488,255,0.0,1.0052,-0.0318,0.1383,2.974,2.013,-0.37,2.0,321.24,0.03,0.0,0.03,0.05,99695,1507,3,0.24,0.07,-0.05,0.01,49,27,-346,0,3.14,0.09,0.0586,0.1116,15.21,14.02,9.8
737.636,flow_only,83.101,52.1380054,21.160785,91.01,52.138022,21.1608007,32,0.44,1.413,255,0.0,0.3349,-0.0647,0.025,2.982,2.008,-0.7,2.39,320.99,0.03,0.0,0.03,0.04,99695,1507,3,0.24,0.07,-0.05,0.01,49,-85,-32,0,3.13,0.08,0.0172,0.0393,14.3,15.19,8.71
737.736,flow_only,83.201,52.1380063,21.160784,91.0,52.138022,21.1608007,32,0.44,1.413,255,0.0,0.335,0.0193,0.056,2.972,1.999,-0.93,2.41,320.63,0.03,0.0,0.05,0.03,99695,1507,3,0.24,0.07,-0.05,0.01,49,88,252,0,3.11,0.05,0.0098,0.0284,15.88,15.11,10.66
737.836,flow_only,83.301,52.1380072,21.1607828,90.99,52.138022,21.1608007,32,0.44,1.413,255,0.0,0.335,-0.041,0.1337,2.97,1.99,-0.93,3.11,320.31,0.03,0.0,0.02,0.05,99695,1507,3,0.24,0.07,-0.05,0.01,49,16,270,0,3.1,0.04,0.013,0.0293,12.65,15.05,9.43
737.936,flow_only,83.401,52.138008,21.1607817,90.99,52.1380241,21.1607985,32,0.44,1.362,236,-0.1675,0.3349,0.0058,0.1267,2.974,1.981,-1.15,3.89,320.07,0.03,0.0,0.02,0.04,99695,1507,3,0.24,0.08,-0.05,0.01,49,83,-217,0,3.09,0.04,0.0125,0.0326,13.56,16.71,8.19
738.036,flow_only,83.501,52.1380086,21.1607806,90.98,52.138026,21.1607965,32,0.44,1.186,145,0.1675,0.6698,0.0673,0.11,2.98,1.971,-0.94,4.47,319.79,0.03,0.0,0.04,0.04,99695,1507,3,0.24,0.08,-0.05,0.01,49,-2,342,0,3.08,0.03,0.0109,0.032,15.93,14.18,9.15
738.136,flow_only,83.601,52.1380093,21.1607798,90.96,52.138026,21.1607965,32,0.44,1.186,218,0.0,0.5024,0.0043,0.1025,2.98,1.956,-0.66,5.17,319.57,0.03,0.0,0.04,0.04,99695,1507,3,0.24,0.08,-0.05,0.01,49,-62,-179,0,3.05,0.01,0.0193,0.0479,18.4,18.11,10.22
738.236,flow_only,83.701,52.1380097,21.1607793,90.95,52.1380277,21.1607947,32,0.44,1.006,163,0.0,0.3349,0.0418,0.1357,2.976,1.943,-0.56,5.96,319.43,0.03,0.0,0.01,0.05,99695,1507,3,0.24,0.08,-0.05,0.01,49,27,-272,0,3.05,0.0,0.0425,0.0855,17.09,17.19,9.31
738.336,flow_only,83.801,52.1380102,21.1607788,90.94,52.1380277,21.1607947,32,0.44,1.006,255,-0.1675,0.3349,-0.0269,-0.0172,2.952,1.931,-0.63,6.18,319.29,0.03,0.0,0.03,0.04,99695,1507,3,0.24,0.08,-0.05,0.01,49,20,-22,0,3.04,0.0,0.0156,0.0376,17.86,18.6,10.75
738.436,flow_only,83.901,52.1380106,21.1607784,90.92,52.138029,21.1607935,32,0.44,0.705,127,0.0,0.1675,-0.0232,-0.1201,2.967,1.917,-0.81,5.72,319.16,0.03,0.0,0.05,0.03,99695,1507,3,0.24,0.08,-0.05,0.01,49,49,-5,0,3.02,0.0,0.0182,0.046,17.53,18.28,9.29
738.536,flow_only,84.001,52.1380109,21.160778,90.91,52.138029,21.1607935,32,0.44,0.705,255,0.0,0.1675,0.0307,-0.0468,2.962,1.906,-0.6,5.33,319.0,0.03,0.0,0.02,0.04,99695,1507,3,0.24,0.08,-0.05,0.01,49,-32,35,0,3.01,0.0,0.0083,0.0247,15.43,17.12,11.09
738.636,flow_only,84.101,52.1380112,21.1607777,90.9,52.13803,21.1607927,32,0.46,0.503,218,-0.1674,0.0,-0.0548,-0.0975,2.954,1.896,-0.87,4.87,318.96,0.03,0.0,0.02,0.04,99695,1507,3,0.25,0.11,-0.05,0.01,49,79,-97,0,3.01,0.0,0.0072,0.022,14.85,21.13,10.03
738.736,flow_only,84.201,52.1380115,21.1607775,90.89,52.13803,21.1607927,32,0.46,0.503,255,0.0,0.0,0.022,-0.1306,2.958,1.888,-0.9,4.12,318.85,0.03,0.0,0.03,0.05,99695,1507,3,0.25,0.11,-0.05,0.01,49,19,4,0,3.0,-0.01,0.0112,0.0272,16.57,18.6,10.04
738.836,flow_only,84.301,52.1380116,21.1607773,90.89,52.13803,21.1607927,32,0.46,0.503,255,0.0,0.0,-0.0085,-0.1298,2.968,1.883,-0.77,3.45,318.73,0.03,0.0,0.02,0.05,99695,1507,3,0.25,0.11,-0.05,0.01,49,-19,6,0,3.0,-0.02,0.0106,0.0241,15.88,22.07,10.83
738.936,flow_only,84.401,52.1380118,21.1607772,90.88,52.1380307,21.1607921,32,0.44,0.419,255,0.0,0.0,0.0281,-0.0646,2.966,1.877,-0.79,2.9,318.68,0.03,0.0,0.04,0.04,99695,1507,3,0.25,0.12,-0.05,0.01,49,41,35,0,2.99,-0.02,0.0069,0.0194,15.45,24.02,10.97
739.036,flow_only,84.501,52.138012,21.1607772,90.88,52.1380313,21.1607917,32,0.44,0.243,255,0.0,0.0,-0.0329,-0.0767,2.972,1.873,-0.87,2.49,318.65,0.03,0.0,0.0,0.05,99695,1507,3,0.25,0.11,-0.05,0.01,49,6,-21,0,3.0,-0.03,0.0138,0.0281,15.61,21.07,11.07
739.136,flow_only,84.601,52.138012,21.1607771,90.88,52.1380313,21.1607917,32,0.44,0.243,255,-0.1674,0.0,0.0279,-0.1126,2.99,1.871,-0.95,1.83,318.61,0.03,0.0,0.02,0.05,99695,1507,3,0.25,0.11,-0.05,0.01,49,49,39,0,3.0,-0.04,0.007,0.0136,14.03,24.68,10.3
739.236,flow_only,84.701,52.1380121,21.1607771,90.87,52.1380316,21.1607916,32,0.44,0.113,255,0.0,0.0,-0.0243,-0.0529,2.988,1.868,-0.76,1.56,318.61,0.03,0.0,0.01,0.03,99695,1507,3,0.25,0.11,-0.05,0.01,49,-215,-163,0,3.0,-0.05,0.0233,0.0493,14.4,24.84,10.48
739.336,flow_only,84.801,52.1380121,21.1607772,90.87,52.1380316,21.1607916,32,0.44,0.113,255,0.0,-0.1675,0.0018,-0.0669,2.982,1.864,-0.86,1.21,318.69,0.03,0.0,0.03,0.02,99695,1507,3,0.25,0.11,-0.05,0.01,49,56,27,0,3.0,-0.07,0.0108,0.0245,16.26,21.11,10.91
739.436,flow_only,84.901,52.1380123,21.1607774,90.87,52.1380318,21.1607915,32,0.44,0.11,255,0.0,0.0,-0.0412,-0.1111,2.996,1.863,-1.01,0.59,318.74,0.03,0.0,0.01,0.03,99695,1507,3,0.25,0.13,-0.05,0.01,49,26,80,0,3.01,-0.06,0.0156,0.0336,16.8,19.11,11.5
739.536,flow_only,85.001,52.1380123,21.1607774,90.87,52.1380318,21.1607915,32,0.44,0.11,255,0.0,0.0,-0.028,-0.1393,3.002,1.86,-1.22,-0.14,318.78,0.03,0.0,0.04,0.06,99695,1507,3,0.25,0.13,-0.05,0.01,49,48,98,0,3.0,-0.07,0.0088,0.0171,18.52,15.13,12.56
739.636,flow_only,85.101,52.1380124,21.1607772,90.86,52.138032,21.1607914,32,0.44,0.129,255,0.0,0.1675,0.03,0.0275,3.024,1.859,-1.01,-0.36,318.84,0.03,0.0,0.0,0.03,99695,1507,3,0.25,0.09,-0.05,0.01,49,-53,6,0,3.01,-0.08,0.0159,0.0321,18.93,15.13,12.09
739.736,flow_only,85.201,52.1380125,21.160777,90.86,52.138032,21.1607914,32,0.44,0.129,255,0.0,0.1675,-0.0214,0.0467,3.016,1.855,-1.14,-0.13,318.96,0.03,0.0,0.04,0.03,99695,1507,3,0.25,0.09,-0.05,0.01,49,33,-80,0,3.0,-0.1,0.0117,0.0251,19.13,23.25,9.61
739.836,flow_only,85.301,52.1380126,21.1607769,90.85,52.138032,21.1607914,32,0.44,0.129,255,0.0,0.0,0.0492,0.0696,3.015,1.85,-1.03,0.08,318.99,0.03,0.0,0.02,0.11,99695,1507,3,0.25,0.09,-0.05,0.01,49,-25,-59,0,3.0,-0.1,0.0032,0.0048,17.19,28.64,10.58
739.936,flow_only,85.401,52.1380127,21.1607767,90.85,52.1380322,21.1607912,32,0.44,0.141,255,0.0,0.1675,0.0126,0.0625,3.016,1.843,-0.91,0.5,319.06,0.03,0.0,0.04,0.1,99695,1507,3,0.25,0.09,-0.05,0.01,49,-55,61,0,2.99,-0.1,0.0072,0.016,17.62,22.02,10.55
740.036,flow_only,85.501,52.1380128,21.1607766,90.84,52.1380323,21.1607909,32,0.44,0.124,255,0.0,0.335,-0.0077,0.0697,3.026,1.836,-0.7,0.96,319.15,0.03,0.0,0.0,0.11,99695,1507,3,0.25,0.09,-0.05,0.01,49,-42,-107,0,3.0,-0.1,0.0078,0.0126,19.11,18.92,9.83
740.136,flow_only,85.601,52.1380128,21.1607765,90.84,52.1380323,21.1607909,32,0.44,0.124,255,0.0,0.1675,-0.0201,-0.0185,3.03,1.83,-0.84,1.1,319.18,0.03,0.0,0.01,0.11,99695,1507,3,0.25,0.09,-0.05,0.01,49,21,73,0,2.99,-0.11,0.0097,0.0211,16.47,17.17,8.79
740.236,flow_only,85.701,52.138013,21.1607763,90.83,52.1380325,21.1607907,32,0.44,0.048,255,0.1675,0.1675,0.0634,0.0748,3.042,1.824,-0.57,1.2,319.09,0.03,0.0,0.02,0.03,99695,1507,3,0.25,0.09,-0.05,0.01,49,-20,-10,0,2.99,-0.12,0.0133,0.029,13.65,15.32,8.8
740.336,flow_only,85.801,52.1380131,21.1607761,90.82,52.1380325,21.1607907,32,0.44,0.048,255,0.0,0.0,-0.0426,0.0425,3.036,1.818,-0.71,1.51,319.06,0.03,0.0,0.0,0.04,99695,1507,3,0.25,0.09,-0.05,0.01,49,145,-102,0,2.99,-0.12,0.007,0.0199,15.34,21.89,11.35
740.436,flow_only,85.901,52.1380131,21.1607759,90.82,52.1380325,21.1607906,32,0.44,0.033,255,0.0,0.0,0.0027,0.0542,3.052,1.812,-0.59,1.87,319.01,0.03,0.0,0.01,0.03,99695,1507,3,0.25,0.09,-0.05,0.01,49,-52,73,0,2.99,-0.13,0.0166,0.0355,15.44,22.51,12.49
740.536,flow_only,86.001,52.1380132,21.1607756,90.81,52.1380325,21.1607906,32,0.44,0.033,255,0.0,0.0,-0.005,-0.0237,3.032,1.809,-0.65,1.91,318.96,0.03,0.0,0.0,0.05,99695,1507,3,0.25,0.09,-0.05,0.01,49,-1,-49,0,3.0,-0.13,0.0137,0.0312,19.82,19.31,12.06
740.636,flow_only,86.101,52.1380133,21.1607755,90.81,52.1380325,21.1607906,32,0.44,0.036,255,0.0,0.0,0.0279,0.0421,3.058,1.807,-0.55,1.91,318.85,0.03,0.0,0.0,0.04,99695,1507,3,0.25,0.07,-0.05,0.01,49,-35,3,0,2.99,-0.13,0.0114,0.0277,20.81,19.12,11.42
740.736,flow_only,86.201,52.1380133,21.1607754,90.82,52.1380325,21.1607906,32,0.44,0.036,255,0.1675,0.0,0.0394,-0.0128,3.072,1.811,-0.44,1.91,318.73,0.03,0.0,0.04,0.03,99695,1507,3,0.25,0.07,-0.05,0.01,49,147,0,0,3.02,-0.11,0.0089,0.0356,19.34,18.23,9.17
740.836,flow_only,86.301,52.1380133,21.1607753,90.82,52.1380325,21.1607906,32,0.44,0.036,255,0.0,0.0,-0.0147,-0.0263,3.074,1.813,-0.36,1.92,318.59,0.03,0.0,0.01,0.04,99695,1507,3,0.25,0.07,-0.05,0.01,49,-23,-23,0,3.01,-0.12,0.0051,0.0235,18.66,19.02,9.65
740.936,flow_only,86.401,52.1380133,21.1607753,90.82,52.1380325,21.1607905,32,0.44,0.009,255,0.0,0.0,0.0098,-0.0003,3.088,1.815,-0.24,1.88,318.47,0.03,0.0,0.01,0.04,99695,1507,3,0.25,0.1,-0.05,0.01,49,-50,0,0,3.02,-0.12,0.0083,0.0294,16.37,20.31,11.39
741.037,flow_only,86.501,52.1380132,21.1607753,90.82,52.1380324,21.1607907,32,0.44,0.124,255,0.0,0.0,0.0215,-0.0208,3.086,1.815,-0.3,1.66,318.4,0.03,0.0,0.0,0.04,99695,1507,3,0.25,0.07,-0.05,0.01,49,7,-96,0,3.02,-0.13,0.0071,0.0247,16.67,18.32,12.05
741.136,flow_only,86.601,52.1380132,21.1607755,90.82,52.1380324,21.1607907,32,0.44,0.124,255,0.0,0.0,-0.0395,-0.0214,3.072,1.813,-0.27,1.64,318.41,0.03,0.0,0.01,0.05,99695,1507,3,0.25,0.07,-0.05,0.01,49,-45,-152,0,3.02,-0.14,0.0157,0.0338,20.06,17.42,12.39
741.236,flow_only,86.701,52.138013,21.1607757,90.81,52.1380322,21.1607909,32,0.44,0.154,255,-0.1674,0.0,-0.0049,-0.0437,3.1,1.809,-0.52,1.41,318.49,0.03,0.0,0.0,0.05,99695,1507,3,0.25,0.06,-0.05,0.01,49,59,-88,0,3.02,-0.14,0.015,0.0321,18.3,17.21,11.33
741.336,flow_only,86.801,52.1380129,21.1607758,90.81,52.1380322,21.1607909,32,0.44,0.154,255,0.0,-0.1674,-0.0426,-0.0835,3.07,1.807,-0.66,0.99,318.56,0.03,0.0,0.0,0.02,99695,1507,3,0.25,0.06,-0.05,0.01,49,-14,105,0,3.02,-0.14,0.005,0.0192,15.94,18.76,10.53
741.436,flow_only,86.901,52.1380128,21.1607757,90.8,52.138032,21.1607912,32,0.44,0.149,255,0.0,0.0,0.0255,-0.0945,3.058,1.799,-0.72,0.48,318.62,0.03,0.0,0.03,0.04,99695,1507,3,0.25,0.07,-0.05,0.01,49,10,-40,0,3.0,-0.16,0.0086,0.0162,16.54,24.77,12.52
741.536,flow_only,87.001,52.1380128,21.1607758,90.8,52.138032,21.1607912,32,0.44,0.149,255,0.1675,0.0,0.0373,0.0234,3.054,1.79,-0.49,0.31,318.65,0.03,0.0,0.01,0.03,99695,1507,3,0.25,0.07,-0.05,0.01,49,-61,-67,0,3.0,-0.14,0.0042,0.0099,20.74,20.84,11.07
741.636,flow_only,87.101,52.1380126,21.1607758,90.79,52.1380317,21.1607915,32,0.44,0.204,255,0.0,-0.1674,0.0225,-0.0447,3.048,1.782,-0.37,0.28,318.67,0.03,0.0,0.0,0.03,99695,1507,3,0.25,0.06,-0.05,0.01,49,-34,33,0,2.99,-0.14,0.004,0.009,18.88,29.68,10.07
741.736,flow_only,87.201,52.1380125,21.160776,90.78,52.1380317,21.1607915,32,0.44,0.204,255,0.0,0.0,0.0383,0.0198,3.046,1.775,-0.11,0.27,318.68,0.03,0.0,0.0,0.04,99695,1507,3,0.25,0.06,-0.05,0.01,49,-65,-120,0,2.99,-0.13,0.0147,0.0297,18.92,21.09,12.37
741.836,flow_only,87.301,52.1380124,21.1607761,90.77,52.1380317,21.1607915,32,0.44,0.204,255,0.1674,-0.1674,0.0496,-0.0058,3.052,1.769,0.01,0.2,318.71,0.03,0.0,0.0,0.04,99695,1507,3,0.25,0.06,-0.05,0.01,49,-18,67,0,2.99,-0.13,0.0052,0.0145,18.68,19.34,10.39
741.936,flow_only,87.401,52.1380123,21.1607762,90.77,52.1380315,21.1607918,32,0.44,0.173,255,0.0,-0.1675,-0.055,-0.0092,3.048,1.763,-0.01,0.21,318.78,0.03,0.0,0.01,0.04,99695,1507,3,0.25,0.07,-0.05,0.01,49,172,-135,0,2.98,-0.15,0.0164,0.0309,16.63,19.23,10.08
742.037,flow_only,87.501,52.1380121,21.1607762,90.76,52.1380312,21.160792,32,0.44,0.13,255,0.0,0.0,0.0035,-0.0085,3.062,1.758,-0.13,0.2,318.86,0.03,0.0,0.0,0.06,99695,1507,3,0.25,0.06,-0.05,0.01,49,-6,-131,0,2.98,-0.14,0.018,0.0346,15.04,18.25,10.79
742.136,flow_only,87.601,52.138012,21.1607763,90.76,52.1380312,21.160792,32,0.44,0.13,255,0.0,0.0,-0.001,-0.0344,3.074,1.759,-0.18,0.02,318.91,0.03,0.0,0.02,0.05,99695,1507,3,0.25,0.06,-0.05,0.01,49,0,69,0,3.0,-0.14,0.0095,0.0269,14.94,19.23,12.17
742.236,flow_only,87.701,52.138012,21.1607763,90.77,52.1380311,21.1607923,32,0.44,0.136,255,0.0,-0.1675,0.0397,-0.0541,3.074,1.762,-0.11,-0.36,318.92,0.03,0.0,0.02,0.04,99695,1507,3,0.25,0.06,-0.05,0.01,49,-10,-71,0,3.01,-0.13,0.007,0.0266,16.57,19.27,14.35
742.336,flow_only,87.801,52.1380119,21.1607764,90.77,52.1380311,21.1607923,32,0.44,0.136,255,0.0,0.0,-0.0172,-0.0038,3.068,1.765,0.09,-0.32,318.92,0.03,0.0,0.01,0.03,99695,1507,3,0.25,0.06,-0.05,0.01,49,-69,-140,0,3.01,-0.14,0.0165,0.0393,17.44,14.18,14.49
742.436,flow_only,87.901,52.1380118,21.1607765,90.77,52.138031,21.1607926,32,0.44,0.086,255,0.0,0.0,0.0233,0.0275,3.054,1.77,0.1,-0.31,318.93,0.03,0.0,0.03,0.04,99695,1507,3,0.25,0.05,-0.05,0.01,49,16,47,0,3.03,-0.12,0.011,0.0356,20.88,21.59,11.06
742.536,flow_only,88.001,52.1380117,21.1607765,90.78,52.138031,21.1607926,32,0.44,0.086,255,0.0,0.0,-0.0173,0.0001,3.058,1.776,-0.06,-0.27,318.97,0.03,0.0,0.02,0.05,99695,1507,3,0.25,0.05,-0.05,0.01,49,19,15,0,3.04,-0.09,0.008,0.0343,20.53,21.03,9.21
742.636,flow_only,88.101,52.1380117,21.1607765,90.78,52.138031,21.1607929,32,0.44,0.115,255,0.0,0.0,-0.0233,0.0235,3.054,1.779,-0.05,-0.14,319.09,0.03,0.0,0.0,0.05,99695,1507,3,0.25,0.05,-0.05,0.01,49,-10,-16,0,3.03,-0.1,0.008,0.0273,16.77,21.28,9.46
742.736,flow_only,88.201,52.1380117,21.1607766,90.78,52.138031,21.1607929,32,0.44,0.115,255,0.0,0.0,-0.0437,-0.0038,3.047,1.779,-0.21,-0.05,319.23,0.03,0.0,0.0,0.04,99695,1507,3,0.25,0.05,-0.05,0.01,49,21,-11,0,3.03,-0.1,0.0033,0.0156,17.82,18.89,10.85
742.836,flow_only,88.301,52.1380117,21.1607766,90.79,52.138031,21.1607929,32,0.44,0.115,255,0.0,0.0,-0.0352,-0.0126,3.05,1.78,-0.48,-0.08,319.37,0.03,0.0,0.02,0.05,99695,1507,3,0.25,0.05,-0.05,0.01,49,63,2,0,3.03,-0.1,0.0082,0.0232,18.78,17.46,11.26
742.936,flow_only,88.401,52.1380116,21.1607766,90.78,52.138031,21.1607931,32,0.44,0.066,255,0.0,0.0,0.0295,0.0188,3.056,1.775,-0.47,-0.17,319.41,0.03,0.0,0.04,0.05,99695,1507,3,0.25,0.08,-0.05,0.01,49,0,30,0,3.02,-0.11,0.0103,0.0187,16.5,16.83,9.26
743.037,flow_only,88.501,52.1380116,21.1607767,90.77,52.138031,21.1607933,32,0.44,0.076,255,0.0,0.0,-0.0068,-0.0353,3.084,1.77,-0.47,-0.18,319.42,0.03,0.0,0.0,0.05,99695,1507,3,0.25,0.07,-0.05,0.01,49,15,10,0,3.02,-0.11,0.0069,0.0137,14.79,18.96,9.12
743.136,flow_only,88.601,52.1380115,21.1607767,90.77,52.138031,21.1607933,32,0.44,0.076,255,0.0,0.0,0.0641,0.0619,3.066,1.761,-0.12,-0.09,319.36,0.03,0.0,0.03,0.05,99695,1507,3,0.25,0.07,-0.05,0.01,49,-5,30,0,3.0,-0.16,0.0025,0.0077,13.77,18.06,11.09
743.236,flow_only,88.701,52.1380115,21.1607768,90.76,52.138031,21.1607935,32,0.44,0.086,255,0.0,0.0,-0.0214,0.0203,3.07,1.751,-0.18,0.09,319.37,0.03,0.0,0.01,0.05,99695,1507,3,0.25,0.05,-0.05,0.01,49,-23,-70,0,2.99,-0.17,0.0097,0.021,18.89,20.4,11.42
743.336,flow_only,88.801,52.1380115,21.1607768,90.75,52.138031,21.1607935,32,0.44,0.086,255,0.0,0.0,-0.0187,0.0179,3.066,1.742,-0.09,0.3,319.32,0.03,0.0,0.0,0.05,99695,1507,3,0.25,0.05,-0.05,0.01,49,-15,-52,0,2.99,-0.16,0.0106,0.0211,19.92,21.46,9.51
743.436,flow_only,88.901,52.1380115,21.1607769,90.74,52.1380311,21.1607937,32,0.44,0.013,255,-0.1674,0.0,-0.0408,-0.0379,3.052,1.738,-0.4,0.25,319.26,0.03,0.0,0.03,0.03,99695,1507,3,0.24,0.09,-0.05,0.01,49,68,-16,0,3.0,-0.14,0.011,0.0231,18.9,18.9,10.68
743.536,flow_only,89.001,52.1380114,21.1607769,90.74,52.1380311,21.1607937,32,0.44,0.013,255,0.0,0.0,0.0152,-0.0209,3.06,1.733,-0.41,-0.04,319.13,0.03,0.0,0.02,0.04,99695,1507,3,0.24,0.09,-0.05,0.01,49,13,54,0,2.99,-0.15,0.0064,0.0124,17.68,16.4,10.93
743.636,flow_only,89.101,52.1380115,21.160777,90.73,52.1380312,21.1607938,32,0.44,0.085,255,0.0,0.0,-0.0017,-0.0394,3.05,1.726,-0.41,-0.16,319.01,0.03,0.0,0.0,0.04,99695,1507,3,0.24,0.05,-0.05,0.01,49,5,-8,0,2.98,-0.15,0.0068,0.0133,15.73,21.18,11.86
743.736,flow_only,89.201,52.1380116,21.160777,90.73,52.1380312,21.1607938,32,0.44,0.085,255,0.0,0.0,-0.009,0.0374,3.058,1.724,-0.23,-0.08,318.92,0.03,0.0,0.03,0.05,99695,1507,3,0.24,0.05,-0.05,0.01,49,-41,-27,0,3.0,-0.13,0.0082,0.0198,17.05,15.94,13.22
743.836,flow_only,89.301,52.1380116,21.1607771,90.73,52.1380312,21.1607938,32,0.44,0.085,255,-0.1675,0.1675,0.0149,0.0554,3.06,1.726,-0.32,0.11,318.91,0.03,0.0,0.02,0.03,99695,1507,3,0.24,0.05,-0.05,0.01,49,52,-33,0,3.01,-0.13,0.0047,0.0188,16.81,16.15,10.2
743.936,flow_only,89.401,52.1380117,21.1607771,90.73,52.1380313,21.1607938,32,0.44,0.091,255,0.0,0.0,-0.0514,0.0129,3.072,1.726,-0.51,0.33,318.99,0.03,0.0,0.0,0.05,99695,1507,3,0.24,0.06,-0.05,0.01,49,56,116,0,3.01,-0.13,0.006,0.0158,16.31,20.03,9.82
744.037,flow_only,89.501,52.1380117,21.160777,90.73,52.1380315,21.1607939,32,0.44,0.08,255,0.0,0.0,-0.0203,0.0311,3.07,1.723,-0.55,0.48,319.08,0.03,0.0,0.01,0.05,99695,1507,3,0.24,0.06,-0.05,0.01,49,-1,-60,0,3.0,-0.15,0.0103,0.0193,15.53,16.22,9.19
744.136,flow_only,89.601,52.1380119,21.160777,90.72,52.1380315,21.1607939,32,0.44,0.08,236,0.0,0.0,-0.0165,0.0204,3.062,1.717,-0.77,0.64,319.21,0.03,0.0,0.01,0.04,99695,1507,3,0.24,0.06,-0.05,0.01,49,58,117,0,2.99,-0.16,0.0154,0.0285,12.88,16.41,9.35
744.236,flow_only,89.701,52.138012,21.1607769,90.72,52.1380316,21.1607939,32,0.44,0.025,255,0.0,0.0,-0.0261,0.0127,3.07,1.711,-0.9,0.71,319.29,0.03,0.0,0.0,0.04,99695,1507,3,0.24,0.06,-0.05,0.01,49,34,-35,0,2.98,-0.16,0.0077,0.0158,14.22,21.0,11.19
744.336,flow_only,89.801,52.138012,21.1607769,90.71,52.1380316,21.1607939,32,0.44,0.025,255,0.0,0.0,0.0143,-0.0099,3.078,1.704,-0.96,0.64,319.25,0.03,0.0,0.0,0.06,99695,1507,3,0.24,0.06,-0.05,0.01,49,34,-20,0,2.98,-0.17,0.0013,0.0038,14.61,19.0,12.66
744.436,flow_only,89.901,52.138012,21.1607769,90.7,52.1380317,21.1607939,32,0.44,0.059,255,0.0,0.0,-0.004,-0.001,3.082,1.695,-0.86,0.71,319.19,0.03,0.0,0.02,0.03,99695,1507,3,0.24,0.06,-0.05,0.01,49,-16,-44,0,2.97,-0.18,0.0029,0.0082,17.69,14.45,13.18
744.536,flow_only,90.001,52.138012,21.1607768,90.69,52.1380317,21.1607939,32,0.44,0.059,163,0.0,0.1675,0.0625,0.0534,3.084,1.687,-0.63,0.86,319.14,0.03,0.0,0.0,0.05,99695,1507,3,0.24,0.06,-0.05,0.01,49,-15,-36,0,2.97,-0.18,0.0055,0.0116,21.61,18.85,10.55
744.636,flow_only,90.101,52.138012,21.1607767,90.69,52.1380318,21.1607939,32,0.44,0.026,255,0.0,0.0,-0.0275,0.0208,3.082,1.683,-0.68,1.03,319.13,0.03,0.0,0.03,0.05,99695,1507,3,0.24,0.08,-0.05,0.01,49,10,109,0,2.98,-0.18,0.0097,0.021,19.12,20.24,10.19
744.736,flow_only,90.201,52.138012,21.1607766,90.69,52.1380318,21.1607939,32,0.44,0.026,236,0.0,0.0,0.0402,-0.0318,3.078,1.683,-0.62,0.86,319.01,0.03,0.0,0.02,0.06,99695,1507,3,0.24,0.08,-0.05,0.01,49,4,11,0,2.99,-0.17,0.0076,0.0204,18.16,21.91,10.55
744.836,flow_only,90.301,52.1380121,21.1607765,90.69,52.1380318,21.1607939,32,0.44,0.026,255,0.0,0.0,0.0122,-0.0161,3.07,1.686,-0.48,0.83,318.91,0.03,0.0,0.03,0.03,99695,1507,3,0.24,0.08,-0.05,0.01,49,-40,-22,0,3.0,-0.15,0.0053,0.0221,15.4,25.04,10.5
744.936,flow_only,90.401,52.1380121,21.1607765,90.69,52.1380319,21.1607939,32,0.44,0.015,255,0.0,0.0,0.0388,0.0362,3.086,1.687,-0.26,0.96,318.87,0.03,0.0,0.0,0.05,99695,1507,3,0.24,0.08,-0.05,0.01,49,-53,-41,0,3.0,-0.15,0.0068,0.018,17.99,24.24,12.2
745.037,flow_only,90.501,52.1380121,21.1607765,90.69,52.1380319,21.1607939,32,0.44,0.027,236,0.0,0.0,-0.0189,-0.0131,3.076,1.687,-0.4,1.03,318.89,0.03,0.0,0.01,0.04,99695,1507,3,0.24,0.08,-0.05,0.01,49,30,-13,0,3.0,-0.15,0.0095,0.0216,20.1,18.35,10.95
745.136,flow_only,90.601,52.138012,21.1607765,90.69,52.1380319,21.1607939,32,0.44,0.027,255,0.0,0.0,0.0129,-0.0361,3.08,1.685,-0.43,0.78,318.85,0.03,0.0,0.0,0.04,99695,1507,3,0.24,0.08,-0.05,0.01,49,2,41,0,2.99,-0.16,0.0077,0.0163,19.01,15.79,11.37
745.236,flow_only,90.701,52.138012,21.1607764,90.69,52.1380319,21.160794,32,0.44,0.038,255,0.0,0.0,0.0152,-0.0544,3.072,1.681,-0.37,0.53,318.78,0.03,0.0,0.0,0.04,99695,1507,3,0.24,0.08,-0.05,0.01,49,-25,25,0,2.98,-0.16,0.0055,0.0111,19.07,19.61,9.71
745.336,flow_only,90.801,52.138012,21.1607763,90.69,52.1380319,21.160794,32,0.44,0.038,255,0.1675,0.0,0.029,0.0345,3.062,1.683,-0.03,0.59,318.76,0.03,0.0,0.06,0.05,99695,1507,3,0.24,0.08,-0.05,0.01,49,-64,10,0,3.01,-0.14,0.0098,0.0266,16.82,19.24,8.94
745.436,flow_only,90.901,52.138012,21.1607762,90.69,52.1380319,21.1607941,32,0.44,0.051,255,0.0,0.0,0.0075,0.0349,3.058,1.685,-0.14,0.71,318.84,0.03,0.0,0.01,0.05,99695,1507,3,0.24,0.07,-0.05,0.01,49,19,-16,0,3.01,-0.14,0.0059,0.0204,14.87,21.28,9.73
745.536,flow_only,91.001,52.138012,21.1607762,90.69,52.1380319,21.1607941,32,0.44,0.051,255,0.0,0.0,-0.0185,0.0168,3.062,1.681,-0.14,0.91,318.91,0.03,0.0,0.03,0.04,99695,1507,3,0.24,0.07,-0.05,0.01,49,-20,124,0,2.99,-0.15,0.0098,0.0182,14.61,21.61,10.32
745.636,flow_only,91.101,52.138012,21.1607761,90.68,52.1380319,21.1607943,32,0.44,0.078,255,0.0,0.0,0.0117,-0.0627,3.053,1.676,-0.2,0.67,318.92,0.03,0.0,0.0,0.02,99695,1507,3,0.24,0.06,-0.05,0.01,49,16,22,0,2.99,-0.15,0.0075,0.0145,16.59,20.14,12.38
745.736,flow_only,91.201,52.1380121,21.160776,90.68,52.1380319,21.1607943,32,0.44,0.078,255,0.0,0.0,-0.0058,0.041,3.052,1.672,-0.03,0.76,318.91,0.03,0.0,0.01,0.04,99695,1507,3,0.24,0.06,-0.05,0.01,49,-61,-10,0,2.99,-0.14,0.009,0.0172,15.05,19.15,12.71
745.836,flow_only,91.301,52.1380121,21.160776,90.68,52.1380319,21.1607943,32,0.44,0.078,255,0.0,0.0,-0.0034,0.0046,3.046,1.671,-0.14,0.93,318.94,0.03,0.0,0.02,0.04,99695,1507,3,0.24,0.06,-0.05,0.01,49,30,-32,0,3.0,-0.13,0.0022,0.0097,20.12,20.12,12.24
745.936,flow_only,91.401,52.1380121,21.160776,90.68,52.1380319,21.1607945,32,0.44,0.072,255,0.0,0.0,0.0006,-0.0102,3.038,1.673,-0.17,0.84,318.87,0.03,0.0,0.02,0.05,99695,1507,3,0.24,0.06,-0.05,0.01,49,2,34,0,3.0,-0.11,0.0042,0.015,22.85,21.46,10.67
746.037,flow_only,91.501,52.1380121,21.160776,90.68,52.1380319,21.1607947,32,0.44,0.086,255,0.0,0.0,0.0006,-0.0209,3.032,1.67,-0.25,0.67,318.8,0.03,0.0,0.03,0.05,99695,1507,3,0.24,0.05,-0.05,0.01,49,-132,-120,0,2.99,-0.11,0.0134,0.0257,21.38,20.74,9.58
746.136,flow_only,91.601,52.1380121,21.1607761,90.67,52.1380319,21.1607947,32,0.44,0.086,255,0.0,0.0,-0.0156,0.0131,3.032,1.666,-0.17,0.77,318.75,0.03,0.0,0.0,0.04,99695,1507,3,0.24,0.05,-0.05,0.01,49,-11,-13,0,2.98,-0.13,0.0102,0.0204,19.8,20.13,9.56
746.236,flow_only,91.701,52.1380121,21.1607763,90.67,52.1380318,21.1607949,32,0.44,0.119,255,0.0,0.0,-0.0611,-0.0673,3.034,1.669,-0.45,0.65,318.7,0.03,0.0,0.06,0.04,99695,1507,3,0.24,0.06,-0.05,0.01,49,41,6,0,3.01,-0.1,0.0054,0.0196,18.18,24.77,12.21
746.336,flow_only,91.801,52.138012,21.1607765,90.68,52.1380318,21.1607949,32,0.44,0.119,255,0.0,-0.1674,0.0313,0.0245,3.032,1.674,-0.45,0.52,318.66,0.03,0.0,0.0,0.03,99695,1507,3,0.24,0.06,-0.05,0.01,49,-110,-77,0,3.01,-0.1,0.0157,0.0334,18.26,22.72,12.93
746.436,flow_only,91.901,52.138012,21.1607767,90.68,52.1380317,21.1607952,32,0.44,0.098,255,0.0,0.0,-0.062,-0.0417,3.032,1.675,-0.64,0.49,318.74,0.03,0.0,0.01,0.03,99695,1507,3,0.24,0.06,-0.05,0.01,49,11,12,0,3.0,-0.1,0.018,0.0359,20.58,19.52,11.04
746.536,flow_only,92.001,52.138012,21.1607769,90.68,52.1380317,21.1607952,32,0.44,0.098,255,-0.1674,-0.1674,0.0251,-0.0935,3.054,1.673,-0.73,-0.04,318.73,0.03,0.0,0.0,0.03,99695,1507,3,0.24,0.06,-0.05,0.01,49,55,106,0,3.0,-0.11,0.0048,0.0118,17.54,19.43,9.49
746.636,flow_only,92.101,52.138012,21.160777,90.68,52.1380316,21.1607955,32,0.44,0.12,255,0.0,0.0,-0.0479,0.0119,3.056,1.674,-0.7,-0.14,318.77,0.03,0.0,0.01,0.05,99695,1507,3,0.24,0.06,-0.05,0.01,49,-30,33,0,3.01,-0.12,0.0123,0.0217,15.03,19.31,8.84
746.736,flow_only,92.201,52.1380121,21.160777,90.67,52.1380316,21.1607955,32,0.44,0.12,255,0.0,0.0,-0.0199,-0.0093,3.056,1.67,-0.93,-0.11,318.78,0.03,0.0,0.03,0.05,99695,1507,3,0.24,0.06,-0.05,0.01,49,-115,-8,0,2.99,-0.14,0.0125,0.0251,16.09,22.4,11.09
746.836,flow_only,92.301,52.1380121,21.1607771,90.67,52.1380316,21.1607955,32,0.44,0.12,255,0.0,0.0,-0.0082,0.025,3.056,1.664,-0.9,-0.04,318.75,0.03,0.0,0.0,0.04,99695,1507,3,0.24,0.06,-0.05,0.01,49,-7,-176,0,2.99,-0.14,0.0093,0.0209,17.46,18.46,12.79
746.936,flow_only,92.401,52.1380121,21.1607772,90.67,52.1380315,21.1607957,32,0.44,0.068,255,-0.1674,0.0,0.0184,0.0574,3.068,1.661,-0.93,0.2,318.79,0.03,0.0,0.02,0.04,99695,1507,3,0.24,0.07,-0.05,0.01,49,17,-27,0,3.0,-0.14,0.0082,0.0156,20.22,19.58,10.8
747.037,flow_only,92.501,52.1380121,21.1607773,90.67,52.1380315,21.1607957,32,0.44,0.068,255,0.0,0.0,0.0029,-0.022,3.058,1.665,-0.95,0.2,318.73,0.03,0.0,0.06,0.03,99695,1507,3,0.24,0.07,-0.05,0.01,49,19,24,0,3.02,-0.11,0.0084,0.0235,20.22,23.7,10.52
747.136,flow_only,92.601,52.138012,21.1607773,90.68,52.1380314,21.1607958,32,0.44,0.073,255,0.0,0.0,-0.0155,-0.0086,3.055,1.67,-0.96,0.11,318.66,0.03,0.0,0.01,0.05,99695,1507,3,0.24,0.08,-0.05,0.01,49,7,19,0,3.02,-0.11,0.0037,0.0153,17.63,20.94,10.48
747.236,flow_only,92.701,52.138012,21.1607774,90.67,52.1380314,21.160796,32,0.44,0.047,255,0.0,0.0,-0.0054,0.0055,3.06,1.669,-0.85,0.16,318.61,0.03,0.0,0.03,0.03,99695,999,3,0.24,0.09,-0.05,0.01,49,-9,-170,0,3.01,-0.12,0.0128,0.0238,15.94,20.48,11.75
747.336,after,92.801,52.138012,21.1607775,90.67,52.1380314,21.160796,32,0.44,0.047,255,0.0,0.0,0.0013,-0.0644,3.056,1.669,-0.89,0.02,318.54,0.03,0.0,0.03,0.04,99695,999,3,0.24,0.09,-0.05,0.01,49,6,-5,0,3.02,-0.12,0.009,0.0191,18.72,18.73,11.99
747.436,after,92.901,52.138012,21.1607776,90.67,52.1380313,21.160796,32,0.44,0.046,255,0.1675,0.0,0.0422,0.0253,3.058,1.669,-0.55,-0.08,318.44,0.03,0.0,0.0,0.04,99695,999,3,0.24,0.09,-0.05,0.01,49,-48,-111,0,3.02,-0.11,0.005,0.0117,20.01,19.31,12.1
747.536,after,93.001,52.1380318,21.160795,90.68,52.1380313,21.160796,32,0.44,0.046,255,-0.1675,0.0,-0.0878,-0.0103,3.054,1.678,-0.86,0.01,318.39,0.05,0.0,0.03,0.04,108415,999,3,0.24,0.09,0.03,-0.02,48,184,-31,0,3.06,-0.08,0.01,0.0259,16.78,20.53,11.82
747.636,after,93.101,52.1380318,21.160795,90.69,52.1380312,21.1607959,32,0.44,0.064,255,0.0,0.0,-0.2123,0.1268,3.048,1.683,-1.81,0.18,318.28,0.05,0.0,0.0,0.04,108415,999,3,0.24,0.06,0.03,-0.02,48,-38,25,0,3.07,-0.08,0.0054,0.0151,14.48,18.12,11.85
747.736,after,93.201,52.1380317,21.1607949,90.69,52.1380312,21.1607959,32,0.44,0.064,255,-0.1675,0.1675,-0.5164,0.2084,3.046,1.688,-4.11,1.33,318.22,0.01,0.0,0.01,0.06,108415,999,3,0.24,0.06,0.03,-0.01,48,152,-204,0,3.07,-0.05,0.0061,0.0149,13.27,16.9,11.59
747.836,after,93.301,52.1380316,21.1607947,90.69,52.1380312,21.1607959,32,0.44,0.064,255,-0.3349,0.1674,-0.5824,0.1557,3.046,1.689,-7.4,2.36,318.07,0.01,0.0,0.0,0.05,108415,999,3,0.24,0.06,0.03,-0.01,48,-122,143,0,3.07,-0.05,0.0028,0.0083,15.85,22.34,12.62
747.936,after,93.401,52.1380314,21.1607945,90.69,52.138031,21.1607959,32,0.44,0.175,255,-0.5025,0.335,-0.5619,0.2528,3.078,1.688,-10.63,3.59,317.71,0.03,0.0,0.0,0.05,108415,999,3,0.24,0.07,0.03,-0.08,48,-178,124,0,3.08,-0.02,0.0115,0.0096,13.32,17.58,12.16
748.036,after,93.501,52.1380311,21.1607943,90.69,52.1380306,21.1607955,32,0.44,0.355,255,-0.1675,0.1675,-0.2234,0.1341,3.096,1.686,-13.03,4.63,317.25,0.03,0.0,0.0,0.02,108415,999,3,0.24,0.06,0.03,-0.08,48,173,-9,0,3.07,0.0,0.0063,0.005,16.66,21.24,15.28
748.136,after,93.601,52.1380306,21.1607938,90.69,52.1380306,21.1607955,32,0.44,0.355,255,0.0,0.0,0.0659,-0.0363,3.106,1.681,-13.22,4.63,316.77,0.01,0.0,0.02,0.03,108415,999,3,0.24,0.06,0.0,-0.02,48,-150,44,0,3.06,-0.01,0.0059,0.0111,19.06,20.71,16.37
748.236,after,93.701,52.13803,21.1607932,90.68,52.1380296,21.1607947,32,0.44,0.848,255,1.0048,-0.3349,0.3222,-0.1812,3.11,1.68,-11.96,3.8,316.23,0.01,0.0,0.03,0.03,108415,999,3,0.24,0.06,0.0,-0.02,48,-317,194,0,3.07,0.0,0.0023,0.0012,18.53,18.56,12.09
748.336,after,93.801,52.1380291,21.1607925,90.68,52.1380296,21.1607947,32,0.44,0.848,255,0.67,-0.1675,0.4623,-0.0885,3.074,1.679,-9.55,2.93,315.52,0.03,0.0,0.0,0.03,108415,999,3,0.24,0.06,0.1,0.01,48,-149,-76,0,3.07,-0.03,0.0088,0.0075,18.87,19.29,10.81
748.436,after,93.901,52.1380282,21.1607917,90.68,52.1380281,21.1607932,32,0.44,1.154,255,0.5023,-0.1674,0.3546,-0.0854,3.068,1.678,-7.45,2.28,314.86,0.03,0.0,0.0,0.01,108415,999,3,0.24,0.06,0.1,0.01,48,-232,10,0,3.07,-0.02,0.0054,0.0058,19.58,18.15,10.3
748.536,after,94.001,52.1380272,21.1607907,90.68,52.1380281,21.1607932,32,0.44,1.154,255,0.5024,0.0,0.3056,-0.0868,3.05,1.677,-5.51,1.75,314.25,0.03,0.0,0.0,0.03,108415,999,3,0.24,0.06,0.0,0.09,48,-277,9,0,3.07,-0.04,0.0122,0.0118,18.79,17.6,14.9
748.636,after,94.101,52.1380261,21.1607897,90.69,52.1380262,21.1607912,32,0.44,1.373,255,0.5024,-0.1675,0.1612,-0.0597,3.035,1.681,-4.42,1.28,313.75,0.03,0.0,0.04,0.04,108415,999,3,0.24,0.06,0.0,0.09,48,363,17,0,3.09,-0.01,0.0093,0.0098,16.9,19.72,15.19
748.736,after,94.201,52.1380249,21.1607886,90.69,52.1380262,21.1607912,32,0.44,1.373,163,0.67,-0.1675,0.2265,-0.0412,3.03,1.681,-3.39,0.82,313.3,0.04,0.0,0.01,0.06,108415,999,3,0.24,0.06,0.04,0.01,48,-108,191,0,3.08,-0.02,0.0099,0.0111,17.52,18.52,16.65
748.836,after,94.301,52.1380238,21.1607875,90.69,52.1380262,21.1607912,32,0.44,1.373,218,1.005,-0.1675,0.0898,0.0364,3.01,1.683,-2.42,0.98,312.99,0.04,0.0,0.02,0.05,108415,999,3,0.24,0.06,0.04,0.01,48,0,-90,0,3.09,-0.01,0.007,0.0087,20.32,19.24,14.93
748.936,after,94.401,52.1380227,21.1607865,90.69,52.138024,21.1607892,32,0.44,1.392,255,0.3349,0.0,0.0354,-0.0109,3.004,1.687,-2.21,1.07,312.88,0.01,0.01,0.03,0.04,108415,999,3,0.24,0.06,0.0,-0.05,48,-166,-72,0,3.1,0.01,0.0026,0.0105,20.91,24.37,13.97
749.036,after,94.501,52.1380216,21.1607854,90.7,52.1380218,21.1607871,32,0.44,1.499,236,0.335,-0.1675,0.1422,-0.0354,3.008,1.696,-1.76,0.82,312.72,0.01,0.01,0.06,0.05,108415,999,3,0.24,0.06,0.0,-0.05,48,470,-16,0,3.12,0.03,0.0043,0.0209,18.75,22.47,14.35
749.136,after,94.601,52.1380204,21.1607844,90.72,52.1380218,21.1607871,32,0.44,1.499,255,1.1721,-0.1674,0.2482,-0.0453,3.022,1.712,-0.62,0.62,312.68,0.04,0.0,0.06,0.04,108415,999,3,0.24,0.06,0.09,0.01,48,-156,-23,0,3.14,0.05,0.0076,0.0317,20.27,21.89,12.69
749.236,after,94.701,52.1380193,21.1607834,90.73,52.1380196,21.160785,32,0.44,1.393,200,0.5023,-0.1674,0.3366,-0.1109,3.038,1.727,1.27,0.11,312.72,0.04,0.0,0.02,0.04,108415,999,3,0.24,0.06,0.09,0.01,48,-129,32,0,3.14,0.04,0.005,0.024,19.55,22.2,17.03
749.336,after,94.801,52.1380183,21.1607824,90.74,52.1380196,21.160785,32,0.44,1.393,255,0.5023,-0.1674,0.374,-0.1679,3.022,1.738,3.36,-0.7,312.76,0.01,0.0,0.02,0.05,108415,999,3,0.24,0.06,-0.01,0.01,48,539,55,0,3.15,0.04,0.0047,0.0175,18.9,22.41,15.36
749.436,after,94.901,52.1380173,21.1607815,90.75,52.1380175,21.1607829,32,0.44,1.296,255,0.6698,-0.1674,0.3558,-0.0771,3.032,1.749,5.51,-1.35,312.86,0.01,0.0,0.05,0.05,108415,999,3,0.24,0.06,-0.01,0.01,48,-303,81,0,3.16,0.05,0.0052,0.0211,22.24,21.76,16.56
749.536,after,95.001,52.1380164,21.1607806,90.76,52.1380175,21.1607829,32,0.44,1.296,255,0.5023,-0.1674,0.2632,-0.041,3.042,1.753,7.07,-1.78,313.09,0.06,0.0,0.02,0.09,108415,999,3,0.24,0.06,0.01,0.02,48,-11,188,0,3.14,0.05,0.0061,0.0091,18.66,24.65,15.25
749.636,after,95.101,52.1380156,21.1607799,90.76,52.1380157,21.1607812,32,0.44,1.055,255,0.6698,-0.1675,0.1192,-0.0304,3.022,1.759,8.23,-2.03,313.23,0.06,0.0,0.05,0.09,108415,999,3,0.24,0.07,0.01,0.02,48,-277,126,0,3.15,0.06,0.0051,0.0151,18.52,23.29,15.93
749.736,after,95.2,52.1380149,21.1607792,90.77,52.1380157,21.1607812,32,0.44,1.055,218,0.3349,0.0,-0.113,-0.0269,3.042,1.762,7.99,-2.17,313.25,0.05,0.0,0.04,0.1,108415,999,3,0.24,0.07,0.03,-0.01,48,40,-83,0,3.15,0.06,0.0032,0.0075,19.1,21.69,14.25
749.836,after,95.301,52.1380144,21.1607787,90.77,52.1380157,21.1607812,32,0.44,1.055,255,0.0,0.0,-0.1792,0.109,3.016,1.766,7.24,-1.8,313.19,0.05,0.0,0.02,0.11,108415,999,3,0.24,0.07,0.03,-0.01,48,43,9,0,3.15,0.06,0.003,0.007,15.85,17.85,13.28
749.936,after,95.401,52.1380139,21.1607783,90.77,52.1380143,21.1607799,32,0.44,0.748,236,-0.335,0.0,-0.2986,0.0924,3.01,1.767,5.58,-1.18,313.18,0.02,0.0,0.0,0.11,108415,999,3,0.24,0.07,0.07,0.03,48,105,-68,0,3.14,0.06,0.0057,0.0073,15.08,16.36,10.19
750.036,after,95.501,52.1380136,21.1607779,90.77,52.1380134,21.1607792,32,0.44,0.429,255,0.0,0.0,-0.1687,0.0305,2.998,1.764,4.3,-0.94,312.97,0.02,0.0,0.02,0.09,108415,999,3,0.24,0.08,0.07,0.03,48,-90,2,0,3.12,0.05,0.0046,0.0157,15.96,17.66,16.03
750.136,after,95.601,52.1380133,21.1607777,90.76,52.1380134,21.1607792,32,0.44,0.429,255,-0.1675,0.0,-0.2017,0.0485,2.986,1.759,3.25,-0.61,312.83,0.02,0.0,0.01,0.08,108415,999,3,0.24,0.08,-0.02,-0.07,48,-100,-37,0,3.11,0.03,0.0061,0.0207,14.98,14.93,15.1
750.236,after,95.701,52.1380131,21.1607775,90.76,52.138013,21.1607787,32,0.44,0.219,255,0.0,0.1675,-0.0975,0.0693,2.966,1.753,2.6,-0.23,312.73,0.02,0.0,0.0,0.08,108415,999,3,0.24,0.07,-0.02,-0.07,48,75,-26,0,3.1,0.03,0.0053,0.0194,15.94,14.22,13.67
750.336,after,95.801,52.138013,21.1607774,90.76,52.138013,21.1607787,32,0.44,0.219,255,0.0,0.0,-0.1453,0.0213,2.958,1.751,1.73,0.0,312.7,0.05,0.0,0.01,0.07,108415,999,3,0.24,0.07,-0.09,-0.02,48,37,124,0,3.1,0.05,0.0117,0.0195,16.03,14.8,12.27
750.436,after,95.901,52.1380129,21.1607773,90.75,52.1380127,21.1607784,32,0.44,0.161,218,0.0,0.0,-0.062,-0.0358,2.962,1.749,1.21,-0.14,312.59,0.05,0.0,0.0,0.06,108415,999,3,0.24,0.12,-0.09,-0.02,48,60,13,0,3.09,0.05,0.0091,0.0192,14.99,14.61,12.23
750.536,after,96.001,52.1380128,21.1607772,90.75,52.1380127,21.1607784,32,0.44,0.161,255,0.0,0.0,-0.0887,-0.0038,2.948,1.746,0.86,-0.13,312.53,0.03,0.0,0.01,0.04,108415,999,3,0.24,0.12,-0.02,-0.02,48,-6,20,0,3.08,0.03,0.0102,0.0213,15.81,14.36,11.29
750.636,after,96.101,52.1380127,21.1607771,90.75,52.1380125,21.1607783,32,0.44,0.089,255,0.0,0.0,-0.0052,0.046,2.922,1.746,0.62,-0.05,312.49,0.03,0.0,0.01,0.04,108415,999,3,0.24,0.11,-0.02,-0.02,48,41,17,0,3.08,0.04,0.0075,0.0144,15.37,14.81,11.86
750.736,after,96.201,52.1380127,21.1607771,90.75,52.1380125,21.1607783,32,0.44,0.089,255,-0.1675,0.0,-0.1157,0.0465,2.912,1.744,0.24,0.25,312.51,0.01,0.0,0.03,0.05,108415,999,3,0.24,0.11,0.0,-0.03,48,0,-52,0,3.07,0.06,0.0082,0.0228,15.93,18.36,12.22
750.836,after,96.3,52.1380127,21.1607771,90.75,52.1380125,21.1607783,32,0.44,0.089,255,0.0,0.0,-0.0644,-0.0206,2.934,1.743,-0.19,0.28,312.45,0.01,0.0,0.0,0.06,108415,999,3,0.24,0.11,0.0,-0.03,48,-105,162,0,3.07,0.06,0.006,0.0183,14.94,17.99,11.55
750.936,after,96.401,52.1380126,21.1607771,90.75,52.1380123,21.1607782,32,0.44,0.12,255,0.0,0.0,-0.0507,-0.065,2.942,1.743,-0.56,0.09,312.35,0.03,0.0,0.01,0.06,108415,999,3,0.25,0.1,0.05,0.03,48,38,23,0,3.05,0.04,0.0055,0.0228,18.65,17.73,10.96
751.036,after,96.501,52.1380126,21.1607771,90.75,52.1380122,21.1607781,32,0.44,0.086,255,0.0,0.0,0.0051,0.007,2.95,1.742,-0.62,-0.07,312.19,0.03,0.0,0.01,0.04,108415,999,3,0.25,0.09,0.05,0.03,48,-7,37,0,3.05,0.03,0.0047,0.0211,16.53,15.65,11.83
751.136,after,96.601,52.1380125,21.160777,90.75,52.1380122,21.1607781,32,0.44,0.086,255,0.0,0.0,0.0693,0.0029,2.95,1.743,-0.5,-0.19,312.08,0.0,0.0,0.0,0.04,108415,999,3,0.25,0.09,0.01,0.01,48,-29,44,0,3.06,0.02,0.0041,0.017,17.45,16.21,11.97
751.236,after,96.701,52.1380125,21.160777,90.75,52.1380121,21.160778,32,0.44,0.065,255,0.0,0.0,-0.0206,0.0341,2.936,1.746,-0.36,0.03,312.08,0.0,0.0,0.01,0.03,108415,999,3,0.25,0.13,0.01,0.01,48,-36,-44,0,3.06,0.03,0.003,0.0109,19.32,15.11,11.61
751.336,after,96.801,52.1380124,21.1607769,90.76,52.1380121,21.160778,32,0.44,0.065,255,0.0,0.1675,-0.0221,0.0486,2.926,1.752,-0.36,0.31,312.16,0.03,0.0,0.0,0.05,108415,999,3,0.25,0.13,-0.01,0.02,48,-14,-24,0,3.07,0.06,0.0048,0.0077,21.32,21.71,11.2
751.436,after,96.901,52.1380124,21.1607768,90.76,52.138012,21.1607778,32,0.44,0.119,255,0.0,0.1675,0.0092,0.0134,2.942,1.757,-0.42,0.47,312.28,0.03,0.0,0.01,0.05,108415,999,3,0.25,0.1,-0.01,0.02,48,13,-33,0,3.07,0.06,0.004,0.0097,22.77,23.74,10.98
751.536,after,97.001,52.1380124,21.1607767,90.77,52.138012,21.1607778,32,0.44,0.119,255,0.0,0.0,-0.0193,-0.0168,2.94,1.767,-0.48,0.4,312.35,0.02,0.0,0.03,0.03,108415,999,3,0.25,0.1,0.01,0.04,48,-30,5,0,3.09,0.08,0.0059,0.0079,22.14,21.22,11.32
751.636,after,97.101,52.1380123,21.1607766,90.78,52.1380119,21.1607777,32,0.44,0.04,255,0.0,0.0,0.0338,-0.0045,2.944,1.774,-0.47,0.23,312.3,0.02,0.0,0.02,0.04,108415,999,3,0.25,0.14,0.01,0.04,48,1,44,0,3.09,0.07,0.0041,0.0073,20.83,18.29,11.6
751.736,after,97.201,52.1380123,21.1607766,90.78,52.1380119,21.1607777,32,0.44,0.04,255,0.0,0.0,0.0296,-0.0135,2.958,1.778,-0.29,0.2,312.25,0.02,0.0,0.03,0.03,108415,999,3,0.25,0.14,-0.05,-0.01,48,-62,-8,0,3.09,0.06,0.0055,0.0128,21.76,18.08,12.88
751.836,after,97.301,52.1380123,21.1607765,90.79,52.1380119,21.1607777,32,0.44,0.04,255,0.1674,0.0,-0.0076,0.0353,2.95,1.783,-0.14,0.37,312.16,0.02,0.0,0.01,0.03,108415,999,3,0.25,0.14,-0.05,-0.01,48,-67,-28,0,3.09,0.06,0.0042,0.0071,20.67,15.72,12.93
751.936,after,97.401,52.1380123,21.1607765,90.79,52.1380119,21.1607775,32,0.44,0.065,255,0.0,0.1675,0.0314,0.0395,2.958,1.783,-0.21,0.53,312.07,0.01,0.0,0.04,0.04,108415,999,3,0.25,0.07,-0.03,0.02,48,26,-16,0,3.08,0.06,0.0072,0.0176,21.73,20.95,11.63
752.036,after,97.501,52.1380123,21.1607764,90.79,52.1380119,21.1607774,32,0.44,0.04,255,0.0,0.0,-0.065,0.022,2.952,1.783,-0.28,0.67,312.08,0.01,0.0,0.0,0.03,108415,999,3,0.25,0.1,-0.03,0.02,48,-18,144,0,3.09,0.04,0.0054,0.0145,22.67,18.4,12.94
752.136,after,97.6,52.1380123,21.1607764,90.79,52.1380119,21.1607774,32,0.44,0.04,255,-0.1674,0.0,0.0112,-0.0509,2.958,1.782,-0.43,0.56,312.06,0.0,0.0,0.02,0.04,108415,999,3,0.25,0.1,0.01,0.0,48,30,19,0,3.08,0.04,0.0038,0.0169,20.33,18.33,13.67
752.236,after,97.701,52.1380123,21.1607764,90.79,52.1380119,21.1607773,32,0.44,0.057,255,0.0,0.0,-0.0076,-0.0319,2.958,1.781,-0.3,0.39,312.0,0.0,0.0,0.0,0.05,108415,999,3,0.25,0.13,0.01,0.0,48,120,27,0,3.08,0.04,0.0029,0.0128,16.93,20.59,12.82
752.336,after,97.8,52.1380123,21.1607764,90.79,52.1380119,21.1607773,32,0.44,0.057,255,0.0,0.0,0.0521,0.0297,2.976,1.784,-0.21,0.31,311.98,0.03,0.0,0.0,0.04,108415,999,3,0.25,0.13,-0.01,0.04,48,14,36,0,3.09,0.04,0.0047,0.0064,15.34,20.44,12.38
752.436,after,97.901,52.1380122,21.1607764,90.79,52.1380118,21.1607772,32,0.44,0.04,255,0.1674,0.0,-0.0345,0.0181,2.994,1.789,-0.23,0.44,312.06,0.03,0.0,0.01,0.03,108415,999,3,0.25,0.14,-0.01,0.04,48,-48,-35,0,3.1,0.04,0.0034,0.0039,16.08,17.61,10.75
752.536,after,98.001,52.1380122,21.1607763,90.8,52.1380118,21.1607772,32,0.44,0.04,255,0.0,0.0,-0.0342,0.0176,2.98,1.791,-0.3,0.6,312.12,0.03,0.0,0.0,0.03,108415,999,3,0.25,0.14,0.03,0.0,48,7,-22,0,3.1,0.03,0.003,0.0056,16.36,15.66,11.77
752.636,after,98.101,52.1380122,21.1607763,90.8,52.1380118,21.1607773,32,0.44,0.055,255,0.0,0.0,-0.0124,-0.0264,2.98,1.794,-0.55,0.57,312.18,0.03,0.0,0.0,0.04,108415,999,3,0.25,0.11,0.03,0.0,48,44,2,0,3.1,0.02,0.002,0.0045,16.65,19.23,12.99
752.736,after,98.2,52.1380122,21.1607764,90.8,52.1380118,21.1607773,32,0.44,0.055,255,0.0,0.0,0.0005,-0.0204,2.998,1.795,-0.52,0.36,312.18,0.01,0.0,0.01,0.03,108415,999,3,0.25,0.11,0.04,-0.02,48,-7,61,0,3.1,0.03,0.0026,0.0066,18.58,17.15,11.62
752.836,after,98.301,52.1380121,21.1607764,90.8,52.1380118,21.1607773,32,0.44,0.055,255,0.0,0.0,0.0151,-0.0122,2.977,1.796,-0.49,0.23,312.12,0.01,0.0,0.0,0.04,108415,999,3,0.25,0.11,0.04,-0.02,48,-8,48,0,3.1,0.03,0.0017,0.0058,21.63,19.89,10.56
752.936,after,98.4,52.1380121,21.1607764,90.8,52.1380118,21.1607773,32,0.44,0.032,255,0.0,-0.1675,0.0299,-0.0385,2.988,1.798,-0.42,0.08,312.01,0.02,0.0,0.0,0.03,108415,999,3,0.26,0.14,-0.03,0.04,48,-23,33,0,3.1,0.03,0.0038,0.0043,22.25,18.04,12.87
753.036,after,98.501,52.1380121,21.1607763,90.8,52.1380118,21.1607773,32,0.44,0.039,255,0.0,0.0,-0.0235,0.0033,2.988,1.8,-0.23,0.11,311.87,0.02,0.0,0.01,0.03,108415,999,3,0.26,0.08,-0.03,0.04,48,106,-1,0,3.1,0.03,0.0027,0.0047,18.6,20.62,12.6
753.136,after,98.601,52.1380121,21.1607763,90.8,52.1380118,21.1607773,32,0.44,0.039,255,0.0,0.0,0.0254,0.0436,2.978,1.796,-0.22,0.24,311.75,0.01,0.0,0.03,0.03,108415,999,3,0.26,0.08,0.02,-0.03,48,-6,-5,0,3.09,0.02,0.0027,0.0135,15.71,21.43,11.95
753.236,after,98.701,52.1380121,21.1607764,90.8,52.1380118,21.1607774,32,0.44,0.022,255,0.0,0.0,-0.0544,0.0087,2.968,1.793,-0.46,0.37,311.71,0.01,0.0,0.0,0.02,108415,999,3,0.26,0.11,0.02,-0.03,48,52,-9,0,3.09,0.02,0.0017,0.0082,18.43,19.96,12.22
753.336,after,98.801,52.1380121,21.1607764,90.79,52.1380118,21.1607774,32,0.44,0.022,255,0.0,-0.1675,-0.0037,-0.0213,2.984,1.79,-0.57,0.27,311.59,0.0,0.0,0.03,0.04,108415,999,3,0.26,0.11,0.01,0.01,48,51,3,0,3.08,0.02,0.0021,0.013,17.46,20.22,12.27
753.436,after,98.901,52.1380121,21.1607764,90.79,52.1380117,21.1607776,32,0.44,0.094,255,0.0,0.0,-0.0011,-0.0372,2.978,1.788,-0.7,0.02,311.52,0.0,0.0,0.0,0.03,108415,999,3,0.26,0.1,0.01,0.01,48,10,30,0,3.08,0.02,0.0011,0.0071,17.8,20.18,11.4
753.536,after,99.001,52.1380121,21.1607765,90.79,52.1380117,21.1607776,32,0.44,0.094,255,0.0,0.0,0.0474,0.0384,2.982,1.784,-0.41,0.16,311.53,0.03,0.0,0.02,0.03,108415,999,3,0.26,0.1,0.04,-0.05,48,-18,26,0,3.07,0.0,0.0051,0.0136,21.3,19.36,11.51
753.636,after,99.101,52.1380121,21.1607766,90.79,52.1380117,21.1607777,32,0.44,0.048,255,0.0,0.0,-0.0557,0.0136,2.974,1.781,-0.68,0.2,311.71,0.03,0.0,0.01,0.03,108415,999,3,0.26,0.14,0.04,-0.05,48,22,1,0,3.07,0.0,0.0037,0.0123,22.52,18.52,13.44
753.736,after,99.201,52.1380121,21.1607766,90.78,52.1380117,21.1607777,32,0.44,0.048,255,-0.1675,0.0,-0.0338,-0.0149,2.986,1.777,-0.8,0.23,311.89,0.03,0.0,0.01,0.04,108415,999,3,0.26,0.14,-0.08,0.04,48,30,-19,0,3.07,0.01,0.0056,0.0118,20.17,20.75,12.58
753.836,after,99.3,52.1380121,21.1607767,90.78,52.1380117,21.1607777,32,0.44,0.048,255,-0.1675,-0.1675,-0.0111,-0.0476,2.974,1.777,-0.95,0.07,312.1,0.03,0.0,0.0,0.03,108415,999,3,0.26,0.14,-0.08,0.04,48,49,17,0,3.07,0.01,0.0038,0.0064,18.1,17.09,12.37
753.936,after,99.4,52.1380121,21.1607767,90.78,52.1380118,21.1607777,32,0.44,0.037,255,0.0,0.0,0.0041,-0.0048,2.998,1.776,-0.97,-0.15,312.21,0.01,0.0,0.02,0.03,108415,999,3,0.26,0.13,0.02,0.01,48,-163,-105,0,3.07,0.01,0.0017,0.0054,16.76,22.26,11.78
754.036,after,99.501,52.1380121,21.1607767,90.78,52.1380118,21.1607778,32,0.44,0.026,255,0.0,0.0,-0.0014,-0.0181,2.99,1.774,-0.99,-0.19,312.3,0.01,0.0,0.02,0.03,108415,999,3,0.26,0.13,0.02,0.01,48,12,3,0,3.07,0.01,0.0014,0.0074,20.9,21.47,10.91
754.136,after,99.6,52.1380122,21.1607767,90.78,52.1380118,21.1607778,32,0.44,0.026,255,0.1675,0.0,0.0647,0.0583,3.01,1.771,-0.69,0.03,312.35,0.0,0.0,0.02,0.03,108415,999,3,0.26,0.13,-0.02,0.0,48,-64,-34,0,3.06,-0.01,0.0029,0.0108,18.02,18.46,12.12
754.236,after,99.701,52.1380122,21.1607767,90.77,52.1380118,21.1607779,32,0.44,0.066,255,0.0,0.0,-0.0458,0.0341,2.99,1.766,-0.85,0.24,312.51,0.0,0.0,0.02,0.05,108415,999,3,0.26,0.11,-0.02,0.0,48,43,-35,0,3.06,-0.01,0.0025,0.0122,16.93,22.24,13.63
754.336,after,99.8,52.1380122,21.1607767,90.77,52.1380118,21.1607779,32,0.44,0.066,255,0.0,0.0,-0.0077,-0.0328,2.988,1.761,-0.92,0.23,312.64,0.02,0.0,0.02,0.02,108415,999,3,0.26,0.11,-0.02,-0.04,48,-157,8,0,3.05,-0.01,0.0043,0.0118,15.34,16.45,11.87
754.436,after,99.901,52.1380122,21.1607768,90.76,52.1380119,21.160778,32,0.44,0.051,255,0.0,0.0,-0.0076,-0.011,3.006,1.758,-0.91,0.17,312.75,0.02,0.0,0.0,0.02,108415,999,3,0.26,0.12,-0.02,-0.04,48,10,27,0,3.05,-0.01,0.0029,0.008,15.67,18.06,11.87
754.536,after,100.001,52.1380122,21.1607768,90.76,52.1380119,21.160778,32,0.44,0.051,255,0.0,0.0,0.0426,0.0225,3.012,1.755,-0.85,0.1,312.88,0.01,0.0,0.01,0.03,108415,999,3,0.26,0.12,-0.02,0.0,48,23,19,0,3.05,-0.03,0.0039,0.008,15.96,19.55,10.99
754.636,after,100.101,52.1380122,21.1607768,90.76,52.1380119,21.1607779,32,0.44,0.039,255,0.0,0.0,-0.0563,0.0152,2.992,1.752,-0.8,0.36,313.03,0.01,0.0,0.01,0.03,108415,999,3,0.27,0.13,-0.02,0.0,48,110,-61,0,3.05,-0.03,0.0024,0.0063,18.31,19.21,10.0
754.736,after,100.201,52.1380122,21.1607768,90.76,52.1380119,21.1607779,32,0.44,0.039,255,0.0,0.0,-0.0468,-0.0361,2.998,1.753,-1.15,0.26,313.14,0.03,0.0,0.0,0.02,108415,999,3,0.27,0.13,0.04,0.0,48,-92,14,0,3.06,-0.01,0.0023,0.0035,18.92,17.84,10.41
754.836,after,100.301,52.1380122,21.1607768,90.76,52.1380119,21.1607779,32,0.44,0.039,255,0.0,0.0,0.0738,0.0089,2.994,1.753,-0.98,0.04,313.09,0.03,0.0,0.0,0.03,108415,999,3,0.27,0.13,0.04,0.0,48,-173,-99,0,3.06,-0.01,0.0016,0.0031,17.42,24.15,12.41
754.936,after,100.401,52.1380122,21.1607767,90.76,52.1380119,21.1607779,32,0.44,0.046,255,0.0,0.0,-0.0388,0.017,2.972,1.753,-0.9,0.21,313.03,0.02,0.0,0.02,0.04,108415,999,3,0.27,0.1,0.0,0.04,48,123,-52,0,3.06,-0.01,0.0038,0.0041,16.01,20.3,12.78
755.036,after,100.501,52.1380122,21.1607767,90.76,52.1380119,21.1607778,32,0.44,0.048,255,0.0,0.0,0.026,0.0208,2.984,1.753,-0.85,0.35,312.94,0.02,0.0,0.0,0.05,108415,999,3,0.27,0.09,0.0,0.04,48,-12,-27,0,3.06,-0.01,0.0027,0.0035,16.22,20.46,10.56
755.136,after,100.601,52.1380122,21.1607767,90.76,52.1380119,21.1607778,32,0.44,0.048,255,0.0,0.0,-0.0162,-0.0079,2.992,1.755,-0.87,0.32,312.76,0.02,0.0,0.0,0.03,108415,999,3,0.27,0.09,-0.02,0.02,48,-9,0,0,3.07,0.0,0.0043,0.0077,14.87,17.41,9.95
755.236,after,100.701,52.1380122,21.1607767,90.76,52.1380119,21.1607777,32,0.44,0.033,255,0.0,0.0,0.0196,-0.0664,2.994,1.758,-0.84,0.02,312.53,0.02,0.0,0.01,0.03,108415,999,3,0.27,0.09,-0.02,0.02,48,-12,57,0,3.07,0.0,0.0032,0.0098,15.52,16.6,9.57
755.336,after,100.801,52.1380122,21.1607767,90.77,52.1380119,21.1607777,32,0.44,0.033,255,0.0,0.0,0.0187,0.0678,2.984,1.761,-0.5,0.21,312.35,0.01,0.0,0.01,0.03,108415,999,3,0.27,0.09,0.01,0.01,48,-89,-60,0,3.07,0.0,0.0025,0.0064,13.75,15.5,11.25
755.436,after,100.901,52.1380122,21.1607766,90.77,52.1380119,21.1607777,32,0.44,0.027,255,0.0,0.1675,-0.0288,0.0313,2.998,1.761,-0.72,0.46,312.35,0.01,0.0,0.02,0.04,108415,999,3,0.27,0.07,0.01,0.01,48,2,-69,0,3.07,0.0,0.0013,0.0025,17.14,13.65,12.38
755.536,after,101.001,52.1380122,21.1607766,90.77,52.1380119,21.1607777,32,0.44,0.027,255,0.0,0.0,0.0143,-0.0258,3.006,1.763,-0.67,0.35,312.35,0.01,0.0,0.02,0.04,108415,999,3,0.27,0.07,0.03,0.0,48,-9,-7,0,3.08,0.0,0.0025,0.0074,15.58,19.01,11.5
755.636,after,101.101,52.1380122,21.1607766,90.77,52.1380119,21.1607776,32,0.44,0.05,255,0.0,0.0,-0.0136,-0.0476,2.998,1.765,-0.75,0.1,312.39,0.01,0.0,0.01,0.03,108415,999,3,0.26,0.08,0.03,0.0,48,-2,28,0,3.07,0.0,0.0017,0.0045,17.47,20.16,10.28
755.736,after,101.201,52.1380122,21.1607765,90.77,52.1380119,21.1607776,32,0.44,0.05,255,0.1675,0.0,-0.0096,0.0379,3.01,1.766,-0.6,0.22,312.53,0.02,0.0,0.01,0.03,108415,999,3,0.26,0.08,0.03,0.02,48,-55,-164,0,3.08,0.0,0.0031,0.0052,20.11,20.3,10.45
755.836,after,101.301,52.1380121,21.1607765,90.77,52.1380119,21.1607776,32,0.44,0.05,255,0.0,0.0,-0.0095,-0.0113,3.007,1.768,-0.77,0.32,312.75,0.02,0.0,0.02,0.03,108415,999,3,0.26,0.08,0.03,0.02,48,27,-28,0,3.08,0.0,0.0023,0.0088,19.88,18.43,10.86
755.936,after,101.401,52.1380121,21.1607765,90.77,52.1380118,21.1607776,32,0.44,0.073,255,0.0,0.0,0.0325,-0.0147,3.01,1.768,-0.65,0.16,312.92,0.03,0.0,0.01,0.04,108415,999,3,0.26,0.09,0.06,-0.01,48,-28,49,0,3.07,-0.02,0.006,0.0075,21.38,21.31,9.94
756.036,after,101.501,52.1380121,21.1607765,90.77,52.1380118,21.1607776,32,0.44,0.064,255,0.1674,0.0,0.0319,-0.0395,3.008,1.766,-0.54,-0.01,313.06,0.03,0.0,0.01,0.04,108415,999,3,0.26,0.1,0.06,-0.01,48,-30,36,0,3.07,-0.01,0.0043,0.0067,18.49,19.68,10.4
756.136,after,101.601,52.138012,21.1607765,90.77,52.1380118,21.1607776,32,0.44,0.064,255,0.1675,0.0,0.0118,0.0061,3.02,1.76,-0.17,0.02,313.16,0.03,0.0,0.01,0.04,108415,999,3,0.26,0.1,0.04,-0.02,48,65,-6,0,3.06,-0.02,0.0061,0.0103,18.21,16.08,9.36
756.236,after,101.701,52.138012,21.1607765,90.76,52.1380117,21.1607776,32,0.44,0.053,255,0.0,0.0,0.0311,0.0301,3.022,1.754,-0.12,0.09,313.23,0.03,0.0,0.01,0.04,108415,999,3,0.26,0.08,0.04,-0.02,48,-29,-1,0,3.06,-0.03,0.0044,0.01,17.27,24.84,9.75
756.336,after,101.801,52.138012,21.1607765,90.75,52.1380117,21.1607776,32,0.44,0.053,255,0.0,0.0,-0.0409,0.0034,3.004,1.749,-0.22,0.17,313.25,0.0,0.0,0.0,0.04,108415,999,3,0.26,0.08,0.02,0.0,48,19,-9,0,3.05,-0.05,0.0038,0.0082,15.15,21.4,11.84
756.436,after,101.901,52.1380119,21.1607765,90.75,52.1380117,21.1607776,32,0.44,0.091,255,0.0,0.0,0.0037,-0.0674,3.016,1.744,-0.35,-0.06,313.12,0.0,0.0,0.0,0.05,108415,999,3,0.26,0.08,0.02,0.0,48,32,6,0,3.05,-0.05,0.0026,0.0066,17.56,21.11,11.67
756.536,after,102.001,52.1380119,21.1607765,90.75,52.1380117,21.1607776,32,0.44,0.091,255,0.0,0.0,-0.0035,0.0063,3.014,1.741,-0.18,-0.13,312.94,0.02,0.0,0.01,0.04,108415,999,3,0.26,0.08,0.05,-0.02,48,-38,65,0,3.05,-0.04,0.0044,0.0057,15.62,24.91,11.27
756.636,after,102.101,52.1380119,21.1607765,90.75,52.1380116,21.1607776,32,0.45,0.032,255,0.0,0.0,0.0207,0.0186,3.006,1.741,-0.2,-0.05,312.81,0.02,0.0,0.03,0.04,108415,999,3,0.26,0.09,0.05,-0.02,48,19,-1,0,3.06,-0.04,0.003,0.0092,15.12,17.41,12.43
756.736,after,102.201,52.1380119,21.1607765,90.75,52.1380116,21.1607776,32,0.45,0.032,255,0.0,0.0,-0.0228,-0.0127,2.99,1.74,-0.23,-0.1,312.64,0.02,0.0,0.01,0.03,108415,999,3,0.26,0.09,-0.02,0.03,48,-11,6,0,3.05,-0.03,0.002,0.0023,17.74,15.46,12.88
756.836,after,102.301,52.1380119,21.1607765,90.74,52.1380116,21.1607776,32,0.45,0.032,255,0.0,0.0,0.0099,-0.0109,3.006,1.739,-0.32,-0.24,312.41,0.02,0.0,0.0,0.04,108415,999,3,0.26,0.09,-0.02,0.03,48,39,22,0,3.05,-0.02,0.0015,0.0028,18.05,13.66,11.65
756.936,after,102.401,52.1380119,21.1607765,90.74,52.1380116,21.1607775,32,0.45,0.034,255,0.0,0.0,-0.0328,0.0569,3.008,1.738,-0.23,0.09,312.21,0.01,0.0,0.01,0.04,108415,999,3,0.26,0.05,0.02,0.02,48,-47,-62,0,3.05,-0.03,0.0024,0.003,18.17,15.37,10.54
757.036,after,102.501,52.1380119,21.1607765,90.74,52.1380116,21.1607774,32,0.45,0.025,255,0.0,0.0,-0.0038,-0.0132,3.006,1.738,-0.39,0.2,312.01,0.01,0.0,0.0,0.04,108415,999,3,0.26,0.1,0.02,0.02,48,45,-38,0,3.05,-0.03,0.0018,0.0035,16.75,17.11,11.29
757.136,after,102.601,52.1380119,21.1607765,90.74,52.1380116,21.1607774,32,0.45,0.025,255,0.0,0.0,-0.0282,0.0009,3.014,1.736,-0.42,0.15,311.71,0.01,0.0,0.01,0.05,108415,999,3,0.26,0.1,0.0,0.0,48,-6,11,0,3.05,-0.04,0.0021,0.0037,15.99,16.44,11.29
757.236,after,102.701,52.1380119,21.1607764,90.74,52.1380116,21.1607774,31,0.46,0.01,255,0.0,0.0,0.0457,0.0141,3.002,1.731,-0.43,0.08,311.37,0.01,0.0,0.04,0.05,108415,999,3,0.26,0.06,0.0,0.0,48,30,26,0,3.04,-0.04,0.0025,0.0098,14.71,19.78,11.52
757.336,after,102.801,52.138012,21.1607764,90.73,52.1380116,21.1607774,31,0.46,0.01,255,0.0,0.0,-0.0387,0.0531,3.002,1.727,-0.32,0.4,311.09,0.01,0.0,0.0,0.03,108415,999,3,0.26,0.06,0.04,-0.01,48,-34,-67,0,3.04,-0.04,0.0023,0.0066,16.05,23.15,11.84
757.436,after,102.901,52.138012,21.1607764,90.73,52.1380116,21.1607774,32,0.46,0.046,255,0.0,0.0,-0.005,0.0186,3.024,1.723,-0.41,0.61,310.94,0.01,0.0,0.0,0.04,108415,999,3,0.26,0.09,0.04,-0.01,48,7,112,0,3.04,-0.04,0.0013,0.0038,22.94,20.59,12.89
757.536,after,103.001,52.138012,21.1607765,90.72,52.1380116,21.1607774,32,0.46,0.046,255,0.0,0.0,-0.0432,-0.0136,3.002,1.72,-0.68,0.61,310.92,0.02,0.0,0.0,0.04,108415,999,3,0.26,0.09,0.03,-0.03,48,27,-4,0,3.04,-0.05,0.0038,0.0052,25.66,23.57,12.27
757.636,after,103.101,52.138012,21.1607765,90.72,52.1380117,21.1607774,31,0.46,0.07,255,0.0,0.0,0.0156,-0.0206,3.006,1.718,-0.69,0.44,310.93,0.02,0.0,0.0,0.05,108415,999,3,0.26,0.07,0.03,-0.03,48,-288,7,0,3.04,-0.05,0.0024,0.0035,25.83,24.93,11.71
757.736,after,103.201,52.1380121,21.1607765,90.72,52.1380117,21.1607774,31,0.46,0.07,255,0.0,-0.1674,0.0052,-0.0238,3.006,1.717,-0.66,0.32,311.02,0.02,0.0,0.0,0.04,108415,999,3,0.26,0.07,-0.03,0.03,48,155,-8,0,3.04,-0.04,0.0025,0.0031,24.9,26.06,10.95
757.836,after,103.301,52.1380121,21.1607765,90.72,52.1380117,21.1607774,31,0.46,0.07,255,0.1675,0.0,0.0036,0.0384,3.016,1.716,-0.48,0.5,311.15,0.02,0.0,0.0,0.03,108415,999,3,0.26,0.07,-0.03,0.03,48,-33,-21,0,3.04,-0.04,0.0021,0.0043,22.55,20.52,11.56
757.936,after,103.401,52.1380121,21.1607765,90.72,52.1380117,21.1607774,32,0.46,0.021,255,0.0,0.0,-0.0117,-0.0089,3.018,1.716,-0.65,0.57,311.36,0.0,0.0,0.01,0.04,108415,999,3,0.26,0.07,0.0,0.0,48,41,-18,0,3.04,-0.05,0.0019,0.0065,18.19,22.42,12.27
758.036,after,103.501,52.1380121,21.1607765,90.72,52.1380118,21.1607773,32,0.45,0.026,255,-0.1675,0.0,0.0105,-0.01,3.02,1.719,-0.63,0.54,311.59,0.0,0.0,0.02,0.03,108415,999,3,0.26,0.09,0.0,0.0,48,-9,-1,0,3.05,-0.04,0.0024,0.0116,16.14,23.47,12.15
758.136,after,103.601,52.1380121,21.1607765,90.73,52.1380118,21.1607773,32,0.45,0.026,255,0.0,0.0,0.0492,0.0044,3.0,1.725,-0.48,0.39,311.79,0.02,0.0,0.01,0.04,108415,999,3,0.26,0.09,0.04,0.03,48,-8,50,0,3.06,-0.04,0.0046,0.0176,16.3,26.74,11.72
758.236,after,103.701,52.1380121,21.1607765,90.73,52.1380118,21.1607772,32,0.45,0.055,255,0.0,0.0,0.005,-0.0028,3.018,1.727,-0.51,0.37,312.07,0.02,0.0,0.02,0.04,108415,999,3,0.26,0.1,0.04,0.03,48,26,3,0,3.06,-0.03,0.0023,0.007,16.01,26.48,10.33
758.336,after,103.801,52.1380122,21.1607765,90.74,52.1380118,21.1607772,32,0.45,0.055,255,0.0,0.0,-0.048,0.0065,3.018,1.73,-0.6,0.45,312.34,0.03,0.0,0.0,0.04,108415,999,3,0.26,0.1,-0.04,0.03,48,8,-23,0,3.07,-0.02,0.0057,0.0132,16.24,22.02,10.03
758.436,after,103.901,52.1380122,21.1607764,90.74,52.1380118,21.1607772,32,0.45,0.004,255,0.0,0.0,0.0263,0.0424,3.008,1.732,-0.55,0.63,312.6,0.03,0.0,0.0,0.02,108415,999,3,0.26,0.07,-0.04,0.03,48,-23,-43,0,3.06,-0.02,0.0038,0.0094,15.69,25.48,10.33
758.536,after,104.001,52.1380122,21.1607764,90.74,52.1380118,21.1607772,32,0.45,0.004,255,0.0,0.1674,-0.04,0.0021,3.01,1.732,-0.74,0.71,312.81,0.0,0.0,0.02,0.04,108415,999,3,0.26,0.07,-0.01,0.01,48,-3,-35,0,3.06,-0.02,0.0036,0.0055,16.72,25.97,10.44
758.636,after,104.101,52.1380122,21.1607764,90.74,52.1380118,21.1607771,32,0.45,0.009,255,0.0,0.0,-0.002,-0.0126,2.984,1.731,-0.83,0.58,312.85,0.0,0.0,0.0,0.03,108415,999,3,0.26,0.09,-0.01,0.01,48,29,15,0,3.06,-0.02,0.0025,0.0044,15.82,20.8,10.87
758.736,after,104.201,52.1380122,21.1607764,90.73,52.1380118,21.1607771,32,0.45,0.009,255,0.0,0.0,-0.0025,-0.0427,3.002,1.728,-0.84,0.52,312.8,0.01,0.0,0.03,0.03,108415,999,3,0.26,0.09,0.01,0.02,48,10,-4,0,3.05,-0.01,0.003,0.0061,16.15,22.69,11.59
758.836,after,104.301,52.1380122,21.1607764,90.73,52.1380118,21.1607771,32,0.45,0.009,255,0.0,0.0,0.0282,0.0014,2.98,1.726,-0.71,0.36,312.66,0.01,0.0,0.0,0.02,108415,999,3,0.26,0.09,0.01,0.02,48,-182,-103,0,3.05,-0.01,0.0018,0.0034,16.17,21.57,12.48
758.936,after,104.401,52.1380122,21.1607764,90.73,52.1380118,21.1607771,32,0.45,0.042,255,0.0,0.0,0.0221,-0.0043,2.99,1.725,-0.68,0.29,312.57,0.01,0.0,0.0,0.05,108415,999,3,0.26,0.07,0.02,0.0,48,3,26,0,3.05,-0.01,0.0023,0.0051,16.02,21.04,13.19
759.036,after,104.501,52.1380122,21.1607764,90.73,52.1380117,21.1607772,32,0.45,0.05,255,0.0,0.1674,-0.0037,0.0316,2.99,1.727,-0.42,0.52,312.56,0.01,0.0,0.02,0.03,108415,999,3,0.26,0.1,0.02,0.0,48,-71,-43,0,3.06,0.0,0.0022,0.009,18.67,17.49,13.2
759.136,after,104.6,52.1380122,21.1607764,90.73,52.1380117,21.1607772,32,0.45,0.05,255,0.0,0.0,0.0004,0.0087,2.998,1.725,-0.59,0.55,312.66,0.03,0.0,0.01,0.05,108415,999,3,0.26,0.1,0.0,-0.01,48,57,9,0,3.05,-0.02,0.0021,0.0034,19.23,17.65,11.16
759.236,after,104.701,52.1380122,21.1607764,90.73,52.1380117,21.1607772,32,0.45,0.02,255,0.1675,0.0,-0.0341,-0.0172,3.004,1.725,-0.61,0.54,312.75,0.03,0.0,0.0,0.03,108415,999,3,0.26,0.1,0.0,-0.01,48,-2,1,0,3.05,-0.02,0.0013,0.0023,18.84,16.04,11.97
759.336,after,104.801,52.1380122,21.1607764,90.73,52.1380117,21.1607772,32,0.45,0.02,255,0.0,0.0,-0.0124,-0.0591,3.0,1.725,-0.73,0.33,312.83,0.02,0.0,0.03,0.02,108415,999,3,0.26,0.1,0.0,0.0,48,25,34,0,3.05,-0.03,0.0009,0.0036,18.87,17.1,10.49
759.436,after,104.901,52.1380122,21.1607764,90.73,52.1380116,21.1607773,32,0.45,0.051,255,0.0,0.0,0.0289,0.0002,3.008,1.722,-0.62,0.13,312.83,0.02,0.0,0.02,0.04,108415,999,3,0.26,0.07,0.0,0.0,48,-26,43,0,3.04,-0.03,0.0013,0.0078,17.79,16.93,10.28
759.536,after,105.001,52.1380122,21.1607764,90.72,52.1380116,21.1607773,32,0.45,0.051,255,0.0,0.0,0.0292,0.0259,2.986,1.716,-0.58,0.17,312.85,0.01,0.0,0.01,0.04,108415,999,3,0.26,0.07,0.02,-0.01,48,-9,-164,0,3.03,-0.03,0.0032,0.0109,16.61,17.53,9.2
759.636,after,105.101,52.1380122,21.1607765,90.72,52.1380116,21.1607774,32,0.45,0.052,255,0.0,0.0,-0.0422,0.0052,2.99,1.712,-0.56,0.29,312.89,0.01,0.0,0.0,0.02,108415,999,3,0.26,0.08,0.02,-0.01,48,-42,-25,0,3.04,-0.03,0.0021,0.0065,13.78,17.0,8.7
759.736,after,105.201,52.1380121,21.1607765,90.72,52.1380116,21.1607774,32,0.45,0.052,255,0.0,0.0,0.0053,-0.0654,2.982,1.712,-0.68,0.06,312.88,0.01,0.0,0.03,0.03,108415,999,3,0.26,0.08,0.04,0.01,48,-126,16,0,3.05,-0.02,0.0038,0.0079,14.32,13.5,9.44
759.836,after,105.301,52.1380121,21.1607765,90.72,52.1380116,21.1607774,32,0.45,0.052,255,0.1675,0.0,0.0003,-0.0139,3.006,1.715,-0.55,-0.05,312.87,0.01,0.0,0.01,0.04,108415,999,3,0.26,0.08,0.04,0.01,48,-38,42,0,3.05,-0.02,0.0026,0.0087,13.13,14.35,9.63
759.936,after,105.4,52.1380121,21.1607766,90.72,52.1380115,21.1607773,32,0.45,0.021,255,0.0,0.0,0.0253,0.0268,3.002,1.716,-0.42,0.06,312.87,0.0,0.0,0.01,0.03,108415,999,3,0.26,0.06,-0.01,0.01,48,-14,8,0,3.05,-0.03,0.0013,0.0033,15.06,16.74,8.68
760.036,after,105.501,52.1380121,21.1607766,90.72,52.1380115,21.1607774,32,0.45,0.029,255,0.0,0.0,-0.0343,-0.022,2.994,1.719,-0.56,0.08,312.9,0.0,0.0,0.02,0.03,108415,999,3,0.26,0.08,-0.01,0.01,48,13,-2,0,3.06,-0.03,0.0014,0.0074,14.29,16.5,9.33
760.136,after,105.601,52.138012,21.1607766,90.73,52.1380115,21.1607774,32,0.45,0.029,255,0.0,0.0,0.0626,0.0027,3.014,1.721,-0.52,-0.15,312.82,0.01,0.0,0.02,0.04,108415,999,3,0.26,0.08,0.0,-0.02,48,20,70,0,3.05,-0.02,0.002,0.0019,15.78,16.96,8.72
760.236,after,105.701,52.138012,21.1607766,90.73,52.1380115,21.1607774,32,0.46,0.012,255,0.0,0.0,-0.0493,0.0407,2.997,1.724,-0.4,0.13,312.81,0.01,0.0,0.03,0.04,108415,999,3,0.26,0.09,0.0,-0.02,48,118,-52,0,3.06,-0.02,0.0024,0.0092,15.0,18.64,9.49
760.336,after,105.8,52.138012,21.1607766,90.74,52.1380115,21.1607774,32,0.46,0.012,255,0.0,0.0,-0.0119,-0.0385,2.997,1.73,-0.65,0.08,312.76,0.01,0.0,0.03,0.05,108415,999,3,0.26,0.09,0.0,0.02,48,56,0,0,3.08,0.0,0.0037,0.0166,15.21,14.81,10.28
760.436,after,105.901,52.138012,21.1607766,90.74,52.1380115,21.1607774,32,0.45,0.031,255,0.0,0.0,-0.0035,-0.0069,3.0,1.735,-0.54,0.03,312.68,0.01,0.0,0.0,0.04,108415,999,3,0.26,0.09,0.0,0.02,48,-37,-4,0,3.07,0.0,0.0021,0.0095,15.15,16.44,10.16
760.536,after,106.001,52.138012,21.1607766,90.74,52.1380115,21.1607774,32,0.45,0.031,255,0.0,0.0,0.0049,0.0383,3.016,1.736,-0.5,0.13,312.65,0.01,0.0,0.0,0.03,108415,999,3,0.26,0.09,0.02,-0.02,48,-18,-26,0,3.07,0.0,0.0013,0.0045,16.23,18.44,8.98
760.636,after,106.101,52.138012,21.1607766,90.74,52.1380115,21.1607775,32,0.45,0.033,255,-0.1675,0.0,-0.021,-0.0182,2.994,1.737,-0.67,0.22,312.66,0.01,0.0,0.0,0.04,108415,999,3,0.26,0.06,0.02,-0.02,48,23,-22,0,3.07,0.0,0.0011,0.0034,16.65,20.57,8.99
760.736,after,106.201,52.138012,21.1607766,90.74,52.1380115,21.1607775,32,0.45,0.033,255,0.0,0.0,0.0003,-0.0309,2.998,1.735,-0.67,0.05,312.63,0.01,0.0,0.03,0.04,108415,999,3,0.26,0.06,-0.03,-0.01,48,13,37,0,3.06,0.0,0.0033,0.0059,16.22,17.7,10.44
760.836,after,106.301,52.1380121,21.1607766,90.74,52.1380115,21.1607775,32,0.45,0.033,255,0.0,0.0,0.0286,0.0163,3.006,1.731,-0.55,-0.06,312.58,0.01,0.0,0.02,0.04,108415,999,3,0.26,0.06,-0.03,-0.01,48,8,44,0,3.06,-0.02,0.0029,0.0086,17.23,17.59,10.12
760.936,after,106.401,52.1380121,21.1607766,90.73,52.1380116,21.1607775,32,0.45,0.075,255,0.0,0.0,0.0058,0.0311,3.01,1.726,-0.62,0.03,312.58,0.02,0.0,0.02,0.03,108415,999,3,0.26,0.07,-0.06,-0.01,48,20,-11,0,3.05,-0.03,0.0073,0.0117,18.18,16.53,9.26
761.036,after,106.501,52.1380121,21.1607767,90.73,52.1380116,21.1607776,32,0.45,0.027,255,0.0,0.0,-0.0445,0.02,2.992,1.726,-0.63,0.27,312.64,0.02,0.0,0.04,0.03,108415,999,3,0.26,0.07,-0.06,-0.01,48,-23,-55,0,3.06,-0.03,0.0053,0.0082,17.56,17.79,9.37
761.136,after,106.601,52.1380121,21.1607767,90.73,52.1380116,21.1607776,32,0.45,0.027,255,-0.1675,0.0,-0.0122,0.002,3.0,1.727,-0.78,0.33,312.73,0.01,0.0,0.0,0.03,108415,999,3,0.26,0.07,-0.01,0.0,48,-122,-19,0,3.06,-0.02,0.0047,0.007,18.07,17.57,9.88
761.236,after,106.701,52.1380121,21.1607767,90.73,52.1380116,21.1607776,32,0.45,0.009,255,-0.1675,0.0,-0.0144,0.0082,3.006,1.728,-0.92,0.33,312.85,0.01,0.0,0.0,0.04,108415,999,3,0.26,0.1,-0.01,0.0,48,34,8,0,3.07,-0.01,0.0033,0.0059,17.83,17.03,9.79
761.336,after,106.801,52.1380121,21.1607767,90.74,52.1380116,21.1607776,32,0.45,0.009,255,0.0,-0.1675,0.009,-0.0212,3.01,1.731,-0.91,0.21,312.89,0.02,0.0,0.0,0.03,108415,999,3,0.26,0.1,0.01,0.02,48,4,25,0,3.07,-0.01,0.0027,0.008,19.44,19.05,9.43
761.436,after,106.901,52.1380121,21.1607767,90.74,52.1380116,21.1607775,32,0.45,0.004,255,0.0,0.0,0.0172,-0.0498,3.004,1.734,-0.88,0.07,312.88,0.02,0.0,0.0,0.03,108415,999,3,0.26,0.09,0.01,0.02,48,0,13,0,3.07,-0.01,0.0017,0.0054,15.37,17.13,8.65
761.536,after,107.001,52.1380121,21.1607767,90.74,52.1380116,21.1607775,32,0.45,0.004,255,0.1675,0.0,0.0455,0.041,2.988,1.733,-0.59,0.16,312.87,0.0,0.0,0.03,0.02,108415,999,3,0.26,0.09,0.0,0.0,48,-71,-34,0,3.06,-0.01,0.001,0.0038,16.95,17.04,9.14
761.636,after,107.101,52.1380121,21.1607767,90.74,52.1380117,21.1607775,32,0.45,0.04,255,0.0,0.0,0.0002,0.0355,2.998,1.731,-0.68,0.37,312.96,0.0,0.0,0.0,0.04,108415,999,3,0.26,0.1,0.0,0.0,48,160,-36,0,3.06,-0.01,0.0005,0.0019,14.59,15.51,9.81
761.736,after,107.201,52.1380121,21.1607767,90.74,52.1380117,21.1607775,32,0.45,0.04,255,-0.1675,0.0,-0.0291,0.001,3.002,1.733,-0.71,0.44,313.04,0.02,0.0,0.01,0.03,108415,999,3,0.26,0.1,-0.04,-0.01,48,-14,135,0,3.07,0.0,0.0034,0.0068,15.28,18.39,9.05
761.836,after,107.301,52.1380121,21.1607766,90.74,52.1380117,21.1607775,32,0.45,0.04,255,0.0,0.0,-0.0109,-0.0502,2.996,1.736,-0.8,0.34,313.08,0.02,0.0,0.0,0.03,108415,999,3,0.26,0.1,-0.04,-0.01,48,22,-5,0,3.08,0.0,0.0024,0.0063,13.22,16.38,9.63
761.936,after,107.401,52.1380121,21.1607766,90.74,52.1380117,21.1607776,32,0.45,0.042,255,0.0,0.0,0.0546,0.0289,2.992,1.737,-0.62,0.21,312.98,0.02,0.0,0.0,0.03,108415,999,3,0.26,0.1,0.01,-0.03,48,-9,51,0,3.07,0.0,0.0035,0.0047,14.06,14.97,9.93
762.036,after,107.501,52.1380121,21.1607766,90.74,52.1380117,21.1607776,32,0.45,0.027,255,0.0,0.0,-0.0124,-0.0013,2.99,1.736,-0.59,0.29,312.94,0.02,0.0,0.0,0.04,108415,999,3,0.26,0.08,0.01,-0.03,48,-18,-33,0,3.07,0.0,0.0025,0.0034,13.36,26.07,10.45
762.136,after,107.601,52.1380121,21.1607766,90.74,52.1380117,21.1607776,32,0.45,0.027,255,0.0,0.1675,-0.0125,0.026,2.986,1.737,-0.46,0.46,312.93,0.01,0.0,0.0,0.04,108415,999,3,0.26,0.08,0.0,-0.02,48,-48,-41,0,3.07,0.0,0.0034,0.005,14.21,22.42,10.74
762.236,after,107.701,52.1380121,21.1607767,90.74,52.1380117,21.1607776,32,0.45,0.029,255,0.0,0.0,-0.0293,-0.0278,2.982,1.736,-0.7,0.45,312.95,0.01,0.0,0.02,0.02,108415,999,3,0.26,0.09,0.0,-0.02,48,57,-5,0,3.07,0.0,0.0025,0.0054,16.96,18.47,13.15
762.336,after,107.801,52.1380121,21.1607767,90.74,52.1380117,21.1607776,32,0.45,0.029,255,0.0,0.0,0.0044,-0.0122,2.988,1.737,-0.74,0.19,312.92,0.02,0.0,0.0,0.03,108415,999,3,0.26,0.09,-0.04,-0.03,48,3,-110,0,3.07,0.0,0.0043,0.0059,16.25,17.32,12.44
762.436,after,107.901,52.1380121,21.1607767,90.75,52.1380117,21.1607776,32,0.45,0.013,255,0.0,0.0,0.0211,-0.042,3.004,1.741,-0.73,0.01,312.87,0.02,0.0,0.03,0.04,108415,999,3,0.26,0.08,-0.04,-0.03,48,2,46,0,3.08,0.01,0.0031,0.0087,18.92,18.43,12.69
762.536,after,108.001,52.1380121,21.1607767,90.75,52.1380117,21.1607776,32,0.45,0.013,255,0.0,0.0,-0.0053,0.0233,2.988,1.742,-0.49,0.09,312.85,0.01,0.0,0.02,0.02,108415,999,3,0.26,0.08,0.0,0.0,48,-65,-19,0,3.07,0.0,0.0021,0.0043,18.16,16.84,10.86
762.636,after,108.101,52.1380121,21.1607767,90.74,52.1380117,21.1607776,32,0.45,0.02,255,0.0,0.0,-0.0195,0.0227,3.012,1.74,-0.59,0.26,312.86,0.01,0.0,0.02,0.03,108415,999,3,0.26,0.08,0.0,0.0,48,9,-19,0,3.07,0.0,0.002,0.008,19.75,17.51,10.21
762.736,after,108.201,52.1380121,21.1607767,90.74,52.1380117,21.1607776,32,0.45,0.02,255,0.0,0.0,0.0025,-0.0391,3.002,1.737,-0.71,0.22,312.82,0.0,0.0,0.02,0.03,108415,999,3,0.26,0.08,0.0,0.01,48,23,-12,0,3.06,-0.02,0.0018,0.0098,15.96,18.39,10.66
762.836,after,108.301,52.1380121,21.1607767,90.74,52.1380117,21.1607776,32,0.45,0.02,255,0.0,0.0,0.0112,0.0289,3.004,1.735,-0.52,0.26,312.81,0.0,0.0,0.01,0.02,108415,999,3,0.26,0.08,0.0,0.01,48,-32,32,0,3.07,-0.02,0.0009,0.0038,17.69,19.29,10.04
762.936,after,108.401,52.1380121,21.1607767,90.74,52.1380117,21.1607775,32,0.45,0.023,255,0.0,0.0,0.0057,0.0113,2.994,1.734,-0.48,0.4,312.82,0.03,0.0,0.02,0.03,108415,999,3,0.26,0.1,-0.05,-0.01,48,10,-33,0,3.07,-0.01,0.004,0.0049,15.64,20.43,10.91
763.036,after,108.501,52.1380122,21.1607767,90.74,52.1380117,21.1607776,32,0.45,0.045,255,0.0,0.0,-0.0207,-0.0047,3.002,1.734,-0.58,0.4,312.84,0.03,0.0,0.01,0.04,108415,999,3,0.25,0.06,-0.05,-0.01,48,16,-3,0,3.07,-0.01,0.0026,0.0033,16.51,16.64,12.03
763.136,after,108.601,52.1380122,21.1607766,90.74,52.1380117,21.1607776,32,0.45,0.045,255,0.0,0.0,0.0494,-0.0275,2.997,1.733,-0.54,0.16,312.8,0.0,0.0,0.03,0.03,108415,999,3,0.25,0.06,0.0,-0.01,48,12,45,0,3.06,-0.02,0.0014,0.007,17.14,13.49,11.03
763.236,after,108.701,52.1380122,21.1607766,90.74,52.1380117,21.1607775,32,0.45,0.002,255,0.0,0.0,-0.0248,0.0289,3.002,1.731,-0.42,0.28,312.82,0.0,0.0,0.0,0.02,108415,999,3,0.25,0.11,0.0,-0.01,48,-55,-24,0,3.06,-0.01,0.0006,0.0038,16.92,12.42,10.39
763.336,after,108.801,52.1380122,21.1607766,90.74,52.1380117,21.1607775,32,0.45,0.002,255,0.1674,0.0,-0.0144,0.0053,3.0,1.73,-0.45,0.42,312.84,0.02,0.0,0.01,0.03,108415,999,3,0.25,0.11,-0.01,0.0,48,-6,-35,0,3.06,-0.02,0.0012,0.0041,16.88,18.16,10.9
763.436,after,108.901,52.1380122,21.1607766,90.73,52.1380116,21.1607775,32,0.45,0.034,255,0.0,0.0,-0.0186,-0.0223,3.014,1.729,-0.59,0.38,312.86,0.02,0.0,0.01,0.02,108415,999,3,0.25,0.07,-0.01,0.0,48,33,10,0,3.07,-0.01,0.0008,0.0014,16.18,18.19,10.34
763.536,after,109.001,52.1380122,21.1607766,90.73,52.1380116,21.1607775,32,0.45,0.034,255,0.0,-0.1675,0.0135,-0.0049,3.02,1.729,-0.56,0.22,312.82,0.0,0.0,0.0,0.03,108415,999,3,0.25,0.07,0.0,-0.02,48,-193,34,0,3.06,-0.02,0.0014,0.0023,16.29,17.45,9.38
763.636,after,109.101,52.1380122,21.1607766,90.73,52.1380116,21.1607774,32,0.45,0.047,255,0.0,0.0,0.0346,-0.0124,3.016,1.729,-0.51,0.08,312.73,0.0,0.0,0.0,0.03,108415,999,3,0.25,0.07,0.0,-0.02,48,-7,10,0,3.07,-0.02,0.0012,0.0029,12.93,13.8,8.77
763.736,after,109.201,52.1380122,21.1607766,90.74,52.1380116,21.1607774,32,0.45,0.047,255,0.0,0.0,-0.0195,0.0426,3.002,1.731,-0.45,0.27,312.68,0.02,0.0,0.0,0.03,108415,999,3,0.25,0.07,0.01,0.03,48,-52,-15,0,3.07,-0.02,0.0035,0.0075,14.19,16.47,9.88
763.836,after,109.3,52.1380122,21.1607766,90.74,52.1380116,21.1607774,32,0.45,0.047,255,0.0,0.0,-0.0126,-0.0071,2.994,1.731,-0.48,0.35,312.65,0.02,0.0,0.02,0.04,108415,999,3,0.25,0.07,0.01,0.03,48,12,-32,0,3.07,-0.02,0.0026,0.004,14.79,19.31,11.54
763.936,after,109.4,52.1380122,21.1607766,90.74,52.1380116,21.1607774,32,0.45,0.023,255,0.0,0.0,-0.0059,-0.0462,2.994,1.73,-0.57,0.23,312.63,0.02,0.0,0.0,0.03,108415,999,3,0.25,0.09,0.02,-0.03,48,23,0,0,3.06,-0.01,0.0045,0.0078,18.66,19.48,13.05
764.036,after,109.501,52.1380121,21.1607766,90.73,52.1380116,21.1607774,32,0.45,0.024,255,0.0,0.0,0.0163,0.0049,3.002,1.728,-0.42,0.14,312.6,0.02,0.0,0.01,0.04,108415,999,3,0.25,0.08,0.02,-0.03,48,-21,35,0,3.06,-0.01,0.0034,0.0076,17.06,16.15,12.79
764.136,after,109.601,52.1380121,21.1607766,90.73,52.1380116,21.1607774,32,0.45,0.024,255,0.0,0.0,0.0359,0.0392,2.996,1.726,-0.3,0.2,312.62,0.0,0.0,0.01,0.05,108415,999,3,0.25,0.08,0.0,0.0,48,8,0,0,3.07,-0.02,0.0025,0.0039,21.12,20.47,11.09
764.236,after,109.701,52.1380121,21.1607766,90.73,52.1380115,21.1607774,32,0.45,0.045,255,0.0,0.0,-0.0353,0.0176,3.0,1.726,-0.4,0.34,312.74,0.0,0.0,0.0,0.03,108415,999,3,0.25,0.08,0.0,0.0,48,177,-26,0,3.06,-0.01,0.0018,0.003,19.96,18.92,10.13
764.336,after,109.801,52.1380121,21.1607766,90.73,52.1380115,21.1607774,32,0.45,0.045,255,0.0,0.0,-0.0056,-0.0258,2.996,1.729,-0.43,0.26,312.82,0.02,0.0,0.02,0.03,108415,999,3,0.25,0.08,0.0,-0.03,48,-2,16,0,3.08,0.0,0.0029,0.01,18.28,21.05,10.33
764.436,after,109.901,52.1380121,21.1607766,90.74,52.1380115,21.1607774,32,0.45,0.003,255,0.0,0.0,-0.0229,-0.0622,2.994,1.733,-0.52,0.06,312.89,0.02,0.0,0.01,0.03,108415,999,3,0.25,0.1,0.0,-0.03,48,17,32,0,3.08,0.0,0.0023,0.0105,15.07,21.12,9.41
764.536,after,110.001,52.1380121,21.1607766,90.74,52.1380115,21.1607774,32,0.45,0.003,236,0.0,0.0,0.0513,0.0263,2.994,1.739,-0.36,-0.05,312.9,0.03,0.0,0.0,0.03,108415,999,3,0.25,0.1,0.0,0.01,48,-40,22,0,3.09,0.0,0.0033,0.0136,16.24,22.31,10.58
764.636,after,110.101,52.1380121,21.1607766,90.75,52.1380115,21.1607773,32,0.45,0.014,255,0.0,0.0,-0.0047,0.0197,2.994,1.743,-0.42,0.06,312.98,0.03,0.0,0.0,0.03,108415,999,3,0.25,0.09,0.0,0.01,48,39,-12,0,3.09,0.01,0.0024,0.011,14.52,20.66,11.78
764.736,after,110.2,52.1380121,21.1607766,90.75,52.1380115,21.1607773,32,0.45,0.014,255,0.0,0.0,-0.0315,0.0357,2.99,1.744,-0.42,0.28,313.12,0.01,0.0,0.02,0.03,108415,999,3,0.25,0.09,-0.01,0.0,48,-14,-42,0,3.08,0.0,0.0012,0.0021,15.97,16.7,10.7
764.836,after,110.3,52.1380121,21.1607766,90.75,52.1380115,21.1607773,32,0.45,0.014,255,0.0,0.0,-0.0113,-0.0134,2.998,1.743,-0.58,0.31,313.29,0.01,0.0,0.02,0.02,108415,999,3,0.25,0.09,-0.01,0.0,48,48,-28,0,3.07,0.0,0.002,0.0078,16.1,17.59,9.19
764.936,after,110.4,52.1380121,21.1607766,90.74,52.1380115,21.1607773,32,0.45,0.076,255,0.0,0.0,0.0016,-0.0276,2.99,1.739,-0.58,0.23,313.46,0.04,0.0,0.01,0.02,108415,999,3,0.25,0.09,0.08,-0.03,48,3,14,0,3.06,0.0,0.008,0.0159,14.16,13.33,9.19
765.036,after,110.501,52.138012,21.1607766,90.74,52.1380114,21.1607773,32,0.45,0.029,255,0.0,0.0,0.0003,-0.0245,2.984,1.735,-0.54,0.13,313.61,0.04,0.0,0.0,0.03,108415,999,3,0.25,0.1,0.08,-0.03,48,-15,28,0,3.07,0.0,0.0055,0.0109,15.73,14.58,9.96
765.136,after,110.601,52.138012,21.1607766,90.74,52.1380114,21.1607773,32,0.45,0.029,255,0.0,0.0,0.0612,0.0073,2.996,1.732,-0.36,-0.03,313.71,0.02,0.0,0.0,0.02,108415,999,3,0.25,0.1,0.02,0.01,48,-13,62,0,3.06,0.0,0.0056,0.0108,14.87,15.01,11.34
765.236,after,110.701,52.138012,21.1607766,90.74,52.1380114,21.1607773,32,0.44,0.023,255,-0.1674,0.0,-0.0156,0.0335,3.0,1.731,-0.31,0.17,313.83,0.02,0.0,0.02,0.04,108415,999,3,0.25,0.1,0.02,0.01,48,-22,-34,0,3.07,0.0,0.0032,0.005,15.72,12.31,10.39
765.336,after,110.8,52.138012,21.1607765,90.74,52.1380114,21.1607773,32,0.44,0.023,255,0.0,0.0,0.0116,-0.0324,2.998,1.732,-0.29,0.08,313.84,0.01,0.0,0.03,0.03,108415,999,3,0.25,0.1,-0.01,0.0,48,0,4,0,3.07,0.0,0.0015,0.0061,16.16,13.23,9.43
765.436,after,110.901,52.1380119,21.1607765,90.74,52.1380114,21.1607773,32,0.44,0.03,255,0.0,0.0,0.0133,-0.0081,2.994,1.735,-0.3,-0.02,313.81,0.01,0.0,0.01,0.04,108415,999,3,0.25,0.07,-0.01,0.0,48,6,17,0,3.08,0.0,0.001,0.007,16.71,18.32,9.15
765.536,after,111.001,52.1380119,21.1607765,90.74,52.1380114,21.1607773,32,0.44,0.03,255,0.0,0.0,0.0156,0.0493,3.006,1.738,-0.03,0.2,313.74,0.01,0.0,0.0,0.04,108415,999,3,0.25,0.07,0.01,-0.01,48,-79,-35,0,3.08,0.0,0.0009,0.0046,17.09,19.65,12.6
765.636,after,111.101,52.1380119,21.1607765,90.74,52.1380113,21.1607772,32,0.44,0.019,255,0.0,0.0,-0.0151,0.0232,2.99,1.738,-0.18,0.44,313.58,0.01,0.0,0.03,0.03,108415,999,3,0.25,0.08,0.01,-0.01,48,22,-51,0,3.07,0.0,0.0016,0.005,16.26,17.43,12.13
765.736,after,111.2,52.1380119,21.1607765,90.74,52.1380113,21.1607772,32,0.44,0.019,255,0.0,0.0,-0.0141,-0.031,3.002,1.735,-0.29,0.36,313.34,0.01,0.0,0.01,0.04,108415,999,3,0.25,0.08,0.02,0.01,48,20,-16,0,3.07,-0.01,0.0031,0.0078,12.92,15.54,11.08
765.836,after,111.3,52.1380119,21.1607764,90.74,52.1380113,21.1607772,32,0.44,0.019,255,0.0,0.0,0.0165,-0.0144,3.0,1.733,-0.22,0.18,313.09,0.01,0.0,0.0,0.03,108415,999,3,0.25,0.08,0.02,0.01,48,-167,37,0,3.07,-0.01,0.0019,0.0046,13.44,14.19,10.65
765.936,after,111.401,52.1380119,21.1607764,90.74,52.1380114,21.1607772,32,0.44,0.009,255,0.0,0.0,-0.0021,0.0007,2.996,1.731,-0.17,0.09,312.86,0.01,0.0,0.01,0.03,108415,999,3,0.25,0.06,0.03,-0.01,48,-13,16,0,3.06,-0.01,0.0033,0.0071,18.06,15.62,11.58
766.036,after,111.501,52.1380119,21.1607764,90.73,52.1380114,21.1607772,32,0.44,0.056,255,0.0,0.0,0.0126,0.0012,3.002,1.729,-0.18,0.01,312.7,0.01,0.0,0.01,0.02,108415,999,3,0.25,0.09,0.03,-0.01,48,10,21,0,3.06,-0.02,0.0023,0.0075,16.57,14.71,12.81
766.136,after,111.601,52.1380119,21.1607764,90.73,52.1380114,21.1607772,32,0.44,0.056,255,0.0,0.0,0.0221,0.0201,3.005,1.728,-0.14,-0.0,312.58,0.03,0.0,0.01,0.04,108415,999,3,0.25,0.09,-0.03,-0.04,48,6,15,0,3.06,-0.01,0.0032,0.005,19.82,17.07,11.93
766.236,after,111.701,52.1380119,21.1607764,90.73,52.1380115,21.1607773,32,0.44,0.042,255,0.0,0.0,0.0043,0.019,2.996,1.726,-0.16,0.12,312.53,0.03,0.0,0.02,0.04,108415,999,3,0.25,0.1,-0.03,-0.04,48,4,-29,0,3.06,-0.02,0.0023,0.0081,17.71,26.11,12.19
766.336,after,111.801,52.1380119,21.1607764,90.73,52.1380115,21.1607773,32,0.44,0.042,255,0.0,0.0,-0.044,0.026,3.006,1.726,-0.26,0.28,312.58,0.04,0.0,0.02,0.03,108415,999,3,0.25,0.1,-0.03,0.0,48,6,-36,0,3.06,-0.01,0.0038,0.007,18.05,23.18,11.01
766.436,after,111.901,52.1380119,21.1607764,90.73,52.1380116,21.1607773,32,0.44,0.022,255,0.0,0.0,-0.0434,0.0152,3.004,1.724,-0.48,0.36,312.65,0.04,0.0,0.01,0.03,108415,999,3,0.25,0.07,-0.03,0.0,48,40,-14,0,3.06,-0.02,0.0026,0.0083,16.03,21.13,11.46
766.536,after,112.001,52.138012,21.1607764,90.73,52.1380116,21.1607773,32,0.44,0.022,255,-0.1674,0.0,0.0108,-0.023,3.004,1.722,-0.59,0.28,312.65,0.0,0.0,0.02,0.02,108415,999,3,0.25,0.07,0.01,0.0,48,23,21,0,3.05,-0.03,0.0015,0.0096,20.39,19.28,12.15
766.636,after,112.101,52.138012,21.1607764,90.72,52.1380117,21.1607772,32,0.44,0.035,255,0.0,0.0,0.0025,-0.0017,3.008,1.719,-0.54,0.22,312.62,0.0,0.0,0.0,0.03,108415,999,3,0.25,0.06,0.01,0.0,48,1,10,0,3.05,-0.03,0.0012,0.0066,19.47,17.89,12.85
766.736,after,112.201,52.138012,21.1607764,90.72,52.1380117,21.1607772,32,0.44,0.035,255,0.0,0.0,-0.0188,0.0248,2.988,1.718,-0.56,0.39,312.63,0.01,0.0,0.01,0.02,108415,999,3,0.25,0.06,0.0,0.0,48,-2,-13,0,3.06,-0.02,0.0018,0.004,15.88,25.03,10.89
766.836,after,112.301,52.1380121,21.1607764,90.72,52.1380117,21.1607772,32,0.44,0.035,255,0.0,0.0,-0.0083,0.0116,2.996,1.718,-0.47,0.54,312.67,0.01,0.0,0.01,0.03,108415,999,3,0.25,0.06,0.0,0.0,48,3,-35,0,3.06,-0.01,0.0014,0.0048,18.41,21.59,11.52
766.936,after,112.4,52.1380121,21.1607764,90.73,52.1380117,21.1607772,32,0.44,0.028,255,0.0,0.0,0.032,0.0337,3.0,1.721,-0.41,0.66,312.74,0.01,0.0,0.03,0.02,108415,999,3,0.25,0.06,0.03,0.03,48,32,-9,0,3.07,0.0,0.004,0.0112,18.62,21.53,11.26
767.036,after,112.501,52.1380121,21.1607763,90.73,52.1380118,21.1607772,32,0.44,0.062,255,0.0,0.0,-0.0203,0.0127,3.012,1.723,-0.57,0.78,312.86,0.01,0.0,0.01,0.03,108415,999,3,0.25,0.09,0.03,0.03,48,22,-49,0,3.07,-0.01,0.0026,0.0045,21.28,25.23,11.15
767.136,after,112.601,52.1380121,21.1607763,90.73,52.1380118,21.1607772,32,0.44,0.062,255,0.0,0.0,-0.0109,-0.0064,3.004,1.725,-0.66,0.74,312.92,0.03,0.0,0.01,0.03,108415,999,3,0.25,0.09,-0.05,-0.04,48,28,0,0,3.07,-0.02,0.0037,0.0064,18.18,23.67,10.64
767.236,after,112.701,52.1380121,21.1607763,90.73,52.1380119,21.1607772,32,0.44,0.022,255,0.0,-0.1675,0.0401,-0.0141,3.0,1.727,-0.54,0.56,312.85,0.03,0.0,0.0,0.02,108415,999,3,0.25,0.08,-0.05,-0.04,48,-16,32,0,3.07,-0.02,0.0027,0.0059,17.43,20.59,10.04
767.336,after,112.8,52.1380122,21.1607763,90.73,52.1380119,21.1607772,32,0.44,0.022,255,0.0,0.0,0.0361,-0.0184,3.01,1.727,-0.38,0.45,312.66,0.0,0.0,0.03,0.03,108415,999,3,0.25,0.08,0.0,0.0,48,-16,-154,0,3.07,0.0,0.0017,0.0056,17.41,19.53,11.31
767.436,after,112.901,52.1380122,21.1607763,90.73,52.1380119,21.1607773,32,0.44,0.032,255,0.0,0.0,0.0069,0.0278,3.01,1.724,-0.26,0.55,312.47,0.0,0.0,0.02,0.03,108415,999,3,0.25,0.04,0.0,0.0,48,-43,-7,0,3.06,-0.02,0.0018,0.0093,19.32,24.34,11.5
767.536,after,113.0,52.1380122,21.1607763,90.72,52.1380119,21.1607773,32,0.44,0.032,255,0.0,0.0,-0.0272,0.0268,3.01,1.719,-0.25,0.72,312.32,0.01,0.0,0.01,0.03,108415,999,3,0.25,0.04,0.01,-0.03,48,-23,-36,0,3.05,-0.03,0.0031,0.0107,17.72,20.52,11.78
767.636,after,113.101,52.1380122,21.1607763,90.72,52.1380119,21.1607774,32,0.44,0.037,255,0.0,0.0,-0.0082,-0.0601,3.008,1.715,-0.38,0.56,312.12,0.01,0.0,0.0,0.03,108415,999,3,0.25,0.05,0.01,-0.03,48,35,28,0,3.05,-0.03,0.0022,0.0083,20.45,23.23,11.28
767.736,after,113.2,52.1380122,21.1607763,90.72,52.1380119,21.1607774,32,0.44,0.037,255,0.0,-0.1675,-0.0115,-0.0403,3.002,1.713,-0.37,0.32,311.85,0.01,0.0,0.01,0.04,108415,999,3,0.25,0.05,-0.05,0.0,48,-1,36,0,3.06,-0.03,0.004,0.0065,19.33,17.75,11.28
767.836,after,113.3,52.1380122,21.1607764,90.72,52.1380119,21.1607774,32,0.44,0.037,255,0.0,0.0,0.0104,0.0229,3.018,1.711,-0.21,0.33,311.61,0.01,0.0,0.0,0.03,108415,999,3,0.25,0.05,-0.05,0.0,48,2,-123,0,3.05,-0.03,0.0026,0.005,18.9,21.34,11.87
767.936,after,113.4,52.1380122,21.1607764,90.71,52.138012,21.1607775,32,0.44,0.044,255,0.0,0.1675,0.0028,0.0366,3.006,1.709,-0.22,0.48,311.44,0.02,0.0,0.0,0.04,108415,999,3,0.25,0.08,0.0,-0.02,48,172,-10,0,3.06,-0.04,0.0033,0.0062,21.22,21.7,10.33
768.036,after,113.501,52.1380122,21.1607765,90.71,52.138012,21.1607776,32,0.44,0.034,255,-0.1675,0.0,-0.0622,-0.0032,3.02,1.71,-0.47,0.56,311.35,0.02,0.0,0.01,0.05,108415,999,3,0.25,0.08,0.0,-0.02,48,19,-6,0,3.06,-0.03,0.0024,0.0071,19.15,19.46,12.0
768.136,after,113.601,52.1380122,21.1607765,90.72,52.138012,21.1607776,32,0.44,0.034,255,0.0,0.0,0.0183,-0.0244,3.018,1.711,-0.54,0.34,311.24,0.01,0.0,0.0,0.04,108415,999,3,0.25,0.08,0.02,-0.01,48,41,38,0,3.06,-0.02,0.0019,0.0066,18.6,19.38,12.46
768.236,after,113.701,52.1380122,21.1607765,90.72,52.1380119,21.1607777,32,0.44,0.067,255,0.0,0.0,0.0346,-0.0239,3.014,1.713,-0.45,0.16,311.21,0.01,0.0,0.02,0.03,108415,999,3,0.25,0.07,0.02,-0.01,48,4,-128,0,3.07,-0.02,0.002,0.011,19.61,25.1,10.19
768.336,after,113.8,52.1380122,21.1607766,90.72,52.1380119,21.1607777,32,0.44,0.067,255,0.0,0.0,-0.0055,0.0248,3.012,1.716,-0.36,0.27,311.28,0.01,0.0,0.02,0.04,108415,999,3,0.25,0.07,0.02,-0.01,48,-40,-16,0,3.08,-0.01,0.0032,0.0149,19.32,21.29,11.11
768.436,after,113.901,52.1380122,21.1607766,90.72,52.1380119,21.1607777,32,0.44,0.024,255,0.0,0.0,-0.0386,0.035,3.014,1.72,-0.33,0.47,311.47,0.01,0.0,0.0,0.04,108415,999,3,0.25,0.09,0.02,-0.01,48,-23,-37,0,3.08,0.0,0.0022,0.0116,19.74,24.01,12.34
768.536,after,114.001,52.1380122,21.1607766,90.73,52.1380119,21.1607777,32,0.44,0.024,255,0.0,0.0,-0.0011,-0.0276,3.008,1.725,-0.56,0.5,311.74,0.02,0.0,0.02,0.04,108415,999,3,0.25,0.09,-0.02,-0.02,48,66,-16,0,3.09,0.0,0.0041,0.0182,20.93,28.71,12.47
768.636,after,114.101,52.1380122,21.1607767,90.73,52.1380119,21.1607777,32,0.44,0.01,255,0.0,0.0,-0.0236,-0.0331,3.014,1.73,-0.59,0.38,312.03,0.02,0.0,0.0,0.02,108415,999,3,0.25,0.1,-0.02,-0.02,48,4,17,0,3.09,0.0,0.0025,0.0124,20.79,23.78,10.99
768.736,after,114.2,52.1380122,21.1607767,90.74,52.1380119,21.1607777,32,0.44,0.01,255,0.0,0.0,0.0517,0.0048,3.014,1.733,-0.39,0.28,312.3,0.02,0.0,0.03,0.03,108415,999,3,0.25,0.1,0.0,-0.01,48,-54,-144,0,3.09,0.0,0.0021,0.0055,17.52,22.72,11.71
768.836,after,114.3,52.1380122,21.1607767,90.74,52.1380119,21.1607777,32,0.44,0.01,255,0.0,0.0,0.0019,0.0226,3.012,1.733,-0.37,0.32,312.65,0.02,0.0,0.0,0.04,108415,999,3,0.25,0.1,0.0,-0.01,48,-38,5,0,3.09,0.0,0.0009,0.0027,18.82,23.43,10.23
768.936,after,114.4,52.1380122,21.1607767,90.74,52.1380119,21.1607777,32,0.44,0.021,255,0.0,0.0,-0.0313,0.0084,3.006,1.733,-0.52,0.46,313.04,0.0,0.0,0.0,0.02,108415,999,3,0.25,0.06,-0.01,-0.01,48,6,-23,0,3.09,0.0,0.0019,0.0054,19.15,23.73,11.33
769.036,after,114.501,52.1380123,21.1607768,90.74,52.1380119,21.1607777,32,0.44,0.045,255,0.0,0.0,0.0405,-0.0281,3.006,1.731,-0.47,0.26,313.33,0.0,0.0,0.02,0.03,108415,999,3,0.25,0.09,-0.01,-0.01,48,20,22,0,3.08,-0.01,0.0007,0.0021,19.15,20.57,10.98
769.136,after,114.601,52.1380123,21.1607768,90.73,52.1380119,21.1607777,32,0.44,0.045,255,0.0,0.0,-0.0216,0.0292,3.002,1.727,-0.54,0.36,313.68,0.01,0.0,0.02,0.04,108415,999,3,0.25,0.09,0.03,0.01,48,-14,-1,0,3.07,-0.01,0.0024,0.0068,15.85,18.53,10.42
769.236,after,114.701,52.1380123,21.1607768,90.73,52.1380118,21.1607778,32,0.44,0.016,255,0.0,0.0,-0.0069,-0.0093,3.008,1.722,-0.53,0.4,313.95,0.01,0.0,0.02,0.03,108415,999,3,0.25,0.09,0.03,0.01,48,-10,-17,0,3.06,-0.02,0.0026,0.0098,17.24,19.02,9.73
769.336,after,114.8,52.1380123,21.1607768,90.72,52.1380118,21.1607778,32,0.44,0.016,255,0.0,0.0,0.0066,-0.0563,2.998,1.718,-0.6,0.23,314.06,0.0,0.0,0.03,0.02,108415,999,3,0.25,0.09,-0.01,0.0,48,28,0,0,3.07,-0.01,0.001,0.0011,17.94,16.16,11.28
769.436,after,114.901,52.1380123,21.1607768,90.72,52.1380118,21.1607778,32,0.44,0.043,255,0.0,0.0,-0.0111,0.0472,2.996,1.715,-0.4,0.3,314.05,0.0,0.0,0.04,0.02,108415,999,3,0.25,0.06,-0.01,0.0,48,-63,-3,0,3.05,-0.01,0.0024,0.0105,18.39,15.44,10.9
769.536,after,115.001,52.1380123,21.1607768,90.72,52.1380118,21.1607778,32,0.44,0.043,255,0.0,0.0,-0.0188,-0.0135,2.996,1.711,-0.63,0.46,313.98,0.01,0.0,0.0,0.03,108415,999,3,0.25,0.06,0.03,0.0,48,44,-48,0,3.06,-0.01,0.0024,0.0049,15.03,15.74,13.2
769.636,after,115.101,52.1380123,21.1607768,90.71,52.1380117,21.1607778,32,0.44,0.025,255,0.0,0.0,-0.0104,-0.0125,2.996,1.709,-0.67,0.39,313.81,0.01,0.0,0.02,0.02,108415,999,3,0.25,0.1,0.03,0.0,48,-4,13,0,3.05,-0.02,0.0027,0.0101,16.35,18.35,11.46
769.736,after,115.201,52.1380123,21.1607768,90.71,52.1380117,21.1607778,32,0.44,0.025,255,0.0,0.0,0.0375,0.0537,2.996,1.705,-0.58,0.47,313.61,0.02,0.0,0.0,0.02,108415,999,3,0.25,0.1,0.05,-0.02,48,-30,-13,0,3.05,-0.03,0.0047,0.01,16.31,20.83,11.18
769.836,after,115.3,52.1380123,21.1607768,90.71,52.1380117,21.1607778,32,0.44,0.025,255,0.0,0.0,0.0176,-0.0122,2.996,1.703,-0.54,0.63,313.35,0.02,0.0,0.01,0.03,108415,999,3,0.25,0.1,0.05,-0.02,48,-26,-63,0,3.05,-0.03,0.0031,0.0054,15.65,22.57,11.15
769.936,after,115.401,52.1380122,21.1607768,90.71,52.1380116,21.1607778,32,0.44,0.067,255,0.335,0.0,0.1303,0.0416,3.0,1.703,0.07,0.62,313.02,0.03,0.0,0.0,0.04,108415,999,3,0.25,0.08,0.08,-0.01,48,-47,32,0,3.05,-0.02,0.0089,0.0124,16.89,17.56,10.71
770.036,after,115.501,52.1380121,21.1607768,90.71,52.1380116,21.1607777,32,0.44,0.035,255,0.0,0.0,0.1362,0.0588,3.008,1.704,0.8,1.0,312.72,0.03,0.0,0.02,0.03,108415,999,3,0.25,0.04,0.08,-0.01,48,32,-57,0,3.06,-0.01,0.0059,0.0102,18.26,19.82,11.62
770.136,after,115.601,52.1380121,21.1607768,90.71,52.1380116,21.1607777,32,0.44,0.035,255,0.0,0.0,0.1037,0.0062,3.012,1.706,1.44,1.15,312.4,0.0,0.0,0.0,0.06,108415,999,3,0.25,0.04,0.0,0.02,48,28,-46,0,3.06,-0.03,0.0041,0.0065,20.72,25.89,11.21
770.236,after,115.701,52.1380121,21.1607768,90.71,52.1380116,21.1607777,32,0.44,0.045,255,0.1675,0.0,0.1408,0.0463,3.016,1.707,2.25,1.36,312.35,0.0,0.0,0.0,0.04,108415,999,3,0.25,0.09,0.0,0.02,48,-138,-21,0,3.06,-0.03,0.0026,0.0053,17.56,27.62,10.53
770.336,after,115.801,52.1380121,21.1607769,90.72,52.1380116,21.1607777,32,0.44,0.045,255,0.1675,0.1675,0.0997,0.1128,3.018,1.71,3.01,1.83,313.57,0.03,0.0,0.01,0.05,108415,999,3,0.25,0.09,-0.01,0.0,48,203,-64,0,3.06,-0.02,0.0017,0.0034,17.3,21.44,10.86
770.436,after,115.901,52.1380121,21.1607771,90.72,52.1380115,21.160778,32,0.44,0.135,255,0.0,0.0,0.0516,0.052,3.012,1.711,3.51,2.09,316.65,0.03,0.0,0.0,0.07,108415,999,3,0.25,0.07,-0.01,0.0,48,-23,-85,0,3.06,-0.02,0.0012,0.0018,15.78,18.82,10.5
770.536,after,116.001,52.1380121,21.1607774,90.72,52.1380115,21.160778,32,0.44,0.135,255,-0.1675,-0.1675,0.0289,0.0073,3.02,1.713,3.82,1.9,321.2,0.04,0.0,0.0,0.06,108415,999,3,0.25,0.07,0.03,-0.04,48,40,6,0,3.07,-0.01,0.0041,0.0079,10.97,14.44,10.36
770.636,after,116.101,52.1380122,21.1607778,90.72,52.1380115,21.1607784,32,0.44,0.192,255,0.0,0.0,0.034,0.026,3.01,1.713,4.17,1.67,326.85,0.04,0.0,0.0,0.07,108415,999,3,0.25,0.04,0.03,-0.04,48,57,-172,0,3.07,-0.01,0.0024,0.0065,9.46,12.72,8.64
770.736,after,116.2,52.1380123,21.1607783,90.72,52.1380115,21.1607784,32,0.44,0.192,255,0.335,-0.5024,0.005,0.0296,3.02,1.713,4.52,1.38,333.25,0.01,0.0,0.01,0.04,108415,999,3,0.25,0.04,0.04,-0.01,48,86,-169,0,3.07,-0.01,0.0038,0.0074,9.82,10.75,7.62
770.836,after,116.3,52.1380124,21.1607789,90.71,52.1380115,21.1607784,32,0.44,0.192,255,0.0,0.0,0.0561,-0.067,3.024,1.71,4.71,0.66,340.14,0.01,0.0,0.02,0.02,108415,999,3,0.25,0.04,0.04,-0.01,48,153,-277,0,3.06,-0.03,0.0023,0.0078,10.64,13.1,8.56
770.936,after,116.4,52.1380125,21.1607797,90.71,52.1380115,21.1607791,32,0.44,0.281,255,-0.1675,0.0,0.1142,-0.0693,3.012,1.703,5.14,-0.42,347.31,0.04,0.0,0.02,0.01,108415,999,3,0.25,0.05,0.05,0.04,48,460,83,0,3.04,-0.05,0.0084,0.0199,11.12,13.4,9.36
771.036,after,116.501,52.1380126,21.1607805,90.7,52.1380117,21.1607801,32,0.44,0.417,255,0.1675,0.6698,0.1117,-0.0194,3.014,1.696,5.65,-1.27,354.71,0.04,0.0,0.0,0.02,108415,999,3,0.25,0.04,0.05,0.04,48,-89,36,0,3.04,-0.03,0.0056,0.012,15.61,17.93,11.59
771.136,after,116.6,52.1380128,21.1607814,90.7,52.1380117,21.1607801,32,0.44,0.417,255,-0.1675,0.0,0.023,-0.0479,3.008,1.691,5.8,-2.19,2.19,0.01,0.0,0.01,0.03,108415,999,3,0.25,0.04,0.02,0.01,48,470,-29,0,3.04,-0.02,0.0053,0.0079,18.07,18.99,12.32
771.236,after,116.701,52.138013,21.1607824,90.69,52.1380119,21.1607815,32,0.45,0.603,200,0.0,0.1675,0.026,-0.113,3.016,1.687,5.47,-3.48,9.48,0.01,0.0,0.02,0.04,108415,999,3,0.25,0.04,0.02,0.01,48,244,8,0,3.04,-0.04,0.0039,0.0088,19.79,26.08,13.6
771.336,after,116.8,52.1380132,21.1607836,90.69,52.1380119,21.1607815,32,0.45,0.603,255,0.0,-0.1675,0.0167,-0.0719,3.004,1.683,5.09,-4.68,16.66,0.01,0.0,0.01,0.03,108415,999,3,0.25,0.04,0.01,-0.01,48,-278,323,0,3.04,-0.04,0.003,0.0052,17.38,22.22,13.05
771.436,after,116.901,52.1380135,21.1607849,90.69,52.1380124,21.1607834,32,0.44,0.833,255,0.0,-0.1674,-0.0421,0.0633,3.028,1.68,4.47,-5.09,23.72,0.01,0.0,0.01,0.04,108415,999,3,0.25,0.05,0.01,-0.01,48,243,-200,0,3.03,-0.05,0.0026,0.0069,22.54,25.32,12.08
771.536,after,117.001,52.1380138,21.1607864,90.68,52.1380124,21.1607834,32,0.44,0.833,255,0.335,0.0,-0.0835,0.1308,3.02,1.675,3.45,-4.93,30.63,0.03,0.0,0.01,0.06,108415,999,3,0.25,0.05,-0.03,-0.02,48,499,-329,0,3.03,-0.06,0.0033,0.0066,22.8,23.55,12.98
771.636,after,117.101,52.1380142,21.1607879,90.68,52.1380131,21.1607859,32,0.44,1.044,255,-0.8375,-0.67,-0.0549,0.1174,3.01,1.673,2.45,-4.54,37.31,0.03,0.0,0.0,0.05,108415,999,3,0.25,0.06,-0.03,-0.02,48,172,-247,0,3.03,-0.06,0.002,0.0027,19.9,22.43,12.06
771.736,after,117.2,52.1380145,21.1607896,90.68,52.1380131,21.1607859,32,0.44,1.044,255,0.0,0.335,-0.0306,0.1085,2.98,1.674,1.68,-4.08,43.81,0.02,0.0,0.03,0.03,108415,999,3,0.25,0.06,0.06,-0.02,48,115,-460,0,3.04,-0.04,0.0036,0.0071,16.33,18.66,12.97
771.836,after,117.3,52.1380149,21.1607913,90.68,52.1380131,21.1607859,32,0.44,1.044,255,-0.1675,0.5024,-0.019,0.0957,3.022,1.677,1.16,-3.74,50.0,0.02,0.0,0.01,0.04,108415,999,3,0.25,0.06,0.06,-0.02,48,46,-123,0,3.04,-0.04,0.0021,0.0081,15.84,17.18,13.34
771.936,after,117.4,52.1380154,21.1607931,90.69,52.138014,21.160789,32,0.44,1.254,255,-0.1674,0.6696,0.0317,0.0993,3.025,1.681,0.7,-3.38,56.09,0.03,0.01,0.03,0.05,108415,999,3,0.25,0.05,-0.04,0.0,48,-120,-323,0,3.05,-0.05,0.0034,0.0097,16.64,17.32,10.99
772.036,after,117.501,52.1380158,21.1607949,90.69,52.1380151,21.1607923,32,0.44,1.325,255,-0.1674,0.1674,-0.0352,0.1088,3.016,1.685,0.31,-2.73,62.1,0.03,0.01,0.01,0.04,108415,999,3,0.25,0.06,-0.04,0.0,48,-53,-49,0,3.05,-0.05,0.0031,0.0052,16.7,21.5,13.5
772.136,after,117.6,52.1380163,21.1607967,90.69,52.1380151,21.1607923,32,0.44,1.325,200,0.0,0.5024,0.0366,0.0592,3.012,1.682,0.0,-2.41,67.88,0.04,0.0,0.03,0.04,108415,999,3,0.25,0.06,-0.04,0.01,48,-42,-196,0,3.03,-0.06,0.0073,0.0154,16.54,18.37,12.01
772.236,after,117.701,52.1380167,21.1607986,90.68,52.1380162,21.1607958,32,0.44,1.343,200,0.0,1.0049,-0.0142,0.0791,3.008,1.678,-0.13,-1.98,72.85,0.04,0.0,0.01,0.05,108415,999,3,0.25,0.06,-0.04,0.01,48,-337,122,0,3.04,-0.05,0.0048,0.008,17.09,19.54,10.61
